{"type":"FeatureCollection", "features": [
{"type":"Feature","geometry":{"type":"Polygon","coordinates":[[[106.1457,22.6557],[106.1464,22.6561],[106.1474,22.6558],[106.1478,22.6566],[106.1518,22.6586],[106.1527,22.6601],[106.1542,22.6606],[106.1566,22.6607],[106.1588,22.6584],[106.1614,22.6591],[106.1637,22.6589],[106.1647,22.658],[106.1664,22.6535],[106.1663,22.6499],[106.1731,22.6556],[106.1756,22.6565],[106.1782,22.6588],[106.1799,22.6592],[106.1807,22.6603],[106.1811,22.6596],[106.185,22.6582],[106.1902,22.6598],[106.1916,22.6607],[106.1938,22.6642],[106.1983,22.6642],[106.1991,22.6622],[106.2009,22.6606],[106.2005,22.6599],[106.2015,22.6596],[106.204,22.6537],[106.2124,22.6445],[106.2137,22.6424],[106.2163,22.6402],[106.2171,22.6414],[106.2187,22.6413],[106.2209,22.6437],[106.2221,22.6481],[106.2242,22.6484],[106.2268,22.6479],[106.2273,22.6487],[106.2298,22.649],[106.2304,22.6507],[106.2314,22.6519],[106.2324,22.652],[106.2335,22.6536],[106.2367,22.6547],[106.2367,22.6562],[106.2387,22.6574],[106.2387,22.6594],[106.2425,22.6621],[106.2477,22.6625],[106.2494,22.6649],[106.2505,22.6644],[106.2518,22.6624],[106.2536,22.6626],[106.254,22.6635],[106.2546,22.6636],[106.2576,22.6611],[106.2583,22.6597],[106.2606,22.6604],[106.2625,22.6667],[106.2615,22.669],[106.2583,22.6722],[106.2568,22.6731],[106.2551,22.6733],[106.2521,22.6728],[106.2448,22.6748],[106.2458,22.6761],[106.2508,22.6792],[106.2506,22.6801],[106.247,22.6803],[106.2432,22.6784],[106.2417,22.6784],[106.2385,22.6809],[106.2343,22.6822],[106.2338,22.6835],[106.2345,22.6882],[106.2327,22.6907],[106.2287,22.6882],[106.2242,22.6887],[106.2235,22.6896],[106.2232,22.6928],[106.2221,22.6944],[106.2156,22.6965],[106.2057,22.6959],[106.2048,22.6955],[106.204,22.6943],[106.2024,22.694],[106.2023,22.696],[106.2006,22.6951],[106.2005,22.696],[106.199,22.6964],[106.1973,22.6988],[106.1929,22.6998],[106.191,22.702],[106.1916,22.7034],[106.1855,22.7047],[106.185,22.7067],[106.1832,22.7059],[106.1734,22.7108],[106.1718,22.7125],[106.1706,22.7108],[106.1668,22.7098],[106.1663,22.7092],[106.1648,22.7093],[106.1623,22.7118],[106.1605,22.7119],[106.1547,22.709],[106.1544,22.7074],[106.1526,22.7047],[106.153,22.7036],[106.1526,22.7027],[106.1531,22.7003],[106.1522,22.6989],[106.1504,22.6986],[106.1497,22.6975],[106.1475,22.6992],[106.1425,22.6995],[106.1415,22.6961],[106.1408,22.6969],[106.139,22.6968],[106.1366,22.6955],[106.1325,22.6975],[106.1268,22.6956],[106.1281,22.692],[106.1291,22.6911],[106.1297,22.6895],[106.1315,22.6879],[106.1318,22.6863],[106.1301,22.6843],[106.1312,22.6819],[106.1301,22.6816],[106.13,22.6807],[106.1281,22.6798],[106.1254,22.6757],[106.1316,22.6761],[106.1336,22.675],[106.1354,22.6748],[106.1378,22.6736],[106.1384,22.6723],[106.1406,22.6725],[106.1417,22.6718],[106.1433,22.6719],[106.1426,22.6676],[106.1437,22.6652],[106.143,22.6638],[106.144,22.6636],[106.1452,22.662],[106.1458,22.66],[106.1451,22.6596],[106.1451,22.659],[106.1458,22.6572],[106.1457,22.6557]]]},"properties":{"code":"01273","name":"Thục Phán","nameEn":"Thuc Phan","fullName":"Phường Thục Phán","fullNameEn":"Thuc Phan Ward","codeName":"thuc_phan","postalCode":"21117","postalCodePrefix":"","gisServerId":"diaphanhanhchinhcapxa_2025.972","areaKm2":55.44},"id":"01273"},
{"type":"Feature","geometry":{"type":"Polygon","coordinates":[[[106.2848,22.646],[106.2841,22.6485],[106.283,22.6498],[106.2831,22.6504],[106.2814,22.6525],[106.2822,22.653],[106.2839,22.653],[106.2848,22.6549],[106.2861,22.655],[106.2873,22.6571],[106.2893,22.6588],[106.2898,22.6606],[106.2857,22.6611],[106.284,22.6606],[106.2852,22.6641],[106.2851,22.6657],[106.283,22.6675],[106.2819,22.6696],[106.2825,22.6708],[106.282,22.674],[106.2825,22.6758],[106.2823,22.6779],[106.2815,22.6795],[106.28,22.68],[106.279,22.6813],[106.2771,22.6823],[106.2758,22.6841],[106.2741,22.6847],[106.2721,22.6828],[106.2666,22.6814],[106.2657,22.6825],[106.2655,22.6838],[106.2641,22.685],[106.2657,22.6859],[106.2648,22.6869],[106.2624,22.6879],[106.2603,22.6912],[106.2587,22.6931],[106.257,22.694],[106.2569,22.6953],[106.2586,22.6977],[106.2586,22.6985],[106.2555,22.6981],[106.2511,22.6988],[106.25,22.7015],[106.2475,22.7027],[106.2461,22.704],[106.2458,22.7059],[106.2468,22.7086],[106.2458,22.7093],[106.2441,22.7132],[106.2413,22.7161],[106.2391,22.7139],[106.2371,22.7138],[106.2354,22.7127],[106.2306,22.7121],[106.2288,22.7124],[106.2266,22.7143],[106.2255,22.7163],[106.2246,22.7167],[106.2235,22.7198],[106.2219,22.7208],[106.2209,22.7221],[106.2131,22.7251],[106.2073,22.7291],[106.2023,22.7307],[106.2003,22.7288],[106.1995,22.7263],[106.1993,22.7249],[106.2009,22.7225],[106.1992,22.7216],[106.2002,22.7195],[106.1987,22.7171],[106.1986,22.7146],[106.196,22.7109],[106.1961,22.7097],[106.195,22.7091],[106.1949,22.708],[106.1941,22.7084],[106.1934,22.7078],[106.1933,22.7051],[106.1916,22.7034],[106.191,22.702],[106.1929,22.6998],[106.1973,22.6988],[106.199,22.6964],[106.2005,22.696],[106.2006,22.6951],[106.2023,22.696],[106.2024,22.694],[106.204,22.6943],[106.2048,22.6955],[106.2057,22.6959],[106.2156,22.6965],[106.2221,22.6944],[106.2232,22.6928],[106.2235,22.6896],[106.2242,22.6887],[106.2287,22.6882],[106.2327,22.6907],[106.2345,22.6882],[106.2338,22.6835],[106.2343,22.6822],[106.2385,22.6809],[106.2417,22.6784],[106.2432,22.6784],[106.247,22.6803],[106.2506,22.6801],[106.2508,22.6792],[106.2458,22.6761],[106.2448,22.6748],[106.2521,22.6728],[106.2551,22.6733],[106.2568,22.6731],[106.2583,22.6722],[106.2615,22.669],[106.2625,22.6667],[106.2606,22.6604],[106.2659,22.6553],[106.2716,22.6539],[106.2754,22.6484],[106.2796,22.6453],[106.2818,22.6448],[106.2848,22.646]]]},"properties":{"code":"01279","name":"Nùng Trí Cao","nameEn":"Nung Tri Cao","fullName":"Phường Nùng Trí Cao","fullNameEn":"Nung Tri Cao Ward","codeName":"nung_tri_cao","postalCode":"21118","postalCodePrefix":"","gisServerId":"diaphanhanhchinhcapxa_2025.973","areaKm2":29.31},"id":"01279"},
{"type":"Feature","geometry":{"type":"Polygon","coordinates":[[[106.2205,22.6026],[106.2223,22.6017],[106.2276,22.6014],[106.2331,22.6047],[106.2402,22.6021],[106.2431,22.6034],[106.2445,22.5983],[106.2473,22.5961],[106.2483,22.5924],[106.2495,22.5909],[106.2524,22.5896],[106.2538,22.5879],[106.2553,22.5853],[106.2549,22.5824],[106.2562,22.5818],[106.2568,22.5808],[106.2591,22.5802],[106.2602,22.579],[106.2629,22.5783],[106.2651,22.5789],[106.2669,22.578],[106.2698,22.5781],[106.273,22.5768],[106.2739,22.5758],[106.2737,22.5751],[106.2742,22.5744],[106.2765,22.5751],[106.2822,22.5742],[106.2832,22.5728],[106.2853,22.5737],[106.2887,22.5768],[106.2894,22.5784],[106.2921,22.5784],[106.2937,22.5792],[106.2947,22.5792],[106.2955,22.5804],[106.3009,22.5806],[106.3019,22.5813],[106.3058,22.5811],[106.3075,22.5814],[106.3105,22.5822],[106.314,22.5839],[106.3165,22.5842],[106.3188,22.586],[106.3201,22.5846],[106.3194,22.5832],[106.3201,22.5829],[106.3212,22.5811],[106.3211,22.579],[106.3219,22.5774],[106.3218,22.576],[106.3249,22.5735],[106.3257,22.5714],[106.329,22.5713],[106.3344,22.5726],[106.3351,22.5737],[106.3357,22.578],[106.3371,22.578],[106.3394,22.5797],[106.3433,22.581],[106.3445,22.5819],[106.3455,22.5818],[106.3465,22.5828],[106.3479,22.5894],[106.351,22.5942],[106.3491,22.5965],[106.3473,22.5958],[106.3433,22.5968],[106.3422,22.5987],[106.3433,22.6018],[106.3432,22.6029],[106.3418,22.605],[106.3386,22.6074],[106.337,22.6077],[106.3346,22.6057],[106.3327,22.6057],[106.332,22.6067],[106.3321,22.6085],[106.3314,22.6094],[106.3278,22.6112],[106.3225,22.6153],[106.3218,22.6162],[106.3214,22.6185],[106.3197,22.6202],[106.3191,22.6223],[106.3173,22.6249],[106.3171,22.6306],[106.3163,22.6316],[106.315,22.6349],[106.3122,22.6373],[106.311,22.6398],[106.3014,22.6444],[106.3006,22.6459],[106.2961,22.6488],[106.2922,22.6499],[106.2912,22.6497],[106.2884,22.6474],[106.2848,22.646],[106.2818,22.6448],[106.2796,22.6453],[106.2754,22.6484],[106.2716,22.6539],[106.2659,22.6553],[106.2606,22.6604],[106.2583,22.6597],[106.2576,22.6611],[106.2546,22.6636],[106.254,22.6635],[106.2536,22.6626],[106.2518,22.6624],[106.2505,22.6644],[106.2494,22.6649],[106.2477,22.6625],[106.2425,22.6621],[106.2387,22.6594],[106.2387,22.6574],[106.2367,22.6562],[106.2367,22.6547],[106.2335,22.6536],[106.2324,22.652],[106.2314,22.6519],[106.2304,22.6507],[106.2298,22.649],[106.2273,22.6487],[106.2268,22.6479],[106.2242,22.6484],[106.2221,22.6481],[106.2209,22.6437],[106.2187,22.6413],[106.2171,22.6414],[106.2163,22.6402],[106.2162,22.6385],[106.2132,22.6368],[106.2102,22.6334],[106.2113,22.6302],[106.212,22.6295],[106.2183,22.6272],[106.2178,22.6248],[106.2156,22.6234],[106.2157,22.6223],[106.2167,22.6205],[106.216,22.6195],[106.2165,22.6178],[106.2158,22.6165],[106.2164,22.6148],[106.2155,22.6141],[106.2151,22.6128],[106.216,22.6109],[106.2168,22.6102],[106.2173,22.6068],[106.219,22.6058],[106.2205,22.6026]]]},"properties":{"code":"01288","name":"Tân Giang","nameEn":"Tan Giang","fullName":"Phường Tân Giang","fullNameEn":"Tan Giang Ward","codeName":"tan_giang","postalCode":"21112","postalCodePrefix":"","gisServerId":"diaphanhanhchinhcapxa_2025.974","areaKm2":84.26},"id":"01288"},
{"type":"Feature","geometry":{"type":"Polygon","coordinates":[[[105.6191,22.8426],[105.617,22.844],[105.6137,22.8431],[105.6125,22.8417],[105.611,22.8409],[105.6094,22.8405],[105.6072,22.8411],[105.6047,22.84],[105.6025,22.8411],[105.6003,22.8414],[105.5994,22.8421],[105.5976,22.8422],[105.5961,22.8441],[105.5937,22.8426],[105.5861,22.8433],[105.584,22.8428],[105.5831,22.8422],[105.5833,22.8449],[105.5844,22.8455],[105.5839,22.8465],[105.585,22.8507],[105.585,22.8568],[105.5835,22.8613],[105.5819,22.8632],[105.5816,22.865],[105.5804,22.8665],[105.5793,22.871],[105.5774,22.8736],[105.5769,22.8809],[105.5752,22.8825],[105.5736,22.8831],[105.5724,22.8847],[105.5643,22.8896],[105.5603,22.8876],[105.5582,22.8882],[105.5574,22.8901],[105.5569,22.8953],[105.556,22.8959],[105.5549,22.8988],[105.5551,22.9027],[105.5515,22.9041],[105.5502,22.9054],[105.5468,22.9061],[105.5478,22.9047],[105.5482,22.902],[105.5464,22.8994],[105.5438,22.8981],[105.5429,22.8981],[105.5432,22.8973],[105.5419,22.8951],[105.5421,22.8941],[105.5409,22.8935],[105.5408,22.893],[105.5347,22.8906],[105.5307,22.8912],[105.5304,22.8878],[105.5292,22.8841],[105.5272,22.8812],[105.5232,22.8776],[105.5191,22.8747],[105.5085,22.8709],[105.5063,22.8677],[105.5044,22.866],[105.5026,22.8628],[105.5003,22.8609],[105.4973,22.8596],[105.4905,22.858],[105.4895,22.8572],[105.4874,22.8534],[105.4874,22.851],[105.4914,22.8475],[105.4927,22.8443],[105.4906,22.8456],[105.4888,22.8446],[105.4885,22.8431],[105.4865,22.8426],[105.4857,22.841],[105.4836,22.8408],[105.4828,22.84],[105.4785,22.8402],[105.4738,22.8386],[105.4721,22.8392],[105.4706,22.8388],[105.4689,22.8376],[105.4689,22.8356],[105.4681,22.8342],[105.47,22.833],[105.4717,22.8313],[105.4732,22.8288],[105.4756,22.8267],[105.477,22.8242],[105.4799,22.8219],[105.4813,22.8216],[105.481,22.8199],[105.4787,22.817],[105.4769,22.8158],[105.4707,22.8069],[105.4667,22.8036],[105.461,22.8014],[105.4597,22.8002],[105.4589,22.7984],[105.4577,22.7921],[105.4562,22.7904],[105.4558,22.7877],[105.4519,22.7814],[105.4518,22.7759],[105.4512,22.774],[105.4498,22.7708],[105.4476,22.7689],[105.4488,22.7686],[105.4537,22.7695],[105.4563,22.7706],[105.4572,22.7722],[105.4593,22.773],[105.4609,22.7734],[105.4651,22.7728],[105.4681,22.7747],[105.4704,22.7755],[105.4719,22.7755],[105.4984,22.7905],[105.4993,22.7873],[105.5037,22.7868],[105.5045,22.786],[105.5069,22.7854],[105.5085,22.7844],[105.5092,22.7837],[105.509,22.7826],[105.5097,22.782],[105.5129,22.7817],[105.5177,22.7772],[105.5191,22.7746],[105.5221,22.7743],[105.5266,22.7725],[105.5324,22.7715],[105.5342,22.773],[105.5352,22.7732],[105.5383,22.7724],[105.539,22.7717],[105.5418,22.7721],[105.5423,22.7718],[105.5423,22.77],[105.543,22.7689],[105.545,22.768],[105.5468,22.7665],[105.5535,22.7642],[105.5553,22.7615],[105.5569,22.7607],[105.5576,22.7596],[105.5592,22.7597],[105.5594,22.7588],[105.5604,22.759],[105.561,22.7585],[105.5609,22.7594],[105.5637,22.7591],[105.5669,22.7606],[105.5682,22.7605],[105.5715,22.762],[105.572,22.7625],[105.5723,22.7651],[105.5745,22.7663],[105.576,22.7678],[105.5789,22.7686],[105.5823,22.7681],[105.5844,22.7692],[105.5856,22.7693],[105.5875,22.7707],[105.5885,22.7692],[105.5904,22.7695],[105.593,22.7678],[105.5984,22.7676],[105.6002,22.7693],[105.6025,22.7697],[105.6047,22.7713],[105.6071,22.7724],[105.6091,22.7724],[105.6107,22.7742],[105.6113,22.7778],[105.6148,22.7811],[105.6129,22.7853],[105.6124,22.7888],[105.6113,22.79],[105.6117,22.7905],[105.6133,22.7907],[105.6137,22.7913],[105.6133,22.7932],[105.614,22.7945],[105.6141,22.799],[105.6132,22.8036],[105.6133,22.8085],[105.6143,22.8115],[105.6141,22.8134],[105.6151,22.8151],[105.6186,22.815],[105.6215,22.8167],[105.6242,22.8144],[105.6247,22.8133],[105.6252,22.8134],[105.6267,22.8152],[105.6281,22.8156],[105.6291,22.8165],[105.6285,22.818],[105.6297,22.8225],[105.6308,22.8231],[105.632,22.823],[105.6324,22.825],[105.6289,22.8274],[105.6278,22.8286],[105.6279,22.8304],[105.6269,22.8331],[105.6261,22.8338],[105.6246,22.834],[105.6238,22.8362],[105.6243,22.8373],[105.6234,22.8409],[105.6222,22.8408],[105.6191,22.8426]]]},"properties":{"code":"01290","name":"Bảo Lâm","nameEn":"Bao Lam","fullName":"Xã Bảo Lâm","fullNameEn":"Bao Lam Commune","codeName":"bao_lam","postalCode":"21420","postalCodePrefix":"","gisServerId":"diaphanhanhchinhcapxa_2025.968","areaKm2":161.82},"id":"01290"},
{"type":"Feature","geometry":{"type":"Polygon","coordinates":[[[105.5307,22.8912],[105.5347,22.8906],[105.5408,22.893],[105.5409,22.8935],[105.5421,22.8941],[105.5419,22.8951],[105.5432,22.8973],[105.5429,22.8981],[105.5438,22.8981],[105.5464,22.8994],[105.5482,22.902],[105.5478,22.9047],[105.5468,22.9061],[105.5502,22.9054],[105.5515,22.9041],[105.5551,22.9027],[105.5549,22.8988],[105.556,22.8959],[105.5569,22.8953],[105.5574,22.8901],[105.5582,22.8882],[105.5603,22.8876],[105.5643,22.8896],[105.5724,22.8847],[105.5736,22.8831],[105.5752,22.8825],[105.5769,22.8809],[105.5774,22.8736],[105.5793,22.871],[105.5804,22.8665],[105.5816,22.865],[105.5819,22.8632],[105.5835,22.8613],[105.585,22.8568],[105.585,22.8507],[105.5839,22.8465],[105.5844,22.8455],[105.5833,22.8449],[105.5831,22.8422],[105.584,22.8428],[105.5861,22.8433],[105.5937,22.8426],[105.5961,22.8441],[105.5976,22.8422],[105.5994,22.8421],[105.6003,22.8414],[105.6025,22.8411],[105.6047,22.84],[105.6072,22.8411],[105.6094,22.8405],[105.611,22.8409],[105.6125,22.8417],[105.6137,22.8431],[105.617,22.844],[105.6191,22.8426],[105.622,22.8535],[105.6263,22.8575],[105.6349,22.8634],[105.6345,22.8641],[105.6332,22.8647],[105.633,22.8651],[105.6328,22.8681],[105.6336,22.8701],[105.635,22.8713],[105.6353,22.8722],[105.633,22.8751],[105.6307,22.8769],[105.6281,22.8837],[105.6282,22.8848],[105.6261,22.8857],[105.6258,22.8864],[105.6277,22.8905],[105.6276,22.8928],[105.629,22.8954],[105.6285,22.9001],[105.6279,22.9016],[105.6281,22.9025],[105.6263,22.905],[105.6215,22.9069],[105.6185,22.9092],[105.6174,22.9094],[105.6166,22.9088],[105.6143,22.9089],[105.6122,22.9104],[105.6118,22.9128],[105.6063,22.9132],[105.6042,22.9145],[105.6006,22.9147],[105.5996,22.9153],[105.5988,22.917],[105.5969,22.9181],[105.5951,22.9204],[105.5939,22.9204],[105.5915,22.9234],[105.59,22.9236],[105.5874,22.9256],[105.5857,22.9256],[105.5834,22.9267],[105.5831,22.9274],[105.5864,22.9329],[105.5874,22.9363],[105.5813,22.9363],[105.5768,22.9349],[105.5733,22.9349],[105.5705,22.9341],[105.5674,22.9357],[105.5687,22.9377],[105.5722,22.9398],[105.5759,22.9439],[105.5763,22.9479],[105.5725,22.9531],[105.5718,22.9552],[105.5683,22.9595],[105.5669,22.9598],[105.5665,22.9592],[105.5654,22.9606],[105.5605,22.9614],[105.5536,22.968],[105.5513,22.9679],[105.5497,22.9689],[105.5471,22.9686],[105.5466,22.9692],[105.5453,22.9693],[105.5427,22.9718],[105.5434,22.9729],[105.5434,22.9745],[105.5442,22.9754],[105.5442,22.9765],[105.5424,22.9797],[105.5419,22.9829],[105.5397,22.9839],[105.5384,22.987],[105.5372,22.9877],[105.5367,22.9865],[105.5342,22.9838],[105.5324,22.9827],[105.5303,22.9824],[105.5298,22.9809],[105.5278,22.9795],[105.525,22.9801],[105.5234,22.9798],[105.5222,22.9794],[105.5194,22.9769],[105.5149,22.9859],[105.5123,22.9884],[105.5094,22.9898],[105.5089,22.9921],[105.5095,22.9946],[105.5089,22.996],[105.5067,22.9977],[105.5019,22.9998],[105.499,23.0027],[105.4903,23.0036],[105.4876,23.009],[105.4845,23.009],[105.4835,23.0094],[105.4778,23.0081],[105.4741,23.0067],[105.4691,23.0078],[105.4664,23.0068],[105.4647,23.0038],[105.4621,23.0031],[105.461,23.0042],[105.4584,23.005],[105.4536,23.0031],[105.4526,23.0023],[105.452,23.0009],[105.4501,23.0005],[105.4491,22.9991],[105.4462,22.9999],[105.4456,22.998],[105.4441,22.9964],[105.4435,22.9945],[105.4421,22.9924],[105.4417,22.9897],[105.4396,22.9861],[105.4393,22.9835],[105.4399,22.9825],[105.4396,22.9815],[105.4417,22.9793],[105.442,22.9776],[105.4417,22.9742],[105.4409,22.9726],[105.4409,22.9714],[105.4431,22.9681],[105.4423,22.9667],[105.4419,22.9639],[105.44,22.9617],[105.4389,22.9587],[105.4395,22.9543],[105.4388,22.9519],[105.44,22.9506],[105.4398,22.9492],[105.4415,22.9474],[105.442,22.944],[105.4417,22.9399],[105.4437,22.9377],[105.4455,22.9368],[105.4466,22.9341],[105.448,22.9322],[105.4498,22.9317],[105.4515,22.9319],[105.453,22.9299],[105.4514,22.9281],[105.4548,22.9265],[105.4564,22.9271],[105.4582,22.9266],[105.46,22.9267],[105.4635,22.9253],[105.4619,22.924],[105.4577,22.922],[105.4564,22.9219],[105.456,22.9211],[105.454,22.9201],[105.4539,22.9193],[105.4564,22.9174],[105.4588,22.9163],[105.4606,22.9166],[105.4649,22.9151],[105.4696,22.9117],[105.4734,22.9104],[105.475,22.9069],[105.4767,22.9064],[105.4773,22.9052],[105.4809,22.903],[105.4839,22.9025],[105.4861,22.903],[105.4879,22.9025],[105.4923,22.9058],[105.4936,22.9054],[105.4959,22.9061],[105.4985,22.905],[105.5019,22.9025],[105.5029,22.903],[105.5021,22.9007],[105.5025,22.8982],[105.5017,22.8971],[105.5027,22.8953],[105.5039,22.8945],[105.5079,22.8952],[105.5095,22.8949],[105.5098,22.8928],[105.5152,22.8911],[105.5208,22.8916],[105.5236,22.8912],[105.5269,22.892],[105.5307,22.8912]]]},"properties":{"code":"01294","name":"Lý Bôn","nameEn":"Ly Bon","fullName":"Xã Lý Bôn","fullNameEn":"Ly Bon Commune","codeName":"ly_bon","postalCode":"21410","postalCodePrefix":"","gisServerId":"diaphanhanhchinhcapxa_2025.969","areaKm2":173.25},"id":"01294"},
{"type":"Feature","geometry":{"type":"Polygon","coordinates":[[[105.4462,22.9999],[105.4437,23.0019],[105.4435,23.0034],[105.4416,23.0039],[105.4369,23.0027],[105.4333,23.0023],[105.4311,23.0015],[105.4284,22.9992],[105.4251,22.9992],[105.4242,23],[105.4225,23.0001],[105.4185,23.0021],[105.4168,22.9995],[105.4146,22.9982],[105.4135,22.9958],[105.4121,22.9951],[105.4052,22.9957],[105.3983,22.9916],[105.3934,22.9926],[105.391,22.9926],[105.3859,22.9901],[105.3839,22.9903],[105.3818,22.9898],[105.379,22.9903],[105.3746,22.9903],[105.3717,22.9857],[105.3691,22.9839],[105.3667,22.9836],[105.3651,22.9817],[105.3611,22.9796],[105.3616,22.9757],[105.3604,22.9735],[105.3602,22.9722],[105.3616,22.9713],[105.3618,22.9704],[105.3636,22.9689],[105.3648,22.9669],[105.3647,22.9643],[105.3621,22.9616],[105.3616,22.9603],[105.3621,22.959],[105.3614,22.9574],[105.3644,22.952],[105.3637,22.9501],[105.3621,22.9483],[105.3629,22.9472],[105.3628,22.9458],[105.3634,22.9444],[105.3624,22.9433],[105.3624,22.9421],[105.3637,22.9416],[105.364,22.9406],[105.3647,22.94],[105.3646,22.9389],[105.366,22.9378],[105.3685,22.9375],[105.3698,22.9367],[105.3745,22.9356],[105.3762,22.9347],[105.3783,22.9343],[105.3797,22.9346],[105.3798,22.9335],[105.3778,22.9309],[105.3767,22.9283],[105.3774,22.9269],[105.388,22.9229],[105.3899,22.9201],[105.3894,22.919],[105.3867,22.9177],[105.3816,22.9168],[105.3746,22.9135],[105.3766,22.913],[105.3785,22.9111],[105.3806,22.9083],[105.3803,22.9074],[105.3815,22.9059],[105.3811,22.9049],[105.3816,22.9009],[105.3812,22.8991],[105.3755,22.8982],[105.3765,22.8979],[105.3792,22.8943],[105.3814,22.8925],[105.388,22.8902],[105.3897,22.891],[105.391,22.8908],[105.3986,22.8869],[105.3993,22.8869],[105.4032,22.8902],[105.4087,22.8901],[105.4104,22.8876],[105.41,22.8848],[105.4125,22.8837],[105.4143,22.8818],[105.4156,22.8814],[105.4192,22.878],[105.4195,22.8772],[105.4245,22.8763],[105.4296,22.8715],[105.4314,22.8712],[105.4325,22.8715],[105.4314,22.8706],[105.4315,22.8694],[105.4321,22.8686],[105.4281,22.8436],[105.4448,22.837],[105.4459,22.8359],[105.4475,22.8352],[105.4499,22.8311],[105.4514,22.831],[105.4529,22.8299],[105.455,22.8294],[105.4574,22.8294],[105.4582,22.8301],[105.4599,22.8299],[105.4605,22.834],[105.4634,22.8371],[105.4666,22.8376],[105.4697,22.8393],[105.4706,22.8388],[105.4721,22.8392],[105.4738,22.8386],[105.4785,22.8402],[105.4828,22.84],[105.4836,22.8408],[105.4857,22.841],[105.4865,22.8426],[105.4885,22.8431],[105.4888,22.8446],[105.4906,22.8456],[105.4927,22.8443],[105.4914,22.8475],[105.4874,22.851],[105.4874,22.8534],[105.4895,22.8572],[105.4905,22.858],[105.4973,22.8596],[105.5003,22.8609],[105.5026,22.8628],[105.5044,22.866],[105.5063,22.8677],[105.5085,22.8709],[105.5191,22.8747],[105.5232,22.8776],[105.5272,22.8812],[105.5292,22.8841],[105.5304,22.8878],[105.5307,22.8912],[105.5269,22.892],[105.5236,22.8912],[105.5208,22.8916],[105.5152,22.8911],[105.5098,22.8928],[105.5095,22.8949],[105.5079,22.8952],[105.5039,22.8945],[105.5027,22.8953],[105.5017,22.8971],[105.5025,22.8982],[105.5021,22.9007],[105.5029,22.903],[105.5019,22.9025],[105.4985,22.905],[105.4959,22.9061],[105.4936,22.9054],[105.4923,22.9058],[105.4879,22.9025],[105.4861,22.903],[105.4839,22.9025],[105.4809,22.903],[105.4773,22.9052],[105.4767,22.9064],[105.475,22.9069],[105.4734,22.9104],[105.4696,22.9117],[105.4649,22.9151],[105.4606,22.9166],[105.4588,22.9163],[105.4564,22.9174],[105.4539,22.9193],[105.454,22.9201],[105.456,22.9211],[105.4564,22.9219],[105.4577,22.922],[105.4619,22.924],[105.4635,22.9253],[105.46,22.9267],[105.4582,22.9266],[105.4564,22.9271],[105.4548,22.9265],[105.4514,22.9281],[105.453,22.9299],[105.4515,22.9319],[105.4498,22.9317],[105.448,22.9322],[105.4466,22.9341],[105.4455,22.9368],[105.4437,22.9377],[105.4417,22.9399],[105.442,22.944],[105.4415,22.9474],[105.4398,22.9492],[105.44,22.9506],[105.4388,22.9519],[105.4395,22.9543],[105.4389,22.9587],[105.44,22.9617],[105.4419,22.9639],[105.4423,22.9667],[105.4431,22.9681],[105.4409,22.9714],[105.4409,22.9726],[105.4417,22.9742],[105.442,22.9776],[105.4417,22.9793],[105.4396,22.9815],[105.4399,22.9825],[105.4393,22.9835],[105.4396,22.9861],[105.4417,22.9897],[105.4421,22.9924],[105.4435,22.9945],[105.4441,22.9964],[105.4456,22.998],[105.4462,22.9999]]]},"properties":{"code":"01297","name":"Nam Quang","nameEn":"Nam Quang","fullName":"Xã Nam Quang","fullNameEn":"Nam Quang Commune","codeName":"nam_quang","postalCode":"21414","postalCodePrefix":"","gisServerId":"diaphanhanhchinhcapxa_2025.970","areaKm2":148.16},"id":"01297"},
{"type":"Feature","geometry":{"type":"Polygon","coordinates":[[[105.4706,22.8388],[105.4697,22.8393],[105.4666,22.8376],[105.4634,22.8371],[105.4605,22.834],[105.4599,22.8299],[105.4582,22.8301],[105.4574,22.8294],[105.455,22.8294],[105.4529,22.8299],[105.4514,22.831],[105.4499,22.8311],[105.4475,22.8352],[105.4459,22.8359],[105.4448,22.837],[105.4281,22.8436],[105.4321,22.8686],[105.4315,22.8694],[105.4314,22.8706],[105.4325,22.8715],[105.4314,22.8712],[105.4296,22.8715],[105.4245,22.8763],[105.4195,22.8772],[105.4192,22.878],[105.4156,22.8814],[105.4143,22.8818],[105.4125,22.8837],[105.41,22.8848],[105.4104,22.8876],[105.4087,22.8901],[105.4032,22.8902],[105.3993,22.8869],[105.3986,22.8869],[105.391,22.8908],[105.3897,22.891],[105.388,22.8902],[105.3814,22.8925],[105.3792,22.8943],[105.3765,22.8979],[105.3755,22.8982],[105.3812,22.8991],[105.3816,22.9009],[105.3811,22.9049],[105.3815,22.9059],[105.3803,22.9074],[105.3806,22.9083],[105.3785,22.9111],[105.3766,22.913],[105.3746,22.9135],[105.3816,22.9168],[105.3867,22.9177],[105.3894,22.919],[105.3899,22.9201],[105.388,22.9229],[105.3774,22.9269],[105.3767,22.9283],[105.3778,22.9309],[105.3798,22.9335],[105.3797,22.9346],[105.3783,22.9343],[105.3762,22.9347],[105.3745,22.9356],[105.3698,22.9367],[105.3685,22.9375],[105.366,22.9378],[105.3646,22.9389],[105.3647,22.94],[105.364,22.9406],[105.3637,22.9416],[105.3624,22.9421],[105.3619,22.9396],[105.361,22.9389],[105.3601,22.9389],[105.3596,22.9376],[105.3569,22.9356],[105.3561,22.9356],[105.3552,22.9364],[105.3529,22.9363],[105.3517,22.9357],[105.3507,22.936],[105.3458,22.9333],[105.3435,22.9337],[105.3421,22.9332],[105.3402,22.9342],[105.3389,22.9332],[105.3384,22.9337],[105.3371,22.9338],[105.3351,22.9333],[105.3327,22.9342],[105.3316,22.9321],[105.333,22.9295],[105.3326,22.9283],[105.331,22.9267],[105.3304,22.9247],[105.3288,22.9228],[105.3262,22.9223],[105.3248,22.9208],[105.3228,22.916],[105.3211,22.9152],[105.3185,22.9156],[105.3168,22.9154],[105.3163,22.9149],[105.3123,22.9154],[105.3114,22.9129],[105.3074,22.9122],[105.3066,22.9107],[105.3082,22.9084],[105.3063,22.9068],[105.3056,22.9053],[105.3047,22.9004],[105.3062,22.8977],[105.305,22.8955],[105.3058,22.8936],[105.3057,22.8908],[105.307,22.8893],[105.305,22.887],[105.3036,22.8832],[105.3035,22.8799],[105.3042,22.8791],[105.3033,22.8769],[105.3036,22.8764],[105.3022,22.8767],[105.3003,22.8754],[105.2981,22.8753],[105.2948,22.8763],[105.291,22.8765],[105.2894,22.8778],[105.286,22.8789],[105.2836,22.8787],[105.2819,22.8771],[105.2803,22.8775],[105.2784,22.8789],[105.2768,22.8792],[105.2741,22.8787],[105.2676,22.8814],[105.2673,22.8806],[105.2691,22.8772],[105.2686,22.8766],[105.267,22.8686],[105.2657,22.8656],[105.2673,22.8656],[105.2731,22.8642],[105.2737,22.8635],[105.2734,22.8621],[105.2761,22.8605],[105.2786,22.857],[105.2805,22.8558],[105.2838,22.8554],[105.286,22.8562],[105.2881,22.8553],[105.2934,22.8552],[105.2958,22.8557],[105.2989,22.8548],[105.3007,22.8557],[105.3016,22.8551],[105.302,22.8539],[105.3071,22.8508],[105.3081,22.8495],[105.3117,22.851],[105.3134,22.8489],[105.3145,22.8487],[105.3163,22.8468],[105.318,22.8468],[105.3188,22.8453],[105.3201,22.8445],[105.3237,22.8448],[105.3249,22.8437],[105.3252,22.842],[105.3245,22.8394],[105.3254,22.8348],[105.3278,22.8328],[105.3307,22.8322],[105.3319,22.8334],[105.3329,22.8311],[105.3353,22.8309],[105.3364,22.8298],[105.3392,22.8292],[105.342,22.8297],[105.3455,22.8253],[105.3478,22.8256],[105.3536,22.8246],[105.3557,22.824],[105.357,22.8225],[105.3591,22.8231],[105.3623,22.8248],[105.3648,22.8244],[105.3654,22.8209],[105.3679,22.82],[105.3687,22.8161],[105.3681,22.8143],[105.3683,22.8128],[105.3723,22.8117],[105.3754,22.8127],[105.3765,22.8124],[105.3794,22.8126],[105.3802,22.8118],[105.3818,22.8125],[105.3841,22.8106],[105.387,22.8101],[105.3882,22.8083],[105.3907,22.8064],[105.3914,22.8041],[105.3944,22.8022],[105.3945,22.7996],[105.3962,22.7968],[105.3992,22.7948],[105.4035,22.7955],[105.4068,22.7933],[105.4086,22.7927],[105.4096,22.7914],[105.4099,22.7895],[105.4111,22.7891],[105.4122,22.7879],[105.4143,22.7868],[105.4144,22.7863],[105.4179,22.7851],[105.4223,22.7853],[105.4235,22.7848],[105.4238,22.7844],[105.4226,22.7838],[105.4215,22.7807],[105.4237,22.779],[105.4239,22.7773],[105.4246,22.7762],[105.4263,22.7761],[105.4291,22.7773],[105.4301,22.7765],[105.4328,22.776],[105.4334,22.7751],[105.4354,22.7744],[105.4377,22.7738],[105.4401,22.774],[105.4446,22.7715],[105.4473,22.7688],[105.4476,22.7689],[105.4498,22.7708],[105.4512,22.774],[105.4518,22.7759],[105.4519,22.7814],[105.4558,22.7877],[105.4562,22.7904],[105.4577,22.7921],[105.4589,22.7984],[105.4597,22.8002],[105.461,22.8014],[105.4667,22.8036],[105.4707,22.8069],[105.4769,22.8158],[105.4787,22.817],[105.481,22.8199],[105.4813,22.8216],[105.4799,22.8219],[105.477,22.8242],[105.4756,22.8267],[105.4732,22.8288],[105.4717,22.8313],[105.47,22.833],[105.4681,22.8342],[105.4689,22.8356],[105.4689,22.8376],[105.4706,22.8388]]]},"properties":{"code":"01304","name":"Quảng Lâm","nameEn":"Quang Lam","fullName":"Xã Quảng Lâm","fullNameEn":"Quang Lam Commune","codeName":"quang_lam","postalCode":"21416","postalCodePrefix":"","gisServerId":"diaphanhanhchinhcapxa_2025.975","areaKm2":172.93},"id":"01304"},
{"type":"Feature","geometry":{"type":"Polygon","coordinates":[[[105.6357,22.789],[105.6344,22.7888],[105.6328,22.7899],[105.6302,22.7898],[105.6283,22.7879],[105.6277,22.7863],[105.6257,22.7842],[105.6215,22.7823],[105.6209,22.7809],[105.6188,22.7799],[105.6176,22.7807],[105.6148,22.7811],[105.6113,22.7778],[105.6107,22.7742],[105.6091,22.7724],[105.6071,22.7724],[105.6047,22.7713],[105.6025,22.7697],[105.6002,22.7693],[105.5984,22.7676],[105.593,22.7678],[105.5904,22.7695],[105.5885,22.7692],[105.5875,22.7707],[105.5856,22.7693],[105.5844,22.7692],[105.5823,22.7681],[105.5789,22.7686],[105.576,22.7678],[105.5745,22.7663],[105.5723,22.7651],[105.572,22.7625],[105.5715,22.762],[105.5682,22.7605],[105.5669,22.7606],[105.5637,22.7591],[105.5609,22.7594],[105.561,22.7585],[105.5604,22.759],[105.5594,22.7588],[105.5592,22.7597],[105.5576,22.7596],[105.5569,22.7607],[105.5553,22.7615],[105.5535,22.7642],[105.5468,22.7665],[105.545,22.768],[105.543,22.7689],[105.5423,22.77],[105.5423,22.7718],[105.5418,22.7721],[105.539,22.7717],[105.5383,22.7724],[105.5352,22.7732],[105.5342,22.773],[105.5324,22.7715],[105.5266,22.7725],[105.5221,22.7743],[105.5191,22.7746],[105.5177,22.7772],[105.5129,22.7817],[105.5097,22.782],[105.509,22.7826],[105.5092,22.7837],[105.5085,22.7844],[105.5069,22.7854],[105.5045,22.786],[105.5037,22.7868],[105.4993,22.7873],[105.4984,22.7905],[105.4719,22.7755],[105.4704,22.7755],[105.4681,22.7747],[105.4651,22.7728],[105.4609,22.7734],[105.4593,22.773],[105.4572,22.7722],[105.4563,22.7706],[105.4537,22.7695],[105.4488,22.7686],[105.4476,22.7689],[105.4473,22.7688],[105.4475,22.7664],[105.4481,22.7655],[105.448,22.763],[105.4488,22.7621],[105.4494,22.7595],[105.4512,22.759],[105.4527,22.7594],[105.4577,22.7583],[105.4591,22.7584],[105.4595,22.7576],[105.4612,22.7572],[105.464,22.7555],[105.4658,22.7553],[105.4675,22.7561],[105.4704,22.7552],[105.4704,22.7528],[105.4687,22.7495],[105.4737,22.7457],[105.4758,22.7423],[105.4777,22.7405],[105.4787,22.7379],[105.477,22.7356],[105.4763,22.7334],[105.4768,22.7326],[105.4751,22.7282],[105.4766,22.7242],[105.4752,22.7232],[105.4758,22.72],[105.4753,22.7189],[105.4772,22.7167],[105.4801,22.7143],[105.482,22.7095],[105.4849,22.7078],[105.4893,22.7084],[105.4907,22.7078],[105.492,22.707],[105.4953,22.7035],[105.4979,22.7026],[105.5004,22.7011],[105.5017,22.6992],[105.5029,22.6954],[105.5037,22.6948],[105.5011,22.6937],[105.5007,22.6931],[105.4992,22.6931],[105.4965,22.6923],[105.4956,22.691],[105.4945,22.691],[105.4933,22.6884],[105.493,22.687],[105.494,22.6843],[105.4922,22.6818],[105.4928,22.6796],[105.4923,22.6781],[105.4927,22.6763],[105.4906,22.6701],[105.49,22.6697],[105.4928,22.6682],[105.4949,22.6656],[105.4956,22.6607],[105.4964,22.6601],[105.4966,22.6581],[105.4976,22.6552],[105.5015,22.6523],[105.5048,22.6514],[105.5049,22.6509],[105.5027,22.6496],[105.505,22.6491],[105.5063,22.646],[105.509,22.6431],[105.5099,22.6411],[105.5119,22.6392],[105.5131,22.6388],[105.5139,22.6366],[105.5165,22.6366],[105.5176,22.6356],[105.5196,22.6348],[105.5222,22.6349],[105.5246,22.634],[105.5269,22.6349],[105.5287,22.6336],[105.5323,22.633],[105.5345,22.6337],[105.536,22.633],[105.5365,22.6336],[105.539,22.6339],[105.5396,22.6335],[105.5394,22.635],[105.5405,22.6366],[105.5405,22.6385],[105.5412,22.6405],[105.541,22.6423],[105.5415,22.644],[105.5407,22.6472],[105.5412,22.6482],[105.541,22.6492],[105.5439,22.6529],[105.5439,22.6538],[105.5449,22.6539],[105.549,22.6569],[105.5507,22.6576],[105.5537,22.6569],[105.5575,22.6574],[105.5578,22.6589],[105.5609,22.6593],[105.561,22.6599],[105.5624,22.6603],[105.5632,22.6617],[105.5625,22.6626],[105.5629,22.6629],[105.5676,22.6651],[105.57,22.6651],[105.572,22.6657],[105.576,22.6643],[105.578,22.6657],[105.5788,22.6676],[105.5807,22.6678],[105.5811,22.6691],[105.5823,22.6694],[105.581,22.6736],[105.5813,22.6757],[105.5828,22.6784],[105.5829,22.6801],[105.5795,22.6858],[105.5793,22.6875],[105.58,22.6879],[105.5787,22.6889],[105.5775,22.693],[105.5763,22.6944],[105.5745,22.6951],[105.5718,22.7011],[105.574,22.7047],[105.5754,22.7061],[105.5755,22.7079],[105.5783,22.708],[105.5814,22.7099],[105.5805,22.7115],[105.5808,22.7126],[105.5818,22.7132],[105.5819,22.7144],[105.5806,22.7156],[105.5833,22.7166],[105.5851,22.7201],[105.5842,22.7214],[105.585,22.7255],[105.5862,22.7266],[105.59,22.7277],[105.5914,22.7276],[105.5906,22.7296],[105.5916,22.7311],[105.5918,22.7331],[105.5898,22.7356],[105.5896,22.7369],[105.5955,22.7447],[105.596,22.7462],[105.5975,22.7461],[105.5988,22.745],[105.6006,22.7446],[105.6029,22.7424],[105.6048,22.7423],[105.6073,22.7409],[105.6091,22.7408],[105.6102,22.7402],[105.6117,22.7412],[105.6131,22.7413],[105.6131,22.7423],[105.6145,22.7444],[105.6174,22.7469],[105.6192,22.7474],[105.6203,22.7493],[105.6217,22.7499],[105.6231,22.7516],[105.6263,22.7502],[105.6269,22.7504],[105.6296,22.7484],[105.6315,22.7481],[105.634,22.745],[105.6365,22.744],[105.6369,22.7463],[105.6389,22.7471],[105.6395,22.7478],[105.6386,22.7495],[105.6387,22.7514],[105.6382,22.7527],[105.6383,22.7538],[105.6402,22.7556],[105.6406,22.7594],[105.6403,22.7609],[105.6432,22.7618],[105.6439,22.7655],[105.6445,22.7666],[105.6465,22.7679],[105.6441,22.7733],[105.641,22.7764],[105.6416,22.7773],[105.641,22.7798],[105.6393,22.7825],[105.64,22.7846],[105.6391,22.7868],[105.6374,22.7883],[105.6357,22.789]]]},"properties":{"code":"01318","name":"Yên Thổ","nameEn":"Yen Tho","fullName":"Xã Yên Thổ","fullNameEn":"Yen Tho Commune","codeName":"yen_tho","postalCode":"21418","postalCodePrefix":"","gisServerId":"diaphanhanhchinhcapxa_2025.971","areaKm2":167.67},"id":"01318"},
{"type":"Feature","geometry":{"type":"Polygon","coordinates":[[[105.5427,22.9718],[105.5453,22.9693],[105.5466,22.9692],[105.5471,22.9686],[105.5497,22.9689],[105.5513,22.9679],[105.5536,22.968],[105.5605,22.9614],[105.5654,22.9606],[105.5665,22.9592],[105.5669,22.9598],[105.5683,22.9595],[105.5718,22.9552],[105.5725,22.9531],[105.5763,22.9479],[105.5759,22.9439],[105.5722,22.9398],[105.5687,22.9377],[105.5674,22.9357],[105.5705,22.9341],[105.5733,22.9349],[105.5768,22.9349],[105.5813,22.9363],[105.5874,22.9363],[105.5864,22.9329],[105.5831,22.9274],[105.5834,22.9267],[105.5857,22.9256],[105.5874,22.9256],[105.59,22.9236],[105.5915,22.9234],[105.5939,22.9204],[105.5951,22.9204],[105.5969,22.9181],[105.5988,22.917],[105.5996,22.9153],[105.6006,22.9147],[105.6042,22.9145],[105.6063,22.9132],[105.6118,22.9128],[105.6122,22.9104],[105.6143,22.9089],[105.6166,22.9088],[105.6174,22.9094],[105.6185,22.9092],[105.6215,22.9069],[105.6263,22.905],[105.631,22.9111],[105.6453,22.9145],[105.6498,22.9112],[105.6503,22.9119],[105.652,22.9111],[105.6535,22.9085],[105.6581,22.9069],[105.6588,22.9058],[105.659,22.9055],[105.6596,22.904],[105.6624,22.9025],[105.6639,22.9004],[105.6654,22.9004],[105.6683,22.8991],[105.6717,22.8986],[105.6725,22.8966],[105.6721,22.8951],[105.6743,22.8923],[105.6751,22.8886],[105.6762,22.8871],[105.6763,22.8861],[105.678,22.8847],[105.6801,22.8838],[105.681,22.8827],[105.6829,22.882],[105.6849,22.8796],[105.6872,22.8787],[105.6908,22.878],[105.6926,22.8786],[105.6969,22.8789],[105.6993,22.8778],[105.701,22.8776],[105.7017,22.8764],[105.7028,22.8756],[105.7029,22.8734],[105.7039,22.8714],[105.7066,22.8694],[105.7063,22.8699],[105.7072,22.8711],[105.7077,22.8731],[105.7086,22.8732],[105.7094,22.8743],[105.7113,22.8751],[105.7131,22.877],[105.7157,22.8783],[105.7205,22.8796],[105.7217,22.8811],[105.7223,22.8846],[105.723,22.8859],[105.7228,22.8865],[105.7216,22.8872],[105.7209,22.8887],[105.7211,22.8906],[105.7217,22.8917],[105.7171,22.8942],[105.7145,22.897],[105.7071,22.9002],[105.706,22.9044],[105.7061,22.9072],[105.7045,22.9081],[105.7001,22.9084],[105.6942,22.9136],[105.6901,22.9138],[105.6884,22.915],[105.6868,22.915],[105.6859,22.9157],[105.6834,22.9199],[105.6836,22.9238],[105.6845,22.9277],[105.687,22.9289],[105.6892,22.929],[105.6901,22.9286],[105.6917,22.9331],[105.6942,22.9345],[105.6995,22.9358],[105.7025,22.9353],[105.7036,22.9358],[105.7041,22.9373],[105.7033,22.9383],[105.7036,22.94],[105.7032,22.9409],[105.7039,22.942],[105.7032,22.9424],[105.7036,22.9436],[105.7047,22.9441],[105.7047,22.9452],[105.7055,22.9455],[105.7055,22.9463],[105.6949,22.9472],[105.6926,22.9459],[105.6919,22.9472],[105.6916,22.9507],[105.6918,22.9563],[105.6897,22.9539],[105.6878,22.9501],[105.6866,22.9501],[105.6849,22.9561],[105.6833,22.9587],[105.6855,22.9612],[105.6872,22.9647],[105.6857,22.9758],[105.6828,22.9751],[105.6804,22.9737],[105.6778,22.9702],[105.6758,22.9646],[105.6731,22.9629],[105.6707,22.9605],[105.6698,22.9601],[105.6687,22.9606],[105.6671,22.9597],[105.6668,22.9582],[105.6688,22.9544],[105.6681,22.9539],[105.6637,22.9541],[105.6616,22.9527],[105.6612,22.9512],[105.6587,22.9493],[105.6577,22.9498],[105.6564,22.9496],[105.6522,22.9503],[105.6487,22.9519],[105.6481,22.9541],[105.6485,22.9556],[105.6478,22.9577],[105.6488,22.9612],[105.6483,22.9647],[105.6468,22.9678],[105.6514,22.9729],[105.6531,22.9774],[105.6488,22.9775],[105.6471,22.9789],[105.6446,22.9821],[105.6432,22.982],[105.6413,22.9838],[105.6404,22.9859],[105.6418,22.9891],[105.6393,22.9904],[105.6384,22.9939],[105.6355,22.9965],[105.6348,22.9983],[105.6328,22.9991],[105.6311,22.999],[105.629,22.9995],[105.6231,22.9977],[105.6169,22.9974],[105.6135,22.9983],[105.6119,22.9981],[105.6085,22.9987],[105.6056,22.9963],[105.6022,22.9991],[105.5997,22.9996],[105.5987,23.0021],[105.5991,23.0041],[105.5962,23.0075],[105.5933,23.0077],[105.5912,23.0095],[105.5895,23.0099],[105.5871,23.0082],[105.585,23.0082],[105.5827,23.0094],[105.5763,23.0052],[105.5754,23.0033],[105.5745,23.0026],[105.5724,23.0022],[105.571,23.001],[105.57,22.999],[105.5701,22.9982],[105.5709,22.9974],[105.5705,22.9947],[105.571,22.993],[105.5703,22.9914],[105.5713,22.9881],[105.5702,22.984],[105.5705,22.983],[105.5669,22.9828],[105.5643,22.9843],[105.5625,22.983],[105.5601,22.9828],[105.5552,22.9804],[105.553,22.9783],[105.5506,22.9774],[105.5505,22.9767],[105.5494,22.9764],[105.5492,22.9758],[105.5484,22.9762],[105.5484,22.9753],[105.5477,22.975],[105.5477,22.9743],[105.5462,22.9734],[105.5449,22.9734],[105.5439,22.9719],[105.5427,22.9718]]]},"properties":{"code":"01321","name":"Bảo Lạc","nameEn":"Bao Lac","fullName":"Xã Bảo Lạc","fullNameEn":"Bao Lac Commune","codeName":"bao_lac","postalCode":"21356","postalCodePrefix":"","gisServerId":"diaphanhanhchinhcapxa_2025.976","areaKm2":118.7},"id":"01321"},
{"type":"Feature","geometry":{"type":"Polygon","coordinates":[[[105.6783,23.0624],[105.6777,23.0628],[105.6752,23.0624],[105.6748,23.0655],[105.6721,23.0658],[105.6695,23.0671],[105.6688,23.0679],[105.6674,23.0677],[105.6663,23.0691],[105.6647,23.0687],[105.6642,23.0707],[105.6635,23.0713],[105.6615,23.0713],[105.6617,23.0729],[105.6597,23.0748],[105.6539,23.0748],[105.6497,23.0774],[105.6489,23.0787],[105.6489,23.0798],[105.6469,23.0803],[105.6465,23.0811],[105.6447,23.0814],[105.6364,23.081],[105.6326,23.08],[105.6307,23.0784],[105.6299,23.0749],[105.6279,23.0747],[105.6275,23.0715],[105.6245,23.0715],[105.6231,23.07],[105.6219,23.0699],[105.6216,23.0691],[105.6199,23.0687],[105.6182,23.0661],[105.618,23.0675],[105.6172,23.0685],[105.6098,23.0724],[105.6076,23.0756],[105.6068,23.0753],[105.6057,23.0765],[105.6023,23.0771],[105.598,23.0761],[105.5959,23.0765],[105.5936,23.0759],[105.5906,23.072],[105.5901,23.0692],[105.5884,23.0702],[105.586,23.07],[105.5854,23.0688],[105.5839,23.0686],[105.5835,23.0678],[105.5819,23.068],[105.5798,23.0692],[105.5783,23.0688],[105.5781,23.0694],[105.5705,23.0738],[105.5687,23.0765],[105.5676,23.077],[105.5669,23.0799],[105.5658,23.0799],[105.5654,23.0807],[105.565,23.0827],[105.5662,23.0846],[105.5633,23.0857],[105.5601,23.088],[105.5621,23.0897],[105.5617,23.0904],[105.562,23.0919],[105.5635,23.0939],[105.5628,23.0954],[105.5631,23.0986],[105.5636,23.099],[105.5647,23.0987],[105.565,23.1],[105.5665,23.1018],[105.5658,23.1035],[105.5639,23.103],[105.5637,23.1044],[105.5647,23.1074],[105.5637,23.1079],[105.5635,23.1089],[105.5649,23.1108],[105.5654,23.113],[105.5644,23.1142],[105.563,23.114],[105.561,23.1159],[105.5624,23.1167],[105.5626,23.1176],[105.5638,23.1182],[105.5647,23.1181],[105.5647,23.1193],[105.563,23.1198],[105.562,23.1189],[105.5579,23.1181],[105.554,23.1147],[105.5544,23.1132],[105.5515,23.1107],[105.55,23.1103],[105.5465,23.1095],[105.5442,23.1097],[105.5429,23.109],[105.5404,23.109],[105.538,23.1104],[105.5336,23.1106],[105.5318,23.1114],[105.5312,23.1101],[105.5286,23.1084],[105.528,23.104],[105.525,23.1002],[105.5246,23.0972],[105.5237,23.0947],[105.5213,23.0907],[105.5203,23.0879],[105.5176,23.0837],[105.5177,23.0828],[105.5194,23.0814],[105.5204,23.0793],[105.5206,23.0759],[105.5196,23.0742],[105.5138,23.0697],[105.5131,23.0661],[105.5084,23.0607],[105.5076,23.057],[105.5084,23.0546],[105.5086,23.0522],[105.508,23.0512],[105.506,23.0508],[105.5048,23.0489],[105.5041,23.0427],[105.5029,23.0418],[105.5002,23.0411],[105.4974,23.0389],[105.4968,23.0356],[105.4945,23.0328],[105.4945,23.0299],[105.4929,23.0282],[105.492,23.0257],[105.4914,23.0225],[105.4917,23.0178],[105.4906,23.0158],[105.4902,23.0129],[105.4876,23.009],[105.4903,23.0036],[105.499,23.0027],[105.5019,22.9998],[105.5067,22.9977],[105.5089,22.996],[105.5095,22.9946],[105.5089,22.9921],[105.5094,22.9898],[105.5123,22.9884],[105.5149,22.9859],[105.5194,22.9769],[105.5222,22.9794],[105.5234,22.9798],[105.525,22.9801],[105.5278,22.9795],[105.5298,22.9809],[105.5303,22.9824],[105.5324,22.9827],[105.5342,22.9838],[105.5367,22.9865],[105.5372,22.9877],[105.5384,22.987],[105.5397,22.9839],[105.5419,22.9829],[105.5424,22.9797],[105.5442,22.9765],[105.5442,22.9754],[105.5434,22.9745],[105.5434,22.9729],[105.5427,22.9718],[105.5439,22.9719],[105.5449,22.9734],[105.5462,22.9734],[105.5477,22.9743],[105.5477,22.975],[105.5484,22.9753],[105.5484,22.9762],[105.5492,22.9758],[105.5494,22.9764],[105.5505,22.9767],[105.5506,22.9774],[105.553,22.9783],[105.5552,22.9804],[105.5601,22.9828],[105.5625,22.983],[105.5643,22.9843],[105.5669,22.9828],[105.5705,22.983],[105.5702,22.984],[105.5713,22.9881],[105.5703,22.9914],[105.571,22.993],[105.5705,22.9947],[105.5709,22.9974],[105.5701,22.9982],[105.57,22.999],[105.571,23.001],[105.5724,23.0022],[105.5745,23.0026],[105.5754,23.0033],[105.5763,23.0052],[105.5827,23.0094],[105.585,23.0082],[105.5871,23.0082],[105.5895,23.0099],[105.5912,23.0095],[105.5933,23.0077],[105.5962,23.0075],[105.5991,23.0041],[105.5987,23.0021],[105.5997,22.9996],[105.6022,22.9991],[105.6056,22.9963],[105.6085,22.9987],[105.6119,22.9981],[105.6135,22.9983],[105.6169,22.9974],[105.6231,22.9977],[105.629,22.9995],[105.6311,22.999],[105.6328,22.9991],[105.6348,22.9983],[105.6406,22.9966],[105.6424,22.9956],[105.6455,22.9961],[105.6472,22.9952],[105.649,22.9955],[105.6495,22.996],[105.6495,22.9983],[105.6475,23.0002],[105.6479,23.0029],[105.6525,23.0058],[105.6539,23.0092],[105.6577,23.0105],[105.6584,23.0123],[105.6618,23.0173],[105.665,23.0184],[105.6651,23.0205],[105.6673,23.0252],[105.6677,23.0272],[105.6665,23.0296],[105.6659,23.033],[105.6665,23.0368],[105.6675,23.0375],[105.6684,23.0393],[105.669,23.0421],[105.6716,23.0445],[105.6719,23.0473],[105.6729,23.0481],[105.6756,23.0485],[105.6767,23.0511],[105.6789,23.0527],[105.6793,23.0587],[105.6784,23.0606],[105.6783,23.0624]]]},"properties":{"code":"01324","name":"Cốc Pàng","nameEn":"Coc Pang","fullName":"Xã Cốc Pàng","fullNameEn":"Coc Pang Commune","codeName":"coc_pang","postalCode":"21359","postalCodePrefix":"","gisServerId":"diaphanhanhchinhcapxa_2025.979","areaKm2":170.28},"id":"01324"},
{"type":"Feature","geometry":{"type":"Polygon","coordinates":[[[105.7888,23.0094],[105.7862,23.0121],[105.7834,23.0191],[105.7805,23.0227],[105.7793,23.0235],[105.7748,23.0244],[105.7733,23.0257],[105.7702,23.0257],[105.769,23.0269],[105.7677,23.0263],[105.7666,23.0275],[105.7636,23.0273],[105.7624,23.029],[105.7605,23.028],[105.7586,23.0286],[105.7578,23.0304],[105.7586,23.0319],[105.7568,23.0327],[105.7506,23.0335],[105.7476,23.0347],[105.7426,23.0325],[105.742,23.0316],[105.7404,23.032],[105.7375,23.034],[105.7371,23.0368],[105.7347,23.0365],[105.7336,23.037],[105.7315,23.0362],[105.7311,23.0369],[105.7314,23.0387],[105.7296,23.0403],[105.7285,23.0426],[105.7275,23.043],[105.7297,23.0442],[105.7299,23.0517],[105.7304,23.0527],[105.7299,23.0542],[105.7266,23.0533],[105.7249,23.0542],[105.7241,23.0565],[105.7222,23.0576],[105.7233,23.0596],[105.7246,23.0608],[105.7229,23.0608],[105.722,23.0612],[105.7221,23.0631],[105.7209,23.064],[105.719,23.0646],[105.7171,23.0644],[105.7157,23.0647],[105.7152,23.0661],[105.7138,23.0668],[105.7132,23.0678],[105.7122,23.0685],[105.7107,23.0715],[105.7095,23.0704],[105.709,23.0689],[105.7101,23.0661],[105.7112,23.0649],[105.7118,23.0621],[105.7061,23.0637],[105.7023,23.0638],[105.6998,23.0629],[105.6992,23.0617],[105.6973,23.0627],[105.6903,23.0625],[105.6899,23.063],[105.688,23.0628],[105.6807,23.0642],[105.6793,23.0641],[105.6783,23.0624],[105.6784,23.0606],[105.6793,23.0587],[105.6789,23.0527],[105.6767,23.0511],[105.6756,23.0485],[105.6729,23.0481],[105.6719,23.0473],[105.6716,23.0445],[105.669,23.0421],[105.6684,23.0393],[105.6675,23.0375],[105.6665,23.0368],[105.6659,23.033],[105.6665,23.0296],[105.6677,23.0272],[105.6673,23.0252],[105.6651,23.0205],[105.665,23.0184],[105.6618,23.0173],[105.6584,23.0123],[105.6577,23.0105],[105.6539,23.0092],[105.6525,23.0058],[105.6479,23.0029],[105.6475,23.0002],[105.6495,22.9983],[105.6495,22.996],[105.649,22.9955],[105.6472,22.9952],[105.6455,22.9961],[105.6424,22.9956],[105.6406,22.9966],[105.6348,22.9983],[105.6355,22.9965],[105.6384,22.9939],[105.6393,22.9904],[105.6418,22.9891],[105.6404,22.9859],[105.6413,22.9838],[105.6432,22.982],[105.6446,22.9821],[105.6471,22.9789],[105.6488,22.9775],[105.6531,22.9774],[105.6514,22.9729],[105.6468,22.9678],[105.6483,22.9647],[105.6488,22.9612],[105.6478,22.9577],[105.6485,22.9556],[105.6481,22.9541],[105.6487,22.9519],[105.6522,22.9503],[105.6564,22.9496],[105.6577,22.9498],[105.6587,22.9493],[105.6612,22.9512],[105.6616,22.9527],[105.6637,22.9541],[105.6681,22.9539],[105.6688,22.9544],[105.6668,22.9582],[105.6671,22.9597],[105.6687,22.9606],[105.6698,22.9601],[105.6707,22.9605],[105.6731,22.9629],[105.6758,22.9646],[105.6778,22.9702],[105.6804,22.9737],[105.6828,22.9751],[105.6857,22.9758],[105.6872,22.9647],[105.6855,22.9612],[105.6833,22.9587],[105.6849,22.9561],[105.6866,22.9501],[105.6878,22.9501],[105.6897,22.9539],[105.6918,22.9563],[105.6916,22.9507],[105.6919,22.9472],[105.6926,22.9459],[105.6949,22.9472],[105.7055,22.9463],[105.7112,22.9472],[105.7147,22.9484],[105.7188,22.9482],[105.7225,22.9503],[105.7272,22.9515],[105.7316,22.9544],[105.7326,22.9558],[105.7339,22.9562],[105.7356,22.956],[105.7384,22.9528],[105.7399,22.9503],[105.7404,22.9482],[105.74,22.9465],[105.741,22.9461],[105.7443,22.9463],[105.7485,22.9486],[105.7586,22.9515],[105.7598,22.9514],[105.7614,22.9503],[105.7631,22.9503],[105.7706,22.9529],[105.7735,22.9568],[105.7742,22.9595],[105.7766,22.9638],[105.778,22.9684],[105.7779,22.9724],[105.7763,22.9746],[105.7773,22.9778],[105.7792,22.9795],[105.7789,22.9811],[105.7807,22.9859],[105.7811,22.9891],[105.7808,22.9928],[105.78,22.9954],[105.7804,22.9994],[105.7795,23.0015],[105.7796,23.0028],[105.78,23.0037],[105.7864,23.0074],[105.7888,23.0094]]]},"properties":{"code":"01327","name":"Cô Ba","nameEn":"Co Ba","fullName":"Xã Cô Ba","fullNameEn":"Co Ba Commune","codeName":"co_ba","postalCode":"21357","postalCodePrefix":"","gisServerId":"diaphanhanhchinhcapxa_2025.986","areaKm2":134.52},"id":"01327"},
{"type":"Feature","geometry":{"type":"Polygon","coordinates":[[[105.8375,22.9842],[105.8365,22.9859],[105.8368,22.9876],[105.8355,22.9893],[105.829,22.994],[105.8285,22.9957],[105.8262,22.9954],[105.8252,22.9966],[105.8233,22.9967],[105.8212,22.9961],[105.8199,22.9965],[105.8181,22.9957],[105.8181,22.9925],[105.8188,22.992],[105.8172,22.9904],[105.8155,22.9906],[105.8159,22.9897],[105.8156,22.9888],[105.8137,22.9894],[105.812,22.9893],[105.8102,22.9902],[105.8074,22.9903],[105.8064,22.9907],[105.8061,22.9916],[105.8044,22.9909],[105.8031,22.9913],[105.8039,22.9934],[105.8021,22.9943],[105.8009,22.9959],[105.7959,22.9994],[105.7947,23.001],[105.7938,23.0052],[105.7888,23.0094],[105.7864,23.0074],[105.78,23.0037],[105.7796,23.0028],[105.7795,23.0015],[105.7804,22.9994],[105.78,22.9954],[105.7808,22.9928],[105.7811,22.9891],[105.7807,22.9859],[105.7789,22.9811],[105.7792,22.9795],[105.7773,22.9778],[105.7763,22.9746],[105.7779,22.9724],[105.778,22.9684],[105.7766,22.9638],[105.7742,22.9595],[105.7735,22.9568],[105.7706,22.9529],[105.7631,22.9503],[105.7614,22.9503],[105.7598,22.9514],[105.7586,22.9515],[105.7485,22.9486],[105.7443,22.9463],[105.741,22.9461],[105.74,22.9465],[105.7404,22.9482],[105.7399,22.9503],[105.7384,22.9528],[105.7356,22.956],[105.7339,22.9562],[105.7326,22.9558],[105.7316,22.9544],[105.7272,22.9515],[105.7225,22.9503],[105.7188,22.9482],[105.7147,22.9484],[105.7112,22.9472],[105.7055,22.9463],[105.7055,22.9455],[105.7047,22.9452],[105.7047,22.9441],[105.7036,22.9436],[105.7032,22.9424],[105.7039,22.942],[105.7032,22.9409],[105.7036,22.94],[105.7033,22.9383],[105.7041,22.9373],[105.7036,22.9358],[105.7025,22.9353],[105.6995,22.9358],[105.6942,22.9345],[105.6917,22.9331],[105.6901,22.9286],[105.6892,22.929],[105.687,22.9289],[105.6845,22.9277],[105.6836,22.9238],[105.6834,22.9199],[105.6859,22.9157],[105.6868,22.915],[105.6884,22.915],[105.6901,22.9138],[105.6942,22.9136],[105.7001,22.9084],[105.7045,22.9081],[105.7061,22.9072],[105.706,22.9044],[105.7071,22.9002],[105.7145,22.897],[105.7171,22.8942],[105.7217,22.8917],[105.7211,22.8906],[105.7209,22.8887],[105.7216,22.8872],[105.7228,22.8865],[105.723,22.8859],[105.7223,22.8846],[105.7217,22.8811],[105.7205,22.8796],[105.7157,22.8783],[105.7131,22.877],[105.7113,22.8751],[105.7094,22.8743],[105.7086,22.8732],[105.7077,22.8731],[105.7072,22.8711],[105.7063,22.8699],[105.7066,22.8694],[105.7094,22.8679],[105.7156,22.8658],[105.717,22.8642],[105.7182,22.8636],[105.7205,22.8594],[105.723,22.8572],[105.726,22.8575],[105.7296,22.8593],[105.7324,22.8617],[105.7358,22.8633],[105.7418,22.8628],[105.7443,22.8634],[105.7475,22.8617],[105.7477,22.8605],[105.7495,22.8592],[105.7499,22.8571],[105.753,22.8564],[105.7532,22.8561],[105.7542,22.8553],[105.7554,22.8552],[105.7573,22.8554],[105.7588,22.8567],[105.7603,22.8568],[105.7627,22.8527],[105.7683,22.848],[105.7701,22.8497],[105.7721,22.8505],[105.7727,22.8521],[105.7735,22.8525],[105.7778,22.8522],[105.7808,22.8504],[105.7815,22.8508],[105.7824,22.8503],[105.7851,22.852],[105.7875,22.8518],[105.7892,22.8522],[105.7918,22.8544],[105.7942,22.8535],[105.7983,22.8536],[105.7991,22.8532],[105.7999,22.8538],[105.8012,22.8538],[105.8037,22.8562],[105.8035,22.8578],[105.8022,22.8578],[105.8017,22.8584],[105.8062,22.8622],[105.8067,22.8632],[105.8086,22.8633],[105.81,22.8639],[105.809,22.8685],[105.8084,22.8691],[105.8062,22.8693],[105.8045,22.8701],[105.8004,22.8695],[105.8,22.8713],[105.7985,22.8719],[105.7969,22.8733],[105.7935,22.8741],[105.791,22.8766],[105.789,22.8774],[105.7886,22.879],[105.7868,22.8811],[105.7858,22.8811],[105.7842,22.8818],[105.7835,22.8838],[105.7839,22.8854],[105.7826,22.8863],[105.7806,22.8866],[105.7801,22.8877],[105.7809,22.8897],[105.7792,22.8909],[105.7777,22.8928],[105.7764,22.8929],[105.7748,22.8941],[105.774,22.9024],[105.7677,22.9147],[105.7685,22.9163],[105.7695,22.9172],[105.772,22.9175],[105.7686,22.9206],[105.7664,22.9242],[105.7714,22.9248],[105.7738,22.9264],[105.7784,22.927],[105.7834,22.9304],[105.786,22.931],[105.7884,22.9305],[105.7906,22.935],[105.793,22.9362],[105.7927,22.9379],[105.7964,22.9445],[105.7989,22.9432],[105.8021,22.9438],[105.8032,22.9452],[105.8052,22.9446],[105.8067,22.9449],[105.8086,22.9457],[105.8086,22.9464],[105.8119,22.9485],[105.8091,22.954],[105.8105,22.9546],[105.8106,22.9562],[105.8139,22.9554],[105.8162,22.9556],[105.8178,22.9573],[105.8198,22.9584],[105.82,22.9591],[105.8193,22.9622],[105.8177,22.9636],[105.8169,22.9649],[105.8154,22.9643],[105.8147,22.9647],[105.8146,22.9667],[105.8134,22.9683],[105.8131,22.9703],[105.8155,22.9722],[105.8141,22.9773],[105.8127,22.9783],[105.8134,22.9793],[105.8158,22.9811],[105.8189,22.9813],[105.8247,22.9799],[105.8301,22.9806],[105.8375,22.9842]]]},"properties":{"code":"01336","name":"Khánh Xuân","nameEn":"Khanh Xuan","fullName":"Xã Khánh Xuân","fullNameEn":"Khanh Xuan Commune","codeName":"khanh_xuan","postalCode":"21372","postalCodePrefix":"","gisServerId":"diaphanhanhchinhcapxa_2025.985","areaKm2":109.96},"id":"01336"},
{"type":"Feature","geometry":{"type":"Polygon","coordinates":[[[105.87,22.9262],[105.8696,22.9275],[105.8699,22.9284],[105.8714,22.9295],[105.8712,22.9308],[105.8721,22.9334],[105.8701,22.9346],[105.8668,22.9394],[105.8649,22.9404],[105.8594,22.9414],[105.8562,22.9434],[105.8544,22.9438],[105.8535,22.9452],[105.8536,22.9469],[105.8528,22.9477],[105.853,22.9486],[105.8548,22.9497],[105.8546,22.9503],[105.8504,22.9549],[105.848,22.9558],[105.8459,22.9574],[105.8461,22.9606],[105.8468,22.9614],[105.851,22.9602],[105.8512,22.9619],[105.8505,22.9633],[105.8508,22.9647],[105.8538,22.9655],[105.8555,22.9679],[105.855,22.97],[105.8515,22.9728],[105.8499,22.9723],[105.8488,22.9713],[105.8461,22.9706],[105.8448,22.9694],[105.8429,22.9704],[105.8418,22.9692],[105.841,22.9693],[105.8384,22.9711],[105.8383,22.9733],[105.8429,22.9748],[105.8436,22.9761],[105.843,22.977],[105.8431,22.978],[105.841,22.9786],[105.8405,22.9805],[105.8393,22.9797],[105.8378,22.9808],[105.8386,22.9828],[105.8375,22.9842],[105.8301,22.9806],[105.8247,22.9799],[105.8189,22.9813],[105.8158,22.9811],[105.8134,22.9793],[105.8127,22.9783],[105.8141,22.9773],[105.8155,22.9722],[105.8131,22.9703],[105.8134,22.9683],[105.8146,22.9667],[105.8147,22.9647],[105.8154,22.9643],[105.8169,22.9649],[105.8177,22.9636],[105.8193,22.9622],[105.82,22.9591],[105.8198,22.9584],[105.8178,22.9573],[105.8162,22.9556],[105.8139,22.9554],[105.8106,22.9562],[105.8105,22.9546],[105.8091,22.954],[105.8119,22.9485],[105.8086,22.9464],[105.8086,22.9457],[105.8067,22.9449],[105.8052,22.9446],[105.8032,22.9452],[105.8021,22.9438],[105.7989,22.9432],[105.7964,22.9445],[105.7927,22.9379],[105.793,22.9362],[105.7906,22.935],[105.7884,22.9305],[105.786,22.931],[105.7834,22.9304],[105.7784,22.927],[105.7738,22.9264],[105.7714,22.9248],[105.7664,22.9242],[105.7686,22.9206],[105.772,22.9175],[105.7695,22.9172],[105.7685,22.9163],[105.7677,22.9147],[105.774,22.9024],[105.7748,22.8941],[105.7764,22.8929],[105.7777,22.8928],[105.7792,22.8909],[105.7809,22.8897],[105.7801,22.8877],[105.7806,22.8866],[105.7826,22.8863],[105.7839,22.8854],[105.7835,22.8838],[105.7842,22.8818],[105.7858,22.8811],[105.7868,22.8811],[105.7886,22.879],[105.789,22.8774],[105.791,22.8766],[105.7935,22.8741],[105.7969,22.8733],[105.7985,22.8719],[105.8,22.8713],[105.8004,22.8695],[105.8045,22.8701],[105.8062,22.8693],[105.8084,22.8691],[105.809,22.8685],[105.81,22.8639],[105.8086,22.8633],[105.8067,22.8632],[105.8062,22.8622],[105.8017,22.8584],[105.8022,22.8578],[105.8035,22.8578],[105.8037,22.8562],[105.8012,22.8538],[105.7999,22.8538],[105.7991,22.8532],[105.7983,22.8536],[105.7977,22.852],[105.7955,22.8512],[105.7966,22.8493],[105.7966,22.848],[105.7985,22.8475],[105.799,22.8459],[105.8001,22.8448],[105.8033,22.8431],[105.8031,22.8417],[105.8062,22.8391],[105.8058,22.8372],[105.8067,22.8367],[105.8063,22.8346],[105.8072,22.8343],[105.8069,22.8334],[105.806,22.8333],[105.8056,22.8324],[105.8056,22.8314],[105.8064,22.8298],[105.808,22.8294],[105.8087,22.8285],[105.8106,22.8276],[105.8127,22.8273],[105.819,22.8286],[105.8196,22.8237],[105.8205,22.8226],[105.8189,22.8212],[105.8186,22.8194],[105.8227,22.8186],[105.8226,22.8146],[105.8235,22.8134],[105.824,22.8108],[105.8251,22.8091],[105.8268,22.8087],[105.829,22.8098],[105.8305,22.81],[105.8325,22.8082],[105.8353,22.8078],[105.8372,22.811],[105.8417,22.8067],[105.8443,22.8069],[105.8446,22.8054],[105.8457,22.8039],[105.8485,22.8042],[105.8505,22.8059],[105.8507,22.8049],[105.8526,22.8043],[105.8569,22.8056],[105.8578,22.809],[105.8602,22.8117],[105.8601,22.813],[105.8652,22.8097],[105.8691,22.8127],[105.8707,22.8151],[105.8713,22.8146],[105.8743,22.8144],[105.8756,22.8139],[105.8789,22.8139],[105.8808,22.815],[105.8811,22.8155],[105.876,22.8174],[105.876,22.8189],[105.8768,22.8197],[105.8749,22.8216],[105.8732,22.8222],[105.8718,22.8216],[105.8729,22.8251],[105.8724,22.8261],[105.8703,22.8271],[105.8711,22.8289],[105.8709,22.8304],[105.8693,22.8319],[105.8668,22.8324],[105.8685,22.8343],[105.8715,22.8339],[105.8737,22.8343],[105.8745,22.835],[105.8747,22.8365],[105.8776,22.8388],[105.8742,22.8415],[105.8721,22.8417],[105.8681,22.8433],[105.8654,22.8463],[105.8655,22.8472],[105.8644,22.8496],[105.8644,22.8535],[105.8618,22.8547],[105.862,22.8569],[105.8609,22.859],[105.861,22.8625],[105.8624,22.8623],[105.8634,22.8634],[105.8633,22.864],[105.8606,22.8654],[105.8609,22.8663],[105.8604,22.8678],[105.8655,22.871],[105.8674,22.8732],[105.8659,22.8758],[105.8662,22.8785],[105.864,22.8803],[105.8626,22.8822],[105.861,22.8865],[105.8603,22.8873],[105.8602,22.8902],[105.856,22.8958],[105.8564,22.8973],[105.8553,22.8987],[105.8518,22.9009],[105.851,22.9038],[105.8489,22.9057],[105.8475,22.9095],[105.8464,22.9111],[105.8472,22.9122],[105.8473,22.9141],[105.8437,22.9147],[105.8423,22.9173],[105.8428,22.9195],[105.8434,22.9196],[105.8449,22.9189],[105.8463,22.9204],[105.8457,22.9255],[105.8481,22.924],[105.8487,22.923],[105.8484,22.922],[105.8494,22.9217],[105.85,22.9205],[105.8539,22.9201],[105.8556,22.9213],[105.8574,22.9199],[105.8599,22.9198],[105.8635,22.9214],[105.8648,22.9225],[105.8656,22.9241],[105.8674,22.9241],[105.8682,22.9252],[105.87,22.9262]]]},"properties":{"code":"01339","name":"Xuân Trường","nameEn":"Xuan Truong","fullName":"Xã Xuân Trường","fullNameEn":"Xuan Truong Commune","codeName":"xuan_truong","postalCode":"21370","postalCodePrefix":"","gisServerId":"diaphanhanhchinhcapxa_2025.984","areaKm2":122.92},"id":"01339"},
{"type":"Feature","geometry":{"type":"Polygon","coordinates":[[[105.7205,22.8594],[105.7182,22.8636],[105.717,22.8642],[105.7156,22.8658],[105.7094,22.8679],[105.7066,22.8694],[105.7039,22.8714],[105.7029,22.8734],[105.7028,22.8756],[105.7017,22.8764],[105.701,22.8776],[105.6993,22.8778],[105.6969,22.8789],[105.6926,22.8786],[105.6908,22.878],[105.6872,22.8787],[105.6849,22.8796],[105.6829,22.882],[105.681,22.8827],[105.6801,22.8838],[105.678,22.8847],[105.6763,22.8861],[105.6762,22.8871],[105.6751,22.8886],[105.6743,22.8923],[105.6721,22.8951],[105.6725,22.8966],[105.6717,22.8986],[105.6683,22.8991],[105.6654,22.9004],[105.6639,22.9004],[105.6624,22.9025],[105.6596,22.904],[105.659,22.9055],[105.6588,22.9058],[105.6581,22.9069],[105.6535,22.9085],[105.652,22.9111],[105.6503,22.9119],[105.6498,22.9112],[105.6453,22.9145],[105.631,22.9111],[105.6263,22.905],[105.6281,22.9025],[105.6279,22.9016],[105.6285,22.9001],[105.629,22.8954],[105.6276,22.8928],[105.6277,22.8905],[105.6258,22.8864],[105.6261,22.8857],[105.6282,22.8848],[105.6281,22.8837],[105.6307,22.8769],[105.633,22.8751],[105.6353,22.8722],[105.635,22.8713],[105.6336,22.8701],[105.6328,22.8681],[105.633,22.8651],[105.6332,22.8647],[105.6345,22.8641],[105.6349,22.8634],[105.6263,22.8575],[105.622,22.8535],[105.6191,22.8426],[105.6222,22.8408],[105.6234,22.8409],[105.6243,22.8373],[105.6238,22.8362],[105.6246,22.834],[105.6261,22.8338],[105.6269,22.8331],[105.6279,22.8304],[105.6278,22.8286],[105.6289,22.8274],[105.6324,22.825],[105.632,22.823],[105.6308,22.8231],[105.6297,22.8225],[105.6285,22.818],[105.6291,22.8165],[105.6281,22.8156],[105.6267,22.8152],[105.6252,22.8134],[105.6247,22.8133],[105.6242,22.8144],[105.6215,22.8167],[105.6186,22.815],[105.6151,22.8151],[105.6141,22.8134],[105.6143,22.8115],[105.6133,22.8085],[105.6132,22.8036],[105.6141,22.799],[105.614,22.7945],[105.6133,22.7932],[105.6137,22.7913],[105.6133,22.7907],[105.6117,22.7905],[105.6113,22.79],[105.6124,22.7888],[105.6129,22.7853],[105.6148,22.7811],[105.6176,22.7807],[105.6188,22.7799],[105.6209,22.7809],[105.6215,22.7823],[105.6257,22.7842],[105.6277,22.7863],[105.6283,22.7879],[105.6302,22.7898],[105.6328,22.7899],[105.6344,22.7888],[105.6357,22.789],[105.637,22.7908],[105.6396,22.7931],[105.6405,22.7924],[105.642,22.7923],[105.6427,22.7916],[105.6437,22.7921],[105.6523,22.7892],[105.6533,22.7885],[105.6656,22.7899],[105.6659,22.7897],[105.6701,22.7864],[105.6723,22.7789],[105.6753,22.776],[105.6785,22.7754],[105.6827,22.7706],[105.6852,22.7722],[105.6876,22.7716],[105.6899,22.7725],[105.6923,22.7727],[105.6929,22.7732],[105.6965,22.7724],[105.6977,22.7728],[105.6988,22.7724],[105.6998,22.7734],[105.7012,22.7735],[105.7026,22.7743],[105.707,22.7722],[105.7088,22.7698],[105.715,22.7663],[105.7175,22.7657],[105.7199,22.7615],[105.7255,22.7768],[105.7253,22.7784],[105.726,22.7794],[105.7251,22.7795],[105.7228,22.7765],[105.722,22.7764],[105.7196,22.7791],[105.7203,22.7797],[105.7212,22.7796],[105.7219,22.7789],[105.7228,22.7794],[105.7227,22.7803],[105.7201,22.7825],[105.7225,22.7852],[105.7216,22.7862],[105.7218,22.7875],[105.7179,22.7877],[105.7163,22.7871],[105.715,22.7874],[105.7127,22.7853],[105.7113,22.7851],[105.71,22.7859],[105.709,22.7875],[105.709,22.7895],[105.7052,22.7923],[105.7117,22.7994],[105.7146,22.7988],[105.7149,22.7989],[105.7187,22.8012],[105.7173,22.8024],[105.7155,22.8055],[105.7193,22.8072],[105.7193,22.8163],[105.7212,22.8217],[105.7286,22.8248],[105.7337,22.8275],[105.7344,22.8274],[105.7348,22.8287],[105.7376,22.8311],[105.7382,22.8321],[105.7395,22.8325],[105.7416,22.8342],[105.7394,22.8393],[105.7358,22.8414],[105.7238,22.8439],[105.7199,22.848],[105.7193,22.852],[105.7205,22.8594]]]},"properties":{"code":"01351","name":"Hưng Đạo","nameEn":"Hung Dao","fullName":"Xã Hưng Đạo","fullNameEn":"Hung Dao Commune","codeName":"hung_dao","postalCode":"21363","postalCodePrefix":"","gisServerId":"diaphanhanhchinhcapxa_2025.977","areaKm2":122.43},"id":"01351"},
{"type":"Feature","geometry":{"type":"Polygon","coordinates":[[[105.7491,22.7293],[105.7485,22.7304],[105.7495,22.7314],[105.749,22.7364],[105.7498,22.7378],[105.7518,22.7383],[105.7544,22.7405],[105.7553,22.7402],[105.7578,22.7409],[105.7591,22.7399],[105.7698,22.7415],[105.7762,22.7393],[105.7824,22.7332],[105.784,22.734],[105.7838,22.7361],[105.7848,22.7379],[105.7863,22.7388],[105.7901,22.7376],[105.7943,22.7387],[105.7979,22.7387],[105.7991,22.7394],[105.8011,22.7388],[105.8037,22.7392],[105.8056,22.7361],[105.8078,22.7352],[105.8153,22.7436],[105.816,22.7438],[105.8165,22.745],[105.819,22.7445],[105.8212,22.7461],[105.8236,22.7459],[105.8255,22.7471],[105.8263,22.7489],[105.8284,22.75],[105.8283,22.7511],[105.8293,22.7534],[105.834,22.7577],[105.8349,22.7595],[105.8363,22.7596],[105.8384,22.7608],[105.8389,22.7648],[105.8358,22.7682],[105.8352,22.7704],[105.8344,22.7713],[105.8347,22.7728],[105.8333,22.7739],[105.8335,22.7748],[105.8326,22.7766],[105.8279,22.7797],[105.8255,22.7827],[105.8253,22.7846],[105.8297,22.7863],[105.8377,22.7871],[105.8386,22.7868],[105.8395,22.7873],[105.8408,22.7888],[105.8406,22.7896],[105.8378,22.7904],[105.8376,22.7911],[105.8382,22.792],[105.8377,22.7932],[105.8399,22.7948],[105.8434,22.7947],[105.8454,22.7958],[105.8462,22.7992],[105.8494,22.8021],[105.8505,22.8059],[105.8485,22.8042],[105.8457,22.8039],[105.8446,22.8054],[105.8443,22.8069],[105.8417,22.8067],[105.8372,22.811],[105.8353,22.8078],[105.8325,22.8082],[105.8305,22.81],[105.829,22.8098],[105.8268,22.8087],[105.8251,22.8091],[105.824,22.8108],[105.8235,22.8134],[105.8226,22.8146],[105.8227,22.8186],[105.8186,22.8194],[105.8189,22.8212],[105.8205,22.8226],[105.8196,22.8237],[105.819,22.8286],[105.8127,22.8273],[105.8106,22.8276],[105.8087,22.8285],[105.808,22.8294],[105.8064,22.8298],[105.8056,22.8314],[105.8056,22.8324],[105.806,22.8333],[105.8069,22.8334],[105.8072,22.8343],[105.8063,22.8346],[105.8067,22.8367],[105.8058,22.8372],[105.8062,22.8391],[105.8031,22.8417],[105.8033,22.8431],[105.8001,22.8448],[105.799,22.8459],[105.7985,22.8475],[105.7966,22.848],[105.7966,22.8493],[105.7955,22.8512],[105.7977,22.852],[105.7983,22.8536],[105.7942,22.8535],[105.7918,22.8544],[105.7892,22.8522],[105.7875,22.8518],[105.7851,22.852],[105.7824,22.8503],[105.7815,22.8508],[105.7808,22.8504],[105.7778,22.8522],[105.7735,22.8525],[105.7727,22.8521],[105.7721,22.8505],[105.7701,22.8497],[105.7683,22.848],[105.7627,22.8527],[105.7603,22.8568],[105.7588,22.8567],[105.7573,22.8554],[105.7554,22.8552],[105.7542,22.8553],[105.7532,22.8561],[105.753,22.8564],[105.7499,22.8571],[105.7495,22.8592],[105.7477,22.8605],[105.7475,22.8617],[105.7443,22.8634],[105.7418,22.8628],[105.7358,22.8633],[105.7324,22.8617],[105.7296,22.8593],[105.726,22.8575],[105.723,22.8572],[105.7205,22.8594],[105.7193,22.852],[105.7199,22.848],[105.7238,22.8439],[105.7358,22.8414],[105.7394,22.8393],[105.7416,22.8342],[105.7395,22.8325],[105.7382,22.8321],[105.7376,22.8311],[105.7348,22.8287],[105.7344,22.8274],[105.7337,22.8275],[105.7286,22.8248],[105.7212,22.8217],[105.7193,22.8163],[105.7193,22.8072],[105.7155,22.8055],[105.7173,22.8024],[105.7187,22.8012],[105.7149,22.7989],[105.7146,22.7988],[105.7117,22.7994],[105.7052,22.7923],[105.709,22.7895],[105.709,22.7875],[105.71,22.7859],[105.7113,22.7851],[105.7127,22.7853],[105.715,22.7874],[105.7163,22.7871],[105.7179,22.7877],[105.7218,22.7875],[105.7216,22.7862],[105.7225,22.7852],[105.7201,22.7825],[105.7227,22.7803],[105.7228,22.7794],[105.7219,22.7789],[105.7212,22.7796],[105.7203,22.7797],[105.7196,22.7791],[105.722,22.7764],[105.7228,22.7765],[105.7251,22.7795],[105.726,22.7794],[105.727,22.7768],[105.7265,22.7752],[105.7275,22.7742],[105.7271,22.7729],[105.7285,22.7725],[105.7295,22.774],[105.7303,22.7742],[105.7308,22.7736],[105.7303,22.7724],[105.731,22.7717],[105.73,22.7708],[105.7301,22.7702],[105.7319,22.7694],[105.7348,22.77],[105.7333,22.7677],[105.7342,22.7656],[105.7343,22.7626],[105.7326,22.7589],[105.7325,22.7567],[105.7333,22.7536],[105.7325,22.7507],[105.7306,22.7486],[105.7329,22.7447],[105.733,22.741],[105.7343,22.7396],[105.7356,22.7391],[105.7373,22.7395],[105.7378,22.7402],[105.7404,22.7412],[105.7451,22.736],[105.7459,22.7336],[105.7457,22.7324],[105.7469,22.7309],[105.7469,22.7295],[105.7491,22.7293]]]},"properties":{"code":"01354","name":"Huy Giáp","nameEn":"Huy Giap","fullName":"Xã Huy Giáp","fullNameEn":"Huy Giap Commune","codeName":"huy_giap","postalCode":"21368","postalCodePrefix":"","gisServerId":"diaphanhanhchinhcapxa_2025.983","areaKm2":133.76},"id":"01354"},
{"type":"Feature","geometry":{"type":"Polygon","coordinates":[[[105.6659,22.7897],[105.6656,22.7899],[105.6533,22.7885],[105.6523,22.7892],[105.6437,22.7921],[105.6427,22.7916],[105.642,22.7923],[105.6405,22.7924],[105.6396,22.7931],[105.637,22.7908],[105.6357,22.789],[105.6374,22.7883],[105.6391,22.7868],[105.64,22.7846],[105.6393,22.7825],[105.641,22.7798],[105.6416,22.7773],[105.641,22.7764],[105.6441,22.7733],[105.6465,22.7679],[105.6445,22.7666],[105.6439,22.7655],[105.6432,22.7618],[105.6403,22.7609],[105.6406,22.7594],[105.6402,22.7556],[105.6383,22.7538],[105.6382,22.7527],[105.6387,22.7514],[105.6386,22.7495],[105.6395,22.7478],[105.6389,22.7471],[105.6369,22.7463],[105.6365,22.744],[105.634,22.745],[105.6315,22.7481],[105.6296,22.7484],[105.6269,22.7504],[105.6263,22.7502],[105.6231,22.7516],[105.6217,22.7499],[105.6203,22.7493],[105.6192,22.7474],[105.6174,22.7469],[105.6145,22.7444],[105.6131,22.7423],[105.6131,22.7413],[105.6117,22.7412],[105.6102,22.7402],[105.6091,22.7408],[105.6073,22.7409],[105.6048,22.7423],[105.6029,22.7424],[105.6006,22.7446],[105.5988,22.745],[105.5975,22.7461],[105.596,22.7462],[105.5955,22.7447],[105.5896,22.7369],[105.5898,22.7356],[105.5918,22.7331],[105.5916,22.7311],[105.5906,22.7296],[105.5914,22.7276],[105.59,22.7277],[105.5862,22.7266],[105.585,22.7255],[105.5842,22.7214],[105.5851,22.7201],[105.5833,22.7166],[105.5806,22.7156],[105.5819,22.7144],[105.5818,22.7132],[105.5808,22.7126],[105.5805,22.7115],[105.5814,22.7099],[105.5783,22.708],[105.5755,22.7079],[105.5754,22.7061],[105.574,22.7047],[105.5718,22.7011],[105.5745,22.6951],[105.5763,22.6944],[105.5775,22.693],[105.5787,22.6889],[105.58,22.6879],[105.5793,22.6875],[105.5795,22.6858],[105.5829,22.6801],[105.5828,22.6784],[105.5813,22.6757],[105.581,22.6736],[105.5823,22.6694],[105.5839,22.6679],[105.5867,22.6673],[105.5884,22.6664],[105.5923,22.6671],[105.5938,22.6663],[105.5949,22.6665],[105.5966,22.666],[105.5985,22.666],[105.5996,22.6672],[105.6032,22.6674],[105.6025,22.6692],[105.6026,22.6716],[105.6017,22.6727],[105.6017,22.6745],[105.6003,22.6753],[105.6003,22.6774],[105.5997,22.6781],[105.6007,22.6793],[105.6019,22.6792],[105.6023,22.6824],[105.6012,22.6832],[105.608,22.6873],[105.608,22.6882],[105.6096,22.6894],[105.6102,22.6934],[105.6129,22.6949],[105.6137,22.6963],[105.6174,22.6979],[105.6181,22.6989],[105.6191,22.6993],[105.6186,22.6999],[105.619,22.7006],[105.6186,22.7016],[105.6193,22.7023],[105.6212,22.7022],[105.6223,22.6997],[105.6231,22.699],[105.6248,22.6997],[105.626,22.6987],[105.6269,22.6993],[105.6293,22.6991],[105.6301,22.6985],[105.6316,22.6987],[105.6321,22.7001],[105.6333,22.7001],[105.6341,22.7009],[105.6352,22.7011],[105.6356,22.7001],[105.6371,22.6989],[105.645,22.6996],[105.6463,22.6984],[105.648,22.6983],[105.6483,22.6989],[105.6475,22.7009],[105.6487,22.704],[105.6521,22.7063],[105.6529,22.7076],[105.6541,22.7078],[105.6549,22.7096],[105.6562,22.7101],[105.6566,22.7115],[105.6555,22.7125],[105.6559,22.7152],[105.659,22.7166],[105.6619,22.7186],[105.6626,22.7196],[105.6622,22.7204],[105.6629,22.7221],[105.6653,22.7243],[105.6678,22.7242],[105.669,22.7227],[105.6712,22.724],[105.672,22.7253],[105.6733,22.7254],[105.6757,22.7233],[105.6779,22.7225],[105.6792,22.7213],[105.6846,22.7193],[105.6859,22.7184],[105.6876,22.718],[105.689,22.719],[105.692,22.7181],[105.6933,22.7231],[105.6967,22.7291],[105.6986,22.7246],[105.7018,22.7205],[105.705,22.7252],[105.7081,22.7275],[105.7096,22.7273],[105.7105,22.7247],[105.7118,22.724],[105.7132,22.722],[105.717,22.7218],[105.7191,22.7232],[105.7188,22.7253],[105.7195,22.7284],[105.7202,22.7288],[105.7231,22.7289],[105.7241,22.7257],[105.7237,22.7246],[105.7263,22.7241],[105.7298,22.7252],[105.7312,22.7269],[105.7329,22.7278],[105.7355,22.7309],[105.7352,22.7322],[105.7361,22.7348],[105.7354,22.7365],[105.7356,22.7391],[105.7343,22.7396],[105.733,22.741],[105.7329,22.7447],[105.7306,22.7486],[105.7325,22.7507],[105.7333,22.7536],[105.7325,22.7567],[105.7326,22.7589],[105.7343,22.7626],[105.7342,22.7656],[105.7333,22.7677],[105.7348,22.77],[105.7319,22.7694],[105.7301,22.7702],[105.73,22.7708],[105.731,22.7717],[105.7303,22.7724],[105.7308,22.7736],[105.7303,22.7742],[105.7295,22.774],[105.7285,22.7725],[105.7271,22.7729],[105.7275,22.7742],[105.7265,22.7752],[105.727,22.7768],[105.726,22.7794],[105.7253,22.7784],[105.7255,22.7768],[105.7199,22.7615],[105.7175,22.7657],[105.715,22.7663],[105.7088,22.7698],[105.707,22.7722],[105.7026,22.7743],[105.7012,22.7735],[105.6998,22.7734],[105.6988,22.7724],[105.6977,22.7728],[105.6965,22.7724],[105.6929,22.7732],[105.6923,22.7727],[105.6899,22.7725],[105.6876,22.7716],[105.6852,22.7722],[105.6827,22.7706],[105.6785,22.7754],[105.6753,22.776],[105.6723,22.7789],[105.6701,22.7864],[105.6659,22.7897]]]},"properties":{"code":"01360","name":"Sơn Lộ","nameEn":"Son Lo","fullName":"Xã Sơn Lộ","fullNameEn":"Son Lo Commune","codeName":"son_lo","postalCode":"21365","postalCodePrefix":"","gisServerId":"diaphanhanhchinhcapxa_2025.978","areaKm2":97.38},"id":"01360"},
{"type":"Feature","geometry":{"type":"Polygon","coordinates":[[[106.0046,22.8426],[106.0031,22.8432],[106.0017,22.8445],[106.0009,22.8438],[106.0005,22.8428],[106.0002,22.8327],[105.9976,22.8268],[105.9966,22.8268],[105.9951,22.826],[105.993,22.8238],[105.9919,22.8263],[105.9897,22.8291],[105.987,22.8283],[105.9864,22.8276],[105.9853,22.8292],[105.9852,22.8311],[105.9819,22.8328],[105.9807,22.8344],[105.9774,22.8342],[105.9745,22.8348],[105.9735,22.8345],[105.9687,22.8311],[105.9664,22.832],[105.9624,22.8312],[105.9591,22.8358],[105.9583,22.8388],[105.9561,22.8399],[105.9549,22.8396],[105.9538,22.8401],[105.95,22.8392],[105.947,22.8393],[105.9461,22.8379],[105.9433,22.8363],[105.9411,22.8391],[105.9398,22.8398],[105.9391,22.8397],[105.9381,22.8381],[105.935,22.8363],[105.9345,22.8347],[105.9353,22.8327],[105.9347,22.8319],[105.9327,22.8313],[105.9301,22.8319],[105.9289,22.8308],[105.9289,22.8297],[105.9294,22.829],[105.9266,22.8279],[105.9256,22.8286],[105.9237,22.8278],[105.9207,22.8279],[105.9195,22.83],[105.9196,22.8319],[105.9188,22.8328],[105.9179,22.8329],[105.9161,22.8316],[105.914,22.8312],[105.9113,22.8342],[105.9094,22.8346],[105.9072,22.8343],[105.9064,22.8314],[105.9053,22.8304],[105.9044,22.8277],[105.9053,22.8262],[105.9052,22.8245],[105.9072,22.8246],[105.911,22.8224],[105.9089,22.8213],[105.9095,22.8191],[105.9103,22.818],[105.9129,22.8184],[105.9157,22.8177],[105.9206,22.8176],[105.9199,22.8139],[105.923,22.8134],[105.924,22.8129],[105.9236,22.811],[105.9245,22.8096],[105.9246,22.8081],[105.9267,22.8073],[105.9279,22.8051],[105.9313,22.8026],[105.9315,22.8017],[105.9327,22.8031],[105.9349,22.8041],[105.9364,22.803],[105.9393,22.8036],[105.9416,22.8059],[105.9427,22.8052],[105.9456,22.8014],[105.9495,22.7986],[105.9511,22.7953],[105.9527,22.7963],[105.9544,22.7957],[105.9572,22.7958],[105.9582,22.7949],[105.959,22.7959],[105.9591,22.7972],[105.9603,22.7972],[105.9602,22.7979],[105.9612,22.7978],[105.9616,22.7961],[105.9624,22.7956],[105.9623,22.7947],[105.9617,22.7943],[105.9621,22.7939],[105.962,22.793],[105.9639,22.7909],[105.9642,22.7897],[105.9621,22.7875],[105.9636,22.786],[105.9639,22.7838],[105.9612,22.7836],[105.9605,22.7828],[105.959,22.7806],[105.9599,22.7799],[105.9596,22.7791],[105.9601,22.7783],[105.961,22.7775],[105.9632,22.7778],[105.9661,22.7762],[105.9695,22.7769],[105.97,22.7777],[105.9721,22.7776],[105.9738,22.7768],[105.9768,22.7749],[105.9776,22.7708],[105.9782,22.7704],[105.981,22.7702],[105.9817,22.769],[105.9837,22.7682],[105.9839,22.7671],[105.9868,22.7645],[105.985,22.7621],[105.9835,22.7584],[105.9829,22.7579],[105.9749,22.7558],[105.9713,22.7541],[105.9727,22.7516],[105.9785,22.751],[105.9795,22.7515],[105.9814,22.751],[105.9837,22.7491],[105.9861,22.7495],[105.9944,22.7456],[105.9985,22.7427],[105.9989,22.7414],[105.9997,22.7409],[106,22.7392],[106.0037,22.7344],[106.0037,22.7335],[106.0044,22.733],[106.0074,22.734],[106.0116,22.733],[106.0126,22.7316],[106.0137,22.7313],[106.0151,22.7317],[106.0161,22.7326],[106.017,22.7337],[106.0171,22.7359],[106.0178,22.736],[106.0195,22.7355],[106.0209,22.7338],[106.0257,22.7383],[106.03,22.737],[106.0348,22.7384],[106.0352,22.7394],[106.037,22.7411],[106.0376,22.7425],[106.0386,22.7428],[106.0401,22.7451],[106.0407,22.7475],[106.0421,22.7475],[106.0433,22.7492],[106.0448,22.7497],[106.0501,22.7561],[106.0542,22.7582],[106.0573,22.7609],[106.0583,22.7613],[106.0596,22.7629],[106.0598,22.764],[106.0571,22.7676],[106.0551,22.7686],[106.0554,22.7696],[106.0548,22.7721],[106.0537,22.7735],[106.0461,22.7786],[106.0433,22.785],[106.0405,22.7856],[106.0394,22.7865],[106.039,22.7908],[106.0378,22.7914],[106.0349,22.7918],[106.0343,22.7956],[106.0362,22.7975],[106.0383,22.8018],[106.0379,22.8025],[106.0388,22.8044],[106.0415,22.8092],[106.0436,22.8117],[106.0404,22.8152],[106.0381,22.8151],[106.0361,22.8162],[106.0342,22.8164],[106.0327,22.8203],[106.031,22.821],[106.0299,22.8244],[106.0288,22.8257],[106.0273,22.8254],[106.0267,22.826],[106.0238,22.8263],[106.0229,22.8273],[106.0171,22.8305],[106.0154,22.8302],[106.0148,22.831],[106.0138,22.8312],[106.0131,22.8331],[106.0119,22.8335],[106.0105,22.8349],[106.0083,22.8349],[106.0084,22.8377],[106.0056,22.8388],[106.0036,22.839],[106.0037,22.8415],[106.0046,22.8426]]]},"properties":{"code":"01363","name":"Thông Nông","nameEn":"Thong Nong","fullName":"Xã Thông Nông","fullNameEn":"Thong Nong Commune","codeName":"thong_nong","postalCode":"21225","postalCodePrefix":"","gisServerId":"diaphanhanhchinhcapxa_2025.954","areaKm2":94.29},"id":"01363"},
{"type":"Feature","geometry":{"type":"Polygon","coordinates":[[[105.9557,22.9404],[105.9508,22.9397],[105.9488,22.9399],[105.9469,22.9382],[105.9446,22.9394],[105.9436,22.9393],[105.9431,22.9387],[105.9403,22.9388],[105.9392,22.9384],[105.9374,22.9402],[105.9359,22.9402],[105.9348,22.9413],[105.9323,22.94],[105.9322,22.9407],[105.9312,22.9409],[105.9311,22.9416],[105.9284,22.9442],[105.9236,22.9457],[105.9225,22.9469],[105.9191,22.9456],[105.9123,22.9416],[105.9111,22.9414],[105.9093,22.9396],[105.9071,22.9402],[105.9051,22.94],[105.9027,22.9412],[105.8963,22.9386],[105.8923,22.9398],[105.8892,22.939],[105.889,22.9379],[105.8874,22.936],[105.8871,22.9339],[105.8877,22.9324],[105.886,22.9317],[105.8855,22.929],[105.8827,22.9276],[105.8835,22.9255],[105.8855,22.9241],[105.8853,22.9224],[105.8871,22.9211],[105.8871,22.9199],[105.8856,22.9191],[105.8853,22.9185],[105.8801,22.9186],[105.8789,22.917],[105.8779,22.9166],[105.8733,22.9197],[105.871,22.9223],[105.8696,22.925],[105.87,22.9262],[105.8682,22.9252],[105.8674,22.9241],[105.8656,22.9241],[105.8648,22.9225],[105.8635,22.9214],[105.8599,22.9198],[105.8574,22.9199],[105.8556,22.9213],[105.8539,22.9201],[105.85,22.9205],[105.8494,22.9217],[105.8484,22.922],[105.8487,22.923],[105.8481,22.924],[105.8457,22.9255],[105.8463,22.9204],[105.8449,22.9189],[105.8434,22.9196],[105.8428,22.9195],[105.8423,22.9173],[105.8437,22.9147],[105.8473,22.9141],[105.8472,22.9122],[105.8464,22.9111],[105.8475,22.9095],[105.8489,22.9057],[105.851,22.9038],[105.8518,22.9009],[105.8553,22.8987],[105.8564,22.8973],[105.856,22.8958],[105.8602,22.8902],[105.8603,22.8873],[105.861,22.8865],[105.8626,22.8822],[105.864,22.8803],[105.8662,22.8785],[105.8659,22.8758],[105.8674,22.8732],[105.8655,22.871],[105.8604,22.8678],[105.8609,22.8663],[105.8606,22.8654],[105.8633,22.864],[105.8634,22.8634],[105.8624,22.8623],[105.861,22.8625],[105.8609,22.859],[105.862,22.8569],[105.8618,22.8547],[105.8644,22.8535],[105.8644,22.8496],[105.8655,22.8472],[105.8654,22.8463],[105.8681,22.8433],[105.8721,22.8417],[105.8742,22.8415],[105.8776,22.8388],[105.8784,22.8385],[105.8796,22.8388],[105.8921,22.8433],[105.8935,22.8429],[105.8953,22.8414],[105.8975,22.8414],[105.8997,22.8404],[105.9011,22.8403],[105.9015,22.8387],[105.9032,22.837],[105.9047,22.8374],[105.9059,22.837],[105.9061,22.8352],[105.9072,22.8343],[105.9094,22.8346],[105.9113,22.8342],[105.914,22.8312],[105.9161,22.8316],[105.9179,22.8329],[105.9188,22.8328],[105.9196,22.8319],[105.9195,22.83],[105.9207,22.8279],[105.9237,22.8278],[105.9256,22.8286],[105.9266,22.8279],[105.9294,22.829],[105.9289,22.8297],[105.9289,22.8308],[105.9301,22.8319],[105.9327,22.8313],[105.9347,22.8319],[105.9353,22.8327],[105.9345,22.8347],[105.935,22.8363],[105.9381,22.8381],[105.9391,22.8397],[105.9398,22.8398],[105.9411,22.8391],[105.9433,22.8363],[105.9461,22.8379],[105.947,22.8393],[105.95,22.8392],[105.9538,22.8401],[105.9549,22.8396],[105.9561,22.8399],[105.9583,22.8388],[105.9591,22.8358],[105.9624,22.8312],[105.9664,22.832],[105.9687,22.8311],[105.9735,22.8345],[105.9745,22.8348],[105.9774,22.8342],[105.9807,22.8344],[105.9819,22.8328],[105.9852,22.8311],[105.9853,22.8292],[105.9864,22.8276],[105.987,22.8283],[105.9897,22.8291],[105.9919,22.8263],[105.993,22.8238],[105.9951,22.826],[105.9966,22.8268],[105.9976,22.8268],[106.0002,22.8327],[106.0005,22.8428],[106.0009,22.8438],[106.0017,22.8445],[106.0031,22.8432],[106.0046,22.8426],[106.0042,22.8448],[106.0052,22.8464],[106.0054,22.8481],[106.0043,22.8508],[106.0053,22.8538],[106.0043,22.8547],[106.005,22.8556],[106.0046,22.8575],[106.0022,22.8621],[106.004,22.8637],[106.0025,22.8671],[106.0014,22.8687],[106.0003,22.8687],[105.998,22.8701],[105.9983,22.8733],[105.9979,22.8753],[105.9971,22.8759],[105.9937,22.8753],[105.9918,22.8767],[105.9901,22.8814],[105.9873,22.8817],[105.9862,22.8846],[105.9873,22.8851],[105.9872,22.8864],[105.9836,22.8889],[105.9842,22.8956],[105.9832,22.8975],[105.9822,22.8982],[105.98,22.8982],[105.9789,22.899],[105.9767,22.8992],[105.9771,22.9027],[105.9764,22.9046],[105.9751,22.9059],[105.9751,22.9066],[105.976,22.9078],[105.9754,22.909],[105.9747,22.9094],[105.9742,22.9118],[105.9757,22.9151],[105.9752,22.9165],[105.9726,22.9194],[105.9719,22.9227],[105.9685,22.9228],[105.967,22.9219],[105.9658,22.922],[105.9649,22.9205],[105.9568,22.9193],[105.9535,22.9274],[105.9538,22.9284],[105.9551,22.9289],[105.9548,22.9295],[105.956,22.9331],[105.9575,22.9337],[105.9582,22.9348],[105.9568,22.9399],[105.9557,22.9404]]]},"properties":{"code":"01366","name":"Cần Yên","nameEn":"Can Yen","fullName":"Xã Cần Yên","fullNameEn":"Can Yen Commune","codeName":"can_yen","postalCode":"21229","postalCodePrefix":"","gisServerId":"diaphanhanhchinhcapxa_2025.956","areaKm2":144.64},"id":"01366"},
{"type":"Feature","geometry":{"type":"Polygon","coordinates":[[[105.9072,22.8343],[105.9061,22.8352],[105.9059,22.837],[105.9047,22.8374],[105.9032,22.837],[105.9015,22.8387],[105.9011,22.8403],[105.8997,22.8404],[105.8975,22.8414],[105.8953,22.8414],[105.8935,22.8429],[105.8921,22.8433],[105.8796,22.8388],[105.8784,22.8385],[105.8776,22.8388],[105.8747,22.8365],[105.8745,22.835],[105.8737,22.8343],[105.8715,22.8339],[105.8685,22.8343],[105.8668,22.8324],[105.8693,22.8319],[105.8709,22.8304],[105.8711,22.8289],[105.8703,22.8271],[105.8724,22.8261],[105.8729,22.8251],[105.8718,22.8216],[105.8732,22.8222],[105.8749,22.8216],[105.8768,22.8197],[105.876,22.8189],[105.876,22.8174],[105.8811,22.8155],[105.8808,22.815],[105.8789,22.8139],[105.8756,22.8139],[105.8743,22.8144],[105.8713,22.8146],[105.8707,22.8151],[105.8691,22.8127],[105.8652,22.8097],[105.8601,22.813],[105.8602,22.8117],[105.8578,22.809],[105.8569,22.8056],[105.8526,22.8043],[105.8507,22.8049],[105.8505,22.8059],[105.8494,22.8021],[105.8516,22.7992],[105.8514,22.7973],[105.8502,22.7948],[105.8523,22.7948],[105.854,22.7936],[105.8555,22.7936],[105.8577,22.792],[105.8609,22.7918],[105.8613,22.7908],[105.8627,22.7901],[105.8651,22.7901],[105.8669,22.7889],[105.8684,22.7872],[105.8704,22.7843],[105.8706,22.782],[105.8729,22.7785],[105.8718,22.777],[105.8735,22.7757],[105.8722,22.7744],[105.8726,22.7738],[105.877,22.7747],[105.8797,22.7731],[105.8812,22.7739],[105.8833,22.774],[105.8873,22.7725],[105.889,22.7711],[105.8895,22.7697],[105.8905,22.7696],[105.8915,22.7687],[105.8933,22.7687],[105.8944,22.7677],[105.8951,22.7691],[105.8963,22.7694],[105.8987,22.7684],[105.8995,22.7659],[105.9003,22.7651],[105.9004,22.764],[105.8999,22.7615],[105.8979,22.7601],[105.8975,22.7591],[105.899,22.7574],[105.9017,22.7556],[105.9037,22.7559],[105.9079,22.7595],[105.9099,22.7569],[105.9114,22.7565],[105.9124,22.7574],[105.9144,22.7571],[105.9213,22.7506],[105.9234,22.7501],[105.9258,22.7506],[105.9267,22.7503],[105.9288,22.7475],[105.9321,22.7474],[105.9336,22.7466],[105.932,22.7444],[105.9313,22.741],[105.9269,22.7367],[105.9251,22.7365],[105.9239,22.7354],[105.9224,22.7352],[105.9209,22.7334],[105.9206,22.7326],[105.923,22.7318],[105.9237,22.73],[105.9249,22.729],[105.924,22.7269],[105.9187,22.725],[105.9154,22.7205],[105.9153,22.7189],[105.9183,22.7176],[105.9226,22.7166],[105.9229,22.716],[105.9253,22.7146],[105.9262,22.7128],[105.9288,22.7139],[105.9343,22.7134],[105.9358,22.7139],[105.9373,22.7135],[105.9381,22.7124],[105.9411,22.7161],[105.9428,22.716],[105.9434,22.717],[105.9465,22.7169],[105.9466,22.7147],[105.9475,22.7141],[105.9472,22.7112],[105.9479,22.71],[105.9471,22.708],[105.9473,22.7072],[105.949,22.7063],[105.9507,22.7043],[105.95,22.7031],[105.9502,22.7026],[105.9498,22.701],[105.9506,22.6985],[105.9535,22.6993],[105.9551,22.6985],[105.9556,22.694],[105.9561,22.6933],[105.958,22.6943],[105.96,22.6945],[105.9619,22.6926],[105.9637,22.6929],[105.9653,22.6919],[105.967,22.6917],[105.9722,22.6943],[105.9763,22.6938],[105.978,22.6926],[105.9797,22.6903],[105.9819,22.6889],[105.9827,22.6875],[105.9831,22.6846],[105.984,22.6831],[105.9852,22.6827],[105.9864,22.6837],[105.9878,22.6837],[105.9888,22.6846],[105.9896,22.6846],[105.9892,22.6854],[105.9896,22.6872],[105.991,22.6876],[105.9906,22.6882],[105.9912,22.6896],[105.9897,22.6921],[105.9902,22.6922],[105.9902,22.6928],[105.9928,22.6965],[105.9937,22.7019],[106.0014,22.7031],[106.0031,22.7052],[106.0032,22.7064],[106.0049,22.709],[106.0044,22.7123],[106.0068,22.7121],[106.0103,22.7139],[106.0132,22.7134],[106.0151,22.7156],[106.0129,22.7184],[106.013,22.7196],[106.0144,22.7214],[106.0152,22.7216],[106.0156,22.7222],[106.0149,22.7237],[106.016,22.7254],[106.0146,22.7265],[106.015,22.727],[106.0175,22.7278],[106.0181,22.7287],[106.0198,22.7292],[106.0209,22.7338],[106.0195,22.7355],[106.0178,22.736],[106.0171,22.7359],[106.017,22.7337],[106.0161,22.7326],[106.0151,22.7317],[106.0137,22.7313],[106.0126,22.7316],[106.0116,22.733],[106.0074,22.734],[106.0044,22.733],[106.0037,22.7335],[106.0037,22.7344],[106,22.7392],[105.9997,22.7409],[105.9989,22.7414],[105.9985,22.7427],[105.9944,22.7456],[105.9861,22.7495],[105.9837,22.7491],[105.9814,22.751],[105.9795,22.7515],[105.9785,22.751],[105.9727,22.7516],[105.9713,22.7541],[105.9749,22.7558],[105.9829,22.7579],[105.9835,22.7584],[105.985,22.7621],[105.9868,22.7645],[105.9839,22.7671],[105.9837,22.7682],[105.9817,22.769],[105.981,22.7702],[105.9782,22.7704],[105.9776,22.7708],[105.9768,22.7749],[105.9738,22.7768],[105.9721,22.7776],[105.97,22.7777],[105.9695,22.7769],[105.9661,22.7762],[105.9632,22.7778],[105.961,22.7775],[105.9601,22.7783],[105.9596,22.7791],[105.9599,22.7799],[105.959,22.7806],[105.9605,22.7828],[105.9612,22.7836],[105.9639,22.7838],[105.9636,22.786],[105.9621,22.7875],[105.9642,22.7897],[105.9639,22.7909],[105.962,22.793],[105.9621,22.7939],[105.9617,22.7943],[105.9623,22.7947],[105.9624,22.7956],[105.9616,22.7961],[105.9612,22.7978],[105.9602,22.7979],[105.9603,22.7972],[105.9591,22.7972],[105.959,22.7959],[105.9582,22.7949],[105.9572,22.7958],[105.9544,22.7957],[105.9527,22.7963],[105.9511,22.7953],[105.9495,22.7986],[105.9456,22.8014],[105.9427,22.8052],[105.9416,22.8059],[105.9393,22.8036],[105.9364,22.803],[105.9349,22.8041],[105.9327,22.8031],[105.9315,22.8017],[105.9313,22.8026],[105.9279,22.8051],[105.9267,22.8073],[105.9246,22.8081],[105.9245,22.8096],[105.9236,22.811],[105.924,22.8129],[105.923,22.8134],[105.9199,22.8139],[105.9206,22.8176],[105.9157,22.8177],[105.9129,22.8184],[105.9103,22.818],[105.9095,22.8191],[105.9089,22.8213],[105.911,22.8224],[105.9072,22.8246],[105.9052,22.8245],[105.9053,22.8262],[105.9044,22.8277],[105.9053,22.8304],[105.9064,22.8314],[105.9072,22.8343]]]},"properties":{"code":"01387","name":"Thanh Long","nameEn":"Thanh Long","fullName":"Xã Thanh Long","fullNameEn":"Thanh Long Commune","codeName":"thanh_long","postalCode":"21233","postalCodePrefix":"","gisServerId":"diaphanhanhchinhcapxa_2025.963","areaKm2":118.62},"id":"01387"},
{"type":"Feature","geometry":{"type":"Polygon","coordinates":[[[106.0583,22.9921],[106.0569,22.991],[106.0559,22.9908],[106.0543,22.9937],[106.05,22.9943],[106.0489,22.9936],[106.0491,22.9925],[106.0479,22.9911],[106.0454,22.9921],[106.0431,22.9898],[106.0417,22.9898],[106.0403,22.9907],[106.0387,22.9941],[106.0356,22.9939],[106.0341,22.9923],[106.0317,22.9917],[106.0283,22.9942],[106.0256,22.9924],[106.0239,22.992],[106.0222,22.9927],[106.0181,22.9908],[106.0167,22.9922],[106.0153,22.9921],[106.0129,22.9932],[106.0105,22.9921],[106.0065,22.9928],[106.0019,22.9924],[106.0005,22.9914],[106.002,22.9869],[106.0021,22.9841],[106.0013,22.9813],[106.0039,22.9803],[106.0045,22.9785],[106.0068,22.9767],[106.0071,22.9744],[106.0062,22.9724],[106.0064,22.9707],[106.0085,22.969],[106.0064,22.9652],[106.0067,22.9638],[106.0056,22.9612],[106.0049,22.9535],[106.0016,22.9502],[106.0023,22.9475],[106.0016,22.9462],[105.9991,22.9446],[105.999,22.9432],[105.9979,22.941],[105.9952,22.9425],[105.9947,22.9424],[105.9944,22.9402],[105.9936,22.9399],[105.9883,22.9409],[105.9869,22.9425],[105.9844,22.9425],[105.9842,22.9436],[105.9819,22.9464],[105.98,22.9475],[105.9776,22.9474],[105.9744,22.9488],[105.9686,22.9492],[105.9678,22.9497],[105.962,22.9508],[105.9601,22.9503],[105.9568,22.9513],[105.9557,22.9489],[105.9561,22.9465],[105.9554,22.9425],[105.9557,22.9404],[105.9568,22.9399],[105.9582,22.9348],[105.9575,22.9337],[105.956,22.9331],[105.9548,22.9295],[105.9551,22.9289],[105.9538,22.9284],[105.9535,22.9274],[105.9568,22.9193],[105.9649,22.9205],[105.9658,22.922],[105.967,22.9219],[105.9685,22.9228],[105.9719,22.9227],[105.9726,22.9194],[105.9752,22.9165],[105.9757,22.9151],[105.9742,22.9118],[105.9747,22.9094],[105.9754,22.909],[105.976,22.9078],[105.9751,22.9066],[105.9751,22.9059],[105.9764,22.9046],[105.9771,22.9027],[105.9767,22.8992],[105.9789,22.899],[105.98,22.8982],[105.9822,22.8982],[105.9832,22.8975],[105.9842,22.8956],[105.9836,22.8889],[105.9872,22.8864],[105.9873,22.8851],[105.9862,22.8846],[105.9873,22.8817],[105.9901,22.8814],[105.9918,22.8767],[105.9937,22.8753],[105.9971,22.8759],[105.9979,22.8753],[105.9983,22.8733],[105.998,22.8701],[106.0003,22.8687],[106.0014,22.8687],[106.0025,22.8671],[106.004,22.8637],[106.0022,22.8621],[106.0046,22.8575],[106.005,22.8556],[106.0043,22.8547],[106.0053,22.8538],[106.0043,22.8508],[106.0054,22.8481],[106.0052,22.8464],[106.0042,22.8448],[106.0046,22.8426],[106.0037,22.8415],[106.0036,22.839],[106.0056,22.8388],[106.0084,22.8377],[106.0083,22.8349],[106.0105,22.8349],[106.0119,22.8335],[106.0131,22.8331],[106.0138,22.8312],[106.0148,22.831],[106.0154,22.8302],[106.0171,22.8305],[106.0229,22.8273],[106.0238,22.8263],[106.0267,22.826],[106.0273,22.8254],[106.0288,22.8257],[106.0299,22.8244],[106.0306,22.8279],[106.0309,22.8341],[106.033,22.8349],[106.0349,22.8341],[106.0368,22.8377],[106.0431,22.8372],[106.0429,22.8385],[106.0441,22.8393],[106.0449,22.8409],[106.0434,22.8443],[106.0434,22.8471],[106.0444,22.8467],[106.0493,22.8477],[106.0503,22.8496],[106.048,22.8523],[106.0501,22.8534],[106.0508,22.8566],[106.0526,22.8583],[106.0524,22.8594],[106.0535,22.8618],[106.0534,22.8627],[106.0546,22.8622],[106.0558,22.8625],[106.0572,22.8622],[106.0561,22.8608],[106.056,22.8598],[106.058,22.859],[106.0599,22.8568],[106.0605,22.8569],[106.0635,22.86],[106.0646,22.8604],[106.0654,22.8595],[106.0684,22.8591],[106.0699,22.8581],[106.0729,22.8585],[106.0755,22.8566],[106.0765,22.8572],[106.0779,22.8593],[106.0787,22.8623],[106.0798,22.8626],[106.0801,22.8633],[106.0824,22.8652],[106.0835,22.8656],[106.0862,22.8648],[106.0889,22.865],[106.0911,22.8681],[106.0895,22.8722],[106.0918,22.874],[106.0959,22.8744],[106.0979,22.8736],[106.0989,22.8737],[106.1009,22.8719],[106.1012,22.871],[106.103,22.8706],[106.1034,22.8709],[106.1045,22.8696],[106.1057,22.871],[106.1055,22.8723],[106.1061,22.873],[106.1074,22.879],[106.104,22.8797],[106.1041,22.881],[106.1033,22.8826],[106.1032,22.8846],[106.1015,22.8843],[106.1004,22.8865],[106.0992,22.8873],[106.0978,22.8957],[106.0929,22.8971],[106.0897,22.9017],[106.088,22.903],[106.089,22.9047],[106.0891,22.9058],[106.0885,22.9068],[106.0888,22.9081],[106.0882,22.9103],[106.086,22.9131],[106.0843,22.9135],[106.0796,22.9127],[106.0785,22.9121],[106.0777,22.9089],[106.076,22.908],[106.0736,22.908],[106.0703,22.9074],[106.0691,22.9087],[106.0658,22.9102],[106.0654,22.9127],[106.0626,22.9152],[106.061,22.9144],[106.059,22.9153],[106.0596,22.9201],[106.0604,22.9207],[106.061,22.9224],[106.0595,22.9245],[106.0594,22.9259],[106.0608,22.9273],[106.0616,22.9294],[106.0606,22.93],[106.0549,22.9302],[106.0557,22.9341],[106.0575,22.9374],[106.056,22.939],[106.0544,22.9418],[106.0537,22.9422],[106.0529,22.9443],[106.0509,22.9457],[106.0505,22.9479],[106.0516,22.9497],[106.0517,22.9516],[106.0502,22.9547],[106.0503,22.956],[106.0548,22.9556],[106.0603,22.9605],[106.0594,22.9617],[106.0601,22.966],[106.0593,22.9675],[106.0598,22.9693],[106.0605,22.9697],[106.0619,22.9692],[106.0677,22.9692],[106.0704,22.9708],[106.0739,22.9744],[106.074,22.9754],[106.0733,22.9801],[106.0721,22.9818],[106.0674,22.9815],[106.0635,22.9823],[106.0618,22.9864],[106.061,22.9872],[106.0597,22.9872],[106.0593,22.9888],[106.0584,22.9896],[106.0583,22.9921]]]},"properties":{"code":"01392","name":"Trường Hà","nameEn":"Truong Ha","fullName":"Xã Trường Hà","fullNameEn":"Truong Ha Commune","codeName":"truong_ha","postalCode":"21214","postalCodePrefix":"","gisServerId":"diaphanhanhchinhcapxa_2025.957","areaKm2":143.3},"id":"01392"},
{"type":"Feature","geometry":{"type":"Polygon","coordinates":[[[106.1242,22.9883],[106.1205,22.9889],[106.1198,22.9877],[106.1189,22.9876],[106.1178,22.9853],[106.1165,22.9855],[106.1144,22.9868],[106.1134,22.9886],[106.1125,22.9883],[106.1113,22.9888],[106.1093,22.9909],[106.1077,22.991],[106.1075,22.9898],[106.105,22.9884],[106.1046,22.9874],[106.1014,22.9866],[106.1,22.9868],[106.0995,22.9878],[106.0997,22.9889],[106.0988,22.9896],[106.098,22.9919],[106.0976,22.9925],[106.0965,22.9927],[106.096,22.9946],[106.0963,22.9957],[106.0942,22.9956],[106.0931,22.9966],[106.0922,22.9958],[106.0913,22.9934],[106.09,22.9927],[106.089,22.993],[106.0893,22.9957],[106.0883,22.9969],[106.0865,22.9975],[106.0857,22.9995],[106.0858,23.0006],[106.0849,23.001],[106.0837,23.0006],[106.0825,23.001],[106.0808,22.9987],[106.0791,22.9992],[106.0772,22.9989],[106.0761,22.9983],[106.0746,22.9986],[106.0706,22.9945],[106.0688,22.9936],[106.0662,22.9935],[106.0654,22.9926],[106.0638,22.9925],[106.0633,22.9918],[106.0612,22.992],[106.0599,22.9927],[106.0583,22.9921],[106.0584,22.9896],[106.0593,22.9888],[106.0597,22.9872],[106.061,22.9872],[106.0618,22.9864],[106.0635,22.9823],[106.0674,22.9815],[106.0721,22.9818],[106.0733,22.9801],[106.074,22.9754],[106.0739,22.9744],[106.0704,22.9708],[106.0677,22.9692],[106.0619,22.9692],[106.0605,22.9697],[106.0598,22.9693],[106.0593,22.9675],[106.0601,22.966],[106.0594,22.9617],[106.0603,22.9605],[106.0548,22.9556],[106.0503,22.956],[106.0502,22.9547],[106.0517,22.9516],[106.0516,22.9497],[106.0505,22.9479],[106.0509,22.9457],[106.0529,22.9443],[106.0537,22.9422],[106.0544,22.9418],[106.056,22.939],[106.0575,22.9374],[106.0557,22.9341],[106.0549,22.9302],[106.0606,22.93],[106.0616,22.9294],[106.0608,22.9273],[106.0594,22.9259],[106.0595,22.9245],[106.061,22.9224],[106.0604,22.9207],[106.0596,22.9201],[106.059,22.9153],[106.061,22.9144],[106.0626,22.9152],[106.0654,22.9127],[106.0658,22.9102],[106.0691,22.9087],[106.0703,22.9074],[106.0736,22.908],[106.076,22.908],[106.0777,22.9089],[106.0785,22.9121],[106.0796,22.9127],[106.0843,22.9135],[106.086,22.9131],[106.0882,22.9103],[106.0888,22.9081],[106.0885,22.9068],[106.0891,22.9058],[106.089,22.9047],[106.088,22.903],[106.0897,22.9017],[106.0929,22.8971],[106.0978,22.8957],[106.0992,22.8873],[106.1004,22.8865],[106.1015,22.8843],[106.1032,22.8846],[106.1033,22.8826],[106.1041,22.881],[106.104,22.8797],[106.1074,22.879],[106.1084,22.8773],[106.1122,22.874],[106.114,22.8713],[106.1187,22.871],[106.1198,22.869],[106.1225,22.8681],[106.1241,22.8653],[106.1281,22.8652],[106.131,22.8626],[106.1323,22.862],[106.1335,22.8628],[106.1353,22.8617],[106.1368,22.863],[106.1372,22.8643],[106.1366,22.8656],[106.1373,22.8686],[106.1376,22.8689],[106.1386,22.8687],[106.1399,22.8695],[106.1403,22.8712],[106.1424,22.8729],[106.1433,22.8746],[106.1419,22.8763],[106.1412,22.8781],[106.1404,22.8785],[106.1404,22.8795],[106.1431,22.8822],[106.1446,22.8823],[106.1449,22.8846],[106.1464,22.885],[106.1476,22.8864],[106.1475,22.8895],[106.1464,22.8911],[106.1462,22.8928],[106.1464,22.8945],[106.1478,22.8961],[106.1479,22.8977],[106.1494,22.8986],[106.1519,22.9022],[106.1556,22.901],[106.1562,22.9013],[106.1589,22.8996],[106.162,22.9001],[106.1643,22.8998],[106.1664,22.9018],[106.1658,22.9033],[106.1671,22.9037],[106.1688,22.9032],[106.1716,22.9015],[106.1767,22.9004],[106.1783,22.902],[106.1795,22.9051],[106.1783,22.9112],[106.1762,22.9123],[106.1749,22.9138],[106.1711,22.9153],[106.1704,22.9161],[106.1701,22.9178],[106.1671,22.9168],[106.1634,22.9175],[106.1625,22.9207],[106.1622,22.9254],[106.164,22.9261],[106.1654,22.9283],[106.1612,22.9313],[106.161,22.9327],[106.1594,22.9354],[106.1584,22.936],[106.1552,22.9368],[106.1539,22.9355],[106.1508,22.9354],[106.1495,22.9345],[106.1477,22.9343],[106.1433,22.9361],[106.1416,22.9372],[106.1393,22.9369],[106.1371,22.9384],[106.1357,22.9378],[106.1337,22.9377],[106.1307,22.9362],[106.129,22.9363],[106.1281,22.9356],[106.1219,22.9388],[106.1203,22.9469],[106.1243,22.9476],[106.1252,22.9508],[106.1243,22.9534],[106.1262,22.9551],[106.1289,22.9561],[106.1308,22.9588],[106.1297,22.9597],[106.128,22.9597],[106.1258,22.9587],[106.1226,22.9593],[106.1216,22.9581],[106.1215,22.9561],[106.1205,22.9555],[106.1206,22.9545],[106.1193,22.954],[106.1183,22.9544],[106.1142,22.9615],[106.1161,22.9628],[106.1168,22.966],[106.1191,22.9674],[106.1206,22.9676],[106.1227,22.9695],[106.1271,22.9703],[106.1279,22.9716],[106.1297,22.9728],[106.1313,22.9733],[106.1297,22.9789],[106.1299,22.9794],[106.1308,22.9794],[106.1313,22.9804],[106.1307,22.982],[106.1311,22.9831],[106.1309,22.9842],[106.1285,22.9859],[106.1253,22.9859],[106.1242,22.9883]]]},"properties":{"code":"01393","name":"Lũng Nặm","nameEn":"Lung Nam","fullName":"Xã Lũng Nặm","fullNameEn":"Lung Nam Commune","codeName":"lung_nam","postalCode":"21212","postalCodePrefix":"","gisServerId":"diaphanhanhchinhcapxa_2025.958","areaKm2":97.59},"id":"01393"},
{"type":"Feature","geometry":{"type":"Polygon","coordinates":[[[106.2498,22.8929],[106.2494,22.8942],[106.2524,22.8962],[106.2543,22.896],[106.2562,22.8976],[106.2576,22.8966],[106.2592,22.897],[106.2596,22.8992],[106.2592,22.8999],[106.2623,22.9025],[106.2615,22.9039],[106.2614,22.9054],[106.2626,22.9068],[106.2643,22.9064],[106.2653,22.9067],[106.2642,22.9083],[106.2647,22.911],[106.2634,22.9128],[106.2627,22.9153],[106.2589,22.9205],[106.2562,22.9225],[106.254,22.9221],[106.2523,22.9225],[106.2504,22.9256],[106.2487,22.9264],[106.2485,22.9282],[106.2476,22.9298],[106.2478,22.931],[106.2463,22.9326],[106.2471,22.9339],[106.247,22.935],[106.2454,22.9353],[106.2438,22.9348],[106.242,22.9352],[106.241,22.9363],[106.2407,22.9385],[106.2423,22.9404],[106.2421,22.9413],[106.2388,22.943],[106.2342,22.9432],[106.2338,22.9444],[106.2365,22.9481],[106.2355,22.9501],[106.2375,22.9518],[106.2359,22.9546],[106.2322,22.956],[106.23,22.9577],[106.2289,22.9581],[106.2265,22.9578],[106.2238,22.9588],[106.2235,22.9607],[106.2238,22.9631],[106.2245,22.9639],[106.2241,22.965],[106.2221,22.9656],[106.2208,22.9643],[106.2198,22.9643],[106.2182,22.9656],[106.2174,22.9673],[106.2173,22.9704],[106.2158,22.9712],[106.2145,22.9707],[106.2127,22.971],[106.2119,22.9707],[106.2111,22.9737],[106.2082,22.9758],[106.206,22.979],[106.2064,22.9807],[106.2044,22.9828],[106.202,22.9839],[106.202,22.9851],[106.2007,22.9867],[106.1998,22.9868],[106.1981,22.9849],[106.1964,22.9852],[106.1944,22.9846],[106.1918,22.9855],[106.1906,22.9866],[106.1898,22.9882],[106.1872,22.9892],[106.1847,22.9893],[106.1837,22.9861],[106.1811,22.9854],[106.18,22.984],[106.1792,22.9839],[106.1779,22.9847],[106.176,22.9851],[106.1731,22.9835],[106.1712,22.9845],[106.1675,22.985],[106.1671,22.9844],[106.1656,22.9842],[106.1651,22.9846],[106.1652,22.9856],[106.1631,22.987],[106.1628,22.9878],[106.1595,22.9888],[106.1572,22.988],[106.1562,22.9888],[106.1551,22.9914],[106.1528,22.9925],[106.1469,22.9939],[106.1467,22.9955],[106.1457,22.9961],[106.1439,22.9958],[106.1431,22.9963],[106.1421,22.9956],[106.1411,22.9961],[106.1402,22.995],[106.1384,22.9963],[106.135,22.9969],[106.133,22.9948],[106.1324,22.9949],[106.1306,22.9938],[106.1318,22.9917],[106.1307,22.9902],[106.1287,22.9903],[106.1261,22.9888],[106.1242,22.9883],[106.1253,22.9859],[106.1285,22.9859],[106.1309,22.9842],[106.1311,22.9831],[106.1307,22.982],[106.1313,22.9804],[106.1308,22.9794],[106.1299,22.9794],[106.1297,22.9789],[106.1313,22.9733],[106.1297,22.9728],[106.1279,22.9716],[106.1271,22.9703],[106.1227,22.9695],[106.1206,22.9676],[106.1191,22.9674],[106.1168,22.966],[106.1161,22.9628],[106.1142,22.9615],[106.1183,22.9544],[106.1193,22.954],[106.1206,22.9545],[106.1205,22.9555],[106.1215,22.9561],[106.1216,22.9581],[106.1226,22.9593],[106.1258,22.9587],[106.128,22.9597],[106.1297,22.9597],[106.1308,22.9588],[106.1289,22.9561],[106.1262,22.9551],[106.1243,22.9534],[106.1252,22.9508],[106.1243,22.9476],[106.1203,22.9469],[106.1219,22.9388],[106.1281,22.9356],[106.129,22.9363],[106.1307,22.9362],[106.1337,22.9377],[106.1357,22.9378],[106.1371,22.9384],[106.1393,22.9369],[106.1416,22.9372],[106.1433,22.9361],[106.1477,22.9343],[106.1495,22.9345],[106.1508,22.9354],[106.1539,22.9355],[106.1552,22.9368],[106.1584,22.936],[106.1594,22.9354],[106.161,22.9327],[106.1612,22.9313],[106.1654,22.9283],[106.164,22.9261],[106.1622,22.9254],[106.1625,22.9207],[106.1634,22.9175],[106.1671,22.9168],[106.1701,22.9178],[106.1704,22.9161],[106.1711,22.9153],[106.1749,22.9138],[106.1762,22.9123],[106.1783,22.9112],[106.1795,22.9051],[106.1807,22.9054],[106.1834,22.9048],[106.1868,22.9027],[106.1923,22.9008],[106.1931,22.8984],[106.1951,22.8971],[106.1966,22.8964],[106.1993,22.8961],[106.2017,22.8948],[106.2082,22.8965],[106.2092,22.8972],[106.211,22.8968],[106.2115,22.8943],[106.211,22.891],[106.2117,22.8891],[106.2152,22.891],[106.2191,22.8912],[106.2215,22.8891],[106.2228,22.8887],[106.2254,22.8853],[106.227,22.8848],[106.2283,22.885],[106.2314,22.8868],[106.2282,22.8899],[106.237,22.8904],[106.2391,22.8919],[106.247,22.8911],[106.2498,22.8929]]]},"properties":{"code":"01414","name":"Tổng Cọt","nameEn":"Tong Cot","fullName":"Xã Tổng Cọt","fullNameEn":"Tong Cot Commune","codeName":"tong_cot","postalCode":"21224","postalCodePrefix":"","gisServerId":"diaphanhanhchinhcapxa_2025.953","areaKm2":100.48},"id":"01414"},
{"type":"Feature","geometry":{"type":"Polygon","coordinates":[[[106.2283,22.885],[106.227,22.8848],[106.2254,22.8853],[106.2228,22.8887],[106.2215,22.8891],[106.2191,22.8912],[106.2152,22.891],[106.2117,22.8891],[106.211,22.891],[106.2115,22.8943],[106.211,22.8968],[106.2092,22.8972],[106.2082,22.8965],[106.2017,22.8948],[106.1993,22.8961],[106.1966,22.8964],[106.1951,22.8971],[106.1931,22.8984],[106.1923,22.9008],[106.1868,22.9027],[106.1834,22.9048],[106.1807,22.9054],[106.1795,22.9051],[106.1783,22.902],[106.1767,22.9004],[106.1716,22.9015],[106.1688,22.9032],[106.1671,22.9037],[106.1658,22.9033],[106.1664,22.9018],[106.1643,22.8998],[106.162,22.9001],[106.1589,22.8996],[106.1562,22.9013],[106.1556,22.901],[106.1519,22.9022],[106.1494,22.8986],[106.1479,22.8977],[106.1478,22.8961],[106.1464,22.8945],[106.1462,22.8928],[106.1464,22.8911],[106.1475,22.8895],[106.1476,22.8864],[106.1464,22.885],[106.1449,22.8846],[106.1446,22.8823],[106.1431,22.8822],[106.1404,22.8795],[106.1404,22.8785],[106.1412,22.8781],[106.1419,22.8763],[106.1433,22.8746],[106.1424,22.8729],[106.1403,22.8712],[106.1399,22.8695],[106.1386,22.8687],[106.1376,22.8689],[106.1373,22.8686],[106.1366,22.8656],[106.1372,22.8643],[106.1368,22.863],[106.1353,22.8617],[106.1335,22.8628],[106.1323,22.862],[106.131,22.8626],[106.1281,22.8652],[106.1241,22.8653],[106.1225,22.8681],[106.1198,22.869],[106.1187,22.871],[106.114,22.8713],[106.1122,22.874],[106.1084,22.8773],[106.1074,22.879],[106.1061,22.873],[106.1055,22.8723],[106.1057,22.871],[106.1045,22.8696],[106.1034,22.8709],[106.103,22.8706],[106.1012,22.871],[106.1009,22.8719],[106.0989,22.8737],[106.0979,22.8736],[106.0959,22.8744],[106.0918,22.874],[106.0895,22.8722],[106.0911,22.8681],[106.0889,22.865],[106.0862,22.8648],[106.0835,22.8656],[106.0824,22.8652],[106.0801,22.8633],[106.0798,22.8626],[106.0787,22.8623],[106.0779,22.8593],[106.0765,22.8572],[106.0755,22.8566],[106.0758,22.8555],[106.0746,22.8541],[106.0747,22.8534],[106.077,22.8503],[106.0779,22.85],[106.0779,22.8482],[106.0773,22.8472],[106.0778,22.8451],[106.0772,22.8441],[106.0781,22.8427],[106.081,22.841],[106.0804,22.8351],[106.0844,22.8341],[106.0859,22.8352],[106.0876,22.8349],[106.089,22.8292],[106.0902,22.8283],[106.0908,22.8268],[106.0922,22.8265],[106.0941,22.8247],[106.0939,22.8223],[106.0955,22.8205],[106.0974,22.8208],[106.0983,22.822],[106.0985,22.8233],[106.0996,22.8225],[106.0996,22.8214],[106.1015,22.8198],[106.1045,22.8186],[106.1062,22.8188],[106.1076,22.8176],[106.1098,22.8171],[106.1124,22.8172],[106.1121,22.8159],[106.1124,22.8149],[106.111,22.8141],[106.1137,22.8128],[106.1165,22.8098],[106.1174,22.81],[106.1203,22.8087],[106.1228,22.8096],[106.1215,22.8129],[106.1269,22.8193],[106.1308,22.8203],[106.1324,22.8172],[106.1329,22.8169],[106.1345,22.8167],[106.1362,22.8173],[106.1378,22.8188],[106.1405,22.8175],[106.1437,22.8169],[106.1441,22.8156],[106.1459,22.8163],[106.1476,22.8159],[106.1494,22.817],[106.1518,22.817],[106.1589,22.8242],[106.1611,22.8244],[106.1637,22.8239],[106.1647,22.8235],[106.1652,22.8221],[106.1687,22.8221],[106.1703,22.8214],[106.1704,22.8199],[106.1694,22.817],[106.1706,22.816],[106.1704,22.8146],[106.1717,22.8133],[106.1715,22.8121],[106.1739,22.8112],[106.1744,22.8117],[106.1751,22.8115],[106.1759,22.8108],[106.1765,22.8087],[106.1769,22.809],[106.1785,22.8082],[106.1796,22.8063],[106.1792,22.8044],[106.1799,22.8035],[106.1789,22.7977],[106.1809,22.797],[106.1831,22.7972],[106.1841,22.7998],[106.186,22.7987],[106.1888,22.7983],[106.1913,22.7965],[106.1931,22.7957],[106.1952,22.7956],[106.1972,22.794],[106.1977,22.7918],[106.2002,22.7905],[106.2013,22.7907],[106.2013,22.7922],[106.2028,22.7933],[106.2042,22.7935],[106.2046,22.7963],[106.2082,22.7992],[106.2087,22.8004],[106.2098,22.8003],[106.2129,22.8019],[106.213,22.8041],[106.2122,22.8057],[106.2109,22.8064],[106.2099,22.8083],[106.2105,22.8095],[106.2095,22.8114],[106.2099,22.8133],[106.2086,22.82],[106.2104,22.8246],[106.2094,22.8263],[106.2114,22.8288],[106.2064,22.8315],[106.213,22.8352],[106.2144,22.8356],[106.2141,22.8376],[106.2125,22.8381],[106.212,22.8398],[106.2108,22.8395],[106.2068,22.8402],[106.2061,22.8418],[106.2067,22.8435],[106.211,22.8433],[106.2122,22.8447],[106.2139,22.8447],[106.2152,22.8455],[106.2172,22.846],[106.2179,22.8471],[106.2196,22.8467],[106.22,22.8462],[106.2201,22.85],[106.2216,22.85],[106.223,22.8509],[106.2226,22.8528],[106.2196,22.8544],[106.2181,22.8568],[106.215,22.8574],[106.2144,22.8557],[106.212,22.8559],[106.212,22.8599],[106.2146,22.8597],[106.2207,22.863],[106.2198,22.867],[106.2217,22.8668],[106.2226,22.8671],[106.2232,22.8684],[106.2232,22.8698],[106.224,22.871],[106.2242,22.8734],[106.2294,22.8776],[106.2282,22.88],[106.2293,22.8814],[106.2283,22.885]]]},"properties":{"code":"01438","name":"Hà Quảng","nameEn":"Ha Quang","fullName":"Xã Hà Quảng","fullNameEn":"Ha Quang Commune","codeName":"ha_quang","postalCode":"21226","postalCodePrefix":"","gisServerId":"diaphanhanhchinhcapxa_2025.955","areaKm2":112.25},"id":"01438"},
{"type":"Feature","geometry":{"type":"Polygon","coordinates":[[[106.3446,22.8572],[106.3444,22.859],[106.3433,22.8604],[106.3426,22.8605],[106.3422,22.8618],[106.3415,22.862],[106.3406,22.8614],[106.3396,22.8617],[106.3396,22.8637],[106.3384,22.8638],[106.3354,22.8653],[106.3329,22.8686],[106.3326,22.8697],[106.3308,22.8697],[106.3293,22.8723],[106.326,22.8745],[106.3238,22.8734],[106.3219,22.8678],[106.321,22.8676],[106.3205,22.8686],[106.3167,22.8658],[106.3159,22.8658],[106.3149,22.8668],[106.3138,22.8668],[106.3123,22.866],[106.3121,22.8644],[106.3112,22.8641],[106.3102,22.8641],[106.309,22.8648],[106.307,22.8673],[106.306,22.8675],[106.3058,22.8695],[106.304,22.8711],[106.3013,22.8724],[106.2994,22.8741],[106.2977,22.8748],[106.2961,22.874],[106.2944,22.8755],[106.2935,22.8751],[106.2911,22.8755],[106.2904,22.8728],[106.2912,22.8721],[106.2914,22.8712],[106.2884,22.8684],[106.2919,22.8687],[106.2934,22.8696],[106.2955,22.8696],[106.2966,22.8691],[106.2975,22.8679],[106.2987,22.8681],[106.3014,22.8672],[106.3029,22.8657],[106.3059,22.864],[106.3072,22.8625],[106.3071,22.8618],[106.3055,22.8606],[106.3057,22.86],[106.3069,22.8599],[106.3077,22.859],[106.3103,22.8598],[106.3105,22.8587],[106.3131,22.8563],[106.3135,22.855],[106.3147,22.855],[106.3161,22.8539],[106.3156,22.8522],[106.3174,22.8495],[106.318,22.8457],[106.3206,22.8434],[106.3214,22.8414],[106.3231,22.8396],[106.3237,22.838],[106.3217,22.8366],[106.3232,22.8329],[106.3211,22.834],[106.3193,22.834],[106.319,22.8324],[106.3183,22.8319],[106.3182,22.8252],[106.3193,22.823],[106.315,22.821],[106.3169,22.8154],[106.3132,22.8131],[106.3104,22.8127],[106.3113,22.811],[106.3108,22.8084],[106.3056,22.8083],[106.3036,22.8095],[106.3008,22.8096],[106.3005,22.8103],[106.2996,22.8106],[106.2968,22.8105],[106.2976,22.8079],[106.2988,22.8069],[106.299,22.8058],[106.3009,22.8049],[106.3004,22.8022],[106.3012,22.801],[106.3015,22.7982],[106.3008,22.7961],[106.3014,22.7943],[106.3026,22.7938],[106.3039,22.7923],[106.3028,22.7918],[106.3014,22.7879],[106.2984,22.7884],[106.2975,22.7873],[106.2979,22.7859],[106.2996,22.7852],[106.3012,22.7832],[106.3003,22.7827],[106.2986,22.7799],[106.2968,22.7795],[106.2963,22.7788],[106.2963,22.7773],[106.2928,22.777],[106.291,22.7757],[106.2856,22.7751],[106.2864,22.7743],[106.2854,22.7721],[106.2824,22.7694],[106.2832,22.7681],[106.2825,22.7674],[106.2822,22.7649],[106.2824,22.7643],[106.2837,22.7637],[106.2845,22.7616],[106.286,22.7602],[106.2865,22.7581],[106.2906,22.7545],[106.292,22.7544],[106.293,22.7534],[106.2942,22.7535],[106.2968,22.7508],[106.3007,22.7482],[106.3028,22.748],[106.3053,22.7468],[106.3065,22.7469],[106.3092,22.746],[106.3117,22.7439],[106.3121,22.7428],[106.3144,22.7422],[106.3158,22.7425],[106.3175,22.7402],[106.3196,22.7402],[106.3198,22.7375],[106.3213,22.7353],[106.3238,22.7353],[106.3246,22.7338],[106.3264,22.7339],[106.3278,22.7334],[106.3295,22.7308],[106.3314,22.7303],[106.3329,22.7291],[106.3332,22.7277],[106.3327,22.7269],[106.3329,22.7256],[106.335,22.7232],[106.3357,22.7202],[106.3336,22.7187],[106.3397,22.711],[106.3413,22.7102],[106.3417,22.7072],[106.3431,22.7062],[106.3431,22.7042],[106.3437,22.703],[106.3438,22.7012],[106.3446,22.7001],[106.3469,22.7002],[106.3486,22.6988],[106.3541,22.6965],[106.3538,22.7021],[106.352,22.7032],[106.3521,22.7044],[106.3515,22.7054],[106.3522,22.7065],[106.3505,22.7097],[106.3505,22.712],[106.35,22.7128],[106.3515,22.7125],[106.355,22.7134],[106.3571,22.7167],[106.3563,22.7181],[106.3583,22.7203],[106.3582,22.7218],[106.3589,22.723],[106.3574,22.7241],[106.3574,22.7265],[106.357,22.727],[106.3565,22.7272],[106.3555,22.7263],[106.3535,22.726],[106.3538,22.7279],[106.355,22.7301],[106.353,22.7326],[106.3534,22.7354],[106.351,22.7369],[106.3531,22.7385],[106.3537,22.7397],[106.3539,22.7422],[106.3544,22.7427],[106.3556,22.7432],[106.3596,22.7427],[106.3613,22.7439],[106.3632,22.7463],[106.3625,22.7477],[106.3633,22.7488],[106.3627,22.7499],[106.363,22.7511],[106.3578,22.7629],[106.3576,22.7649],[106.3561,22.7664],[106.3547,22.7712],[106.3548,22.7722],[106.3561,22.7741],[106.3563,22.776],[106.3576,22.7768],[106.3567,22.7777],[106.3571,22.7798],[106.3566,22.7808],[106.3574,22.7811],[106.3583,22.7806],[106.3591,22.7811],[106.3595,22.7817],[106.3589,22.7839],[106.3619,22.785],[106.3608,22.7857],[106.3603,22.7876],[106.3602,22.7883],[106.3596,22.7897],[106.3587,22.7901],[106.3556,22.7899],[106.3535,22.7917],[106.3524,22.7919],[106.3508,22.793],[106.3509,22.7937],[106.3507,22.7947],[106.3494,22.7972],[106.3495,22.7974],[106.3492,22.7984],[106.3507,22.8028],[106.3507,22.8037],[106.3511,22.8044],[106.3506,22.8053],[106.3476,22.8063],[106.3479,22.8092],[106.3471,22.8105],[106.347,22.812],[106.3449,22.814],[106.3465,22.8155],[106.3466,22.8181],[106.3445,22.8207],[106.3442,22.8226],[106.3441,22.8228],[106.3442,22.8233],[106.3447,22.8242],[106.3456,22.8246],[106.3466,22.8269],[106.3447,22.8305],[106.3418,22.8332],[106.3417,22.8356],[106.3423,22.837],[106.3391,22.8408],[106.3394,22.8411],[106.3394,22.8417],[106.3391,22.8429],[106.3387,22.8448],[106.3379,22.847],[106.3385,22.8475],[106.3375,22.8491],[106.3377,22.8512],[106.3358,22.8525],[106.3369,22.8556],[106.3378,22.8558],[106.3399,22.8552],[106.3418,22.8566],[106.343,22.8564],[106.3443,22.857],[106.3446,22.8572]]]},"properties":{"code":"01447","name":"Trà Lĩnh","nameEn":"Tra Linh","fullName":"Xã Trà Lĩnh","fullNameEn":"Tra Linh Commune","codeName":"tra_linh","postalCode":"21826","postalCodePrefix":"","gisServerId":"diaphanhanhchinhcapxa_2025.1004","areaKm2":74.97},"id":"01447"},
{"type":"Feature","geometry":{"type":"Polygon","coordinates":[[[106.2884,22.8684],[106.2862,22.868],[106.2853,22.8693],[106.2826,22.87],[106.2816,22.8707],[106.2785,22.8696],[106.277,22.8725],[106.2745,22.8734],[106.2737,22.8753],[106.2724,22.8761],[106.2701,22.8762],[106.2694,22.8754],[106.2676,22.8748],[106.2661,22.876],[106.2647,22.8755],[106.2636,22.8758],[106.2626,22.8774],[106.2598,22.8775],[106.2564,22.8805],[106.2577,22.8807],[106.2587,22.8803],[106.2615,22.8819],[106.2635,22.8818],[106.2644,22.8842],[106.2625,22.8849],[106.2579,22.885],[106.2563,22.8864],[106.2549,22.8886],[106.2526,22.8885],[106.2513,22.8895],[106.2498,22.8929],[106.247,22.8911],[106.2391,22.8919],[106.237,22.8904],[106.2282,22.8899],[106.2314,22.8868],[106.2283,22.885],[106.2293,22.8814],[106.2282,22.88],[106.2294,22.8776],[106.2242,22.8734],[106.224,22.871],[106.2232,22.8698],[106.2232,22.8684],[106.2226,22.8671],[106.2217,22.8668],[106.2198,22.867],[106.2207,22.863],[106.2146,22.8597],[106.212,22.8599],[106.212,22.8559],[106.2144,22.8557],[106.215,22.8574],[106.2181,22.8568],[106.2196,22.8544],[106.2226,22.8528],[106.223,22.8509],[106.2216,22.85],[106.2201,22.85],[106.22,22.8462],[106.2196,22.8467],[106.2179,22.8471],[106.2172,22.846],[106.2152,22.8455],[106.2139,22.8447],[106.2122,22.8447],[106.211,22.8433],[106.2067,22.8435],[106.2061,22.8418],[106.2068,22.8402],[106.2108,22.8395],[106.212,22.8398],[106.2125,22.8381],[106.2141,22.8376],[106.2144,22.8356],[106.213,22.8352],[106.2064,22.8315],[106.2114,22.8288],[106.2094,22.8263],[106.2104,22.8246],[106.2086,22.82],[106.2099,22.8133],[106.2095,22.8114],[106.2105,22.8095],[106.2134,22.8095],[106.218,22.8055],[106.2187,22.8035],[106.2211,22.8022],[106.2241,22.8037],[106.2245,22.8044],[106.2243,22.8063],[106.2259,22.8074],[106.2275,22.8073],[106.2304,22.8083],[106.2305,22.8104],[106.2314,22.8114],[106.2327,22.8118],[106.2342,22.8099],[106.2358,22.8095],[106.2395,22.8058],[106.2408,22.8053],[106.247,22.8044],[106.2505,22.8049],[106.2541,22.8001],[106.2559,22.7999],[106.2578,22.7987],[106.2586,22.7943],[106.2606,22.7919],[106.2611,22.7916],[106.2631,22.7916],[106.2647,22.792],[106.2656,22.7905],[106.266,22.7863],[106.2672,22.783],[106.2698,22.7814],[106.2725,22.7817],[106.2769,22.7807],[106.2796,22.7778],[106.2846,22.7763],[106.2856,22.7751],[106.291,22.7757],[106.2928,22.777],[106.2963,22.7773],[106.2963,22.7788],[106.2968,22.7795],[106.2986,22.7799],[106.3003,22.7827],[106.3012,22.7832],[106.2996,22.7852],[106.2979,22.7859],[106.2975,22.7873],[106.2984,22.7884],[106.3014,22.7879],[106.3028,22.7918],[106.3039,22.7923],[106.3026,22.7938],[106.3014,22.7943],[106.3008,22.7961],[106.3015,22.7982],[106.3012,22.801],[106.3004,22.8022],[106.3009,22.8049],[106.299,22.8058],[106.2988,22.8069],[106.2976,22.8079],[106.2968,22.8105],[106.2996,22.8106],[106.3005,22.8103],[106.3008,22.8096],[106.3036,22.8095],[106.3056,22.8083],[106.3108,22.8084],[106.3113,22.811],[106.3104,22.8127],[106.3132,22.8131],[106.3169,22.8154],[106.315,22.821],[106.3193,22.823],[106.3182,22.8252],[106.3183,22.8319],[106.319,22.8324],[106.3193,22.834],[106.3211,22.834],[106.3232,22.8329],[106.3217,22.8366],[106.3237,22.838],[106.3231,22.8396],[106.3214,22.8414],[106.3206,22.8434],[106.318,22.8457],[106.3174,22.8495],[106.3156,22.8522],[106.3161,22.8539],[106.3147,22.855],[106.3135,22.855],[106.3131,22.8563],[106.3105,22.8587],[106.3103,22.8598],[106.3077,22.859],[106.3069,22.8599],[106.3057,22.86],[106.3055,22.8606],[106.3071,22.8618],[106.3072,22.8625],[106.3059,22.864],[106.3029,22.8657],[106.3014,22.8672],[106.2987,22.8681],[106.2975,22.8679],[106.2966,22.8691],[106.2955,22.8696],[106.2934,22.8696],[106.2919,22.8687],[106.2884,22.8684]]]},"properties":{"code":"01456","name":"Quang Hán","nameEn":"Quang Han","fullName":"Xã Quang Hán","fullNameEn":"Quang Han Commune","codeName":"quang_han","postalCode":"21830","postalCodePrefix":"","gisServerId":"diaphanhanhchinhcapxa_2025.999","areaKm2":93.61},"id":"01456"},
{"type":"Feature","geometry":{"type":"Polygon","coordinates":[[[106.4036,22.7915],[106.4041,22.7929],[106.403,22.7961],[106.4018,22.797],[106.4007,22.7972],[106.3993,22.796],[106.3983,22.7964],[106.3977,22.7975],[106.3975,22.7985],[106.3984,22.8012],[106.3987,22.8051],[106.4024,22.8049],[106.4056,22.8062],[106.4124,22.8019],[106.4167,22.8014],[106.4199,22.8019],[106.4175,22.8045],[106.42,22.8045],[106.4232,22.806],[106.4246,22.8076],[106.4252,22.8094],[106.4262,22.8101],[106.4293,22.8113],[106.4318,22.8104],[106.4331,22.8118],[106.4331,22.8137],[106.4324,22.8148],[106.4267,22.8192],[106.4262,22.8207],[106.4265,22.8221],[106.4286,22.8224],[106.4302,22.821],[106.4332,22.8216],[106.4369,22.819],[106.4387,22.8189],[106.4426,22.8209],[106.4439,22.8235],[106.4437,22.8248],[106.4422,22.8263],[106.4433,22.8273],[106.4449,22.8275],[106.4472,22.8253],[106.4485,22.8249],[106.4518,22.8259],[106.4515,22.8288],[106.4494,22.832],[106.4478,22.8332],[106.4454,22.834],[106.4444,22.835],[106.4444,22.8356],[106.446,22.8364],[106.4458,22.838],[106.4417,22.8414],[106.4406,22.8414],[106.4397,22.8421],[106.4395,22.8429],[106.4382,22.8431],[106.4362,22.8472],[106.4331,22.8492],[106.4333,22.8518],[106.4319,22.8528],[106.4314,22.8547],[106.4333,22.8583],[106.429,22.8629],[106.4295,22.8647],[106.4276,22.8699],[106.4268,22.8708],[106.4232,22.871],[106.4223,22.874],[106.4217,22.8747],[106.4184,22.8752],[106.4177,22.8758],[106.416,22.8763],[106.4139,22.8759],[106.4088,22.8768],[106.4073,22.8748],[106.4058,22.876],[106.4039,22.8808],[106.4031,22.8807],[106.402,22.8816],[106.3986,22.8819],[106.3968,22.8806],[106.3951,22.8806],[106.3924,22.8813],[106.3924,22.8822],[106.3915,22.8836],[106.3904,22.8842],[106.3881,22.8826],[106.3859,22.8836],[106.3846,22.8826],[106.3824,22.883],[106.3808,22.8824],[106.3783,22.8841],[106.3747,22.8842],[106.3726,22.8829],[106.3709,22.8826],[106.3702,22.8819],[106.3678,22.8819],[106.3667,22.8805],[106.3639,22.8791],[106.3636,22.878],[106.3645,22.8762],[106.3641,22.8745],[106.3617,22.8712],[106.3623,22.8702],[106.3633,22.8698],[106.3629,22.8689],[106.3634,22.8667],[106.3621,22.8662],[106.3612,22.8641],[106.3595,22.8637],[106.3574,22.8593],[106.3566,22.8591],[106.3561,22.8596],[106.354,22.8574],[106.3504,22.8559],[106.3457,22.856],[106.3446,22.8572],[106.3443,22.857],[106.343,22.8564],[106.3418,22.8566],[106.3399,22.8552],[106.3378,22.8558],[106.3369,22.8556],[106.3358,22.8525],[106.3377,22.8512],[106.3375,22.8491],[106.3385,22.8475],[106.3379,22.847],[106.3387,22.8448],[106.3391,22.8429],[106.3394,22.8417],[106.3394,22.8411],[106.3391,22.8408],[106.3423,22.837],[106.3417,22.8356],[106.3418,22.8332],[106.3447,22.8305],[106.3466,22.8269],[106.3456,22.8246],[106.3447,22.8242],[106.3442,22.8233],[106.3441,22.8228],[106.3442,22.8226],[106.3445,22.8207],[106.3466,22.8181],[106.3465,22.8155],[106.3449,22.814],[106.347,22.812],[106.3471,22.8105],[106.3479,22.8092],[106.3476,22.8063],[106.3506,22.8053],[106.3511,22.8044],[106.3507,22.8037],[106.3507,22.8028],[106.3492,22.7984],[106.3495,22.7974],[106.3494,22.7972],[106.3507,22.7947],[106.3509,22.7937],[106.3508,22.793],[106.3524,22.7919],[106.3535,22.7917],[106.3556,22.7899],[106.3587,22.7901],[106.3596,22.7897],[106.3602,22.7883],[106.3603,22.7876],[106.3608,22.7857],[106.3619,22.785],[106.3671,22.787],[106.3769,22.7856],[106.388,22.7863],[106.3942,22.7887],[106.3941,22.7898],[106.3927,22.7926],[106.3945,22.7931],[106.3947,22.7908],[106.3957,22.7901],[106.3977,22.7905],[106.3989,22.7901],[106.4014,22.7913],[106.4036,22.7915]]]},"properties":{"code":"01465","name":"Quang Trung","nameEn":"Quang Trung","fullName":"Xã Quang Trung","fullNameEn":"Quang Trung Commune","codeName":"quang_trung","postalCode":"21828","postalCodePrefix":"","gisServerId":"diaphanhanhchinhcapxa_2025.1000","areaKm2":82.6},"id":"01465"},
{"type":"Feature","geometry":{"type":"Polygon","coordinates":[[[106.4857,22.9023],[106.4839,22.9041],[106.4819,22.9038],[106.4808,22.9044],[106.4797,22.9064],[106.4797,22.9085],[106.479,22.9091],[106.4769,22.909],[106.4763,22.9096],[106.4766,22.9105],[106.4755,22.9101],[106.4743,22.9106],[106.4731,22.908],[106.472,22.9076],[106.4711,22.9058],[106.4722,22.9036],[106.472,22.9015],[106.4701,22.9003],[106.4676,22.9019],[106.4642,22.9015],[106.4643,22.9006],[106.4651,22.8998],[106.4648,22.8977],[106.4611,22.8959],[106.4602,22.8969],[106.459,22.8971],[106.459,22.8983],[106.458,22.9002],[106.4565,22.9007],[106.4554,22.9016],[106.4554,22.9031],[106.4548,22.9038],[106.4538,22.9042],[106.451,22.9032],[106.4486,22.9044],[106.4469,22.9034],[106.4471,22.9008],[106.4438,22.8974],[106.4438,22.8965],[106.4448,22.8959],[106.4431,22.8921],[106.4407,22.8908],[106.438,22.8905],[106.4381,22.8887],[106.4363,22.8882],[106.4359,22.8867],[106.435,22.8861],[106.4328,22.8823],[106.4289,22.8872],[106.428,22.8874],[106.4266,22.8886],[106.4273,22.8893],[106.4274,22.8903],[106.4255,22.8915],[106.4238,22.8917],[106.4225,22.8927],[106.4207,22.8925],[106.419,22.8932],[106.4169,22.8918],[106.4164,22.8908],[106.4149,22.8904],[106.4143,22.8895],[106.4133,22.8896],[106.412,22.8889],[106.411,22.8878],[106.4116,22.8872],[106.4118,22.8855],[106.4113,22.8844],[106.412,22.8833],[106.4134,22.8827],[106.4153,22.8808],[106.4149,22.8795],[106.416,22.8763],[106.4177,22.8758],[106.4184,22.8752],[106.4217,22.8747],[106.4223,22.874],[106.4232,22.871],[106.4268,22.8708],[106.4276,22.8699],[106.4295,22.8647],[106.429,22.8629],[106.4333,22.8583],[106.4314,22.8547],[106.4319,22.8528],[106.4333,22.8518],[106.4331,22.8492],[106.4362,22.8472],[106.4382,22.8431],[106.4395,22.8429],[106.4397,22.8421],[106.4406,22.8414],[106.4417,22.8414],[106.4458,22.838],[106.446,22.8364],[106.4444,22.8356],[106.4444,22.835],[106.4454,22.834],[106.4478,22.8332],[106.4494,22.832],[106.4515,22.8288],[106.4518,22.8259],[106.4528,22.8251],[106.454,22.825],[106.455,22.8241],[106.4572,22.8247],[106.4611,22.8243],[106.4619,22.8236],[106.4628,22.8235],[106.4634,22.8243],[106.4645,22.8239],[106.467,22.8246],[106.4696,22.8233],[106.4696,22.8206],[106.4688,22.8194],[106.4697,22.8167],[106.4686,22.8146],[106.4697,22.8124],[106.4689,22.8096],[106.4702,22.8087],[106.4721,22.8084],[106.473,22.8053],[106.4767,22.8054],[106.4767,22.8046],[106.4778,22.8025],[106.4828,22.7988],[106.4817,22.7968],[106.4817,22.7948],[106.4829,22.7937],[106.4832,22.7924],[106.483,22.7883],[106.4835,22.7882],[106.4846,22.7863],[106.4851,22.7848],[106.4891,22.7846],[106.4893,22.7878],[106.4934,22.7867],[106.4954,22.7866],[106.4995,22.7842],[106.5007,22.7817],[106.5038,22.7792],[106.5062,22.7793],[106.5089,22.7779],[106.5115,22.7758],[106.5129,22.7745],[106.5134,22.7733],[106.5135,22.7723],[106.5129,22.7714],[106.5129,22.7707],[106.5151,22.7716],[106.5164,22.7716],[106.5175,22.7722],[106.5173,22.7733],[106.5184,22.7734],[106.52,22.7745],[106.5242,22.7746],[106.5236,22.7723],[106.5254,22.7711],[106.5268,22.7711],[106.5288,22.7693],[106.5304,22.77],[106.531,22.7694],[106.5318,22.7693],[106.5323,22.7682],[106.5338,22.7674],[106.5391,22.7685],[106.54,22.7674],[106.5415,22.7667],[106.5432,22.767],[106.5435,22.7676],[106.5438,22.7693],[106.5447,22.7706],[106.5442,22.7721],[106.5432,22.7736],[106.5416,22.774],[106.5401,22.775],[106.5413,22.7773],[106.5427,22.7777],[106.5436,22.7786],[106.5441,22.7792],[106.5448,22.7804],[106.5441,22.7818],[106.5454,22.7837],[106.5456,22.785],[106.5455,22.7871],[106.5441,22.7885],[106.5453,22.7889],[106.548,22.7913],[106.5481,22.7929],[106.5475,22.7936],[106.5458,22.7943],[106.5395,22.7932],[106.5385,22.7924],[106.5376,22.7932],[106.536,22.7931],[106.5369,22.7935],[106.5386,22.7958],[106.5375,22.7983],[106.5367,22.7987],[106.5404,22.8008],[106.5394,22.8012],[106.5388,22.8023],[106.539,22.8033],[106.5411,22.8045],[106.544,22.8044],[106.5476,22.8054],[106.5551,22.8095],[106.5566,22.8114],[106.5602,22.8121],[106.5623,22.8131],[106.5628,22.8185],[106.5621,22.8199],[106.5625,22.8272],[106.5633,22.8282],[106.5619,22.8284],[106.5603,22.8299],[106.5611,22.8319],[106.5602,22.835],[106.5604,22.8396],[106.56,22.8407],[106.5623,22.8426],[106.5643,22.8451],[106.5657,22.8458],[106.5662,22.8467],[106.5687,22.8477],[106.5666,22.8512],[106.566,22.8538],[106.5663,22.8567],[106.5616,22.857],[106.5609,22.8558],[106.5588,22.8564],[106.5579,22.8556],[106.5579,22.855],[106.5575,22.8551],[106.5511,22.8589],[106.5513,22.8602],[106.5524,22.8608],[106.5519,22.8626],[106.5526,22.8635],[106.55,22.8654],[106.5482,22.8654],[106.5466,22.867],[106.5443,22.8668],[106.5433,22.8675],[106.5415,22.8668],[106.5421,22.8634],[106.54,22.8611],[106.5374,22.8612],[106.5363,22.8619],[106.5334,22.8609],[106.5325,22.8636],[106.5296,22.866],[106.5278,22.8682],[106.5239,22.8694],[106.5238,22.868],[106.5233,22.8675],[106.5197,22.8672],[106.5181,22.8712],[106.516,22.8723],[106.5152,22.874],[106.5145,22.8742],[106.5142,22.8752],[106.5133,22.8757],[106.5115,22.8741],[106.5093,22.8744],[106.5083,22.874],[106.5076,22.873],[106.5043,22.8727],[106.5032,22.8717],[106.501,22.8713],[106.4996,22.8722],[106.4985,22.874],[106.4991,22.8751],[106.499,22.8776],[106.4982,22.8801],[106.4974,22.8806],[106.4951,22.8802],[106.4937,22.8792],[106.4915,22.8807],[106.4902,22.8825],[106.4898,22.8861],[106.4882,22.8889],[106.4891,22.8898],[106.4911,22.8901],[106.4916,22.8926],[106.4896,22.896],[106.4878,22.8971],[106.4877,22.8996],[106.4857,22.9023]]]},"properties":{"code":"01477","name":"Trùng Khánh","nameEn":"Trung Khanh","fullName":"Xã Trùng Khánh","fullNameEn":"Trung Khanh Commune","codeName":"trung_khanh","postalCode":"21806","postalCodePrefix":"","gisServerId":"diaphanhanhchinhcapxa_2025.1001","areaKm2":125.5},"id":"01477"},
{"type":"Feature","geometry":{"type":"Polygon","coordinates":[[[106.6421,22.8751],[106.6418,22.8755],[106.6399,22.8756],[106.6389,22.8752],[106.6365,22.877],[106.6376,22.8785],[106.6391,22.8792],[106.64,22.8806],[106.6399,22.8825],[106.639,22.8832],[106.6385,22.8855],[106.6354,22.8876],[106.6337,22.8867],[106.6334,22.8856],[106.6321,22.886],[106.6312,22.887],[106.63,22.8866],[106.6291,22.8871],[106.6299,22.8891],[106.6296,22.8897],[106.6307,22.8915],[106.624,22.8952],[106.6207,22.8965],[106.6155,22.9013],[106.6128,22.9056],[106.6126,22.9087],[106.6101,22.9092],[106.6097,22.9098],[106.6092,22.9135],[106.6108,22.9142],[106.6113,22.9155],[106.6101,22.9154],[106.6088,22.9172],[106.6089,22.9194],[106.6083,22.9212],[106.6046,22.9218],[106.6053,22.9249],[106.6051,22.9271],[106.6043,22.9276],[106.6024,22.9273],[106.6018,22.93],[106.5967,22.9287],[106.5953,22.9297],[106.5948,22.9311],[106.5931,22.9334],[106.5915,22.9338],[106.5893,22.9327],[106.5876,22.9329],[106.5868,22.9315],[106.5861,22.9316],[106.5847,22.9307],[106.5834,22.9286],[106.5831,22.9271],[106.5809,22.9252],[106.5796,22.9253],[106.5781,22.9268],[106.5768,22.9257],[106.5758,22.9261],[106.5735,22.925],[106.5719,22.9249],[106.5672,22.9193],[106.5657,22.9191],[106.564,22.9206],[106.5637,22.9217],[106.5617,22.922],[106.5605,22.9234],[106.5597,22.9236],[106.559,22.9228],[106.5579,22.9227],[106.5529,22.9247],[106.5512,22.9243],[106.5496,22.926],[106.5479,22.9266],[106.547,22.9291],[106.5446,22.9282],[106.5435,22.9283],[106.5429,22.93],[106.543,22.9338],[106.5404,22.9356],[106.5403,22.9383],[106.5419,22.9411],[106.542,22.9425],[106.5354,22.9417],[106.5342,22.9425],[106.5333,22.9422],[106.5332,22.9405],[106.5312,22.9414],[106.5293,22.9412],[106.5294,22.9442],[106.5276,22.9448],[106.5268,22.9456],[106.5266,22.9482],[106.5253,22.9487],[106.5242,22.9482],[106.5211,22.9487],[106.5196,22.9476],[106.5192,22.9467],[106.5149,22.9475],[106.5122,22.9466],[106.5112,22.9453],[106.5111,22.9443],[106.5103,22.9439],[106.5111,22.9421],[106.5098,22.9406],[106.5095,22.9387],[106.5074,22.9345],[106.5068,22.9316],[106.5053,22.9314],[106.5041,22.9295],[106.503,22.9302],[106.501,22.9304],[106.5,22.9288],[106.5015,22.9248],[106.5038,22.9237],[106.5006,22.9212],[106.5003,22.9203],[106.4989,22.9191],[106.4993,22.9176],[106.5023,22.9165],[106.5035,22.9167],[106.5032,22.9158],[106.5038,22.9151],[106.5035,22.9145],[106.5003,22.914],[106.5005,22.9125],[106.5016,22.9117],[106.5025,22.9119],[106.5023,22.9105],[106.5011,22.9099],[106.501,22.9082],[106.5004,22.9075],[106.4993,22.9074],[106.498,22.9053],[106.4968,22.9054],[106.4953,22.9077],[106.494,22.9079],[106.4906,22.9067],[106.4894,22.9052],[106.4897,22.904],[106.4884,22.903],[106.4864,22.9019],[106.4857,22.9023],[106.4877,22.8996],[106.4878,22.8971],[106.4896,22.896],[106.4916,22.8926],[106.4911,22.8901],[106.4891,22.8898],[106.4882,22.8889],[106.4898,22.8861],[106.4902,22.8825],[106.4915,22.8807],[106.4937,22.8792],[106.4951,22.8802],[106.4974,22.8806],[106.4982,22.8801],[106.499,22.8776],[106.4991,22.8751],[106.4985,22.874],[106.4996,22.8722],[106.501,22.8713],[106.5032,22.8717],[106.5043,22.8727],[106.5076,22.873],[106.5083,22.874],[106.5093,22.8744],[106.5115,22.8741],[106.5133,22.8757],[106.5142,22.8752],[106.5145,22.8742],[106.5152,22.874],[106.516,22.8723],[106.5181,22.8712],[106.5197,22.8672],[106.5233,22.8675],[106.5238,22.868],[106.5239,22.8694],[106.5278,22.8682],[106.5296,22.866],[106.5325,22.8636],[106.5334,22.8609],[106.5363,22.8619],[106.5374,22.8612],[106.54,22.8611],[106.5421,22.8634],[106.5415,22.8668],[106.5433,22.8675],[106.5443,22.8668],[106.5466,22.867],[106.5482,22.8654],[106.55,22.8654],[106.5526,22.8635],[106.5519,22.8626],[106.5524,22.8608],[106.5513,22.8602],[106.5511,22.8589],[106.5575,22.8551],[106.5579,22.855],[106.5579,22.8556],[106.5588,22.8564],[106.5609,22.8558],[106.5616,22.857],[106.5663,22.8567],[106.5676,22.8557],[106.5685,22.8539],[106.5703,22.8527],[106.5723,22.8526],[106.5741,22.8503],[106.5771,22.8498],[106.5804,22.8504],[106.5822,22.8495],[106.5831,22.8487],[106.5833,22.8475],[106.5857,22.8457],[106.5881,22.8466],[106.5908,22.845],[106.5931,22.8442],[106.5964,22.8446],[106.597,22.8376],[106.5975,22.8371],[106.6002,22.8371],[106.6013,22.8348],[106.603,22.8344],[106.6037,22.8346],[106.605,22.8374],[106.6081,22.8394],[106.6103,22.8376],[106.6114,22.8381],[106.6139,22.8373],[106.6156,22.8352],[106.6156,22.8332],[106.6177,22.8327],[106.6186,22.8318],[106.619,22.8304],[106.6197,22.8319],[106.6187,22.833],[106.6185,22.8344],[106.6189,22.8349],[106.6215,22.8359],[106.6248,22.8387],[106.6268,22.8438],[106.6296,22.8459],[106.632,22.8496],[106.6324,22.8504],[106.6317,22.8516],[106.6322,22.8525],[106.6394,22.858],[106.639,22.8594],[106.6404,22.8597],[106.6414,22.8611],[106.6414,22.8621],[106.6391,22.8666],[106.6416,22.868],[106.6423,22.8696],[106.6414,22.8704],[106.6409,22.8719],[106.6421,22.8751]]]},"properties":{"code":"01489","name":"Đình Phong","nameEn":"Dinh Phong","fullName":"Xã Đình Phong","fullNameEn":"Dinh Phong Commune","codeName":"dinh_phong","postalCode":"21808","postalCodePrefix":"","gisServerId":"diaphanhanhchinhcapxa_2025.996","areaKm2":113.77},"id":"01489"},
{"type":"Feature","geometry":{"type":"Polygon","coordinates":[[[106.7331,22.8493],[106.7293,22.8511],[106.7235,22.8557],[106.7199,22.8569],[106.7187,22.8591],[106.7161,22.861],[106.7152,22.8631],[106.7138,22.863],[106.7128,22.864],[106.7115,22.8639],[106.71,22.8647],[106.7064,22.8684],[106.7096,22.8692],[106.713,22.8712],[106.7143,22.8705],[106.7164,22.8714],[106.7168,22.8733],[106.7164,22.875],[106.7179,22.8765],[106.7164,22.8792],[106.7149,22.8793],[106.7132,22.8787],[106.7117,22.8791],[106.7115,22.8802],[106.7088,22.8834],[106.7087,22.8847],[106.7078,22.8851],[106.707,22.8867],[106.7062,22.8889],[106.7036,22.8881],[106.7029,22.8892],[106.7021,22.8883],[106.7006,22.8883],[106.698,22.889],[106.6954,22.8907],[106.6915,22.8917],[106.6896,22.8908],[106.6867,22.8906],[106.6868,22.8893],[106.6853,22.889],[106.6844,22.8882],[106.6817,22.8884],[106.6803,22.8866],[106.6767,22.8883],[106.6768,22.8893],[106.6781,22.8906],[106.6777,22.8919],[106.6752,22.8926],[106.6735,22.8912],[106.6694,22.893],[106.6662,22.8897],[106.6652,22.8878],[106.6666,22.8866],[106.6671,22.8835],[106.667,22.8815],[106.6655,22.8807],[106.6662,22.8794],[106.6657,22.8779],[106.6668,22.8771],[106.6666,22.876],[106.6631,22.875],[106.6629,22.8733],[106.6604,22.8714],[106.6591,22.8718],[106.6579,22.8714],[106.657,22.8695],[106.6552,22.8687],[106.6543,22.866],[106.6531,22.8657],[106.65,22.8674],[106.6487,22.8673],[106.646,22.8699],[106.646,22.8708],[106.6451,22.8718],[106.6454,22.8726],[106.6449,22.8745],[106.6432,22.8745],[106.6421,22.8751],[106.6409,22.8719],[106.6414,22.8704],[106.6423,22.8696],[106.6416,22.868],[106.6391,22.8666],[106.6414,22.8621],[106.6414,22.8611],[106.6404,22.8597],[106.639,22.8594],[106.6394,22.858],[106.6322,22.8525],[106.6317,22.8516],[106.6324,22.8504],[106.632,22.8496],[106.6296,22.8459],[106.6268,22.8438],[106.6248,22.8387],[106.6215,22.8359],[106.6189,22.8349],[106.6185,22.8344],[106.6187,22.833],[106.6197,22.8319],[106.619,22.8304],[106.6186,22.8318],[106.6177,22.8327],[106.6156,22.8332],[106.6156,22.8352],[106.6139,22.8373],[106.6114,22.8381],[106.6103,22.8376],[106.6081,22.8394],[106.605,22.8374],[106.6037,22.8346],[106.603,22.8344],[106.6013,22.8348],[106.6002,22.8371],[106.5975,22.8371],[106.597,22.8376],[106.5964,22.8446],[106.5931,22.8442],[106.5908,22.845],[106.5881,22.8466],[106.5857,22.8457],[106.5833,22.8475],[106.5831,22.8487],[106.5822,22.8495],[106.5804,22.8504],[106.5771,22.8498],[106.5741,22.8503],[106.5723,22.8526],[106.5703,22.8527],[106.5685,22.8539],[106.5676,22.8557],[106.5663,22.8567],[106.566,22.8538],[106.5666,22.8512],[106.5687,22.8477],[106.5662,22.8467],[106.5657,22.8458],[106.5643,22.8451],[106.5623,22.8426],[106.56,22.8407],[106.5604,22.8396],[106.5602,22.835],[106.5611,22.8319],[106.5603,22.8299],[106.5619,22.8284],[106.5633,22.8282],[106.5625,22.8272],[106.5621,22.8199],[106.5628,22.8185],[106.5623,22.8131],[106.566,22.8143],[106.5699,22.8143],[106.5758,22.8136],[106.5767,22.8141],[106.579,22.8147],[106.58,22.8138],[106.5818,22.8134],[106.5816,22.8112],[106.5821,22.8105],[106.5866,22.8072],[106.5898,22.8063],[106.5877,22.8043],[106.5901,22.803],[106.5911,22.8007],[106.5958,22.7978],[106.604,22.7875],[106.6064,22.7873],[106.6078,22.7861],[106.6119,22.7855],[106.6127,22.7845],[106.614,22.7839],[106.6158,22.7818],[106.6206,22.7809],[106.6211,22.7802],[106.6306,22.7842],[106.6327,22.7832],[106.6358,22.7826],[106.6371,22.7829],[106.6424,22.7823],[106.6467,22.785],[106.65,22.7844],[106.6522,22.7849],[106.6549,22.7845],[106.6532,22.7893],[106.6523,22.7901],[106.6522,22.7916],[106.6531,22.7933],[106.6546,22.7947],[106.6568,22.7953],[106.6573,22.7948],[106.6587,22.7947],[106.6651,22.7972],[106.667,22.7969],[106.6687,22.7975],[106.6702,22.7992],[106.6721,22.7995],[106.6743,22.8014],[106.6756,22.802],[106.6772,22.8018],[106.6799,22.8026],[106.6826,22.8013],[106.684,22.8039],[106.6837,22.8056],[106.6849,22.8058],[106.6858,22.8086],[106.6873,22.8081],[106.6921,22.8086],[106.6931,22.8082],[106.6948,22.8083],[106.6955,22.8071],[106.6979,22.8072],[106.6993,22.8076],[106.7004,22.8094],[106.702,22.8103],[106.7038,22.8122],[106.7041,22.8135],[106.7057,22.8153],[106.7058,22.8179],[106.7073,22.8181],[106.7108,22.8201],[106.7109,22.8215],[106.7119,22.8233],[106.7143,22.8242],[106.7153,22.8269],[106.7176,22.827],[106.7182,22.8279],[106.7194,22.8279],[106.7228,22.8302],[106.7223,22.8337],[106.7231,22.8341],[106.7246,22.8369],[106.7242,22.838],[106.7248,22.839],[106.7245,22.8411],[106.7264,22.8421],[106.7261,22.8435],[106.7265,22.8446],[106.7258,22.8459],[106.726,22.8463],[106.7271,22.8473],[106.7293,22.8478],[106.7304,22.8487],[106.7331,22.8493]]]},"properties":{"code":"01501","name":"Đàm Thuỷ","nameEn":"Dam Thuy","fullName":"Xã Đàm Thuỷ","fullNameEn":"Dam Thuy Commune","codeName":"dam_thuy","postalCode":"21825","postalCodePrefix":"","gisServerId":"diaphanhanhchinhcapxa_2025.993","areaKm2":114.63},"id":"01501"},
{"type":"Feature","geometry":{"type":"Polygon","coordinates":[[[106.4518,22.8259],[106.4485,22.8249],[106.4472,22.8253],[106.4449,22.8275],[106.4433,22.8273],[106.4422,22.8263],[106.4437,22.8248],[106.4439,22.8235],[106.4426,22.8209],[106.4387,22.8189],[106.4369,22.819],[106.4332,22.8216],[106.4302,22.821],[106.4286,22.8224],[106.4265,22.8221],[106.4262,22.8207],[106.4267,22.8192],[106.4324,22.8148],[106.4331,22.8137],[106.4331,22.8118],[106.4318,22.8104],[106.4293,22.8113],[106.4262,22.8101],[106.4252,22.8094],[106.4246,22.8076],[106.4232,22.806],[106.42,22.8045],[106.4175,22.8045],[106.4199,22.8019],[106.4167,22.8014],[106.4124,22.8019],[106.4056,22.8062],[106.4024,22.8049],[106.3987,22.8051],[106.3984,22.8012],[106.3975,22.7985],[106.3977,22.7975],[106.3983,22.7964],[106.3993,22.796],[106.4007,22.7972],[106.4018,22.797],[106.403,22.7961],[106.4041,22.7929],[106.4036,22.7915],[106.4065,22.7936],[106.4103,22.7943],[106.412,22.793],[106.4131,22.7931],[106.4138,22.7916],[106.4154,22.7915],[106.4164,22.7902],[106.4176,22.7898],[106.4199,22.7867],[106.4214,22.7866],[106.4234,22.7848],[106.4239,22.7824],[106.4267,22.7822],[106.4292,22.7825],[106.4297,22.7858],[106.4364,22.793],[106.439,22.7909],[106.4462,22.7876],[106.4462,22.7856],[106.4475,22.7846],[106.4479,22.7811],[106.4502,22.7775],[106.4476,22.7752],[106.4472,22.774],[106.4503,22.7725],[106.4517,22.7706],[106.454,22.7691],[106.4553,22.7669],[106.4546,22.7655],[106.455,22.7646],[106.4547,22.7635],[106.4555,22.7632],[106.4547,22.7619],[106.4556,22.7594],[106.4586,22.7582],[106.4592,22.7573],[106.4622,22.7555],[106.4626,22.7544],[106.465,22.7523],[106.4672,22.7511],[106.4684,22.7492],[106.4678,22.7478],[106.469,22.7452],[106.4717,22.746],[106.4765,22.7457],[106.4778,22.7452],[106.4792,22.7463],[106.4802,22.7463],[106.4813,22.7418],[106.4822,22.7399],[106.4835,22.7397],[106.485,22.7385],[106.4858,22.7385],[106.4875,22.7403],[106.4884,22.7434],[106.4907,22.7431],[106.4917,22.742],[106.4918,22.7395],[106.4947,22.7381],[106.496,22.7351],[106.5001,22.7341],[106.5011,22.7325],[106.5017,22.7324],[106.5019,22.7326],[106.5035,22.7329],[106.505,22.7344],[106.5068,22.7335],[106.5101,22.7344],[106.5119,22.7354],[106.5127,22.7338],[106.5142,22.7334],[106.5149,22.7326],[106.5173,22.7327],[106.5174,22.7314],[106.5197,22.7297],[106.5213,22.727],[106.5212,22.7255],[106.5231,22.7235],[106.5231,22.7223],[106.5242,22.722],[106.5249,22.721],[106.5253,22.7175],[106.5237,22.7167],[106.5243,22.7154],[106.5241,22.7114],[106.5235,22.7099],[106.5241,22.709],[106.5254,22.7087],[106.5277,22.7058],[106.5302,22.7061],[106.5314,22.7042],[106.5345,22.7038],[106.5368,22.7041],[106.5395,22.7065],[106.5419,22.7065],[106.544,22.7092],[106.5455,22.7125],[106.5472,22.7144],[106.5501,22.7132],[106.5529,22.7129],[106.5537,22.715],[106.5548,22.7162],[106.5549,22.7197],[106.5537,22.7203],[106.5539,22.7226],[106.5553,22.7244],[106.5584,22.7262],[106.5593,22.728],[106.5577,22.7293],[106.5562,22.7316],[106.5577,22.7336],[106.5571,22.7351],[106.558,22.7372],[106.5577,22.7395],[106.5628,22.7406],[106.5654,22.7387],[106.5666,22.7391],[106.5676,22.7397],[106.5682,22.7422],[106.5706,22.7445],[106.5713,22.7462],[106.5729,22.7471],[106.576,22.7481],[106.5772,22.7491],[106.5795,22.7498],[106.5806,22.7519],[106.5821,22.7532],[106.5823,22.7542],[106.5784,22.7578],[106.5765,22.762],[106.5781,22.7621],[106.579,22.7629],[106.5793,22.7639],[106.5811,22.7652],[106.5824,22.7657],[106.5849,22.7656],[106.5875,22.7689],[106.5888,22.7692],[106.5934,22.7737],[106.5967,22.772],[106.5985,22.7723],[106.5998,22.7718],[106.6017,22.7724],[106.6055,22.7758],[106.6055,22.7771],[106.6073,22.7783],[106.607,22.7836],[106.6072,22.7857],[106.6078,22.7861],[106.6064,22.7873],[106.604,22.7875],[106.5958,22.7978],[106.5911,22.8007],[106.5901,22.803],[106.5877,22.8043],[106.5898,22.8063],[106.5866,22.8072],[106.5821,22.8105],[106.5816,22.8112],[106.5818,22.8134],[106.58,22.8138],[106.579,22.8147],[106.5767,22.8141],[106.5758,22.8136],[106.5699,22.8143],[106.566,22.8143],[106.5623,22.8131],[106.5602,22.8121],[106.5566,22.8114],[106.5551,22.8095],[106.5476,22.8054],[106.544,22.8044],[106.5411,22.8045],[106.539,22.8033],[106.5388,22.8023],[106.5394,22.8012],[106.5404,22.8008],[106.5367,22.7987],[106.5375,22.7983],[106.5386,22.7958],[106.5369,22.7935],[106.536,22.7931],[106.5376,22.7932],[106.5385,22.7924],[106.5395,22.7932],[106.5458,22.7943],[106.5475,22.7936],[106.5481,22.7929],[106.548,22.7913],[106.5453,22.7889],[106.5441,22.7885],[106.5455,22.7871],[106.5456,22.785],[106.5454,22.7837],[106.5441,22.7818],[106.5448,22.7804],[106.5441,22.7792],[106.5436,22.7786],[106.5427,22.7777],[106.5413,22.7773],[106.5401,22.775],[106.5416,22.774],[106.5432,22.7736],[106.5442,22.7721],[106.5447,22.7706],[106.5438,22.7693],[106.5435,22.7676],[106.5432,22.767],[106.5415,22.7667],[106.54,22.7674],[106.5391,22.7685],[106.5338,22.7674],[106.5323,22.7682],[106.5318,22.7693],[106.531,22.7694],[106.5304,22.77],[106.5288,22.7693],[106.5268,22.7711],[106.5254,22.7711],[106.5236,22.7723],[106.5242,22.7746],[106.52,22.7745],[106.5184,22.7734],[106.5173,22.7733],[106.5175,22.7722],[106.5164,22.7716],[106.5151,22.7716],[106.5129,22.7707],[106.5129,22.7714],[106.5135,22.7723],[106.5134,22.7733],[106.5129,22.7745],[106.5115,22.7758],[106.5089,22.7779],[106.5062,22.7793],[106.5038,22.7792],[106.5007,22.7817],[106.4995,22.7842],[106.4954,22.7866],[106.4934,22.7867],[106.4893,22.7878],[106.4891,22.7846],[106.4851,22.7848],[106.4846,22.7863],[106.4835,22.7882],[106.483,22.7883],[106.4832,22.7924],[106.4829,22.7937],[106.4817,22.7948],[106.4817,22.7968],[106.4828,22.7988],[106.4778,22.8025],[106.4767,22.8046],[106.4767,22.8054],[106.473,22.8053],[106.4721,22.8084],[106.4702,22.8087],[106.4689,22.8096],[106.4697,22.8124],[106.4686,22.8146],[106.4697,22.8167],[106.4688,22.8194],[106.4696,22.8206],[106.4696,22.8233],[106.467,22.8246],[106.4645,22.8239],[106.4634,22.8243],[106.4628,22.8235],[106.4619,22.8236],[106.4611,22.8243],[106.4572,22.8247],[106.455,22.8241],[106.454,22.825],[106.4528,22.8251],[106.4518,22.8259]]]},"properties":{"code":"01525","name":"Đoài Dương","nameEn":"Doai Duong","fullName":"Xã Đoài Dương","fullNameEn":"Doai Duong Commune","codeName":"doai_duong","postalCode":"21818","postalCodePrefix":"","gisServerId":"diaphanhanhchinhcapxa_2025.1002","areaKm2":114.48},"id":"01525"},
{"type":"Feature","geometry":{"type":"Polygon","coordinates":[[[106.7619,22.7326],[106.7639,22.7326],[106.7659,22.7347],[106.7683,22.7359],[106.7696,22.7379],[106.7648,22.7411],[106.7658,22.7428],[106.7669,22.7433],[106.7673,22.7448],[106.7718,22.745],[106.7728,22.7443],[106.775,22.7444],[106.7766,22.7465],[106.7773,22.7467],[106.7776,22.7484],[106.7768,22.7494],[106.779,22.7515],[106.78,22.752],[106.7827,22.7516],[106.7838,22.7541],[106.7858,22.7536],[106.7881,22.7539],[106.788,22.7589],[106.7886,22.7596],[106.7901,22.7599],[106.7892,22.7621],[106.7868,22.7642],[106.7845,22.7652],[106.7846,22.766],[106.7858,22.7671],[106.7915,22.7655],[106.7928,22.7645],[106.7943,22.7655],[106.7932,22.769],[106.7956,22.7706],[106.7979,22.7707],[106.8006,22.7688],[106.802,22.7687],[106.8023,22.77],[106.8064,22.7692],[106.8095,22.7699],[106.8106,22.7716],[106.8131,22.7708],[106.8158,22.7716],[106.8179,22.7717],[106.8185,22.7735],[106.8196,22.7738],[106.8228,22.7774],[106.8235,22.779],[106.824,22.7791],[106.8216,22.7835],[106.8238,22.7865],[106.8237,22.789],[106.8264,22.791],[106.8284,22.7915],[106.8286,22.7932],[106.8304,22.7952],[106.8316,22.7959],[106.8313,22.8008],[106.8336,22.8015],[106.8344,22.8012],[106.8347,22.8019],[106.8373,22.8029],[106.8367,22.8041],[106.8356,22.8047],[106.8358,22.8054],[106.8352,22.8063],[106.8324,22.8068],[106.8323,22.8086],[106.8292,22.8089],[106.8276,22.8116],[106.828,22.813],[106.8272,22.8139],[106.8258,22.8138],[106.8239,22.8127],[106.8228,22.8133],[106.8224,22.8156],[106.8211,22.8164],[106.8221,22.8173],[106.8179,22.8201],[106.8142,22.8198],[106.8081,22.8211],[106.8059,22.8211],[106.8039,22.8203],[106.8028,22.8193],[106.8007,22.8198],[106.7991,22.8195],[106.7965,22.8174],[106.7958,22.8158],[106.7949,22.8153],[106.7926,22.8148],[106.7889,22.8155],[106.7853,22.814],[106.7804,22.8158],[106.7798,22.8173],[106.7768,22.8163],[106.7739,22.8172],[106.7705,22.8158],[106.7701,22.8153],[106.7702,22.8137],[106.7668,22.8113],[106.7652,22.8113],[106.7647,22.813],[106.7655,22.8157],[106.7674,22.8191],[106.7675,22.8219],[106.7689,22.8268],[106.7642,22.8281],[106.7596,22.8303],[106.7532,22.8316],[106.7532,22.833],[106.7519,22.8357],[106.7445,22.839],[106.7428,22.8404],[106.7431,22.8428],[106.7421,22.8441],[106.7388,22.845],[106.737,22.8481],[106.7331,22.8493],[106.7304,22.8487],[106.7293,22.8478],[106.7271,22.8473],[106.726,22.8463],[106.7258,22.8459],[106.7265,22.8446],[106.7261,22.8435],[106.7264,22.8421],[106.7245,22.8411],[106.7248,22.839],[106.7242,22.838],[106.7246,22.8369],[106.7231,22.8341],[106.7223,22.8337],[106.7228,22.8302],[106.7194,22.8279],[106.7182,22.8279],[106.7176,22.827],[106.7153,22.8269],[106.7143,22.8242],[106.7119,22.8233],[106.7109,22.8215],[106.7108,22.8201],[106.7073,22.8181],[106.7058,22.8179],[106.7057,22.8153],[106.7041,22.8135],[106.7038,22.8122],[106.7033,22.8111],[106.7038,22.8098],[106.7035,22.8083],[106.7045,22.8076],[106.7047,22.8062],[106.7071,22.8026],[106.7071,22.7992],[106.7065,22.7972],[106.7073,22.7957],[106.7065,22.7951],[106.7025,22.7946],[106.7018,22.7923],[106.7013,22.7917],[106.7024,22.7915],[106.7042,22.789],[106.7033,22.7874],[106.7031,22.7856],[106.7014,22.7839],[106.7019,22.7825],[106.7045,22.7801],[106.7051,22.7772],[106.7051,22.7761],[106.7039,22.7744],[106.7033,22.7708],[106.7026,22.7697],[106.7032,22.7667],[106.7062,22.7647],[106.7071,22.7622],[106.7089,22.7605],[106.7093,22.7579],[106.7097,22.7576],[106.711,22.76],[106.7122,22.7605],[106.7129,22.7604],[106.7171,22.7584],[106.7201,22.7553],[106.7217,22.7553],[106.7235,22.7563],[106.7273,22.7543],[106.7286,22.7529],[106.731,22.7523],[106.7313,22.7511],[106.7332,22.7501],[106.7338,22.7491],[106.7335,22.7475],[106.7322,22.7473],[106.7315,22.7466],[106.7342,22.7411],[106.7365,22.74],[106.7355,22.7382],[106.7367,22.7372],[106.738,22.7334],[106.7424,22.7312],[106.7438,22.7319],[106.7446,22.7317],[106.7457,22.7304],[106.747,22.7276],[106.7491,22.7288],[106.7509,22.7314],[106.7511,22.7326],[106.756,22.7321],[106.7582,22.7328],[106.7619,22.7326]]]},"properties":{"code":"01537","name":"Lý Quốc","nameEn":"Ly Quoc","fullName":"Xã Lý Quốc","fullNameEn":"Ly Quoc Commune","codeName":"ly_quoc","postalCode":"21709","postalCodePrefix":"","gisServerId":"diaphanhanhchinhcapxa_2025.998","areaKm2":102.18},"id":"01537"},
{"type":"Feature","geometry":{"type":"Polygon","coordinates":[[[106.7619,22.7326],[106.7582,22.7328],[106.756,22.7321],[106.7511,22.7326],[106.7509,22.7314],[106.7491,22.7288],[106.747,22.7276],[106.7457,22.7304],[106.7446,22.7317],[106.7438,22.7319],[106.7424,22.7312],[106.738,22.7334],[106.7367,22.7372],[106.7355,22.7382],[106.7365,22.74],[106.7342,22.7411],[106.7315,22.7466],[106.7322,22.7473],[106.7335,22.7475],[106.7338,22.7491],[106.7332,22.7501],[106.7313,22.7511],[106.731,22.7523],[106.7286,22.7529],[106.7273,22.7543],[106.7235,22.7563],[106.7217,22.7553],[106.7201,22.7553],[106.7171,22.7584],[106.7129,22.7604],[106.7122,22.7605],[106.711,22.76],[106.7097,22.7576],[106.7093,22.7579],[106.7089,22.7605],[106.7071,22.7622],[106.7062,22.7647],[106.7032,22.7667],[106.7026,22.7697],[106.7033,22.7708],[106.7039,22.7744],[106.7051,22.7761],[106.7051,22.7772],[106.7045,22.7801],[106.7019,22.7825],[106.7014,22.7839],[106.7031,22.7856],[106.7033,22.7874],[106.7042,22.789],[106.7024,22.7915],[106.7013,22.7917],[106.7018,22.7923],[106.7025,22.7946],[106.7065,22.7951],[106.7073,22.7957],[106.7065,22.7972],[106.7071,22.7992],[106.7071,22.8026],[106.7047,22.8062],[106.7045,22.8076],[106.7035,22.8083],[106.7038,22.8098],[106.7033,22.8111],[106.7038,22.8122],[106.702,22.8103],[106.7004,22.8094],[106.6993,22.8076],[106.6979,22.8072],[106.6955,22.8071],[106.6948,22.8083],[106.6931,22.8082],[106.6921,22.8086],[106.6873,22.8081],[106.6858,22.8086],[106.6849,22.8058],[106.6837,22.8056],[106.684,22.8039],[106.6826,22.8013],[106.6799,22.8026],[106.6772,22.8018],[106.6756,22.802],[106.6743,22.8014],[106.6721,22.7995],[106.6702,22.7992],[106.6687,22.7975],[106.667,22.7969],[106.6651,22.7972],[106.6587,22.7947],[106.6573,22.7948],[106.6568,22.7953],[106.6546,22.7947],[106.6531,22.7933],[106.6522,22.7916],[106.6523,22.7901],[106.6532,22.7893],[106.6549,22.7845],[106.6522,22.7849],[106.65,22.7844],[106.6467,22.785],[106.6424,22.7823],[106.6371,22.7829],[106.6358,22.7826],[106.6327,22.7832],[106.6306,22.7842],[106.6211,22.7802],[106.6206,22.7809],[106.6158,22.7818],[106.614,22.7839],[106.6127,22.7845],[106.6119,22.7855],[106.6078,22.7861],[106.6072,22.7857],[106.607,22.7836],[106.6073,22.7783],[106.6055,22.7771],[106.6055,22.7758],[106.6017,22.7724],[106.604,22.767],[106.6074,22.7657],[106.6071,22.7637],[106.6074,22.7622],[106.61,22.7612],[106.6113,22.7594],[106.6149,22.7595],[106.6149,22.7587],[106.6158,22.7575],[106.6191,22.7558],[106.6189,22.753],[106.6204,22.752],[106.6206,22.7503],[106.6223,22.7498],[106.6227,22.7462],[106.6266,22.7432],[106.6283,22.7431],[106.629,22.742],[106.6304,22.7414],[106.6304,22.74],[106.6317,22.7379],[106.6352,22.7363],[106.6356,22.7339],[106.635,22.7328],[106.6366,22.7306],[106.6377,22.7308],[106.6384,22.7317],[106.6399,22.73],[106.6422,22.7296],[106.6422,22.7287],[106.643,22.7276],[106.6444,22.7276],[106.6461,22.7264],[106.6462,22.7249],[106.6453,22.7215],[106.6464,22.7192],[106.6465,22.7178],[106.6505,22.7155],[106.6516,22.7157],[106.6529,22.7156],[106.6546,22.7173],[106.6559,22.7172],[106.6568,22.7169],[106.6579,22.7155],[106.66,22.7148],[106.663,22.7147],[106.6634,22.7133],[106.6625,22.7123],[106.6625,22.7118],[106.6645,22.711],[106.6738,22.7145],[106.6791,22.7194],[106.6803,22.716],[106.6801,22.7135],[106.6817,22.7119],[106.6803,22.7097],[106.6818,22.7071],[106.6837,22.7083],[106.6851,22.7067],[106.6833,22.7033],[106.6808,22.7022],[106.6799,22.701],[106.6782,22.7008],[106.6799,22.6995],[106.6823,22.6988],[106.6825,22.6975],[106.6856,22.6928],[106.687,22.6916],[106.6879,22.6889],[106.6898,22.687],[106.6912,22.6842],[106.6968,22.6832],[106.6997,22.684],[106.705,22.6847],[106.7085,22.6837],[106.7089,22.6814],[106.7114,22.6806],[106.712,22.6793],[106.7131,22.6789],[106.7142,22.6763],[106.7164,22.6759],[106.7173,22.6752],[106.7171,22.6734],[106.7225,22.6678],[106.7275,22.6646],[106.7295,22.666],[106.7333,22.6631],[106.7349,22.663],[106.7366,22.6635],[106.7372,22.6632],[106.7413,22.6667],[106.7407,22.6699],[106.7411,22.6702],[106.7422,22.6707],[106.7457,22.6705],[106.7487,22.6712],[106.7492,22.6724],[106.7511,22.6738],[106.7545,22.6729],[106.7577,22.675],[106.7577,22.6774],[106.7582,22.6785],[106.7578,22.6791],[106.7584,22.6795],[106.7584,22.6807],[106.7603,22.6822],[106.7591,22.6835],[106.7607,22.6854],[106.7565,22.6883],[106.7562,22.6903],[106.7544,22.6902],[106.7538,22.6905],[106.7542,22.6914],[106.7525,22.6927],[106.7533,22.6967],[106.7543,22.6973],[106.7595,22.6978],[106.7614,22.6984],[106.763,22.7002],[106.7636,22.7],[106.7647,22.7011],[106.7656,22.7009],[106.7661,22.702],[106.7673,22.7024],[106.7649,22.7045],[106.7657,22.7057],[106.7686,22.7059],[106.7702,22.7071],[106.7715,22.7073],[106.7724,22.7068],[106.7735,22.7072],[106.7774,22.7069],[106.7798,22.7083],[106.7783,22.7107],[106.773,22.7129],[106.7704,22.7149],[106.7701,22.7164],[106.7693,22.7173],[106.7681,22.7178],[106.7662,22.7174],[106.7649,22.718],[106.766,22.7193],[106.7653,22.7196],[106.7646,22.7216],[106.7657,22.7227],[106.7658,22.7238],[106.7647,22.7255],[106.7645,22.7275],[106.7633,22.7281],[106.7625,22.7295],[106.7608,22.7297],[106.7609,22.7308],[106.7619,22.7326]]]},"properties":{"code":"01552","name":"Quang Long","nameEn":"Quang Long","fullName":"Xã Quang Long","fullNameEn":"Quang Long Commune","codeName":"quang_long","postalCode":"21707","postalCodePrefix":"","gisServerId":"diaphanhanhchinhcapxa_2025.997","areaKm2":130.15},"id":"01552"},
{"type":"Feature","geometry":{"type":"Polygon","coordinates":[[[106.7372,22.6632],[106.7366,22.6635],[106.7349,22.663],[106.7333,22.6631],[106.7295,22.666],[106.7275,22.6646],[106.7225,22.6678],[106.7171,22.6734],[106.7173,22.6752],[106.7164,22.6759],[106.7142,22.6763],[106.7131,22.6789],[106.712,22.6793],[106.7114,22.6806],[106.7089,22.6814],[106.7085,22.6837],[106.705,22.6847],[106.6997,22.684],[106.6968,22.6832],[106.6912,22.6842],[106.6898,22.687],[106.6879,22.6889],[106.687,22.6916],[106.6856,22.6928],[106.6825,22.6975],[106.6823,22.6988],[106.6799,22.6995],[106.6782,22.7008],[106.6799,22.701],[106.6808,22.7022],[106.6833,22.7033],[106.6851,22.7067],[106.6837,22.7083],[106.6818,22.7071],[106.6803,22.7097],[106.6817,22.7119],[106.6801,22.7135],[106.6803,22.716],[106.6791,22.7194],[106.6738,22.7145],[106.6645,22.711],[106.6625,22.7118],[106.6625,22.7123],[106.6634,22.7133],[106.663,22.7147],[106.66,22.7148],[106.6579,22.7155],[106.6568,22.7169],[106.6559,22.7172],[106.6546,22.7173],[106.6529,22.7156],[106.6516,22.7157],[106.6481,22.7142],[106.6471,22.7128],[106.6461,22.7094],[106.6452,22.7085],[106.6455,22.7046],[106.6449,22.7019],[106.6464,22.7006],[106.6466,22.6957],[106.6482,22.6929],[106.651,22.6909],[106.6523,22.6887],[106.6528,22.6896],[106.654,22.6888],[106.6564,22.6894],[106.6575,22.6886],[106.6603,22.688],[106.658,22.6863],[106.6566,22.6861],[106.6562,22.6846],[106.6607,22.6778],[106.6597,22.6757],[106.6568,22.6748],[106.6547,22.6729],[106.6521,22.6734],[106.6531,22.6707],[106.6543,22.6692],[106.6564,22.6677],[106.6605,22.6668],[106.667,22.6675],[106.6683,22.6683],[106.6707,22.668],[106.6749,22.6684],[106.6761,22.6705],[106.6768,22.6708],[106.678,22.6701],[106.6796,22.6678],[106.6795,22.6635],[106.6811,22.66],[106.6849,22.6609],[106.6854,22.6593],[106.6843,22.6572],[106.6862,22.656],[106.6883,22.656],[106.69,22.6572],[106.692,22.6574],[106.6984,22.6552],[106.6989,22.6542],[106.6993,22.6506],[106.6973,22.6493],[106.6953,22.6471],[106.695,22.6466],[106.6957,22.645],[106.6937,22.6451],[106.6904,22.6435],[106.6891,22.6436],[106.6879,22.6427],[106.6888,22.6416],[106.688,22.6412],[106.6884,22.6396],[106.6876,22.6382],[106.6862,22.6377],[106.6869,22.6335],[106.6848,22.6322],[106.6826,22.6323],[106.6801,22.6334],[106.6786,22.6321],[106.6754,22.6331],[106.6682,22.6312],[106.6662,22.6311],[106.6602,22.6321],[106.6598,22.6314],[106.6609,22.629],[106.663,22.6274],[106.6594,22.6259],[106.6568,22.625],[106.6529,22.6254],[106.6506,22.624],[106.647,22.6249],[106.645,22.6261],[106.6463,22.624],[106.6462,22.6226],[106.6472,22.6222],[106.6474,22.621],[106.6485,22.62],[106.6486,22.6191],[106.6457,22.6165],[106.6445,22.6164],[106.6457,22.6154],[106.6464,22.6138],[106.6478,22.6138],[106.6493,22.6117],[106.6541,22.6096],[106.6516,22.6074],[106.6515,22.6066],[106.6528,22.6043],[106.6527,22.6006],[106.6538,22.5982],[106.653,22.5947],[106.6539,22.5919],[106.6525,22.5907],[106.6518,22.5885],[106.6537,22.5873],[106.656,22.5866],[106.6574,22.5844],[106.6558,22.5811],[106.6556,22.5792],[106.6561,22.5768],[106.6574,22.5758],[106.6604,22.5762],[106.6632,22.5755],[106.6655,22.5776],[106.6673,22.5776],[106.6719,22.5796],[106.6737,22.5794],[106.6753,22.5786],[106.6766,22.5814],[106.6778,22.5818],[106.678,22.5823],[106.6813,22.5816],[106.6821,22.5804],[106.6831,22.5805],[106.6835,22.5798],[106.6847,22.5797],[106.6857,22.5816],[106.6872,22.5808],[106.6886,22.5827],[106.6894,22.5824],[106.6906,22.5829],[106.6915,22.5825],[106.6923,22.5827],[106.6935,22.5848],[106.6943,22.5839],[106.7003,22.5824],[106.7014,22.5815],[106.7088,22.5779],[106.709,22.579],[106.7114,22.5803],[106.7111,22.5807],[106.716,22.5829],[106.7203,22.5862],[106.7233,22.5879],[106.7231,22.5892],[106.722,22.5896],[106.7219,22.5905],[106.7231,22.592],[106.7256,22.5935],[106.7285,22.5937],[106.7287,22.5943],[106.7283,22.5949],[106.7291,22.5975],[106.7282,22.5984],[106.7287,22.5996],[106.7297,22.6],[106.7299,22.6012],[106.7315,22.6015],[106.7272,22.6047],[106.7259,22.6052],[106.7254,22.6064],[106.7229,22.6071],[106.7225,22.6088],[106.7196,22.6071],[106.7171,22.6087],[106.717,22.6103],[106.7158,22.6105],[106.715,22.6123],[106.7147,22.6146],[106.7163,22.6159],[106.7162,22.6163],[106.7212,22.6179],[106.7232,22.6172],[106.7241,22.6179],[106.7236,22.6196],[106.7253,22.6215],[106.7242,22.6222],[106.726,22.6256],[106.7265,22.6273],[106.7293,22.6305],[106.7289,22.6317],[106.7291,22.6331],[106.7267,22.6357],[106.724,22.6362],[106.7223,22.6379],[106.7239,22.6399],[106.7239,22.641],[106.726,22.642],[106.7256,22.645],[106.7297,22.6466],[106.7329,22.6493],[106.7328,22.6509],[106.7304,22.6549],[106.7316,22.6559],[106.7347,22.6557],[106.7356,22.6561],[106.7365,22.6605],[106.7378,22.6623],[106.7372,22.6632]]]},"properties":{"code":"01558","name":"Hạ Lang","nameEn":"Ha Lang","fullName":"Xã Hạ Lang","fullNameEn":"Ha Lang Commune","codeName":"ha_lang","postalCode":"21720","postalCodePrefix":"","gisServerId":"diaphanhanhchinhcapxa_2025.994","areaKm2":81.13},"id":"01558"},
{"type":"Feature","geometry":{"type":"Polygon","coordinates":[[[106.6017,22.7724],[106.5998,22.7718],[106.5985,22.7723],[106.5967,22.772],[106.5934,22.7737],[106.5888,22.7692],[106.5875,22.7689],[106.5849,22.7656],[106.5824,22.7657],[106.5811,22.7652],[106.5793,22.7639],[106.579,22.7629],[106.5781,22.7621],[106.5765,22.762],[106.5784,22.7578],[106.5823,22.7542],[106.5821,22.7532],[106.5806,22.7519],[106.5795,22.7498],[106.5772,22.7491],[106.576,22.7481],[106.5729,22.7471],[106.5713,22.7462],[106.5706,22.7445],[106.5682,22.7422],[106.5676,22.7397],[106.5666,22.7391],[106.5654,22.7387],[106.5628,22.7406],[106.5577,22.7395],[106.558,22.7372],[106.5571,22.7351],[106.5577,22.7336],[106.5562,22.7316],[106.5577,22.7293],[106.5593,22.728],[106.5584,22.7262],[106.5553,22.7244],[106.5539,22.7226],[106.5537,22.7203],[106.5549,22.7197],[106.5548,22.7162],[106.5537,22.715],[106.5529,22.7129],[106.5528,22.7097],[106.5519,22.7075],[106.5555,22.7065],[106.5572,22.7072],[106.5603,22.7073],[106.5614,22.7071],[106.5649,22.7048],[106.5664,22.7051],[106.5684,22.7047],[106.5693,22.7031],[106.5685,22.6995],[106.5738,22.6982],[106.5753,22.696],[106.5759,22.6957],[106.5745,22.6858],[106.5723,22.6825],[106.5712,22.6821],[106.5748,22.678],[106.5763,22.6778],[106.5784,22.6751],[106.5804,22.6747],[106.5864,22.672],[106.59,22.6718],[106.5909,22.6694],[106.5928,22.6695],[106.5942,22.6689],[106.5953,22.6675],[106.5954,22.6665],[106.5968,22.6672],[106.6002,22.666],[106.6032,22.6664],[106.6049,22.6641],[106.6054,22.661],[106.6047,22.6603],[106.6078,22.6572],[106.6082,22.656],[106.6076,22.6552],[106.6062,22.6548],[106.6044,22.6554],[106.6026,22.6549],[106.6001,22.6531],[106.5975,22.6477],[106.5944,22.645],[106.5885,22.6431],[106.5862,22.6433],[106.5841,22.6422],[106.5832,22.6407],[106.5852,22.6384],[106.5866,22.6379],[106.5863,22.637],[106.588,22.6352],[106.5875,22.6321],[106.5839,22.6304],[106.5838,22.6278],[106.5861,22.6266],[106.5902,22.6256],[106.5926,22.623],[106.5945,22.622],[106.5939,22.6189],[106.5928,22.6182],[106.5924,22.6165],[106.5917,22.6161],[106.5909,22.6145],[106.5891,22.6137],[106.5866,22.6083],[106.5888,22.6072],[106.5888,22.6058],[106.5923,22.6062],[106.5937,22.6047],[106.5956,22.6012],[106.5962,22.601],[106.5973,22.6017],[106.5981,22.6006],[106.5995,22.6016],[106.6013,22.6011],[106.6062,22.6024],[106.609,22.6024],[106.6112,22.605],[106.6117,22.6042],[106.6136,22.604],[106.6155,22.6045],[106.6171,22.6042],[106.6189,22.6051],[106.6199,22.6045],[106.621,22.6046],[106.6216,22.6053],[106.6219,22.6072],[106.6245,22.6061],[106.6253,22.6047],[106.6269,22.6045],[106.628,22.6054],[106.6307,22.6052],[106.6327,22.6039],[106.6324,22.6024],[106.6336,22.6018],[106.634,22.6005],[106.6323,22.5969],[106.6325,22.5957],[106.6337,22.5948],[106.6344,22.593],[106.634,22.5914],[106.6367,22.5908],[106.6381,22.5896],[106.6388,22.5886],[106.6383,22.5871],[106.6401,22.5853],[106.6439,22.5848],[106.6459,22.5833],[106.6473,22.5813],[106.6468,22.5789],[106.6475,22.5775],[106.6502,22.5766],[106.6525,22.5766],[106.6534,22.5759],[106.6561,22.5768],[106.6556,22.5792],[106.6558,22.5811],[106.6574,22.5844],[106.656,22.5866],[106.6537,22.5873],[106.6518,22.5885],[106.6525,22.5907],[106.6539,22.5919],[106.653,22.5947],[106.6538,22.5982],[106.6527,22.6006],[106.6528,22.6043],[106.6515,22.6066],[106.6516,22.6074],[106.6541,22.6096],[106.6493,22.6117],[106.6478,22.6138],[106.6464,22.6138],[106.6457,22.6154],[106.6445,22.6164],[106.6457,22.6165],[106.6486,22.6191],[106.6485,22.62],[106.6474,22.621],[106.6472,22.6222],[106.6462,22.6226],[106.6463,22.624],[106.645,22.6261],[106.647,22.6249],[106.6506,22.624],[106.6529,22.6254],[106.6568,22.625],[106.6594,22.6259],[106.663,22.6274],[106.6609,22.629],[106.6598,22.6314],[106.6602,22.6321],[106.6662,22.6311],[106.6682,22.6312],[106.6754,22.6331],[106.6786,22.6321],[106.6801,22.6334],[106.6826,22.6323],[106.6848,22.6322],[106.6869,22.6335],[106.6862,22.6377],[106.6876,22.6382],[106.6884,22.6396],[106.688,22.6412],[106.6888,22.6416],[106.6879,22.6427],[106.6891,22.6436],[106.6904,22.6435],[106.6937,22.6451],[106.6957,22.645],[106.695,22.6466],[106.6953,22.6471],[106.6973,22.6493],[106.6993,22.6506],[106.6989,22.6542],[106.6984,22.6552],[106.692,22.6574],[106.69,22.6572],[106.6883,22.656],[106.6862,22.656],[106.6843,22.6572],[106.6854,22.6593],[106.6849,22.6609],[106.6811,22.66],[106.6795,22.6635],[106.6796,22.6678],[106.678,22.6701],[106.6768,22.6708],[106.6761,22.6705],[106.6749,22.6684],[106.6707,22.668],[106.6683,22.6683],[106.667,22.6675],[106.6605,22.6668],[106.6564,22.6677],[106.6543,22.6692],[106.6531,22.6707],[106.6521,22.6734],[106.6547,22.6729],[106.6568,22.6748],[106.6597,22.6757],[106.6607,22.6778],[106.6562,22.6846],[106.6566,22.6861],[106.658,22.6863],[106.6603,22.688],[106.6575,22.6886],[106.6564,22.6894],[106.654,22.6888],[106.6528,22.6896],[106.6523,22.6887],[106.651,22.6909],[106.6482,22.6929],[106.6466,22.6957],[106.6464,22.7006],[106.6449,22.7019],[106.6455,22.7046],[106.6452,22.7085],[106.6461,22.7094],[106.6471,22.7128],[106.6481,22.7142],[106.6516,22.7157],[106.6505,22.7155],[106.6465,22.7178],[106.6464,22.7192],[106.6453,22.7215],[106.6462,22.7249],[106.6461,22.7264],[106.6444,22.7276],[106.643,22.7276],[106.6422,22.7287],[106.6422,22.7296],[106.6399,22.73],[106.6384,22.7317],[106.6377,22.7308],[106.6366,22.7306],[106.635,22.7328],[106.6356,22.7339],[106.6352,22.7363],[106.6317,22.7379],[106.6304,22.74],[106.6304,22.7414],[106.629,22.742],[106.6283,22.7431],[106.6266,22.7432],[106.6227,22.7462],[106.6223,22.7498],[106.6206,22.7503],[106.6204,22.752],[106.6189,22.753],[106.6191,22.7558],[106.6158,22.7575],[106.6149,22.7587],[106.6149,22.7595],[106.6113,22.7594],[106.61,22.7612],[106.6074,22.7622],[106.6071,22.7637],[106.6074,22.7657],[106.604,22.767],[106.6017,22.7724]]]},"properties":{"code":"01561","name":"Vinh Quý","nameEn":"Vinh Quy","fullName":"Xã Vinh Quý","fullNameEn":"Vinh Quy Commune","codeName":"vinh_quy","postalCode":"21715","postalCodePrefix":"","gisServerId":"diaphanhanhchinhcapxa_2025.995","areaKm2":143.05},"id":"01561"},
{"type":"Feature","geometry":{"type":"Polygon","coordinates":[[[106.4239,22.7824],[106.4234,22.7848],[106.4214,22.7866],[106.4199,22.7867],[106.4176,22.7898],[106.4164,22.7902],[106.4154,22.7915],[106.4138,22.7916],[106.4131,22.7931],[106.412,22.793],[106.4103,22.7943],[106.4065,22.7936],[106.4036,22.7915],[106.4014,22.7913],[106.3989,22.7901],[106.3977,22.7905],[106.3957,22.7901],[106.3947,22.7908],[106.3945,22.7931],[106.3927,22.7926],[106.3941,22.7898],[106.3942,22.7887],[106.388,22.7863],[106.3769,22.7856],[106.3671,22.787],[106.3619,22.785],[106.3589,22.7839],[106.3595,22.7817],[106.3591,22.7811],[106.3583,22.7806],[106.3574,22.7811],[106.3566,22.7808],[106.3571,22.7798],[106.3567,22.7777],[106.3576,22.7768],[106.3563,22.776],[106.3561,22.7741],[106.3548,22.7722],[106.3547,22.7712],[106.3561,22.7664],[106.3576,22.7649],[106.3578,22.7629],[106.363,22.7511],[106.3627,22.7499],[106.3633,22.7488],[106.3625,22.7477],[106.3632,22.7463],[106.3613,22.7439],[106.3596,22.7427],[106.3556,22.7432],[106.3544,22.7427],[106.3539,22.7422],[106.3537,22.7397],[106.3531,22.7385],[106.351,22.7369],[106.3534,22.7354],[106.353,22.7326],[106.355,22.7301],[106.3538,22.7279],[106.3535,22.726],[106.3555,22.7263],[106.3565,22.7272],[106.357,22.727],[106.3574,22.7265],[106.3574,22.7241],[106.3589,22.723],[106.3582,22.7218],[106.3583,22.7203],[106.3563,22.7181],[106.3571,22.7167],[106.355,22.7134],[106.3515,22.7125],[106.35,22.7128],[106.3505,22.712],[106.3505,22.7097],[106.3522,22.7065],[106.3515,22.7054],[106.3521,22.7044],[106.352,22.7032],[106.3538,22.7021],[106.3541,22.6965],[106.3591,22.6987],[106.3616,22.6962],[106.3667,22.6972],[106.3676,22.6962],[106.3691,22.6955],[106.3707,22.6934],[106.3721,22.6935],[106.3737,22.6943],[106.3733,22.6938],[106.3733,22.6922],[106.3806,22.6876],[106.3819,22.6855],[106.3835,22.6855],[106.3844,22.6845],[106.3847,22.6829],[106.3858,22.6826],[106.3875,22.6805],[106.3899,22.6786],[106.3908,22.6768],[106.3931,22.6749],[106.3967,22.6735],[106.404,22.6679],[106.4047,22.6678],[106.4054,22.6682],[106.4072,22.6709],[106.4079,22.6727],[106.4073,22.6747],[106.4074,22.6755],[106.4105,22.6775],[106.4112,22.6773],[106.413,22.678],[106.4142,22.6763],[106.416,22.6752],[106.4165,22.6737],[106.4178,22.673],[106.4209,22.6723],[106.4227,22.6728],[106.427,22.672],[106.4261,22.6703],[106.4208,22.6676],[106.4212,22.6662],[106.4234,22.6642],[106.4238,22.6627],[106.4251,22.6622],[106.427,22.6594],[106.4283,22.6587],[106.4301,22.6568],[106.433,22.6568],[106.4344,22.6562],[106.4347,22.6532],[106.4355,22.6521],[106.4379,22.6568],[106.4388,22.6615],[106.4437,22.6601],[106.4458,22.6617],[106.4468,22.6617],[106.4475,22.661],[106.4496,22.662],[106.4524,22.6616],[106.4491,22.6591],[106.4477,22.657],[106.4491,22.6563],[106.4495,22.654],[106.4516,22.6534],[106.4534,22.6523],[106.4558,22.6527],[106.4609,22.6512],[106.4587,22.6487],[106.4566,22.6483],[106.4567,22.6468],[106.4555,22.6455],[106.4561,22.6444],[106.4596,22.6412],[106.4632,22.6432],[106.4649,22.6401],[106.4691,22.6412],[106.47,22.6385],[106.4715,22.64],[106.4725,22.6405],[106.4713,22.6416],[106.4724,22.6443],[106.4737,22.6446],[106.4744,22.6452],[106.4743,22.6479],[106.4729,22.6488],[106.4756,22.6516],[106.4739,22.6543],[106.4742,22.6551],[106.4775,22.6564],[106.4775,22.6578],[106.4803,22.6598],[106.4829,22.66],[106.4834,22.6594],[106.4851,22.6588],[106.4855,22.6573],[106.4894,22.6557],[106.4902,22.6542],[106.4891,22.6523],[106.4895,22.6515],[106.4922,22.6511],[106.494,22.65],[106.4956,22.6481],[106.496,22.647],[106.4971,22.6462],[106.4964,22.6453],[106.4968,22.6435],[106.5011,22.6413],[106.5019,22.6404],[106.5123,22.6443],[106.5117,22.6464],[106.515,22.6487],[106.5156,22.6506],[106.5137,22.6576],[106.5121,22.6582],[106.5116,22.6594],[106.5066,22.6619],[106.5051,22.6641],[106.4983,22.6684],[106.4979,22.6709],[106.4956,22.6732],[106.494,22.6735],[106.4924,22.6726],[106.4906,22.673],[106.4897,22.6738],[106.4893,22.6751],[106.4868,22.6754],[106.4851,22.6787],[106.4827,22.6806],[106.4813,22.6796],[106.4794,22.6817],[106.4767,22.681],[106.4737,22.6818],[106.4735,22.6827],[106.4745,22.6843],[106.4787,22.6862],[106.4766,22.6876],[106.4763,22.6884],[106.4746,22.6886],[106.4728,22.6875],[106.4708,22.6878],[106.4704,22.6888],[106.4704,22.6906],[106.4687,22.6916],[106.4671,22.6919],[106.4663,22.6927],[106.4671,22.6946],[106.4671,22.6964],[106.4655,22.6975],[106.4642,22.6976],[106.4631,22.6991],[106.4607,22.6998],[106.4592,22.7011],[106.4583,22.7012],[106.457,22.6999],[106.4571,22.7021],[106.4553,22.7039],[106.4558,22.7062],[106.454,22.707],[106.4522,22.7092],[106.4576,22.7162],[106.4563,22.7191],[106.4553,22.72],[106.4552,22.7212],[106.4539,22.7235],[106.4522,22.7241],[106.4511,22.7258],[106.4492,22.7258],[106.4484,22.7254],[106.4465,22.7264],[106.446,22.7271],[106.4464,22.7285],[106.4455,22.7296],[106.4443,22.73],[106.4418,22.7285],[106.4412,22.7294],[106.4415,22.7326],[106.4396,22.7321],[106.4388,22.7328],[106.4381,22.7346],[106.4361,22.736],[106.432,22.7362],[106.4299,22.7382],[106.4302,22.74],[106.4299,22.7414],[106.4278,22.7431],[106.426,22.744],[106.4244,22.7442],[106.4228,22.7457],[106.4225,22.7469],[106.4253,22.7491],[106.4277,22.7521],[106.4259,22.7536],[106.4255,22.7545],[106.4259,22.7556],[106.4272,22.7565],[106.4239,22.7571],[106.4237,22.7584],[106.4212,22.762],[106.4218,22.7626],[106.4187,22.7644],[106.4168,22.7644],[106.4162,22.7659],[106.4153,22.7666],[106.4159,22.768],[106.4138,22.7684],[106.4146,22.7705],[106.4145,22.7724],[106.4159,22.7738],[106.416,22.7766],[106.4172,22.7788],[106.4239,22.7824]]]},"properties":{"code":"01576","name":"Quảng Uyên","nameEn":"Quang Uyen","fullName":"Xã Quảng Uyên","fullNameEn":"Quang Uyen Commune","codeName":"quang_uyen","postalCode":"21906","postalCodePrefix":"","gisServerId":"diaphanhanhchinhcapxa_2025.987","areaKm2":128.05},"id":"01576"},
{"type":"Feature","geometry":{"type":"Polygon","coordinates":[[[106.5017,22.7324],[106.5011,22.7325],[106.5001,22.7341],[106.496,22.7351],[106.4947,22.7381],[106.4918,22.7395],[106.4917,22.742],[106.4907,22.7431],[106.4884,22.7434],[106.4875,22.7403],[106.4858,22.7385],[106.485,22.7385],[106.4835,22.7397],[106.4822,22.7399],[106.4813,22.7418],[106.4802,22.7463],[106.4792,22.7463],[106.4778,22.7452],[106.4765,22.7457],[106.4717,22.746],[106.469,22.7452],[106.4678,22.7478],[106.4684,22.7492],[106.4672,22.7511],[106.465,22.7523],[106.4626,22.7544],[106.4622,22.7555],[106.4592,22.7573],[106.4586,22.7582],[106.4556,22.7594],[106.4547,22.7619],[106.4555,22.7632],[106.4547,22.7635],[106.455,22.7646],[106.4546,22.7655],[106.4553,22.7669],[106.454,22.7691],[106.4517,22.7706],[106.4503,22.7725],[106.4472,22.774],[106.4476,22.7752],[106.4502,22.7775],[106.4479,22.7811],[106.4475,22.7846],[106.4462,22.7856],[106.4462,22.7876],[106.439,22.7909],[106.4364,22.793],[106.4297,22.7858],[106.4292,22.7825],[106.4267,22.7822],[106.4239,22.7824],[106.4172,22.7788],[106.416,22.7766],[106.4159,22.7738],[106.4145,22.7724],[106.4146,22.7705],[106.4138,22.7684],[106.4159,22.768],[106.4153,22.7666],[106.4162,22.7659],[106.4168,22.7644],[106.4187,22.7644],[106.4218,22.7626],[106.4212,22.762],[106.4237,22.7584],[106.4239,22.7571],[106.4272,22.7565],[106.4259,22.7556],[106.4255,22.7545],[106.4259,22.7536],[106.4277,22.7521],[106.4253,22.7491],[106.4225,22.7469],[106.4228,22.7457],[106.4244,22.7442],[106.426,22.744],[106.4278,22.7431],[106.4299,22.7414],[106.4302,22.74],[106.4299,22.7382],[106.432,22.7362],[106.4361,22.736],[106.4381,22.7346],[106.4388,22.7328],[106.4396,22.7321],[106.4415,22.7326],[106.4412,22.7294],[106.4418,22.7285],[106.4443,22.73],[106.4455,22.7296],[106.4464,22.7285],[106.446,22.7271],[106.4465,22.7264],[106.4484,22.7254],[106.4492,22.7258],[106.4511,22.7258],[106.4522,22.7241],[106.4539,22.7235],[106.4552,22.7212],[106.4553,22.72],[106.4563,22.7191],[106.4576,22.7162],[106.4522,22.7092],[106.454,22.707],[106.4558,22.7062],[106.4553,22.7039],[106.4571,22.7021],[106.457,22.6999],[106.4583,22.7012],[106.4592,22.7011],[106.4607,22.6998],[106.4631,22.6991],[106.4642,22.6976],[106.4655,22.6975],[106.4671,22.6964],[106.4671,22.6946],[106.4663,22.6927],[106.4671,22.6919],[106.4687,22.6916],[106.4704,22.6906],[106.4704,22.6888],[106.4708,22.6878],[106.4728,22.6875],[106.4746,22.6886],[106.4763,22.6884],[106.4766,22.6876],[106.4787,22.6862],[106.4745,22.6843],[106.4735,22.6827],[106.4737,22.6818],[106.4767,22.681],[106.4794,22.6817],[106.4813,22.6796],[106.4827,22.6806],[106.4851,22.6787],[106.4868,22.6754],[106.4893,22.6751],[106.4897,22.6738],[106.4906,22.673],[106.4924,22.6726],[106.494,22.6735],[106.4956,22.6732],[106.4979,22.6709],[106.4983,22.6684],[106.5051,22.6641],[106.5066,22.6619],[106.5116,22.6594],[106.5121,22.6582],[106.5137,22.6576],[106.5134,22.6588],[106.5133,22.659],[106.5142,22.659],[106.5143,22.6595],[106.5133,22.662],[106.5133,22.6635],[106.516,22.6667],[106.5189,22.6669],[106.52,22.6653],[106.5226,22.6661],[106.5234,22.6645],[106.5242,22.6645],[106.5279,22.6619],[106.5283,22.6593],[106.5262,22.6579],[106.5258,22.6571],[106.5283,22.6553],[106.5298,22.6516],[106.5338,22.6493],[106.5358,22.646],[106.5367,22.6464],[106.5379,22.6461],[106.5392,22.6447],[106.5408,22.6451],[106.5423,22.6447],[106.5431,22.6453],[106.5438,22.647],[106.5451,22.6472],[106.5472,22.6488],[106.5497,22.6483],[106.5503,22.6473],[106.5517,22.6479],[106.5547,22.645],[106.5574,22.6439],[106.5589,22.6438],[106.5602,22.6461],[106.5616,22.6453],[106.5645,22.6474],[106.5654,22.65],[106.5662,22.6502],[106.5672,22.6497],[106.5696,22.65],[106.5716,22.6511],[106.5719,22.6539],[106.573,22.6559],[106.5746,22.6624],[106.5738,22.665],[106.575,22.6673],[106.5738,22.6684],[106.5751,22.671],[106.5784,22.6751],[106.5763,22.6778],[106.5748,22.678],[106.5712,22.6821],[106.5723,22.6825],[106.5745,22.6858],[106.5759,22.6957],[106.5753,22.696],[106.5738,22.6982],[106.5685,22.6995],[106.5693,22.7031],[106.5684,22.7047],[106.5664,22.7051],[106.5649,22.7048],[106.5614,22.7071],[106.5603,22.7073],[106.5572,22.7072],[106.5555,22.7065],[106.5519,22.7075],[106.5528,22.7097],[106.5529,22.7129],[106.5501,22.7132],[106.5472,22.7144],[106.5455,22.7125],[106.544,22.7092],[106.5419,22.7065],[106.5395,22.7065],[106.5368,22.7041],[106.5345,22.7038],[106.5314,22.7042],[106.5302,22.7061],[106.5277,22.7058],[106.5254,22.7087],[106.5241,22.709],[106.5235,22.7099],[106.5241,22.7114],[106.5243,22.7154],[106.5237,22.7167],[106.5253,22.7175],[106.5249,22.721],[106.5242,22.722],[106.5231,22.7223],[106.5231,22.7235],[106.5212,22.7255],[106.5213,22.727],[106.5197,22.7297],[106.5174,22.7314],[106.5173,22.7327],[106.5149,22.7326],[106.5142,22.7334],[106.5127,22.7338],[106.5119,22.7354],[106.5101,22.7344],[106.5068,22.7335],[106.505,22.7344],[106.5035,22.7329],[106.5019,22.7326],[106.5017,22.7324]]]},"properties":{"code":"01594","name":"Độc Lập","nameEn":"Doc Lap","fullName":"Xã Độc Lập","fullNameEn":"Doc Lap Commune","codeName":"doc_lap","postalCode":"21907","postalCodePrefix":"","gisServerId":"diaphanhanhchinhcapxa_2025.988","areaKm2":102.21},"id":"01594"},
{"type":"Feature","geometry":{"type":"Polygon","coordinates":[[[106.3541,22.6965],[106.3486,22.6988],[106.3469,22.7002],[106.3464,22.6979],[106.3465,22.6942],[106.348,22.6909],[106.3473,22.69],[106.3472,22.6869],[106.3451,22.6847],[106.3468,22.6815],[106.3482,22.6742],[106.3493,22.6738],[106.3513,22.6718],[106.3505,22.6713],[106.3503,22.6695],[106.3509,22.6685],[106.3502,22.6674],[106.35,22.6661],[106.3511,22.665],[106.3507,22.6628],[106.3523,22.6618],[106.3541,22.6614],[106.3544,22.6607],[106.3555,22.6602],[106.356,22.6581],[106.3577,22.6565],[106.3576,22.6546],[106.3583,22.6527],[106.3586,22.6521],[106.3598,22.6517],[106.3598,22.6478],[106.3613,22.6472],[106.3621,22.6461],[106.3634,22.6457],[106.3636,22.6438],[106.3658,22.6405],[106.364,22.6376],[106.3623,22.6365],[106.3631,22.633],[106.3626,22.6286],[106.3636,22.6274],[106.3643,22.6253],[106.3673,22.6231],[106.3676,22.6218],[106.3672,22.6202],[106.3677,22.6185],[106.3668,22.616],[106.3682,22.6131],[106.3678,22.6106],[106.3686,22.6096],[106.3688,22.6084],[106.368,22.6068],[106.3683,22.6057],[106.3677,22.6034],[106.3668,22.6021],[106.3677,22.5988],[106.3697,22.5973],[106.3698,22.5959],[106.372,22.5929],[106.3734,22.5928],[106.3737,22.59],[106.3791,22.5873],[106.38,22.5864],[106.3826,22.5857],[106.3838,22.5837],[106.3843,22.5814],[106.3879,22.5799],[106.39,22.5759],[106.3896,22.5738],[106.3929,22.5732],[106.3923,22.5716],[106.3926,22.5708],[106.3943,22.5701],[106.3945,22.5692],[106.3955,22.5686],[106.395,22.5668],[106.394,22.5658],[106.3948,22.5644],[106.3943,22.5637],[106.3946,22.5623],[106.3956,22.5621],[106.3973,22.5597],[106.398,22.5585],[106.3998,22.5578],[106.4018,22.5583],[106.403,22.5593],[106.4042,22.5586],[106.4041,22.5555],[106.4052,22.553],[106.4076,22.552],[106.4094,22.5497],[106.4105,22.5496],[106.4136,22.5509],[106.4137,22.552],[106.4151,22.5532],[106.4143,22.5539],[106.4143,22.5547],[106.4176,22.5568],[106.4202,22.5599],[106.4212,22.5598],[106.4218,22.5603],[106.4224,22.5645],[106.4249,22.5658],[106.4254,22.5692],[106.4272,22.5685],[106.4276,22.5693],[106.4295,22.5696],[106.4305,22.5713],[106.434,22.5689],[106.438,22.5715],[106.4396,22.5706],[106.4461,22.5687],[106.45,22.568],[106.4512,22.5667],[106.4537,22.5686],[106.4534,22.5706],[106.4559,22.5747],[106.4551,22.5754],[106.456,22.5769],[106.4627,22.5807],[106.4661,22.5794],[106.4735,22.5833],[106.477,22.584],[106.4811,22.5869],[106.4812,22.5896],[106.4826,22.5908],[106.4819,22.595],[106.4843,22.5986],[106.4856,22.6019],[106.4849,22.6033],[106.4813,22.6052],[106.4773,22.6106],[106.4763,22.6114],[106.4775,22.6125],[106.4756,22.6162],[106.4743,22.6167],[106.4733,22.618],[106.4706,22.6193],[106.4696,22.621],[106.4681,22.6218],[106.4677,22.6237],[106.4665,22.6244],[106.4652,22.6242],[106.4657,22.6247],[106.4654,22.6269],[106.4675,22.6281],[106.469,22.6279],[106.4699,22.6288],[106.4719,22.6291],[106.4704,22.6302],[106.4703,22.6318],[106.4679,22.6359],[106.47,22.6385],[106.4691,22.6412],[106.4649,22.6401],[106.4632,22.6432],[106.4596,22.6412],[106.4561,22.6444],[106.4555,22.6455],[106.4567,22.6468],[106.4566,22.6483],[106.4587,22.6487],[106.4609,22.6512],[106.4558,22.6527],[106.4534,22.6523],[106.4516,22.6534],[106.4495,22.654],[106.4491,22.6563],[106.4477,22.657],[106.4491,22.6591],[106.4524,22.6616],[106.4496,22.662],[106.4475,22.661],[106.4468,22.6617],[106.4458,22.6617],[106.4437,22.6601],[106.4388,22.6615],[106.4379,22.6568],[106.4355,22.6521],[106.4347,22.6532],[106.4344,22.6562],[106.433,22.6568],[106.4301,22.6568],[106.4283,22.6587],[106.427,22.6594],[106.4251,22.6622],[106.4238,22.6627],[106.4234,22.6642],[106.4212,22.6662],[106.4208,22.6676],[106.4261,22.6703],[106.427,22.672],[106.4227,22.6728],[106.4209,22.6723],[106.4178,22.673],[106.4165,22.6737],[106.416,22.6752],[106.4142,22.6763],[106.413,22.678],[106.4112,22.6773],[106.4105,22.6775],[106.4074,22.6755],[106.4073,22.6747],[106.4079,22.6727],[106.4072,22.6709],[106.4054,22.6682],[106.4047,22.6678],[106.404,22.6679],[106.3967,22.6735],[106.3931,22.6749],[106.3908,22.6768],[106.3899,22.6786],[106.3875,22.6805],[106.3858,22.6826],[106.3847,22.6829],[106.3844,22.6845],[106.3835,22.6855],[106.3819,22.6855],[106.3806,22.6876],[106.3733,22.6922],[106.3733,22.6938],[106.3737,22.6943],[106.3721,22.6935],[106.3707,22.6934],[106.3691,22.6955],[106.3676,22.6962],[106.3667,22.6972],[106.3616,22.6962],[106.3591,22.6987],[106.3541,22.6965]]]},"properties":{"code":"01618","name":"Hạnh Phúc","nameEn":"Hanh Phuc","fullName":"Xã Hạnh Phúc","fullNameEn":"Hanh Phuc Commune","codeName":"hanh_phuc","postalCode":"21918","postalCodePrefix":"","gisServerId":"diaphanhanhchinhcapxa_2025.1003","areaKm2":126.78},"id":"01618"},
{"type":"Feature","geometry":{"type":"Polygon","coordinates":[[[106.609,22.6024],[106.6062,22.6024],[106.6013,22.6011],[106.5995,22.6016],[106.5981,22.6006],[106.5973,22.6017],[106.5962,22.601],[106.5956,22.6012],[106.5937,22.6047],[106.5923,22.6062],[106.5888,22.6058],[106.5888,22.6072],[106.5866,22.6083],[106.5891,22.6137],[106.5909,22.6145],[106.5917,22.6161],[106.5924,22.6165],[106.5928,22.6182],[106.5939,22.6189],[106.5945,22.622],[106.5926,22.623],[106.5902,22.6256],[106.5861,22.6266],[106.5838,22.6278],[106.5839,22.6304],[106.5875,22.6321],[106.588,22.6352],[106.5863,22.637],[106.5866,22.6379],[106.5852,22.6384],[106.5832,22.6407],[106.5841,22.6422],[106.5862,22.6433],[106.5885,22.6431],[106.5944,22.645],[106.5975,22.6477],[106.6001,22.6531],[106.6026,22.6549],[106.6044,22.6554],[106.6062,22.6548],[106.6076,22.6552],[106.6082,22.656],[106.6078,22.6572],[106.6047,22.6603],[106.6054,22.661],[106.6049,22.6641],[106.6032,22.6664],[106.6002,22.666],[106.5968,22.6672],[106.5954,22.6665],[106.5953,22.6675],[106.5942,22.6689],[106.5928,22.6695],[106.5909,22.6694],[106.59,22.6718],[106.5864,22.672],[106.5804,22.6747],[106.5784,22.6751],[106.5751,22.671],[106.5738,22.6684],[106.575,22.6673],[106.5738,22.665],[106.5746,22.6624],[106.573,22.6559],[106.5719,22.6539],[106.5716,22.6511],[106.5696,22.65],[106.5672,22.6497],[106.5662,22.6502],[106.5654,22.65],[106.5645,22.6474],[106.5616,22.6453],[106.5602,22.6461],[106.5589,22.6438],[106.5574,22.6439],[106.5547,22.645],[106.5517,22.6479],[106.5503,22.6473],[106.5497,22.6483],[106.5472,22.6488],[106.5451,22.6472],[106.5438,22.647],[106.5431,22.6453],[106.5423,22.6447],[106.5408,22.6451],[106.5392,22.6447],[106.5379,22.6461],[106.5367,22.6464],[106.5358,22.646],[106.5338,22.6493],[106.5298,22.6516],[106.5283,22.6553],[106.5258,22.6571],[106.5262,22.6579],[106.5283,22.6593],[106.5279,22.6619],[106.5242,22.6645],[106.5234,22.6645],[106.5226,22.6661],[106.52,22.6653],[106.5189,22.6669],[106.516,22.6667],[106.5133,22.6635],[106.5133,22.662],[106.5143,22.6595],[106.5142,22.659],[106.5133,22.659],[106.5134,22.6588],[106.5137,22.6576],[106.5156,22.6506],[106.515,22.6487],[106.5117,22.6464],[106.5123,22.6443],[106.5019,22.6404],[106.5011,22.6413],[106.4968,22.6435],[106.4964,22.6453],[106.4971,22.6462],[106.496,22.647],[106.4956,22.6481],[106.494,22.65],[106.4922,22.6511],[106.4895,22.6515],[106.4891,22.6523],[106.4902,22.6542],[106.4894,22.6557],[106.4855,22.6573],[106.4851,22.6588],[106.4834,22.6594],[106.4829,22.66],[106.4803,22.6598],[106.4775,22.6578],[106.4775,22.6564],[106.4742,22.6551],[106.4739,22.6543],[106.4756,22.6516],[106.4729,22.6488],[106.4743,22.6479],[106.4744,22.6452],[106.4737,22.6446],[106.4724,22.6443],[106.4713,22.6416],[106.4725,22.6405],[106.4715,22.64],[106.47,22.6385],[106.4679,22.6359],[106.4703,22.6318],[106.4704,22.6302],[106.4719,22.6291],[106.4699,22.6288],[106.469,22.6279],[106.4675,22.6281],[106.4654,22.6269],[106.4657,22.6247],[106.4652,22.6242],[106.4665,22.6244],[106.4677,22.6237],[106.4681,22.6218],[106.4696,22.621],[106.4706,22.6193],[106.4733,22.618],[106.4743,22.6167],[106.4756,22.6162],[106.4775,22.6125],[106.4763,22.6114],[106.4773,22.6106],[106.4813,22.6052],[106.4849,22.6033],[106.4856,22.6019],[106.4843,22.5986],[106.4819,22.595],[106.4826,22.5908],[106.4812,22.5896],[106.4811,22.5869],[106.477,22.584],[106.484,22.5817],[106.4842,22.5783],[106.4857,22.5776],[106.4854,22.5765],[106.4893,22.5755],[106.4926,22.5762],[106.4937,22.5786],[106.4958,22.5786],[106.4992,22.5802],[106.5001,22.5802],[106.5008,22.5795],[106.5027,22.5801],[106.504,22.5795],[106.505,22.5799],[106.5061,22.5813],[106.5077,22.5802],[106.5117,22.5808],[106.5112,22.5823],[106.5127,22.5836],[106.5131,22.5846],[106.516,22.5849],[106.5168,22.5877],[106.5166,22.59],[106.5204,22.5873],[106.5203,22.5853],[106.5232,22.5833],[106.523,22.5796],[106.5243,22.5779],[106.5263,22.5767],[106.5247,22.5735],[106.5222,22.5708],[106.5229,22.5685],[106.5222,22.5662],[106.5259,22.565],[106.5264,22.5632],[106.5277,22.562],[106.5295,22.5619],[106.5424,22.5581],[106.5461,22.5551],[106.549,22.5573],[106.5525,22.5588],[106.5516,22.56],[106.5507,22.564],[106.5518,22.5643],[106.5531,22.5631],[106.557,22.5626],[106.5598,22.5658],[106.5614,22.5648],[106.5635,22.5646],[106.5669,22.5629],[106.5692,22.5634],[106.5708,22.5649],[106.5742,22.5612],[106.5758,22.5609],[106.577,22.5652],[106.5785,22.5666],[106.5801,22.5669],[106.5855,22.5667],[106.5878,22.5671],[106.5953,22.5648],[106.5964,22.5657],[106.5978,22.5659],[106.5991,22.5649],[106.6006,22.5648],[106.601,22.5639],[106.6038,22.5631],[106.6039,22.5653],[106.6013,22.5718],[106.6015,22.5751],[106.601,22.5761],[106.6032,22.5779],[106.6087,22.5803],[106.6095,22.5819],[106.6095,22.5835],[106.6084,22.5865],[106.6061,22.5872],[106.6041,22.5886],[106.6046,22.5914],[106.607,22.595],[106.6068,22.5954],[106.6053,22.5956],[106.6073,22.6004],[106.609,22.6024]]]},"properties":{"code":"01636","name":"Bế Văn Đàn","nameEn":"Be Van Dan","fullName":"Xã Bế Văn Đàn","fullNameEn":"Be Van Dan Commune","codeName":"be_van_dan","postalCode":"21926","postalCodePrefix":"","gisServerId":"diaphanhanhchinhcapxa_2025.992","areaKm2":118.31},"id":"01636"},
{"type":"Feature","geometry":{"type":"Polygon","coordinates":[[[106.6038,22.5631],[106.601,22.5639],[106.6006,22.5648],[106.5991,22.5649],[106.5978,22.5659],[106.5964,22.5657],[106.5953,22.5648],[106.5878,22.5671],[106.5855,22.5667],[106.5801,22.5669],[106.5785,22.5666],[106.577,22.5652],[106.5758,22.5609],[106.5742,22.5612],[106.5708,22.5649],[106.5692,22.5634],[106.5669,22.5629],[106.5635,22.5646],[106.5614,22.5648],[106.5598,22.5658],[106.557,22.5626],[106.5531,22.5631],[106.5518,22.5643],[106.5507,22.564],[106.5516,22.56],[106.5525,22.5588],[106.549,22.5573],[106.5461,22.5551],[106.5424,22.5581],[106.5295,22.5619],[106.5277,22.562],[106.5264,22.5632],[106.5259,22.565],[106.5222,22.5662],[106.5229,22.5685],[106.5222,22.5708],[106.5247,22.5735],[106.5263,22.5767],[106.5243,22.5779],[106.523,22.5796],[106.5232,22.5833],[106.5203,22.5853],[106.5204,22.5873],[106.5166,22.59],[106.5168,22.5877],[106.516,22.5849],[106.5131,22.5846],[106.5127,22.5836],[106.5112,22.5823],[106.5117,22.5808],[106.5077,22.5802],[106.5061,22.5813],[106.505,22.5799],[106.504,22.5795],[106.5027,22.5801],[106.5008,22.5795],[106.5001,22.5802],[106.4992,22.5802],[106.4958,22.5786],[106.4937,22.5786],[106.4926,22.5762],[106.4893,22.5755],[106.4854,22.5765],[106.4857,22.5776],[106.4842,22.5783],[106.484,22.5817],[106.477,22.584],[106.4735,22.5833],[106.4661,22.5794],[106.4627,22.5807],[106.456,22.5769],[106.4551,22.5754],[106.4559,22.5747],[106.4534,22.5706],[106.4537,22.5686],[106.4512,22.5667],[106.451,22.5662],[106.4492,22.5649],[106.4491,22.5639],[106.4489,22.561],[106.4496,22.5597],[106.4504,22.5541],[106.4492,22.5495],[106.4502,22.5483],[106.4534,22.5487],[106.4553,22.5503],[106.4573,22.551],[106.4635,22.5506],[106.464,22.5521],[106.4663,22.5542],[106.4674,22.5546],[106.4705,22.5538],[106.4712,22.5515],[106.4744,22.5497],[106.479,22.5493],[106.4806,22.5496],[106.482,22.549],[106.482,22.5481],[106.4802,22.5451],[106.4794,22.5457],[106.4785,22.5454],[106.4786,22.546],[106.4775,22.5468],[106.4778,22.5478],[106.4763,22.5469],[106.4765,22.5459],[106.4761,22.5453],[106.4767,22.5426],[106.4763,22.5416],[106.4768,22.5402],[106.4756,22.5383],[106.4761,22.5347],[106.4787,22.5334],[106.4787,22.5326],[106.4824,22.5309],[106.484,22.5318],[106.4848,22.529],[106.4861,22.5272],[106.4886,22.5253],[106.4888,22.5242],[106.4924,22.5224],[106.4912,22.519],[106.489,22.5185],[106.487,22.5192],[106.4847,22.5171],[106.4827,22.5169],[106.481,22.5157],[106.4809,22.5151],[106.4828,22.5123],[106.4832,22.5096],[106.4828,22.5084],[106.4836,22.5075],[106.4838,22.5054],[106.4855,22.504],[106.4852,22.5025],[106.4878,22.4999],[106.4904,22.4953],[106.492,22.4941],[106.4937,22.4933],[106.4956,22.4962],[106.4987,22.4971],[106.4998,22.4966],[106.5034,22.4971],[106.5061,22.4954],[106.5073,22.4961],[106.5086,22.4982],[106.5102,22.498],[106.5122,22.4987],[106.516,22.4963],[106.5154,22.4923],[106.5133,22.4912],[106.5159,22.4894],[106.5173,22.487],[106.5199,22.4869],[106.5216,22.4883],[106.5237,22.4889],[106.5271,22.4882],[106.5293,22.4867],[106.5297,22.4855],[106.5292,22.4839],[106.5298,22.483],[106.5296,22.4819],[106.5288,22.4811],[106.5275,22.4781],[106.5298,22.4762],[106.5301,22.4735],[106.5285,22.4722],[106.5273,22.4725],[106.5257,22.4721],[106.5241,22.4725],[106.5233,22.4709],[106.5197,22.4672],[106.5188,22.4638],[106.5193,22.4624],[106.5223,22.4601],[106.5253,22.4597],[106.5265,22.4585],[106.5287,22.4586],[106.5309,22.4568],[106.5318,22.4569],[106.5335,22.4555],[106.5343,22.4533],[106.5394,22.4558],[106.5402,22.4551],[106.5407,22.4535],[106.5449,22.4554],[106.5488,22.4541],[106.5493,22.4548],[106.5541,22.4553],[106.5583,22.4566],[106.5571,22.4586],[106.5587,22.4595],[106.5601,22.4611],[106.5591,22.4624],[106.5593,22.4641],[106.5589,22.4653],[106.5614,22.4668],[106.5634,22.4653],[106.5639,22.4654],[106.5657,22.4675],[106.5666,22.4702],[106.5678,22.4711],[106.5675,22.4725],[106.5681,22.4733],[106.5698,22.4732],[106.5703,22.4746],[106.5728,22.4759],[106.5748,22.4757],[106.5734,22.4733],[106.5734,22.4718],[106.5764,22.4691],[106.5782,22.4692],[106.5785,22.4714],[106.5796,22.4734],[106.5803,22.4738],[106.5828,22.4737],[106.5845,22.4757],[106.5849,22.4771],[106.5839,22.4793],[106.5841,22.4812],[106.5827,22.482],[106.5822,22.4829],[106.5833,22.4873],[106.582,22.4919],[106.5835,22.4944],[106.5816,22.4993],[106.5813,22.5013],[106.5816,22.5041],[106.5813,22.5066],[106.5824,22.5112],[106.582,22.5198],[106.5869,22.5247],[106.5873,22.5279],[106.589,22.5308],[106.5893,22.5333],[106.5911,22.5358],[106.5907,22.5392],[106.5909,22.544],[106.5917,22.5462],[106.5904,22.5493],[106.5924,22.5509],[106.5942,22.5506],[106.5954,22.5513],[106.5971,22.551],[106.5999,22.5516],[106.6008,22.5533],[106.6002,22.5563],[106.6023,22.5598],[106.6024,22.5615],[106.6038,22.5631]]]},"properties":{"code":"01648","name":"Phục Hoà","nameEn":"Phuc Hoa","fullName":"Xã Phục Hoà","fullNameEn":"Phuc Hoa Commune","codeName":"phuc_hoa","postalCode":"21665","postalCodePrefix":"","gisServerId":"diaphanhanhchinhcapxa_2025.991","areaKm2":122.7},"id":"01648"},
{"type":"Feature","geometry":{"type":"Polygon","coordinates":[[[106.2672,22.783],[106.266,22.7863],[106.2656,22.7905],[106.2647,22.792],[106.2631,22.7916],[106.2611,22.7916],[106.2606,22.7919],[106.2586,22.7943],[106.2578,22.7987],[106.2559,22.7999],[106.2541,22.8001],[106.2505,22.8049],[106.247,22.8044],[106.2408,22.8053],[106.2395,22.8058],[106.2358,22.8095],[106.2342,22.8099],[106.2327,22.8118],[106.2314,22.8114],[106.2305,22.8104],[106.2304,22.8083],[106.2275,22.8073],[106.2259,22.8074],[106.2243,22.8063],[106.2245,22.8044],[106.2241,22.8037],[106.2211,22.8022],[106.2187,22.8035],[106.218,22.8055],[106.2134,22.8095],[106.2105,22.8095],[106.2099,22.8083],[106.2109,22.8064],[106.2122,22.8057],[106.213,22.8041],[106.2129,22.8019],[106.2098,22.8003],[106.2087,22.8004],[106.2082,22.7992],[106.2046,22.7963],[106.2042,22.7935],[106.2028,22.7933],[106.2013,22.7922],[106.2013,22.7907],[106.2002,22.7905],[106.1977,22.7918],[106.1972,22.794],[106.1952,22.7956],[106.1931,22.7957],[106.1913,22.7965],[106.1888,22.7983],[106.186,22.7987],[106.1841,22.7998],[106.1831,22.7972],[106.1811,22.7917],[106.1816,22.7888],[106.181,22.7854],[106.1799,22.7825],[106.1792,22.7813],[106.1785,22.781],[106.1793,22.7788],[106.1781,22.773],[106.1772,22.7722],[106.175,22.7721],[106.173,22.7727],[106.1715,22.77],[106.1688,22.7692],[106.1694,22.7629],[106.1706,22.7623],[106.1712,22.7605],[106.1734,22.7604],[106.1693,22.7574],[106.1707,22.7552],[106.1704,22.7535],[106.1678,22.7541],[106.1673,22.7546],[106.1652,22.7537],[106.1624,22.7533],[106.1613,22.7542],[106.1593,22.7542],[106.1568,22.7531],[106.156,22.7541],[106.1536,22.7521],[106.1517,22.7513],[106.1517,22.7495],[106.1491,22.7508],[106.1486,22.7495],[106.1479,22.749],[106.1447,22.7521],[106.1417,22.7538],[106.1381,22.7504],[106.1384,22.7493],[106.1393,22.749],[106.1404,22.747],[106.1413,22.7438],[106.1382,22.7423],[106.1332,22.7444],[106.1323,22.7458],[106.1321,22.7475],[106.1326,22.749],[106.1297,22.7503],[106.129,22.7498],[106.1287,22.7484],[106.1306,22.7479],[106.1316,22.7471],[106.1297,22.7448],[106.1285,22.7444],[106.1269,22.7446],[106.1257,22.7455],[106.1246,22.7451],[106.1217,22.7459],[106.12,22.7458],[106.1188,22.7452],[106.1156,22.7451],[106.1154,22.7445],[106.1141,22.7442],[106.1107,22.7444],[106.1069,22.7431],[106.1026,22.7407],[106.0998,22.7403],[106.0987,22.7406],[106.0984,22.7411],[106.0967,22.7413],[106.0956,22.7404],[106.0949,22.7388],[106.0967,22.7377],[106.0972,22.7365],[106.0968,22.735],[106.0978,22.7337],[106.0976,22.7315],[106.0964,22.7314],[106.0971,22.7297],[106.0969,22.7279],[106.0978,22.7276],[106.0985,22.7259],[106.0996,22.7251],[106.1018,22.7252],[106.1036,22.7244],[106.1041,22.7231],[106.104,22.7216],[106.1054,22.7204],[106.1049,22.7196],[106.1067,22.7164],[106.1066,22.7148],[106.1058,22.7135],[106.1063,22.7123],[106.1061,22.7086],[106.1066,22.7068],[106.1049,22.7062],[106.1051,22.7059],[106.1079,22.7037],[106.1129,22.703],[106.1146,22.7023],[106.1171,22.7024],[106.1203,22.6998],[106.1223,22.6995],[106.1223,22.6975],[106.123,22.6958],[106.1244,22.696],[106.1268,22.6956],[106.1325,22.6975],[106.1366,22.6955],[106.139,22.6968],[106.1408,22.6969],[106.1415,22.6961],[106.1425,22.6995],[106.1475,22.6992],[106.1497,22.6975],[106.1504,22.6986],[106.1522,22.6989],[106.1531,22.7003],[106.1526,22.7027],[106.153,22.7036],[106.1526,22.7047],[106.1544,22.7074],[106.1547,22.709],[106.1605,22.7119],[106.1623,22.7118],[106.1648,22.7093],[106.1663,22.7092],[106.1668,22.7098],[106.1706,22.7108],[106.1718,22.7125],[106.1734,22.7108],[106.1832,22.7059],[106.185,22.7067],[106.1855,22.7047],[106.1916,22.7034],[106.1933,22.7051],[106.1934,22.7078],[106.1941,22.7084],[106.1949,22.708],[106.195,22.7091],[106.1961,22.7097],[106.196,22.7109],[106.1986,22.7146],[106.1987,22.7171],[106.2002,22.7195],[106.1992,22.7216],[106.2009,22.7225],[106.1993,22.7249],[106.1995,22.7263],[106.2003,22.7288],[106.2023,22.7307],[106.2014,22.7325],[106.2016,22.7334],[106.2028,22.7339],[106.205,22.7337],[106.2064,22.7342],[106.2074,22.7356],[106.2073,22.7366],[106.2093,22.7389],[106.2107,22.7427],[106.2127,22.7435],[106.2142,22.7456],[106.2164,22.7461],[106.2212,22.7493],[106.2225,22.7486],[106.2254,22.7498],[106.226,22.7536],[106.2277,22.7559],[106.2281,22.7589],[106.2319,22.7634],[106.2327,22.7639],[106.2371,22.7639],[106.2421,22.7649],[106.2457,22.7646],[106.2498,22.7673],[106.2498,22.7684],[106.2523,22.7703],[106.2527,22.7719],[106.2519,22.774],[106.2526,22.7758],[106.2566,22.7772],[106.2567,22.7778],[106.2583,22.779],[106.2607,22.7795],[106.2621,22.7805],[106.2636,22.7806],[106.2663,22.783],[106.2672,22.783]]]},"properties":{"code":"01654","name":"Hoà An","nameEn":"Hoa An","fullName":"Xã Hoà An","fullNameEn":"Hoa An Commune","codeName":"hoa_an","postalCode":"21177","postalCodePrefix":"","gisServerId":"diaphanhanhchinhcapxa_2025.950","areaKm2":97.03},"id":"01654"},
{"type":"Feature","geometry":{"type":"Polygon","coordinates":[[[106.0755,22.8566],[106.0729,22.8585],[106.0699,22.8581],[106.0684,22.8591],[106.0654,22.8595],[106.0646,22.8604],[106.0635,22.86],[106.0605,22.8569],[106.0599,22.8568],[106.058,22.859],[106.056,22.8598],[106.0561,22.8608],[106.0572,22.8622],[106.0558,22.8625],[106.0546,22.8622],[106.0534,22.8627],[106.0535,22.8618],[106.0524,22.8594],[106.0526,22.8583],[106.0508,22.8566],[106.0501,22.8534],[106.048,22.8523],[106.0503,22.8496],[106.0493,22.8477],[106.0444,22.8467],[106.0434,22.8471],[106.0434,22.8443],[106.0449,22.8409],[106.0441,22.8393],[106.0429,22.8385],[106.0431,22.8372],[106.0368,22.8377],[106.0349,22.8341],[106.033,22.8349],[106.0309,22.8341],[106.0306,22.8279],[106.0299,22.8244],[106.031,22.821],[106.0327,22.8203],[106.0342,22.8164],[106.0361,22.8162],[106.0381,22.8151],[106.0404,22.8152],[106.0436,22.8117],[106.0415,22.8092],[106.0388,22.8044],[106.0379,22.8025],[106.0383,22.8018],[106.0362,22.7975],[106.0343,22.7956],[106.0349,22.7918],[106.0378,22.7914],[106.039,22.7908],[106.0394,22.7865],[106.0405,22.7856],[106.0433,22.785],[106.0461,22.7786],[106.0537,22.7735],[106.0548,22.7721],[106.0554,22.7696],[106.0551,22.7686],[106.0571,22.7676],[106.0598,22.764],[106.0619,22.7643],[106.0636,22.7651],[106.0649,22.7651],[106.0664,22.7644],[106.0685,22.7647],[106.0714,22.7602],[106.0713,22.7578],[106.0729,22.7565],[106.0752,22.7565],[106.0762,22.7558],[106.0732,22.7514],[106.0751,22.7492],[106.077,22.7486],[106.0773,22.7476],[106.0794,22.7477],[106.0826,22.7467],[106.0852,22.7473],[106.089,22.7448],[106.0917,22.7461],[106.0924,22.7446],[106.0938,22.7444],[106.095,22.7434],[106.0957,22.7416],[106.0967,22.7413],[106.0984,22.7411],[106.0987,22.7406],[106.0998,22.7403],[106.1026,22.7407],[106.1069,22.7431],[106.1107,22.7444],[106.1141,22.7442],[106.1154,22.7445],[106.1156,22.7451],[106.1188,22.7452],[106.12,22.7458],[106.1217,22.7459],[106.1246,22.7451],[106.1257,22.7455],[106.1269,22.7446],[106.1285,22.7444],[106.1297,22.7448],[106.1316,22.7471],[106.1306,22.7479],[106.1287,22.7484],[106.129,22.7498],[106.1297,22.7503],[106.1326,22.749],[106.1321,22.7475],[106.1323,22.7458],[106.1332,22.7444],[106.1382,22.7423],[106.1413,22.7438],[106.1404,22.747],[106.1393,22.749],[106.1384,22.7493],[106.1381,22.7504],[106.1417,22.7538],[106.1447,22.7521],[106.1479,22.749],[106.1486,22.7495],[106.1491,22.7508],[106.1517,22.7495],[106.1517,22.7513],[106.1536,22.7521],[106.156,22.7541],[106.1568,22.7531],[106.1593,22.7542],[106.1613,22.7542],[106.1624,22.7533],[106.1652,22.7537],[106.1673,22.7546],[106.1678,22.7541],[106.1704,22.7535],[106.1707,22.7552],[106.1693,22.7574],[106.1734,22.7604],[106.1712,22.7605],[106.1706,22.7623],[106.1694,22.7629],[106.1688,22.7692],[106.1715,22.77],[106.173,22.7727],[106.175,22.7721],[106.1772,22.7722],[106.1781,22.773],[106.1793,22.7788],[106.1785,22.781],[106.1792,22.7813],[106.1799,22.7825],[106.181,22.7854],[106.1816,22.7888],[106.1811,22.7917],[106.1831,22.7972],[106.1809,22.797],[106.1789,22.7977],[106.1799,22.8035],[106.1792,22.8044],[106.1796,22.8063],[106.1785,22.8082],[106.1769,22.809],[106.1765,22.8087],[106.1759,22.8108],[106.1751,22.8115],[106.1744,22.8117],[106.1739,22.8112],[106.1715,22.8121],[106.1717,22.8133],[106.1704,22.8146],[106.1706,22.816],[106.1694,22.817],[106.1704,22.8199],[106.1703,22.8214],[106.1687,22.8221],[106.1652,22.8221],[106.1647,22.8235],[106.1637,22.8239],[106.1611,22.8244],[106.1589,22.8242],[106.1518,22.817],[106.1494,22.817],[106.1476,22.8159],[106.1459,22.8163],[106.1441,22.8156],[106.1437,22.8169],[106.1405,22.8175],[106.1378,22.8188],[106.1362,22.8173],[106.1345,22.8167],[106.1329,22.8169],[106.1324,22.8172],[106.1308,22.8203],[106.1269,22.8193],[106.1215,22.8129],[106.1228,22.8096],[106.1203,22.8087],[106.1174,22.81],[106.1165,22.8098],[106.1137,22.8128],[106.111,22.8141],[106.1124,22.8149],[106.1121,22.8159],[106.1124,22.8172],[106.1098,22.8171],[106.1076,22.8176],[106.1062,22.8188],[106.1045,22.8186],[106.1015,22.8198],[106.0996,22.8214],[106.0996,22.8225],[106.0985,22.8233],[106.0983,22.822],[106.0974,22.8208],[106.0955,22.8205],[106.0939,22.8223],[106.0941,22.8247],[106.0922,22.8265],[106.0908,22.8268],[106.0902,22.8283],[106.089,22.8292],[106.0876,22.8349],[106.0859,22.8352],[106.0844,22.8341],[106.0804,22.8351],[106.081,22.841],[106.0781,22.8427],[106.0772,22.8441],[106.0778,22.8451],[106.0773,22.8472],[106.0779,22.8482],[106.0779,22.85],[106.077,22.8503],[106.0747,22.8534],[106.0746,22.8541],[106.0758,22.8555],[106.0755,22.8566]]]},"properties":{"code":"01660","name":"Nam Tuấn","nameEn":"Nam Tuan","fullName":"Xã Nam Tuấn","fullNameEn":"Nam Tuan Commune","codeName":"nam_tuan","postalCode":"21157","postalCodePrefix":"","gisServerId":"diaphanhanhchinhcapxa_2025.949","areaKm2":119.66},"id":"01660"},
{"type":"Feature","geometry":{"type":"Polygon","coordinates":[[[106.2672,22.783],[106.2663,22.783],[106.2636,22.7806],[106.2621,22.7805],[106.2607,22.7795],[106.2583,22.779],[106.2567,22.7778],[106.2566,22.7772],[106.2526,22.7758],[106.2519,22.774],[106.2527,22.7719],[106.2523,22.7703],[106.2498,22.7684],[106.2498,22.7673],[106.2457,22.7646],[106.2421,22.7649],[106.2371,22.7639],[106.2327,22.7639],[106.2319,22.7634],[106.2281,22.7589],[106.2277,22.7559],[106.226,22.7536],[106.2254,22.7498],[106.2225,22.7486],[106.2212,22.7493],[106.2164,22.7461],[106.2142,22.7456],[106.2127,22.7435],[106.2107,22.7427],[106.2093,22.7389],[106.2073,22.7366],[106.2074,22.7356],[106.2064,22.7342],[106.205,22.7337],[106.2028,22.7339],[106.2016,22.7334],[106.2014,22.7325],[106.2023,22.7307],[106.2073,22.7291],[106.2131,22.7251],[106.2209,22.7221],[106.2219,22.7208],[106.2235,22.7198],[106.2246,22.7167],[106.2255,22.7163],[106.2266,22.7143],[106.2288,22.7124],[106.2306,22.7121],[106.2354,22.7127],[106.2371,22.7138],[106.2391,22.7139],[106.2413,22.7161],[106.2441,22.7132],[106.2458,22.7093],[106.2468,22.7086],[106.2458,22.7059],[106.2461,22.704],[106.2475,22.7027],[106.25,22.7015],[106.2511,22.6988],[106.2555,22.6981],[106.2586,22.6985],[106.2586,22.6977],[106.2569,22.6953],[106.257,22.694],[106.2587,22.6931],[106.2603,22.6912],[106.2624,22.6879],[106.2648,22.6869],[106.2657,22.6859],[106.2641,22.685],[106.2655,22.6838],[106.2657,22.6825],[106.2666,22.6814],[106.2721,22.6828],[106.2741,22.6847],[106.2758,22.6841],[106.2771,22.6823],[106.279,22.6813],[106.28,22.68],[106.2815,22.6795],[106.2823,22.6779],[106.2825,22.6758],[106.282,22.674],[106.2825,22.6708],[106.2819,22.6696],[106.283,22.6675],[106.2851,22.6657],[106.2852,22.6641],[106.284,22.6606],[106.2857,22.6611],[106.2898,22.6606],[106.2893,22.6588],[106.2873,22.6571],[106.2861,22.655],[106.2848,22.6549],[106.2839,22.653],[106.2822,22.653],[106.2814,22.6525],[106.2831,22.6504],[106.283,22.6498],[106.2841,22.6485],[106.2848,22.646],[106.2884,22.6474],[106.2912,22.6497],[106.2922,22.6499],[106.2961,22.6488],[106.3006,22.6459],[106.3014,22.6444],[106.311,22.6398],[106.3122,22.6373],[106.315,22.6349],[106.3163,22.6316],[106.3171,22.6306],[106.3173,22.6249],[106.3191,22.6223],[106.3197,22.6202],[106.3214,22.6185],[106.3218,22.6162],[106.3225,22.6153],[106.3278,22.6112],[106.3314,22.6094],[106.3321,22.6085],[106.332,22.6067],[106.3327,22.6057],[106.3346,22.6057],[106.337,22.6077],[106.3386,22.6074],[106.3418,22.605],[106.3432,22.6029],[106.3433,22.6018],[106.3422,22.5987],[106.3433,22.5968],[106.3473,22.5958],[106.3491,22.5965],[106.352,22.5971],[106.3538,22.5965],[106.3572,22.5964],[106.3586,22.5952],[106.3625,22.5895],[106.3665,22.5925],[106.3686,22.593],[106.372,22.5929],[106.3698,22.5959],[106.3697,22.5973],[106.3677,22.5988],[106.3668,22.6021],[106.3677,22.6034],[106.3683,22.6057],[106.368,22.6068],[106.3688,22.6084],[106.3686,22.6096],[106.3678,22.6106],[106.3682,22.6131],[106.3668,22.616],[106.3677,22.6185],[106.3672,22.6202],[106.3676,22.6218],[106.3673,22.6231],[106.3643,22.6253],[106.3636,22.6274],[106.3626,22.6286],[106.3631,22.633],[106.3623,22.6365],[106.364,22.6376],[106.3658,22.6405],[106.3636,22.6438],[106.3634,22.6457],[106.3621,22.6461],[106.3613,22.6472],[106.3598,22.6478],[106.3598,22.6517],[106.3586,22.6521],[106.3583,22.6527],[106.3576,22.6546],[106.3577,22.6565],[106.356,22.6581],[106.3555,22.6602],[106.3544,22.6607],[106.3541,22.6614],[106.3523,22.6618],[106.3507,22.6628],[106.3511,22.665],[106.35,22.6661],[106.3502,22.6674],[106.3509,22.6685],[106.3503,22.6695],[106.3505,22.6713],[106.3513,22.6718],[106.3493,22.6738],[106.3482,22.6742],[106.3468,22.6815],[106.3451,22.6847],[106.3472,22.6869],[106.3473,22.69],[106.348,22.6909],[106.3465,22.6942],[106.3464,22.6979],[106.3469,22.7002],[106.3446,22.7001],[106.3438,22.7012],[106.3437,22.703],[106.3431,22.7042],[106.3431,22.7062],[106.3417,22.7072],[106.3413,22.7102],[106.3397,22.711],[106.3336,22.7187],[106.3357,22.7202],[106.335,22.7232],[106.3329,22.7256],[106.3327,22.7269],[106.3332,22.7277],[106.3329,22.7291],[106.3314,22.7303],[106.3295,22.7308],[106.3278,22.7334],[106.3264,22.7339],[106.3246,22.7338],[106.3238,22.7353],[106.3213,22.7353],[106.3198,22.7375],[106.3196,22.7402],[106.3175,22.7402],[106.3158,22.7425],[106.3144,22.7422],[106.3121,22.7428],[106.3117,22.7439],[106.3092,22.746],[106.3065,22.7469],[106.3053,22.7468],[106.3028,22.748],[106.3007,22.7482],[106.2968,22.7508],[106.2942,22.7535],[106.293,22.7534],[106.292,22.7544],[106.2906,22.7545],[106.2865,22.7581],[106.286,22.7602],[106.2845,22.7616],[106.2837,22.7637],[106.2824,22.7643],[106.2822,22.7649],[106.2825,22.7674],[106.2832,22.7681],[106.2824,22.7694],[106.2854,22.7721],[106.2864,22.7743],[106.2856,22.7751],[106.2846,22.7763],[106.2796,22.7778],[106.2769,22.7807],[106.2725,22.7817],[106.2698,22.7814],[106.2672,22.783]]]},"properties":{"code":"01699","name":"Nguyễn Huệ","nameEn":"Nguyen Hue","fullName":"Xã Nguyễn Huệ","fullNameEn":"Nguyen Hue Commune","codeName":"nguyen_hue","postalCode":"21172","postalCodePrefix":"","gisServerId":"diaphanhanhchinhcapxa_2025.951","areaKm2":146.8},"id":"01699"},
{"type":"Feature","geometry":{"type":"Polygon","coordinates":[[[106.2163,22.6402],[106.2137,22.6424],[106.2124,22.6445],[106.204,22.6537],[106.2015,22.6596],[106.2005,22.6599],[106.2009,22.6606],[106.1991,22.6622],[106.1983,22.6642],[106.1938,22.6642],[106.1916,22.6607],[106.1902,22.6598],[106.185,22.6582],[106.1811,22.6596],[106.1807,22.6603],[106.1799,22.6592],[106.1782,22.6588],[106.1756,22.6565],[106.1731,22.6556],[106.1663,22.6499],[106.1664,22.6535],[106.1647,22.658],[106.1637,22.6589],[106.1614,22.6591],[106.1588,22.6584],[106.1566,22.6607],[106.1542,22.6606],[106.1527,22.6601],[106.1518,22.6586],[106.1478,22.6566],[106.1474,22.6558],[106.1464,22.6561],[106.1457,22.6557],[106.1435,22.6553],[106.1413,22.6532],[106.1393,22.6525],[106.1386,22.6515],[106.1363,22.6502],[106.1364,22.6493],[106.1353,22.6485],[106.1336,22.6457],[106.1282,22.6419],[106.1269,22.638],[106.1254,22.6365],[106.1245,22.6373],[106.1222,22.6381],[106.1234,22.6334],[106.1226,22.6312],[106.1211,22.629],[106.1194,22.6281],[106.119,22.6265],[106.1181,22.6265],[106.115,22.6236],[106.1158,22.6221],[106.1167,22.6215],[106.1161,22.6209],[106.1168,22.6199],[106.116,22.6192],[106.1162,22.618],[106.1151,22.6172],[106.1145,22.616],[106.1146,22.6131],[106.1166,22.6093],[106.115,22.6073],[106.1152,22.6002],[106.1147,22.5991],[106.1134,22.5985],[106.113,22.597],[106.1113,22.5946],[106.1106,22.5918],[106.1106,22.5894],[106.1095,22.5872],[106.1118,22.5847],[106.1116,22.5834],[106.1098,22.5809],[106.108,22.5803],[106.1068,22.579],[106.1073,22.5775],[106.1095,22.5762],[106.1105,22.5744],[106.1102,22.5711],[106.1108,22.5686],[106.1084,22.5633],[106.1129,22.5593],[106.1119,22.5561],[106.1135,22.553],[106.1126,22.551],[106.1093,22.5487],[106.1066,22.5447],[106.1048,22.5435],[106.1042,22.5414],[106.1046,22.5399],[106.1008,22.5354],[106.0995,22.5327],[106.0959,22.5311],[106.0949,22.5279],[106.0958,22.5268],[106.0979,22.5257],[106.099,22.524],[106.1,22.5236],[106.1016,22.5221],[106.1013,22.5202],[106.1003,22.5189],[106.1006,22.5175],[106.1019,22.5163],[106.1061,22.516],[106.1071,22.5151],[106.112,22.514],[106.1125,22.5128],[106.1157,22.5122],[106.1175,22.5124],[106.118,22.512],[106.1201,22.513],[106.1224,22.5131],[106.1239,22.5146],[106.1251,22.5171],[106.1267,22.5175],[106.1279,22.5188],[106.13,22.5197],[106.1316,22.5179],[106.134,22.5166],[106.1366,22.5166],[106.138,22.516],[106.1383,22.5142],[106.141,22.514],[106.145,22.5151],[106.1469,22.5163],[106.1487,22.5154],[106.1518,22.5148],[106.1549,22.5173],[106.1561,22.5197],[106.1579,22.5216],[106.1584,22.5242],[106.1599,22.5253],[106.1601,22.5284],[106.1584,22.5305],[106.1582,22.5327],[106.1593,22.5342],[106.161,22.5353],[106.1641,22.5362],[106.1657,22.5358],[106.1676,22.5369],[106.1703,22.5378],[106.1731,22.5369],[106.1747,22.5384],[106.1762,22.5392],[106.1778,22.5415],[106.1814,22.5436],[106.1824,22.5447],[106.1845,22.5443],[106.186,22.5449],[106.1881,22.5433],[106.1903,22.5425],[106.191,22.5412],[106.1933,22.5415],[106.1938,22.5437],[106.197,22.546],[106.2011,22.5456],[106.2017,22.5465],[106.2013,22.549],[106.2037,22.5502],[106.2036,22.5515],[106.2053,22.5534],[106.204,22.5561],[106.207,22.558],[106.2066,22.5606],[106.2057,22.5622],[106.2028,22.5643],[106.2016,22.5667],[106.2024,22.5679],[106.202,22.57],[106.2013,22.5709],[106.2011,22.5722],[106.1998,22.5728],[106.1981,22.575],[106.1978,22.5762],[106.1965,22.5769],[106.1972,22.5773],[106.1979,22.5789],[106.2032,22.5818],[106.2037,22.5847],[106.2049,22.5855],[106.2051,22.5862],[106.2099,22.5883],[106.2112,22.5905],[106.2142,22.5918],[106.2159,22.5949],[106.2184,22.5962],[106.219,22.601],[106.2205,22.6026],[106.219,22.6058],[106.2173,22.6068],[106.2168,22.6102],[106.216,22.6109],[106.2151,22.6128],[106.2155,22.6141],[106.2164,22.6148],[106.2158,22.6165],[106.2165,22.6178],[106.216,22.6195],[106.2167,22.6205],[106.2157,22.6223],[106.2156,22.6234],[106.2178,22.6248],[106.2183,22.6272],[106.212,22.6295],[106.2113,22.6302],[106.2102,22.6334],[106.2132,22.6368],[106.2162,22.6385],[106.2163,22.6402]]]},"properties":{"code":"01708","name":"Bạch Đằng","nameEn":"Bach Dang","fullName":"Xã Bạch Đằng","fullNameEn":"Bach Dang Commune","codeName":"bach_dang","postalCode":"21166","postalCodePrefix":"","gisServerId":"diaphanhanhchinhcapxa_2025.952","areaKm2":141.61},"id":"01708"},
{"type":"Feature","geometry":{"type":"Polygon","coordinates":[[[105.9667,22.6274],[105.968,22.6292],[105.9681,22.6319],[105.9694,22.6333],[105.9708,22.6334],[105.974,22.6318],[105.9754,22.6319],[105.9761,22.6314],[105.9802,22.6363],[105.9829,22.6368],[105.9892,22.6358],[105.9919,22.6328],[105.9944,22.6322],[105.9967,22.6324],[105.9975,22.6334],[105.9994,22.6335],[106.0013,22.6352],[106.0055,22.6341],[106.0075,22.6348],[106.0101,22.6349],[106.0117,22.6337],[106.0163,22.6352],[106.0172,22.635],[106.0188,22.6338],[106.0199,22.6315],[106.0226,22.6289],[106.0239,22.6288],[106.0246,22.6298],[106.0277,22.6309],[106.0317,22.6314],[106.0344,22.6295],[106.0405,22.6292],[106.0408,22.6302],[106.0434,22.6318],[106.0442,22.6342],[106.0455,22.635],[106.0474,22.6382],[106.0477,22.6418],[106.0496,22.6451],[106.0488,22.6474],[106.0492,22.6488],[106.0508,22.6489],[106.0517,22.6496],[106.053,22.6518],[106.0544,22.6516],[106.0578,22.6528],[106.0613,22.6531],[106.0633,22.6567],[106.0628,22.657],[106.0637,22.6584],[106.0642,22.6615],[106.0621,22.6642],[106.0646,22.6659],[106.0636,22.6678],[106.0587,22.6687],[106.0562,22.6696],[106.0543,22.6717],[106.0535,22.6748],[106.0544,22.677],[106.052,22.6796],[106.0514,22.6818],[106.05,22.6838],[106.0564,22.6899],[106.0524,22.6953],[106.049,22.6945],[106.0491,22.6885],[106.0451,22.6846],[106.0448,22.6823],[106.0452,22.681],[106.0427,22.6788],[106.0408,22.6792],[106.04,22.6801],[106.0367,22.6801],[106.0347,22.6808],[106.0313,22.681],[106.031,22.6832],[106.0287,22.6831],[106.0282,22.6837],[106.0255,22.6829],[106.0203,22.6853],[106.0208,22.6875],[106.0173,22.6924],[106.0185,22.6954],[106.0201,22.697],[106.0211,22.6997],[106.0216,22.7048],[106.0193,22.7082],[106.0158,22.712],[106.0148,22.7146],[106.0151,22.7156],[106.0132,22.7134],[106.0103,22.7139],[106.0068,22.7121],[106.0044,22.7123],[106.0049,22.709],[106.0032,22.7064],[106.0031,22.7052],[106.0014,22.7031],[105.9937,22.7019],[105.9928,22.6965],[105.9902,22.6928],[105.9902,22.6922],[105.9897,22.6921],[105.9912,22.6896],[105.9906,22.6882],[105.991,22.6876],[105.9896,22.6872],[105.9892,22.6854],[105.9896,22.6846],[105.9888,22.6846],[105.9878,22.6837],[105.9864,22.6837],[105.9852,22.6827],[105.984,22.6831],[105.9831,22.6846],[105.9827,22.6875],[105.9819,22.6889],[105.9797,22.6903],[105.978,22.6926],[105.9763,22.6938],[105.9722,22.6943],[105.967,22.6917],[105.9653,22.6919],[105.9637,22.6929],[105.9619,22.6926],[105.96,22.6945],[105.958,22.6943],[105.9561,22.6933],[105.9556,22.694],[105.9551,22.6985],[105.9535,22.6993],[105.9506,22.6985],[105.9498,22.701],[105.9502,22.7026],[105.9487,22.7035],[105.9476,22.7052],[105.9456,22.7046],[105.9424,22.7047],[105.9389,22.703],[105.9366,22.7005],[105.9351,22.6997],[105.932,22.6945],[105.9321,22.693],[105.9304,22.6928],[105.9296,22.6918],[105.9251,22.6897],[105.9207,22.6892],[105.9189,22.687],[105.9175,22.6861],[105.916,22.6817],[105.9138,22.6809],[105.9128,22.68],[105.913,22.6783],[105.912,22.676],[105.9127,22.6751],[105.9124,22.6737],[105.9112,22.6716],[105.9104,22.6713],[105.9088,22.6688],[105.9073,22.6677],[105.9069,22.6659],[105.9069,22.6642],[105.9083,22.662],[105.9113,22.6598],[105.9105,22.6565],[105.9107,22.6511],[105.9078,22.6473],[105.91,22.6447],[105.9108,22.6355],[105.9123,22.6281],[105.9144,22.6278],[105.9161,22.6282],[105.9185,22.6295],[105.9197,22.6292],[105.9203,22.63],[105.9227,22.6309],[105.9293,22.6382],[105.9322,22.6389],[105.9352,22.6386],[105.9363,22.6394],[105.9389,22.64],[105.9421,22.6393],[105.9435,22.6372],[105.9499,22.6347],[105.9508,22.6333],[105.9526,22.6321],[105.9542,22.6314],[105.9571,22.6319],[105.9592,22.6303],[105.9603,22.6303],[105.9618,22.6294],[105.9662,22.6287],[105.9667,22.6274]]]},"properties":{"code":"01726","name":"Nguyên Bình","nameEn":"Nguyen Binh","fullName":"Xã Nguyên Bình","fullNameEn":"Nguyen Binh Commune","codeName":"nguyen_binh","postalCode":"21506","postalCodePrefix":"","gisServerId":"diaphanhanhchinhcapxa_2025.964","areaKm2":99.73},"id":"01726"},
{"type":"Feature","geometry":{"type":"Polygon","coordinates":[[[105.8987,22.7684],[105.8955,22.7666],[105.8959,22.7652],[105.8951,22.7632],[105.8962,22.7608],[105.8952,22.7599],[105.8926,22.7608],[105.8911,22.7597],[105.8936,22.7537],[105.8915,22.7494],[105.8854,22.7496],[105.8859,22.7489],[105.8858,22.748],[105.8843,22.7454],[105.8811,22.7441],[105.8801,22.7426],[105.881,22.7414],[105.8835,22.7414],[105.8837,22.7385],[105.8864,22.738],[105.8872,22.7368],[105.8875,22.7343],[105.886,22.7331],[105.8862,22.7293],[105.8838,22.7259],[105.8845,22.7243],[105.8841,22.7232],[105.8845,22.7215],[105.8833,22.7203],[105.882,22.7223],[105.8811,22.7227],[105.8787,22.7218],[105.8777,22.7206],[105.8793,22.7189],[105.8773,22.7157],[105.8756,22.7163],[105.8738,22.7149],[105.8729,22.7125],[105.8688,22.7105],[105.8721,22.7076],[105.8718,22.7067],[105.8696,22.7062],[105.8692,22.7042],[105.8679,22.7024],[105.8689,22.701],[105.8675,22.7016],[105.8664,22.7007],[105.8633,22.7013],[105.8604,22.701],[105.8582,22.6999],[105.857,22.6978],[105.8524,22.6971],[105.8508,22.6949],[105.8497,22.6945],[105.8465,22.6918],[105.8436,22.6837],[105.8426,22.6835],[105.8402,22.6841],[105.8396,22.6832],[105.8389,22.6831],[105.839,22.6792],[105.8413,22.6764],[105.8427,22.6759],[105.8415,22.673],[105.8416,22.672],[105.8403,22.6697],[105.8402,22.6683],[105.8407,22.6675],[105.8407,22.6662],[105.8428,22.6628],[105.8432,22.6604],[105.8418,22.6579],[105.8397,22.656],[105.8397,22.6544],[105.8388,22.6533],[105.8402,22.6512],[105.8398,22.6482],[105.8411,22.646],[105.8428,22.645],[105.8458,22.6451],[105.8465,22.644],[105.8464,22.6425],[105.8488,22.6408],[105.8501,22.6381],[105.854,22.6352],[105.8556,22.6349],[105.8541,22.6338],[105.854,22.6304],[105.8554,22.6295],[105.856,22.6276],[105.8577,22.6262],[105.86,22.6255],[105.8605,22.6247],[105.8617,22.6243],[105.8636,22.6244],[105.867,22.6238],[105.8674,22.6246],[105.8666,22.6252],[105.8678,22.627],[105.8676,22.6278],[105.8734,22.6294],[105.8752,22.6311],[105.8749,22.6337],[105.8753,22.6341],[105.878,22.6336],[105.8809,22.6357],[105.8835,22.6357],[105.8864,22.635],[105.8882,22.6352],[105.8899,22.6346],[105.8951,22.6355],[105.8983,22.6344],[105.9,22.6331],[105.9006,22.6314],[105.9025,22.6302],[105.9044,22.6275],[105.9074,22.6278],[105.9082,22.6268],[105.9122,22.6262],[105.9127,22.6263],[105.912,22.6268],[105.9123,22.6281],[105.9108,22.6355],[105.91,22.6447],[105.9078,22.6473],[105.9107,22.6511],[105.9105,22.6565],[105.9113,22.6598],[105.9083,22.662],[105.9069,22.6642],[105.9069,22.6659],[105.9073,22.6677],[105.9088,22.6688],[105.9104,22.6713],[105.9112,22.6716],[105.9124,22.6737],[105.9127,22.6751],[105.912,22.676],[105.913,22.6783],[105.9128,22.68],[105.9138,22.6809],[105.916,22.6817],[105.9175,22.6861],[105.9189,22.687],[105.9207,22.6892],[105.9251,22.6897],[105.9296,22.6918],[105.9304,22.6928],[105.9321,22.693],[105.932,22.6945],[105.9351,22.6997],[105.9366,22.7005],[105.9389,22.703],[105.9424,22.7047],[105.9456,22.7046],[105.9476,22.7052],[105.9487,22.7035],[105.9502,22.7026],[105.95,22.7031],[105.9507,22.7043],[105.949,22.7063],[105.9473,22.7072],[105.9471,22.708],[105.9479,22.71],[105.9472,22.7112],[105.9475,22.7141],[105.9466,22.7147],[105.9465,22.7169],[105.9434,22.717],[105.9428,22.716],[105.9411,22.7161],[105.9381,22.7124],[105.9373,22.7135],[105.9358,22.7139],[105.9343,22.7134],[105.9288,22.7139],[105.9262,22.7128],[105.9253,22.7146],[105.9229,22.716],[105.9226,22.7166],[105.9183,22.7176],[105.9153,22.7189],[105.9154,22.7205],[105.9187,22.725],[105.924,22.7269],[105.9249,22.729],[105.9237,22.73],[105.923,22.7318],[105.9206,22.7326],[105.9209,22.7334],[105.9224,22.7352],[105.9239,22.7354],[105.9251,22.7365],[105.9269,22.7367],[105.9313,22.741],[105.932,22.7444],[105.9336,22.7466],[105.9321,22.7474],[105.9288,22.7475],[105.9267,22.7503],[105.9258,22.7506],[105.9234,22.7501],[105.9213,22.7506],[105.9144,22.7571],[105.9124,22.7574],[105.9114,22.7565],[105.9099,22.7569],[105.9079,22.7595],[105.9037,22.7559],[105.9017,22.7556],[105.899,22.7574],[105.8975,22.7591],[105.8979,22.7601],[105.8999,22.7615],[105.9004,22.764],[105.9003,22.7651],[105.8995,22.7659],[105.8987,22.7684]]]},"properties":{"code":"01729","name":"Tĩnh Túc","nameEn":"Tinh Tuc","fullName":"Xã Tĩnh Túc","fullNameEn":"Tinh Tuc Commune","codeName":"tinh_tuc","postalCode":"21514","postalCodePrefix":"","gisServerId":"diaphanhanhchinhcapxa_2025.965","areaKm2":86.79},"id":"01729"},
{"type":"Feature","geometry":{"type":"Polygon","coordinates":[[[105.8388,22.6533],[105.8397,22.6544],[105.8397,22.656],[105.8418,22.6579],[105.8432,22.6604],[105.8428,22.6628],[105.8407,22.6662],[105.8407,22.6675],[105.8402,22.6683],[105.8403,22.6697],[105.8416,22.672],[105.8415,22.673],[105.8427,22.6759],[105.8413,22.6764],[105.839,22.6792],[105.8389,22.6831],[105.8396,22.6832],[105.8402,22.6841],[105.8426,22.6835],[105.8436,22.6837],[105.8465,22.6918],[105.8497,22.6945],[105.8508,22.6949],[105.8524,22.6971],[105.857,22.6978],[105.8582,22.6999],[105.8604,22.701],[105.8633,22.7013],[105.8664,22.7007],[105.8675,22.7016],[105.8689,22.701],[105.8679,22.7024],[105.8692,22.7042],[105.8696,22.7062],[105.8718,22.7067],[105.8721,22.7076],[105.8688,22.7105],[105.8729,22.7125],[105.8738,22.7149],[105.8756,22.7163],[105.8773,22.7157],[105.8793,22.7189],[105.8777,22.7206],[105.8787,22.7218],[105.8811,22.7227],[105.882,22.7223],[105.8833,22.7203],[105.8845,22.7215],[105.8841,22.7232],[105.8845,22.7243],[105.8838,22.7259],[105.8862,22.7293],[105.886,22.7331],[105.8875,22.7343],[105.8872,22.7368],[105.8864,22.738],[105.8837,22.7385],[105.8835,22.7414],[105.881,22.7414],[105.8801,22.7426],[105.8811,22.7441],[105.8843,22.7454],[105.8858,22.748],[105.8859,22.7489],[105.8854,22.7496],[105.8915,22.7494],[105.8936,22.7537],[105.8911,22.7597],[105.8926,22.7608],[105.8952,22.7599],[105.8962,22.7608],[105.8951,22.7632],[105.8959,22.7652],[105.8955,22.7666],[105.8987,22.7684],[105.8963,22.7694],[105.8951,22.7691],[105.8944,22.7677],[105.8933,22.7687],[105.8915,22.7687],[105.8905,22.7696],[105.8895,22.7697],[105.889,22.7711],[105.8873,22.7725],[105.8833,22.774],[105.8812,22.7739],[105.8797,22.7731],[105.877,22.7747],[105.8726,22.7738],[105.8722,22.7744],[105.8735,22.7757],[105.8718,22.777],[105.8729,22.7785],[105.8706,22.782],[105.8704,22.7843],[105.8684,22.7872],[105.8669,22.7889],[105.8651,22.7901],[105.8627,22.7901],[105.8613,22.7908],[105.8609,22.7918],[105.8577,22.792],[105.8555,22.7936],[105.854,22.7936],[105.8523,22.7948],[105.8502,22.7948],[105.8514,22.7973],[105.8516,22.7992],[105.8494,22.8021],[105.8462,22.7992],[105.8454,22.7958],[105.8434,22.7947],[105.8399,22.7948],[105.8377,22.7932],[105.8382,22.792],[105.8376,22.7911],[105.8378,22.7904],[105.8406,22.7896],[105.8408,22.7888],[105.8395,22.7873],[105.8386,22.7868],[105.8377,22.7871],[105.8297,22.7863],[105.8253,22.7846],[105.8255,22.7827],[105.8279,22.7797],[105.8326,22.7766],[105.8335,22.7748],[105.8333,22.7739],[105.8347,22.7728],[105.8344,22.7713],[105.8352,22.7704],[105.8358,22.7682],[105.8389,22.7648],[105.8384,22.7608],[105.8363,22.7596],[105.8349,22.7595],[105.834,22.7577],[105.8293,22.7534],[105.8283,22.7511],[105.8284,22.75],[105.8263,22.7489],[105.8255,22.7471],[105.8236,22.7459],[105.8212,22.7461],[105.819,22.7445],[105.8165,22.745],[105.816,22.7438],[105.8153,22.7436],[105.8078,22.7352],[105.8056,22.7361],[105.8037,22.7392],[105.8011,22.7388],[105.7991,22.7394],[105.7979,22.7387],[105.7943,22.7387],[105.7901,22.7376],[105.7863,22.7388],[105.7848,22.7379],[105.7838,22.7361],[105.784,22.734],[105.7824,22.7332],[105.7762,22.7393],[105.7698,22.7415],[105.7591,22.7399],[105.7578,22.7409],[105.7553,22.7402],[105.7544,22.7405],[105.7518,22.7383],[105.7498,22.7378],[105.749,22.7364],[105.7495,22.7314],[105.7485,22.7304],[105.7491,22.7293],[105.7496,22.7292],[105.7503,22.727],[105.7519,22.7267],[105.7538,22.7273],[105.755,22.7283],[105.7561,22.7279],[105.7578,22.7265],[105.7586,22.7249],[105.7584,22.7235],[105.7593,22.7219],[105.7594,22.7204],[105.7575,22.7185],[105.7557,22.7157],[105.7539,22.7148],[105.7518,22.7128],[105.7523,22.71],[105.7573,22.7009],[105.7603,22.6977],[105.7624,22.6962],[105.7661,22.6962],[105.7679,22.694],[105.7707,22.6938],[105.7716,22.6943],[105.7727,22.6932],[105.7771,22.6921],[105.7781,22.6924],[105.7805,22.691],[105.7826,22.6907],[105.783,22.6899],[105.7857,22.6899],[105.7877,22.6892],[105.7922,22.6867],[105.7951,22.6829],[105.7961,22.6827],[105.7981,22.6806],[105.8036,22.6787],[105.8045,22.6748],[105.8048,22.6711],[105.8058,22.6705],[105.8092,22.6656],[105.8113,22.6645],[105.8123,22.6632],[105.8136,22.6625],[105.8162,22.6583],[105.8185,22.6575],[105.8189,22.6562],[105.818,22.6555],[105.8211,22.6526],[105.8227,22.6525],[105.8233,22.6519],[105.8246,22.6521],[105.827,22.6529],[105.8277,22.6528],[105.8293,22.6539],[105.8313,22.6526],[105.8327,22.6522],[105.8346,22.6529],[105.8355,22.6527],[105.8388,22.6533]]]},"properties":{"code":"01738","name":"Ca Thành","nameEn":"Ca Thanh","fullName":"Xã Ca Thành","fullNameEn":"Ca Thanh Commune","codeName":"ca_thanh","postalCode":"21512","postalCodePrefix":"","gisServerId":"diaphanhanhchinhcapxa_2025.980","areaKm2":109.85},"id":"01738"},
{"type":"Feature","geometry":{"type":"Polygon","coordinates":[[[106.0613,22.6531],[106.0654,22.649],[106.0656,22.6478],[106.0686,22.6466],[106.0737,22.6501],[106.0766,22.65],[106.0784,22.6516],[106.0822,22.6491],[106.0815,22.6474],[106.0812,22.643],[106.083,22.6398],[106.0829,22.6381],[106.0842,22.6328],[106.0848,22.6326],[106.0878,22.6332],[106.0929,22.6313],[106.0956,22.6321],[106.0981,22.6308],[106.0994,22.6318],[106.1008,22.631],[106.1046,22.6331],[106.1068,22.6335],[106.109,22.6349],[106.1107,22.6335],[106.1145,22.6336],[106.1159,22.636],[106.1178,22.6354],[106.1202,22.6357],[106.1216,22.6366],[106.1222,22.6381],[106.1245,22.6373],[106.1254,22.6365],[106.1269,22.638],[106.1282,22.6419],[106.1336,22.6457],[106.1353,22.6485],[106.1364,22.6493],[106.1363,22.6502],[106.1386,22.6515],[106.1393,22.6525],[106.1413,22.6532],[106.1435,22.6553],[106.1457,22.6557],[106.1458,22.6572],[106.1451,22.659],[106.1451,22.6596],[106.1458,22.66],[106.1452,22.662],[106.144,22.6636],[106.143,22.6638],[106.1437,22.6652],[106.1426,22.6676],[106.1433,22.6719],[106.1417,22.6718],[106.1406,22.6725],[106.1384,22.6723],[106.1378,22.6736],[106.1354,22.6748],[106.1336,22.675],[106.1316,22.6761],[106.1254,22.6757],[106.1281,22.6798],[106.13,22.6807],[106.1301,22.6816],[106.1312,22.6819],[106.1301,22.6843],[106.1318,22.6863],[106.1315,22.6879],[106.1297,22.6895],[106.1291,22.6911],[106.1281,22.692],[106.1268,22.6956],[106.1244,22.696],[106.123,22.6958],[106.1223,22.6975],[106.1223,22.6995],[106.1203,22.6998],[106.1171,22.7024],[106.1146,22.7023],[106.1129,22.703],[106.1079,22.7037],[106.1051,22.7059],[106.1049,22.7062],[106.1066,22.7068],[106.1061,22.7086],[106.1063,22.7123],[106.1058,22.7135],[106.1066,22.7148],[106.1067,22.7164],[106.1049,22.7196],[106.1054,22.7204],[106.104,22.7216],[106.1041,22.7231],[106.1036,22.7244],[106.1018,22.7252],[106.0996,22.7251],[106.0985,22.7259],[106.0978,22.7276],[106.0969,22.7279],[106.0971,22.7297],[106.0964,22.7314],[106.0976,22.7315],[106.0978,22.7337],[106.0968,22.735],[106.0972,22.7365],[106.0967,22.7377],[106.0949,22.7388],[106.0956,22.7404],[106.0967,22.7413],[106.0957,22.7416],[106.095,22.7434],[106.0938,22.7444],[106.0924,22.7446],[106.0917,22.7461],[106.089,22.7448],[106.0852,22.7473],[106.0826,22.7467],[106.0794,22.7477],[106.0773,22.7476],[106.077,22.7486],[106.0751,22.7492],[106.0732,22.7514],[106.0762,22.7558],[106.0752,22.7565],[106.0729,22.7565],[106.0713,22.7578],[106.0714,22.7602],[106.0685,22.7647],[106.0664,22.7644],[106.0649,22.7651],[106.0636,22.7651],[106.0619,22.7643],[106.0598,22.764],[106.0596,22.7629],[106.0583,22.7613],[106.0573,22.7609],[106.0542,22.7582],[106.0501,22.7561],[106.0448,22.7497],[106.0433,22.7492],[106.0421,22.7475],[106.0407,22.7475],[106.0401,22.7451],[106.0386,22.7428],[106.0376,22.7425],[106.037,22.7411],[106.0352,22.7394],[106.0348,22.7384],[106.03,22.737],[106.0257,22.7383],[106.0209,22.7338],[106.0198,22.7292],[106.0181,22.7287],[106.0175,22.7278],[106.015,22.727],[106.0146,22.7265],[106.016,22.7254],[106.0149,22.7237],[106.0156,22.7222],[106.0152,22.7216],[106.0144,22.7214],[106.013,22.7196],[106.0129,22.7184],[106.0151,22.7156],[106.0148,22.7146],[106.0158,22.712],[106.0193,22.7082],[106.0216,22.7048],[106.0211,22.6997],[106.0201,22.697],[106.0185,22.6954],[106.0173,22.6924],[106.0208,22.6875],[106.0203,22.6853],[106.0255,22.6829],[106.0282,22.6837],[106.0287,22.6831],[106.031,22.6832],[106.0313,22.681],[106.0347,22.6808],[106.0367,22.6801],[106.04,22.6801],[106.0408,22.6792],[106.0427,22.6788],[106.0452,22.681],[106.0448,22.6823],[106.0451,22.6846],[106.0491,22.6885],[106.049,22.6945],[106.0524,22.6953],[106.0564,22.6899],[106.05,22.6838],[106.0514,22.6818],[106.052,22.6796],[106.0544,22.677],[106.0535,22.6748],[106.0543,22.6717],[106.0562,22.6696],[106.0587,22.6687],[106.0636,22.6678],[106.0646,22.6659],[106.0621,22.6642],[106.0642,22.6615],[106.0637,22.6584],[106.0628,22.657],[106.0633,22.6567],[106.0613,22.6531]]]},"properties":{"code":"01747","name":"Minh Tâm","nameEn":"Minh Tam","fullName":"Xã Minh Tâm","fullNameEn":"Minh Tam Commune","codeName":"minh_tam","postalCode":"21524","postalCodePrefix":"","gisServerId":"diaphanhanhchinhcapxa_2025.966","areaKm2":106.64},"id":"01747"},
{"type":"Feature","geometry":{"type":"Polygon","coordinates":[[[105.8388,22.6533],[105.8355,22.6527],[105.8346,22.6529],[105.8327,22.6522],[105.8313,22.6526],[105.8293,22.6539],[105.8277,22.6528],[105.827,22.6529],[105.8246,22.6521],[105.8233,22.6519],[105.8227,22.6525],[105.8211,22.6526],[105.818,22.6555],[105.8189,22.6562],[105.8185,22.6575],[105.8162,22.6583],[105.8136,22.6625],[105.8123,22.6632],[105.8113,22.6645],[105.8092,22.6656],[105.8058,22.6705],[105.8048,22.6711],[105.8045,22.6748],[105.8036,22.6787],[105.7981,22.6806],[105.7961,22.6827],[105.7951,22.6829],[105.7922,22.6867],[105.7877,22.6892],[105.7857,22.6899],[105.783,22.6899],[105.7826,22.6907],[105.7805,22.691],[105.7781,22.6924],[105.7771,22.6921],[105.7747,22.689],[105.7744,22.6871],[105.7734,22.6861],[105.7736,22.6844],[105.7705,22.6833],[105.7678,22.6786],[105.7652,22.6774],[105.7628,22.675],[105.7615,22.6744],[105.7603,22.6727],[105.7598,22.6705],[105.758,22.6702],[105.755,22.6689],[105.7531,22.6663],[105.7519,22.6661],[105.7496,22.6647],[105.7481,22.6583],[105.7461,22.6566],[105.7447,22.6534],[105.7409,22.65],[105.7408,22.647],[105.74,22.6465],[105.7406,22.6444],[105.7402,22.6432],[105.7366,22.6416],[105.7332,22.6416],[105.7286,22.6389],[105.727,22.6361],[105.7283,22.6365],[105.7289,22.6358],[105.7292,22.6329],[105.728,22.6315],[105.7281,22.6309],[105.7331,22.6312],[105.7353,22.6303],[105.7372,22.6286],[105.7391,22.6282],[105.7409,22.6256],[105.7414,22.6235],[105.7406,22.6214],[105.7422,22.6199],[105.745,22.6192],[105.7465,22.618],[105.7501,22.6137],[105.751,22.6092],[105.7533,22.6085],[105.7538,22.6059],[105.7527,22.6045],[105.753,22.6032],[105.7521,22.6025],[105.7509,22.6022],[105.7467,22.599],[105.7462,22.5982],[105.747,22.5961],[105.7459,22.5954],[105.7454,22.5945],[105.746,22.5937],[105.7479,22.594],[105.7489,22.5925],[105.7502,22.5919],[105.7507,22.5895],[105.7521,22.5885],[105.7508,22.5865],[105.7516,22.5861],[105.7531,22.5866],[105.7555,22.5858],[105.7574,22.5872],[105.7614,22.5858],[105.7618,22.5861],[105.7618,22.5874],[105.7629,22.5882],[105.766,22.5887],[105.7672,22.5874],[105.7683,22.5851],[105.7712,22.5835],[105.7732,22.5806],[105.7756,22.579],[105.7779,22.5768],[105.778,22.5757],[105.7773,22.5745],[105.7788,22.5732],[105.7787,22.5718],[105.7757,22.5693],[105.7743,22.5674],[105.7742,22.5659],[105.7713,22.5664],[105.7704,22.5647],[105.771,22.5627],[105.7726,22.5619],[105.7735,22.5592],[105.7733,22.5584],[105.7728,22.5579],[105.7678,22.5567],[105.7675,22.5558],[105.7697,22.5547],[105.7709,22.5553],[105.774,22.5542],[105.7743,22.5516],[105.7737,22.551],[105.7725,22.5518],[105.7717,22.5517],[105.7716,22.5501],[105.7721,22.5497],[105.7744,22.5495],[105.7761,22.5503],[105.7779,22.5488],[105.78,22.5492],[105.7817,22.5488],[105.7834,22.5511],[105.7856,22.5514],[105.7872,22.5505],[105.7877,22.5474],[105.7904,22.5466],[105.7909,22.546],[105.7911,22.5442],[105.7931,22.5416],[105.7925,22.54],[105.793,22.5387],[105.7943,22.5373],[105.7954,22.5347],[105.7962,22.5336],[105.7982,22.533],[105.7983,22.531],[105.8,22.5304],[105.8013,22.5279],[105.8017,22.5258],[105.8037,22.5244],[105.8043,22.5234],[105.8051,22.5274],[105.806,22.5291],[105.8058,22.5314],[105.8084,22.5346],[105.8082,22.5358],[105.8109,22.5431],[105.8135,22.5439],[105.8161,22.5473],[105.8169,22.5477],[105.8181,22.5515],[105.8183,22.5555],[105.8212,22.5571],[105.8215,22.5593],[105.823,22.5596],[105.8237,22.5614],[105.8257,22.5629],[105.8267,22.5631],[105.8274,22.5646],[105.8311,22.5669],[105.8325,22.567],[105.8328,22.5682],[105.8344,22.5681],[105.8352,22.5689],[105.8363,22.569],[105.8373,22.5702],[105.84,22.5709],[105.8415,22.5732],[105.8425,22.5737],[105.8436,22.5733],[105.848,22.5743],[105.8498,22.5752],[105.8562,22.5751],[105.8573,22.5771],[105.8567,22.5786],[105.8585,22.5841],[105.8596,22.5826],[105.8604,22.5833],[105.8648,22.5829],[105.866,22.5844],[105.8663,22.5852],[105.8655,22.5871],[105.8672,22.5895],[105.8673,22.5915],[105.8685,22.5935],[105.867,22.5971],[105.8693,22.6032],[105.8693,22.6051],[105.8666,22.6075],[105.8649,22.6103],[105.8655,22.6114],[105.8653,22.6137],[105.8645,22.615],[105.8631,22.6154],[105.8626,22.6165],[105.8629,22.622],[105.8627,22.6233],[105.8617,22.6243],[105.8605,22.6247],[105.86,22.6255],[105.8577,22.6262],[105.856,22.6276],[105.8554,22.6295],[105.854,22.6304],[105.8541,22.6338],[105.8556,22.6349],[105.854,22.6352],[105.8501,22.6381],[105.8488,22.6408],[105.8464,22.6425],[105.8465,22.644],[105.8458,22.6451],[105.8428,22.645],[105.8411,22.646],[105.8398,22.6482],[105.8402,22.6512],[105.8388,22.6533]]]},"properties":{"code":"01768","name":"Phan Thanh","nameEn":"Phan Thanh","fullName":"Xã Phan Thanh","fullNameEn":"Phan Thanh Commune","codeName":"phan_thanh","postalCode":"21516","postalCodePrefix":"","gisServerId":"diaphanhanhchinhcapxa_2025.981","areaKm2":138.09},"id":"01768"},
{"type":"Feature","geometry":{"type":"Polygon","coordinates":[[[106.1222,22.6381],[106.1216,22.6366],[106.1202,22.6357],[106.1178,22.6354],[106.1159,22.636],[106.1145,22.6336],[106.1107,22.6335],[106.109,22.6349],[106.1068,22.6335],[106.1046,22.6331],[106.1008,22.631],[106.0994,22.6318],[106.0981,22.6308],[106.0956,22.6321],[106.0929,22.6313],[106.0878,22.6332],[106.0848,22.6326],[106.0842,22.6328],[106.0829,22.6381],[106.083,22.6398],[106.0812,22.643],[106.0815,22.6474],[106.0822,22.6491],[106.0784,22.6516],[106.0766,22.65],[106.0737,22.6501],[106.0686,22.6466],[106.0656,22.6478],[106.0654,22.649],[106.0613,22.6531],[106.0578,22.6528],[106.0544,22.6516],[106.053,22.6518],[106.0517,22.6496],[106.0508,22.6489],[106.0492,22.6488],[106.0488,22.6474],[106.0496,22.6451],[106.0477,22.6418],[106.0474,22.6382],[106.0455,22.635],[106.0442,22.6342],[106.0434,22.6318],[106.0408,22.6302],[106.0405,22.6292],[106.0344,22.6295],[106.0317,22.6314],[106.0277,22.6309],[106.0246,22.6298],[106.0239,22.6288],[106.0226,22.6289],[106.0199,22.6315],[106.0188,22.6338],[106.0172,22.635],[106.0163,22.6352],[106.0117,22.6337],[106.0101,22.6349],[106.0075,22.6348],[106.0055,22.6341],[106.0013,22.6352],[105.9994,22.6335],[105.9975,22.6334],[105.9967,22.6324],[105.9944,22.6322],[105.9919,22.6328],[105.9892,22.6358],[105.9829,22.6368],[105.9802,22.6363],[105.9761,22.6314],[105.9754,22.6319],[105.974,22.6318],[105.9708,22.6334],[105.9694,22.6333],[105.9681,22.6319],[105.968,22.6292],[105.9667,22.6274],[105.9675,22.6266],[105.974,22.624],[105.9756,22.6228],[105.9779,22.6219],[105.9801,22.6218],[105.9835,22.6177],[105.985,22.6168],[105.9858,22.6154],[105.9868,22.6148],[105.9878,22.6123],[105.9897,22.6116],[105.9907,22.6104],[105.9912,22.6094],[105.9899,22.6077],[105.9895,22.6053],[105.9886,22.6044],[105.987,22.604],[105.9863,22.6032],[105.9877,22.6003],[105.9898,22.5974],[105.9896,22.5963],[105.9879,22.5946],[105.985,22.5937],[105.9806,22.5933],[105.9772,22.5936],[105.9756,22.5926],[105.9708,22.5911],[105.9663,22.5915],[105.9643,22.5911],[105.9622,22.5919],[105.9605,22.592],[105.9584,22.593],[105.9542,22.5932],[105.9529,22.5929],[105.95,22.5931],[105.9441,22.5915],[105.9414,22.5914],[105.9405,22.5906],[105.9407,22.5897],[105.9402,22.5892],[105.94,22.5878],[105.9368,22.583],[105.9365,22.5804],[105.9354,22.578],[105.9328,22.5751],[105.9284,22.5726],[105.926,22.5698],[105.9211,22.5671],[105.9199,22.564],[105.9198,22.5615],[105.9186,22.5597],[105.9193,22.5567],[105.918,22.5542],[105.918,22.5528],[105.9193,22.5497],[105.9196,22.5467],[105.9191,22.5454],[105.9169,22.5427],[105.9174,22.5405],[105.9182,22.5406],[105.9187,22.5414],[105.9192,22.5409],[105.9189,22.5405],[105.9192,22.5397],[105.9177,22.5395],[105.9176,22.5375],[105.9188,22.536],[105.9176,22.5329],[105.9188,22.5321],[105.9195,22.5308],[105.9188,22.5299],[105.9203,22.5279],[105.9212,22.5252],[105.9242,22.5228],[105.9243,22.5221],[105.9269,22.5225],[105.9286,22.5235],[105.9299,22.5262],[105.9332,22.5282],[105.9373,22.5279],[105.9389,22.5272],[105.9407,22.5281],[105.9413,22.5276],[105.9426,22.5276],[105.947,22.5287],[105.9487,22.5263],[105.9528,22.5226],[105.9547,22.5229],[105.9585,22.5247],[105.959,22.526],[105.9611,22.528],[105.9643,22.5278],[105.9659,22.5287],[105.9667,22.5307],[105.9683,22.5326],[105.9689,22.5355],[105.9717,22.5371],[105.9752,22.5374],[105.9772,22.5367],[105.9802,22.5389],[105.9829,22.54],[105.985,22.5419],[105.9858,22.5444],[105.9865,22.5446],[105.9886,22.5436],[105.9912,22.5434],[105.9941,22.5456],[106.0002,22.547],[106.0027,22.5482],[106.0039,22.5515],[106.0037,22.5529],[106.0073,22.5555],[106.0137,22.5567],[106.0197,22.5602],[106.0227,22.5607],[106.0263,22.558],[106.0301,22.5592],[106.0334,22.5609],[106.0353,22.5611],[106.0381,22.5621],[106.0391,22.5635],[106.0425,22.5654],[106.0425,22.5677],[106.0463,22.5734],[106.0465,22.5768],[106.048,22.5782],[106.0496,22.5774],[106.0512,22.5757],[106.0535,22.5749],[106.058,22.5714],[106.061,22.5705],[106.0621,22.5709],[106.0641,22.5704],[106.0657,22.5682],[106.0666,22.5683],[106.0712,22.5729],[106.0757,22.5724],[106.0803,22.574],[106.0816,22.5733],[106.0827,22.5718],[106.0822,22.5705],[106.0823,22.5671],[106.0813,22.5664],[106.0793,22.5663],[106.0786,22.5648],[106.0755,22.5624],[106.0746,22.56],[106.0739,22.5596],[106.0744,22.5578],[106.0734,22.5546],[106.0798,22.5524],[106.0836,22.5526],[106.0865,22.5532],[106.0877,22.5527],[106.091,22.5481],[106.094,22.5478],[106.0954,22.5466],[106.095,22.5462],[106.0949,22.544],[106.0934,22.5426],[106.092,22.5387],[106.093,22.5352],[106.0947,22.5334],[106.0975,22.5354],[106.0991,22.5351],[106.1008,22.5354],[106.1046,22.5399],[106.1042,22.5414],[106.1048,22.5435],[106.1066,22.5447],[106.1093,22.5487],[106.1126,22.551],[106.1135,22.553],[106.1119,22.5561],[106.1129,22.5593],[106.1084,22.5633],[106.1108,22.5686],[106.1102,22.5711],[106.1105,22.5744],[106.1095,22.5762],[106.1073,22.5775],[106.1068,22.579],[106.108,22.5803],[106.1098,22.5809],[106.1116,22.5834],[106.1118,22.5847],[106.1095,22.5872],[106.1106,22.5894],[106.1106,22.5918],[106.1113,22.5946],[106.113,22.597],[106.1134,22.5985],[106.1147,22.5991],[106.1152,22.6002],[106.115,22.6073],[106.1166,22.6093],[106.1146,22.6131],[106.1145,22.616],[106.1151,22.6172],[106.1162,22.618],[106.116,22.6192],[106.1168,22.6199],[106.1161,22.6209],[106.1167,22.6215],[106.1158,22.6221],[106.115,22.6236],[106.1181,22.6265],[106.119,22.6265],[106.1194,22.6281],[106.1211,22.629],[106.1226,22.6312],[106.1234,22.6334],[106.1222,22.6381]]]},"properties":{"code":"01774","name":"Tam Kim","nameEn":"Tam Kim","fullName":"Xã Tam Kim","fullNameEn":"Tam Kim Commune","codeName":"tam_kim","postalCode":"21520","postalCodePrefix":"","gisServerId":"diaphanhanhchinhcapxa_2025.967","areaKm2":161.81},"id":"01774"},
{"type":"Feature","geometry":{"type":"Polygon","coordinates":[[[105.9667,22.6274],[105.9662,22.6287],[105.9618,22.6294],[105.9603,22.6303],[105.9592,22.6303],[105.9571,22.6319],[105.9542,22.6314],[105.9526,22.6321],[105.9508,22.6333],[105.9499,22.6347],[105.9435,22.6372],[105.9421,22.6393],[105.9389,22.64],[105.9363,22.6394],[105.9352,22.6386],[105.9322,22.6389],[105.9293,22.6382],[105.9227,22.6309],[105.9203,22.63],[105.9197,22.6292],[105.9185,22.6295],[105.9161,22.6282],[105.9144,22.6278],[105.9123,22.6281],[105.912,22.6268],[105.9127,22.6263],[105.9122,22.6262],[105.9082,22.6268],[105.9074,22.6278],[105.9044,22.6275],[105.9025,22.6302],[105.9006,22.6314],[105.9,22.6331],[105.8983,22.6344],[105.8951,22.6355],[105.8899,22.6346],[105.8882,22.6352],[105.8864,22.635],[105.8835,22.6357],[105.8809,22.6357],[105.878,22.6336],[105.8753,22.6341],[105.8749,22.6337],[105.8752,22.6311],[105.8734,22.6294],[105.8676,22.6278],[105.8678,22.627],[105.8666,22.6252],[105.8674,22.6246],[105.867,22.6238],[105.8636,22.6244],[105.8617,22.6243],[105.8627,22.6233],[105.8629,22.622],[105.8626,22.6165],[105.8631,22.6154],[105.8645,22.615],[105.8653,22.6137],[105.8655,22.6114],[105.8649,22.6103],[105.8666,22.6075],[105.8693,22.6051],[105.8693,22.6032],[105.867,22.5971],[105.8685,22.5935],[105.8673,22.5915],[105.8672,22.5895],[105.8655,22.5871],[105.8663,22.5852],[105.866,22.5844],[105.8648,22.5829],[105.8604,22.5833],[105.8596,22.5826],[105.8585,22.5841],[105.8567,22.5786],[105.8573,22.5771],[105.8562,22.5751],[105.8498,22.5752],[105.848,22.5743],[105.8436,22.5733],[105.8425,22.5737],[105.8415,22.5732],[105.84,22.5709],[105.8373,22.5702],[105.8363,22.569],[105.8352,22.5689],[105.8344,22.5681],[105.8328,22.5682],[105.8325,22.567],[105.8311,22.5669],[105.8274,22.5646],[105.8267,22.5631],[105.8257,22.5629],[105.8237,22.5614],[105.823,22.5596],[105.8215,22.5593],[105.8212,22.5571],[105.8183,22.5555],[105.8181,22.5515],[105.8169,22.5477],[105.8161,22.5473],[105.8135,22.5439],[105.8109,22.5431],[105.8082,22.5358],[105.8084,22.5346],[105.8058,22.5314],[105.806,22.5291],[105.8051,22.5274],[105.8043,22.5234],[105.8061,22.5238],[105.8068,22.5233],[105.808,22.5235],[105.8098,22.5218],[105.8111,22.522],[105.8135,22.5214],[105.8186,22.5214],[105.8213,22.5203],[105.8234,22.5211],[105.8248,22.5222],[105.8292,22.5239],[105.8297,22.5245],[105.8297,22.5255],[105.8308,22.5266],[105.8332,22.5266],[105.833,22.5225],[105.8323,22.5206],[105.8327,22.519],[105.8324,22.5175],[105.834,22.5153],[105.8341,22.5161],[105.8369,22.5164],[105.8379,22.5157],[105.8417,22.5151],[105.8466,22.5173],[105.8485,22.5194],[105.8505,22.5204],[105.8523,22.52],[105.8565,22.521],[105.8573,22.5204],[105.8601,22.5214],[105.8618,22.5206],[105.8649,22.5205],[105.8672,22.5195],[105.8679,22.5178],[105.8689,22.5171],[105.871,22.5167],[105.8756,22.5142],[105.8793,22.5142],[105.8808,22.5136],[105.883,22.5136],[105.8862,22.5121],[105.8901,22.5112],[105.8927,22.5097],[105.8941,22.5097],[105.8977,22.5075],[105.8994,22.5071],[105.8982,22.506],[105.8982,22.5042],[105.8997,22.5017],[105.9018,22.4997],[105.9038,22.4956],[105.9046,22.4954],[105.9078,22.4964],[105.9111,22.4963],[105.9135,22.4977],[105.9144,22.5011],[105.9181,22.5045],[105.9185,22.5061],[105.9204,22.5088],[105.9204,22.51],[105.9222,22.5127],[105.9235,22.5132],[105.9233,22.5149],[105.9238,22.5164],[105.9232,22.5184],[105.9239,22.5192],[105.9243,22.5221],[105.9242,22.5228],[105.9212,22.5252],[105.9203,22.5279],[105.9188,22.5299],[105.9195,22.5308],[105.9188,22.5321],[105.9176,22.5329],[105.9188,22.536],[105.9176,22.5375],[105.9177,22.5395],[105.9192,22.5397],[105.9189,22.5405],[105.9192,22.5409],[105.9187,22.5414],[105.9182,22.5406],[105.9174,22.5405],[105.9169,22.5427],[105.9191,22.5454],[105.9196,22.5467],[105.9193,22.5497],[105.918,22.5528],[105.918,22.5542],[105.9193,22.5567],[105.9186,22.5597],[105.9198,22.5615],[105.9199,22.564],[105.9211,22.5671],[105.926,22.5698],[105.9284,22.5726],[105.9328,22.5751],[105.9354,22.578],[105.9365,22.5804],[105.9368,22.583],[105.94,22.5878],[105.9402,22.5892],[105.9407,22.5897],[105.9405,22.5906],[105.9414,22.5914],[105.9441,22.5915],[105.95,22.5931],[105.9529,22.5929],[105.9542,22.5932],[105.9584,22.593],[105.9605,22.592],[105.9622,22.5919],[105.9643,22.5911],[105.9663,22.5915],[105.9708,22.5911],[105.9756,22.5926],[105.9772,22.5936],[105.9806,22.5933],[105.985,22.5937],[105.9879,22.5946],[105.9896,22.5963],[105.9898,22.5974],[105.9877,22.6003],[105.9863,22.6032],[105.987,22.604],[105.9886,22.6044],[105.9895,22.6053],[105.9899,22.6077],[105.9912,22.6094],[105.9907,22.6104],[105.9897,22.6116],[105.9878,22.6123],[105.9868,22.6148],[105.9858,22.6154],[105.985,22.6168],[105.9835,22.6177],[105.9801,22.6218],[105.9779,22.6219],[105.9756,22.6228],[105.974,22.624],[105.9675,22.6266],[105.9667,22.6274]]]},"properties":{"code":"01777","name":"Thành Công","nameEn":"Thanh Cong","fullName":"Xã Thành Công","fullNameEn":"Thanh Cong Commune","codeName":"thanh_cong","postalCode":"21517","postalCodePrefix":"","gisServerId":"diaphanhanhchinhcapxa_2025.982","areaKm2":140.63},"id":"01777"},
{"type":"Feature","geometry":{"type":"Polygon","coordinates":[[[106.469,22.3623],[106.4671,22.3639],[106.4672,22.3654],[106.4662,22.3666],[106.4669,22.3686],[106.4656,22.3715],[106.4619,22.3756],[106.4608,22.3801],[106.4601,22.3809],[106.4601,22.383],[106.4573,22.3854],[106.4564,22.3875],[106.4568,22.3882],[106.4659,22.3931],[106.4654,22.3965],[106.4568,22.3988],[106.4568,22.4],[106.4525,22.4067],[106.456,22.4083],[106.4571,22.4079],[106.4603,22.4101],[106.4622,22.4083],[106.4664,22.4089],[106.4685,22.41],[106.4702,22.4116],[106.4715,22.4121],[106.4728,22.4168],[106.4744,22.4166],[106.4754,22.4172],[106.4749,22.4199],[106.4757,22.4211],[106.4769,22.4216],[106.4695,22.4231],[106.4681,22.4241],[106.4661,22.4231],[106.4667,22.4262],[106.463,22.4295],[106.4618,22.4319],[106.4601,22.4322],[106.4587,22.4332],[106.4564,22.4333],[106.455,22.4328],[106.4528,22.4301],[106.4512,22.4316],[106.4505,22.4314],[106.4467,22.432],[106.4453,22.4314],[106.4444,22.4337],[106.4425,22.4344],[106.4396,22.4334],[106.4381,22.4355],[106.4367,22.4361],[106.4371,22.4369],[106.439,22.4378],[106.439,22.4385],[106.4376,22.4395],[106.4373,22.4404],[106.4346,22.4415],[106.4345,22.4433],[106.4318,22.4441],[106.424,22.4445],[106.4247,22.443],[106.4245,22.4422],[106.421,22.4413],[106.4185,22.4394],[106.4141,22.4383],[106.4145,22.4367],[106.4125,22.4343],[106.4122,22.4332],[106.4134,22.4319],[106.4131,22.4301],[106.4156,22.4288],[106.4149,22.4261],[106.4153,22.4222],[106.412,22.418],[106.4083,22.4176],[106.4072,22.415],[106.404,22.4123],[106.4045,22.4099],[106.4045,22.4085],[106.4039,22.4078],[106.4015,22.4063],[106.3997,22.4067],[106.3975,22.4083],[106.3972,22.4124],[106.396,22.4148],[106.3948,22.4154],[106.3934,22.4179],[106.3937,22.4188],[106.396,22.4196],[106.3974,22.4198],[106.3984,22.4194],[106.3975,22.4201],[106.3968,22.4224],[106.397,22.4289],[106.3962,22.4298],[106.3952,22.4329],[106.3965,22.4338],[106.3969,22.4348],[106.3953,22.4347],[106.3943,22.4362],[106.3925,22.4366],[106.3933,22.4396],[106.3917,22.441],[106.3934,22.4434],[106.3931,22.448],[106.3925,22.4493],[106.3903,22.4497],[106.3889,22.4519],[106.3866,22.4535],[106.3887,22.4568],[106.3888,22.4581],[106.3874,22.4601],[106.3854,22.4606],[106.3845,22.4613],[106.3786,22.4589],[106.3782,22.4591],[106.378,22.4606],[106.3754,22.4607],[106.3727,22.46],[106.3709,22.4614],[106.3698,22.4596],[106.3674,22.4596],[106.3638,22.457],[106.3624,22.4572],[106.3614,22.4582],[106.3578,22.4693],[106.3553,22.4746],[106.3519,22.4749],[106.351,22.4755],[106.349,22.4741],[106.3477,22.4742],[106.3461,22.477],[106.3445,22.4771],[106.3436,22.4764],[106.3431,22.4731],[106.3405,22.4714],[106.3398,22.4683],[106.3376,22.4664],[106.336,22.4633],[106.3347,22.463],[106.3335,22.462],[106.3316,22.4636],[106.3287,22.4643],[106.327,22.4598],[106.3264,22.4591],[106.3262,22.4574],[106.3252,22.456],[106.3221,22.4538],[106.3217,22.4516],[106.3209,22.4506],[106.3212,22.448],[106.3206,22.4475],[106.3216,22.4464],[106.3217,22.4449],[106.3206,22.4434],[106.3205,22.4417],[106.3222,22.4393],[106.3216,22.4369],[106.3193,22.4341],[106.3199,22.4323],[106.3197,22.4306],[106.3212,22.4291],[106.322,22.4252],[106.3247,22.4254],[106.3251,22.4247],[106.3248,22.4236],[106.3264,22.4222],[106.3258,22.4154],[106.3214,22.4125],[106.3187,22.4081],[106.3191,22.4075],[106.3221,22.4087],[106.3257,22.4093],[106.3259,22.4106],[106.3267,22.4117],[106.3287,22.413],[106.3314,22.4119],[106.3344,22.4092],[106.3335,22.4075],[106.3333,22.4049],[106.3324,22.4031],[106.334,22.4008],[106.3358,22.4006],[106.3369,22.399],[106.3396,22.3969],[106.3396,22.3959],[106.3409,22.3938],[106.3423,22.3928],[106.3442,22.3927],[106.3445,22.392],[106.3447,22.3907],[106.3439,22.3892],[106.3434,22.3862],[106.345,22.383],[106.3443,22.3813],[106.3441,22.3784],[106.3412,22.3761],[106.3417,22.3745],[106.3437,22.3728],[106.3461,22.3719],[106.3468,22.3698],[106.3499,22.3688],[106.3499,22.3674],[106.3513,22.3662],[106.3524,22.3639],[106.3524,22.3624],[106.3588,22.3599],[106.3597,22.3582],[106.363,22.3567],[106.3649,22.3571],[106.3667,22.3585],[106.3778,22.359],[106.3794,22.36],[106.3792,22.3612],[106.3801,22.3633],[106.3834,22.3634],[106.3839,22.3644],[106.3885,22.3662],[106.3899,22.3687],[106.3918,22.3692],[106.394,22.3714],[106.3953,22.3735],[106.3968,22.3741],[106.3995,22.3716],[106.3999,22.3706],[106.4015,22.3705],[106.405,22.3693],[106.4119,22.3707],[106.413,22.369],[106.4156,22.3678],[106.4159,22.3666],[106.4171,22.3654],[106.4209,22.3627],[106.422,22.3608],[106.4253,22.3591],[106.4276,22.3597],[106.4298,22.3594],[106.4311,22.3615],[106.4338,22.3636],[106.4348,22.3632],[106.4363,22.3642],[106.4385,22.3625],[106.4391,22.3625],[106.4399,22.3635],[106.4407,22.3633],[106.4423,22.3616],[106.4434,22.3592],[106.4453,22.3585],[106.4482,22.359],[106.4486,22.3581],[106.4505,22.3572],[106.4537,22.3568],[106.4561,22.3587],[106.4593,22.3582],[106.4616,22.3596],[106.4635,22.3598],[106.4668,22.3587],[106.4678,22.3611],[106.469,22.3623]]]},"properties":{"code":"01786","name":"Đông Khê","nameEn":"Dong Khe","fullName":"Xã Đông Khê","fullNameEn":"Dong Khe Commune","codeName":"dong_khe","postalCode":"21606","postalCodePrefix":"","gisServerId":"diaphanhanhchinhcapxa_2025.990","areaKm2":125.27},"id":"01786"},
{"type":"Feature","geometry":{"type":"Polygon","coordinates":[[[106.2853,22.5737],[106.2832,22.5728],[106.2822,22.5742],[106.2765,22.5751],[106.2742,22.5744],[106.2737,22.5751],[106.2739,22.5758],[106.273,22.5768],[106.2698,22.5781],[106.2669,22.578],[106.2651,22.5789],[106.2629,22.5783],[106.2602,22.579],[106.2591,22.5802],[106.2568,22.5808],[106.2562,22.5818],[106.2549,22.5824],[106.2553,22.5853],[106.2538,22.5879],[106.2524,22.5896],[106.2495,22.5909],[106.2483,22.5924],[106.2473,22.5961],[106.2445,22.5983],[106.2431,22.6034],[106.2402,22.6021],[106.2331,22.6047],[106.2276,22.6014],[106.2223,22.6017],[106.2205,22.6026],[106.219,22.601],[106.2184,22.5962],[106.2159,22.5949],[106.2142,22.5918],[106.2112,22.5905],[106.2099,22.5883],[106.2051,22.5862],[106.2049,22.5855],[106.2037,22.5847],[106.2032,22.5818],[106.1979,22.5789],[106.1972,22.5773],[106.1965,22.5769],[106.1978,22.5762],[106.1981,22.575],[106.1998,22.5728],[106.2011,22.5722],[106.2013,22.5709],[106.202,22.57],[106.2042,22.5696],[106.2075,22.566],[106.2106,22.5639],[106.2116,22.5637],[106.2128,22.5643],[106.2155,22.5623],[106.2178,22.5584],[106.2184,22.5555],[106.2195,22.5536],[106.2226,22.5531],[106.2249,22.554],[106.2266,22.5539],[106.2289,22.5548],[106.2303,22.5541],[106.2322,22.5541],[106.2329,22.5534],[106.233,22.5511],[106.2342,22.549],[106.233,22.5483],[106.2318,22.5455],[106.2306,22.5458],[106.228,22.5447],[106.229,22.5438],[106.2307,22.5403],[106.2288,22.5384],[106.225,22.537],[106.2271,22.5353],[106.2289,22.5328],[106.2301,22.5322],[106.2313,22.5279],[106.2335,22.5278],[106.2352,22.5265],[106.2347,22.5254],[106.2355,22.5232],[106.2347,22.5215],[106.2348,22.5191],[106.2362,22.5163],[106.2361,22.5146],[106.2367,22.5123],[106.2363,22.5115],[106.2395,22.51],[106.2403,22.5092],[106.2415,22.5053],[106.2401,22.5046],[106.2374,22.5016],[106.2378,22.499],[106.2374,22.498],[106.2354,22.4964],[106.2361,22.4942],[106.2358,22.4933],[106.2382,22.4904],[106.2384,22.4887],[106.2377,22.4861],[106.2368,22.4848],[106.2345,22.4835],[106.2343,22.4819],[106.2321,22.4803],[106.2324,22.4777],[106.2315,22.4755],[106.2325,22.4739],[106.2345,22.4723],[106.2352,22.468],[106.2372,22.4676],[106.238,22.4669],[106.2387,22.4625],[106.2394,22.4616],[106.2421,22.4606],[106.2437,22.4592],[106.2458,22.459],[106.2467,22.4577],[106.2485,22.4583],[106.2506,22.4577],[106.2527,22.4555],[106.2564,22.4542],[106.2586,22.4515],[106.2599,22.4512],[106.2601,22.4504],[106.2638,22.4518],[106.2672,22.4513],[106.2684,22.4496],[106.2702,22.4508],[106.2711,22.4509],[106.2725,22.4497],[106.2731,22.4482],[106.2757,22.4484],[106.2769,22.4478],[106.2775,22.4473],[106.2775,22.4462],[106.279,22.4457],[106.2807,22.4438],[106.2815,22.4424],[106.2818,22.4403],[106.283,22.4396],[106.283,22.4387],[106.2837,22.4385],[106.2849,22.4368],[106.2848,22.436],[106.2857,22.4353],[106.2861,22.4339],[106.286,22.4321],[106.2871,22.4301],[106.2871,22.4283],[106.288,22.427],[106.2904,22.4264],[106.2909,22.4258],[106.2943,22.4254],[106.2955,22.424],[106.2966,22.4244],[106.2985,22.4237],[106.3004,22.4205],[106.3035,22.4199],[106.3054,22.4171],[106.3076,22.4151],[106.3091,22.4144],[106.3109,22.4124],[106.3109,22.4113],[106.3122,22.4103],[106.316,22.4087],[106.3187,22.4081],[106.3214,22.4125],[106.3258,22.4154],[106.3264,22.4222],[106.3248,22.4236],[106.3251,22.4247],[106.3247,22.4254],[106.322,22.4252],[106.3212,22.4291],[106.3197,22.4306],[106.3199,22.4323],[106.3193,22.4341],[106.3216,22.4369],[106.3222,22.4393],[106.3205,22.4417],[106.3206,22.4434],[106.3217,22.4449],[106.3216,22.4464],[106.3206,22.4475],[106.3212,22.448],[106.3209,22.4506],[106.3217,22.4516],[106.3221,22.4538],[106.3252,22.456],[106.3262,22.4574],[106.3264,22.4591],[106.327,22.4598],[106.3287,22.4643],[106.3285,22.4656],[106.3269,22.4672],[106.3245,22.4683],[106.3241,22.4733],[106.3213,22.4763],[106.3189,22.4833],[106.3194,22.4854],[106.3191,22.4873],[106.3173,22.4893],[106.3148,22.494],[106.3123,22.4954],[106.3097,22.5016],[106.3082,22.5024],[106.307,22.5075],[106.3072,22.5086],[106.3063,22.5076],[106.3039,22.5064],[106.3022,22.5065],[106.3007,22.5058],[106.3,22.5061],[106.2967,22.5108],[106.2925,22.5118],[106.293,22.514],[106.2949,22.5153],[106.295,22.5173],[106.2962,22.5191],[106.2963,22.5224],[106.2946,22.5251],[106.2976,22.5271],[106.2979,22.5283],[106.2965,22.5296],[106.2961,22.5334],[106.2981,22.5355],[106.299,22.5375],[106.2994,22.541],[106.3005,22.5442],[106.2998,22.5468],[106.2976,22.548],[106.2948,22.5504],[106.2935,22.55],[106.2919,22.5482],[106.2905,22.5483],[106.289,22.5477],[106.2884,22.552],[106.2864,22.5557],[106.2867,22.5604],[106.2854,22.5625],[106.287,22.5636],[106.2883,22.566],[106.2866,22.5693],[106.2866,22.5727],[106.2853,22.5737]]]},"properties":{"code":"01789","name":"Canh Tân","nameEn":"Canh Tan","fullName":"Xã Canh Tân","fullNameEn":"Canh Tan Commune","codeName":"canh_tan","postalCode":"21614","postalCodePrefix":"","gisServerId":"diaphanhanhchinhcapxa_2025.960","areaKm2":132.26},"id":"01789"},
{"type":"Feature","geometry":{"type":"Polygon","coordinates":[[[106.372,22.5929],[106.3686,22.593],[106.3665,22.5925],[106.3625,22.5895],[106.3586,22.5952],[106.3572,22.5964],[106.3538,22.5965],[106.352,22.5971],[106.3491,22.5965],[106.351,22.5942],[106.3479,22.5894],[106.3465,22.5828],[106.3455,22.5818],[106.3445,22.5819],[106.3433,22.581],[106.3394,22.5797],[106.3371,22.578],[106.3357,22.578],[106.3351,22.5737],[106.3344,22.5726],[106.329,22.5713],[106.3257,22.5714],[106.3249,22.5735],[106.3218,22.576],[106.3219,22.5774],[106.3211,22.579],[106.3212,22.5811],[106.3201,22.5829],[106.3194,22.5832],[106.3201,22.5846],[106.3188,22.586],[106.3165,22.5842],[106.314,22.5839],[106.3105,22.5822],[106.3075,22.5814],[106.3058,22.5811],[106.3019,22.5813],[106.3009,22.5806],[106.2955,22.5804],[106.2947,22.5792],[106.2937,22.5792],[106.2921,22.5784],[106.2894,22.5784],[106.2887,22.5768],[106.2853,22.5737],[106.2866,22.5727],[106.2866,22.5693],[106.2883,22.566],[106.287,22.5636],[106.2854,22.5625],[106.2867,22.5604],[106.2864,22.5557],[106.2884,22.552],[106.289,22.5477],[106.2905,22.5483],[106.2919,22.5482],[106.2935,22.55],[106.2948,22.5504],[106.2976,22.548],[106.2998,22.5468],[106.3005,22.5442],[106.2994,22.541],[106.299,22.5375],[106.2981,22.5355],[106.2961,22.5334],[106.2965,22.5296],[106.2979,22.5283],[106.2976,22.5271],[106.2946,22.5251],[106.2963,22.5224],[106.2962,22.5191],[106.295,22.5173],[106.2949,22.5153],[106.293,22.514],[106.2925,22.5118],[106.2967,22.5108],[106.3,22.5061],[106.3007,22.5058],[106.3022,22.5065],[106.3039,22.5064],[106.3063,22.5076],[106.3072,22.5086],[106.307,22.5075],[106.3082,22.5024],[106.3097,22.5016],[106.3123,22.4954],[106.3148,22.494],[106.3173,22.4893],[106.3191,22.4873],[106.3194,22.4854],[106.3189,22.4833],[106.3213,22.4763],[106.3241,22.4733],[106.3245,22.4683],[106.3269,22.4672],[106.3285,22.4656],[106.3287,22.4643],[106.3316,22.4636],[106.3335,22.462],[106.3347,22.463],[106.336,22.4633],[106.3376,22.4664],[106.3398,22.4683],[106.3405,22.4714],[106.3431,22.4731],[106.3436,22.4764],[106.3445,22.4771],[106.3461,22.477],[106.3477,22.4742],[106.349,22.4741],[106.351,22.4755],[106.3519,22.4749],[106.3553,22.4746],[106.3578,22.4693],[106.3614,22.4582],[106.3624,22.4572],[106.3638,22.457],[106.3674,22.4596],[106.3698,22.4596],[106.3709,22.4614],[106.3727,22.46],[106.3754,22.4607],[106.378,22.4606],[106.3782,22.4591],[106.3786,22.4589],[106.3845,22.4613],[106.3854,22.4606],[106.3843,22.462],[106.3842,22.4645],[106.3805,22.4664],[106.3819,22.4683],[106.3819,22.4694],[106.3792,22.4715],[106.3798,22.4736],[106.3784,22.4748],[106.3774,22.4771],[106.3797,22.4807],[106.3777,22.4824],[106.3763,22.4825],[106.3755,22.483],[106.3744,22.4868],[106.3748,22.4883],[106.3723,22.4908],[106.3721,22.4929],[106.3727,22.4941],[106.3715,22.4949],[106.3717,22.4966],[106.3702,22.4981],[106.3664,22.5],[106.3628,22.4993],[106.362,22.5037],[106.3629,22.5049],[106.3633,22.5066],[106.3652,22.5088],[106.3635,22.5106],[106.3639,22.5123],[106.36,22.5151],[106.3605,22.5167],[106.3597,22.5179],[106.3613,22.5203],[106.3616,22.5241],[106.3624,22.5252],[106.3632,22.5254],[106.3639,22.5252],[106.3644,22.524],[106.3655,22.5235],[106.3666,22.522],[106.3668,22.5191],[106.3702,22.5191],[106.3752,22.5165],[106.3775,22.517],[106.3789,22.5178],[106.3805,22.5178],[106.3821,22.5187],[106.3846,22.5178],[106.3888,22.5144],[106.4002,22.515],[106.4039,22.5167],[106.4043,22.5216],[106.4035,22.5229],[106.4036,22.5243],[106.402,22.5261],[106.4036,22.5281],[106.4031,22.5305],[106.4041,22.5325],[106.4016,22.534],[106.3993,22.5335],[106.3968,22.5342],[106.3945,22.5364],[106.3926,22.5368],[106.3928,22.5384],[106.3924,22.5426],[106.3931,22.5448],[106.3914,22.5452],[106.3893,22.547],[106.3895,22.5478],[106.3921,22.5498],[106.3925,22.5567],[106.3949,22.5588],[106.3973,22.5597],[106.3956,22.5621],[106.3946,22.5623],[106.3943,22.5637],[106.3948,22.5644],[106.394,22.5658],[106.395,22.5668],[106.3955,22.5686],[106.3945,22.5692],[106.3943,22.5701],[106.3926,22.5708],[106.3923,22.5716],[106.3929,22.5732],[106.3896,22.5738],[106.39,22.5759],[106.3879,22.5799],[106.3843,22.5814],[106.3838,22.5837],[106.3826,22.5857],[106.38,22.5864],[106.3791,22.5873],[106.3737,22.59],[106.3734,22.5928],[106.372,22.5929]]]},"properties":{"code":"01792","name":"Kim Đồng","nameEn":"Kim Dong","fullName":"Xã Kim Đồng","fullNameEn":"Kim Dong Commune","codeName":"kim_dong","postalCode":"21613","postalCodePrefix":"","gisServerId":"diaphanhanhchinhcapxa_2025.961","areaKm2":112.06},"id":"01792"},
{"type":"Feature","geometry":{"type":"Polygon","coordinates":[[[106.2394,22.4616],[106.2387,22.4625],[106.238,22.4669],[106.2372,22.4676],[106.2352,22.468],[106.2345,22.4723],[106.2325,22.4739],[106.2315,22.4755],[106.2324,22.4777],[106.2321,22.4803],[106.2343,22.4819],[106.2345,22.4835],[106.2368,22.4848],[106.2377,22.4861],[106.2384,22.4887],[106.2382,22.4904],[106.2358,22.4933],[106.2361,22.4942],[106.2354,22.4964],[106.2374,22.498],[106.2378,22.499],[106.2374,22.5016],[106.2401,22.5046],[106.2415,22.5053],[106.2403,22.5092],[106.2395,22.51],[106.2363,22.5115],[106.2367,22.5123],[106.2361,22.5146],[106.2362,22.5163],[106.2348,22.5191],[106.2347,22.5215],[106.2355,22.5232],[106.2347,22.5254],[106.2352,22.5265],[106.2335,22.5278],[106.2313,22.5279],[106.2301,22.5322],[106.2289,22.5328],[106.2271,22.5353],[106.225,22.537],[106.2288,22.5384],[106.2307,22.5403],[106.229,22.5438],[106.228,22.5447],[106.2306,22.5458],[106.2318,22.5455],[106.233,22.5483],[106.2342,22.549],[106.233,22.5511],[106.2329,22.5534],[106.2322,22.5541],[106.2303,22.5541],[106.2289,22.5548],[106.2266,22.5539],[106.2249,22.554],[106.2226,22.5531],[106.2195,22.5536],[106.2184,22.5555],[106.2178,22.5584],[106.2155,22.5623],[106.2128,22.5643],[106.2116,22.5637],[106.2106,22.5639],[106.2075,22.566],[106.2042,22.5696],[106.202,22.57],[106.2024,22.5679],[106.2016,22.5667],[106.2028,22.5643],[106.2057,22.5622],[106.2066,22.5606],[106.207,22.558],[106.204,22.5561],[106.2053,22.5534],[106.2036,22.5515],[106.2037,22.5502],[106.2013,22.549],[106.2017,22.5465],[106.2011,22.5456],[106.197,22.546],[106.1938,22.5437],[106.1933,22.5415],[106.191,22.5412],[106.1903,22.5425],[106.1881,22.5433],[106.186,22.5449],[106.1845,22.5443],[106.1824,22.5447],[106.1814,22.5436],[106.1778,22.5415],[106.1762,22.5392],[106.1747,22.5384],[106.1731,22.5369],[106.1703,22.5378],[106.1676,22.5369],[106.1657,22.5358],[106.1641,22.5362],[106.161,22.5353],[106.1593,22.5342],[106.1582,22.5327],[106.1584,22.5305],[106.1601,22.5284],[106.1599,22.5253],[106.1584,22.5242],[106.1579,22.5216],[106.1561,22.5197],[106.1549,22.5173],[106.1518,22.5148],[106.1487,22.5154],[106.1469,22.5163],[106.145,22.5151],[106.141,22.514],[106.1383,22.5142],[106.138,22.516],[106.1366,22.5166],[106.134,22.5166],[106.1316,22.5179],[106.13,22.5197],[106.1279,22.5188],[106.1267,22.5175],[106.1251,22.5171],[106.1239,22.5146],[106.1224,22.5131],[106.1201,22.513],[106.118,22.512],[106.1183,22.5107],[106.1195,22.5097],[106.1181,22.5072],[106.1178,22.5056],[106.1187,22.499],[106.1165,22.4947],[106.1167,22.4882],[106.1154,22.4861],[106.1146,22.4827],[106.117,22.4786],[106.1175,22.4763],[106.1189,22.4745],[106.1197,22.472],[106.118,22.4706],[106.1157,22.4701],[106.1152,22.4685],[106.113,22.4663],[106.1122,22.4661],[106.1119,22.4649],[106.1106,22.4636],[106.1096,22.4632],[106.1091,22.4611],[106.1074,22.459],[106.1064,22.456],[106.1051,22.4549],[106.1043,22.4524],[106.1017,22.4504],[106.1001,22.45],[106.0989,22.4482],[106.0973,22.447],[106.0943,22.4454],[106.0942,22.4412],[106.098,22.4399],[106.099,22.4379],[106.1016,22.4357],[106.1008,22.4311],[106.0994,22.4294],[106.1004,22.4289],[106.1001,22.4272],[106.1016,22.4261],[106.1022,22.4227],[106.1007,22.4186],[106.1012,22.4177],[106.0988,22.414],[106.1055,22.4094],[106.1054,22.4069],[106.1064,22.4041],[106.1042,22.402],[106.1059,22.401],[106.1123,22.3986],[106.1132,22.3996],[106.1148,22.4002],[106.1148,22.4011],[106.1163,22.4019],[106.1195,22.4025],[106.1216,22.4022],[106.1226,22.4015],[106.1218,22.4001],[106.1224,22.3994],[106.1263,22.3996],[106.1276,22.4001],[106.1318,22.3993],[106.1337,22.3975],[106.1344,22.3953],[106.1396,22.3943],[106.1415,22.3951],[106.1449,22.399],[106.148,22.4012],[106.151,22.3988],[106.1531,22.3981],[106.1547,22.3962],[106.154,22.3931],[106.1534,22.3927],[106.1522,22.3906],[106.1546,22.3895],[106.1553,22.3883],[106.1568,22.3876],[106.1579,22.3857],[106.1586,22.3833],[106.1612,22.3815],[106.1647,22.3824],[106.1656,22.3843],[106.1673,22.3848],[106.1682,22.3847],[106.1692,22.3853],[106.171,22.3852],[106.1721,22.3856],[106.1722,22.3864],[106.1748,22.3876],[106.1765,22.3877],[106.1791,22.386],[106.1803,22.3861],[106.1828,22.3878],[106.1835,22.3878],[106.1843,22.3871],[106.1862,22.3885],[106.1859,22.3891],[106.1865,22.3902],[106.1862,22.3919],[106.1872,22.3932],[106.1866,22.3949],[106.1878,22.3959],[106.1877,22.3968],[106.1868,22.3978],[106.1871,22.3985],[106.1867,22.4002],[106.1888,22.4016],[106.1902,22.4035],[106.1903,22.405],[106.1919,22.4055],[106.194,22.4077],[106.1921,22.4114],[106.1926,22.4131],[106.1934,22.414],[106.1923,22.4159],[106.1942,22.417],[106.1958,22.4195],[106.1972,22.42],[106.1984,22.4216],[106.1995,22.422],[106.1992,22.4228],[106.1999,22.4244],[106.1986,22.4264],[106.1998,22.4275],[106.2014,22.4324],[106.2049,22.4353],[106.207,22.4362],[106.2072,22.4388],[106.2111,22.4409],[106.2109,22.4422],[106.2125,22.4449],[106.2129,22.4475],[106.2143,22.4486],[106.215,22.4505],[106.2172,22.4523],[106.219,22.4525],[106.2218,22.4552],[106.2238,22.4544],[106.2258,22.455],[106.2304,22.4545],[106.2322,22.4555],[106.2334,22.4585],[106.2352,22.4593],[106.2358,22.4603],[106.2375,22.46],[106.2394,22.4616]]]},"properties":{"code":"01795","name":"Minh Khai","nameEn":"Minh Khai","fullName":"Xã Minh Khai","fullNameEn":"Minh Khai Commune","codeName":"minh_khai","postalCode":"21615","postalCodePrefix":"","gisServerId":"diaphanhanhchinhcapxa_2025.962","areaKm2":173.4},"id":"01795"},
{"type":"Feature","geometry":{"type":"Polygon","coordinates":[[[106.4512,22.5667],[106.45,22.568],[106.4461,22.5687],[106.4396,22.5706],[106.438,22.5715],[106.434,22.5689],[106.4305,22.5713],[106.4295,22.5696],[106.4276,22.5693],[106.4272,22.5685],[106.4254,22.5692],[106.4249,22.5658],[106.4224,22.5645],[106.4218,22.5603],[106.4212,22.5598],[106.4202,22.5599],[106.4176,22.5568],[106.4143,22.5547],[106.4143,22.5539],[106.4151,22.5532],[106.4137,22.552],[106.4136,22.5509],[106.4105,22.5496],[106.4094,22.5497],[106.4076,22.552],[106.4052,22.553],[106.4041,22.5555],[106.4042,22.5586],[106.403,22.5593],[106.4018,22.5583],[106.3998,22.5578],[106.398,22.5585],[106.3973,22.5597],[106.3949,22.5588],[106.3925,22.5567],[106.3921,22.5498],[106.3895,22.5478],[106.3893,22.547],[106.3914,22.5452],[106.3931,22.5448],[106.3924,22.5426],[106.3928,22.5384],[106.3926,22.5368],[106.3945,22.5364],[106.3968,22.5342],[106.3993,22.5335],[106.4016,22.534],[106.4041,22.5325],[106.4031,22.5305],[106.4036,22.5281],[106.402,22.5261],[106.4036,22.5243],[106.4035,22.5229],[106.4043,22.5216],[106.4039,22.5167],[106.4002,22.515],[106.3888,22.5144],[106.3846,22.5178],[106.3821,22.5187],[106.3805,22.5178],[106.3789,22.5178],[106.3775,22.517],[106.3752,22.5165],[106.3702,22.5191],[106.3668,22.5191],[106.3666,22.522],[106.3655,22.5235],[106.3644,22.524],[106.3639,22.5252],[106.3632,22.5254],[106.3624,22.5252],[106.3616,22.5241],[106.3613,22.5203],[106.3597,22.5179],[106.3605,22.5167],[106.36,22.5151],[106.3639,22.5123],[106.3635,22.5106],[106.3652,22.5088],[106.3633,22.5066],[106.3629,22.5049],[106.362,22.5037],[106.3628,22.4993],[106.3664,22.5],[106.3702,22.4981],[106.3717,22.4966],[106.3715,22.4949],[106.3727,22.4941],[106.3721,22.4929],[106.3723,22.4908],[106.3748,22.4883],[106.3744,22.4868],[106.3755,22.483],[106.3763,22.4825],[106.3777,22.4824],[106.3797,22.4807],[106.3774,22.4771],[106.3784,22.4748],[106.3798,22.4736],[106.3792,22.4715],[106.3819,22.4694],[106.3819,22.4683],[106.3805,22.4664],[106.3842,22.4645],[106.3843,22.462],[106.3854,22.4606],[106.3874,22.4601],[106.3888,22.4581],[106.3887,22.4568],[106.3866,22.4535],[106.3889,22.4519],[106.3903,22.4497],[106.3925,22.4493],[106.3931,22.448],[106.3934,22.4434],[106.3917,22.441],[106.3933,22.4396],[106.3925,22.4366],[106.3943,22.4362],[106.3953,22.4347],[106.3969,22.4348],[106.3965,22.4338],[106.3952,22.4329],[106.3962,22.4298],[106.397,22.4289],[106.3968,22.4224],[106.3975,22.4201],[106.3984,22.4194],[106.3974,22.4198],[106.396,22.4196],[106.3937,22.4188],[106.3934,22.4179],[106.3948,22.4154],[106.396,22.4148],[106.3972,22.4124],[106.3975,22.4083],[106.3997,22.4067],[106.4015,22.4063],[106.4039,22.4078],[106.4045,22.4085],[106.4045,22.4099],[106.404,22.4123],[106.4072,22.415],[106.4083,22.4176],[106.412,22.418],[106.4153,22.4222],[106.4149,22.4261],[106.4156,22.4288],[106.4131,22.4301],[106.4134,22.4319],[106.4122,22.4332],[106.4125,22.4343],[106.4145,22.4367],[106.4141,22.4383],[106.4185,22.4394],[106.421,22.4413],[106.4245,22.4422],[106.4247,22.443],[106.424,22.4445],[106.4318,22.4441],[106.4345,22.4433],[106.4346,22.4415],[106.4373,22.4404],[106.4376,22.4395],[106.439,22.4385],[106.439,22.4378],[106.4371,22.4369],[106.4367,22.4361],[106.4381,22.4355],[106.4396,22.4334],[106.4425,22.4344],[106.4444,22.4337],[106.4453,22.4314],[106.4467,22.432],[106.4505,22.4314],[106.4512,22.4316],[106.4528,22.4301],[106.455,22.4328],[106.4564,22.4333],[106.4587,22.4332],[106.4601,22.4322],[106.4618,22.4319],[106.4646,22.4346],[106.4641,22.4358],[106.4657,22.4367],[106.462,22.439],[106.4597,22.4398],[106.4584,22.4413],[106.458,22.448],[106.4595,22.4493],[106.4598,22.451],[106.4587,22.4525],[106.4605,22.4543],[106.4584,22.4543],[106.4561,22.4535],[106.455,22.454],[106.4541,22.4551],[106.4542,22.4563],[106.4532,22.4565],[106.4517,22.4592],[106.451,22.4594],[106.4507,22.4607],[106.4492,22.4619],[106.4494,22.4632],[106.4475,22.4642],[106.4477,22.4672],[106.4466,22.4712],[106.4423,22.4738],[106.442,22.4758],[106.4454,22.4758],[106.4469,22.4766],[106.4477,22.4786],[106.4487,22.4794],[106.4485,22.4805],[106.4491,22.481],[106.4484,22.4819],[106.4477,22.481],[106.4468,22.4817],[106.445,22.4822],[106.442,22.4858],[106.4419,22.4878],[106.4444,22.4885],[106.445,22.49],[106.4431,22.4911],[106.4419,22.4909],[106.44,22.4915],[106.4397,22.4949],[106.4384,22.4969],[106.4388,22.4983],[106.4358,22.5025],[106.4392,22.5017],[106.4424,22.5019],[106.4492,22.5007],[106.4471,22.5026],[106.4479,22.5049],[106.4488,22.5052],[106.4524,22.505],[106.456,22.5028],[106.4571,22.5029],[106.4577,22.5043],[106.4605,22.5047],[106.4615,22.506],[106.4645,22.5063],[106.4655,22.5051],[106.4673,22.5043],[106.4688,22.5042],[106.4709,22.5065],[106.4712,22.5088],[106.474,22.5111],[106.4758,22.5135],[106.4809,22.5151],[106.481,22.5157],[106.4827,22.5169],[106.4847,22.5171],[106.487,22.5192],[106.489,22.5185],[106.4912,22.519],[106.4924,22.5224],[106.4888,22.5242],[106.4886,22.5253],[106.4861,22.5272],[106.4848,22.529],[106.484,22.5318],[106.4824,22.5309],[106.4787,22.5326],[106.4787,22.5334],[106.4761,22.5347],[106.4756,22.5383],[106.4768,22.5402],[106.4763,22.5416],[106.4767,22.5426],[106.4761,22.5453],[106.4765,22.5459],[106.4763,22.5469],[106.4778,22.5478],[106.4775,22.5468],[106.4786,22.546],[106.4785,22.5454],[106.4794,22.5457],[106.4802,22.5451],[106.482,22.5481],[106.482,22.549],[106.4806,22.5496],[106.479,22.5493],[106.4744,22.5497],[106.4712,22.5515],[106.4705,22.5538],[106.4674,22.5546],[106.4663,22.5542],[106.464,22.5521],[106.4635,22.5506],[106.4573,22.551],[106.4553,22.5503],[106.4534,22.5487],[106.4502,22.5483],[106.4492,22.5495],[106.4504,22.5541],[106.4496,22.5597],[106.4489,22.561],[106.4491,22.5639],[106.4492,22.5649],[106.451,22.5662],[106.4512,22.5667]]]},"properties":{"code":"01807","name":"Thạch An","nameEn":"Thach An","fullName":"Xã Thạch An","fullNameEn":"Thach An Commune","codeName":"thach_an","postalCode":"21622","postalCodePrefix":"","gisServerId":"diaphanhanhchinhcapxa_2025.959","areaKm2":113.74},"id":"01807"},
{"type":"Feature","geometry":{"type":"Polygon","coordinates":[[[106.4618,22.4319],[106.463,22.4295],[106.4667,22.4262],[106.4661,22.4231],[106.4681,22.4241],[106.4695,22.4231],[106.4769,22.4216],[106.4757,22.4211],[106.4749,22.4199],[106.4754,22.4172],[106.4744,22.4166],[106.4728,22.4168],[106.4715,22.4121],[106.4702,22.4116],[106.4685,22.41],[106.4664,22.4089],[106.4622,22.4083],[106.4603,22.4101],[106.4571,22.4079],[106.456,22.4083],[106.4525,22.4067],[106.4568,22.4],[106.4568,22.3988],[106.4654,22.3965],[106.4659,22.3931],[106.4568,22.3882],[106.4564,22.3875],[106.4573,22.3854],[106.4601,22.383],[106.4601,22.3809],[106.4608,22.3801],[106.4619,22.3756],[106.4656,22.3715],[106.4669,22.3686],[106.4662,22.3666],[106.4672,22.3654],[106.4671,22.3639],[106.469,22.3623],[106.4713,22.3622],[106.4748,22.3638],[106.4764,22.3631],[106.4778,22.3644],[106.481,22.3658],[106.482,22.3672],[106.4862,22.3682],[106.4876,22.3681],[106.4879,22.3701],[106.4888,22.3715],[106.4885,22.3735],[106.4897,22.3747],[106.4893,22.3763],[106.4886,22.3769],[106.4855,22.3761],[106.4833,22.3769],[106.4814,22.3768],[106.48,22.3782],[106.4797,22.3793],[106.4828,22.3797],[106.4844,22.3805],[106.4849,22.3815],[106.4864,22.3813],[106.4891,22.3825],[106.4908,22.3848],[106.4907,22.3875],[106.4862,22.3895],[106.4837,22.3901],[106.4854,22.3926],[106.4883,22.3925],[106.4907,22.3937],[106.4918,22.3935],[106.4944,22.3964],[106.4941,22.3981],[106.4924,22.3986],[106.4908,22.3983],[106.4899,22.4004],[106.4904,22.4014],[106.4917,22.4016],[106.4923,22.4023],[106.4951,22.4027],[106.4969,22.4046],[106.4978,22.4049],[106.5012,22.4041],[106.503,22.4043],[106.5037,22.4051],[106.5046,22.4052],[106.5084,22.4028],[106.5122,22.4023],[106.5123,22.4013],[106.515,22.4],[106.516,22.3985],[106.5185,22.3988],[106.5194,22.3978],[106.5204,22.3983],[106.5207,22.4001],[106.5213,22.4011],[106.5251,22.4042],[106.5279,22.4047],[106.5298,22.4075],[106.5315,22.4083],[106.533,22.4081],[106.5312,22.4114],[106.5285,22.413],[106.5302,22.4133],[106.5316,22.4143],[106.5334,22.4145],[106.5344,22.4154],[106.5354,22.4192],[106.5365,22.4193],[106.5375,22.4188],[106.5391,22.4195],[106.5458,22.4194],[106.5519,22.4213],[106.5534,22.4202],[106.5546,22.4205],[106.5565,22.42],[106.5573,22.4217],[106.5594,22.4216],[106.5615,22.4237],[106.5639,22.4238],[106.5651,22.4272],[106.568,22.4308],[106.5655,22.4325],[106.5661,22.4361],[106.565,22.4367],[106.5646,22.4375],[106.5672,22.4395],[106.5675,22.4411],[106.5666,22.4428],[106.5651,22.4444],[106.5652,22.446],[106.5629,22.4478],[106.559,22.4473],[106.5585,22.4499],[106.5604,22.4521],[106.5608,22.4553],[106.5605,22.4564],[106.5583,22.4566],[106.5541,22.4553],[106.5493,22.4548],[106.5488,22.4541],[106.5449,22.4554],[106.5407,22.4535],[106.5402,22.4551],[106.5394,22.4558],[106.5343,22.4533],[106.5335,22.4555],[106.5318,22.4569],[106.5309,22.4568],[106.5287,22.4586],[106.5265,22.4585],[106.5253,22.4597],[106.5223,22.4601],[106.5193,22.4624],[106.5188,22.4638],[106.5197,22.4672],[106.5233,22.4709],[106.5241,22.4725],[106.5257,22.4721],[106.5273,22.4725],[106.5285,22.4722],[106.5301,22.4735],[106.5298,22.4762],[106.5275,22.4781],[106.5288,22.4811],[106.5296,22.4819],[106.5298,22.483],[106.5292,22.4839],[106.5297,22.4855],[106.5293,22.4867],[106.5271,22.4882],[106.5237,22.4889],[106.5216,22.4883],[106.5199,22.4869],[106.5173,22.487],[106.5159,22.4894],[106.5133,22.4912],[106.5154,22.4923],[106.516,22.4963],[106.5122,22.4987],[106.5102,22.498],[106.5086,22.4982],[106.5073,22.4961],[106.5061,22.4954],[106.5034,22.4971],[106.4998,22.4966],[106.4987,22.4971],[106.4956,22.4962],[106.4937,22.4933],[106.492,22.4941],[106.4904,22.4953],[106.4878,22.4999],[106.4852,22.5025],[106.4855,22.504],[106.4838,22.5054],[106.4836,22.5075],[106.4828,22.5084],[106.4832,22.5096],[106.4828,22.5123],[106.4809,22.5151],[106.4758,22.5135],[106.474,22.5111],[106.4712,22.5088],[106.4709,22.5065],[106.4688,22.5042],[106.4673,22.5043],[106.4655,22.5051],[106.4645,22.5063],[106.4615,22.506],[106.4605,22.5047],[106.4577,22.5043],[106.4571,22.5029],[106.456,22.5028],[106.4524,22.505],[106.4488,22.5052],[106.4479,22.5049],[106.4471,22.5026],[106.4492,22.5007],[106.4424,22.5019],[106.4392,22.5017],[106.4358,22.5025],[106.4388,22.4983],[106.4384,22.4969],[106.4397,22.4949],[106.44,22.4915],[106.4419,22.4909],[106.4431,22.4911],[106.445,22.49],[106.4444,22.4885],[106.4419,22.4878],[106.442,22.4858],[106.445,22.4822],[106.4468,22.4817],[106.4477,22.481],[106.4484,22.4819],[106.4491,22.481],[106.4485,22.4805],[106.4487,22.4794],[106.4477,22.4786],[106.4469,22.4766],[106.4454,22.4758],[106.442,22.4758],[106.4423,22.4738],[106.4466,22.4712],[106.4477,22.4672],[106.4475,22.4642],[106.4494,22.4632],[106.4492,22.4619],[106.4507,22.4607],[106.451,22.4594],[106.4517,22.4592],[106.4532,22.4565],[106.4542,22.4563],[106.4541,22.4551],[106.455,22.454],[106.4561,22.4535],[106.4584,22.4543],[106.4605,22.4543],[106.4587,22.4525],[106.4598,22.451],[106.4595,22.4493],[106.458,22.448],[106.4584,22.4413],[106.4597,22.4398],[106.462,22.439],[106.4657,22.4367],[106.4641,22.4358],[106.4646,22.4346],[106.4618,22.4319]]]},"properties":{"code":"01822","name":"Đức Long","nameEn":"Duc Long","fullName":"Xã Đức Long","fullNameEn":"Duc Long Commune","codeName":"duc_long","postalCode":"21608","postalCodePrefix":"","gisServerId":"diaphanhanhchinhcapxa_2025.989","areaKm2":106.93},"id":"01822"}
]}