{"type":"FeatureCollection", "features": [
{"type":"Feature","geometry":{"type":"Polygon","coordinates":[[[103.9391,21.331],[103.9371,21.332],[103.9361,21.3338],[103.9346,21.3338],[103.9335,21.3331],[103.9317,21.3333],[103.9305,21.3366],[103.9277,21.3383],[103.9251,21.3384],[103.9235,21.3401],[103.9203,21.3387],[103.9196,21.339],[103.9202,21.3396],[103.9173,21.3409],[103.9121,21.3411],[103.9138,21.3457],[103.9119,21.346],[103.9118,21.3465],[103.9127,21.3493],[103.9124,21.3502],[103.9133,21.3512],[103.913,21.3516],[103.9119,21.3513],[103.9113,21.3524],[103.9108,21.3521],[103.9098,21.3554],[103.9103,21.3555],[103.9098,21.3558],[103.9117,21.3555],[103.9128,21.356],[103.913,21.3574],[103.9119,21.359],[103.9112,21.359],[103.9102,21.3575],[103.9075,21.3566],[103.9045,21.3531],[103.9066,21.3523],[103.9067,21.3509],[103.9075,21.3496],[103.907,21.3471],[103.9044,21.3467],[103.9039,21.3472],[103.9013,21.3452],[103.8995,21.3454],[103.8982,21.3444],[103.8978,21.3422],[103.8962,21.3414],[103.8964,21.3388],[103.897,21.3382],[103.898,21.3354],[103.8977,21.3338],[103.897,21.3332],[103.8979,21.3309],[103.9018,21.3305],[103.9033,21.3294],[103.904,21.3269],[103.9062,21.3273],[103.9073,21.3265],[103.9073,21.3251],[103.9083,21.3261],[103.9086,21.3259],[103.9079,21.3244],[103.9064,21.324],[103.9054,21.3223],[103.9078,21.3203],[103.9103,21.3196],[103.9097,21.3228],[103.9081,21.3246],[103.9088,21.3263],[103.9111,21.3258],[103.911,21.325],[103.9136,21.3249],[103.9137,21.3228],[103.9149,21.3217],[103.9177,21.3216],[103.9214,21.3203],[103.9219,21.3186],[103.9206,21.3141],[103.9215,21.3135],[103.9225,21.3138],[103.9232,21.3127],[103.9256,21.3114],[103.9254,21.3106],[103.9274,21.3088],[103.9273,21.3074],[103.9287,21.305],[103.9277,21.3037],[103.9272,21.3042],[103.9257,21.3036],[103.9262,21.303],[103.9259,21.3017],[103.929,21.3012],[103.9287,21.2998],[103.9294,21.2994],[103.9323,21.3006],[103.9333,21.2994],[103.9341,21.3003],[103.9335,21.3006],[103.9348,21.3016],[103.9346,21.3022],[103.9356,21.3023],[103.9372,21.3009],[103.9365,21.2986],[103.9388,21.2951],[103.9404,21.2969],[103.9413,21.2956],[103.9422,21.296],[103.9413,21.298],[103.9425,21.2992],[103.9426,21.2965],[103.945,21.2936],[103.946,21.2949],[103.948,21.2961],[103.949,21.2974],[103.946,21.298],[103.9463,21.2983],[103.945,21.2989],[103.9435,21.3009],[103.9442,21.3015],[103.9436,21.3021],[103.9448,21.3032],[103.944,21.3038],[103.9442,21.3043],[103.9419,21.3051],[103.942,21.3066],[103.9404,21.3071],[103.9392,21.3088],[103.9405,21.311],[103.9398,21.3112],[103.9385,21.3088],[103.9368,21.3078],[103.9367,21.3069],[103.9357,21.3066],[103.9355,21.3072],[103.9316,21.3093],[103.9328,21.311],[103.9322,21.3117],[103.9325,21.3139],[103.9318,21.3145],[103.9292,21.3139],[103.9282,21.3128],[103.9258,21.3141],[103.9262,21.3155],[103.9249,21.3166],[103.9255,21.3186],[103.9265,21.32],[103.928,21.321],[103.9305,21.3222],[103.9318,21.3222],[103.9355,21.3248],[103.9381,21.3229],[103.9387,21.3212],[103.9395,21.3209],[103.9415,21.3182],[103.9434,21.3207],[103.9478,21.3216],[103.9487,21.3219],[103.9487,21.3228],[103.9472,21.3222],[103.9416,21.3266],[103.9415,21.3275],[103.94,21.3274],[103.9391,21.331]]]},"properties":{"code":"03646","name":"Tô Hiệu","nameEn":"To Hieu","fullName":"Phường Tô Hiệu","fullNameEn":"To Hieu Ward","codeName":"to_hieu","postalCode":"34112","postalCodePrefix":"","gisServerId":"diaphanhanhchinhcapxa_2025.1336","areaKm2":11.92},"id":"03646"},
{"type":"Feature","geometry":{"type":"Polygon","coordinates":[[[103.9317,21.4257],[103.9314,21.4268],[103.93,21.4271],[103.9284,21.4271],[103.9273,21.4264],[103.9222,21.427],[103.9211,21.4262],[103.9177,21.4253],[103.9155,21.4265],[103.914,21.4267],[103.9129,21.4276],[103.9114,21.4272],[103.91,21.4256],[103.9066,21.4252],[103.9054,21.4262],[103.9047,21.426],[103.9048,21.4299],[103.9039,21.4313],[103.9025,21.4314],[103.9017,21.4327],[103.8974,21.4317],[103.8945,21.4334],[103.8917,21.4339],[103.8903,21.4335],[103.8872,21.4344],[103.8859,21.4339],[103.8821,21.4344],[103.8775,21.4335],[103.8785,21.4348],[103.8786,21.4378],[103.8801,21.4411],[103.8781,21.4412],[103.8737,21.4399],[103.8713,21.4407],[103.8697,21.4407],[103.8678,21.4417],[103.8634,21.4425],[103.8618,21.442],[103.8605,21.4428],[103.8592,21.4421],[103.8573,21.4394],[103.8545,21.4371],[103.8547,21.4379],[103.854,21.4383],[103.8515,21.4368],[103.8487,21.4363],[103.8476,21.4356],[103.8454,21.4361],[103.8442,21.4356],[103.8435,21.4351],[103.8438,21.4342],[103.8426,21.433],[103.8403,21.4331],[103.8384,21.4312],[103.8382,21.43],[103.8348,21.4259],[103.8328,21.4264],[103.8332,21.4186],[103.8321,21.4173],[103.8318,21.4158],[103.8302,21.4142],[103.8282,21.4148],[103.828,21.4127],[103.8275,21.4124],[103.8246,21.4124],[103.8237,21.4094],[103.823,21.409],[103.821,21.4093],[103.8188,21.4087],[103.8128,21.4013],[103.8103,21.4003],[103.8079,21.3947],[103.809,21.3922],[103.8078,21.3912],[103.8091,21.3897],[103.8095,21.3882],[103.8084,21.3873],[103.8085,21.3869],[103.8104,21.3869],[103.812,21.3861],[103.8126,21.3851],[103.8125,21.384],[103.8137,21.383],[103.8153,21.383],[103.8177,21.3816],[103.8186,21.379],[103.8206,21.3781],[103.8211,21.3774],[103.8199,21.3762],[103.8196,21.3751],[103.8182,21.3747],[103.8177,21.3733],[103.8151,21.3723],[103.8134,21.3661],[103.813,21.3655],[103.8118,21.3654],[103.8113,21.3645],[103.8121,21.3628],[103.8146,21.3608],[103.8127,21.3589],[103.8125,21.358],[103.8145,21.3587],[103.8151,21.3581],[103.8186,21.3571],[103.8197,21.3585],[103.8233,21.3577],[103.8259,21.3588],[103.8268,21.3612],[103.8287,21.3615],[103.8293,21.3634],[103.8301,21.3635],[103.8324,21.3635],[103.8332,21.3616],[103.834,21.3612],[103.8366,21.3617],[103.8386,21.3626],[103.84,21.3621],[103.8421,21.3595],[103.8415,21.3558],[103.8419,21.3554],[103.8414,21.3548],[103.8418,21.3532],[103.8389,21.3502],[103.8393,21.3494],[103.8402,21.3491],[103.8408,21.3499],[103.8451,21.3491],[103.8489,21.351],[103.849,21.3504],[103.8522,21.3508],[103.8581,21.3475],[103.8605,21.3478],[103.8622,21.3474],[103.8657,21.3491],[103.8693,21.3494],[103.8707,21.3479],[103.8717,21.3453],[103.8755,21.3434],[103.878,21.3437],[103.877,21.3406],[103.8777,21.3391],[103.8766,21.3384],[103.876,21.3361],[103.8763,21.3347],[103.8787,21.3313],[103.8793,21.3312],[103.879,21.3301],[103.8802,21.3278],[103.8817,21.3276],[103.8845,21.3262],[103.8865,21.3273],[103.8873,21.3313],[103.8887,21.3334],[103.8902,21.333],[103.8916,21.3338],[103.8931,21.3336],[103.8931,21.3328],[103.8923,21.3321],[103.8938,21.3315],[103.8953,21.3316],[103.8955,21.3336],[103.897,21.3332],[103.8977,21.3338],[103.898,21.3354],[103.897,21.3382],[103.8964,21.3388],[103.8962,21.3414],[103.8978,21.3422],[103.8982,21.3444],[103.8995,21.3454],[103.9013,21.3452],[103.9039,21.3472],[103.9044,21.3467],[103.907,21.3471],[103.9075,21.3496],[103.9067,21.3509],[103.9066,21.3523],[103.9045,21.3531],[103.9075,21.3566],[103.9102,21.3575],[103.9112,21.359],[103.9119,21.359],[103.913,21.3574],[103.9128,21.356],[103.9117,21.3555],[103.9098,21.3558],[103.9103,21.3555],[103.9098,21.3554],[103.9108,21.3521],[103.9113,21.3524],[103.9119,21.3513],[103.913,21.3516],[103.9133,21.3512],[103.9124,21.3502],[103.9127,21.3493],[103.9118,21.3465],[103.9119,21.346],[103.9138,21.3457],[103.9121,21.3411],[103.9173,21.3409],[103.9202,21.3396],[103.9196,21.339],[103.9203,21.3387],[103.9235,21.3401],[103.9251,21.3384],[103.9277,21.3383],[103.9305,21.3366],[103.9317,21.3333],[103.9335,21.3331],[103.9346,21.3338],[103.9361,21.3338],[103.9371,21.332],[103.9391,21.331],[103.9402,21.331],[103.9403,21.3319],[103.9424,21.331],[103.943,21.3315],[103.9426,21.3319],[103.9453,21.3331],[103.9475,21.3349],[103.9484,21.3338],[103.9499,21.3348],[103.9504,21.3374],[103.951,21.3382],[103.951,21.34],[103.9521,21.3411],[103.9522,21.3425],[103.9529,21.3431],[103.9534,21.345],[103.9543,21.3458],[103.9569,21.3463],[103.9575,21.3489],[103.9593,21.3511],[103.961,21.3521],[103.9633,21.3523],[103.9647,21.352],[103.9652,21.3509],[103.9682,21.3503],[103.9708,21.3505],[103.9717,21.3514],[103.9698,21.3531],[103.9709,21.3591],[103.9713,21.3595],[103.9724,21.3591],[103.9748,21.3595],[103.9754,21.3625],[103.9749,21.3634],[103.9764,21.3636],[103.9782,21.363],[103.9817,21.3659],[103.9834,21.3668],[103.985,21.367],[103.9838,21.3705],[103.9823,21.3708],[103.9806,21.3732],[103.9836,21.3751],[103.9827,21.376],[103.9827,21.3773],[103.9812,21.3801],[103.982,21.3815],[103.9813,21.3819],[103.979,21.3811],[103.9783,21.382],[103.9773,21.3818],[103.9767,21.3825],[103.9765,21.3836],[103.9775,21.3854],[103.9749,21.3913],[103.9757,21.3938],[103.9746,21.3945],[103.9736,21.3961],[103.9746,21.3978],[103.9745,21.3986],[103.9716,21.4049],[103.9702,21.4054],[103.969,21.4046],[103.9683,21.4052],[103.966,21.4039],[103.9632,21.404],[103.9606,21.4056],[103.9597,21.4053],[103.9565,21.4062],[103.9566,21.4073],[103.9555,21.4084],[103.9584,21.4103],[103.9585,21.4117],[103.9595,21.4122],[103.9572,21.4164],[103.9552,21.4169],[103.9504,21.4153],[103.9412,21.4206],[103.9402,21.4203],[103.9384,21.4209],[103.9385,21.4219],[103.9371,21.4237],[103.9348,21.4246],[103.9342,21.4258],[103.9328,21.4257],[103.9319,21.4249],[103.9317,21.4257]]]},"properties":{"code":"03664","name":"Chiềng An","nameEn":"Chieng An","fullName":"Phường Chiềng An","fullNameEn":"Chieng An Ward","codeName":"chieng_an","postalCode":"34107","postalCodePrefix":"","gisServerId":"diaphanhanhchinhcapxa_2025.1338","areaKm2":149.08},"id":"03664"},
{"type":"Feature","geometry":{"type":"MultiPolygon","coordinates":[[[[103.9415,21.3182],[103.9395,21.3209],[103.9387,21.3212],[103.9381,21.3229],[103.9355,21.3248],[103.9318,21.3222],[103.9305,21.3222],[103.928,21.321],[103.9265,21.32],[103.9255,21.3186],[103.9249,21.3166],[103.9262,21.3155],[103.9258,21.3141],[103.9282,21.3128],[103.9292,21.3139],[103.9318,21.3145],[103.9325,21.3139],[103.9322,21.3117],[103.9328,21.311],[103.9316,21.3093],[103.9355,21.3072],[103.9365,21.3077],[103.9374,21.3093],[103.9383,21.3095],[103.9411,21.3138],[103.9401,21.3145],[103.9406,21.3155],[103.9401,21.3169],[103.9415,21.3182]]],[[[103.897,21.3332],[103.8955,21.3336],[103.8953,21.3316],[103.8938,21.3315],[103.8923,21.3321],[103.8931,21.3328],[103.8931,21.3336],[103.8916,21.3338],[103.8902,21.333],[103.8887,21.3334],[103.8873,21.3313],[103.8865,21.3273],[103.8845,21.3262],[103.8817,21.3276],[103.8802,21.3278],[103.879,21.3301],[103.8793,21.3312],[103.8787,21.3313],[103.8763,21.3347],[103.876,21.3361],[103.8766,21.3384],[103.8777,21.3391],[103.877,21.3406],[103.878,21.3437],[103.8755,21.3434],[103.8717,21.3453],[103.8707,21.3479],[103.8693,21.3494],[103.8657,21.3491],[103.8622,21.3474],[103.8605,21.3478],[103.8581,21.3475],[103.8522,21.3508],[103.849,21.3504],[103.8489,21.351],[103.8451,21.3491],[103.8408,21.3499],[103.8402,21.3491],[103.8397,21.3474],[103.8399,21.3466],[103.8367,21.3431],[103.8369,21.3409],[103.8381,21.3401],[103.8391,21.3383],[103.8382,21.3367],[103.8358,21.3352],[103.8318,21.3286],[103.8316,21.328],[103.833,21.327],[103.8333,21.3261],[103.8327,21.3253],[103.832,21.3216],[103.8294,21.322],[103.8279,21.32],[103.8281,21.3178],[103.8272,21.3165],[103.8272,21.3153],[103.8292,21.3144],[103.8302,21.3145],[103.8311,21.3128],[103.8305,21.3122],[103.8307,21.3106],[103.8287,21.3085],[103.8289,21.3079],[103.8278,21.3061],[103.8275,21.3042],[103.8288,21.3019],[103.8286,21.3012],[103.8257,21.3014],[103.8248,21.3029],[103.8237,21.3035],[103.8229,21.3032],[103.8218,21.3035],[103.8214,21.3041],[103.8206,21.3037],[103.82,21.3026],[103.8177,21.3023],[103.817,21.3041],[103.8151,21.3041],[103.8134,21.3054],[103.8102,21.3058],[103.8102,21.3074],[103.8078,21.3079],[103.8056,21.3068],[103.8044,21.3039],[103.8026,21.3023],[103.8034,21.3005],[103.8055,21.2997],[103.8091,21.2949],[103.8113,21.2944],[103.8124,21.2921],[103.8149,21.2908],[103.8168,21.2878],[103.8183,21.2874],[103.8204,21.288],[103.8206,21.2859],[103.8213,21.2849],[103.8223,21.2846],[103.824,21.2823],[103.8247,21.2822],[103.8249,21.2816],[103.8259,21.2817],[103.8274,21.28],[103.8333,21.278],[103.835,21.2763],[103.8357,21.2757],[103.839,21.2747],[103.8397,21.2752],[103.8408,21.275],[103.842,21.276],[103.8438,21.2759],[103.8449,21.2753],[103.8454,21.2738],[103.8463,21.273],[103.8489,21.2728],[103.8518,21.2717],[103.8536,21.2715],[103.8543,21.2709],[103.8544,21.2697],[103.8538,21.2688],[103.8555,21.267],[103.8569,21.2643],[103.8606,21.2617],[103.8611,21.2603],[103.8621,21.26],[103.8637,21.2583],[103.8647,21.2562],[103.8671,21.2563],[103.8696,21.2552],[103.8715,21.2529],[103.8713,21.2517],[103.872,21.2509],[103.8738,21.2511],[103.8784,21.2492],[103.8789,21.2471],[103.8806,21.2453],[103.8831,21.2461],[103.8858,21.2461],[103.887,21.2477],[103.8896,21.2486],[103.892,21.2482],[103.8951,21.2494],[103.8971,21.2493],[103.8993,21.2483],[103.9001,21.2495],[103.8996,21.2506],[103.8998,21.2523],[103.9008,21.2566],[103.9015,21.257],[103.9054,21.2563],[103.9069,21.2584],[103.9077,21.2624],[103.9093,21.2617],[103.911,21.2625],[103.9122,21.2624],[103.9131,21.2621],[103.9134,21.261],[103.9154,21.2611],[103.9172,21.2645],[103.9192,21.2659],[103.92,21.2658],[103.9229,21.2693],[103.9238,21.2696],[103.9245,21.271],[103.9356,21.2725],[103.9348,21.2712],[103.9364,21.2718],[103.9365,21.27],[103.938,21.2676],[103.9428,21.2708],[103.9442,21.2722],[103.9438,21.2727],[103.9414,21.274],[103.9413,21.2748],[103.9421,21.2757],[103.9416,21.277],[103.9399,21.2785],[103.9404,21.2794],[103.9415,21.2794],[103.9421,21.2811],[103.9373,21.2853],[103.9383,21.2855],[103.9365,21.29],[103.9336,21.2914],[103.937,21.2936],[103.9376,21.2947],[103.9388,21.2951],[103.9365,21.2986],[103.9372,21.3009],[103.9356,21.3023],[103.9346,21.3022],[103.9348,21.3016],[103.9335,21.3006],[103.9341,21.3003],[103.9333,21.2994],[103.9323,21.3006],[103.9294,21.2994],[103.9287,21.2998],[103.929,21.3012],[103.9259,21.3017],[103.9262,21.303],[103.9257,21.3036],[103.9272,21.3042],[103.9277,21.3037],[103.9287,21.305],[103.9273,21.3074],[103.9274,21.3088],[103.9254,21.3106],[103.9256,21.3114],[103.9232,21.3127],[103.9225,21.3138],[103.9215,21.3135],[103.9206,21.3141],[103.9219,21.3186],[103.9214,21.3203],[103.9177,21.3216],[103.9149,21.3217],[103.9137,21.3228],[103.9136,21.3249],[103.911,21.325],[103.9111,21.3258],[103.9088,21.3263],[103.9081,21.3246],[103.9097,21.3228],[103.9103,21.3196],[103.9078,21.3203],[103.9054,21.3223],[103.9064,21.324],[103.9079,21.3244],[103.9086,21.3259],[103.9083,21.3261],[103.9073,21.3251],[103.9073,21.3265],[103.9062,21.3273],[103.904,21.3269],[103.9033,21.3294],[103.9018,21.3305],[103.8979,21.3309],[103.897,21.3332]]]]},"properties":{"code":"03670","name":"Chiềng Cơi","nameEn":"Chieng Coi","fullName":"Phường Chiềng Cơi","fullNameEn":"Chieng Coi Ward","codeName":"chieng_coi","postalCode":"34111","postalCodePrefix":"","gisServerId":"diaphanhanhchinhcapxa_2025.1337","areaKm2":93.56},"id":"03670"},
{"type":"Feature","geometry":{"type":"Polygon","coordinates":[[[104.0013,21.356],[104.0004,21.3571],[104.0004,21.3618],[103.9997,21.3621],[103.9989,21.3638],[103.9995,21.3643],[103.9995,21.3656],[103.9974,21.3668],[103.9957,21.3667],[103.9943,21.3676],[103.9925,21.3671],[103.9915,21.3661],[103.9891,21.3658],[103.9874,21.3649],[103.9853,21.3662],[103.985,21.367],[103.9834,21.3668],[103.9817,21.3659],[103.9782,21.363],[103.9764,21.3636],[103.9749,21.3634],[103.9754,21.3625],[103.9748,21.3595],[103.9724,21.3591],[103.9713,21.3595],[103.9709,21.3591],[103.9698,21.3531],[103.9717,21.3514],[103.9708,21.3505],[103.9682,21.3503],[103.9652,21.3509],[103.9647,21.352],[103.9633,21.3523],[103.961,21.3521],[103.9593,21.3511],[103.9575,21.3489],[103.9569,21.3463],[103.9543,21.3458],[103.9534,21.345],[103.9529,21.3431],[103.9522,21.3425],[103.9521,21.3411],[103.951,21.34],[103.951,21.3382],[103.9504,21.3374],[103.9499,21.3348],[103.9484,21.3338],[103.9475,21.3349],[103.9453,21.3331],[103.9426,21.3319],[103.943,21.3315],[103.9424,21.331],[103.9403,21.3319],[103.9402,21.331],[103.9391,21.331],[103.94,21.3274],[103.9415,21.3275],[103.9416,21.3266],[103.9472,21.3222],[103.9487,21.3228],[103.9487,21.3219],[103.9478,21.3216],[103.9434,21.3207],[103.9415,21.3182],[103.9401,21.3169],[103.9406,21.3155],[103.9401,21.3145],[103.9411,21.3138],[103.9383,21.3095],[103.9374,21.3093],[103.9365,21.3077],[103.9355,21.3072],[103.9357,21.3066],[103.9367,21.3069],[103.9368,21.3078],[103.9385,21.3088],[103.9398,21.3112],[103.9405,21.311],[103.9392,21.3088],[103.9404,21.3071],[103.942,21.3066],[103.9419,21.3051],[103.9442,21.3043],[103.944,21.3038],[103.9448,21.3032],[103.9436,21.3021],[103.9442,21.3015],[103.9435,21.3009],[103.945,21.2989],[103.9463,21.2983],[103.946,21.298],[103.949,21.2974],[103.948,21.2961],[103.946,21.2949],[103.945,21.2936],[103.9426,21.2965],[103.9425,21.2992],[103.9413,21.298],[103.9422,21.296],[103.9413,21.2956],[103.9404,21.2969],[103.9388,21.2951],[103.9376,21.2947],[103.937,21.2936],[103.9336,21.2914],[103.9365,21.29],[103.9383,21.2855],[103.9373,21.2853],[103.9421,21.2811],[103.9415,21.2794],[103.9404,21.2794],[103.9399,21.2785],[103.9416,21.277],[103.9421,21.2757],[103.9413,21.2748],[103.9414,21.274],[103.9438,21.2727],[103.9459,21.2732],[103.9463,21.2714],[103.9478,21.271],[103.9513,21.2748],[103.9521,21.275],[103.9524,21.2759],[103.9526,21.2756],[103.9536,21.2761],[103.9558,21.2756],[103.9555,21.2739],[103.9591,21.271],[103.9596,21.2698],[103.9624,21.2682],[103.9645,21.268],[103.9655,21.2672],[103.9656,21.2653],[103.967,21.2627],[103.9659,21.2597],[103.9665,21.26],[103.9682,21.2597],[103.9692,21.2602],[103.9715,21.259],[103.9734,21.2597],[103.9736,21.2602],[103.9756,21.2605],[103.9776,21.263],[103.9787,21.2636],[103.9785,21.264],[103.9796,21.2642],[103.9801,21.2632],[103.9819,21.262],[103.9815,21.2618],[103.9818,21.2586],[103.9833,21.2573],[103.987,21.2584],[103.9876,21.2592],[103.9864,21.2597],[103.9868,21.2607],[103.9878,21.2612],[103.9906,21.2588],[103.9911,21.2572],[103.993,21.2567],[103.9956,21.2576],[103.9973,21.256],[103.9984,21.2572],[103.9988,21.257],[103.9998,21.2592],[104.0035,21.2608],[104.0046,21.2598],[104.0032,21.2585],[104.0026,21.2571],[104.0036,21.2566],[104.0054,21.2574],[104.008,21.2572],[104.0079,21.2561],[104.0069,21.2548],[104.007,21.2536],[104.0101,21.2552],[104.0118,21.2549],[104.0112,21.2529],[104.0136,21.2527],[104.0126,21.2512],[104.0125,21.25],[104.011,21.2488],[104.0156,21.2485],[104.0214,21.2526],[104.022,21.2527],[104.0223,21.2522],[104.0231,21.2522],[104.0224,21.2533],[104.023,21.2537],[104.0239,21.2531],[104.0247,21.2539],[104.0244,21.2546],[104.0278,21.256],[104.0275,21.2574],[104.0293,21.2586],[104.029,21.2604],[104.0275,21.2606],[104.0259,21.2622],[104.0231,21.2683],[104.0208,21.2696],[104.0202,21.2716],[104.0191,21.2724],[104.0203,21.2735],[104.0141,21.276],[104.0117,21.2799],[104.0058,21.2838],[104.0021,21.288],[103.9998,21.2895],[104.0002,21.2905],[104.0012,21.2914],[104.0085,21.295],[104.0077,21.2993],[104.0101,21.3021],[104.0069,21.304],[104.0065,21.3052],[104.0035,21.3056],[104.0009,21.305],[103.9997,21.3056],[103.9968,21.3113],[103.9971,21.3114],[103.995,21.3176],[103.999,21.3194],[103.9997,21.3206],[103.9998,21.3223],[104.0003,21.3224],[104.0005,21.3231],[103.9983,21.3254],[103.9973,21.3247],[103.9949,21.3258],[103.9942,21.3269],[103.9947,21.3281],[103.9911,21.3334],[103.9945,21.3361],[103.9948,21.3379],[103.9942,21.34],[103.9991,21.3379],[104.0065,21.3418],[104.0073,21.3432],[104.0069,21.3458],[104.0014,21.3533],[104.0013,21.356]]]},"properties":{"code":"03679","name":"Chiềng Sinh","nameEn":"Chieng Sinh","fullName":"Phường Chiềng Sinh","fullNameEn":"Chieng Sinh Ward","codeName":"chieng_sinh","postalCode":"34116","postalCodePrefix":"","gisServerId":"diaphanhanhchinhcapxa_2025.1339","areaKm2":68.4},"id":"03679"},
{"type":"Feature","geometry":{"type":"Polygon","coordinates":[[[103.6947,21.829],[103.6943,21.8309],[103.6967,21.8344],[103.6962,21.838],[103.6994,21.8398],[103.7002,21.841],[103.7042,21.8419],[103.7057,21.843],[103.7059,21.8461],[103.7073,21.8484],[103.707,21.8502],[103.7075,21.851],[103.7074,21.8526],[103.7091,21.8559],[103.7123,21.8606],[103.7146,21.861],[103.7157,21.8618],[103.7168,21.8642],[103.7167,21.8652],[103.7179,21.8658],[103.719,21.8682],[103.721,21.87],[103.7221,21.8734],[103.7216,21.8772],[103.7226,21.8789],[103.7226,21.8801],[103.7217,21.8806],[103.7206,21.88],[103.7164,21.8794],[103.7142,21.8822],[103.7152,21.8855],[103.7149,21.886],[103.7117,21.8843],[103.7103,21.885],[103.709,21.8838],[103.7048,21.8842],[103.7044,21.8887],[103.7051,21.8906],[103.7044,21.8933],[103.7055,21.8936],[103.7053,21.8941],[103.7063,21.8955],[103.705,21.8987],[103.7064,21.9015],[103.7035,21.9039],[103.7038,21.9069],[103.702,21.9081],[103.7009,21.91],[103.6993,21.9105],[103.6988,21.9116],[103.6969,21.912],[103.6943,21.9136],[103.692,21.9138],[103.6905,21.9134],[103.6905,21.9143],[103.6896,21.9152],[103.688,21.9188],[103.6869,21.9199],[103.6848,21.9207],[103.6825,21.9205],[103.6835,21.9237],[103.6869,21.9259],[103.687,21.9293],[103.69,21.9324],[103.6884,21.9387],[103.6884,21.94],[103.6891,21.9407],[103.6881,21.941],[103.6876,21.9423],[103.6864,21.943],[103.6834,21.9442],[103.6813,21.9443],[103.6777,21.9458],[103.6722,21.9465],[103.6697,21.9487],[103.6681,21.9484],[103.6651,21.9509],[103.6642,21.9523],[103.6647,21.9556],[103.6624,21.9588],[103.6619,21.9605],[103.6602,21.9623],[103.6598,21.9643],[103.6601,21.9656],[103.6588,21.9663],[103.66,21.969],[103.6595,21.9708],[103.6608,21.9714],[103.661,21.9729],[103.6594,21.9748],[103.6595,21.9763],[103.6581,21.9799],[103.6581,21.9811],[103.6541,21.9837],[103.6517,21.9847],[103.6525,21.9878],[103.6512,21.9898],[103.6521,21.9934],[103.6499,21.9935],[103.6482,21.9944],[103.6469,21.994],[103.6455,21.9947],[103.6436,21.9942],[103.6421,21.9924],[103.6375,21.9919],[103.6347,21.9891],[103.6342,21.9893],[103.631,21.992],[103.6287,21.9928],[103.6259,21.9956],[103.6235,21.9965],[103.6213,21.9964],[103.6185,21.9985],[103.6161,21.9994],[103.6147,22.0016],[103.6127,22.0025],[103.6113,22.0055],[103.6103,22.0065],[103.6102,22.0104],[103.6086,22.0119],[103.6069,22.0122],[103.6063,22.0132],[103.6051,22.0131],[103.6045,22.0123],[103.6002,22.0128],[103.5975,22.0118],[103.5774,22.0188],[103.5742,22.0191],[103.5731,22.0185],[103.5692,22.0193],[103.568,22.0215],[103.5636,22.0219],[103.5614,22.0236],[103.5586,22.0229],[103.5564,22.0234],[103.553,22.023],[103.5512,22.0246],[103.549,22.0253],[103.5487,22.0271],[103.5475,22.0281],[103.5474,22.0297],[103.5443,22.0305],[103.5418,22.0287],[103.5396,22.0286],[103.5375,22.0273],[103.5339,22.0271],[103.533,22.0264],[103.5293,22.0252],[103.5283,22.0241],[103.525,22.0246],[103.5215,22.0213],[103.5204,22.0178],[103.5175,22.0149],[103.5166,22.0131],[103.5144,22.0125],[103.5109,22.0101],[103.5136,22.0075],[103.5141,22.0061],[103.5143,22.0023],[103.5135,22],[103.5116,21.9976],[103.5135,21.9936],[103.5136,21.9906],[103.5104,21.9883],[103.5102,21.9864],[103.5084,21.9831],[103.5038,21.9815],[103.5029,21.9806],[103.5015,21.9806],[103.4998,21.978],[103.4995,21.9755],[103.498,21.9741],[103.4982,21.9727],[103.4977,21.9712],[103.502,21.967],[103.5093,21.9563],[103.5038,21.9543],[103.5004,21.9516],[103.4994,21.9499],[103.4982,21.9491],[103.5044,21.9423],[103.5144,21.9274],[103.5164,21.9255],[103.5163,21.9231],[103.517,21.9224],[103.5187,21.9218],[103.5184,21.918],[103.5196,21.9177],[103.5218,21.9137],[103.5205,21.9132],[103.5191,21.9136],[103.5138,21.913],[103.5113,21.9112],[103.5087,21.9111],[103.5085,21.9097],[103.507,21.9067],[103.5031,21.9041],[103.5012,21.9065],[103.5005,21.9063],[103.4975,21.9081],[103.497,21.9107],[103.4939,21.9119],[103.4916,21.9103],[103.4858,21.9136],[103.4849,21.9151],[103.4822,21.9159],[103.481,21.917],[103.4792,21.9153],[103.482,21.9126],[103.4803,21.9082],[103.4805,21.9076],[103.4815,21.9065],[103.4841,21.907],[103.4872,21.9051],[103.488,21.904],[103.4879,21.9025],[103.4844,21.8969],[103.4854,21.894],[103.4872,21.8916],[103.4893,21.8909],[103.4906,21.8898],[103.4885,21.8841],[103.4897,21.8839],[103.4916,21.8823],[103.4942,21.8815],[103.4953,21.8797],[103.4941,21.8787],[103.4936,21.8772],[103.4928,21.8768],[103.4924,21.8752],[103.4948,21.8743],[103.4966,21.8749],[103.4987,21.8748],[103.4992,21.8739],[103.501,21.8735],[103.5032,21.8734],[103.5046,21.8739],[103.5081,21.8736],[103.5107,21.8704],[103.5112,21.8675],[103.5133,21.8662],[103.519,21.8642],[103.5199,21.8631],[103.5223,21.8619],[103.5226,21.8548],[103.5246,21.8524],[103.525,21.85],[103.5264,21.8491],[103.5275,21.8471],[103.5292,21.8425],[103.5298,21.8393],[103.5291,21.8385],[103.529,21.8368],[103.528,21.8349],[103.5322,21.8314],[103.533,21.8313],[103.5342,21.8324],[103.5357,21.832],[103.5376,21.8286],[103.5389,21.8285],[103.5397,21.8279],[103.5409,21.8242],[103.5419,21.823],[103.542,21.8217],[103.5403,21.8202],[103.5398,21.8173],[103.536,21.8142],[103.539,21.8126],[103.5408,21.8099],[103.5414,21.8079],[103.5448,21.8091],[103.5499,21.8094],[103.5553,21.8074],[103.5559,21.8076],[103.5651,21.8125],[103.5679,21.8148],[103.5696,21.8154],[103.5706,21.8175],[103.5721,21.8166],[103.5741,21.8176],[103.5764,21.8209],[103.5779,21.8209],[103.5792,21.8219],[103.582,21.8225],[103.5822,21.8233],[103.5856,21.8236],[103.5881,21.8243],[103.5898,21.8255],[103.5914,21.8249],[103.594,21.825],[103.5965,21.8267],[103.5964,21.8278],[103.5971,21.8282],[103.6016,21.8283],[103.6036,21.829],[103.6071,21.8278],[103.6116,21.8301],[103.6175,21.8291],[103.6202,21.8293],[103.6211,21.8283],[103.6226,21.8279],[103.6267,21.8245],[103.6317,21.8224],[103.6332,21.8244],[103.6344,21.8254],[103.6359,21.8258],[103.6376,21.8281],[103.6395,21.8284],[103.6415,21.8277],[103.6429,21.8289],[103.6442,21.8287],[103.6482,21.8325],[103.6503,21.8325],[103.6531,21.8309],[103.6557,21.8312],[103.6723,21.8283],[103.679,21.8247],[103.6812,21.8251],[103.6834,21.8271],[103.6864,21.8283],[103.6947,21.829]]]},"properties":{"code":"03688","name":"Mường Chiên","nameEn":"Muong Chien","fullName":"Xã Mường Chiên","fullNameEn":"Muong Chien Commune","codeName":"muong_chien","postalCode":"34256","postalCodePrefix":"","gisServerId":"diaphanhanhchinhcapxa_2025.1340","areaKm2":382.2},"id":"03688"},
{"type":"Feature","geometry":{"type":"Polygon","coordinates":[[[103.6947,21.829],[103.6864,21.8283],[103.6834,21.8271],[103.6812,21.8251],[103.679,21.8247],[103.6723,21.8283],[103.6557,21.8312],[103.6531,21.8309],[103.6503,21.8325],[103.6482,21.8325],[103.6442,21.8287],[103.6429,21.8289],[103.6415,21.8277],[103.6395,21.8284],[103.6376,21.8281],[103.6359,21.8258],[103.6344,21.8254],[103.6332,21.8244],[103.6317,21.8224],[103.6267,21.8245],[103.6226,21.8279],[103.6211,21.8283],[103.6202,21.8293],[103.6175,21.8291],[103.6116,21.8301],[103.6071,21.8278],[103.6036,21.829],[103.6016,21.8283],[103.5971,21.8282],[103.5964,21.8278],[103.5965,21.8267],[103.594,21.825],[103.5914,21.8249],[103.5898,21.8255],[103.5881,21.8243],[103.5856,21.8236],[103.5822,21.8233],[103.582,21.8225],[103.5792,21.8219],[103.5779,21.8209],[103.5764,21.8209],[103.5741,21.8176],[103.5721,21.8166],[103.5706,21.8175],[103.5696,21.8154],[103.5679,21.8148],[103.5651,21.8125],[103.5559,21.8076],[103.5553,21.8074],[103.5499,21.8094],[103.5448,21.8091],[103.5414,21.8079],[103.5425,21.8052],[103.5438,21.8045],[103.5466,21.801],[103.5468,21.7965],[103.5476,21.7968],[103.5507,21.7949],[103.5516,21.7949],[103.5532,21.7928],[103.5506,21.7889],[103.5508,21.7857],[103.5519,21.7832],[103.5467,21.78],[103.5415,21.7795],[103.5408,21.778],[103.5413,21.7761],[103.5462,21.7711],[103.5498,21.7696],[103.5518,21.7682],[103.5526,21.7666],[103.555,21.7658],[103.5565,21.763],[103.5582,21.7627],[103.5588,21.7616],[103.558,21.7598],[103.5607,21.7567],[103.5598,21.7538],[103.5617,21.7486],[103.5652,21.7468],[103.5662,21.7447],[103.5693,21.7414],[103.5725,21.7402],[103.5737,21.7388],[103.5716,21.7371],[103.5749,21.733],[103.5748,21.7292],[103.5757,21.7284],[103.5773,21.7239],[103.5818,21.7263],[103.5818,21.7297],[103.5823,21.7311],[103.5857,21.7334],[103.6014,21.7373],[103.6061,21.7396],[103.6115,21.7408],[103.6126,21.7416],[103.6146,21.7418],[103.6155,21.7425],[103.6196,21.7393],[103.6219,21.7361],[103.6242,21.7339],[103.6249,21.7299],[103.6277,21.7261],[103.6286,21.7234],[103.6333,21.7175],[103.635,21.7162],[103.6386,21.711],[103.6403,21.7071],[103.6429,21.7038],[103.6466,21.7054],[103.6534,21.7073],[103.6545,21.7082],[103.6563,21.7076],[103.6578,21.7077],[103.6605,21.7048],[103.6618,21.7045],[103.6642,21.7049],[103.6643,21.7069],[103.6666,21.7096],[103.6657,21.712],[103.6661,21.7132],[103.669,21.7151],[103.6689,21.7164],[103.672,21.7173],[103.6741,21.7193],[103.6759,21.7194],[103.6778,21.7186],[103.6787,21.7188],[103.679,21.718],[103.6819,21.7166],[103.6879,21.7172],[103.6887,21.7164],[103.6885,21.7121],[103.6911,21.7117],[103.691,21.71],[103.6948,21.7049],[103.6977,21.7034],[103.7002,21.7034],[103.701,21.7017],[103.7033,21.6993],[103.7055,21.6992],[103.7085,21.6977],[103.7109,21.6982],[103.7119,21.6972],[103.7143,21.697],[103.7157,21.696],[103.7198,21.6967],[103.7245,21.6966],[103.7307,21.6924],[103.7322,21.6891],[103.7331,21.6885],[103.7346,21.6885],[103.7379,21.6865],[103.7413,21.6828],[103.7377,21.6774],[103.7387,21.6751],[103.7401,21.6744],[103.7437,21.6693],[103.745,21.6684],[103.7472,21.6684],[103.7496,21.6659],[103.7523,21.6658],[103.7547,21.6674],[103.7552,21.6685],[103.7547,21.6724],[103.755,21.6746],[103.7562,21.6779],[103.756,21.6796],[103.7572,21.682],[103.7626,21.6844],[103.7643,21.6858],[103.7655,21.6859],[103.7674,21.688],[103.7695,21.6884],[103.7725,21.6906],[103.7792,21.693],[103.7814,21.6955],[103.7827,21.6961],[103.7855,21.6989],[103.7872,21.7019],[103.7904,21.7051],[103.7914,21.7074],[103.7929,21.7088],[103.7932,21.7102],[103.7959,21.7114],[103.7998,21.7147],[103.8026,21.7194],[103.8056,21.7208],[103.8062,21.7242],[103.8077,21.7261],[103.8083,21.7288],[103.8097,21.7302],[103.8101,21.7315],[103.8098,21.7346],[103.8069,21.7369],[103.8075,21.7384],[103.8067,21.7399],[103.8039,21.7394],[103.8043,21.7429],[103.8034,21.7435],[103.802,21.7461],[103.8009,21.7468],[103.8016,21.7482],[103.8005,21.7496],[103.8,21.7515],[103.7945,21.7527],[103.7958,21.7557],[103.7967,21.7565],[103.7967,21.7574],[103.7937,21.7581],[103.7911,21.76],[103.7899,21.7616],[103.7899,21.763],[103.7887,21.7643],[103.7872,21.7646],[103.7843,21.7637],[103.7816,21.7636],[103.7827,21.7657],[103.7823,21.7668],[103.7831,21.7675],[103.7819,21.7683],[103.7823,21.7698],[103.7813,21.7732],[103.7796,21.7738],[103.7785,21.7736],[103.7779,21.7761],[103.7787,21.7784],[103.7784,21.7796],[103.7765,21.7789],[103.7741,21.7799],[103.7733,21.7798],[103.7713,21.7783],[103.7694,21.7783],[103.7686,21.7786],[103.7679,21.78],[103.7642,21.7806],[103.7625,21.7814],[103.7601,21.7805],[103.7579,21.7778],[103.7543,21.7794],[103.7536,21.7808],[103.7541,21.7846],[103.7536,21.7853],[103.7532,21.7889],[103.7552,21.7931],[103.755,21.7948],[103.7558,21.7973],[103.7571,21.7988],[103.7583,21.8016],[103.7581,21.8052],[103.7599,21.8076],[103.7592,21.8089],[103.7566,21.8092],[103.7545,21.811],[103.7507,21.8098],[103.7482,21.8098],[103.7468,21.8085],[103.7445,21.8081],[103.7423,21.8101],[103.7387,21.8099],[103.7353,21.8086],[103.7308,21.809],[103.728,21.8075],[103.7239,21.8063],[103.7233,21.8096],[103.7225,21.8105],[103.7216,21.8108],[103.7189,21.8101],[103.7185,21.8117],[103.7167,21.8117],[103.7153,21.8127],[103.7135,21.8194],[103.7116,21.8206],[103.7108,21.8217],[103.7088,21.8215],[103.7058,21.8233],[103.7036,21.8225],[103.7006,21.8238],[103.6975,21.8238],[103.6963,21.8252],[103.6961,21.8266],[103.6947,21.829]]]},"properties":{"code":"03694","name":"Mường Giôn","nameEn":"Muong Gion","fullName":"Xã Mường Giôn","fullNameEn":"Muong Gion Commune","codeName":"muong_gion","postalCode":"34266","postalCodePrefix":"","gisServerId":"diaphanhanhchinhcapxa_2025.1341","areaKm2":290.54},"id":"03694"},
{"type":"Feature","geometry":{"type":"Polygon","coordinates":[[[103.7523,21.6658],[103.7496,21.6659],[103.7472,21.6684],[103.745,21.6684],[103.7437,21.6693],[103.7401,21.6744],[103.7387,21.6751],[103.7377,21.6774],[103.7413,21.6828],[103.7379,21.6865],[103.7346,21.6885],[103.7331,21.6885],[103.7322,21.6891],[103.7307,21.6924],[103.7245,21.6966],[103.7198,21.6967],[103.7157,21.696],[103.7143,21.697],[103.7119,21.6972],[103.7109,21.6982],[103.7085,21.6977],[103.7055,21.6992],[103.7033,21.6993],[103.701,21.7017],[103.7002,21.7034],[103.6977,21.7034],[103.6948,21.7049],[103.691,21.71],[103.6911,21.7117],[103.6885,21.7121],[103.6887,21.7164],[103.6879,21.7172],[103.6819,21.7166],[103.679,21.718],[103.6787,21.7188],[103.6778,21.7186],[103.6759,21.7194],[103.6741,21.7193],[103.672,21.7173],[103.6689,21.7164],[103.669,21.7151],[103.6661,21.7132],[103.6657,21.712],[103.6666,21.7096],[103.6643,21.7069],[103.6642,21.7049],[103.6618,21.7045],[103.6605,21.7048],[103.6578,21.7077],[103.6563,21.7076],[103.6545,21.7082],[103.6534,21.7073],[103.6466,21.7054],[103.6429,21.7038],[103.6403,21.7071],[103.6386,21.711],[103.635,21.7162],[103.6333,21.7175],[103.6286,21.7234],[103.6277,21.7261],[103.6249,21.7299],[103.6242,21.7339],[103.6219,21.7361],[103.6196,21.7393],[103.6155,21.7425],[103.6146,21.7418],[103.6126,21.7416],[103.6115,21.7408],[103.6061,21.7396],[103.6014,21.7373],[103.5857,21.7334],[103.5823,21.7311],[103.5818,21.7297],[103.5818,21.7263],[103.5773,21.7239],[103.5781,21.7209],[103.5777,21.7199],[103.5793,21.7193],[103.5818,21.7151],[103.5832,21.7144],[103.5862,21.7074],[103.5844,21.7056],[103.584,21.7045],[103.585,21.7039],[103.5853,21.7027],[103.5861,21.7023],[103.5866,21.7],[103.5877,21.6994],[103.5932,21.6928],[103.5933,21.6891],[103.5946,21.6862],[103.5975,21.6847],[103.5983,21.6838],[103.5984,21.6824],[103.5952,21.6782],[103.5952,21.6748],[103.5934,21.6745],[103.5895,21.6785],[103.5895,21.6797],[103.5884,21.6815],[103.5871,21.6814],[103.5857,21.6838],[103.5841,21.685],[103.5798,21.6838],[103.5761,21.6835],[103.5678,21.6777],[103.567,21.6719],[103.5598,21.6674],[103.5602,21.6652],[103.5596,21.6632],[103.557,21.6588],[103.5575,21.6558],[103.5566,21.6555],[103.5536,21.6522],[103.552,21.6518],[103.5504,21.6525],[103.5489,21.6521],[103.5484,21.651],[103.5469,21.6514],[103.5468,21.65],[103.5435,21.6482],[103.5418,21.6466],[103.5422,21.6431],[103.5453,21.643],[103.5439,21.642],[103.5436,21.6409],[103.544,21.6399],[103.5453,21.6395],[103.5485,21.6404],[103.5504,21.639],[103.5503,21.6298],[103.5509,21.6284],[103.5539,21.626],[103.5558,21.6249],[103.5585,21.6244],[103.5604,21.627],[103.5662,21.6276],[103.5716,21.6302],[103.5751,21.6301],[103.5773,21.6308],[103.58,21.6293],[103.5806,21.6299],[103.5836,21.6305],[103.5854,21.6316],[103.5864,21.6313],[103.5875,21.6283],[103.5899,21.6272],[103.5882,21.6263],[103.5884,21.6256],[103.5869,21.6248],[103.5841,21.621],[103.5902,21.6218],[103.5967,21.6202],[103.5976,21.6232],[103.603,21.627],[103.6047,21.6274],[103.6067,21.627],[103.6095,21.6259],[103.6123,21.6263],[103.6127,21.6239],[103.6164,21.6216],[103.6173,21.6205],[103.6202,21.6226],[103.622,21.6223],[103.6258,21.6173],[103.6264,21.6157],[103.6276,21.6148],[103.6303,21.6153],[103.6307,21.6164],[103.6322,21.6173],[103.6331,21.6189],[103.6325,21.6205],[103.6328,21.6221],[103.6343,21.6242],[103.6349,21.6239],[103.6351,21.6229],[103.6362,21.6217],[103.6381,21.6209],[103.6416,21.616],[103.6439,21.6154],[103.6447,21.6148],[103.6498,21.6086],[103.6496,21.6067],[103.6482,21.6055],[103.6511,21.6039],[103.6525,21.6021],[103.6562,21.601],[103.6564,21.5996],[103.6583,21.5979],[103.6591,21.5961],[103.6587,21.5954],[103.6542,21.5928],[103.6496,21.5924],[103.6458,21.5913],[103.6432,21.5937],[103.642,21.5924],[103.6404,21.5917],[103.6376,21.5864],[103.6362,21.5871],[103.6338,21.5873],[103.6331,21.5863],[103.6294,21.5839],[103.6273,21.5774],[103.6274,21.571],[103.6289,21.5662],[103.6302,21.5635],[103.6328,21.5623],[103.634,21.561],[103.6348,21.5592],[103.6386,21.5563],[103.6425,21.5501],[103.6448,21.5478],[103.6462,21.5428],[103.6498,21.5401],[103.6514,21.5402],[103.6525,21.5415],[103.6539,21.5414],[103.6551,21.5435],[103.6563,21.541],[103.6605,21.5392],[103.6631,21.5401],[103.668,21.54],[103.6697,21.5383],[103.67,21.5345],[103.674,21.5375],[103.6759,21.5375],[103.6786,21.5393],[103.6825,21.5399],[103.6844,21.5383],[103.6856,21.538],[103.6866,21.5358],[103.6873,21.5359],[103.6883,21.535],[103.6907,21.5344],[103.6933,21.5313],[103.6992,21.5294],[103.7014,21.5267],[103.703,21.5257],[103.7082,21.5244],[103.7087,21.5248],[103.7106,21.5295],[103.7123,21.5304],[103.7135,21.5308],[103.7222,21.5313],[103.7227,21.5318],[103.7251,21.5316],[103.7272,21.5326],[103.7299,21.5366],[103.732,21.5374],[103.7327,21.5386],[103.7346,21.5388],[103.7353,21.5397],[103.7387,21.5396],[103.7404,21.5388],[103.7424,21.5394],[103.7406,21.5397],[103.7387,21.5411],[103.7347,21.5421],[103.7322,21.5422],[103.7299,21.5414],[103.7262,21.5412],[103.7178,21.5436],[103.716,21.5486],[103.7086,21.5552],[103.7072,21.5573],[103.7065,21.5594],[103.7082,21.5627],[103.7083,21.564],[103.7039,21.5718],[103.6878,21.5849],[103.6858,21.5882],[103.6857,21.591],[103.682,21.5931],[103.6817,21.5946],[103.6825,21.5972],[103.6805,21.5996],[103.6799,21.6016],[103.6805,21.6066],[103.6801,21.6071],[103.6778,21.6077],[103.6764,21.6106],[103.6747,21.6109],[103.6737,21.6117],[103.6721,21.6155],[103.6711,21.6222],[103.6726,21.6311],[103.6806,21.6329],[103.6821,21.6326],[103.6882,21.6358],[103.6914,21.6333],[103.6947,21.6378],[103.7,21.6411],[103.7053,21.646],[103.7068,21.6479],[103.7073,21.6512],[103.7068,21.652],[103.7091,21.6514],[103.7119,21.6547],[103.71,21.6596],[103.708,21.6613],[103.7065,21.6647],[103.7087,21.666],[103.7119,21.6662],[103.7196,21.6629],[103.7249,21.6577],[103.7289,21.6547],[103.74,21.651],[103.7466,21.6472],[103.7493,21.6451],[103.7655,21.6382],[103.7684,21.6349],[103.7751,21.6212],[103.7762,21.6173],[103.776,21.6127],[103.7774,21.6087],[103.7784,21.6071],[103.7857,21.6012],[103.7874,21.5986],[103.7923,21.5953],[103.7949,21.5916],[103.8029,21.5831],[103.8046,21.579],[103.8058,21.5725],[103.8068,21.57],[103.8081,21.5726],[103.808,21.574],[103.809,21.5778],[103.8111,21.5811],[103.8097,21.588],[103.8088,21.5896],[103.8091,21.5916],[103.8113,21.5959],[103.8125,21.5966],[103.813,21.5988],[103.813,21.6001],[103.81,21.604],[103.8107,21.6068],[103.8089,21.6084],[103.8078,21.6064],[103.8062,21.6051],[103.8045,21.6052],[103.8024,21.6043],[103.7991,21.6045],[103.7956,21.604],[103.7987,21.6126],[103.7958,21.6122],[103.7947,21.6112],[103.792,21.61],[103.7893,21.6117],[103.7883,21.6152],[103.7897,21.6168],[103.7956,21.618],[103.7964,21.6186],[103.7975,21.6211],[103.7967,21.6235],[103.7965,21.6268],[103.7975,21.6279],[103.7997,21.6289],[103.8001,21.6317],[103.8027,21.6367],[103.803,21.6402],[103.7978,21.6427],[103.7967,21.6439],[103.7965,21.6467],[103.7936,21.6484],[103.7928,21.6483],[103.7908,21.6507],[103.7868,21.6517],[103.7859,21.6536],[103.784,21.6522],[103.7835,21.6509],[103.7829,21.6505],[103.7799,21.6508],[103.777,21.6521],[103.7759,21.6562],[103.7736,21.6563],[103.7718,21.6577],[103.7705,21.6594],[103.7672,21.6605],[103.7651,21.6633],[103.7652,21.6645],[103.762,21.6642],[103.7559,21.6662],[103.7523,21.6658]]]},"properties":{"code":"03703","name":"Quỳnh Nhai","nameEn":"Quynh Nhai","fullName":"Xã Quỳnh Nhai","fullNameEn":"Quynh Nhai Commune","codeName":"quynh_nhai","postalCode":"34267","postalCodePrefix":"","gisServerId":"diaphanhanhchinhcapxa_2025.1342","areaKm2":244.31},"id":"03703"},
{"type":"Feature","geometry":{"type":"Polygon","coordinates":[[[103.8068,21.57],[103.8058,21.5725],[103.8046,21.579],[103.8029,21.5831],[103.7949,21.5916],[103.7923,21.5953],[103.7874,21.5986],[103.7857,21.6012],[103.7784,21.6071],[103.7774,21.6087],[103.776,21.6127],[103.7762,21.6173],[103.7751,21.6212],[103.7684,21.6349],[103.7655,21.6382],[103.7493,21.6451],[103.7466,21.6472],[103.74,21.651],[103.7289,21.6547],[103.7249,21.6577],[103.7196,21.6629],[103.7119,21.6662],[103.7087,21.666],[103.7065,21.6647],[103.708,21.6613],[103.71,21.6596],[103.7119,21.6547],[103.7091,21.6514],[103.7068,21.652],[103.7073,21.6512],[103.7068,21.6479],[103.7053,21.646],[103.7,21.6411],[103.6947,21.6378],[103.6914,21.6333],[103.6882,21.6358],[103.6821,21.6326],[103.6806,21.6329],[103.6726,21.6311],[103.6711,21.6222],[103.6721,21.6155],[103.6737,21.6117],[103.6747,21.6109],[103.6764,21.6106],[103.6778,21.6077],[103.6801,21.6071],[103.6805,21.6066],[103.6799,21.6016],[103.6805,21.5996],[103.6825,21.5972],[103.6817,21.5946],[103.682,21.5931],[103.6857,21.591],[103.6858,21.5882],[103.6878,21.5849],[103.7039,21.5718],[103.7083,21.564],[103.7082,21.5627],[103.7065,21.5594],[103.7072,21.5573],[103.7086,21.5552],[103.716,21.5486],[103.7178,21.5436],[103.7262,21.5412],[103.7299,21.5414],[103.7322,21.5422],[103.7347,21.5421],[103.7387,21.5411],[103.7406,21.5397],[103.7424,21.5394],[103.7459,21.5437],[103.7505,21.5437],[103.7544,21.5453],[103.7562,21.5454],[103.7619,21.5451],[103.7634,21.5456],[103.7663,21.5455],[103.7684,21.5467],[103.7718,21.545],[103.7764,21.5441],[103.7799,21.5419],[103.7804,21.541],[103.789,21.5361],[103.7932,21.5342],[103.7972,21.5308],[103.7981,21.533],[103.7978,21.5339],[103.7998,21.5376],[103.7984,21.5407],[103.7993,21.5426],[103.8009,21.5437],[103.8026,21.5437],[103.8073,21.5478],[103.8111,21.5497],[103.817,21.5507],[103.818,21.5515],[103.8208,21.5568],[103.8143,21.5602],[103.8099,21.5648],[103.8068,21.57]]]},"properties":{"code":"03712","name":"Mường Sại","nameEn":"Muong Sai","fullName":"Xã Mường Sại","fullNameEn":"Muong Sai Commune","codeName":"muong_sai","postalCode":"34264","postalCodePrefix":"","gisServerId":"diaphanhanhchinhcapxa_2025.1343","areaKm2":122.94},"id":"03712"},
{"type":"Feature","geometry":{"type":"Polygon","coordinates":[[[103.5933,21.395],[103.5976,21.3978],[103.5999,21.4001],[103.601,21.4004],[103.6023,21.3999],[103.6099,21.4039],[103.6142,21.4039],[103.6203,21.4069],[103.6209,21.41],[103.6222,21.4117],[103.6251,21.4131],[103.63,21.4199],[103.6334,21.4257],[103.6355,21.4318],[103.6303,21.4444],[103.6382,21.4539],[103.6399,21.4541],[103.6429,21.4567],[103.6443,21.4588],[103.6471,21.4554],[103.6498,21.4539],[103.6504,21.4525],[103.6533,21.4519],[103.6524,21.451],[103.6501,21.4429],[103.6514,21.4419],[103.6536,21.4424],[103.6562,21.4396],[103.658,21.4389],[103.6576,21.4361],[103.6567,21.4349],[103.6579,21.4335],[103.6589,21.4309],[103.6602,21.4317],[103.664,21.432],[103.6664,21.4316],[103.6663,21.4297],[103.665,21.4281],[103.667,21.4263],[103.6677,21.4247],[103.6701,21.4239],[103.6718,21.4211],[103.673,21.4205],[103.6733,21.4197],[103.6766,21.4169],[103.6747,21.4137],[103.675,21.4125],[103.6774,21.4141],[103.6803,21.4125],[103.6836,21.4116],[103.6846,21.4129],[103.6872,21.4142],[103.6894,21.4148],[103.6932,21.4146],[103.6949,21.4133],[103.6962,21.4134],[103.6956,21.4116],[103.6963,21.4102],[103.6993,21.4081],[103.7009,21.4078],[103.7023,21.408],[103.7024,21.4084],[103.7069,21.4057],[103.7101,21.407],[103.7132,21.4059],[103.7148,21.4063],[103.7171,21.4054],[103.7192,21.4025],[103.7211,21.4009],[103.7249,21.3992],[103.7268,21.3991],[103.7274,21.3996],[103.7285,21.3946],[103.7251,21.3886],[103.7231,21.3868],[103.7243,21.3868],[103.7268,21.3851],[103.7284,21.3825],[103.7305,21.3814],[103.7314,21.3803],[103.7337,21.3794],[103.7352,21.3799],[103.7403,21.3794],[103.7453,21.3815],[103.7466,21.3829],[103.7485,21.3834],[103.7502,21.3818],[103.7527,21.3822],[103.7544,21.3812],[103.7561,21.3825],[103.7587,21.3822],[103.7602,21.3811],[103.7619,21.3849],[103.7638,21.3852],[103.763,21.3856],[103.7647,21.3869],[103.7646,21.391],[103.7651,21.3925],[103.7709,21.3931],[103.7705,21.3984],[103.7711,21.3988],[103.7723,21.3957],[103.7718,21.3931],[103.7755,21.3936],[103.7758,21.3967],[103.7768,21.3973],[103.7803,21.3976],[103.7824,21.3953],[103.7835,21.3947],[103.7846,21.3955],[103.7899,21.3939],[103.7915,21.3939],[103.7915,21.3926],[103.7923,21.3913],[103.7959,21.392],[103.7966,21.3905],[103.7989,21.3905],[103.8003,21.3888],[103.8032,21.3891],[103.8044,21.3869],[103.8096,21.3841],[103.8125,21.384],[103.8126,21.3851],[103.812,21.3861],[103.8104,21.3869],[103.8085,21.3869],[103.8084,21.3873],[103.8075,21.3875],[103.7994,21.3959],[103.7996,21.4029],[103.7992,21.4042],[103.7979,21.4057],[103.7935,21.407],[103.7925,21.4109],[103.7915,21.4115],[103.7909,21.4144],[103.7883,21.4163],[103.7879,21.4158],[103.7867,21.4156],[103.785,21.4171],[103.7827,21.4168],[103.7794,21.4204],[103.7791,21.422],[103.7736,21.4209],[103.7698,21.429],[103.7683,21.4302],[103.768,21.4316],[103.7667,21.4325],[103.7661,21.434],[103.761,21.4354],[103.7615,21.4381],[103.7595,21.4409],[103.7598,21.4419],[103.7571,21.4414],[103.7555,21.4416],[103.7526,21.4455],[103.7513,21.4465],[103.7475,21.4513],[103.7471,21.4524],[103.7476,21.454],[103.7453,21.4609],[103.7433,21.4634],[103.7391,21.4658],[103.7341,21.4661],[103.7281,21.4674],[103.7322,21.4724],[103.7269,21.4729],[103.7317,21.4829],[103.728,21.4857],[103.7245,21.486],[103.7236,21.4868],[103.7208,21.4875],[103.7185,21.4887],[103.7176,21.4888],[103.7154,21.4877],[103.7074,21.4892],[103.7047,21.4888],[103.6961,21.4934],[103.6931,21.4928],[103.6916,21.4919],[103.6897,21.4898],[103.6885,21.4898],[103.6871,21.4906],[103.6857,21.4924],[103.6841,21.4929],[103.6834,21.4947],[103.6826,21.4948],[103.6807,21.4936],[103.678,21.4909],[103.6748,21.4888],[103.6736,21.4858],[103.6731,21.484],[103.6719,21.4838],[103.6687,21.4807],[103.6656,21.4789],[103.6622,21.4777],[103.6607,21.4795],[103.6583,21.4804],[103.6566,21.4805],[103.6555,21.4821],[103.6525,21.4835],[103.6498,21.4834],[103.6476,21.4843],[103.6474,21.4816],[103.6479,21.4809],[103.6458,21.4805],[103.6418,21.4765],[103.641,21.4746],[103.6362,21.4763],[103.6311,21.4811],[103.6298,21.4815],[103.6284,21.4806],[103.6272,21.4792],[103.6278,21.4784],[103.6272,21.4766],[103.6212,21.4694],[103.622,21.4676],[103.6218,21.4661],[103.6203,21.4652],[103.6202,21.4607],[103.6189,21.4589],[103.6166,21.4581],[103.6154,21.4565],[103.6153,21.4553],[103.6144,21.4562],[103.6101,21.4556],[103.6101,21.4541],[103.6115,21.452],[103.6108,21.4521],[103.6071,21.4489],[103.6061,21.4488],[103.6029,21.4456],[103.6024,21.4449],[103.6024,21.4431],[103.5993,21.4383],[103.5988,21.4363],[103.5972,21.4352],[103.5975,21.434],[103.5952,21.4309],[103.5944,21.4307],[103.5933,21.4283],[103.5915,21.4277],[103.5913,21.4253],[103.5877,21.4206],[103.5866,21.42],[103.5872,21.4182],[103.586,21.4176],[103.586,21.4162],[103.5851,21.416],[103.5834,21.414],[103.5836,21.4126],[103.5827,21.4119],[103.5831,21.4099],[103.5839,21.4096],[103.5845,21.4085],[103.5846,21.4058],[103.5855,21.4044],[103.5858,21.3997],[103.5876,21.3964],[103.5881,21.3929],[103.5894,21.393],[103.5921,21.3948],[103.5933,21.395]]]},"properties":{"code":"03721","name":"Thuận Châu","nameEn":"Thuan Chau","fullName":"Xã Thuận Châu","fullNameEn":"Thuan Chau Commune","codeName":"thuan_chau","postalCode":"34306","postalCodePrefix":"","gisServerId":"diaphanhanhchinhcapxa_2025.1344","areaKm2":132.83},"id":"03721"},
{"type":"Feature","geometry":{"type":"Polygon","coordinates":[[[103.67,21.5345],[103.6697,21.5383],[103.668,21.54],[103.6631,21.5401],[103.6605,21.5392],[103.6563,21.541],[103.6551,21.5435],[103.6539,21.5414],[103.6525,21.5415],[103.6514,21.5402],[103.6498,21.5401],[103.6462,21.5428],[103.6448,21.5478],[103.6425,21.5501],[103.6386,21.5563],[103.6348,21.5592],[103.634,21.561],[103.6328,21.5623],[103.6302,21.5635],[103.6289,21.5662],[103.6274,21.571],[103.6273,21.5774],[103.6294,21.5839],[103.6331,21.5863],[103.6338,21.5873],[103.6362,21.5871],[103.6376,21.5864],[103.6404,21.5917],[103.642,21.5924],[103.6432,21.5937],[103.6458,21.5913],[103.6496,21.5924],[103.6542,21.5928],[103.6587,21.5954],[103.6591,21.5961],[103.6583,21.5979],[103.6564,21.5996],[103.6562,21.601],[103.6525,21.6021],[103.6511,21.6039],[103.6482,21.6055],[103.6496,21.6067],[103.6498,21.6086],[103.6447,21.6148],[103.6439,21.6154],[103.6416,21.616],[103.6381,21.6209],[103.6362,21.6217],[103.6351,21.6229],[103.6349,21.6239],[103.6343,21.6242],[103.6328,21.6221],[103.6325,21.6205],[103.6331,21.6189],[103.6322,21.6173],[103.6307,21.6164],[103.6303,21.6153],[103.6276,21.6148],[103.6264,21.6157],[103.6258,21.6173],[103.622,21.6223],[103.6202,21.6226],[103.6173,21.6205],[103.6164,21.6216],[103.6127,21.6239],[103.6123,21.6263],[103.6095,21.6259],[103.6067,21.627],[103.6047,21.6274],[103.603,21.627],[103.5976,21.6232],[103.5967,21.6202],[103.5902,21.6218],[103.5841,21.621],[103.5869,21.6248],[103.5884,21.6256],[103.5882,21.6263],[103.5899,21.6272],[103.5875,21.6283],[103.5864,21.6313],[103.5854,21.6316],[103.5836,21.6305],[103.5806,21.6299],[103.58,21.6293],[103.5773,21.6308],[103.5751,21.6301],[103.5716,21.6302],[103.5662,21.6276],[103.5604,21.627],[103.5585,21.6244],[103.5558,21.6249],[103.5539,21.626],[103.5542,21.6247],[103.5532,21.6221],[103.5556,21.6177],[103.5541,21.615],[103.554,21.6127],[103.5508,21.611],[103.5487,21.6081],[103.5488,21.6043],[103.5481,21.6027],[103.5462,21.6018],[103.5425,21.6025],[103.5405,21.6012],[103.5387,21.6009],[103.5386,21.5991],[103.5372,21.5979],[103.5383,21.5896],[103.5355,21.5907],[103.5332,21.5908],[103.5316,21.5881],[103.53,21.5869],[103.5294,21.5859],[103.5295,21.582],[103.5305,21.5813],[103.5315,21.5813],[103.5324,21.5799],[103.5315,21.578],[103.5315,21.576],[103.532,21.5757],[103.531,21.5731],[103.531,21.5717],[103.5315,21.5704],[103.5336,21.5694],[103.5315,21.5665],[103.5335,21.5664],[103.535,21.5654],[103.5366,21.5657],[103.5374,21.563],[103.5386,21.5614],[103.5424,21.5613],[103.5427,21.5605],[103.5463,21.5586],[103.5465,21.5567],[103.5495,21.5549],[103.5497,21.5534],[103.5507,21.5538],[103.5513,21.5527],[103.5528,21.5526],[103.5552,21.5515],[103.5574,21.5517],[103.5586,21.5493],[103.5621,21.5489],[103.5635,21.546],[103.5654,21.5475],[103.5651,21.5484],[103.5662,21.5501],[103.5672,21.55],[103.5682,21.5509],[103.5702,21.55],[103.5714,21.5506],[103.5755,21.5485],[103.5762,21.5473],[103.5786,21.5471],[103.5789,21.548],[103.5807,21.547],[103.5843,21.5421],[103.5974,21.5418],[103.6018,21.5376],[103.6029,21.5337],[103.6067,21.5343],[103.609,21.5341],[103.6096,21.5347],[103.6111,21.5344],[103.6122,21.5331],[103.6126,21.5297],[103.6141,21.529],[103.6153,21.5265],[103.6127,21.5251],[103.6097,21.5248],[103.6057,21.5215],[103.6054,21.5204],[103.6077,21.5188],[103.6085,21.516],[103.6104,21.515],[103.6104,21.5145],[103.6178,21.5084],[103.6206,21.5086],[103.6228,21.5052],[103.6296,21.4996],[103.6348,21.4985],[103.6351,21.4973],[103.6388,21.4942],[103.6404,21.4947],[103.6412,21.4943],[103.6428,21.495],[103.6437,21.4867],[103.6445,21.4847],[103.6454,21.4842],[103.6476,21.4843],[103.6498,21.4834],[103.6525,21.4835],[103.6555,21.4821],[103.6566,21.4805],[103.6583,21.4804],[103.6607,21.4795],[103.6622,21.4777],[103.6656,21.4789],[103.6687,21.4807],[103.6719,21.4838],[103.6731,21.484],[103.6736,21.4858],[103.6737,21.4869],[103.6729,21.488],[103.673,21.4902],[103.6708,21.4932],[103.6707,21.4955],[103.6693,21.4965],[103.669,21.4976],[103.6671,21.4998],[103.6659,21.4997],[103.6643,21.5008],[103.6639,21.5025],[103.6661,21.5059],[103.6663,21.5069],[103.6651,21.5083],[103.6635,21.5118],[103.6589,21.5152],[103.6592,21.5178],[103.6588,21.5191],[103.6598,21.5204],[103.6582,21.5224],[103.6582,21.5235],[103.6615,21.5265],[103.6622,21.5265],[103.664,21.5278],[103.6655,21.5298],[103.6683,21.531],[103.6702,21.5331],[103.67,21.5345]]]},"properties":{"code":"03724","name":"Bình Thuận","nameEn":"Binh Thuan","fullName":"Xã Bình Thuận","fullNameEn":"Binh Thuan Commune","codeName":"binh_thuan","postalCode":"34335","postalCodePrefix":"","gisServerId":"diaphanhanhchinhcapxa_2025.1345","areaKm2":121.78},"id":"03724"},
{"type":"Feature","geometry":{"type":"Polygon","coordinates":[[[103.5315,21.5665],[103.5296,21.5668],[103.5289,21.5675],[103.5283,21.5657],[103.524,21.565],[103.5229,21.5668],[103.5217,21.5671],[103.5213,21.566],[103.5195,21.5647],[103.5197,21.561],[103.5182,21.5596],[103.5194,21.5547],[103.5221,21.5482],[103.5215,21.5464],[103.5221,21.5434],[103.5191,21.5402],[103.5184,21.538],[103.5174,21.5371],[103.5175,21.5339],[103.5171,21.5333],[103.5165,21.533],[103.5101,21.5337],[103.5079,21.5334],[103.5059,21.5348],[103.5043,21.5352],[103.5012,21.533],[103.4999,21.5334],[103.4986,21.5314],[103.4966,21.5314],[103.4931,21.529],[103.492,21.529],[103.4901,21.5274],[103.4882,21.5274],[103.487,21.5234],[103.4857,21.5228],[103.4843,21.5206],[103.4829,21.5202],[103.4801,21.5206],[103.4784,21.5199],[103.4745,21.5205],[103.4729,21.52],[103.4755,21.5189],[103.4785,21.5163],[103.4788,21.5146],[103.4782,21.5126],[103.4794,21.5115],[103.4785,21.5101],[103.4788,21.5097],[103.4792,21.5099],[103.4797,21.5088],[103.479,21.5081],[103.4787,21.506],[103.4778,21.505],[103.4792,21.505],[103.48,21.5035],[103.4821,21.5027],[103.4821,21.5004],[103.4815,21.5],[103.4813,21.4985],[103.4825,21.4973],[103.4848,21.4961],[103.4851,21.4967],[103.486,21.4961],[103.4853,21.4947],[103.4861,21.4942],[103.486,21.4922],[103.4865,21.4926],[103.4871,21.4918],[103.4886,21.4923],[103.4897,21.4917],[103.4889,21.4903],[103.4905,21.4908],[103.4916,21.4906],[103.491,21.4898],[103.4921,21.4894],[103.4912,21.4879],[103.4915,21.4866],[103.4876,21.4853],[103.4883,21.4839],[103.4895,21.4836],[103.4905,21.4848],[103.4914,21.4844],[103.4935,21.4849],[103.4953,21.484],[103.4965,21.4859],[103.4983,21.486],[103.4993,21.4853],[103.4996,21.4835],[103.4991,21.4828],[103.4993,21.4823],[103.5027,21.4841],[103.5051,21.4841],[103.5051,21.4821],[103.5065,21.4819],[103.5067,21.481],[103.508,21.4807],[103.5089,21.4791],[103.5096,21.479],[103.5103,21.478],[103.5101,21.4768],[103.5112,21.4762],[103.51,21.4731],[103.5113,21.4721],[103.513,21.4717],[103.5116,21.4694],[103.5141,21.4684],[103.5135,21.4663],[103.5153,21.4657],[103.5136,21.4627],[103.5148,21.463],[103.5181,21.4626],[103.5186,21.4618],[103.5183,21.46],[103.5209,21.4598],[103.5214,21.4582],[103.5221,21.4578],[103.5219,21.4561],[103.5232,21.4549],[103.5244,21.4552],[103.5242,21.4571],[103.5249,21.4582],[103.5265,21.4595],[103.5294,21.4606],[103.5297,21.4615],[103.5312,21.4617],[103.5322,21.4637],[103.5345,21.4654],[103.5374,21.4661],[103.5403,21.4653],[103.5419,21.4659],[103.5444,21.4641],[103.5467,21.4639],[103.547,21.4629],[103.55,21.4613],[103.5531,21.4579],[103.5552,21.4544],[103.5551,21.4536],[103.5559,21.4524],[103.5556,21.4517],[103.5566,21.4507],[103.5566,21.45],[103.5603,21.4503],[103.5634,21.4466],[103.5631,21.4457],[103.564,21.4452],[103.5643,21.4457],[103.566,21.4461],[103.5662,21.4437],[103.5699,21.4428],[103.5732,21.4396],[103.5737,21.4382],[103.5771,21.4349],[103.5792,21.4343],[103.5798,21.4328],[103.5822,21.432],[103.5836,21.4305],[103.5855,21.4321],[103.5864,21.4323],[103.5871,21.4333],[103.59,21.4346],[103.5937,21.4387],[103.5954,21.4397],[103.5949,21.4379],[103.5962,21.438],[103.5971,21.437],[103.5984,21.4373],[103.5988,21.4363],[103.5993,21.4383],[103.6024,21.4431],[103.6024,21.4449],[103.6029,21.4456],[103.6061,21.4488],[103.6071,21.4489],[103.6108,21.4521],[103.6115,21.452],[103.6101,21.4541],[103.6101,21.4556],[103.6144,21.4562],[103.6153,21.4553],[103.6154,21.4565],[103.6166,21.4581],[103.6189,21.4589],[103.6202,21.4607],[103.6203,21.4652],[103.6218,21.4661],[103.622,21.4676],[103.6212,21.4694],[103.6272,21.4766],[103.6278,21.4784],[103.6272,21.4792],[103.6284,21.4806],[103.6298,21.4815],[103.6311,21.4811],[103.6362,21.4763],[103.641,21.4746],[103.6418,21.4765],[103.6458,21.4805],[103.6479,21.4809],[103.6474,21.4816],[103.6476,21.4843],[103.6454,21.4842],[103.6445,21.4847],[103.6437,21.4867],[103.6428,21.495],[103.6412,21.4943],[103.6404,21.4947],[103.6388,21.4942],[103.6351,21.4973],[103.6348,21.4985],[103.6296,21.4996],[103.6228,21.5052],[103.6206,21.5086],[103.6178,21.5084],[103.6104,21.5145],[103.6104,21.515],[103.6085,21.516],[103.6077,21.5188],[103.6054,21.5204],[103.6057,21.5215],[103.6097,21.5248],[103.6127,21.5251],[103.6153,21.5265],[103.6141,21.529],[103.6126,21.5297],[103.6122,21.5331],[103.6111,21.5344],[103.6096,21.5347],[103.609,21.5341],[103.6067,21.5343],[103.6029,21.5337],[103.6018,21.5376],[103.5974,21.5418],[103.5843,21.5421],[103.5807,21.547],[103.5789,21.548],[103.5786,21.5471],[103.5762,21.5473],[103.5755,21.5485],[103.5714,21.5506],[103.5702,21.55],[103.5682,21.5509],[103.5672,21.55],[103.5662,21.5501],[103.5651,21.5484],[103.5654,21.5475],[103.5635,21.546],[103.5621,21.5489],[103.5586,21.5493],[103.5574,21.5517],[103.5552,21.5515],[103.5528,21.5526],[103.5513,21.5527],[103.5507,21.5538],[103.5497,21.5534],[103.5495,21.5549],[103.5465,21.5567],[103.5463,21.5586],[103.5427,21.5605],[103.5424,21.5613],[103.5386,21.5614],[103.5374,21.563],[103.5366,21.5657],[103.535,21.5654],[103.5335,21.5664],[103.5315,21.5665]]]},"properties":{"code":"03727","name":"Mường É","nameEn":"Muong E","fullName":"Xã Mường É","fullNameEn":"Muong E Commune","codeName":"muong_e","postalCode":"34318","postalCodePrefix":"","gisServerId":"diaphanhanhchinhcapxa_2025.1346","areaKm2":139.91},"id":"03727"},
{"type":"Feature","geometry":{"type":"Polygon","coordinates":[[[103.7972,21.5308],[103.7932,21.5342],[103.789,21.5361],[103.7804,21.541],[103.7799,21.5419],[103.7764,21.5441],[103.7718,21.545],[103.7684,21.5467],[103.7663,21.5455],[103.7634,21.5456],[103.7619,21.5451],[103.7562,21.5454],[103.7544,21.5453],[103.7505,21.5437],[103.7459,21.5437],[103.7424,21.5394],[103.7404,21.5388],[103.7387,21.5396],[103.7353,21.5397],[103.7346,21.5388],[103.7327,21.5386],[103.732,21.5374],[103.7299,21.5366],[103.7272,21.5326],[103.7251,21.5316],[103.7227,21.5318],[103.7222,21.5313],[103.7135,21.5308],[103.7123,21.5304],[103.7106,21.5295],[103.7087,21.5248],[103.7082,21.5244],[103.703,21.5257],[103.7014,21.5267],[103.6992,21.5294],[103.6933,21.5313],[103.6907,21.5344],[103.6883,21.535],[103.6873,21.5359],[103.6866,21.5358],[103.6856,21.538],[103.6844,21.5383],[103.6825,21.5399],[103.6786,21.5393],[103.6759,21.5375],[103.674,21.5375],[103.67,21.5345],[103.6702,21.5331],[103.6683,21.531],[103.6655,21.5298],[103.664,21.5278],[103.6622,21.5265],[103.6615,21.5265],[103.6582,21.5235],[103.6582,21.5224],[103.6598,21.5204],[103.6588,21.5191],[103.6592,21.5178],[103.6589,21.5152],[103.6635,21.5118],[103.6651,21.5083],[103.6663,21.5069],[103.6661,21.5059],[103.6639,21.5025],[103.6643,21.5008],[103.6659,21.4997],[103.6671,21.4998],[103.669,21.4976],[103.6693,21.4965],[103.6707,21.4955],[103.6708,21.4932],[103.673,21.4902],[103.6729,21.488],[103.6737,21.4869],[103.6736,21.4858],[103.6748,21.4888],[103.678,21.4909],[103.6807,21.4936],[103.6826,21.4948],[103.6834,21.4947],[103.6841,21.4929],[103.6857,21.4924],[103.6871,21.4906],[103.6885,21.4898],[103.6897,21.4898],[103.6916,21.4919],[103.6931,21.4928],[103.6961,21.4934],[103.7047,21.4888],[103.7074,21.4892],[103.7154,21.4877],[103.7176,21.4888],[103.7185,21.4887],[103.7208,21.4875],[103.7236,21.4868],[103.7245,21.486],[103.728,21.4857],[103.7317,21.4829],[103.7269,21.4729],[103.7322,21.4724],[103.7281,21.4674],[103.7341,21.4661],[103.7391,21.4658],[103.7433,21.4634],[103.7453,21.4609],[103.7476,21.454],[103.7471,21.4524],[103.7475,21.4513],[103.7513,21.4465],[103.7526,21.4455],[103.7555,21.4416],[103.7571,21.4414],[103.7598,21.4419],[103.7595,21.4409],[103.7615,21.4381],[103.761,21.4354],[103.7661,21.434],[103.7667,21.4325],[103.768,21.4316],[103.7683,21.4302],[103.7698,21.429],[103.7736,21.4209],[103.7791,21.422],[103.7794,21.4204],[103.7827,21.4168],[103.785,21.4171],[103.7867,21.4156],[103.7879,21.4158],[103.7883,21.4163],[103.7909,21.4144],[103.7915,21.4115],[103.7925,21.4109],[103.7935,21.407],[103.7979,21.4057],[103.7992,21.4042],[103.7996,21.4029],[103.7994,21.3959],[103.8075,21.3875],[103.8084,21.3873],[103.8095,21.3882],[103.8091,21.3897],[103.8078,21.3912],[103.809,21.3922],[103.8079,21.3947],[103.8103,21.4003],[103.8128,21.4013],[103.8188,21.4087],[103.821,21.4093],[103.823,21.409],[103.8237,21.4094],[103.8246,21.4124],[103.8275,21.4124],[103.828,21.4127],[103.8282,21.4148],[103.8302,21.4142],[103.8318,21.4158],[103.8321,21.4173],[103.8332,21.4186],[103.8328,21.4264],[103.8306,21.4265],[103.8298,21.4247],[103.8278,21.423],[103.8259,21.4246],[103.8145,21.4288],[103.8098,21.4334],[103.8061,21.4338],[103.806,21.4365],[103.8071,21.4414],[103.802,21.4436],[103.799,21.4434],[103.7966,21.4454],[103.7966,21.4467],[103.7936,21.4522],[103.7945,21.4545],[103.7945,21.4576],[103.7958,21.4633],[103.797,21.464],[103.7975,21.4655],[103.7983,21.4659],[103.7993,21.4678],[103.8043,21.4735],[103.8039,21.4758],[103.8093,21.4783],[103.8105,21.4792],[103.8111,21.4808],[103.8075,21.4837],[103.8051,21.485],[103.8076,21.4869],[103.804,21.4916],[103.795,21.497],[103.7954,21.4981],[103.7936,21.5003],[103.7947,21.5004],[103.7956,21.5017],[103.7991,21.5041],[103.8003,21.5068],[103.7959,21.511],[103.7936,21.5121],[103.7934,21.5128],[103.7935,21.5155],[103.7944,21.5169],[103.7954,21.5182],[103.797,21.5187],[103.7992,21.5213],[103.8001,21.5242],[103.8009,21.5253],[103.7956,21.5278],[103.7972,21.5308]]]},"properties":{"code":"03754","name":"Chiềng La","nameEn":"Chieng La","fullName":"Xã Chiềng La","fullNameEn":"Chieng La Commune","codeName":"chieng_la","postalCode":"34307","postalCodePrefix":"","gisServerId":"diaphanhanhchinhcapxa_2025.1347","areaKm2":126.13},"id":"03754"},
{"type":"Feature","geometry":{"type":"Polygon","coordinates":[[[103.8849,21.5464],[103.8749,21.5472],[103.8673,21.5448],[103.8614,21.5422],[103.8571,21.541],[103.8557,21.5411],[103.8441,21.5467],[103.839,21.5479],[103.8322,21.5505],[103.8208,21.5568],[103.818,21.5515],[103.817,21.5507],[103.8111,21.5497],[103.8073,21.5478],[103.8026,21.5437],[103.8009,21.5437],[103.7993,21.5426],[103.7984,21.5407],[103.7998,21.5376],[103.7978,21.5339],[103.7981,21.533],[103.7972,21.5308],[103.7956,21.5278],[103.8009,21.5253],[103.8001,21.5242],[103.7992,21.5213],[103.797,21.5187],[103.7954,21.5182],[103.7944,21.5169],[103.7935,21.5155],[103.7934,21.5128],[103.7936,21.5121],[103.7959,21.511],[103.8003,21.5068],[103.7991,21.5041],[103.7956,21.5017],[103.7947,21.5004],[103.7936,21.5003],[103.7954,21.4981],[103.795,21.497],[103.804,21.4916],[103.8076,21.4869],[103.8051,21.485],[103.8075,21.4837],[103.8111,21.4808],[103.8105,21.4792],[103.8093,21.4783],[103.8039,21.4758],[103.8043,21.4735],[103.7993,21.4678],[103.7983,21.4659],[103.7975,21.4655],[103.797,21.464],[103.7958,21.4633],[103.7945,21.4576],[103.7945,21.4545],[103.7936,21.4522],[103.7966,21.4467],[103.7966,21.4454],[103.799,21.4434],[103.802,21.4436],[103.8071,21.4414],[103.806,21.4365],[103.8061,21.4338],[103.8098,21.4334],[103.8145,21.4288],[103.8259,21.4246],[103.8278,21.423],[103.8298,21.4247],[103.8306,21.4265],[103.8328,21.4264],[103.8348,21.4259],[103.8382,21.43],[103.8384,21.4312],[103.8403,21.4331],[103.8426,21.433],[103.8438,21.4342],[103.8435,21.4351],[103.8442,21.4356],[103.8454,21.4361],[103.8476,21.4356],[103.8487,21.4363],[103.8515,21.4368],[103.854,21.4383],[103.8547,21.4379],[103.8545,21.4371],[103.8573,21.4394],[103.8592,21.4421],[103.8605,21.4428],[103.8618,21.442],[103.8634,21.4425],[103.8678,21.4417],[103.8697,21.4407],[103.8713,21.4407],[103.8737,21.4399],[103.8781,21.4412],[103.8801,21.4411],[103.8786,21.4378],[103.8785,21.4348],[103.8775,21.4335],[103.8821,21.4344],[103.8859,21.4339],[103.8872,21.4344],[103.8903,21.4335],[103.8917,21.4339],[103.8945,21.4334],[103.8974,21.4317],[103.9017,21.4327],[103.9025,21.4314],[103.9039,21.4313],[103.9048,21.4299],[103.9047,21.426],[103.9054,21.4262],[103.9066,21.4252],[103.91,21.4256],[103.9114,21.4272],[103.9129,21.4276],[103.914,21.4267],[103.9155,21.4265],[103.9177,21.4253],[103.9211,21.4262],[103.9222,21.427],[103.9273,21.4264],[103.9284,21.4271],[103.93,21.4271],[103.9314,21.4268],[103.9317,21.4257],[103.9352,21.4316],[103.9378,21.4337],[103.9408,21.4381],[103.9465,21.4416],[103.9446,21.4456],[103.945,21.4463],[103.947,21.4471],[103.9477,21.4486],[103.9462,21.4487],[103.9462,21.4494],[103.9472,21.4502],[103.9483,21.453],[103.9499,21.4541],[103.9515,21.4566],[103.952,21.457],[103.9533,21.4556],[103.9542,21.4558],[103.9557,21.4572],[103.9558,21.4583],[103.9598,21.4603],[103.9611,21.4626],[103.9631,21.4629],[103.9642,21.4647],[103.9639,21.4657],[103.9644,21.466],[103.9661,21.4655],[103.9681,21.4658],[103.9703,21.4649],[103.9714,21.4652],[103.9717,21.467],[103.9763,21.4692],[103.9785,21.4718],[103.9787,21.4729],[103.9775,21.4745],[103.9819,21.4739],[103.9845,21.4763],[103.9849,21.4769],[103.9837,21.4789],[103.9845,21.4809],[103.9831,21.4829],[103.9831,21.4838],[103.9841,21.4861],[103.9853,21.4872],[103.9847,21.4889],[103.9848,21.4908],[103.9797,21.491],[103.9755,21.489],[103.9688,21.4939],[103.968,21.499],[103.9746,21.5032],[103.974,21.5066],[103.9723,21.5104],[103.966,21.5184],[103.9628,21.521],[103.9611,21.5219],[103.9558,21.5231],[103.9459,21.5233],[103.9441,21.5231],[103.9382,21.52],[103.9342,21.5201],[103.9308,21.5272],[103.9276,21.5309],[103.922,21.5318],[103.9168,21.5333],[103.9129,21.5351],[103.9064,21.5398],[103.892,21.5455],[103.8849,21.5464]]]},"properties":{"code":"03757","name":"Mường Khiêng","nameEn":"Muong Khieng","fullName":"Xã Mường Khiêng","fullNameEn":"Muong Khieng Commune","codeName":"muong_khieng","postalCode":"34311","postalCodePrefix":"","gisServerId":"diaphanhanhchinhcapxa_2025.1348","areaKm2":204.2},"id":"03757"},
{"type":"Feature","geometry":{"type":"Polygon","coordinates":[[[103.4384,21.3365],[103.4373,21.3359],[103.4363,21.3362],[103.4348,21.3373],[103.4345,21.3381],[103.43,21.3361],[103.4266,21.3359],[103.4236,21.3384],[103.4234,21.3387],[103.4271,21.3407],[103.428,21.3452],[103.4299,21.3484],[103.4236,21.3528],[103.41,21.3636],[103.4092,21.3664],[103.408,21.3681],[103.4097,21.368],[103.4106,21.3689],[103.4117,21.3715],[103.4147,21.3743],[103.4149,21.3756],[103.4163,21.378],[103.4211,21.3835],[103.4221,21.3839],[103.4226,21.3869],[103.4234,21.389],[103.424,21.3892],[103.4255,21.395],[103.4219,21.3972],[103.4198,21.3964],[103.4192,21.397],[103.4184,21.3983],[103.4181,21.4001],[103.4169,21.4017],[103.4155,21.4051],[103.412,21.4106],[103.4151,21.4203],[103.4143,21.4214],[103.4142,21.4236],[103.4133,21.4251],[103.4136,21.426],[103.4124,21.4274],[103.413,21.428],[103.4128,21.4296],[103.4141,21.4348],[103.413,21.4364],[103.4131,21.4397],[103.4097,21.4473],[103.41,21.4491],[103.4095,21.4506],[103.4069,21.4451],[103.4068,21.4422],[103.4056,21.44],[103.4012,21.4365],[103.3995,21.4364],[103.3983,21.4345],[103.3976,21.435],[103.3923,21.4363],[103.392,21.4369],[103.387,21.4344],[103.3836,21.4339],[103.3809,21.434],[103.3776,21.4359],[103.3794,21.4321],[103.3792,21.4298],[103.3769,21.4289],[103.3749,21.4274],[103.3727,21.4276],[103.3704,21.4291],[103.3676,21.4293],[103.367,21.4283],[103.3658,21.4278],[103.3628,21.4247],[103.3605,21.4236],[103.3587,21.4239],[103.357,21.4252],[103.3558,21.4243],[103.3527,21.4245],[103.3498,21.4275],[103.3467,21.4288],[103.3459,21.4299],[103.3433,21.4292],[103.3405,21.4267],[103.3404,21.4244],[103.3372,21.4202],[103.3372,21.4181],[103.3352,21.4161],[103.3339,21.4164],[103.3307,21.4155],[103.3302,21.4137],[103.3305,21.4124],[103.3316,21.4115],[103.3352,21.4118],[103.3361,21.411],[103.3366,21.4089],[103.3385,21.4077],[103.338,21.4064],[103.3388,21.4037],[103.339,21.3994],[103.3409,21.3995],[103.3419,21.3988],[103.344,21.3989],[103.3451,21.3994],[103.3451,21.398],[103.3487,21.3966],[103.3485,21.3956],[103.3505,21.3947],[103.3542,21.3917],[103.3562,21.3919],[103.3575,21.3904],[103.3598,21.3844],[103.3599,21.3803],[103.3617,21.3781],[103.3605,21.375],[103.3615,21.3718],[103.3721,21.3724],[103.3753,21.3701],[103.3827,21.3698],[103.3867,21.3686],[103.3875,21.3679],[103.3879,21.3606],[103.3856,21.3579],[103.3832,21.3572],[103.3822,21.3546],[103.3823,21.3527],[103.3807,21.351],[103.379,21.3475],[103.3777,21.3473],[103.377,21.3463],[103.3749,21.3468],[103.374,21.3464],[103.3706,21.3473],[103.3694,21.3467],[103.3694,21.341],[103.3683,21.3373],[103.3695,21.3366],[103.3705,21.3352],[103.37,21.331],[103.3739,21.3287],[103.3779,21.3298],[103.3786,21.3292],[103.3796,21.3293],[103.3799,21.3287],[103.3816,21.3289],[103.3833,21.327],[103.3854,21.3259],[103.3892,21.3213],[103.3917,21.3204],[103.3945,21.318],[103.3979,21.3168],[103.4055,21.3186],[103.4076,21.3178],[103.4098,21.3179],[103.4113,21.3191],[103.4148,21.3191],[103.4157,21.3197],[103.4164,21.3177],[103.4174,21.3168],[103.4231,21.3158],[103.4232,21.3191],[103.4242,21.3212],[103.4285,21.3245],[103.4301,21.3243],[103.4323,21.3247],[103.4348,21.3282],[103.435,21.3307],[103.437,21.3334],[103.4374,21.3352],[103.4384,21.3365]]]},"properties":{"code":"03760","name":"Mường Bám","nameEn":"Muong Bam","fullName":"Xã Mường Bám","fullNameEn":"Muong Bam Commune","codeName":"muong_bam","postalCode":"34324","postalCodePrefix":"","gisServerId":"diaphanhanhchinhcapxa_2025.1349","areaKm2":76.16},"id":"03760"},
{"type":"Feature","geometry":{"type":"Polygon","coordinates":[[[103.5988,21.4363],[103.5984,21.4373],[103.5971,21.437],[103.5962,21.438],[103.5949,21.4379],[103.5954,21.4397],[103.5937,21.4387],[103.59,21.4346],[103.5871,21.4333],[103.5864,21.4323],[103.5855,21.4321],[103.5836,21.4305],[103.5822,21.432],[103.5798,21.4328],[103.5792,21.4343],[103.5771,21.4349],[103.5737,21.4382],[103.5732,21.4396],[103.5699,21.4428],[103.5662,21.4437],[103.566,21.4461],[103.5643,21.4457],[103.564,21.4452],[103.5631,21.4457],[103.5634,21.4466],[103.5603,21.4503],[103.5566,21.45],[103.5566,21.4507],[103.5556,21.4517],[103.5559,21.4524],[103.5551,21.4536],[103.5552,21.4544],[103.5531,21.4579],[103.55,21.4613],[103.547,21.4629],[103.5467,21.4639],[103.5444,21.4641],[103.5419,21.4659],[103.5403,21.4653],[103.5374,21.4661],[103.5345,21.4654],[103.5322,21.4637],[103.5312,21.4617],[103.5297,21.4615],[103.5294,21.4606],[103.5265,21.4595],[103.5249,21.4582],[103.5242,21.4571],[103.5244,21.4552],[103.5232,21.4549],[103.5219,21.4561],[103.5221,21.4578],[103.5214,21.4582],[103.5209,21.4598],[103.5183,21.46],[103.5186,21.4618],[103.5181,21.4626],[103.5148,21.463],[103.5136,21.4627],[103.5153,21.4657],[103.5135,21.4663],[103.5141,21.4684],[103.5116,21.4694],[103.513,21.4717],[103.5113,21.4721],[103.51,21.4731],[103.5112,21.4762],[103.5101,21.4768],[103.5103,21.478],[103.5096,21.479],[103.5089,21.4791],[103.508,21.4807],[103.5067,21.481],[103.5065,21.4819],[103.5051,21.4821],[103.5051,21.4841],[103.5027,21.4841],[103.4993,21.4823],[103.4991,21.4828],[103.4996,21.4835],[103.4993,21.4853],[103.4983,21.486],[103.4965,21.4859],[103.4953,21.484],[103.4935,21.4849],[103.4914,21.4844],[103.4905,21.4848],[103.4895,21.4836],[103.4883,21.4839],[103.4876,21.4853],[103.4915,21.4866],[103.4912,21.4879],[103.4921,21.4894],[103.491,21.4898],[103.4916,21.4906],[103.4905,21.4908],[103.4889,21.4903],[103.4897,21.4917],[103.4886,21.4923],[103.4871,21.4918],[103.4865,21.4926],[103.486,21.4922],[103.4861,21.4942],[103.4853,21.4947],[103.486,21.4961],[103.4851,21.4967],[103.4848,21.4961],[103.4825,21.4973],[103.4813,21.4985],[103.4815,21.5],[103.4821,21.5004],[103.4821,21.5027],[103.48,21.5035],[103.4792,21.505],[103.4778,21.505],[103.4787,21.506],[103.479,21.5081],[103.4797,21.5088],[103.4792,21.5099],[103.4788,21.5097],[103.4785,21.5101],[103.4794,21.5115],[103.4782,21.5126],[103.4788,21.5146],[103.4785,21.5163],[103.4755,21.5189],[103.4729,21.52],[103.4694,21.5165],[103.466,21.5177],[103.463,21.5197],[103.4609,21.5198],[103.4593,21.5185],[103.4581,21.5185],[103.4592,21.5177],[103.4594,21.5163],[103.4611,21.5143],[103.4613,21.5122],[103.4566,21.5092],[103.4556,21.5064],[103.4515,21.502],[103.451,21.5008],[103.4513,21.499],[103.4501,21.4908],[103.4481,21.4889],[103.4469,21.4857],[103.4537,21.4802],[103.4532,21.4792],[103.4541,21.4782],[103.4531,21.4757],[103.4533,21.4732],[103.4525,21.4696],[103.4567,21.4579],[103.4455,21.4442],[103.4493,21.4379],[103.4472,21.4365],[103.4471,21.4354],[103.4447,21.4344],[103.4427,21.4319],[103.441,21.4309],[103.4394,21.432],[103.438,21.4319],[103.437,21.4309],[103.4334,21.4317],[103.4301,21.4301],[103.424,21.4306],[103.4204,21.4296],[103.4201,21.4278],[103.4182,21.4264],[103.4154,21.4268],[103.4153,21.4277],[103.4147,21.4281],[103.4124,21.4274],[103.4136,21.426],[103.4133,21.4251],[103.4142,21.4236],[103.4143,21.4214],[103.4151,21.4203],[103.412,21.4106],[103.4155,21.4051],[103.4169,21.4017],[103.4181,21.4001],[103.4184,21.3983],[103.4192,21.397],[103.4198,21.3964],[103.4219,21.3972],[103.4255,21.395],[103.4251,21.3926],[103.4257,21.3909],[103.4267,21.3904],[103.427,21.3881],[103.43,21.3864],[103.4311,21.3863],[103.4329,21.3844],[103.4358,21.3831],[103.4365,21.382],[103.4375,21.3826],[103.439,21.3822],[103.4399,21.3828],[103.441,21.3825],[103.4423,21.3833],[103.4455,21.3836],[103.4484,21.3818],[103.4514,21.3811],[103.4542,21.3788],[103.4552,21.3784],[103.4564,21.3791],[103.4604,21.3791],[103.4633,21.3769],[103.4701,21.3743],[103.4729,21.3747],[103.4743,21.3761],[103.475,21.3778],[103.4769,21.3788],[103.4771,21.38],[103.4808,21.3812],[103.4836,21.3845],[103.4888,21.3869],[103.4903,21.3902],[103.4984,21.39],[103.5081,21.3881],[103.5096,21.3868],[103.5118,21.3882],[103.5217,21.3897],[103.5236,21.3886],[103.5297,21.3924],[103.5349,21.3916],[103.5359,21.3908],[103.5388,21.3914],[103.5395,21.3906],[103.5388,21.3893],[103.5396,21.3877],[103.5442,21.3845],[103.546,21.385],[103.5462,21.384],[103.5484,21.385],[103.5491,21.3838],[103.5507,21.3834],[103.5514,21.3825],[103.5536,21.383],[103.5543,21.3824],[103.555,21.3828],[103.5569,21.3822],[103.5575,21.3831],[103.5578,21.3817],[103.5607,21.3815],[103.5609,21.3805],[103.5622,21.3797],[103.5629,21.3798],[103.5633,21.3806],[103.5645,21.3802],[103.5642,21.379],[103.5651,21.3782],[103.5673,21.3789],[103.5707,21.377],[103.5745,21.3809],[103.5754,21.3809],[103.5782,21.3835],[103.5797,21.3838],[103.5815,21.3864],[103.5843,21.3887],[103.5861,21.3913],[103.5881,21.3929],[103.5876,21.3964],[103.5858,21.3997],[103.5855,21.4044],[103.5846,21.4058],[103.5845,21.4085],[103.5839,21.4096],[103.5831,21.4099],[103.5827,21.4119],[103.5836,21.4126],[103.5834,21.414],[103.5851,21.416],[103.586,21.4162],[103.586,21.4176],[103.5872,21.4182],[103.5866,21.42],[103.5877,21.4206],[103.5913,21.4253],[103.5915,21.4277],[103.5933,21.4283],[103.5944,21.4307],[103.5952,21.4309],[103.5975,21.434],[103.5972,21.4352],[103.5988,21.4363]]]},"properties":{"code":"03763","name":"Long Hẹ","nameEn":"Long He","fullName":"Xã Long Hẹ","fullNameEn":"Long He Commune","codeName":"long_he","postalCode":"34322","postalCodePrefix":"","gisServerId":"diaphanhanhchinhcapxa_2025.1350","areaKm2":158.4},"id":"03763"},
{"type":"Feature","geometry":{"type":"Polygon","coordinates":[[[103.5881,21.3929],[103.5861,21.3913],[103.5843,21.3887],[103.5815,21.3864],[103.5797,21.3838],[103.5782,21.3835],[103.5754,21.3809],[103.5745,21.3809],[103.5707,21.377],[103.5673,21.3789],[103.5651,21.3782],[103.5642,21.379],[103.5645,21.3802],[103.5633,21.3806],[103.5629,21.3798],[103.5622,21.3797],[103.5609,21.3805],[103.5607,21.3815],[103.5578,21.3817],[103.5575,21.3831],[103.5569,21.3822],[103.555,21.3828],[103.5543,21.3824],[103.5536,21.383],[103.5514,21.3825],[103.5507,21.3834],[103.5491,21.3838],[103.5484,21.385],[103.5462,21.384],[103.546,21.385],[103.5442,21.3845],[103.5396,21.3877],[103.5388,21.3893],[103.5395,21.3906],[103.5388,21.3914],[103.5359,21.3908],[103.5349,21.3916],[103.5297,21.3924],[103.5236,21.3886],[103.5217,21.3897],[103.5118,21.3882],[103.5096,21.3868],[103.5081,21.3881],[103.4984,21.39],[103.4903,21.3902],[103.4888,21.3869],[103.4836,21.3845],[103.4808,21.3812],[103.4771,21.38],[103.4769,21.3788],[103.475,21.3778],[103.4743,21.3761],[103.4729,21.3747],[103.4701,21.3743],[103.4633,21.3769],[103.4604,21.3791],[103.4564,21.3791],[103.4552,21.3784],[103.4542,21.3788],[103.4514,21.3811],[103.4484,21.3818],[103.4455,21.3836],[103.4423,21.3833],[103.441,21.3825],[103.4399,21.3828],[103.439,21.3822],[103.4375,21.3826],[103.4365,21.382],[103.4358,21.3831],[103.4329,21.3844],[103.4311,21.3863],[103.43,21.3864],[103.427,21.3881],[103.4267,21.3904],[103.4257,21.3909],[103.4251,21.3926],[103.4255,21.395],[103.424,21.3892],[103.4234,21.389],[103.4226,21.3869],[103.4221,21.3839],[103.4211,21.3835],[103.4163,21.378],[103.4149,21.3756],[103.4147,21.3743],[103.4117,21.3715],[103.4106,21.3689],[103.4097,21.368],[103.408,21.3681],[103.4092,21.3664],[103.41,21.3636],[103.4236,21.3528],[103.4299,21.3484],[103.428,21.3452],[103.4271,21.3407],[103.4234,21.3387],[103.4236,21.3384],[103.4266,21.3359],[103.43,21.3361],[103.4345,21.3381],[103.4348,21.3373],[103.4363,21.3362],[103.4373,21.3359],[103.4384,21.3365],[103.4399,21.3418],[103.4413,21.3434],[103.443,21.344],[103.4438,21.3459],[103.4456,21.3469],[103.4499,21.3512],[103.4517,21.3521],[103.4557,21.3529],[103.4568,21.3546],[103.4575,21.3539],[103.4652,21.3517],[103.4825,21.3404],[103.4811,21.3373],[103.4786,21.3348],[103.4779,21.3346],[103.4762,21.3358],[103.476,21.3318],[103.4756,21.3309],[103.4746,21.3302],[103.4748,21.329],[103.474,21.3267],[103.4756,21.3237],[103.4756,21.3224],[103.4716,21.3205],[103.4687,21.3212],[103.4671,21.3224],[103.4663,21.322],[103.464,21.3223],[103.4622,21.3201],[103.461,21.3198],[103.46,21.3162],[103.4605,21.3147],[103.4599,21.3142],[103.4701,21.3013],[103.4729,21.3008],[103.4725,21.2993],[103.4729,21.2984],[103.4821,21.2843],[103.4841,21.2849],[103.4864,21.2787],[103.4936,21.2829],[103.4958,21.2824],[103.4973,21.2713],[103.5024,21.2673],[103.4996,21.266],[103.5039,21.2582],[103.5055,21.2563],[103.5026,21.257],[103.5015,21.2565],[103.4979,21.257],[103.4974,21.2568],[103.4974,21.2559],[103.5046,21.2504],[103.5158,21.2471],[103.5147,21.2502],[103.515,21.2507],[103.5161,21.252],[103.5218,21.2557],[103.5254,21.2512],[103.5261,21.2483],[103.5275,21.2474],[103.5285,21.2447],[103.5301,21.2432],[103.5319,21.2426],[103.539,21.2431],[103.5441,21.241],[103.5476,21.2389],[103.5474,21.2372],[103.5467,21.2363],[103.5475,21.2351],[103.5476,21.2337],[103.5458,21.2302],[103.5435,21.2281],[103.5419,21.228],[103.541,21.227],[103.5424,21.2266],[103.5464,21.224],[103.5616,21.2233],[103.5691,21.2229],[103.5707,21.2221],[103.577,21.2166],[103.5798,21.2177],[103.5832,21.22],[103.5855,21.2205],[103.5868,21.2214],[103.5863,21.223],[103.5875,21.2244],[103.5889,21.2248],[103.5855,21.2298],[103.584,21.2315],[103.5831,21.2316],[103.583,21.2335],[103.5836,21.2369],[103.5816,21.2391],[103.5826,21.2414],[103.5823,21.242],[103.58,21.243],[103.5774,21.2423],[103.5737,21.2426],[103.5721,21.2432],[103.5705,21.2444],[103.5708,21.2459],[103.5703,21.2469],[103.5643,21.2508],[103.5618,21.2547],[103.5599,21.2558],[103.5562,21.2565],[103.5583,21.2613],[103.5538,21.2631],[103.5553,21.2661],[103.5601,21.2702],[103.5598,21.2715],[103.5609,21.2735],[103.5607,21.2743],[103.5537,21.2802],[103.552,21.2827],[103.55,21.2836],[103.5492,21.2854],[103.5465,21.2858],[103.5533,21.2922],[103.5554,21.2913],[103.5574,21.2892],[103.5584,21.289],[103.5592,21.2874],[103.5606,21.2867],[103.5607,21.2858],[103.5616,21.2864],[103.5621,21.286],[103.5629,21.2846],[103.5631,21.2823],[103.5637,21.2815],[103.5658,21.2825],[103.5685,21.2813],[103.5725,21.2814],[103.5729,21.2824],[103.5755,21.2848],[103.5777,21.291],[103.5815,21.289],[103.5813,21.2928],[103.5823,21.2949],[103.5821,21.296],[103.5827,21.2982],[103.5845,21.2984],[103.588,21.2998],[103.5906,21.3033],[103.5917,21.3077],[103.5913,21.3121],[103.5959,21.3107],[103.5992,21.311],[103.6007,21.3079],[103.6019,21.3068],[103.604,21.3058],[103.6054,21.3042],[103.6058,21.3026],[103.6086,21.301],[103.6099,21.301],[103.6106,21.3016],[103.6136,21.3016],[103.6153,21.301],[103.6191,21.2978],[103.6239,21.2956],[103.6282,21.2964],[103.6289,21.2988],[103.6276,21.3019],[103.6292,21.3034],[103.6289,21.3054],[103.6296,21.3071],[103.6296,21.309],[103.6278,21.3124],[103.6251,21.3135],[103.6231,21.3156],[103.624,21.3166],[103.6261,21.3171],[103.6255,21.3218],[103.624,21.3246],[103.6231,21.3278],[103.6271,21.331],[103.6282,21.3341],[103.6292,21.3351],[103.6279,21.3359],[103.6243,21.3364],[103.6219,21.3382],[103.621,21.3397],[103.615,21.3401],[103.6127,21.3409],[103.6092,21.3402],[103.6074,21.3404],[103.6025,21.3437],[103.5993,21.3449],[103.5982,21.3462],[103.5962,21.3473],[103.5963,21.3495],[103.5957,21.3509],[103.5946,21.3519],[103.5939,21.354],[103.596,21.3545],[103.5981,21.3577],[103.5993,21.3584],[103.6006,21.3613],[103.6036,21.3632],[103.6075,21.3667],[103.6046,21.3707],[103.5998,21.3732],[103.5986,21.3756],[103.5957,21.3767],[103.5954,21.3801],[103.5969,21.382],[103.5972,21.3842],[103.5967,21.3855],[103.595,21.3872],[103.594,21.3915],[103.5932,21.392],[103.5937,21.3938],[103.5933,21.395],[103.5921,21.3948],[103.5894,21.393],[103.5881,21.3929]]]},"properties":{"code":"03781","name":"Co Mạ","nameEn":"Co Ma","fullName":"Xã Co Mạ","fullNameEn":"Co Ma Commune","codeName":"co_ma","postalCode":"34325","postalCodePrefix":"","gisServerId":"diaphanhanhchinhcapxa_2025.1351","areaKm2":214.28},"id":"03781"},
{"type":"Feature","geometry":{"type":"Polygon","coordinates":[[[103.7284,21.3825],[103.7268,21.3851],[103.7243,21.3868],[103.7231,21.3868],[103.7251,21.3886],[103.7285,21.3946],[103.7274,21.3996],[103.7268,21.3991],[103.7249,21.3992],[103.7211,21.4009],[103.7192,21.4025],[103.7171,21.4054],[103.7148,21.4063],[103.7132,21.4059],[103.7101,21.407],[103.7069,21.4057],[103.7024,21.4084],[103.7023,21.408],[103.7009,21.4078],[103.6993,21.4081],[103.6963,21.4102],[103.6956,21.4116],[103.6962,21.4134],[103.6949,21.4133],[103.6932,21.4146],[103.6894,21.4148],[103.6872,21.4142],[103.6846,21.4129],[103.6836,21.4116],[103.6803,21.4125],[103.6774,21.4141],[103.675,21.4125],[103.6747,21.4137],[103.6766,21.4169],[103.6733,21.4197],[103.673,21.4205],[103.6718,21.4211],[103.6701,21.4239],[103.6677,21.4247],[103.667,21.4263],[103.665,21.4281],[103.6663,21.4297],[103.6664,21.4316],[103.664,21.432],[103.6602,21.4317],[103.6589,21.4309],[103.6579,21.4335],[103.6567,21.4349],[103.6576,21.4361],[103.658,21.4389],[103.6562,21.4396],[103.6536,21.4424],[103.6514,21.4419],[103.6501,21.4429],[103.6524,21.451],[103.6533,21.4519],[103.6504,21.4525],[103.6498,21.4539],[103.6471,21.4554],[103.6443,21.4588],[103.6429,21.4567],[103.6399,21.4541],[103.6382,21.4539],[103.6303,21.4444],[103.6355,21.4318],[103.6334,21.4257],[103.63,21.4199],[103.6251,21.4131],[103.6222,21.4117],[103.6209,21.41],[103.6203,21.4069],[103.6142,21.4039],[103.6099,21.4039],[103.6023,21.3999],[103.601,21.4004],[103.5999,21.4001],[103.5976,21.3978],[103.5933,21.395],[103.5937,21.3938],[103.5932,21.392],[103.594,21.3915],[103.595,21.3872],[103.5967,21.3855],[103.5972,21.3842],[103.5969,21.382],[103.5954,21.3801],[103.5957,21.3767],[103.5986,21.3756],[103.5998,21.3732],[103.6046,21.3707],[103.6075,21.3667],[103.6036,21.3632],[103.6006,21.3613],[103.5993,21.3584],[103.5981,21.3577],[103.596,21.3545],[103.5939,21.354],[103.5946,21.3519],[103.5957,21.3509],[103.5963,21.3495],[103.5962,21.3473],[103.5982,21.3462],[103.5993,21.3449],[103.6025,21.3437],[103.6074,21.3404],[103.6092,21.3402],[103.6127,21.3409],[103.615,21.3401],[103.621,21.3397],[103.6219,21.3382],[103.6243,21.3364],[103.6279,21.3359],[103.6292,21.3351],[103.6282,21.3341],[103.6271,21.331],[103.6231,21.3278],[103.624,21.3246],[103.6255,21.3218],[103.6261,21.3171],[103.624,21.3166],[103.6231,21.3156],[103.6251,21.3135],[103.6278,21.3124],[103.6296,21.309],[103.6296,21.3071],[103.6289,21.3054],[103.6292,21.3034],[103.6276,21.3019],[103.6289,21.2988],[103.6282,21.2964],[103.6299,21.296],[103.6318,21.2934],[103.6336,21.2929],[103.6371,21.2897],[103.6404,21.29],[103.6443,21.2872],[103.6515,21.2842],[103.6558,21.2819],[103.6577,21.2775],[103.6604,21.274],[103.661,21.2704],[103.6624,21.2679],[103.6649,21.2676],[103.6655,21.2669],[103.6727,21.2665],[103.6785,21.2621],[103.6808,21.2619],[103.6841,21.2627],[103.6863,21.2617],[103.6891,21.2613],[103.692,21.2598],[103.6988,21.2592],[103.7046,21.2604],[103.7083,21.2594],[103.7111,21.2609],[103.7135,21.2602],[103.7168,21.2579],[103.7191,21.2599],[103.7224,21.2609],[103.7263,21.2644],[103.7314,21.2651],[103.7327,21.2648],[103.7342,21.2637],[103.7382,21.264],[103.7397,21.2632],[103.7406,21.2632],[103.7424,21.2616],[103.7445,21.2612],[103.7473,21.2582],[103.7501,21.259],[103.7512,21.2604],[103.7533,21.2611],[103.7552,21.2667],[103.7544,21.2704],[103.7584,21.2726],[103.759,21.2734],[103.7587,21.2746],[103.7592,21.277],[103.7587,21.2783],[103.7587,21.282],[103.7605,21.2835],[103.7617,21.2859],[103.7617,21.2867],[103.7605,21.2885],[103.7607,21.291],[103.7625,21.2919],[103.7641,21.2949],[103.7699,21.297],[103.7716,21.2962],[103.7741,21.2962],[103.7758,21.2943],[103.7771,21.2942],[103.7791,21.2932],[103.78,21.2919],[103.7818,21.2909],[103.7847,21.2921],[103.7869,21.2954],[103.7861,21.2992],[103.7875,21.3002],[103.7871,21.3029],[103.7883,21.3055],[103.7878,21.3068],[103.7871,21.307],[103.7873,21.309],[103.7858,21.3098],[103.7853,21.3119],[103.786,21.3141],[103.7831,21.3136],[103.7812,21.3153],[103.7813,21.3163],[103.7805,21.3172],[103.7782,21.3179],[103.7772,21.3192],[103.7742,21.3198],[103.7737,21.321],[103.7708,21.3234],[103.7711,21.3262],[103.7721,21.3274],[103.7751,21.3283],[103.7773,21.3297],[103.7791,21.33],[103.7798,21.3309],[103.7802,21.333],[103.7758,21.3367],[103.7767,21.339],[103.7754,21.3387],[103.7719,21.3395],[103.7684,21.3417],[103.7643,21.3424],[103.7633,21.3448],[103.7622,21.3459],[103.7604,21.3465],[103.7593,21.3483],[103.7565,21.3496],[103.7554,21.3524],[103.7539,21.3539],[103.7518,21.3547],[103.7503,21.3584],[103.7492,21.3588],[103.7459,21.3618],[103.7398,21.3647],[103.7389,21.366],[103.7354,21.3682],[103.7338,21.3707],[103.7305,21.3729],[103.7299,21.3748],[103.7283,21.3764],[103.7286,21.3774],[103.7279,21.3778],[103.7278,21.3791],[103.7284,21.3825]]]},"properties":{"code":"03784","name":"Nậm Lầu","nameEn":"Nam Lau","fullName":"Xã Nậm Lầu","fullNameEn":"Nam Lau Commune","codeName":"nam_lau","postalCode":"34332","postalCodePrefix":"","gisServerId":"diaphanhanhchinhcapxa_2025.1352","areaKm2":247.63},"id":"03784"},
{"type":"Feature","geometry":{"type":"Polygon","coordinates":[[[103.8125,21.384],[103.8096,21.3841],[103.8044,21.3869],[103.8032,21.3891],[103.8003,21.3888],[103.7989,21.3905],[103.7966,21.3905],[103.7959,21.392],[103.7923,21.3913],[103.7915,21.3926],[103.7915,21.3939],[103.7899,21.3939],[103.7846,21.3955],[103.7835,21.3947],[103.7824,21.3953],[103.7803,21.3976],[103.7768,21.3973],[103.7758,21.3967],[103.7755,21.3936],[103.7718,21.3931],[103.7723,21.3957],[103.7711,21.3988],[103.7705,21.3984],[103.7709,21.3931],[103.7651,21.3925],[103.7646,21.391],[103.7647,21.3869],[103.763,21.3856],[103.7638,21.3852],[103.7619,21.3849],[103.7602,21.3811],[103.7587,21.3822],[103.7561,21.3825],[103.7544,21.3812],[103.7527,21.3822],[103.7502,21.3818],[103.7485,21.3834],[103.7466,21.3829],[103.7453,21.3815],[103.7403,21.3794],[103.7352,21.3799],[103.7337,21.3794],[103.7314,21.3803],[103.7305,21.3814],[103.7284,21.3825],[103.7278,21.3791],[103.7279,21.3778],[103.7286,21.3774],[103.7283,21.3764],[103.7299,21.3748],[103.7305,21.3729],[103.7338,21.3707],[103.7354,21.3682],[103.7389,21.366],[103.7398,21.3647],[103.7459,21.3618],[103.7492,21.3588],[103.7503,21.3584],[103.7518,21.3547],[103.7539,21.3539],[103.7554,21.3524],[103.7565,21.3496],[103.7593,21.3483],[103.7604,21.3465],[103.7622,21.3459],[103.7633,21.3448],[103.7643,21.3424],[103.7684,21.3417],[103.7719,21.3395],[103.7754,21.3387],[103.7767,21.339],[103.7758,21.3367],[103.7802,21.333],[103.7798,21.3309],[103.7791,21.33],[103.7773,21.3297],[103.7751,21.3283],[103.7721,21.3274],[103.7711,21.3262],[103.7708,21.3234],[103.7737,21.321],[103.7742,21.3198],[103.7772,21.3192],[103.7782,21.3179],[103.7805,21.3172],[103.7813,21.3163],[103.7812,21.3153],[103.7831,21.3136],[103.786,21.3141],[103.7853,21.3119],[103.7858,21.3098],[103.7873,21.309],[103.7871,21.307],[103.7878,21.3068],[103.7883,21.3055],[103.7871,21.3029],[103.7875,21.3002],[103.7861,21.2992],[103.7869,21.2954],[103.7847,21.2921],[103.7818,21.2909],[103.78,21.2919],[103.7791,21.2932],[103.7771,21.2942],[103.7758,21.2943],[103.7741,21.2962],[103.7716,21.2962],[103.7699,21.297],[103.7641,21.2949],[103.7625,21.2919],[103.7607,21.291],[103.7605,21.2885],[103.7617,21.2867],[103.7617,21.2859],[103.7605,21.2835],[103.7587,21.282],[103.7587,21.2783],[103.7592,21.277],[103.7587,21.2746],[103.759,21.2734],[103.7584,21.2726],[103.7544,21.2704],[103.7552,21.2667],[103.7533,21.2611],[103.7512,21.2604],[103.7501,21.259],[103.7473,21.2582],[103.7468,21.258],[103.7469,21.2558],[103.746,21.2505],[103.7471,21.2454],[103.7487,21.244],[103.7499,21.2397],[103.7519,21.2384],[103.7534,21.2382],[103.756,21.237],[103.7589,21.2367],[103.7633,21.2324],[103.7656,21.2312],[103.7681,21.2307],[103.7681,21.2292],[103.7703,21.2266],[103.771,21.2235],[103.7722,21.2219],[103.7721,21.2204],[103.7738,21.2167],[103.7739,21.2155],[103.7729,21.214],[103.7731,21.2134],[103.7769,21.2108],[103.7821,21.2138],[103.7854,21.2138],[103.7869,21.2152],[103.7877,21.2152],[103.7884,21.2145],[103.7915,21.2142],[103.7933,21.2148],[103.7951,21.2141],[103.7964,21.2131],[103.7974,21.2131],[103.7992,21.2103],[103.8015,21.2093],[103.8019,21.2083],[103.8056,21.2075],[103.8062,21.2066],[103.8122,21.2021],[103.8149,21.2019],[103.8151,21.2045],[103.8162,21.2075],[103.8176,21.2089],[103.8176,21.2126],[103.8181,21.2133],[103.8203,21.2142],[103.8209,21.2154],[103.8202,21.2171],[103.8183,21.2193],[103.8191,21.2196],[103.8191,21.2239],[103.8202,21.2262],[103.8193,21.2276],[103.8192,21.2297],[103.8175,21.2328],[103.8165,21.2365],[103.8168,21.2401],[103.8176,21.2415],[103.8177,21.2447],[103.8165,21.248],[103.8154,21.2489],[103.8142,21.2516],[103.8149,21.2533],[103.8171,21.2542],[103.8223,21.2591],[103.8255,21.26],[103.8278,21.2633],[103.8308,21.2654],[103.8318,21.2676],[103.833,21.2683],[103.8325,21.2717],[103.8336,21.2746],[103.8347,21.2752],[103.835,21.2763],[103.8333,21.278],[103.8274,21.28],[103.8259,21.2817],[103.8249,21.2816],[103.8247,21.2822],[103.824,21.2823],[103.8223,21.2846],[103.8213,21.2849],[103.8206,21.2859],[103.8204,21.288],[103.8183,21.2874],[103.8168,21.2878],[103.8149,21.2908],[103.8124,21.2921],[103.8113,21.2944],[103.8091,21.2949],[103.8055,21.2997],[103.8034,21.3005],[103.8026,21.3023],[103.8044,21.3039],[103.8056,21.3068],[103.8078,21.3079],[103.8102,21.3074],[103.8102,21.3058],[103.8134,21.3054],[103.8151,21.3041],[103.817,21.3041],[103.8177,21.3023],[103.82,21.3026],[103.8206,21.3037],[103.8214,21.3041],[103.8218,21.3035],[103.8229,21.3032],[103.8237,21.3035],[103.8248,21.3029],[103.8257,21.3014],[103.8286,21.3012],[103.8288,21.3019],[103.8275,21.3042],[103.8278,21.3061],[103.8289,21.3079],[103.8287,21.3085],[103.8307,21.3106],[103.8305,21.3122],[103.8311,21.3128],[103.8302,21.3145],[103.8292,21.3144],[103.8272,21.3153],[103.8272,21.3165],[103.8281,21.3178],[103.8279,21.32],[103.8294,21.322],[103.832,21.3216],[103.8327,21.3253],[103.8333,21.3261],[103.833,21.327],[103.8316,21.328],[103.8318,21.3286],[103.8358,21.3352],[103.8382,21.3367],[103.8391,21.3383],[103.8381,21.3401],[103.8369,21.3409],[103.8367,21.3431],[103.8399,21.3466],[103.8397,21.3474],[103.8402,21.3491],[103.8393,21.3494],[103.8389,21.3502],[103.8418,21.3532],[103.8414,21.3548],[103.8419,21.3554],[103.8415,21.3558],[103.8421,21.3595],[103.84,21.3621],[103.8386,21.3626],[103.8366,21.3617],[103.834,21.3612],[103.8332,21.3616],[103.8324,21.3635],[103.8301,21.3635],[103.8293,21.3634],[103.8287,21.3615],[103.8268,21.3612],[103.8259,21.3588],[103.8233,21.3577],[103.8197,21.3585],[103.8186,21.3571],[103.8151,21.3581],[103.8145,21.3587],[103.8125,21.358],[103.8127,21.3589],[103.8146,21.3608],[103.8121,21.3628],[103.8113,21.3645],[103.8118,21.3654],[103.813,21.3655],[103.8134,21.3661],[103.8151,21.3723],[103.8177,21.3733],[103.8182,21.3747],[103.8196,21.3751],[103.8199,21.3762],[103.8211,21.3774],[103.8206,21.3781],[103.8186,21.379],[103.8177,21.3816],[103.8153,21.383],[103.8137,21.383],[103.8125,21.384]]]},"properties":{"code":"03799","name":"Muổi Nọi","nameEn":"Muoi Noi","fullName":"Xã Muổi Nọi","fullNameEn":"Muoi Noi Commune","codeName":"muoi_noi","postalCode":"34334","postalCodePrefix":"","gisServerId":"diaphanhanhchinhcapxa_2025.1353","areaKm2":128.7},"id":"03799"},
{"type":"Feature","geometry":{"type":"Polygon","coordinates":[[[104.0851,21.6133],[104.083,21.6129],[104.0807,21.6136],[104.0787,21.6125],[104.0758,21.6137],[104.0751,21.6146],[104.073,21.6149],[104.0698,21.6139],[104.0691,21.6147],[104.0653,21.6145],[104.0601,21.6128],[104.0584,21.6138],[104.0527,21.6139],[104.0519,21.6143],[104.0511,21.6158],[104.0475,21.6153],[104.0466,21.6143],[104.0445,21.6146],[104.0436,21.614],[104.0424,21.6149],[104.0416,21.6146],[104.0412,21.6135],[104.0418,21.6116],[104.0444,21.6102],[104.0431,21.6099],[104.0317,21.6083],[104.0273,21.6101],[104.0257,21.61],[104.0259,21.6089],[104.0243,21.6058],[104.0216,21.6038],[104.0174,21.6035],[104.0167,21.6022],[104.0174,21.6003],[104.019,21.5991],[104.0189,21.5972],[104.0202,21.5944],[104.0215,21.5938],[104.0236,21.5941],[104.0253,21.5929],[104.0271,21.5927],[104.0298,21.5915],[104.0375,21.5911],[104.0399,21.5894],[104.0408,21.5867],[104.0447,21.5845],[104.0464,21.5829],[104.0444,21.5826],[104.0437,21.5821],[104.0439,21.5813],[104.0428,21.5801],[104.0402,21.5791],[104.0391,21.5756],[104.0345,21.5758],[104.0338,21.575],[104.0338,21.5743],[104.0321,21.5733],[104.0319,21.5722],[104.0312,21.5716],[104.0289,21.5724],[104.0256,21.5747],[104.0226,21.578],[104.0196,21.5719],[104.0189,21.5715],[104.0141,21.5719],[104.0139,21.5729],[104.0107,21.5735],[104.0057,21.5755],[104.0019,21.5737],[103.9991,21.5743],[103.9977,21.5738],[103.9959,21.5739],[103.9935,21.5703],[103.9909,21.5708],[103.9914,21.5716],[103.9906,21.573],[103.9874,21.5743],[103.9873,21.5756],[103.9856,21.5781],[103.9847,21.5809],[103.9834,21.5819],[103.9831,21.5835],[103.982,21.5845],[103.9819,21.5852],[103.9791,21.5861],[103.9793,21.5872],[103.9763,21.5899],[103.9733,21.5945],[103.9711,21.5952],[103.9706,21.5978],[103.9711,21.5996],[103.9679,21.6015],[103.9677,21.6038],[103.9661,21.605],[103.965,21.6117],[103.964,21.614],[103.9625,21.6153],[103.9627,21.6183],[103.9618,21.6196],[103.96,21.6184],[103.9573,21.6181],[103.9518,21.6148],[103.9506,21.6128],[103.9508,21.6099],[103.9483,21.6068],[103.946,21.6087],[103.944,21.609],[103.9445,21.6052],[103.9455,21.6025],[103.9265,21.5993],[103.9259,21.5987],[103.9235,21.6005],[103.9194,21.6019],[103.917,21.6018],[103.9152,21.5984],[103.9154,21.5969],[103.9148,21.5933],[103.914,21.5924],[103.9114,21.5913],[103.9109,21.5906],[103.9085,21.584],[103.9085,21.5822],[103.9073,21.5833],[103.9046,21.5825],[103.9034,21.5816],[103.9017,21.5821],[103.9001,21.5806],[103.9,21.5796],[103.8974,21.5796],[103.8957,21.5785],[103.8939,21.5788],[103.8935,21.5765],[103.8926,21.5748],[103.8891,21.5729],[103.8892,21.5707],[103.8916,21.5687],[103.8923,21.5663],[103.8941,21.5633],[103.8965,21.5618],[103.8981,21.5597],[103.8987,21.5571],[103.9005,21.5549],[103.8985,21.5545],[103.8969,21.5524],[103.8945,21.5516],[103.8908,21.551],[103.8884,21.5517],[103.8871,21.5496],[103.8854,21.5491],[103.8849,21.5464],[103.892,21.5455],[103.9064,21.5398],[103.9129,21.5351],[103.9168,21.5333],[103.922,21.5318],[103.9276,21.5309],[103.9308,21.5272],[103.9342,21.5201],[103.9382,21.52],[103.9441,21.5231],[103.9459,21.5233],[103.9558,21.5231],[103.9611,21.5219],[103.9628,21.521],[103.966,21.5184],[103.9723,21.5104],[103.974,21.5066],[103.9746,21.5032],[103.968,21.499],[103.9688,21.4939],[103.9755,21.489],[103.9797,21.491],[103.9848,21.4908],[103.9847,21.4889],[103.9853,21.4872],[103.9886,21.4879],[103.9898,21.4891],[103.9956,21.4887],[103.9988,21.4893],[104.0044,21.4942],[104.0063,21.4928],[104.0068,21.4938],[104.0087,21.4944],[104.0097,21.4931],[104.0108,21.4932],[104.0136,21.4914],[104.0158,21.4918],[104.0185,21.4886],[104.0203,21.4877],[104.0213,21.486],[104.0233,21.4871],[104.0248,21.4853],[104.0277,21.4789],[104.0316,21.4759],[104.034,21.4731],[104.0366,21.4658],[104.0389,21.4642],[104.0439,21.4626],[104.0488,21.4566],[104.0532,21.4524],[104.0601,21.4478],[104.0643,21.4505],[104.066,21.4525],[104.0676,21.453],[104.0685,21.4545],[104.0701,21.4555],[104.0716,21.4557],[104.0723,21.4581],[104.0742,21.46],[104.0747,21.4623],[104.0743,21.4631],[104.0774,21.4637],[104.0786,21.4634],[104.0856,21.4643],[104.0898,21.4611],[104.0903,21.459],[104.0924,21.4551],[104.0956,21.4532],[104.0985,21.4535],[104.1001,21.4547],[104.1031,21.4544],[104.1056,21.4549],[104.1066,21.4545],[104.1079,21.4547],[104.1109,21.4545],[104.1115,21.4539],[104.1148,21.4572],[104.1166,21.4562],[104.1211,21.4583],[104.1212,21.4593],[104.1192,21.4655],[104.1205,21.4683],[104.1219,21.4698],[104.1237,21.4709],[104.1338,21.4723],[104.1434,21.4787],[104.1422,21.4825],[104.1421,21.4845],[104.1415,21.4858],[104.1403,21.4867],[104.1403,21.4887],[104.1394,21.4901],[104.1409,21.4924],[104.14,21.495],[104.1407,21.4974],[104.1399,21.4992],[104.1436,21.5023],[104.1469,21.5038],[104.1493,21.5059],[104.1529,21.5081],[104.1558,21.5089],[104.1587,21.5104],[104.1657,21.5101],[104.1691,21.513],[104.1694,21.5158],[104.1702,21.5168],[104.1712,21.5217],[104.1723,21.5239],[104.1748,21.5251],[104.1758,21.5265],[104.1806,21.5291],[104.1813,21.531],[104.1861,21.5332],[104.1862,21.5343],[104.1873,21.5358],[104.187,21.5371],[104.1881,21.5382],[104.1888,21.5399],[104.1887,21.5419],[104.1897,21.5426],[104.1904,21.5443],[104.19,21.5456],[104.1907,21.5462],[104.1909,21.5476],[104.1918,21.5482],[104.1917,21.5499],[104.1935,21.5506],[104.1908,21.5552],[104.191,21.5588],[104.1839,21.5629],[104.179,21.5706],[104.1774,21.5723],[104.1737,21.5743],[104.1742,21.5755],[104.1728,21.5769],[104.1727,21.5786],[104.1719,21.5807],[104.1677,21.5841],[104.1662,21.5844],[104.1626,21.5827],[104.1603,21.5839],[104.1539,21.5858],[104.1517,21.5849],[104.1488,21.5857],[104.1411,21.5863],[104.1383,21.5857],[104.1346,21.5875],[104.1326,21.5875],[104.1316,21.5888],[104.1302,21.5889],[104.127,21.5872],[104.1234,21.5861],[104.1229,21.5844],[104.121,21.5843],[104.1195,21.5859],[104.1197,21.5875],[104.1189,21.5887],[104.1182,21.5936],[104.116,21.5962],[104.1152,21.5962],[104.1151,21.5976],[104.1138,21.5981],[104.1135,21.5999],[104.1125,21.6003],[104.1116,21.5999],[104.1106,21.6017],[104.1086,21.6028],[104.1083,21.6038],[104.1065,21.6039],[104.1053,21.6076],[104.0935,21.6121],[104.0909,21.6124],[104.0898,21.6133],[104.0851,21.6133]]]},"properties":{"code":"03808","name":"Mường La","nameEn":"Muong La","fullName":"Xã Mường La","fullNameEn":"Muong La Commune","codeName":"muong_la","postalCode":"34222","postalCodePrefix":"","gisServerId":"diaphanhanhchinhcapxa_2025.1354","areaKm2":341.86},"id":"03808"},
{"type":"Feature","geometry":{"type":"Polygon","coordinates":[[[104.0928,21.6421],[104.0892,21.6431],[104.0872,21.6427],[104.086,21.6453],[104.0794,21.6501],[104.0764,21.651],[104.073,21.6513],[104.0695,21.6529],[104.0644,21.654],[104.0609,21.6558],[104.0567,21.6558],[104.0541,21.6573],[104.0529,21.6564],[104.0486,21.6582],[104.0463,21.6602],[104.045,21.6627],[104.0427,21.6631],[104.0397,21.6651],[104.035,21.6667],[104.0331,21.67],[104.0272,21.6723],[104.0258,21.6709],[104.0269,21.6694],[104.0267,21.669],[104.0236,21.6704],[104.0219,21.6684],[104.0184,21.6687],[104.0151,21.6707],[104.0151,21.669],[104.0136,21.6678],[104.012,21.6671],[104.0098,21.6674],[104.0074,21.6655],[104.0063,21.6665],[104.0065,21.6672],[104.0056,21.6687],[104.0061,21.6712],[104.0057,21.6726],[104.004,21.6726],[104.0005,21.6746],[103.9991,21.6743],[103.9963,21.6758],[103.9932,21.6747],[103.9901,21.6746],[103.9889,21.6739],[103.9877,21.6739],[103.9873,21.6743],[103.9878,21.6758],[103.9849,21.6783],[103.9819,21.6774],[103.9804,21.6761],[103.9762,21.675],[103.9763,21.673],[103.9757,21.6719],[103.975,21.6716],[103.9714,21.6728],[103.9688,21.6744],[103.9641,21.6788],[103.9614,21.6765],[103.9619,21.6746],[103.961,21.6735],[103.9613,21.6719],[103.9605,21.6706],[103.9585,21.6697],[103.9562,21.6704],[103.9547,21.6703],[103.953,21.6693],[103.9497,21.6703],[103.9446,21.6682],[103.9424,21.6698],[103.9361,21.6701],[103.9368,21.6738],[103.9362,21.6746],[103.937,21.6761],[103.9358,21.6782],[103.9366,21.6843],[103.9376,21.6866],[103.9376,21.6914],[103.9292,21.6969],[103.9241,21.6987],[103.9215,21.7003],[103.9193,21.6994],[103.9173,21.6992],[103.9178,21.6983],[103.9174,21.6971],[103.9157,21.6963],[103.909,21.6948],[103.9053,21.6948],[103.9043,21.6951],[103.9033,21.6971],[103.9019,21.698],[103.8992,21.699],[103.8944,21.6997],[103.8936,21.7007],[103.8916,21.7016],[103.8915,21.7027],[103.8892,21.7043],[103.8845,21.705],[103.8835,21.7059],[103.8822,21.709],[103.8811,21.6885],[103.881,21.6878],[103.8796,21.6869],[103.8775,21.6858],[103.8722,21.6861],[103.8683,21.6895],[103.8649,21.6889],[103.8636,21.6894],[103.8624,21.6905],[103.8618,21.6926],[103.8607,21.6931],[103.8561,21.6914],[103.8536,21.6913],[103.8521,21.6949],[103.8523,21.6963],[103.8503,21.6975],[103.8486,21.7013],[103.8491,21.7023],[103.8488,21.703],[103.8476,21.7019],[103.8465,21.7021],[103.8451,21.7011],[103.8413,21.7014],[103.8388,21.7053],[103.8373,21.706],[103.8388,21.7091],[103.8371,21.7103],[103.8367,21.711],[103.8377,21.7134],[103.8373,21.7149],[103.8378,21.7166],[103.8351,21.7195],[103.8343,21.7225],[103.8352,21.7234],[103.8343,21.7251],[103.8337,21.7287],[103.8341,21.7293],[103.8328,21.7291],[103.8325,21.7296],[103.8339,21.7314],[103.8337,21.735],[103.8372,21.7367],[103.8372,21.7376],[103.8352,21.7415],[103.8336,21.7426],[103.8329,21.7438],[103.8308,21.7415],[103.8302,21.7386],[103.8306,21.7371],[103.8288,21.7372],[103.8252,21.7349],[103.8207,21.7359],[103.8206,21.7377],[103.8176,21.7379],[103.8146,21.7406],[103.8138,21.7402],[103.8126,21.741],[103.8103,21.7389],[103.8069,21.7369],[103.8098,21.7346],[103.8101,21.7315],[103.8097,21.7302],[103.8083,21.7288],[103.8077,21.7261],[103.8062,21.7242],[103.8056,21.7208],[103.8026,21.7194],[103.7998,21.7147],[103.7959,21.7114],[103.7932,21.7102],[103.7929,21.7088],[103.7914,21.7074],[103.7904,21.7051],[103.7872,21.7019],[103.7855,21.6989],[103.7827,21.6961],[103.7814,21.6955],[103.7792,21.693],[103.7725,21.6906],[103.7695,21.6884],[103.7674,21.688],[103.7655,21.6859],[103.7643,21.6858],[103.7626,21.6844],[103.7572,21.682],[103.756,21.6796],[103.7562,21.6779],[103.755,21.6746],[103.7547,21.6724],[103.7552,21.6685],[103.7547,21.6674],[103.7523,21.6658],[103.7559,21.6662],[103.762,21.6642],[103.7652,21.6645],[103.7651,21.6633],[103.7672,21.6605],[103.7705,21.6594],[103.7718,21.6577],[103.7736,21.6563],[103.7759,21.6562],[103.777,21.6521],[103.7799,21.6508],[103.7829,21.6505],[103.7835,21.6509],[103.784,21.6522],[103.7859,21.6536],[103.7868,21.6517],[103.7908,21.6507],[103.7928,21.6483],[103.7936,21.6484],[103.7965,21.6467],[103.7967,21.6439],[103.7978,21.6427],[103.803,21.6402],[103.8027,21.6367],[103.8001,21.6317],[103.7997,21.6289],[103.7975,21.6279],[103.7965,21.6268],[103.7967,21.6235],[103.7975,21.6211],[103.7964,21.6186],[103.7956,21.618],[103.7897,21.6168],[103.7883,21.6152],[103.7893,21.6117],[103.792,21.61],[103.7947,21.6112],[103.7958,21.6122],[103.7987,21.6126],[103.7956,21.604],[103.7991,21.6045],[103.8024,21.6043],[103.8045,21.6052],[103.8062,21.6051],[103.8078,21.6064],[103.8089,21.6084],[103.8107,21.6068],[103.81,21.604],[103.813,21.6001],[103.813,21.5988],[103.8125,21.5966],[103.8113,21.5959],[103.8091,21.5916],[103.8088,21.5896],[103.8097,21.588],[103.8111,21.5811],[103.809,21.5778],[103.808,21.574],[103.8081,21.5726],[103.8068,21.57],[103.8099,21.5648],[103.8143,21.5602],[103.8208,21.5568],[103.8322,21.5505],[103.839,21.5479],[103.8441,21.5467],[103.8557,21.5411],[103.8571,21.541],[103.8614,21.5422],[103.8673,21.5448],[103.8749,21.5472],[103.8849,21.5464],[103.8854,21.5491],[103.8871,21.5496],[103.8884,21.5517],[103.8908,21.551],[103.8945,21.5516],[103.8969,21.5524],[103.8985,21.5545],[103.9005,21.5549],[103.8987,21.5571],[103.8981,21.5597],[103.8965,21.5618],[103.8941,21.5633],[103.8923,21.5663],[103.8916,21.5687],[103.8892,21.5707],[103.8891,21.5729],[103.8926,21.5748],[103.8935,21.5765],[103.8939,21.5788],[103.8957,21.5785],[103.8974,21.5796],[103.9,21.5796],[103.9001,21.5806],[103.9017,21.5821],[103.9034,21.5816],[103.9046,21.5825],[103.9073,21.5833],[103.9085,21.5822],[103.9085,21.584],[103.9109,21.5906],[103.9114,21.5913],[103.914,21.5924],[103.9148,21.5933],[103.9154,21.5969],[103.9152,21.5984],[103.917,21.6018],[103.9194,21.6019],[103.9235,21.6005],[103.9259,21.5987],[103.9265,21.5993],[103.9455,21.6025],[103.9445,21.6052],[103.944,21.609],[103.946,21.6087],[103.9483,21.6068],[103.9508,21.6099],[103.9506,21.6128],[103.9518,21.6148],[103.9573,21.6181],[103.96,21.6184],[103.9618,21.6196],[103.9627,21.6183],[103.9625,21.6153],[103.964,21.614],[103.965,21.6117],[103.9661,21.605],[103.9677,21.6038],[103.9679,21.6015],[103.9711,21.5996],[103.9706,21.5978],[103.9711,21.5952],[103.9733,21.5945],[103.9763,21.5899],[103.9793,21.5872],[103.9791,21.5861],[103.9819,21.5852],[103.982,21.5845],[103.9831,21.5835],[103.9834,21.5819],[103.9847,21.5809],[103.9856,21.5781],[103.9873,21.5756],[103.9874,21.5743],[103.9906,21.573],[103.9914,21.5716],[103.9909,21.5708],[103.9935,21.5703],[103.9959,21.5739],[103.9977,21.5738],[103.9991,21.5743],[104.0019,21.5737],[104.0057,21.5755],[104.0107,21.5735],[104.0139,21.5729],[104.0141,21.5719],[104.0189,21.5715],[104.0196,21.5719],[104.0226,21.578],[104.0256,21.5747],[104.0289,21.5724],[104.0312,21.5716],[104.0319,21.5722],[104.0321,21.5733],[104.0338,21.5743],[104.0338,21.575],[104.0345,21.5758],[104.0391,21.5756],[104.0402,21.5791],[104.0428,21.5801],[104.0439,21.5813],[104.0437,21.5821],[104.0444,21.5826],[104.0464,21.5829],[104.0447,21.5845],[104.0408,21.5867],[104.0399,21.5894],[104.0375,21.5911],[104.0298,21.5915],[104.0271,21.5927],[104.0253,21.5929],[104.0236,21.5941],[104.0215,21.5938],[104.0202,21.5944],[104.0189,21.5972],[104.019,21.5991],[104.0174,21.6003],[104.0167,21.6022],[104.0174,21.6035],[104.0216,21.6038],[104.0243,21.6058],[104.0259,21.6089],[104.0257,21.61],[104.0273,21.6101],[104.0317,21.6083],[104.0431,21.6099],[104.0444,21.6102],[104.0418,21.6116],[104.0412,21.6135],[104.0416,21.6146],[104.0424,21.6149],[104.0436,21.614],[104.0445,21.6146],[104.0466,21.6143],[104.0475,21.6153],[104.0511,21.6158],[104.0519,21.6143],[104.0527,21.6139],[104.0584,21.6138],[104.0601,21.6128],[104.0653,21.6145],[104.0691,21.6147],[104.0698,21.6139],[104.073,21.6149],[104.0751,21.6146],[104.0758,21.6137],[104.0787,21.6125],[104.0807,21.6136],[104.083,21.6129],[104.0851,21.6133],[104.084,21.6165],[104.0855,21.6192],[104.0848,21.6208],[104.0862,21.623],[104.0864,21.6267],[104.0883,21.6353],[104.0898,21.6362],[104.09,21.6374],[104.093,21.6415],[104.0928,21.6421]]]},"properties":{"code":"03814","name":"Chiềng Lao","nameEn":"Chieng Lao","fullName":"Xã Chiềng Lao","fullNameEn":"Chieng Lao Commune","codeName":"chieng_lao","postalCode":"34210","postalCodePrefix":"","gisServerId":"diaphanhanhchinhcapxa_2025.1355","areaKm2":358.55},"id":"03814"},
{"type":"Feature","geometry":{"type":"Polygon","coordinates":[[[104.2769,21.5509],[104.2771,21.5516],[104.2794,21.5532],[104.2806,21.5556],[104.2821,21.5567],[104.2821,21.5594],[104.2841,21.5601],[104.2862,21.563],[104.2873,21.5648],[104.2875,21.568],[104.288,21.5689],[104.2891,21.5695],[104.2906,21.5693],[104.293,21.5709],[104.296,21.5709],[104.2985,21.5718],[104.2972,21.5729],[104.2966,21.5769],[104.2952,21.5789],[104.2954,21.5801],[104.2962,21.581],[104.2947,21.5831],[104.2948,21.5844],[104.2937,21.5863],[104.2929,21.5914],[104.2913,21.5942],[104.2915,21.5953],[104.289,21.5979],[104.2875,21.5986],[104.2876,21.6005],[104.2887,21.6017],[104.2907,21.6027],[104.2938,21.6026],[104.2966,21.6042],[104.2995,21.6046],[104.3037,21.6086],[104.306,21.6079],[104.3072,21.6093],[104.3065,21.6106],[104.3093,21.613],[104.3099,21.6147],[104.3114,21.6147],[104.3134,21.6158],[104.3139,21.6154],[104.318,21.6193],[104.3188,21.6192],[104.3197,21.6205],[104.3195,21.6218],[104.3214,21.6247],[104.3221,21.6275],[104.3235,21.6289],[104.3251,21.6287],[104.3279,21.6301],[104.3283,21.6315],[104.3294,21.6319],[104.3292,21.6337],[104.3297,21.6351],[104.3305,21.6353],[104.3311,21.6376],[104.3339,21.6375],[104.3369,21.6386],[104.3391,21.6416],[104.3403,21.642],[104.3401,21.6497],[104.3389,21.6533],[104.3328,21.6549],[104.3257,21.654],[104.3227,21.6541],[104.3205,21.6546],[104.3177,21.6566],[104.3151,21.6567],[104.3086,21.6557],[104.3033,21.6522],[104.2952,21.6532],[104.2946,21.6534],[104.2903,21.6594],[104.2878,21.6613],[104.2855,21.661],[104.2812,21.6622],[104.2767,21.6618],[104.276,21.663],[104.2743,21.6638],[104.2683,21.6624],[104.2666,21.6625],[104.2639,21.6637],[104.2627,21.6631],[104.2607,21.6631],[104.2591,21.664],[104.256,21.6649],[104.255,21.6657],[104.2561,21.6684],[104.2558,21.6699],[104.2529,21.6713],[104.2501,21.6709],[104.2448,21.6722],[104.2441,21.6718],[104.2439,21.6709],[104.2412,21.6698],[104.2355,21.671],[104.2316,21.6729],[104.2271,21.671],[104.2239,21.6719],[104.2216,21.6715],[104.2205,21.673],[104.2148,21.672],[104.2116,21.6705],[104.2121,21.6692],[104.2116,21.6684],[104.2117,21.6668],[104.2108,21.6654],[104.211,21.6643],[104.2099,21.6636],[104.2071,21.6599],[104.2049,21.6588],[104.2043,21.6557],[104.2031,21.6547],[104.2014,21.6544],[104.2015,21.6539],[104.1998,21.6518],[104.1974,21.6504],[104.1964,21.6481],[104.1953,21.6485],[104.1919,21.6472],[104.1878,21.648],[104.1834,21.6475],[104.1806,21.6483],[104.1751,21.6477],[104.1745,21.6466],[104.1754,21.6465],[104.177,21.6454],[104.1774,21.6437],[104.175,21.6432],[104.1757,21.6414],[104.174,21.6391],[104.1743,21.6372],[104.1736,21.6362],[104.1729,21.636],[104.1718,21.6382],[104.1661,21.6394],[104.1628,21.6417],[104.1589,21.6418],[104.1531,21.6433],[104.1514,21.647],[104.1486,21.6483],[104.1484,21.6509],[104.1462,21.6527],[104.147,21.6544],[104.1458,21.6549],[104.1428,21.6547],[104.1405,21.654],[104.1392,21.6542],[104.1374,21.6519],[104.132,21.6503],[104.1269,21.6515],[104.1201,21.6497],[104.1191,21.6484],[104.1155,21.6464],[104.1131,21.6465],[104.1119,21.6475],[104.1109,21.6466],[104.1077,21.6452],[104.1041,21.6459],[104.102,21.6473],[104.1009,21.6472],[104.0963,21.6442],[104.0949,21.644],[104.0939,21.6427],[104.0928,21.6421],[104.093,21.6415],[104.09,21.6374],[104.0898,21.6362],[104.0883,21.6353],[104.0864,21.6267],[104.0862,21.623],[104.0848,21.6208],[104.0855,21.6192],[104.084,21.6165],[104.0851,21.6133],[104.0898,21.6133],[104.0909,21.6124],[104.0935,21.6121],[104.1053,21.6076],[104.1065,21.6039],[104.1083,21.6038],[104.1086,21.6028],[104.1106,21.6017],[104.1116,21.5999],[104.1125,21.6003],[104.1135,21.5999],[104.1138,21.5981],[104.1151,21.5976],[104.1152,21.5962],[104.116,21.5962],[104.1182,21.5936],[104.1189,21.5887],[104.1197,21.5875],[104.1195,21.5859],[104.121,21.5843],[104.1229,21.5844],[104.1234,21.5861],[104.127,21.5872],[104.1302,21.5889],[104.1316,21.5888],[104.1326,21.5875],[104.1346,21.5875],[104.1383,21.5857],[104.1411,21.5863],[104.1488,21.5857],[104.1517,21.5849],[104.1539,21.5858],[104.1603,21.5839],[104.1626,21.5827],[104.1662,21.5844],[104.1677,21.5841],[104.1719,21.5807],[104.1727,21.5786],[104.1728,21.5769],[104.1742,21.5755],[104.1737,21.5743],[104.1774,21.5723],[104.179,21.5706],[104.1839,21.5629],[104.191,21.5588],[104.1908,21.5552],[104.1935,21.5506],[104.2002,21.5498],[104.2041,21.5515],[104.2053,21.5529],[104.2075,21.5536],[104.21,21.5569],[104.2107,21.5562],[104.2123,21.5559],[104.213,21.5551],[104.2148,21.5547],[104.2208,21.5567],[104.2255,21.5566],[104.2264,21.5573],[104.2298,21.5577],[104.2321,21.5604],[104.2354,21.5624],[104.2365,21.5639],[104.239,21.5645],[104.2399,21.5657],[104.2407,21.5659],[104.2423,21.5658],[104.2445,21.5645],[104.2476,21.5644],[104.2486,21.5635],[104.2539,21.5626],[104.2563,21.5627],[104.2611,21.5601],[104.2642,21.5557],[104.2708,21.5542],[104.2769,21.5509]]]},"properties":{"code":"03820","name":"Ngọc Chiến","nameEn":"Ngoc Chien","fullName":"Xã Ngọc Chiến","fullNameEn":"Ngoc Chien Commune","codeName":"ngoc_chien","postalCode":"34208","postalCodePrefix":"","gisServerId":"diaphanhanhchinhcapxa_2025.1356","areaKm2":212.19},"id":"03820"},
{"type":"Feature","geometry":{"type":"Polygon","coordinates":[[[104.1115,21.4539],[104.1109,21.4545],[104.1079,21.4547],[104.1066,21.4545],[104.1056,21.4549],[104.1031,21.4544],[104.1001,21.4547],[104.0985,21.4535],[104.0956,21.4532],[104.0924,21.4551],[104.0903,21.459],[104.0898,21.4611],[104.0856,21.4643],[104.0786,21.4634],[104.0774,21.4637],[104.0743,21.4631],[104.0747,21.4623],[104.0742,21.46],[104.0723,21.4581],[104.0716,21.4557],[104.0701,21.4555],[104.0685,21.4545],[104.0676,21.453],[104.066,21.4525],[104.0643,21.4505],[104.0601,21.4478],[104.0532,21.4524],[104.0488,21.4566],[104.0439,21.4626],[104.0389,21.4642],[104.0366,21.4658],[104.034,21.4731],[104.0316,21.4759],[104.0277,21.4789],[104.0248,21.4853],[104.0233,21.4871],[104.0213,21.486],[104.0203,21.4877],[104.0185,21.4886],[104.0158,21.4918],[104.0136,21.4914],[104.0108,21.4932],[104.0097,21.4931],[104.0087,21.4944],[104.0068,21.4938],[104.0063,21.4928],[104.0044,21.4942],[103.9988,21.4893],[103.9956,21.4887],[103.9898,21.4891],[103.9886,21.4879],[103.9853,21.4872],[103.9841,21.4861],[103.9831,21.4838],[103.9831,21.4829],[103.9845,21.4809],[103.9837,21.4789],[103.9849,21.4769],[103.9845,21.4763],[103.9819,21.4739],[103.9775,21.4745],[103.9787,21.4729],[103.9785,21.4718],[103.9763,21.4692],[103.9717,21.467],[103.9714,21.4652],[103.9703,21.4649],[103.9681,21.4658],[103.9661,21.4655],[103.9644,21.466],[103.9639,21.4657],[103.9642,21.4647],[103.9631,21.4629],[103.9611,21.4626],[103.9598,21.4603],[103.9558,21.4583],[103.9557,21.4572],[103.9542,21.4558],[103.9533,21.4556],[103.952,21.457],[103.9515,21.4566],[103.9499,21.4541],[103.9483,21.453],[103.9472,21.4502],[103.9462,21.4494],[103.9462,21.4487],[103.9477,21.4486],[103.947,21.4471],[103.945,21.4463],[103.9446,21.4456],[103.9465,21.4416],[103.9408,21.4381],[103.9378,21.4337],[103.9352,21.4316],[103.9317,21.4257],[103.9319,21.4249],[103.9328,21.4257],[103.9342,21.4258],[103.9348,21.4246],[103.9371,21.4237],[103.9385,21.4219],[103.9384,21.4209],[103.9402,21.4203],[103.9412,21.4206],[103.9504,21.4153],[103.9552,21.4169],[103.9572,21.4164],[103.9595,21.4122],[103.9585,21.4117],[103.9584,21.4103],[103.9555,21.4084],[103.9566,21.4073],[103.9565,21.4062],[103.9597,21.4053],[103.9606,21.4056],[103.9632,21.404],[103.966,21.4039],[103.9683,21.4052],[103.969,21.4046],[103.9702,21.4054],[103.9716,21.4049],[103.9745,21.3986],[103.9746,21.3978],[103.9736,21.3961],[103.9746,21.3945],[103.9757,21.3938],[103.9749,21.3913],[103.9775,21.3854],[103.9765,21.3836],[103.9767,21.3825],[103.9773,21.3818],[103.9783,21.382],[103.979,21.3811],[103.9813,21.3819],[103.982,21.3815],[103.9812,21.3801],[103.9827,21.3773],[103.9827,21.376],[103.9836,21.3751],[103.9806,21.3732],[103.9823,21.3708],[103.9838,21.3705],[103.985,21.367],[103.9853,21.3662],[103.9874,21.3649],[103.9891,21.3658],[103.9915,21.3661],[103.9925,21.3671],[103.9943,21.3676],[103.9957,21.3667],[103.9974,21.3668],[103.9995,21.3656],[103.9995,21.3643],[103.9989,21.3638],[103.9997,21.3621],[104.0004,21.3618],[104.0004,21.3571],[104.0013,21.356],[104.0127,21.3551],[104.0174,21.3658],[104.0238,21.3672],[104.0283,21.371],[104.0298,21.3735],[104.0333,21.3745],[104.0363,21.3763],[104.0372,21.3746],[104.0447,21.376],[104.0461,21.3786],[104.0467,21.3813],[104.0507,21.3798],[104.0533,21.3778],[104.0529,21.376],[104.0539,21.3743],[104.0524,21.3723],[104.0551,21.3696],[104.0582,21.3684],[104.0582,21.3678],[104.0607,21.3659],[104.0631,21.3611],[104.0659,21.3592],[104.0664,21.3573],[104.0683,21.3563],[104.0683,21.3551],[104.07,21.3531],[104.0703,21.3514],[104.0725,21.3492],[104.0728,21.3476],[104.0738,21.3468],[104.0737,21.3446],[104.0751,21.3433],[104.077,21.3429],[104.0829,21.3368],[104.0841,21.3345],[104.0864,21.3329],[104.0868,21.3298],[104.0902,21.326],[104.1004,21.321],[104.105,21.322],[104.1071,21.3247],[104.1067,21.3261],[104.108,21.3261],[104.1089,21.3282],[104.11,21.3286],[104.1125,21.3266],[104.1122,21.3253],[104.1145,21.3216],[104.1147,21.3179],[104.1198,21.3184],[104.1199,21.3174],[104.1208,21.3168],[104.1249,21.3154],[104.1261,21.3154],[104.1271,21.3142],[104.1292,21.314],[104.1313,21.3116],[104.1324,21.3093],[104.1333,21.3093],[104.1346,21.3115],[104.1348,21.3166],[104.1355,21.3172],[104.1353,21.3219],[104.1337,21.3226],[104.1319,21.3244],[104.1311,21.3286],[104.1297,21.3297],[104.1284,21.3317],[104.1274,21.3359],[104.1282,21.3375],[104.13,21.3392],[104.1308,21.3426],[104.1318,21.3443],[104.1334,21.3457],[104.1358,21.3512],[104.1378,21.353],[104.1384,21.3547],[104.1417,21.3553],[104.1429,21.3563],[104.1456,21.3573],[104.1487,21.3578],[104.1514,21.3594],[104.1525,21.3616],[104.1549,21.3611],[104.1591,21.3589],[104.1633,21.3584],[104.1707,21.3673],[104.1627,21.3781],[104.1565,21.3839],[104.1539,21.388],[104.151,21.3873],[104.149,21.3878],[104.1431,21.387],[104.1424,21.3861],[104.1396,21.3849],[104.1373,21.3851],[104.1295,21.3815],[104.1292,21.3808],[104.1299,21.3786],[104.1295,21.3773],[104.1273,21.3766],[104.1255,21.3767],[104.1218,21.371],[104.1191,21.3693],[104.1156,21.3681],[104.1123,21.3645],[104.1078,21.3639],[104.1049,21.3645],[104.1034,21.3657],[104.1032,21.3668],[104.1014,21.3683],[104.102,21.3702],[104.1012,21.3711],[104.101,21.3725],[104.0981,21.3743],[104.0953,21.3778],[104.0949,21.3805],[104.0915,21.3836],[104.0924,21.3876],[104.0912,21.3916],[104.0923,21.3922],[104.0928,21.3938],[104.0925,21.3943],[104.0974,21.3936],[104.1007,21.3961],[104.1004,21.3989],[104.1012,21.4017],[104.1009,21.4029],[104.1034,21.4066],[104.1026,21.4082],[104.108,21.4103],[104.1096,21.4119],[104.1109,21.4151],[104.1119,21.416],[104.1137,21.4196],[104.1162,21.4209],[104.1178,21.4213],[104.12,21.421],[104.1223,21.4224],[104.1251,21.4225],[104.1234,21.4249],[104.1148,21.4331],[104.1114,21.4356],[104.1078,21.4376],[104.11,21.4412],[104.109,21.4428],[104.1085,21.446],[104.1095,21.4467],[104.1105,21.4493],[104.1115,21.4501],[104.1115,21.4539]]]},"properties":{"code":"03847","name":"Mường Bú","nameEn":"Muong Bu","fullName":"Xã Mường Bú","fullNameEn":"Muong Bu Commune","codeName":"muong_bu","postalCode":"34216","postalCodePrefix":"","gisServerId":"diaphanhanhchinhcapxa_2025.1357","areaKm2":213.65},"id":"03847"},
{"type":"Feature","geometry":{"type":"Polygon","coordinates":[[[104.2769,21.5509],[104.2708,21.5542],[104.2642,21.5557],[104.2611,21.5601],[104.2563,21.5627],[104.2539,21.5626],[104.2486,21.5635],[104.2476,21.5644],[104.2445,21.5645],[104.2423,21.5658],[104.2407,21.5659],[104.2399,21.5657],[104.239,21.5645],[104.2365,21.5639],[104.2354,21.5624],[104.2321,21.5604],[104.2298,21.5577],[104.2264,21.5573],[104.2255,21.5566],[104.2208,21.5567],[104.2148,21.5547],[104.213,21.5551],[104.2123,21.5559],[104.2107,21.5562],[104.21,21.5569],[104.2075,21.5536],[104.2053,21.5529],[104.2041,21.5515],[104.2002,21.5498],[104.1935,21.5506],[104.1917,21.5499],[104.1918,21.5482],[104.1909,21.5476],[104.1907,21.5462],[104.19,21.5456],[104.1904,21.5443],[104.1897,21.5426],[104.1887,21.5419],[104.1888,21.5399],[104.1881,21.5382],[104.187,21.5371],[104.1873,21.5358],[104.1862,21.5343],[104.1861,21.5332],[104.1813,21.531],[104.1806,21.5291],[104.1758,21.5265],[104.1748,21.5251],[104.1723,21.5239],[104.1712,21.5217],[104.1702,21.5168],[104.1694,21.5158],[104.1691,21.513],[104.1657,21.5101],[104.1587,21.5104],[104.1558,21.5089],[104.1529,21.5081],[104.1493,21.5059],[104.1469,21.5038],[104.1436,21.5023],[104.1399,21.4992],[104.1407,21.4974],[104.14,21.495],[104.1409,21.4924],[104.1394,21.4901],[104.1403,21.4887],[104.1403,21.4867],[104.1415,21.4858],[104.1421,21.4845],[104.1422,21.4825],[104.1434,21.4787],[104.1338,21.4723],[104.1237,21.4709],[104.1219,21.4698],[104.1205,21.4683],[104.1192,21.4655],[104.1212,21.4593],[104.1211,21.4583],[104.1166,21.4562],[104.1148,21.4572],[104.1115,21.4539],[104.1115,21.4501],[104.1105,21.4493],[104.1095,21.4467],[104.1085,21.446],[104.109,21.4428],[104.11,21.4412],[104.1078,21.4376],[104.1114,21.4356],[104.1148,21.4331],[104.1234,21.4249],[104.1251,21.4225],[104.1223,21.4224],[104.12,21.421],[104.1178,21.4213],[104.1162,21.4209],[104.1137,21.4196],[104.1119,21.416],[104.1109,21.4151],[104.1096,21.4119],[104.108,21.4103],[104.1026,21.4082],[104.1034,21.4066],[104.1009,21.4029],[104.1012,21.4017],[104.1004,21.3989],[104.1007,21.3961],[104.0974,21.3936],[104.0925,21.3943],[104.0928,21.3938],[104.0923,21.3922],[104.0912,21.3916],[104.0924,21.3876],[104.0915,21.3836],[104.0949,21.3805],[104.0953,21.3778],[104.0981,21.3743],[104.101,21.3725],[104.1012,21.3711],[104.102,21.3702],[104.1014,21.3683],[104.1032,21.3668],[104.1034,21.3657],[104.1049,21.3645],[104.1078,21.3639],[104.1123,21.3645],[104.1156,21.3681],[104.1191,21.3693],[104.1218,21.371],[104.1255,21.3767],[104.1273,21.3766],[104.1295,21.3773],[104.1299,21.3786],[104.1292,21.3808],[104.1295,21.3815],[104.1373,21.3851],[104.1396,21.3849],[104.1424,21.3861],[104.1431,21.387],[104.149,21.3878],[104.151,21.3873],[104.1539,21.388],[104.1565,21.3839],[104.1627,21.3781],[104.1707,21.3673],[104.1715,21.3661],[104.1716,21.3635],[104.1738,21.3644],[104.1766,21.3646],[104.1792,21.3657],[104.1832,21.3696],[104.1853,21.3708],[104.1865,21.3723],[104.1863,21.3732],[104.187,21.3745],[104.1897,21.3763],[104.1919,21.3789],[104.1935,21.3791],[104.1987,21.3815],[104.2025,21.3797],[104.2042,21.3798],[104.2028,21.3753],[104.2049,21.3687],[104.2053,21.3723],[104.207,21.3721],[104.2081,21.374],[104.2104,21.376],[104.2096,21.378],[104.21,21.3795],[104.2134,21.3823],[104.2139,21.3823],[104.2149,21.3814],[104.2186,21.3807],[104.2256,21.3814],[104.226,21.3825],[104.2271,21.3827],[104.2284,21.3839],[104.2272,21.3851],[104.2256,21.3842],[104.2247,21.3845],[104.2237,21.3866],[104.2254,21.3872],[104.226,21.3887],[104.2277,21.3888],[104.23,21.3875],[104.2314,21.3893],[104.2332,21.3889],[104.2345,21.3901],[104.2397,21.3896],[104.2421,21.3908],[104.2435,21.389],[104.2442,21.3908],[104.2472,21.3905],[104.2482,21.3922],[104.2486,21.3949],[104.247,21.3953],[104.2481,21.397],[104.2501,21.398],[104.2499,21.3996],[104.2509,21.4003],[104.2517,21.4016],[104.2517,21.4028],[104.2524,21.4034],[104.2521,21.4056],[104.2527,21.4065],[104.2541,21.4063],[104.2549,21.4079],[104.2568,21.4091],[104.2569,21.4101],[104.2579,21.4115],[104.2601,21.4122],[104.2624,21.4141],[104.2625,21.4162],[104.2676,21.4226],[104.2673,21.4245],[104.2689,21.4245],[104.2727,21.4227],[104.2736,21.4233],[104.2752,21.4233],[104.2768,21.4259],[104.2769,21.4284],[104.2791,21.4308],[104.281,21.4318],[104.2815,21.4314],[104.2842,21.4315],[104.2865,21.4324],[104.2953,21.4384],[104.299,21.4388],[104.2987,21.4407],[104.3003,21.4446],[104.3004,21.4494],[104.3018,21.4505],[104.303,21.4525],[104.3028,21.4539],[104.3014,21.4559],[104.301,21.4576],[104.2976,21.4579],[104.296,21.4574],[104.2941,21.4586],[104.2915,21.4614],[104.2878,21.463],[104.2869,21.464],[104.2867,21.4656],[104.285,21.4669],[104.282,21.4723],[104.2843,21.4766],[104.2842,21.4775],[104.2834,21.4781],[104.284,21.4796],[104.284,21.4824],[104.283,21.4847],[104.2862,21.4872],[104.2843,21.4906],[104.2847,21.4923],[104.2857,21.495],[104.2866,21.4953],[104.2882,21.4977],[104.2929,21.5024],[104.2926,21.5079],[104.2949,21.5106],[104.2923,21.5153],[104.2922,21.5226],[104.2935,21.5245],[104.2892,21.5318],[104.2878,21.5333],[104.2865,21.5336],[104.2858,21.5348],[104.2831,21.5363],[104.2822,21.5377],[104.2801,21.5442],[104.2788,21.5461],[104.2794,21.5473],[104.2791,21.5485],[104.2779,21.5504],[104.2769,21.5509]]]},"properties":{"code":"03850","name":"Chiềng Hoa","nameEn":"Chieng Hoa","fullName":"Xã Chiềng Hoa","fullNameEn":"Chieng Hoa Commune","codeName":"chieng_hoa","postalCode":"34218","postalCodePrefix":"","gisServerId":"diaphanhanhchinhcapxa_2025.1358","areaKm2":296.48},"id":"03850"},
{"type":"Feature","geometry":{"type":"Polygon","coordinates":[[[104.5135,21.2398],[104.51,21.2408],[104.5047,21.2407],[104.5032,21.2411],[104.5019,21.2437],[104.5015,21.2466],[104.5018,21.2489],[104.4994,21.251],[104.4989,21.2539],[104.494,21.256],[104.4933,21.2573],[104.492,21.2581],[104.4913,21.2593],[104.488,21.2583],[104.4864,21.2585],[104.4842,21.2572],[104.4814,21.2573],[104.4797,21.2584],[104.4776,21.2587],[104.4775,21.2597],[104.4724,21.2605],[104.4704,21.2622],[104.4704,21.2628],[104.467,21.2638],[104.4665,21.265],[104.4647,21.2648],[104.4626,21.2664],[104.4615,21.2657],[104.4586,21.2669],[104.4543,21.2673],[104.4531,21.2677],[104.4516,21.2695],[104.4491,21.2711],[104.4461,21.2703],[104.4447,21.2704],[104.4417,21.2719],[104.4377,21.2725],[104.4352,21.2742],[104.4327,21.2773],[104.4319,21.2774],[104.4309,21.2774],[104.4275,21.2758],[104.4241,21.2764],[104.4219,21.278],[104.4197,21.2755],[104.414,21.2725],[104.4104,21.2658],[104.4045,21.2617],[104.3996,21.2593],[104.3987,21.2566],[104.3971,21.2552],[104.3976,21.2534],[104.3938,21.2526],[104.3798,21.2537],[104.3795,21.2525],[104.3784,21.2526],[104.3769,21.2514],[104.3748,21.2507],[104.3752,21.2501],[104.3746,21.2479],[104.3748,21.2441],[104.3737,21.2424],[104.3739,21.2385],[104.3721,21.2364],[104.3722,21.2348],[104.3716,21.2334],[104.3658,21.2342],[104.3627,21.2357],[104.357,21.2356],[104.3553,21.2364],[104.354,21.2343],[104.3538,21.2324],[104.3502,21.231],[104.3494,21.2279],[104.3482,21.2255],[104.3451,21.2221],[104.3438,21.218],[104.3472,21.217],[104.3535,21.2139],[104.3573,21.2128],[104.3669,21.209],[104.3818,21.2013],[104.3853,21.1986],[104.3909,21.1912],[104.4043,21.1759],[104.407,21.1689],[104.4092,21.1655],[104.4119,21.1629],[104.4188,21.1581],[104.4194,21.1569],[104.4202,21.1512],[104.4212,21.148],[104.4229,21.1453],[104.4269,21.1436],[104.4332,21.1433],[104.4388,21.142],[104.4414,21.1404],[104.4487,21.1331],[104.4522,21.1311],[104.4559,21.131],[104.4581,21.1316],[104.4625,21.1323],[104.4667,21.1311],[104.4698,21.129],[104.4719,21.1268],[104.4784,21.1181],[104.4811,21.1157],[104.4967,21.1078],[104.499,21.1069],[104.5019,21.1066],[104.5037,21.1057],[104.5149,21.0979],[104.5228,21.1075],[104.5273,21.1111],[104.5295,21.1166],[104.5327,21.1221],[104.5341,21.1256],[104.5349,21.1321],[104.5334,21.1352],[104.5338,21.1375],[104.5335,21.1388],[104.5303,21.1404],[104.5287,21.1424],[104.5282,21.1439],[104.5287,21.1463],[104.5277,21.1484],[104.5267,21.1489],[104.5253,21.1485],[104.5245,21.1508],[104.5221,21.151],[104.5221,21.1543],[104.5186,21.1548],[104.5165,21.1572],[104.5143,21.1586],[104.5116,21.1635],[104.5104,21.1674],[104.5065,21.1705],[104.507,21.1728],[104.5089,21.1739],[104.51,21.1763],[104.5133,21.1796],[104.514,21.1824],[104.5136,21.1838],[104.5153,21.1858],[104.512,21.1876],[104.5108,21.1887],[104.5109,21.1911],[104.5085,21.1936],[104.5044,21.1958],[104.5011,21.197],[104.4998,21.1969],[104.4993,21.1988],[104.498,21.1995],[104.4975,21.2013],[104.493,21.2047],[104.4898,21.2056],[104.4881,21.2047],[104.4857,21.2056],[104.4863,21.2074],[104.4878,21.2096],[104.4903,21.2122],[104.4903,21.2135],[104.4919,21.2166],[104.4912,21.2179],[104.4915,21.2187],[104.4943,21.2198],[104.4946,21.2227],[104.4962,21.2244],[104.4945,21.2251],[104.4942,21.2262],[104.4959,21.2284],[104.4993,21.2305],[104.5054,21.2293],[104.5057,21.2301],[104.5053,21.2315],[104.5101,21.2326],[104.5113,21.238],[104.5135,21.2398]]]},"properties":{"code":"03856","name":"Bắc Yên","nameEn":"Bac Yen","fullName":"Xã Bắc Yên","fullNameEn":"Bac Yen Commune","codeName":"bac_yen","postalCode":"34606","postalCodePrefix":"","gisServerId":"diaphanhanhchinhcapxa_2025.1359","areaKm2":195.23},"id":"03856"},
{"type":"Feature","geometry":{"type":"Polygon","coordinates":[[[104.4338,21.3534],[104.4321,21.3546],[104.43,21.3545],[104.4282,21.3553],[104.4263,21.3574],[104.4248,21.3575],[104.4231,21.3595],[104.4219,21.3596],[104.42,21.3607],[104.4201,21.3649],[104.422,21.3683],[104.4204,21.3705],[104.4209,21.3736],[104.4204,21.3755],[104.4196,21.3772],[104.4181,21.3786],[104.4183,21.3801],[104.4143,21.3821],[104.4142,21.3843],[104.4126,21.3863],[104.4101,21.3878],[104.4042,21.3896],[104.4022,21.3909],[104.4,21.3908],[104.396,21.3924],[104.3951,21.3923],[104.3931,21.3908],[104.3898,21.3909],[104.3869,21.3895],[104.3826,21.3893],[104.3799,21.3914],[104.3776,21.3944],[104.3742,21.3948],[104.3736,21.3978],[104.3729,21.3983],[104.3716,21.3987],[104.3697,21.398],[104.3675,21.3998],[104.3659,21.4002],[104.3655,21.4009],[104.3637,21.4013],[104.3622,21.403],[104.3608,21.4068],[104.358,21.4089],[104.3562,21.4095],[104.356,21.4119],[104.3553,21.4123],[104.3547,21.4143],[104.351,21.4167],[104.351,21.4179],[104.3492,21.4171],[104.3471,21.4194],[104.3438,21.4178],[104.3421,21.4149],[104.3422,21.4129],[104.3436,21.4104],[104.3429,21.4091],[104.341,21.4099],[104.3396,21.4088],[104.3366,21.4079],[104.3347,21.4084],[104.3313,21.4081],[104.3298,21.4104],[104.3279,21.411],[104.3279,21.4127],[104.3268,21.4135],[104.327,21.4149],[104.326,21.4148],[104.3238,21.418],[104.323,21.4183],[104.3221,21.4194],[104.3219,21.4216],[104.3213,21.4221],[104.32,21.4255],[104.32,21.4281],[104.317,21.4293],[104.3153,21.4307],[104.314,21.4307],[104.3113,21.432],[104.3087,21.4315],[104.3062,21.433],[104.3038,21.4333],[104.3034,21.4354],[104.3037,21.4365],[104.3031,21.4375],[104.299,21.4388],[104.2953,21.4384],[104.2865,21.4324],[104.2842,21.4315],[104.2815,21.4314],[104.281,21.4318],[104.2791,21.4308],[104.2769,21.4284],[104.2768,21.4259],[104.2752,21.4233],[104.2736,21.4233],[104.2727,21.4227],[104.2689,21.4245],[104.2673,21.4245],[104.2676,21.4226],[104.2625,21.4162],[104.2624,21.4141],[104.2601,21.4122],[104.2579,21.4115],[104.2569,21.4101],[104.2568,21.4091],[104.2549,21.4079],[104.2541,21.4063],[104.2527,21.4065],[104.2521,21.4056],[104.2524,21.4034],[104.2517,21.4028],[104.2517,21.4016],[104.2509,21.4003],[104.2499,21.3996],[104.2501,21.398],[104.2481,21.397],[104.247,21.3953],[104.2486,21.3949],[104.2482,21.3922],[104.2472,21.3905],[104.2442,21.3908],[104.2435,21.389],[104.2421,21.3908],[104.2397,21.3896],[104.2345,21.3901],[104.2332,21.3889],[104.2314,21.3893],[104.23,21.3875],[104.2277,21.3888],[104.226,21.3887],[104.2254,21.3872],[104.2237,21.3866],[104.2247,21.3845],[104.2256,21.3842],[104.2272,21.3851],[104.2284,21.3839],[104.2271,21.3827],[104.226,21.3825],[104.2256,21.3814],[104.2186,21.3807],[104.2149,21.3814],[104.2139,21.3823],[104.2134,21.3823],[104.21,21.3795],[104.2096,21.378],[104.2104,21.376],[104.2081,21.374],[104.207,21.3721],[104.2053,21.3723],[104.2086,21.3696],[104.2099,21.3694],[104.2122,21.3618],[104.2247,21.3561],[104.2309,21.3474],[104.2354,21.3475],[104.2392,21.3468],[104.2384,21.3435],[104.242,21.3382],[104.2415,21.3365],[104.2421,21.3342],[104.2415,21.333],[104.243,21.3297],[104.242,21.328],[104.2488,21.3127],[104.2506,21.3113],[104.2516,21.3076],[104.2525,21.3071],[104.2516,21.3064],[104.2517,21.3053],[104.2499,21.3056],[104.2498,21.3049],[104.2483,21.3045],[104.2498,21.3029],[104.2504,21.3008],[104.2516,21.3021],[104.2528,21.3024],[104.2534,21.3034],[104.2564,21.3052],[104.2619,21.3072],[104.2577,21.3049],[104.2558,21.3032],[104.2543,21.3013],[104.2538,21.2984],[104.2672,21.2999],[104.2677,21.2993],[104.2704,21.299],[104.2717,21.2977],[104.2776,21.3049],[104.2774,21.3039],[104.2792,21.3027],[104.2801,21.3007],[104.2802,21.2989],[104.2809,21.298],[104.28,21.2971],[104.2801,21.2954],[104.2789,21.2927],[104.2804,21.2916],[104.2807,21.2896],[104.2817,21.2901],[104.2841,21.2886],[104.2863,21.2883],[104.288,21.287],[104.2896,21.2884],[104.291,21.2875],[104.2941,21.2866],[104.2984,21.2862],[104.3001,21.2869],[104.3033,21.2866],[104.3038,21.2874],[104.3055,21.2868],[104.3078,21.2843],[104.3096,21.2839],[104.3128,21.2809],[104.3134,21.2795],[104.3204,21.2749],[104.3208,21.2737],[104.3217,21.2727],[104.3226,21.2742],[104.3239,21.2749],[104.322,21.2759],[104.3212,21.2772],[104.3232,21.2784],[104.324,21.2797],[104.3232,21.2815],[104.3225,21.2815],[104.3216,21.2804],[104.3198,21.2811],[104.3185,21.2829],[104.322,21.2846],[104.3218,21.2856],[104.3227,21.289],[104.3223,21.2906],[104.3256,21.2939],[104.3268,21.297],[104.3269,21.2983],[104.3261,21.2995],[104.3267,21.3009],[104.3259,21.3018],[104.3266,21.3033],[104.3256,21.304],[104.3257,21.3053],[104.3245,21.3066],[104.3258,21.3083],[104.3275,21.3087],[104.3293,21.3098],[104.33,21.3117],[104.3295,21.3125],[104.3307,21.3128],[104.3302,21.3143],[104.3284,21.3139],[104.3285,21.3163],[104.3292,21.3174],[104.3307,21.3184],[104.334,21.3192],[104.336,21.3178],[104.3371,21.3182],[104.3419,21.3164],[104.3433,21.317],[104.3437,21.3157],[104.3462,21.3139],[104.3468,21.3113],[104.3476,21.3102],[104.3503,21.3089],[104.3514,21.3091],[104.3525,21.3119],[104.3539,21.3126],[104.3549,21.3145],[104.3544,21.3182],[104.3557,21.3174],[104.3581,21.3185],[104.3601,21.3171],[104.3613,21.3179],[104.3626,21.3165],[104.3664,21.3156],[104.3672,21.3132],[104.3685,21.3123],[104.3704,21.3129],[104.371,21.3147],[104.3715,21.3146],[104.3723,21.313],[104.3727,21.314],[104.3736,21.3136],[104.3735,21.3148],[104.3754,21.3145],[104.3766,21.3153],[104.3777,21.3144],[104.3779,21.3123],[104.3789,21.3121],[104.3789,21.3115],[104.3803,21.3101],[104.3823,21.3115],[104.3817,21.3127],[104.3819,21.3144],[104.3833,21.3148],[104.3836,21.3167],[104.3861,21.3168],[104.3872,21.3163],[104.3888,21.317],[104.3895,21.3162],[104.39,21.3164],[104.3902,21.3148],[104.3898,21.3139],[104.3919,21.3124],[104.3921,21.3114],[104.3934,21.311],[104.3941,21.3119],[104.3951,21.312],[104.3972,21.314],[104.3975,21.3161],[104.3998,21.3164],[104.4008,21.315],[104.4028,21.3159],[104.4048,21.315],[104.4104,21.3166],[104.4144,21.3171],[104.4157,21.3165],[104.4208,21.3171],[104.4255,21.3245],[104.4256,21.3269],[104.4264,21.3272],[104.4284,21.3305],[104.4292,21.3309],[104.4311,21.3308],[104.4334,21.3321],[104.4355,21.3346],[104.4348,21.3358],[104.4344,21.3381],[104.4354,21.343],[104.4347,21.3472],[104.4355,21.3488],[104.4338,21.3534]]]},"properties":{"code":"03862","name":"Xím Vàng","nameEn":"Xim Vang","fullName":"Xã Xím Vàng","fullNameEn":"Xim Vang Commune","codeName":"xim_vang","postalCode":"34609","postalCodePrefix":"","gisServerId":"diaphanhanhchinhcapxa_2025.1360","areaKm2":232.35},"id":"03862"},
{"type":"Feature","geometry":{"type":"Polygon","coordinates":[[[104.3748,21.2507],[104.3769,21.2514],[104.3784,21.2526],[104.3795,21.2525],[104.3798,21.2537],[104.3938,21.2526],[104.3976,21.2534],[104.3971,21.2552],[104.3987,21.2566],[104.3996,21.2593],[104.4045,21.2617],[104.4104,21.2658],[104.414,21.2725],[104.4197,21.2755],[104.4219,21.278],[104.4241,21.2764],[104.4275,21.2758],[104.4309,21.2774],[104.4319,21.2774],[104.4327,21.2773],[104.4352,21.2742],[104.4377,21.2725],[104.4417,21.2719],[104.4447,21.2704],[104.4461,21.2703],[104.4491,21.2711],[104.4516,21.2695],[104.4531,21.2677],[104.4543,21.2673],[104.4586,21.2669],[104.4615,21.2657],[104.4626,21.2664],[104.4647,21.2648],[104.4665,21.265],[104.467,21.2638],[104.4704,21.2628],[104.4704,21.2622],[104.4724,21.2605],[104.4775,21.2597],[104.4776,21.2587],[104.4797,21.2584],[104.4814,21.2573],[104.4842,21.2572],[104.4864,21.2585],[104.488,21.2583],[104.4913,21.2593],[104.492,21.2581],[104.4933,21.2573],[104.494,21.256],[104.4989,21.2539],[104.4994,21.251],[104.5018,21.2489],[104.5015,21.2466],[104.5019,21.2437],[104.5032,21.2411],[104.5047,21.2407],[104.51,21.2408],[104.5135,21.2398],[104.5179,21.2418],[104.5198,21.2481],[104.5226,21.2513],[104.526,21.2533],[104.5261,21.2566],[104.5315,21.2586],[104.5348,21.2574],[104.5383,21.2577],[104.5407,21.2575],[104.5425,21.2583],[104.5429,21.2598],[104.5412,21.2662],[104.5417,21.2674],[104.5437,21.2676],[104.5452,21.2696],[104.5476,21.2696],[104.5499,21.2689],[104.5507,21.271],[104.5498,21.2725],[104.5516,21.2739],[104.5534,21.2766],[104.553,21.2789],[104.552,21.2798],[104.5523,21.2811],[104.5555,21.2817],[104.5536,21.2855],[104.5523,21.2863],[104.5525,21.287],[104.5526,21.2871],[104.5545,21.288],[104.5547,21.2886],[104.5542,21.2899],[104.5569,21.2913],[104.5568,21.2927],[104.5581,21.2934],[104.5587,21.2944],[104.5614,21.2949],[104.5605,21.2971],[104.5618,21.2986],[104.5615,21.3005],[104.5627,21.3019],[104.563,21.3038],[104.5651,21.3048],[104.5658,21.3069],[104.5674,21.3079],[104.5657,21.3086],[104.5672,21.3095],[104.568,21.3108],[104.5675,21.3117],[104.566,21.3126],[104.5661,21.3144],[104.567,21.3154],[104.565,21.3185],[104.5657,21.322],[104.5649,21.3223],[104.5646,21.3232],[104.5628,21.3225],[104.5601,21.3272],[104.5605,21.329],[104.5624,21.3287],[104.5625,21.3296],[104.5638,21.3301],[104.5648,21.3316],[104.5594,21.3343],[104.5586,21.3359],[104.5601,21.336],[104.5592,21.3366],[104.5598,21.3375],[104.5589,21.3378],[104.5585,21.3399],[104.5578,21.3408],[104.5579,21.3419],[104.5567,21.3429],[104.5591,21.3442],[104.5581,21.3451],[104.5588,21.3453],[104.5586,21.3463],[104.5598,21.347],[104.5607,21.3485],[104.5604,21.3495],[104.5622,21.3518],[104.5619,21.3527],[104.5605,21.3536],[104.5619,21.3547],[104.5648,21.3556],[104.565,21.3566],[104.567,21.3577],[104.5664,21.3586],[104.563,21.3591],[104.5633,21.36],[104.5649,21.3611],[104.5642,21.3614],[104.5647,21.3622],[104.5626,21.3637],[104.5628,21.3647],[104.5641,21.3647],[104.5648,21.3656],[104.5659,21.3647],[104.5691,21.3643],[104.5702,21.3655],[104.568,21.3675],[104.5689,21.3691],[104.5687,21.3696],[104.5657,21.3724],[104.5663,21.373],[104.5657,21.3732],[104.5656,21.374],[104.566,21.375],[104.5639,21.3749],[104.5643,21.3771],[104.5634,21.3775],[104.5605,21.3771],[104.5601,21.3777],[104.5593,21.3775],[104.5598,21.3786],[104.5586,21.3795],[104.5571,21.3778],[104.5561,21.3797],[104.5553,21.3794],[104.5545,21.3808],[104.5533,21.3807],[104.552,21.3818],[104.5509,21.3819],[104.55,21.3827],[104.5475,21.3823],[104.5464,21.3811],[104.5455,21.3816],[104.5446,21.3836],[104.5432,21.3845],[104.5431,21.3865],[104.5424,21.3879],[104.5434,21.39],[104.5402,21.3938],[104.5408,21.3952],[104.54,21.3952],[104.5391,21.3961],[104.5415,21.3999],[104.5431,21.4012],[104.5429,21.4027],[104.5449,21.4049],[104.5461,21.4074],[104.5483,21.4081],[104.549,21.4098],[104.55,21.4106],[104.5482,21.4103],[104.5468,21.4109],[104.5466,21.412],[104.5457,21.4126],[104.5428,21.4131],[104.5405,21.4141],[104.5347,21.4138],[104.5323,21.4144],[104.5279,21.4127],[104.5275,21.4111],[104.5241,21.4084],[104.5217,21.4063],[104.5217,21.4054],[104.5206,21.4048],[104.5202,21.4035],[104.5206,21.4016],[104.519,21.3988],[104.5174,21.3979],[104.5162,21.3965],[104.5142,21.3959],[104.5153,21.3931],[104.5143,21.3919],[104.5141,21.3889],[104.5093,21.3853],[104.5093,21.3838],[104.5078,21.3825],[104.5079,21.3812],[104.5062,21.3803],[104.5061,21.3794],[104.5049,21.3783],[104.5051,21.3769],[104.5005,21.3751],[104.4989,21.3738],[104.4968,21.3744],[104.4932,21.3732],[104.4921,21.3716],[104.4905,21.3704],[104.49,21.3686],[104.4878,21.3659],[104.4862,21.3642],[104.4835,21.363],[104.4834,21.3602],[104.4818,21.357],[104.4782,21.3548],[104.4763,21.3527],[104.4701,21.3513],[104.4655,21.3521],[104.4636,21.3533],[104.4607,21.3525],[104.4598,21.3532],[104.4549,21.3543],[104.4531,21.3554],[104.4512,21.3553],[104.4477,21.357],[104.4462,21.3564],[104.4442,21.3568],[104.4388,21.3559],[104.4338,21.3534],[104.4355,21.3488],[104.4347,21.3472],[104.4354,21.343],[104.4344,21.3381],[104.4348,21.3358],[104.4355,21.3346],[104.4334,21.3321],[104.4311,21.3308],[104.4292,21.3309],[104.4284,21.3305],[104.4264,21.3272],[104.4256,21.3269],[104.4255,21.3245],[104.4208,21.3171],[104.4157,21.3165],[104.4144,21.3171],[104.4104,21.3166],[104.4048,21.315],[104.4028,21.3159],[104.4008,21.315],[104.3998,21.3164],[104.3975,21.3161],[104.3972,21.314],[104.3951,21.312],[104.3941,21.3119],[104.3934,21.311],[104.3921,21.3114],[104.3919,21.3124],[104.3898,21.3139],[104.3902,21.3148],[104.39,21.3164],[104.3895,21.3162],[104.3888,21.317],[104.3872,21.3163],[104.3861,21.3168],[104.3836,21.3167],[104.3833,21.3148],[104.3819,21.3144],[104.3817,21.3127],[104.3823,21.3115],[104.3803,21.3101],[104.3789,21.3115],[104.3789,21.3121],[104.3779,21.3123],[104.3777,21.3144],[104.3766,21.3153],[104.3754,21.3145],[104.3735,21.3148],[104.3736,21.3136],[104.3727,21.314],[104.3723,21.313],[104.3715,21.3146],[104.371,21.3147],[104.3704,21.3129],[104.3685,21.3123],[104.3672,21.3132],[104.3664,21.3156],[104.3626,21.3165],[104.3613,21.3179],[104.3601,21.3171],[104.3581,21.3185],[104.3557,21.3174],[104.3544,21.3182],[104.3549,21.3145],[104.3539,21.3126],[104.3525,21.3119],[104.3514,21.3091],[104.3503,21.3089],[104.3476,21.3102],[104.3468,21.3113],[104.3462,21.3139],[104.3437,21.3157],[104.3433,21.317],[104.3419,21.3164],[104.3371,21.3182],[104.336,21.3178],[104.334,21.3192],[104.3307,21.3184],[104.3292,21.3174],[104.3285,21.3163],[104.3284,21.3139],[104.3302,21.3143],[104.3307,21.3128],[104.3295,21.3125],[104.33,21.3117],[104.3293,21.3098],[104.3275,21.3087],[104.3258,21.3083],[104.3245,21.3066],[104.3257,21.3053],[104.3256,21.304],[104.3266,21.3033],[104.3259,21.3018],[104.3267,21.3009],[104.3261,21.2995],[104.3269,21.2983],[104.3268,21.297],[104.3256,21.2939],[104.3223,21.2906],[104.3227,21.289],[104.3218,21.2856],[104.322,21.2846],[104.3185,21.2829],[104.3198,21.2811],[104.3216,21.2804],[104.3225,21.2815],[104.3232,21.2815],[104.324,21.2797],[104.3232,21.2784],[104.3212,21.2772],[104.322,21.2759],[104.3239,21.2749],[104.3226,21.2742],[104.3217,21.2727],[104.329,21.2703],[104.3411,21.2691],[104.3426,21.2694],[104.3451,21.2689],[104.3457,21.2699],[104.348,21.2697],[104.3493,21.2704],[104.3514,21.2704],[104.3529,21.271],[104.3539,21.2717],[104.3537,21.2732],[104.3547,21.2736],[104.3551,21.2751],[104.3548,21.2756],[104.3563,21.2766],[104.3563,21.2773],[104.3611,21.279],[104.3599,21.2767],[104.3616,21.2738],[104.3614,21.273],[104.3621,21.2719],[104.3608,21.2694],[104.3607,21.2671],[104.3615,21.2664],[104.3614,21.265],[104.3624,21.2636],[104.3614,21.2612],[104.3623,21.2588],[104.3672,21.2557],[104.3681,21.2523],[104.3722,21.2505],[104.3748,21.2507]]]},"properties":{"code":"03868","name":"Tà Xùa","nameEn":"Ta Xua","fullName":"Xã Tà Xùa","fullNameEn":"Ta Xua Commune","codeName":"ta_xua","postalCode":"34607","postalCodePrefix":"","gisServerId":"diaphanhanhchinhcapxa_2025.1361","areaKm2":233.67},"id":"03868"},
{"type":"Feature","geometry":{"type":"Polygon","coordinates":[[[104.2053,21.3723],[104.2049,21.3687],[104.2028,21.3753],[104.2042,21.3798],[104.2025,21.3797],[104.1987,21.3815],[104.1935,21.3791],[104.1919,21.3789],[104.1897,21.3763],[104.187,21.3745],[104.1863,21.3732],[104.1865,21.3723],[104.1853,21.3708],[104.1832,21.3696],[104.1792,21.3657],[104.1766,21.3646],[104.1738,21.3644],[104.1716,21.3635],[104.1722,21.3621],[104.1757,21.3581],[104.1766,21.3548],[104.1756,21.3516],[104.1716,21.3489],[104.1696,21.3451],[104.1682,21.3408],[104.1693,21.3341],[104.1726,21.3239],[104.1735,21.3228],[104.1863,21.3145],[104.1918,21.3113],[104.1952,21.3105],[104.1993,21.3093],[104.2028,21.3071],[104.2059,21.3024],[104.2084,21.2954],[104.218,21.2896],[104.2266,21.2811],[104.2374,21.273],[104.242,21.2669],[104.246,21.2633],[104.2519,21.2611],[104.263,21.2605],[104.2702,21.2577],[104.2721,21.2565],[104.281,21.2479],[104.2904,21.2421],[104.2921,21.2396],[104.2958,21.2329],[104.2982,21.2302],[104.304,21.2269],[104.3136,21.2241],[104.324,21.2182],[104.3277,21.2175],[104.3332,21.2175],[104.3397,21.2184],[104.3438,21.218],[104.3451,21.2221],[104.3482,21.2255],[104.3494,21.2279],[104.3502,21.231],[104.3538,21.2324],[104.354,21.2343],[104.3553,21.2364],[104.357,21.2356],[104.3627,21.2357],[104.3658,21.2342],[104.3716,21.2334],[104.3722,21.2348],[104.3721,21.2364],[104.3739,21.2385],[104.3737,21.2424],[104.3748,21.2441],[104.3746,21.2479],[104.3752,21.2501],[104.3748,21.2507],[104.3722,21.2505],[104.3681,21.2523],[104.3672,21.2557],[104.3623,21.2588],[104.3614,21.2612],[104.3624,21.2636],[104.3614,21.265],[104.3615,21.2664],[104.3607,21.2671],[104.3608,21.2694],[104.3621,21.2719],[104.3614,21.273],[104.3616,21.2738],[104.3599,21.2767],[104.3611,21.279],[104.3563,21.2773],[104.3563,21.2766],[104.3548,21.2756],[104.3551,21.2751],[104.3547,21.2736],[104.3537,21.2732],[104.3539,21.2717],[104.3529,21.271],[104.3514,21.2704],[104.3493,21.2704],[104.348,21.2697],[104.3457,21.2699],[104.3451,21.2689],[104.3426,21.2694],[104.3411,21.2691],[104.329,21.2703],[104.3217,21.2727],[104.3208,21.2737],[104.3204,21.2749],[104.3134,21.2795],[104.3128,21.2809],[104.3096,21.2839],[104.3078,21.2843],[104.3055,21.2868],[104.3038,21.2874],[104.3033,21.2866],[104.3001,21.2869],[104.2984,21.2862],[104.2941,21.2866],[104.291,21.2875],[104.2896,21.2884],[104.288,21.287],[104.2863,21.2883],[104.2841,21.2886],[104.2817,21.2901],[104.2807,21.2896],[104.2804,21.2916],[104.2789,21.2927],[104.2801,21.2954],[104.28,21.2971],[104.2809,21.298],[104.2802,21.2989],[104.2801,21.3007],[104.2792,21.3027],[104.2774,21.3039],[104.2776,21.3049],[104.2717,21.2977],[104.2704,21.299],[104.2677,21.2993],[104.2672,21.2999],[104.2538,21.2984],[104.2543,21.3013],[104.2558,21.3032],[104.2577,21.3049],[104.2619,21.3072],[104.2564,21.3052],[104.2534,21.3034],[104.2528,21.3024],[104.2516,21.3021],[104.2504,21.3008],[104.2498,21.3029],[104.2483,21.3045],[104.2498,21.3049],[104.2499,21.3056],[104.2517,21.3053],[104.2516,21.3064],[104.2525,21.3071],[104.2516,21.3076],[104.2506,21.3113],[104.2488,21.3127],[104.242,21.328],[104.243,21.3297],[104.2415,21.333],[104.2421,21.3342],[104.2415,21.3365],[104.242,21.3382],[104.2384,21.3435],[104.2392,21.3468],[104.2354,21.3475],[104.2309,21.3474],[104.2247,21.3561],[104.2122,21.3618],[104.2099,21.3694],[104.2086,21.3696],[104.2053,21.3723]]]},"properties":{"code":"03871","name":"Pắc Ngà","nameEn":"Pac Nga","fullName":"Xã Pắc Ngà","fullNameEn":"Pac Nga Commune","codeName":"pac_nga","postalCode":"34611","postalCodePrefix":"","gisServerId":"diaphanhanhchinhcapxa_2025.1362","areaKm2":122.59},"id":"03871"},
{"type":"Feature","geometry":{"type":"Polygon","coordinates":[[[104.3438,21.218],[104.3397,21.2184],[104.3332,21.2175],[104.3277,21.2175],[104.324,21.2182],[104.3136,21.2241],[104.304,21.2269],[104.2982,21.2302],[104.2958,21.2329],[104.2921,21.2396],[104.2833,21.2323],[104.282,21.2319],[104.28,21.2291],[104.2796,21.2273],[104.2781,21.225],[104.2781,21.2238],[104.2776,21.2232],[104.2782,21.2198],[104.2771,21.2189],[104.2762,21.2162],[104.2751,21.2148],[104.2751,21.2139],[104.2744,21.2144],[104.269,21.2153],[104.2664,21.215],[104.2628,21.217],[104.26,21.2206],[104.2577,21.2225],[104.2565,21.2222],[104.2555,21.2196],[104.2559,21.2183],[104.2546,21.2166],[104.2543,21.2143],[104.2519,21.213],[104.2495,21.2105],[104.2471,21.2102],[104.2457,21.2114],[104.2381,21.2081],[104.2342,21.2035],[104.2329,21.2028],[104.2307,21.2024],[104.2284,21.1995],[104.2228,21.1966],[104.2215,21.1947],[104.2215,21.1928],[104.2202,21.1917],[104.2221,21.191],[104.2249,21.187],[104.2269,21.1862],[104.2277,21.186],[104.2284,21.1838],[104.2297,21.1835],[104.2313,21.1814],[104.2314,21.1799],[104.2333,21.1791],[104.2336,21.1772],[104.2377,21.175],[104.2383,21.1739],[104.2378,21.173],[104.2418,21.1687],[104.2447,21.168],[104.2519,21.1642],[104.2542,21.1636],[104.2563,21.1619],[104.2562,21.1602],[104.2569,21.1593],[104.2588,21.1591],[104.2623,21.1577],[104.2634,21.1577],[104.268,21.1524],[104.2703,21.1476],[104.2727,21.1464],[104.2749,21.1444],[104.2785,21.1426],[104.2836,21.1416],[104.2856,21.1397],[104.2884,21.1404],[104.29,21.14],[104.2925,21.1363],[104.2927,21.1347],[104.2955,21.1315],[104.2971,21.1319],[104.3035,21.1303],[104.3067,21.128],[104.3079,21.1284],[104.3104,21.1282],[104.3113,21.1288],[104.3132,21.1266],[104.316,21.1259],[104.3172,21.1247],[104.3202,21.1211],[104.3209,21.1188],[104.3215,21.1183],[104.3248,21.1173],[104.3286,21.1147],[104.3336,21.1128],[104.3353,21.1115],[104.3374,21.1108],[104.3402,21.1085],[104.3426,21.1078],[104.3437,21.1069],[104.3452,21.1079],[104.351,21.1071],[104.355,21.1052],[104.3572,21.1064],[104.3571,21.1088],[104.3584,21.1089],[104.3603,21.1081],[104.366,21.1003],[104.3712,21.0982],[104.3784,21.0939],[104.3821,21.0904],[104.3825,21.0919],[104.3842,21.0946],[104.3888,21.0952],[104.3913,21.0965],[104.3926,21.0993],[104.3949,21.1015],[104.3957,21.1045],[104.3995,21.108],[104.4044,21.1115],[104.4061,21.112],[104.4089,21.1137],[104.4098,21.1131],[104.4111,21.1134],[104.415,21.1165],[104.4164,21.1169],[104.4182,21.1162],[104.4225,21.1174],[104.4257,21.1159],[104.4268,21.1168],[104.4292,21.1206],[104.4314,21.1226],[104.4355,21.1239],[104.4363,21.1234],[104.4373,21.1213],[104.4404,21.1209],[104.4412,21.1204],[104.4415,21.118],[104.4433,21.1169],[104.4459,21.1174],[104.4486,21.1186],[104.4512,21.1181],[104.4527,21.1209],[104.4559,21.1215],[104.4579,21.1286],[104.4581,21.1316],[104.4559,21.131],[104.4522,21.1311],[104.4487,21.1331],[104.4414,21.1404],[104.4388,21.142],[104.4332,21.1433],[104.4269,21.1436],[104.4229,21.1453],[104.4212,21.148],[104.4202,21.1512],[104.4194,21.1569],[104.4188,21.1581],[104.4119,21.1629],[104.4092,21.1655],[104.407,21.1689],[104.4043,21.1759],[104.3909,21.1912],[104.3853,21.1986],[104.3818,21.2013],[104.3669,21.209],[104.3573,21.2128],[104.3535,21.2139],[104.3472,21.217],[104.3438,21.218]]]},"properties":{"code":"03880","name":"Tạ Khoa","nameEn":"Ta Khoa","fullName":"Xã Tạ Khoa","fullNameEn":"Ta Khoa Commune","codeName":"ta_khoa","postalCode":"34616","postalCodePrefix":"","gisServerId":"diaphanhanhchinhcapxa_2025.1363","areaKm2":191.88},"id":"03880"},
{"type":"Feature","geometry":{"type":"Polygon","coordinates":[[[104.5149,21.0979],[104.5037,21.1057],[104.5019,21.1066],[104.499,21.1069],[104.4967,21.1078],[104.4811,21.1157],[104.4784,21.1181],[104.4719,21.1268],[104.4698,21.129],[104.4667,21.1311],[104.4625,21.1323],[104.4581,21.1316],[104.4579,21.1286],[104.4559,21.1215],[104.4527,21.1209],[104.4512,21.1181],[104.4486,21.1186],[104.4459,21.1174],[104.4433,21.1169],[104.4415,21.118],[104.4412,21.1204],[104.4404,21.1209],[104.4373,21.1213],[104.4363,21.1234],[104.4355,21.1239],[104.4314,21.1226],[104.4292,21.1206],[104.4268,21.1168],[104.4257,21.1159],[104.4225,21.1174],[104.4182,21.1162],[104.4164,21.1169],[104.415,21.1165],[104.4111,21.1134],[104.4098,21.1131],[104.4089,21.1137],[104.4061,21.112],[104.4044,21.1115],[104.3995,21.108],[104.3957,21.1045],[104.3949,21.1015],[104.3926,21.0993],[104.3913,21.0965],[104.3888,21.0952],[104.3842,21.0946],[104.3825,21.0919],[104.3821,21.0904],[104.381,21.0757],[104.3831,21.0753],[104.3854,21.0757],[104.3867,21.0741],[104.3887,21.074],[104.3939,21.072],[104.3954,21.0693],[104.3982,21.0683],[104.3995,21.0685],[104.4012,21.0701],[104.4085,21.0689],[104.4084,21.0654],[104.4096,21.0648],[104.4099,21.064],[104.4113,21.0636],[104.4125,21.0617],[104.415,21.0599],[104.4171,21.0566],[104.422,21.0561],[104.4237,21.0572],[104.427,21.0566],[104.4306,21.0583],[104.4391,21.0516],[104.4419,21.0523],[104.4419,21.0532],[104.445,21.0528],[104.4464,21.0517],[104.4515,21.0532],[104.4548,21.0501],[104.4577,21.0461],[104.465,21.0412],[104.4706,21.0405],[104.4717,21.0398],[104.473,21.0381],[104.4727,21.0366],[104.4742,21.0356],[104.475,21.034],[104.4767,21.0331],[104.4772,21.032],[104.4785,21.0322],[104.4798,21.0331],[104.4832,21.0315],[104.4896,21.0308],[104.4898,21.0299],[104.4908,21.0298],[104.4926,21.0282],[104.4946,21.0278],[104.4959,21.0289],[104.4963,21.0271],[104.4979,21.0274],[104.5026,21.0269],[104.5041,21.0274],[104.5051,21.0262],[104.5074,21.025],[104.5087,21.0234],[104.5112,21.0228],[104.5138,21.0213],[104.5155,21.0213],[104.5185,21.0195],[104.5195,21.0172],[104.5217,21.0168],[104.5223,21.016],[104.524,21.0159],[104.5257,21.0131],[104.5292,21.011],[104.5321,21.01],[104.5332,21.0113],[104.5348,21.0157],[104.5369,21.0172],[104.5426,21.0272],[104.5426,21.029],[104.5418,21.0307],[104.5421,21.0326],[104.5416,21.034],[104.5421,21.0351],[104.5415,21.0375],[104.5402,21.039],[104.541,21.0418],[104.5407,21.0432],[104.5421,21.0448],[104.5424,21.046],[104.5417,21.0499],[104.5445,21.0528],[104.5468,21.056],[104.5491,21.0574],[104.5497,21.0587],[104.5497,21.0615],[104.5519,21.0648],[104.5561,21.0651],[104.5573,21.0646],[104.5621,21.0611],[104.5638,21.0579],[104.5672,21.0534],[104.5713,21.0536],[104.5699,21.0608],[104.5702,21.077],[104.5688,21.0798],[104.566,21.0826],[104.5644,21.0836],[104.5632,21.0838],[104.5519,21.0804],[104.5488,21.0782],[104.5424,21.0706],[104.5329,21.0691],[104.5272,21.0688],[104.5252,21.0692],[104.5233,21.0701],[104.5201,21.0729],[104.5178,21.0766],[104.5174,21.0793],[104.5179,21.0895],[104.5165,21.0948],[104.5149,21.0979]]]},"properties":{"code":"03892","name":"Chiềng Sại","nameEn":"Chieng Sai","fullName":"Xã Chiềng Sại","fullNameEn":"Chieng Sai Commune","codeName":"chieng_sai","postalCode":"34618","postalCodePrefix":"","gisServerId":"diaphanhanhchinhcapxa_2025.1364","areaKm2":124.55},"id":"03892"},
{"type":"Feature","geometry":{"type":"Polygon","coordinates":[[[104.6483,21.3834],[104.6462,21.3829],[104.6445,21.384],[104.6435,21.384],[104.6429,21.3855],[104.6404,21.3881],[104.6385,21.3876],[104.6352,21.3894],[104.6316,21.3927],[104.6308,21.3945],[104.6258,21.3964],[104.6228,21.3969],[104.6223,21.3981],[104.6215,21.3985],[104.6205,21.3998],[104.6203,21.401],[104.6163,21.4014],[104.6125,21.4041],[104.6105,21.4067],[104.6108,21.4079],[104.6093,21.4095],[104.6083,21.4123],[104.6083,21.4137],[104.6073,21.4148],[104.6071,21.4159],[104.6048,21.4162],[104.5989,21.4192],[104.5946,21.4204],[104.5907,21.423],[104.5878,21.423],[104.5835,21.4202],[104.5818,21.417],[104.5811,21.4141],[104.5815,21.411],[104.5799,21.4103],[104.579,21.4087],[104.5759,21.41],[104.5751,21.4109],[104.5715,21.411],[104.5698,21.413],[104.5662,21.411],[104.5656,21.4101],[104.5591,21.4089],[104.5571,21.4097],[104.5534,21.409],[104.5508,21.4097],[104.55,21.4106],[104.549,21.4098],[104.5483,21.4081],[104.5461,21.4074],[104.5449,21.4049],[104.5429,21.4027],[104.5431,21.4012],[104.5415,21.3999],[104.5391,21.3961],[104.54,21.3952],[104.5408,21.3952],[104.5402,21.3938],[104.5434,21.39],[104.5424,21.3879],[104.5431,21.3865],[104.5432,21.3845],[104.5446,21.3836],[104.5455,21.3816],[104.5464,21.3811],[104.5475,21.3823],[104.55,21.3827],[104.5509,21.3819],[104.552,21.3818],[104.5533,21.3807],[104.5545,21.3808],[104.5553,21.3794],[104.5561,21.3797],[104.5571,21.3778],[104.5586,21.3795],[104.5598,21.3786],[104.5593,21.3775],[104.5601,21.3777],[104.5605,21.3771],[104.5634,21.3775],[104.5643,21.3771],[104.5639,21.3749],[104.566,21.375],[104.5656,21.374],[104.5657,21.3732],[104.5663,21.373],[104.5657,21.3724],[104.5687,21.3696],[104.5689,21.3691],[104.568,21.3675],[104.5702,21.3655],[104.5691,21.3643],[104.5659,21.3647],[104.5648,21.3656],[104.5641,21.3647],[104.5628,21.3647],[104.5626,21.3637],[104.5647,21.3622],[104.5642,21.3614],[104.5649,21.3611],[104.5633,21.36],[104.563,21.3591],[104.5664,21.3586],[104.567,21.3577],[104.565,21.3566],[104.5648,21.3556],[104.5619,21.3547],[104.5605,21.3536],[104.5619,21.3527],[104.5622,21.3518],[104.5604,21.3495],[104.5607,21.3485],[104.5598,21.347],[104.5586,21.3463],[104.5588,21.3453],[104.5581,21.3451],[104.5591,21.3442],[104.5567,21.3429],[104.5579,21.3419],[104.5578,21.3408],[104.5585,21.3399],[104.5589,21.3378],[104.5598,21.3375],[104.5592,21.3366],[104.5601,21.336],[104.5586,21.3359],[104.5594,21.3343],[104.5648,21.3316],[104.5638,21.3301],[104.5625,21.3296],[104.5624,21.3287],[104.5605,21.329],[104.5601,21.3272],[104.5628,21.3225],[104.5646,21.3232],[104.5649,21.3223],[104.5657,21.322],[104.565,21.3185],[104.567,21.3154],[104.5661,21.3144],[104.566,21.3126],[104.5675,21.3117],[104.568,21.3108],[104.5672,21.3095],[104.5657,21.3086],[104.5674,21.3079],[104.5658,21.3069],[104.5651,21.3048],[104.563,21.3038],[104.5627,21.3019],[104.5615,21.3005],[104.5618,21.2986],[104.5605,21.2971],[104.5614,21.2949],[104.5587,21.2944],[104.5581,21.2934],[104.5568,21.2927],[104.5569,21.2913],[104.5542,21.2899],[104.5547,21.2886],[104.5545,21.288],[104.5526,21.2871],[104.5525,21.287],[104.5523,21.2863],[104.5536,21.2855],[104.5555,21.2817],[104.5523,21.2811],[104.552,21.2798],[104.553,21.2789],[104.5534,21.2766],[104.5516,21.2739],[104.5498,21.2725],[104.5507,21.271],[104.5499,21.2689],[104.5476,21.2696],[104.5452,21.2696],[104.5437,21.2676],[104.5417,21.2674],[104.5412,21.2662],[104.5429,21.2598],[104.5425,21.2583],[104.5407,21.2575],[104.5383,21.2577],[104.5348,21.2574],[104.5315,21.2586],[104.5261,21.2566],[104.526,21.2533],[104.5226,21.2513],[104.5198,21.2481],[104.5179,21.2418],[104.5135,21.2398],[104.5113,21.238],[104.5101,21.2326],[104.513,21.2309],[104.5131,21.2298],[104.5143,21.2286],[104.5175,21.2287],[104.5209,21.227],[104.5223,21.2276],[104.5231,21.2272],[104.524,21.2279],[104.5261,21.2267],[104.5273,21.2268],[104.528,21.2274],[104.5289,21.2272],[104.5324,21.225],[104.532,21.2239],[104.5364,21.2217],[104.5375,21.2224],[104.5409,21.2275],[104.5434,21.2286],[104.5439,21.2296],[104.5557,21.2267],[104.5644,21.2223],[104.5693,21.2232],[104.5696,21.2249],[104.5706,21.2255],[104.5712,21.2274],[104.5735,21.23],[104.573,21.2329],[104.5733,21.2364],[104.571,21.2393],[104.566,21.2426],[104.5654,21.245],[104.5627,21.2464],[104.5616,21.2465],[104.5636,21.2469],[104.5661,21.2483],[104.5674,21.2499],[104.5708,21.2515],[104.5723,21.2562],[104.5707,21.2579],[104.5707,21.2589],[104.5696,21.2602],[104.5713,21.2639],[104.5747,21.2655],[104.5771,21.2658],[104.5786,21.2653],[104.58,21.2639],[104.5927,21.2627],[104.5952,21.266],[104.6004,21.2691],[104.6023,21.2722],[104.6042,21.2738],[104.6044,21.2799],[104.6029,21.2839],[104.6034,21.2854],[104.6061,21.2875],[104.6072,21.2897],[104.6094,21.2915],[104.6111,21.2901],[104.6138,21.2903],[104.6166,21.2897],[104.6168,21.289],[104.619,21.2884],[104.6209,21.2887],[104.622,21.2861],[104.624,21.2841],[104.6265,21.2826],[104.6356,21.2893],[104.6357,21.2913],[104.639,21.2918],[104.6392,21.2902],[104.643,21.287],[104.6495,21.2869],[104.652,21.2859],[104.6554,21.2861],[104.6593,21.2851],[104.662,21.2853],[104.6635,21.2847],[104.6658,21.283],[104.6655,21.2806],[104.6737,21.2866],[104.6761,21.2895],[104.6795,21.2918],[104.6805,21.2946],[104.6849,21.2973],[104.6851,21.2985],[104.6865,21.3007],[104.6846,21.3027],[104.6843,21.3047],[104.6851,21.3077],[104.6846,21.3086],[104.6809,21.311],[104.6815,21.3136],[104.6805,21.3153],[104.6802,21.3176],[104.6803,21.3183],[104.6818,21.3191],[104.6821,21.3214],[104.6841,21.3253],[104.6836,21.3274],[104.6749,21.3266],[104.675,21.328],[104.6742,21.3298],[104.6708,21.3311],[104.6676,21.3343],[104.666,21.3346],[104.6647,21.3334],[104.6639,21.3317],[104.6635,21.3317],[104.659,21.3335],[104.6593,21.3355],[104.6593,21.3361],[104.6592,21.3381],[104.6601,21.34],[104.6599,21.3415],[104.6584,21.3419],[104.657,21.3449],[104.6575,21.3475],[104.6582,21.3482],[104.6577,21.3502],[104.656,21.3518],[104.6502,21.3518],[104.6507,21.3525],[104.6502,21.3537],[104.6519,21.3552],[104.652,21.356],[104.6501,21.3569],[104.6483,21.3564],[104.6491,21.3587],[104.6473,21.3595],[104.6469,21.3614],[104.6458,21.3616],[104.6458,21.3626],[104.645,21.363],[104.646,21.3662],[104.6444,21.3672],[104.6438,21.3692],[104.6441,21.3717],[104.6431,21.3739],[104.6439,21.374],[104.6474,21.3781],[104.6473,21.379],[104.6486,21.3804],[104.6483,21.3834]]]},"properties":{"code":"03901","name":"Suối Tọ","nameEn":"Suoi To","fullName":"Xã Suối Tọ","fullNameEn":"Suoi To Commune","codeName":"suoi_to","postalCode":"34910","postalCodePrefix":"","gisServerId":"diaphanhanhchinhcapxa_2025.1366","areaKm2":177.49},"id":"03901"},
{"type":"Feature","geometry":{"type":"Polygon","coordinates":[[[104.8419,21.2824],[104.8414,21.2841],[104.8418,21.2858],[104.8409,21.2897],[104.8428,21.3008],[104.8431,21.3106],[104.8374,21.3137],[104.8318,21.3152],[104.8296,21.3149],[104.827,21.3169],[104.8238,21.318],[104.8237,21.319],[104.8224,21.3196],[104.8211,21.3211],[104.817,21.3236],[104.8149,21.3273],[104.8156,21.3295],[104.8139,21.3326],[104.8078,21.3336],[104.8065,21.3331],[104.8042,21.3308],[104.8029,21.3312],[104.8021,21.3308],[104.7948,21.3351],[104.7899,21.3331],[104.7885,21.3299],[104.7867,21.3288],[104.7841,21.3287],[104.7802,21.3272],[104.7793,21.326],[104.777,21.3264],[104.775,21.3278],[104.773,21.3281],[104.7713,21.3296],[104.7689,21.3301],[104.7683,21.331],[104.7683,21.3385],[104.7678,21.3407],[104.7693,21.3424],[104.7689,21.3443],[104.7666,21.3441],[104.7641,21.3458],[104.7604,21.3451],[104.7591,21.3454],[104.757,21.3479],[104.7563,21.3499],[104.7573,21.3527],[104.7532,21.3525],[104.7514,21.3515],[104.7486,21.3525],[104.7487,21.3548],[104.7471,21.3598],[104.7491,21.3634],[104.7479,21.3678],[104.7449,21.368],[104.7436,21.3688],[104.7424,21.3712],[104.7408,21.3721],[104.7407,21.3734],[104.7396,21.3761],[104.736,21.3795],[104.7341,21.3835],[104.7341,21.386],[104.7327,21.3913],[104.7337,21.3982],[104.7354,21.4029],[104.735,21.4054],[104.7336,21.4064],[104.7329,21.4061],[104.7314,21.404],[104.7289,21.4045],[104.7247,21.4007],[104.7102,21.3997],[104.7081,21.4013],[104.7079,21.4026],[104.7068,21.404],[104.7052,21.4053],[104.7031,21.4057],[104.7022,21.4066],[104.6973,21.4002],[104.693,21.4],[104.691,21.4009],[104.6899,21.4009],[104.6891,21.397],[104.6876,21.3944],[104.6878,21.393],[104.6884,21.3923],[104.689,21.3846],[104.6869,21.3801],[104.6865,21.3799],[104.6858,21.3803],[104.6855,21.377],[104.685,21.3767],[104.6842,21.3771],[104.6821,21.3767],[104.6794,21.3759],[104.6785,21.3752],[104.6764,21.3754],[104.6738,21.3766],[104.6705,21.3761],[104.6668,21.379],[104.6652,21.3792],[104.6624,21.3806],[104.6604,21.3804],[104.6587,21.3817],[104.6576,21.3814],[104.6555,21.3826],[104.6549,21.3833],[104.6483,21.3834],[104.6486,21.3804],[104.6473,21.379],[104.6474,21.3781],[104.6439,21.374],[104.6431,21.3739],[104.6441,21.3717],[104.6438,21.3692],[104.6444,21.3672],[104.646,21.3662],[104.645,21.363],[104.6458,21.3626],[104.6458,21.3616],[104.6469,21.3614],[104.6473,21.3595],[104.6491,21.3587],[104.6483,21.3564],[104.6501,21.3569],[104.652,21.356],[104.6519,21.3552],[104.6502,21.3537],[104.6507,21.3525],[104.6502,21.3518],[104.656,21.3518],[104.6577,21.3502],[104.6582,21.3482],[104.6575,21.3475],[104.657,21.3449],[104.6584,21.3419],[104.6599,21.3415],[104.6601,21.34],[104.6592,21.3381],[104.6593,21.3361],[104.6593,21.3355],[104.659,21.3335],[104.6635,21.3317],[104.6639,21.3317],[104.6647,21.3334],[104.666,21.3346],[104.6676,21.3343],[104.6708,21.3311],[104.6742,21.3298],[104.675,21.328],[104.6749,21.3266],[104.6836,21.3274],[104.6841,21.3253],[104.6821,21.3214],[104.6818,21.3191],[104.6803,21.3183],[104.6802,21.3176],[104.6805,21.3153],[104.6815,21.3136],[104.6809,21.311],[104.6846,21.3086],[104.6851,21.3077],[104.6843,21.3047],[104.6846,21.3027],[104.6865,21.3007],[104.6851,21.2985],[104.6849,21.2973],[104.6879,21.292],[104.6916,21.2887],[104.6966,21.2873],[104.7014,21.2886],[104.7047,21.2859],[104.7065,21.2855],[104.7079,21.2859],[104.7099,21.2847],[104.7145,21.2777],[104.7147,21.2765],[104.7156,21.2755],[104.7151,21.2743],[104.717,21.2733],[104.7174,21.272],[104.7222,21.2717],[104.7228,21.2708],[104.7248,21.2699],[104.7256,21.2686],[104.7228,21.2647],[104.7219,21.2642],[104.7214,21.2618],[104.7165,21.2573],[104.7147,21.2531],[104.7113,21.2478],[104.7082,21.2464],[104.7053,21.2442],[104.7032,21.2444],[104.7022,21.243],[104.7021,21.2401],[104.7039,21.2372],[104.704,21.2345],[104.7032,21.2339],[104.7028,21.2324],[104.7037,21.2308],[104.7031,21.2291],[104.7022,21.2286],[104.7026,21.2256],[104.7019,21.2235],[104.6999,21.2208],[104.7,21.2191],[104.6982,21.2155],[104.6992,21.2144],[104.6989,21.2106],[104.7,21.2097],[104.7021,21.2094],[104.7022,21.2072],[104.7027,21.2066],[104.706,21.2069],[104.7079,21.21],[104.7109,21.2132],[104.7105,21.2146],[104.7112,21.2158],[104.7122,21.2161],[104.7131,21.2174],[104.7146,21.2175],[104.7169,21.2197],[104.7165,21.2222],[104.7174,21.2244],[104.717,21.2286],[104.7184,21.2307],[104.7209,21.2311],[104.7228,21.231],[104.7237,21.2304],[104.7288,21.2305],[104.7313,21.2323],[104.7348,21.2328],[104.737,21.2348],[104.7414,21.2349],[104.744,21.236],[104.7469,21.2356],[104.75,21.2367],[104.7481,21.2376],[104.7477,21.2427],[104.7492,21.2449],[104.7474,21.2474],[104.7461,21.2479],[104.7457,21.25],[104.7466,21.2535],[104.7504,21.2558],[104.7522,21.2582],[104.7619,21.2601],[104.7633,21.2592],[104.7646,21.2596],[104.7666,21.2593],[104.7681,21.2597],[104.7697,21.2612],[104.7711,21.2609],[104.7744,21.2618],[104.7849,21.2622],[104.7882,21.263],[104.7916,21.261],[104.7982,21.2588],[104.8014,21.2595],[104.8049,21.2622],[104.807,21.262],[104.8091,21.2595],[104.8129,21.26],[104.8172,21.2612],[104.8193,21.2624],[104.8243,21.2684],[104.8263,21.2696],[104.8272,21.2711],[104.8278,21.2711],[104.828,21.2721],[104.8292,21.2722],[104.8299,21.2711],[104.8312,21.2719],[104.8315,21.2713],[104.8321,21.2719],[104.8328,21.2715],[104.8328,21.2706],[104.8335,21.2718],[104.8346,21.2722],[104.8345,21.2733],[104.8349,21.2737],[104.8357,21.2721],[104.8363,21.272],[104.8368,21.2753],[104.8383,21.2748],[104.8381,21.2776],[104.8404,21.2784],[104.8398,21.2795],[104.84,21.2806],[104.8419,21.2824]]]},"properties":{"code":"03907","name":"Mường Cơi","nameEn":"Muong Coi","fullName":"Xã Mường Cơi","fullNameEn":"Muong Coi Commune","codeName":"muong_coi","postalCode":"34908","postalCodePrefix":"","gisServerId":"diaphanhanhchinhcapxa_2025.1367","areaKm2":194.98},"id":"03907"},
{"type":"Feature","geometry":{"type":"Polygon","coordinates":[[[104.706,21.2069],[104.7027,21.2066],[104.7022,21.2072],[104.7021,21.2094],[104.7,21.2097],[104.6989,21.2106],[104.6992,21.2144],[104.6982,21.2155],[104.7,21.2191],[104.6999,21.2208],[104.7019,21.2235],[104.7026,21.2256],[104.7022,21.2286],[104.7031,21.2291],[104.7037,21.2308],[104.7028,21.2324],[104.7032,21.2339],[104.704,21.2345],[104.7039,21.2372],[104.7021,21.2401],[104.7022,21.243],[104.7032,21.2444],[104.7053,21.2442],[104.7082,21.2464],[104.7113,21.2478],[104.7147,21.2531],[104.7165,21.2573],[104.7214,21.2618],[104.7219,21.2642],[104.7228,21.2647],[104.7256,21.2686],[104.7248,21.2699],[104.7228,21.2708],[104.7222,21.2717],[104.7174,21.272],[104.717,21.2733],[104.7151,21.2743],[104.7156,21.2755],[104.7147,21.2765],[104.7145,21.2777],[104.7099,21.2847],[104.7079,21.2859],[104.7065,21.2855],[104.7047,21.2859],[104.7014,21.2886],[104.6966,21.2873],[104.6916,21.2887],[104.6879,21.292],[104.6849,21.2973],[104.6805,21.2946],[104.6795,21.2918],[104.6761,21.2895],[104.6737,21.2866],[104.6655,21.2806],[104.6658,21.283],[104.6635,21.2847],[104.662,21.2853],[104.6593,21.2851],[104.6554,21.2861],[104.652,21.2859],[104.6495,21.2869],[104.643,21.287],[104.6392,21.2902],[104.639,21.2918],[104.6357,21.2913],[104.6356,21.2893],[104.6265,21.2826],[104.624,21.2841],[104.622,21.2861],[104.6209,21.2887],[104.619,21.2884],[104.6168,21.289],[104.6166,21.2897],[104.6138,21.2903],[104.6111,21.2901],[104.6094,21.2915],[104.6072,21.2897],[104.6061,21.2875],[104.6034,21.2854],[104.6029,21.2839],[104.6044,21.2799],[104.6042,21.2738],[104.6023,21.2722],[104.6004,21.2691],[104.5952,21.266],[104.5927,21.2627],[104.58,21.2639],[104.5786,21.2653],[104.5771,21.2658],[104.5747,21.2655],[104.5713,21.2639],[104.5696,21.2602],[104.5707,21.2589],[104.5707,21.2579],[104.5723,21.2562],[104.5708,21.2515],[104.5674,21.2499],[104.5661,21.2483],[104.5636,21.2469],[104.5616,21.2465],[104.5627,21.2464],[104.5654,21.245],[104.566,21.2426],[104.571,21.2393],[104.5733,21.2364],[104.5738,21.2361],[104.5789,21.2373],[104.5859,21.2362],[104.5896,21.2363],[104.5943,21.2379],[104.6002,21.2367],[104.609,21.2388],[104.6149,21.2365],[104.618,21.2328],[104.6216,21.2325],[104.6235,21.2293],[104.6275,21.2305],[104.628,21.2272],[104.6296,21.2236],[104.6302,21.2176],[104.6323,21.2132],[104.6354,21.2131],[104.6352,21.2125],[104.6362,21.2109],[104.636,21.2084],[104.6365,21.2078],[104.6376,21.2069],[104.6386,21.2075],[104.6388,21.2058],[104.6378,21.2035],[104.6383,21.2017],[104.6378,21.2012],[104.6404,21.1986],[104.6419,21.1981],[104.6428,21.1973],[104.6471,21.1966],[104.6476,21.1937],[104.647,21.1919],[104.6475,21.1909],[104.6467,21.1895],[104.6473,21.1885],[104.6462,21.1863],[104.6556,21.1859],[104.6562,21.1863],[104.6577,21.1863],[104.6583,21.187],[104.6582,21.188],[104.6603,21.1884],[104.6645,21.1783],[104.6678,21.1784],[104.67,21.1778],[104.6699,21.1795],[104.6715,21.181],[104.6751,21.1802],[104.6777,21.1788],[104.6817,21.1796],[104.684,21.1796],[104.6874,21.1814],[104.6885,21.1833],[104.6921,21.1831],[104.6937,21.1854],[104.6961,21.186],[104.6969,21.1876],[104.6988,21.188],[104.701,21.1939],[104.706,21.1949],[104.7071,21.1957],[104.7084,21.1951],[104.709,21.1938],[104.7121,21.1946],[104.7127,21.1954],[104.7124,21.197],[104.7142,21.1987],[104.7146,21.2024],[104.7163,21.2041],[104.7115,21.2049],[104.706,21.2069]]]},"properties":{"code":"03910","name":"Phù Yên","nameEn":"Phu Yen","fullName":"Xã Phù Yên","fullNameEn":"Phu Yen Commune","codeName":"phu_yen","postalCode":"34933","postalCodePrefix":"","gisServerId":"diaphanhanhchinhcapxa_2025.1365","areaKm2":117.98},"id":"03910"},
{"type":"Feature","geometry":{"type":"Polygon","coordinates":[[[104.6404,21.1986],[104.6378,21.2012],[104.6383,21.2017],[104.6378,21.2035],[104.6388,21.2058],[104.6386,21.2075],[104.6376,21.2069],[104.6365,21.2078],[104.636,21.2084],[104.6362,21.2109],[104.6352,21.2125],[104.6354,21.2131],[104.6323,21.2132],[104.6302,21.2176],[104.6296,21.2236],[104.628,21.2272],[104.6275,21.2305],[104.6235,21.2293],[104.6216,21.2325],[104.618,21.2328],[104.6149,21.2365],[104.609,21.2388],[104.6002,21.2367],[104.5943,21.2379],[104.5896,21.2363],[104.5859,21.2362],[104.5789,21.2373],[104.5738,21.2361],[104.5733,21.2364],[104.573,21.2329],[104.5735,21.23],[104.5712,21.2274],[104.5706,21.2255],[104.5696,21.2249],[104.5693,21.2232],[104.5644,21.2223],[104.5557,21.2267],[104.5439,21.2296],[104.5434,21.2286],[104.5409,21.2275],[104.5375,21.2224],[104.5364,21.2217],[104.532,21.2239],[104.5324,21.225],[104.5289,21.2272],[104.528,21.2274],[104.5273,21.2268],[104.5261,21.2267],[104.524,21.2279],[104.5231,21.2272],[104.5223,21.2276],[104.5209,21.227],[104.5175,21.2287],[104.5143,21.2286],[104.5131,21.2298],[104.513,21.2309],[104.5101,21.2326],[104.5053,21.2315],[104.5057,21.2301],[104.5054,21.2293],[104.4993,21.2305],[104.4959,21.2284],[104.4942,21.2262],[104.4945,21.2251],[104.4962,21.2244],[104.4946,21.2227],[104.4943,21.2198],[104.4915,21.2187],[104.4912,21.2179],[104.4919,21.2166],[104.4903,21.2135],[104.4903,21.2122],[104.4878,21.2096],[104.4863,21.2074],[104.4857,21.2056],[104.4881,21.2047],[104.4898,21.2056],[104.493,21.2047],[104.4975,21.2013],[104.498,21.1995],[104.4993,21.1988],[104.4998,21.1969],[104.5011,21.197],[104.5044,21.1958],[104.5085,21.1936],[104.5109,21.1911],[104.5108,21.1887],[104.512,21.1876],[104.5153,21.1858],[104.5136,21.1838],[104.514,21.1824],[104.5133,21.1796],[104.51,21.1763],[104.5089,21.1739],[104.507,21.1728],[104.5065,21.1705],[104.5104,21.1674],[104.5116,21.1635],[104.5143,21.1586],[104.5165,21.1572],[104.5186,21.1548],[104.5221,21.1543],[104.5221,21.151],[104.5245,21.1508],[104.5253,21.1485],[104.5267,21.1489],[104.5277,21.1484],[104.5287,21.1463],[104.5282,21.1439],[104.5287,21.1424],[104.5303,21.1404],[104.5335,21.1388],[104.5338,21.1375],[104.5334,21.1352],[104.5349,21.1321],[104.5341,21.1256],[104.5327,21.1221],[104.5363,21.1227],[104.5404,21.1246],[104.5504,21.1267],[104.5557,21.1217],[104.5572,21.1196],[104.5579,21.12],[104.5584,21.1221],[104.5607,21.1228],[104.5601,21.1239],[104.5611,21.1258],[104.5613,21.1276],[104.5618,21.1279],[104.5614,21.1283],[104.5622,21.1293],[104.5642,21.1301],[104.5652,21.1329],[104.5664,21.1338],[104.5672,21.1338],[104.5681,21.135],[104.5682,21.1367],[104.5696,21.1389],[104.5682,21.1448],[104.5696,21.1455],[104.5728,21.1494],[104.5757,21.156],[104.5785,21.1603],[104.5821,21.163],[104.5854,21.1644],[104.5866,21.1658],[104.5944,21.1708],[104.595,21.1723],[104.598,21.1747],[104.5982,21.1754],[104.5993,21.1768],[104.5997,21.179],[104.6029,21.183],[104.6112,21.1865],[104.6128,21.1879],[104.6135,21.1869],[104.6162,21.1869],[104.6194,21.1847],[104.6229,21.1832],[104.6259,21.1856],[104.6256,21.1906],[104.6277,21.1929],[104.6276,21.1945],[104.6285,21.1945],[104.6291,21.1954],[104.631,21.1954],[104.6317,21.1962],[104.6318,21.1957],[104.6333,21.1956],[104.6379,21.1981],[104.6404,21.1986]]]},"properties":{"code":"03922","name":"Gia Phù","nameEn":"Gia Phu","fullName":"Xã Gia Phù","fullNameEn":"Gia Phu Commune","codeName":"gia_phu","postalCode":"34916","postalCodePrefix":"","gisServerId":"diaphanhanhchinhcapxa_2025.1368","areaKm2":111.32},"id":"03922"},
{"type":"Feature","geometry":{"type":"Polygon","coordinates":[[[104.857,21.0621],[104.8564,21.0654],[104.854,21.0688],[104.8528,21.0765],[104.8566,21.0791],[104.8679,21.0755],[104.8689,21.0779],[104.8686,21.0792],[104.8691,21.0805],[104.8729,21.0836],[104.8734,21.0844],[104.873,21.0882],[104.8712,21.0901],[104.8711,21.092],[104.8744,21.0947],[104.8757,21.0964],[104.8764,21.0986],[104.8792,21.0995],[104.8847,21.103],[104.8866,21.1032],[104.8899,21.105],[104.8911,21.1048],[104.8928,21.1073],[104.8953,21.1079],[104.8968,21.1074],[104.9023,21.109],[104.905,21.1108],[104.9065,21.1127],[104.9084,21.113],[104.912,21.1112],[104.9118,21.1185],[104.9073,21.1185],[104.9038,21.1204],[104.9022,21.1221],[104.8984,21.1242],[104.8964,21.1264],[104.8973,21.1298],[104.8887,21.132],[104.8847,21.1335],[104.8802,21.1344],[104.8761,21.1386],[104.8718,21.1401],[104.8721,21.1437],[104.8712,21.1451],[104.8668,21.1455],[104.8654,21.1467],[104.8638,21.1469],[104.8617,21.1455],[104.8559,21.1478],[104.8549,21.1489],[104.8538,21.152],[104.8519,21.1536],[104.853,21.1548],[104.8531,21.1592],[104.8543,21.1606],[104.8553,21.1646],[104.8582,21.1687],[104.858,21.1704],[104.8601,21.1738],[104.8583,21.1766],[104.8509,21.1799],[104.8553,21.184],[104.8566,21.186],[104.8583,21.1869],[104.858,21.1885],[104.8588,21.1893],[104.8587,21.1906],[104.86,21.1939],[104.8603,21.1982],[104.8614,21.2003],[104.8622,21.2004],[104.8648,21.2075],[104.8642,21.209],[104.8652,21.2101],[104.8641,21.2109],[104.8617,21.2113],[104.861,21.2126],[104.8612,21.2142],[104.86,21.2156],[104.8595,21.2174],[104.8569,21.2186],[104.8529,21.2232],[104.8459,21.2246],[104.8444,21.2257],[104.8446,21.2274],[104.8455,21.2284],[104.8465,21.2287],[104.8476,21.23],[104.8486,21.2298],[104.849,21.2303],[104.8493,21.232],[104.8484,21.2328],[104.8489,21.2343],[104.8513,21.2348],[104.8526,21.2346],[104.8529,21.2337],[104.854,21.2341],[104.8542,21.2333],[104.8559,21.2339],[104.8525,21.2379],[104.852,21.2416],[104.8514,21.2423],[104.8495,21.2495],[104.8481,21.2505],[104.8494,21.2532],[104.8509,21.2543],[104.8505,21.2575],[104.8499,21.2582],[104.8488,21.2578],[104.8469,21.2584],[104.843,21.2608],[104.8406,21.2646],[104.8415,21.2688],[104.8435,21.2737],[104.8429,21.2768],[104.841,21.2801],[104.8419,21.2824],[104.84,21.2806],[104.8398,21.2795],[104.8404,21.2784],[104.8381,21.2776],[104.8383,21.2748],[104.8368,21.2753],[104.8363,21.272],[104.8357,21.2721],[104.8349,21.2737],[104.8345,21.2733],[104.8346,21.2722],[104.8335,21.2718],[104.8328,21.2706],[104.8328,21.2715],[104.8321,21.2719],[104.8315,21.2713],[104.8312,21.2719],[104.8299,21.2711],[104.8292,21.2722],[104.828,21.2721],[104.8278,21.2711],[104.8272,21.2711],[104.8263,21.2696],[104.8243,21.2684],[104.8193,21.2624],[104.8172,21.2612],[104.8129,21.26],[104.8091,21.2595],[104.807,21.262],[104.8049,21.2622],[104.8014,21.2595],[104.7982,21.2588],[104.7916,21.261],[104.7882,21.263],[104.7849,21.2622],[104.7744,21.2618],[104.7711,21.2609],[104.7697,21.2612],[104.7681,21.2597],[104.7666,21.2593],[104.7646,21.2596],[104.7633,21.2592],[104.7619,21.2601],[104.7522,21.2582],[104.7504,21.2558],[104.7466,21.2535],[104.7457,21.25],[104.7461,21.2479],[104.7474,21.2474],[104.7492,21.2449],[104.7477,21.2427],[104.7481,21.2376],[104.75,21.2367],[104.7469,21.2356],[104.744,21.236],[104.7414,21.2349],[104.737,21.2348],[104.7348,21.2328],[104.7313,21.2323],[104.7288,21.2305],[104.7237,21.2304],[104.7228,21.231],[104.7209,21.2311],[104.7184,21.2307],[104.717,21.2286],[104.7174,21.2244],[104.7165,21.2222],[104.7169,21.2197],[104.7146,21.2175],[104.7131,21.2174],[104.7122,21.2161],[104.7112,21.2158],[104.7105,21.2146],[104.7109,21.2132],[104.7079,21.21],[104.706,21.2069],[104.7115,21.2049],[104.7163,21.2041],[104.7179,21.2031],[104.7195,21.2039],[104.7282,21.2021],[104.7272,21.2019],[104.7257,21.1996],[104.7251,21.1979],[104.7254,21.1964],[104.7309,21.1938],[104.7333,21.1891],[104.7356,21.1872],[104.7351,21.1857],[104.7327,21.1835],[104.7308,21.1826],[104.7311,21.1818],[104.7328,21.181],[104.7333,21.177],[104.7324,21.1749],[104.731,21.1746],[104.7299,21.1737],[104.7298,21.1713],[104.7274,21.1674],[104.7285,21.1661],[104.7291,21.1624],[104.7331,21.1581],[104.7328,21.1558],[104.7298,21.1537],[104.7346,21.1484],[104.7339,21.1474],[104.7282,21.1442],[104.7266,21.1425],[104.7267,21.1398],[104.7289,21.1378],[104.7284,21.1339],[104.7317,21.1334],[104.735,21.1339],[104.7371,21.1333],[104.7389,21.1343],[104.7426,21.1345],[104.7442,21.1318],[104.7459,21.1303],[104.7486,21.1291],[104.7519,21.1299],[104.7536,21.1287],[104.755,21.1289],[104.7561,21.1275],[104.7586,21.1274],[104.7605,21.1265],[104.7618,21.1241],[104.7623,21.1222],[104.7597,21.1189],[104.7596,21.1176],[104.7608,21.115],[104.7607,21.1138],[104.7636,21.1091],[104.7651,21.1105],[104.7658,21.1105],[104.7741,21.1084],[104.7748,21.1076],[104.7774,21.1078],[104.7767,21.1065],[104.7776,21.1021],[104.7805,21.1008],[104.7826,21.1012],[104.7847,21.1003],[104.787,21.1],[104.7882,21.0981],[104.7882,21.0968],[104.7897,21.0965],[104.7909,21.0957],[104.7915,21.0942],[104.7911,21.0909],[104.7916,21.0898],[104.7909,21.0881],[104.7935,21.0858],[104.7978,21.0861],[104.7988,21.0848],[104.8007,21.0846],[104.802,21.0824],[104.8095,21.0825],[104.814,21.0812],[104.8137,21.0801],[104.8144,21.0785],[104.8165,21.0769],[104.8092,21.0674],[104.8155,21.0636],[104.8197,21.0589],[104.8266,21.0568],[104.827,21.0558],[104.8329,21.0547],[104.8355,21.0533],[104.837,21.0538],[104.8393,21.0515],[104.8415,21.0511],[104.8459,21.053],[104.8478,21.0526],[104.8543,21.0554],[104.8562,21.0573],[104.8558,21.0593],[104.857,21.0621]]]},"properties":{"code":"03943","name":"Mường Bang","nameEn":"Muong Bang","fullName":"Xã Mường Bang","fullNameEn":"Muong Bang Commune","codeName":"muong_bang","postalCode":"34932","postalCodePrefix":"","gisServerId":"diaphanhanhchinhcapxa_2025.1371","areaKm2":270.15},"id":"03943"},
{"type":"Feature","geometry":{"type":"Polygon","coordinates":[[[104.7536,21.1287],[104.7519,21.1299],[104.7486,21.1291],[104.7459,21.1303],[104.7442,21.1318],[104.7426,21.1345],[104.7389,21.1343],[104.7371,21.1333],[104.735,21.1339],[104.7317,21.1334],[104.7284,21.1339],[104.7289,21.1378],[104.7267,21.1398],[104.7266,21.1425],[104.7282,21.1442],[104.7339,21.1474],[104.7346,21.1484],[104.7298,21.1537],[104.7328,21.1558],[104.7331,21.1581],[104.7291,21.1624],[104.7285,21.1661],[104.7274,21.1674],[104.7298,21.1713],[104.7299,21.1737],[104.731,21.1746],[104.7324,21.1749],[104.7333,21.177],[104.7328,21.181],[104.7311,21.1818],[104.7308,21.1826],[104.7327,21.1835],[104.7351,21.1857],[104.7356,21.1872],[104.7333,21.1891],[104.7309,21.1938],[104.7254,21.1964],[104.7251,21.1979],[104.7257,21.1996],[104.7272,21.2019],[104.7282,21.2021],[104.7195,21.2039],[104.7179,21.2031],[104.7163,21.2041],[104.7146,21.2024],[104.7142,21.1987],[104.7124,21.197],[104.7127,21.1954],[104.7121,21.1946],[104.709,21.1938],[104.7084,21.1951],[104.7071,21.1957],[104.706,21.1949],[104.701,21.1939],[104.6988,21.188],[104.6969,21.1876],[104.6961,21.186],[104.6937,21.1854],[104.6921,21.1831],[104.6885,21.1833],[104.6874,21.1814],[104.684,21.1796],[104.6817,21.1796],[104.6777,21.1788],[104.6751,21.1802],[104.6715,21.181],[104.6699,21.1795],[104.67,21.1778],[104.6678,21.1784],[104.6645,21.1783],[104.6603,21.1884],[104.6582,21.188],[104.6583,21.187],[104.6577,21.1863],[104.6562,21.1863],[104.6556,21.1859],[104.6462,21.1863],[104.6473,21.1885],[104.6467,21.1895],[104.6475,21.1909],[104.647,21.1919],[104.6476,21.1937],[104.6471,21.1966],[104.6428,21.1973],[104.6419,21.1981],[104.6404,21.1986],[104.6379,21.1981],[104.6333,21.1956],[104.6318,21.1957],[104.6317,21.1962],[104.631,21.1954],[104.6291,21.1954],[104.6285,21.1945],[104.6276,21.1945],[104.6277,21.1929],[104.6256,21.1906],[104.6259,21.1856],[104.6229,21.1832],[104.6194,21.1847],[104.6162,21.1869],[104.6135,21.1869],[104.6128,21.1879],[104.6112,21.1865],[104.6029,21.183],[104.5997,21.179],[104.5993,21.1768],[104.5982,21.1754],[104.605,21.1683],[104.6036,21.1597],[104.6059,21.156],[104.6074,21.1542],[104.6088,21.1537],[104.6098,21.1521],[104.6133,21.1509],[104.6158,21.1491],[104.6149,21.1472],[104.6143,21.1437],[104.616,21.1424],[104.6183,21.1415],[104.6189,21.1404],[104.6313,21.1346],[104.637,21.1232],[104.6357,21.1215],[104.6353,21.1169],[104.6342,21.113],[104.6377,21.1127],[104.64,21.1111],[104.6427,21.1108],[104.6468,21.1023],[104.6583,21.0968],[104.6648,21.0917],[104.6696,21.0899],[104.6702,21.0893],[104.6708,21.0861],[104.6718,21.0849],[104.6717,21.0832],[104.6724,21.0804],[104.6738,21.078],[104.6768,21.0775],[104.6786,21.0776],[104.6831,21.0801],[104.6859,21.0804],[104.6858,21.0818],[104.6872,21.0841],[104.6886,21.0853],[104.6914,21.0864],[104.6957,21.0897],[104.6917,21.0955],[104.6947,21.0959],[104.6976,21.0973],[104.6989,21.0986],[104.7002,21.0982],[104.7027,21.0984],[104.7061,21.097],[104.7088,21.0967],[104.7101,21.0993],[104.7106,21.1022],[104.7102,21.1041],[104.7075,21.1064],[104.7066,21.1087],[104.7063,21.11],[104.7073,21.1119],[104.7069,21.1132],[104.7087,21.1118],[104.714,21.112],[104.7195,21.1075],[104.7221,21.1096],[104.7281,21.113],[104.7287,21.1141],[104.7316,21.1156],[104.7322,21.1164],[104.739,21.1192],[104.7431,21.1199],[104.7446,21.1194],[104.7467,21.1225],[104.7496,21.1237],[104.7512,21.1251],[104.7515,21.1267],[104.7536,21.1287]]]},"properties":{"code":"03958","name":"Tường Hạ","nameEn":"Tuong Ha","fullName":"Xã Tường Hạ","fullNameEn":"Tuong Ha Commune","codeName":"tuong_ha","postalCode":"34923","postalCodePrefix":"","gisServerId":"diaphanhanhchinhcapxa_2025.1369","areaKm2":120.85},"id":"03958"},
{"type":"Feature","geometry":{"type":"Polygon","coordinates":[[[104.6724,21.0804],[104.6717,21.0832],[104.6718,21.0849],[104.6708,21.0861],[104.6702,21.0893],[104.6696,21.0899],[104.6648,21.0917],[104.6583,21.0968],[104.6468,21.1023],[104.6427,21.1108],[104.64,21.1111],[104.6377,21.1127],[104.6342,21.113],[104.6353,21.1169],[104.6357,21.1215],[104.637,21.1232],[104.6313,21.1346],[104.6189,21.1404],[104.6183,21.1415],[104.616,21.1424],[104.6143,21.1437],[104.6149,21.1472],[104.6158,21.1491],[104.6133,21.1509],[104.6098,21.1521],[104.6088,21.1537],[104.6074,21.1542],[104.6059,21.156],[104.6036,21.1597],[104.605,21.1683],[104.5982,21.1754],[104.598,21.1747],[104.595,21.1723],[104.5944,21.1708],[104.5866,21.1658],[104.5854,21.1644],[104.5821,21.163],[104.5785,21.1603],[104.5757,21.156],[104.5728,21.1494],[104.5696,21.1455],[104.5682,21.1448],[104.5696,21.1389],[104.5682,21.1367],[104.5681,21.135],[104.5672,21.1338],[104.5664,21.1338],[104.5652,21.1329],[104.5642,21.1301],[104.5622,21.1293],[104.5614,21.1283],[104.5618,21.1279],[104.5613,21.1276],[104.5611,21.1258],[104.5601,21.1239],[104.5607,21.1228],[104.5584,21.1221],[104.5579,21.12],[104.5572,21.1196],[104.5557,21.1217],[104.5504,21.1267],[104.5404,21.1246],[104.5363,21.1227],[104.5327,21.1221],[104.5295,21.1166],[104.5273,21.1111],[104.5228,21.1075],[104.5149,21.0979],[104.5165,21.0948],[104.5179,21.0895],[104.5174,21.0793],[104.5178,21.0766],[104.5201,21.0729],[104.5233,21.0701],[104.5252,21.0692],[104.5272,21.0688],[104.5329,21.0691],[104.5424,21.0706],[104.5488,21.0782],[104.5519,21.0804],[104.5632,21.0838],[104.5644,21.0836],[104.566,21.0826],[104.5688,21.0798],[104.5702,21.077],[104.5699,21.0608],[104.5713,21.0536],[104.5724,21.0504],[104.5734,21.0494],[104.5792,21.0468],[104.5853,21.045],[104.5873,21.0478],[104.5867,21.054],[104.5879,21.0556],[104.5917,21.0562],[104.5943,21.0556],[104.5981,21.0524],[104.6009,21.0563],[104.6034,21.057],[104.6048,21.0592],[104.6063,21.0601],[104.6074,21.0615],[104.6105,21.0601],[104.6121,21.0602],[104.6125,21.061],[104.612,21.0632],[104.613,21.0674],[104.6117,21.0684],[104.6119,21.0692],[104.6111,21.0701],[104.6108,21.0724],[104.6081,21.0742],[104.6075,21.0756],[104.6054,21.0773],[104.6086,21.0825],[104.6109,21.0836],[104.6118,21.0818],[104.6136,21.081],[104.6143,21.0797],[104.6154,21.0792],[104.616,21.0777],[104.6174,21.0763],[104.6189,21.0756],[104.6195,21.0745],[104.6193,21.0737],[104.6209,21.0716],[104.6214,21.073],[104.6239,21.0755],[104.6248,21.0779],[104.626,21.0779],[104.6283,21.0802],[104.6303,21.0805],[104.6302,21.0821],[104.6306,21.083],[104.6316,21.0818],[104.6328,21.0817],[104.6324,21.0837],[104.6337,21.0849],[104.6352,21.085],[104.6353,21.0866],[104.6369,21.0864],[104.6379,21.0868],[104.6374,21.0889],[104.6388,21.0893],[104.6405,21.0886],[104.641,21.0891],[104.6415,21.0886],[104.6427,21.0886],[104.6485,21.0812],[104.6498,21.0776],[104.6554,21.0766],[104.6599,21.0752],[104.6614,21.0743],[104.6621,21.0744],[104.6647,21.0763],[104.6654,21.0776],[104.668,21.0791],[104.6724,21.0804]]]},"properties":{"code":"03961","name":"Kim Bon","nameEn":"Kim Bon","fullName":"Xã Kim Bon","fullNameEn":"Kim Bon Commune","codeName":"kim_bon","postalCode":"34921","postalCodePrefix":"","gisServerId":"diaphanhanhchinhcapxa_2025.1370","areaKm2":104.51},"id":"03961"},
{"type":"Feature","geometry":{"type":"Polygon","coordinates":[[[104.857,21.0621],[104.8558,21.0593],[104.8562,21.0573],[104.8543,21.0554],[104.8478,21.0526],[104.8459,21.053],[104.8415,21.0511],[104.8393,21.0515],[104.837,21.0538],[104.8355,21.0533],[104.8329,21.0547],[104.827,21.0558],[104.8266,21.0568],[104.8197,21.0589],[104.8155,21.0636],[104.8092,21.0674],[104.8165,21.0769],[104.8144,21.0785],[104.8137,21.0801],[104.814,21.0812],[104.8095,21.0825],[104.802,21.0824],[104.8007,21.0846],[104.7988,21.0848],[104.7978,21.0861],[104.7935,21.0858],[104.7909,21.0881],[104.7916,21.0898],[104.7911,21.0909],[104.7915,21.0942],[104.7909,21.0957],[104.7897,21.0965],[104.7882,21.0968],[104.7882,21.0981],[104.787,21.1],[104.7847,21.1003],[104.7826,21.1012],[104.7805,21.1008],[104.7776,21.1021],[104.7767,21.1065],[104.7774,21.1078],[104.7748,21.1076],[104.7741,21.1084],[104.7658,21.1105],[104.7651,21.1105],[104.7636,21.1091],[104.7607,21.1138],[104.7608,21.115],[104.7596,21.1176],[104.7597,21.1189],[104.7623,21.1222],[104.7618,21.1241],[104.7605,21.1265],[104.7586,21.1274],[104.7561,21.1275],[104.755,21.1289],[104.7536,21.1287],[104.7515,21.1267],[104.7512,21.1251],[104.7496,21.1237],[104.7467,21.1225],[104.7446,21.1194],[104.7431,21.1199],[104.739,21.1192],[104.7322,21.1164],[104.7316,21.1156],[104.7287,21.1141],[104.7281,21.113],[104.7221,21.1096],[104.7195,21.1075],[104.714,21.112],[104.7087,21.1118],[104.7069,21.1132],[104.7073,21.1119],[104.7063,21.11],[104.7066,21.1087],[104.7075,21.1064],[104.7102,21.1041],[104.7106,21.1022],[104.7101,21.0993],[104.7088,21.0967],[104.7061,21.097],[104.7027,21.0984],[104.7002,21.0982],[104.6989,21.0986],[104.6976,21.0973],[104.6947,21.0959],[104.6917,21.0955],[104.6957,21.0897],[104.6914,21.0864],[104.6886,21.0853],[104.6872,21.0841],[104.6858,21.0818],[104.6859,21.0804],[104.6831,21.0801],[104.6786,21.0776],[104.6768,21.0775],[104.6738,21.078],[104.6724,21.0804],[104.668,21.0791],[104.6654,21.0776],[104.6647,21.0763],[104.6621,21.0744],[104.6614,21.0743],[104.6599,21.0752],[104.6554,21.0766],[104.6498,21.0776],[104.6485,21.0812],[104.6427,21.0886],[104.6415,21.0886],[104.641,21.0891],[104.6405,21.0886],[104.6388,21.0893],[104.6374,21.0889],[104.6379,21.0868],[104.6369,21.0864],[104.6353,21.0866],[104.6352,21.085],[104.6337,21.0849],[104.6324,21.0837],[104.6328,21.0817],[104.6316,21.0818],[104.6306,21.083],[104.6302,21.0821],[104.6303,21.0805],[104.6283,21.0802],[104.626,21.0779],[104.6248,21.0779],[104.6239,21.0755],[104.6214,21.073],[104.6209,21.0716],[104.6193,21.0737],[104.6195,21.0745],[104.6189,21.0756],[104.6174,21.0763],[104.616,21.0777],[104.6154,21.0792],[104.6143,21.0797],[104.6136,21.081],[104.6118,21.0818],[104.6109,21.0836],[104.6086,21.0825],[104.6054,21.0773],[104.6075,21.0756],[104.6081,21.0742],[104.6108,21.0724],[104.6111,21.0701],[104.6119,21.0692],[104.6117,21.0684],[104.613,21.0674],[104.612,21.0632],[104.6125,21.061],[104.6121,21.0602],[104.6105,21.0601],[104.6074,21.0615],[104.6063,21.0601],[104.6048,21.0592],[104.6034,21.057],[104.6009,21.0563],[104.5981,21.0524],[104.6046,21.0442],[104.6056,21.0437],[104.6208,21.0415],[104.6239,21.039],[104.6322,21.0296],[104.6366,21.0267],[104.6395,21.0258],[104.6421,21.0269],[104.6443,21.0302],[104.6444,21.0389],[104.6449,21.0409],[104.6468,21.0431],[104.6497,21.0438],[104.6506,21.0435],[104.6536,21.0413],[104.6598,21.035],[104.6655,21.0324],[104.6718,21.0312],[104.6743,21.0316],[104.6764,21.0329],[104.6784,21.0346],[104.6834,21.0409],[104.6934,21.0466],[104.6975,21.0483],[104.7021,21.0489],[104.704,21.0492],[104.7061,21.0506],[104.7078,21.0539],[104.7093,21.0609],[104.7099,21.0639],[104.7103,21.066],[104.7114,21.07],[104.7129,21.0709],[104.7145,21.0706],[104.7161,21.0695],[104.7248,21.0598],[104.7283,21.0574],[104.7415,21.0519],[104.7533,21.0479],[104.765,21.046],[104.7751,21.0451],[104.785,21.0429],[104.7906,21.0428],[104.7931,21.0413],[104.7985,21.0349],[104.8018,21.033],[104.8044,21.0328],[104.8076,21.0333],[104.8181,21.0366],[104.8228,21.0374],[104.8262,21.0368],[104.8318,21.034],[104.8404,21.0307],[104.8439,21.0299],[104.8577,21.0287],[104.8651,21.0296],[104.8681,21.0295],[104.8662,21.033],[104.8661,21.038],[104.8648,21.0416],[104.8628,21.0449],[104.8616,21.0496],[104.859,21.0522],[104.8588,21.055],[104.8594,21.0572],[104.8573,21.0608],[104.857,21.0621]]]},"properties":{"code":"03970","name":"Tân Phong","nameEn":"Tan Phong","fullName":"Xã Tân Phong","fullNameEn":"Tan Phong Commune","codeName":"tan_phong","postalCode":"34930","postalCodePrefix":"","gisServerId":"diaphanhanhchinhcapxa_2025.1372","areaKm2":135.45},"id":"03970"},
{"type":"Feature","geometry":{"type":"Polygon","coordinates":[[[104.6566,20.858],[104.6521,20.8605],[104.6477,20.865],[104.6467,20.8641],[104.646,20.8619],[104.6443,20.8612],[104.6421,20.8616],[104.6403,20.861],[104.6377,20.8588],[104.6363,20.8581],[104.635,20.858],[104.6349,20.8568],[104.6315,20.8539],[104.6309,20.8488],[104.6298,20.8476],[104.6291,20.8456],[104.6272,20.844],[104.6288,20.8422],[104.6286,20.8407],[104.6294,20.8391],[104.6269,20.8404],[104.6239,20.8401],[104.6229,20.8394],[104.6213,20.8398],[104.6204,20.8388],[104.6194,20.8386],[104.6186,20.8363],[104.6175,20.8353],[104.6131,20.8353],[104.6115,20.834],[104.6097,20.8339],[104.61,20.833],[104.6093,20.8321],[104.6047,20.8321],[104.6027,20.8311],[104.6015,20.8298],[104.6025,20.8299],[104.6042,20.8287],[104.606,20.8269],[104.606,20.8261],[104.6101,20.8258],[104.6131,20.8272],[104.6145,20.8273],[104.6182,20.8247],[104.6184,20.8227],[104.6202,20.82],[104.6301,20.8149],[104.6337,20.815],[104.637,20.8114],[104.6368,20.8091],[104.6354,20.8084],[104.6351,20.8074],[104.6399,20.8041],[104.6409,20.8012],[104.6441,20.7983],[104.6457,20.7954],[104.6449,20.7947],[104.6437,20.7947],[104.6419,20.7914],[104.642,20.7902],[104.6468,20.7871],[104.6476,20.787],[104.6495,20.7872],[104.652,20.7894],[104.6543,20.7811],[104.6544,20.7773],[104.6522,20.7772],[104.6505,20.7776],[104.6479,20.7735],[104.651,20.7657],[104.6531,20.7648],[104.6542,20.7658],[104.657,20.763],[104.6593,20.7615],[104.6612,20.7622],[104.6631,20.7604],[104.6662,20.7602],[104.6723,20.7589],[104.6738,20.763],[104.6751,20.7637],[104.6769,20.766],[104.68,20.7687],[104.681,20.7689],[104.6836,20.7711],[104.6846,20.7712],[104.6867,20.7687],[104.6878,20.7685],[104.6893,20.7671],[104.6899,20.7675],[104.6915,20.7662],[104.6928,20.7661],[104.6929,20.767],[104.7005,20.7677],[104.7,20.7689],[104.7008,20.7696],[104.6987,20.7731],[104.6948,20.7745],[104.6913,20.7786],[104.6896,20.778],[104.6882,20.7782],[104.6867,20.7798],[104.6874,20.781],[104.681,20.7866],[104.6791,20.7896],[104.6779,20.7907],[104.6778,20.7923],[104.6769,20.7931],[104.6744,20.7934],[104.6741,20.7981],[104.6727,20.7985],[104.671,20.7979],[104.6684,20.7984],[104.6686,20.8003],[104.6659,20.8043],[104.6653,20.8044],[104.6628,20.8105],[104.6588,20.8121],[104.658,20.8188],[104.6569,20.8194],[104.6579,20.8219],[104.6557,20.8232],[104.6559,20.8255],[104.657,20.8268],[104.6574,20.8287],[104.6563,20.8312],[104.6547,20.8311],[104.654,20.8323],[104.6542,20.833],[104.6569,20.8352],[104.6564,20.837],[104.6595,20.8443],[104.6597,20.8461],[104.6599,20.848],[104.657,20.8527],[104.6566,20.858]]]},"properties":{"code":"03979","name":"Mộc Sơn","nameEn":"Moc Son","fullName":"Phường Mộc Sơn","fullNameEn":"Moc Son Ward","codeName":"moc_son","postalCode":"34721","postalCodePrefix":"","gisServerId":"diaphanhanhchinhcapxa_2025.1379","areaKm2":37.88},"id":"03979"},
{"type":"Feature","geometry":{"type":"Polygon","coordinates":[[[104.642,20.7902],[104.6419,20.7914],[104.6437,20.7947],[104.6449,20.7947],[104.6457,20.7954],[104.6441,20.7983],[104.6409,20.8012],[104.6399,20.8041],[104.6351,20.8074],[104.6354,20.8084],[104.6368,20.8091],[104.637,20.8114],[104.6337,20.815],[104.6301,20.8149],[104.6202,20.82],[104.6184,20.8227],[104.6182,20.8247],[104.6145,20.8273],[104.6131,20.8272],[104.6101,20.8258],[104.606,20.8261],[104.606,20.8269],[104.6042,20.8287],[104.6025,20.8299],[104.6015,20.8298],[104.6027,20.8311],[104.6047,20.8321],[104.6093,20.8321],[104.61,20.833],[104.6097,20.8339],[104.6115,20.834],[104.6131,20.8353],[104.6175,20.8353],[104.6186,20.8363],[104.6194,20.8386],[104.6204,20.8388],[104.6213,20.8398],[104.6229,20.8394],[104.6239,20.8401],[104.6269,20.8404],[104.6294,20.8391],[104.6286,20.8407],[104.6288,20.8422],[104.6272,20.844],[104.6291,20.8456],[104.6298,20.8476],[104.6309,20.8488],[104.6315,20.8539],[104.6349,20.8568],[104.635,20.858],[104.6363,20.8581],[104.6377,20.8588],[104.6403,20.861],[104.6421,20.8616],[104.6443,20.8612],[104.646,20.8619],[104.6467,20.8641],[104.6477,20.865],[104.6521,20.8605],[104.6566,20.858],[104.6591,20.8569],[104.6616,20.857],[104.6639,20.8585],[104.6677,20.8591],[104.6745,20.8624],[104.6712,20.8653],[104.6721,20.8668],[104.6718,20.8673],[104.6701,20.8686],[104.6687,20.8675],[104.667,20.8685],[104.6688,20.8717],[104.6686,20.8749],[104.6693,20.8752],[104.6729,20.8748],[104.6736,20.8753],[104.6737,20.8767],[104.6689,20.8801],[104.6689,20.8821],[104.6682,20.8834],[104.6661,20.8834],[104.6612,20.8865],[104.659,20.8884],[104.6569,20.8889],[104.6556,20.8908],[104.6538,20.8907],[104.6525,20.8917],[104.6485,20.8913],[104.6476,20.8945],[104.6471,20.8951],[104.6457,20.8953],[104.6445,20.8969],[104.6395,20.8937],[104.631,20.8935],[104.6255,20.8956],[104.6146,20.9013],[104.6138,20.9024],[104.6124,20.9028],[104.6115,20.9057],[104.6097,20.9069],[104.6087,20.9091],[104.6027,20.9135],[104.6017,20.9154],[104.5976,20.9172],[104.5953,20.9212],[104.5959,20.923],[104.5944,20.9239],[104.5895,20.9294],[104.5849,20.9367],[104.5782,20.9393],[104.577,20.9415],[104.5755,20.9411],[104.5733,20.9415],[104.566,20.9413],[104.5646,20.9432],[104.5609,20.9446],[104.5593,20.946],[104.5574,20.9503],[104.5504,20.9537],[104.5498,20.9573],[104.5445,20.956],[104.5416,20.9563],[104.5357,20.9583],[104.5332,20.9599],[104.5304,20.9627],[104.5266,20.964],[104.5221,20.9639],[104.5209,20.965],[104.5203,20.9679],[104.519,20.9696],[104.5174,20.9701],[104.5165,20.9714],[104.5132,20.9741],[104.5061,20.9712],[104.5062,20.9674],[104.508,20.9673],[104.5082,20.9659],[104.5097,20.9636],[104.5115,20.9622],[104.5144,20.9614],[104.5146,20.9601],[104.5134,20.9583],[104.5104,20.9569],[104.501,20.9584],[104.5031,20.9568],[104.5034,20.9551],[104.5051,20.9543],[104.5062,20.951],[104.5062,20.9506],[104.5049,20.9504],[104.5045,20.9495],[104.5021,20.9484],[104.5015,20.9466],[104.5061,20.9426],[104.5069,20.9413],[104.5072,20.9391],[104.5066,20.9375],[104.5059,20.9371],[104.5019,20.9368],[104.5012,20.9372],[104.4951,20.9241],[104.4862,20.9187],[104.4841,20.917],[104.4824,20.919],[104.4795,20.9195],[104.4781,20.9184],[104.4805,20.9186],[104.4822,20.9167],[104.48,20.9143],[104.4784,20.9135],[104.4737,20.9119],[104.471,20.9122],[104.4667,20.9116],[104.469,20.9066],[104.4699,20.9012],[104.4663,20.8928],[104.4686,20.8907],[104.4702,20.8904],[104.4701,20.8874],[104.4694,20.8865],[104.4704,20.8859],[104.4711,20.8843],[104.4722,20.8836],[104.4739,20.8843],[104.4749,20.8838],[104.4764,20.8845],[104.4807,20.8834],[104.4836,20.884],[104.4847,20.885],[104.4853,20.8821],[104.4879,20.8782],[104.4913,20.8775],[104.4929,20.8766],[104.4953,20.877],[104.4984,20.8756],[104.4982,20.8749],[104.4992,20.8731],[104.5014,20.8732],[104.5029,20.8715],[104.5049,20.8705],[104.5059,20.8707],[104.5068,20.872],[104.5078,20.8717],[104.5113,20.8693],[104.513,20.8671],[104.5144,20.8667],[104.5148,20.8658],[104.5149,20.8656],[104.5161,20.8646],[104.517,20.8645],[104.5173,20.8637],[104.5182,20.8632],[104.5212,20.864],[104.5241,20.8621],[104.5265,20.8615],[104.5285,20.8618],[104.5299,20.8611],[104.5328,20.8612],[104.5349,20.8572],[104.5358,20.8544],[104.5385,20.8521],[104.5391,20.8485],[104.5364,20.8381],[104.5363,20.8292],[104.5382,20.8272],[104.5407,20.8264],[104.545,20.8267],[104.5569,20.8239],[104.561,20.8204],[104.5653,20.8112],[104.5672,20.8098],[104.5674,20.8096],[104.5675,20.8095],[104.5711,20.8079],[104.5758,20.8073],[104.5775,20.8064],[104.5836,20.8047],[104.5826,20.7987],[104.5811,20.7973],[104.5817,20.7962],[104.5813,20.7956],[104.5817,20.7943],[104.5878,20.7886],[104.5916,20.7869],[104.5962,20.7865],[104.5995,20.7844],[104.5991,20.7818],[104.5999,20.7795],[104.6026,20.7788],[104.6062,20.7793],[104.6087,20.7763],[104.6089,20.7726],[104.6108,20.7706],[104.6116,20.7681],[104.6098,20.7668],[104.6116,20.763],[104.6151,20.7586],[104.6183,20.7583],[104.6196,20.7578],[104.6218,20.7607],[104.6312,20.759],[104.6339,20.7594],[104.6366,20.7624],[104.6358,20.7671],[104.6369,20.7702],[104.6415,20.7739],[104.6399,20.7762],[104.6429,20.777],[104.6453,20.7822],[104.643,20.7867],[104.642,20.7902]]]},"properties":{"code":"03980","name":"Mộc Châu","nameEn":"Moc Chau","fullName":"Phường Mộc Châu","fullNameEn":"Moc Chau Ward","codeName":"moc_chau","postalCode":"34725","postalCodePrefix":"","gisServerId":"diaphanhanhchinhcapxa_2025.3296","areaKm2":167.62},"id":"03980"},
{"type":"Feature","geometry":{"type":"Polygon","coordinates":[[[104.6573,20.924],[104.6578,20.9233],[104.6597,20.922],[104.6594,20.9206],[104.6569,20.9218],[104.6561,20.9204],[104.6553,20.9204],[104.6535,20.9222],[104.6528,20.9219],[104.6503,20.9254],[104.6489,20.9255],[104.6475,20.9246],[104.648,20.921],[104.6493,20.9193],[104.6474,20.9111],[104.6484,20.9094],[104.6471,20.9066],[104.6474,20.9031],[104.6446,20.9009],[104.6445,20.8969],[104.6457,20.8953],[104.6471,20.8951],[104.6476,20.8945],[104.6485,20.8913],[104.6525,20.8917],[104.6538,20.8907],[104.6556,20.8908],[104.6569,20.8889],[104.659,20.8884],[104.6612,20.8865],[104.6661,20.8834],[104.6682,20.8834],[104.6689,20.8821],[104.6689,20.8801],[104.6737,20.8767],[104.6736,20.8753],[104.6729,20.8748],[104.6693,20.8752],[104.6686,20.8749],[104.6688,20.8717],[104.667,20.8685],[104.6687,20.8675],[104.6701,20.8686],[104.6718,20.8673],[104.6721,20.8668],[104.6712,20.8653],[104.6745,20.8624],[104.6677,20.8591],[104.6639,20.8585],[104.6616,20.857],[104.6591,20.8569],[104.6566,20.858],[104.657,20.8527],[104.6599,20.848],[104.6597,20.8461],[104.661,20.8424],[104.6658,20.8361],[104.6685,20.8347],[104.6714,20.8365],[104.6731,20.8344],[104.6766,20.8331],[104.679,20.8328],[104.6803,20.8337],[104.6842,20.8276],[104.6882,20.8257],[104.6905,20.8235],[104.6987,20.8266],[104.7018,20.8302],[104.701,20.8309],[104.7011,20.8316],[104.7038,20.8357],[104.7061,20.8363],[104.7151,20.8339],[104.7171,20.8369],[104.718,20.8403],[104.7201,20.8388],[104.7211,20.8404],[104.7203,20.841],[104.718,20.8453],[104.7161,20.8461],[104.7155,20.8477],[104.714,20.8479],[104.7134,20.8485],[104.7139,20.851],[104.7206,20.8514],[104.7256,20.8506],[104.7286,20.8567],[104.7268,20.8562],[104.7249,20.8576],[104.7253,20.8616],[104.7245,20.8626],[104.7243,20.8648],[104.7249,20.8654],[104.7292,20.8651],[104.7327,20.8679],[104.7357,20.8681],[104.7377,20.8719],[104.7355,20.8722],[104.7348,20.8742],[104.7301,20.8739],[104.7282,20.8743],[104.7239,20.8759],[104.7214,20.8777],[104.7186,20.8786],[104.7179,20.879],[104.7143,20.8852],[104.7136,20.8885],[104.7127,20.8899],[104.7126,20.8927],[104.7121,20.8931],[104.7091,20.8939],[104.7041,20.8922],[104.7025,20.8958],[104.6991,20.899],[104.6976,20.8978],[104.6965,20.898],[104.6939,20.9002],[104.6931,20.9021],[104.6891,20.9043],[104.6873,20.9046],[104.6838,20.9036],[104.682,20.9045],[104.6801,20.9074],[104.6802,20.9092],[104.677,20.9116],[104.676,20.913],[104.6759,20.9156],[104.6753,20.9162],[104.6719,20.9181],[104.6688,20.9212],[104.6653,20.9212],[104.6636,20.9217],[104.663,20.9242],[104.6617,20.9249],[104.6589,20.9245],[104.6581,20.9231],[104.6573,20.924]]]},"properties":{"code":"03982","name":"Thảo Nguyên","nameEn":"Thao Nguyen","fullName":"Phường Thảo Nguyên","fullNameEn":"Thao Nguyen Ward","codeName":"thao_nguyen","postalCode":"34722","postalCodePrefix":"","gisServerId":"diaphanhanhchinhcapxa_2025.1408","areaKm2":53.09},"id":"03982"},
{"type":"Feature","geometry":{"type":"Polygon","coordinates":[[[104.642,20.7902],[104.643,20.7867],[104.6453,20.7822],[104.6429,20.777],[104.6399,20.7762],[104.6415,20.7739],[104.6369,20.7702],[104.6358,20.7671],[104.6366,20.7624],[104.6339,20.7594],[104.6312,20.759],[104.6218,20.7607],[104.6196,20.7578],[104.6183,20.7583],[104.6151,20.7586],[104.6116,20.763],[104.6098,20.7668],[104.6116,20.7681],[104.6108,20.7706],[104.6089,20.7726],[104.6087,20.7763],[104.6062,20.7793],[104.6026,20.7788],[104.5999,20.7795],[104.5991,20.7818],[104.5995,20.7844],[104.5962,20.7865],[104.5916,20.7869],[104.5878,20.7886],[104.5817,20.7943],[104.5813,20.7956],[104.5817,20.7962],[104.5811,20.7973],[104.5826,20.7987],[104.5836,20.8047],[104.5775,20.8064],[104.5758,20.8073],[104.5711,20.8079],[104.5675,20.8095],[104.5674,20.8096],[104.5672,20.8098],[104.5604,20.8055],[104.5635,20.8039],[104.5644,20.804],[104.5652,20.8033],[104.5644,20.8013],[104.5655,20.8002],[104.565,20.7987],[104.5656,20.7972],[104.5655,20.7957],[104.5661,20.7953],[104.5647,20.7887],[104.5643,20.7883],[104.5631,20.7884],[104.5621,20.7879],[104.5616,20.7871],[104.5616,20.7856],[104.5637,20.7837],[104.5669,20.7818],[104.5676,20.7819],[104.5656,20.7801],[104.5633,20.7797],[104.5621,20.78],[104.5585,20.7794],[104.5565,20.7806],[104.5554,20.7796],[104.5528,20.7794],[104.5509,20.7803],[104.5497,20.7802],[104.5511,20.774],[104.5505,20.7725],[104.5486,20.7704],[104.5461,20.7637],[104.548,20.7605],[104.5474,20.7592],[104.547,20.7541],[104.5488,20.7526],[104.5489,20.7513],[104.5525,20.7494],[104.5552,20.7491],[104.5573,20.7445],[104.5653,20.7447],[104.5686,20.7441],[104.5721,20.7414],[104.5734,20.7416],[104.5746,20.7389],[104.5745,20.7345],[104.5754,20.7348],[104.5775,20.7342],[104.5792,20.7323],[104.5805,20.7326],[104.583,20.7316],[104.5843,20.7322],[104.5858,20.732],[104.589,20.7302],[104.5907,20.7303],[104.5915,20.7331],[104.5936,20.7317],[104.5938,20.7303],[104.5947,20.729],[104.5949,20.7268],[104.598,20.7237],[104.5981,20.7228],[104.5954,20.7208],[104.5958,20.7195],[104.5954,20.718],[104.5917,20.7158],[104.5902,20.714],[104.5889,20.7108],[104.5866,20.7072],[104.5841,20.7046],[104.5825,20.705],[104.5809,20.7035],[104.5849,20.6975],[104.5855,20.6954],[104.5869,20.6955],[104.5875,20.695],[104.5858,20.6925],[104.5854,20.6871],[104.5845,20.6856],[104.5839,20.6829],[104.5842,20.6824],[104.5876,20.6809],[104.588,20.6801],[104.5902,20.6789],[104.5903,20.6771],[104.5919,20.6751],[104.5971,20.6753],[104.5988,20.6743],[104.6001,20.6728],[104.6025,20.6721],[104.6082,20.6725],[104.6111,20.6738],[104.6122,20.6734],[104.6188,20.6735],[104.6212,20.6726],[104.6229,20.6726],[104.6299,20.6737],[104.6342,20.6721],[104.6384,20.674],[104.6403,20.6768],[104.6438,20.6777],[104.645,20.6788],[104.6445,20.6803],[104.6464,20.6802],[104.6481,20.6812],[104.6503,20.6806],[104.6549,20.6808],[104.6562,20.6796],[104.6582,20.6789],[104.6628,20.6797],[104.6663,20.6787],[104.6689,20.6801],[104.6691,20.6818],[104.6705,20.6821],[104.6716,20.6821],[104.6717,20.681],[104.6729,20.6804],[104.6762,20.6804],[104.678,20.6797],[104.683,20.6815],[104.6886,20.6808],[104.6908,20.6817],[104.6932,20.6815],[104.6957,20.6826],[104.7004,20.6833],[104.7024,20.6834],[104.7051,20.6823],[104.707,20.6833],[104.7083,20.6829],[104.7161,20.6831],[104.7185,20.6846],[104.7192,20.6857],[104.7222,20.688],[104.7231,20.6894],[104.724,20.6893],[104.7253,20.69],[104.7266,20.6914],[104.7268,20.6927],[104.726,20.695],[104.724,20.6971],[104.7238,20.6981],[104.7222,20.6989],[104.7182,20.7043],[104.72,20.7068],[104.7203,20.7082],[104.7219,20.7101],[104.7223,20.7133],[104.7202,20.7133],[104.718,20.714],[104.7168,20.7135],[104.717,20.7183],[104.7188,20.7193],[104.7192,20.7204],[104.7183,20.7263],[104.7202,20.7278],[104.7229,20.7269],[104.7243,20.7258],[104.7273,20.7267],[104.7291,20.7248],[104.7336,20.7254],[104.7343,20.727],[104.7339,20.7295],[104.7359,20.7296],[104.7378,20.7325],[104.7383,20.7319],[104.7424,20.7328],[104.744,20.7309],[104.7435,20.73],[104.7463,20.7293],[104.7467,20.7316],[104.748,20.733],[104.7489,20.7332],[104.7506,20.736],[104.7512,20.7364],[104.7516,20.7353],[104.7531,20.7359],[104.7546,20.7379],[104.7537,20.7397],[104.7534,20.7432],[104.7551,20.7524],[104.7523,20.7582],[104.7485,20.7578],[104.7442,20.7599],[104.7425,20.7616],[104.7411,20.7611],[104.74,20.76],[104.7382,20.7598],[104.7363,20.7602],[104.7349,20.7615],[104.7338,20.7602],[104.7319,20.7613],[104.7295,20.7616],[104.7269,20.7635],[104.7269,20.7643],[104.7209,20.7673],[104.719,20.769],[104.7173,20.7686],[104.7125,20.7695],[104.7102,20.7685],[104.7042,20.7685],[104.7037,20.7675],[104.7025,20.7671],[104.7005,20.7677],[104.6929,20.767],[104.6928,20.7661],[104.6915,20.7662],[104.6899,20.7675],[104.6893,20.7671],[104.6878,20.7685],[104.6867,20.7687],[104.6846,20.7712],[104.6836,20.7711],[104.681,20.7689],[104.68,20.7687],[104.6769,20.766],[104.6751,20.7637],[104.6738,20.763],[104.6723,20.7589],[104.6662,20.7602],[104.6631,20.7604],[104.6612,20.7622],[104.6593,20.7615],[104.657,20.763],[104.6542,20.7658],[104.6531,20.7648],[104.651,20.7657],[104.6479,20.7735],[104.6505,20.7776],[104.6522,20.7772],[104.6544,20.7773],[104.6543,20.7811],[104.652,20.7894],[104.6495,20.7872],[104.6476,20.787],[104.6468,20.7871],[104.642,20.7902]]]},"properties":{"code":"03985","name":"Chiềng Sơn","nameEn":"Chieng Son","fullName":"Xã Chiềng Sơn","fullNameEn":"Chieng Son Commune","codeName":"chieng_son","postalCode":"34718","postalCodePrefix":"","gisServerId":"diaphanhanhchinhcapxa_2025.1374","areaKm2":204.9},"id":"03985"},
{"type":"Feature","geometry":{"type":"Polygon","coordinates":[[[104.5713,21.0536],[104.5672,21.0534],[104.5638,21.0579],[104.5621,21.0611],[104.5573,21.0646],[104.5561,21.0651],[104.5519,21.0648],[104.5497,21.0615],[104.5497,21.0587],[104.5491,21.0574],[104.5468,21.056],[104.5445,21.0528],[104.5417,21.0499],[104.5424,21.046],[104.5421,21.0448],[104.5407,21.0432],[104.541,21.0418],[104.5402,21.039],[104.5415,21.0375],[104.5421,21.0351],[104.5416,21.034],[104.5421,21.0326],[104.5418,21.0307],[104.5426,21.029],[104.5426,21.0272],[104.5369,21.0172],[104.5348,21.0157],[104.5332,21.0113],[104.5321,21.01],[104.5377,21.0066],[104.5397,21.0063],[104.5462,21.0035],[104.5459,21.0023],[104.5467,21.0013],[104.5449,21.0003],[104.5453,20.9995],[104.5443,20.9991],[104.543,20.9975],[104.5402,20.9928],[104.5376,20.9915],[104.5359,20.9872],[104.5332,20.9837],[104.533,20.9798],[104.5321,20.9805],[104.5285,20.9807],[104.5275,20.9827],[104.5248,20.9832],[104.5231,20.9853],[104.5218,20.9859],[104.5204,20.9858],[104.5189,20.9845],[104.5174,20.9823],[104.5182,20.9802],[104.5212,20.9804],[104.5217,20.9801],[104.522,20.9786],[104.5212,20.9759],[104.5215,20.9742],[104.5224,20.973],[104.5217,20.9707],[104.519,20.9696],[104.5203,20.9679],[104.5209,20.965],[104.5221,20.9639],[104.5266,20.964],[104.5304,20.9627],[104.5332,20.9599],[104.5357,20.9583],[104.5416,20.9563],[104.5445,20.956],[104.5498,20.9573],[104.5504,20.9537],[104.5574,20.9503],[104.5593,20.946],[104.5609,20.9446],[104.5646,20.9432],[104.566,20.9413],[104.5733,20.9415],[104.5755,20.9411],[104.577,20.9415],[104.5782,20.9393],[104.5849,20.9367],[104.5895,20.9294],[104.5944,20.9239],[104.5959,20.923],[104.5953,20.9212],[104.5976,20.9172],[104.6017,20.9154],[104.6027,20.9135],[104.6087,20.9091],[104.6097,20.9069],[104.6115,20.9057],[104.6124,20.9028],[104.6138,20.9024],[104.6146,20.9013],[104.6255,20.8956],[104.631,20.8935],[104.6395,20.8937],[104.6445,20.8969],[104.6446,20.9009],[104.6474,20.9031],[104.6471,20.9066],[104.6484,20.9094],[104.6474,20.9111],[104.6493,20.9193],[104.648,20.921],[104.6475,20.9246],[104.6489,20.9255],[104.6503,20.9254],[104.6528,20.9219],[104.6535,20.9222],[104.6553,20.9204],[104.6561,20.9204],[104.6569,20.9218],[104.6594,20.9206],[104.6597,20.922],[104.6578,20.9233],[104.6573,20.924],[104.6536,20.9282],[104.6491,20.9315],[104.6509,20.9337],[104.6568,20.9359],[104.6594,20.9374],[104.6584,20.9388],[104.6586,20.9391],[104.6598,20.9404],[104.6603,20.941],[104.6607,20.9417],[104.6612,20.9438],[104.6605,20.9459],[104.6556,20.9463],[104.6551,20.9468],[104.6554,20.9476],[104.6562,20.9494],[104.6555,20.95],[104.6527,20.956],[104.6513,20.9574],[104.652,20.9584],[104.6522,20.9595],[104.6524,20.9602],[104.6497,20.9649],[104.6514,20.9648],[104.6524,20.9655],[104.6554,20.9693],[104.6556,20.9699],[104.6558,20.9707],[104.6558,20.9748],[104.6551,20.9756],[104.654,20.9754],[104.6537,20.9771],[104.6556,20.9787],[104.6556,20.9817],[104.6556,20.9822],[104.6569,20.9827],[104.6616,20.9816],[104.6607,20.9827],[104.6611,20.9834],[104.6617,20.9842],[104.6619,20.9853],[104.6627,20.986],[104.6667,20.9859],[104.671,20.9877],[104.6753,20.988],[104.6762,20.9878],[104.6788,20.9831],[104.6798,20.9824],[104.6817,20.983],[104.6858,20.987],[104.6866,20.9879],[104.6869,20.9883],[104.6882,20.9892],[104.6914,20.9862],[104.6907,20.9872],[104.6907,20.9879],[104.6923,20.9908],[104.6922,20.992],[104.6909,20.9961],[104.6907,20.9965],[104.6911,20.9972],[104.6922,20.999],[104.6939,21.0005],[104.6962,21.0014],[104.698,21.0012],[104.6968,21.0026],[104.697,21.0037],[104.6978,21.0085],[104.6978,21.0102],[104.6978,21.0114],[104.6978,21.0124],[104.6978,21.0134],[104.6977,21.0151],[104.6971,21.0163],[104.6972,21.0178],[104.6978,21.0199],[104.6984,21.0218],[104.6991,21.0228],[104.6984,21.0254],[104.6989,21.0268],[104.6995,21.0286],[104.7,21.0314],[104.6971,21.0334],[104.6969,21.0345],[104.6952,21.0361],[104.6946,21.0379],[104.6942,21.0385],[104.6943,21.0419],[104.6938,21.042],[104.6934,21.0466],[104.6834,21.0409],[104.6784,21.0346],[104.6764,21.0329],[104.6743,21.0316],[104.6718,21.0312],[104.6655,21.0324],[104.6598,21.035],[104.6536,21.0413],[104.6506,21.0435],[104.6497,21.0438],[104.6468,21.0431],[104.6449,21.0409],[104.6444,21.0389],[104.6443,21.0302],[104.6421,21.0269],[104.6395,21.0258],[104.6366,21.0267],[104.6322,21.0296],[104.6239,21.039],[104.6208,21.0415],[104.6056,21.0437],[104.6046,21.0442],[104.5981,21.0524],[104.5943,21.0556],[104.5917,21.0562],[104.5879,21.0556],[104.5867,21.054],[104.5873,21.0478],[104.5853,21.045],[104.5792,21.0468],[104.5734,21.0494],[104.5724,21.0504],[104.5713,21.0536]]]},"properties":{"code":"03997","name":"Tân Yên","nameEn":"Tan Yen","fullName":"Xã Tân Yên","fullNameEn":"Tan Yen Commune","codeName":"tan_yen","postalCode":"34711","postalCodePrefix":"","gisServerId":"diaphanhanhchinhcapxa_2025.1375","areaKm2":192.79},"id":"03997"},
{"type":"Feature","geometry":{"type":"Polygon","coordinates":[[[104.7211,20.8404],[104.7234,20.8383],[104.7242,20.8383],[104.725,20.8373],[104.7258,20.8372],[104.7276,20.835],[104.7288,20.8346],[104.7321,20.8394],[104.7368,20.8404],[104.7403,20.84],[104.7438,20.838],[104.7449,20.8384],[104.7478,20.8368],[104.7487,20.8353],[104.7525,20.8345],[104.7579,20.836],[104.7578,20.8379],[104.7565,20.8392],[104.7531,20.8483],[104.7508,20.8486],[104.7493,20.8541],[104.7497,20.8567],[104.7512,20.8569],[104.7523,20.8596],[104.754,20.8609],[104.7552,20.8611],[104.7595,20.8589],[104.7616,20.8572],[104.7636,20.8568],[104.765,20.8574],[104.765,20.8617],[104.7675,20.8623],[104.7704,20.8655],[104.7742,20.8658],[104.7756,20.8646],[104.7992,20.8633],[104.8004,20.861],[104.804,20.8609],[104.8055,20.8611],[104.8071,20.8622],[104.8096,20.8613],[104.8102,20.8615],[104.8106,20.8627],[104.8128,20.8632],[104.8132,20.8647],[104.8142,20.8651],[104.8152,20.8648],[104.8171,20.8657],[104.8184,20.8644],[104.8199,20.8641],[104.8208,20.8647],[104.8224,20.8635],[104.8212,20.8652],[104.8227,20.8691],[104.8216,20.8725],[104.8182,20.8752],[104.8158,20.8792],[104.8134,20.8796],[104.8117,20.8808],[104.8093,20.8808],[104.8094,20.8816],[104.8075,20.8833],[104.8083,20.8849],[104.8083,20.8872],[104.8103,20.8895],[104.8109,20.8925],[104.813,20.8934],[104.8114,20.894],[104.8117,20.8953],[104.8109,20.8977],[104.8064,20.9018],[104.8064,20.9025],[104.8056,20.9027],[104.8038,20.9052],[104.809,20.9048],[104.8086,20.9097],[104.8093,20.9107],[104.8074,20.9169],[104.8057,20.916],[104.8046,20.9161],[104.8029,20.9169],[104.8019,20.918],[104.7984,20.919],[104.7985,20.92],[104.7978,20.9206],[104.7944,20.9211],[104.7915,20.9257],[104.788,20.9286],[104.7849,20.9302],[104.7828,20.9324],[104.7818,20.9347],[104.7805,20.9356],[104.7804,20.9368],[104.7795,20.9368],[104.7796,20.9392],[104.7815,20.9406],[104.7823,20.9426],[104.7833,20.9432],[104.7836,20.9456],[104.7817,20.9489],[104.7827,20.9489],[104.7845,20.9504],[104.7875,20.9512],[104.7886,20.9544],[104.7879,20.9569],[104.7885,20.9581],[104.7901,20.9589],[104.7902,20.961],[104.7944,20.964],[104.7944,20.9668],[104.7938,20.9676],[104.7936,20.9697],[104.7912,20.97],[104.7896,20.9713],[104.79,20.9742],[104.7911,20.9764],[104.7893,20.9786],[104.7897,20.9804],[104.7892,20.9814],[104.7901,20.9835],[104.7902,20.9862],[104.7883,20.9886],[104.7866,20.9899],[104.7839,20.9975],[104.781,20.9999],[104.7796,21.0026],[104.7778,21.0031],[104.7774,21.0065],[104.7746,21.0104],[104.7746,21.0133],[104.7717,21.0168],[104.7715,21.0188],[104.7666,21.0222],[104.7665,21.0231],[104.765,21.0244],[104.7637,21.0266],[104.7625,21.0268],[104.761,21.0282],[104.7625,21.0294],[104.7628,21.0312],[104.7646,21.0333],[104.7637,21.0427],[104.765,21.046],[104.7533,21.0479],[104.7415,21.0519],[104.7283,21.0574],[104.7248,21.0598],[104.7161,21.0695],[104.7145,21.0706],[104.7129,21.0709],[104.7114,21.07],[104.7103,21.066],[104.7099,21.0639],[104.7093,21.0609],[104.7078,21.0539],[104.7021,21.0489],[104.6975,21.0483],[104.6934,21.0466],[104.6938,21.042],[104.6943,21.0419],[104.6942,21.0385],[104.6946,21.0379],[104.6952,21.0361],[104.6969,21.0345],[104.6971,21.0334],[104.7,21.0314],[104.6995,21.0286],[104.6989,21.0268],[104.6981,21.0259],[104.6984,21.0254],[104.6991,21.0228],[104.6984,21.0218],[104.6978,21.0199],[104.6972,21.0178],[104.6971,21.0163],[104.6977,21.0151],[104.6978,21.0134],[104.6978,21.0124],[104.6978,21.0114],[104.6978,21.0102],[104.6978,21.0085],[104.6965,21.0059],[104.697,21.0037],[104.6968,21.0026],[104.698,21.0012],[104.6962,21.0014],[104.6939,21.0005],[104.6922,20.999],[104.6911,20.9972],[104.6907,20.9965],[104.6909,20.9961],[104.6922,20.992],[104.6907,20.9879],[104.6907,20.9872],[104.6914,20.9862],[104.6882,20.9892],[104.6869,20.9883],[104.6866,20.9879],[104.6858,20.987],[104.6817,20.983],[104.6798,20.9824],[104.6788,20.9831],[104.6762,20.9878],[104.6753,20.988],[104.671,20.9877],[104.6667,20.9859],[104.6627,20.986],[104.6619,20.9853],[104.6617,20.9842],[104.6611,20.9834],[104.6607,20.9827],[104.6616,20.9816],[104.6569,20.9827],[104.6556,20.9822],[104.6556,20.9817],[104.6556,20.9787],[104.6537,20.9771],[104.654,20.9754],[104.6551,20.9756],[104.6558,20.9748],[104.6558,20.9707],[104.6556,20.9699],[104.6554,20.9693],[104.6524,20.9655],[104.6514,20.9648],[104.6497,20.9649],[104.6524,20.9602],[104.6522,20.9595],[104.652,20.9584],[104.6513,20.9574],[104.6527,20.956],[104.6555,20.95],[104.6562,20.9494],[104.6555,20.9485],[104.6554,20.9476],[104.6551,20.9468],[104.6556,20.9463],[104.6605,20.9459],[104.6612,20.9438],[104.6607,20.9417],[104.6603,20.941],[104.6598,20.9404],[104.6586,20.9391],[104.6584,20.9388],[104.6594,20.9374],[104.6568,20.9359],[104.6509,20.9337],[104.6491,20.9315],[104.6536,20.9282],[104.6573,20.924],[104.6581,20.9231],[104.6589,20.9245],[104.6617,20.9249],[104.663,20.9242],[104.6636,20.9217],[104.6653,20.9212],[104.6688,20.9212],[104.6719,20.9181],[104.6753,20.9162],[104.6759,20.9156],[104.676,20.913],[104.677,20.9116],[104.6802,20.9092],[104.6801,20.9074],[104.682,20.9045],[104.6838,20.9036],[104.6873,20.9046],[104.6891,20.9043],[104.6931,20.9021],[104.6939,20.9002],[104.6965,20.898],[104.6976,20.8978],[104.6991,20.899],[104.7025,20.8958],[104.7041,20.8922],[104.7091,20.8939],[104.7121,20.8931],[104.7126,20.8927],[104.7127,20.8899],[104.7136,20.8885],[104.7143,20.8852],[104.7179,20.879],[104.7186,20.8786],[104.7214,20.8777],[104.7239,20.8759],[104.7282,20.8743],[104.7301,20.8739],[104.7348,20.8742],[104.7355,20.8722],[104.7377,20.8719],[104.7357,20.8681],[104.7327,20.8679],[104.7292,20.8651],[104.7249,20.8654],[104.7243,20.8648],[104.7245,20.8626],[104.7253,20.8616],[104.7249,20.8576],[104.7268,20.8562],[104.7286,20.8567],[104.7256,20.8506],[104.7206,20.8514],[104.7139,20.851],[104.7134,20.8485],[104.714,20.8479],[104.7155,20.8477],[104.7161,20.8461],[104.718,20.8453],[104.7203,20.841],[104.7211,20.8404]]]},"properties":{"code":"04000","name":"Đoàn Kết","nameEn":"Doan Ket","fullName":"Xã Đoàn Kết","fullNameEn":"Doan Ket Commune","codeName":"doan_ket","postalCode":"34709","postalCodePrefix":"","gisServerId":"diaphanhanhchinhcapxa_2025.1373","areaKm2":240.66},"id":"04000"},
{"type":"Feature","geometry":{"type":"Polygon","coordinates":[[[104.8681,21.0295],[104.8651,21.0296],[104.8577,21.0287],[104.8439,21.0299],[104.8425,21.0214],[104.8419,21.02],[104.8403,21.0191],[104.8377,21.0187],[104.8363,21.0173],[104.8363,21.0152],[104.8353,21.0132],[104.8338,21.0129],[104.8352,21.0103],[104.8342,21.0099],[104.8344,21.007],[104.8336,21.0049],[104.836,21.0019],[104.8382,21.0005],[104.8446,20.9994],[104.845,20.9997],[104.8469,20.9983],[104.8479,20.9943],[104.8488,20.9932],[104.8486,20.9902],[104.8499,20.9874],[104.8495,20.9866],[104.8479,20.9859],[104.8467,20.9834],[104.8488,20.9816],[104.8482,20.9797],[104.8529,20.9803],[104.8562,20.9753],[104.8552,20.974],[104.8548,20.9712],[104.8541,20.9707],[104.8534,20.9684],[104.8523,20.9687],[104.8496,20.9669],[104.8488,20.9647],[104.8493,20.962],[104.8454,20.9616],[104.8407,20.9572],[104.8414,20.9555],[104.8412,20.954],[104.8409,20.9526],[104.8401,20.9517],[104.8418,20.949],[104.8431,20.9483],[104.843,20.9463],[104.8416,20.9456],[104.8408,20.9437],[104.8376,20.9429],[104.8372,20.9405],[104.8367,20.9399],[104.8369,20.9391],[104.8356,20.9375],[104.8355,20.9353],[104.835,20.9351],[104.8328,20.9309],[104.8355,20.93],[104.8379,20.9302],[104.8379,20.9295],[104.8403,20.9259],[104.8407,20.9244],[104.8405,20.9231],[104.8429,20.9213],[104.8438,20.9188],[104.8454,20.9176],[104.8464,20.9161],[104.8466,20.9115],[104.8502,20.9117],[104.8542,20.9136],[104.8548,20.9118],[104.8557,20.9117],[104.8606,20.9121],[104.8617,20.9125],[104.8622,20.9134],[104.8634,20.913],[104.866,20.9138],[104.867,20.9137],[104.8679,20.9128],[104.8685,20.9118],[104.872,20.8942],[104.8768,20.8865],[104.8757,20.8856],[104.8744,20.8828],[104.8751,20.882],[104.8752,20.8794],[104.8741,20.8768],[104.8753,20.8763],[104.8738,20.876],[104.8758,20.8751],[104.8792,20.876],[104.882,20.8752],[104.8831,20.874],[104.8841,20.8711],[104.8881,20.8683],[104.8914,20.868],[104.8931,20.8664],[104.8929,20.8632],[104.895,20.8606],[104.8969,20.86],[104.9009,20.8621],[104.9008,20.8629],[104.9034,20.8643],[104.9069,20.8639],[104.9115,20.8582],[104.9119,20.856],[104.9141,20.8556],[104.9175,20.8498],[104.9193,20.8495],[104.9202,20.848],[104.9195,20.8458],[104.9204,20.8449],[104.9229,20.8442],[104.9262,20.8453],[104.9273,20.8432],[104.929,20.8432],[104.9306,20.8439],[104.9329,20.8426],[104.9348,20.8405],[104.936,20.8401],[104.9377,20.8415],[104.9394,20.8413],[104.941,20.8398],[104.9424,20.8392],[104.9428,20.8382],[104.9448,20.8375],[104.9469,20.8375],[104.9522,20.8351],[104.955,20.8349],[104.9557,20.8307],[104.958,20.8291],[104.9582,20.8273],[104.9614,20.8251],[104.9578,20.8234],[104.957,20.8213],[104.9562,20.8207],[104.9631,20.8192],[104.9659,20.8178],[104.9672,20.8182],[104.9677,20.8195],[104.9681,20.8196],[104.9753,20.8172],[104.9756,20.8166],[104.9777,20.816],[104.9793,20.8147],[104.9806,20.8149],[104.9844,20.8129],[104.9855,20.8135],[104.9863,20.813],[104.9885,20.813],[104.9902,20.8114],[104.9931,20.8108],[104.994,20.8107],[104.995,20.8117],[104.9959,20.8119],[104.9977,20.8146],[104.9973,20.8153],[104.998,20.8165],[104.998,20.8181],[105.0012,20.8221],[105.003,20.8255],[105.0014,20.8286],[105.0014,20.8307],[105.0033,20.8325],[105.002,20.8346],[105.0021,20.8356],[105.0046,20.839],[105.0044,20.8402],[105.0066,20.8423],[105.0067,20.8445],[105.0015,20.8459],[104.9984,20.8456],[104.9971,20.8461],[104.9977,20.8489],[104.9985,20.8497],[104.9982,20.8518],[105.0009,20.8542],[105.0008,20.8559],[104.9972,20.8613],[104.9945,20.8646],[104.9935,20.8652],[104.9932,20.8665],[104.9924,20.8672],[104.9913,20.8772],[104.9871,20.8831],[104.982,20.8876],[104.9799,20.891],[104.978,20.8963],[104.977,20.9043],[104.9761,20.9074],[104.973,20.9112],[104.9714,20.9124],[104.9661,20.9125],[104.9612,20.9151],[104.9583,20.9177],[104.9519,20.9259],[104.9445,20.93],[104.941,20.9315],[104.939,20.9333],[104.9368,20.9372],[104.9356,20.9413],[104.93,20.9499],[104.9234,20.9633],[104.9071,20.9748],[104.9028,20.9782],[104.9006,20.9809],[104.8969,20.9873],[104.8926,20.9968],[104.8918,21.0048],[104.8905,21.0084],[104.8862,21.014],[104.8821,21.0217],[104.8801,21.0236],[104.8712,21.0284],[104.8681,21.0295]]]},"properties":{"code":"04006","name":"Song Khủa","nameEn":"Song Khua","fullName":"Xã Song Khủa","fullNameEn":"Song Khua Commune","codeName":"song_khua","postalCode":"34812","postalCodePrefix":"","gisServerId":"diaphanhanhchinhcapxa_2025.1376","areaKm2":192.45},"id":"04006"},
{"type":"Feature","geometry":{"type":"Polygon","coordinates":[[[104.8439,21.0299],[104.8404,21.0307],[104.8318,21.034],[104.8262,21.0368],[104.8228,21.0374],[104.8181,21.0366],[104.8076,21.0333],[104.8044,21.0328],[104.8018,21.033],[104.7985,21.0349],[104.7931,21.0413],[104.7906,21.0428],[104.785,21.0429],[104.7751,21.0451],[104.765,21.046],[104.7637,21.0427],[104.7646,21.0333],[104.7628,21.0312],[104.7625,21.0294],[104.761,21.0282],[104.7625,21.0268],[104.7637,21.0266],[104.765,21.0244],[104.7665,21.0231],[104.7666,21.0222],[104.7715,21.0188],[104.7717,21.0168],[104.7746,21.0133],[104.7746,21.0104],[104.7774,21.0065],[104.7778,21.0031],[104.7796,21.0026],[104.781,20.9999],[104.7839,20.9975],[104.7866,20.9899],[104.7883,20.9886],[104.7902,20.9862],[104.7901,20.9835],[104.7892,20.9814],[104.7897,20.9804],[104.7893,20.9786],[104.7911,20.9764],[104.79,20.9742],[104.7896,20.9713],[104.7912,20.97],[104.7936,20.9697],[104.7938,20.9676],[104.7944,20.9668],[104.7944,20.964],[104.7902,20.961],[104.7901,20.9589],[104.7885,20.9581],[104.7879,20.9569],[104.7886,20.9544],[104.7875,20.9512],[104.7845,20.9504],[104.7827,20.9489],[104.7817,20.9489],[104.7836,20.9456],[104.7833,20.9432],[104.7823,20.9426],[104.7815,20.9406],[104.7796,20.9392],[104.7795,20.9368],[104.7804,20.9368],[104.7805,20.9356],[104.7818,20.9347],[104.7828,20.9324],[104.7849,20.9302],[104.788,20.9286],[104.7915,20.9257],[104.7944,20.9211],[104.7978,20.9206],[104.7985,20.92],[104.7984,20.919],[104.8019,20.918],[104.8029,20.9169],[104.8046,20.9161],[104.8057,20.916],[104.8074,20.9169],[104.8093,20.9107],[104.8086,20.9097],[104.809,20.9048],[104.8038,20.9052],[104.8056,20.9027],[104.8064,20.9025],[104.8064,20.9018],[104.8109,20.8977],[104.8117,20.8953],[104.8114,20.894],[104.813,20.8934],[104.8109,20.8925],[104.8103,20.8895],[104.8083,20.8872],[104.8083,20.8849],[104.8075,20.8833],[104.8094,20.8816],[104.8093,20.8808],[104.8117,20.8808],[104.8134,20.8796],[104.8158,20.8792],[104.8182,20.8752],[104.8216,20.8725],[104.8227,20.8691],[104.8212,20.8652],[104.8224,20.8635],[104.8208,20.8647],[104.8199,20.8641],[104.8184,20.8644],[104.8171,20.8657],[104.8152,20.8648],[104.8142,20.8651],[104.8132,20.8647],[104.8128,20.8632],[104.8106,20.8627],[104.8102,20.8615],[104.8096,20.8613],[104.8071,20.8622],[104.8055,20.8611],[104.804,20.8609],[104.8004,20.861],[104.7992,20.8633],[104.7756,20.8646],[104.7759,20.8629],[104.777,20.8623],[104.7773,20.8612],[104.7779,20.8611],[104.779,20.8618],[104.7792,20.8603],[104.7785,20.8594],[104.7791,20.8584],[104.78,20.8586],[104.7796,20.8573],[104.7806,20.8569],[104.7793,20.8547],[104.7794,20.8536],[104.7802,20.8531],[104.7802,20.8516],[104.7822,20.8507],[104.7825,20.8496],[104.7835,20.8493],[104.785,20.847],[104.7862,20.8473],[104.7873,20.8461],[104.7854,20.8446],[104.784,20.8458],[104.7836,20.8451],[104.7831,20.8451],[104.7822,20.8462],[104.7812,20.8458],[104.7802,20.8462],[104.7796,20.8452],[104.7769,20.8459],[104.7743,20.8436],[104.7743,20.8427],[104.7736,20.8426],[104.7674,20.8376],[104.7657,20.8371],[104.7633,20.8372],[104.7637,20.833],[104.7624,20.8311],[104.7619,20.829],[104.7597,20.8273],[104.7586,20.8251],[104.7599,20.8211],[104.7635,20.8206],[104.7638,20.8196],[104.7751,20.8214],[104.7785,20.8209],[104.7833,20.8212],[104.784,20.8221],[104.7879,20.8215],[104.7921,20.8223],[104.7945,20.8197],[104.8001,20.8194],[104.8013,20.8168],[104.8022,20.8164],[104.8029,20.8145],[104.8043,20.8142],[104.8067,20.8124],[104.8084,20.8105],[104.8087,20.8081],[104.8122,20.8053],[104.8211,20.807],[104.8239,20.8069],[104.826,20.808],[104.8392,20.8036],[104.8445,20.8057],[104.845,20.8068],[104.8445,20.8076],[104.8454,20.8087],[104.8447,20.8096],[104.8462,20.8129],[104.8471,20.813],[104.8479,20.8138],[104.8492,20.8137],[104.8501,20.8151],[104.8496,20.8165],[104.85,20.819],[104.8512,20.8203],[104.8535,20.8215],[104.8548,20.821],[104.8549,20.8192],[104.8563,20.8188],[104.8587,20.8194],[104.8605,20.819],[104.862,20.8184],[104.8628,20.8172],[104.8644,20.8166],[104.865,20.8175],[104.8659,20.8175],[104.867,20.8183],[104.8689,20.8176],[104.8712,20.8178],[104.8728,20.8169],[104.8764,20.8177],[104.8776,20.8166],[104.881,20.8189],[104.882,20.8205],[104.8819,20.8219],[104.884,20.8271],[104.8825,20.8287],[104.8836,20.8317],[104.885,20.8335],[104.885,20.8348],[104.8842,20.8355],[104.8837,20.8375],[104.8812,20.8385],[104.8802,20.838],[104.8794,20.839],[104.8769,20.8399],[104.8757,20.8392],[104.8734,20.8407],[104.8731,20.8442],[104.8716,20.848],[104.8725,20.8495],[104.8725,20.8518],[104.8709,20.8536],[104.8685,20.8542],[104.8689,20.8573],[104.8697,20.8587],[104.8744,20.8626],[104.8828,20.8644],[104.8837,20.8651],[104.8852,20.8653],[104.8882,20.8638],[104.8929,20.8632],[104.8931,20.8664],[104.8914,20.868],[104.8881,20.8683],[104.8841,20.8711],[104.8831,20.874],[104.882,20.8752],[104.8792,20.876],[104.8758,20.8751],[104.8738,20.876],[104.8753,20.8763],[104.8741,20.8768],[104.8752,20.8794],[104.8751,20.882],[104.8744,20.8828],[104.8757,20.8856],[104.8768,20.8865],[104.872,20.8942],[104.8685,20.9118],[104.8679,20.9128],[104.867,20.9137],[104.866,20.9138],[104.8634,20.913],[104.8622,20.9134],[104.8617,20.9125],[104.8606,20.9121],[104.8557,20.9117],[104.8548,20.9118],[104.8542,20.9136],[104.8502,20.9117],[104.8466,20.9115],[104.8464,20.9161],[104.8454,20.9176],[104.8438,20.9188],[104.8429,20.9213],[104.8405,20.9231],[104.8407,20.9244],[104.8403,20.9259],[104.8379,20.9295],[104.8379,20.9302],[104.8355,20.93],[104.8328,20.9309],[104.835,20.9351],[104.8355,20.9353],[104.8356,20.9375],[104.8369,20.9391],[104.8367,20.9399],[104.8372,20.9405],[104.8376,20.9429],[104.8408,20.9437],[104.8416,20.9456],[104.843,20.9463],[104.8431,20.9483],[104.8418,20.949],[104.8401,20.9517],[104.8409,20.9526],[104.8412,20.954],[104.8414,20.9555],[104.8407,20.9572],[104.8454,20.9616],[104.8493,20.962],[104.8488,20.9647],[104.8496,20.9669],[104.8523,20.9687],[104.8534,20.9684],[104.8541,20.9707],[104.8548,20.9712],[104.8552,20.974],[104.8562,20.9753],[104.8529,20.9803],[104.8482,20.9797],[104.8488,20.9816],[104.8467,20.9834],[104.8479,20.9859],[104.8495,20.9866],[104.8499,20.9874],[104.8486,20.9902],[104.8488,20.9932],[104.8479,20.9943],[104.8469,20.9983],[104.845,20.9997],[104.8446,20.9994],[104.8382,21.0005],[104.836,21.0019],[104.8336,21.0049],[104.8344,21.007],[104.8342,21.0099],[104.8352,21.0103],[104.8338,21.0129],[104.8353,21.0132],[104.8363,21.0152],[104.8363,21.0173],[104.8377,21.0187],[104.8403,21.0191],[104.8419,21.02],[104.8425,21.0214],[104.8439,21.0299]]]},"properties":{"code":"04018","name":"Tô Múa","nameEn":"To Mua","fullName":"Xã Tô Múa","fullNameEn":"To Mua Commune","codeName":"to_mua","postalCode":"34815","postalCodePrefix":"","gisServerId":"diaphanhanhchinhcapxa_2025.1377","areaKm2":181.98},"id":"04018"},
{"type":"Feature","geometry":{"type":"Polygon","coordinates":[[[104.7756,20.8646],[104.7742,20.8658],[104.7704,20.8655],[104.7675,20.8623],[104.765,20.8617],[104.765,20.8574],[104.7636,20.8568],[104.7616,20.8572],[104.7595,20.8589],[104.7552,20.8611],[104.754,20.8609],[104.7523,20.8596],[104.7512,20.8569],[104.7497,20.8567],[104.7493,20.8541],[104.7508,20.8486],[104.7531,20.8483],[104.7565,20.8392],[104.7578,20.8379],[104.7579,20.836],[104.7525,20.8345],[104.7487,20.8353],[104.7478,20.8368],[104.7449,20.8384],[104.7438,20.838],[104.7403,20.84],[104.7368,20.8404],[104.7321,20.8394],[104.7288,20.8346],[104.7276,20.835],[104.7258,20.8372],[104.725,20.8373],[104.7242,20.8383],[104.7234,20.8383],[104.7211,20.8404],[104.7201,20.8388],[104.718,20.8403],[104.7171,20.8369],[104.7151,20.8339],[104.7061,20.8363],[104.7038,20.8357],[104.7011,20.8316],[104.701,20.8309],[104.7018,20.8302],[104.6987,20.8266],[104.6905,20.8235],[104.6882,20.8257],[104.6842,20.8276],[104.6803,20.8337],[104.679,20.8328],[104.6766,20.8331],[104.6731,20.8344],[104.6714,20.8365],[104.6685,20.8347],[104.6658,20.8361],[104.661,20.8424],[104.6597,20.8461],[104.6595,20.8443],[104.6564,20.837],[104.6569,20.8352],[104.6542,20.833],[104.654,20.8323],[104.6547,20.8311],[104.6563,20.8312],[104.6574,20.8287],[104.657,20.8268],[104.6559,20.8255],[104.6557,20.8232],[104.6579,20.8219],[104.6569,20.8194],[104.658,20.8188],[104.6588,20.8121],[104.6628,20.8105],[104.6634,20.8115],[104.6663,20.8127],[104.6679,20.8122],[104.6701,20.8138],[104.6733,20.8089],[104.6854,20.8083],[104.6872,20.8091],[104.6881,20.8103],[104.689,20.8105],[104.6971,20.8055],[104.711,20.8061],[104.7114,20.8046],[104.7136,20.803],[104.716,20.8058],[104.7186,20.8062],[104.7219,20.805],[104.7229,20.8054],[104.7236,20.805],[104.724,20.8058],[104.725,20.8061],[104.7262,20.805],[104.7279,20.8045],[104.7284,20.8063],[104.7311,20.8092],[104.7325,20.8089],[104.7349,20.8097],[104.7373,20.8095],[104.7394,20.8105],[104.7415,20.8091],[104.7419,20.8098],[104.7432,20.8097],[104.7433,20.809],[104.7448,20.8079],[104.746,20.8087],[104.7484,20.8076],[104.7506,20.8081],[104.7535,20.8112],[104.7539,20.8121],[104.7561,20.8141],[104.7575,20.8136],[104.7597,20.814],[104.7598,20.8127],[104.7614,20.8125],[104.7622,20.8135],[104.7635,20.8137],[104.7762,20.8141],[104.7786,20.8151],[104.7785,20.8209],[104.7751,20.8214],[104.7638,20.8196],[104.7635,20.8206],[104.7599,20.8211],[104.7586,20.8251],[104.7597,20.8273],[104.7619,20.829],[104.7624,20.8311],[104.7637,20.833],[104.7633,20.8372],[104.7657,20.8371],[104.7674,20.8376],[104.7736,20.8426],[104.7743,20.8427],[104.7743,20.8436],[104.7769,20.8459],[104.7796,20.8452],[104.7802,20.8462],[104.7812,20.8458],[104.7822,20.8462],[104.7831,20.8451],[104.7836,20.8451],[104.784,20.8458],[104.7854,20.8446],[104.7873,20.8461],[104.7862,20.8473],[104.785,20.847],[104.7835,20.8493],[104.7825,20.8496],[104.7822,20.8507],[104.7802,20.8516],[104.7802,20.8531],[104.7794,20.8536],[104.7793,20.8547],[104.7806,20.8569],[104.7796,20.8573],[104.78,20.8586],[104.7791,20.8584],[104.7785,20.8594],[104.7792,20.8603],[104.779,20.8618],[104.7779,20.8611],[104.7773,20.8612],[104.777,20.8623],[104.7759,20.8629],[104.7756,20.8646]]]},"properties":{"code":"04033","name":"Vân Sơn","nameEn":"Van Son","fullName":"Phường Vân Sơn","fullNameEn":"Van Son Ward","codeName":"van_son","postalCode":"34724","postalCodePrefix":"","gisServerId":"diaphanhanhchinhcapxa_2025.3285","areaKm2":39.61},"id":"04033"},
{"type":"Feature","geometry":{"type":"Polygon","coordinates":[[[104.5672,20.8098],[104.5653,20.8112],[104.561,20.8204],[104.5569,20.8239],[104.545,20.8267],[104.5407,20.8264],[104.5382,20.8272],[104.5363,20.8292],[104.5364,20.8381],[104.5391,20.8485],[104.5385,20.8521],[104.5358,20.8544],[104.5349,20.8572],[104.5328,20.8612],[104.5299,20.8611],[104.5285,20.8618],[104.5265,20.8615],[104.5241,20.8621],[104.5212,20.864],[104.5182,20.8632],[104.5173,20.8637],[104.517,20.8645],[104.5161,20.8646],[104.5149,20.8656],[104.5148,20.8658],[104.5144,20.8667],[104.513,20.8671],[104.5113,20.8693],[104.5078,20.8717],[104.5068,20.872],[104.5059,20.8707],[104.5049,20.8705],[104.5029,20.8715],[104.5014,20.8732],[104.4992,20.8731],[104.4982,20.8749],[104.4984,20.8756],[104.4953,20.877],[104.4929,20.8766],[104.4913,20.8775],[104.4879,20.8782],[104.4853,20.8821],[104.4847,20.885],[104.4836,20.884],[104.4807,20.8834],[104.4764,20.8845],[104.4749,20.8838],[104.4739,20.8843],[104.4722,20.8836],[104.4711,20.8843],[104.4684,20.886],[104.4664,20.8862],[104.4656,20.8856],[104.4644,20.8862],[104.4629,20.8853],[104.4611,20.8852],[104.4597,20.8868],[104.4583,20.8855],[104.4564,20.886],[104.4561,20.8849],[104.4548,20.8838],[104.4538,20.8853],[104.4513,20.8843],[104.4493,20.8842],[104.4452,20.8813],[104.4412,20.8823],[104.4423,20.8803],[104.4412,20.8799],[104.4409,20.8783],[104.4388,20.8777],[104.4379,20.8783],[104.4367,20.8768],[104.4354,20.8771],[104.4384,20.8704],[104.433,20.8664],[104.4335,20.864],[104.4351,20.8638],[104.4357,20.8626],[104.4354,20.8581],[104.4332,20.8568],[104.4337,20.8555],[104.4334,20.8545],[104.4324,20.8535],[104.4324,20.8521],[104.4306,20.8491],[104.4295,20.8489],[104.4281,20.8496],[104.4276,20.8484],[104.4279,20.8466],[104.4255,20.8467],[104.4255,20.84],[104.4265,20.8384],[104.4259,20.8366],[104.4241,20.8342],[104.4238,20.8323],[104.4211,20.8296],[104.4215,20.8279],[104.4269,20.8249],[104.4304,20.8217],[104.4307,20.8152],[104.4316,20.8132],[104.4315,20.8119],[104.4302,20.8106],[104.4295,20.8085],[104.4264,20.8069],[104.4261,20.8052],[104.4248,20.8051],[104.423,20.8039],[104.4216,20.804],[104.4217,20.8029],[104.4211,20.8021],[104.4191,20.8019],[104.4172,20.8005],[104.4174,20.7986],[104.4189,20.7967],[104.4193,20.7954],[104.4214,20.7953],[104.4247,20.7942],[104.4277,20.7921],[104.4283,20.7927],[104.428,20.7937],[104.4283,20.7949],[104.4309,20.7974],[104.4339,20.7974],[104.4361,20.7964],[104.4366,20.7969],[104.4379,20.7972],[104.4389,20.7984],[104.442,20.7979],[104.4453,20.799],[104.4477,20.799],[104.449,20.7965],[104.4486,20.7922],[104.449,20.7904],[104.4485,20.7893],[104.4502,20.7867],[104.4497,20.7857],[104.4506,20.7847],[104.4509,20.7827],[104.4538,20.7809],[104.4557,20.781],[104.4572,20.7799],[104.4595,20.7805],[104.461,20.7794],[104.4622,20.7799],[104.4634,20.7791],[104.4668,20.7797],[104.4685,20.7794],[104.469,20.779],[104.4686,20.7769],[104.4704,20.776],[104.4704,20.7736],[104.4733,20.7721],[104.4754,20.7719],[104.4756,20.7712],[104.4774,20.7708],[104.4777,20.7698],[104.481,20.7683],[104.4826,20.7677],[104.4836,20.7679],[104.484,20.7666],[104.4826,20.7649],[104.4828,20.7617],[104.4821,20.7597],[104.4833,20.7592],[104.4842,20.7578],[104.484,20.754],[104.4857,20.7492],[104.4872,20.7482],[104.4894,20.7449],[104.4881,20.7428],[104.488,20.7408],[104.4871,20.7398],[104.4876,20.7377],[104.4887,20.7372],[104.4889,20.7333],[104.49,20.733],[104.4898,20.7307],[104.4884,20.7292],[104.4885,20.7286],[104.4914,20.7252],[104.492,20.7232],[104.4918,20.7207],[104.4932,20.7197],[104.495,20.7174],[104.4948,20.7148],[104.4979,20.7146],[104.5014,20.7134],[104.5055,20.7149],[104.5115,20.7156],[104.5099,20.7149],[104.5081,20.7133],[104.5065,20.7106],[104.5105,20.7094],[104.517,20.7052],[104.5189,20.7034],[104.5207,20.7005],[104.5216,20.701],[104.5236,20.701],[104.5256,20.7026],[104.5266,20.7054],[104.5283,20.7064],[104.5286,20.7078],[104.528,20.7102],[104.5297,20.7134],[104.5327,20.7133],[104.5328,20.7155],[104.5339,20.7165],[104.5359,20.7175],[104.5373,20.7163],[104.5414,20.7147],[104.5419,20.7156],[104.5411,20.7167],[104.5445,20.7178],[104.548,20.72],[104.5485,20.7208],[104.5496,20.7203],[104.5523,20.7225],[104.555,20.7199],[104.5573,20.7193],[104.5582,20.7185],[104.5602,20.7183],[104.5616,20.7167],[104.5641,20.7172],[104.5663,20.7167],[104.5684,20.7124],[104.5729,20.71],[104.5809,20.7035],[104.5825,20.705],[104.5841,20.7046],[104.5866,20.7072],[104.5889,20.7108],[104.5902,20.714],[104.5917,20.7158],[104.5954,20.718],[104.5958,20.7195],[104.5954,20.7208],[104.5981,20.7228],[104.598,20.7237],[104.5949,20.7268],[104.5947,20.729],[104.5938,20.7303],[104.5936,20.7317],[104.5915,20.7331],[104.5907,20.7303],[104.589,20.7302],[104.5858,20.732],[104.5843,20.7322],[104.583,20.7316],[104.5805,20.7326],[104.5792,20.7323],[104.5775,20.7342],[104.5754,20.7348],[104.5745,20.7345],[104.5746,20.7389],[104.5734,20.7416],[104.5721,20.7414],[104.5686,20.7441],[104.5653,20.7447],[104.5573,20.7445],[104.5552,20.7491],[104.5525,20.7494],[104.5489,20.7513],[104.5488,20.7526],[104.547,20.7541],[104.5474,20.7592],[104.548,20.7605],[104.5461,20.7637],[104.5486,20.7704],[104.5505,20.7725],[104.5511,20.774],[104.5497,20.7802],[104.5509,20.7803],[104.5528,20.7794],[104.5554,20.7796],[104.5565,20.7806],[104.5585,20.7794],[104.5621,20.78],[104.5633,20.7797],[104.5656,20.7801],[104.5676,20.7819],[104.5669,20.7818],[104.5637,20.7837],[104.5616,20.7856],[104.5616,20.7871],[104.5621,20.7879],[104.5631,20.7884],[104.5643,20.7883],[104.5647,20.7887],[104.5661,20.7953],[104.5655,20.7957],[104.5656,20.7972],[104.565,20.7987],[104.5655,20.8002],[104.5644,20.8013],[104.5652,20.8033],[104.5644,20.804],[104.5635,20.8039],[104.5604,20.8055],[104.5672,20.8098]]]},"properties":{"code":"04045","name":"Lóng Sập","nameEn":"Long Sap","fullName":"Xã Lóng Sập","fullNameEn":"Long Sap Commune","codeName":"long_sap","postalCode":"34717","postalCodePrefix":"","gisServerId":"diaphanhanhchinhcapxa_2025.1378","areaKm2":211.3},"id":"04045"},
{"type":"Feature","geometry":{"type":"Polygon","coordinates":[[[104.8929,20.8632],[104.8882,20.8638],[104.8852,20.8653],[104.8837,20.8651],[104.8828,20.8644],[104.8744,20.8626],[104.8697,20.8587],[104.8689,20.8573],[104.8685,20.8542],[104.8709,20.8536],[104.8725,20.8518],[104.8725,20.8495],[104.8716,20.848],[104.8731,20.8442],[104.8734,20.8407],[104.8757,20.8392],[104.8769,20.8399],[104.8794,20.839],[104.8802,20.838],[104.8812,20.8385],[104.8837,20.8375],[104.8842,20.8355],[104.885,20.8348],[104.885,20.8335],[104.8836,20.8317],[104.8825,20.8287],[104.884,20.8271],[104.8819,20.8219],[104.882,20.8205],[104.881,20.8189],[104.8776,20.8166],[104.8764,20.8177],[104.8728,20.8169],[104.8712,20.8178],[104.8689,20.8176],[104.867,20.8183],[104.8659,20.8175],[104.865,20.8175],[104.8644,20.8166],[104.8628,20.8172],[104.862,20.8184],[104.8605,20.819],[104.8587,20.8194],[104.8563,20.8188],[104.8549,20.8192],[104.8548,20.821],[104.8535,20.8215],[104.8512,20.8203],[104.85,20.819],[104.8496,20.8165],[104.8501,20.8151],[104.8492,20.8137],[104.8479,20.8138],[104.8471,20.813],[104.8462,20.8129],[104.8447,20.8096],[104.8454,20.8087],[104.8445,20.8076],[104.845,20.8068],[104.8445,20.8057],[104.8392,20.8036],[104.826,20.808],[104.8239,20.8069],[104.8211,20.807],[104.8122,20.8053],[104.8087,20.8081],[104.8084,20.8105],[104.8067,20.8124],[104.8043,20.8142],[104.8029,20.8145],[104.8022,20.8164],[104.8013,20.8168],[104.8001,20.8194],[104.7945,20.8197],[104.7921,20.8223],[104.7879,20.8215],[104.784,20.8221],[104.7833,20.8212],[104.7785,20.8209],[104.7786,20.8151],[104.7762,20.8141],[104.7635,20.8137],[104.7622,20.8135],[104.7614,20.8125],[104.7598,20.8127],[104.7597,20.814],[104.7575,20.8136],[104.7561,20.8141],[104.7539,20.8121],[104.7535,20.8112],[104.7506,20.8081],[104.7484,20.8076],[104.746,20.8087],[104.7448,20.8079],[104.7433,20.809],[104.7432,20.8097],[104.7419,20.8098],[104.7415,20.8091],[104.7394,20.8105],[104.7373,20.8095],[104.7349,20.8097],[104.7325,20.8089],[104.7311,20.8092],[104.7284,20.8063],[104.7279,20.8045],[104.7262,20.805],[104.725,20.8061],[104.724,20.8058],[104.7236,20.805],[104.7229,20.8054],[104.7219,20.805],[104.7186,20.8062],[104.716,20.8058],[104.7136,20.803],[104.7114,20.8046],[104.711,20.8061],[104.6971,20.8055],[104.689,20.8105],[104.6881,20.8103],[104.6872,20.8091],[104.6854,20.8083],[104.6733,20.8089],[104.6701,20.8138],[104.6679,20.8122],[104.6663,20.8127],[104.6634,20.8115],[104.6628,20.8105],[104.6653,20.8044],[104.6659,20.8043],[104.6686,20.8003],[104.6684,20.7984],[104.671,20.7979],[104.6727,20.7985],[104.6741,20.7981],[104.6744,20.7934],[104.6769,20.7931],[104.6778,20.7923],[104.6779,20.7907],[104.6791,20.7896],[104.681,20.7866],[104.6874,20.781],[104.6867,20.7798],[104.6882,20.7782],[104.6896,20.778],[104.6913,20.7786],[104.6948,20.7745],[104.6987,20.7731],[104.7008,20.7696],[104.7,20.7689],[104.7005,20.7677],[104.7025,20.7671],[104.7037,20.7675],[104.7042,20.7685],[104.7102,20.7685],[104.7125,20.7695],[104.7173,20.7686],[104.719,20.769],[104.7209,20.7673],[104.7269,20.7643],[104.7269,20.7635],[104.7295,20.7616],[104.7319,20.7613],[104.7338,20.7602],[104.7349,20.7615],[104.7363,20.7602],[104.7382,20.7598],[104.74,20.76],[104.7411,20.7611],[104.7425,20.7616],[104.7442,20.7599],[104.7485,20.7578],[104.7523,20.7582],[104.7542,20.7579],[104.7599,20.7551],[104.7599,20.7542],[104.7626,20.7549],[104.7649,20.7547],[104.7679,20.7543],[104.7711,20.7529],[104.7715,20.7599],[104.7733,20.76],[104.7755,20.7607],[104.7792,20.7528],[104.7947,20.7523],[104.7948,20.7517],[104.7975,20.7505],[104.8061,20.7545],[104.8064,20.7606],[104.8072,20.7606],[104.8109,20.7594],[104.8138,20.7591],[104.8144,20.7578],[104.8153,20.7574],[104.8167,20.7534],[104.834,20.7488],[104.8353,20.749],[104.8368,20.7481],[104.8389,20.7477],[104.837,20.7549],[104.8406,20.7554],[104.8431,20.7539],[104.8449,20.754],[104.8461,20.7535],[104.848,20.7539],[104.8501,20.7536],[104.8528,20.7541],[104.8547,20.7537],[104.8562,20.7545],[104.8564,20.7536],[104.8593,20.7532],[104.8623,20.7601],[104.8623,20.7653],[104.8638,20.7691],[104.8654,20.7684],[104.8684,20.7696],[104.8691,20.7691],[104.869,20.7666],[104.8707,20.7653],[104.8746,20.7676],[104.8825,20.7669],[104.8845,20.7638],[104.8884,20.7622],[104.8892,20.7623],[104.8943,20.7588],[104.8963,20.7582],[104.8969,20.7571],[104.8985,20.7565],[104.9002,20.755],[104.9014,20.7543],[104.903,20.7543],[104.9044,20.7528],[104.9065,20.7523],[104.9068,20.7509],[104.9082,20.7503],[104.9087,20.7493],[104.9129,20.7496],[104.9194,20.7486],[104.9241,20.7438],[104.9259,20.7479],[104.9275,20.7471],[104.9289,20.7471],[104.9338,20.7487],[104.9363,20.7476],[104.9402,20.744],[104.9404,20.7426],[104.9425,20.7418],[104.9433,20.7398],[104.9454,20.7392],[104.946,20.7381],[104.9474,20.7375],[104.9475,20.7367],[104.9493,20.7377],[104.9496,20.7413],[104.955,20.74],[104.9557,20.7378],[104.9568,20.738],[104.9575,20.7369],[104.9601,20.7356],[104.9612,20.7342],[104.9637,20.7352],[104.9693,20.7325],[104.9732,20.7283],[104.9792,20.7239],[104.9817,20.7232],[104.9832,20.7214],[104.9853,20.7216],[104.9867,20.7231],[104.9866,20.7242],[104.9876,20.7245],[104.9885,20.7244],[104.9911,20.7229],[105.0137,20.7227],[105.0188,20.7259],[105.0161,20.7312],[105.014,20.7315],[105.0133,20.7327],[105.0142,20.7359],[105.0135,20.7368],[105.0135,20.7405],[105.0115,20.7403],[105.0109,20.7428],[105.0091,20.7435],[105.0071,20.7451],[105.006,20.7448],[105.0024,20.7487],[105.0002,20.7494],[104.9989,20.7505],[104.9962,20.7511],[104.995,20.7504],[104.9931,20.7506],[104.9928,20.7519],[104.9918,20.7523],[104.9901,20.7541],[104.9908,20.7544],[104.9921,20.7563],[104.9919,20.7587],[104.9925,20.7605],[104.9944,20.7623],[104.9921,20.7637],[104.9933,20.7651],[104.9937,20.767],[104.9932,20.7692],[104.9948,20.7716],[104.9961,20.7722],[104.9982,20.7702],[105.0067,20.7693],[105.008,20.7717],[105.0094,20.7729],[105.0137,20.7751],[105.0152,20.7778],[105.0164,20.7782],[105.0181,20.7776],[105.0186,20.7785],[105.0202,20.7793],[105.0213,20.779],[105.0223,20.7776],[105.0234,20.7773],[105.0248,20.776],[105.0283,20.7753],[105.031,20.7734],[105.0329,20.7737],[105.0321,20.7754],[105.0301,20.7772],[105.0293,20.7801],[105.0303,20.7823],[105.0298,20.7828],[105.0299,20.7856],[105.0325,20.7964],[105.0312,20.7991],[105.0282,20.8002],[105.0249,20.8035],[105.0236,20.8037],[105.0188,20.8059],[105.0168,20.8062],[105.0126,20.8044],[105.0113,20.8071],[105.0087,20.808],[105.0066,20.8111],[105.0032,20.8131],[105.0028,20.8139],[105.0014,20.8145],[104.9977,20.8146],[104.9959,20.8119],[104.995,20.8117],[104.994,20.8107],[104.9931,20.8108],[104.9902,20.8114],[104.9885,20.813],[104.9863,20.813],[104.9855,20.8135],[104.9844,20.8129],[104.9806,20.8149],[104.9793,20.8147],[104.9777,20.816],[104.9756,20.8166],[104.9753,20.8172],[104.9681,20.8196],[104.9677,20.8195],[104.9672,20.8182],[104.9659,20.8178],[104.9631,20.8192],[104.9562,20.8207],[104.957,20.8213],[104.9578,20.8234],[104.9614,20.8251],[104.9582,20.8273],[104.958,20.8291],[104.9557,20.8307],[104.955,20.8349],[104.9522,20.8351],[104.9469,20.8375],[104.9448,20.8375],[104.9428,20.8382],[104.9424,20.8392],[104.941,20.8398],[104.9394,20.8413],[104.9377,20.8415],[104.936,20.8401],[104.9348,20.8405],[104.9329,20.8426],[104.9306,20.8439],[104.929,20.8432],[104.9273,20.8432],[104.9262,20.8453],[104.9229,20.8442],[104.9204,20.8449],[104.9195,20.8458],[104.9202,20.848],[104.9193,20.8495],[104.9175,20.8498],[104.9141,20.8556],[104.9119,20.856],[104.9115,20.8582],[104.9069,20.8639],[104.9034,20.8643],[104.9008,20.8629],[104.9009,20.8621],[104.8969,20.86],[104.895,20.8606],[104.8929,20.8632]]]},"properties":{"code":"04048","name":"Vân Hồ","nameEn":"Van Ho","fullName":"Xã Vân Hồ","fullNameEn":"Van Ho Commune","codeName":"van_ho","postalCode":"34806","postalCodePrefix":"","gisServerId":"diaphanhanhchinhcapxa_2025.1380","areaKm2":268.4},"id":"04048"},
{"type":"Feature","geometry":{"type":"Polygon","coordinates":[[[104.8389,20.7477],[104.8368,20.7481],[104.8353,20.749],[104.834,20.7488],[104.8167,20.7534],[104.8153,20.7574],[104.8144,20.7578],[104.8138,20.7591],[104.8109,20.7594],[104.8072,20.7606],[104.8064,20.7606],[104.8061,20.7545],[104.7975,20.7505],[104.7948,20.7517],[104.7947,20.7523],[104.7792,20.7528],[104.7755,20.7607],[104.7733,20.76],[104.7715,20.7599],[104.7711,20.7529],[104.7679,20.7543],[104.7649,20.7547],[104.7626,20.7549],[104.7599,20.7542],[104.7599,20.7551],[104.7542,20.7579],[104.7523,20.7582],[104.7551,20.7524],[104.7534,20.7432],[104.7537,20.7397],[104.7546,20.7379],[104.7531,20.7359],[104.7516,20.7353],[104.7512,20.7364],[104.7506,20.736],[104.7489,20.7332],[104.748,20.733],[104.7467,20.7316],[104.7463,20.7293],[104.7435,20.73],[104.744,20.7309],[104.7424,20.7328],[104.7383,20.7319],[104.7378,20.7325],[104.7359,20.7296],[104.7339,20.7295],[104.7343,20.727],[104.7336,20.7254],[104.7291,20.7248],[104.7273,20.7267],[104.7243,20.7258],[104.7229,20.7269],[104.7202,20.7278],[104.7183,20.7263],[104.7192,20.7204],[104.7188,20.7193],[104.717,20.7183],[104.7168,20.7135],[104.718,20.714],[104.7202,20.7133],[104.7223,20.7133],[104.7219,20.7101],[104.7203,20.7082],[104.72,20.7068],[104.7182,20.7043],[104.7222,20.6989],[104.7238,20.6981],[104.724,20.6971],[104.726,20.695],[104.7268,20.6927],[104.7266,20.6914],[104.7253,20.69],[104.724,20.6893],[104.7231,20.6894],[104.7222,20.688],[104.7192,20.6857],[104.7185,20.6846],[104.7161,20.6831],[104.7083,20.6829],[104.707,20.6833],[104.7051,20.6823],[104.7024,20.6834],[104.7004,20.6833],[104.6957,20.6826],[104.6932,20.6815],[104.6908,20.6817],[104.6886,20.6808],[104.683,20.6815],[104.678,20.6797],[104.6762,20.6804],[104.6729,20.6804],[104.6717,20.681],[104.6716,20.6821],[104.6705,20.6821],[104.6691,20.6818],[104.6689,20.6801],[104.6663,20.6787],[104.6628,20.6797],[104.6582,20.6789],[104.6562,20.6796],[104.6549,20.6808],[104.6503,20.6806],[104.6481,20.6812],[104.6464,20.6802],[104.6445,20.6803],[104.645,20.6788],[104.6438,20.6777],[104.6403,20.6768],[104.6384,20.674],[104.6342,20.6721],[104.6363,20.6722],[104.6391,20.6661],[104.6395,20.6628],[104.6383,20.658],[104.6391,20.6547],[104.6383,20.6535],[104.6381,20.6517],[104.6398,20.6505],[104.6415,20.6484],[104.6446,20.6467],[104.6476,20.6408],[104.6515,20.6401],[104.6525,20.6393],[104.6524,20.6385],[104.656,20.6352],[104.657,20.6316],[104.6605,20.6287],[104.6616,20.624],[104.6649,20.6235],[104.6683,20.6238],[104.671,20.6232],[104.672,20.6212],[104.6739,20.6194],[104.6749,20.6194],[104.6752,20.6187],[104.6767,20.618],[104.6785,20.6146],[104.6836,20.6115],[104.684,20.6062],[104.6834,20.6044],[104.6835,20.6024],[104.6849,20.6004],[104.6847,20.5992],[104.6834,20.5985],[104.6827,20.5972],[104.6834,20.5962],[104.6857,20.5963],[104.6864,20.5971],[104.6896,20.5969],[104.6933,20.5981],[104.6925,20.6004],[104.6928,20.6012],[104.6947,20.6022],[104.6955,20.604],[104.6957,20.6024],[104.7029,20.6033],[104.7068,20.6024],[104.7082,20.6037],[104.7145,20.6055],[104.716,20.6042],[104.7175,20.604],[104.7182,20.6033],[104.721,20.6029],[104.7226,20.6035],[104.7211,20.6016],[104.721,20.5992],[104.7218,20.5979],[104.7213,20.5961],[104.7232,20.5941],[104.7234,20.5917],[104.7251,20.5908],[104.7259,20.5885],[104.728,20.5876],[104.7307,20.5825],[104.7324,20.5813],[104.7333,20.5788],[104.735,20.5789],[104.7361,20.5782],[104.7382,20.575],[104.7397,20.575],[104.7403,20.5736],[104.7436,20.5743],[104.7446,20.5751],[104.7441,20.5762],[104.7448,20.5768],[104.748,20.5765],[104.754,20.578],[104.7555,20.5776],[104.7564,20.5802],[104.7593,20.5826],[104.7597,20.5846],[104.7608,20.585],[104.7619,20.5841],[104.7628,20.5845],[104.7644,20.584],[104.766,20.585],[104.7683,20.5818],[104.7687,20.5783],[104.7719,20.575],[104.7768,20.5751],[104.7773,20.5747],[104.7808,20.5759],[104.7792,20.5796],[104.7805,20.5808],[104.7807,20.582],[104.7822,20.5839],[104.7838,20.5832],[104.7863,20.5837],[104.7901,20.5819],[104.7916,20.5823],[104.7931,20.5818],[104.795,20.5831],[104.7967,20.5833],[104.7987,20.5842],[104.8001,20.5841],[104.8006,20.5851],[104.8027,20.5867],[104.8021,20.5881],[104.8024,20.5895],[104.8016,20.5931],[104.7984,20.5961],[104.8007,20.6045],[104.7992,20.6052],[104.7982,20.607],[104.7981,20.611],[104.7968,20.6166],[104.7975,20.6182],[104.7973,20.6191],[104.7982,20.6193],[104.7998,20.6186],[104.8018,20.6206],[104.8037,20.6208],[104.8041,20.6219],[104.8036,20.6234],[104.8045,20.624],[104.8047,20.6249],[104.8073,20.6254],[104.8072,20.627],[104.8082,20.6288],[104.8068,20.6298],[104.8071,20.6309],[104.8088,20.632],[104.8097,20.6334],[104.8121,20.6312],[104.813,20.6315],[104.8138,20.6323],[104.8156,20.6367],[104.8171,20.6383],[104.82,20.6394],[104.8221,20.6394],[104.8261,20.6413],[104.8279,20.6431],[104.8321,20.6434],[104.8384,20.6482],[104.8444,20.6498],[104.8462,20.6508],[104.8453,20.6532],[104.8404,20.6572],[104.8389,20.6602],[104.8373,20.6601],[104.8368,20.6596],[104.8412,20.6803],[104.8403,20.6836],[104.841,20.6851],[104.8395,20.6885],[104.84,20.6907],[104.8368,20.6934],[104.8357,20.6965],[104.8374,20.6999],[104.8382,20.7005],[104.8387,20.6996],[104.8402,20.6989],[104.8427,20.699],[104.8445,20.7014],[104.849,20.7029],[104.8474,20.7032],[104.8468,20.7048],[104.8434,20.7095],[104.8409,20.711],[104.8407,20.7121],[104.8414,20.7131],[104.8393,20.7162],[104.8391,20.7184],[104.8407,20.7227],[104.8436,20.7281],[104.8459,20.731],[104.8441,20.732],[104.8389,20.7331],[104.8372,20.7341],[104.8377,20.7446],[104.8372,20.7468],[104.8389,20.7477]]]},"properties":{"code":"04057","name":"Xuân Nha","nameEn":"Xuan Nha","fullName":"Xã Xuân Nha","fullNameEn":"Xuan Nha Commune","codeName":"xuan_nha","postalCode":"34818","postalCodePrefix":"","gisServerId":"diaphanhanhchinhcapxa_2025.1381","areaKm2":263.37},"id":"04057"},
{"type":"Feature","geometry":{"type":"Polygon","coordinates":[[[104.3821,21.0904],[104.3784,21.0939],[104.3712,21.0982],[104.366,21.1003],[104.3603,21.1081],[104.3584,21.1089],[104.3571,21.1088],[104.3572,21.1064],[104.355,21.1052],[104.351,21.1071],[104.3452,21.1079],[104.3437,21.1069],[104.3426,21.1078],[104.3402,21.1085],[104.3374,21.1108],[104.3353,21.1115],[104.3336,21.1128],[104.3286,21.1147],[104.3248,21.1173],[104.3215,21.1183],[104.3209,21.1188],[104.3202,21.1211],[104.3172,21.1247],[104.316,21.1259],[104.3132,21.1266],[104.3113,21.1288],[104.3104,21.1282],[104.3079,21.1284],[104.3067,21.128],[104.3035,21.1303],[104.2971,21.1319],[104.2955,21.1315],[104.2927,21.1347],[104.2925,21.1363],[104.29,21.14],[104.2884,21.1404],[104.2856,21.1397],[104.2836,21.1416],[104.2785,21.1426],[104.2749,21.1444],[104.2727,21.1464],[104.2703,21.1476],[104.268,21.1524],[104.2634,21.1577],[104.2623,21.1577],[104.2588,21.1591],[104.2569,21.1593],[104.2562,21.1602],[104.2563,21.1619],[104.2542,21.1636],[104.2519,21.1642],[104.2447,21.168],[104.2418,21.1687],[104.2378,21.173],[104.2383,21.1739],[104.2377,21.175],[104.2336,21.1772],[104.2333,21.1791],[104.2314,21.1799],[104.2313,21.1814],[104.2297,21.1835],[104.2284,21.1838],[104.2277,21.186],[104.2269,21.1862],[104.2234,21.1819],[104.2222,21.182],[104.2211,21.181],[104.2218,21.1802],[104.2196,21.1792],[104.2193,21.1797],[104.2181,21.1791],[104.2184,21.1799],[104.2174,21.1795],[104.2162,21.1785],[104.2162,21.1774],[104.2127,21.1753],[104.2117,21.1732],[104.2147,21.1715],[104.2125,21.1696],[104.2126,21.1684],[104.2133,21.1678],[104.2111,21.1678],[104.2099,21.1669],[104.2086,21.1674],[104.1989,21.1566],[104.1998,21.1558],[104.2,21.1532],[104.201,21.1521],[104.2013,21.1497],[104.2045,21.1485],[104.2049,21.1457],[104.2058,21.1446],[104.205,21.1427],[104.2052,21.1417],[104.2042,21.1403],[104.2017,21.1396],[104.2003,21.1374],[104.1998,21.1363],[104.2001,21.1352],[104.1987,21.1331],[104.1992,21.1325],[104.197,21.1293],[104.1979,21.126],[104.2012,21.1224],[104.1992,21.1194],[104.2017,21.1183],[104.2023,21.1171],[104.2062,21.1131],[104.2065,21.1118],[104.2073,21.1112],[104.2071,21.1104],[104.2118,21.1084],[104.2112,21.1071],[104.2114,21.1052],[104.211,21.1041],[104.2093,21.1028],[104.2071,21.1034],[104.2074,21.0995],[104.2056,21.0975],[104.205,21.0956],[104.2065,21.0909],[104.2052,21.088],[104.2058,21.0863],[104.2074,21.0856],[104.2077,21.085],[104.2069,21.0843],[104.2064,21.0823],[104.2079,21.0799],[104.2089,21.0791],[104.2087,21.0784],[104.2094,21.0773],[104.2082,21.0712],[104.2137,21.066],[104.2153,21.0616],[104.2178,21.0625],[104.2193,21.0637],[104.2219,21.0612],[104.2247,21.0598],[104.226,21.0569],[104.2266,21.0536],[104.2263,21.0489],[104.2247,21.0476],[104.2281,21.0447],[104.2261,21.0424],[104.2257,21.0409],[104.2262,21.0397],[104.2299,21.0362],[104.2309,21.0346],[104.2313,21.0297],[104.2326,21.0276],[104.2327,21.026],[104.2364,21.0202],[104.2454,21.0165],[104.2464,21.0165],[104.2482,21.0175],[104.2491,21.0166],[104.2497,21.0147],[104.2503,21.0151],[104.2515,21.0137],[104.2522,21.0136],[104.2532,21.011],[104.256,21.0108],[104.2563,21.0099],[104.2581,21.008],[104.2606,21.0081],[104.2612,21.0072],[104.266,21.007],[104.2662,21.0054],[104.2704,21.0032],[104.271,21.0022],[104.2704,21.001],[104.2708,21.0001],[104.2728,21.0003],[104.2755,20.9983],[104.2737,20.9973],[104.2726,20.9974],[104.2712,20.9955],[104.2716,20.9952],[104.2732,20.9946],[104.2774,20.9948],[104.2781,20.9943],[104.2833,20.9935],[104.286,20.9919],[104.2872,20.9925],[104.2882,20.9923],[104.2886,20.9921],[104.2878,20.9914],[104.2881,20.9905],[104.2994,20.9841],[104.3028,20.9831],[104.3156,20.9766],[104.3246,20.9749],[104.3256,20.9746],[104.3273,20.976],[104.3278,20.9775],[104.3275,20.9793],[104.3267,20.9798],[104.339,21.0035],[104.3442,21.0078],[104.3473,21.0073],[104.3495,21.0082],[104.3563,21.0139],[104.3546,21.0154],[104.353,21.0209],[104.3513,21.0223],[104.3523,21.0245],[104.3469,21.0292],[104.3475,21.0319],[104.3501,21.0337],[104.3516,21.0367],[104.3543,21.0391],[104.3555,21.039],[104.3554,21.0405],[104.358,21.0421],[104.3692,21.0571],[104.3734,21.0649],[104.372,21.066],[104.3726,21.0683],[104.3717,21.0703],[104.3724,21.0714],[104.371,21.0722],[104.3713,21.0738],[104.3762,21.0766],[104.3783,21.0758],[104.381,21.0757],[104.3821,21.0904]]]},"properties":{"code":"04075","name":"Yên Châu","nameEn":"Yen Chau","fullName":"Xã Yên Châu","fullNameEn":"Yen Chau Commune","codeName":"yen_chau","postalCode":"34656","postalCodePrefix":"","gisServerId":"diaphanhanhchinhcapxa_2025.1382","areaKm2":246.55},"id":"04075"},
{"type":"Feature","geometry":{"type":"Polygon","coordinates":[[[104.381,21.0757],[104.3783,21.0758],[104.3762,21.0766],[104.3713,21.0738],[104.371,21.0722],[104.3724,21.0714],[104.3717,21.0703],[104.3726,21.0683],[104.372,21.066],[104.3734,21.0649],[104.3692,21.0571],[104.358,21.0421],[104.3554,21.0405],[104.3555,21.039],[104.3543,21.0391],[104.3516,21.0367],[104.3501,21.0337],[104.3475,21.0319],[104.3469,21.0292],[104.3523,21.0245],[104.3513,21.0223],[104.353,21.0209],[104.3546,21.0154],[104.3563,21.0139],[104.3495,21.0082],[104.3473,21.0073],[104.3442,21.0078],[104.339,21.0035],[104.3267,20.9798],[104.3275,20.9793],[104.3278,20.9775],[104.3273,20.976],[104.3256,20.9746],[104.3246,20.9749],[104.331,20.9708],[104.3309,20.9693],[104.3297,20.9683],[104.3298,20.9672],[104.3331,20.9629],[104.3348,20.9639],[104.3378,20.9628],[104.3392,20.964],[104.3404,20.963],[104.3421,20.9602],[104.3434,20.9595],[104.3434,20.959],[104.3448,20.9588],[104.3466,20.9574],[104.3486,20.9568],[104.3493,20.9557],[104.3541,20.959],[104.3561,20.9601],[104.3571,20.9599],[104.3651,20.9545],[104.3671,20.9537],[104.368,20.953],[104.3686,20.9532],[104.3726,20.9515],[104.3736,20.9584],[104.3744,20.96],[104.3735,20.9609],[104.3721,20.9602],[104.3704,20.9618],[104.3706,20.964],[104.3713,20.9645],[104.371,20.9669],[104.3715,20.9696],[104.374,20.9687],[104.3755,20.9653],[104.3914,20.9523],[104.3927,20.9521],[104.3948,20.9531],[104.3956,20.9504],[104.3966,20.9496],[104.3982,20.9494],[104.3969,20.9477],[104.3964,20.9454],[104.3954,20.9446],[104.3958,20.9425],[104.399,20.942],[104.4,20.9426],[104.4025,20.9421],[104.4041,20.9428],[104.4054,20.9428],[104.4091,20.9408],[104.4105,20.939],[104.4116,20.9388],[104.4133,20.9358],[104.4165,20.9327],[104.4187,20.9315],[104.4209,20.9306],[104.4211,20.9321],[104.4227,20.9337],[104.4227,20.9344],[104.4248,20.9375],[104.4271,20.9382],[104.4319,20.9383],[104.4328,20.9401],[104.4345,20.9409],[104.4415,20.939],[104.4434,20.9373],[104.4487,20.9354],[104.4508,20.9338],[104.45,20.9295],[104.4428,20.928],[104.4422,20.9271],[104.4405,20.9263],[104.4389,20.9243],[104.4387,20.9222],[104.4362,20.9185],[104.442,20.9105],[104.4454,20.9077],[104.4445,20.9068],[104.4448,20.9059],[104.4433,20.9039],[104.4457,20.9012],[104.4454,20.8987],[104.4464,20.8971],[104.4432,20.8918],[104.4437,20.891],[104.4433,20.8902],[104.4414,20.8885],[104.4423,20.8854],[104.4412,20.8823],[104.4452,20.8813],[104.4493,20.8842],[104.4513,20.8843],[104.4538,20.8853],[104.4548,20.8838],[104.4561,20.8849],[104.4564,20.886],[104.4583,20.8855],[104.4597,20.8868],[104.4611,20.8852],[104.4629,20.8853],[104.4644,20.8862],[104.4656,20.8856],[104.4664,20.8862],[104.4684,20.886],[104.4711,20.8843],[104.4704,20.8859],[104.4694,20.8865],[104.4701,20.8874],[104.4702,20.8904],[104.4686,20.8907],[104.4663,20.8928],[104.4699,20.9012],[104.469,20.9066],[104.4667,20.9116],[104.471,20.9122],[104.4737,20.9119],[104.4784,20.9135],[104.48,20.9143],[104.4822,20.9167],[104.4805,20.9186],[104.4781,20.9184],[104.4795,20.9195],[104.4824,20.919],[104.4841,20.917],[104.4862,20.9187],[104.4951,20.9241],[104.5012,20.9372],[104.5019,20.9368],[104.5059,20.9371],[104.5066,20.9375],[104.5072,20.9391],[104.5069,20.9413],[104.5061,20.9426],[104.5015,20.9466],[104.5021,20.9484],[104.5045,20.9495],[104.5049,20.9504],[104.5062,20.9506],[104.5062,20.951],[104.5051,20.9543],[104.5034,20.9551],[104.5031,20.9568],[104.501,20.9584],[104.5104,20.9569],[104.5134,20.9583],[104.5146,20.9601],[104.5144,20.9614],[104.5115,20.9622],[104.5097,20.9636],[104.5082,20.9659],[104.508,20.9673],[104.5062,20.9674],[104.5061,20.9712],[104.5132,20.9741],[104.5165,20.9714],[104.5174,20.9701],[104.519,20.9696],[104.5217,20.9707],[104.5224,20.973],[104.5215,20.9742],[104.5212,20.9759],[104.522,20.9786],[104.5217,20.9801],[104.5212,20.9804],[104.5182,20.9802],[104.5174,20.9823],[104.5189,20.9845],[104.5204,20.9858],[104.5218,20.9859],[104.5231,20.9853],[104.5248,20.9832],[104.5275,20.9827],[104.5285,20.9807],[104.5321,20.9805],[104.533,20.9798],[104.5332,20.9837],[104.5359,20.9872],[104.5376,20.9915],[104.5402,20.9928],[104.543,20.9975],[104.5443,20.9991],[104.5453,20.9995],[104.5449,21.0003],[104.5467,21.0013],[104.5459,21.0023],[104.5462,21.0035],[104.5397,21.0063],[104.5377,21.0066],[104.5321,21.01],[104.5292,21.011],[104.5257,21.0131],[104.524,21.0159],[104.5223,21.016],[104.5217,21.0168],[104.5195,21.0172],[104.5185,21.0195],[104.5155,21.0213],[104.5138,21.0213],[104.5112,21.0228],[104.5087,21.0234],[104.5074,21.025],[104.5051,21.0262],[104.5041,21.0274],[104.5026,21.0269],[104.4979,21.0274],[104.4963,21.0271],[104.4959,21.0289],[104.4946,21.0278],[104.4926,21.0282],[104.4908,21.0298],[104.4898,21.0299],[104.4896,21.0308],[104.4832,21.0315],[104.4798,21.0331],[104.4785,21.0322],[104.4772,21.032],[104.4767,21.0331],[104.475,21.034],[104.4742,21.0356],[104.4727,21.0366],[104.473,21.0381],[104.4717,21.0398],[104.4706,21.0405],[104.465,21.0412],[104.4577,21.0461],[104.4548,21.0501],[104.4515,21.0532],[104.4464,21.0517],[104.445,21.0528],[104.4419,21.0532],[104.4419,21.0523],[104.4391,21.0516],[104.4306,21.0583],[104.427,21.0566],[104.4237,21.0572],[104.422,21.0561],[104.4171,21.0566],[104.415,21.0599],[104.4125,21.0617],[104.4113,21.0636],[104.4099,21.064],[104.4096,21.0648],[104.4084,21.0654],[104.4085,21.0689],[104.4012,21.0701],[104.3995,21.0685],[104.3982,21.0683],[104.3954,21.0693],[104.3939,21.072],[104.3887,21.074],[104.3867,21.0741],[104.3854,21.0757],[104.3831,21.0753],[104.381,21.0757]]]},"properties":{"code":"04078","name":"Chiềng Hặc","nameEn":"Chieng Hac","fullName":"Xã Chiềng Hặc","fullNameEn":"Chieng Hac Commune","codeName":"chieng_hac","postalCode":"34666","postalCodePrefix":"","gisServerId":"diaphanhanhchinhcapxa_2025.1383","areaKm2":239.91},"id":"04078"},
{"type":"Feature","geometry":{"type":"Polygon","coordinates":[[[104.2497,21.0147],[104.2491,21.0166],[104.2482,21.0175],[104.2464,21.0165],[104.2454,21.0165],[104.2364,21.0202],[104.2327,21.026],[104.2326,21.0276],[104.2313,21.0297],[104.2309,21.0346],[104.2299,21.0362],[104.2262,21.0397],[104.2257,21.0409],[104.2261,21.0424],[104.2281,21.0447],[104.2247,21.0476],[104.2263,21.0489],[104.2266,21.0536],[104.226,21.0569],[104.2247,21.0598],[104.2219,21.0612],[104.2193,21.0637],[104.2178,21.0625],[104.2153,21.0616],[104.2137,21.066],[104.2082,21.0712],[104.2094,21.0773],[104.2087,21.0784],[104.2089,21.0791],[104.2079,21.0799],[104.2073,21.0783],[104.2076,21.0743],[104.2067,21.0715],[104.2055,21.0717],[104.2038,21.0692],[104.2025,21.0685],[104.1976,21.0679],[104.1963,21.0681],[104.1954,21.0667],[104.1936,21.0662],[104.1929,21.0652],[104.191,21.0656],[104.1818,21.0606],[104.1811,21.0607],[104.1804,21.0591],[104.1804,21.0573],[104.179,21.0546],[104.177,21.0514],[104.1756,21.0503],[104.1736,21.0458],[104.1723,21.0451],[104.1681,21.0442],[104.1679,21.0424],[104.1685,21.0429],[104.17,21.0427],[104.173,21.0398],[104.1728,21.0392],[104.1717,21.0385],[104.1678,21.0384],[104.1667,21.0376],[104.1665,21.0357],[104.1658,21.0349],[104.1623,21.0329],[104.1617,21.0309],[104.1607,21.0299],[104.1606,21.028],[104.1599,21.0278],[104.1592,21.0264],[104.1579,21.0264],[104.157,21.0248],[104.1575,21.0219],[104.1553,21.0206],[104.1547,21.0192],[104.153,21.0174],[104.1511,21.0182],[104.1448,21.0185],[104.1435,21.0181],[104.1422,21.016],[104.1403,21.0158],[104.1396,21.0147],[104.1378,21.0159],[104.1351,21.0164],[104.1339,21.0183],[104.1317,21.0179],[104.1273,21.015],[104.1265,21.0119],[104.1245,21.0122],[104.1216,21.008],[104.1195,21.0078],[104.1153,21.0034],[104.12,21.0017],[104.1221,20.9989],[104.1256,20.9963],[104.1234,20.9935],[104.124,20.9927],[104.1237,20.9914],[104.1223,20.9911],[104.1203,20.9891],[104.121,20.982],[104.1225,20.9799],[104.1217,20.9796],[104.1197,20.9768],[104.1192,20.9729],[104.1195,20.9711],[104.1206,20.9711],[104.1223,20.9696],[104.1226,20.9681],[104.124,20.9661],[104.1259,20.9647],[104.1267,20.9571],[104.13,20.9496],[104.1314,20.9489],[104.1369,20.948],[104.1436,20.9501],[104.1453,20.9522],[104.157,20.9556],[104.168,20.9543],[104.1748,20.9548],[104.1783,20.954],[104.1807,20.9553],[104.1862,20.9552],[104.1884,20.9569],[104.19,20.9564],[104.1917,20.9546],[104.1895,20.9521],[104.1918,20.9497],[104.1929,20.9469],[104.1945,20.9458],[104.1981,20.9452],[104.2,20.9461],[104.202,20.9459],[104.2038,20.9466],[104.2043,20.9458],[104.2063,20.9446],[104.2072,20.943],[104.2092,20.9431],[104.2104,20.9438],[104.2129,20.9428],[104.2135,20.9421],[104.2137,20.9392],[104.2153,20.938],[104.2189,20.9392],[104.2228,20.9392],[104.2241,20.9385],[104.2285,20.9388],[104.229,20.9405],[104.2278,20.9428],[104.2323,20.9473],[104.2323,20.9491],[104.2331,20.9512],[104.2337,20.9515],[104.2353,20.9547],[104.2378,20.9563],[104.2389,20.9583],[104.2397,20.9585],[104.2391,20.9593],[104.2402,20.9599],[104.241,20.9631],[104.225,20.96],[104.2245,20.9606],[104.2223,20.961],[104.221,20.9606],[104.2182,20.9619],[104.2144,20.9692],[104.2128,20.9774],[104.2144,20.9808],[104.2135,20.9821],[104.2144,20.9831],[104.2165,20.9885],[104.2186,20.9906],[104.2208,20.9898],[104.2218,20.9915],[104.2214,20.9938],[104.2232,20.9953],[104.2267,20.9954],[104.2277,20.996],[104.228,20.9969],[104.2318,20.9976],[104.2326,20.9973],[104.2341,20.9981],[104.2353,20.9972],[104.2382,20.9978],[104.2392,20.9974],[104.2402,21.0002],[104.2412,20.9993],[104.2428,20.9999],[104.2444,20.9988],[104.2481,20.9996],[104.2483,21.0008],[104.247,21.0022],[104.2478,21.0035],[104.248,21.0055],[104.2489,21.0069],[104.2495,21.0101],[104.2488,21.0125],[104.2497,21.0147]]]},"properties":{"code":"04087","name":"Yên Sơn","nameEn":"Yen Son","fullName":"Xã Yên Sơn","fullNameEn":"Yen Son Commune","codeName":"yen_son","postalCode":"34662","postalCodePrefix":"","gisServerId":"diaphanhanhchinhcapxa_2025.1384","areaKm2":116.62},"id":"04087"},
{"type":"Feature","geometry":{"type":"Polygon","coordinates":[[[104.4412,20.8823],[104.4423,20.8854],[104.4414,20.8885],[104.4433,20.8902],[104.4437,20.891],[104.4432,20.8918],[104.4464,20.8971],[104.4454,20.8987],[104.4457,20.9012],[104.4433,20.9039],[104.4448,20.9059],[104.4445,20.9068],[104.4454,20.9077],[104.442,20.9105],[104.4362,20.9185],[104.4387,20.9222],[104.4389,20.9243],[104.4405,20.9263],[104.4422,20.9271],[104.4428,20.928],[104.45,20.9295],[104.4508,20.9338],[104.4487,20.9354],[104.4434,20.9373],[104.4415,20.939],[104.4345,20.9409],[104.4328,20.9401],[104.4319,20.9383],[104.4271,20.9382],[104.4248,20.9375],[104.4227,20.9344],[104.4227,20.9337],[104.4211,20.9321],[104.4209,20.9306],[104.4187,20.9315],[104.4165,20.9327],[104.4133,20.9358],[104.4116,20.9388],[104.4105,20.939],[104.4091,20.9408],[104.4054,20.9428],[104.4041,20.9428],[104.4025,20.9421],[104.4,20.9426],[104.399,20.942],[104.3958,20.9425],[104.3954,20.9446],[104.3964,20.9454],[104.3969,20.9477],[104.3982,20.9494],[104.3966,20.9496],[104.3956,20.9504],[104.3948,20.9531],[104.3927,20.9521],[104.3914,20.9523],[104.3755,20.9653],[104.374,20.9687],[104.3715,20.9696],[104.371,20.9669],[104.3713,20.9645],[104.3706,20.964],[104.3704,20.9618],[104.3721,20.9602],[104.3735,20.9609],[104.3744,20.96],[104.3736,20.9584],[104.3726,20.9515],[104.3686,20.9532],[104.368,20.953],[104.3671,20.9537],[104.3671,20.9532],[104.3662,20.9529],[104.3627,20.9492],[104.3629,20.9468],[104.3615,20.9466],[104.3599,20.945],[104.358,20.9425],[104.3551,20.9401],[104.3543,20.937],[104.3525,20.9362],[104.3519,20.9293],[104.3448,20.93],[104.3361,20.9326],[104.3357,20.932],[104.3362,20.9305],[104.3357,20.9296],[104.3366,20.9287],[104.3366,20.9272],[104.3329,20.9244],[104.3318,20.923],[104.3289,20.9226],[104.3252,20.9242],[104.3241,20.9221],[104.3232,20.9215],[104.3223,20.9219],[104.3217,20.9205],[104.3204,20.9196],[104.3198,20.917],[104.3186,20.9153],[104.3189,20.9138],[104.317,20.9111],[104.3174,20.9096],[104.3168,20.9095],[104.3166,20.9086],[104.3152,20.9086],[104.3147,20.9051],[104.3126,20.9036],[104.3121,20.9007],[104.3155,20.8993],[104.3169,20.8978],[104.3185,20.897],[104.3184,20.8934],[104.3212,20.893],[104.3227,20.8915],[104.327,20.8893],[104.3285,20.8868],[104.3285,20.8849],[104.3307,20.8839],[104.3316,20.8825],[104.3321,20.8802],[104.3318,20.8771],[104.3349,20.8721],[104.3329,20.8697],[104.3322,20.867],[104.3294,20.8648],[104.3286,20.8621],[104.3262,20.8602],[104.3259,20.8592],[104.3283,20.8563],[104.3314,20.8556],[104.3316,20.8567],[104.3332,20.8589],[104.3349,20.8601],[104.3362,20.8602],[104.3363,20.8568],[104.3384,20.8542],[104.3404,20.8533],[104.3399,20.8518],[104.3403,20.851],[104.3429,20.8507],[104.3441,20.8514],[104.3467,20.8515],[104.3477,20.8498],[104.3459,20.8473],[104.347,20.8454],[104.3476,20.8448],[104.3519,20.8436],[104.3524,20.842],[104.3522,20.8403],[104.3529,20.839],[104.3538,20.8388],[104.3551,20.84],[104.3567,20.8397],[104.3605,20.8363],[104.3629,20.835],[104.3644,20.8316],[104.3676,20.8288],[104.3681,20.8261],[104.3693,20.8243],[104.3716,20.8241],[104.3723,20.8231],[104.3784,20.8203],[104.3791,20.8211],[104.3783,20.8234],[104.3803,20.8248],[104.378,20.8266],[104.378,20.8273],[104.3786,20.8283],[104.3799,20.829],[104.3823,20.8289],[104.3879,20.8258],[104.39,20.8229],[104.3934,20.8228],[104.3968,20.8202],[104.3974,20.8175],[104.3992,20.8148],[104.4014,20.8136],[104.4037,20.8131],[104.4047,20.8118],[104.4056,20.8116],[104.4074,20.8097],[104.4081,20.8067],[104.4098,20.8059],[104.41,20.8047],[104.412,20.8017],[104.4147,20.8008],[104.4174,20.7986],[104.4172,20.8005],[104.4191,20.8019],[104.4211,20.8021],[104.4217,20.8029],[104.4216,20.804],[104.423,20.8039],[104.4248,20.8051],[104.4261,20.8052],[104.4264,20.8069],[104.4295,20.8085],[104.4302,20.8106],[104.4315,20.8119],[104.4316,20.8132],[104.4307,20.8152],[104.4304,20.8217],[104.4269,20.8249],[104.4215,20.8279],[104.4211,20.8296],[104.4238,20.8323],[104.4241,20.8342],[104.4259,20.8366],[104.4265,20.8384],[104.4255,20.84],[104.4255,20.8467],[104.4279,20.8466],[104.4276,20.8484],[104.4281,20.8496],[104.4295,20.8489],[104.4306,20.8491],[104.4324,20.8521],[104.4324,20.8535],[104.4334,20.8545],[104.4337,20.8555],[104.4332,20.8568],[104.4354,20.8581],[104.4357,20.8626],[104.4351,20.8638],[104.4335,20.864],[104.433,20.8664],[104.4384,20.8704],[104.4354,20.8771],[104.4367,20.8768],[104.4379,20.8783],[104.4388,20.8777],[104.4409,20.8783],[104.4412,20.8799],[104.4423,20.8803],[104.4412,20.8823]]]},"properties":{"code":"04096","name":"Lóng Phiêng","nameEn":"Long Phieng","fullName":"Xã Lóng Phiêng","fullNameEn":"Long Phieng Commune","codeName":"long_phieng","postalCode":"34667","postalCodePrefix":"","gisServerId":"diaphanhanhchinhcapxa_2025.1385","areaKm2":147.81},"id":"04096"},
{"type":"Feature","geometry":{"type":"Polygon","coordinates":[[[104.3246,20.9749],[104.3156,20.9766],[104.3028,20.9831],[104.2994,20.9841],[104.2881,20.9905],[104.2878,20.9914],[104.2886,20.9921],[104.2882,20.9923],[104.2872,20.9925],[104.286,20.9919],[104.2833,20.9935],[104.2781,20.9943],[104.2774,20.9948],[104.2732,20.9946],[104.2716,20.9952],[104.2712,20.9955],[104.2726,20.9974],[104.2737,20.9973],[104.2755,20.9983],[104.2728,21.0003],[104.2708,21.0001],[104.2704,21.001],[104.271,21.0022],[104.2704,21.0032],[104.2662,21.0054],[104.266,21.007],[104.2612,21.0072],[104.2606,21.0081],[104.2581,21.008],[104.2563,21.0099],[104.256,21.0108],[104.2532,21.011],[104.2522,21.0136],[104.2515,21.0137],[104.2503,21.0151],[104.2497,21.0147],[104.2488,21.0125],[104.2495,21.0101],[104.2489,21.0069],[104.248,21.0055],[104.2478,21.0035],[104.247,21.0022],[104.2483,21.0008],[104.2481,20.9996],[104.2444,20.9988],[104.2428,20.9999],[104.2412,20.9993],[104.2402,21.0002],[104.2392,20.9974],[104.2382,20.9978],[104.2353,20.9972],[104.2341,20.9981],[104.2326,20.9973],[104.2318,20.9976],[104.228,20.9969],[104.2277,20.996],[104.2267,20.9954],[104.2232,20.9953],[104.2214,20.9938],[104.2218,20.9915],[104.2208,20.9898],[104.2186,20.9906],[104.2165,20.9885],[104.2144,20.9831],[104.2135,20.9821],[104.2144,20.9808],[104.2128,20.9774],[104.2144,20.9692],[104.2182,20.9619],[104.221,20.9606],[104.2223,20.961],[104.2245,20.9606],[104.225,20.96],[104.241,20.9631],[104.2402,20.9599],[104.2391,20.9593],[104.2397,20.9585],[104.2389,20.9583],[104.2378,20.9563],[104.2353,20.9547],[104.2337,20.9515],[104.2331,20.9512],[104.2323,20.9491],[104.2323,20.9473],[104.2278,20.9428],[104.229,20.9405],[104.2285,20.9388],[104.229,20.9368],[104.2301,20.9356],[104.23,20.9342],[104.2331,20.9346],[104.2353,20.9341],[104.237,20.9331],[104.2401,20.9334],[104.2413,20.9325],[104.2421,20.9305],[104.242,20.9272],[104.2419,20.9266],[104.2397,20.9251],[104.2404,20.9234],[104.24,20.9221],[104.2361,20.9196],[104.2353,20.9186],[104.2376,20.9184],[104.2394,20.9175],[104.2373,20.9133],[104.2398,20.9083],[104.2418,20.9092],[104.2432,20.9071],[104.2448,20.9065],[104.2465,20.9045],[104.2467,20.903],[104.2498,20.9018],[104.2519,20.9002],[104.2543,20.9004],[104.2553,20.8993],[104.2569,20.8991],[104.2573,20.8985],[104.2587,20.9003],[104.2585,20.9033],[104.2607,20.9041],[104.2611,20.9065],[104.2635,20.9081],[104.2623,20.9096],[104.2598,20.9109],[104.2594,20.9124],[104.2608,20.9127],[104.2608,20.9159],[104.2616,20.9176],[104.2642,20.9183],[104.265,20.9194],[104.27,20.9211],[104.2706,20.9219],[104.2725,20.9222],[104.2738,20.9211],[104.2745,20.9212],[104.2768,20.9233],[104.2771,20.9254],[104.2787,20.926],[104.2795,20.927],[104.2833,20.927],[104.2835,20.925],[104.2863,20.9244],[104.2871,20.9228],[104.2887,20.9226],[104.2907,20.9234],[104.2926,20.9218],[104.2927,20.9201],[104.2938,20.9181],[104.2944,20.9157],[104.2919,20.9126],[104.2931,20.9119],[104.2942,20.9123],[104.2937,20.9111],[104.295,20.9103],[104.2958,20.9087],[104.2991,20.9083],[104.3007,20.9093],[104.3028,20.909],[104.3035,20.9084],[104.3035,20.907],[104.3051,20.9061],[104.3068,20.9054],[104.308,20.9064],[104.3082,20.9058],[104.3096,20.9055],[104.311,20.904],[104.3126,20.9036],[104.3147,20.9051],[104.3152,20.9086],[104.3166,20.9086],[104.3168,20.9095],[104.3174,20.9096],[104.317,20.9111],[104.3189,20.9138],[104.3186,20.9153],[104.3198,20.917],[104.3204,20.9196],[104.3217,20.9205],[104.3223,20.9219],[104.3232,20.9215],[104.3241,20.9221],[104.3252,20.9242],[104.3289,20.9226],[104.3318,20.923],[104.3329,20.9244],[104.3366,20.9272],[104.3366,20.9287],[104.3357,20.9296],[104.3362,20.9305],[104.3357,20.932],[104.3361,20.9326],[104.3448,20.93],[104.3519,20.9293],[104.3525,20.9362],[104.3543,20.937],[104.3551,20.9401],[104.358,20.9425],[104.3599,20.945],[104.3615,20.9466],[104.3629,20.9468],[104.3627,20.9492],[104.3662,20.9529],[104.3671,20.9532],[104.3671,20.9537],[104.3651,20.9545],[104.3571,20.9599],[104.3561,20.9601],[104.3541,20.959],[104.3493,20.9557],[104.3486,20.9568],[104.3466,20.9574],[104.3448,20.9588],[104.3434,20.959],[104.3434,20.9595],[104.3421,20.9602],[104.3404,20.963],[104.3392,20.964],[104.3378,20.9628],[104.3348,20.9639],[104.3331,20.9629],[104.3298,20.9672],[104.3297,20.9683],[104.3309,20.9693],[104.331,20.9708],[104.3246,20.9749]]]},"properties":{"code":"04099","name":"Phiêng Khoài","nameEn":"Phieng Khoai","fullName":"Xã Phiêng Khoài","fullNameEn":"Phieng Khoai Commune","codeName":"phieng_khoai","postalCode":"34664","postalCodePrefix":"","gisServerId":"diaphanhanhchinhcapxa_2025.1386","areaKm2":103.77},"id":"04099"},
{"type":"Feature","geometry":{"type":"Polygon","coordinates":[[[104.0941,21.2171],[104.087,21.2144],[104.0855,21.2143],[104.0844,21.2125],[104.0841,21.2107],[104.0789,21.2063],[104.0738,21.2031],[104.0692,21.2062],[104.0651,21.2068],[104.0622,21.209],[104.0617,21.2125],[104.057,21.2118],[104.0564,21.2128],[104.0565,21.2157],[104.0545,21.2168],[104.0536,21.2183],[104.0498,21.2163],[104.0495,21.217],[104.0501,21.2219],[104.0452,21.2237],[104.045,21.2257],[104.0416,21.2235],[104.0426,21.2229],[104.0404,21.2212],[104.041,21.2201],[104.0392,21.2175],[104.0403,21.217],[104.0391,21.2152],[104.0433,21.2123],[104.0384,21.2057],[104.0406,21.205],[104.0428,21.2009],[104.0385,21.1998],[104.0362,21.1957],[104.0285,21.1891],[104.0283,21.187],[104.0263,21.1847],[104.0239,21.183],[104.0205,21.1781],[104.0184,21.1735],[104.0205,21.1714],[104.0209,21.1695],[104.0248,21.1667],[104.0325,21.1652],[104.0349,21.1643],[104.0387,21.1608],[104.0412,21.1607],[104.0419,21.1592],[104.043,21.1588],[104.0447,21.1593],[104.0453,21.1578],[104.0466,21.1566],[104.0475,21.1562],[104.0484,21.1566],[104.049,21.1558],[104.0489,21.1547],[104.0508,21.1526],[104.0499,21.1502],[104.0506,21.1487],[104.0578,21.1485],[104.0591,21.1476],[104.0593,21.1466],[104.0572,21.1404],[104.0603,21.1377],[104.0623,21.1384],[104.0633,21.1376],[104.0649,21.1381],[104.0658,21.1366],[104.0694,21.1391],[104.0722,21.1388],[104.0736,21.138],[104.074,21.1385],[104.0756,21.1387],[104.0805,21.1415],[104.081,21.1428],[104.0818,21.1427],[104.0826,21.1421],[104.083,21.1373],[104.0873,21.1349],[104.0873,21.1316],[104.0898,21.1324],[104.093,21.1323],[104.0943,21.1336],[104.0956,21.1324],[104.0971,21.1327],[104.098,21.1348],[104.1014,21.1369],[104.1075,21.1419],[104.1074,21.144],[104.1066,21.1454],[104.1051,21.1464],[104.1048,21.1476],[104.1038,21.148],[104.1037,21.1492],[104.106,21.1481],[104.1077,21.15],[104.1108,21.1508],[104.1088,21.1489],[104.1097,21.148],[104.11,21.1462],[104.1113,21.1461],[104.1114,21.1447],[104.1139,21.1449],[104.1146,21.1436],[104.1137,21.1434],[104.1137,21.1429],[104.1162,21.1427],[104.1152,21.1406],[104.1176,21.1407],[104.1169,21.1387],[104.1178,21.1377],[104.1192,21.1373],[104.1218,21.138],[104.1243,21.1354],[104.1265,21.134],[104.1273,21.1321],[104.1285,21.1316],[104.1295,21.1294],[104.1345,21.1233],[104.1373,21.1214],[104.1385,21.1212],[104.1413,21.1212],[104.1433,21.123],[104.1453,21.1221],[104.1467,21.1181],[104.1489,21.1169],[104.1495,21.1152],[104.1504,21.1146],[104.1498,21.1123],[104.1514,21.1121],[104.152,21.1051],[104.1536,21.1051],[104.1553,21.1032],[104.1562,21.0993],[104.1576,21.0978],[104.1592,21.0972],[104.161,21.0934],[104.1621,21.0927],[104.1676,21.0918],[104.1693,21.089],[104.169,21.0882],[104.173,21.0841],[104.1793,21.0802],[104.179,21.0758],[104.1834,21.0755],[104.1877,21.0771],[104.1901,21.0765],[104.192,21.0745],[104.1922,21.0736],[104.1897,21.0719],[104.1925,21.0697],[104.1941,21.0697],[104.1954,21.0667],[104.1963,21.0681],[104.1976,21.0679],[104.2025,21.0685],[104.2038,21.0692],[104.2055,21.0717],[104.2067,21.0715],[104.2076,21.0743],[104.2073,21.0783],[104.2079,21.0799],[104.2064,21.0823],[104.2069,21.0843],[104.2077,21.085],[104.2074,21.0856],[104.2058,21.0863],[104.2052,21.088],[104.2065,21.0909],[104.205,21.0956],[104.2056,21.0975],[104.2074,21.0995],[104.2071,21.1034],[104.2093,21.1028],[104.211,21.1041],[104.2114,21.1052],[104.2112,21.1071],[104.2118,21.1084],[104.2071,21.1104],[104.2073,21.1112],[104.2065,21.1118],[104.2062,21.1131],[104.2023,21.1171],[104.2017,21.1183],[104.1992,21.1194],[104.2012,21.1224],[104.1979,21.126],[104.197,21.1293],[104.1992,21.1325],[104.1987,21.1331],[104.2001,21.1352],[104.1998,21.1363],[104.2003,21.1374],[104.2017,21.1396],[104.2042,21.1403],[104.2052,21.1417],[104.205,21.1427],[104.2058,21.1446],[104.2049,21.1457],[104.2045,21.1485],[104.2013,21.1497],[104.201,21.1521],[104.2,21.1532],[104.1998,21.1558],[104.1989,21.1566],[104.2086,21.1674],[104.2099,21.1669],[104.2111,21.1678],[104.2133,21.1678],[104.2126,21.1684],[104.2125,21.1696],[104.2147,21.1715],[104.2117,21.1732],[104.2127,21.1753],[104.2162,21.1774],[104.2162,21.1785],[104.2174,21.1795],[104.2176,21.18],[104.2168,21.1808],[104.2154,21.1809],[104.2137,21.1825],[104.213,21.1819],[104.2119,21.1823],[104.211,21.1834],[104.2106,21.1854],[104.2097,21.1856],[104.2062,21.1844],[104.2043,21.185],[104.2037,21.1845],[104.2022,21.185],[104.1996,21.1872],[104.1969,21.1873],[104.1945,21.1881],[104.1929,21.1899],[104.1911,21.1908],[104.1902,21.1919],[104.1894,21.1919],[104.1876,21.1932],[104.1855,21.1934],[104.1845,21.1947],[104.1837,21.1976],[104.18,21.2007],[104.1791,21.2013],[104.1783,21.2005],[104.1758,21.2014],[104.1745,21.2012],[104.1738,21.2021],[104.1729,21.202],[104.1717,21.2035],[104.1656,21.2006],[104.1633,21.2007],[104.1625,21.1997],[104.1607,21.1994],[104.1603,21.201],[104.1583,21.2025],[104.1528,21.2016],[104.1524,21.1995],[104.153,21.1979],[104.1512,21.1963],[104.1511,21.1953],[104.1423,21.1927],[104.1414,21.1899],[104.1375,21.1847],[104.1341,21.185],[104.1351,21.1842],[104.1349,21.1828],[104.136,21.1814],[104.1321,21.1791],[104.1299,21.1839],[104.1254,21.1844],[104.1248,21.1872],[104.1234,21.1881],[104.1229,21.1896],[104.1207,21.1912],[104.1207,21.1925],[104.1193,21.1934],[104.1181,21.1932],[104.1171,21.1935],[104.1149,21.1957],[104.1148,21.1966],[104.1112,21.1974],[104.1124,21.2001],[104.1173,21.2018],[104.1205,21.205],[104.1203,21.2056],[104.1142,21.2081],[104.1136,21.2089],[104.1131,21.2118],[104.114,21.2119],[104.1148,21.2113],[104.1159,21.2118],[104.1154,21.2124],[104.1157,21.2141],[104.115,21.2164],[104.114,21.2172],[104.1124,21.2174],[104.111,21.2169],[104.1084,21.2177],[104.1035,21.2175],[104.0982,21.22],[104.0967,21.2185],[104.0941,21.2171]]]},"properties":{"code":"04105","name":"Mai Sơn","nameEn":"Mai Son","fullName":"Xã Mai Sơn","fullNameEn":"Mai Son Commune","codeName":"mai_son","postalCode":"34528","postalCodePrefix":"","gisServerId":"diaphanhanhchinhcapxa_2025.1391","areaKm2":164.4},"id":"04105"},
{"type":"Feature","geometry":{"type":"Polygon","coordinates":[[[104.1707,21.3673],[104.1633,21.3584],[104.1591,21.3589],[104.1549,21.3611],[104.1525,21.3616],[104.1514,21.3594],[104.1487,21.3578],[104.1456,21.3573],[104.1429,21.3563],[104.1417,21.3553],[104.1384,21.3547],[104.1378,21.353],[104.1358,21.3512],[104.1334,21.3457],[104.1318,21.3443],[104.1308,21.3426],[104.13,21.3392],[104.1282,21.3375],[104.1274,21.3359],[104.1284,21.3317],[104.1297,21.3297],[104.1311,21.3286],[104.1319,21.3244],[104.1337,21.3226],[104.1353,21.3219],[104.1355,21.3172],[104.1348,21.3166],[104.1346,21.3115],[104.1333,21.3093],[104.1324,21.3093],[104.1313,21.3116],[104.1292,21.314],[104.1271,21.3142],[104.1261,21.3154],[104.1249,21.3154],[104.1208,21.3168],[104.1199,21.3174],[104.1198,21.3184],[104.1147,21.3179],[104.1145,21.3216],[104.1122,21.3253],[104.1125,21.3266],[104.11,21.3286],[104.1089,21.3282],[104.108,21.3261],[104.1067,21.3261],[104.1071,21.3247],[104.105,21.322],[104.1004,21.321],[104.0902,21.326],[104.0868,21.3298],[104.0864,21.3329],[104.0841,21.3345],[104.0829,21.3368],[104.077,21.3429],[104.0751,21.3433],[104.0737,21.3446],[104.0738,21.3468],[104.0728,21.3476],[104.0725,21.3492],[104.0703,21.3514],[104.07,21.3531],[104.0683,21.3551],[104.0683,21.3563],[104.0664,21.3573],[104.0659,21.3592],[104.0631,21.3611],[104.0607,21.3659],[104.0582,21.3678],[104.0582,21.3684],[104.0551,21.3696],[104.0524,21.3723],[104.0539,21.3743],[104.0529,21.376],[104.0533,21.3778],[104.0507,21.3798],[104.0467,21.3813],[104.0461,21.3786],[104.0447,21.376],[104.0372,21.3746],[104.0363,21.3763],[104.0333,21.3745],[104.0298,21.3735],[104.0283,21.371],[104.0238,21.3672],[104.0174,21.3658],[104.0204,21.3611],[104.0212,21.361],[104.0231,21.3595],[104.024,21.3573],[104.0257,21.3563],[104.0263,21.3533],[104.0258,21.3516],[104.0286,21.3499],[104.03,21.3456],[104.0326,21.3431],[104.0336,21.3428],[104.0342,21.3403],[104.0397,21.3366],[104.0408,21.3344],[104.0421,21.3351],[104.0455,21.3346],[104.0477,21.3325],[104.0488,21.3328],[104.0521,21.3301],[104.0538,21.3279],[104.0534,21.3267],[104.058,21.3225],[104.0603,21.3182],[104.0651,21.3129],[104.0661,21.3098],[104.0693,21.3068],[104.069,21.3055],[104.0699,21.3045],[104.0721,21.3036],[104.0752,21.3033],[104.0765,21.3],[104.0781,21.2977],[104.0783,21.2952],[104.0794,21.294],[104.0793,21.2909],[104.0774,21.2849],[104.0793,21.2814],[104.0789,21.2793],[104.0804,21.2773],[104.0819,21.2768],[104.0837,21.2779],[104.0842,21.2761],[104.0856,21.2748],[104.0873,21.275],[104.0906,21.276],[104.0911,21.2774],[104.0924,21.2782],[104.0933,21.2804],[104.0941,21.2793],[104.094,21.278],[104.0947,21.2773],[104.0942,21.2764],[104.0945,21.2744],[104.0972,21.2755],[104.1013,21.2708],[104.1096,21.2674],[104.1083,21.2542],[104.1239,21.2536],[104.1242,21.253],[104.126,21.2527],[104.1266,21.2515],[104.1277,21.252],[104.129,21.2518],[104.1294,21.2502],[104.1329,21.2471],[104.1336,21.2447],[104.1354,21.2449],[104.1361,21.2444],[104.1364,21.2421],[104.1377,21.242],[104.1374,21.24],[104.1387,21.24],[104.1387,21.239],[104.1405,21.2368],[104.1419,21.2373],[104.1433,21.2391],[104.1457,21.2394],[104.1484,21.2408],[104.1485,21.2419],[104.1477,21.2436],[104.1498,21.2455],[104.1499,21.2469],[104.1488,21.2493],[104.1486,21.2516],[104.1497,21.2523],[104.1504,21.2542],[104.1545,21.2579],[104.1544,21.2612],[104.1537,21.2619],[104.1552,21.2622],[104.1552,21.2648],[104.1535,21.2677],[104.154,21.273],[104.1549,21.2753],[104.1546,21.2766],[104.1552,21.2779],[104.155,21.2797],[104.1559,21.281],[104.157,21.2848],[104.1645,21.2881],[104.1651,21.2906],[104.1666,21.2919],[104.1684,21.2921],[104.1699,21.2929],[104.1716,21.2954],[104.1739,21.2971],[104.1747,21.2975],[104.1753,21.2972],[104.1764,21.2965],[104.1767,21.2954],[104.178,21.2949],[104.1803,21.2951],[104.1842,21.2992],[104.1854,21.2994],[104.1876,21.3017],[104.1894,21.3026],[104.1935,21.3037],[104.1952,21.3105],[104.1918,21.3113],[104.1863,21.3145],[104.1735,21.3228],[104.1726,21.3239],[104.1693,21.3341],[104.1682,21.3408],[104.1696,21.3451],[104.1716,21.3489],[104.1756,21.3516],[104.1766,21.3548],[104.1757,21.3581],[104.1722,21.3621],[104.1716,21.3635],[104.1715,21.3661],[104.1707,21.3673]]]},"properties":{"code":"04108","name":"Chiềng Sung","nameEn":"Chieng Sung","fullName":"Xã Chiềng Sung","fullNameEn":"Chieng Sung Commune","codeName":"chieng_sung","postalCode":"34510","postalCodePrefix":"","gisServerId":"diaphanhanhchinhcapxa_2025.1387","areaKm2":109.28},"id":"04108"},
{"type":"Feature","geometry":{"type":"Polygon","coordinates":[[[103.8993,21.2483],[103.8971,21.2493],[103.8951,21.2494],[103.892,21.2482],[103.8896,21.2486],[103.887,21.2477],[103.8858,21.2461],[103.8831,21.2461],[103.8806,21.2453],[103.8789,21.2471],[103.8784,21.2492],[103.8738,21.2511],[103.872,21.2509],[103.8713,21.2517],[103.8715,21.2529],[103.8696,21.2552],[103.8671,21.2563],[103.8647,21.2562],[103.8637,21.2583],[103.8621,21.26],[103.8611,21.2603],[103.8606,21.2617],[103.8569,21.2643],[103.8555,21.267],[103.8538,21.2688],[103.8544,21.2697],[103.8543,21.2709],[103.8536,21.2715],[103.8518,21.2717],[103.8489,21.2728],[103.8463,21.273],[103.8454,21.2738],[103.8449,21.2753],[103.8438,21.2759],[103.842,21.276],[103.8408,21.275],[103.8397,21.2752],[103.839,21.2747],[103.8357,21.2757],[103.835,21.2763],[103.8347,21.2752],[103.8336,21.2746],[103.8325,21.2717],[103.833,21.2683],[103.8318,21.2676],[103.8308,21.2654],[103.8278,21.2633],[103.8255,21.26],[103.8223,21.2591],[103.8171,21.2542],[103.8149,21.2533],[103.8142,21.2516],[103.8154,21.2489],[103.8165,21.248],[103.8177,21.2447],[103.8176,21.2415],[103.8168,21.2401],[103.8165,21.2365],[103.8175,21.2328],[103.8192,21.2297],[103.8193,21.2276],[103.8202,21.2262],[103.8191,21.2239],[103.8191,21.2196],[103.8183,21.2193],[103.8202,21.2171],[103.8209,21.2154],[103.8203,21.2142],[103.8181,21.2133],[103.8176,21.2126],[103.8176,21.2089],[103.8162,21.2075],[103.8151,21.2045],[103.8149,21.2019],[103.8157,21.2013],[103.8179,21.2014],[103.8231,21.2004],[103.8252,21.1979],[103.8287,21.1957],[103.8297,21.1942],[103.8318,21.1932],[103.8366,21.1876],[103.8395,21.186],[103.8407,21.1829],[103.8421,21.181],[103.8447,21.1793],[103.8504,21.1769],[103.8513,21.1757],[103.8537,21.1744],[103.8578,21.1735],[103.859,21.1738],[103.8606,21.1713],[103.8645,21.1696],[103.8678,21.1657],[103.8696,21.1648],[103.8718,21.1645],[103.8749,21.1649],[103.8769,21.1645],[103.8833,21.1672],[103.8874,21.1658],[103.8932,21.1669],[103.8962,21.1636],[103.8978,21.1633],[103.8994,21.165],[103.9005,21.1673],[103.9032,21.1693],[103.905,21.1697],[103.9064,21.169],[103.9086,21.1688],[103.913,21.1709],[103.9144,21.1739],[103.9166,21.174],[103.917,21.1761],[103.918,21.1773],[103.9215,21.1784],[103.9211,21.1791],[103.9216,21.1822],[103.9244,21.1845],[103.9257,21.1846],[103.9279,21.1856],[103.9284,21.1864],[103.9301,21.1866],[103.9317,21.1875],[103.9328,21.1895],[103.933,21.1916],[103.9354,21.1926],[103.9358,21.1946],[103.9373,21.1961],[103.9377,21.1974],[103.9388,21.1978],[103.944,21.2041],[103.9424,21.2049],[103.942,21.2071],[103.9402,21.2076],[103.9397,21.2129],[103.9328,21.2168],[103.931,21.2198],[103.926,21.2235],[103.9209,21.2264],[103.9196,21.2285],[103.9184,21.2289],[103.9127,21.236],[103.9064,21.2409],[103.905,21.2431],[103.902,21.2444],[103.8997,21.2468],[103.8993,21.2483]]]},"properties":{"code":"04117","name":"Mường Chanh","nameEn":"Muong Chanh","fullName":"Xã Mường Chanh","fullNameEn":"Muong Chanh Commune","codeName":"muong_chanh","postalCode":"34516","postalCodePrefix":"","gisServerId":"diaphanhanhchinhcapxa_2025.1388","areaKm2":101.47},"id":"04117"},
{"type":"Feature","geometry":{"type":"Polygon","coordinates":[[[104.1083,21.2542],[104.1096,21.2674],[104.1013,21.2708],[104.0972,21.2755],[104.0945,21.2744],[104.0942,21.2764],[104.0947,21.2773],[104.094,21.278],[104.0941,21.2793],[104.0933,21.2804],[104.0924,21.2782],[104.0911,21.2774],[104.0906,21.276],[104.0873,21.275],[104.0856,21.2748],[104.0842,21.2761],[104.0837,21.2779],[104.0819,21.2768],[104.0804,21.2773],[104.0789,21.2793],[104.0793,21.2814],[104.0774,21.2849],[104.0793,21.2909],[104.0794,21.294],[104.0783,21.2952],[104.0781,21.2977],[104.0765,21.3],[104.0752,21.3033],[104.0721,21.3036],[104.0699,21.3045],[104.069,21.3055],[104.0693,21.3068],[104.0661,21.3098],[104.0651,21.3129],[104.0603,21.3182],[104.058,21.3225],[104.0534,21.3267],[104.0538,21.3279],[104.0521,21.3301],[104.0488,21.3328],[104.0477,21.3325],[104.0455,21.3346],[104.0421,21.3351],[104.0408,21.3344],[104.0397,21.3366],[104.0342,21.3403],[104.0336,21.3428],[104.0326,21.3431],[104.03,21.3456],[104.0286,21.3499],[104.0258,21.3516],[104.0263,21.3533],[104.0257,21.3563],[104.024,21.3573],[104.0231,21.3595],[104.0212,21.361],[104.0204,21.3611],[104.0174,21.3658],[104.0127,21.3551],[104.0013,21.356],[104.0014,21.3533],[104.0069,21.3458],[104.0073,21.3432],[104.0065,21.3418],[103.9991,21.3379],[103.9942,21.34],[103.9948,21.3379],[103.9945,21.3361],[103.9911,21.3334],[103.9947,21.3281],[103.9942,21.3269],[103.9949,21.3258],[103.9973,21.3247],[103.9983,21.3254],[104.0005,21.3231],[104.0003,21.3224],[103.9998,21.3223],[103.9997,21.3206],[103.999,21.3194],[103.995,21.3176],[103.9971,21.3114],[103.9968,21.3113],[103.9997,21.3056],[104.0009,21.305],[104.0035,21.3056],[104.0065,21.3052],[104.0069,21.304],[104.0101,21.3021],[104.0077,21.2993],[104.0085,21.295],[104.0012,21.2914],[104.0002,21.2905],[103.9998,21.2895],[104.0021,21.288],[104.0058,21.2838],[104.0117,21.2799],[104.0141,21.276],[104.0203,21.2735],[104.0191,21.2724],[104.0202,21.2716],[104.0208,21.2696],[104.0231,21.2683],[104.0259,21.2622],[104.0275,21.2606],[104.029,21.2604],[104.0293,21.2586],[104.0275,21.2574],[104.0278,21.256],[104.0244,21.2546],[104.0247,21.2539],[104.0239,21.2531],[104.023,21.2537],[104.0224,21.2533],[104.0231,21.2522],[104.0223,21.2522],[104.022,21.2527],[104.0214,21.2526],[104.0156,21.2485],[104.011,21.2488],[104.0125,21.25],[104.0126,21.2512],[104.0136,21.2527],[104.0112,21.2529],[104.0118,21.2549],[104.0101,21.2552],[104.007,21.2536],[104.0069,21.2548],[104.0079,21.2561],[104.008,21.2572],[104.0054,21.2574],[104.0036,21.2566],[104.0026,21.2571],[104.0032,21.2585],[104.0046,21.2598],[104.0035,21.2608],[103.9998,21.2592],[103.9988,21.257],[103.9984,21.2572],[103.9973,21.256],[103.9956,21.2576],[103.993,21.2567],[103.9911,21.2572],[103.9906,21.2588],[103.9878,21.2612],[103.9868,21.2607],[103.9864,21.2597],[103.9876,21.2592],[103.987,21.2584],[103.9833,21.2573],[103.9818,21.2586],[103.9815,21.2618],[103.9819,21.262],[103.9801,21.2632],[103.9796,21.2642],[103.9785,21.264],[103.9787,21.2636],[103.9776,21.263],[103.9756,21.2605],[103.9736,21.2602],[103.9734,21.2597],[103.9715,21.259],[103.9692,21.2602],[103.9682,21.2597],[103.9665,21.26],[103.9659,21.2597],[103.965,21.2595],[103.9625,21.2603],[103.9604,21.2587],[103.9599,21.2575],[103.9591,21.2574],[103.9586,21.2544],[103.9554,21.249],[103.9547,21.2467],[103.953,21.2451],[103.9549,21.244],[103.957,21.2439],[103.9584,21.2412],[103.9607,21.2415],[103.961,21.2402],[103.9621,21.2391],[103.9639,21.2396],[103.9648,21.2374],[103.9683,21.2358],[103.9705,21.2358],[103.9711,21.2342],[103.9745,21.2339],[103.9763,21.2317],[103.9783,21.2314],[103.9778,21.2271],[103.9789,21.2249],[103.9817,21.2233],[103.9826,21.2243],[103.9839,21.2231],[103.9868,21.222],[103.9859,21.2198],[103.9865,21.2192],[103.9891,21.2197],[103.9898,21.2187],[103.9911,21.2187],[103.9926,21.2172],[103.9929,21.2159],[103.9957,21.2162],[103.997,21.2157],[103.998,21.2135],[104.0019,21.2149],[104.0033,21.2144],[104.0044,21.2134],[104.0086,21.2123],[104.0096,21.2102],[104.0106,21.2101],[104.0118,21.2086],[104.0122,21.2065],[104.0132,21.2068],[104.0143,21.2063],[104.0145,21.2053],[104.0164,21.2039],[104.0164,21.203],[104.0183,21.2031],[104.0194,21.2024],[104.0198,21.2018],[104.0194,21.1996],[104.0202,21.1984],[104.023,21.1979],[104.0241,21.1955],[104.0243,21.1924],[104.0237,21.1906],[104.0258,21.191],[104.0274,21.1905],[104.0285,21.1891],[104.0362,21.1957],[104.0385,21.1998],[104.0428,21.2009],[104.0406,21.205],[104.0384,21.2057],[104.0433,21.2123],[104.0391,21.2152],[104.0403,21.217],[104.0392,21.2175],[104.041,21.2201],[104.0404,21.2212],[104.0426,21.2229],[104.0416,21.2235],[104.045,21.2257],[104.0452,21.2237],[104.0501,21.2219],[104.0495,21.217],[104.0498,21.2163],[104.0536,21.2183],[104.0545,21.2168],[104.0565,21.2157],[104.0564,21.2128],[104.057,21.2118],[104.0617,21.2125],[104.0622,21.209],[104.0651,21.2068],[104.0692,21.2062],[104.0738,21.2031],[104.0789,21.2063],[104.0841,21.2107],[104.0844,21.2125],[104.0855,21.2143],[104.087,21.2144],[104.0941,21.2171],[104.0922,21.2182],[104.0922,21.2215],[104.0986,21.224],[104.1029,21.2288],[104.1037,21.233],[104.105,21.2349],[104.1034,21.2366],[104.1046,21.2377],[104.1047,21.2386],[104.1026,21.2427],[104.1083,21.2542]]]},"properties":{"code":"04123","name":"Chiềng Mung","nameEn":"Chieng Mung","fullName":"Xã Chiềng Mung","fullNameEn":"Chieng Mung Commune","codeName":"chieng_mung","postalCode":"34513","postalCodePrefix":"","gisServerId":"diaphanhanhchinhcapxa_2025.1389","areaKm2":142.14},"id":"04123"},
{"type":"Feature","geometry":{"type":"Polygon","coordinates":[[[103.9659,21.2597],[103.967,21.2627],[103.9656,21.2653],[103.9655,21.2672],[103.9645,21.268],[103.9624,21.2682],[103.9596,21.2698],[103.9591,21.271],[103.9555,21.2739],[103.9558,21.2756],[103.9536,21.2761],[103.9526,21.2756],[103.9524,21.2759],[103.9521,21.275],[103.9513,21.2748],[103.9478,21.271],[103.9463,21.2714],[103.9459,21.2732],[103.9438,21.2727],[103.9442,21.2722],[103.9428,21.2708],[103.938,21.2676],[103.9365,21.27],[103.9364,21.2718],[103.9348,21.2712],[103.9356,21.2725],[103.9245,21.271],[103.9238,21.2696],[103.9229,21.2693],[103.92,21.2658],[103.9192,21.2659],[103.9172,21.2645],[103.9154,21.2611],[103.9134,21.261],[103.9131,21.2621],[103.9122,21.2624],[103.911,21.2625],[103.9093,21.2617],[103.9077,21.2624],[103.9069,21.2584],[103.9054,21.2563],[103.9015,21.257],[103.9008,21.2566],[103.8998,21.2523],[103.8996,21.2506],[103.9001,21.2495],[103.8993,21.2483],[103.8997,21.2468],[103.902,21.2444],[103.905,21.2431],[103.9064,21.2409],[103.9127,21.236],[103.9184,21.2289],[103.9196,21.2285],[103.9209,21.2264],[103.926,21.2235],[103.931,21.2198],[103.9328,21.2168],[103.9397,21.2129],[103.9402,21.2076],[103.942,21.2071],[103.9424,21.2049],[103.944,21.2041],[103.9388,21.1978],[103.9377,21.1974],[103.9373,21.1961],[103.9358,21.1946],[103.9354,21.1926],[103.933,21.1916],[103.9328,21.1895],[103.9317,21.1875],[103.9301,21.1866],[103.9284,21.1864],[103.9279,21.1856],[103.9257,21.1846],[103.9244,21.1845],[103.9216,21.1822],[103.9211,21.1791],[103.9215,21.1784],[103.918,21.1773],[103.917,21.1761],[103.9166,21.174],[103.9144,21.1739],[103.913,21.1709],[103.9086,21.1688],[103.9064,21.169],[103.905,21.1697],[103.9032,21.1693],[103.9005,21.1673],[103.8994,21.165],[103.9016,21.1643],[103.9051,21.1622],[103.9084,21.1627],[103.9102,21.1622],[103.9107,21.1615],[103.9134,21.1614],[103.9147,21.16],[103.917,21.1591],[103.9182,21.1574],[103.919,21.1577],[103.9193,21.1568],[103.9189,21.1561],[103.9211,21.1542],[103.9215,21.1529],[103.9212,21.1518],[103.9218,21.1458],[103.9223,21.1448],[103.9224,21.1428],[103.9235,21.1415],[103.9262,21.1408],[103.9285,21.141],[103.9297,21.1416],[103.9322,21.1414],[103.9347,21.1385],[103.9365,21.1376],[103.9401,21.1377],[103.9426,21.1365],[103.9484,21.1364],[103.9497,21.137],[103.9502,21.1382],[103.9513,21.1387],[103.9555,21.1384],[103.9571,21.1389],[103.9585,21.1383],[103.9598,21.1388],[103.9616,21.1364],[103.9632,21.1357],[103.9645,21.1359],[103.9673,21.1343],[103.9683,21.1308],[103.9692,21.1293],[103.9705,21.1285],[103.9716,21.1263],[103.9707,21.1242],[103.9716,21.1228],[103.9717,21.1211],[103.9757,21.1201],[103.9772,21.1211],[103.9772,21.122],[103.9791,21.1219],[103.9798,21.1226],[103.9808,21.1214],[103.9824,21.1209],[103.9849,21.1211],[103.9877,21.1203],[103.9887,21.1193],[103.9887,21.1181],[103.9872,21.117],[103.9872,21.1159],[103.9892,21.1143],[103.9912,21.1141],[103.9931,21.1146],[103.9966,21.1168],[103.9999,21.1213],[104,21.1245],[104.0025,21.1255],[104.0033,21.1267],[104.0053,21.1278],[104.006,21.129],[104.0083,21.1287],[104.0096,21.1276],[104.0121,21.1287],[104.0133,21.1301],[104.0144,21.1288],[104.0143,21.1273],[104.0152,21.127],[104.016,21.1256],[104.0171,21.1256],[104.0172,21.1246],[104.0186,21.1236],[104.021,21.1236],[104.0224,21.1216],[104.0234,21.1215],[104.0239,21.1207],[104.0261,21.1199],[104.0271,21.1183],[104.0279,21.1186],[104.0293,21.1182],[104.0311,21.1159],[104.0341,21.115],[104.034,21.1144],[104.0356,21.1122],[104.0361,21.1096],[104.0344,21.1091],[104.0376,21.1063],[104.0433,21.1033],[104.0472,21.1043],[104.0484,21.103],[104.0529,21.1059],[104.0542,21.1077],[104.0552,21.1065],[104.0568,21.106],[104.0571,21.1046],[104.0603,21.1074],[104.0626,21.1086],[104.063,21.1094],[104.0626,21.1113],[104.0652,21.1141],[104.0655,21.117],[104.0644,21.1173],[104.063,21.1185],[104.0614,21.1188],[104.0597,21.1205],[104.0605,21.1228],[104.0601,21.1246],[104.0605,21.127],[104.0647,21.13],[104.0648,21.1325],[104.0658,21.1366],[104.0649,21.1381],[104.0633,21.1376],[104.0623,21.1384],[104.0603,21.1377],[104.0572,21.1404],[104.0593,21.1466],[104.0591,21.1476],[104.0578,21.1485],[104.0506,21.1487],[104.0499,21.1502],[104.0508,21.1526],[104.0489,21.1547],[104.049,21.1558],[104.0484,21.1566],[104.0475,21.1562],[104.0466,21.1566],[104.0453,21.1578],[104.0447,21.1593],[104.043,21.1588],[104.0419,21.1592],[104.0412,21.1607],[104.0387,21.1608],[104.0349,21.1643],[104.0325,21.1652],[104.0248,21.1667],[104.0209,21.1695],[104.0205,21.1714],[104.0184,21.1735],[104.0205,21.1781],[104.0239,21.183],[104.0263,21.1847],[104.0283,21.187],[104.0285,21.1891],[104.0274,21.1905],[104.0258,21.191],[104.0237,21.1906],[104.0243,21.1924],[104.0241,21.1955],[104.023,21.1979],[104.0202,21.1984],[104.0194,21.1996],[104.0198,21.2018],[104.0194,21.2024],[104.0183,21.2031],[104.0164,21.203],[104.0164,21.2039],[104.0145,21.2053],[104.0143,21.2063],[104.0132,21.2068],[104.0122,21.2065],[104.0118,21.2086],[104.0106,21.2101],[104.0096,21.2102],[104.0086,21.2123],[104.0044,21.2134],[104.0033,21.2144],[104.0019,21.2149],[103.998,21.2135],[103.997,21.2157],[103.9957,21.2162],[103.9929,21.2159],[103.9926,21.2172],[103.9911,21.2187],[103.9898,21.2187],[103.9891,21.2197],[103.9865,21.2192],[103.9859,21.2198],[103.9868,21.222],[103.9839,21.2231],[103.9826,21.2243],[103.9817,21.2233],[103.9789,21.2249],[103.9778,21.2271],[103.9783,21.2314],[103.9763,21.2317],[103.9745,21.2339],[103.9711,21.2342],[103.9705,21.2358],[103.9683,21.2358],[103.9648,21.2374],[103.9639,21.2396],[103.9621,21.2391],[103.961,21.2402],[103.9607,21.2415],[103.9584,21.2412],[103.957,21.2439],[103.9549,21.244],[103.953,21.2451],[103.9547,21.2467],[103.9554,21.249],[103.9586,21.2544],[103.9591,21.2574],[103.9599,21.2575],[103.9604,21.2587],[103.9625,21.2603],[103.965,21.2595],[103.9659,21.2597]]]},"properties":{"code":"04132","name":"Chiềng Mai","nameEn":"Chieng Mai","fullName":"Xã Chiềng Mai","fullNameEn":"Chieng Mai Commune","codeName":"chieng_mai","postalCode":"34520","postalCodePrefix":"","gisServerId":"diaphanhanhchinhcapxa_2025.1390","areaKm2":151.85},"id":"04132"},
{"type":"Feature","geometry":{"type":"Polygon","coordinates":[[[104.2921,21.2396],[104.2904,21.2421],[104.281,21.2479],[104.2721,21.2565],[104.2702,21.2577],[104.263,21.2605],[104.2519,21.2611],[104.246,21.2633],[104.242,21.2669],[104.2374,21.273],[104.2266,21.2811],[104.218,21.2896],[104.2084,21.2954],[104.2059,21.3024],[104.2028,21.3071],[104.1993,21.3093],[104.1952,21.3105],[104.1935,21.3037],[104.1894,21.3026],[104.1876,21.3017],[104.1854,21.2994],[104.1842,21.2992],[104.1803,21.2951],[104.178,21.2949],[104.1767,21.2954],[104.1764,21.2965],[104.1753,21.2972],[104.1747,21.2975],[104.1739,21.2971],[104.1716,21.2954],[104.1699,21.2929],[104.1684,21.2921],[104.1666,21.2919],[104.1651,21.2906],[104.1645,21.2881],[104.157,21.2848],[104.1559,21.281],[104.155,21.2797],[104.1552,21.2779],[104.1546,21.2766],[104.1549,21.2753],[104.154,21.273],[104.1535,21.2677],[104.1552,21.2648],[104.1552,21.2622],[104.1537,21.2619],[104.1544,21.2612],[104.1545,21.2579],[104.1504,21.2542],[104.1497,21.2523],[104.1486,21.2516],[104.1488,21.2493],[104.1499,21.2469],[104.1498,21.2455],[104.1477,21.2436],[104.1485,21.2419],[104.1484,21.2408],[104.1457,21.2394],[104.1433,21.2391],[104.1419,21.2373],[104.1405,21.2368],[104.1387,21.239],[104.1387,21.24],[104.1374,21.24],[104.1377,21.242],[104.1364,21.2421],[104.1361,21.2444],[104.1354,21.2449],[104.1336,21.2447],[104.1329,21.2471],[104.1294,21.2502],[104.129,21.2518],[104.1277,21.252],[104.1266,21.2515],[104.126,21.2527],[104.1242,21.253],[104.1239,21.2536],[104.1083,21.2542],[104.1026,21.2427],[104.1047,21.2386],[104.1046,21.2377],[104.1034,21.2366],[104.105,21.2349],[104.1037,21.233],[104.1029,21.2288],[104.0986,21.224],[104.0922,21.2215],[104.0922,21.2182],[104.0941,21.2171],[104.0967,21.2185],[104.0982,21.22],[104.1035,21.2175],[104.1084,21.2177],[104.111,21.2169],[104.1124,21.2174],[104.114,21.2172],[104.115,21.2164],[104.1157,21.2141],[104.1154,21.2124],[104.1159,21.2118],[104.1148,21.2113],[104.114,21.2119],[104.1131,21.2118],[104.1136,21.2089],[104.1142,21.2081],[104.1203,21.2056],[104.1205,21.205],[104.1173,21.2018],[104.1124,21.2001],[104.1112,21.1974],[104.1148,21.1966],[104.1149,21.1957],[104.1171,21.1935],[104.1181,21.1932],[104.1193,21.1934],[104.1207,21.1925],[104.1207,21.1912],[104.1229,21.1896],[104.1234,21.1881],[104.1248,21.1872],[104.1254,21.1844],[104.1299,21.1839],[104.1321,21.1791],[104.136,21.1814],[104.1349,21.1828],[104.1351,21.1842],[104.1341,21.185],[104.1375,21.1847],[104.1414,21.1899],[104.1423,21.1927],[104.1511,21.1953],[104.1512,21.1963],[104.153,21.1979],[104.1524,21.1995],[104.1528,21.2016],[104.1583,21.2025],[104.1603,21.201],[104.1607,21.1994],[104.1625,21.1997],[104.1633,21.2007],[104.1656,21.2006],[104.1717,21.2035],[104.1729,21.202],[104.1738,21.2021],[104.1745,21.2012],[104.1758,21.2014],[104.1783,21.2005],[104.1791,21.2013],[104.18,21.2007],[104.1837,21.1976],[104.1845,21.1947],[104.1855,21.1934],[104.1876,21.1932],[104.1894,21.1919],[104.1902,21.1919],[104.1911,21.1908],[104.1929,21.1899],[104.1945,21.1881],[104.1969,21.1873],[104.1996,21.1872],[104.2022,21.185],[104.2037,21.1845],[104.2043,21.185],[104.2062,21.1844],[104.2097,21.1856],[104.2106,21.1854],[104.211,21.1834],[104.2119,21.1823],[104.213,21.1819],[104.2137,21.1825],[104.2154,21.1809],[104.2168,21.1808],[104.2176,21.18],[104.2174,21.1795],[104.2184,21.1799],[104.2181,21.1791],[104.2193,21.1797],[104.2196,21.1792],[104.2218,21.1802],[104.2211,21.181],[104.2222,21.182],[104.2234,21.1819],[104.2269,21.1862],[104.2249,21.187],[104.2221,21.191],[104.2202,21.1917],[104.2215,21.1928],[104.2215,21.1947],[104.2228,21.1966],[104.2284,21.1995],[104.2307,21.2024],[104.2329,21.2028],[104.2342,21.2035],[104.2381,21.2081],[104.2457,21.2114],[104.2471,21.2102],[104.2495,21.2105],[104.2519,21.213],[104.2543,21.2143],[104.2546,21.2166],[104.2559,21.2183],[104.2555,21.2196],[104.2565,21.2222],[104.2577,21.2225],[104.26,21.2206],[104.2628,21.217],[104.2664,21.215],[104.269,21.2153],[104.2744,21.2144],[104.2751,21.2139],[104.2751,21.2148],[104.2762,21.2162],[104.2771,21.2189],[104.2782,21.2198],[104.2776,21.2232],[104.2781,21.2238],[104.2781,21.225],[104.2796,21.2273],[104.28,21.2291],[104.282,21.2319],[104.2833,21.2323],[104.2921,21.2396]]]},"properties":{"code":"04136","name":"Tà Hộc","nameEn":"Ta Hoc","fullName":"Xã Tà Hộc","fullNameEn":"Ta Hoc Commune","codeName":"ta_hoc","postalCode":"34508","postalCodePrefix":"","gisServerId":"diaphanhanhchinhcapxa_2025.1394","areaKm2":149.56},"id":"04136"},
{"type":"Feature","geometry":{"type":"Polygon","coordinates":[[[103.7469,21.2558],[103.744,21.2559],[103.744,21.2534],[103.7408,21.2506],[103.7378,21.2492],[103.7383,21.2476],[103.7376,21.2461],[103.7366,21.2455],[103.7371,21.244],[103.7364,21.2419],[103.7365,21.2399],[103.7357,21.2382],[103.7346,21.2373],[103.734,21.2354],[103.7324,21.2353],[103.7308,21.2334],[103.7261,21.2301],[103.725,21.2303],[103.7235,21.229],[103.7205,21.228],[103.719,21.2239],[103.7199,21.2192],[103.7187,21.2178],[103.719,21.2158],[103.7179,21.215],[103.7174,21.2125],[103.7168,21.2118],[103.7177,21.2104],[103.7157,21.2095],[103.7147,21.2079],[103.7135,21.2076],[103.7119,21.2046],[103.7069,21.2031],[103.707,21.2016],[103.7062,21.2009],[103.7043,21.2018],[103.7033,21.2],[103.702,21.2003],[103.701,21.1989],[103.6993,21.1979],[103.699,21.1971],[103.6981,21.1968],[103.6967,21.1945],[103.6981,21.1889],[103.6975,21.1879],[103.6976,21.1859],[103.6966,21.1846],[103.7001,21.1827],[103.7014,21.1806],[103.7029,21.1811],[103.7064,21.1801],[103.7083,21.1814],[103.7146,21.1758],[103.7208,21.1743],[103.7244,21.1724],[103.7257,21.1708],[103.7306,21.1695],[103.7361,21.1668],[103.7391,21.164],[103.7415,21.1628],[103.7453,21.1588],[103.7471,21.158],[103.7479,21.1567],[103.7488,21.1525],[103.7504,21.1513],[103.7514,21.1488],[103.751,21.1475],[103.7512,21.1448],[103.7529,21.1428],[103.7556,21.1412],[103.7549,21.1404],[103.7551,21.1391],[103.7558,21.1371],[103.7547,21.1357],[103.7704,21.1272],[103.7705,21.1247],[103.7721,21.1239],[103.7718,21.1231],[103.7733,21.1212],[103.7735,21.1196],[103.7731,21.1173],[103.7738,21.1169],[103.7733,21.1151],[103.7748,21.1135],[103.7746,21.1118],[103.7752,21.111],[103.7761,21.1107],[103.7767,21.1096],[103.7822,21.1068],[103.784,21.1046],[103.786,21.1032],[103.7873,21.1008],[103.7897,21.0987],[103.7902,21.0973],[103.7933,21.0957],[103.793,21.0943],[103.7964,21.0957],[103.7972,21.0968],[103.7986,21.0962],[103.8005,21.0942],[103.8018,21.0921],[103.8024,21.0893],[103.8006,21.088],[103.8011,21.0848],[103.8009,21.0827],[103.804,21.0781],[103.8066,21.0763],[103.8088,21.0755],[103.8097,21.0742],[103.812,21.0751],[103.8137,21.0752],[103.8182,21.0735],[103.82,21.0737],[103.8246,21.0724],[103.8297,21.0703],[103.8316,21.0717],[103.8346,21.0722],[103.8357,21.0741],[103.8369,21.0723],[103.8368,21.0712],[103.8373,21.0699],[103.8387,21.0685],[103.8429,21.0673],[103.8431,21.0658],[103.8444,21.0654],[103.8465,21.063],[103.8479,21.0626],[103.8502,21.0633],[103.852,21.0629],[103.8538,21.0632],[103.8552,21.0614],[103.8563,21.0609],[103.8564,21.0592],[103.8588,21.0573],[103.8612,21.0567],[103.8626,21.0581],[103.867,21.0587],[103.8684,21.0601],[103.8699,21.06],[103.8715,21.0584],[103.8729,21.059],[103.8738,21.0586],[103.8873,21.0631],[103.8872,21.0625],[103.8886,21.0618],[103.8894,21.0606],[103.8892,21.0594],[103.8902,21.0586],[103.8908,21.0588],[103.8921,21.0577],[103.8884,21.0558],[103.8959,21.053],[103.8971,21.0531],[103.8976,21.0522],[103.9024,21.0489],[103.9031,21.0489],[103.9028,21.05],[103.9033,21.0511],[103.9048,21.0519],[103.9051,21.0525],[103.9049,21.0536],[103.9073,21.0563],[103.9078,21.0579],[103.9089,21.0586],[103.9069,21.0631],[103.9077,21.0641],[103.9077,21.0672],[103.9098,21.0699],[103.9115,21.0712],[103.9113,21.0735],[103.9091,21.0762],[103.9079,21.0801],[103.915,21.0847],[103.9158,21.0869],[103.9181,21.0904],[103.9199,21.0908],[103.9264,21.0892],[103.927,21.0886],[103.9299,21.089],[103.9331,21.0885],[103.9355,21.0893],[103.9396,21.0884],[103.945,21.0865],[103.9467,21.0872],[103.9514,21.0852],[103.9534,21.0851],[103.9546,21.0871],[103.9566,21.0877],[103.9585,21.0899],[103.9606,21.0901],[103.9613,21.091],[103.9614,21.092],[103.9629,21.0919],[103.9639,21.0933],[103.9653,21.0933],[103.9673,21.0922],[103.9699,21.0923],[103.9747,21.0966],[103.9777,21.0971],[103.9807,21.101],[103.9826,21.1017],[103.9866,21.1008],[103.9866,21.1019],[103.9851,21.1053],[103.9864,21.1083],[103.9866,21.1104],[103.9873,21.1109],[103.9873,21.1119],[103.9884,21.1126],[103.9892,21.1143],[103.9872,21.1159],[103.9872,21.117],[103.9887,21.1181],[103.9887,21.1193],[103.9877,21.1203],[103.9849,21.1211],[103.9824,21.1209],[103.9808,21.1214],[103.9798,21.1226],[103.9791,21.1219],[103.9772,21.122],[103.9772,21.1211],[103.9757,21.1201],[103.9717,21.1211],[103.9716,21.1228],[103.9707,21.1242],[103.9716,21.1263],[103.9705,21.1285],[103.9692,21.1293],[103.9683,21.1308],[103.9673,21.1343],[103.9645,21.1359],[103.9632,21.1357],[103.9616,21.1364],[103.9598,21.1388],[103.9585,21.1383],[103.9571,21.1389],[103.9555,21.1384],[103.9513,21.1387],[103.9502,21.1382],[103.9497,21.137],[103.9484,21.1364],[103.9426,21.1365],[103.9401,21.1377],[103.9365,21.1376],[103.9347,21.1385],[103.9322,21.1414],[103.9297,21.1416],[103.9285,21.141],[103.9262,21.1408],[103.9235,21.1415],[103.9224,21.1428],[103.9223,21.1448],[103.9218,21.1458],[103.9212,21.1518],[103.9215,21.1529],[103.9211,21.1542],[103.9189,21.1561],[103.9193,21.1568],[103.919,21.1577],[103.9182,21.1574],[103.917,21.1591],[103.9147,21.16],[103.9134,21.1614],[103.9107,21.1615],[103.9102,21.1622],[103.9084,21.1627],[103.9051,21.1622],[103.9016,21.1643],[103.8994,21.165],[103.8978,21.1633],[103.8962,21.1636],[103.8932,21.1669],[103.8874,21.1658],[103.8833,21.1672],[103.8769,21.1645],[103.8749,21.1649],[103.8718,21.1645],[103.8696,21.1648],[103.8678,21.1657],[103.8645,21.1696],[103.8606,21.1713],[103.859,21.1738],[103.8578,21.1735],[103.8537,21.1744],[103.8513,21.1757],[103.8504,21.1769],[103.8447,21.1793],[103.8421,21.181],[103.8407,21.1829],[103.8395,21.186],[103.8366,21.1876],[103.8318,21.1932],[103.8297,21.1942],[103.8287,21.1957],[103.8252,21.1979],[103.8231,21.2004],[103.8179,21.2014],[103.8157,21.2013],[103.8149,21.2019],[103.8122,21.2021],[103.8062,21.2066],[103.8056,21.2075],[103.8019,21.2083],[103.8015,21.2093],[103.7992,21.2103],[103.7974,21.2131],[103.7964,21.2131],[103.7951,21.2141],[103.7933,21.2148],[103.7915,21.2142],[103.7884,21.2145],[103.7877,21.2152],[103.7869,21.2152],[103.7854,21.2138],[103.7821,21.2138],[103.7769,21.2108],[103.7731,21.2134],[103.7729,21.214],[103.7739,21.2155],[103.7738,21.2167],[103.7721,21.2204],[103.7722,21.2219],[103.771,21.2235],[103.7703,21.2266],[103.7681,21.2292],[103.7681,21.2307],[103.7656,21.2312],[103.7633,21.2324],[103.7589,21.2367],[103.756,21.237],[103.7534,21.2382],[103.7519,21.2384],[103.7499,21.2397],[103.7487,21.244],[103.7471,21.2454],[103.746,21.2505],[103.7469,21.2558]]]},"properties":{"code":"04144","name":"Phiêng Cằm","nameEn":"Phieng Cam","fullName":"Xã Phiêng Cằm","fullNameEn":"Phieng Cam Commune","codeName":"phieng_cam","postalCode":"34518","postalCodePrefix":"","gisServerId":"diaphanhanhchinhcapxa_2025.1392","areaKm2":280.33},"id":"04144"},
{"type":"Feature","geometry":{"type":"Polygon","coordinates":[[[104.1954,21.0667],[104.1941,21.0697],[104.1925,21.0697],[104.1897,21.0719],[104.1922,21.0736],[104.192,21.0745],[104.1901,21.0765],[104.1877,21.0771],[104.1834,21.0755],[104.179,21.0758],[104.1793,21.0802],[104.173,21.0841],[104.169,21.0882],[104.1693,21.089],[104.1676,21.0918],[104.1621,21.0927],[104.161,21.0934],[104.1592,21.0972],[104.1576,21.0978],[104.1562,21.0993],[104.1553,21.1032],[104.1536,21.1051],[104.152,21.1051],[104.1514,21.1121],[104.1498,21.1123],[104.1504,21.1146],[104.1495,21.1152],[104.1489,21.1169],[104.1467,21.1181],[104.1453,21.1221],[104.1433,21.123],[104.1413,21.1212],[104.1385,21.1212],[104.1373,21.1214],[104.1345,21.1233],[104.1295,21.1294],[104.1285,21.1316],[104.1273,21.1321],[104.1265,21.134],[104.1243,21.1354],[104.1218,21.138],[104.1192,21.1373],[104.1178,21.1377],[104.1169,21.1387],[104.1176,21.1407],[104.1152,21.1406],[104.1162,21.1427],[104.1137,21.1429],[104.1137,21.1434],[104.1146,21.1436],[104.1139,21.1449],[104.1114,21.1447],[104.1113,21.1461],[104.11,21.1462],[104.1097,21.148],[104.1088,21.1489],[104.1108,21.1508],[104.1077,21.15],[104.106,21.1481],[104.1037,21.1492],[104.1038,21.148],[104.1048,21.1476],[104.1051,21.1464],[104.1066,21.1454],[104.1074,21.144],[104.1075,21.1419],[104.1014,21.1369],[104.098,21.1348],[104.0971,21.1327],[104.0956,21.1324],[104.0943,21.1336],[104.093,21.1323],[104.0898,21.1324],[104.0873,21.1316],[104.0873,21.1349],[104.083,21.1373],[104.0826,21.1421],[104.0818,21.1427],[104.081,21.1428],[104.0805,21.1415],[104.0756,21.1387],[104.074,21.1385],[104.0736,21.138],[104.0722,21.1388],[104.0694,21.1391],[104.0658,21.1366],[104.0648,21.1325],[104.0647,21.13],[104.0605,21.127],[104.0601,21.1246],[104.0605,21.1228],[104.0597,21.1205],[104.0614,21.1188],[104.063,21.1185],[104.0644,21.1173],[104.0655,21.117],[104.0652,21.1141],[104.0626,21.1113],[104.063,21.1094],[104.0626,21.1086],[104.0603,21.1074],[104.0571,21.1046],[104.0568,21.106],[104.0552,21.1065],[104.0542,21.1077],[104.0529,21.1059],[104.0484,21.103],[104.0472,21.1043],[104.0433,21.1033],[104.0376,21.1063],[104.0344,21.1091],[104.0361,21.1096],[104.0356,21.1122],[104.034,21.1144],[104.0341,21.115],[104.0311,21.1159],[104.0293,21.1182],[104.0279,21.1186],[104.0271,21.1183],[104.0261,21.1199],[104.0239,21.1207],[104.0234,21.1215],[104.0224,21.1216],[104.021,21.1236],[104.0186,21.1236],[104.0172,21.1246],[104.0171,21.1256],[104.016,21.1256],[104.0152,21.127],[104.0143,21.1273],[104.0144,21.1288],[104.0133,21.1301],[104.0121,21.1287],[104.0096,21.1276],[104.0083,21.1287],[104.006,21.129],[104.0053,21.1278],[104.0033,21.1267],[104.0025,21.1255],[104,21.1245],[103.9999,21.1213],[103.9966,21.1168],[103.9931,21.1146],[103.9912,21.1141],[103.9892,21.1143],[103.9884,21.1126],[103.9873,21.1119],[103.9873,21.1109],[103.9866,21.1104],[103.9864,21.1083],[103.9851,21.1053],[103.9866,21.1019],[103.9866,21.1008],[103.9826,21.1017],[103.9807,21.101],[103.9777,21.0971],[103.9747,21.0966],[103.9699,21.0923],[103.9673,21.0922],[103.9653,21.0933],[103.9639,21.0933],[103.9629,21.0919],[103.9614,21.092],[103.9613,21.091],[103.9606,21.0901],[103.9585,21.0899],[103.9566,21.0877],[103.9546,21.0871],[103.9534,21.0851],[103.9514,21.0852],[103.9467,21.0872],[103.945,21.0865],[103.9396,21.0884],[103.9355,21.0893],[103.9331,21.0885],[103.9299,21.089],[103.927,21.0886],[103.9264,21.0892],[103.9199,21.0908],[103.9181,21.0904],[103.9158,21.0869],[103.915,21.0847],[103.9079,21.0801],[103.9091,21.0762],[103.9113,21.0735],[103.9115,21.0712],[103.9098,21.0699],[103.9077,21.0672],[103.9077,21.0641],[103.9069,21.0631],[103.9089,21.0586],[103.9078,21.0579],[103.9073,21.0563],[103.9049,21.0536],[103.9051,21.0525],[103.9054,21.0519],[103.9076,21.0507],[103.9121,21.046],[103.9157,21.0451],[103.9171,21.0452],[103.9182,21.0444],[103.9197,21.0442],[103.92,21.0424],[103.9213,21.0424],[103.9209,21.0414],[103.9244,21.0399],[103.9263,21.0419],[103.9285,21.041],[103.9308,21.0416],[103.932,21.0429],[103.9344,21.0418],[103.9353,21.0421],[103.9382,21.0445],[103.9405,21.0451],[103.9412,21.0468],[103.9425,21.048],[103.9439,21.0483],[103.9453,21.05],[103.9482,21.0514],[103.951,21.0514],[103.9537,21.0501],[103.9572,21.0495],[103.9577,21.0491],[103.9597,21.0495],[103.9624,21.0483],[103.9641,21.0463],[103.9665,21.0456],[103.9666,21.0447],[103.9656,21.0435],[103.9648,21.0405],[103.9654,21.0397],[103.9652,21.0375],[103.9666,21.0336],[103.966,21.0333],[103.9646,21.0306],[103.9651,21.0282],[103.9641,21.0258],[103.9644,21.0247],[103.9634,21.0208],[103.9614,21.0179],[103.9606,21.0138],[103.9613,21.0122],[103.9638,21.0117],[103.9671,21.0134],[103.9731,21.0151],[103.9832,21.0171],[103.9848,21.0178],[103.9855,21.0188],[103.9895,21.0201],[103.9927,21.0227],[103.9935,21.024],[103.9973,21.0264],[103.9999,21.0288],[104.0017,21.0291],[104.0029,21.028],[104.003,21.0272],[104.0021,21.024],[104.0011,21.023],[104.0031,21.0184],[104.0014,21.0176],[104.0032,21.0153],[104.0077,21.0139],[104.0086,21.0131],[104.0099,21.0113],[104.0105,21.0092],[104.012,21.0086],[104.0159,21.0104],[104.0195,21.0107],[104.0231,21.0107],[104.0255,21.0101],[104.0282,21.0112],[104.0299,21.0132],[104.034,21.0122],[104.0364,21.0108],[104.0371,21.0111],[104.0388,21.0107],[104.0373,21.0103],[104.0358,21.0054],[104.034,21.0046],[104.0338,21.0027],[104.0323,21.0006],[104.0302,20.9997],[104.0288,20.9985],[104.0324,20.9981],[104.0342,20.9975],[104.0342,20.9968],[104.0326,20.9957],[104.0287,20.9948],[104.0302,20.9939],[104.031,20.9927],[104.0324,20.9928],[104.0337,20.9905],[104.0397,20.9873],[104.0432,20.9863],[104.0433,20.9843],[104.0458,20.9801],[104.051,20.9774],[104.0514,20.9758],[104.054,20.9717],[104.0583,20.9685],[104.0644,20.9667],[104.0651,20.9653],[104.0682,20.9624],[104.0696,20.96],[104.0725,20.9613],[104.0747,20.9614],[104.077,20.9607],[104.0797,20.9589],[104.0802,20.9604],[104.0817,20.9617],[104.0878,20.963],[104.0894,20.9646],[104.0922,20.9648],[104.093,20.9655],[104.0931,20.9668],[104.0946,20.9691],[104.0974,20.9698],[104.0979,20.9724],[104.1016,20.9752],[104.1041,20.9787],[104.1048,20.9777],[104.1089,20.9763],[104.1124,20.9739],[104.1134,20.9715],[104.116,20.9718],[104.1176,20.9711],[104.1195,20.9711],[104.1192,20.9729],[104.1197,20.9768],[104.1217,20.9796],[104.1225,20.9799],[104.121,20.982],[104.1203,20.9891],[104.1223,20.9911],[104.1237,20.9914],[104.124,20.9927],[104.1234,20.9935],[104.1256,20.9963],[104.1221,20.9989],[104.12,21.0017],[104.1153,21.0034],[104.1195,21.0078],[104.1216,21.008],[104.1245,21.0122],[104.1265,21.0119],[104.1273,21.015],[104.1317,21.0179],[104.1339,21.0183],[104.1351,21.0164],[104.1378,21.0159],[104.1396,21.0147],[104.1403,21.0158],[104.1422,21.016],[104.1435,21.0181],[104.1448,21.0185],[104.1511,21.0182],[104.153,21.0174],[104.1547,21.0192],[104.1553,21.0206],[104.1575,21.0219],[104.157,21.0248],[104.1579,21.0264],[104.1592,21.0264],[104.1599,21.0278],[104.1606,21.028],[104.1607,21.0299],[104.1617,21.0309],[104.1623,21.0329],[104.1658,21.0349],[104.1665,21.0357],[104.1667,21.0376],[104.1678,21.0384],[104.1717,21.0385],[104.1728,21.0392],[104.173,21.0398],[104.17,21.0427],[104.1685,21.0429],[104.1679,21.0424],[104.1681,21.0442],[104.1723,21.0451],[104.1736,21.0458],[104.1756,21.0503],[104.177,21.0514],[104.179,21.0546],[104.1804,21.0573],[104.1804,21.0591],[104.1811,21.0607],[104.1818,21.0606],[104.191,21.0656],[104.1929,21.0652],[104.1936,21.0662],[104.1954,21.0667]]]},"properties":{"code":"04159","name":"Phiêng Pằn","nameEn":"Phieng Pan","fullName":"Xã Phiêng Pằn","fullNameEn":"Phieng Pan Commune","codeName":"phieng_pan","postalCode":"34524","postalCodePrefix":"","gisServerId":"diaphanhanhchinhcapxa_2025.1393","areaKm2":320.65},"id":"04159"},
{"type":"Feature","geometry":{"type":"Polygon","coordinates":[[[103.7551,21.1391],[103.75,21.1395],[103.7497,21.1411],[103.7486,21.142],[103.7471,21.1424],[103.7443,21.1418],[103.7409,21.144],[103.7386,21.1414],[103.7337,21.1395],[103.7318,21.1373],[103.7308,21.1347],[103.7271,21.1346],[103.7249,21.1359],[103.7228,21.1352],[103.7197,21.1359],[103.7183,21.1356],[103.7148,21.1374],[103.7114,21.1381],[103.7106,21.1394],[103.7089,21.1407],[103.7011,21.1436],[103.6999,21.1451],[103.698,21.1452],[103.6956,21.1465],[103.6962,21.1441],[103.6959,21.1429],[103.6949,21.1423],[103.6947,21.1413],[103.6924,21.1409],[103.6902,21.1413],[103.6882,21.1407],[103.687,21.1399],[103.6844,21.1366],[103.6817,21.1361],[103.6826,21.1162],[103.6798,21.1155],[103.6796,21.1147],[103.6808,21.112],[103.6806,21.1092],[103.6761,21.105],[103.6746,21.0994],[103.6729,21.0992],[103.6716,21.0967],[103.6719,21.0955],[103.6712,21.0947],[103.6714,21.0937],[103.6698,21.0883],[103.6701,21.0871],[103.6689,21.0851],[103.6694,21.082],[103.6719,21.0798],[103.6729,21.0795],[103.6741,21.0798],[103.6747,21.0788],[103.6757,21.0783],[103.6779,21.0781],[103.6791,21.0792],[103.6812,21.0794],[103.6837,21.0757],[103.6846,21.071],[103.6865,21.0689],[103.6884,21.0681],[103.6904,21.0685],[103.695,21.0669],[103.698,21.0643],[103.7007,21.064],[103.7062,21.0583],[103.7069,21.0528],[103.7077,21.0512],[103.7074,21.0502],[103.713,21.0503],[103.7139,21.0508],[103.7139,21.0498],[103.7149,21.0481],[103.7169,21.047],[103.7205,21.048],[103.7234,21.048],[103.7266,21.046],[103.7279,21.0437],[103.728,21.0425],[103.7288,21.0415],[103.7325,21.0396],[103.733,21.0382],[103.7346,21.0376],[103.7369,21.0375],[103.7398,21.0382],[103.7405,21.0394],[103.7421,21.0398],[103.7425,21.0406],[103.7433,21.0401],[103.7441,21.0404],[103.7446,21.0399],[103.7452,21.0403],[103.7499,21.0376],[103.753,21.0349],[103.7552,21.0339],[103.757,21.0342],[103.7581,21.0349],[103.7616,21.0378],[103.7679,21.0391],[103.7676,21.046],[103.7701,21.0522],[103.7709,21.0585],[103.7698,21.0593],[103.7691,21.0606],[103.7704,21.0609],[103.7714,21.0619],[103.7722,21.0642],[103.7742,21.0672],[103.7762,21.0682],[103.7847,21.0693],[103.7878,21.0717],[103.789,21.0718],[103.7898,21.073],[103.7938,21.0733],[103.7982,21.0771],[103.7988,21.0789],[103.8007,21.08],[103.8009,21.0827],[103.8011,21.0848],[103.8006,21.088],[103.8024,21.0893],[103.8018,21.0921],[103.8005,21.0942],[103.7986,21.0962],[103.7972,21.0968],[103.7964,21.0957],[103.793,21.0943],[103.7933,21.0957],[103.7902,21.0973],[103.7897,21.0987],[103.7873,21.1008],[103.786,21.1032],[103.784,21.1046],[103.7822,21.1068],[103.7767,21.1096],[103.7761,21.1107],[103.7752,21.111],[103.7746,21.1118],[103.7748,21.1135],[103.7733,21.1151],[103.7738,21.1169],[103.7731,21.1173],[103.7735,21.1196],[103.7733,21.1212],[103.7718,21.1231],[103.7721,21.1239],[103.7705,21.1247],[103.7704,21.1272],[103.7547,21.1357],[103.7558,21.1371],[103.7551,21.1391]]]},"properties":{"code":"04168","name":"Sông Mã","nameEn":"Song Ma","fullName":"Xã Sông Mã","fullNameEn":"Song Ma Commune","codeName":"song_ma","postalCode":"34406","postalCodePrefix":"","gisServerId":"diaphanhanhchinhcapxa_2025.1395","areaKm2":105.99},"id":"04168"},
{"type":"Feature","geometry":{"type":"Polygon","coordinates":[[[103.5616,21.2233],[103.5464,21.224],[103.5424,21.2266],[103.541,21.227],[103.5419,21.228],[103.5435,21.2281],[103.5458,21.2302],[103.5476,21.2337],[103.5475,21.2351],[103.5467,21.2363],[103.5474,21.2372],[103.5476,21.2389],[103.5441,21.241],[103.539,21.2431],[103.5319,21.2426],[103.5301,21.2432],[103.5285,21.2447],[103.5275,21.2474],[103.5261,21.2483],[103.5254,21.2512],[103.5218,21.2557],[103.5161,21.252],[103.515,21.2507],[103.5147,21.2502],[103.5158,21.2471],[103.5046,21.2504],[103.4974,21.2559],[103.4974,21.2568],[103.4979,21.257],[103.5015,21.2565],[103.5026,21.257],[103.5055,21.2563],[103.5039,21.2582],[103.4996,21.266],[103.5024,21.2673],[103.4973,21.2713],[103.4958,21.2824],[103.4936,21.2829],[103.4864,21.2787],[103.4841,21.2849],[103.4821,21.2843],[103.4729,21.2984],[103.4725,21.2993],[103.4729,21.3008],[103.4701,21.3013],[103.4599,21.3142],[103.4605,21.3147],[103.46,21.3162],[103.461,21.3198],[103.4622,21.3201],[103.464,21.3223],[103.4663,21.322],[103.4671,21.3224],[103.4687,21.3212],[103.4716,21.3205],[103.4756,21.3224],[103.4756,21.3237],[103.474,21.3267],[103.4748,21.329],[103.4746,21.3302],[103.4756,21.3309],[103.476,21.3318],[103.4762,21.3358],[103.4779,21.3346],[103.4786,21.3348],[103.4811,21.3373],[103.4825,21.3404],[103.4652,21.3517],[103.4575,21.3539],[103.4568,21.3546],[103.4557,21.3529],[103.4517,21.3521],[103.4499,21.3512],[103.4456,21.3469],[103.4438,21.3459],[103.443,21.344],[103.4413,21.3434],[103.4399,21.3418],[103.4384,21.3365],[103.4374,21.3352],[103.437,21.3334],[103.435,21.3307],[103.4348,21.3282],[103.4323,21.3247],[103.4301,21.3243],[103.4285,21.3245],[103.4242,21.3212],[103.4232,21.3191],[103.4231,21.3158],[103.4174,21.3168],[103.4196,21.3153],[103.4223,21.3115],[103.4237,21.3111],[103.4247,21.31],[103.4271,21.309],[103.43,21.3088],[103.4311,21.3083],[103.4397,21.2878],[103.4391,21.286],[103.4393,21.284],[103.4415,21.2837],[103.4407,21.279],[103.4411,21.2773],[103.4401,21.2745],[103.4381,21.2731],[103.4388,21.2703],[103.4383,21.2653],[103.439,21.2634],[103.437,21.2611],[103.4351,21.2606],[103.4339,21.258],[103.4322,21.2569],[103.4311,21.2552],[103.4311,21.2528],[103.4297,21.2526],[103.4279,21.2543],[103.4274,21.2529],[103.4266,21.2524],[103.428,21.2497],[103.4289,21.2473],[103.4287,21.2468],[103.4292,21.2468],[103.4298,21.2456],[103.4296,21.245],[103.4304,21.2429],[103.4298,21.2425],[103.4306,21.2414],[103.4304,21.2391],[103.4333,21.237],[103.4341,21.2328],[103.433,21.2292],[103.4323,21.2288],[103.4323,21.2272],[103.4329,21.2267],[103.4332,21.225],[103.4319,21.2233],[103.4327,21.2215],[103.4348,21.2194],[103.4337,21.218],[103.4345,21.2162],[103.4333,21.2156],[103.4336,21.2146],[103.4323,21.2124],[103.4329,21.2108],[103.4323,21.2095],[103.4325,21.207],[103.4321,21.2062],[103.4343,21.2048],[103.4362,21.201],[103.4374,21.1997],[103.4378,21.1979],[103.437,21.197],[103.4376,21.1961],[103.4371,21.1924],[103.438,21.1915],[103.4382,21.19],[103.4354,21.183],[103.4363,21.1779],[103.4349,21.1753],[103.4352,21.1743],[103.4344,21.1714],[103.4342,21.1681],[103.4347,21.1675],[103.4399,21.1655],[103.4417,21.1654],[103.4428,21.1659],[103.4454,21.1652],[103.4499,21.1669],[103.4516,21.1667],[103.4523,21.1689],[103.4529,21.1693],[103.4545,21.1725],[103.4572,21.1734],[103.46,21.1717],[103.4604,21.1694],[103.4625,21.1697],[103.4644,21.1683],[103.4696,21.1698],[103.4719,21.168],[103.4728,21.1666],[103.4765,21.1657],[103.4796,21.1637],[103.4837,21.1639],[103.4852,21.1647],[103.4886,21.1637],[103.4898,21.1629],[103.4943,21.1653],[103.4963,21.1655],[103.4982,21.1687],[103.5039,21.171],[103.5054,21.1725],[103.5075,21.1726],[103.509,21.1733],[103.5098,21.1749],[103.5125,21.1764],[103.5134,21.1791],[103.5144,21.1803],[103.5192,21.1817],[103.5227,21.1816],[103.5256,21.1809],[103.5274,21.1813],[103.5293,21.1803],[103.5329,21.1822],[103.5361,21.1904],[103.5371,21.1908],[103.5397,21.1905],[103.5405,21.1916],[103.5417,21.1911],[103.5437,21.1926],[103.5448,21.1944],[103.5448,21.1962],[103.5456,21.1972],[103.5457,21.1996],[103.5465,21.2005],[103.5466,21.2021],[103.5493,21.2053],[103.549,21.206],[103.5495,21.2069],[103.5511,21.2074],[103.5517,21.2082],[103.5527,21.2111],[103.5535,21.2116],[103.5539,21.2127],[103.5546,21.2124],[103.5555,21.213],[103.5575,21.2167],[103.561,21.2186],[103.5616,21.2233]]]},"properties":{"code":"04171","name":"Bó Sinh","nameEn":"Bo Sinh","fullName":"Xã Bó Sinh","fullNameEn":"Bo Sinh Commune","codeName":"bo_sinh","postalCode":"34412","postalCodePrefix":"","gisServerId":"diaphanhanhchinhcapxa_2025.1396","areaKm2":153.83},"id":"04171"},
{"type":"Feature","geometry":{"type":"Polygon","coordinates":[[[103.5998,21.1888],[103.5998,21.1905],[103.5988,21.1924],[103.5992,21.1943],[103.6005,21.1949],[103.6006,21.1963],[103.6024,21.1973],[103.6041,21.2034],[103.606,21.2051],[103.6048,21.2095],[103.6055,21.212],[103.6049,21.2157],[103.6062,21.2179],[103.6059,21.2192],[103.6065,21.2206],[103.6046,21.2226],[103.6029,21.2235],[103.6011,21.223],[103.5985,21.2233],[103.5975,21.2227],[103.5957,21.2233],[103.5938,21.2228],[103.5945,21.2236],[103.594,21.2262],[103.5914,21.2274],[103.5906,21.2283],[103.5883,21.2295],[103.5867,21.2315],[103.5848,21.2321],[103.583,21.2335],[103.5831,21.2316],[103.584,21.2315],[103.5855,21.2298],[103.5889,21.2248],[103.5875,21.2244],[103.5863,21.223],[103.5868,21.2214],[103.5855,21.2205],[103.5832,21.22],[103.5798,21.2177],[103.577,21.2166],[103.5707,21.2221],[103.5691,21.2229],[103.5616,21.2233],[103.561,21.2186],[103.5575,21.2167],[103.5555,21.213],[103.5546,21.2124],[103.5539,21.2127],[103.5535,21.2116],[103.5527,21.2111],[103.5517,21.2082],[103.5511,21.2074],[103.5495,21.2069],[103.549,21.206],[103.5493,21.2053],[103.5466,21.2021],[103.5465,21.2005],[103.5457,21.1996],[103.5456,21.1972],[103.5448,21.1962],[103.5448,21.1944],[103.5437,21.1926],[103.5417,21.1911],[103.5405,21.1916],[103.5397,21.1905],[103.5371,21.1908],[103.5361,21.1904],[103.5329,21.1822],[103.5293,21.1803],[103.5274,21.1813],[103.5256,21.1809],[103.5227,21.1816],[103.5192,21.1817],[103.5144,21.1803],[103.5134,21.1791],[103.5125,21.1764],[103.5098,21.1749],[103.509,21.1733],[103.5075,21.1726],[103.5054,21.1725],[103.5039,21.171],[103.4982,21.1687],[103.4963,21.1655],[103.4943,21.1653],[103.4898,21.1629],[103.4886,21.1637],[103.4852,21.1647],[103.4837,21.1639],[103.4796,21.1637],[103.4765,21.1657],[103.4728,21.1666],[103.4719,21.168],[103.4696,21.1698],[103.4644,21.1683],[103.4625,21.1697],[103.4604,21.1694],[103.46,21.1717],[103.4572,21.1734],[103.4545,21.1725],[103.4529,21.1693],[103.4523,21.1689],[103.4516,21.1667],[103.4499,21.1669],[103.4454,21.1652],[103.4428,21.1659],[103.4417,21.1654],[103.4399,21.1655],[103.4347,21.1675],[103.4342,21.1681],[103.433,21.1665],[103.4302,21.1643],[103.4295,21.163],[103.4279,21.1627],[103.4275,21.1617],[103.4262,21.1616],[103.4239,21.1594],[103.4186,21.1614],[103.4166,21.1632],[103.4164,21.1647],[103.4149,21.1651],[103.4146,21.1666],[103.4129,21.1649],[103.4097,21.1636],[103.4087,21.1617],[103.407,21.1608],[103.4073,21.1598],[103.4061,21.1583],[103.4063,21.1571],[103.4052,21.1564],[103.4043,21.1549],[103.4024,21.1535],[103.4011,21.1538],[103.3995,21.1528],[103.3979,21.1526],[103.3976,21.152],[103.3982,21.151],[103.3965,21.1488],[103.3967,21.1459],[103.3999,21.1448],[103.4009,21.1437],[103.4006,21.1428],[103.4016,21.1406],[103.4023,21.1397],[103.4043,21.139],[103.4035,21.1362],[103.4042,21.1361],[103.4049,21.135],[103.4046,21.1331],[103.4052,21.1316],[103.4062,21.1307],[103.4061,21.1271],[103.4078,21.1248],[103.4058,21.1218],[103.4063,21.1202],[103.4053,21.118],[103.4052,21.1166],[103.4057,21.1157],[103.4042,21.1115],[103.4054,21.1105],[103.4055,21.1091],[103.4071,21.1082],[103.4085,21.1062],[103.4093,21.1061],[103.4098,21.1034],[103.4126,21.1009],[103.4123,21.1003],[103.4131,21.0981],[103.4121,21.0957],[103.4131,21.0928],[103.4139,21.0921],[103.414,21.0908],[103.413,21.089],[103.4154,21.0888],[103.4151,21.0871],[103.4158,21.0866],[103.4157,21.0858],[103.419,21.0843],[103.4199,21.0827],[103.4214,21.0816],[103.4219,21.0799],[103.4211,21.0752],[103.4244,21.0702],[103.4237,21.0673],[103.4266,21.0665],[103.4278,21.0655],[103.4358,21.0618],[103.4318,21.0596],[103.4313,21.058],[103.4289,21.0545],[103.429,21.0527],[103.4331,21.0481],[103.4349,21.0481],[103.4372,21.0466],[103.4422,21.0471],[103.443,21.0466],[103.4449,21.0466],[103.4488,21.0469],[103.4518,21.0487],[103.4526,21.0482],[103.4575,21.0482],[103.4595,21.0469],[103.4613,21.0494],[103.4621,21.0496],[103.4656,21.0529],[103.4641,21.0535],[103.4638,21.0545],[103.4647,21.0565],[103.4648,21.0586],[103.4672,21.0629],[103.4718,21.0636],[103.4734,21.0631],[103.4737,21.0635],[103.4748,21.0631],[103.4774,21.0637],[103.4791,21.0634],[103.48,21.064],[103.4812,21.0667],[103.483,21.0685],[103.49,21.0677],[103.4918,21.0679],[103.4983,21.0736],[103.5012,21.0775],[103.4981,21.0806],[103.5002,21.0814],[103.5012,21.0829],[103.5026,21.0829],[103.5032,21.084],[103.5041,21.0842],[103.5045,21.0896],[103.5019,21.0927],[103.5008,21.0972],[103.4991,21.0988],[103.4988,21.1002],[103.4974,21.1019],[103.4978,21.1034],[103.4988,21.104],[103.4992,21.1057],[103.5,21.1065],[103.4989,21.1072],[103.4979,21.109],[103.4982,21.1123],[103.5016,21.1147],[103.5015,21.1158],[103.5023,21.1171],[103.5021,21.1183],[103.5028,21.1193],[103.5031,21.121],[103.505,21.1219],[103.5053,21.1229],[103.5076,21.1245],[103.5106,21.1257],[103.511,21.1292],[103.5123,21.1293],[103.5148,21.1318],[103.5158,21.131],[103.5185,21.1316],[103.5216,21.1309],[103.524,21.132],[103.5262,21.135],[103.5261,21.1367],[103.5282,21.1383],[103.5283,21.14],[103.5313,21.1424],[103.5313,21.1442],[103.5324,21.1445],[103.5346,21.147],[103.5354,21.1472],[103.5369,21.1465],[103.5382,21.1482],[103.5421,21.1491],[103.544,21.1507],[103.5467,21.1505],[103.5501,21.1531],[103.5518,21.1536],[103.5533,21.1535],[103.5555,21.1559],[103.5572,21.1551],[103.5599,21.1555],[103.5623,21.1564],[103.5628,21.1571],[103.563,21.1607],[103.565,21.1639],[103.5676,21.165],[103.5679,21.1665],[103.57,21.169],[103.569,21.1703],[103.5703,21.1715],[103.5706,21.173],[103.5729,21.1738],[103.5747,21.1772],[103.5794,21.1789],[103.5805,21.1814],[103.5835,21.1813],[103.5852,21.1821],[103.59,21.1822],[103.5919,21.1836],[103.5944,21.1835],[103.5998,21.1888]]]},"properties":{"code":"04183","name":"Mường Lầm","nameEn":"Muong Lam","fullName":"Xã Mường Lầm","fullNameEn":"Muong Lam Commune","codeName":"muong_lam","postalCode":"34411","postalCodePrefix":"","gisServerId":"diaphanhanhchinhcapxa_2025.1397","areaKm2":167.1},"id":"04183"},
{"type":"Feature","geometry":{"type":"Polygon","coordinates":[[[103.6282,21.2964],[103.6239,21.2956],[103.6191,21.2978],[103.6153,21.301],[103.6136,21.3016],[103.6106,21.3016],[103.6099,21.301],[103.6086,21.301],[103.6058,21.3026],[103.6054,21.3042],[103.604,21.3058],[103.6019,21.3068],[103.6007,21.3079],[103.5992,21.311],[103.5959,21.3107],[103.5913,21.3121],[103.5917,21.3077],[103.5906,21.3033],[103.588,21.2998],[103.5845,21.2984],[103.5827,21.2982],[103.5821,21.296],[103.5823,21.2949],[103.5813,21.2928],[103.5815,21.289],[103.5777,21.291],[103.5755,21.2848],[103.5729,21.2824],[103.5725,21.2814],[103.5685,21.2813],[103.5658,21.2825],[103.5637,21.2815],[103.5631,21.2823],[103.5629,21.2846],[103.5621,21.286],[103.5616,21.2864],[103.5607,21.2858],[103.5606,21.2867],[103.5592,21.2874],[103.5584,21.289],[103.5574,21.2892],[103.5554,21.2913],[103.5533,21.2922],[103.5465,21.2858],[103.5492,21.2854],[103.55,21.2836],[103.552,21.2827],[103.5537,21.2802],[103.5607,21.2743],[103.5609,21.2735],[103.5598,21.2715],[103.5601,21.2702],[103.5553,21.2661],[103.5538,21.2631],[103.5583,21.2613],[103.5562,21.2565],[103.5599,21.2558],[103.5618,21.2547],[103.5643,21.2508],[103.5703,21.2469],[103.5708,21.2459],[103.5705,21.2444],[103.5721,21.2432],[103.5737,21.2426],[103.5774,21.2423],[103.58,21.243],[103.5823,21.242],[103.5826,21.2414],[103.5816,21.2391],[103.5836,21.2369],[103.583,21.2335],[103.5848,21.2321],[103.5867,21.2315],[103.5883,21.2295],[103.5906,21.2283],[103.5914,21.2274],[103.594,21.2262],[103.5945,21.2236],[103.5938,21.2228],[103.5957,21.2233],[103.5975,21.2227],[103.5985,21.2233],[103.6011,21.223],[103.6029,21.2235],[103.6046,21.2226],[103.6065,21.2206],[103.6059,21.2192],[103.6062,21.2179],[103.6049,21.2157],[103.6055,21.212],[103.6048,21.2095],[103.606,21.2051],[103.6041,21.2034],[103.6024,21.1973],[103.6006,21.1963],[103.6005,21.1949],[103.5992,21.1943],[103.5988,21.1924],[103.5998,21.1905],[103.5998,21.1888],[103.6014,21.1873],[103.6028,21.1871],[103.6045,21.1859],[103.6073,21.1855],[103.6082,21.1829],[103.6095,21.1816],[103.6109,21.1787],[103.6114,21.176],[103.6199,21.172],[103.6241,21.1718],[103.6279,21.17],[103.6324,21.1664],[103.6369,21.1622],[103.6391,21.1581],[103.6387,21.1563],[103.6414,21.1562],[103.6442,21.1545],[103.6469,21.1573],[103.6491,21.1583],[103.6516,21.1575],[103.6531,21.1579],[103.6544,21.157],[103.6586,21.1571],[103.6625,21.1551],[103.6639,21.1556],[103.6659,21.1549],[103.6673,21.154],[103.6676,21.153],[103.6722,21.1521],[103.6737,21.1526],[103.6762,21.1512],[103.6784,21.1521],[103.6816,21.1509],[103.6884,21.1519],[103.6903,21.1511],[103.6904,21.1502],[103.6925,21.1494],[103.6945,21.1465],[103.6956,21.1465],[103.698,21.1452],[103.6999,21.1451],[103.7011,21.1436],[103.7089,21.1407],[103.7106,21.1394],[103.7114,21.1381],[103.7148,21.1374],[103.7183,21.1356],[103.7197,21.1359],[103.7228,21.1352],[103.7249,21.1359],[103.7271,21.1346],[103.7308,21.1347],[103.7318,21.1373],[103.7337,21.1395],[103.7386,21.1414],[103.7409,21.144],[103.7443,21.1418],[103.7471,21.1424],[103.7486,21.142],[103.7497,21.1411],[103.75,21.1395],[103.7551,21.1391],[103.7549,21.1404],[103.7556,21.1412],[103.7529,21.1428],[103.7512,21.1448],[103.751,21.1475],[103.7514,21.1488],[103.7504,21.1513],[103.7488,21.1525],[103.7479,21.1567],[103.7471,21.158],[103.7453,21.1588],[103.7415,21.1628],[103.7391,21.164],[103.7361,21.1668],[103.7306,21.1695],[103.7257,21.1708],[103.7244,21.1724],[103.7208,21.1743],[103.7146,21.1758],[103.7083,21.1814],[103.7064,21.1801],[103.7029,21.1811],[103.7014,21.1806],[103.7001,21.1827],[103.6966,21.1846],[103.6976,21.1859],[103.6975,21.1879],[103.6981,21.1889],[103.6967,21.1945],[103.6981,21.1968],[103.699,21.1971],[103.6993,21.1979],[103.701,21.1989],[103.702,21.2003],[103.7033,21.2],[103.7043,21.2018],[103.7062,21.2009],[103.707,21.2016],[103.7069,21.2031],[103.7119,21.2046],[103.7135,21.2076],[103.7147,21.2079],[103.7157,21.2095],[103.7177,21.2104],[103.7168,21.2118],[103.7174,21.2125],[103.7179,21.215],[103.719,21.2158],[103.7187,21.2178],[103.7199,21.2192],[103.719,21.2239],[103.7205,21.228],[103.7235,21.229],[103.725,21.2303],[103.7261,21.2301],[103.7308,21.2334],[103.7324,21.2353],[103.734,21.2354],[103.7346,21.2373],[103.7357,21.2382],[103.7365,21.2399],[103.7364,21.2419],[103.7371,21.244],[103.7366,21.2455],[103.7376,21.2461],[103.7383,21.2476],[103.7378,21.2492],[103.7408,21.2506],[103.744,21.2534],[103.744,21.2559],[103.7469,21.2558],[103.7468,21.258],[103.7473,21.2582],[103.7445,21.2612],[103.7424,21.2616],[103.7406,21.2632],[103.7397,21.2632],[103.7382,21.264],[103.7342,21.2637],[103.7327,21.2648],[103.7314,21.2651],[103.7263,21.2644],[103.7224,21.2609],[103.7191,21.2599],[103.7168,21.2579],[103.7135,21.2602],[103.7111,21.2609],[103.7083,21.2594],[103.7046,21.2604],[103.6988,21.2592],[103.692,21.2598],[103.6891,21.2613],[103.6863,21.2617],[103.6841,21.2627],[103.6808,21.2619],[103.6785,21.2621],[103.6727,21.2665],[103.6655,21.2669],[103.6649,21.2676],[103.6624,21.2679],[103.661,21.2704],[103.6604,21.274],[103.6577,21.2775],[103.6558,21.2819],[103.6515,21.2842],[103.6443,21.2872],[103.6404,21.29],[103.6371,21.2897],[103.6336,21.2929],[103.6318,21.2934],[103.6299,21.296],[103.6282,21.2964]]]},"properties":{"code":"04186","name":"Nậm Ty","nameEn":"Nam Ty","fullName":"Xã Nậm Ty","fullNameEn":"Nam Ty Commune","codeName":"nam_ty","postalCode":"34409","postalCodePrefix":"","gisServerId":"diaphanhanhchinhcapxa_2025.1398","areaKm2":201.89},"id":"04186"},
{"type":"Feature","geometry":{"type":"Polygon","coordinates":[[[103.6956,21.1465],[103.6945,21.1465],[103.6925,21.1494],[103.6904,21.1502],[103.6903,21.1511],[103.6884,21.1519],[103.6816,21.1509],[103.6784,21.1521],[103.6762,21.1512],[103.6737,21.1526],[103.6722,21.1521],[103.6676,21.153],[103.6673,21.154],[103.6659,21.1549],[103.6639,21.1556],[103.6625,21.1551],[103.6586,21.1571],[103.6544,21.157],[103.6531,21.1579],[103.6516,21.1575],[103.6491,21.1583],[103.6469,21.1573],[103.6442,21.1545],[103.6414,21.1562],[103.6387,21.1563],[103.6391,21.1581],[103.6369,21.1622],[103.6324,21.1664],[103.6279,21.17],[103.6241,21.1718],[103.6199,21.172],[103.6114,21.176],[103.6109,21.1787],[103.6095,21.1816],[103.6082,21.1829],[103.6073,21.1855],[103.6045,21.1859],[103.6028,21.1871],[103.6014,21.1873],[103.5998,21.1888],[103.5944,21.1835],[103.5919,21.1836],[103.59,21.1822],[103.5852,21.1821],[103.5835,21.1813],[103.5805,21.1814],[103.5794,21.1789],[103.5747,21.1772],[103.5729,21.1738],[103.5706,21.173],[103.5703,21.1715],[103.569,21.1703],[103.57,21.169],[103.5679,21.1665],[103.5676,21.165],[103.565,21.1639],[103.563,21.1607],[103.5628,21.1571],[103.5623,21.1564],[103.5599,21.1555],[103.5572,21.1551],[103.5555,21.1559],[103.5533,21.1535],[103.5518,21.1536],[103.5501,21.1531],[103.5467,21.1505],[103.544,21.1507],[103.5421,21.1491],[103.5382,21.1482],[103.5369,21.1465],[103.5354,21.1472],[103.5346,21.147],[103.5324,21.1445],[103.5313,21.1442],[103.5313,21.1424],[103.5283,21.14],[103.5282,21.1383],[103.5261,21.1367],[103.5262,21.135],[103.524,21.132],[103.5216,21.1309],[103.5185,21.1316],[103.5158,21.131],[103.5148,21.1318],[103.5123,21.1293],[103.511,21.1292],[103.5106,21.1257],[103.5076,21.1245],[103.5053,21.1229],[103.505,21.1219],[103.5031,21.121],[103.5028,21.1193],[103.5021,21.1183],[103.5023,21.1171],[103.5015,21.1158],[103.5016,21.1147],[103.4982,21.1123],[103.4979,21.109],[103.4989,21.1072],[103.5,21.1065],[103.4992,21.1057],[103.4988,21.104],[103.4978,21.1034],[103.4974,21.1019],[103.4988,21.1002],[103.4991,21.0988],[103.5008,21.0972],[103.5019,21.0927],[103.5045,21.0896],[103.5041,21.0842],[103.5032,21.084],[103.5026,21.0829],[103.5012,21.0829],[103.5002,21.0814],[103.4981,21.0806],[103.5012,21.0775],[103.5074,21.0751],[103.5072,21.0757],[103.5089,21.0764],[103.5149,21.0776],[103.5153,21.0791],[103.5226,21.0795],[103.5242,21.0801],[103.5254,21.0825],[103.5257,21.0858],[103.5262,21.0861],[103.5273,21.0857],[103.5295,21.0864],[103.5301,21.0877],[103.5321,21.0885],[103.5325,21.091],[103.5335,21.0921],[103.5344,21.0944],[103.5342,21.0959],[103.5384,21.0976],[103.5399,21.0976],[103.5416,21.097],[103.5449,21.0972],[103.5479,21.0981],[103.5489,21.0994],[103.5504,21.0992],[103.5509,21.0998],[103.5531,21.1001],[103.5542,21.0994],[103.558,21.1012],[103.5631,21.1015],[103.5675,21.1032],[103.5698,21.1034],[103.5714,21.1023],[103.5756,21.1023],[103.579,21.1038],[103.5796,21.1054],[103.5808,21.1057],[103.5812,21.1065],[103.5868,21.1089],[103.5919,21.1061],[103.5954,21.107],[103.597,21.1069],[103.5988,21.1081],[103.6053,21.1073],[103.6059,21.1069],[103.6061,21.1046],[103.6076,21.1027],[103.6095,21.1023],[103.6103,21.1027],[103.611,21.1019],[103.6145,21.1012],[103.6164,21.1014],[103.6174,21.1008],[103.6173,21.1],[103.6192,21.0975],[103.6184,21.0968],[103.6181,21.0953],[103.6179,21.0913],[103.6169,21.088],[103.6169,21.0861],[103.6146,21.0832],[103.616,21.0817],[103.6195,21.0816],[103.6213,21.0784],[103.623,21.0781],[103.625,21.0769],[103.627,21.0774],[103.6288,21.0769],[103.6303,21.0772],[103.6339,21.0802],[103.6368,21.0803],[103.6397,21.0821],[103.6421,21.0828],[103.6476,21.0827],[103.65,21.0819],[103.6519,21.0834],[103.6555,21.0824],[103.6596,21.083],[103.6617,21.0825],[103.6654,21.0826],[103.6668,21.0817],[103.6694,21.082],[103.6689,21.0851],[103.6701,21.0871],[103.6698,21.0883],[103.6714,21.0937],[103.6712,21.0947],[103.6719,21.0955],[103.6716,21.0967],[103.6729,21.0992],[103.6746,21.0994],[103.6761,21.105],[103.6806,21.1092],[103.6808,21.112],[103.6796,21.1147],[103.6798,21.1155],[103.6826,21.1162],[103.6817,21.1361],[103.6844,21.1366],[103.687,21.1399],[103.6882,21.1407],[103.6902,21.1413],[103.6924,21.1409],[103.6947,21.1413],[103.6949,21.1423],[103.6959,21.1429],[103.6962,21.1441],[103.6956,21.1465]]]},"properties":{"code":"04195","name":"Chiềng Sơ","nameEn":"Chieng So","fullName":"Xã Chiềng Sơ","fullNameEn":"Chieng So Commune","codeName":"chieng_so","postalCode":"34417","postalCodePrefix":"","gisServerId":"diaphanhanhchinhcapxa_2025.1399","areaKm2":140.31},"id":"04195"},
{"type":"Feature","geometry":{"type":"Polygon","coordinates":[[[103.8612,21.0567],[103.8588,21.0573],[103.8564,21.0592],[103.8563,21.0609],[103.8552,21.0614],[103.8538,21.0632],[103.852,21.0629],[103.8502,21.0633],[103.8479,21.0626],[103.8465,21.063],[103.8444,21.0654],[103.8431,21.0658],[103.8429,21.0673],[103.8387,21.0685],[103.8373,21.0699],[103.8368,21.0712],[103.8369,21.0723],[103.8357,21.0741],[103.8346,21.0722],[103.8316,21.0717],[103.8297,21.0703],[103.8246,21.0724],[103.82,21.0737],[103.8182,21.0735],[103.8137,21.0752],[103.812,21.0751],[103.8097,21.0742],[103.8088,21.0755],[103.8066,21.0763],[103.804,21.0781],[103.8009,21.0827],[103.8007,21.08],[103.7988,21.0789],[103.7982,21.0771],[103.7938,21.0733],[103.7898,21.073],[103.789,21.0718],[103.7878,21.0717],[103.7847,21.0693],[103.7762,21.0682],[103.7742,21.0672],[103.7722,21.0642],[103.7714,21.0619],[103.7704,21.0609],[103.7691,21.0606],[103.7698,21.0593],[103.7709,21.0585],[103.7701,21.0522],[103.7676,21.046],[103.7679,21.0391],[103.7616,21.0378],[103.7581,21.0349],[103.7571,21.0315],[103.7579,21.0294],[103.7567,21.0283],[103.7571,21.0251],[103.758,21.0244],[103.7572,21.0225],[103.7574,21.0217],[103.7578,21.021],[103.7592,21.0202],[103.7589,21.0168],[103.7569,21.0147],[103.7575,21.0124],[103.7563,21.0097],[103.7537,21.0088],[103.7522,21.0063],[103.7518,21.005],[103.7521,21.0032],[103.7537,21.0006],[103.7516,20.9985],[103.7518,20.9953],[103.7474,20.9912],[103.743,20.99],[103.7411,20.9877],[103.7411,20.9869],[103.7424,20.985],[103.7419,20.984],[103.7405,20.9836],[103.741,20.9834],[103.742,20.9807],[103.7416,20.9784],[103.7422,20.9761],[103.7416,20.9751],[103.7415,20.9729],[103.7392,20.9713],[103.7381,20.9712],[103.7372,20.972],[103.7354,20.9719],[103.7292,20.9736],[103.7268,20.9759],[103.7255,20.976],[103.724,20.9772],[103.7226,20.9773],[103.7195,20.9758],[103.7186,20.9751],[103.7188,20.9745],[103.7178,20.9738],[103.7166,20.9741],[103.7156,20.9722],[103.7105,20.9716],[103.709,20.9704],[103.7079,20.9707],[103.7054,20.9702],[103.7041,20.9708],[103.7008,20.9706],[103.6992,20.9717],[103.698,20.9688],[103.6955,20.968],[103.6945,20.965],[103.6914,20.9622],[103.6912,20.9585],[103.69,20.9578],[103.6878,20.9575],[103.6864,20.9581],[103.6853,20.9574],[103.6849,20.9578],[103.6841,20.9575],[103.6805,20.9594],[103.6787,20.9612],[103.6769,20.9607],[103.6747,20.959],[103.6738,20.9574],[103.6719,20.9586],[103.6715,20.9596],[103.6701,20.9599],[103.6692,20.959],[103.668,20.959],[103.6668,20.9582],[103.667,20.9576],[103.6655,20.9573],[103.6654,20.9553],[103.6606,20.9542],[103.6595,20.9532],[103.6585,20.9532],[103.6574,20.9525],[103.6563,20.951],[103.6561,20.9475],[103.6551,20.9465],[103.6559,20.9454],[103.6573,20.9453],[103.6584,20.9436],[103.6607,20.942],[103.6634,20.9412],[103.6645,20.9397],[103.6657,20.9392],[103.666,20.938],[103.6679,20.9373],[103.6707,20.933],[103.6688,20.9325],[103.6711,20.9288],[103.6713,20.9274],[103.6725,20.9271],[103.6766,20.9232],[103.6795,20.9219],[103.6806,20.9204],[103.6821,20.9202],[103.6834,20.9179],[103.6851,20.917],[103.6846,20.9142],[103.6855,20.9127],[103.6851,20.9118],[103.686,20.9111],[103.6858,20.9105],[103.6865,20.9093],[103.6854,20.9073],[103.6883,20.9059],[103.6896,20.9024],[103.6906,20.9015],[103.6934,20.9002],[103.6961,20.8971],[103.6981,20.8971],[103.6995,20.8936],[103.7008,20.8938],[103.7018,20.8926],[103.703,20.8922],[103.7026,20.8901],[103.7004,20.8895],[103.7012,20.888],[103.7031,20.8883],[103.7039,20.8868],[103.7037,20.8856],[103.7022,20.8855],[103.7007,20.8845],[103.7017,20.8822],[103.7017,20.8808],[103.7081,20.8764],[103.7094,20.8738],[103.7099,20.8728],[103.712,20.8717],[103.7127,20.8701],[103.7152,20.8684],[103.7176,20.867],[103.7197,20.8677],[103.7215,20.867],[103.7219,20.866],[103.7267,20.8637],[103.7289,20.8619],[103.7315,20.8575],[103.7315,20.8562],[103.7332,20.8546],[103.7343,20.8544],[103.7359,20.8532],[103.7372,20.8533],[103.7423,20.8505],[103.7431,20.8512],[103.7457,20.8521],[103.746,20.8555],[103.7478,20.8567],[103.748,20.8563],[103.7484,20.8565],[103.7481,20.8578],[103.7495,20.8574],[103.75,20.8583],[103.7507,20.8575],[103.7509,20.858],[103.7515,20.8578],[103.7515,20.8585],[103.7527,20.8589],[103.7537,20.8564],[103.7536,20.8558],[103.753,20.8558],[103.7534,20.8536],[103.754,20.8539],[103.7551,20.8533],[103.757,20.8537],[103.7572,20.8531],[103.7587,20.8534],[103.759,20.8529],[103.7581,20.8526],[103.7584,20.8518],[103.7608,20.8515],[103.7616,20.8508],[103.7637,20.8505],[103.7644,20.8513],[103.7653,20.8505],[103.7667,20.8508],[103.767,20.8514],[103.7682,20.8516],[103.7686,20.8525],[103.7697,20.8528],[103.7703,20.8544],[103.7732,20.8538],[103.7772,20.8543],[103.7798,20.8551],[103.7834,20.855],[103.7855,20.8545],[103.7863,20.8526],[103.7883,20.8523],[103.7902,20.8504],[103.7917,20.8509],[103.7966,20.85],[103.7971,20.8492],[103.8004,20.847],[103.8008,20.8487],[103.7998,20.8502],[103.8003,20.8513],[103.8025,20.8525],[103.8029,20.8536],[103.8064,20.8528],[103.8094,20.8529],[103.8115,20.8537],[103.8096,20.8578],[103.8117,20.8592],[103.8105,20.8622],[103.8092,20.8636],[103.8092,20.8661],[103.807,20.8668],[103.8039,20.8668],[103.8018,20.8693],[103.7999,20.8705],[103.7989,20.8731],[103.7987,20.874],[103.7994,20.8754],[103.7989,20.877],[103.7998,20.8786],[103.7996,20.8818],[103.8012,20.8849],[103.798,20.8867],[103.7936,20.8918],[103.7933,20.8939],[103.7915,20.8963],[103.7902,20.8979],[103.7868,20.9],[103.7868,20.9022],[103.785,20.9049],[103.7883,20.9096],[103.7878,20.9115],[103.7881,20.9125],[103.7874,20.9136],[103.7886,20.916],[103.788,20.9174],[103.7883,20.9186],[103.7893,20.9202],[103.7917,20.9206],[103.7952,20.9223],[103.7961,20.9221],[103.7983,20.9235],[103.8016,20.9227],[103.8049,20.9241],[103.8065,20.924],[103.8073,20.9275],[103.8059,20.9288],[103.8063,20.9305],[103.808,20.9323],[103.8077,20.9343],[103.8102,20.9361],[103.8133,20.9371],[103.8128,20.9404],[103.8105,20.944],[103.8096,20.9446],[103.8127,20.9473],[103.8134,20.9499],[103.8149,20.9505],[103.817,20.9555],[103.815,20.959],[103.8137,20.9602],[103.8148,20.964],[103.8124,20.9685],[103.8111,20.9691],[103.813,20.9736],[103.8154,20.9739],[103.8167,20.9748],[103.8179,20.9745],[103.8178,20.9767],[103.8162,20.977],[103.8165,20.9782],[103.8191,20.9791],[103.8194,20.9784],[103.8199,20.9786],[103.8181,20.981],[103.8156,20.9795],[103.8151,20.982],[103.8177,20.9866],[103.8197,20.9886],[103.8228,20.9893],[103.8302,20.995],[103.8313,20.9951],[103.833,20.9942],[103.8359,20.9956],[103.838,20.9982],[103.8396,20.9987],[103.8431,21.0009],[103.8428,21.0056],[103.8419,21.0078],[103.8433,21.0113],[103.8437,21.0147],[103.8434,21.0173],[103.8437,21.019],[103.8431,21.0208],[103.8434,21.0218],[103.8449,21.024],[103.8497,21.0263],[103.8547,21.0241],[103.8584,21.0276],[103.8576,21.0292],[103.8589,21.0342],[103.8582,21.0368],[103.8592,21.0383],[103.8605,21.0388],[103.8615,21.04],[103.8617,21.0415],[103.8627,21.0428],[103.8633,21.0476],[103.864,21.0487],[103.8635,21.0523],[103.8612,21.0567]]]},"properties":{"code":"04204","name":"Chiềng Khoong","nameEn":"Chieng Khoong","fullName":"Xã Chiềng Khoong","fullNameEn":"Chieng Khoong Commune","codeName":"chieng_khoong","postalCode":"34407","postalCodePrefix":"","gisServerId":"diaphanhanhchinhcapxa_2025.1400","areaKm2":253.87},"id":"04204"},
{"type":"Feature","geometry":{"type":"Polygon","coordinates":[[[103.6694,21.082],[103.6668,21.0817],[103.6654,21.0826],[103.6617,21.0825],[103.6596,21.083],[103.6555,21.0824],[103.6519,21.0834],[103.65,21.0819],[103.6476,21.0827],[103.6421,21.0828],[103.6397,21.0821],[103.6368,21.0803],[103.6339,21.0802],[103.6303,21.0772],[103.6288,21.0769],[103.627,21.0774],[103.625,21.0769],[103.623,21.0781],[103.6213,21.0784],[103.6195,21.0816],[103.616,21.0817],[103.6146,21.0832],[103.6169,21.0861],[103.6169,21.088],[103.6179,21.0913],[103.6181,21.0953],[103.6184,21.0968],[103.6192,21.0975],[103.6173,21.1],[103.6174,21.1008],[103.6164,21.1014],[103.6145,21.1012],[103.611,21.1019],[103.6103,21.1027],[103.6095,21.1023],[103.6076,21.1027],[103.6061,21.1046],[103.6059,21.1069],[103.6053,21.1073],[103.5988,21.1081],[103.597,21.1069],[103.5954,21.107],[103.5919,21.1061],[103.5868,21.1089],[103.5812,21.1065],[103.5808,21.1057],[103.5796,21.1054],[103.579,21.1038],[103.5756,21.1023],[103.5714,21.1023],[103.5698,21.1034],[103.5675,21.1032],[103.5631,21.1015],[103.558,21.1012],[103.5542,21.0994],[103.5531,21.1001],[103.5509,21.0998],[103.5504,21.0992],[103.5489,21.0994],[103.5479,21.0981],[103.5449,21.0972],[103.5416,21.097],[103.5399,21.0976],[103.5384,21.0976],[103.5342,21.0959],[103.5344,21.0944],[103.5335,21.0921],[103.5325,21.091],[103.5321,21.0885],[103.5301,21.0877],[103.5295,21.0864],[103.5273,21.0857],[103.5262,21.0861],[103.5257,21.0858],[103.5254,21.0825],[103.5242,21.0801],[103.5226,21.0795],[103.5153,21.0791],[103.5149,21.0776],[103.5089,21.0764],[103.5072,21.0757],[103.5074,21.0751],[103.5012,21.0775],[103.4983,21.0736],[103.4918,21.0679],[103.4926,21.0674],[103.4931,21.0644],[103.4943,21.0634],[103.4943,21.0623],[103.4954,21.0608],[103.495,21.0585],[103.4963,21.0571],[103.4986,21.0568],[103.499,21.0562],[103.5003,21.0565],[103.5001,21.0543],[103.5021,21.0534],[103.5057,21.0528],[103.5063,21.0517],[103.5082,21.0505],[103.5085,21.0514],[103.5108,21.0524],[103.5121,21.0506],[103.5132,21.0503],[103.5142,21.0487],[103.5148,21.049],[103.5153,21.0485],[103.5154,21.0476],[103.5181,21.044],[103.5192,21.0436],[103.5211,21.0413],[103.5226,21.0408],[103.5237,21.0391],[103.5239,21.0377],[103.5258,21.0353],[103.5267,21.0359],[103.5276,21.0357],[103.5307,21.0332],[103.5326,21.0347],[103.5338,21.0346],[103.5345,21.0334],[103.5378,21.0317],[103.5419,21.0319],[103.5435,21.0328],[103.5439,21.0317],[103.5455,21.0304],[103.5457,21.0297],[103.5449,21.0294],[103.5449,21.0287],[103.5463,21.0281],[103.5477,21.0252],[103.5484,21.0253],[103.5489,21.0238],[103.5507,21.022],[103.5534,21.0215],[103.5553,21.0203],[103.5571,21.0205],[103.5613,21.0191],[103.5626,21.0192],[103.5633,21.0186],[103.5649,21.0188],[103.5655,21.0194],[103.5678,21.0188],[103.57,21.0173],[103.5723,21.0145],[103.5732,21.0123],[103.5763,21.0106],[103.5775,21.0089],[103.5775,21.0077],[103.5784,21.007],[103.5792,21.0072],[103.5827,21.0056],[103.5844,21.0054],[103.5869,21.004],[103.5885,21.0044],[103.5888,21.0031],[103.59,21.0022],[103.592,21.0022],[103.593,21.0011],[103.5946,21.0013],[103.6005,20.9987],[103.602,20.998],[103.6029,20.9968],[103.6086,20.9925],[103.6092,20.9931],[103.6106,20.9932],[103.6118,20.9924],[103.6129,20.9932],[103.6176,20.993],[103.6191,20.9942],[103.6211,20.9947],[103.6219,20.9946],[103.6248,20.9923],[103.6283,20.9912],[103.6307,20.99],[103.6364,20.9902],[103.639,20.9915],[103.6427,20.9914],[103.6483,20.9904],[103.6516,20.9887],[103.6538,20.9887],[103.657,20.9896],[103.6592,20.9889],[103.6626,20.9859],[103.664,20.9838],[103.6641,20.9804],[103.663,20.9796],[103.6632,20.978],[103.6652,20.9759],[103.6643,20.9744],[103.6653,20.9733],[103.6647,20.9705],[103.6682,20.9672],[103.6674,20.9641],[103.6675,20.9625],[103.6666,20.9614],[103.6678,20.9606],[103.668,20.959],[103.6692,20.959],[103.6701,20.9599],[103.6715,20.9596],[103.6719,20.9586],[103.6738,20.9574],[103.6747,20.959],[103.6769,20.9607],[103.6787,20.9612],[103.6805,20.9594],[103.6841,20.9575],[103.6849,20.9578],[103.6853,20.9574],[103.6864,20.9581],[103.6878,20.9575],[103.69,20.9578],[103.6912,20.9585],[103.6914,20.9622],[103.6945,20.965],[103.6955,20.968],[103.698,20.9688],[103.6992,20.9717],[103.7008,20.9706],[103.7041,20.9708],[103.7054,20.9702],[103.7079,20.9707],[103.709,20.9704],[103.7105,20.9716],[103.7156,20.9722],[103.7166,20.9741],[103.7178,20.9738],[103.7188,20.9745],[103.7186,20.9751],[103.7195,20.9758],[103.7226,20.9773],[103.724,20.9772],[103.7255,20.976],[103.7268,20.9759],[103.7292,20.9736],[103.7354,20.9719],[103.7372,20.972],[103.7381,20.9712],[103.7392,20.9713],[103.7415,20.9729],[103.7416,20.9751],[103.7422,20.9761],[103.7416,20.9784],[103.742,20.9807],[103.741,20.9834],[103.7405,20.9836],[103.7419,20.984],[103.7424,20.985],[103.7411,20.9869],[103.7411,20.9877],[103.743,20.99],[103.7474,20.9912],[103.7518,20.9953],[103.7516,20.9985],[103.7537,21.0006],[103.7521,21.0032],[103.7518,21.005],[103.7522,21.0063],[103.7537,21.0088],[103.7563,21.0097],[103.7575,21.0124],[103.7569,21.0147],[103.7589,21.0168],[103.7592,21.0202],[103.7578,21.021],[103.7574,21.0217],[103.7572,21.0225],[103.758,21.0244],[103.7571,21.0251],[103.7567,21.0283],[103.7579,21.0294],[103.7571,21.0315],[103.7581,21.0349],[103.757,21.0342],[103.7552,21.0339],[103.753,21.0349],[103.7499,21.0376],[103.7452,21.0403],[103.7446,21.0399],[103.7441,21.0404],[103.7433,21.0401],[103.7425,21.0406],[103.7421,21.0398],[103.7405,21.0394],[103.7398,21.0382],[103.7369,21.0375],[103.7346,21.0376],[103.733,21.0382],[103.7325,21.0396],[103.7288,21.0415],[103.728,21.0425],[103.7279,21.0437],[103.7266,21.046],[103.7234,21.048],[103.7205,21.048],[103.7169,21.047],[103.7149,21.0481],[103.7139,21.0498],[103.7139,21.0508],[103.713,21.0503],[103.7074,21.0502],[103.7077,21.0512],[103.7069,21.0528],[103.7062,21.0583],[103.7007,21.064],[103.698,21.0643],[103.695,21.0669],[103.6904,21.0685],[103.6884,21.0681],[103.6865,21.0689],[103.6846,21.071],[103.6837,21.0757],[103.6812,21.0794],[103.6791,21.0792],[103.6779,21.0781],[103.6757,21.0783],[103.6747,21.0788],[103.6741,21.0798],[103.6729,21.0795],[103.6719,21.0798],[103.6694,21.082]]]},"properties":{"code":"04210","name":"Huổi Một","nameEn":"Huoi Mot","fullName":"Xã Huổi Một","fullNameEn":"Huoi Mot Commune","codeName":"huoi_mot","postalCode":"34419","postalCodePrefix":"","gisServerId":"diaphanhanhchinhcapxa_2025.1401","areaKm2":240.66},"id":"04210"},
{"type":"Feature","geometry":{"type":"Polygon","coordinates":[[[103.9051,21.0525],[103.9048,21.0519],[103.9033,21.0511],[103.9028,21.05],[103.9031,21.0489],[103.9024,21.0489],[103.8976,21.0522],[103.8971,21.0531],[103.8959,21.053],[103.8884,21.0558],[103.8921,21.0577],[103.8908,21.0588],[103.8902,21.0586],[103.8892,21.0594],[103.8894,21.0606],[103.8886,21.0618],[103.8872,21.0625],[103.8873,21.0631],[103.8738,21.0586],[103.8729,21.059],[103.8715,21.0584],[103.8699,21.06],[103.8684,21.0601],[103.867,21.0587],[103.8626,21.0581],[103.8612,21.0567],[103.8635,21.0523],[103.864,21.0487],[103.8633,21.0476],[103.8627,21.0428],[103.8617,21.0415],[103.8615,21.04],[103.8605,21.0388],[103.8592,21.0383],[103.8582,21.0368],[103.8589,21.0342],[103.8576,21.0292],[103.8584,21.0276],[103.8547,21.0241],[103.8497,21.0263],[103.8449,21.024],[103.8434,21.0218],[103.8431,21.0208],[103.8437,21.019],[103.8434,21.0173],[103.8437,21.0147],[103.8433,21.0113],[103.8419,21.0078],[103.8428,21.0056],[103.8431,21.0009],[103.8396,20.9987],[103.838,20.9982],[103.8359,20.9956],[103.833,20.9942],[103.8313,20.9951],[103.8302,20.995],[103.8228,20.9893],[103.8197,20.9886],[103.8177,20.9866],[103.8151,20.982],[103.8156,20.9795],[103.8181,20.981],[103.8199,20.9786],[103.8194,20.9784],[103.8191,20.9791],[103.8165,20.9782],[103.8162,20.977],[103.8178,20.9767],[103.8179,20.9745],[103.8167,20.9748],[103.8154,20.9739],[103.813,20.9736],[103.8111,20.9691],[103.8124,20.9685],[103.8148,20.964],[103.8137,20.9602],[103.815,20.959],[103.817,20.9555],[103.8149,20.9505],[103.8134,20.9499],[103.8127,20.9473],[103.8096,20.9446],[103.8105,20.944],[103.8128,20.9404],[103.8133,20.9371],[103.8102,20.9361],[103.8077,20.9343],[103.808,20.9323],[103.8063,20.9305],[103.8059,20.9288],[103.8073,20.9275],[103.8065,20.924],[103.8049,20.9241],[103.8016,20.9227],[103.7983,20.9235],[103.7961,20.9221],[103.7952,20.9223],[103.7917,20.9206],[103.7893,20.9202],[103.7883,20.9186],[103.788,20.9174],[103.7886,20.916],[103.7874,20.9136],[103.7881,20.9125],[103.7878,20.9115],[103.7883,20.9096],[103.785,20.9049],[103.7868,20.9022],[103.7868,20.9],[103.7902,20.8979],[103.7915,20.8963],[103.7933,20.8939],[103.7936,20.8918],[103.798,20.8867],[103.8012,20.8849],[103.7996,20.8818],[103.7998,20.8786],[103.7989,20.877],[103.7994,20.8754],[103.7987,20.874],[103.7989,20.8731],[103.7999,20.8705],[103.8018,20.8693],[103.8039,20.8668],[103.807,20.8668],[103.8092,20.8661],[103.8124,20.8655],[103.8131,20.8648],[103.815,20.8647],[103.8207,20.8704],[103.8214,20.8705],[103.8219,20.8715],[103.825,20.8723],[103.8282,20.872],[103.8302,20.8727],[103.8334,20.8695],[103.8362,20.8685],[103.8366,20.8662],[103.8381,20.8654],[103.8399,20.8632],[103.8423,20.8634],[103.8435,20.8618],[103.8454,20.8626],[103.8471,20.8617],[103.8493,20.8617],[103.85,20.8612],[103.8523,20.8659],[103.8567,20.8692],[103.8576,20.8728],[103.8597,20.8744],[103.861,20.8746],[103.8647,20.8791],[103.8676,20.88],[103.8695,20.8824],[103.8709,20.8855],[103.8725,20.8876],[103.8741,20.8889],[103.8781,20.8904],[103.8795,20.8955],[103.8816,20.8984],[103.8849,20.8995],[103.8878,20.8995],[103.89,20.902],[103.8941,20.904],[103.8962,20.907],[103.8966,20.9113],[103.898,20.9139],[103.8985,20.9166],[103.8985,20.9195],[103.8953,20.9237],[103.8955,20.9273],[103.8949,20.9279],[103.8957,20.928],[103.8997,20.9317],[103.9033,20.9338],[103.906,20.935],[103.9095,20.9356],[103.9115,20.9378],[103.9121,20.9408],[103.914,20.9423],[103.9147,20.9441],[103.9163,20.9443],[103.9177,20.9438],[103.9219,20.9396],[103.9252,20.9457],[103.9273,20.9478],[103.9283,20.9505],[103.9285,20.9532],[103.928,20.9539],[103.9298,20.9549],[103.9337,20.9557],[103.9351,20.9553],[103.9371,20.9556],[103.9385,20.9599],[103.9385,20.9624],[103.9394,20.9629],[103.9397,20.9637],[103.9433,20.9657],[103.9449,20.9698],[103.947,20.9715],[103.9473,20.9724],[103.9499,20.9722],[103.9537,20.97],[103.9561,20.9717],[103.9578,20.9739],[103.9594,20.9773],[103.9595,20.9799],[103.9588,20.9822],[103.9557,20.988],[103.955,20.9926],[103.9539,20.9955],[103.9539,20.9992],[103.9522,21.0001],[103.9518,21.001],[103.9492,21.0029],[103.9497,21.0038],[103.9519,21.0046],[103.9546,21.0066],[103.956,21.0083],[103.9585,21.009],[103.9591,21.0099],[103.9601,21.0101],[103.9613,21.0122],[103.9606,21.0138],[103.9614,21.0179],[103.9634,21.0208],[103.9644,21.0247],[103.9641,21.0258],[103.9651,21.0282],[103.9646,21.0306],[103.966,21.0333],[103.9666,21.0336],[103.9652,21.0375],[103.9654,21.0397],[103.9648,21.0405],[103.9656,21.0435],[103.9666,21.0447],[103.9665,21.0456],[103.9641,21.0463],[103.9624,21.0483],[103.9597,21.0495],[103.9577,21.0491],[103.9572,21.0495],[103.9537,21.0501],[103.951,21.0514],[103.9482,21.0514],[103.9453,21.05],[103.9439,21.0483],[103.9425,21.048],[103.9412,21.0468],[103.9405,21.0451],[103.9382,21.0445],[103.9353,21.0421],[103.9344,21.0418],[103.932,21.0429],[103.9308,21.0416],[103.9285,21.041],[103.9263,21.0419],[103.9244,21.0399],[103.9209,21.0414],[103.9213,21.0424],[103.92,21.0424],[103.9197,21.0442],[103.9182,21.0444],[103.9171,21.0452],[103.9157,21.0451],[103.9121,21.046],[103.9076,21.0507],[103.9054,21.0519],[103.9051,21.0525]]]},"properties":{"code":"04219","name":"Mường Hung","nameEn":"Muong Hung","fullName":"Xã Mường Hung","fullNameEn":"Muong Hung Commune","codeName":"muong_hung","postalCode":"34421","postalCodePrefix":"","gisServerId":"diaphanhanhchinhcapxa_2025.1402","areaKm2":226.09},"id":"04219"},
{"type":"Feature","geometry":{"type":"Polygon","coordinates":[[[104.0696,20.96],[104.0682,20.9624],[104.0651,20.9653],[104.0644,20.9667],[104.0583,20.9685],[104.054,20.9717],[104.0514,20.9758],[104.051,20.9774],[104.0458,20.9801],[104.0433,20.9843],[104.0432,20.9863],[104.0397,20.9873],[104.0337,20.9905],[104.0324,20.9928],[104.031,20.9927],[104.0302,20.9939],[104.0287,20.9948],[104.0326,20.9957],[104.0342,20.9968],[104.0342,20.9975],[104.0324,20.9981],[104.0288,20.9985],[104.0302,20.9997],[104.0323,21.0006],[104.0338,21.0027],[104.034,21.0046],[104.0358,21.0054],[104.0373,21.0103],[104.0388,21.0107],[104.0371,21.0111],[104.0364,21.0108],[104.034,21.0122],[104.0299,21.0132],[104.0282,21.0112],[104.0255,21.0101],[104.0231,21.0107],[104.0195,21.0107],[104.0159,21.0104],[104.012,21.0086],[104.0105,21.0092],[104.0099,21.0113],[104.0086,21.0131],[104.0077,21.0139],[104.0032,21.0153],[104.0014,21.0176],[104.0031,21.0184],[104.0011,21.023],[104.0021,21.024],[104.003,21.0272],[104.0029,21.028],[104.0017,21.0291],[103.9999,21.0288],[103.9973,21.0264],[103.9935,21.024],[103.9927,21.0227],[103.9895,21.0201],[103.9855,21.0188],[103.9848,21.0178],[103.9832,21.0171],[103.9731,21.0151],[103.9671,21.0134],[103.9638,21.0117],[103.9613,21.0122],[103.9601,21.0101],[103.9591,21.0099],[103.9585,21.009],[103.956,21.0083],[103.9546,21.0066],[103.9519,21.0046],[103.9497,21.0038],[103.9492,21.0029],[103.9518,21.001],[103.9522,21.0001],[103.9539,20.9992],[103.9539,20.9955],[103.955,20.9926],[103.9557,20.988],[103.9588,20.9822],[103.9595,20.9799],[103.9594,20.9773],[103.9578,20.9739],[103.9561,20.9717],[103.9537,20.97],[103.9499,20.9722],[103.9473,20.9724],[103.947,20.9715],[103.9449,20.9698],[103.9433,20.9657],[103.9397,20.9637],[103.9394,20.9629],[103.9385,20.9624],[103.9385,20.9599],[103.9371,20.9556],[103.9351,20.9553],[103.9337,20.9557],[103.9298,20.9549],[103.928,20.9539],[103.9285,20.9532],[103.9283,20.9505],[103.9273,20.9478],[103.9252,20.9457],[103.9219,20.9396],[103.9177,20.9438],[103.9163,20.9443],[103.9147,20.9441],[103.914,20.9423],[103.9121,20.9408],[103.9115,20.9378],[103.9095,20.9356],[103.906,20.935],[103.9033,20.9338],[103.8997,20.9317],[103.8957,20.928],[103.8949,20.9279],[103.8955,20.9273],[103.8953,20.9237],[103.8985,20.9195],[103.8985,20.9166],[103.898,20.9139],[103.8966,20.9113],[103.8962,20.907],[103.9002,20.905],[103.9061,20.9035],[103.9073,20.9024],[103.9097,20.9029],[103.9131,20.9025],[103.9152,20.902],[103.9175,20.9004],[103.9215,20.902],[103.9263,20.9024],[103.9286,20.9043],[103.9307,20.9036],[103.9334,20.9019],[103.9374,20.9024],[103.9399,20.8997],[103.9411,20.8973],[103.9422,20.8965],[103.9435,20.8939],[103.9465,20.8941],[103.9494,20.8959],[103.9522,20.8965],[103.9535,20.8977],[103.9573,20.897],[103.9611,20.8995],[103.9625,20.9025],[103.9665,20.9038],[103.9677,20.9052],[103.9696,20.9059],[103.9695,20.9071],[103.9712,20.9122],[103.9738,20.9144],[103.9744,20.9141],[103.9755,20.912],[103.9758,20.9103],[103.9779,20.9097],[103.9813,20.9098],[103.9838,20.9108],[103.9857,20.9099],[103.9906,20.9093],[103.9912,20.9089],[103.9923,20.9062],[103.992,20.9049],[103.9944,20.9038],[103.999,20.9032],[103.9999,20.9038],[104.0024,20.9041],[104.0028,20.9048],[104.0042,20.9055],[104.0063,20.905],[104.0099,20.9056],[104.0159,20.9042],[104.0198,20.9049],[104.02,20.9055],[104.0283,20.9019],[104.0291,20.9025],[104.0308,20.9025],[104.0326,20.9052],[104.035,20.9066],[104.0374,20.9089],[104.041,20.908],[104.044,20.9119],[104.0468,20.9137],[104.0484,20.9139],[104.0487,20.9177],[104.0479,20.9192],[104.0494,20.9229],[104.0488,20.9259],[104.0476,20.9271],[104.0485,20.9303],[104.048,20.9315],[104.049,20.9323],[104.0501,20.9324],[104.0539,20.9349],[104.0555,20.9392],[104.0574,20.9416],[104.0557,20.9427],[104.055,20.9454],[104.0538,20.9463],[104.0536,20.9476],[104.0523,20.9482],[104.0516,20.9492],[104.0512,20.9508],[104.0577,20.9526],[104.061,20.9547],[104.0657,20.955],[104.0664,20.9564],[104.0693,20.9585],[104.0696,20.96]]]},"properties":{"code":"04222","name":"Chiềng Khương","nameEn":"Chieng Khuong","fullName":"Xã Chiềng Khương","fullNameEn":"Chieng Khuong Commune","codeName":"chieng_khuong","postalCode":"34422","postalCodePrefix":"","gisServerId":"diaphanhanhchinhcapxa_2025.1403","areaKm2":149.82},"id":"04222"},
{"type":"Feature","geometry":{"type":"Polygon","coordinates":[[[103.4237,21.0673],[103.4219,21.0657],[103.4198,21.066],[103.4178,21.065],[103.4116,21.0652],[103.408,21.0637],[103.4044,21.0655],[103.4033,21.0651],[103.4021,21.0656],[103.4013,21.0647],[103.4001,21.0649],[103.3971,21.0632],[103.3934,21.0628],[103.3916,21.0637],[103.3892,21.0615],[103.3883,21.0611],[103.3867,21.0612],[103.3854,21.06],[103.3821,21.0607],[103.3808,21.0616],[103.3773,21.0618],[103.3771,21.0627],[103.378,21.0646],[103.3768,21.0657],[103.3749,21.0657],[103.3721,21.0677],[103.3687,21.068],[103.368,21.0693],[103.3663,21.0697],[103.3655,21.0715],[103.3649,21.0706],[103.3637,21.0704],[103.3608,21.0722],[103.359,21.0723],[103.3581,21.0718],[103.3567,21.0737],[103.356,21.0736],[103.3554,21.0749],[103.3539,21.0755],[103.3531,21.0768],[103.3509,21.0784],[103.3488,21.0818],[103.3475,21.0814],[103.3463,21.0831],[103.3438,21.0846],[103.3409,21.0848],[103.3399,21.0858],[103.3387,21.0861],[103.3362,21.0883],[103.3353,21.0884],[103.3336,21.091],[103.3311,21.0909],[103.3268,21.0916],[103.324,21.0929],[103.3222,21.0926],[103.3175,21.0955],[103.3159,21.096],[103.3163,21.095],[103.3159,21.0941],[103.3133,21.092],[103.3111,21.0926],[103.3111,21.0938],[103.3089,21.0956],[103.3066,21.0959],[103.3038,21.0944],[103.3025,21.0953],[103.2991,21.0951],[103.2974,21.0965],[103.2959,21.097],[103.2931,21.0988],[103.2916,21.1007],[103.289,21.102],[103.2867,21.1],[103.2903,21.0981],[103.2871,21.0955],[103.2852,21.0947],[103.287,21.0937],[103.2865,21.0936],[103.287,21.0915],[103.2853,21.0909],[103.2842,21.0911],[103.2836,21.0901],[103.2829,21.0905],[103.2818,21.0903],[103.2845,21.0845],[103.2856,21.0835],[103.2865,21.0808],[103.286,21.0784],[103.2881,21.0778],[103.2889,21.0771],[103.2885,21.0746],[103.286,21.0676],[103.2841,21.0659],[103.2826,21.0665],[103.2819,21.0661],[103.2821,21.0656],[103.2808,21.0637],[103.2819,21.0614],[103.2814,21.0603],[103.2775,21.0626],[103.2757,21.0624],[103.2759,21.0613],[103.2774,21.0608],[103.2789,21.059],[103.2782,21.058],[103.2753,21.0569],[103.2742,21.0525],[103.2777,21.0508],[103.2763,21.0443],[103.2811,21.0425],[103.2819,21.0383],[103.285,21.0353],[103.2866,21.035],[103.2865,21.0336],[103.2851,21.0297],[103.2864,21.0283],[103.2891,21.0274],[103.2872,21.0267],[103.287,21.0259],[103.2883,21.025],[103.2913,21.0251],[103.2923,21.0245],[103.2916,21.0229],[103.2897,21.022],[103.289,21.0211],[103.2896,21.0203],[103.292,21.0203],[103.2916,21.0184],[103.2922,21.0174],[103.292,21.0168],[103.2873,21.0144],[103.2846,21.0144],[103.2834,21.0138],[103.2842,21.0129],[103.2868,21.0118],[103.2872,21.0111],[103.2871,21.0096],[103.2855,21.0073],[103.2853,21.0049],[103.2821,21.0051],[103.2805,21.0046],[103.28,21.0039],[103.2809,21.0018],[103.2813,20.9989],[103.284,20.9999],[103.2852,20.9997],[103.2855,20.9992],[103.284,20.9986],[103.2837,20.9974],[103.2855,20.9971],[103.2863,20.9961],[103.2882,20.9961],[103.29,20.9946],[103.2912,20.997],[103.2916,20.9994],[103.2977,21.0027],[103.2979,21.0041],[103.2988,21.0047],[103.3035,21.0048],[103.305,21.0042],[103.3086,21.0046],[103.3118,21.0067],[103.3156,21.0073],[103.3179,21.0091],[103.3253,21.0098],[103.3261,21.0108],[103.3303,21.01],[103.3318,21.0088],[103.3361,21.0089],[103.341,21.0108],[103.3435,21.0136],[103.3466,21.0156],[103.3482,21.016],[103.3498,21.016],[103.3503,21.0153],[103.3532,21.0142],[103.3535,21.0126],[103.3565,21.0095],[103.3562,21.0046],[103.3617,20.9994],[103.3625,20.9979],[103.3624,20.9964],[103.3653,20.9964],[103.3677,20.9951],[103.3692,20.9954],[103.3723,20.9939],[103.3738,20.9925],[103.3797,20.993],[103.3823,20.9897],[103.3853,20.99],[103.3887,20.9894],[103.3895,20.9898],[103.3913,20.9885],[103.3925,20.9918],[103.3962,20.9908],[103.3977,20.9911],[103.3989,20.9907],[103.4008,20.9894],[103.4007,20.9879],[103.4028,20.9877],[103.4035,20.9882],[103.404,20.9898],[103.4061,20.9911],[103.4068,20.9923],[103.4078,20.9902],[103.4089,20.9903],[103.4105,20.9891],[103.4121,20.9893],[103.4144,20.9867],[103.4155,20.9837],[103.4145,20.983],[103.4143,20.982],[103.4164,20.9788],[103.4164,20.9779],[103.415,20.9762],[103.414,20.976],[103.4127,20.9726],[103.4141,20.9712],[103.4158,20.9672],[103.4187,20.9651],[103.4206,20.9618],[103.4207,20.9601],[103.4217,20.9589],[103.4215,20.9577],[103.4222,20.9576],[103.4218,20.9563],[103.415,20.9515],[103.416,20.9497],[103.4156,20.9486],[103.4162,20.9472],[103.415,20.9448],[103.4163,20.943],[103.4159,20.9416],[103.4197,20.9404],[103.4202,20.9399],[103.4203,20.9383],[103.422,20.9375],[103.4241,20.9385],[103.426,20.9379],[103.4277,20.9359],[103.4296,20.9364],[103.4296,20.9334],[103.4313,20.9321],[103.4332,20.9321],[103.4338,20.9291],[103.4384,20.9298],[103.4394,20.9289],[103.4419,20.9291],[103.4424,20.9287],[103.4439,20.9292],[103.4448,20.9303],[103.4476,20.929],[103.4505,20.929],[103.4515,20.9269],[103.4525,20.9224],[103.4538,20.921],[103.4551,20.9208],[103.4592,20.9188],[103.4593,20.9181],[103.4614,20.9166],[103.4617,20.9151],[103.4645,20.9142],[103.4656,20.913],[103.4724,20.9144],[103.4744,20.9131],[103.4755,20.9134],[103.4773,20.9116],[103.4819,20.914],[103.4851,20.9135],[103.4878,20.915],[103.4895,20.9146],[103.4901,20.9129],[103.4921,20.9104],[103.4933,20.9101],[103.4972,20.9121],[103.4998,20.912],[103.5013,20.9138],[103.5023,20.9142],[103.5073,20.9132],[103.51,20.9155],[103.5133,20.9154],[103.5147,20.9135],[103.5166,20.9125],[103.5176,20.9108],[103.5214,20.9123],[103.5231,20.9117],[103.5246,20.9147],[103.5288,20.9183],[103.5304,20.9181],[103.5336,20.9203],[103.5353,20.9204],[103.5377,20.9233],[103.54,20.921],[103.543,20.9207],[103.545,20.9193],[103.5468,20.9203],[103.5512,20.9206],[103.5555,20.9162],[103.5564,20.9176],[103.5613,20.9187],[103.5621,20.9222],[103.5706,20.9256],[103.5708,20.9263],[103.5734,20.9285],[103.5724,20.9292],[103.5723,20.9305],[103.5711,20.9311],[103.5715,20.933],[103.5704,20.9363],[103.5728,20.9382],[103.5747,20.9386],[103.5748,20.9402],[103.5755,20.9411],[103.5757,20.9435],[103.5777,20.9469],[103.5815,20.9487],[103.5832,20.9489],[103.5864,20.9508],[103.5871,20.9551],[103.5901,20.9584],[103.5894,20.9594],[103.5923,20.9592],[103.6036,20.9718],[103.6022,20.9755],[103.6043,20.9805],[103.6044,20.9842],[103.6027,20.9868],[103.6086,20.9925],[103.6029,20.9968],[103.602,20.998],[103.6005,20.9987],[103.5946,21.0013],[103.593,21.0011],[103.592,21.0022],[103.59,21.0022],[103.5888,21.0031],[103.5885,21.0044],[103.5869,21.004],[103.5844,21.0054],[103.5827,21.0056],[103.5792,21.0072],[103.5784,21.007],[103.5775,21.0077],[103.5775,21.0089],[103.5763,21.0106],[103.5732,21.0123],[103.5723,21.0145],[103.57,21.0173],[103.5678,21.0188],[103.5655,21.0194],[103.5649,21.0188],[103.5633,21.0186],[103.5626,21.0192],[103.5613,21.0191],[103.5571,21.0205],[103.5553,21.0203],[103.5534,21.0215],[103.5507,21.022],[103.5489,21.0238],[103.5484,21.0253],[103.5477,21.0252],[103.5463,21.0281],[103.5449,21.0287],[103.5449,21.0294],[103.5457,21.0297],[103.5455,21.0304],[103.5439,21.0317],[103.5435,21.0328],[103.5419,21.0319],[103.5378,21.0317],[103.5345,21.0334],[103.5338,21.0346],[103.5326,21.0347],[103.5307,21.0332],[103.5276,21.0357],[103.5267,21.0359],[103.5258,21.0353],[103.5239,21.0377],[103.5237,21.0391],[103.5226,21.0408],[103.5211,21.0413],[103.5192,21.0436],[103.5181,21.044],[103.5154,21.0476],[103.5153,21.0485],[103.5148,21.049],[103.5142,21.0487],[103.5132,21.0503],[103.5121,21.0506],[103.5108,21.0524],[103.5085,21.0514],[103.5082,21.0505],[103.5063,21.0517],[103.5057,21.0528],[103.5021,21.0534],[103.5001,21.0543],[103.5003,21.0565],[103.499,21.0562],[103.4986,21.0568],[103.4963,21.0571],[103.495,21.0585],[103.4954,21.0608],[103.4943,21.0623],[103.4943,21.0634],[103.4931,21.0644],[103.4926,21.0674],[103.4918,21.0679],[103.49,21.0677],[103.483,21.0685],[103.4812,21.0667],[103.48,21.064],[103.4791,21.0634],[103.4774,21.0637],[103.4748,21.0631],[103.4737,21.0635],[103.4734,21.0631],[103.4718,21.0636],[103.4672,21.0629],[103.4648,21.0586],[103.4647,21.0565],[103.4638,21.0545],[103.4641,21.0535],[103.4656,21.0529],[103.4621,21.0496],[103.4613,21.0494],[103.4595,21.0469],[103.4575,21.0482],[103.4526,21.0482],[103.4518,21.0487],[103.4488,21.0469],[103.4449,21.0466],[103.443,21.0466],[103.4422,21.0471],[103.4372,21.0466],[103.4349,21.0481],[103.4331,21.0481],[103.429,21.0527],[103.4289,21.0545],[103.4313,21.058],[103.4318,21.0596],[103.4358,21.0618],[103.4278,21.0655],[103.4266,21.0665],[103.4237,21.0673]]]},"properties":{"code":"04228","name":"Púng Bánh","nameEn":"Pung Banh","fullName":"Xã Púng Bánh","fullNameEn":"Pung Banh Commune","codeName":"pung_banh","postalCode":"34458","postalCodePrefix":"","gisServerId":"diaphanhanhchinhcapxa_2025.1404","areaKm2":364.64},"id":"04228"},
{"type":"Feature","geometry":{"type":"Polygon","coordinates":[[[103.668,20.959],[103.6678,20.9606],[103.6666,20.9614],[103.6675,20.9625],[103.6674,20.9641],[103.6682,20.9672],[103.6647,20.9705],[103.6653,20.9733],[103.6643,20.9744],[103.6652,20.9759],[103.6632,20.978],[103.663,20.9796],[103.6641,20.9804],[103.664,20.9838],[103.6626,20.9859],[103.6592,20.9889],[103.657,20.9896],[103.6538,20.9887],[103.6516,20.9887],[103.6483,20.9904],[103.6427,20.9914],[103.639,20.9915],[103.6364,20.9902],[103.6307,20.99],[103.6283,20.9912],[103.6248,20.9923],[103.6219,20.9946],[103.6211,20.9947],[103.6191,20.9942],[103.6176,20.993],[103.6129,20.9932],[103.6118,20.9924],[103.6106,20.9932],[103.6092,20.9931],[103.6086,20.9925],[103.6027,20.9868],[103.6044,20.9842],[103.6043,20.9805],[103.6022,20.9755],[103.6036,20.9718],[103.5923,20.9592],[103.5894,20.9594],[103.5901,20.9584],[103.5871,20.9551],[103.5864,20.9508],[103.5832,20.9489],[103.5815,20.9487],[103.5777,20.9469],[103.5757,20.9435],[103.5755,20.9411],[103.5748,20.9402],[103.5747,20.9386],[103.5728,20.9382],[103.5704,20.9363],[103.5715,20.933],[103.5711,20.9311],[103.5723,20.9305],[103.5724,20.9292],[103.5734,20.9285],[103.5708,20.9263],[103.5706,20.9256],[103.5621,20.9222],[103.5613,20.9187],[103.5564,20.9176],[103.5555,20.9162],[103.5512,20.9206],[103.5468,20.9203],[103.545,20.9193],[103.543,20.9207],[103.54,20.921],[103.5377,20.9233],[103.5353,20.9204],[103.5336,20.9203],[103.5304,20.9181],[103.5288,20.9183],[103.5246,20.9147],[103.5231,20.9117],[103.5214,20.9123],[103.5176,20.9108],[103.5166,20.9125],[103.5147,20.9135],[103.5133,20.9154],[103.51,20.9155],[103.5073,20.9132],[103.5023,20.9142],[103.5013,20.9138],[103.4998,20.912],[103.4972,20.9121],[103.4933,20.9101],[103.4921,20.9104],[103.4901,20.9129],[103.4895,20.9146],[103.4878,20.915],[103.4851,20.9135],[103.4819,20.914],[103.4773,20.9116],[103.4755,20.9134],[103.4744,20.9131],[103.4724,20.9144],[103.4656,20.913],[103.4645,20.9142],[103.4617,20.9151],[103.4614,20.9166],[103.4593,20.9181],[103.4592,20.9188],[103.4551,20.9208],[103.4532,20.9204],[103.4511,20.9186],[103.4477,20.917],[103.4465,20.9157],[103.4457,20.9136],[103.4447,20.9131],[103.4427,20.9135],[103.4413,20.9117],[103.4394,20.9074],[103.4374,20.9068],[103.4373,20.9048],[103.4367,20.904],[103.4395,20.9023],[103.4388,20.9017],[103.4388,20.9009],[103.4373,20.9004],[103.4371,20.8998],[103.4368,20.8966],[103.4379,20.8942],[103.4365,20.8923],[103.4333,20.8906],[103.4312,20.8878],[103.4289,20.8867],[103.4297,20.8843],[103.4314,20.8834],[103.4325,20.8814],[103.4322,20.8805],[103.4331,20.8796],[103.4327,20.8789],[103.4332,20.8784],[103.4322,20.8763],[103.434,20.8764],[103.4366,20.8744],[103.4378,20.8724],[103.4381,20.8704],[103.4388,20.8696],[103.4389,20.8662],[103.4367,20.8641],[103.4354,20.8608],[103.4376,20.859],[103.4372,20.857],[103.4394,20.8572],[103.4438,20.8551],[103.4449,20.8536],[103.4442,20.8527],[103.4447,20.8524],[103.4441,20.8499],[103.4448,20.8489],[103.4444,20.8481],[103.4452,20.8479],[103.4466,20.8461],[103.447,20.844],[103.4478,20.8435],[103.4491,20.8444],[103.4512,20.8429],[103.4511,20.8422],[103.4523,20.8425],[103.4538,20.8401],[103.4557,20.8391],[103.4555,20.8374],[103.4567,20.8372],[103.4585,20.8353],[103.4583,20.834],[103.4594,20.8339],[103.4593,20.8314],[103.458,20.8303],[103.4551,20.8259],[103.4555,20.8251],[103.4574,20.8252],[103.4606,20.8278],[103.4605,20.8286],[103.4621,20.8284],[103.4645,20.8274],[103.4652,20.8258],[103.4661,20.8256],[103.4656,20.8241],[103.4663,20.8224],[103.4684,20.8225],[103.4703,20.8217],[103.471,20.8203],[103.4725,20.8193],[103.473,20.8168],[103.4747,20.8168],[103.4756,20.816],[103.4763,20.8143],[103.4761,20.8131],[103.478,20.8118],[103.4794,20.8121],[103.4807,20.811],[103.4827,20.8105],[103.4811,20.8067],[103.4789,20.8034],[103.4796,20.8024],[103.4787,20.8009],[103.4796,20.7997],[103.4784,20.7976],[103.4791,20.7959],[103.4789,20.7945],[103.4816,20.7919],[103.4818,20.7908],[103.4828,20.7903],[103.4823,20.7886],[103.4835,20.7872],[103.4839,20.7851],[103.4847,20.7846],[103.4869,20.7848],[103.491,20.7866],[103.4914,20.7836],[103.494,20.7813],[103.4942,20.78],[103.4912,20.7778],[103.4965,20.7769],[103.4982,20.7772],[103.4987,20.7766],[103.5016,20.7717],[103.5017,20.7688],[103.5009,20.7679],[103.5011,20.7669],[103.5005,20.7655],[103.5025,20.7645],[103.503,20.7617],[103.5045,20.7599],[103.505,20.7571],[103.5075,20.7546],[103.5092,20.7542],[103.5099,20.7534],[103.5121,20.7534],[103.5143,20.7521],[103.5168,20.7515],[103.5204,20.7498],[103.5233,20.7502],[103.5258,20.7518],[103.5276,20.7505],[103.5313,20.7528],[103.5347,20.7531],[103.5366,20.7541],[103.5377,20.751],[103.5402,20.751],[103.5424,20.7494],[103.5437,20.7502],[103.545,20.7498],[103.5457,20.7485],[103.5473,20.7481],[103.5478,20.7467],[103.5523,20.7449],[103.555,20.7466],[103.5584,20.747],[103.5595,20.7481],[103.5603,20.7497],[103.5623,20.7505],[103.5657,20.7495],[103.5672,20.7497],[103.5687,20.7482],[103.5719,20.7483],[103.5724,20.7469],[103.5731,20.7466],[103.5785,20.748],[103.5825,20.7502],[103.5835,20.7496],[103.5837,20.7486],[103.5864,20.7489],[103.5886,20.7478],[103.5902,20.7476],[103.5925,20.7451],[103.597,20.7466],[103.598,20.7453],[103.5993,20.7461],[103.5998,20.7451],[103.6004,20.7471],[103.6035,20.7489],[103.6065,20.7494],[103.6063,20.7504],[103.6069,20.7517],[103.6058,20.7537],[103.606,20.7555],[103.6093,20.7578],[103.6106,20.7609],[103.6126,20.7615],[103.6134,20.7609],[103.6171,20.7611],[103.6186,20.7605],[103.6216,20.7617],[103.6236,20.7614],[103.6244,20.762],[103.6249,20.7618],[103.6267,20.7635],[103.6282,20.7639],[103.6282,20.7656],[103.6304,20.7692],[103.6314,20.7695],[103.6317,20.7707],[103.6374,20.7727],[103.6402,20.7723],[103.6431,20.7739],[103.6447,20.7768],[103.6442,20.779],[103.6435,20.7796],[103.6448,20.7819],[103.6444,20.7852],[103.6449,20.7858],[103.6451,20.7897],[103.6446,20.79],[103.6436,20.7926],[103.6449,20.7944],[103.6443,20.7948],[103.6433,20.797],[103.6422,20.7973],[103.6411,20.7991],[103.6445,20.8009],[103.6495,20.7998],[103.6515,20.8005],[103.6541,20.8023],[103.6542,20.8043],[103.6563,20.807],[103.6578,20.8111],[103.6586,20.8119],[103.664,20.8135],[103.6669,20.8134],[103.6699,20.8151],[103.6707,20.8164],[103.6747,20.8168],[103.6765,20.815],[103.68,20.8173],[103.6818,20.8177],[103.6811,20.8188],[103.6815,20.8201],[103.6796,20.8221],[103.6793,20.8234],[103.6797,20.8246],[103.6786,20.8252],[103.6802,20.8265],[103.6811,20.8286],[103.6806,20.8314],[103.6812,20.8374],[103.6827,20.8396],[103.6827,20.8404],[103.6815,20.8402],[103.6812,20.8414],[103.6816,20.8455],[103.6843,20.8484],[103.6854,20.8525],[103.6881,20.8546],[103.6906,20.8543],[103.6935,20.855],[103.6955,20.856],[103.6952,20.8573],[103.6965,20.8587],[103.6993,20.8585],[103.7015,20.8592],[103.7009,20.8613],[103.6993,20.8623],[103.6993,20.8645],[103.6999,20.8653],[103.7013,20.8652],[103.7018,20.8658],[103.7029,20.8659],[103.7041,20.8686],[103.7069,20.8713],[103.7075,20.8728],[103.7094,20.8738],[103.7081,20.8764],[103.7017,20.8808],[103.7017,20.8822],[103.7007,20.8845],[103.7022,20.8855],[103.7037,20.8856],[103.7039,20.8868],[103.7031,20.8883],[103.7012,20.888],[103.7004,20.8895],[103.7026,20.8901],[103.703,20.8922],[103.7018,20.8926],[103.7008,20.8938],[103.6995,20.8936],[103.6981,20.8971],[103.6961,20.8971],[103.6934,20.9002],[103.6906,20.9015],[103.6896,20.9024],[103.6883,20.9059],[103.6854,20.9073],[103.6865,20.9093],[103.6858,20.9105],[103.686,20.9111],[103.6851,20.9118],[103.6855,20.9127],[103.6846,20.9142],[103.6851,20.917],[103.6834,20.9179],[103.6821,20.9202],[103.6806,20.9204],[103.6795,20.9219],[103.6766,20.9232],[103.6725,20.9271],[103.6713,20.9274],[103.6711,20.9288],[103.6688,20.9325],[103.6707,20.933],[103.6679,20.9373],[103.666,20.938],[103.6657,20.9392],[103.6645,20.9397],[103.6634,20.9412],[103.6607,20.942],[103.6584,20.9436],[103.6573,20.9453],[103.6559,20.9454],[103.6551,20.9465],[103.6561,20.9475],[103.6563,20.951],[103.6574,20.9525],[103.6585,20.9532],[103.6595,20.9532],[103.6606,20.9542],[103.6654,20.9553],[103.6655,20.9573],[103.667,20.9576],[103.6668,20.9582],[103.668,20.959]]]},"properties":{"code":"04231","name":"Sốp Cộp","nameEn":"Sop Cop","fullName":"Xã Sốp Cộp","fullNameEn":"Sop Cop Commune","codeName":"sop_cop","postalCode":"34456","postalCodePrefix":"","gisServerId":"diaphanhanhchinhcapxa_2025.1405","areaKm2":466.95},"id":"04231"},
{"type":"Feature","geometry":{"type":"Polygon","coordinates":[[[103.4551,20.9208],[103.4538,20.921],[103.4525,20.9224],[103.4515,20.9269],[103.4505,20.929],[103.4476,20.929],[103.4448,20.9303],[103.4439,20.9292],[103.4424,20.9287],[103.4419,20.9291],[103.4394,20.9289],[103.4384,20.9298],[103.4338,20.9291],[103.4332,20.9321],[103.4313,20.9321],[103.4296,20.9334],[103.4296,20.9364],[103.4277,20.9359],[103.426,20.9379],[103.4241,20.9385],[103.422,20.9375],[103.4203,20.9383],[103.4202,20.9399],[103.4197,20.9404],[103.4159,20.9416],[103.4163,20.943],[103.415,20.9448],[103.4162,20.9472],[103.4156,20.9486],[103.416,20.9497],[103.415,20.9515],[103.4218,20.9563],[103.4222,20.9576],[103.4215,20.9577],[103.4217,20.9589],[103.4207,20.9601],[103.4206,20.9618],[103.4187,20.9651],[103.4158,20.9672],[103.4141,20.9712],[103.4127,20.9726],[103.414,20.976],[103.415,20.9762],[103.4164,20.9779],[103.4164,20.9788],[103.4143,20.982],[103.4145,20.983],[103.4155,20.9837],[103.4144,20.9867],[103.4121,20.9893],[103.4105,20.9891],[103.4089,20.9903],[103.4078,20.9902],[103.4068,20.9923],[103.4061,20.9911],[103.404,20.9898],[103.4035,20.9882],[103.4028,20.9877],[103.4007,20.9879],[103.4008,20.9894],[103.3989,20.9907],[103.3977,20.9911],[103.3962,20.9908],[103.3925,20.9918],[103.3913,20.9885],[103.3895,20.9898],[103.3887,20.9894],[103.3853,20.99],[103.3823,20.9897],[103.3797,20.993],[103.3738,20.9925],[103.3723,20.9939],[103.3692,20.9954],[103.3677,20.9951],[103.3653,20.9964],[103.3624,20.9964],[103.3625,20.9979],[103.3617,20.9994],[103.3562,21.0046],[103.3565,21.0095],[103.3535,21.0126],[103.3532,21.0142],[103.3503,21.0153],[103.3498,21.016],[103.3482,21.016],[103.3466,21.0156],[103.3435,21.0136],[103.341,21.0108],[103.3361,21.0089],[103.3318,21.0088],[103.3303,21.01],[103.3261,21.0108],[103.3253,21.0098],[103.3179,21.0091],[103.3156,21.0073],[103.3118,21.0067],[103.3086,21.0046],[103.305,21.0042],[103.3035,21.0048],[103.2988,21.0047],[103.2979,21.0041],[103.2977,21.0027],[103.2916,20.9994],[103.2912,20.997],[103.29,20.9946],[103.292,20.9922],[103.2922,20.9899],[103.2952,20.9853],[103.2961,20.9802],[103.297,20.979],[103.2981,20.975],[103.2976,20.9711],[103.2964,20.9686],[103.2989,20.9646],[103.2959,20.9625],[103.2959,20.9596],[103.2952,20.9578],[103.2974,20.9528],[103.2972,20.9498],[103.2981,20.9477],[103.296,20.9463],[103.2946,20.9463],[103.2916,20.9452],[103.2877,20.9478],[103.2859,20.9481],[103.2803,20.942],[103.2791,20.9417],[103.2751,20.939],[103.2748,20.9361],[103.2755,20.9302],[103.2745,20.9284],[103.2748,20.9265],[103.2781,20.9244],[103.2769,20.9212],[103.2788,20.9201],[103.2793,20.9192],[103.2802,20.9192],[103.2802,20.9182],[103.2823,20.9154],[103.2838,20.9146],[103.2838,20.9135],[103.2856,20.9122],[103.2879,20.9092],[103.2888,20.9089],[103.2881,20.9084],[103.2872,20.9056],[103.2811,20.9026],[103.2812,20.9014],[103.2789,20.8974],[103.2763,20.8975],[103.2748,20.9005],[103.2727,20.9025],[103.2718,20.9018],[103.2681,20.9032],[103.2664,20.9015],[103.2653,20.9017],[103.259,20.8976],[103.2557,20.8973],[103.2554,20.897],[103.2574,20.8974],[103.2592,20.8963],[103.2615,20.8979],[103.2639,20.8982],[103.2677,20.8927],[103.2658,20.8917],[103.2641,20.8893],[103.2605,20.8871],[103.2595,20.8874],[103.2577,20.8868],[103.2573,20.8878],[103.2559,20.8874],[103.2559,20.888],[103.2543,20.8886],[103.2534,20.8867],[103.2512,20.8877],[103.2507,20.887],[103.2496,20.8868],[103.2484,20.8875],[103.248,20.8859],[103.2476,20.8866],[103.2464,20.8867],[103.2466,20.8862],[103.2455,20.8863],[103.2458,20.8858],[103.2447,20.886],[103.2449,20.8854],[103.2432,20.8848],[103.2429,20.8857],[103.2418,20.8862],[103.2413,20.8859],[103.241,20.8866],[103.2405,20.8864],[103.2395,20.8871],[103.2386,20.8862],[103.2384,20.8867],[103.2376,20.8865],[103.2359,20.8875],[103.2356,20.8899],[103.2333,20.8925],[103.2335,20.8929],[103.2317,20.8956],[103.2291,20.8958],[103.2277,20.8965],[103.2253,20.8956],[103.2233,20.896],[103.2212,20.895],[103.219,20.896],[103.2168,20.8959],[103.2157,20.8933],[103.2141,20.8928],[103.212,20.8903],[103.216,20.8896],[103.2178,20.8883],[103.219,20.8882],[103.2219,20.8867],[103.2243,20.8838],[103.2256,20.8831],[103.2253,20.8807],[103.2266,20.879],[103.2347,20.8733],[103.2342,20.8698],[103.2321,20.8661],[103.2308,20.8652],[103.2303,20.8628],[103.2282,20.862],[103.2285,20.8561],[103.2264,20.8543],[103.2261,20.853],[103.2247,20.851],[103.2272,20.8489],[103.2262,20.8477],[103.2271,20.8424],[103.2308,20.8426],[103.2339,20.8407],[103.2325,20.8402],[103.2315,20.8376],[103.2321,20.8371],[103.2333,20.8373],[103.2352,20.8357],[103.2352,20.8346],[103.2366,20.8329],[103.241,20.8337],[103.2427,20.8345],[103.2424,20.8328],[103.2453,20.8312],[103.2468,20.8319],[103.2481,20.8288],[103.2515,20.8282],[103.2523,20.8269],[103.254,20.8267],[103.2554,20.8243],[103.2569,20.8233],[103.259,20.8228],[103.2611,20.8236],[103.2642,20.8226],[103.2649,20.8247],[103.2664,20.8248],[103.267,20.826],[103.2704,20.8277],[103.272,20.8293],[103.2764,20.8294],[103.278,20.83],[103.2788,20.8306],[103.2785,20.8317],[103.2795,20.8333],[103.2812,20.8334],[103.2813,20.8341],[103.2822,20.8344],[103.2831,20.8336],[103.2845,20.8356],[103.2846,20.8385],[103.2895,20.838],[103.2917,20.8349],[103.2942,20.8361],[103.2952,20.8352],[103.2947,20.8335],[103.2951,20.831],[103.294,20.8297],[103.2939,20.8284],[103.2923,20.8276],[103.292,20.8262],[103.2922,20.8247],[103.2949,20.8221],[103.2967,20.8216],[103.2979,20.8224],[103.3008,20.8214],[103.3028,20.8199],[103.3033,20.8202],[103.3049,20.8199],[103.3092,20.8216],[103.3106,20.8203],[103.3143,20.8209],[103.3161,20.8192],[103.3194,20.8197],[103.324,20.8158],[103.3246,20.8157],[103.3251,20.8164],[103.3263,20.816],[103.3285,20.8138],[103.3295,20.8137],[103.3313,20.8122],[103.336,20.8119],[103.3413,20.8096],[103.3413,20.8089],[103.3421,20.8082],[103.3445,20.8077],[103.3442,20.806],[103.3469,20.8052],[103.3477,20.8044],[103.3478,20.8034],[103.351,20.8022],[103.3556,20.8046],[103.356,20.8059],[103.3589,20.8075],[103.3614,20.807],[103.363,20.8076],[103.3651,20.8063],[103.365,20.8044],[103.3657,20.8033],[103.3694,20.8015],[103.3716,20.7988],[103.3726,20.7949],[103.375,20.7943],[103.3754,20.7932],[103.3793,20.7906],[103.3808,20.7885],[103.3812,20.7865],[103.382,20.7857],[103.3885,20.7845],[103.3938,20.7866],[103.397,20.7846],[103.3988,20.7823],[103.4011,20.7832],[103.4034,20.7851],[103.4074,20.7861],[103.4094,20.793],[103.4126,20.7963],[103.4146,20.7975],[103.4171,20.797],[103.4201,20.7947],[103.4214,20.7943],[103.4232,20.7946],[103.4242,20.7958],[103.4269,20.7949],[103.4312,20.7973],[103.4325,20.7956],[103.4344,20.795],[103.4357,20.7935],[103.438,20.7961],[103.4385,20.7979],[103.4393,20.7974],[103.4421,20.7975],[103.4407,20.8001],[103.4407,20.8035],[103.4401,20.8058],[103.4419,20.8094],[103.4425,20.8128],[103.4435,20.8138],[103.4436,20.816],[103.4457,20.8174],[103.4463,20.8204],[103.4518,20.8198],[103.4555,20.8251],[103.4551,20.8259],[103.458,20.8303],[103.4593,20.8314],[103.4594,20.8339],[103.4583,20.834],[103.4585,20.8353],[103.4567,20.8372],[103.4555,20.8374],[103.4557,20.8391],[103.4538,20.8401],[103.4523,20.8425],[103.4511,20.8422],[103.4512,20.8429],[103.4491,20.8444],[103.4478,20.8435],[103.447,20.844],[103.4466,20.8461],[103.4452,20.8479],[103.4444,20.8481],[103.4448,20.8489],[103.4441,20.8499],[103.4447,20.8524],[103.4442,20.8527],[103.4449,20.8536],[103.4438,20.8551],[103.4394,20.8572],[103.4372,20.857],[103.4376,20.859],[103.4354,20.8608],[103.4367,20.8641],[103.4389,20.8662],[103.4388,20.8696],[103.4381,20.8704],[103.4378,20.8724],[103.4366,20.8744],[103.434,20.8764],[103.4322,20.8763],[103.4332,20.8784],[103.4327,20.8789],[103.4331,20.8796],[103.4322,20.8805],[103.4325,20.8814],[103.4314,20.8834],[103.4297,20.8843],[103.4289,20.8867],[103.4312,20.8878],[103.4333,20.8906],[103.4365,20.8923],[103.4379,20.8942],[103.4368,20.8966],[103.4371,20.8998],[103.4373,20.9004],[103.4388,20.9009],[103.4388,20.9017],[103.4395,20.9023],[103.4367,20.904],[103.4373,20.9048],[103.4374,20.9068],[103.4394,20.9074],[103.4413,20.9117],[103.4427,20.9135],[103.4447,20.9131],[103.4457,20.9136],[103.4465,20.9157],[103.4477,20.917],[103.4511,20.9186],[103.4532,20.9204],[103.4551,20.9208]]]},"properties":{"code":"04240","name":"Mường Lèo","nameEn":"Muong Leo","fullName":"Xã Mường Lèo","fullNameEn":"Muong Leo Commune","codeName":"muong_leo","postalCode":"34460","postalCodePrefix":"","gisServerId":"diaphanhanhchinhcapxa_2025.1406","areaKm2":375.76},"id":"04240"},
{"type":"Feature","geometry":{"type":"Polygon","coordinates":[[[103.8004,20.847],[103.7971,20.8492],[103.7966,20.85],[103.7917,20.8509],[103.7902,20.8504],[103.7883,20.8523],[103.7863,20.8526],[103.7855,20.8545],[103.7834,20.855],[103.7798,20.8551],[103.7772,20.8543],[103.7732,20.8538],[103.7703,20.8544],[103.7697,20.8528],[103.7686,20.8525],[103.7682,20.8516],[103.767,20.8514],[103.7667,20.8508],[103.7653,20.8505],[103.7644,20.8513],[103.7637,20.8505],[103.7616,20.8508],[103.7608,20.8515],[103.7584,20.8518],[103.7581,20.8526],[103.759,20.8529],[103.7587,20.8534],[103.7572,20.8531],[103.757,20.8537],[103.7551,20.8533],[103.754,20.8539],[103.7534,20.8536],[103.753,20.8558],[103.7536,20.8558],[103.7537,20.8564],[103.7527,20.8589],[103.7515,20.8585],[103.7515,20.8578],[103.7509,20.858],[103.7507,20.8575],[103.75,20.8583],[103.7495,20.8574],[103.7481,20.8578],[103.7484,20.8565],[103.748,20.8563],[103.7478,20.8567],[103.746,20.8555],[103.7457,20.8521],[103.7431,20.8512],[103.7423,20.8505],[103.7372,20.8533],[103.7359,20.8532],[103.7343,20.8544],[103.7332,20.8546],[103.7315,20.8562],[103.7315,20.8575],[103.7289,20.8619],[103.7267,20.8637],[103.7219,20.866],[103.7215,20.867],[103.7197,20.8677],[103.7176,20.867],[103.7152,20.8684],[103.7127,20.8701],[103.712,20.8717],[103.7099,20.8728],[103.7094,20.8738],[103.7075,20.8728],[103.7069,20.8713],[103.7041,20.8686],[103.7029,20.8659],[103.7018,20.8658],[103.7013,20.8652],[103.6999,20.8653],[103.6993,20.8645],[103.6993,20.8623],[103.7009,20.8613],[103.7015,20.8592],[103.6993,20.8585],[103.6965,20.8587],[103.6952,20.8573],[103.6955,20.856],[103.6935,20.855],[103.6906,20.8543],[103.6881,20.8546],[103.6854,20.8525],[103.6843,20.8484],[103.6816,20.8455],[103.6812,20.8414],[103.6815,20.8402],[103.6827,20.8404],[103.6827,20.8396],[103.6812,20.8374],[103.6806,20.8314],[103.6811,20.8286],[103.6802,20.8265],[103.6786,20.8252],[103.6797,20.8246],[103.6793,20.8234],[103.6796,20.8221],[103.6815,20.8201],[103.6811,20.8188],[103.6818,20.8177],[103.68,20.8173],[103.6765,20.815],[103.6747,20.8168],[103.6707,20.8164],[103.6699,20.8151],[103.6669,20.8134],[103.664,20.8135],[103.6586,20.8119],[103.6578,20.8111],[103.6563,20.807],[103.6542,20.8043],[103.6541,20.8023],[103.6515,20.8005],[103.6495,20.7998],[103.6445,20.8009],[103.6411,20.7991],[103.6422,20.7973],[103.6433,20.797],[103.6443,20.7948],[103.6449,20.7944],[103.6436,20.7926],[103.6446,20.79],[103.6451,20.7897],[103.6449,20.7858],[103.6444,20.7852],[103.6448,20.7819],[103.6435,20.7796],[103.6442,20.779],[103.6447,20.7768],[103.6431,20.7739],[103.6402,20.7723],[103.6374,20.7727],[103.6317,20.7707],[103.6314,20.7695],[103.6304,20.7692],[103.6282,20.7656],[103.6282,20.7639],[103.6267,20.7635],[103.6249,20.7618],[103.6244,20.762],[103.6236,20.7614],[103.6216,20.7617],[103.6186,20.7605],[103.6171,20.7611],[103.6134,20.7609],[103.6126,20.7615],[103.6106,20.7609],[103.6093,20.7578],[103.606,20.7555],[103.6058,20.7537],[103.6069,20.7517],[103.6063,20.7504],[103.6065,20.7494],[103.6035,20.7489],[103.6004,20.7471],[103.5998,20.7451],[103.6004,20.7442],[103.6033,20.7426],[103.6033,20.741],[103.6041,20.7412],[103.6048,20.7407],[103.6053,20.7394],[103.6051,20.7388],[103.607,20.7366],[103.6082,20.7371],[103.6078,20.7345],[103.6084,20.7313],[103.6152,20.7313],[103.6157,20.7292],[103.6183,20.7287],[103.6217,20.7273],[103.6216,20.7259],[103.6234,20.7269],[103.6256,20.7247],[103.6278,20.7249],[103.6276,20.7241],[103.6283,20.7231],[103.6308,20.7225],[103.6313,20.7211],[103.6335,20.7207],[103.6364,20.7212],[103.6368,20.7201],[103.638,20.7196],[103.6372,20.7182],[103.6374,20.7176],[103.6396,20.7159],[103.6385,20.715],[103.638,20.7137],[103.6397,20.7122],[103.6412,20.7118],[103.6427,20.7103],[103.643,20.7081],[103.6437,20.7076],[103.6439,20.7068],[103.6435,20.7058],[103.6473,20.7041],[103.6475,20.7028],[103.6471,20.7015],[103.6476,20.7003],[103.6504,20.701],[103.6536,20.6981],[103.6542,20.6968],[103.6561,20.6958],[103.6585,20.6974],[103.661,20.6978],[103.6627,20.6996],[103.6665,20.7007],[103.6684,20.6975],[103.6677,20.6961],[103.6681,20.6919],[103.6698,20.6905],[103.6692,20.6888],[103.67,20.6881],[103.6702,20.6861],[103.6716,20.6859],[103.6738,20.6835],[103.6733,20.6825],[103.6735,20.6807],[103.6722,20.6802],[103.6707,20.6778],[103.673,20.6768],[103.6733,20.6743],[103.6758,20.6726],[103.6755,20.6716],[103.6733,20.6704],[103.6732,20.6698],[103.6744,20.669],[103.6754,20.6667],[103.6774,20.6667],[103.6833,20.6614],[103.6844,20.6609],[103.6855,20.6614],[103.6884,20.6616],[103.6897,20.6623],[103.6911,20.6619],[103.6925,20.6625],[103.6937,20.6619],[103.6953,20.6619],[103.6971,20.6632],[103.7035,20.665],[103.7062,20.6652],[103.707,20.6658],[103.7097,20.6657],[103.7134,20.6676],[103.7142,20.6687],[103.7178,20.6677],[103.7194,20.6664],[103.722,20.6666],[103.7225,20.666],[103.7249,20.6654],[103.7277,20.6668],[103.7292,20.6668],[103.7318,20.6679],[103.7341,20.6675],[103.7369,20.6685],[103.7373,20.6708],[103.7368,20.6724],[103.7376,20.6738],[103.7394,20.675],[103.7412,20.6738],[103.7462,20.6779],[103.7465,20.6799],[103.7423,20.6853],[103.7424,20.6874],[103.7417,20.6897],[103.7363,20.6925],[103.7345,20.6946],[103.7348,20.6959],[103.7363,20.6974],[103.735,20.7],[103.734,20.7006],[103.7338,20.7015],[103.7369,20.7083],[103.7352,20.7108],[103.7341,20.7143],[103.7326,20.7167],[103.7294,20.72],[103.7283,20.7222],[103.7291,20.7222],[103.7305,20.7233],[103.7318,20.7232],[103.7316,20.7251],[103.7297,20.7279],[103.7296,20.7289],[103.7303,20.7298],[103.7312,20.7325],[103.733,20.7347],[103.737,20.7331],[103.7397,20.7353],[103.7433,20.734],[103.7452,20.7347],[103.7467,20.7339],[103.75,20.734],[103.7509,20.733],[103.7528,20.7325],[103.756,20.7354],[103.7569,20.7342],[103.7649,20.7387],[103.7664,20.7384],[103.7666,20.7373],[103.7695,20.7355],[103.7713,20.7356],[103.7728,20.7377],[103.7745,20.738],[103.7753,20.7397],[103.7777,20.7406],[103.7781,20.7414],[103.7817,20.7445],[103.7887,20.7459],[103.7895,20.7475],[103.7921,20.7496],[103.7917,20.7517],[103.7886,20.7536],[103.7862,20.7573],[103.7848,20.7608],[103.7856,20.7629],[103.7851,20.7641],[103.7866,20.7665],[103.7862,20.7701],[103.7868,20.7707],[103.7867,20.7717],[103.7885,20.7767],[103.7884,20.7785],[103.7876,20.7793],[103.7861,20.7798],[103.7856,20.7815],[103.7825,20.7844],[103.782,20.7876],[103.7797,20.7878],[103.7787,20.7896],[103.7776,20.7903],[103.7769,20.7929],[103.7783,20.7937],[103.7796,20.7963],[103.7776,20.7992],[103.7772,20.8016],[103.7761,20.8022],[103.775,20.8038],[103.7751,20.8052],[103.7774,20.8061],[103.7777,20.8071],[103.7805,20.8098],[103.781,20.8097],[103.7821,20.8108],[103.7852,20.812],[103.7863,20.8131],[103.7863,20.8138],[103.788,20.8151],[103.7903,20.8159],[103.7911,20.8173],[103.7929,20.8189],[103.7936,20.8204],[103.7946,20.8209],[103.7962,20.8226],[103.7997,20.8238],[103.8021,20.8295],[103.8046,20.8323],[103.8034,20.8343],[103.8034,20.8354],[103.8021,20.837],[103.8019,20.8386],[103.8027,20.841],[103.8011,20.8429],[103.8011,20.8456],[103.8004,20.847]]]},"properties":{"code":"04246","name":"Mường Lạn","nameEn":"Muong Lan","fullName":"Xã Mường Lạn","fullNameEn":"Muong Lan Commune","codeName":"muong_lan","postalCode":"34463","postalCodePrefix":"","gisServerId":"diaphanhanhchinhcapxa_2025.1407","areaKm2":264.89},"id":"04246"}
]}