{"type":"FeatureCollection", "features": [
{"type":"Feature","geometry":{"type":"Polygon","coordinates":[[[105.8842,22.1369],[105.8838,22.1428],[105.8843,22.1443],[105.8853,22.1451],[105.8857,22.1513],[105.8874,22.1516],[105.8888,22.1526],[105.89,22.1525],[105.8858,22.157],[105.8774,22.1613],[105.8758,22.1633],[105.8738,22.1639],[105.8736,22.1656],[105.8745,22.1665],[105.8733,22.1691],[105.8717,22.1695],[105.8704,22.1708],[105.8687,22.17],[105.8681,22.1711],[105.8651,22.1731],[105.8656,22.1763],[105.8645,22.1769],[105.8649,22.178],[105.8644,22.1793],[105.8652,22.1803],[105.8653,22.182],[105.8675,22.1839],[105.8668,22.186],[105.8616,22.1858],[105.8602,22.1864],[105.8589,22.1858],[105.8588,22.1871],[105.8571,22.187],[105.8559,22.1879],[105.8544,22.1907],[105.8526,22.191],[105.8523,22.1933],[105.8508,22.1942],[105.8494,22.1942],[105.8472,22.1932],[105.8441,22.1962],[105.8414,22.1974],[105.8416,22.1996],[105.8411,22.2009],[105.8387,22.2012],[105.8365,22.2004],[105.8332,22.2007],[105.8309,22.2018],[105.8281,22.2046],[105.8234,22.2063],[105.8214,22.2084],[105.8163,22.2113],[105.8114,22.2127],[105.8103,22.2123],[105.8078,22.2128],[105.8071,22.2121],[105.8086,22.2093],[105.8096,22.205],[105.8102,22.2041],[105.8084,22.2001],[105.8173,22.196],[105.8187,22.1951],[105.8193,22.1937],[105.8233,22.192],[105.8241,22.1887],[105.8273,22.186],[105.828,22.1836],[105.8268,22.1813],[105.8271,22.1774],[105.8257,22.1746],[105.8268,22.1739],[105.8262,22.1718],[105.8291,22.1679],[105.8313,22.1675],[105.8313,22.1656],[105.8335,22.1633],[105.8338,22.1617],[105.833,22.1608],[105.8335,22.1595],[105.8369,22.1587],[105.8366,22.1574],[105.8379,22.1547],[105.8387,22.1549],[105.8392,22.1538],[105.8377,22.1513],[105.8338,22.1507],[105.8317,22.1461],[105.8315,22.1444],[105.832,22.1436],[105.8323,22.1439],[105.8355,22.142],[105.8349,22.1411],[105.8357,22.1406],[105.8354,22.1395],[105.8359,22.1392],[105.8361,22.137],[105.8396,22.1355],[105.8401,22.1333],[105.8428,22.1321],[105.8427,22.1309],[105.8433,22.1305],[105.8458,22.1308],[105.8499,22.1303],[105.8513,22.1298],[105.8526,22.1282],[105.8554,22.128],[105.8559,22.1267],[105.8599,22.1319],[105.8614,22.1325],[105.8632,22.135],[105.8681,22.1324],[105.869,22.1335],[105.8708,22.1339],[105.8714,22.135],[105.874,22.1359],[105.875,22.136],[105.8767,22.1349],[105.8772,22.1359],[105.8782,22.1366],[105.881,22.1363],[105.8842,22.1369]]]},"properties":{"code":"01840","name":"Đức Xuân","nameEn":"Duc Xuan","fullName":"Phường Đức Xuân","fullNameEn":"Duc Xuan Ward","codeName":"duc_xuan","postalCode":"23107","postalCodePrefix":"","gisServerId":"diaphanhanhchinhcapxa_2025.1241","areaKm2":34.46},"id":"01840"},
{"type":"Feature","geometry":{"type":"Polygon","coordinates":[[[105.8392,22.1538],[105.8304,22.1526],[105.8279,22.1513],[105.8261,22.1512],[105.8237,22.1525],[105.8207,22.1561],[105.8186,22.156],[105.8175,22.1544],[105.8157,22.1537],[105.8156,22.1518],[105.8164,22.15],[105.8152,22.1495],[105.8146,22.1478],[105.8136,22.1469],[105.8122,22.1471],[105.8108,22.1487],[105.809,22.1489],[105.8065,22.148],[105.8071,22.1463],[105.8065,22.1452],[105.8055,22.1453],[105.8045,22.147],[105.8035,22.1469],[105.803,22.1442],[105.8013,22.1441],[105.7996,22.1432],[105.7985,22.1421],[105.7993,22.1415],[105.7989,22.1409],[105.7978,22.1407],[105.7971,22.1395],[105.7954,22.1392],[105.7975,22.1391],[105.7994,22.1355],[105.8045,22.1365],[105.804,22.1337],[105.8031,22.1315],[105.8023,22.1309],[105.802,22.1296],[105.8002,22.1289],[105.7994,22.1279],[105.7994,22.1244],[105.7979,22.1209],[105.7984,22.1182],[105.7995,22.1155],[105.8002,22.115],[105.7986,22.1117],[105.7971,22.1107],[105.7973,22.1076],[105.7962,22.1045],[105.798,22.1007],[105.8012,22.0978],[105.8011,22.0965],[105.8066,22.0952],[105.8097,22.0929],[105.8118,22.0924],[105.8127,22.0939],[105.8137,22.0945],[105.8143,22.0942],[105.8162,22.0927],[105.8167,22.0908],[105.82,22.089],[105.821,22.086],[105.8233,22.085],[105.8243,22.0859],[105.8251,22.0857],[105.829,22.0869],[105.8305,22.0892],[105.8328,22.0905],[105.8354,22.0899],[105.8374,22.092],[105.8403,22.0931],[105.8415,22.0932],[105.8452,22.0917],[105.8477,22.0916],[105.8521,22.09],[105.8544,22.0898],[105.857,22.0877],[105.8567,22.0852],[105.8557,22.0845],[105.8556,22.0831],[105.859,22.0796],[105.8583,22.0753],[105.8568,22.071],[105.8578,22.0694],[105.8596,22.0635],[105.8632,22.0634],[105.8639,22.0646],[105.8666,22.0661],[105.8672,22.0629],[105.8685,22.0619],[105.8708,22.0623],[105.8733,22.0649],[105.8736,22.067],[105.8744,22.0677],[105.8751,22.0705],[105.8769,22.0712],[105.8796,22.0697],[105.883,22.0733],[105.8828,22.0759],[105.8849,22.0757],[105.8876,22.0738],[105.8908,22.0727],[105.8947,22.0676],[105.8949,22.069],[105.8961,22.0704],[105.8971,22.0751],[105.8992,22.0804],[105.9,22.082],[105.903,22.0848],[105.9062,22.0842],[105.9094,22.0816],[105.9104,22.0816],[105.9128,22.084],[105.9153,22.0838],[105.9165,22.084],[105.9173,22.0848],[105.9189,22.0847],[105.9207,22.084],[105.9222,22.0814],[105.9257,22.0805],[105.9267,22.0811],[105.9271,22.0831],[105.9288,22.0842],[105.9296,22.0867],[105.9308,22.0878],[105.9309,22.0895],[105.9294,22.0899],[105.9294,22.0921],[105.928,22.0928],[105.9277,22.094],[105.9258,22.0957],[105.9234,22.097],[105.9225,22.0995],[105.9213,22.1007],[105.9212,22.1036],[105.9225,22.1057],[105.9221,22.1081],[105.9224,22.1107],[105.923,22.1112],[105.9244,22.1114],[105.9253,22.1127],[105.9262,22.113],[105.9247,22.1152],[105.9245,22.1171],[105.9234,22.1189],[105.9239,22.1208],[105.9233,22.1225],[105.9203,22.1231],[105.9189,22.1217],[105.9164,22.1219],[105.9156,22.1232],[105.9128,22.1239],[105.9115,22.1237],[105.9104,22.1248],[105.9086,22.125],[105.907,22.1265],[105.9024,22.1278],[105.8977,22.1276],[105.8962,22.1267],[105.8942,22.1267],[105.8929,22.1256],[105.8928,22.1246],[105.8933,22.1242],[105.8924,22.1236],[105.8906,22.123],[105.8884,22.1233],[105.8872,22.1247],[105.8846,22.1257],[105.8838,22.1282],[105.8849,22.1318],[105.8845,22.1332],[105.8852,22.1355],[105.8842,22.1369],[105.881,22.1363],[105.8782,22.1366],[105.8772,22.1359],[105.8767,22.1349],[105.875,22.136],[105.874,22.1359],[105.8714,22.135],[105.8708,22.1339],[105.869,22.1335],[105.8681,22.1324],[105.8632,22.135],[105.8614,22.1325],[105.8599,22.1319],[105.8559,22.1267],[105.8554,22.128],[105.8526,22.1282],[105.8513,22.1298],[105.8499,22.1303],[105.8458,22.1308],[105.8433,22.1305],[105.8427,22.1309],[105.8428,22.1321],[105.8401,22.1333],[105.8396,22.1355],[105.8361,22.137],[105.8359,22.1392],[105.8354,22.1395],[105.8357,22.1406],[105.8349,22.1411],[105.8355,22.142],[105.8323,22.1439],[105.832,22.1436],[105.8315,22.1444],[105.8317,22.1461],[105.8338,22.1507],[105.8377,22.1513],[105.8392,22.1538]]]},"properties":{"code":"01843","name":"Bắc Kạn","nameEn":"Bac Kan","fullName":"Phường Bắc Kạn","fullNameEn":"Bac Kan Ward","codeName":"bac_kan","postalCode":"23114","postalCodePrefix":"","gisServerId":"diaphanhanhchinhcapxa_2025.1240","areaKm2":72},"id":"01843"},
{"type":"Feature","geometry":{"type":"Polygon","coordinates":[[[105.8052,22.2156],[105.8028,22.2171],[105.8011,22.2172],[105.7979,22.219],[105.7968,22.2203],[105.7966,22.2236],[105.7939,22.2248],[105.7935,22.2257],[105.7921,22.226],[105.7907,22.2275],[105.7914,22.2305],[105.7905,22.2316],[105.791,22.2339],[105.7896,22.2359],[105.7888,22.2395],[105.7899,22.2414],[105.7892,22.2438],[105.79,22.2463],[105.7877,22.2488],[105.7891,22.2496],[105.7895,22.2529],[105.7912,22.2542],[105.7928,22.2548],[105.793,22.2563],[105.7925,22.2573],[105.793,22.2589],[105.7938,22.2594],[105.7936,22.2609],[105.7942,22.2618],[105.7941,22.2644],[105.7928,22.266],[105.7938,22.2706],[105.7935,22.2723],[105.789,22.2758],[105.7882,22.2781],[105.7881,22.282],[105.7859,22.2803],[105.7813,22.2787],[105.7794,22.2772],[105.7775,22.2774],[105.7743,22.2761],[105.7721,22.2722],[105.7654,22.2718],[105.7643,22.2707],[105.7567,22.2705],[105.7529,22.2733],[105.7469,22.2733],[105.741,22.2747],[105.7389,22.2745],[105.7353,22.2727],[105.7335,22.2728],[105.7306,22.2739],[105.727,22.2728],[105.7252,22.2712],[105.7249,22.2694],[105.7234,22.2687],[105.7226,22.2677],[105.7178,22.2664],[105.715,22.2631],[105.7135,22.2634],[105.7107,22.2626],[105.7061,22.26],[105.7085,22.2553],[105.7086,22.2512],[105.7106,22.2468],[105.7102,22.2445],[105.7112,22.2414],[105.7126,22.24],[105.7118,22.2373],[105.7119,22.2356],[105.711,22.2341],[105.7114,22.2317],[105.7113,22.2267],[105.7084,22.2254],[105.7046,22.2245],[105.7039,22.2264],[105.7026,22.2268],[105.6916,22.2261],[105.6957,22.2236],[105.6956,22.2216],[105.6977,22.219],[105.7001,22.2148],[105.6996,22.2132],[105.7008,22.2107],[105.6984,22.2081],[105.6938,22.2051],[105.6928,22.2039],[105.6908,22.2034],[105.6881,22.2015],[105.6899,22.1985],[105.6894,22.1976],[105.6865,22.1954],[105.6873,22.1948],[105.6874,22.1913],[105.6882,22.1903],[105.6882,22.188],[105.6893,22.1861],[105.6891,22.1835],[105.6886,22.1814],[105.6849,22.1786],[105.6832,22.1741],[105.6838,22.1726],[105.6876,22.1678],[105.6881,22.1641],[105.6878,22.163],[105.6949,22.158],[105.6949,22.1562],[105.696,22.1557],[105.6981,22.1569],[105.7001,22.157],[105.7018,22.1577],[105.704,22.1568],[105.7055,22.157],[105.7058,22.1558],[105.7091,22.1545],[105.7147,22.1541],[105.7157,22.1532],[105.718,22.1523],[105.7188,22.1524],[105.7199,22.1537],[105.7231,22.1525],[105.7257,22.153],[105.7276,22.1522],[105.729,22.1523],[105.731,22.1488],[105.7344,22.1477],[105.7387,22.1453],[105.7399,22.1461],[105.743,22.1463],[105.744,22.1482],[105.7471,22.1501],[105.752,22.1497],[105.7531,22.1508],[105.7535,22.1523],[105.755,22.153],[105.758,22.1521],[105.7615,22.1519],[105.7628,22.1505],[105.7692,22.149],[105.7713,22.1518],[105.7751,22.1517],[105.7765,22.1535],[105.7778,22.1537],[105.7795,22.1533],[105.7817,22.1543],[105.7833,22.1521],[105.7854,22.1513],[105.787,22.1479],[105.7893,22.1474],[105.7906,22.1464],[105.7923,22.1462],[105.7948,22.1424],[105.7946,22.1408],[105.7954,22.1392],[105.7971,22.1395],[105.7978,22.1407],[105.7989,22.1409],[105.7993,22.1415],[105.7985,22.1421],[105.7996,22.1432],[105.8013,22.1441],[105.803,22.1442],[105.8035,22.1469],[105.8045,22.147],[105.8055,22.1453],[105.8065,22.1452],[105.8071,22.1463],[105.8065,22.148],[105.809,22.1489],[105.8108,22.1487],[105.8122,22.1471],[105.8136,22.1469],[105.8146,22.1478],[105.8152,22.1495],[105.8164,22.15],[105.8156,22.1518],[105.8157,22.1537],[105.8175,22.1544],[105.8186,22.156],[105.8207,22.1561],[105.8237,22.1525],[105.8261,22.1512],[105.8279,22.1513],[105.8304,22.1526],[105.8392,22.1538],[105.8387,22.1549],[105.8379,22.1547],[105.8366,22.1574],[105.8369,22.1587],[105.8335,22.1595],[105.833,22.1608],[105.8338,22.1617],[105.8335,22.1633],[105.8313,22.1656],[105.8313,22.1675],[105.8291,22.1679],[105.8262,22.1718],[105.8268,22.1739],[105.8257,22.1746],[105.8271,22.1774],[105.8268,22.1813],[105.828,22.1836],[105.8273,22.186],[105.8241,22.1887],[105.8233,22.192],[105.8193,22.1937],[105.8187,22.1951],[105.8173,22.196],[105.8084,22.2001],[105.8102,22.2041],[105.8096,22.205],[105.8086,22.2093],[105.8071,22.2121],[105.8076,22.2131],[105.8052,22.2156]]]},"properties":{"code":"01849","name":"Phong Quang","nameEn":"Phong Quang","fullName":"Xã Phong Quang","fullNameEn":"Phong Quang Commune","codeName":"phong_quang","postalCode":"23225","postalCodePrefix":"","gisServerId":"diaphanhanhchinhcapxa_2025.1254","areaKm2":153.46},"id":"01849"},
{"type":"Feature","geometry":{"type":"Polygon","coordinates":[[[105.7277,22.6364],[105.727,22.6361],[105.7286,22.6389],[105.7332,22.6416],[105.7366,22.6416],[105.7402,22.6432],[105.7406,22.6444],[105.74,22.6465],[105.7408,22.647],[105.7409,22.65],[105.7447,22.6534],[105.7461,22.6566],[105.7481,22.6583],[105.7496,22.6647],[105.7519,22.6661],[105.7531,22.6663],[105.755,22.6689],[105.7598,22.6705],[105.7603,22.6727],[105.7615,22.6744],[105.7628,22.675],[105.7652,22.6774],[105.7678,22.6786],[105.7705,22.6833],[105.7736,22.6844],[105.7734,22.6861],[105.7744,22.6871],[105.7747,22.689],[105.7771,22.6921],[105.7727,22.6932],[105.7716,22.6943],[105.7707,22.6938],[105.7679,22.694],[105.7661,22.6962],[105.7624,22.6962],[105.7573,22.7009],[105.7523,22.71],[105.7518,22.7128],[105.7557,22.7157],[105.7594,22.7204],[105.7584,22.7235],[105.7586,22.7249],[105.7578,22.7265],[105.7561,22.7279],[105.755,22.7283],[105.7538,22.7273],[105.7519,22.7267],[105.7503,22.727],[105.7495,22.7292],[105.747,22.7294],[105.7469,22.7309],[105.7457,22.7324],[105.7459,22.7336],[105.7451,22.736],[105.7404,22.7413],[105.7378,22.7402],[105.7373,22.7395],[105.7356,22.7391],[105.7354,22.7365],[105.7361,22.7348],[105.7352,22.7322],[105.7355,22.7309],[105.7329,22.7278],[105.7312,22.7269],[105.7298,22.7252],[105.7263,22.7241],[105.7237,22.7246],[105.7241,22.7257],[105.7231,22.7289],[105.7202,22.7288],[105.7195,22.7284],[105.7188,22.7253],[105.7191,22.7232],[105.717,22.7218],[105.7132,22.722],[105.7118,22.724],[105.7105,22.7247],[105.7096,22.7273],[105.7081,22.7275],[105.705,22.7252],[105.7018,22.7205],[105.6986,22.7246],[105.6967,22.7291],[105.6933,22.7231],[105.692,22.7181],[105.689,22.719],[105.6876,22.718],[105.6859,22.7184],[105.6792,22.7213],[105.6733,22.7254],[105.672,22.7253],[105.6712,22.724],[105.669,22.7227],[105.6678,22.7242],[105.6653,22.7243],[105.6629,22.7221],[105.6622,22.7204],[105.6626,22.7196],[105.6619,22.7186],[105.6559,22.7152],[105.6555,22.7125],[105.6566,22.7115],[105.6562,22.7101],[105.6549,22.7096],[105.6541,22.7078],[105.6529,22.7076],[105.6521,22.7063],[105.6487,22.704],[105.6475,22.7009],[105.6483,22.6989],[105.648,22.6983],[105.6463,22.6984],[105.645,22.6996],[105.6371,22.6989],[105.6356,22.7001],[105.6352,22.7011],[105.6341,22.7009],[105.6333,22.7001],[105.6321,22.7001],[105.6316,22.6987],[105.6269,22.6993],[105.626,22.6987],[105.6248,22.6997],[105.6231,22.699],[105.6223,22.6997],[105.6212,22.7022],[105.6193,22.7023],[105.6186,22.7016],[105.619,22.7006],[105.6186,22.6999],[105.6191,22.6993],[105.6174,22.6979],[105.6137,22.6963],[105.6129,22.6949],[105.6102,22.6934],[105.6096,22.6894],[105.608,22.6882],[105.608,22.6873],[105.6012,22.6832],[105.6023,22.6824],[105.6019,22.6792],[105.6007,22.6793],[105.5997,22.6781],[105.6003,22.6774],[105.6003,22.6753],[105.6017,22.6745],[105.6017,22.6727],[105.6026,22.6716],[105.6025,22.6692],[105.6032,22.6674],[105.5996,22.6672],[105.5985,22.666],[105.5938,22.6663],[105.5923,22.6671],[105.5884,22.6664],[105.5839,22.6679],[105.5827,22.6692],[105.5815,22.6694],[105.5809,22.6679],[105.5791,22.6678],[105.5776,22.6652],[105.5756,22.6642],[105.5759,22.6634],[105.5853,22.6572],[105.5894,22.6562],[105.5917,22.6536],[105.5935,22.6526],[105.5934,22.6511],[105.5917,22.6482],[105.5879,22.6459],[105.5878,22.6447],[105.5862,22.6422],[105.5806,22.6388],[105.5778,22.6351],[105.5765,22.6346],[105.5759,22.6322],[105.5764,22.6307],[105.5742,22.6258],[105.575,22.6245],[105.5761,22.6242],[105.5817,22.6253],[105.5839,22.6251],[105.587,22.6236],[105.5879,22.6222],[105.5929,22.621],[105.5942,22.6186],[105.5941,22.6168],[105.5958,22.6163],[105.5979,22.614],[105.5993,22.6143],[105.6003,22.6133],[105.6,22.6127],[105.6009,22.6102],[105.6019,22.6091],[105.6018,22.6059],[105.6038,22.6022],[105.6022,22.6],[105.6021,22.5962],[105.6035,22.5955],[105.604,22.5916],[105.6052,22.5904],[105.6045,22.5889],[105.6064,22.5853],[105.6108,22.5838],[105.6133,22.5819],[105.6164,22.5825],[105.6189,22.5818],[105.6212,22.5797],[105.6246,22.5798],[105.6274,22.5789],[105.6283,22.5781],[105.6307,22.5781],[105.6367,22.5782],[105.6416,22.5804],[105.6434,22.5828],[105.647,22.5822],[105.6484,22.5834],[105.6528,22.5852],[105.6543,22.5839],[105.6567,22.5835],[105.6581,22.5804],[105.66,22.5811],[105.661,22.579],[105.6639,22.5776],[105.6647,22.5763],[105.6668,22.5758],[105.6695,22.5773],[105.672,22.58],[105.6742,22.5811],[105.6758,22.5813],[105.6769,22.5828],[105.6788,22.583],[105.68,22.5856],[105.6831,22.5864],[105.6861,22.5897],[105.6869,22.5934],[105.6897,22.5969],[105.6888,22.5974],[105.6862,22.601],[105.6843,22.6013],[105.684,22.6031],[105.6865,22.6066],[105.6869,22.6095],[105.6889,22.6123],[105.6905,22.6138],[105.6929,22.6132],[105.6974,22.6143],[105.6976,22.6151],[105.7015,22.6182],[105.7038,22.6193],[105.7085,22.624],[105.7093,22.6276],[105.7114,22.627],[105.7135,22.6278],[105.7142,22.6285],[105.7159,22.6273],[105.7198,22.6287],[105.7212,22.6302],[105.723,22.63],[105.7241,22.6305],[105.7271,22.6336],[105.7277,22.6364]]]},"properties":{"code":"01864","name":"Bằng Thành","nameEn":"Bang Thanh","fullName":"Xã Bằng Thành","fullNameEn":"Bang Thanh Commune","codeName":"bang_thanh","postalCode":"23407","postalCodePrefix":"","gisServerId":"diaphanhanhchinhcapxa_2025.1164","areaKm2":208.22},"id":"01864"},
{"type":"Feature","geometry":{"type":"Polygon","coordinates":[[[105.5756,22.6642],[105.572,22.6657],[105.57,22.6651],[105.5676,22.6651],[105.5629,22.6629],[105.5625,22.6626],[105.5632,22.6617],[105.5624,22.6603],[105.561,22.6599],[105.5609,22.6593],[105.5578,22.6589],[105.5575,22.6574],[105.5537,22.6569],[105.5507,22.6576],[105.549,22.6569],[105.5449,22.6539],[105.5439,22.6538],[105.5439,22.6529],[105.541,22.6492],[105.5412,22.6482],[105.5407,22.6472],[105.5415,22.644],[105.541,22.6423],[105.5412,22.6405],[105.5405,22.6385],[105.5405,22.6366],[105.5394,22.635],[105.5396,22.6335],[105.539,22.6339],[105.5365,22.6336],[105.536,22.633],[105.5346,22.6337],[105.5337,22.6332],[105.5312,22.6333],[105.5315,22.6301],[105.5296,22.6281],[105.5298,22.6234],[105.5303,22.622],[105.529,22.6191],[105.5327,22.6176],[105.5333,22.6144],[105.5351,22.6137],[105.5364,22.6117],[105.5372,22.6118],[105.5384,22.611],[105.5398,22.6074],[105.5429,22.6051],[105.5441,22.6031],[105.5462,22.6012],[105.5486,22.5998],[105.552,22.5991],[105.5496,22.5978],[105.5471,22.594],[105.5464,22.5881],[105.5468,22.5867],[105.5484,22.5853],[105.549,22.5804],[105.5512,22.5783],[105.5516,22.5758],[105.5537,22.5745],[105.5569,22.5745],[105.5588,22.573],[105.5599,22.5709],[105.5601,22.5686],[105.562,22.5672],[105.5636,22.5645],[105.5634,22.56],[105.5715,22.5619],[105.5742,22.5614],[105.5781,22.5582],[105.58,22.5544],[105.5857,22.5523],[105.5863,22.5505],[105.5857,22.5492],[105.5877,22.5486],[105.5887,22.5454],[105.5907,22.5446],[105.5916,22.5436],[105.5916,22.5381],[105.5928,22.5369],[105.5925,22.5355],[105.5938,22.5328],[105.5955,22.5323],[105.5959,22.5316],[105.5952,22.5298],[105.5958,22.5292],[105.5958,22.5275],[105.5949,22.526],[105.5964,22.5234],[105.5977,22.5223],[105.5992,22.5223],[105.5976,22.5195],[105.598,22.5169],[105.5964,22.5154],[105.594,22.5154],[105.5933,22.5146],[105.5932,22.5128],[105.5907,22.5077],[105.5918,22.5078],[105.5961,22.5038],[105.5961,22.5023],[105.5956,22.5021],[105.594,22.4988],[105.5945,22.4978],[105.594,22.4947],[105.5948,22.4916],[105.5977,22.4903],[105.5981,22.4889],[105.5997,22.4878],[105.6013,22.4879],[105.6114,22.4948],[105.6204,22.4962],[105.6224,22.4959],[105.6283,22.4983],[105.6304,22.4976],[105.6319,22.4958],[105.635,22.4947],[105.6378,22.4923],[105.6398,22.4917],[105.6427,22.4952],[105.6437,22.4954],[105.6436,22.4973],[105.6449,22.4988],[105.6466,22.4996],[105.648,22.5014],[105.6521,22.504],[105.6553,22.5026],[105.6574,22.5],[105.6598,22.4984],[105.6611,22.5006],[105.6622,22.5014],[105.6648,22.5022],[105.6668,22.5016],[105.668,22.5031],[105.6741,22.506],[105.6759,22.5048],[105.6782,22.5052],[105.6801,22.5072],[105.682,22.508],[105.6829,22.5093],[105.6831,22.5107],[105.6822,22.5134],[105.6792,22.5173],[105.6793,22.5191],[105.6784,22.522],[105.6788,22.5237],[105.6779,22.525],[105.6786,22.5263],[105.6781,22.5279],[105.6761,22.5297],[105.6754,22.5317],[105.6724,22.5332],[105.6712,22.5364],[105.672,22.5418],[105.674,22.5423],[105.6753,22.5432],[105.6756,22.5448],[105.6741,22.5465],[105.6736,22.5491],[105.6763,22.5534],[105.6765,22.5544],[105.6758,22.5565],[105.6768,22.5594],[105.6734,22.5622],[105.6732,22.5661],[105.6715,22.5669],[105.671,22.5683],[105.6686,22.5688],[105.668,22.5713],[105.6683,22.5725],[105.6671,22.5743],[105.6668,22.5758],[105.6647,22.5763],[105.6639,22.5776],[105.661,22.579],[105.66,22.5811],[105.6581,22.5804],[105.6567,22.5835],[105.6543,22.5839],[105.6528,22.5852],[105.6484,22.5834],[105.647,22.5822],[105.6434,22.5828],[105.6416,22.5804],[105.6367,22.5782],[105.6307,22.5781],[105.6283,22.5781],[105.6274,22.5789],[105.6246,22.5798],[105.6212,22.5797],[105.6189,22.5818],[105.6164,22.5825],[105.6133,22.5819],[105.6108,22.5838],[105.6064,22.5853],[105.6045,22.5889],[105.6052,22.5904],[105.604,22.5916],[105.6035,22.5955],[105.6021,22.5962],[105.6022,22.6],[105.6038,22.6022],[105.6018,22.6059],[105.6019,22.6091],[105.6009,22.6102],[105.6,22.6127],[105.6003,22.6133],[105.5993,22.6143],[105.5979,22.614],[105.5958,22.6163],[105.5941,22.6168],[105.5942,22.6186],[105.5929,22.621],[105.5879,22.6222],[105.587,22.6236],[105.5839,22.6251],[105.5817,22.6253],[105.5761,22.6242],[105.575,22.6245],[105.5742,22.6258],[105.5764,22.6307],[105.5759,22.6322],[105.5765,22.6346],[105.5778,22.6351],[105.5806,22.6388],[105.5862,22.6422],[105.5878,22.6447],[105.5879,22.6459],[105.5917,22.6482],[105.5934,22.6511],[105.5935,22.6526],[105.5917,22.6536],[105.5894,22.6562],[105.5853,22.6572],[105.5759,22.6634],[105.5756,22.6642]]]},"properties":{"code":"01879","name":"Cao Minh","nameEn":"Cao Minh","fullName":"Xã Cao Minh","fullNameEn":"Cao Minh Commune","codeName":"cao_minh","postalCode":"23416","postalCodePrefix":"","gisServerId":"diaphanhanhchinhcapxa_2025.1165","areaKm2":134.89},"id":"01879"},
{"type":"Feature","geometry":{"type":"Polygon","coordinates":[[[105.7789,22.5487],[105.7775,22.5489],[105.7761,22.5503],[105.7743,22.5495],[105.7718,22.5498],[105.7717,22.5517],[105.7737,22.551],[105.7743,22.5515],[105.774,22.5541],[105.7709,22.5553],[105.7695,22.5547],[105.7674,22.5561],[105.7678,22.5567],[105.7732,22.5583],[105.7735,22.5592],[105.7726,22.5619],[105.771,22.5627],[105.7704,22.5647],[105.7713,22.5664],[105.7742,22.5659],[105.7743,22.5674],[105.7757,22.5693],[105.7787,22.5718],[105.7788,22.5732],[105.7773,22.5745],[105.7779,22.5768],[105.7756,22.579],[105.7732,22.5806],[105.7712,22.5835],[105.7683,22.5851],[105.766,22.5887],[105.7629,22.5882],[105.7618,22.5874],[105.7614,22.5858],[105.7574,22.5872],[105.7555,22.5858],[105.7531,22.5866],[105.7516,22.5861],[105.7508,22.5865],[105.7521,22.5885],[105.7507,22.5895],[105.7502,22.5919],[105.7489,22.5925],[105.7479,22.594],[105.746,22.5937],[105.7454,22.5945],[105.747,22.5961],[105.7462,22.5982],[105.7467,22.599],[105.753,22.6032],[105.7527,22.6045],[105.7538,22.6059],[105.7533,22.6085],[105.751,22.6092],[105.7501,22.6137],[105.7465,22.618],[105.745,22.6192],[105.7422,22.6199],[105.7406,22.6214],[105.7414,22.6235],[105.7409,22.6256],[105.7391,22.6282],[105.7372,22.6286],[105.7353,22.6303],[105.7331,22.6312],[105.7281,22.631],[105.7292,22.6331],[105.7287,22.6362],[105.7277,22.6364],[105.7271,22.6336],[105.7241,22.6305],[105.723,22.63],[105.7212,22.6302],[105.7198,22.6287],[105.7159,22.6273],[105.7142,22.6285],[105.7135,22.6278],[105.7114,22.627],[105.7093,22.6276],[105.7085,22.624],[105.7038,22.6193],[105.7015,22.6182],[105.6976,22.6151],[105.6974,22.6143],[105.6929,22.6132],[105.6905,22.6138],[105.6889,22.6123],[105.6869,22.6095],[105.6865,22.6066],[105.684,22.6031],[105.6843,22.6013],[105.6862,22.601],[105.6888,22.5974],[105.6897,22.5969],[105.6869,22.5934],[105.6861,22.5897],[105.6831,22.5864],[105.68,22.5856],[105.6788,22.583],[105.6769,22.5828],[105.6758,22.5813],[105.6742,22.5811],[105.672,22.58],[105.6695,22.5773],[105.6668,22.5758],[105.6671,22.5743],[105.6683,22.5725],[105.668,22.5713],[105.6686,22.5688],[105.671,22.5683],[105.6715,22.5669],[105.6732,22.5661],[105.6734,22.5622],[105.6768,22.5594],[105.6758,22.5565],[105.6765,22.5544],[105.6763,22.5534],[105.6736,22.5491],[105.6741,22.5465],[105.6756,22.5448],[105.6753,22.5432],[105.674,22.5423],[105.672,22.5418],[105.6712,22.5364],[105.6724,22.5332],[105.6754,22.5317],[105.6761,22.5297],[105.6781,22.5279],[105.6786,22.5263],[105.6779,22.525],[105.6788,22.5237],[105.6784,22.522],[105.6793,22.5191],[105.6792,22.5173],[105.6822,22.5134],[105.6831,22.5107],[105.6864,22.5052],[105.686,22.5033],[105.6849,22.5029],[105.6829,22.4995],[105.6832,22.4979],[105.6817,22.4956],[105.6818,22.4931],[105.6834,22.4913],[105.6849,22.4906],[105.6847,22.4888],[105.686,22.4871],[105.6859,22.4864],[105.6888,22.4815],[105.6883,22.483],[105.6889,22.4842],[105.6927,22.4836],[105.6945,22.4842],[105.6969,22.484],[105.7003,22.4856],[105.7021,22.4874],[105.7054,22.4885],[105.7064,22.4895],[105.7119,22.4899],[105.7128,22.4913],[105.7144,22.4918],[105.7149,22.4911],[105.7181,22.4897],[105.7189,22.488],[105.7279,22.4858],[105.7287,22.4851],[105.7305,22.4851],[105.7317,22.4828],[105.7354,22.4795],[105.7359,22.4802],[105.7392,22.4812],[105.7432,22.4812],[105.7458,22.4822],[105.7472,22.4819],[105.7546,22.4854],[105.7559,22.4853],[105.7561,22.4844],[105.7573,22.4841],[105.7616,22.4864],[105.7626,22.4873],[105.7622,22.4895],[105.7627,22.4911],[105.7617,22.4927],[105.7609,22.4929],[105.762,22.4947],[105.7629,22.5006],[105.7623,22.505],[105.7608,22.5066],[105.7608,22.5092],[105.7591,22.5114],[105.7609,22.514],[105.7595,22.5203],[105.7583,22.5211],[105.7566,22.5249],[105.7567,22.5306],[105.7573,22.532],[105.7592,22.5332],[105.7625,22.5341],[105.7674,22.5389],[105.7721,22.5402],[105.7744,22.5415],[105.7749,22.5411],[105.776,22.5415],[105.7772,22.544],[105.7788,22.5451],[105.7792,22.5475],[105.7789,22.5487]]]},"properties":{"code":"01882","name":"Nghiên Loan","nameEn":"Nghien Loan","fullName":"Xã Nghiên Loan","fullNameEn":"Nghien Loan Commune","codeName":"nghien_loan","postalCode":"23413","postalCodePrefix":"","gisServerId":"diaphanhanhchinhcapxa_2025.1166","areaKm2":130.33},"id":"01882"},
{"type":"Feature","geometry":{"type":"Polygon","coordinates":[[[105.9038,22.4956],[105.9018,22.4997],[105.8997,22.5017],[105.8982,22.5042],[105.8982,22.506],[105.8994,22.5071],[105.8977,22.5075],[105.8941,22.5097],[105.8927,22.5097],[105.8901,22.5112],[105.883,22.5136],[105.8756,22.5142],[105.871,22.5167],[105.8689,22.5171],[105.8679,22.5178],[105.8672,22.5195],[105.8649,22.5205],[105.8618,22.5206],[105.8601,22.5214],[105.8573,22.5204],[105.8565,22.521],[105.8523,22.52],[105.8505,22.5204],[105.8485,22.5194],[105.8466,22.5173],[105.8417,22.5151],[105.8379,22.5157],[105.8369,22.5164],[105.8341,22.5161],[105.834,22.5153],[105.8324,22.5175],[105.8332,22.5266],[105.8308,22.5266],[105.8297,22.5255],[105.8292,22.5239],[105.8213,22.5203],[105.8186,22.5214],[105.8135,22.5214],[105.8111,22.522],[105.8098,22.5218],[105.808,22.5235],[105.8068,22.5233],[105.8061,22.5238],[105.8043,22.5234],[105.8017,22.5258],[105.8013,22.5279],[105.8,22.5304],[105.7983,22.531],[105.7982,22.533],[105.7962,22.5336],[105.7954,22.5347],[105.7943,22.5373],[105.793,22.5387],[105.7925,22.54],[105.7931,22.5416],[105.7911,22.5442],[105.7909,22.546],[105.7904,22.5466],[105.7877,22.5474],[105.7872,22.5505],[105.7856,22.5514],[105.7834,22.5511],[105.782,22.5488],[105.78,22.5492],[105.7789,22.5487],[105.7792,22.5475],[105.7788,22.5451],[105.7772,22.544],[105.776,22.5415],[105.7749,22.5411],[105.7744,22.5415],[105.7721,22.5402],[105.7674,22.5389],[105.7625,22.5341],[105.7592,22.5332],[105.7573,22.532],[105.7567,22.5306],[105.7566,22.5249],[105.7583,22.5211],[105.7595,22.5203],[105.7609,22.514],[105.7591,22.5114],[105.7608,22.5092],[105.7608,22.5066],[105.7623,22.505],[105.7629,22.5006],[105.762,22.4947],[105.7609,22.4929],[105.7617,22.4927],[105.7627,22.4911],[105.7622,22.4895],[105.7626,22.4873],[105.7616,22.4864],[105.7642,22.4859],[105.7658,22.4835],[105.7638,22.48],[105.7619,22.472],[105.7642,22.4695],[105.7644,22.4678],[105.7638,22.4657],[105.7654,22.463],[105.7647,22.459],[105.7622,22.4586],[105.7624,22.458],[105.7613,22.4566],[105.7612,22.4525],[105.7618,22.4513],[105.7616,22.449],[105.763,22.4477],[105.7644,22.4474],[105.765,22.4464],[105.7665,22.4462],[105.768,22.4438],[105.771,22.4429],[105.7741,22.4403],[105.7778,22.4382],[105.7777,22.4367],[105.7785,22.4354],[105.7779,22.4309],[105.7784,22.4298],[105.7795,22.4301],[105.7816,22.4294],[105.783,22.4281],[105.7853,22.4278],[105.7854,22.4258],[105.786,22.4251],[105.7871,22.4255],[105.7881,22.4219],[105.789,22.4203],[105.7939,22.4177],[105.7952,22.4157],[105.797,22.4149],[105.7963,22.4128],[105.7963,22.4092],[105.7976,22.4087],[105.7976,22.4078],[105.7991,22.4064],[105.7992,22.4051],[105.8015,22.4063],[105.8031,22.406],[105.8049,22.4068],[105.8069,22.4058],[105.8091,22.4057],[105.8119,22.4033],[105.8124,22.4004],[105.8159,22.3971],[105.8206,22.3989],[105.8221,22.3985],[105.8249,22.3994],[105.8307,22.403],[105.8317,22.4054],[105.8396,22.4082],[105.8402,22.4051],[105.8417,22.4037],[105.8436,22.4032],[105.8459,22.4036],[105.848,22.4027],[105.8492,22.4001],[105.8491,22.396],[105.85,22.3944],[105.8501,22.3926],[105.8529,22.3913],[105.8543,22.3898],[105.8596,22.4019],[105.8604,22.4023],[105.8623,22.4023],[105.8656,22.4046],[105.8668,22.4048],[105.8709,22.411],[105.8713,22.4131],[105.8699,22.4146],[105.8699,22.4167],[105.8692,22.4173],[105.8691,22.4239],[105.8715,22.4312],[105.8738,22.4337],[105.876,22.4393],[105.8771,22.4402],[105.8789,22.4434],[105.882,22.4464],[105.883,22.4523],[105.8824,22.4542],[105.8834,22.4558],[105.8831,22.4589],[105.8843,22.4604],[105.8833,22.4641],[105.885,22.4654],[105.8867,22.4681],[105.8868,22.4691],[105.8881,22.4699],[105.8893,22.4718],[105.8924,22.473],[105.8945,22.4749],[105.8966,22.4751],[105.8979,22.4762],[105.9004,22.4788],[105.8993,22.4823],[105.9016,22.485],[105.9016,22.486],[105.9026,22.4869],[105.9048,22.4915],[105.9038,22.4941],[105.9038,22.4956]]]},"properties":{"code":"01894","name":"Phúc Lộc","nameEn":"Phuc Loc","fullName":"Xã Phúc Lộc","fullNameEn":"Phuc Loc Commune","codeName":"phuc_loc","postalCode":"23508","postalCodePrefix":"","gisServerId":"diaphanhanhchinhcapxa_2025.1168","areaKm2":163.06},"id":"01894"},
{"type":"Feature","geometry":{"type":"Polygon","coordinates":[[[105.5981,22.4889],[105.5956,22.4897],[105.5808,22.48],[105.5803,22.4789],[105.5782,22.4778],[105.5726,22.4729],[105.5711,22.4725],[105.567,22.4694],[105.566,22.4665],[105.5645,22.4653],[105.5643,22.4641],[105.5635,22.4634],[105.5598,22.4628],[105.5591,22.4609],[105.5593,22.4596],[105.5581,22.4548],[105.5595,22.4513],[105.559,22.4497],[105.5556,22.4457],[105.5559,22.4434],[105.5551,22.4411],[105.5569,22.4395],[105.5564,22.4395],[105.5563,22.4387],[105.5554,22.4377],[105.5484,22.4378],[105.5506,22.4343],[105.5522,22.4337],[105.5534,22.4324],[105.5539,22.429],[105.5552,22.4284],[105.5526,22.4258],[105.5503,22.4205],[105.5504,22.418],[105.5512,22.417],[105.5509,22.4161],[105.5523,22.4143],[105.5528,22.4119],[105.5536,22.4114],[105.5556,22.4117],[105.5587,22.4098],[105.5601,22.4099],[105.565,22.4168],[105.5666,22.4179],[105.5708,22.4192],[105.5714,22.416],[105.5707,22.4143],[105.5729,22.4136],[105.5749,22.4111],[105.575,22.4091],[105.5741,22.4063],[105.5754,22.4054],[105.5755,22.4043],[105.5748,22.402],[105.5736,22.4003],[105.575,22.3984],[105.575,22.3958],[105.5763,22.395],[105.5785,22.39],[105.58,22.3894],[105.5802,22.3876],[105.5905,22.3838],[105.5923,22.3851],[105.5928,22.3863],[105.5954,22.3875],[105.5959,22.3889],[105.6007,22.3938],[105.6062,22.3945],[105.608,22.3935],[105.6093,22.388],[105.6119,22.3864],[105.6145,22.3863],[105.6188,22.3886],[105.6221,22.3916],[105.6254,22.391],[105.6269,22.3897],[105.6289,22.3889],[105.6299,22.385],[105.6328,22.3842],[105.6353,22.3846],[105.6367,22.3836],[105.64,22.3796],[105.6401,22.3767],[105.6386,22.3748],[105.6384,22.3726],[105.6406,22.3727],[105.6407,22.3721],[105.6377,22.3694],[105.6372,22.368],[105.6402,22.3669],[105.6427,22.3677],[105.6463,22.3704],[105.6528,22.3769],[105.6534,22.3776],[105.6531,22.3843],[105.6544,22.3902],[105.6557,22.3927],[105.6568,22.3916],[105.6595,22.3911],[105.6605,22.39],[105.6648,22.3881],[105.6682,22.3856],[105.6717,22.385],[105.6772,22.3817],[105.6786,22.3836],[105.6817,22.384],[105.6837,22.386],[105.6933,22.3927],[105.6968,22.3923],[105.7003,22.3942],[105.7024,22.3947],[105.706,22.3973],[105.7067,22.3984],[105.705,22.4029],[105.7,22.408],[105.6968,22.4094],[105.6952,22.4111],[105.6911,22.4119],[105.6877,22.4136],[105.6872,22.4155],[105.6852,22.4165],[105.6848,22.4195],[105.6814,22.4221],[105.6821,22.4248],[105.6815,22.4311],[105.6829,22.4362],[105.6814,22.4385],[105.6809,22.4422],[105.679,22.4441],[105.681,22.4446],[105.6821,22.4459],[105.6819,22.448],[105.6834,22.4493],[105.6824,22.4508],[105.6803,22.4505],[105.6785,22.4521],[105.6757,22.4531],[105.6744,22.4582],[105.6731,22.4589],[105.6732,22.4597],[105.6722,22.46],[105.6708,22.4621],[105.6716,22.4633],[105.6705,22.4642],[105.6716,22.4655],[105.6703,22.4664],[105.669,22.4664],[105.6701,22.4676],[105.6692,22.4706],[105.6658,22.474],[105.6638,22.4747],[105.6663,22.4761],[105.669,22.4768],[105.6705,22.4759],[105.6723,22.4764],[105.6736,22.476],[105.6745,22.4772],[105.6745,22.4796],[105.675,22.4804],[105.6774,22.4797],[105.6797,22.4814],[105.6808,22.4815],[105.6849,22.4797],[105.6863,22.4804],[105.6869,22.4818],[105.6888,22.4815],[105.6859,22.4864],[105.686,22.4871],[105.6847,22.4888],[105.6849,22.4906],[105.6834,22.4913],[105.6818,22.4931],[105.6817,22.4956],[105.6832,22.4979],[105.6829,22.4995],[105.6849,22.5029],[105.686,22.5033],[105.6864,22.5052],[105.6831,22.5107],[105.6829,22.5093],[105.682,22.508],[105.6801,22.5072],[105.6782,22.5052],[105.6759,22.5048],[105.6741,22.506],[105.668,22.5031],[105.6668,22.5016],[105.6648,22.5022],[105.6622,22.5014],[105.6611,22.5006],[105.6598,22.4984],[105.6574,22.5],[105.6553,22.5026],[105.6521,22.504],[105.648,22.5014],[105.6466,22.4996],[105.6449,22.4988],[105.6436,22.4973],[105.6437,22.4954],[105.6427,22.4952],[105.6398,22.4917],[105.6378,22.4923],[105.635,22.4947],[105.6319,22.4958],[105.6304,22.4976],[105.6283,22.4983],[105.6224,22.4959],[105.6204,22.4962],[105.6114,22.4948],[105.6013,22.4879],[105.5997,22.4878],[105.5981,22.4889]]]},"properties":{"code":"01906","name":"Ba Bể","nameEn":"Ba Be","fullName":"Xã Ba Bể","fullNameEn":"Ba Be Commune","codeName":"ba_be","postalCode":"23522","postalCodePrefix":"","gisServerId":"diaphanhanhchinhcapxa_2025.1169","areaKm2":148.08},"id":"01906"},
{"type":"Feature","geometry":{"type":"Polygon","coordinates":[[[105.7616,22.4864],[105.7573,22.4841],[105.7561,22.4844],[105.7559,22.4853],[105.7546,22.4854],[105.7472,22.4819],[105.7458,22.4822],[105.7432,22.4812],[105.7392,22.4812],[105.7359,22.4802],[105.7354,22.4795],[105.7317,22.4828],[105.7305,22.4851],[105.7287,22.4851],[105.7279,22.4858],[105.7189,22.488],[105.7181,22.4897],[105.7149,22.4911],[105.7144,22.4918],[105.7128,22.4913],[105.7119,22.4899],[105.7064,22.4895],[105.7054,22.4885],[105.7021,22.4874],[105.7003,22.4856],[105.6969,22.484],[105.6945,22.4842],[105.6927,22.4836],[105.6889,22.4842],[105.6883,22.483],[105.6888,22.4815],[105.6869,22.4818],[105.6863,22.4804],[105.6849,22.4797],[105.6808,22.4815],[105.6797,22.4814],[105.6774,22.4797],[105.675,22.4804],[105.6745,22.4796],[105.6745,22.4772],[105.6736,22.476],[105.6723,22.4764],[105.6705,22.4759],[105.669,22.4768],[105.6663,22.4761],[105.6638,22.4747],[105.6658,22.474],[105.6692,22.4706],[105.6701,22.4676],[105.669,22.4664],[105.6703,22.4664],[105.6716,22.4655],[105.6705,22.4642],[105.6716,22.4633],[105.6708,22.4621],[105.6722,22.46],[105.6732,22.4597],[105.6731,22.4589],[105.6744,22.4582],[105.6757,22.4531],[105.6785,22.4521],[105.6803,22.4505],[105.6824,22.4508],[105.6834,22.4493],[105.6819,22.448],[105.6821,22.4459],[105.681,22.4446],[105.679,22.4441],[105.6809,22.4422],[105.6814,22.4385],[105.6829,22.4362],[105.6815,22.4311],[105.6821,22.4248],[105.6814,22.4221],[105.6848,22.4195],[105.6852,22.4165],[105.6872,22.4155],[105.6877,22.4136],[105.6911,22.4119],[105.6952,22.4111],[105.6968,22.4094],[105.7,22.408],[105.705,22.4029],[105.7067,22.3984],[105.7098,22.3978],[105.7112,22.3964],[105.7125,22.3963],[105.7137,22.3953],[105.7222,22.3938],[105.7217,22.3928],[105.7226,22.3899],[105.7227,22.3867],[105.7218,22.3841],[105.7223,22.3819],[105.7235,22.3818],[105.7257,22.3795],[105.7289,22.3795],[105.733,22.3782],[105.7382,22.3824],[105.7419,22.3831],[105.7443,22.3863],[105.7469,22.3871],[105.75,22.3866],[105.7542,22.3885],[105.7568,22.389],[105.7574,22.3907],[105.7591,22.393],[105.7581,22.3939],[105.7582,22.3979],[105.7603,22.3995],[105.7619,22.3999],[105.7622,22.4019],[105.7632,22.403],[105.7646,22.407],[105.7675,22.4067],[105.7688,22.4072],[105.7717,22.4128],[105.775,22.4175],[105.7791,22.4184],[105.7812,22.4184],[105.7823,22.4199],[105.7844,22.4212],[105.7881,22.4219],[105.7871,22.4255],[105.786,22.4251],[105.7854,22.4258],[105.7853,22.4278],[105.783,22.4281],[105.7816,22.4294],[105.7795,22.4301],[105.7784,22.4298],[105.7779,22.4309],[105.7785,22.4354],[105.7777,22.4367],[105.7778,22.4382],[105.7741,22.4403],[105.771,22.4429],[105.768,22.4438],[105.7665,22.4462],[105.765,22.4464],[105.7644,22.4474],[105.763,22.4477],[105.7616,22.449],[105.7618,22.4513],[105.7612,22.4525],[105.7613,22.4566],[105.7624,22.458],[105.7622,22.4586],[105.7647,22.459],[105.7654,22.463],[105.7638,22.4657],[105.7644,22.4678],[105.7642,22.4695],[105.7619,22.472],[105.7638,22.48],[105.7658,22.4835],[105.7642,22.4859],[105.7616,22.4864]]]},"properties":{"code":"01912","name":"Chợ Rã","nameEn":"Cho Ra","fullName":"Xã Chợ Rã","fullNameEn":"Cho Ra Commune","codeName":"cho_ra","postalCode":"23506","postalCodePrefix":"","gisServerId":"diaphanhanhchinhcapxa_2025.1167","areaKm2":92.81},"id":"01912"},
{"type":"Feature","geometry":{"type":"Polygon","coordinates":[[[105.8543,22.3898],[105.8529,22.3913],[105.8501,22.3926],[105.85,22.3944],[105.8491,22.396],[105.8492,22.4001],[105.848,22.4027],[105.8459,22.4036],[105.8436,22.4032],[105.8417,22.4037],[105.8402,22.4051],[105.8396,22.4082],[105.8317,22.4054],[105.8307,22.403],[105.8249,22.3994],[105.8221,22.3985],[105.8206,22.3989],[105.8159,22.3971],[105.8124,22.4004],[105.8119,22.4033],[105.8091,22.4057],[105.8069,22.4058],[105.8049,22.4068],[105.8031,22.406],[105.8015,22.4063],[105.7992,22.4051],[105.7991,22.4064],[105.7976,22.4078],[105.7976,22.4087],[105.7963,22.4092],[105.7963,22.4128],[105.797,22.4149],[105.7952,22.4157],[105.7939,22.4177],[105.789,22.4203],[105.7881,22.4219],[105.7844,22.4212],[105.7823,22.4199],[105.7812,22.4184],[105.7791,22.4184],[105.775,22.4175],[105.7717,22.4128],[105.7688,22.4072],[105.7675,22.4067],[105.7646,22.407],[105.7632,22.403],[105.7622,22.4019],[105.7619,22.3999],[105.7603,22.3995],[105.7582,22.3979],[105.7581,22.3939],[105.7591,22.393],[105.7574,22.3907],[105.7568,22.389],[105.7542,22.3885],[105.75,22.3866],[105.7469,22.3871],[105.7443,22.3863],[105.7419,22.3831],[105.7382,22.3824],[105.733,22.3782],[105.7326,22.3758],[105.7344,22.3723],[105.738,22.371],[105.7396,22.3682],[105.7429,22.3652],[105.7448,22.365],[105.7459,22.3655],[105.7466,22.3641],[105.7468,22.3613],[105.7477,22.3601],[105.7497,22.3592],[105.7511,22.3578],[105.7546,22.3556],[105.7571,22.3558],[105.7577,22.3543],[105.7566,22.3514],[105.7572,22.3476],[105.7659,22.345],[105.7672,22.3415],[105.7688,22.3408],[105.7709,22.3376],[105.7718,22.3355],[105.7714,22.3317],[105.7718,22.3278],[105.7712,22.3264],[105.7754,22.3253],[105.7763,22.3234],[105.7762,22.3213],[105.7777,22.3174],[105.7781,22.3146],[105.7788,22.3143],[105.781,22.3108],[105.784,22.3098],[105.7854,22.3073],[105.7853,22.3036],[105.7871,22.3013],[105.7872,22.2996],[105.7859,22.2983],[105.786,22.2969],[105.7885,22.2896],[105.7875,22.2873],[105.7924,22.2866],[105.795,22.2874],[105.7988,22.2875],[105.8021,22.2889],[105.8097,22.2886],[105.815,22.2939],[105.8192,22.2941],[105.8209,22.2969],[105.8242,22.2977],[105.8256,22.2997],[105.8258,22.3015],[105.8276,22.3026],[105.829,22.3049],[105.8317,22.3064],[105.8353,22.3057],[105.8379,22.3077],[105.847,22.3055],[105.848,22.3066],[105.8494,22.307],[105.8519,22.3059],[105.8551,22.3063],[105.8618,22.3055],[105.8647,22.3066],[105.8666,22.3065],[105.8681,22.3071],[105.8733,22.3068],[105.8764,22.3105],[105.8765,22.3165],[105.8815,22.3171],[105.8843,22.3163],[105.8873,22.3177],[105.8892,22.3217],[105.8884,22.3237],[105.888,22.3278],[105.8871,22.3282],[105.8868,22.3304],[105.8856,22.3321],[105.8844,22.3332],[105.8839,22.3369],[105.882,22.3394],[105.8793,22.3406],[105.8789,22.3417],[105.8779,22.3422],[105.8765,22.3465],[105.8756,22.3477],[105.8737,22.3482],[105.8723,22.3478],[105.8645,22.3519],[105.8629,22.3539],[105.863,22.3553],[105.8616,22.3576],[105.8616,22.359],[105.8599,22.3605],[105.8597,22.3613],[105.8523,22.3627],[105.8517,22.3632],[105.8518,22.3641],[105.8504,22.3644],[105.8515,22.365],[105.8519,22.3664],[105.8535,22.3685],[105.8555,22.3698],[105.8563,22.3721],[105.8596,22.3751],[105.8597,22.3757],[105.8596,22.3805],[105.8585,22.3815],[105.859,22.3826],[105.8583,22.3846],[105.8543,22.3898]]]},"properties":{"code":"01921","name":"Thượng Minh","nameEn":"Thuong Minh","fullName":"Xã Thượng Minh","fullNameEn":"Thuong Minh Commune","codeName":"thuong_minh","postalCode":"23523","postalCodePrefix":"","gisServerId":"diaphanhanhchinhcapxa_2025.1170","areaKm2":131.64},"id":"01921"},
{"type":"Feature","geometry":{"type":"Polygon","coordinates":[[[105.733,22.3782],[105.7289,22.3795],[105.7257,22.3795],[105.7235,22.3818],[105.7223,22.3819],[105.7218,22.3841],[105.7227,22.3867],[105.7226,22.3899],[105.7217,22.3928],[105.7222,22.3938],[105.7137,22.3953],[105.7125,22.3963],[105.7112,22.3964],[105.7098,22.3978],[105.7067,22.3984],[105.706,22.3973],[105.7024,22.3947],[105.7003,22.3942],[105.6968,22.3923],[105.6933,22.3927],[105.6837,22.386],[105.6817,22.384],[105.6786,22.3836],[105.6772,22.3817],[105.6717,22.385],[105.6682,22.3856],[105.6648,22.3881],[105.6605,22.39],[105.6595,22.3911],[105.6568,22.3916],[105.6557,22.3927],[105.6544,22.3902],[105.6531,22.3843],[105.6534,22.3776],[105.6528,22.3769],[105.6463,22.3704],[105.6427,22.3677],[105.6402,22.3669],[105.6372,22.368],[105.6353,22.3629],[105.6362,22.3599],[105.6372,22.3596],[105.6381,22.3601],[105.6396,22.3596],[105.6441,22.3602],[105.6462,22.3613],[105.6488,22.3603],[105.6496,22.3595],[105.65,22.358],[105.652,22.356],[105.6515,22.3549],[105.6514,22.3491],[105.6522,22.3477],[105.6505,22.3451],[105.6435,22.3434],[105.6429,22.3427],[105.6418,22.3426],[105.6395,22.3405],[105.637,22.3393],[105.636,22.3394],[105.633,22.3382],[105.629,22.3383],[105.6252,22.3351],[105.6246,22.334],[105.6244,22.3316],[105.6226,22.3293],[105.6234,22.3274],[105.6233,22.3254],[105.6217,22.3248],[105.6192,22.3219],[105.6207,22.3215],[105.6206,22.3184],[105.6222,22.3162],[105.621,22.3112],[105.623,22.3095],[105.6238,22.308],[105.6298,22.3063],[105.636,22.3074],[105.64,22.3074],[105.6416,22.3065],[105.6444,22.3036],[105.6451,22.3017],[105.6442,22.3001],[105.6465,22.2979],[105.6485,22.298],[105.6509,22.2937],[105.6518,22.2935],[105.6529,22.2942],[105.654,22.2939],[105.6549,22.2945],[105.6565,22.292],[105.6589,22.2903],[105.6619,22.2897],[105.6613,22.2869],[105.6545,22.2812],[105.6543,22.2772],[105.6551,22.276],[105.6547,22.2743],[105.6532,22.2733],[105.6538,22.2702],[105.6506,22.2673],[105.6503,22.2641],[105.6493,22.2621],[105.6468,22.2595],[105.6439,22.2578],[105.6427,22.2544],[105.6381,22.2503],[105.6381,22.249],[105.6375,22.2487],[105.6361,22.2451],[105.6369,22.2441],[105.6385,22.2435],[105.6443,22.2427],[105.6481,22.2402],[105.6486,22.2394],[105.6495,22.2394],[105.6506,22.2386],[105.6513,22.2372],[105.6508,22.2345],[105.6512,22.2332],[105.6507,22.232],[105.6554,22.2299],[105.6568,22.2288],[105.6572,22.2273],[105.6595,22.2254],[105.66,22.2242],[105.6628,22.2236],[105.6651,22.2221],[105.6669,22.2232],[105.6683,22.2251],[105.6708,22.2255],[105.673,22.2267],[105.6742,22.2263],[105.6761,22.2229],[105.6759,22.2206],[105.6768,22.2207],[105.6779,22.2221],[105.6798,22.223],[105.681,22.2229],[105.6832,22.2239],[105.6848,22.2238],[105.6858,22.2246],[105.688,22.2248],[105.6894,22.2257],[105.6916,22.2261],[105.7026,22.2268],[105.7039,22.2264],[105.7046,22.2245],[105.7084,22.2254],[105.7113,22.2267],[105.7114,22.2317],[105.711,22.2341],[105.7119,22.2356],[105.7118,22.2373],[105.7126,22.24],[105.7112,22.2414],[105.7102,22.2445],[105.7106,22.2468],[105.7086,22.2512],[105.7085,22.2553],[105.7061,22.26],[105.7107,22.2626],[105.7135,22.2634],[105.715,22.2631],[105.7178,22.2664],[105.7226,22.2677],[105.7234,22.2687],[105.7249,22.2694],[105.7252,22.2712],[105.727,22.2728],[105.7306,22.2739],[105.7335,22.2728],[105.7353,22.2727],[105.7389,22.2745],[105.741,22.2747],[105.7469,22.2733],[105.7529,22.2733],[105.7567,22.2705],[105.7643,22.2707],[105.7654,22.2718],[105.7721,22.2722],[105.7743,22.2761],[105.7775,22.2774],[105.7794,22.2772],[105.7813,22.2787],[105.7859,22.2803],[105.7881,22.282],[105.789,22.2834],[105.7892,22.2845],[105.7875,22.2873],[105.7885,22.2896],[105.786,22.2969],[105.7859,22.2983],[105.7872,22.2996],[105.7871,22.3013],[105.7853,22.3036],[105.7854,22.3073],[105.784,22.3098],[105.781,22.3108],[105.7788,22.3143],[105.7781,22.3146],[105.7777,22.3174],[105.7762,22.3213],[105.7763,22.3234],[105.7754,22.3253],[105.7712,22.3264],[105.7718,22.3278],[105.7714,22.3317],[105.7718,22.3355],[105.7709,22.3376],[105.7688,22.3408],[105.7672,22.3415],[105.7659,22.345],[105.7572,22.3476],[105.7566,22.3514],[105.7577,22.3543],[105.7571,22.3558],[105.7546,22.3556],[105.7511,22.3578],[105.7497,22.3592],[105.7477,22.3601],[105.7468,22.3613],[105.7466,22.3641],[105.7459,22.3655],[105.7448,22.365],[105.7429,22.3652],[105.7396,22.3682],[105.738,22.371],[105.7344,22.3723],[105.7326,22.3758],[105.733,22.3782]]]},"properties":{"code":"01933","name":"Đồng Phúc","nameEn":"Dong Phuc","fullName":"Xã Đồng Phúc","fullNameEn":"Dong Phuc Commune","codeName":"dong_phuc","postalCode":"23521","postalCodePrefix":"","gisServerId":"diaphanhanhchinhcapxa_2025.1171","areaKm2":199.11},"id":"01933"},
{"type":"Feature","geometry":{"type":"Polygon","coordinates":[[[105.9518,22.3995],[105.9486,22.3986],[105.9455,22.4003],[105.9451,22.3999],[105.9428,22.4001],[105.9419,22.4013],[105.9424,22.4023],[105.9458,22.4042],[105.9463,22.406],[105.9486,22.4092],[105.9486,22.4116],[105.9475,22.4128],[105.9464,22.4176],[105.9472,22.4197],[105.9468,22.4221],[105.9477,22.4237],[105.948,22.4265],[105.9502,22.4282],[105.9494,22.4321],[105.9482,22.4338],[105.9487,22.4351],[105.9484,22.4365],[105.9491,22.4376],[105.9474,22.4404],[105.9441,22.4414],[105.9435,22.4421],[105.9474,22.444],[105.9445,22.4444],[105.9405,22.4475],[105.934,22.4497],[105.9308,22.4514],[105.9285,22.4512],[105.9271,22.4523],[105.9242,22.4506],[105.9219,22.4518],[105.9179,22.4554],[105.9181,22.4576],[105.9195,22.4604],[105.9189,22.4616],[105.9169,22.4629],[105.9149,22.4634],[105.9112,22.4627],[105.9106,22.4634],[105.908,22.4639],[105.9046,22.4666],[105.9025,22.4673],[105.9015,22.4682],[105.9006,22.4704],[105.8978,22.473],[105.8974,22.4745],[105.8979,22.4762],[105.8966,22.4751],[105.8945,22.4749],[105.8924,22.473],[105.8893,22.4718],[105.8881,22.4699],[105.8868,22.4691],[105.8867,22.4681],[105.885,22.4654],[105.8833,22.4641],[105.8843,22.4604],[105.8831,22.4589],[105.8834,22.4558],[105.8824,22.4542],[105.883,22.4523],[105.882,22.4464],[105.8789,22.4434],[105.8771,22.4402],[105.876,22.4393],[105.8738,22.4337],[105.8715,22.4312],[105.8691,22.4239],[105.8692,22.4173],[105.8699,22.4167],[105.8699,22.4146],[105.8713,22.4131],[105.8709,22.411],[105.8668,22.4048],[105.8656,22.4046],[105.8623,22.4023],[105.8604,22.4023],[105.8596,22.4019],[105.8543,22.3898],[105.8583,22.3846],[105.859,22.3826],[105.8585,22.3815],[105.8596,22.3805],[105.8597,22.3757],[105.8596,22.3751],[105.8563,22.3721],[105.8555,22.3698],[105.8535,22.3685],[105.8519,22.3664],[105.8515,22.365],[105.8504,22.3644],[105.8518,22.3641],[105.8517,22.3632],[105.8523,22.3627],[105.8597,22.3613],[105.8599,22.3605],[105.8616,22.359],[105.8616,22.3576],[105.863,22.3553],[105.8629,22.3539],[105.8645,22.3519],[105.8723,22.3478],[105.8737,22.3482],[105.8756,22.3477],[105.8765,22.3465],[105.8779,22.3422],[105.8789,22.3417],[105.8793,22.3406],[105.882,22.3394],[105.8839,22.3369],[105.8844,22.3332],[105.8856,22.3321],[105.892,22.3354],[105.8935,22.3356],[105.8964,22.3389],[105.8996,22.3393],[105.8991,22.3423],[105.9005,22.3434],[105.9034,22.3442],[105.9032,22.3469],[105.9051,22.3516],[105.9041,22.355],[105.9051,22.3563],[105.9052,22.3582],[105.906,22.3594],[105.9077,22.3602],[105.9105,22.3607],[105.9188,22.3612],[105.9214,22.3628],[105.9252,22.3621],[105.927,22.3625],[105.9298,22.3613],[105.9346,22.3615],[105.9369,22.3622],[105.943,22.3667],[105.9452,22.3656],[105.9471,22.3664],[105.9496,22.3674],[105.9522,22.371],[105.9554,22.3742],[105.9574,22.3753],[105.9581,22.3775],[105.9571,22.3813],[105.9555,22.3823],[105.9535,22.3827],[105.954,22.3871],[105.9524,22.3886],[105.9525,22.392],[105.9534,22.3928],[105.9534,22.3943],[105.9513,22.3967],[105.952,22.3985],[105.9518,22.3995]]]},"properties":{"code":"01936","name":"Nà Phặc","nameEn":"Na Phac","fullName":"Xã Nà Phặc","fullNameEn":"Na Phac Commune","codeName":"na_phac","postalCode":"23312","postalCodePrefix":"","gisServerId":"diaphanhanhchinhcapxa_2025.1172","areaKm2":101.18},"id":"01936"},
{"type":"Feature","geometry":{"type":"Polygon","coordinates":[[[106.0945,22.4459],[106.0973,22.447],[106.1001,22.45],[106.1017,22.4504],[106.1043,22.4524],[106.1051,22.4549],[106.1064,22.456],[106.1074,22.459],[106.1091,22.4611],[106.1096,22.4632],[106.1106,22.4636],[106.1119,22.4649],[106.1122,22.4661],[106.113,22.4663],[106.1152,22.4685],[106.1157,22.4701],[106.118,22.4706],[106.1197,22.472],[106.1189,22.4745],[106.1175,22.4763],[106.117,22.4786],[106.1146,22.4827],[106.1154,22.4861],[106.1167,22.4882],[106.1165,22.4947],[106.1187,22.499],[106.1178,22.5056],[106.1181,22.5072],[106.1195,22.5097],[106.1183,22.5107],[106.1175,22.5124],[106.1157,22.5122],[106.1125,22.5128],[106.112,22.514],[106.1071,22.5151],[106.1061,22.516],[106.1019,22.5163],[106.1006,22.5175],[106.1003,22.5189],[106.1013,22.5202],[106.1016,22.5221],[106.0949,22.5279],[106.0959,22.5311],[106.0995,22.5327],[106.1008,22.5354],[106.0991,22.5351],[106.0975,22.5354],[106.0952,22.5335],[106.0945,22.5335],[106.093,22.5354],[106.092,22.5387],[106.0934,22.5426],[106.095,22.5442],[106.0951,22.5472],[106.0937,22.5478],[106.091,22.5481],[106.0879,22.5526],[106.0866,22.5532],[106.0798,22.5524],[106.0734,22.5546],[106.0744,22.5578],[106.0739,22.5596],[106.0746,22.56],[106.0755,22.5624],[106.0786,22.5648],[106.0793,22.5663],[106.0813,22.5664],[106.0823,22.5671],[106.0822,22.5705],[106.0827,22.5716],[106.0823,22.5728],[106.0803,22.574],[106.0757,22.5724],[106.0712,22.5729],[106.0666,22.5683],[106.0657,22.5682],[106.0641,22.5704],[106.0621,22.5709],[106.061,22.5705],[106.058,22.5714],[106.0535,22.5749],[106.0512,22.5757],[106.0496,22.5774],[106.048,22.5782],[106.0465,22.5768],[106.0463,22.5734],[106.0425,22.5677],[106.0425,22.5654],[106.0391,22.5635],[106.0381,22.5621],[106.0353,22.5611],[106.0334,22.5609],[106.0263,22.558],[106.0227,22.5607],[106.0197,22.5602],[106.0137,22.5567],[106.0073,22.5555],[106.0037,22.5529],[106.0039,22.5515],[106.0029,22.5483],[106.0002,22.547],[105.9941,22.5456],[105.9908,22.5433],[105.9922,22.542],[105.9922,22.54],[105.9934,22.5371],[105.9949,22.5363],[105.996,22.5347],[105.9958,22.533],[105.9944,22.5318],[105.9934,22.5259],[105.994,22.5246],[105.9938,22.5209],[105.9952,22.5196],[105.9955,22.5165],[105.9966,22.5149],[105.9951,22.5134],[105.9954,22.5105],[105.9974,22.5068],[105.9954,22.5054],[105.9949,22.5028],[105.9924,22.5002],[105.9931,22.4978],[105.9914,22.4946],[105.9917,22.4922],[105.9879,22.4901],[105.9875,22.4886],[105.9863,22.4874],[105.9865,22.4864],[105.9859,22.4854],[105.9812,22.4826],[105.9783,22.4788],[105.977,22.4761],[105.9759,22.4756],[105.976,22.4744],[105.9771,22.4744],[105.979,22.4714],[105.9807,22.4701],[105.9784,22.4657],[105.9831,22.4643],[105.9837,22.4636],[105.9856,22.4639],[105.9897,22.4635],[105.9925,22.4664],[105.9925,22.4673],[105.9937,22.4674],[105.9955,22.4687],[105.9995,22.4667],[106.0005,22.4669],[106.0017,22.468],[106.0036,22.4677],[106.0037,22.4664],[106.0049,22.4656],[106.0069,22.4677],[106.0116,22.4688],[106.0138,22.4701],[106.0158,22.472],[106.019,22.4726],[106.0223,22.4749],[106.0234,22.4746],[106.0276,22.476],[106.0296,22.4695],[106.0266,22.4664],[106.0276,22.4647],[106.0341,22.4651],[106.0347,22.4669],[106.0382,22.4694],[106.0391,22.4712],[106.0416,22.4716],[106.0488,22.4678],[106.0486,22.4656],[106.0498,22.4648],[106.0479,22.4624],[106.0502,22.4594],[106.0527,22.4588],[106.0545,22.4594],[106.0572,22.4592],[106.0608,22.4583],[106.0613,22.4572],[106.0629,22.4565],[106.0642,22.4568],[106.0655,22.4564],[106.0669,22.457],[106.0727,22.4568],[106.0744,22.4562],[106.0763,22.4536],[106.0783,22.4528],[106.0785,22.4509],[106.0804,22.4484],[106.0854,22.4471],[106.0872,22.4476],[106.0903,22.4474],[106.0927,22.4459],[106.0945,22.4459]]]},"properties":{"code":"01942","name":"Bằng Vân","nameEn":"Bang Van","fullName":"Xã Bằng Vân","fullNameEn":"Bang Van Commune","codeName":"bang_van","postalCode":"23308","postalCodePrefix":"","gisServerId":"diaphanhanhchinhcapxa_2025.1173","areaKm2":133.01},"id":"01942"},
{"type":"Feature","geometry":{"type":"Polygon","coordinates":[[[105.9908,22.5433],[105.9862,22.5446],[105.9855,22.5441],[105.985,22.5419],[105.9829,22.54],[105.9802,22.5389],[105.9772,22.5367],[105.9752,22.5374],[105.9717,22.5371],[105.9689,22.5355],[105.9683,22.5326],[105.9667,22.5307],[105.9659,22.5287],[105.9643,22.5278],[105.9611,22.528],[105.959,22.526],[105.9585,22.5247],[105.9547,22.5229],[105.9528,22.5226],[105.9487,22.5263],[105.947,22.5287],[105.9426,22.5276],[105.9413,22.5276],[105.9407,22.5281],[105.9389,22.5272],[105.9373,22.5279],[105.9336,22.5282],[105.9321,22.5278],[105.9298,22.526],[105.9286,22.5235],[105.9269,22.5225],[105.9243,22.5221],[105.9239,22.5192],[105.9232,22.5184],[105.9238,22.5164],[105.9233,22.5149],[105.9235,22.5132],[105.9222,22.5127],[105.9204,22.51],[105.9204,22.5088],[105.9185,22.5061],[105.9181,22.5045],[105.9144,22.5011],[105.9135,22.4977],[105.9111,22.4963],[105.9082,22.4965],[105.9056,22.4954],[105.9038,22.4956],[105.9038,22.4941],[105.9048,22.4915],[105.9026,22.4869],[105.9016,22.486],[105.9016,22.485],[105.8993,22.4823],[105.9004,22.4788],[105.8979,22.4762],[105.8974,22.4745],[105.8978,22.473],[105.9006,22.4704],[105.9015,22.4682],[105.9025,22.4673],[105.9046,22.4666],[105.908,22.4639],[105.9106,22.4634],[105.9112,22.4627],[105.9149,22.4634],[105.9169,22.4629],[105.9189,22.4616],[105.9195,22.4604],[105.9181,22.4576],[105.9179,22.4554],[105.9219,22.4518],[105.9242,22.4506],[105.9271,22.4523],[105.9285,22.4512],[105.9308,22.4514],[105.934,22.4497],[105.9405,22.4475],[105.9445,22.4444],[105.9474,22.444],[105.9435,22.4421],[105.9441,22.4414],[105.9474,22.4404],[105.9491,22.4376],[105.9484,22.4365],[105.9487,22.4351],[105.9482,22.4338],[105.9494,22.4321],[105.9502,22.4282],[105.948,22.4265],[105.9477,22.4237],[105.9468,22.4221],[105.9472,22.4197],[105.9464,22.4176],[105.9475,22.4128],[105.9486,22.4116],[105.9486,22.4092],[105.9463,22.406],[105.9458,22.4042],[105.9424,22.4023],[105.9419,22.4013],[105.9428,22.4001],[105.9451,22.3999],[105.9455,22.4003],[105.9486,22.3986],[105.9518,22.3995],[105.9543,22.4018],[105.9537,22.4043],[105.9562,22.4038],[105.9579,22.4047],[105.9598,22.4042],[105.9613,22.4026],[105.9641,22.4018],[105.9706,22.4021],[105.9735,22.4009],[105.9749,22.4012],[105.9753,22.4006],[105.9789,22.4],[105.9821,22.398],[105.988,22.3984],[105.9901,22.3997],[105.9924,22.399],[105.9955,22.4024],[105.9982,22.4031],[106.0015,22.4051],[106.0028,22.4069],[106.0047,22.4077],[106.0056,22.4094],[106.0087,22.4107],[106.0134,22.4125],[106.0153,22.4121],[106.0182,22.4127],[106.021,22.4111],[106.0221,22.4111],[106.0252,22.4123],[106.0285,22.4157],[106.0323,22.4155],[106.0354,22.4205],[106.0358,22.4226],[106.0385,22.4259],[106.0386,22.4284],[106.0411,22.4309],[106.0441,22.4313],[106.0445,22.4306],[106.0465,22.4301],[106.0527,22.4295],[106.0558,22.4282],[106.0574,22.4264],[106.0622,22.4283],[106.064,22.4298],[106.0647,22.4323],[106.0694,22.4334],[106.0708,22.433],[106.072,22.4295],[106.0753,22.4256],[106.0776,22.4274],[106.0803,22.4271],[106.0875,22.4297],[106.091,22.4291],[106.0926,22.4296],[106.096,22.4285],[106.0994,22.4294],[106.1008,22.4311],[106.1016,22.4357],[106.099,22.4379],[106.098,22.4399],[106.0942,22.4412],[106.0945,22.4459],[106.0927,22.4459],[106.0903,22.4474],[106.0872,22.4476],[106.0854,22.4471],[106.0804,22.4484],[106.0785,22.4509],[106.0783,22.4528],[106.0763,22.4536],[106.0744,22.4562],[106.0727,22.4568],[106.0669,22.457],[106.0655,22.4564],[106.0642,22.4568],[106.0629,22.4565],[106.0613,22.4572],[106.0608,22.4583],[106.0572,22.4592],[106.0545,22.4594],[106.0527,22.4588],[106.0502,22.4594],[106.0479,22.4624],[106.0498,22.4648],[106.0486,22.4656],[106.0488,22.4678],[106.0416,22.4716],[106.0391,22.4712],[106.0382,22.4694],[106.0347,22.4669],[106.0341,22.4651],[106.0276,22.4647],[106.0266,22.4664],[106.0296,22.4695],[106.0276,22.476],[106.0234,22.4746],[106.0223,22.4749],[106.019,22.4726],[106.0158,22.472],[106.0138,22.4701],[106.0116,22.4688],[106.0069,22.4677],[106.0049,22.4656],[106.0037,22.4664],[106.0036,22.4677],[106.0017,22.468],[106.0005,22.4669],[105.9995,22.4667],[105.9955,22.4687],[105.9937,22.4674],[105.9925,22.4673],[105.9925,22.4664],[105.9897,22.4635],[105.9856,22.4639],[105.9837,22.4636],[105.9831,22.4643],[105.9784,22.4657],[105.9807,22.4701],[105.979,22.4714],[105.9771,22.4744],[105.976,22.4744],[105.9759,22.4756],[105.977,22.4761],[105.9783,22.4788],[105.9812,22.4826],[105.9859,22.4854],[105.9865,22.4864],[105.9863,22.4874],[105.9875,22.4886],[105.9879,22.4901],[105.9917,22.4922],[105.9914,22.4946],[105.9931,22.4978],[105.9924,22.5002],[105.9949,22.5028],[105.9954,22.5054],[105.9974,22.5068],[105.9954,22.5105],[105.9951,22.5134],[105.9966,22.5149],[105.9955,22.5165],[105.9952,22.5196],[105.9938,22.5209],[105.994,22.5246],[105.9934,22.5259],[105.9944,22.5318],[105.9958,22.533],[105.996,22.5347],[105.9949,22.5363],[105.9934,22.5371],[105.9922,22.54],[105.9922,22.542],[105.9908,22.5433]]]},"properties":{"code":"01954","name":"Ngân Sơn","nameEn":"Ngan Son","fullName":"Xã Ngân Sơn","fullNameEn":"Ngan Son Commune","codeName":"ngan_son","postalCode":"23317","postalCodePrefix":"","gisServerId":"diaphanhanhchinhcapxa_2025.1174","areaKm2":145.57},"id":"01954"},
{"type":"Feature","geometry":{"type":"Polygon","coordinates":[[[106.0994,22.4294],[106.096,22.4285],[106.0926,22.4296],[106.091,22.4291],[106.0875,22.4297],[106.0803,22.4271],[106.0776,22.4274],[106.0753,22.4256],[106.072,22.4295],[106.0708,22.433],[106.0694,22.4334],[106.0647,22.4323],[106.064,22.4298],[106.0622,22.4283],[106.0574,22.4264],[106.0558,22.4282],[106.0527,22.4295],[106.0465,22.4301],[106.0445,22.4306],[106.0441,22.4313],[106.0411,22.4309],[106.0386,22.4284],[106.0385,22.4259],[106.0358,22.4226],[106.0354,22.4205],[106.0323,22.4155],[106.0285,22.4157],[106.0252,22.4123],[106.0221,22.4111],[106.021,22.4111],[106.0182,22.4127],[106.0153,22.4121],[106.0134,22.4125],[106.0087,22.4107],[106.0056,22.4094],[106.0047,22.4077],[106.0028,22.4069],[106.0015,22.4051],[105.9982,22.4031],[105.9955,22.4024],[105.9924,22.399],[105.9901,22.3997],[105.988,22.3984],[105.9821,22.398],[105.9789,22.4],[105.9753,22.4006],[105.9749,22.4012],[105.9735,22.4009],[105.9706,22.4021],[105.9641,22.4018],[105.9613,22.4026],[105.9598,22.4042],[105.9579,22.4047],[105.9562,22.4038],[105.9537,22.4043],[105.9543,22.4018],[105.9518,22.3995],[105.952,22.3985],[105.9513,22.3967],[105.9534,22.3943],[105.9534,22.3928],[105.9525,22.392],[105.9524,22.3886],[105.954,22.3871],[105.9535,22.3827],[105.9555,22.3823],[105.9571,22.3813],[105.9581,22.3775],[105.9574,22.3753],[105.9554,22.3742],[105.9522,22.371],[105.9496,22.3674],[105.9471,22.3664],[105.9477,22.3653],[105.9493,22.3644],[105.9545,22.3663],[105.9565,22.3659],[105.9613,22.3663],[105.962,22.3654],[105.9647,22.364],[105.9661,22.3619],[105.9659,22.3611],[105.968,22.3607],[105.9703,22.3582],[105.975,22.3564],[105.9757,22.3556],[105.9767,22.3524],[105.9787,22.3507],[105.9827,22.3492],[105.9861,22.349],[105.9906,22.3478],[105.9932,22.348],[105.9959,22.3498],[106.0024,22.3507],[106.0083,22.353],[106.0097,22.3544],[106.0104,22.3546],[106.0123,22.3528],[106.0171,22.3559],[106.0184,22.3559],[106.0195,22.3575],[106.0203,22.3578],[106.0217,22.3563],[106.0214,22.355],[106.0232,22.3537],[106.023,22.3525],[106.024,22.3508],[106.0279,22.3479],[106.032,22.3488],[106.0383,22.3457],[106.0424,22.3446],[106.0432,22.3453],[106.0469,22.3465],[106.0477,22.3461],[106.0527,22.3395],[106.0537,22.3396],[106.0567,22.3377],[106.0608,22.3362],[106.0656,22.3372],[106.0669,22.3353],[106.0673,22.3336],[106.0698,22.3315],[106.0713,22.3283],[106.0749,22.3262],[106.0753,22.325],[106.075,22.3231],[106.0757,22.3226],[106.0775,22.3228],[106.0798,22.3219],[106.0861,22.322],[106.0877,22.323],[106.0912,22.3232],[106.0929,22.3216],[106.0958,22.3215],[106.0975,22.3227],[106.1025,22.3193],[106.1038,22.3169],[106.1052,22.3182],[106.1055,22.3203],[106.1078,22.3208],[106.1092,22.3206],[106.1107,22.3222],[106.1128,22.3212],[106.1155,22.3227],[106.1154,22.3242],[106.1176,22.3273],[106.1174,22.3293],[106.119,22.3313],[106.1189,22.3342],[106.1169,22.3376],[106.1167,22.339],[106.1176,22.3424],[106.1215,22.3454],[106.123,22.3453],[106.1285,22.3478],[106.1311,22.3517],[106.1303,22.3529],[106.1316,22.3531],[106.1324,22.3553],[106.1355,22.3562],[106.1376,22.3578],[106.138,22.359],[106.14,22.3579],[106.1417,22.3591],[106.1415,22.3608],[106.1438,22.3647],[106.1461,22.3652],[106.1519,22.3698],[106.1543,22.3701],[106.1553,22.3712],[106.1569,22.3715],[106.1573,22.3727],[106.1593,22.374],[106.1594,22.3757],[106.1608,22.3767],[106.1612,22.3815],[106.1586,22.3833],[106.1568,22.3876],[106.1553,22.3883],[106.1546,22.3895],[106.1522,22.3906],[106.154,22.3931],[106.1547,22.3962],[106.1531,22.3981],[106.151,22.3988],[106.148,22.4012],[106.1449,22.399],[106.1415,22.3951],[106.1395,22.3943],[106.1344,22.3953],[106.1337,22.3975],[106.1318,22.3993],[106.1276,22.4001],[106.1263,22.3996],[106.1224,22.3994],[106.1218,22.4001],[106.1226,22.4015],[106.1216,22.4022],[106.1195,22.4025],[106.1163,22.4019],[106.1123,22.3986],[106.1043,22.4018],[106.1043,22.4025],[106.1064,22.4041],[106.1054,22.4069],[106.1056,22.4092],[106.0988,22.414],[106.1012,22.4177],[106.1007,22.4186],[106.1022,22.4228],[106.1016,22.4261],[106.1001,22.4272],[106.1004,22.4289],[106.0994,22.4294]]]},"properties":{"code":"01957","name":"Thượng Quan","nameEn":"Thuong Quan","fullName":"Xã Thượng Quan","fullNameEn":"Thuong Quan Commune","codeName":"thuong_quan","postalCode":"23316","postalCodePrefix":"","gisServerId":"diaphanhanhchinhcapxa_2025.1255","areaKm2":154.86},"id":"01957"},
{"type":"Feature","geometry":{"type":"Polygon","coordinates":[[[105.9471,22.3664],[105.9452,22.3656],[105.943,22.3667],[105.9369,22.3622],[105.9346,22.3615],[105.9298,22.3613],[105.927,22.3625],[105.9252,22.3621],[105.9214,22.3628],[105.9188,22.3612],[105.9105,22.3607],[105.9077,22.3602],[105.906,22.3594],[105.9052,22.3582],[105.9051,22.3563],[105.9041,22.355],[105.9051,22.3516],[105.9032,22.3469],[105.9034,22.3442],[105.9005,22.3434],[105.8991,22.3423],[105.8996,22.3393],[105.8964,22.3389],[105.8935,22.3356],[105.892,22.3354],[105.8856,22.3321],[105.8868,22.3304],[105.8871,22.3282],[105.888,22.3278],[105.8884,22.3237],[105.8892,22.3217],[105.8873,22.3177],[105.8893,22.3155],[105.8903,22.3132],[105.892,22.3122],[105.8931,22.308],[105.8952,22.3056],[105.8974,22.3044],[105.8972,22.302],[105.9016,22.3016],[105.9038,22.2994],[105.9067,22.2934],[105.908,22.293],[105.9111,22.2901],[105.9134,22.2897],[105.9146,22.2886],[105.917,22.2892],[105.9172,22.2883],[105.9187,22.2879],[105.9205,22.2864],[105.9242,22.2846],[105.9257,22.2845],[105.9308,22.2861],[105.9312,22.2877],[105.9291,22.2935],[105.9307,22.2948],[105.9324,22.2983],[105.9342,22.2993],[105.9348,22.3002],[105.9369,22.3006],[105.9384,22.2991],[105.9394,22.2989],[105.9405,22.2969],[105.9437,22.2953],[105.9465,22.2958],[105.9475,22.2945],[105.9492,22.2937],[105.9494,22.2942],[105.9516,22.2944],[105.9544,22.2938],[105.957,22.2914],[105.9576,22.2895],[105.9601,22.2875],[105.9624,22.2874],[105.9631,22.289],[105.9647,22.2905],[105.9675,22.2898],[105.9682,22.2917],[105.97,22.294],[105.9718,22.2948],[105.9743,22.2995],[105.9743,22.3012],[105.9765,22.3024],[105.9801,22.3016],[105.9819,22.3026],[105.9854,22.3009],[105.9939,22.3004],[105.9956,22.3014],[105.9959,22.3029],[105.9988,22.3039],[106.0013,22.3038],[106.0028,22.3047],[106.0056,22.3041],[106.0067,22.3046],[106.0097,22.3046],[106.0119,22.3074],[106.0142,22.3089],[106.0153,22.3104],[106.0177,22.3115],[106.0198,22.312],[106.0224,22.3113],[106.0244,22.3116],[106.0257,22.311],[106.0293,22.3108],[106.0337,22.3128],[106.0353,22.3151],[106.0365,22.3144],[106.0396,22.3145],[106.0409,22.3153],[106.0415,22.3164],[106.042,22.3154],[106.0446,22.3135],[106.048,22.3132],[106.0514,22.3105],[106.0568,22.3104],[106.0616,22.3123],[106.0622,22.3137],[106.0629,22.3141],[106.0666,22.3151],[106.0689,22.3192],[106.071,22.3208],[106.0735,22.3204],[106.0757,22.3226],[106.075,22.3231],[106.0753,22.325],[106.0749,22.3262],[106.0713,22.3283],[106.0698,22.3315],[106.0673,22.3336],[106.0669,22.3353],[106.0656,22.3372],[106.0608,22.3362],[106.0567,22.3377],[106.0537,22.3396],[106.0527,22.3395],[106.0477,22.3461],[106.0469,22.3465],[106.0432,22.3453],[106.0424,22.3446],[106.0383,22.3457],[106.032,22.3488],[106.0279,22.3479],[106.024,22.3508],[106.023,22.3525],[106.0232,22.3537],[106.0214,22.355],[106.0217,22.3563],[106.0203,22.3578],[106.0195,22.3575],[106.0184,22.3559],[106.0171,22.3559],[106.0123,22.3528],[106.0104,22.3546],[106.0097,22.3544],[106.0083,22.353],[106.0024,22.3507],[105.9959,22.3498],[105.9932,22.348],[105.9906,22.3478],[105.9861,22.349],[105.9827,22.3492],[105.9787,22.3507],[105.9767,22.3524],[105.9757,22.3556],[105.975,22.3564],[105.9703,22.3582],[105.968,22.3607],[105.9659,22.3611],[105.9661,22.3619],[105.9647,22.364],[105.962,22.3654],[105.9613,22.3663],[105.9565,22.3659],[105.9545,22.3663],[105.9493,22.3644],[105.9477,22.3653],[105.9471,22.3664]]]},"properties":{"code":"01960","name":"Hiệp Lực","nameEn":"Hiep Luc","fullName":"Xã Hiệp Lực","fullNameEn":"Hiep Luc Commune","codeName":"hiep_luc","postalCode":"23313","postalCodePrefix":"","gisServerId":"diaphanhanhchinhcapxa_2025.1175","areaKm2":105.02},"id":"01960"},
{"type":"Feature","geometry":{"type":"Polygon","coordinates":[[[105.9146,22.2886],[105.9134,22.2897],[105.9111,22.2901],[105.908,22.293],[105.9067,22.2934],[105.9038,22.2994],[105.9016,22.3016],[105.8972,22.302],[105.8974,22.3044],[105.8952,22.3056],[105.8931,22.308],[105.892,22.3122],[105.8903,22.3132],[105.8893,22.3155],[105.8873,22.3177],[105.8843,22.3163],[105.8815,22.3171],[105.8765,22.3165],[105.8764,22.3105],[105.8733,22.3068],[105.8681,22.3071],[105.8666,22.3065],[105.8647,22.3066],[105.8618,22.3055],[105.8551,22.3063],[105.8519,22.3059],[105.8494,22.307],[105.848,22.3066],[105.847,22.3055],[105.8379,22.3077],[105.8353,22.3057],[105.8317,22.3064],[105.829,22.3049],[105.8276,22.3026],[105.8258,22.3015],[105.8256,22.2997],[105.8242,22.2977],[105.8209,22.2969],[105.8192,22.2941],[105.815,22.2939],[105.8097,22.2886],[105.8021,22.2889],[105.7988,22.2875],[105.795,22.2874],[105.7924,22.2866],[105.7875,22.2873],[105.7892,22.2845],[105.789,22.2834],[105.7881,22.282],[105.7882,22.2781],[105.789,22.2758],[105.7935,22.2723],[105.7938,22.2706],[105.7928,22.266],[105.7941,22.2644],[105.7942,22.2618],[105.7936,22.2609],[105.7938,22.2594],[105.793,22.2589],[105.7925,22.2573],[105.793,22.2563],[105.7928,22.2548],[105.7912,22.2542],[105.7895,22.2529],[105.7891,22.2496],[105.7877,22.2488],[105.79,22.2463],[105.7892,22.2438],[105.7899,22.2414],[105.7888,22.2395],[105.7896,22.2359],[105.791,22.2339],[105.7905,22.2316],[105.7914,22.2305],[105.7907,22.2275],[105.7921,22.226],[105.7935,22.2257],[105.7939,22.2248],[105.7966,22.2236],[105.7968,22.2203],[105.7979,22.219],[105.8011,22.2172],[105.8028,22.2171],[105.8052,22.2156],[105.809,22.2163],[105.8113,22.2187],[105.8157,22.2201],[105.8187,22.2248],[105.8209,22.2253],[105.824,22.2268],[105.8252,22.2297],[105.8275,22.2302],[105.8301,22.2321],[105.8334,22.2323],[105.834,22.2318],[105.8364,22.2318],[105.8382,22.2311],[105.8421,22.2321],[105.8423,22.2347],[105.8437,22.2357],[105.8428,22.2372],[105.8429,22.2381],[105.8438,22.2385],[105.8444,22.2375],[105.8457,22.2379],[105.8464,22.2365],[105.8477,22.2379],[105.8495,22.2384],[105.8503,22.2393],[105.8518,22.239],[105.8522,22.2378],[105.8559,22.2378],[105.857,22.2404],[105.8564,22.242],[105.8573,22.2432],[105.8573,22.2442],[105.8586,22.2451],[105.8591,22.247],[105.8591,22.2478],[105.8578,22.2489],[105.8588,22.2515],[105.8607,22.2514],[105.8663,22.2488],[105.8708,22.2483],[105.871,22.2466],[105.8726,22.2439],[105.8722,22.242],[105.8735,22.2417],[105.8752,22.2405],[105.8797,22.2392],[105.88,22.2381],[105.8791,22.236],[105.8764,22.2354],[105.8755,22.2346],[105.8757,22.2332],[105.8742,22.2337],[105.8736,22.2325],[105.8746,22.2318],[105.8761,22.2293],[105.8791,22.2283],[105.8815,22.2282],[105.8853,22.2293],[105.8908,22.2299],[105.8922,22.2322],[105.8948,22.233],[105.8954,22.2341],[105.8972,22.2351],[105.8981,22.2373],[105.901,22.2377],[105.9011,22.2399],[105.9046,22.2407],[105.9061,22.2425],[105.9099,22.2441],[105.9098,22.2454],[105.9108,22.2475],[105.9135,22.2516],[105.9146,22.2524],[105.9139,22.2551],[105.9151,22.2579],[105.9157,22.2614],[105.9143,22.268],[105.9154,22.272],[105.914,22.2753],[105.914,22.2771],[105.9127,22.2784],[105.9131,22.2801],[105.9139,22.281],[105.9129,22.2833],[105.9138,22.2842],[105.9157,22.2837],[105.9165,22.285],[105.9162,22.2867],[105.9146,22.2886]]]},"properties":{"code":"01969","name":"Phủ Thông","nameEn":"Phu Thong","fullName":"Xã Phủ Thông","fullNameEn":"Phu Thong Commune","codeName":"phu_thong","postalCode":"23206","postalCodePrefix":"","gisServerId":"diaphanhanhchinhcapxa_2025.1176","areaKm2":96.94},"id":"01969"},
{"type":"Feature","geometry":{"type":"Polygon","coordinates":[[[105.9718,22.2948],[105.97,22.294],[105.9682,22.2917],[105.9675,22.2898],[105.9647,22.2905],[105.9631,22.289],[105.9624,22.2874],[105.9601,22.2875],[105.9576,22.2895],[105.957,22.2914],[105.9544,22.2938],[105.9516,22.2944],[105.9494,22.2942],[105.9492,22.2937],[105.9475,22.2945],[105.9465,22.2958],[105.9437,22.2953],[105.9405,22.2969],[105.9394,22.2989],[105.9384,22.2991],[105.9369,22.3006],[105.9348,22.3002],[105.9342,22.2993],[105.9324,22.2983],[105.9307,22.2948],[105.9291,22.2935],[105.9312,22.2877],[105.9308,22.2861],[105.9257,22.2845],[105.9242,22.2846],[105.9205,22.2864],[105.9187,22.2879],[105.9172,22.2883],[105.917,22.2892],[105.9146,22.2886],[105.9162,22.2867],[105.9165,22.285],[105.9157,22.2837],[105.9138,22.2842],[105.9129,22.2833],[105.9139,22.281],[105.9131,22.2801],[105.9127,22.2784],[105.914,22.2771],[105.914,22.2753],[105.9154,22.272],[105.9143,22.268],[105.9157,22.2614],[105.9151,22.2579],[105.9139,22.2551],[105.9146,22.2524],[105.9147,22.25],[105.9163,22.249],[105.9173,22.2463],[105.9183,22.2456],[105.9216,22.2403],[105.921,22.2381],[105.9221,22.2338],[105.9216,22.2329],[105.9234,22.2293],[105.9263,22.2277],[105.9277,22.2257],[105.926,22.223],[105.9275,22.2185],[105.9274,22.2154],[105.9264,22.2122],[105.9267,22.2103],[105.9362,22.2083],[105.9402,22.2104],[105.943,22.2099],[105.9454,22.2116],[105.9486,22.2108],[105.9481,22.2072],[105.9489,22.2052],[105.9477,22.2026],[105.9478,22.2009],[105.9449,22.1981],[105.9451,22.197],[105.9434,22.191],[105.9422,22.1896],[105.9414,22.1863],[105.9379,22.1797],[105.938,22.1764],[105.9364,22.1731],[105.9364,22.1711],[105.9332,22.1676],[105.9368,22.1669],[105.939,22.1644],[105.9386,22.1634],[105.9383,22.1642],[105.9377,22.1635],[105.9368,22.164],[105.9357,22.1629],[105.9372,22.1619],[105.9361,22.1613],[105.9365,22.1607],[105.9361,22.1603],[105.9381,22.16],[105.938,22.1592],[105.9389,22.1598],[105.9398,22.1586],[105.942,22.1574],[105.9436,22.1548],[105.945,22.1512],[105.9451,22.1486],[105.9467,22.147],[105.9484,22.1414],[105.9485,22.1375],[105.9498,22.137],[105.9519,22.1373],[105.9545,22.1347],[105.9569,22.1348],[105.9593,22.1341],[105.96,22.1327],[105.9633,22.1314],[105.9627,22.1399],[105.9646,22.1401],[105.9653,22.141],[105.9666,22.1414],[105.9685,22.141],[105.9697,22.1424],[105.9703,22.1459],[105.9736,22.1483],[105.9755,22.1525],[105.9733,22.155],[105.9729,22.1564],[105.9747,22.1601],[105.9766,22.1615],[105.9779,22.1652],[105.9776,22.1659],[105.9794,22.1685],[105.981,22.1682],[105.9813,22.1673],[105.9827,22.1675],[105.9852,22.1635],[105.9886,22.1598],[105.9901,22.1591],[105.992,22.1593],[105.9943,22.1585],[105.9953,22.1574],[105.9976,22.1565],[106,22.1582],[106.0051,22.1598],[106.0065,22.1608],[106.0085,22.1607],[106.0105,22.1615],[106.0096,22.1621],[106.0098,22.1632],[106.0092,22.1639],[106.0091,22.166],[106.0117,22.1693],[106.0114,22.1714],[106.0124,22.1752],[106.0112,22.1761],[106.0115,22.1779],[106.0115,22.1793],[106.0128,22.1807],[106.0128,22.1821],[106.0145,22.1851],[106.0164,22.1854],[106.0181,22.1879],[106.0205,22.1881],[106.0212,22.1887],[106.0214,22.19],[106.0236,22.1909],[106.0275,22.1905],[106.0306,22.1932],[106.0314,22.1947],[106.0325,22.1954],[106.0335,22.1953],[106.0342,22.1965],[106.0371,22.1967],[106.0394,22.1975],[106.0425,22.203],[106.0446,22.2055],[106.0445,22.2071],[106.0459,22.2083],[106.0479,22.2082],[106.0491,22.2102],[106.0478,22.2125],[106.0458,22.213],[106.0434,22.2162],[106.0428,22.2162],[106.0402,22.2183],[106.0356,22.2232],[106.0291,22.2251],[106.0268,22.2272],[106.0268,22.2287],[106.0254,22.2303],[106.0234,22.2307],[106.0228,22.2316],[106.0212,22.2304],[106.0207,22.2322],[106.0197,22.2336],[106.0172,22.2335],[106.014,22.2372],[106.0086,22.2365],[106.0078,22.2356],[106.008,22.2333],[106.0068,22.2336],[106.0056,22.2324],[106.0053,22.2313],[105.9973,22.2372],[105.9947,22.2377],[105.9952,22.2395],[105.9945,22.2416],[105.9917,22.243],[105.9907,22.2452],[105.9895,22.2462],[105.988,22.2471],[105.9851,22.2478],[105.9823,22.2501],[105.9817,22.2513],[105.9804,22.2516],[105.9807,22.2536],[105.983,22.2556],[105.9873,22.2639],[105.9871,22.2653],[105.9886,22.2691],[105.9834,22.2755],[105.983,22.2815],[105.9789,22.2839],[105.9785,22.2862],[105.9757,22.2885],[105.9756,22.2893],[105.9732,22.2916],[105.9718,22.2948]]]},"properties":{"code":"01981","name":"Vĩnh Thông","nameEn":"Vinh Thong","fullName":"Xã Vĩnh Thông","fullNameEn":"Vinh Thong Commune","codeName":"vinh_thong","postalCode":"23223","postalCodePrefix":"","gisServerId":"diaphanhanhchinhcapxa_2025.1252","areaKm2":129.55},"id":"01981"},
{"type":"Feature","geometry":{"type":"Polygon","coordinates":[[[105.9633,22.1314],[105.96,22.1327],[105.9593,22.1341],[105.9569,22.1348],[105.9545,22.1347],[105.9519,22.1373],[105.9498,22.137],[105.9485,22.1375],[105.9484,22.1414],[105.9467,22.147],[105.9451,22.1486],[105.945,22.1512],[105.9436,22.1548],[105.942,22.1574],[105.9398,22.1586],[105.9389,22.1598],[105.938,22.1592],[105.9381,22.16],[105.9361,22.1603],[105.9365,22.1607],[105.9361,22.1613],[105.9372,22.1619],[105.9357,22.1629],[105.9368,22.164],[105.9377,22.1635],[105.9383,22.1642],[105.9386,22.1634],[105.939,22.1644],[105.9368,22.1669],[105.9332,22.1676],[105.9364,22.1711],[105.9364,22.1731],[105.938,22.1764],[105.9379,22.1797],[105.9414,22.1863],[105.9422,22.1896],[105.9434,22.191],[105.9451,22.197],[105.9449,22.1981],[105.9478,22.2009],[105.9477,22.2026],[105.9489,22.2052],[105.9481,22.2072],[105.9486,22.2108],[105.9454,22.2116],[105.943,22.2099],[105.9402,22.2104],[105.9362,22.2083],[105.9267,22.2103],[105.9264,22.2122],[105.9274,22.2154],[105.9275,22.2185],[105.926,22.223],[105.9277,22.2257],[105.9263,22.2277],[105.9234,22.2293],[105.9216,22.2329],[105.9221,22.2338],[105.921,22.2381],[105.9216,22.2403],[105.9183,22.2456],[105.9173,22.2463],[105.9163,22.249],[105.9147,22.25],[105.9146,22.2524],[105.9135,22.2516],[105.9108,22.2475],[105.9098,22.2454],[105.9099,22.2441],[105.9061,22.2425],[105.9046,22.2407],[105.9011,22.2399],[105.901,22.2377],[105.8981,22.2373],[105.8972,22.2351],[105.8954,22.2341],[105.8948,22.233],[105.8922,22.2322],[105.8908,22.2299],[105.8853,22.2293],[105.8815,22.2282],[105.8791,22.2283],[105.8761,22.2293],[105.8746,22.2318],[105.8736,22.2325],[105.8742,22.2337],[105.8757,22.2332],[105.8755,22.2346],[105.8764,22.2354],[105.8791,22.236],[105.88,22.2381],[105.8797,22.2392],[105.8752,22.2405],[105.8735,22.2417],[105.8722,22.242],[105.8726,22.2439],[105.871,22.2466],[105.8708,22.2483],[105.8663,22.2488],[105.8607,22.2514],[105.8588,22.2515],[105.8578,22.2489],[105.8591,22.2478],[105.8591,22.247],[105.8586,22.2451],[105.8573,22.2442],[105.8573,22.2432],[105.8564,22.242],[105.857,22.2404],[105.8559,22.2378],[105.8522,22.2378],[105.8518,22.239],[105.8503,22.2393],[105.8495,22.2384],[105.8477,22.2379],[105.8464,22.2365],[105.8457,22.2379],[105.8444,22.2375],[105.8438,22.2385],[105.8429,22.2381],[105.8428,22.2372],[105.8437,22.2357],[105.8423,22.2347],[105.8421,22.2321],[105.8382,22.2311],[105.8364,22.2318],[105.834,22.2318],[105.8334,22.2323],[105.8301,22.2321],[105.8275,22.2302],[105.8252,22.2297],[105.824,22.2268],[105.8209,22.2253],[105.8187,22.2248],[105.8157,22.2201],[105.8113,22.2187],[105.809,22.2163],[105.8052,22.2156],[105.8076,22.2131],[105.8071,22.2121],[105.8078,22.2128],[105.8103,22.2123],[105.8114,22.2127],[105.8163,22.2113],[105.8214,22.2084],[105.8234,22.2063],[105.8281,22.2046],[105.8309,22.2018],[105.8332,22.2007],[105.8365,22.2004],[105.8387,22.2012],[105.8411,22.2009],[105.8416,22.1996],[105.8414,22.1974],[105.8441,22.1962],[105.8472,22.1932],[105.8494,22.1942],[105.8508,22.1942],[105.8523,22.1933],[105.8526,22.191],[105.8544,22.1907],[105.8559,22.1879],[105.8571,22.187],[105.8588,22.1871],[105.8589,22.1858],[105.8602,22.1864],[105.8616,22.1858],[105.8668,22.186],[105.8675,22.1839],[105.8653,22.182],[105.8652,22.1803],[105.8644,22.1793],[105.8649,22.178],[105.8645,22.1769],[105.8656,22.1763],[105.8651,22.1731],[105.8681,22.1711],[105.8687,22.17],[105.8704,22.1708],[105.8717,22.1695],[105.8733,22.1691],[105.8745,22.1665],[105.8736,22.1656],[105.8738,22.1639],[105.8758,22.1633],[105.8774,22.1613],[105.8858,22.157],[105.89,22.1525],[105.8888,22.1526],[105.8874,22.1516],[105.8857,22.1513],[105.8853,22.1451],[105.8843,22.1443],[105.8838,22.1428],[105.8842,22.1369],[105.8852,22.1355],[105.8845,22.1332],[105.8849,22.1318],[105.8838,22.1282],[105.8846,22.1257],[105.8872,22.1247],[105.8884,22.1233],[105.8906,22.123],[105.8924,22.1236],[105.8933,22.1242],[105.8928,22.1246],[105.8929,22.1256],[105.8942,22.1267],[105.8962,22.1267],[105.8977,22.1276],[105.9024,22.1278],[105.907,22.1265],[105.9086,22.125],[105.9104,22.1248],[105.9115,22.1237],[105.9128,22.1239],[105.9156,22.1232],[105.9164,22.1219],[105.9189,22.1217],[105.9203,22.1231],[105.9233,22.1225],[105.9247,22.1243],[105.9268,22.1245],[105.9281,22.1253],[105.9299,22.1272],[105.9308,22.1292],[105.9332,22.1298],[105.9363,22.1287],[105.9372,22.1276],[105.9404,22.126],[105.9404,22.1252],[105.9432,22.124],[105.9445,22.1226],[105.9456,22.1201],[105.9483,22.1199],[105.9485,22.1188],[105.9499,22.1189],[105.9516,22.1181],[105.9581,22.1201],[105.9606,22.122],[105.9634,22.1224],[105.9641,22.1235],[105.9639,22.125],[105.9645,22.1266],[105.9633,22.1299],[105.9633,22.1314]]]},"properties":{"code":"02008","name":"Cẩm Giàng","nameEn":"Cam Giang","fullName":"Xã Cẩm Giàng","fullNameEn":"Cam Giang Commune","codeName":"cam_giang","postalCode":"23217","postalCodePrefix":"","gisServerId":"diaphanhanhchinhcapxa_2025.1177","areaKm2":110.79},"id":"02008"},
{"type":"Feature","geometry":{"type":"Polygon","coordinates":[[[105.7954,22.1392],[105.7946,22.1408],[105.7948,22.1424],[105.7923,22.1462],[105.7906,22.1464],[105.7893,22.1474],[105.787,22.1479],[105.7854,22.1513],[105.7833,22.1521],[105.7817,22.1543],[105.7795,22.1533],[105.7778,22.1537],[105.7765,22.1535],[105.7751,22.1517],[105.7713,22.1518],[105.7692,22.149],[105.7628,22.1505],[105.7615,22.1519],[105.758,22.1521],[105.755,22.153],[105.7535,22.1523],[105.7531,22.1508],[105.752,22.1497],[105.7471,22.1501],[105.744,22.1482],[105.743,22.1463],[105.7399,22.1461],[105.7387,22.1453],[105.7344,22.1477],[105.731,22.1488],[105.729,22.1523],[105.7276,22.1522],[105.7257,22.153],[105.7231,22.1525],[105.7199,22.1537],[105.7188,22.1524],[105.718,22.1523],[105.7157,22.1532],[105.7147,22.1541],[105.7091,22.1545],[105.7058,22.1558],[105.7055,22.157],[105.704,22.1568],[105.7018,22.1577],[105.7001,22.157],[105.6981,22.1569],[105.696,22.1557],[105.6949,22.1562],[105.6949,22.158],[105.6878,22.163],[105.6881,22.1641],[105.6876,22.1678],[105.6838,22.1726],[105.6832,22.1741],[105.6849,22.1786],[105.6886,22.1814],[105.6891,22.1835],[105.6893,22.1861],[105.6882,22.188],[105.6882,22.1903],[105.6874,22.1913],[105.6873,22.1948],[105.6865,22.1954],[105.6894,22.1976],[105.6899,22.1985],[105.6881,22.2015],[105.6908,22.2034],[105.6928,22.2039],[105.6938,22.2051],[105.6984,22.2081],[105.7008,22.2107],[105.6996,22.2132],[105.7001,22.2148],[105.6977,22.219],[105.6956,22.2216],[105.6957,22.2236],[105.6916,22.2261],[105.6894,22.2257],[105.688,22.2248],[105.6858,22.2246],[105.6848,22.2238],[105.6832,22.2239],[105.681,22.2229],[105.6798,22.223],[105.6779,22.2221],[105.6768,22.2207],[105.6759,22.2206],[105.6744,22.22],[105.6727,22.2183],[105.67,22.2175],[105.6659,22.215],[105.6642,22.2135],[105.6637,22.2106],[105.6661,22.2082],[105.6665,22.2069],[105.6643,22.2045],[105.661,22.2044],[105.6582,22.2013],[105.6555,22.1975],[105.6555,22.1963],[105.6544,22.196],[105.6535,22.1949],[105.6492,22.1875],[105.649,22.1858],[105.6521,22.1824],[105.6576,22.1805],[105.657,22.1757],[105.655,22.1729],[105.6505,22.1715],[105.6488,22.1687],[105.6476,22.1681],[105.6458,22.1655],[105.6428,22.1631],[105.6405,22.1599],[105.6399,22.1575],[105.6401,22.1526],[105.6407,22.1508],[105.642,22.1496],[105.6405,22.1469],[105.6401,22.1451],[105.6407,22.1428],[105.638,22.1406],[105.6364,22.1367],[105.6342,22.1355],[105.6339,22.1274],[105.6333,22.1276],[105.6326,22.1266],[105.6335,22.1247],[105.6335,22.1233],[105.6348,22.1221],[105.635,22.121],[105.6365,22.1208],[105.6377,22.1215],[105.64,22.1218],[105.6421,22.1191],[105.647,22.1184],[105.6483,22.1171],[105.6506,22.1163],[105.6509,22.1156],[105.6504,22.1144],[105.6523,22.113],[105.6518,22.1118],[105.652,22.1077],[105.6533,22.1056],[105.6518,22.1026],[105.6543,22.0989],[105.6571,22.0981],[105.6584,22.0969],[105.6586,22.0956],[105.6606,22.0956],[105.6622,22.0907],[105.6635,22.0896],[105.6671,22.09],[105.6673,22.0912],[105.668,22.0913],[105.6689,22.0904],[105.672,22.0901],[105.6732,22.0891],[105.6752,22.0888],[105.6765,22.089],[105.679,22.091],[105.6813,22.0902],[105.6828,22.0911],[105.6848,22.0894],[105.6878,22.0901],[105.6933,22.0896],[105.6941,22.0875],[105.6953,22.0865],[105.696,22.0845],[105.6968,22.0873],[105.6996,22.0885],[105.7017,22.0908],[105.7014,22.0952],[105.7047,22.1005],[105.7063,22.1014],[105.7077,22.101],[105.7096,22.0993],[105.7129,22.0986],[105.7157,22.0996],[105.7171,22.0988],[105.7201,22.0983],[105.725,22.1],[105.7267,22.0967],[105.7287,22.0962],[105.7303,22.0966],[105.7317,22.0958],[105.7331,22.0935],[105.7375,22.0923],[105.7381,22.0938],[105.7406,22.0961],[105.7426,22.0961],[105.7468,22.0972],[105.7481,22.0988],[105.7494,22.0993],[105.7501,22.0995],[105.7527,22.0971],[105.7558,22.0963],[105.7575,22.0968],[105.7578,22.1001],[105.7595,22.0998],[105.7621,22.1008],[105.7646,22.1005],[105.7674,22.1021],[105.7714,22.1009],[105.7733,22.1018],[105.7756,22.1012],[105.7779,22.0984],[105.7791,22.0979],[105.7821,22.0987],[105.7889,22.099],[105.794,22.101],[105.798,22.1007],[105.7962,22.1045],[105.7973,22.1076],[105.7971,22.1107],[105.7986,22.1117],[105.8002,22.115],[105.7995,22.1155],[105.7984,22.1182],[105.7979,22.1209],[105.7994,22.1244],[105.7994,22.1279],[105.8002,22.1289],[105.802,22.1296],[105.8023,22.1309],[105.8031,22.1315],[105.804,22.1337],[105.8045,22.1365],[105.7994,22.1355],[105.7975,22.1391],[105.7954,22.1392]]]},"properties":{"code":"02014","name":"Bạch Thông","nameEn":"Bach Thong","fullName":"Xã Bạch Thông","fullNameEn":"Bach Thong Commune","codeName":"bach_thong","postalCode":"23224","postalCodePrefix":"","gisServerId":"diaphanhanhchinhcapxa_2025.1253","areaKm2":127.84},"id":"02014"},
{"type":"Feature","geometry":{"type":"Polygon","coordinates":[[[105.6361,22.2451],[105.6331,22.2444],[105.6304,22.2457],[105.6285,22.2447],[105.6281,22.2431],[105.6271,22.2418],[105.6274,22.2401],[105.6254,22.2394],[105.6242,22.2376],[105.6223,22.2368],[105.6224,22.2338],[105.6209,22.2329],[105.6193,22.2293],[105.6169,22.2284],[105.6154,22.2257],[105.6145,22.2223],[105.6127,22.2228],[105.6109,22.2247],[105.609,22.2245],[105.6062,22.2257],[105.6033,22.2248],[105.6007,22.2257],[105.5989,22.2273],[105.597,22.2313],[105.5952,22.2326],[105.5923,22.2331],[105.5912,22.2352],[105.5886,22.2357],[105.5873,22.2354],[105.5857,22.236],[105.5844,22.2349],[105.5815,22.2347],[105.5791,22.2362],[105.5768,22.2352],[105.576,22.2392],[105.5743,22.2411],[105.5718,22.2416],[105.5711,22.2444],[105.5701,22.245],[105.5691,22.2449],[105.5669,22.2424],[105.559,22.2389],[105.5569,22.2387],[105.5528,22.2368],[105.5505,22.2367],[105.5505,22.236],[105.5487,22.234],[105.5491,22.2332],[105.5478,22.2316],[105.548,22.2283],[105.5468,22.2268],[105.5461,22.2241],[105.5435,22.2197],[105.5463,22.2175],[105.5467,22.2167],[105.5491,22.2166],[105.548,22.2149],[105.5479,22.2131],[105.5472,22.212],[105.5476,22.2093],[105.5528,22.2045],[105.5514,22.2035],[105.5485,22.2031],[105.5483,22.202],[105.5491,22.2004],[105.5509,22.1996],[105.5517,22.1969],[105.5539,22.1953],[105.554,22.1937],[105.5561,22.1914],[105.5566,22.1868],[105.5563,22.1862],[105.5575,22.1836],[105.5551,22.181],[105.5555,22.1745],[105.5545,22.1697],[105.5522,22.1659],[105.5532,22.1652],[105.5541,22.1626],[105.5551,22.1614],[105.5544,22.16],[105.5553,22.1579],[105.5552,22.1561],[105.5529,22.1532],[105.5556,22.1504],[105.5583,22.1493],[105.557,22.1471],[105.5575,22.1431],[105.5564,22.1398],[105.5547,22.1394],[105.5531,22.1375],[105.5534,22.1356],[105.5525,22.1323],[105.5515,22.131],[105.5513,22.1295],[105.5486,22.1256],[105.5472,22.1255],[105.5448,22.1266],[105.5429,22.1262],[105.5411,22.1267],[105.536,22.1252],[105.5353,22.1264],[105.5341,22.1269],[105.5315,22.1271],[105.5326,22.1215],[105.5345,22.1217],[105.5366,22.1194],[105.5366,22.1188],[105.536,22.1185],[105.5355,22.1175],[105.5361,22.1167],[105.5364,22.1141],[105.5384,22.1124],[105.5403,22.1118],[105.5416,22.1116],[105.5431,22.1125],[105.545,22.1126],[105.5405,22.1078],[105.5395,22.1051],[105.538,22.1045],[105.5377,22.1037],[105.5366,22.1035],[105.5362,22.1023],[105.5339,22.1003],[105.5295,22.0979],[105.5326,22.0977],[105.5342,22.097],[105.5366,22.0975],[105.5375,22.0969],[105.5388,22.098],[105.5403,22.0979],[105.5463,22.0999],[105.5502,22.1002],[105.5522,22.0992],[105.5536,22.0995],[105.556,22.1026],[105.5578,22.1033],[105.56,22.1023],[105.5608,22.1005],[105.5645,22.0988],[105.5625,22.0973],[105.5623,22.0943],[105.5609,22.0934],[105.5597,22.0937],[105.5589,22.0919],[105.5568,22.0912],[105.5564,22.089],[105.5579,22.0865],[105.5578,22.0842],[105.5585,22.0833],[105.5615,22.0822],[105.5601,22.0799],[105.5605,22.0771],[105.5622,22.0753],[105.5626,22.0737],[105.5654,22.071],[105.5656,22.0696],[105.5683,22.0691],[105.5712,22.0695],[105.5708,22.072],[105.5745,22.0823],[105.5766,22.0836],[105.5766,22.0851],[105.5798,22.0851],[105.5798,22.0864],[105.5811,22.088],[105.5803,22.0893],[105.5813,22.0906],[105.5822,22.0967],[105.5805,22.0996],[105.5834,22.0983],[105.5856,22.0963],[105.5861,22.0909],[105.5886,22.0917],[105.5907,22.0917],[105.5937,22.0956],[105.5975,22.0957],[105.5982,22.0966],[105.6024,22.0968],[105.6041,22.0982],[105.6024,22.1031],[105.6016,22.1034],[105.6021,22.1054],[105.5999,22.1091],[105.5999,22.1109],[105.6018,22.1128],[105.6038,22.1132],[105.6055,22.1154],[105.6076,22.1152],[105.6085,22.1156],[105.6137,22.1204],[105.6091,22.1264],[105.6063,22.1287],[105.6069,22.1306],[105.61,22.1328],[105.6109,22.1361],[105.6107,22.1379],[105.6126,22.1401],[105.6106,22.1425],[105.611,22.1441],[105.6103,22.1447],[105.6103,22.1464],[105.6093,22.1481],[105.6124,22.1509],[105.6124,22.1519],[105.6159,22.1541],[105.6179,22.1545],[105.621,22.1574],[105.6254,22.1581],[105.6294,22.1563],[105.6345,22.1606],[105.6353,22.1607],[105.6362,22.16],[105.6374,22.1606],[105.6405,22.1599],[105.6428,22.1631],[105.6458,22.1655],[105.6476,22.1681],[105.6488,22.1687],[105.6505,22.1715],[105.655,22.1729],[105.657,22.1757],[105.6576,22.1805],[105.6521,22.1824],[105.649,22.1858],[105.6492,22.1875],[105.6535,22.1949],[105.6544,22.196],[105.6555,22.1963],[105.6555,22.1975],[105.6582,22.2013],[105.661,22.2044],[105.6643,22.2045],[105.6665,22.2069],[105.6661,22.2082],[105.6637,22.2106],[105.6642,22.2135],[105.6659,22.215],[105.67,22.2175],[105.6727,22.2183],[105.6744,22.22],[105.6759,22.2206],[105.6761,22.2229],[105.6742,22.2263],[105.673,22.2267],[105.6708,22.2255],[105.6683,22.2251],[105.6669,22.2232],[105.6651,22.2221],[105.6628,22.2236],[105.66,22.2242],[105.6595,22.2254],[105.6572,22.2273],[105.6568,22.2288],[105.6554,22.2299],[105.6507,22.232],[105.6512,22.2332],[105.6508,22.2345],[105.6513,22.2372],[105.6506,22.2386],[105.6495,22.2394],[105.6486,22.2394],[105.6481,22.2402],[105.6443,22.2427],[105.6385,22.2435],[105.6369,22.2441],[105.6361,22.2451]]]},"properties":{"code":"02020","name":"Chợ Đồn","nameEn":"Cho Don","fullName":"Xã Chợ Đồn","fullNameEn":"Cho Don Commune","codeName":"cho_don","postalCode":"23628","postalCodePrefix":"","gisServerId":"diaphanhanhchinhcapxa_2025.1178","areaKm2":142.1},"id":"02020"},
{"type":"Feature","geometry":{"type":"Polygon","coordinates":[[[105.6372,22.368],[105.6377,22.3694],[105.6407,22.3721],[105.6406,22.3727],[105.6384,22.3726],[105.6386,22.3748],[105.6401,22.3767],[105.64,22.3796],[105.6367,22.3836],[105.6353,22.3846],[105.6328,22.3842],[105.6299,22.385],[105.6289,22.3889],[105.6269,22.3897],[105.6254,22.391],[105.6221,22.3916],[105.6188,22.3886],[105.6145,22.3863],[105.6119,22.3864],[105.6093,22.388],[105.608,22.3935],[105.6062,22.3945],[105.6007,22.3938],[105.5959,22.3889],[105.5954,22.3875],[105.5928,22.3863],[105.5923,22.3851],[105.5905,22.3838],[105.5802,22.3876],[105.58,22.3894],[105.5785,22.39],[105.5763,22.395],[105.575,22.3958],[105.575,22.3984],[105.5736,22.4003],[105.5748,22.402],[105.5755,22.4043],[105.5754,22.4054],[105.5741,22.4063],[105.575,22.4091],[105.5749,22.4111],[105.5729,22.4136],[105.5707,22.4143],[105.5714,22.416],[105.5708,22.4192],[105.567,22.4148],[105.5658,22.412],[105.5651,22.4075],[105.5632,22.4063],[105.5621,22.4038],[105.5598,22.4023],[105.5545,22.4022],[105.5528,22.4036],[105.5515,22.4036],[105.5509,22.4043],[105.5464,22.4051],[105.543,22.4049],[105.5413,22.407],[105.5351,22.4077],[105.534,22.4068],[105.5341,22.4058],[105.5327,22.404],[105.528,22.4048],[105.5237,22.4039],[105.5221,22.4043],[105.521,22.4026],[105.521,22.4014],[105.5183,22.4008],[105.518,22.3997],[105.5192,22.398],[105.5194,22.3964],[105.5181,22.3948],[105.5201,22.3917],[105.5196,22.3879],[105.5185,22.3861],[105.5163,22.3847],[105.5159,22.3817],[105.5134,22.377],[105.5135,22.3737],[105.5144,22.3699],[105.5164,22.3687],[105.5172,22.3673],[105.5157,22.3635],[105.5153,22.3594],[105.5131,22.3563],[105.5137,22.355],[105.5136,22.3527],[105.5143,22.3518],[105.5142,22.3488],[105.5114,22.3475],[105.5071,22.3427],[105.504,22.3419],[105.5019,22.3402],[105.4987,22.3393],[105.4975,22.3385],[105.498,22.3361],[105.4976,22.3347],[105.4984,22.3319],[105.4976,22.3304],[105.4978,22.3279],[105.4968,22.3271],[105.4978,22.3253],[105.4969,22.3241],[105.497,22.322],[105.4978,22.3204],[105.4969,22.3195],[105.4946,22.3197],[105.4935,22.3186],[105.4909,22.3178],[105.4883,22.3192],[105.483,22.3172],[105.4811,22.315],[105.4787,22.3093],[105.4785,22.3044],[105.479,22.3035],[105.4826,22.3018],[105.4861,22.2972],[105.4902,22.2957],[105.4905,22.294],[105.4915,22.2934],[105.4958,22.2947],[105.5014,22.2948],[105.5024,22.2907],[105.5039,22.2901],[105.5046,22.2887],[105.5101,22.2885],[105.5143,22.2894],[105.5162,22.2879],[105.5174,22.2876],[105.5221,22.2906],[105.5232,22.2906],[105.5241,22.2896],[105.5264,22.2901],[105.5307,22.2952],[105.5324,22.2964],[105.5351,22.2969],[105.5376,22.299],[105.54,22.2983],[105.5437,22.2999],[105.5477,22.2988],[105.5484,22.2993],[105.5491,22.2979],[105.5485,22.2935],[105.5491,22.2904],[105.5483,22.289],[105.5465,22.2881],[105.5473,22.2844],[105.5508,22.2783],[105.5493,22.2733],[105.5503,22.2705],[105.5496,22.2682],[105.5524,22.2675],[105.5532,22.2677],[105.5554,22.2697],[105.5594,22.2709],[105.5629,22.2728],[105.5633,22.2772],[105.5644,22.2796],[105.5665,22.2798],[105.5693,22.2827],[105.5687,22.2846],[105.5697,22.2862],[105.5686,22.2886],[105.5723,22.2913],[105.5744,22.2918],[105.5748,22.293],[105.5761,22.294],[105.5775,22.2945],[105.5802,22.2937],[105.5802,22.2933],[105.5825,22.2924],[105.5865,22.2916],[105.5907,22.2925],[105.592,22.2914],[105.5969,22.2923],[105.5982,22.294],[105.5972,22.2974],[105.5974,22.2984],[105.5991,22.3035],[105.6001,22.3049],[105.6019,22.3053],[105.605,22.3044],[105.6071,22.3056],[105.6091,22.3138],[105.6086,22.3186],[105.6091,22.3195],[105.6096,22.3244],[105.6137,22.3261],[105.6144,22.3251],[105.6166,22.3241],[105.6192,22.3219],[105.6217,22.3248],[105.6233,22.3254],[105.6234,22.3274],[105.6226,22.3293],[105.6244,22.3316],[105.6246,22.334],[105.6252,22.3351],[105.629,22.3383],[105.633,22.3382],[105.636,22.3394],[105.637,22.3393],[105.6395,22.3405],[105.6418,22.3426],[105.6429,22.3427],[105.6435,22.3434],[105.6505,22.3451],[105.6522,22.3477],[105.6514,22.3491],[105.6515,22.3549],[105.652,22.356],[105.65,22.358],[105.6496,22.3595],[105.6488,22.3603],[105.6462,22.3613],[105.6441,22.3602],[105.6396,22.3596],[105.6381,22.3601],[105.6372,22.3596],[105.6362,22.3599],[105.6353,22.3629],[105.6372,22.368]]]},"properties":{"code":"02026","name":"Nam Cường","nameEn":"Nam Cuong","fullName":"Xã Nam Cường","fullNameEn":"Nam Cuong Commune","codeName":"nam_cuong","postalCode":"23612","postalCodePrefix":"","gisServerId":"diaphanhanhchinhcapxa_2025.1179","areaKm2":149.65},"id":"02026"},
{"type":"Feature","geometry":{"type":"Polygon","coordinates":[[[105.6361,22.2451],[105.6375,22.2487],[105.6381,22.249],[105.6381,22.2503],[105.6427,22.2544],[105.6439,22.2578],[105.6468,22.2595],[105.6493,22.2621],[105.6503,22.2641],[105.6506,22.2673],[105.6538,22.2702],[105.6532,22.2733],[105.6547,22.2743],[105.6551,22.276],[105.6543,22.2772],[105.6545,22.2812],[105.6613,22.2869],[105.6619,22.2897],[105.6589,22.2903],[105.6565,22.292],[105.6549,22.2945],[105.654,22.2939],[105.6529,22.2942],[105.6518,22.2935],[105.6509,22.2937],[105.6485,22.298],[105.6465,22.2979],[105.6442,22.3001],[105.6451,22.3017],[105.6444,22.3036],[105.6416,22.3065],[105.64,22.3074],[105.636,22.3074],[105.6298,22.3063],[105.6238,22.308],[105.623,22.3095],[105.621,22.3112],[105.6222,22.3162],[105.6206,22.3184],[105.6207,22.3215],[105.6192,22.3219],[105.6166,22.3241],[105.6144,22.3251],[105.6137,22.3261],[105.6096,22.3244],[105.6091,22.3195],[105.6086,22.3186],[105.6091,22.3138],[105.6071,22.3056],[105.605,22.3044],[105.6019,22.3053],[105.6001,22.3049],[105.5991,22.3035],[105.5974,22.2984],[105.5972,22.2974],[105.5982,22.294],[105.5969,22.2923],[105.592,22.2914],[105.5907,22.2925],[105.5865,22.2916],[105.5825,22.2924],[105.5802,22.2933],[105.5802,22.2937],[105.5775,22.2945],[105.5761,22.294],[105.5748,22.293],[105.5744,22.2918],[105.5723,22.2913],[105.5686,22.2886],[105.5697,22.2862],[105.5687,22.2846],[105.5693,22.2827],[105.5665,22.2798],[105.5644,22.2796],[105.5633,22.2772],[105.5629,22.2728],[105.5594,22.2709],[105.5554,22.2697],[105.5532,22.2677],[105.5524,22.2675],[105.5496,22.2682],[105.5445,22.2668],[105.5438,22.2673],[105.5406,22.2673],[105.5377,22.2661],[105.5385,22.2645],[105.5394,22.2643],[105.5401,22.2616],[105.539,22.2604],[105.5399,22.2586],[105.5387,22.2546],[105.5409,22.2548],[105.542,22.2539],[105.5445,22.2507],[105.5451,22.2479],[105.5479,22.2474],[105.5505,22.2423],[105.5512,22.2388],[105.5505,22.2367],[105.5528,22.2368],[105.5569,22.2387],[105.559,22.2389],[105.5669,22.2424],[105.5691,22.2449],[105.5701,22.245],[105.5711,22.2444],[105.5718,22.2416],[105.5743,22.2411],[105.576,22.2392],[105.5768,22.2352],[105.5791,22.2362],[105.5815,22.2347],[105.5844,22.2349],[105.5857,22.236],[105.5873,22.2354],[105.5886,22.2357],[105.5912,22.2352],[105.5923,22.2331],[105.5952,22.2326],[105.597,22.2313],[105.5989,22.2273],[105.6007,22.2257],[105.6033,22.2248],[105.6062,22.2257],[105.609,22.2245],[105.6109,22.2247],[105.6127,22.2228],[105.6145,22.2223],[105.6154,22.2257],[105.6169,22.2284],[105.6193,22.2293],[105.6209,22.2329],[105.6224,22.2338],[105.6223,22.2368],[105.6242,22.2376],[105.6254,22.2394],[105.6274,22.2401],[105.6271,22.2418],[105.6281,22.2431],[105.6285,22.2447],[105.6304,22.2457],[105.6331,22.2444],[105.6361,22.2451]]]},"properties":{"code":"02038","name":"Quảng Bạch","nameEn":"Quang Bach","fullName":"Xã Quảng Bạch","fullNameEn":"Quang Bach Commune","codeName":"quang_bach","postalCode":"23615","postalCodePrefix":"","gisServerId":"diaphanhanhchinhcapxa_2025.1180","areaKm2":75.22},"id":"02038"},
{"type":"Feature","geometry":{"type":"Polygon","coordinates":[[[105.5496,22.2682],[105.5503,22.2705],[105.5493,22.2733],[105.5508,22.2783],[105.5473,22.2844],[105.5465,22.2881],[105.5483,22.289],[105.5491,22.2904],[105.5485,22.2935],[105.5491,22.2979],[105.5484,22.2993],[105.5477,22.2988],[105.5437,22.2999],[105.54,22.2983],[105.5376,22.299],[105.5351,22.2969],[105.5324,22.2964],[105.5307,22.2952],[105.5264,22.2901],[105.5241,22.2896],[105.5232,22.2906],[105.5221,22.2906],[105.5174,22.2876],[105.5162,22.2879],[105.5143,22.2894],[105.5101,22.2885],[105.5046,22.2887],[105.5039,22.2901],[105.5024,22.2907],[105.5014,22.2948],[105.4958,22.2947],[105.4915,22.2934],[105.4867,22.2927],[105.4817,22.2898],[105.4803,22.2882],[105.4786,22.2882],[105.4735,22.2868],[105.4721,22.2856],[105.4677,22.2853],[105.4666,22.2844],[105.4605,22.2842],[105.4601,22.2832],[105.461,22.2814],[105.4648,22.2796],[105.4664,22.2796],[105.4665,22.2786],[105.4703,22.2765],[105.4714,22.275],[105.4725,22.2746],[105.4732,22.2731],[105.4729,22.2725],[105.4707,22.272],[105.4683,22.2697],[105.4676,22.2684],[105.4657,22.2676],[105.464,22.2647],[105.4609,22.2654],[105.4583,22.2674],[105.4568,22.2676],[105.4554,22.2689],[105.4546,22.2689],[105.4535,22.268],[105.4532,22.2661],[105.4505,22.2645],[105.4484,22.2651],[105.4445,22.2646],[105.4401,22.261],[105.4386,22.2614],[105.4368,22.2605],[105.4356,22.2584],[105.4366,22.2573],[105.437,22.2556],[105.4384,22.2553],[105.4389,22.2547],[105.4373,22.2515],[105.4383,22.2496],[105.4381,22.2455],[105.4386,22.2444],[105.437,22.2432],[105.436,22.2396],[105.4398,22.2376],[105.4413,22.2317],[105.441,22.2307],[105.4398,22.2308],[105.4358,22.2283],[105.4353,22.2267],[105.4355,22.2222],[105.434,22.2193],[105.4347,22.2171],[105.4341,22.2159],[105.4328,22.2166],[105.4315,22.2164],[105.4308,22.2142],[105.4324,22.2124],[105.433,22.2107],[105.4344,22.2102],[105.4361,22.208],[105.4378,22.2072],[105.4433,22.201],[105.4451,22.1986],[105.4452,22.197],[105.4484,22.1946],[105.4493,22.1915],[105.4516,22.1896],[105.4557,22.187],[105.4584,22.1894],[105.4603,22.1903],[105.4608,22.19],[105.4604,22.1854],[105.4623,22.1842],[105.4627,22.1828],[105.4642,22.1812],[105.4631,22.1806],[105.4611,22.1775],[105.4615,22.1764],[105.4612,22.1729],[105.4631,22.171],[105.4622,22.1692],[105.4648,22.1665],[105.4659,22.166],[105.4695,22.1607],[105.4701,22.1602],[105.4731,22.1622],[105.4746,22.1617],[105.4756,22.1633],[105.4783,22.1633],[105.4808,22.1619],[105.4826,22.1615],[105.4835,22.162],[105.4857,22.1601],[105.4876,22.1592],[105.4909,22.1583],[105.4923,22.1586],[105.4935,22.1577],[105.4935,22.1563],[105.492,22.1542],[105.4931,22.1528],[105.4938,22.1507],[105.4948,22.1497],[105.4954,22.1467],[105.4995,22.1442],[105.5004,22.1431],[105.5025,22.1441],[105.5064,22.1438],[105.5108,22.1458],[105.5119,22.1455],[105.5161,22.1463],[105.5202,22.1455],[105.5219,22.1437],[105.5248,22.143],[105.5265,22.1432],[105.5267,22.1412],[105.5259,22.1398],[105.5256,22.1379],[105.5261,22.1359],[105.5273,22.1348],[105.5272,22.1331],[105.5288,22.1294],[105.5315,22.1271],[105.5341,22.1269],[105.5353,22.1264],[105.536,22.1252],[105.5411,22.1267],[105.5429,22.1262],[105.5448,22.1266],[105.5472,22.1255],[105.5486,22.1256],[105.5513,22.1295],[105.5515,22.131],[105.5525,22.1323],[105.5534,22.1356],[105.5531,22.1375],[105.5547,22.1394],[105.5564,22.1398],[105.5575,22.1431],[105.557,22.1471],[105.5583,22.1493],[105.5556,22.1504],[105.5529,22.1532],[105.5552,22.1561],[105.5553,22.1579],[105.5544,22.16],[105.5551,22.1614],[105.5541,22.1626],[105.5532,22.1652],[105.5522,22.1659],[105.5545,22.1697],[105.5555,22.1745],[105.5551,22.181],[105.5575,22.1836],[105.5563,22.1862],[105.5566,22.1868],[105.5561,22.1914],[105.554,22.1937],[105.5539,22.1953],[105.5517,22.1969],[105.5509,22.1996],[105.5491,22.2004],[105.5483,22.202],[105.5485,22.2031],[105.5514,22.2035],[105.5528,22.2045],[105.5476,22.2093],[105.5472,22.212],[105.5479,22.2131],[105.548,22.2149],[105.5491,22.2166],[105.5467,22.2167],[105.5463,22.2175],[105.5435,22.2197],[105.5461,22.2241],[105.5468,22.2268],[105.548,22.2283],[105.5478,22.2316],[105.5491,22.2332],[105.5487,22.234],[105.5505,22.236],[105.5505,22.2367],[105.5512,22.2388],[105.5505,22.2423],[105.5479,22.2474],[105.5451,22.2479],[105.5445,22.2507],[105.542,22.2539],[105.5409,22.2548],[105.5387,22.2546],[105.5399,22.2586],[105.539,22.2604],[105.5401,22.2616],[105.5394,22.2643],[105.5385,22.2645],[105.5377,22.2661],[105.5406,22.2673],[105.5438,22.2673],[105.5445,22.2668],[105.5496,22.2682]]]},"properties":{"code":"02044","name":"Yên Thịnh","nameEn":"Yen Thinh","fullName":"Xã Yên Thịnh","fullNameEn":"Yen Thinh Commune","codeName":"yen_thinh","postalCode":"23618","postalCodePrefix":"","gisServerId":"diaphanhanhchinhcapxa_2025.1181","areaKm2":165.8},"id":"02044"},
{"type":"Feature","geometry":{"type":"Polygon","coordinates":[[[105.4938,22.1507],[105.4909,22.1512],[105.4875,22.1498],[105.4843,22.1477],[105.4819,22.1458],[105.4813,22.1431],[105.4737,22.137],[105.4764,22.1298],[105.4755,22.1283],[105.4752,22.1265],[105.4738,22.1255],[105.4702,22.1258],[105.4691,22.125],[105.4687,22.123],[105.467,22.1214],[105.4654,22.1211],[105.4648,22.1197],[105.4654,22.1175],[105.4627,22.1151],[105.4626,22.1143],[105.4644,22.1119],[105.4634,22.108],[105.465,22.1038],[105.4656,22.103],[105.4665,22.1028],[105.4702,22.1032],[105.4705,22.1018],[105.4715,22.1008],[105.472,22.0977],[105.4735,22.0974],[105.4736,22.0963],[105.4735,22.0955],[105.4714,22.0938],[105.4706,22.0921],[105.469,22.0912],[105.4682,22.0899],[105.4682,22.0876],[105.4697,22.0847],[105.4695,22.0813],[105.4656,22.0775],[105.4632,22.0762],[105.4627,22.0744],[105.4679,22.0729],[105.4678,22.0706],[105.4691,22.0684],[105.473,22.0681],[105.4739,22.0676],[105.4745,22.0658],[105.4765,22.0654],[105.4746,22.0651],[105.4732,22.0637],[105.4738,22.0599],[105.4755,22.0577],[105.4774,22.0568],[105.4781,22.0551],[105.4807,22.0538],[105.4823,22.0499],[105.4846,22.0497],[105.4871,22.0478],[105.489,22.0446],[105.4874,22.041],[105.4883,22.0392],[105.4904,22.0387],[105.4906,22.036],[105.4887,22.0318],[105.4907,22.0294],[105.4932,22.0242],[105.4928,22.0234],[105.4934,22.0212],[105.4928,22.0187],[105.4938,22.0153],[105.4938,22.0118],[105.4953,22.0104],[105.4981,22.0093],[105.5007,22.0103],[105.5053,22.0084],[105.5057,22.0052],[105.505,22.0027],[105.5061,21.9964],[105.5051,21.9923],[105.5068,21.992],[105.5084,21.9904],[105.5112,21.9904],[105.5124,21.9876],[105.5117,21.9852],[105.5123,21.9844],[105.5135,21.9839],[105.5147,21.9843],[105.5153,21.9865],[105.5164,21.9873],[105.5192,21.9843],[105.5204,21.9836],[105.5232,21.983],[105.5258,21.9803],[105.526,21.9786],[105.5292,21.9736],[105.5293,21.9722],[105.5314,21.9688],[105.5335,21.9667],[105.5376,21.9673],[105.5395,21.9646],[105.541,21.964],[105.5453,21.9643],[105.5491,21.9628],[105.5525,21.9628],[105.5538,21.9593],[105.5557,21.9575],[105.5632,21.9555],[105.567,21.9567],[105.5685,21.9566],[105.5695,21.957],[105.5703,21.9582],[105.5723,21.9575],[105.5755,21.9577],[105.5774,21.9583],[105.5781,21.9607],[105.5796,21.9627],[105.5797,21.9653],[105.5815,21.9661],[105.5817,21.9668],[105.5809,21.9692],[105.5798,21.9696],[105.5791,21.9708],[105.5789,21.9728],[105.5778,21.975],[105.5782,21.9775],[105.5806,21.9789],[105.5808,21.9799],[105.5821,21.9806],[105.5794,21.9834],[105.5795,21.9855],[105.5815,21.9884],[105.5818,21.9903],[105.5832,21.9917],[105.5826,21.9945],[105.5836,21.9951],[105.5847,21.9975],[105.5861,21.9977],[105.5858,22.0011],[105.587,22.002],[105.5869,22.0033],[105.5904,22.0086],[105.5939,22.0116],[105.5941,22.0127],[105.5928,22.0148],[105.5928,22.0161],[105.5942,22.018],[105.5961,22.0185],[105.5964,22.0195],[105.5957,22.0205],[105.5956,22.0219],[105.5947,22.0226],[105.5914,22.0217],[105.5886,22.0241],[105.587,22.0274],[105.5836,22.0293],[105.5826,22.0319],[105.5809,22.0331],[105.5806,22.0347],[105.5782,22.0373],[105.5786,22.0407],[105.5775,22.0431],[105.5782,22.0444],[105.5779,22.0473],[105.5791,22.0487],[105.5776,22.0502],[105.5776,22.0519],[105.5789,22.0551],[105.5799,22.0557],[105.579,22.0576],[105.5781,22.0582],[105.5776,22.0608],[105.5763,22.0616],[105.5766,22.0632],[105.575,22.0664],[105.5743,22.0669],[105.5729,22.0663],[105.5724,22.0666],[105.5724,22.0694],[105.5712,22.0695],[105.5683,22.0691],[105.5656,22.0696],[105.5654,22.071],[105.5626,22.0737],[105.5622,22.0753],[105.5605,22.0771],[105.5601,22.0799],[105.5615,22.0822],[105.5585,22.0833],[105.5578,22.0842],[105.5579,22.0865],[105.5564,22.089],[105.5568,22.0912],[105.5589,22.0919],[105.5597,22.0937],[105.5609,22.0934],[105.5623,22.0943],[105.5625,22.0973],[105.5645,22.0988],[105.5608,22.1005],[105.56,22.1023],[105.5578,22.1033],[105.556,22.1026],[105.5536,22.0995],[105.5522,22.0992],[105.5502,22.1002],[105.5463,22.0999],[105.5403,22.0979],[105.5388,22.098],[105.5375,22.0969],[105.5366,22.0975],[105.5342,22.097],[105.5326,22.0977],[105.5295,22.0979],[105.5339,22.1003],[105.5362,22.1023],[105.5366,22.1035],[105.5377,22.1037],[105.538,22.1045],[105.5395,22.1051],[105.5405,22.1078],[105.545,22.1126],[105.5431,22.1125],[105.5416,22.1116],[105.5403,22.1118],[105.5384,22.1124],[105.5364,22.1141],[105.5361,22.1167],[105.5355,22.1175],[105.536,22.1185],[105.5366,22.1188],[105.5366,22.1194],[105.5345,22.1217],[105.5326,22.1215],[105.5315,22.1271],[105.5288,22.1294],[105.5272,22.1331],[105.5273,22.1348],[105.5261,22.1359],[105.5256,22.1379],[105.5259,22.1398],[105.5267,22.1412],[105.5265,22.1432],[105.5248,22.143],[105.5219,22.1437],[105.5202,22.1455],[105.5161,22.1463],[105.5119,22.1455],[105.5108,22.1458],[105.5064,22.1438],[105.5025,22.1441],[105.5004,22.1431],[105.4995,22.1442],[105.4954,22.1467],[105.4948,22.1497],[105.4938,22.1507]]]},"properties":{"code":"02071","name":"Nghĩa Tá","nameEn":"Nghia Ta","fullName":"Xã Nghĩa Tá","fullNameEn":"Nghia Ta Commune","codeName":"nghia_ta","postalCode":"23620","postalCodePrefix":"","gisServerId":"diaphanhanhchinhcapxa_2025.1183","areaKm2":166.89},"id":"02071"},
{"type":"Feature","geometry":{"type":"Polygon","coordinates":[[[105.6405,22.1599],[105.6374,22.1606],[105.6362,22.16],[105.6353,22.1607],[105.6345,22.1606],[105.6294,22.1563],[105.6254,22.1581],[105.621,22.1574],[105.6179,22.1545],[105.6159,22.1541],[105.6124,22.1519],[105.6124,22.1509],[105.6093,22.1481],[105.6103,22.1464],[105.6103,22.1447],[105.611,22.1441],[105.6106,22.1425],[105.6126,22.1401],[105.6107,22.1379],[105.6109,22.1361],[105.61,22.1328],[105.6069,22.1306],[105.6063,22.1287],[105.6091,22.1264],[105.6137,22.1204],[105.6085,22.1156],[105.6076,22.1152],[105.6055,22.1154],[105.6038,22.1132],[105.6018,22.1128],[105.5999,22.1109],[105.5999,22.1091],[105.6021,22.1054],[105.6016,22.1034],[105.6024,22.1031],[105.6041,22.0982],[105.6024,22.0968],[105.5982,22.0966],[105.5975,22.0957],[105.5937,22.0956],[105.5907,22.0917],[105.5886,22.0917],[105.5861,22.0909],[105.5856,22.0963],[105.5834,22.0983],[105.5805,22.0996],[105.5822,22.0967],[105.5813,22.0906],[105.5803,22.0893],[105.5811,22.088],[105.5798,22.0864],[105.5798,22.0851],[105.5766,22.0851],[105.5766,22.0836],[105.5745,22.0823],[105.5708,22.072],[105.5712,22.0695],[105.5724,22.0694],[105.5724,22.0666],[105.5729,22.0663],[105.5743,22.0669],[105.575,22.0664],[105.5766,22.0632],[105.5763,22.0616],[105.5776,22.0608],[105.5781,22.0582],[105.579,22.0576],[105.5799,22.0557],[105.5789,22.0551],[105.5776,22.0519],[105.5776,22.0502],[105.5791,22.0487],[105.5779,22.0473],[105.5782,22.0444],[105.5775,22.0431],[105.5786,22.0407],[105.5782,22.0373],[105.5806,22.0347],[105.5809,22.0331],[105.5826,22.0319],[105.5836,22.0293],[105.587,22.0274],[105.5886,22.0241],[105.5914,22.0217],[105.5947,22.0226],[105.5956,22.0219],[105.5957,22.0205],[105.5964,22.0195],[105.5961,22.0185],[105.5942,22.018],[105.5928,22.0161],[105.5928,22.0148],[105.5941,22.0127],[105.5939,22.0116],[105.5904,22.0086],[105.5927,22.0077],[105.5968,22.0087],[105.6012,22.0111],[105.6005,22.0124],[105.6018,22.0141],[105.6045,22.0124],[105.6049,22.0122],[105.6069,22.0118],[105.6072,22.0115],[105.6078,22.0111],[105.61,22.0116],[105.6129,22.0136],[105.6165,22.0125],[105.6171,22.0137],[105.6182,22.0142],[105.6196,22.0173],[105.6208,22.0185],[105.6246,22.017],[105.6296,22.0173],[105.6303,22.0171],[105.6335,22.0171],[105.636,22.018],[105.6362,22.019],[105.6353,22.0212],[105.6374,22.0213],[105.6387,22.0252],[105.6401,22.0258],[105.6408,22.0267],[105.6459,22.0248],[105.6492,22.0247],[105.6515,22.0253],[105.6531,22.0237],[105.6533,22.0249],[105.6554,22.0274],[105.6584,22.0296],[105.6601,22.0295],[105.6612,22.032],[105.6607,22.0332],[105.6632,22.036],[105.6637,22.0399],[105.6654,22.041],[105.6659,22.0423],[105.6671,22.0426],[105.6684,22.0437],[105.6678,22.0463],[105.6685,22.0475],[105.6731,22.0479],[105.6785,22.0447],[105.6803,22.0442],[105.6816,22.0446],[105.6829,22.0439],[105.6836,22.0428],[105.6868,22.0411],[105.6894,22.0407],[105.6927,22.0393],[105.6946,22.0382],[105.6964,22.0359],[105.696,22.038],[105.6963,22.043],[105.6946,22.0476],[105.6997,22.0518],[105.6996,22.0532],[105.7009,22.0561],[105.6983,22.0591],[105.6983,22.0634],[105.6966,22.0648],[105.696,22.0665],[105.6938,22.0674],[105.6931,22.0696],[105.693,22.0737],[105.695,22.0757],[105.6945,22.0803],[105.6937,22.0825],[105.6949,22.083],[105.696,22.0845],[105.6953,22.0865],[105.6941,22.0875],[105.6933,22.0896],[105.6878,22.0901],[105.6848,22.0894],[105.6828,22.0911],[105.6813,22.0902],[105.679,22.091],[105.6765,22.089],[105.6752,22.0888],[105.6732,22.0891],[105.672,22.0901],[105.6689,22.0904],[105.668,22.0913],[105.6673,22.0912],[105.6671,22.09],[105.6635,22.0896],[105.6622,22.0907],[105.6606,22.0956],[105.6586,22.0956],[105.6584,22.0969],[105.6571,22.0981],[105.6543,22.0989],[105.6518,22.1026],[105.6533,22.1056],[105.652,22.1077],[105.6518,22.1118],[105.6523,22.113],[105.6504,22.1144],[105.6509,22.1156],[105.6506,22.1163],[105.6483,22.1171],[105.647,22.1184],[105.6421,22.1191],[105.64,22.1218],[105.6377,22.1215],[105.6365,22.1208],[105.635,22.121],[105.6348,22.1221],[105.6335,22.1233],[105.6335,22.1247],[105.6326,22.1266],[105.6333,22.1276],[105.6339,22.1274],[105.6342,22.1355],[105.6364,22.1367],[105.638,22.1406],[105.6407,22.1428],[105.6401,22.1451],[105.6405,22.1469],[105.642,22.1496],[105.6407,22.1508],[105.6401,22.1526],[105.6399,22.1575],[105.6405,22.1599]]]},"properties":{"code":"02083","name":"Yên Phong","nameEn":"Yen Phong","fullName":"Xã Yên Phong","fullNameEn":"Yen Phong Commune","codeName":"yen_phong","postalCode":"23622","postalCodePrefix":"","gisServerId":"diaphanhanhchinhcapxa_2025.1182","areaKm2":115.98},"id":"02083"},
{"type":"Feature","geometry":{"type":"Polygon","coordinates":[[[105.8824,21.937],[105.8807,21.939],[105.8769,21.94],[105.8738,21.9394],[105.8723,21.941],[105.8699,21.9422],[105.8672,21.9426],[105.8626,21.9422],[105.8608,21.9448],[105.8589,21.9455],[105.8586,21.9464],[105.8555,21.9484],[105.852,21.9489],[105.8488,21.9483],[105.8506,21.9443],[105.8504,21.9418],[105.8478,21.9385],[105.8478,21.9365],[105.8469,21.9339],[105.8476,21.9321],[105.8467,21.9293],[105.8456,21.9285],[105.844,21.9284],[105.8433,21.9277],[105.8436,21.9259],[105.8422,21.9229],[105.8431,21.9226],[105.8435,21.9213],[105.8432,21.9194],[105.8418,21.9176],[105.8411,21.9156],[105.8409,21.914],[105.8414,21.9127],[105.837,21.9112],[105.8358,21.9088],[105.8341,21.9082],[105.8283,21.9089],[105.8274,21.9103],[105.8248,21.9104],[105.8226,21.9123],[105.8206,21.9126],[105.819,21.9119],[105.8166,21.9123],[105.8117,21.9151],[105.8106,21.9151],[105.808,21.9124],[105.8076,21.9085],[105.807,21.9073],[105.8047,21.9062],[105.803,21.9061],[105.8033,21.9042],[105.8027,21.902],[105.7996,21.9008],[105.7974,21.9017],[105.7966,21.903],[105.7967,21.904],[105.7943,21.9062],[105.794,21.9076],[105.7948,21.9088],[105.788,21.9108],[105.7865,21.912],[105.7864,21.913],[105.784,21.9149],[105.7844,21.9189],[105.7865,21.9203],[105.7872,21.9224],[105.7859,21.9256],[105.7876,21.9293],[105.7877,21.9321],[105.7791,21.9319],[105.7779,21.9332],[105.7774,21.9313],[105.7762,21.9299],[105.7752,21.9296],[105.7729,21.9264],[105.7714,21.9263],[105.7707,21.9256],[105.7709,21.9226],[105.7705,21.9214],[105.7674,21.9199],[105.7654,21.9156],[105.7643,21.9145],[105.7651,21.9135],[105.7674,21.9122],[105.7684,21.9121],[105.7711,21.9101],[105.772,21.9085],[105.7712,21.9062],[105.7718,21.9049],[105.7716,21.9025],[105.7739,21.8963],[105.7811,21.8894],[105.7798,21.8886],[105.7772,21.8886],[105.7758,21.887],[105.7744,21.8876],[105.7724,21.8875],[105.7703,21.8849],[105.7721,21.8844],[105.7711,21.8837],[105.7709,21.8827],[105.7724,21.8806],[105.7729,21.8763],[105.7719,21.8744],[105.7703,21.8733],[105.7703,21.8707],[105.7688,21.8699],[105.7682,21.8679],[105.7683,21.8662],[105.7689,21.8656],[105.7684,21.8642],[105.769,21.8626],[105.7698,21.8619],[105.7694,21.8581],[105.7689,21.8564],[105.7666,21.8548],[105.7656,21.8535],[105.7652,21.8519],[105.7659,21.8514],[105.766,21.8506],[105.7643,21.8484],[105.7636,21.8452],[105.7605,21.8435],[105.7606,21.8404],[105.7616,21.8376],[105.759,21.8366],[105.758,21.8353],[105.758,21.8324],[105.7586,21.8303],[105.7603,21.8308],[105.761,21.8277],[105.76,21.8219],[105.7593,21.8207],[105.761,21.8169],[105.7642,21.8156],[105.7677,21.8129],[105.7699,21.8134],[105.7709,21.8118],[105.7728,21.8126],[105.7743,21.8117],[105.7791,21.8109],[105.7808,21.8088],[105.7823,21.8086],[105.7832,21.8067],[105.7842,21.8066],[105.7861,21.8044],[105.7923,21.8056],[105.7946,21.8055],[105.7963,21.8047],[105.7993,21.8051],[105.8007,21.8066],[105.8002,21.809],[105.8009,21.8118],[105.803,21.8141],[105.8038,21.8194],[105.8014,21.8225],[105.804,21.8278],[105.8049,21.834],[105.8071,21.8353],[105.8076,21.8371],[105.8088,21.8379],[105.8098,21.8398],[105.8122,21.8426],[105.8151,21.8438],[105.8157,21.8447],[105.8196,21.8456],[105.8222,21.8468],[105.8302,21.8464],[105.8308,21.8459],[105.8326,21.8458],[105.8352,21.8461],[105.8386,21.8452],[105.8426,21.8452],[105.8482,21.844],[105.8519,21.8441],[105.8532,21.8436],[105.8553,21.8459],[105.8568,21.8453],[105.8604,21.846],[105.8622,21.8482],[105.8624,21.8495],[105.8631,21.8498],[105.8643,21.8517],[105.8639,21.855],[105.8625,21.8589],[105.8629,21.8606],[105.8684,21.859],[105.8715,21.856],[105.8733,21.8558],[105.8769,21.8571],[105.8819,21.8575],[105.8829,21.8582],[105.8825,21.8604],[105.883,21.8621],[105.885,21.8626],[105.8867,21.8655],[105.888,21.8664],[105.8891,21.8686],[105.8889,21.8701],[105.8917,21.875],[105.9007,21.886],[105.9086,21.8936],[105.9079,21.8934],[105.9063,21.8942],[105.903,21.8945],[105.901,21.8942],[105.9,21.895],[105.8931,21.8962],[105.8924,21.8961],[105.8919,21.8946],[105.8895,21.8948],[105.8875,21.894],[105.8845,21.8941],[105.8832,21.8965],[105.8818,21.8964],[105.8795,21.8978],[105.8769,21.8982],[105.8737,21.8976],[105.8697,21.898],[105.8695,21.8999],[105.8684,21.9014],[105.869,21.9024],[105.8683,21.9029],[105.8696,21.9065],[105.8724,21.9087],[105.8797,21.9097],[105.8751,21.9151],[105.8758,21.9173],[105.8749,21.9201],[105.8758,21.9216],[105.8773,21.9219],[105.8789,21.9234],[105.8808,21.924],[105.8809,21.9319],[105.8832,21.9349],[105.8824,21.937]]]},"properties":{"code":"02086","name":"Chợ Mới","nameEn":"Cho Moi","fullName":"Xã Chợ Mới","fullNameEn":"Cho Moi Commune","codeName":"cho_moi","postalCode":"23723","postalCodePrefix":"","gisServerId":"diaphanhanhchinhcapxa_2025.1242","areaKm2":118.98},"id":"02086"},
{"type":"Feature","geometry":{"type":"Polygon","coordinates":[[[105.798,22.1007],[105.794,22.101],[105.7889,22.099],[105.7821,22.0987],[105.7791,22.0979],[105.7779,22.0984],[105.7756,22.1012],[105.7733,22.1018],[105.7714,22.1009],[105.7674,22.1021],[105.7646,22.1005],[105.7621,22.1008],[105.7595,22.0998],[105.7578,22.1001],[105.7575,22.0968],[105.7558,22.0963],[105.7527,22.0971],[105.7501,22.0995],[105.7494,22.0993],[105.7481,22.0988],[105.7468,22.0972],[105.7426,22.0961],[105.7406,22.0961],[105.7381,22.0938],[105.7375,22.0923],[105.7331,22.0935],[105.7317,22.0958],[105.7303,22.0966],[105.7287,22.0962],[105.7267,22.0967],[105.725,22.1],[105.7201,22.0983],[105.7171,22.0988],[105.7157,22.0996],[105.7129,22.0986],[105.7096,22.0993],[105.7077,22.101],[105.7063,22.1014],[105.7047,22.1005],[105.7014,22.0952],[105.7017,22.0908],[105.6996,22.0885],[105.6968,22.0873],[105.696,22.0845],[105.6949,22.083],[105.6937,22.0825],[105.6945,22.0803],[105.695,22.0757],[105.693,22.0737],[105.6931,22.0696],[105.6938,22.0674],[105.696,22.0665],[105.6966,22.0648],[105.6983,22.0634],[105.6983,22.0591],[105.7009,22.0561],[105.6996,22.0532],[105.6997,22.0518],[105.6946,22.0476],[105.6963,22.043],[105.696,22.038],[105.6964,22.0359],[105.6975,22.0307],[105.7054,22.0254],[105.7079,22.0226],[105.7137,22.0216],[105.7166,22.0221],[105.7207,22.0244],[105.7209,22.0258],[105.7229,22.0262],[105.7232,22.0247],[105.7258,22.0218],[105.7279,22.0213],[105.7285,22.0188],[105.7312,22.0155],[105.734,22.0163],[105.7357,22.0161],[105.7369,22.0171],[105.7372,22.0186],[105.7397,22.0187],[105.7438,22.0167],[105.7452,22.0166],[105.7472,22.0143],[105.747,22.0133],[105.75,22.014],[105.7519,22.0129],[105.7536,22.0129],[105.7565,22.0105],[105.7584,22.0119],[105.7599,22.0121],[105.763,22.0093],[105.7653,22.0106],[105.7714,22.007],[105.7743,22.0044],[105.7749,22.006],[105.7785,22.0101],[105.7805,22.009],[105.7812,22.0097],[105.783,22.0096],[105.7844,22.0102],[105.7899,22.006],[105.7915,22.003],[105.7934,22.0027],[105.7949,22.0019],[105.7969,21.9988],[105.7982,21.9996],[105.8009,21.9988],[105.8023,21.9994],[105.8044,21.9977],[105.8058,22.0014],[105.806,22.005],[105.8119,22.0074],[105.8111,22.0083],[105.8113,22.0101],[105.815,22.0133],[105.8172,22.0134],[105.8124,22.0175],[105.8102,22.0245],[105.8085,22.0258],[105.8061,22.0316],[105.8072,22.0336],[105.8067,22.0351],[105.8071,22.0365],[105.8096,22.0399],[105.8092,22.0407],[105.8112,22.0435],[105.8114,22.0449],[105.816,22.0467],[105.8153,22.0503],[105.814,22.0509],[105.8126,22.0529],[105.8143,22.0547],[105.8153,22.0581],[105.8151,22.0596],[105.8157,22.0624],[105.8171,22.0628],[105.8185,22.0648],[105.8198,22.0651],[105.8203,22.0671],[105.8193,22.0711],[105.8209,22.0727],[105.823,22.0725],[105.8255,22.0756],[105.8234,22.0777],[105.8222,22.0781],[105.822,22.0813],[105.8201,22.0836],[105.8205,22.0841],[105.8233,22.085],[105.821,22.086],[105.82,22.089],[105.8167,22.0908],[105.8162,22.0927],[105.8143,22.0942],[105.8137,22.0945],[105.8127,22.0939],[105.8118,22.0924],[105.8097,22.0929],[105.8066,22.0952],[105.8011,22.0965],[105.8012,22.0978],[105.798,22.1007]]]},"properties":{"code":"02101","name":"Thanh Mai","nameEn":"Thanh Mai","fullName":"Xã Thanh Mai","fullNameEn":"Thanh Mai Commune","codeName":"thanh_mai","postalCode":"23714","postalCodePrefix":"","gisServerId":"diaphanhanhchinhcapxa_2025.1244","areaKm2":111.08},"id":"02101"},
{"type":"Feature","geometry":{"type":"Polygon","coordinates":[[[105.9456,22.1201],[105.9445,22.1226],[105.9432,22.124],[105.9404,22.1252],[105.9404,22.126],[105.9372,22.1276],[105.9363,22.1287],[105.9332,22.1298],[105.9308,22.1292],[105.9299,22.1272],[105.9281,22.1253],[105.9268,22.1245],[105.9247,22.1243],[105.9233,22.1225],[105.9239,22.1208],[105.9234,22.1189],[105.9245,22.1171],[105.9247,22.1152],[105.9262,22.113],[105.9253,22.1127],[105.9244,22.1114],[105.923,22.1112],[105.9224,22.1107],[105.9221,22.1081],[105.9225,22.1057],[105.9212,22.1036],[105.9213,22.1007],[105.9225,22.0995],[105.9234,22.097],[105.9258,22.0957],[105.9277,22.094],[105.928,22.0928],[105.9294,22.0921],[105.9294,22.0899],[105.9309,22.0895],[105.9308,22.0878],[105.9296,22.0867],[105.9288,22.0842],[105.9271,22.0831],[105.9267,22.0811],[105.9257,22.0805],[105.9222,22.0814],[105.9207,22.084],[105.9189,22.0847],[105.9173,22.0848],[105.9165,22.084],[105.9153,22.0838],[105.9128,22.084],[105.9104,22.0816],[105.9094,22.0816],[105.9062,22.0842],[105.903,22.0848],[105.9,22.082],[105.8992,22.0804],[105.8971,22.0751],[105.8961,22.0704],[105.8949,22.069],[105.8947,22.0676],[105.8908,22.0727],[105.8876,22.0738],[105.8849,22.0757],[105.8828,22.0759],[105.883,22.0733],[105.8796,22.0697],[105.8769,22.0712],[105.8751,22.0705],[105.8744,22.0677],[105.8736,22.067],[105.8733,22.0649],[105.8708,22.0623],[105.8685,22.0619],[105.8672,22.0629],[105.8666,22.0661],[105.8639,22.0646],[105.8632,22.0634],[105.8596,22.0635],[105.8578,22.0694],[105.8568,22.071],[105.8583,22.0753],[105.859,22.0796],[105.8556,22.0831],[105.8557,22.0845],[105.8567,22.0852],[105.857,22.0877],[105.8544,22.0898],[105.8521,22.09],[105.8477,22.0916],[105.8452,22.0917],[105.8415,22.0932],[105.8403,22.0931],[105.8374,22.092],[105.8354,22.0899],[105.8328,22.0905],[105.8305,22.0892],[105.829,22.0869],[105.8251,22.0857],[105.8243,22.0859],[105.8233,22.085],[105.8205,22.0841],[105.8201,22.0836],[105.822,22.0813],[105.8222,22.0781],[105.8234,22.0777],[105.8255,22.0756],[105.823,22.0725],[105.8209,22.0727],[105.8193,22.0711],[105.8203,22.0671],[105.8198,22.0651],[105.8185,22.0648],[105.8171,22.0628],[105.8157,22.0624],[105.8151,22.0596],[105.8153,22.0581],[105.8143,22.0547],[105.8126,22.0529],[105.814,22.0509],[105.8153,22.0503],[105.816,22.0467],[105.8114,22.0449],[105.8112,22.0435],[105.8092,22.0407],[105.8096,22.0399],[105.8071,22.0365],[105.8067,22.0351],[105.8072,22.0336],[105.8061,22.0316],[105.8085,22.0258],[105.8102,22.0245],[105.8124,22.0175],[105.8172,22.0134],[105.8197,22.0131],[105.8218,22.0115],[105.8221,22.0096],[105.823,22.009],[105.8234,22.0076],[105.8246,22.0072],[105.8253,22.0061],[105.8274,22.0065],[105.8345,22.0025],[105.8391,22.0013],[105.8431,22.0014],[105.8441,21.9979],[105.8464,21.9963],[105.848,21.9923],[105.8491,21.9911],[105.8519,21.9903],[105.8528,21.9909],[105.8541,21.9906],[105.8561,21.9911],[105.8596,21.9906],[105.861,21.9911],[105.8644,21.9908],[105.866,21.9901],[105.8673,21.9905],[105.8713,21.9886],[105.8735,21.9886],[105.8749,21.9874],[105.8761,21.987],[105.8772,21.9878],[105.8824,21.9868],[105.8834,21.987],[105.8856,21.9888],[105.8891,21.989],[105.8906,21.9875],[105.8908,21.9864],[105.9028,21.9833],[105.9037,21.9842],[105.9039,21.9875],[105.9049,21.9889],[105.9049,21.9898],[105.9092,21.9894],[105.913,21.9907],[105.9154,21.9905],[105.9182,21.9933],[105.9141,21.9972],[105.9138,21.9983],[105.9122,21.9999],[105.9121,22.0012],[105.9133,22.0021],[105.9165,22.0031],[105.9186,22.003],[105.9206,22.0019],[105.9223,22.0022],[105.9243,22.0011],[105.9254,22.0011],[105.9281,22.0022],[105.9309,22.0052],[105.9329,22.0063],[105.9336,22.0085],[105.9361,22.0092],[105.9355,22.0111],[105.9359,22.0127],[105.9377,22.0156],[105.939,22.0156],[105.9401,22.0175],[105.9403,22.0193],[105.9433,22.023],[105.9469,22.0229],[105.9478,22.0225],[105.9488,22.0227],[105.9499,22.0218],[105.9515,22.0219],[105.9526,22.0247],[105.9541,22.0263],[105.9562,22.0257],[105.9581,22.0272],[105.9605,22.027],[105.9618,22.0258],[105.9654,22.0286],[105.9672,22.0312],[105.9673,22.0352],[105.9666,22.0359],[105.9642,22.0366],[105.9639,22.0377],[105.9617,22.0392],[105.9629,22.0407],[105.9627,22.0425],[105.965,22.0427],[105.9668,22.0453],[105.966,22.0478],[105.9675,22.0486],[105.9672,22.0502],[105.9661,22.0525],[105.9653,22.0529],[105.9674,22.0537],[105.969,22.0559],[105.9709,22.0566],[105.9718,22.0564],[105.9725,22.0571],[105.9722,22.058],[105.9734,22.0615],[105.9746,22.0633],[105.9769,22.0652],[105.9823,22.0668],[105.9835,22.0678],[105.9864,22.0665],[105.9887,22.0661],[105.9894,22.0677],[105.9919,22.0685],[105.9947,22.0707],[105.9953,22.0733],[105.9926,22.077],[105.9944,22.08],[105.9995,22.0822],[105.9985,22.087],[105.9997,22.0878],[105.9999,22.0893],[106.0004,22.0896],[105.9998,22.0903],[105.9961,22.0904],[105.9936,22.0894],[105.9898,22.0913],[105.9865,22.0917],[105.9861,22.093],[105.9826,22.0934],[105.9784,22.0965],[105.9738,22.0988],[105.973,22.0984],[105.9727,22.0997],[105.972,22.0999],[105.9709,22.0989],[105.9691,22.0996],[105.9676,22.0985],[105.966,22.0984],[105.9653,22.1003],[105.9642,22.1008],[105.9632,22.1022],[105.9569,22.1021],[105.9558,22.1037],[105.9524,22.1034],[105.9507,22.1027],[105.9493,22.103],[105.9513,22.1062],[105.9512,22.1079],[105.9464,22.1119],[105.946,22.1131],[105.9442,22.1144],[105.9415,22.1146],[105.9431,22.1157],[105.9438,22.1175],[105.9452,22.1177],[105.9456,22.1201]]]},"properties":{"code":"02104","name":"Tân Kỳ","nameEn":"Tan Ky","fullName":"Xã Tân Kỳ","fullNameEn":"Tan Ky Commune","codeName":"tan_ky","postalCode":"23722","postalCodePrefix":"","gisServerId":"diaphanhanhchinhcapxa_2025.1243","areaKm2":167.82},"id":"02104"},
{"type":"Feature","geometry":{"type":"Polygon","coordinates":[[[105.7519,22.0129],[105.7537,22.0066],[105.7536,22.001],[105.7541,22.0004],[105.7557,21.9983],[105.755,21.9977],[105.7554,21.9961],[105.7555,21.9959],[105.7562,21.9951],[105.7559,21.9891],[105.7599,21.9889],[105.7641,21.9861],[105.7634,21.9844],[105.7634,21.9841],[105.7638,21.9806],[105.7617,21.9795],[105.7625,21.978],[105.7608,21.9764],[105.7608,21.9753],[105.762,21.973],[105.7603,21.9722],[105.7606,21.9684],[105.7629,21.9666],[105.7638,21.9645],[105.7652,21.9632],[105.7655,21.962],[105.7676,21.9605],[105.7702,21.9556],[105.7719,21.9543],[105.7754,21.9528],[105.7743,21.9487],[105.7762,21.9451],[105.7761,21.9421],[105.774,21.9389],[105.7774,21.9349],[105.7779,21.9332],[105.7791,21.9319],[105.7877,21.9321],[105.7876,21.9293],[105.7859,21.9256],[105.7872,21.9224],[105.7865,21.9203],[105.7844,21.9189],[105.784,21.9149],[105.7864,21.913],[105.7865,21.912],[105.788,21.9108],[105.7948,21.9088],[105.794,21.9076],[105.7943,21.9062],[105.7967,21.904],[105.7966,21.903],[105.7974,21.9017],[105.7996,21.9008],[105.8027,21.902],[105.8033,21.9042],[105.803,21.9061],[105.8047,21.9062],[105.807,21.9073],[105.8076,21.9085],[105.808,21.9124],[105.8106,21.9151],[105.8117,21.9151],[105.8166,21.9123],[105.819,21.9119],[105.8206,21.9126],[105.8226,21.9123],[105.8248,21.9104],[105.8274,21.9103],[105.8283,21.9089],[105.8341,21.9082],[105.8358,21.9088],[105.837,21.9112],[105.8414,21.9127],[105.8409,21.914],[105.8411,21.9156],[105.8418,21.9176],[105.8432,21.9194],[105.8435,21.9213],[105.8431,21.9226],[105.8422,21.9229],[105.8436,21.9259],[105.8433,21.9277],[105.844,21.9284],[105.8456,21.9285],[105.8467,21.9293],[105.8476,21.9321],[105.8469,21.9339],[105.8478,21.9365],[105.8478,21.9385],[105.8504,21.9418],[105.8506,21.9443],[105.8488,21.9483],[105.852,21.9489],[105.8555,21.9484],[105.8586,21.9464],[105.8589,21.9455],[105.8608,21.9448],[105.8626,21.9422],[105.8672,21.9426],[105.8699,21.9422],[105.8723,21.941],[105.8738,21.9394],[105.8769,21.94],[105.8807,21.939],[105.8824,21.937],[105.886,21.9419],[105.8923,21.9448],[105.8932,21.9445],[105.8936,21.9451],[105.8937,21.9522],[105.8923,21.9526],[105.8917,21.9535],[105.89,21.9536],[105.8892,21.9555],[105.8895,21.9582],[105.8881,21.9606],[105.8892,21.9618],[105.8914,21.9627],[105.8938,21.9657],[105.8958,21.966],[105.897,21.9672],[105.8979,21.9689],[105.8974,21.97],[105.9,21.9721],[105.9006,21.9738],[105.8996,21.9773],[105.8987,21.978],[105.8964,21.978],[105.8933,21.9797],[105.8908,21.9864],[105.8906,21.9875],[105.8891,21.989],[105.8856,21.9888],[105.8834,21.987],[105.8824,21.9868],[105.8772,21.9878],[105.8761,21.987],[105.8749,21.9874],[105.8735,21.9886],[105.8713,21.9886],[105.8673,21.9905],[105.866,21.9901],[105.8644,21.9908],[105.861,21.9911],[105.8596,21.9906],[105.8561,21.9911],[105.8541,21.9906],[105.8528,21.9909],[105.8519,21.9903],[105.8491,21.9911],[105.848,21.9923],[105.8464,21.9963],[105.8441,21.9979],[105.8431,22.0014],[105.8391,22.0013],[105.8345,22.0025],[105.8274,22.0065],[105.8253,22.0061],[105.8246,22.0072],[105.8234,22.0076],[105.823,22.009],[105.8221,22.0096],[105.8218,22.0115],[105.8197,22.0131],[105.8172,22.0134],[105.815,22.0133],[105.8113,22.0101],[105.8111,22.0083],[105.8119,22.0074],[105.806,22.005],[105.8058,22.0014],[105.8044,21.9977],[105.8023,21.9994],[105.8009,21.9988],[105.7982,21.9996],[105.7969,21.9988],[105.7949,22.0019],[105.7934,22.0027],[105.7915,22.003],[105.7899,22.006],[105.7844,22.0102],[105.783,22.0096],[105.7812,22.0097],[105.7805,22.009],[105.7785,22.0101],[105.7749,22.006],[105.7743,22.0044],[105.7714,22.007],[105.7653,22.0106],[105.763,22.0093],[105.7599,22.0121],[105.7584,22.0119],[105.7565,22.0105],[105.7536,22.0129],[105.7519,22.0129]]]},"properties":{"code":"02107","name":"Thanh Thịnh","nameEn":"Thanh Thinh","fullName":"Xã Thanh Thịnh","fullNameEn":"Thanh Thinh Commune","codeName":"thanh_thinh","postalCode":"23716","postalCodePrefix":"","gisServerId":"diaphanhanhchinhcapxa_2025.1245","areaKm2":112.31},"id":"02107"},
{"type":"Feature","geometry":{"type":"Polygon","coordinates":[[[105.9887,21.9668],[105.9886,21.9673],[105.9873,21.9681],[105.9846,21.9686],[105.9821,21.9708],[105.9804,21.9732],[105.9768,21.9754],[105.9763,21.9772],[105.9744,21.9783],[105.9728,21.9812],[105.9716,21.981],[105.9711,21.98],[105.9685,21.9787],[105.9671,21.9803],[105.96,21.9805],[105.9587,21.9796],[105.9537,21.9799],[105.9509,21.9778],[105.9478,21.9793],[105.9465,21.9805],[105.9449,21.9793],[105.9406,21.9786],[105.9384,21.9793],[105.938,21.9825],[105.9358,21.9844],[105.9346,21.9843],[105.9323,21.9852],[105.9315,21.9873],[105.9276,21.9876],[105.9272,21.9899],[105.9276,21.9911],[105.9292,21.9929],[105.9301,21.9932],[105.9308,21.9943],[105.9325,21.9951],[105.9325,21.9974],[105.934,21.9987],[105.9341,21.9999],[105.9372,22.0032],[105.9361,22.0092],[105.9336,22.0085],[105.9329,22.0063],[105.9309,22.0052],[105.9281,22.0022],[105.9254,22.0011],[105.9243,22.0011],[105.9223,22.0022],[105.9206,22.0019],[105.9186,22.003],[105.9165,22.0031],[105.9133,22.0021],[105.9121,22.0012],[105.9122,21.9999],[105.9138,21.9983],[105.9141,21.9972],[105.9182,21.9933],[105.9154,21.9905],[105.913,21.9907],[105.9092,21.9894],[105.9049,21.9898],[105.9049,21.9889],[105.9039,21.9875],[105.9037,21.9842],[105.9028,21.9833],[105.8908,21.9864],[105.8933,21.9797],[105.8964,21.978],[105.8987,21.978],[105.8996,21.9773],[105.9006,21.9738],[105.9,21.9721],[105.8974,21.97],[105.8979,21.9689],[105.897,21.9672],[105.8958,21.966],[105.8938,21.9657],[105.8914,21.9627],[105.8892,21.9618],[105.8881,21.9606],[105.8895,21.9582],[105.8892,21.9555],[105.89,21.9536],[105.8917,21.9535],[105.8923,21.9526],[105.8937,21.9522],[105.8936,21.9451],[105.8932,21.9445],[105.8923,21.9448],[105.886,21.9419],[105.8824,21.937],[105.8832,21.9349],[105.8809,21.9319],[105.8808,21.924],[105.8789,21.9234],[105.8773,21.9219],[105.8758,21.9216],[105.8749,21.9201],[105.8758,21.9173],[105.8751,21.9151],[105.8797,21.9097],[105.8724,21.9087],[105.8696,21.9065],[105.8683,21.9029],[105.869,21.9024],[105.8684,21.9014],[105.8695,21.8999],[105.8697,21.898],[105.8737,21.8976],[105.8769,21.8982],[105.8795,21.8978],[105.8818,21.8964],[105.8832,21.8965],[105.8845,21.8941],[105.8875,21.894],[105.8895,21.8948],[105.8919,21.8946],[105.8924,21.8961],[105.8931,21.8962],[105.9,21.895],[105.901,21.8942],[105.903,21.8945],[105.9063,21.8942],[105.9079,21.8934],[105.9086,21.8936],[105.911,21.8944],[105.9126,21.8941],[105.9173,21.896],[105.9287,21.8954],[105.9408,21.9006],[105.9429,21.8985],[105.9456,21.8996],[105.9464,21.9025],[105.9494,21.9056],[105.951,21.9069],[105.9537,21.9078],[105.9589,21.9107],[105.9591,21.9136],[105.9607,21.9188],[105.96,21.9208],[105.961,21.9221],[105.9626,21.9229],[105.9696,21.9235],[105.9709,21.9245],[105.9692,21.9288],[105.9697,21.9314],[105.9707,21.9334],[105.97,21.935],[105.9719,21.9378],[105.9744,21.9393],[105.9767,21.9394],[105.9812,21.936],[105.9833,21.9355],[105.984,21.9363],[105.9863,21.9364],[105.99,21.9351],[105.993,21.9331],[105.9949,21.9297],[105.9996,21.9311],[106.001,21.9311],[106.001,21.9317],[106.0027,21.933],[106.0034,21.9353],[106.0098,21.9366],[106.0103,21.9374],[106.013,21.938],[106.0132,21.9396],[106.0147,21.9408],[106.0161,21.9434],[106.0173,21.9445],[106.0179,21.9467],[106.0196,21.948],[106.0183,21.9502],[106.0197,21.953],[106.0191,21.9541],[106.0194,21.9552],[106.0227,21.9574],[106.0225,21.9582],[106.0231,21.9587],[106.0224,21.9594],[106.0241,21.9614],[106.024,21.9621],[106.0256,21.9629],[106.0258,21.9637],[106.025,21.9641],[106.0247,21.9661],[106.0241,21.9667],[106.0242,21.9684],[106.0235,21.9701],[106.0194,21.9668],[106.0173,21.9665],[106.0154,21.9652],[106.0139,21.962],[106.0125,21.9618],[106.0117,21.961],[106.0077,21.9605],[106.0049,21.9617],[106.0033,21.9613],[106.0005,21.96],[105.9993,21.9582],[105.9964,21.9569],[105.9929,21.9591],[105.9923,21.9612],[105.99,21.9631],[105.9887,21.9659],[105.9887,21.9668]]]},"properties":{"code":"02116","name":"Yên Bình","nameEn":"Yen Binh","fullName":"Xã Yên Bình","fullNameEn":"Yen Binh Commune","codeName":"yen_binh","postalCode":"23724","postalCodePrefix":"","gisServerId":"diaphanhanhchinhcapxa_2025.1184","areaKm2":100.71},"id":"02116"},
{"type":"Feature","geometry":{"type":"Polygon","coordinates":[[[106.1128,22.3212],[106.1107,22.3222],[106.1092,22.3206],[106.1078,22.3208],[106.1055,22.3203],[106.1052,22.3182],[106.1038,22.3169],[106.1025,22.3193],[106.0975,22.3227],[106.0958,22.3215],[106.0929,22.3216],[106.0912,22.3232],[106.0877,22.323],[106.0861,22.322],[106.0798,22.3219],[106.0775,22.3228],[106.0757,22.3226],[106.0735,22.3204],[106.071,22.3208],[106.0689,22.3192],[106.0666,22.3151],[106.0629,22.3141],[106.0622,22.3137],[106.0616,22.3123],[106.0568,22.3104],[106.0514,22.3105],[106.048,22.3132],[106.0446,22.3135],[106.042,22.3154],[106.0415,22.3164],[106.0409,22.3153],[106.0396,22.3145],[106.0365,22.3144],[106.0353,22.3151],[106.0337,22.3128],[106.0293,22.3108],[106.0257,22.311],[106.0244,22.3116],[106.0224,22.3113],[106.0198,22.312],[106.0177,22.3115],[106.0153,22.3104],[106.0142,22.3089],[106.0119,22.3074],[106.0097,22.3046],[106.0067,22.3046],[106.0056,22.3041],[106.0028,22.3047],[106.0013,22.3038],[105.9988,22.3039],[105.9959,22.3029],[105.9956,22.3014],[105.9939,22.3004],[105.9854,22.3009],[105.9819,22.3026],[105.9801,22.3016],[105.9765,22.3024],[105.9743,22.3012],[105.9743,22.2995],[105.9718,22.2948],[105.9732,22.2916],[105.9756,22.2893],[105.9757,22.2885],[105.9785,22.2862],[105.9789,22.2839],[105.983,22.2815],[105.9834,22.2755],[105.9886,22.2691],[105.9871,22.2653],[105.9873,22.2639],[105.983,22.2556],[105.9807,22.2536],[105.9804,22.2516],[105.9817,22.2513],[105.9823,22.2501],[105.9851,22.2478],[105.988,22.2471],[105.9895,22.2462],[105.9907,22.2452],[105.9917,22.243],[105.9945,22.2416],[105.9952,22.2395],[105.9947,22.2377],[105.9973,22.2372],[106.0053,22.2313],[106.0056,22.2324],[106.0068,22.2336],[106.008,22.2333],[106.0078,22.2356],[106.0086,22.2365],[106.014,22.2372],[106.0172,22.2335],[106.0197,22.2336],[106.0207,22.2322],[106.0212,22.2304],[106.0228,22.2316],[106.0234,22.2307],[106.0254,22.2303],[106.0268,22.2287],[106.0268,22.2272],[106.0291,22.2251],[106.0356,22.2232],[106.0402,22.2183],[106.0428,22.2162],[106.0434,22.2162],[106.0458,22.213],[106.0478,22.2125],[106.0491,22.2102],[106.0479,22.2082],[106.0459,22.2083],[106.0445,22.2071],[106.0446,22.2055],[106.0425,22.203],[106.0394,22.1975],[106.0371,22.1967],[106.0342,22.1965],[106.0335,22.1953],[106.0325,22.1954],[106.0314,22.1947],[106.0306,22.1932],[106.0275,22.1905],[106.0236,22.1909],[106.0214,22.19],[106.0212,22.1887],[106.0205,22.1881],[106.0181,22.1879],[106.0164,22.1854],[106.0145,22.1851],[106.0128,22.1821],[106.0128,22.1807],[106.0115,22.1793],[106.0115,22.1779],[106.0191,22.1772],[106.0205,22.1763],[106.0231,22.1762],[106.0245,22.1756],[106.0246,22.1742],[106.0252,22.1737],[106.0287,22.1765],[106.0297,22.1779],[106.0327,22.1777],[106.0353,22.1797],[106.0364,22.179],[106.0376,22.1792],[106.0393,22.1813],[106.0392,22.1825],[106.041,22.1838],[106.0413,22.1821],[106.0422,22.1817],[106.0471,22.1826],[106.0483,22.1832],[106.0485,22.1842],[106.0498,22.1842],[106.05,22.185],[106.0536,22.1884],[106.0558,22.1873],[106.0578,22.1851],[106.0593,22.1851],[106.0613,22.1865],[106.0616,22.1849],[106.0607,22.1815],[106.0614,22.178],[106.0626,22.1775],[106.0637,22.1745],[106.0633,22.1721],[106.0646,22.1709],[106.0648,22.1713],[106.0684,22.169],[106.0713,22.168],[106.0719,22.167],[106.0729,22.1672],[106.0753,22.1735],[106.0825,22.1818],[106.0831,22.1836],[106.0863,22.1889],[106.0884,22.1908],[106.0885,22.1928],[106.0906,22.1938],[106.094,22.1934],[106.0937,22.1954],[106.0929,22.1965],[106.0927,22.2022],[106.0936,22.2038],[106.0924,22.2065],[106.0924,22.2082],[106.0938,22.2107],[106.0939,22.2128],[106.0985,22.2168],[106.0992,22.2193],[106.1003,22.2196],[106.1041,22.2233],[106.1046,22.2249],[106.106,22.2268],[106.108,22.2282],[106.1081,22.2316],[106.1098,22.2356],[106.1114,22.2355],[106.1132,22.2364],[106.1172,22.2402],[106.1191,22.2429],[106.1206,22.2427],[106.1207,22.2442],[106.1228,22.2472],[106.123,22.2479],[106.1224,22.2481],[106.1243,22.2499],[106.1267,22.2501],[106.1311,22.2495],[106.14,22.243],[106.141,22.2409],[106.1429,22.2407],[106.1415,22.2418],[106.141,22.2445],[106.1427,22.2455],[106.1427,22.2476],[106.144,22.2515],[106.1462,22.2533],[106.1462,22.2552],[106.145,22.2571],[106.1469,22.2565],[106.1492,22.2589],[106.1525,22.2595],[106.1507,22.2602],[106.1481,22.2643],[106.1474,22.2672],[106.1465,22.2679],[106.1453,22.2678],[106.1436,22.2702],[106.1415,22.2711],[106.1388,22.2708],[106.1364,22.2717],[106.1327,22.2719],[106.1278,22.2752],[106.1217,22.2769],[106.1243,22.2798],[106.1243,22.282],[106.125,22.284],[106.1245,22.2856],[106.1258,22.2865],[106.1281,22.2867],[106.1294,22.288],[106.1291,22.2904],[106.1297,22.2915],[106.1307,22.2918],[106.1315,22.2941],[106.1311,22.2956],[106.13,22.2961],[106.1313,22.298],[106.1293,22.301],[106.1259,22.3005],[106.1247,22.2998],[106.1241,22.2985],[106.1235,22.2987],[106.1219,22.3003],[106.1203,22.3008],[106.1201,22.3022],[106.1177,22.3041],[106.1145,22.3059],[106.114,22.3076],[106.1128,22.3085],[106.1129,22.3108],[106.1122,22.3126],[106.1131,22.3154],[106.1126,22.3184],[106.1133,22.3199],[106.1128,22.3212]]]},"properties":{"code":"02143","name":"Văn Lang","nameEn":"Van Lang","fullName":"Xã Văn Lang","fullNameEn":"Van Lang Commune","codeName":"van_lang","postalCode":"23811","postalCodePrefix":"","gisServerId":"diaphanhanhchinhcapxa_2025.1247","areaKm2":171.59},"id":"02143"},
{"type":"Feature","geometry":{"type":"Polygon","coordinates":[[[106.242,22.2471],[106.2433,22.2487],[106.2435,22.2502],[106.2453,22.2521],[106.2464,22.2554],[106.2472,22.256],[106.2461,22.2592],[106.2447,22.2606],[106.2444,22.2641],[106.2453,22.2671],[106.2347,22.2791],[106.2324,22.2794],[106.2294,22.281],[106.2281,22.2825],[106.2239,22.2826],[106.224,22.2868],[106.2237,22.2879],[106.2225,22.2888],[106.22,22.2902],[106.2188,22.2893],[106.2181,22.2895],[106.2175,22.2887],[106.215,22.2883],[106.2109,22.2909],[106.2104,22.2928],[106.2088,22.2955],[106.2088,22.2971],[106.2072,22.2991],[106.207,22.3002],[106.2046,22.3015],[106.2045,22.3038],[106.2034,22.3053],[106.2035,22.3072],[106.2015,22.308],[106.2004,22.3093],[106.1995,22.3124],[106.1995,22.314],[106.202,22.3171],[106.2008,22.3199],[106.201,22.3227],[106.2036,22.3273],[106.205,22.3285],[106.2047,22.3303],[106.2056,22.3323],[106.2073,22.3345],[106.2093,22.3359],[106.2085,22.3376],[106.2099,22.3384],[106.2116,22.3413],[106.2146,22.342],[106.2153,22.3451],[106.2172,22.3466],[106.2193,22.3467],[106.2201,22.3478],[106.2199,22.3506],[106.2187,22.3524],[106.2182,22.356],[106.217,22.3573],[106.217,22.3581],[106.214,22.3604],[106.2102,22.362],[106.2087,22.3684],[106.2068,22.3694],[106.2054,22.3694],[106.2048,22.3705],[106.2025,22.3721],[106.2013,22.3737],[106.1988,22.3747],[106.1949,22.3753],[106.1943,22.3759],[106.1913,22.376],[106.1894,22.3774],[106.1888,22.379],[106.1871,22.3801],[106.1879,22.3844],[106.1859,22.3848],[106.1835,22.3878],[106.1823,22.3876],[106.1803,22.3861],[106.1794,22.386],[106.1765,22.3877],[106.1748,22.3876],[106.171,22.3852],[106.1692,22.3853],[106.1682,22.3847],[106.1656,22.3843],[106.1647,22.3824],[106.1612,22.3815],[106.1608,22.3767],[106.1594,22.3757],[106.1593,22.374],[106.1573,22.3727],[106.1569,22.3715],[106.1553,22.3712],[106.1543,22.3701],[106.1519,22.3698],[106.1461,22.3652],[106.1438,22.3647],[106.1415,22.3608],[106.1417,22.3591],[106.14,22.3579],[106.138,22.359],[106.1376,22.3578],[106.1355,22.3562],[106.1324,22.3553],[106.1316,22.3531],[106.1303,22.3529],[106.1311,22.3517],[106.1285,22.3478],[106.123,22.3453],[106.1215,22.3454],[106.1176,22.3424],[106.1167,22.339],[106.1169,22.3376],[106.1189,22.3342],[106.119,22.3313],[106.1174,22.3293],[106.1176,22.3273],[106.1154,22.3242],[106.1155,22.3227],[106.1128,22.3212],[106.1133,22.3199],[106.1126,22.3184],[106.1131,22.3154],[106.1122,22.3126],[106.1129,22.3108],[106.1128,22.3085],[106.114,22.3076],[106.1145,22.3059],[106.1177,22.3041],[106.1201,22.3022],[106.1203,22.3008],[106.1219,22.3003],[106.1235,22.2987],[106.1241,22.2985],[106.1247,22.2998],[106.1259,22.3005],[106.1293,22.301],[106.1313,22.298],[106.13,22.2961],[106.1311,22.2956],[106.1315,22.2941],[106.1307,22.2918],[106.1297,22.2915],[106.1291,22.2904],[106.1294,22.288],[106.1281,22.2867],[106.1258,22.2865],[106.1245,22.2856],[106.125,22.284],[106.1243,22.282],[106.1243,22.2798],[106.1217,22.2769],[106.1278,22.2752],[106.1327,22.2719],[106.1364,22.2717],[106.1388,22.2708],[106.1415,22.2711],[106.1436,22.2702],[106.1453,22.2678],[106.1465,22.2679],[106.1474,22.2672],[106.1481,22.2643],[106.1507,22.2602],[106.1525,22.2595],[106.1553,22.2622],[106.1578,22.2629],[106.1587,22.2646],[106.1597,22.2645],[106.161,22.2656],[106.1628,22.2654],[106.1637,22.2668],[106.1664,22.2675],[106.1691,22.2694],[106.1695,22.2702],[106.1722,22.2693],[106.1753,22.2693],[106.1764,22.2668],[106.1783,22.2648],[106.1816,22.2645],[106.183,22.2626],[106.1857,22.2606],[106.1852,22.2587],[106.1859,22.2585],[106.1875,22.2601],[106.1884,22.2599],[106.1894,22.2563],[106.1908,22.2558],[106.1914,22.255],[106.1911,22.2541],[106.1917,22.2544],[106.1939,22.2534],[106.1982,22.254],[106.1996,22.2537],[106.2007,22.2547],[106.2017,22.2571],[106.2033,22.2575],[106.2048,22.2573],[106.2054,22.2562],[106.2063,22.257],[106.2075,22.2561],[106.2099,22.2574],[106.2217,22.2552],[106.2239,22.2569],[106.2242,22.2579],[106.226,22.2598],[106.2257,22.2613],[106.2296,22.2637],[106.2378,22.2607],[106.2367,22.2589],[106.2371,22.2576],[106.236,22.2551],[106.2345,22.2539],[106.2354,22.2522],[106.2352,22.2509],[106.2386,22.2473],[106.242,22.2471]]]},"properties":{"code":"02152","name":"Cường Lợi","nameEn":"Cuong Loi","fullName":"Xã Cường Lợi","fullNameEn":"Cuong Loi Commune","codeName":"cuong_loi","postalCode":"23808","postalCodePrefix":"","gisServerId":"diaphanhanhchinhcapxa_2025.1248","areaKm2":117.85},"id":"02152"},
{"type":"Feature","geometry":{"type":"Polygon","coordinates":[[[106.242,22.2471],[106.2386,22.2473],[106.2352,22.2509],[106.2354,22.2522],[106.2345,22.2539],[106.236,22.2551],[106.2371,22.2576],[106.2367,22.2589],[106.2378,22.2607],[106.2296,22.2637],[106.2257,22.2613],[106.226,22.2598],[106.2242,22.2579],[106.2239,22.2569],[106.2217,22.2552],[106.2099,22.2574],[106.2075,22.2561],[106.2063,22.257],[106.2054,22.2562],[106.2048,22.2573],[106.2033,22.2575],[106.2017,22.2571],[106.2007,22.2547],[106.1996,22.2537],[106.1982,22.254],[106.1939,22.2534],[106.1917,22.2544],[106.1911,22.2541],[106.1914,22.255],[106.1908,22.2558],[106.1894,22.2563],[106.1884,22.2599],[106.1875,22.2601],[106.1859,22.2585],[106.1852,22.2587],[106.1857,22.2606],[106.183,22.2626],[106.1816,22.2645],[106.1783,22.2648],[106.1764,22.2668],[106.1753,22.2693],[106.1722,22.2693],[106.1695,22.2702],[106.1691,22.2694],[106.1664,22.2675],[106.1637,22.2668],[106.1628,22.2654],[106.161,22.2656],[106.1597,22.2645],[106.1587,22.2646],[106.1578,22.2629],[106.1553,22.2622],[106.1525,22.2595],[106.1492,22.2589],[106.1469,22.2565],[106.145,22.2571],[106.1462,22.2552],[106.1462,22.2533],[106.144,22.2515],[106.1427,22.2476],[106.1427,22.2455],[106.141,22.2445],[106.1415,22.2418],[106.1429,22.2407],[106.141,22.2409],[106.14,22.243],[106.1311,22.2495],[106.1267,22.2501],[106.1243,22.2499],[106.1224,22.2481],[106.123,22.2479],[106.1228,22.2472],[106.1207,22.2442],[106.1206,22.2427],[106.1191,22.2429],[106.1172,22.2402],[106.1132,22.2364],[106.1114,22.2355],[106.1098,22.2356],[106.1081,22.2316],[106.108,22.2282],[106.106,22.2268],[106.1046,22.2249],[106.1041,22.2233],[106.1003,22.2196],[106.0992,22.2193],[106.0985,22.2168],[106.0939,22.2128],[106.0938,22.2107],[106.0924,22.2082],[106.0924,22.2065],[106.0936,22.2038],[106.0927,22.2022],[106.0929,22.1965],[106.094,22.1974],[106.0943,22.1985],[106.0963,22.1991],[106.0967,22.2],[106.1007,22.201],[106.0998,22.2021],[106.1009,22.2037],[106.1027,22.2045],[106.1057,22.2088],[106.1087,22.21],[106.11,22.2118],[106.1112,22.2119],[106.1123,22.2107],[106.1136,22.2103],[106.1162,22.211],[106.1196,22.211],[106.1205,22.2117],[106.122,22.2114],[106.1246,22.2122],[106.1258,22.2119],[106.1292,22.208],[106.1311,22.2066],[106.1329,22.2061],[106.1342,22.2045],[106.1363,22.2037],[106.1374,22.2021],[106.1446,22.2001],[106.1444,22.1955],[106.1433,22.1937],[106.1448,22.193],[106.1452,22.1938],[106.146,22.1936],[106.1464,22.1949],[106.1472,22.1934],[106.1467,22.1914],[106.1442,22.1897],[106.1451,22.1857],[106.1446,22.1839],[106.1456,22.1827],[106.1459,22.1813],[106.1495,22.1806],[106.1517,22.1748],[106.1525,22.174],[106.157,22.1804],[106.1574,22.1817],[106.1612,22.1808],[106.1634,22.1832],[106.1668,22.1791],[106.1675,22.176],[106.1667,22.1748],[106.167,22.1738],[106.1718,22.1732],[106.1745,22.1709],[106.176,22.1706],[106.1777,22.169],[106.1807,22.1684],[106.1819,22.1669],[106.1823,22.1642],[106.1851,22.1614],[106.1847,22.157],[106.1864,22.1554],[106.1883,22.149],[106.1885,22.1463],[106.1913,22.1438],[106.1933,22.1439],[106.1947,22.1428],[106.197,22.1431],[106.1976,22.1446],[106.2003,22.1461],[106.2009,22.1492],[106.2071,22.1536],[106.2101,22.1579],[106.2125,22.158],[106.214,22.1597],[106.2143,22.1627],[106.2162,22.1646],[106.2162,22.1655],[106.2171,22.1668],[106.2181,22.1671],[106.2197,22.1668],[106.223,22.1677],[106.2238,22.1685],[106.2262,22.1696],[106.226,22.171],[106.2317,22.1743],[106.2338,22.1778],[106.2326,22.1803],[106.2304,22.1818],[106.2289,22.1861],[106.2291,22.1868],[106.2269,22.1878],[106.2251,22.1898],[106.2234,22.1943],[106.2214,22.1969],[106.2215,22.1983],[106.2233,22.2014],[106.2219,22.2036],[106.2212,22.2068],[106.2217,22.208],[106.2227,22.2085],[106.223,22.2096],[106.2253,22.2103],[106.2248,22.2126],[106.2251,22.214],[106.2275,22.2147],[106.2296,22.2162],[106.2303,22.2182],[106.2319,22.2199],[106.2334,22.2206],[106.2352,22.2205],[106.2376,22.2213],[106.2381,22.2267],[106.2403,22.2301],[106.2398,22.2313],[106.2401,22.2336],[106.2409,22.2342],[106.2411,22.2361],[106.243,22.2381],[106.2418,22.2404],[106.242,22.2471]]]},"properties":{"code":"02155","name":"Na Rì","nameEn":"Na Ri","fullName":"Xã Na Rì","fullNameEn":"Na Ri Commune","codeName":"na_ri","postalCode":"23828","postalCodePrefix":"","gisServerId":"diaphanhanhchinhcapxa_2025.1246","areaKm2":112.73},"id":"02155"},
{"type":"Feature","geometry":{"type":"Polygon","coordinates":[[[106.1913,22.1438],[106.1885,22.1463],[106.1883,22.149],[106.1864,22.1554],[106.1847,22.157],[106.1851,22.1614],[106.1823,22.1642],[106.1819,22.1669],[106.1807,22.1684],[106.1777,22.169],[106.176,22.1706],[106.1745,22.1709],[106.1718,22.1732],[106.167,22.1738],[106.1667,22.1748],[106.1675,22.176],[106.1668,22.1791],[106.1634,22.1832],[106.1612,22.1808],[106.1574,22.1817],[106.157,22.1804],[106.1525,22.174],[106.1517,22.1748],[106.1495,22.1806],[106.1459,22.1813],[106.1456,22.1827],[106.1446,22.1839],[106.1451,22.1857],[106.1442,22.1897],[106.1467,22.1914],[106.1472,22.1934],[106.1464,22.1949],[106.146,22.1936],[106.1452,22.1938],[106.1448,22.193],[106.1433,22.1937],[106.1444,22.1955],[106.1446,22.2001],[106.1374,22.2021],[106.1363,22.2037],[106.1342,22.2045],[106.1329,22.2061],[106.1311,22.2066],[106.1292,22.208],[106.1258,22.2119],[106.1246,22.2122],[106.122,22.2114],[106.1205,22.2117],[106.1196,22.211],[106.1162,22.211],[106.1136,22.2103],[106.1123,22.2107],[106.1112,22.2119],[106.11,22.2118],[106.1087,22.21],[106.1057,22.2088],[106.1027,22.2045],[106.1009,22.2037],[106.0998,22.2021],[106.1007,22.201],[106.0967,22.2],[106.0963,22.1991],[106.0943,22.1985],[106.094,22.1974],[106.0929,22.1965],[106.0937,22.1954],[106.094,22.1934],[106.0906,22.1938],[106.0885,22.1928],[106.0884,22.1908],[106.0863,22.1889],[106.0831,22.1836],[106.0825,22.1818],[106.0753,22.1735],[106.0729,22.1672],[106.0719,22.167],[106.0713,22.168],[106.0684,22.169],[106.0648,22.1713],[106.0646,22.1709],[106.0625,22.1689],[106.0606,22.1697],[106.0577,22.1673],[106.0569,22.1658],[106.0568,22.1638],[106.0551,22.162],[106.0524,22.1609],[106.051,22.1588],[106.0508,22.155],[106.0494,22.1542],[106.0489,22.1532],[106.0478,22.1526],[106.0457,22.153],[106.0444,22.1524],[106.0479,22.1485],[106.0489,22.146],[106.0506,22.145],[106.0506,22.1432],[106.0512,22.1415],[106.0572,22.1391],[106.0608,22.1355],[106.0606,22.1336],[106.0621,22.1315],[106.0638,22.1303],[106.0644,22.1275],[106.0635,22.1233],[106.0656,22.1182],[106.0669,22.1162],[106.065,22.1122],[106.0635,22.1105],[106.0621,22.1092],[106.0598,22.1084],[106.0587,22.1068],[106.0572,22.1062],[106.0562,22.1051],[106.0564,22.1039],[106.0576,22.1029],[106.0579,22.1017],[106.056,22.0969],[106.0577,22.0962],[106.0586,22.0925],[106.0584,22.0903],[106.0561,22.0882],[106.0559,22.0872],[106.0551,22.0863],[106.055,22.0844],[106.0586,22.082],[106.0597,22.0826],[106.0651,22.0831],[106.0668,22.0844],[106.0681,22.0865],[106.0705,22.0875],[106.0733,22.0866],[106.0805,22.0859],[106.0825,22.0864],[106.0836,22.0874],[106.0882,22.0875],[106.0909,22.0864],[106.0944,22.0866],[106.0948,22.0883],[106.1039,22.0882],[106.1059,22.0867],[106.1078,22.0865],[106.1089,22.0848],[106.1078,22.0765],[106.1094,22.0746],[106.1123,22.0741],[106.1144,22.0729],[106.1155,22.0749],[106.1178,22.077],[106.119,22.0827],[106.1231,22.0857],[106.1276,22.0852],[106.1345,22.0868],[106.1354,22.0858],[106.1364,22.0855],[106.1399,22.0864],[106.1408,22.0833],[106.1426,22.082],[106.1572,22.0818],[106.1576,22.0844],[106.1586,22.0857],[106.1598,22.0902],[106.1613,22.0921],[106.1607,22.0961],[106.1621,22.0999],[106.1621,22.1015],[106.163,22.1033],[106.1661,22.1044],[106.1681,22.1061],[106.1685,22.1077],[106.1682,22.1106],[106.172,22.113],[106.174,22.1122],[106.1755,22.1106],[106.1763,22.1103],[106.1772,22.1117],[106.1767,22.1128],[106.1795,22.1147],[106.1802,22.1158],[106.1858,22.1174],[106.1856,22.1187],[106.1863,22.1207],[106.1848,22.1258],[106.1808,22.1287],[106.1831,22.1317],[106.1855,22.1323],[106.1879,22.1342],[106.1896,22.1378],[106.1889,22.139],[106.189,22.1402],[106.1916,22.1425],[106.1913,22.1438]]]},"properties":{"code":"02176","name":"Trần Phú","nameEn":"Tran Phu","fullName":"Xã Trần Phú","fullNameEn":"Tran Phu Commune","codeName":"tran_phu","postalCode":"23821","postalCodePrefix":"","gisServerId":"diaphanhanhchinhcapxa_2025.1250","areaKm2":145.29},"id":"02176"},
{"type":"Feature","geometry":{"type":"Polygon","coordinates":[[[106.0646,22.1709],[106.0633,22.1721],[106.0637,22.1745],[106.0626,22.1775],[106.0614,22.178],[106.0607,22.1815],[106.0616,22.1849],[106.0613,22.1865],[106.0593,22.1851],[106.0578,22.1851],[106.0558,22.1873],[106.0536,22.1884],[106.05,22.185],[106.0498,22.1842],[106.0485,22.1842],[106.0483,22.1832],[106.0471,22.1826],[106.0422,22.1817],[106.0413,22.1821],[106.041,22.1838],[106.0392,22.1825],[106.0393,22.1813],[106.0376,22.1792],[106.0364,22.179],[106.0353,22.1797],[106.0327,22.1777],[106.0297,22.1779],[106.0287,22.1765],[106.0252,22.1737],[106.0246,22.1742],[106.0245,22.1756],[106.0231,22.1762],[106.0205,22.1763],[106.0191,22.1772],[106.0115,22.1779],[106.0112,22.1761],[106.0124,22.1752],[106.0114,22.1714],[106.0117,22.1693],[106.0091,22.166],[106.0092,22.1639],[106.0098,22.1632],[106.0096,22.1621],[106.0105,22.1615],[106.0085,22.1607],[106.0065,22.1608],[106.0051,22.1598],[106,22.1582],[105.9976,22.1565],[105.9953,22.1574],[105.9943,22.1585],[105.992,22.1593],[105.9901,22.1591],[105.9886,22.1598],[105.9852,22.1635],[105.9827,22.1675],[105.9813,22.1673],[105.981,22.1682],[105.9794,22.1685],[105.9776,22.1659],[105.9779,22.1652],[105.9766,22.1615],[105.9747,22.1601],[105.9729,22.1564],[105.9733,22.155],[105.9755,22.1525],[105.9736,22.1483],[105.9703,22.1459],[105.9697,22.1424],[105.9685,22.141],[105.9666,22.1414],[105.9653,22.141],[105.9646,22.1401],[105.9627,22.1399],[105.9633,22.1314],[105.9633,22.1299],[105.9645,22.1266],[105.9639,22.125],[105.9641,22.1235],[105.9634,22.1224],[105.9606,22.122],[105.9581,22.1201],[105.9516,22.1181],[105.9499,22.1189],[105.9485,22.1188],[105.9483,22.1199],[105.9456,22.1201],[105.9452,22.1177],[105.9438,22.1175],[105.9431,22.1157],[105.9415,22.1146],[105.9442,22.1144],[105.946,22.1131],[105.9464,22.1119],[105.9512,22.1079],[105.9513,22.1062],[105.9493,22.103],[105.9507,22.1027],[105.9524,22.1034],[105.9558,22.1037],[105.9569,22.1021],[105.9632,22.1022],[105.9642,22.1008],[105.9653,22.1003],[105.966,22.0984],[105.9676,22.0985],[105.9691,22.0996],[105.9709,22.0989],[105.972,22.0999],[105.9727,22.0997],[105.973,22.0984],[105.9738,22.0988],[105.9784,22.0965],[105.9826,22.0934],[105.9861,22.093],[105.9865,22.0917],[105.9898,22.0913],[105.9936,22.0894],[105.9961,22.0904],[105.9998,22.0903],[106.0004,22.0896],[105.9999,22.0893],[105.9997,22.0878],[105.9985,22.087],[105.9995,22.0822],[105.9944,22.08],[105.9926,22.077],[105.9953,22.0733],[105.9947,22.0707],[105.9919,22.0685],[105.9894,22.0677],[105.9887,22.0661],[105.9864,22.0665],[105.9835,22.0678],[105.9823,22.0668],[105.9769,22.0652],[105.9746,22.0633],[105.9734,22.0615],[105.9722,22.058],[105.9725,22.0571],[105.9718,22.0564],[105.9709,22.0566],[105.969,22.0559],[105.9674,22.0537],[105.9653,22.0529],[105.9661,22.0525],[105.9672,22.0502],[105.9675,22.0486],[105.966,22.0478],[105.9668,22.0453],[105.965,22.0427],[105.9627,22.0425],[105.9629,22.0407],[105.9617,22.0392],[105.9639,22.0377],[105.9642,22.0366],[105.9666,22.0359],[105.9673,22.0352],[105.9672,22.0312],[105.9705,22.0359],[105.9738,22.0366],[105.9759,22.0362],[105.9801,22.0372],[105.9813,22.0367],[105.983,22.0371],[105.9848,22.0358],[105.9881,22.0417],[105.9898,22.0427],[105.9923,22.0454],[105.9932,22.0457],[105.9939,22.045],[105.9959,22.0444],[105.9979,22.0456],[105.9986,22.0483],[105.9998,22.0491],[106.0011,22.0529],[106.0025,22.0533],[106.0093,22.0497],[106.0124,22.0492],[106.0141,22.049],[106.0144,22.0505],[106.0155,22.0512],[106.0273,22.0496],[106.0293,22.0496],[106.0325,22.0506],[106.0336,22.0501],[106.0352,22.0474],[106.0368,22.0459],[106.0373,22.0438],[106.0397,22.0429],[106.0413,22.0436],[106.0438,22.0433],[106.0463,22.0418],[106.0526,22.0419],[106.0568,22.0427],[106.0573,22.043],[106.0576,22.0443],[106.0594,22.0458],[106.0623,22.0455],[106.0629,22.0464],[106.0708,22.048],[106.0739,22.0498],[106.0773,22.0505],[106.0773,22.0485],[106.079,22.0467],[106.0801,22.048],[106.0825,22.0474],[106.0836,22.0466],[106.1012,22.0404],[106.1029,22.0458],[106.0998,22.0526],[106.1,22.0592],[106.1024,22.0625],[106.1016,22.0631],[106.1021,22.0639],[106.1007,22.0654],[106.0992,22.0661],[106.0986,22.0676],[106.0997,22.0694],[106.1,22.0714],[106.1023,22.0725],[106.1053,22.0727],[106.1075,22.074],[106.1078,22.0765],[106.1089,22.0848],[106.1078,22.0865],[106.1059,22.0867],[106.1039,22.0882],[106.0948,22.0883],[106.0944,22.0866],[106.0909,22.0864],[106.0882,22.0875],[106.0836,22.0874],[106.0825,22.0864],[106.0805,22.0859],[106.0733,22.0866],[106.0705,22.0875],[106.0681,22.0865],[106.0668,22.0844],[106.0651,22.0831],[106.0597,22.0826],[106.0586,22.082],[106.055,22.0844],[106.0551,22.0863],[106.0559,22.0872],[106.0561,22.0882],[106.0584,22.0903],[106.0586,22.0925],[106.0577,22.0962],[106.056,22.0969],[106.0579,22.1017],[106.0576,22.1029],[106.0564,22.1039],[106.0562,22.1051],[106.0572,22.1062],[106.0587,22.1068],[106.0598,22.1084],[106.0621,22.1092],[106.0635,22.1105],[106.065,22.1122],[106.0669,22.1162],[106.0656,22.1182],[106.0635,22.1233],[106.0644,22.1275],[106.0638,22.1303],[106.0621,22.1315],[106.0606,22.1336],[106.0608,22.1355],[106.0572,22.1391],[106.0512,22.1415],[106.0506,22.1432],[106.0506,22.145],[106.0489,22.146],[106.0479,22.1485],[106.0444,22.1524],[106.0457,22.153],[106.0478,22.1526],[106.0489,22.1532],[106.0494,22.1542],[106.0508,22.155],[106.051,22.1588],[106.0524,22.1609],[106.0551,22.162],[106.0568,22.1638],[106.0569,22.1658],[106.0577,22.1673],[106.0606,22.1697],[106.0625,22.1689],[106.0646,22.1709]]]},"properties":{"code":"02185","name":"Côn Minh","nameEn":"Con Minh","fullName":"Xã Côn Minh","fullNameEn":"Con Minh Commune","codeName":"con_minh","postalCode":"23815","postalCodePrefix":"","gisServerId":"diaphanhanhchinhcapxa_2025.1249","areaKm2":146.26},"id":"02185"},
{"type":"Feature","geometry":{"type":"Polygon","coordinates":[[[106.1012,22.0404],[106.0836,22.0466],[106.0825,22.0474],[106.0801,22.048],[106.079,22.0467],[106.0773,22.0485],[106.0773,22.0505],[106.0739,22.0498],[106.0708,22.048],[106.0629,22.0464],[106.0623,22.0455],[106.0594,22.0458],[106.0576,22.0443],[106.0573,22.043],[106.0568,22.0427],[106.0526,22.0419],[106.0463,22.0418],[106.0438,22.0433],[106.0413,22.0436],[106.0397,22.0429],[106.0373,22.0438],[106.0368,22.0459],[106.0352,22.0474],[106.0336,22.0501],[106.0325,22.0506],[106.0293,22.0496],[106.0273,22.0496],[106.0155,22.0512],[106.0144,22.0505],[106.0141,22.049],[106.0124,22.0492],[106.0093,22.0497],[106.0025,22.0533],[106.0011,22.0529],[105.9998,22.0491],[105.9986,22.0483],[105.9979,22.0456],[105.9959,22.0444],[105.9939,22.045],[105.9932,22.0457],[105.9923,22.0454],[105.9898,22.0427],[105.9881,22.0417],[105.9848,22.0358],[105.983,22.0371],[105.9813,22.0367],[105.9801,22.0372],[105.9759,22.0362],[105.9738,22.0366],[105.9705,22.0359],[105.9672,22.0312],[105.9654,22.0286],[105.9618,22.0258],[105.9605,22.027],[105.9581,22.0272],[105.9562,22.0257],[105.9541,22.0263],[105.9526,22.0247],[105.9515,22.0219],[105.9499,22.0218],[105.9488,22.0227],[105.9478,22.0225],[105.9469,22.0229],[105.9433,22.023],[105.9403,22.0193],[105.9401,22.0175],[105.939,22.0156],[105.9377,22.0156],[105.9359,22.0127],[105.9355,22.0111],[105.9361,22.0092],[105.9372,22.0032],[105.9341,21.9999],[105.934,21.9987],[105.9325,21.9974],[105.9325,21.9951],[105.9308,21.9943],[105.9301,21.9932],[105.9292,21.9929],[105.9276,21.9911],[105.9272,21.9899],[105.9276,21.9876],[105.9315,21.9873],[105.9323,21.9852],[105.9346,21.9843],[105.9358,21.9844],[105.938,21.9825],[105.9384,21.9793],[105.9406,21.9786],[105.9449,21.9793],[105.9465,21.9805],[105.9478,21.9793],[105.9509,21.9778],[105.9537,21.9799],[105.9587,21.9796],[105.96,21.9805],[105.9671,21.9803],[105.9685,21.9787],[105.9711,21.98],[105.9716,21.981],[105.9728,21.9812],[105.9744,21.9783],[105.9763,21.9772],[105.9768,21.9754],[105.9804,21.9732],[105.9821,21.9708],[105.9846,21.9686],[105.9873,21.9681],[105.9886,21.9673],[105.9887,21.9668],[105.9887,21.9659],[105.99,21.9631],[105.9923,21.9612],[105.9929,21.9591],[105.9964,21.9569],[105.9993,21.9582],[106.0005,21.96],[106.0033,21.9613],[106.0049,21.9617],[106.0077,21.9605],[106.0117,21.961],[106.0125,21.9618],[106.0139,21.962],[106.0154,21.9652],[106.0173,21.9665],[106.0194,21.9668],[106.0235,21.9701],[106.0242,21.9684],[106.0241,21.9667],[106.0247,21.9661],[106.025,21.9641],[106.0258,21.9637],[106.0265,21.9641],[106.0279,21.9674],[106.0308,21.9678],[106.0331,21.9643],[106.0393,21.963],[106.0417,21.9621],[106.0428,21.9601],[106.0438,21.9596],[106.0468,21.9605],[106.0459,21.9595],[106.0467,21.9574],[106.0485,21.9571],[106.0491,21.9546],[106.0508,21.9529],[106.052,21.9504],[106.0516,21.9494],[106.0525,21.9485],[106.0521,21.9472],[106.0534,21.9454],[106.053,21.9437],[106.0537,21.9431],[106.0553,21.9435],[106.0583,21.9428],[106.0589,21.9416],[106.0598,21.9414],[106.0633,21.9417],[106.0693,21.9427],[106.0716,21.9409],[106.0753,21.9407],[106.0758,21.9412],[106.0804,21.9427],[106.0836,21.9426],[106.0856,21.941],[106.0917,21.9395],[106.0947,21.9416],[106.0962,21.9406],[106.0979,21.9384],[106.1027,21.9403],[106.1036,21.9418],[106.105,21.9421],[106.1082,21.9453],[106.111,21.9463],[106.112,21.9478],[106.1127,21.9497],[106.1116,21.9504],[106.1109,21.9519],[106.1092,21.9524],[106.1057,21.9523],[106.1036,21.9533],[106.0991,21.9508],[106.0981,21.9521],[106.098,21.9538],[106.0989,21.9594],[106.1016,21.9605],[106.1045,21.9605],[106.1053,21.9622],[106.107,21.9628],[106.1095,21.9628],[106.1113,21.9616],[106.1129,21.9635],[106.1123,21.9655],[106.1135,21.9662],[106.1145,21.9682],[106.1139,21.9699],[106.1145,21.9708],[106.1132,21.9731],[106.1131,21.9757],[106.1134,21.9764],[106.1144,21.9767],[106.1155,21.978],[106.1137,21.9814],[106.1132,21.9834],[106.114,21.9863],[106.1127,21.989],[106.1149,21.9917],[106.1146,21.993],[106.1134,21.9949],[106.1121,21.9957],[106.1075,21.9975],[106.1101,21.998],[106.1096,21.9996],[106.11,22.0008],[106.1099,22.0044],[106.1094,22.0055],[106.1108,22.0074],[106.1103,22.0121],[106.1118,22.0134],[106.1111,22.0138],[106.1101,22.0172],[106.1093,22.0179],[106.1086,22.0214],[106.1052,22.0236],[106.1022,22.0278],[106.0969,22.0301],[106.0958,22.0341],[106.0958,22.0362],[106.0986,22.0374],[106.1012,22.0404]]]},"properties":{"code":"02191","name":"Xuân Dương","nameEn":"Xuan Duong","fullName":"Xã Xuân Dương","fullNameEn":"Xuan Duong Commune","codeName":"xuan_duong","postalCode":"23819","postalCodePrefix":"","gisServerId":"diaphanhanhchinhcapxa_2025.1251","areaKm2":160.15},"id":"02191"},
{"type":"Feature","geometry":{"type":"Polygon","coordinates":[[[105.8605,21.5798],[105.8648,21.5824],[105.8656,21.5845],[105.8603,21.5913],[105.8565,21.5949],[105.8561,21.5972],[105.8574,21.6041],[105.857,21.6052],[105.8538,21.6058],[105.8444,21.604],[105.8417,21.6018],[105.8402,21.5989],[105.8393,21.5985],[105.8355,21.5992],[105.8342,21.5999],[105.8335,21.6009],[105.8314,21.6009],[105.8272,21.6026],[105.826,21.6034],[105.826,21.6052],[105.8251,21.6051],[105.8251,21.6032],[105.8237,21.6031],[105.823,21.6038],[105.8219,21.6038],[105.8212,21.6052],[105.8185,21.5998],[105.8179,21.5998],[105.8179,21.601],[105.817,21.6006],[105.8164,21.601],[105.814,21.5987],[105.8151,21.5965],[105.8128,21.5956],[105.8129,21.5942],[105.811,21.5936],[105.8101,21.5916],[105.8085,21.5907],[105.8049,21.591],[105.8082,21.5856],[105.8069,21.5815],[105.8119,21.578],[105.8186,21.5724],[105.8229,21.5669],[105.824,21.5665],[105.8253,21.567],[105.8252,21.5683],[105.8283,21.5714],[105.8296,21.5753],[105.8329,21.5769],[105.8373,21.5787],[105.8413,21.579],[105.8488,21.581],[105.8484,21.5832],[105.849,21.5824],[105.85,21.5822],[105.8501,21.5814],[105.8511,21.5814],[105.8526,21.5829],[105.8552,21.5843],[105.8563,21.584],[105.8559,21.5833],[105.8568,21.5834],[105.8565,21.5826],[105.8577,21.5817],[105.8575,21.581],[105.8589,21.5804],[105.8588,21.5797],[105.8598,21.5803],[105.8605,21.5798]]]},"properties":{"code":"05443","name":"Phan Đình Phùng","nameEn":"Phan Dinh Phung","fullName":"Phường Phan Đình Phùng","fullNameEn":"Phan Dinh Phung Ward","codeName":"phan_dinh_phung","postalCode":"24124","postalCodePrefix":"","gisServerId":"diaphanhanhchinhcapxa_2025.1186","areaKm2":14.73},"id":"05443"},
{"type":"Feature","geometry":{"type":"Polygon","coordinates":[[[105.814,21.5987],[105.813,21.5983],[105.8117,21.599],[105.8104,21.599],[105.8093,21.5975],[105.8073,21.5966],[105.8065,21.5976],[105.805,21.5971],[105.8044,21.5973],[105.8038,21.5989],[105.8007,21.5986],[105.7994,21.6004],[105.7974,21.6054],[105.7953,21.6079],[105.797,21.6086],[105.7973,21.6098],[105.7964,21.6122],[105.7919,21.6144],[105.7899,21.6135],[105.7907,21.6146],[105.7903,21.6149],[105.789,21.6138],[105.7841,21.6149],[105.78,21.6139],[105.7791,21.6133],[105.7767,21.6153],[105.7756,21.6145],[105.7726,21.6153],[105.7715,21.6148],[105.7709,21.6137],[105.771,21.6113],[105.77,21.6087],[105.7706,21.6078],[105.7737,21.6076],[105.7739,21.6072],[105.7728,21.6066],[105.772,21.6054],[105.7731,21.605],[105.7733,21.6039],[105.7752,21.6036],[105.775,21.6032],[105.7758,21.6025],[105.775,21.6023],[105.7738,21.6004],[105.7759,21.5999],[105.7754,21.5993],[105.7758,21.5989],[105.7745,21.5965],[105.7735,21.596],[105.7722,21.5924],[105.7716,21.5925],[105.7719,21.5909],[105.7714,21.5905],[105.7711,21.5889],[105.7725,21.5879],[105.7717,21.587],[105.7718,21.5864],[105.7709,21.5865],[105.7683,21.5844],[105.769,21.5838],[105.7687,21.5834],[105.7662,21.5832],[105.7668,21.583],[105.7667,21.582],[105.7689,21.5803],[105.768,21.5788],[105.7687,21.5782],[105.768,21.5764],[105.7699,21.5758],[105.7724,21.5762],[105.7731,21.5752],[105.7732,21.5732],[105.7745,21.5739],[105.7766,21.5723],[105.7762,21.5712],[105.7748,21.5705],[105.7768,21.5693],[105.7764,21.5675],[105.7779,21.5678],[105.7774,21.5674],[105.7779,21.5655],[105.777,21.5649],[105.7772,21.5626],[105.7757,21.5599],[105.7766,21.5586],[105.7775,21.558],[105.7786,21.5583],[105.7785,21.5575],[105.779,21.5574],[105.7811,21.5584],[105.7853,21.5593],[105.789,21.5625],[105.7953,21.5652],[105.8,21.5627],[105.8011,21.561],[105.8024,21.5607],[105.8029,21.5599],[105.8017,21.5574],[105.8015,21.5523],[105.8001,21.5498],[105.8028,21.5474],[105.8034,21.5481],[105.8029,21.5486],[105.8036,21.5491],[105.8037,21.5498],[105.806,21.5515],[105.8079,21.5517],[105.8088,21.5531],[105.8111,21.551],[105.8124,21.552],[105.8131,21.5508],[105.8153,21.5524],[105.8192,21.5521],[105.8186,21.5528],[105.8212,21.5559],[105.8217,21.5583],[105.823,21.5586],[105.823,21.5596],[105.8244,21.5613],[105.8241,21.5622],[105.8256,21.5626],[105.8259,21.5646],[105.8271,21.5654],[105.8253,21.567],[105.824,21.5665],[105.8229,21.5669],[105.8186,21.5724],[105.8119,21.578],[105.8069,21.5815],[105.8082,21.5856],[105.8049,21.591],[105.8085,21.5907],[105.8101,21.5916],[105.811,21.5936],[105.8129,21.5942],[105.8128,21.5956],[105.8151,21.5965],[105.814,21.5987]]]},"properties":{"code":"05455","name":"Quyết Thắng","nameEn":"Quyet Thang","fullName":"Phường Quyết Thắng","fullNameEn":"Quyet Thang Ward","codeName":"quyet_thang","postalCode":"24119","postalCodePrefix":"","gisServerId":"diaphanhanhchinhcapxa_2025.1189","areaKm2":24.43},"id":"05455"},
{"type":"Feature","geometry":{"type":"Polygon","coordinates":[[[105.9128,21.5857],[105.9121,21.5866],[105.9103,21.5842],[105.9067,21.5845],[105.9051,21.5822],[105.9029,21.5818],[105.9025,21.5803],[105.9019,21.5798],[105.8986,21.5823],[105.8977,21.582],[105.8971,21.5811],[105.8964,21.5795],[105.8895,21.5793],[105.8767,21.5747],[105.8727,21.5727],[105.8706,21.5702],[105.8677,21.5688],[105.8659,21.5698],[105.8622,21.575],[105.8603,21.5781],[105.8605,21.5798],[105.8598,21.5803],[105.8588,21.5797],[105.8589,21.5804],[105.8575,21.581],[105.8577,21.5817],[105.8565,21.5826],[105.8568,21.5834],[105.8559,21.5833],[105.8563,21.584],[105.8552,21.5843],[105.8526,21.5829],[105.8511,21.5814],[105.8501,21.5814],[105.85,21.5822],[105.849,21.5824],[105.8484,21.5832],[105.8488,21.581],[105.8413,21.579],[105.8373,21.5787],[105.8329,21.5769],[105.8352,21.5741],[105.8376,21.5689],[105.8418,21.5659],[105.8429,21.566],[105.8439,21.5648],[105.8443,21.5653],[105.8456,21.565],[105.8473,21.5666],[105.8493,21.5671],[105.8493,21.5677],[105.8527,21.5665],[105.8533,21.5675],[105.8551,21.564],[105.8559,21.5602],[105.8591,21.5552],[105.8633,21.5535],[105.8692,21.5479],[105.8814,21.5331],[105.8831,21.5358],[105.8838,21.5348],[105.8848,21.5352],[105.8863,21.5343],[105.8872,21.5347],[105.8886,21.5335],[105.8894,21.5339],[105.8899,21.5348],[105.8907,21.5349],[105.8898,21.5377],[105.8901,21.5384],[105.8912,21.5385],[105.8913,21.5398],[105.8918,21.5392],[105.8925,21.5397],[105.8939,21.5393],[105.8937,21.5387],[105.8945,21.5386],[105.8949,21.5394],[105.8945,21.5402],[105.8953,21.5405],[105.8952,21.5418],[105.8961,21.5429],[105.8966,21.5407],[105.898,21.5399],[105.8998,21.5402],[105.9014,21.542],[105.9028,21.5425],[105.9047,21.5422],[105.9079,21.5404],[105.9081,21.542],[105.9068,21.5418],[105.9061,21.5424],[105.9078,21.5429],[105.9078,21.5437],[105.9072,21.5437],[105.907,21.5442],[105.9082,21.5463],[105.9089,21.5462],[105.9093,21.5469],[105.9109,21.5468],[105.9109,21.5474],[105.9095,21.5542],[105.9101,21.5603],[105.9072,21.5635],[105.9101,21.5636],[105.9104,21.5653],[105.9117,21.5649],[105.9131,21.5668],[105.9142,21.5669],[105.9151,21.569],[105.9162,21.5695],[105.9147,21.5705],[105.9146,21.5753],[105.9139,21.5754],[105.9135,21.5762],[105.9117,21.5814],[105.9118,21.5821],[105.9137,21.5839],[105.9128,21.5857]]]},"properties":{"code":"05467","name":"Gia Sàng","nameEn":"Gia Sang","fullName":"Phường Gia Sàng","fullNameEn":"Gia Sang Ward","codeName":"gia_sang","postalCode":"24127","postalCodePrefix":"","gisServerId":"diaphanhanhchinhcapxa_2025.1187","areaKm2":25.47},"id":"05467"},
{"type":"Feature","geometry":{"type":"Polygon","coordinates":[[[105.7912,21.6664],[105.7892,21.6669],[105.7877,21.6666],[105.7872,21.6676],[105.7854,21.6672],[105.7852,21.666],[105.7842,21.6649],[105.7829,21.665],[105.7816,21.6641],[105.7794,21.6637],[105.7781,21.6615],[105.7783,21.6604],[105.7766,21.6597],[105.7748,21.6581],[105.7747,21.657],[105.7752,21.6563],[105.7779,21.6566],[105.7745,21.6518],[105.7767,21.6515],[105.7772,21.6495],[105.7783,21.6493],[105.7784,21.6452],[105.7782,21.6446],[105.7774,21.6455],[105.7763,21.6457],[105.7751,21.6437],[105.7755,21.6427],[105.774,21.6412],[105.7722,21.6413],[105.7719,21.6407],[105.7725,21.6409],[105.7726,21.6396],[105.7713,21.6386],[105.7705,21.6388],[105.7697,21.6374],[105.7687,21.6368],[105.7688,21.6358],[105.768,21.6344],[105.7725,21.6325],[105.7723,21.6315],[105.7718,21.6317],[105.7712,21.63],[105.7706,21.6311],[105.7697,21.63],[105.7705,21.6292],[105.7698,21.6286],[105.7684,21.6283],[105.7678,21.6267],[105.766,21.6261],[105.7648,21.6265],[105.7641,21.626],[105.7644,21.6251],[105.7637,21.6239],[105.7657,21.6223],[105.7666,21.6227],[105.7671,21.622],[105.7683,21.6217],[105.7687,21.621],[105.77,21.6213],[105.7722,21.6195],[105.7723,21.6188],[105.7736,21.6187],[105.7744,21.6179],[105.7739,21.6172],[105.7745,21.6168],[105.7746,21.6155],[105.7754,21.6156],[105.7756,21.6145],[105.7767,21.6153],[105.7791,21.6133],[105.78,21.6139],[105.7841,21.6149],[105.789,21.6138],[105.7903,21.6149],[105.7907,21.6146],[105.7899,21.6135],[105.7919,21.6144],[105.7964,21.6122],[105.7973,21.6098],[105.797,21.6086],[105.7953,21.6079],[105.7974,21.6054],[105.7994,21.6004],[105.8007,21.5986],[105.8038,21.5989],[105.8044,21.5973],[105.805,21.5971],[105.8065,21.5976],[105.8073,21.5966],[105.8093,21.5975],[105.8104,21.599],[105.8117,21.599],[105.813,21.5983],[105.814,21.5987],[105.8164,21.601],[105.817,21.6006],[105.8179,21.601],[105.8179,21.5998],[105.8185,21.5998],[105.8212,21.6052],[105.8219,21.6038],[105.823,21.6038],[105.8237,21.6031],[105.8251,21.6032],[105.8251,21.6051],[105.826,21.6052],[105.826,21.6034],[105.8272,21.6026],[105.8314,21.6009],[105.8335,21.6009],[105.8338,21.6038],[105.8352,21.6082],[105.8381,21.6127],[105.8385,21.6148],[105.8378,21.6164],[105.8348,21.6166],[105.8281,21.612],[105.8236,21.6116],[105.8211,21.6129],[105.8157,21.6142],[105.8061,21.6193],[105.8065,21.6223],[105.8081,21.6257],[105.8081,21.6272],[105.8023,21.6367],[105.802,21.6403],[105.8025,21.6417],[105.8044,21.6429],[105.8092,21.6478],[105.8099,21.6498],[105.8047,21.6526],[105.8023,21.6584],[105.7996,21.6609],[105.7972,21.6641],[105.7947,21.6655],[105.7925,21.6657],[105.7912,21.6664]]]},"properties":{"code":"05482","name":"Quan Triều","nameEn":"Quan Trieu","fullName":"Phường Quan Triều","fullNameEn":"Quan Trieu Ward","codeName":"quan_trieu","postalCode":"24114","postalCodePrefix":"","gisServerId":"diaphanhanhchinhcapxa_2025.1185","areaKm2":24.72},"id":"05482"},
{"type":"Feature","geometry":{"type":"Polygon","coordinates":[[[105.6457,21.6631],[105.6437,21.663],[105.643,21.6618],[105.6412,21.6612],[105.641,21.6605],[105.6385,21.6597],[105.6381,21.6584],[105.6385,21.6563],[105.6373,21.6547],[105.6372,21.6535],[105.6353,21.6518],[105.6347,21.6489],[105.6358,21.6476],[105.635,21.6463],[105.6354,21.6449],[105.635,21.6444],[105.6357,21.6436],[105.635,21.6416],[105.6374,21.6409],[105.6344,21.6395],[105.6299,21.6326],[105.6288,21.6324],[105.6279,21.6316],[105.6265,21.6326],[105.6242,21.6315],[105.6225,21.6316],[105.6221,21.6318],[105.6222,21.6307],[105.6214,21.6299],[105.622,21.6289],[105.6213,21.6279],[105.6222,21.6269],[105.6235,21.6266],[105.6253,21.6281],[105.6257,21.6266],[105.6274,21.6273],[105.6292,21.6261],[105.6307,21.626],[105.6312,21.624],[105.6346,21.6218],[105.6353,21.6226],[105.637,21.6223],[105.6374,21.6235],[105.6396,21.6221],[105.642,21.6243],[105.6447,21.6239],[105.6461,21.6251],[105.6478,21.6241],[105.6488,21.6247],[105.6485,21.6255],[105.6491,21.6261],[105.6528,21.6235],[105.6561,21.622],[105.6585,21.6186],[105.6587,21.6149],[105.661,21.6106],[105.6684,21.5991],[105.6779,21.59],[105.6895,21.5831],[105.7021,21.5769],[105.6935,21.5743],[105.6918,21.5741],[105.6884,21.575],[105.684,21.5728],[105.6813,21.5738],[105.6726,21.5706],[105.6709,21.5679],[105.6718,21.5631],[105.6698,21.5613],[105.6693,21.559],[105.6677,21.5557],[105.6677,21.5529],[105.6668,21.5518],[105.6667,21.5503],[105.6676,21.5475],[105.6686,21.5466],[105.6688,21.546],[105.6735,21.5433],[105.6769,21.5402],[105.6874,21.5374],[105.6906,21.5349],[105.6932,21.5342],[105.6995,21.5306],[105.7008,21.5305],[105.7017,21.5292],[105.704,21.5277],[105.7083,21.5237],[105.7123,21.5234],[105.714,21.5214],[105.7174,21.5187],[105.7183,21.5169],[105.7215,21.5169],[105.7288,21.5115],[105.7305,21.5094],[105.7335,21.5078],[105.7341,21.5065],[105.7361,21.5046],[105.7375,21.5042],[105.7414,21.501],[105.7419,21.4987],[105.7429,21.4971],[105.7463,21.4954],[105.748,21.4966],[105.7511,21.4966],[105.7532,21.494],[105.7563,21.4935],[105.7573,21.492],[105.7584,21.4914],[105.7576,21.4938],[105.7587,21.4955],[105.7608,21.4966],[105.758,21.498],[105.7585,21.5014],[105.7563,21.5024],[105.7549,21.5047],[105.7522,21.5065],[105.7535,21.5074],[105.7533,21.5109],[105.7524,21.5112],[105.7515,21.5131],[105.7489,21.5154],[105.7501,21.5169],[105.7497,21.5185],[105.7484,21.5195],[105.7457,21.5236],[105.7446,21.5241],[105.7443,21.528],[105.7447,21.5295],[105.7468,21.532],[105.746,21.533],[105.7475,21.5344],[105.7509,21.5356],[105.7524,21.5369],[105.7492,21.5412],[105.7474,21.5428],[105.7494,21.5466],[105.7503,21.5509],[105.7512,21.5515],[105.7509,21.5529],[105.7513,21.5523],[105.7539,21.5524],[105.7548,21.5517],[105.7572,21.5525],[105.7583,21.5523],[105.7592,21.5508],[105.7594,21.5511],[105.7606,21.5507],[105.7604,21.5515],[105.7621,21.5521],[105.7624,21.5511],[105.7634,21.5512],[105.7638,21.5523],[105.7646,21.5525],[105.7653,21.5521],[105.766,21.5529],[105.7667,21.5524],[105.7675,21.5529],[105.7682,21.5523],[105.7693,21.5533],[105.7687,21.5544],[105.7691,21.5555],[105.7701,21.5547],[105.7717,21.5552],[105.7731,21.5537],[105.773,21.5526],[105.7749,21.5493],[105.7764,21.5498],[105.777,21.5492],[105.7768,21.5481],[105.7778,21.5477],[105.7779,21.5461],[105.7796,21.5448],[105.7802,21.546],[105.7837,21.5481],[105.7845,21.551],[105.7843,21.5546],[105.7852,21.5566],[105.7853,21.5593],[105.7811,21.5584],[105.779,21.5574],[105.7785,21.5575],[105.7786,21.5583],[105.7775,21.558],[105.7766,21.5586],[105.7757,21.5599],[105.7772,21.5626],[105.777,21.5649],[105.7779,21.5655],[105.7774,21.5674],[105.7779,21.5678],[105.7764,21.5675],[105.7768,21.5693],[105.7748,21.5705],[105.7762,21.5712],[105.7766,21.5723],[105.7745,21.5739],[105.7732,21.5732],[105.7731,21.5752],[105.7724,21.5762],[105.7699,21.5758],[105.768,21.5764],[105.7687,21.5782],[105.768,21.5788],[105.7689,21.5803],[105.7667,21.582],[105.7668,21.583],[105.7662,21.5832],[105.7687,21.5834],[105.769,21.5838],[105.7683,21.5844],[105.7709,21.5865],[105.7718,21.5864],[105.7717,21.587],[105.7725,21.5879],[105.7711,21.5889],[105.7714,21.5905],[105.7707,21.5907],[105.7705,21.5921],[105.7692,21.5924],[105.7681,21.5935],[105.768,21.5944],[105.7657,21.5941],[105.7646,21.5946],[105.7642,21.5944],[105.7644,21.5934],[105.7631,21.5917],[105.7618,21.5919],[105.7605,21.5915],[105.7585,21.5923],[105.7553,21.5965],[105.7541,21.5958],[105.7523,21.5962],[105.7515,21.5953],[105.749,21.5958],[105.7478,21.5951],[105.7462,21.5957],[105.7437,21.5956],[105.742,21.5968],[105.7409,21.5984],[105.7402,21.5995],[105.7405,21.6007],[105.7384,21.6022],[105.7383,21.6043],[105.7371,21.6049],[105.7356,21.6047],[105.7349,21.6039],[105.7308,21.604],[105.73,21.6044],[105.7285,21.6068],[105.7276,21.6065],[105.7278,21.6055],[105.7256,21.6051],[105.7246,21.6043],[105.7203,21.6057],[105.71,21.6055],[105.7087,21.606],[105.707,21.6076],[105.7068,21.6099],[105.7071,21.6106],[105.7111,21.6093],[105.7112,21.6099],[105.7102,21.613],[105.7084,21.6139],[105.7117,21.618],[105.7108,21.6192],[105.71,21.6229],[105.7089,21.6231],[105.7062,21.6216],[105.6999,21.6205],[105.6983,21.6207],[105.6952,21.6196],[105.6909,21.6191],[105.6888,21.6173],[105.684,21.6239],[105.6802,21.6243],[105.6749,21.627],[105.6713,21.6281],[105.6724,21.6307],[105.6725,21.6324],[105.671,21.6338],[105.667,21.6361],[105.6675,21.6385],[105.6658,21.6433],[105.6631,21.6451],[105.6623,21.6468],[105.661,21.6479],[105.6607,21.6495],[105.6613,21.6507],[105.6585,21.6571],[105.6577,21.6574],[105.6581,21.6585],[105.6576,21.6597],[105.6568,21.6596],[105.6548,21.6611],[105.6526,21.6608],[105.6517,21.6627],[105.6498,21.6621],[105.6479,21.6625],[105.647,21.6633],[105.6457,21.6631]]]},"properties":{"code":"05488","name":"Đại Phúc","nameEn":"Dai Phuc","fullName":"Xã Đại Phúc","fullNameEn":"Dai Phuc Commune","codeName":"dai_phuc","postalCode":"24138","postalCodePrefix":"","gisServerId":"diaphanhanhchinhcapxa_2025.1188","areaKm2":107.47},"id":"05488"},
{"type":"Feature","geometry":{"type":"Polygon","coordinates":[[[105.8907,21.5349],[105.8899,21.5348],[105.8894,21.5339],[105.8886,21.5335],[105.8872,21.5347],[105.8863,21.5343],[105.8848,21.5352],[105.8838,21.5348],[105.8831,21.5358],[105.8814,21.5331],[105.8692,21.5479],[105.8633,21.5535],[105.8591,21.5552],[105.8559,21.5602],[105.8551,21.564],[105.8533,21.5675],[105.8527,21.5665],[105.8493,21.5677],[105.8493,21.5671],[105.8473,21.5666],[105.8456,21.565],[105.8443,21.5653],[105.8439,21.5648],[105.8429,21.566],[105.8418,21.5659],[105.8376,21.5689],[105.8352,21.5741],[105.8329,21.5769],[105.8296,21.5753],[105.8283,21.5714],[105.8252,21.5683],[105.8253,21.567],[105.8271,21.5654],[105.8259,21.5646],[105.8256,21.5626],[105.8241,21.5622],[105.8244,21.5613],[105.823,21.5596],[105.823,21.5586],[105.8217,21.5583],[105.8212,21.5559],[105.8186,21.5528],[105.8192,21.5521],[105.8202,21.5523],[105.822,21.5508],[105.8244,21.5499],[105.8268,21.5473],[105.829,21.5471],[105.8305,21.5449],[105.8295,21.5439],[105.8303,21.5427],[105.8304,21.5414],[105.8283,21.5395],[105.8273,21.5394],[105.8269,21.54],[105.8259,21.539],[105.8255,21.5371],[105.826,21.5358],[105.8249,21.5352],[105.8252,21.5345],[105.8247,21.5332],[105.8243,21.5333],[105.8252,21.5317],[105.8238,21.5313],[105.8239,21.5296],[105.8264,21.5311],[105.8275,21.5302],[105.8274,21.5293],[105.8312,21.5301],[105.8323,21.53],[105.8332,21.5291],[105.8375,21.5296],[105.8398,21.5286],[105.84,21.5275],[105.8413,21.5269],[105.841,21.5258],[105.8417,21.5238],[105.8421,21.5246],[105.8428,21.5244],[105.8449,21.5232],[105.8448,21.5238],[105.8453,21.5241],[105.8482,21.5219],[105.8489,21.5222],[105.8495,21.5216],[105.8515,21.5233],[105.8539,21.5218],[105.8556,21.5222],[105.8564,21.5238],[105.8576,21.5241],[105.858,21.5226],[105.8601,21.5225],[105.8621,21.5212],[105.8626,21.5219],[105.8647,21.5225],[105.8663,21.5246],[105.8675,21.525],[105.8687,21.5212],[105.8682,21.5186],[105.8689,21.5165],[105.8687,21.5147],[105.8699,21.5157],[105.8705,21.5176],[105.8703,21.5182],[105.8695,21.5181],[105.8717,21.5204],[105.8723,21.5217],[105.8718,21.5222],[105.8731,21.5228],[105.8732,21.5235],[105.8738,21.5232],[105.8746,21.5244],[105.8762,21.5236],[105.8756,21.5217],[105.8775,21.5212],[105.877,21.5204],[105.8794,21.5211],[105.88,21.5187],[105.8792,21.5163],[105.8817,21.5176],[105.882,21.5184],[105.8843,21.5193],[105.8853,21.5215],[105.8848,21.5243],[105.8854,21.5247],[105.8856,21.5262],[105.8867,21.5283],[105.8899,21.5305],[105.8901,21.5321],[105.8911,21.5323],[105.8915,21.5337],[105.8907,21.5349]]]},"properties":{"code":"05500","name":"Tích Lương","nameEn":"Tich Luong","fullName":"Phường Tích Lương","fullNameEn":"Tich Luong Ward","codeName":"tich_luong","postalCode":"24131","postalCodePrefix":"","gisServerId":"diaphanhanhchinhcapxa_2025.1190","areaKm2":23.56},"id":"05500"},
{"type":"Feature","geometry":{"type":"Polygon","coordinates":[[[105.8192,21.5521],[105.8153,21.5524],[105.8131,21.5508],[105.8124,21.552],[105.8111,21.551],[105.8088,21.5531],[105.8079,21.5517],[105.806,21.5515],[105.8037,21.5498],[105.8036,21.5491],[105.8029,21.5486],[105.8034,21.5481],[105.8028,21.5474],[105.8001,21.5498],[105.8015,21.5523],[105.8017,21.5574],[105.8029,21.5599],[105.8024,21.5607],[105.8011,21.561],[105.8,21.5627],[105.7953,21.5652],[105.789,21.5625],[105.7853,21.5593],[105.7852,21.5566],[105.7843,21.5546],[105.7845,21.551],[105.7837,21.5481],[105.7802,21.546],[105.7796,21.5448],[105.7779,21.5461],[105.7778,21.5477],[105.7768,21.5481],[105.777,21.5492],[105.7764,21.5498],[105.7749,21.5493],[105.773,21.5526],[105.7731,21.5537],[105.7717,21.5552],[105.7701,21.5547],[105.7691,21.5555],[105.7687,21.5544],[105.7693,21.5533],[105.7682,21.5523],[105.7675,21.5529],[105.7667,21.5524],[105.766,21.5529],[105.7653,21.5521],[105.7646,21.5525],[105.7638,21.5523],[105.7634,21.5512],[105.7624,21.5511],[105.7621,21.5521],[105.7604,21.5515],[105.7606,21.5507],[105.7594,21.5511],[105.7592,21.5508],[105.7583,21.5523],[105.7572,21.5525],[105.7548,21.5517],[105.7539,21.5524],[105.7513,21.5523],[105.7509,21.5529],[105.7512,21.5515],[105.7503,21.5509],[105.7494,21.5466],[105.7474,21.5428],[105.7492,21.5412],[105.7524,21.5369],[105.7509,21.5356],[105.7475,21.5344],[105.746,21.533],[105.7468,21.532],[105.7447,21.5295],[105.7443,21.528],[105.7446,21.5241],[105.7457,21.5236],[105.7484,21.5195],[105.7497,21.5185],[105.7501,21.5169],[105.7489,21.5154],[105.7515,21.5131],[105.7524,21.5112],[105.7533,21.5109],[105.7535,21.5074],[105.7522,21.5065],[105.7549,21.5047],[105.7563,21.5024],[105.7585,21.5014],[105.758,21.498],[105.7608,21.4966],[105.7587,21.4955],[105.7576,21.4938],[105.7584,21.4914],[105.7657,21.4867],[105.7658,21.4858],[105.7677,21.4846],[105.7698,21.4821],[105.7758,21.4801],[105.7752,21.4796],[105.7761,21.4782],[105.7788,21.4774],[105.7793,21.4783],[105.7805,21.4784],[105.7827,21.4774],[105.7835,21.4761],[105.7867,21.4748],[105.7874,21.4733],[105.7888,21.4721],[105.7932,21.471],[105.7933,21.4733],[105.7944,21.4755],[105.7956,21.4757],[105.797,21.4775],[105.7995,21.4778],[105.8011,21.4812],[105.8038,21.4806],[105.8056,21.4824],[105.8081,21.4838],[105.8083,21.4844],[105.8088,21.4845],[105.8094,21.4831],[105.811,21.4834],[105.811,21.484],[105.8124,21.4838],[105.8124,21.4828],[105.8141,21.483],[105.8147,21.4821],[105.8158,21.4822],[105.817,21.4809],[105.8177,21.481],[105.8181,21.4823],[105.819,21.4826],[105.8177,21.4896],[105.8181,21.4907],[105.8192,21.4915],[105.8195,21.4929],[105.8182,21.4961],[105.8167,21.4969],[105.8165,21.499],[105.8173,21.5007],[105.8197,21.502],[105.8211,21.5051],[105.8159,21.5064],[105.812,21.5089],[105.8143,21.5104],[105.8137,21.5145],[105.8156,21.5163],[105.8153,21.5179],[105.8157,21.5186],[105.815,21.52],[105.8174,21.5203],[105.8196,21.5226],[105.8201,21.5222],[105.8211,21.5225],[105.822,21.5216],[105.8225,21.5241],[105.8237,21.5243],[105.8236,21.5246],[105.8237,21.5257],[105.8228,21.5274],[105.8233,21.5285],[105.8244,21.5288],[105.8239,21.5296],[105.8238,21.5313],[105.8252,21.5317],[105.8243,21.5333],[105.8247,21.5332],[105.8252,21.5345],[105.8249,21.5352],[105.826,21.5358],[105.8255,21.5371],[105.8259,21.539],[105.8269,21.54],[105.8273,21.5394],[105.8283,21.5395],[105.8304,21.5414],[105.8303,21.5427],[105.8295,21.5439],[105.8305,21.5449],[105.829,21.5471],[105.8268,21.5473],[105.8244,21.5499],[105.822,21.5508],[105.8202,21.5523],[105.8192,21.5521]]]},"properties":{"code":"05503","name":"Tân Cương","nameEn":"Tan Cuong","fullName":"Xã Tân Cương","fullNameEn":"Tan Cuong Commune","codeName":"tan_cuong","postalCode":"24129","postalCodePrefix":"","gisServerId":"diaphanhanhchinhcapxa_2025.1191","areaKm2":57.92},"id":"05503"},
{"type":"Feature","geometry":{"type":"Polygon","coordinates":[[[105.8319,21.4443],[105.8332,21.4443],[105.8336,21.4449],[105.8344,21.4438],[105.8351,21.4439],[105.8349,21.4447],[105.836,21.4452],[105.8379,21.4452],[105.8387,21.4445],[105.842,21.4455],[105.842,21.445],[105.8436,21.4448],[105.8441,21.444],[105.8446,21.4445],[105.8447,21.4438],[105.847,21.4437],[105.8471,21.4442],[105.8478,21.4436],[105.8486,21.4437],[105.8491,21.4428],[105.8497,21.443],[105.8498,21.4439],[105.8525,21.4442],[105.8532,21.4438],[105.8539,21.4442],[105.855,21.4431],[105.8552,21.442],[105.8557,21.443],[105.857,21.4421],[105.8573,21.441],[105.8585,21.4407],[105.8602,21.4411],[105.8605,21.4394],[105.8613,21.4398],[105.8622,21.439],[105.8634,21.4394],[105.8638,21.4426],[105.8653,21.4429],[105.8658,21.4425],[105.8659,21.4437],[105.8673,21.4434],[105.8673,21.4445],[105.866,21.4448],[105.8652,21.4473],[105.8646,21.4472],[105.8644,21.4464],[105.8613,21.4478],[105.8622,21.4499],[105.8649,21.4485],[105.8642,21.4505],[105.8653,21.4501],[105.8654,21.4508],[105.8674,21.4505],[105.8695,21.4515],[105.8703,21.4511],[105.8726,21.4534],[105.8722,21.4542],[105.8726,21.4554],[105.8745,21.4546],[105.8754,21.4554],[105.8745,21.4558],[105.8735,21.4575],[105.8746,21.4589],[105.8742,21.4595],[105.8747,21.4602],[105.8732,21.4627],[105.8732,21.4638],[105.8716,21.4652],[105.8716,21.4674],[105.8704,21.4714],[105.871,21.4724],[105.8705,21.4739],[105.8685,21.4749],[105.8675,21.4727],[105.8656,21.4732],[105.8629,21.4719],[105.8583,21.4713],[105.8565,21.4682],[105.8548,21.4681],[105.8546,21.4695],[105.851,21.4687],[105.8489,21.4685],[105.8488,21.4689],[105.847,21.4676],[105.8468,21.4682],[105.846,21.4683],[105.846,21.4713],[105.8448,21.4719],[105.8306,21.4695],[105.8221,21.4693],[105.8232,21.4681],[105.8233,21.467],[105.8199,21.4658],[105.8192,21.464],[105.8201,21.4631],[105.8235,21.462],[105.8248,21.4607],[105.8256,21.4591],[105.8256,21.4571],[105.8262,21.4557],[105.8273,21.4543],[105.8299,21.445],[105.8316,21.4448],[105.8319,21.4443]]]},"properties":{"code":"05518","name":"Sông Công","nameEn":"Song Cong","fullName":"Phường Sông Công","fullNameEn":"Song Cong Ward","codeName":"song_cong","postalCode":"24817","postalCodePrefix":"","gisServerId":"diaphanhanhchinhcapxa_2025.1201","areaKm2":13.98},"id":"05518"},
{"type":"Feature","geometry":{"type":"Polygon","coordinates":[[[105.9079,21.5404],[105.9047,21.5422],[105.9028,21.5425],[105.9014,21.542],[105.8998,21.5402],[105.898,21.5399],[105.8966,21.5407],[105.8961,21.5429],[105.8952,21.5418],[105.8953,21.5405],[105.8945,21.5402],[105.8949,21.5394],[105.8945,21.5386],[105.8937,21.5387],[105.8939,21.5393],[105.8925,21.5397],[105.8918,21.5392],[105.8913,21.5398],[105.8912,21.5385],[105.8901,21.5384],[105.8898,21.5377],[105.8907,21.5349],[105.8915,21.5337],[105.8911,21.5323],[105.8901,21.5321],[105.8899,21.5305],[105.8867,21.5283],[105.8856,21.5262],[105.8854,21.5247],[105.8848,21.5243],[105.8853,21.5215],[105.8843,21.5193],[105.882,21.5184],[105.8817,21.5176],[105.8792,21.5163],[105.88,21.5187],[105.8794,21.5211],[105.877,21.5204],[105.8775,21.5212],[105.8756,21.5217],[105.8762,21.5236],[105.8746,21.5244],[105.8738,21.5232],[105.8732,21.5235],[105.8731,21.5228],[105.8718,21.5222],[105.8723,21.5217],[105.8717,21.5204],[105.8695,21.5181],[105.8703,21.5182],[105.8705,21.5176],[105.8699,21.5157],[105.8687,21.5147],[105.8689,21.5165],[105.8682,21.5186],[105.8687,21.5212],[105.8675,21.525],[105.8663,21.5246],[105.8647,21.5225],[105.8626,21.5219],[105.8621,21.5212],[105.8601,21.5225],[105.858,21.5226],[105.8576,21.5241],[105.8564,21.5238],[105.8556,21.5222],[105.8539,21.5218],[105.8515,21.5233],[105.8495,21.5216],[105.8489,21.5222],[105.8482,21.5219],[105.8453,21.5241],[105.8448,21.5238],[105.8449,21.5232],[105.8428,21.5244],[105.8421,21.5246],[105.8417,21.5238],[105.841,21.5258],[105.8413,21.5269],[105.84,21.5275],[105.8398,21.5286],[105.8375,21.5296],[105.8332,21.5291],[105.8323,21.53],[105.8312,21.5301],[105.8274,21.5293],[105.8275,21.5302],[105.8264,21.5311],[105.8239,21.5296],[105.8244,21.5288],[105.8233,21.5285],[105.8228,21.5274],[105.8237,21.5257],[105.8236,21.5246],[105.8246,21.5247],[105.8256,21.5235],[105.8271,21.5233],[105.8278,21.5219],[105.8316,21.5189],[105.8316,21.5163],[105.8311,21.5159],[105.832,21.5117],[105.8325,21.5112],[105.8356,21.5112],[105.8361,21.5104],[105.8361,21.5066],[105.8364,21.5059],[105.8377,21.5057],[105.8378,21.5026],[105.8395,21.5011],[105.841,21.4989],[105.841,21.4981],[105.8421,21.4976],[105.8426,21.4953],[105.8443,21.4936],[105.8436,21.4896],[105.8427,21.4896],[105.8421,21.4887],[105.8415,21.4888],[105.8413,21.488],[105.8406,21.4881],[105.8385,21.4864],[105.8414,21.482],[105.8428,21.4774],[105.8453,21.4753],[105.8458,21.4741],[105.8454,21.4724],[105.8448,21.4719],[105.846,21.4713],[105.846,21.4683],[105.8468,21.4682],[105.847,21.4676],[105.8488,21.4689],[105.8489,21.4685],[105.851,21.4687],[105.8546,21.4695],[105.8548,21.4681],[105.8565,21.4682],[105.8583,21.4713],[105.8629,21.4719],[105.8656,21.4732],[105.8675,21.4727],[105.8685,21.4749],[105.8699,21.4774],[105.873,21.4806],[105.8741,21.4829],[105.8757,21.4829],[105.8779,21.4853],[105.878,21.4871],[105.8812,21.488],[105.8809,21.4885],[105.8848,21.4908],[105.8848,21.4912],[105.8859,21.4916],[105.8858,21.4925],[105.8874,21.4934],[105.8872,21.4947],[105.8881,21.4965],[105.8904,21.4972],[105.8923,21.499],[105.8924,21.5002],[105.8938,21.5007],[105.8939,21.5021],[105.8946,21.5029],[105.8944,21.504],[105.8961,21.5078],[105.897,21.5082],[105.8983,21.5077],[105.8976,21.5087],[105.8986,21.5097],[105.8978,21.5102],[105.8986,21.5104],[105.8994,21.5116],[105.9002,21.5114],[105.8999,21.5124],[105.9012,21.5121],[105.9018,21.5131],[105.9027,21.5127],[105.9036,21.5134],[105.9034,21.5142],[105.9048,21.5139],[105.9043,21.5147],[105.905,21.5164],[105.9057,21.5163],[105.9054,21.5172],[105.9067,21.5168],[105.9075,21.5155],[105.9088,21.5155],[105.9086,21.5144],[105.9095,21.5146],[105.9102,21.5142],[105.9106,21.5151],[105.9118,21.5155],[105.9115,21.517],[105.9124,21.5162],[105.9123,21.5157],[105.9135,21.5165],[105.9151,21.5156],[105.9134,21.5182],[105.9141,21.5179],[105.9146,21.5189],[105.9129,21.5225],[105.9097,21.5257],[105.9058,21.5316],[105.9059,21.5342],[105.909,21.5376],[105.9088,21.5394],[105.9079,21.5404]]]},"properties":{"code":"05528","name":"Bách Quang","nameEn":"Bach Quang","fullName":"Phường Bách Quang","fullNameEn":"Bach Quang Ward","codeName":"bach_quang","postalCode":"24806","postalCodePrefix":"","gisServerId":"diaphanhanhchinhcapxa_2025.1202","areaKm2":35.02},"id":"05528"},
{"type":"Feature","geometry":{"type":"Polygon","coordinates":[[[105.8448,21.4719],[105.8454,21.4724],[105.8458,21.4741],[105.8453,21.4753],[105.8428,21.4774],[105.8414,21.482],[105.8385,21.4864],[105.8406,21.4881],[105.8413,21.488],[105.8415,21.4888],[105.8421,21.4887],[105.8427,21.4896],[105.8436,21.4896],[105.8443,21.4936],[105.8426,21.4953],[105.8421,21.4976],[105.841,21.4981],[105.841,21.4989],[105.8395,21.5011],[105.8378,21.5026],[105.8377,21.5057],[105.8364,21.5059],[105.8361,21.5066],[105.8361,21.5104],[105.8356,21.5112],[105.8325,21.5112],[105.832,21.5117],[105.8311,21.5159],[105.8316,21.5163],[105.8316,21.5189],[105.8278,21.5219],[105.8271,21.5233],[105.8256,21.5235],[105.8246,21.5247],[105.8236,21.5246],[105.8237,21.5243],[105.8225,21.5241],[105.822,21.5216],[105.8211,21.5225],[105.8201,21.5222],[105.8196,21.5226],[105.8174,21.5203],[105.815,21.52],[105.8157,21.5186],[105.8153,21.5179],[105.8156,21.5163],[105.8137,21.5145],[105.8143,21.5104],[105.812,21.5089],[105.8159,21.5064],[105.8211,21.5051],[105.8197,21.502],[105.8173,21.5007],[105.8165,21.499],[105.8167,21.4969],[105.8182,21.4961],[105.8195,21.4929],[105.8192,21.4915],[105.8181,21.4907],[105.8177,21.4896],[105.819,21.4826],[105.8181,21.4823],[105.8177,21.481],[105.817,21.4809],[105.8158,21.4822],[105.8147,21.4821],[105.8141,21.483],[105.8124,21.4828],[105.8124,21.4838],[105.811,21.484],[105.811,21.4834],[105.8094,21.4831],[105.8088,21.4845],[105.8083,21.4844],[105.8081,21.4838],[105.8056,21.4824],[105.8038,21.4806],[105.8011,21.4812],[105.7995,21.4778],[105.797,21.4775],[105.7956,21.4757],[105.7944,21.4755],[105.7933,21.4733],[105.7932,21.471],[105.7938,21.47],[105.7968,21.4683],[105.793,21.4636],[105.7935,21.4619],[105.7958,21.4589],[105.7968,21.4548],[105.8009,21.4525],[105.8017,21.4508],[105.8056,21.4499],[105.8077,21.4523],[105.8103,21.4536],[105.8124,21.4536],[105.82,21.4586],[105.8223,21.4584],[105.8244,21.4549],[105.8254,21.4549],[105.8262,21.4557],[105.8256,21.4571],[105.8256,21.4591],[105.8248,21.4607],[105.8235,21.462],[105.8201,21.4631],[105.8192,21.464],[105.8199,21.4658],[105.8233,21.467],[105.8232,21.4681],[105.8221,21.4693],[105.8306,21.4695],[105.8448,21.4719]]]},"properties":{"code":"05533","name":"Bá Xuyên","nameEn":"Ba Xuyen","fullName":"Phường Bá Xuyên","fullNameEn":"Ba Xuyen Ward","codeName":"ba_xuyen","postalCode":"24807","postalCodePrefix":"","gisServerId":"diaphanhanhchinhcapxa_2025.1203","areaKm2":21.13},"id":"05533"},
{"type":"Feature","geometry":{"type":"Polygon","coordinates":[[[105.6299,22.0172],[105.6321,22.0076],[105.6344,22.005],[105.6415,22.0063],[105.6425,22.0051],[105.644,22.0043],[105.6438,22.0019],[105.6455,22.0012],[105.647,21.9997],[105.6534,21.9995],[105.6538,21.9975],[105.6531,21.993],[105.6584,21.9877],[105.6595,21.9875],[105.6616,21.9898],[105.6633,21.9887],[105.6689,21.9878],[105.672,21.9882],[105.6719,21.9848],[105.6727,21.9844],[105.6712,21.9814],[105.6711,21.9795],[105.67,21.9787],[105.6694,21.9753],[105.6684,21.9735],[105.6673,21.9735],[105.6668,21.9728],[105.667,21.9706],[105.6639,21.9703],[105.6651,21.9691],[105.6664,21.9687],[105.6672,21.9667],[105.6655,21.9618],[105.6658,21.9606],[105.6652,21.9582],[105.6662,21.9572],[105.6688,21.9564],[105.6693,21.9555],[105.6691,21.9547],[105.6714,21.9496],[105.673,21.9478],[105.6749,21.9474],[105.6768,21.9456],[105.6776,21.9476],[105.6812,21.9518],[105.6821,21.9518],[105.6825,21.9509],[105.683,21.9516],[105.6845,21.951],[105.6852,21.9484],[105.6876,21.9497],[105.689,21.9495],[105.6916,21.9529],[105.6932,21.9524],[105.6961,21.9539],[105.6953,21.9561],[105.6957,21.9563],[105.6983,21.9567],[105.6989,21.9555],[105.6985,21.9544],[105.6997,21.9546],[105.7003,21.9541],[105.7016,21.9547],[105.7022,21.954],[105.7019,21.9526],[105.7034,21.9527],[105.7111,21.9506],[105.7141,21.9536],[105.715,21.9538],[105.7156,21.9562],[105.7177,21.9556],[105.7198,21.9559],[105.7198,21.9671],[105.7216,21.9691],[105.7281,21.9731],[105.7303,21.976],[105.7298,21.9786],[105.7327,21.9794],[105.7325,21.9809],[105.733,21.9819],[105.735,21.9822],[105.7363,21.9846],[105.7385,21.985],[105.7396,21.9884],[105.7423,21.9906],[105.7417,21.9926],[105.74,21.9951],[105.7398,21.9983],[105.7415,21.9993],[105.7413,22.0031],[105.7423,22.0032],[105.743,22.0055],[105.7449,22.0072],[105.7451,22.0098],[105.7468,22.0109],[105.747,22.0133],[105.7472,22.0143],[105.7452,22.0166],[105.7438,22.0167],[105.7397,22.0187],[105.7372,22.0186],[105.7369,22.0171],[105.7357,22.0161],[105.734,22.0163],[105.7312,22.0155],[105.7285,22.0188],[105.7279,22.0213],[105.7258,22.0218],[105.7232,22.0247],[105.7229,22.0262],[105.7209,22.0258],[105.7207,22.0244],[105.7166,22.0221],[105.7137,22.0216],[105.7079,22.0226],[105.7054,22.0254],[105.6975,22.0307],[105.6964,22.0359],[105.6946,22.0382],[105.6927,22.0393],[105.6894,22.0407],[105.6868,22.0411],[105.6836,22.0428],[105.6829,22.0439],[105.6816,22.0446],[105.6803,22.0442],[105.6785,22.0447],[105.6731,22.0479],[105.6685,22.0475],[105.6678,22.0463],[105.6684,22.0437],[105.6671,22.0426],[105.6659,22.0423],[105.6654,22.041],[105.6637,22.0399],[105.6632,22.036],[105.6607,22.0332],[105.6612,22.032],[105.6601,22.0295],[105.6584,22.0296],[105.6554,22.0274],[105.6533,22.0249],[105.6531,22.0237],[105.6515,22.0253],[105.6492,22.0247],[105.6459,22.0248],[105.6408,22.0267],[105.6401,22.0258],[105.6387,22.0252],[105.6374,22.0213],[105.6353,22.0212],[105.6362,22.019],[105.636,22.018],[105.6335,22.0171],[105.6303,22.0171],[105.6299,22.0172]]]},"properties":{"code":"05542","name":"Lam Vỹ","nameEn":"Lam Vy","fullName":"Xã Lam Vỹ","fullNameEn":"Lam Vy Commune","codeName":"lam_vy","postalCode":"24509","postalCodePrefix":"","gisServerId":"diaphanhanhchinhcapxa_2025.1215","areaKm2":71.42},"id":"05542"},
{"type":"Feature","geometry":{"type":"Polygon","coordinates":[[[105.6455,22.0012],[105.6438,22.0019],[105.644,22.0043],[105.6425,22.0051],[105.6415,22.0063],[105.6344,22.005],[105.6321,22.0076],[105.6299,22.0172],[105.6296,22.0173],[105.6246,22.017],[105.6208,22.0185],[105.6196,22.0173],[105.6182,22.0142],[105.6171,22.0137],[105.6165,22.0125],[105.6129,22.0136],[105.61,22.0116],[105.6078,22.0111],[105.6072,22.0115],[105.6069,22.0118],[105.6049,22.0122],[105.6045,22.0124],[105.6018,22.0141],[105.6005,22.0124],[105.6012,22.0111],[105.5968,22.0087],[105.5927,22.0077],[105.5904,22.0086],[105.5869,22.0033],[105.587,22.002],[105.5858,22.0011],[105.5861,21.9977],[105.5847,21.9975],[105.5836,21.9951],[105.5826,21.9945],[105.5832,21.9917],[105.5818,21.9903],[105.5815,21.9884],[105.5795,21.9855],[105.5794,21.9834],[105.5821,21.9806],[105.5808,21.9799],[105.5806,21.9789],[105.5782,21.9775],[105.5778,21.975],[105.5789,21.9728],[105.5791,21.9708],[105.5798,21.9696],[105.5809,21.9692],[105.5817,21.9668],[105.5815,21.9661],[105.5797,21.9653],[105.5796,21.9627],[105.5781,21.9607],[105.5774,21.9583],[105.5755,21.9577],[105.5795,21.9507],[105.5808,21.9452],[105.5826,21.9455],[105.5846,21.9451],[105.5868,21.9428],[105.59,21.9415],[105.5916,21.9396],[105.5932,21.9392],[105.596,21.9396],[105.5978,21.9415],[105.599,21.9418],[105.6037,21.9398],[105.6068,21.9422],[105.6075,21.9421],[105.611,21.9406],[105.6108,21.9382],[105.6132,21.9342],[105.6148,21.9331],[105.6178,21.9326],[105.6187,21.9312],[105.6201,21.9312],[105.6224,21.9287],[105.6236,21.9285],[105.6246,21.9269],[105.6263,21.9269],[105.6272,21.9245],[105.6307,21.9238],[105.6319,21.922],[105.6353,21.9204],[105.6366,21.9182],[105.6403,21.9212],[105.6464,21.9232],[105.647,21.9214],[105.6465,21.9201],[105.6506,21.9191],[105.6512,21.9182],[105.6523,21.918],[105.6523,21.9164],[105.6534,21.9161],[105.6536,21.9153],[105.6543,21.9152],[105.6551,21.9142],[105.6565,21.9142],[105.6572,21.9135],[105.659,21.9132],[105.6595,21.9135],[105.6596,21.9158],[105.6618,21.9203],[105.6637,21.9229],[105.6637,21.9237],[105.6643,21.9239],[105.6646,21.9254],[105.6673,21.9283],[105.668,21.9336],[105.6736,21.9358],[105.6746,21.9378],[105.6756,21.9384],[105.6758,21.9412],[105.6769,21.9428],[105.6768,21.9456],[105.6749,21.9474],[105.673,21.9478],[105.6714,21.9496],[105.6691,21.9547],[105.6693,21.9555],[105.6688,21.9564],[105.6662,21.9572],[105.6652,21.9582],[105.6658,21.9606],[105.6655,21.9618],[105.6672,21.9667],[105.6664,21.9687],[105.6651,21.9691],[105.6639,21.9703],[105.667,21.9706],[105.6668,21.9728],[105.6673,21.9735],[105.6684,21.9735],[105.6694,21.9753],[105.67,21.9787],[105.6711,21.9795],[105.6712,21.9814],[105.6727,21.9844],[105.6719,21.9848],[105.672,21.9882],[105.6689,21.9878],[105.6633,21.9887],[105.6616,21.9898],[105.6595,21.9875],[105.6584,21.9877],[105.6531,21.993],[105.6538,21.9975],[105.6534,21.9995],[105.647,21.9997],[105.6455,22.0012]]]},"properties":{"code":"05551","name":"Kim Phượng","nameEn":"Kim Phuong","fullName":"Xã Kim Phượng","fullNameEn":"Kim Phuong Commune","codeName":"kim_phuong","postalCode":"24512","postalCodePrefix":"","gisServerId":"diaphanhanhchinhcapxa_2025.1216","areaKm2":78.61},"id":"05551"},
{"type":"Feature","geometry":{"type":"Polygon","coordinates":[[[105.7541,22.0004],[105.7536,22.001],[105.7537,22.0066],[105.7519,22.0129],[105.75,22.014],[105.747,22.0133],[105.7468,22.0109],[105.7451,22.0098],[105.7449,22.0072],[105.743,22.0055],[105.7423,22.0032],[105.7413,22.0031],[105.7415,21.9993],[105.7398,21.9983],[105.74,21.9951],[105.7417,21.9926],[105.7423,21.9906],[105.7396,21.9884],[105.7385,21.985],[105.7363,21.9846],[105.735,21.9822],[105.733,21.9819],[105.7325,21.9809],[105.7327,21.9794],[105.7298,21.9786],[105.7303,21.976],[105.7281,21.9731],[105.7216,21.9691],[105.7198,21.9671],[105.7198,21.9559],[105.7177,21.9556],[105.7156,21.9562],[105.715,21.9538],[105.7141,21.9536],[105.7111,21.9506],[105.7034,21.9527],[105.7019,21.9526],[105.7022,21.954],[105.7016,21.9547],[105.7003,21.9541],[105.6997,21.9546],[105.6985,21.9544],[105.6989,21.9555],[105.6983,21.9567],[105.6957,21.9563],[105.6953,21.9561],[105.6961,21.9539],[105.6932,21.9524],[105.6916,21.9529],[105.689,21.9495],[105.6876,21.9497],[105.6852,21.9484],[105.6845,21.951],[105.683,21.9516],[105.6825,21.9509],[105.6821,21.9518],[105.6812,21.9518],[105.6776,21.9476],[105.6768,21.9456],[105.6769,21.9428],[105.6758,21.9412],[105.6756,21.9384],[105.6746,21.9378],[105.6736,21.9358],[105.668,21.9336],[105.6673,21.9283],[105.6646,21.9254],[105.6643,21.9239],[105.6637,21.9237],[105.6637,21.9229],[105.6618,21.9203],[105.6596,21.9158],[105.6595,21.9135],[105.659,21.9132],[105.6572,21.9135],[105.6556,21.9122],[105.6553,21.9109],[105.6562,21.91],[105.6566,21.9078],[105.6556,21.9072],[105.6552,21.9049],[105.6544,21.9052],[105.653,21.9048],[105.6526,21.9037],[105.6517,21.9037],[105.6501,21.901],[105.6462,21.8977],[105.6434,21.8927],[105.6408,21.8905],[105.6401,21.8892],[105.6379,21.8877],[105.6364,21.8876],[105.6352,21.8854],[105.6369,21.883],[105.6355,21.8813],[105.6343,21.8808],[105.6341,21.8793],[105.6354,21.8782],[105.639,21.8775],[105.6393,21.8757],[105.6408,21.8731],[105.6391,21.87],[105.6372,21.8689],[105.6375,21.8681],[105.6365,21.8668],[105.6387,21.8644],[105.6403,21.864],[105.6399,21.8631],[105.6409,21.8629],[105.6413,21.8639],[105.6432,21.8627],[105.6429,21.8617],[105.6423,21.8613],[105.6434,21.8608],[105.6422,21.8581],[105.6434,21.858],[105.6453,21.8561],[105.6456,21.8545],[105.645,21.854],[105.6461,21.8527],[105.6452,21.8517],[105.6458,21.8504],[105.6494,21.8511],[105.6501,21.8503],[105.6513,21.8503],[105.6525,21.8495],[105.6529,21.8506],[105.6538,21.8501],[105.6557,21.8505],[105.6555,21.853],[105.6568,21.8542],[105.6563,21.8549],[105.6564,21.857],[105.6592,21.8561],[105.6616,21.8564],[105.6619,21.8575],[105.6632,21.8589],[105.6627,21.86],[105.6638,21.8619],[105.6641,21.8646],[105.6667,21.8619],[105.6697,21.8633],[105.6722,21.8626],[105.6726,21.8646],[105.6708,21.8668],[105.6703,21.8687],[105.6717,21.8712],[105.6727,21.8715],[105.6761,21.8711],[105.6779,21.8716],[105.6807,21.8707],[105.6816,21.8712],[105.6825,21.8728],[105.6834,21.8718],[105.6862,21.8716],[105.687,21.8725],[105.6869,21.874],[105.6877,21.8758],[105.6908,21.8783],[105.6922,21.8784],[105.6967,21.881],[105.7023,21.882],[105.7046,21.8855],[105.7011,21.8879],[105.6999,21.8897],[105.7012,21.8921],[105.704,21.8942],[105.7054,21.8947],[105.7056,21.8959],[105.7101,21.8956],[105.7106,21.8961],[105.7103,21.8982],[105.7114,21.899],[105.7122,21.8992],[105.7147,21.8982],[105.7169,21.9005],[105.7183,21.8994],[105.72,21.9007],[105.7222,21.9012],[105.7239,21.9044],[105.7276,21.9028],[105.7283,21.9031],[105.7297,21.9056],[105.7307,21.906],[105.7329,21.9047],[105.7344,21.9066],[105.7378,21.9047],[105.7419,21.9041],[105.7422,21.9071],[105.7451,21.9086],[105.7471,21.9107],[105.7499,21.911],[105.7507,21.9128],[105.7534,21.9132],[105.7557,21.9154],[105.7585,21.9158],[105.7626,21.9143],[105.7643,21.9145],[105.7654,21.9156],[105.7674,21.9199],[105.7705,21.9214],[105.7709,21.9226],[105.7707,21.9256],[105.7714,21.9263],[105.7729,21.9264],[105.7752,21.9296],[105.7762,21.9299],[105.7774,21.9313],[105.7779,21.9332],[105.7774,21.9349],[105.774,21.9389],[105.7761,21.9421],[105.7762,21.9451],[105.7743,21.9487],[105.7754,21.9528],[105.7719,21.9543],[105.7702,21.9556],[105.7676,21.9605],[105.7655,21.962],[105.7652,21.9632],[105.7638,21.9645],[105.7629,21.9666],[105.7606,21.9684],[105.7603,21.9722],[105.762,21.973],[105.7608,21.9753],[105.7608,21.9764],[105.7625,21.978],[105.7617,21.9795],[105.7638,21.9806],[105.7634,21.9841],[105.7634,21.9844],[105.7641,21.9861],[105.7599,21.9889],[105.7559,21.9891],[105.7562,21.9951],[105.7555,21.9959],[105.7554,21.9961],[105.755,21.9977],[105.7557,21.9983],[105.7541,22.0004]]]},"properties":{"code":"05563","name":"Phượng Tiến","nameEn":"Phuong Tien","fullName":"Xã Phượng Tiến","fullNameEn":"Phuong Tien Commune","codeName":"phuong_tien","postalCode":"24529","postalCodePrefix":"","gisServerId":"diaphanhanhchinhcapxa_2025.1205","areaKm2":102.7},"id":"05563"},
{"type":"Feature","geometry":{"type":"Polygon","coordinates":[[[105.5755,21.9577],[105.5723,21.9575],[105.5703,21.9582],[105.5695,21.957],[105.5685,21.9566],[105.567,21.9567],[105.5632,21.9555],[105.5557,21.9575],[105.5517,21.9528],[105.5513,21.9514],[105.5519,21.9507],[105.5501,21.9494],[105.5494,21.9477],[105.5506,21.947],[105.5523,21.9431],[105.5511,21.9396],[105.5522,21.9347],[105.5505,21.9316],[105.5509,21.9258],[105.5502,21.9237],[105.5511,21.9209],[105.5535,21.9187],[105.5531,21.9166],[105.5542,21.9148],[105.5541,21.9134],[105.5528,21.9084],[105.5505,21.9071],[105.5484,21.9067],[105.545,21.9044],[105.5449,21.903],[105.5471,21.896],[105.5458,21.8949],[105.545,21.8927],[105.5431,21.891],[105.5462,21.8852],[105.5497,21.8846],[105.5539,21.8824],[105.5546,21.8806],[105.5569,21.8785],[105.5595,21.8792],[105.5606,21.8806],[105.5625,21.8797],[105.5623,21.8811],[105.563,21.8825],[105.564,21.8837],[105.5648,21.8836],[105.5662,21.8867],[105.5679,21.8874],[105.5675,21.8914],[105.5658,21.8939],[105.5661,21.8991],[105.567,21.8996],[105.5688,21.8989],[105.5707,21.8999],[105.5716,21.9015],[105.5736,21.9021],[105.5748,21.9019],[105.5758,21.9031],[105.5767,21.9018],[105.5774,21.9023],[105.582,21.9014],[105.5831,21.9023],[105.5837,21.9006],[105.5832,21.8988],[105.5839,21.8983],[105.5842,21.8966],[105.5836,21.8958],[105.5813,21.8951],[105.5814,21.8936],[105.5801,21.8928],[105.5792,21.891],[105.5807,21.8907],[105.5798,21.8877],[105.5803,21.8846],[105.5829,21.881],[105.5828,21.8782],[105.5856,21.8773],[105.5874,21.8752],[105.5889,21.8756],[105.59,21.8744],[105.5886,21.8735],[105.5896,21.8729],[105.5895,21.8718],[105.5869,21.8709],[105.5871,21.8698],[105.5882,21.8687],[105.5874,21.8674],[105.5858,21.8664],[105.5858,21.865],[105.5867,21.8645],[105.5867,21.8636],[105.5881,21.8631],[105.5891,21.8606],[105.5917,21.8604],[105.5923,21.8598],[105.592,21.8561],[105.5935,21.856],[105.5994,21.8616],[105.6026,21.8638],[105.6048,21.866],[105.6067,21.8689],[105.609,21.8704],[105.6124,21.8711],[105.6141,21.8727],[105.6153,21.8756],[105.6172,21.8755],[105.6215,21.8794],[105.6229,21.88],[105.623,21.8817],[105.624,21.8825],[105.624,21.884],[105.6251,21.8854],[105.6237,21.8876],[105.624,21.8884],[105.6258,21.8881],[105.6266,21.8896],[105.6276,21.8903],[105.6298,21.888],[105.6305,21.888],[105.6316,21.8892],[105.6328,21.8894],[105.6334,21.8894],[105.6334,21.8878],[105.6364,21.8876],[105.6379,21.8877],[105.6401,21.8892],[105.6408,21.8905],[105.6434,21.8927],[105.6462,21.8977],[105.6501,21.901],[105.6517,21.9037],[105.6526,21.9037],[105.653,21.9048],[105.6544,21.9052],[105.6552,21.9049],[105.6556,21.9072],[105.6566,21.9078],[105.6562,21.91],[105.6553,21.9109],[105.6556,21.9122],[105.6572,21.9135],[105.6565,21.9142],[105.6551,21.9142],[105.6543,21.9152],[105.6536,21.9153],[105.6534,21.9161],[105.6523,21.9164],[105.6523,21.918],[105.6512,21.9182],[105.6506,21.9191],[105.6465,21.9201],[105.647,21.9214],[105.6464,21.9232],[105.6403,21.9212],[105.6366,21.9182],[105.6353,21.9204],[105.6319,21.922],[105.6307,21.9238],[105.6272,21.9245],[105.6263,21.9269],[105.6246,21.9269],[105.6236,21.9285],[105.6224,21.9287],[105.6201,21.9312],[105.6187,21.9312],[105.6178,21.9326],[105.6148,21.9331],[105.6132,21.9342],[105.6108,21.9382],[105.611,21.9406],[105.6075,21.9421],[105.6068,21.9422],[105.6037,21.9398],[105.599,21.9418],[105.5978,21.9415],[105.596,21.9396],[105.5932,21.9392],[105.5916,21.9396],[105.59,21.9415],[105.5868,21.9428],[105.5846,21.9451],[105.5826,21.9455],[105.5808,21.9452],[105.5795,21.9507],[105.5755,21.9577]]]},"properties":{"code":"05569","name":"Định Hoá","nameEn":"Dinh Hoa","fullName":"Xã Định Hoá","fullNameEn":"Dinh Hoa Commune","codeName":"dinh_hoa","postalCode":"24530","postalCodePrefix":"","gisServerId":"diaphanhanhchinhcapxa_2025.1204","areaKm2":67.3},"id":"05569"},
{"type":"Feature","geometry":{"type":"Polygon","coordinates":[[[105.6364,21.8876],[105.6334,21.8878],[105.6334,21.8894],[105.6328,21.8894],[105.6316,21.8892],[105.6305,21.888],[105.6298,21.888],[105.6276,21.8903],[105.6266,21.8896],[105.6258,21.8881],[105.624,21.8884],[105.6237,21.8876],[105.6251,21.8854],[105.624,21.884],[105.624,21.8825],[105.623,21.8817],[105.6229,21.88],[105.6215,21.8794],[105.6172,21.8755],[105.6153,21.8756],[105.6141,21.8727],[105.6159,21.8696],[105.6177,21.8691],[105.6179,21.8686],[105.6177,21.8667],[105.6161,21.8656],[105.6162,21.8622],[105.6173,21.8612],[105.6173,21.8592],[105.62,21.8565],[105.6205,21.8518],[105.6187,21.8518],[105.6185,21.8502],[105.6177,21.8494],[105.6194,21.8479],[105.6221,21.8484],[105.6234,21.8444],[105.6253,21.8427],[105.6271,21.8377],[105.6256,21.8372],[105.6229,21.8352],[105.6215,21.8357],[105.619,21.8358],[105.618,21.8345],[105.6166,21.8345],[105.6169,21.832],[105.6161,21.8299],[105.6173,21.8278],[105.615,21.8227],[105.6107,21.8246],[105.6096,21.8245],[105.6081,21.8233],[105.6073,21.8238],[105.6053,21.8234],[105.603,21.8245],[105.6023,21.8207],[105.6011,21.8195],[105.5998,21.8193],[105.6002,21.8172],[105.5994,21.8166],[105.5972,21.8168],[105.5969,21.8163],[105.5978,21.8151],[105.6006,21.8153],[105.6011,21.8145],[105.6028,21.8148],[105.6025,21.8121],[105.6034,21.8111],[105.6047,21.8114],[105.606,21.8094],[105.6059,21.808],[105.6041,21.8084],[105.6022,21.8081],[105.5994,21.8056],[105.5987,21.803],[105.5963,21.8033],[105.5945,21.8026],[105.5943,21.8007],[105.5934,21.7999],[105.5898,21.7982],[105.5912,21.7933],[105.5905,21.7929],[105.5904,21.7911],[105.5916,21.7902],[105.5923,21.7902],[105.5927,21.7892],[105.5938,21.7898],[105.5939,21.7886],[105.5953,21.7872],[105.6002,21.7867],[105.6036,21.7869],[105.6044,21.7875],[105.6078,21.7847],[105.6063,21.7807],[105.6013,21.7783],[105.5996,21.7749],[105.597,21.7736],[105.5967,21.7705],[105.598,21.7679],[105.5981,21.7668],[105.6069,21.7661],[105.6082,21.7674],[105.6091,21.7671],[105.6134,21.7695],[105.6151,21.7694],[105.6154,21.7715],[105.6162,21.7722],[105.6197,21.7723],[105.6216,21.7734],[105.6231,21.773],[105.624,21.7733],[105.6246,21.7725],[105.6236,21.7744],[105.6244,21.7764],[105.626,21.7769],[105.6254,21.7785],[105.6261,21.781],[105.6265,21.7872],[105.6286,21.7923],[105.6304,21.7929],[105.6335,21.7923],[105.6345,21.794],[105.6374,21.7946],[105.6387,21.7977],[105.6396,21.7987],[105.64,21.8015],[105.6409,21.8017],[105.641,21.8027],[105.642,21.8039],[105.6429,21.8041],[105.6463,21.803],[105.6465,21.8044],[105.6479,21.8066],[105.6502,21.8062],[105.6524,21.8071],[105.6568,21.807],[105.6575,21.8051],[105.6614,21.8019],[105.6612,21.8007],[105.6618,21.8003],[105.6625,21.798],[105.6635,21.7987],[105.6654,21.7971],[105.6678,21.7964],[105.6689,21.7964],[105.6707,21.7975],[105.6721,21.7976],[105.6728,21.7984],[105.674,21.7976],[105.674,21.7989],[105.6763,21.8011],[105.6753,21.8022],[105.6757,21.8042],[105.6767,21.8047],[105.6769,21.8062],[105.6754,21.807],[105.6743,21.8086],[105.6744,21.8095],[105.678,21.8101],[105.6784,21.8117],[105.6796,21.8127],[105.6792,21.8142],[105.6831,21.8191],[105.6845,21.8194],[105.685,21.8202],[105.6842,21.8218],[105.6845,21.8246],[105.6824,21.827],[105.6833,21.8283],[105.6823,21.8282],[105.6797,21.8303],[105.679,21.8297],[105.6782,21.8301],[105.6775,21.8294],[105.6774,21.8313],[105.6755,21.8341],[105.6746,21.833],[105.6734,21.8329],[105.6727,21.8317],[105.6708,21.8319],[105.6676,21.8298],[105.665,21.833],[105.6643,21.8331],[105.664,21.8325],[105.6624,21.835],[105.6623,21.8354],[105.6633,21.8358],[105.6628,21.8359],[105.6624,21.8369],[105.6611,21.8377],[105.6602,21.8371],[105.6588,21.8382],[105.6586,21.8395],[105.6567,21.8397],[105.6553,21.8414],[105.6555,21.8444],[105.6568,21.8452],[105.6559,21.8472],[105.6557,21.8505],[105.6538,21.8501],[105.6529,21.8506],[105.6525,21.8495],[105.6513,21.8503],[105.6501,21.8503],[105.6494,21.8511],[105.6458,21.8504],[105.6452,21.8517],[105.6461,21.8527],[105.645,21.854],[105.6456,21.8545],[105.6453,21.8561],[105.6434,21.858],[105.6422,21.8581],[105.6434,21.8608],[105.6423,21.8613],[105.6429,21.8617],[105.6432,21.8627],[105.6413,21.8639],[105.6409,21.8629],[105.6399,21.8631],[105.6403,21.864],[105.6387,21.8644],[105.6365,21.8668],[105.6375,21.8681],[105.6372,21.8689],[105.6391,21.87],[105.6408,21.8731],[105.6393,21.8757],[105.639,21.8775],[105.6354,21.8782],[105.6341,21.8793],[105.6343,21.8808],[105.6355,21.8813],[105.6369,21.883],[105.6352,21.8854],[105.6364,21.8876]]]},"properties":{"code":"05581","name":"Trung Hội","nameEn":"Trung Hoi","fullName":"Xã Trung Hội","fullNameEn":"Trung Hoi Commune","codeName":"trung_hoi","postalCode":"24528","postalCodePrefix":"","gisServerId":"diaphanhanhchinhcapxa_2025.1206","areaKm2":54.21},"id":"05581"},
{"type":"Feature","geometry":{"type":"Polygon","coordinates":[[[105.6141,21.8727],[105.6124,21.8711],[105.609,21.8704],[105.6067,21.8689],[105.6048,21.866],[105.6026,21.8638],[105.5994,21.8616],[105.5935,21.856],[105.592,21.8561],[105.5923,21.8598],[105.5917,21.8604],[105.5891,21.8606],[105.5881,21.8631],[105.5867,21.8636],[105.5867,21.8645],[105.5858,21.865],[105.5858,21.8664],[105.5874,21.8674],[105.5882,21.8687],[105.5871,21.8698],[105.5869,21.8709],[105.5895,21.8718],[105.5896,21.8729],[105.5886,21.8735],[105.59,21.8744],[105.5889,21.8756],[105.5874,21.8752],[105.5856,21.8773],[105.5828,21.8782],[105.5829,21.881],[105.5803,21.8846],[105.5798,21.8877],[105.5807,21.8907],[105.5792,21.891],[105.5801,21.8928],[105.5814,21.8936],[105.5813,21.8951],[105.5836,21.8958],[105.5842,21.8966],[105.5839,21.8983],[105.5832,21.8988],[105.5837,21.9006],[105.5831,21.9023],[105.582,21.9014],[105.5774,21.9023],[105.5767,21.9018],[105.5758,21.9031],[105.5748,21.9019],[105.5736,21.9021],[105.5716,21.9015],[105.5707,21.8999],[105.5688,21.8989],[105.567,21.8996],[105.5661,21.8991],[105.5658,21.8939],[105.5675,21.8914],[105.5679,21.8874],[105.5662,21.8867],[105.5648,21.8836],[105.564,21.8837],[105.563,21.8825],[105.5623,21.8811],[105.5625,21.8797],[105.5606,21.8806],[105.5595,21.8792],[105.5569,21.8785],[105.5546,21.8806],[105.5539,21.8824],[105.5497,21.8846],[105.5462,21.8852],[105.5431,21.891],[105.5388,21.8898],[105.5358,21.8903],[105.5341,21.8883],[105.5328,21.8879],[105.529,21.8875],[105.5251,21.8881],[105.5213,21.8848],[105.5196,21.8823],[105.5198,21.8802],[105.5183,21.8773],[105.5183,21.874],[105.5202,21.8736],[105.5216,21.8706],[105.5227,21.8702],[105.523,21.8662],[105.5253,21.8632],[105.5267,21.8571],[105.5281,21.8535],[105.5291,21.8526],[105.5281,21.8507],[105.5271,21.85],[105.5294,21.8478],[105.5319,21.85],[105.5388,21.8481],[105.5418,21.8487],[105.5435,21.8482],[105.5451,21.8493],[105.5452,21.8475],[105.5486,21.8467],[105.5508,21.8465],[105.5519,21.8477],[105.553,21.848],[105.5558,21.8467],[105.561,21.8462],[105.5643,21.8465],[105.5646,21.846],[105.5655,21.8462],[105.5662,21.8438],[105.5686,21.8417],[105.5709,21.8403],[105.5726,21.8375],[105.5736,21.8369],[105.5741,21.838],[105.5756,21.8367],[105.5746,21.8326],[105.5753,21.8308],[105.5769,21.83],[105.579,21.8297],[105.5806,21.828],[105.5812,21.8291],[105.5844,21.8311],[105.5881,21.8304],[105.5876,21.8289],[105.5895,21.8266],[105.5894,21.8247],[105.5911,21.8236],[105.5921,21.8236],[105.5944,21.8255],[105.597,21.8234],[105.5974,21.8223],[105.5989,21.8221],[105.603,21.8245],[105.6053,21.8234],[105.6073,21.8238],[105.6081,21.8233],[105.6096,21.8245],[105.6107,21.8246],[105.615,21.8227],[105.6173,21.8278],[105.6161,21.8299],[105.6169,21.832],[105.6166,21.8345],[105.618,21.8345],[105.619,21.8358],[105.6215,21.8357],[105.6229,21.8352],[105.6256,21.8372],[105.6271,21.8377],[105.6253,21.8427],[105.6234,21.8444],[105.6221,21.8484],[105.6194,21.8479],[105.6177,21.8494],[105.6185,21.8502],[105.6187,21.8518],[105.6205,21.8518],[105.62,21.8565],[105.6173,21.8592],[105.6173,21.8612],[105.6162,21.8622],[105.6161,21.8656],[105.6177,21.8667],[105.6179,21.8686],[105.6177,21.8691],[105.6159,21.8696],[105.6141,21.8727]]]},"properties":{"code":"05587","name":"Bình Yên","nameEn":"Binh Yen","fullName":"Xã Bình Yên","fullNameEn":"Binh Yen Commune","codeName":"binh_yen","postalCode":"24524","postalCodePrefix":"","gisServerId":"diaphanhanhchinhcapxa_2025.1200","areaKm2":48.36},"id":"05587"},
{"type":"Feature","geometry":{"type":"Polygon","coordinates":[[[105.5258,21.7679],[105.5265,21.7687],[105.5335,21.7696],[105.5353,21.7708],[105.5386,21.775],[105.5404,21.7764],[105.5423,21.7776],[105.5439,21.7777],[105.5469,21.7799],[105.5491,21.7806],[105.5492,21.7822],[105.5478,21.7835],[105.5487,21.7848],[105.5477,21.7867],[105.5495,21.7897],[105.5537,21.792],[105.555,21.7974],[105.5567,21.7975],[105.5562,21.7999],[105.5541,21.8004],[105.5532,21.8001],[105.5528,21.8005],[105.5533,21.8018],[105.5514,21.8037],[105.5507,21.8054],[105.5514,21.809],[105.5526,21.8094],[105.5536,21.8116],[105.559,21.8129],[105.561,21.8149],[105.5619,21.8147],[105.5632,21.8161],[105.5656,21.8164],[105.5652,21.8192],[105.5661,21.8217],[105.566,21.8229],[105.5674,21.8237],[105.5691,21.824],[105.5709,21.8265],[105.5706,21.8273],[105.5696,21.8276],[105.5689,21.8269],[105.5661,21.8275],[105.564,21.8309],[105.5654,21.8322],[105.5647,21.8343],[105.5624,21.8369],[105.5632,21.838],[105.5646,21.8377],[105.5662,21.8438],[105.5655,21.8462],[105.5646,21.846],[105.5643,21.8465],[105.561,21.8462],[105.5558,21.8467],[105.553,21.848],[105.5519,21.8477],[105.5508,21.8465],[105.5486,21.8467],[105.5452,21.8475],[105.5451,21.8493],[105.5435,21.8482],[105.5418,21.8487],[105.5388,21.8481],[105.5319,21.85],[105.5294,21.8478],[105.529,21.8471],[105.5294,21.8457],[105.528,21.8408],[105.5286,21.8388],[105.5281,21.8353],[105.5254,21.8332],[105.5198,21.8308],[105.5168,21.8267],[105.5147,21.8268],[105.5136,21.8296],[105.5105,21.8327],[105.5065,21.8331],[105.5043,21.8323],[105.5018,21.8327],[105.4993,21.8319],[105.4974,21.8326],[105.4955,21.8317],[105.4944,21.8287],[105.4934,21.8281],[105.4939,21.8222],[105.4945,21.8214],[105.4951,21.8176],[105.4945,21.8153],[105.4948,21.8138],[105.4942,21.8076],[105.4929,21.8046],[105.4946,21.8008],[105.4956,21.7997],[105.4949,21.7971],[105.4969,21.7957],[105.4975,21.7929],[105.4963,21.7889],[105.4956,21.7835],[105.4925,21.7792],[105.4937,21.7765],[105.4936,21.7754],[105.4954,21.7735],[105.5007,21.7706],[105.5053,21.7712],[105.5107,21.7734],[105.5139,21.7733],[105.5166,21.7742],[105.5173,21.773],[105.5188,21.7725],[105.52,21.7715],[105.5223,21.7709],[105.5251,21.769],[105.5258,21.7679]]]},"properties":{"code":"05602","name":"Phú Đình","nameEn":"Phu Dinh","fullName":"Xã Phú Đình","fullNameEn":"Phu Dinh Commune","codeName":"phu_dinh","postalCode":"24521","postalCodePrefix":"","gisServerId":"diaphanhanhchinhcapxa_2025.1207","areaKm2":47.89},"id":"05602"},
{"type":"Feature","geometry":{"type":"Polygon","coordinates":[[[105.603,21.8245],[105.5989,21.8221],[105.5974,21.8223],[105.597,21.8234],[105.5944,21.8255],[105.5921,21.8236],[105.5911,21.8236],[105.5894,21.8247],[105.5895,21.8266],[105.5876,21.8289],[105.5881,21.8304],[105.5844,21.8311],[105.5812,21.8291],[105.5806,21.828],[105.579,21.8297],[105.5769,21.83],[105.5753,21.8308],[105.5746,21.8326],[105.5756,21.8367],[105.5741,21.838],[105.5736,21.8369],[105.5726,21.8375],[105.5709,21.8403],[105.5686,21.8417],[105.5662,21.8438],[105.5646,21.8377],[105.5632,21.838],[105.5624,21.8369],[105.5647,21.8343],[105.5654,21.8322],[105.564,21.8309],[105.5661,21.8275],[105.5689,21.8269],[105.5696,21.8276],[105.5706,21.8273],[105.5709,21.8265],[105.5691,21.824],[105.5674,21.8237],[105.566,21.8229],[105.5661,21.8217],[105.5652,21.8192],[105.5656,21.8164],[105.5632,21.8161],[105.5619,21.8147],[105.561,21.8149],[105.559,21.8129],[105.5536,21.8116],[105.5526,21.8094],[105.5514,21.809],[105.5507,21.8054],[105.5514,21.8037],[105.5533,21.8018],[105.5528,21.8005],[105.5532,21.8001],[105.5541,21.8004],[105.5562,21.7999],[105.5567,21.7975],[105.555,21.7974],[105.5537,21.792],[105.5495,21.7897],[105.5477,21.7867],[105.5487,21.7848],[105.5478,21.7835],[105.5492,21.7822],[105.5491,21.7806],[105.5469,21.7799],[105.5439,21.7777],[105.5423,21.7776],[105.5404,21.7764],[105.5386,21.775],[105.5353,21.7708],[105.5335,21.7696],[105.5265,21.7687],[105.5258,21.7679],[105.5257,21.7677],[105.5253,21.7666],[105.5251,21.7663],[105.525,21.7652],[105.5293,21.762],[105.5315,21.7612],[105.5331,21.7593],[105.5366,21.7595],[105.5383,21.759],[105.5411,21.7604],[105.5434,21.7606],[105.5457,21.7532],[105.553,21.7517],[105.5552,21.7521],[105.556,21.7511],[105.5581,21.7508],[105.5647,21.7479],[105.5655,21.7474],[105.566,21.7459],[105.5676,21.7451],[105.5682,21.746],[105.5696,21.7461],[105.5694,21.7476],[105.57,21.7482],[105.5723,21.7476],[105.5771,21.7481],[105.5819,21.7508],[105.5841,21.7543],[105.5842,21.7573],[105.5851,21.7594],[105.5846,21.7606],[105.5855,21.7612],[105.5859,21.7646],[105.5883,21.767],[105.5901,21.7676],[105.5922,21.7668],[105.5958,21.7673],[105.5981,21.7668],[105.598,21.7679],[105.5967,21.7705],[105.597,21.7736],[105.5996,21.7749],[105.6013,21.7783],[105.6063,21.7807],[105.6078,21.7847],[105.6044,21.7875],[105.6036,21.7869],[105.6002,21.7867],[105.5953,21.7872],[105.5939,21.7886],[105.5938,21.7898],[105.5927,21.7892],[105.5923,21.7902],[105.5916,21.7902],[105.5904,21.7911],[105.5905,21.7929],[105.5912,21.7933],[105.5898,21.7982],[105.5934,21.7999],[105.5943,21.8007],[105.5945,21.8026],[105.5963,21.8033],[105.5987,21.803],[105.5994,21.8056],[105.6022,21.8081],[105.6041,21.8084],[105.6059,21.808],[105.606,21.8094],[105.6047,21.8114],[105.6034,21.8111],[105.6025,21.8121],[105.6028,21.8148],[105.6011,21.8145],[105.6006,21.8153],[105.5978,21.8151],[105.5969,21.8163],[105.5972,21.8168],[105.5994,21.8166],[105.6002,21.8172],[105.5998,21.8193],[105.6011,21.8195],[105.6023,21.8207],[105.603,21.8245]]]},"properties":{"code":"05605","name":"Bình Thành","nameEn":"Binh Thanh","fullName":"Xã Bình Thành","fullNameEn":"Binh Thanh Commune","codeName":"binh_thanh","postalCode":"24522","postalCodePrefix":"","gisServerId":"diaphanhanhchinhcapxa_2025.1217","areaKm2":43.3},"id":"05605"},
{"type":"Feature","geometry":{"type":"Polygon","coordinates":[[[105.7993,21.8051],[105.7963,21.8047],[105.7946,21.8055],[105.7923,21.8056],[105.7861,21.8044],[105.7842,21.8066],[105.7832,21.8067],[105.7823,21.8086],[105.7808,21.8088],[105.7791,21.8109],[105.7743,21.8117],[105.7728,21.8126],[105.7709,21.8118],[105.7699,21.8134],[105.7677,21.8129],[105.7642,21.8156],[105.761,21.8169],[105.7593,21.8207],[105.76,21.8219],[105.761,21.8277],[105.7603,21.8308],[105.7586,21.8303],[105.758,21.8324],[105.7577,21.8316],[105.7556,21.8319],[105.7544,21.8311],[105.7526,21.8276],[105.7511,21.8261],[105.7496,21.8257],[105.7473,21.8224],[105.7486,21.82],[105.748,21.8184],[105.7467,21.8175],[105.7482,21.8133],[105.7466,21.8105],[105.7418,21.8077],[105.7409,21.8035],[105.7415,21.803],[105.7416,21.8017],[105.7399,21.8002],[105.739,21.8011],[105.7373,21.801],[105.7367,21.802],[105.735,21.8009],[105.7341,21.801],[105.7335,21.8018],[105.7333,21.8011],[105.7323,21.8008],[105.731,21.8014],[105.7277,21.7997],[105.7282,21.7986],[105.7268,21.7989],[105.7265,21.7995],[105.7234,21.7964],[105.7223,21.7931],[105.7174,21.7881],[105.7172,21.7871],[105.7152,21.7866],[105.714,21.785],[105.7128,21.785],[105.7111,21.7839],[105.711,21.7817],[105.7105,21.7816],[105.711,21.7809],[105.7116,21.781],[105.7116,21.7794],[105.7104,21.7789],[105.7098,21.777],[105.7081,21.7759],[105.7082,21.7747],[105.7075,21.7746],[105.7072,21.7737],[105.7061,21.7741],[105.7054,21.7726],[105.7054,21.7697],[105.7041,21.7688],[105.7019,21.769],[105.7006,21.7683],[105.6992,21.7663],[105.6976,21.7661],[105.6975,21.7641],[105.6987,21.7632],[105.6989,21.7617],[105.6972,21.7613],[105.6973,21.7601],[105.6966,21.7596],[105.6975,21.7578],[105.6972,21.7567],[105.6958,21.7549],[105.6943,21.755],[105.693,21.754],[105.6917,21.7543],[105.6909,21.7533],[105.691,21.7526],[105.6919,21.752],[105.6916,21.75],[105.6926,21.75],[105.6927,21.7482],[105.6939,21.7472],[105.6936,21.7465],[105.6943,21.746],[105.6947,21.7444],[105.6941,21.7426],[105.6944,21.7418],[105.6933,21.7414],[105.6931,21.7406],[105.6897,21.7397],[105.6895,21.7419],[105.6871,21.7427],[105.6861,21.7442],[105.6839,21.7438],[105.6826,21.7433],[105.6822,21.7419],[105.6777,21.7377],[105.6759,21.7368],[105.6738,21.7367],[105.6734,21.7349],[105.6689,21.7345],[105.6658,21.7351],[105.6647,21.7346],[105.6639,21.7326],[105.6595,21.7288],[105.6557,21.7277],[105.6545,21.7281],[105.6519,21.7277],[105.6512,21.7269],[105.649,21.7264],[105.6466,21.725],[105.6438,21.7217],[105.6406,21.7204],[105.6422,21.721],[105.645,21.7205],[105.6469,21.7183],[105.6502,21.717],[105.6511,21.7175],[105.6541,21.7174],[105.6594,21.7144],[105.6603,21.7125],[105.6628,21.7133],[105.6658,21.7121],[105.6673,21.7133],[105.672,21.7115],[105.6744,21.705],[105.6753,21.7044],[105.6772,21.7042],[105.6778,21.7034],[105.676,21.6986],[105.6755,21.6898],[105.6785,21.6896],[105.6791,21.6891],[105.6797,21.6897],[105.6812,21.6897],[105.6833,21.6876],[105.6881,21.6855],[105.6892,21.6862],[105.6919,21.6848],[105.6938,21.6809],[105.7017,21.6771],[105.7021,21.676],[105.7016,21.675],[105.7034,21.6746],[105.7033,21.6738],[105.7044,21.6726],[105.7086,21.6733],[105.7081,21.6722],[105.7089,21.672],[105.7092,21.6706],[105.7116,21.6705],[105.7109,21.669],[105.7126,21.6701],[105.7141,21.6701],[105.7144,21.6682],[105.7174,21.6669],[105.7182,21.6644],[105.7203,21.6649],[105.7223,21.6645],[105.7227,21.6656],[105.7212,21.6663],[105.7219,21.6667],[105.7245,21.6658],[105.7273,21.667],[105.728,21.6666],[105.7274,21.6659],[105.7272,21.6654],[105.7283,21.663],[105.731,21.663],[105.7319,21.6641],[105.735,21.6639],[105.7353,21.6654],[105.7374,21.666],[105.7372,21.6672],[105.7381,21.6691],[105.7393,21.6689],[105.7385,21.667],[105.7394,21.6659],[105.74,21.6659],[105.7401,21.6686],[105.7418,21.6696],[105.7426,21.6714],[105.7443,21.6718],[105.7446,21.6728],[105.7434,21.673],[105.7422,21.6755],[105.7396,21.6764],[105.7399,21.6777],[105.7395,21.6786],[105.7376,21.6801],[105.7382,21.6811],[105.7394,21.6816],[105.7383,21.6833],[105.7382,21.684],[105.7388,21.6843],[105.7377,21.686],[105.7394,21.6881],[105.7404,21.6885],[105.7415,21.6905],[105.7411,21.6919],[105.7407,21.6915],[105.7402,21.6918],[105.7402,21.6912],[105.738,21.6915],[105.7385,21.6927],[105.7385,21.6955],[105.7391,21.6966],[105.7375,21.6983],[105.7372,21.6997],[105.738,21.6999],[105.7375,21.7013],[105.7386,21.7027],[105.7403,21.7031],[105.7411,21.704],[105.7416,21.7037],[105.7417,21.7043],[105.7415,21.7046],[105.739,21.7044],[105.7346,21.707],[105.7345,21.7108],[105.7336,21.712],[105.7329,21.712],[105.7343,21.7131],[105.7333,21.7142],[105.7336,21.7152],[105.7323,21.7162],[105.7325,21.717],[105.7334,21.7174],[105.7336,21.7184],[105.7357,21.7179],[105.7383,21.7193],[105.739,21.719],[105.7413,21.7199],[105.7421,21.7206],[105.7411,21.7236],[105.742,21.7235],[105.7419,21.7241],[105.7427,21.7248],[105.7425,21.7264],[105.7449,21.7279],[105.7465,21.7306],[105.7466,21.7321],[105.748,21.7322],[105.7484,21.733],[105.751,21.7322],[105.7526,21.7334],[105.754,21.7329],[105.7543,21.7335],[105.7538,21.7339],[105.755,21.7357],[105.756,21.7361],[105.7547,21.7374],[105.7552,21.738],[105.7544,21.7393],[105.7552,21.7393],[105.7552,21.7407],[105.7566,21.741],[105.7568,21.7415],[105.7564,21.744],[105.7573,21.7443],[105.7577,21.7453],[105.7564,21.7463],[105.7565,21.7472],[105.757,21.7484],[105.7575,21.7484],[105.7576,21.7496],[105.7571,21.7506],[105.7554,21.7507],[105.7537,21.7521],[105.7539,21.7547],[105.7547,21.7561],[105.7563,21.7562],[105.7573,21.7568],[105.7573,21.7586],[105.758,21.7594],[105.7613,21.7593],[105.7621,21.7608],[105.7618,21.7595],[105.7624,21.759],[105.7654,21.7609],[105.7659,21.7628],[105.7654,21.7633],[105.7665,21.7637],[105.7668,21.765],[105.7676,21.7655],[105.7682,21.7651],[105.7694,21.7672],[105.771,21.7682],[105.7714,21.7698],[105.7725,21.7694],[105.7738,21.7698],[105.7773,21.7723],[105.7796,21.7751],[105.7798,21.7767],[105.781,21.7776],[105.7879,21.7791],[105.7881,21.7771],[105.7896,21.7754],[105.7903,21.7777],[105.792,21.7796],[105.793,21.7827],[105.7981,21.7896],[105.7978,21.7942],[105.7971,21.7947],[105.7948,21.7997],[105.7969,21.8014],[105.7974,21.8038],[105.7993,21.8051]]]},"properties":{"code":"05611","name":"Phú Lương","nameEn":"Phu Luong","fullName":"Xã Phú Lương","fullNameEn":"Phu Luong Commune","codeName":"phu_luong","postalCode":"24421","postalCodePrefix":"","gisServerId":"diaphanhanhchinhcapxa_2025.1214","areaKm2":112.39},"id":"05611"},
{"type":"Feature","geometry":{"type":"Polygon","coordinates":[[[105.7643,21.9145],[105.7626,21.9143],[105.7585,21.9158],[105.7557,21.9154],[105.7534,21.9132],[105.7507,21.9128],[105.7499,21.911],[105.7471,21.9107],[105.7451,21.9086],[105.7422,21.9071],[105.7419,21.9041],[105.7378,21.9047],[105.7344,21.9066],[105.7329,21.9047],[105.7307,21.906],[105.7297,21.9056],[105.7283,21.9031],[105.7276,21.9028],[105.7239,21.9044],[105.7222,21.9012],[105.72,21.9007],[105.7183,21.8994],[105.7169,21.9005],[105.7147,21.8982],[105.7122,21.8992],[105.7114,21.899],[105.7103,21.8982],[105.7106,21.8961],[105.7101,21.8956],[105.7056,21.8959],[105.7054,21.8947],[105.704,21.8942],[105.7012,21.8921],[105.6999,21.8897],[105.7011,21.8879],[105.7046,21.8855],[105.7023,21.882],[105.6967,21.881],[105.6922,21.8784],[105.6908,21.8783],[105.6877,21.8758],[105.6869,21.874],[105.687,21.8725],[105.6862,21.8716],[105.6834,21.8718],[105.6825,21.8728],[105.6816,21.8712],[105.6807,21.8707],[105.6779,21.8716],[105.6761,21.8711],[105.6727,21.8715],[105.6717,21.8712],[105.6703,21.8687],[105.6708,21.8668],[105.6726,21.8646],[105.6722,21.8626],[105.6697,21.8633],[105.6667,21.8619],[105.6641,21.8646],[105.6638,21.8619],[105.6627,21.86],[105.6632,21.8589],[105.6619,21.8575],[105.6616,21.8564],[105.6592,21.8561],[105.6564,21.857],[105.6563,21.8549],[105.6568,21.8542],[105.6555,21.853],[105.6557,21.8505],[105.6559,21.8472],[105.6568,21.8452],[105.6555,21.8444],[105.6553,21.8414],[105.6567,21.8397],[105.6586,21.8395],[105.6588,21.8382],[105.6602,21.8371],[105.6611,21.8377],[105.6624,21.8369],[105.6628,21.8359],[105.6633,21.8358],[105.6623,21.8354],[105.6624,21.835],[105.664,21.8325],[105.6643,21.8331],[105.665,21.833],[105.6676,21.8298],[105.6708,21.8319],[105.6727,21.8317],[105.6734,21.8329],[105.6746,21.833],[105.6755,21.8341],[105.6774,21.8313],[105.6775,21.8294],[105.6782,21.8301],[105.679,21.8297],[105.6797,21.8303],[105.6823,21.8282],[105.6833,21.8283],[105.6824,21.827],[105.6845,21.8246],[105.6842,21.8218],[105.685,21.8202],[105.6845,21.8194],[105.6831,21.8191],[105.6792,21.8142],[105.6796,21.8127],[105.6784,21.8117],[105.678,21.8101],[105.6744,21.8095],[105.6743,21.8086],[105.6754,21.807],[105.6769,21.8062],[105.6767,21.8047],[105.6757,21.8042],[105.6753,21.8022],[105.6763,21.8011],[105.674,21.7989],[105.674,21.7976],[105.6728,21.7984],[105.6721,21.7976],[105.6707,21.7975],[105.6714,21.7945],[105.6716,21.7949],[105.6734,21.7945],[105.6776,21.7917],[105.6818,21.7901],[105.6827,21.7909],[105.6837,21.7901],[105.6856,21.7909],[105.687,21.7905],[105.6876,21.7897],[105.6866,21.7889],[105.6873,21.7857],[105.6852,21.7847],[105.6862,21.7836],[105.6889,21.7829],[105.6887,21.7817],[105.6891,21.7806],[105.69,21.7802],[105.6898,21.7792],[105.6916,21.7774],[105.6918,21.7751],[105.6913,21.7737],[105.6893,21.7721],[105.6895,21.7697],[105.6879,21.7672],[105.6877,21.7627],[105.6885,21.7619],[105.689,21.7596],[105.6898,21.7594],[105.6906,21.7579],[105.6933,21.7585],[105.6958,21.7582],[105.6972,21.7567],[105.6975,21.7578],[105.6966,21.7596],[105.6973,21.7601],[105.6972,21.7613],[105.6989,21.7617],[105.6987,21.7632],[105.6975,21.7641],[105.6976,21.7661],[105.6992,21.7663],[105.7006,21.7683],[105.7019,21.769],[105.7041,21.7688],[105.7054,21.7697],[105.7054,21.7726],[105.7061,21.7741],[105.7072,21.7737],[105.7075,21.7746],[105.7082,21.7747],[105.7081,21.7759],[105.7098,21.777],[105.7104,21.7789],[105.7116,21.7794],[105.7116,21.781],[105.711,21.7809],[105.7105,21.7816],[105.711,21.7817],[105.7111,21.7839],[105.7128,21.785],[105.714,21.785],[105.7152,21.7866],[105.7172,21.7871],[105.7174,21.7881],[105.7223,21.7931],[105.7234,21.7964],[105.7265,21.7995],[105.7268,21.7989],[105.7282,21.7986],[105.7277,21.7997],[105.731,21.8014],[105.7323,21.8008],[105.7333,21.8011],[105.7335,21.8018],[105.7341,21.801],[105.735,21.8009],[105.7367,21.802],[105.7373,21.801],[105.739,21.8011],[105.7399,21.8002],[105.7416,21.8017],[105.7415,21.803],[105.7409,21.8035],[105.7418,21.8077],[105.7466,21.8105],[105.7482,21.8133],[105.7467,21.8175],[105.748,21.8184],[105.7486,21.82],[105.7473,21.8224],[105.7496,21.8257],[105.7511,21.8261],[105.7526,21.8276],[105.7544,21.8311],[105.7556,21.8319],[105.7577,21.8316],[105.758,21.8324],[105.758,21.8353],[105.759,21.8366],[105.7616,21.8376],[105.7606,21.8404],[105.7605,21.8435],[105.7636,21.8452],[105.7643,21.8484],[105.766,21.8506],[105.7659,21.8514],[105.7652,21.8519],[105.7656,21.8535],[105.7666,21.8548],[105.7689,21.8564],[105.7694,21.8581],[105.7698,21.8619],[105.769,21.8626],[105.7684,21.8642],[105.7689,21.8656],[105.7683,21.8662],[105.7682,21.8679],[105.7688,21.8699],[105.7703,21.8707],[105.7703,21.8733],[105.7719,21.8744],[105.7729,21.8763],[105.7724,21.8806],[105.7709,21.8827],[105.7711,21.8837],[105.7721,21.8844],[105.7703,21.8849],[105.7724,21.8875],[105.7744,21.8876],[105.7758,21.887],[105.7772,21.8886],[105.7798,21.8886],[105.7811,21.8894],[105.7739,21.8963],[105.7716,21.9025],[105.7718,21.9049],[105.7712,21.9062],[105.772,21.9085],[105.7711,21.9101],[105.7684,21.9121],[105.7674,21.9122],[105.7651,21.9135],[105.7643,21.9145]]]},"properties":{"code":"05620","name":"Yên Trạch","nameEn":"Yen Trach","fullName":"Xã Yên Trạch","fullNameEn":"Yen Trach Commune","codeName":"yen_trach","postalCode":"24410","postalCodePrefix":"","gisServerId":"diaphanhanhchinhcapxa_2025.1208","areaKm2":112.68},"id":"05620"},
{"type":"Feature","geometry":{"type":"Polygon","coordinates":[[[105.6707,21.7975],[105.6689,21.7964],[105.6678,21.7964],[105.6654,21.7971],[105.6635,21.7987],[105.6625,21.798],[105.6618,21.8003],[105.6612,21.8007],[105.6614,21.8019],[105.6575,21.8051],[105.6568,21.807],[105.6524,21.8071],[105.6502,21.8062],[105.6479,21.8066],[105.6465,21.8044],[105.6463,21.803],[105.6429,21.8041],[105.642,21.8039],[105.641,21.8027],[105.6409,21.8017],[105.64,21.8015],[105.6396,21.7987],[105.6387,21.7977],[105.6374,21.7946],[105.6345,21.794],[105.6335,21.7923],[105.6304,21.7929],[105.6286,21.7923],[105.6265,21.7872],[105.6261,21.781],[105.6254,21.7785],[105.626,21.7769],[105.6244,21.7764],[105.6236,21.7744],[105.6246,21.7725],[105.6242,21.7714],[105.6252,21.7704],[105.627,21.7705],[105.6278,21.7695],[105.6296,21.7707],[105.6329,21.7697],[105.6326,21.7672],[105.6342,21.7657],[105.6349,21.7661],[105.636,21.766],[105.6368,21.7639],[105.6356,21.7634],[105.6382,21.7627],[105.6385,21.7619],[105.6378,21.7603],[105.6403,21.7592],[105.6396,21.7562],[105.6417,21.7535],[105.6416,21.7527],[105.6425,21.7525],[105.6418,21.7512],[105.6439,21.7497],[105.644,21.7471],[105.6418,21.7429],[105.6431,21.7421],[105.6443,21.7383],[105.6422,21.7377],[105.6423,21.7359],[105.641,21.7351],[105.6413,21.7339],[105.6427,21.7343],[105.6439,21.7339],[105.6438,21.7315],[105.6427,21.7291],[105.6438,21.7217],[105.6466,21.725],[105.649,21.7264],[105.6512,21.7269],[105.6519,21.7277],[105.6545,21.7281],[105.6557,21.7277],[105.6595,21.7288],[105.6639,21.7326],[105.6647,21.7346],[105.6658,21.7351],[105.6689,21.7345],[105.6734,21.7349],[105.6738,21.7367],[105.6759,21.7368],[105.6777,21.7377],[105.6822,21.7419],[105.6826,21.7433],[105.6839,21.7438],[105.6861,21.7442],[105.6871,21.7427],[105.6895,21.7419],[105.6897,21.7397],[105.6931,21.7406],[105.6933,21.7414],[105.6944,21.7418],[105.6941,21.7426],[105.6947,21.7444],[105.6943,21.746],[105.6936,21.7465],[105.6939,21.7472],[105.6927,21.7482],[105.6926,21.75],[105.6916,21.75],[105.6919,21.752],[105.691,21.7526],[105.6909,21.7533],[105.6917,21.7543],[105.693,21.754],[105.6943,21.755],[105.6958,21.7549],[105.6972,21.7567],[105.6958,21.7582],[105.6933,21.7585],[105.6906,21.7579],[105.6898,21.7594],[105.689,21.7596],[105.6885,21.7619],[105.6877,21.7627],[105.6879,21.7672],[105.6895,21.7697],[105.6893,21.7721],[105.6913,21.7737],[105.6918,21.7751],[105.6916,21.7774],[105.6898,21.7792],[105.69,21.7802],[105.6891,21.7806],[105.6887,21.7817],[105.6889,21.7829],[105.6862,21.7836],[105.6852,21.7847],[105.6873,21.7857],[105.6866,21.7889],[105.6876,21.7897],[105.687,21.7905],[105.6856,21.7909],[105.6837,21.7901],[105.6827,21.7909],[105.6818,21.7901],[105.6776,21.7917],[105.6734,21.7945],[105.6716,21.7949],[105.6714,21.7945],[105.6707,21.7975]]]},"properties":{"code":"05632","name":"Hợp Thành","nameEn":"Hop Thanh","fullName":"Xã Hợp Thành","fullNameEn":"Hop Thanh Commune","codeName":"hop_thanh","postalCode":"24413","postalCodePrefix":"","gisServerId":"diaphanhanhchinhcapxa_2025.1209","areaKm2":41.2},"id":"05632"},
{"type":"Feature","geometry":{"type":"Polygon","coordinates":[[[105.8151,21.7104],[105.8175,21.7169],[105.8205,21.7179],[105.8222,21.7196],[105.8233,21.7226],[105.8232,21.7233],[105.8213,21.7251],[105.8213,21.7267],[105.8219,21.7276],[105.8163,21.7339],[105.8126,21.7346],[105.8113,21.7336],[105.8088,21.7356],[105.8097,21.7396],[105.8093,21.7422],[105.8077,21.7444],[105.8049,21.7468],[105.8044,21.748],[105.8038,21.7476],[105.8027,21.7489],[105.8015,21.7492],[105.7999,21.7513],[105.7958,21.7511],[105.7927,21.7515],[105.7903,21.7525],[105.7942,21.754],[105.7971,21.7564],[105.797,21.7578],[105.7996,21.7599],[105.8004,21.7616],[105.8032,21.7624],[105.8036,21.7631],[105.8017,21.7651],[105.8001,21.7686],[105.7912,21.7725],[105.7899,21.7735],[105.7896,21.7754],[105.7881,21.7771],[105.7879,21.7791],[105.781,21.7776],[105.7798,21.7767],[105.7796,21.7751],[105.7773,21.7723],[105.7738,21.7698],[105.7725,21.7694],[105.7714,21.7698],[105.771,21.7682],[105.7694,21.7672],[105.7682,21.7651],[105.7676,21.7655],[105.7668,21.765],[105.7665,21.7637],[105.7654,21.7633],[105.7659,21.7628],[105.7654,21.7609],[105.7624,21.759],[105.7618,21.7595],[105.7621,21.7608],[105.7613,21.7593],[105.758,21.7594],[105.7573,21.7586],[105.7573,21.7568],[105.7563,21.7562],[105.7547,21.7561],[105.7539,21.7547],[105.7537,21.7521],[105.7554,21.7507],[105.7571,21.7506],[105.7576,21.7496],[105.7575,21.7484],[105.757,21.7484],[105.7565,21.7472],[105.7564,21.7463],[105.7577,21.7453],[105.7573,21.7443],[105.7564,21.744],[105.7568,21.7415],[105.7566,21.741],[105.7552,21.7407],[105.7552,21.7393],[105.7544,21.7393],[105.7552,21.738],[105.7547,21.7374],[105.756,21.7361],[105.755,21.7357],[105.7538,21.7339],[105.7543,21.7335],[105.754,21.7329],[105.7526,21.7334],[105.751,21.7322],[105.7484,21.733],[105.748,21.7322],[105.7466,21.7321],[105.7465,21.7306],[105.7449,21.7279],[105.7425,21.7264],[105.7427,21.7248],[105.7419,21.7241],[105.742,21.7235],[105.7411,21.7236],[105.7421,21.7206],[105.7413,21.7199],[105.739,21.719],[105.7383,21.7193],[105.7357,21.7179],[105.7336,21.7184],[105.7334,21.7174],[105.7325,21.717],[105.7323,21.7162],[105.7336,21.7152],[105.7333,21.7142],[105.7343,21.7131],[105.7329,21.712],[105.7336,21.712],[105.7345,21.7108],[105.7346,21.707],[105.739,21.7044],[105.7415,21.7046],[105.7417,21.7043],[105.7416,21.7037],[105.7411,21.704],[105.7403,21.7031],[105.7386,21.7027],[105.7375,21.7013],[105.738,21.6999],[105.7372,21.6997],[105.7375,21.6983],[105.7391,21.6966],[105.7385,21.6955],[105.7385,21.6927],[105.738,21.6915],[105.7402,21.6912],[105.7402,21.6918],[105.7407,21.6915],[105.7411,21.6919],[105.7415,21.6905],[105.7404,21.6885],[105.7394,21.6881],[105.7377,21.686],[105.7388,21.6843],[105.7382,21.684],[105.7383,21.6833],[105.7394,21.6816],[105.7382,21.6811],[105.7376,21.6801],[105.7395,21.6786],[105.7399,21.6777],[105.7396,21.6764],[105.7422,21.6755],[105.7434,21.673],[105.7446,21.6728],[105.7443,21.6718],[105.7426,21.6714],[105.7418,21.6696],[105.7401,21.6686],[105.74,21.6659],[105.7394,21.6659],[105.7385,21.667],[105.7393,21.6689],[105.7381,21.6691],[105.7372,21.6672],[105.7374,21.666],[105.7353,21.6654],[105.735,21.6639],[105.7319,21.6641],[105.731,21.663],[105.732,21.6625],[105.7312,21.662],[105.7315,21.6616],[105.733,21.6618],[105.7329,21.6604],[105.7336,21.6595],[105.7327,21.6588],[105.7327,21.6577],[105.7316,21.6577],[105.7305,21.6565],[105.7316,21.6553],[105.7313,21.6536],[105.7333,21.6504],[105.735,21.6495],[105.7378,21.6493],[105.7414,21.6469],[105.7413,21.6457],[105.7424,21.645],[105.7434,21.6425],[105.7419,21.6403],[105.7444,21.639],[105.7444,21.6351],[105.746,21.633],[105.7474,21.6326],[105.7481,21.6318],[105.7487,21.6326],[105.7494,21.6324],[105.7504,21.6343],[105.7519,21.6336],[105.7526,21.6338],[105.7551,21.6322],[105.7545,21.6307],[105.7554,21.6299],[105.7562,21.6302],[105.7567,21.6276],[105.7592,21.6265],[105.7598,21.6254],[105.7592,21.6244],[105.7606,21.624],[105.7602,21.6234],[105.7621,21.6228],[105.7637,21.6239],[105.7644,21.6251],[105.7641,21.626],[105.7648,21.6265],[105.766,21.6261],[105.7678,21.6267],[105.7684,21.6283],[105.7698,21.6286],[105.7705,21.6292],[105.7697,21.63],[105.7706,21.6311],[105.7712,21.63],[105.7718,21.6317],[105.7723,21.6315],[105.7725,21.6325],[105.768,21.6344],[105.7688,21.6358],[105.7687,21.6368],[105.7697,21.6374],[105.7705,21.6388],[105.7713,21.6386],[105.7726,21.6396],[105.7725,21.6409],[105.7719,21.6407],[105.7722,21.6413],[105.774,21.6412],[105.7755,21.6427],[105.7751,21.6437],[105.7763,21.6457],[105.7774,21.6455],[105.7782,21.6446],[105.7784,21.6452],[105.7783,21.6493],[105.7772,21.6495],[105.7767,21.6515],[105.7745,21.6518],[105.7779,21.6566],[105.7752,21.6563],[105.7747,21.657],[105.7748,21.6581],[105.7766,21.6597],[105.7783,21.6604],[105.7781,21.6615],[105.7794,21.6637],[105.7816,21.6641],[105.7829,21.665],[105.7842,21.6649],[105.7852,21.666],[105.7854,21.6672],[105.7872,21.6676],[105.7877,21.6666],[105.7892,21.6669],[105.7912,21.6664],[105.7917,21.6699],[105.7939,21.6738],[105.7921,21.6796],[105.7935,21.6849],[105.7868,21.6926],[105.7866,21.6946],[105.7876,21.6956],[105.7912,21.6964],[105.7949,21.7018],[105.7978,21.7045],[105.802,21.7049],[105.8034,21.7056],[105.8053,21.7078],[105.8072,21.7087],[105.812,21.7096],[105.8142,21.7095],[105.8151,21.7104]]]},"properties":{"code":"05641","name":"Vô Tranh","nameEn":"Vo Tranh","fullName":"Xã Vô Tranh","fullNameEn":"Vo Tranh Commune","codeName":"vo_tranh","postalCode":"24418","postalCodePrefix":"","gisServerId":"diaphanhanhchinhcapxa_2025.1210","areaKm2":83.53},"id":"05641"},
{"type":"Feature","geometry":{"type":"Polygon","coordinates":[[[106.0741,21.6132],[106.0744,21.6143],[106.0735,21.6145],[106.0726,21.6155],[106.0713,21.6147],[106.0699,21.6147],[106.0695,21.6152],[106.0685,21.6148],[106.0678,21.6157],[106.0668,21.6153],[106.0657,21.6166],[106.0645,21.6167],[106.064,21.6177],[106.0619,21.6174],[106.0596,21.6181],[106.0571,21.6202],[106.0557,21.6206],[106.0546,21.6218],[106.0534,21.6222],[106.0503,21.6257],[106.0504,21.6275],[106.0495,21.6295],[106.0518,21.6321],[106.0515,21.6327],[106.0475,21.6361],[106.0423,21.6425],[106.0382,21.6427],[106.0367,21.6436],[106.0349,21.6436],[106.0315,21.6448],[106.0311,21.6439],[106.0304,21.6441],[106.0298,21.6436],[106.0287,21.6416],[106.0285,21.6394],[106.0276,21.6389],[106.027,21.6372],[106.0265,21.6347],[106.027,21.6319],[106.0229,21.6318],[106.0186,21.6328],[106.0175,21.6324],[106.0126,21.6346],[106.0084,21.6354],[106.0077,21.636],[106.0059,21.6352],[106.0047,21.6352],[106.0042,21.6326],[106.0032,21.6324],[106.001,21.6307],[106.0007,21.6292],[105.9985,21.6254],[105.9944,21.6225],[105.993,21.6223],[105.9928,21.6195],[105.9906,21.6162],[105.9906,21.6141],[105.9878,21.6108],[105.9879,21.6099],[105.9898,21.6085],[105.99,21.6075],[105.9899,21.6058],[105.9887,21.603],[105.9883,21.6025],[105.9841,21.6043],[105.9807,21.6036],[105.9783,21.6014],[105.977,21.5993],[105.9771,21.5976],[105.9743,21.5941],[105.9752,21.5918],[105.9741,21.5899],[105.9702,21.5887],[105.9684,21.5896],[105.9678,21.5891],[105.9636,21.593],[105.9611,21.5932],[105.96,21.594],[105.957,21.5941],[105.9561,21.5955],[105.955,21.5958],[105.9528,21.5976],[105.9525,21.6006],[105.9538,21.6022],[105.9504,21.602],[105.9471,21.6011],[105.943,21.601],[105.9418,21.6004],[105.9423,21.5989],[105.942,21.5981],[105.9394,21.5985],[105.9381,21.5993],[105.9373,21.599],[105.9364,21.5996],[105.9354,21.5949],[105.9367,21.5935],[105.9351,21.5908],[105.9366,21.5884],[105.935,21.5875],[105.9358,21.5856],[105.9355,21.5847],[105.9367,21.5842],[105.9363,21.5834],[105.9356,21.5834],[105.9355,21.5812],[105.9367,21.5804],[105.9377,21.5787],[105.9374,21.5783],[105.9386,21.5774],[105.9384,21.5742],[105.9399,21.5719],[105.9394,21.5698],[105.9399,21.5673],[105.9408,21.5665],[105.9401,21.5659],[105.9412,21.5653],[105.9429,21.5647],[105.9432,21.5658],[105.9435,21.5655],[105.9445,21.5669],[105.9459,21.5675],[105.9472,21.5673],[105.9477,21.5662],[105.9488,21.5663],[105.9495,21.5647],[105.9514,21.5638],[105.9546,21.5642],[105.955,21.567],[105.957,21.5679],[105.9574,21.5713],[105.9595,21.5721],[105.9618,21.5717],[105.9652,21.5696],[105.9659,21.5686],[105.9668,21.5687],[105.9677,21.5646],[105.9695,21.5649],[105.9709,21.5623],[105.9727,21.5615],[105.9743,21.5614],[105.9775,21.5623],[105.98,21.5612],[105.982,21.5609],[105.985,21.5624],[105.9877,21.5618],[105.9924,21.5628],[105.9945,21.5622],[105.9942,21.5616],[105.9949,21.5608],[105.9949,21.5584],[105.9957,21.5576],[105.9998,21.5576],[106.0041,21.5538],[106.0056,21.5553],[106.0068,21.5554],[106.0082,21.5576],[106.01,21.5575],[106.0144,21.5552],[106.0161,21.555],[106.0178,21.5534],[106.0178,21.5519],[106.0203,21.5517],[106.0214,21.5503],[106.0234,21.5493],[106.0247,21.5476],[106.0271,21.5475],[106.0271,21.5468],[106.0288,21.5449],[106.028,21.5435],[106.0275,21.5406],[106.0296,21.5389],[106.0288,21.5382],[106.0288,21.5371],[106.0297,21.5352],[106.0311,21.5343],[106.0302,21.5332],[106.0303,21.5305],[106.0318,21.5314],[106.0338,21.531],[106.0337,21.5296],[106.0369,21.526],[106.0371,21.5251],[106.0365,21.5239],[106.0378,21.5227],[106.0381,21.5217],[106.0437,21.5208],[106.0457,21.5246],[106.0463,21.5287],[106.0472,21.5306],[106.0482,21.5315],[106.0489,21.5334],[106.0512,21.5339],[106.0531,21.5381],[106.0534,21.5391],[106.0517,21.5404],[106.0528,21.5429],[106.0519,21.5445],[106.0508,21.5454],[106.0518,21.5459],[106.0516,21.5471],[106.054,21.5494],[106.0546,21.5508],[106.0541,21.5516],[106.0531,21.5513],[106.0522,21.5528],[106.0506,21.5522],[106.0505,21.5539],[106.0495,21.5545],[106.05,21.5555],[106.0493,21.5565],[106.0497,21.557],[106.0479,21.5575],[106.0484,21.558],[106.0479,21.5589],[106.047,21.559],[106.0462,21.5582],[106.0447,21.5601],[106.0429,21.56],[106.041,21.561],[106.0393,21.5602],[106.0375,21.5613],[106.0361,21.5612],[106.0352,21.5602],[106.0341,21.5601],[106.0304,21.562],[106.0309,21.5633],[106.0315,21.5632],[106.0335,21.5642],[106.0332,21.5654],[106.0319,21.5666],[106.0336,21.5681],[106.033,21.5714],[106.0335,21.5724],[106.0349,21.5725],[106.036,21.5738],[106.0371,21.5736],[106.0415,21.5756],[106.0422,21.5767],[106.0442,21.5779],[106.0446,21.5791],[106.046,21.5804],[106.0477,21.5804],[106.049,21.5817],[106.0514,21.5882],[106.0532,21.5898],[106.0516,21.5915],[106.0515,21.5924],[106.0556,21.5981],[106.0554,21.5992],[106.0568,21.6032],[106.0579,21.6033],[106.0602,21.6046],[106.0646,21.6054],[106.0679,21.605],[106.0691,21.6084],[106.0707,21.6099],[106.0743,21.6113],[106.0741,21.6132]]]},"properties":{"code":"05662","name":"Trại Cau","nameEn":"Trai Cau","fullName":"Xã Trại Cau","fullNameEn":"Trai Cau Commune","codeName":"trai_cau","postalCode":"24216","postalCodePrefix":"","gisServerId":"diaphanhanhchinhcapxa_2025.1226","areaKm2":82.85},"id":"05662"},
{"type":"Feature","geometry":{"type":"Polygon","coordinates":[[[105.8704,21.7709],[105.8727,21.7721],[105.874,21.7737],[105.8775,21.7752],[105.8784,21.7773],[105.8766,21.7779],[105.8735,21.7772],[105.8711,21.7777],[105.8682,21.7789],[105.8644,21.7815],[105.861,21.7811],[105.8594,21.7816],[105.8579,21.7853],[105.8576,21.7889],[105.8591,21.7903],[105.8594,21.7932],[105.8583,21.7945],[105.8551,21.7959],[105.8533,21.7988],[105.8538,21.8011],[105.8525,21.8028],[105.8524,21.804],[105.851,21.8045],[105.8503,21.8058],[105.8486,21.8073],[105.849,21.8101],[105.8486,21.8132],[105.8491,21.814],[105.8525,21.817],[105.8541,21.8177],[105.8564,21.8175],[105.8568,21.8179],[105.8563,21.8248],[105.8568,21.8266],[105.8554,21.8294],[105.8556,21.8314],[105.8545,21.8354],[105.8589,21.8388],[105.8616,21.8394],[105.8632,21.8429],[105.8628,21.8457],[105.8646,21.848],[105.8631,21.8498],[105.8624,21.8495],[105.8622,21.8482],[105.8604,21.846],[105.8568,21.8453],[105.8553,21.8459],[105.8532,21.8436],[105.8519,21.8441],[105.8482,21.844],[105.8426,21.8452],[105.8386,21.8452],[105.8352,21.8461],[105.8326,21.8458],[105.8308,21.8459],[105.8302,21.8464],[105.8222,21.8468],[105.8196,21.8456],[105.8157,21.8447],[105.8151,21.8438],[105.8122,21.8426],[105.8098,21.8398],[105.8088,21.8379],[105.8076,21.8371],[105.8071,21.8353],[105.8049,21.834],[105.804,21.8278],[105.8014,21.8225],[105.8038,21.8194],[105.803,21.8141],[105.8009,21.8118],[105.8002,21.809],[105.8007,21.8066],[105.7993,21.8051],[105.7974,21.8038],[105.7969,21.8014],[105.7948,21.7997],[105.7971,21.7947],[105.7978,21.7942],[105.7981,21.7896],[105.793,21.7827],[105.792,21.7796],[105.7903,21.7777],[105.7896,21.7754],[105.7899,21.7735],[105.7912,21.7725],[105.8001,21.7686],[105.8017,21.7651],[105.8036,21.7631],[105.8032,21.7624],[105.8004,21.7616],[105.7996,21.7599],[105.797,21.7578],[105.7971,21.7564],[105.7942,21.754],[105.7903,21.7525],[105.7927,21.7515],[105.7958,21.7511],[105.7999,21.7513],[105.8015,21.7492],[105.8027,21.7489],[105.8038,21.7476],[105.8044,21.748],[105.8049,21.7468],[105.8077,21.7444],[105.8093,21.7422],[105.8097,21.7396],[105.8088,21.7356],[105.8113,21.7336],[105.8126,21.7346],[105.8163,21.7339],[105.8219,21.7276],[105.8213,21.7267],[105.8213,21.7251],[105.8232,21.7233],[105.8233,21.7226],[105.8222,21.7196],[105.8205,21.7179],[105.8175,21.7169],[105.8151,21.7104],[105.816,21.7085],[105.8138,21.7065],[105.8152,21.7058],[105.8151,21.7051],[105.816,21.7056],[105.8177,21.7046],[105.8198,21.7057],[105.8217,21.705],[105.8229,21.7061],[105.8229,21.7065],[105.8236,21.7073],[105.8237,21.7079],[105.8245,21.7109],[105.8233,21.7117],[105.8249,21.7133],[105.8252,21.7151],[105.8245,21.716],[105.8247,21.7176],[105.8272,21.7192],[105.8275,21.7201],[105.8273,21.7209],[105.8294,21.7218],[105.8297,21.722],[105.8298,21.7227],[105.8297,21.7238],[105.8301,21.7249],[105.8316,21.7264],[105.8342,21.7291],[105.8352,21.7293],[105.8356,21.7295],[105.836,21.7297],[105.8369,21.7307],[105.8377,21.7311],[105.8387,21.7315],[105.8395,21.7312],[105.8434,21.7334],[105.8438,21.7336],[105.8457,21.734],[105.8468,21.7335],[105.8503,21.736],[105.851,21.7378],[105.8509,21.7407],[105.8527,21.7474],[105.8537,21.7504],[105.8565,21.7547],[105.8563,21.7557],[105.865,21.7553],[105.8668,21.7692],[105.8693,21.7704],[105.8704,21.7709]]]},"properties":{"code":"05665","name":"Văn Lăng","nameEn":"Van Lang","fullName":"Xã Văn Lăng","fullNameEn":"Van Lang Commune","codeName":"van_lang","postalCode":"24211","postalCodePrefix":"","gisServerId":"diaphanhanhchinhcapxa_2025.1211","areaKm2":75.27},"id":"05665"},
{"type":"Feature","geometry":{"type":"Polygon","coordinates":[[[105.8693,21.7704],[105.8668,21.7692],[105.865,21.7553],[105.8563,21.7557],[105.8565,21.7547],[105.8537,21.7504],[105.8527,21.7474],[105.8509,21.7407],[105.851,21.7378],[105.8503,21.736],[105.8468,21.7335],[105.8457,21.734],[105.8438,21.7336],[105.8434,21.7334],[105.8395,21.7312],[105.8387,21.7315],[105.8377,21.7311],[105.8369,21.7307],[105.836,21.7297],[105.8356,21.7295],[105.8352,21.7293],[105.8342,21.7291],[105.8316,21.7264],[105.8301,21.7249],[105.8297,21.7238],[105.8298,21.7227],[105.8297,21.722],[105.8294,21.7218],[105.8273,21.7209],[105.8275,21.7201],[105.8272,21.7192],[105.8247,21.7176],[105.8245,21.716],[105.8252,21.7151],[105.8249,21.7133],[105.8233,21.7117],[105.8245,21.7109],[105.8237,21.7079],[105.8236,21.7073],[105.8229,21.7065],[105.8229,21.7061],[105.8217,21.705],[105.8224,21.7042],[105.8239,21.7039],[105.8236,21.7026],[105.824,21.702],[105.8283,21.7026],[105.8326,21.7018],[105.834,21.703],[105.8348,21.7026],[105.837,21.7038],[105.8387,21.7041],[105.8397,21.7037],[105.8428,21.7048],[105.8439,21.7047],[105.8439,21.703],[105.8449,21.7029],[105.8452,21.7007],[105.8461,21.7008],[105.8474,21.6992],[105.8468,21.6977],[105.859,21.6938],[105.8607,21.6935],[105.8619,21.6939],[105.8624,21.6933],[105.8629,21.6945],[105.8648,21.695],[105.8673,21.6952],[105.8681,21.6947],[105.8703,21.6951],[105.8709,21.6947],[105.8765,21.6962],[105.8775,21.6974],[105.8785,21.6966],[105.8784,21.6986],[105.889,21.6977],[105.8895,21.6927],[105.892,21.6925],[105.8926,21.6937],[105.8932,21.6933],[105.8946,21.6936],[105.9007,21.6909],[105.9003,21.6937],[105.8973,21.6938],[105.8964,21.6968],[105.8968,21.6971],[105.8969,21.698],[105.8964,21.6991],[105.8943,21.7002],[105.8942,21.7018],[105.896,21.7023],[105.8956,21.7046],[105.8943,21.7053],[105.8922,21.7052],[105.8895,21.7062],[105.8863,21.7064],[105.8895,21.7125],[105.8933,21.7131],[105.8942,21.7146],[105.8956,21.715],[105.8961,21.7157],[105.8979,21.7159],[105.8972,21.7181],[105.8928,21.7203],[105.8935,21.7275],[105.8946,21.7281],[105.8979,21.7276],[105.9036,21.7302],[105.9063,21.7293],[105.9089,21.7296],[105.9105,21.7291],[105.9125,21.7298],[105.9126,21.7335],[105.9137,21.7352],[105.9133,21.7379],[105.9139,21.7389],[105.9181,21.7418],[105.9194,21.7441],[105.9194,21.746],[105.9229,21.7501],[105.9227,21.7569],[105.9254,21.7568],[105.9284,21.7582],[105.9273,21.7643],[105.9288,21.7686],[105.9277,21.7737],[105.9282,21.7757],[105.9298,21.7763],[105.9284,21.7771],[105.9285,21.7785],[105.928,21.7786],[105.9248,21.776],[105.9231,21.7761],[105.9193,21.7753],[105.9186,21.776],[105.9174,21.7762],[105.9094,21.7757],[105.9049,21.7743],[105.9023,21.7726],[105.8992,21.7718],[105.8949,21.7728],[105.8924,21.7715],[105.89,21.7717],[105.8877,21.7709],[105.8831,21.7733],[105.8815,21.7754],[105.8784,21.7773],[105.8775,21.7752],[105.874,21.7737],[105.8727,21.7721],[105.8704,21.7709],[105.8693,21.7704]]]},"properties":{"code":"05674","name":"Quang Sơn","nameEn":"Quang Son","fullName":"Xã Quang Sơn","fullNameEn":"Quang Son Commune","codeName":"quang_son","postalCode":"24209","postalCodePrefix":"","gisServerId":"diaphanhanhchinhcapxa_2025.1227","areaKm2":58.63},"id":"05674"},
{"type":"Feature","geometry":{"type":"Polygon","coordinates":[[[105.9811,21.7098],[105.9799,21.7099],[105.9791,21.7105],[105.975,21.7104],[105.972,21.7088],[105.9701,21.7091],[105.9682,21.7082],[105.9644,21.7084],[105.9636,21.7079],[105.9625,21.7079],[105.9612,21.7088],[105.9594,21.7081],[105.9584,21.7087],[105.9551,21.7078],[105.9545,21.7071],[105.9521,21.7063],[105.9517,21.7049],[105.9489,21.7048],[105.9415,21.7025],[105.9365,21.7025],[105.9352,21.7019],[105.9364,21.6997],[105.9361,21.6974],[105.9335,21.695],[105.9314,21.6957],[105.9282,21.6955],[105.9186,21.6937],[105.9149,21.6946],[105.9128,21.6931],[105.9087,21.6931],[105.9044,21.6915],[105.9007,21.6909],[105.8946,21.6936],[105.8932,21.6933],[105.8926,21.6937],[105.892,21.6925],[105.8895,21.6927],[105.8897,21.6905],[105.889,21.6897],[105.8869,21.6892],[105.8869,21.6873],[105.8861,21.6863],[105.8852,21.6862],[105.8847,21.6877],[105.8837,21.6881],[105.8812,21.687],[105.8812,21.6863],[105.8825,21.6856],[105.8832,21.6846],[105.8823,21.6829],[105.8831,21.6822],[105.8828,21.6814],[105.8845,21.6812],[105.8848,21.6798],[105.8842,21.6767],[105.883,21.6744],[105.8811,21.6753],[105.8797,21.677],[105.8768,21.6778],[105.876,21.6759],[105.8763,21.6749],[105.8756,21.6749],[105.874,21.6737],[105.8733,21.6721],[105.8721,21.6724],[105.8706,21.6712],[105.8698,21.6714],[105.8683,21.6731],[105.8681,21.6743],[105.8668,21.6758],[105.8642,21.6766],[105.8642,21.6779],[105.8629,21.6782],[105.8626,21.6775],[105.8632,21.6761],[105.8608,21.6752],[105.8605,21.6732],[105.8614,21.6721],[105.861,21.6718],[105.8599,21.6722],[105.8595,21.6717],[105.8598,21.6708],[105.8587,21.6668],[105.8591,21.6666],[105.8604,21.6673],[105.8605,21.6664],[105.8614,21.6674],[105.8632,21.6671],[105.8641,21.6646],[105.8654,21.663],[105.8634,21.6609],[105.8621,21.6607],[105.862,21.66],[105.8586,21.6618],[105.8569,21.6601],[105.8565,21.6578],[105.8555,21.6571],[105.8542,21.6577],[105.8534,21.6573],[105.8533,21.656],[105.8544,21.6549],[105.8545,21.6533],[105.8573,21.6525],[105.857,21.6507],[105.856,21.6495],[105.8574,21.6483],[105.8593,21.6482],[105.8587,21.6465],[105.859,21.6452],[105.8624,21.6445],[105.8625,21.6429],[105.8597,21.6405],[105.8572,21.6414],[105.8554,21.6408],[105.8555,21.6398],[105.8568,21.6385],[105.8561,21.6358],[105.8569,21.6353],[105.8578,21.6355],[105.8585,21.6366],[105.8599,21.6366],[105.8624,21.6358],[105.8629,21.6342],[105.8643,21.6327],[105.8666,21.6325],[105.8692,21.6332],[105.8705,21.6321],[105.874,21.6316],[105.8748,21.6301],[105.8786,21.63],[105.8809,21.6286],[105.8828,21.6286],[105.8848,21.6297],[105.886,21.6293],[105.8892,21.6308],[105.8941,21.6262],[105.8996,21.6261],[105.9012,21.6255],[105.9017,21.6246],[105.9036,21.6243],[105.9041,21.6252],[105.9035,21.6263],[105.9034,21.6284],[105.9044,21.6304],[105.9056,21.6311],[105.9068,21.6304],[105.9086,21.6307],[105.9093,21.6294],[105.91,21.6295],[105.9108,21.6287],[105.9119,21.6285],[105.9136,21.6297],[105.9138,21.6305],[105.9148,21.6308],[105.916,21.6305],[105.9168,21.6287],[105.9179,21.6289],[105.9188,21.6276],[105.9195,21.6277],[105.9208,21.6267],[105.9202,21.6259],[105.9213,21.6243],[105.9205,21.6235],[105.922,21.6219],[105.9234,21.6232],[105.9241,21.6227],[105.9251,21.6229],[105.9258,21.6223],[105.9266,21.6225],[105.9269,21.6216],[105.9294,21.6215],[105.9311,21.6204],[105.9309,21.619],[105.9323,21.6189],[105.9348,21.62],[105.9368,21.6228],[105.9365,21.6245],[105.9379,21.6243],[105.9377,21.6255],[105.9389,21.6263],[105.9392,21.6273],[105.941,21.627],[105.9425,21.628],[105.9441,21.628],[105.9449,21.6274],[105.946,21.6279],[105.9479,21.6279],[105.9483,21.6261],[105.9509,21.6234],[105.9515,21.6218],[105.9527,21.621],[105.955,21.6216],[105.9581,21.6236],[105.9615,21.6282],[105.9644,21.6295],[105.965,21.6326],[105.9665,21.6335],[105.9687,21.6381],[105.9697,21.6393],[105.9698,21.641],[105.9689,21.6438],[105.9724,21.6446],[105.9744,21.6463],[105.9776,21.6463],[105.9765,21.6517],[105.9774,21.6534],[105.9791,21.6546],[105.9793,21.6556],[105.978,21.6567],[105.9772,21.6585],[105.9771,21.6605],[105.9788,21.6633],[105.9785,21.6648],[105.9777,21.6654],[105.9778,21.6672],[105.9799,21.6673],[105.9839,21.6697],[105.9892,21.674],[105.9901,21.6759],[105.9931,21.677],[105.9944,21.6785],[105.9995,21.6791],[105.9998,21.6818],[105.9989,21.683],[106.0001,21.6878],[105.9986,21.6908],[105.9993,21.6925],[105.9978,21.6947],[105.9969,21.6995],[105.9961,21.6999],[105.9949,21.7033],[105.9935,21.7045],[105.9928,21.7066],[105.9902,21.7062],[105.9839,21.7072],[105.9819,21.7082],[105.9811,21.7098]]]},"properties":{"code":"05680","name":"Văn Hán","nameEn":"Van Han","fullName":"Xã Văn Hán","fullNameEn":"Van Han Commune","codeName":"van_han","postalCode":"24220","postalCodePrefix":"","gisServerId":"diaphanhanhchinhcapxa_2025.1212","areaKm2":96.26},"id":"05680"},
{"type":"Feature","geometry":{"type":"Polygon","coordinates":[[[105.8217,21.705],[105.8198,21.7057],[105.8177,21.7046],[105.816,21.7056],[105.8151,21.7051],[105.8152,21.7058],[105.8138,21.7065],[105.816,21.7085],[105.8151,21.7104],[105.8142,21.7095],[105.812,21.7096],[105.8072,21.7087],[105.8053,21.7078],[105.8034,21.7056],[105.802,21.7049],[105.7978,21.7045],[105.7949,21.7018],[105.7912,21.6964],[105.7876,21.6956],[105.7866,21.6946],[105.7868,21.6926],[105.7935,21.6849],[105.7921,21.6796],[105.7939,21.6738],[105.7917,21.6699],[105.7912,21.6664],[105.7925,21.6657],[105.7947,21.6655],[105.7972,21.6641],[105.7996,21.6609],[105.8023,21.6584],[105.8047,21.6526],[105.8099,21.6498],[105.8092,21.6478],[105.8122,21.6477],[105.8141,21.6487],[105.8153,21.6483],[105.8154,21.6489],[105.8173,21.6484],[105.8187,21.6443],[105.8194,21.6446],[105.8202,21.644],[105.8202,21.6434],[105.8208,21.6433],[105.8207,21.6425],[105.8228,21.6425],[105.8262,21.6401],[105.8273,21.6371],[105.828,21.6368],[105.8302,21.6374],[105.83,21.6362],[105.8307,21.6366],[105.8323,21.6353],[105.8339,21.6356],[105.8367,21.6342],[105.8372,21.6349],[105.8377,21.6347],[105.8379,21.6339],[105.837,21.6312],[105.8375,21.6307],[105.8388,21.6305],[105.8387,21.6295],[105.8396,21.6288],[105.8413,21.63],[105.8416,21.6327],[105.8438,21.6315],[105.8445,21.6318],[105.8446,21.6333],[105.8456,21.6332],[105.8455,21.6283],[105.8465,21.6277],[105.8479,21.6289],[105.8493,21.6276],[105.8457,21.624],[105.8463,21.622],[105.8496,21.6215],[105.8495,21.6226],[105.8499,21.6231],[105.8509,21.6226],[105.8508,21.6235],[105.8515,21.6237],[105.8528,21.6268],[105.8538,21.627],[105.8539,21.6277],[105.8543,21.6274],[105.8548,21.6282],[105.855,21.6268],[105.8555,21.6266],[105.8574,21.6275],[105.8582,21.6295],[105.8576,21.6307],[105.8582,21.6327],[105.8569,21.6353],[105.8561,21.6358],[105.8568,21.6385],[105.8555,21.6398],[105.8554,21.6408],[105.8572,21.6414],[105.8597,21.6405],[105.8625,21.6429],[105.8624,21.6445],[105.859,21.6452],[105.8587,21.6465],[105.8593,21.6482],[105.8574,21.6483],[105.856,21.6495],[105.857,21.6507],[105.8573,21.6525],[105.8545,21.6533],[105.8544,21.6549],[105.8533,21.656],[105.8534,21.6573],[105.8542,21.6577],[105.8555,21.6571],[105.8565,21.6578],[105.8569,21.6601],[105.8586,21.6618],[105.862,21.66],[105.8621,21.6607],[105.8634,21.6609],[105.8654,21.663],[105.8641,21.6646],[105.8632,21.6671],[105.8614,21.6674],[105.8605,21.6664],[105.8604,21.6673],[105.8591,21.6666],[105.8587,21.6668],[105.8598,21.6708],[105.8595,21.6717],[105.8599,21.6722],[105.861,21.6718],[105.8614,21.6721],[105.8605,21.6732],[105.8608,21.6752],[105.8632,21.6761],[105.8626,21.6775],[105.8629,21.6782],[105.8642,21.6779],[105.8642,21.6766],[105.8668,21.6758],[105.8681,21.6743],[105.8683,21.6731],[105.8698,21.6714],[105.8706,21.6712],[105.8721,21.6724],[105.8733,21.6721],[105.874,21.6737],[105.8756,21.6749],[105.8763,21.6749],[105.876,21.6759],[105.8768,21.6778],[105.8797,21.677],[105.8811,21.6753],[105.883,21.6744],[105.8842,21.6767],[105.8848,21.6798],[105.8845,21.6812],[105.8828,21.6814],[105.8831,21.6822],[105.8823,21.6829],[105.8832,21.6846],[105.8825,21.6856],[105.8812,21.6863],[105.8812,21.687],[105.8837,21.6881],[105.8847,21.6877],[105.8852,21.6862],[105.8861,21.6863],[105.8869,21.6873],[105.8869,21.6892],[105.889,21.6897],[105.8897,21.6905],[105.8895,21.6927],[105.889,21.6977],[105.8784,21.6986],[105.8785,21.6966],[105.8775,21.6974],[105.8765,21.6962],[105.8709,21.6947],[105.8703,21.6951],[105.8681,21.6947],[105.8673,21.6952],[105.8648,21.695],[105.8629,21.6945],[105.8624,21.6933],[105.8619,21.6939],[105.8607,21.6935],[105.859,21.6938],[105.8468,21.6977],[105.8474,21.6992],[105.8461,21.7008],[105.8452,21.7007],[105.8449,21.7029],[105.8439,21.703],[105.8439,21.7047],[105.8428,21.7048],[105.8397,21.7037],[105.8387,21.7041],[105.837,21.7038],[105.8348,21.7026],[105.834,21.703],[105.8326,21.7018],[105.8283,21.7026],[105.824,21.702],[105.8236,21.7026],[105.8239,21.7039],[105.8224,21.7042],[105.8217,21.705]]]},"properties":{"code":"05692","name":"Đồng Hỷ","nameEn":"Dong Hy","fullName":"Xã Đồng Hỷ","fullNameEn":"Dong Hy Commune","codeName":"dong_hy","postalCode":"24221","postalCodePrefix":"","gisServerId":"diaphanhanhchinhcapxa_2025.1225","areaKm2":53.72},"id":"05692"},
{"type":"Feature","geometry":{"type":"Polygon","coordinates":[[[106.0315,21.6448],[106.0314,21.6463],[106.0323,21.648],[106.032,21.6491],[106.0312,21.6507],[106.0297,21.6513],[106.0286,21.6529],[106.0296,21.6538],[106.0292,21.6564],[106.0303,21.6589],[106.0286,21.6606],[106.0288,21.6616],[106.0275,21.6621],[106.0272,21.6632],[106.0261,21.6642],[106.0274,21.6659],[106.0271,21.667],[106.0243,21.6689],[106.021,21.6688],[106.0192,21.6695],[106.0192,21.6718],[106.0185,21.6731],[106.0159,21.6751],[106.0129,21.6755],[106.0114,21.6774],[106.0067,21.6788],[106.0049,21.6785],[105.9995,21.6791],[105.9944,21.6785],[105.9931,21.677],[105.9901,21.6759],[105.9892,21.674],[105.9839,21.6697],[105.9799,21.6673],[105.9778,21.6672],[105.9777,21.6654],[105.9785,21.6648],[105.9788,21.6633],[105.9771,21.6605],[105.9772,21.6585],[105.978,21.6567],[105.9793,21.6556],[105.9791,21.6546],[105.9774,21.6534],[105.9765,21.6517],[105.9776,21.6463],[105.9744,21.6463],[105.9724,21.6446],[105.9689,21.6438],[105.9698,21.641],[105.9697,21.6393],[105.9687,21.6381],[105.9665,21.6335],[105.965,21.6326],[105.9644,21.6295],[105.9615,21.6282],[105.9581,21.6236],[105.955,21.6216],[105.9527,21.621],[105.9515,21.6218],[105.9509,21.6234],[105.9483,21.6261],[105.9479,21.6279],[105.946,21.6279],[105.9449,21.6274],[105.9441,21.628],[105.9425,21.628],[105.941,21.627],[105.9392,21.6273],[105.9389,21.6263],[105.9377,21.6255],[105.9379,21.6243],[105.9365,21.6245],[105.9368,21.6228],[105.9348,21.62],[105.9323,21.6189],[105.9309,21.619],[105.9311,21.6204],[105.9294,21.6215],[105.9269,21.6216],[105.9266,21.6225],[105.9258,21.6223],[105.9251,21.6229],[105.9241,21.6227],[105.9234,21.6232],[105.922,21.6219],[105.9205,21.6235],[105.9213,21.6243],[105.9202,21.6259],[105.9208,21.6267],[105.9195,21.6277],[105.9188,21.6276],[105.9179,21.6289],[105.9168,21.6287],[105.916,21.6305],[105.9148,21.6308],[105.9138,21.6305],[105.9136,21.6297],[105.9119,21.6285],[105.9108,21.6287],[105.91,21.6295],[105.9093,21.6294],[105.9086,21.6307],[105.9068,21.6304],[105.9056,21.6311],[105.9044,21.6304],[105.9034,21.6284],[105.9035,21.6263],[105.9041,21.6252],[105.9036,21.6243],[105.9042,21.6237],[105.9044,21.6214],[105.9052,21.6201],[105.9047,21.6192],[105.9046,21.6164],[105.9028,21.6153],[105.9023,21.6123],[105.9005,21.6112],[105.8987,21.6118],[105.897,21.6108],[105.8981,21.6072],[105.8969,21.6045],[105.898,21.6034],[105.8966,21.6027],[105.8951,21.6026],[105.8948,21.6017],[105.895,21.601],[105.8969,21.6003],[105.896,21.5982],[105.8952,21.5999],[105.894,21.6001],[105.8935,21.6008],[105.8939,21.6015],[105.8906,21.6032],[105.8889,21.6036],[105.8875,21.6025],[105.8872,21.6016],[105.8859,21.6018],[105.8853,21.6012],[105.8825,21.6029],[105.8822,21.6038],[105.8814,21.6039],[105.8806,21.6026],[105.8812,21.6017],[105.8808,21.6011],[105.8817,21.6003],[105.8806,21.5994],[105.8795,21.5997],[105.8782,21.5974],[105.877,21.5971],[105.8765,21.5962],[105.8796,21.5937],[105.8815,21.5946],[105.882,21.5964],[105.8829,21.5956],[105.8835,21.5968],[105.8864,21.5962],[105.8886,21.5925],[105.8879,21.5914],[105.8895,21.5899],[105.8896,21.5873],[105.8943,21.5848],[105.8952,21.5851],[105.8963,21.582],[105.8971,21.5811],[105.8977,21.582],[105.8986,21.5823],[105.9019,21.5798],[105.9025,21.5803],[105.9029,21.5818],[105.9051,21.5822],[105.9067,21.5845],[105.9103,21.5842],[105.9121,21.5866],[105.9128,21.5857],[105.9139,21.586],[105.9152,21.5879],[105.9159,21.5879],[105.9159,21.5891],[105.9182,21.5898],[105.918,21.591],[105.9193,21.5908],[105.9194,21.5897],[105.9202,21.5895],[105.9202,21.5884],[105.9211,21.5891],[105.9221,21.5891],[105.9231,21.5881],[105.9232,21.5869],[105.925,21.5872],[105.9259,21.5879],[105.9272,21.5868],[105.9316,21.5857],[105.9333,21.5865],[105.934,21.5853],[105.9355,21.5847],[105.9358,21.5856],[105.935,21.5875],[105.9366,21.5884],[105.9351,21.5908],[105.9367,21.5935],[105.9354,21.5949],[105.9364,21.5996],[105.9373,21.599],[105.9381,21.5993],[105.9394,21.5985],[105.942,21.5981],[105.9423,21.5989],[105.9418,21.6004],[105.943,21.601],[105.9471,21.6011],[105.9504,21.602],[105.9538,21.6022],[105.9525,21.6006],[105.9528,21.5976],[105.955,21.5958],[105.9561,21.5955],[105.957,21.5941],[105.96,21.594],[105.9611,21.5932],[105.9636,21.593],[105.9678,21.5891],[105.9684,21.5896],[105.9702,21.5887],[105.9741,21.5899],[105.9752,21.5918],[105.9743,21.5941],[105.9771,21.5976],[105.977,21.5993],[105.9783,21.6014],[105.9807,21.6036],[105.9841,21.6043],[105.9883,21.6025],[105.9887,21.603],[105.9899,21.6058],[105.99,21.6075],[105.9898,21.6085],[105.9879,21.6099],[105.9878,21.6108],[105.9906,21.6141],[105.9906,21.6162],[105.9928,21.6195],[105.993,21.6223],[105.9944,21.6225],[105.9985,21.6254],[106.0007,21.6292],[106.001,21.6307],[106.0032,21.6324],[106.0042,21.6326],[106.0047,21.6352],[106.0059,21.6352],[106.0077,21.636],[106.0084,21.6354],[106.0126,21.6346],[106.0175,21.6324],[106.0186,21.6328],[106.0229,21.6318],[106.027,21.6319],[106.0265,21.6347],[106.027,21.6372],[106.0276,21.6389],[106.0285,21.6394],[106.0287,21.6416],[106.0298,21.6436],[106.0304,21.6441],[106.0311,21.6439],[106.0315,21.6448]]]},"properties":{"code":"05707","name":"Nam Hoà","nameEn":"Nam Hoa","fullName":"Xã Nam Hoà","fullNameEn":"Nam Hoa Commune","codeName":"nam_hoa","postalCode":"24215","postalCodePrefix":"","gisServerId":"diaphanhanhchinhcapxa_2025.1213","areaKm2":65.02},"id":"05707"},
{"type":"Feature","geometry":{"type":"Polygon","coordinates":[[[105.8569,21.6353],[105.8582,21.6327],[105.8576,21.6307],[105.8582,21.6295],[105.8574,21.6275],[105.8555,21.6266],[105.855,21.6268],[105.8548,21.6282],[105.8543,21.6274],[105.8539,21.6277],[105.8538,21.627],[105.8528,21.6268],[105.8515,21.6237],[105.8508,21.6235],[105.8509,21.6226],[105.8499,21.6231],[105.8495,21.6226],[105.8496,21.6215],[105.8463,21.622],[105.8457,21.624],[105.8493,21.6276],[105.8479,21.6289],[105.8465,21.6277],[105.8455,21.6283],[105.8456,21.6332],[105.8446,21.6333],[105.8445,21.6318],[105.8438,21.6315],[105.8416,21.6327],[105.8413,21.63],[105.8396,21.6288],[105.8387,21.6295],[105.8388,21.6305],[105.8375,21.6307],[105.837,21.6312],[105.8379,21.6339],[105.8377,21.6347],[105.8372,21.6349],[105.8367,21.6342],[105.8339,21.6356],[105.8323,21.6353],[105.8307,21.6366],[105.83,21.6362],[105.8302,21.6374],[105.828,21.6368],[105.8273,21.6371],[105.8262,21.6401],[105.8228,21.6425],[105.8207,21.6425],[105.8208,21.6433],[105.8202,21.6434],[105.8202,21.644],[105.8194,21.6446],[105.8187,21.6443],[105.8173,21.6484],[105.8154,21.6489],[105.8153,21.6483],[105.8141,21.6487],[105.8122,21.6477],[105.8092,21.6478],[105.8044,21.6429],[105.8025,21.6417],[105.802,21.6403],[105.8023,21.6367],[105.8081,21.6272],[105.8081,21.6257],[105.8065,21.6223],[105.8061,21.6193],[105.8157,21.6142],[105.8211,21.6129],[105.8236,21.6116],[105.8281,21.612],[105.8348,21.6166],[105.8378,21.6164],[105.8385,21.6148],[105.8381,21.6127],[105.8352,21.6082],[105.8338,21.6038],[105.8335,21.6009],[105.8342,21.5999],[105.8355,21.5992],[105.8393,21.5985],[105.8402,21.5989],[105.8417,21.6018],[105.8444,21.604],[105.8538,21.6058],[105.857,21.6052],[105.8574,21.6041],[105.8561,21.5972],[105.8565,21.5949],[105.8603,21.5913],[105.8656,21.5845],[105.8648,21.5824],[105.8605,21.5798],[105.8603,21.5781],[105.8622,21.575],[105.8659,21.5698],[105.8677,21.5688],[105.8706,21.5702],[105.8727,21.5727],[105.8767,21.5747],[105.8895,21.5793],[105.8964,21.5795],[105.8971,21.5811],[105.8963,21.582],[105.8952,21.5851],[105.8943,21.5848],[105.8896,21.5873],[105.8895,21.5899],[105.8879,21.5914],[105.8886,21.5925],[105.8864,21.5962],[105.8835,21.5968],[105.8829,21.5956],[105.882,21.5964],[105.8815,21.5946],[105.8796,21.5937],[105.8765,21.5962],[105.877,21.5971],[105.8782,21.5974],[105.8795,21.5997],[105.8806,21.5994],[105.8817,21.6003],[105.8808,21.6011],[105.8812,21.6017],[105.8806,21.6026],[105.8814,21.6039],[105.8822,21.6038],[105.8825,21.6029],[105.8853,21.6012],[105.8859,21.6018],[105.8872,21.6016],[105.8875,21.6025],[105.8889,21.6036],[105.8906,21.6032],[105.8939,21.6015],[105.8935,21.6008],[105.894,21.6001],[105.8952,21.5999],[105.896,21.5982],[105.8969,21.6003],[105.895,21.601],[105.8948,21.6017],[105.8951,21.6026],[105.8966,21.6027],[105.898,21.6034],[105.8969,21.6045],[105.8981,21.6072],[105.897,21.6108],[105.8987,21.6118],[105.9005,21.6112],[105.9023,21.6123],[105.9028,21.6153],[105.9046,21.6164],[105.9047,21.6192],[105.9052,21.6201],[105.9044,21.6214],[105.9042,21.6237],[105.9036,21.6243],[105.9017,21.6246],[105.9012,21.6255],[105.8996,21.6261],[105.8941,21.6262],[105.8892,21.6308],[105.886,21.6293],[105.8848,21.6297],[105.8828,21.6286],[105.8809,21.6286],[105.8786,21.63],[105.8748,21.6301],[105.874,21.6316],[105.8705,21.6321],[105.8692,21.6332],[105.8666,21.6325],[105.8643,21.6327],[105.8629,21.6342],[105.8624,21.6358],[105.8599,21.6366],[105.8585,21.6366],[105.8578,21.6355],[105.8569,21.6353]]]},"properties":{"code":"05710","name":"Linh Sơn","nameEn":"Linh Son","fullName":"Phường Linh Sơn","fullNameEn":"Linh Son Ward","codeName":"linh_son","postalCode":"24107","postalCodePrefix":"","gisServerId":"diaphanhanhchinhcapxa_2025.1192","areaKm2":39.28},"id":"05710"},
{"type":"Feature","geometry":{"type":"Polygon","coordinates":[[[106.0981,21.813],[106.0962,21.8127],[106.0938,21.8132],[106.0887,21.8123],[106.087,21.8128],[106.0855,21.8108],[106.0833,21.8099],[106.0812,21.8098],[106.0812,21.8088],[106.0781,21.8067],[106.0769,21.8044],[106.077,21.8039],[106.0786,21.8034],[106.0787,21.8021],[106.0807,21.7995],[106.0784,21.7936],[106.0759,21.793],[106.0746,21.7909],[106.0733,21.7898],[106.0715,21.7892],[106.071,21.7882],[106.0666,21.784],[106.0642,21.7837],[106.0598,21.7818],[106.0546,21.7763],[106.053,21.7735],[106.0513,21.7726],[106.0505,21.7707],[106.0483,21.7698],[106.0481,21.7673],[106.0445,21.7636],[106.0373,21.7627],[106.036,21.7632],[106.0353,21.7641],[106.0336,21.7628],[106.0318,21.7635],[106.0282,21.7638],[106.026,21.7632],[106.0244,21.7639],[106.0235,21.7628],[106.0225,21.7626],[106.0202,21.7636],[106.0147,21.7644],[106.0121,21.7631],[106.0099,21.764],[106.0056,21.7631],[106.005,21.7612],[106.003,21.76],[106.0029,21.7583],[106.0021,21.7577],[106.0011,21.7557],[105.9964,21.7515],[105.9932,21.7473],[105.9909,21.7476],[105.9891,21.7466],[105.9888,21.7457],[105.9868,21.7448],[105.9847,21.7469],[105.9814,21.7476],[105.9808,21.7465],[105.9774,21.7452],[105.9765,21.7436],[105.9712,21.7388],[105.9692,21.7376],[105.9733,21.7315],[105.9732,21.7281],[105.9736,21.7268],[105.9722,21.7258],[105.9735,21.7257],[105.9752,21.7222],[105.9736,21.7205],[105.9752,21.7178],[105.9757,21.7152],[105.975,21.7104],[105.9791,21.7105],[105.9799,21.7099],[105.9811,21.7098],[105.9841,21.7122],[105.9874,21.712],[105.9896,21.7137],[105.9899,21.7149],[105.9926,21.7167],[105.9927,21.7177],[105.994,21.7192],[105.9956,21.7191],[105.9981,21.7178],[106.0016,21.7198],[106.001,21.7219],[106.0016,21.7226],[106.0037,21.7235],[106.0072,21.724],[106.008,21.7251],[106.0112,21.7248],[106.0159,21.7254],[106.0188,21.7248],[106.0204,21.7258],[106.0229,21.7259],[106.0265,21.7252],[106.0277,21.7262],[106.0282,21.7286],[106.0307,21.7296],[106.0324,21.7313],[106.0349,21.7317],[106.0388,21.7313],[106.0393,21.7301],[106.04,21.7299],[106.0431,21.73],[106.0536,21.7357],[106.0555,21.7358],[106.0568,21.738],[106.0583,21.7385],[106.0604,21.7404],[106.0627,21.7394],[106.0638,21.7411],[106.0655,21.7424],[106.0664,21.7442],[106.0673,21.7429],[106.0684,21.7425],[106.0701,21.7398],[106.0743,21.7372],[106.0761,21.7373],[106.077,21.7353],[106.0785,21.7347],[106.0813,21.7317],[106.0832,21.7332],[106.0885,21.7357],[106.0923,21.7362],[106.0935,21.7359],[106.0932,21.7349],[106.0941,21.7333],[106.0961,21.7322],[106.0972,21.7334],[106.0977,21.7329],[106.1034,21.7326],[106.1053,21.7343],[106.1065,21.7339],[106.1107,21.7351],[106.1142,21.7343],[106.1196,21.731],[106.123,21.7302],[106.1248,21.7286],[106.1265,21.7289],[106.1276,21.7283],[106.1317,21.7246],[106.1337,21.7218],[106.1383,21.7179],[106.1436,21.7152],[106.1467,21.7127],[106.148,21.7127],[106.1489,21.7138],[106.1491,21.7155],[106.1499,21.7162],[106.1507,21.7183],[106.1489,21.7207],[106.1481,21.7237],[106.1493,21.729],[106.1491,21.73],[106.1509,21.7335],[106.152,21.7336],[106.1537,21.7358],[106.1569,21.737],[106.1567,21.7398],[106.1555,21.7409],[106.1554,21.7423],[106.1561,21.7432],[106.1557,21.7447],[106.1582,21.7464],[106.1585,21.7474],[106.1567,21.7513],[106.1582,21.7519],[106.1602,21.7552],[106.1578,21.7586],[106.1546,21.7616],[106.1538,21.7606],[106.1514,21.7604],[106.1492,21.7614],[106.1484,21.7651],[106.1486,21.7673],[106.1457,21.7693],[106.144,21.774],[106.1417,21.7755],[106.1394,21.7779],[106.1389,21.7802],[106.1376,21.7824],[106.1379,21.7847],[106.1331,21.7855],[106.1323,21.7847],[106.1298,21.7846],[106.1277,21.783],[106.1214,21.7835],[106.1187,21.7809],[106.118,21.7822],[106.1172,21.7825],[106.1132,21.7815],[106.1111,21.7819],[106.1124,21.7834],[106.1109,21.7885],[106.1077,21.7895],[106.1065,21.7904],[106.1061,21.7923],[106.1069,21.7935],[106.1063,21.7996],[106.1077,21.8032],[106.1062,21.804],[106.1061,21.8051],[106.105,21.8058],[106.1019,21.8101],[106.0981,21.813]]]},"properties":{"code":"05716","name":"Võ Nhai","nameEn":"Vo Nhai","fullName":"Xã Võ Nhai","fullNameEn":"Vo Nhai Commune","codeName":"vo_nhai","postalCode":"24321","postalCodePrefix":"","gisServerId":"diaphanhanhchinhcapxa_2025.1218","areaKm2":99.78},"id":"05716"},
{"type":"Feature","geometry":{"type":"Polygon","coordinates":[[[106.0633,21.9417],[106.0598,21.9414],[106.0589,21.9416],[106.0583,21.9428],[106.0553,21.9435],[106.0537,21.9431],[106.053,21.9437],[106.0534,21.9454],[106.0521,21.9472],[106.0525,21.9485],[106.0516,21.9494],[106.052,21.9504],[106.0508,21.9529],[106.0491,21.9546],[106.0485,21.9571],[106.0467,21.9574],[106.0459,21.9595],[106.0468,21.9605],[106.0438,21.9596],[106.0428,21.9601],[106.0417,21.9621],[106.0393,21.963],[106.0331,21.9643],[106.0308,21.9678],[106.0279,21.9674],[106.0265,21.9641],[106.0258,21.9637],[106.0256,21.9629],[106.024,21.9621],[106.0241,21.9614],[106.0224,21.9594],[106.0231,21.9587],[106.0225,21.9582],[106.0227,21.9574],[106.0194,21.9552],[106.0191,21.9541],[106.0197,21.953],[106.0183,21.9502],[106.0196,21.948],[106.0179,21.9467],[106.0173,21.9445],[106.0161,21.9434],[106.0147,21.9408],[106.0132,21.9396],[106.013,21.938],[106.0103,21.9374],[106.0098,21.9366],[106.0034,21.9353],[106.0027,21.933],[106.001,21.9317],[106.001,21.9311],[105.9996,21.9311],[105.9949,21.9297],[105.993,21.9331],[105.99,21.9351],[105.9863,21.9364],[105.984,21.9363],[105.9833,21.9355],[105.9812,21.936],[105.9767,21.9394],[105.9744,21.9393],[105.9719,21.9378],[105.97,21.935],[105.9707,21.9334],[105.9697,21.9314],[105.9692,21.9288],[105.9709,21.9245],[105.9696,21.9235],[105.9626,21.9229],[105.961,21.9221],[105.96,21.9208],[105.9607,21.9188],[105.9591,21.9136],[105.9589,21.9107],[105.9537,21.9078],[105.951,21.9069],[105.9494,21.9056],[105.9464,21.9025],[105.9456,21.8996],[105.9466,21.8994],[105.9471,21.8986],[105.9477,21.8964],[105.9502,21.8917],[105.9504,21.8898],[105.9518,21.8875],[105.9534,21.8782],[105.9514,21.8757],[105.9514,21.8743],[105.9499,21.872],[105.9515,21.8689],[105.9518,21.8662],[105.9495,21.8648],[105.9485,21.8627],[105.9458,21.8619],[105.9451,21.8608],[105.944,21.8604],[105.9445,21.8568],[105.9435,21.8558],[105.9446,21.8538],[105.95,21.8482],[105.9514,21.8482],[105.9524,21.8468],[105.9538,21.8463],[105.9561,21.8459],[105.9585,21.8461],[105.9602,21.8468],[105.9608,21.8477],[105.9654,21.8492],[105.967,21.8505],[105.968,21.8523],[105.9731,21.8526],[105.9737,21.8517],[105.9755,21.8524],[105.9765,21.8522],[105.9784,21.8527],[105.98,21.8521],[105.9841,21.8528],[105.9883,21.8557],[105.9899,21.8578],[105.9928,21.8584],[105.9956,21.8566],[105.9974,21.8569],[105.9997,21.8557],[106.0011,21.8559],[106.0133,21.8515],[106.0161,21.8532],[106.0187,21.8531],[106.0196,21.8545],[106.0206,21.8542],[106.0213,21.8558],[106.0206,21.8566],[106.0209,21.8583],[106.02,21.8599],[106.0201,21.8616],[106.0203,21.8623],[106.021,21.862],[106.0221,21.8628],[106.0226,21.8647],[106.0235,21.8642],[106.0243,21.8649],[106.027,21.8652],[106.0341,21.8634],[106.0345,21.8638],[106.0344,21.8666],[106.0353,21.8692],[106.0351,21.8702],[106.0365,21.8719],[106.037,21.8739],[106.0355,21.8845],[106.0362,21.8929],[106.0375,21.8966],[106.0419,21.8988],[106.0476,21.8989],[106.0488,21.8997],[106.0516,21.8996],[106.053,21.8979],[106.0534,21.8982],[106.055,21.9044],[106.0546,21.9068],[106.0554,21.9074],[106.057,21.9116],[106.0613,21.914],[106.0623,21.9154],[106.0641,21.916],[106.0662,21.9181],[106.0665,21.9193],[106.0651,21.9211],[106.0635,21.9212],[106.0632,21.9223],[106.0621,21.923],[106.0627,21.9266],[106.0621,21.9273],[106.0617,21.9288],[106.0627,21.9303],[106.0629,21.9328],[106.0622,21.9341],[106.0633,21.9417]]]},"properties":{"code":"05719","name":"Sảng Mộc","nameEn":"Sang Moc","fullName":"Xã Sảng Mộc","fullNameEn":"Sang Moc Commune","codeName":"sang_moc","postalCode":"24309","postalCodePrefix":"","gisServerId":"diaphanhanhchinhcapxa_2025.1224","areaKm2":96.79},"id":"05719"},
{"type":"Feature","geometry":{"type":"Polygon","coordinates":[[[106.0979,21.9384],[106.0962,21.9406],[106.0947,21.9416],[106.0917,21.9395],[106.0856,21.941],[106.0836,21.9426],[106.0804,21.9427],[106.0758,21.9412],[106.0753,21.9407],[106.0716,21.9409],[106.0693,21.9427],[106.0633,21.9417],[106.0622,21.9341],[106.0629,21.9328],[106.0627,21.9303],[106.0617,21.9288],[106.0621,21.9273],[106.0627,21.9266],[106.0621,21.923],[106.0632,21.9223],[106.0635,21.9212],[106.0651,21.9211],[106.0665,21.9193],[106.0662,21.9181],[106.0641,21.916],[106.0623,21.9154],[106.0613,21.914],[106.057,21.9116],[106.0554,21.9074],[106.0546,21.9068],[106.055,21.9044],[106.0534,21.8982],[106.053,21.8979],[106.0516,21.8996],[106.0488,21.8997],[106.0476,21.8989],[106.0419,21.8988],[106.0375,21.8966],[106.0362,21.8929],[106.0355,21.8845],[106.037,21.8739],[106.0365,21.8719],[106.0351,21.8702],[106.0353,21.8692],[106.0344,21.8666],[106.0345,21.8638],[106.0341,21.8634],[106.027,21.8652],[106.0243,21.8649],[106.0235,21.8642],[106.0226,21.8647],[106.0221,21.8628],[106.021,21.862],[106.0203,21.8623],[106.0201,21.8616],[106.02,21.8599],[106.0209,21.8583],[106.0206,21.8566],[106.0213,21.8558],[106.0206,21.8542],[106.0196,21.8545],[106.0187,21.8531],[106.0161,21.8532],[106.0133,21.8515],[106.0116,21.8494],[106.0091,21.8484],[106.0072,21.8442],[106.0079,21.8426],[106.01,21.841],[106.0107,21.8371],[106.0126,21.8356],[106.0131,21.8335],[106.0149,21.8327],[106.0157,21.8291],[106.0114,21.8261],[106.0093,21.8264],[106.0068,21.8258],[106.0057,21.825],[106.0054,21.8225],[106.008,21.8202],[106.0066,21.8202],[106.0056,21.8195],[106.0044,21.8164],[106.0036,21.816],[106.0039,21.8135],[106.0016,21.811],[106.0011,21.8093],[105.9953,21.8122],[105.9936,21.8112],[105.993,21.8097],[105.9832,21.8032],[105.98,21.8018],[105.9783,21.8016],[105.9748,21.7981],[105.9727,21.7967],[105.9754,21.7938],[105.9791,21.7921],[105.9797,21.7906],[105.9803,21.786],[105.9833,21.7824],[105.9843,21.7832],[105.9847,21.7824],[105.9842,21.782],[105.9861,21.7818],[105.9886,21.7803],[105.992,21.7796],[105.9928,21.78],[105.9937,21.7819],[105.9946,21.7826],[105.9947,21.7837],[105.9959,21.784],[105.9976,21.7814],[105.9985,21.7809],[105.9986,21.7798],[106.0004,21.7774],[106.0014,21.7768],[106.0012,21.7763],[106.0028,21.7754],[106.0038,21.7755],[106.0055,21.7739],[106.0052,21.7704],[106.0061,21.7694],[106.0077,21.7698],[106.0102,21.7682],[106.0124,21.7655],[106.0147,21.7644],[106.0202,21.7636],[106.0225,21.7626],[106.0235,21.7628],[106.0244,21.7639],[106.026,21.7632],[106.0282,21.7638],[106.0318,21.7635],[106.0336,21.7628],[106.0353,21.7641],[106.036,21.7632],[106.0373,21.7627],[106.0445,21.7636],[106.0481,21.7673],[106.0483,21.7698],[106.0505,21.7707],[106.0513,21.7726],[106.053,21.7735],[106.0546,21.7763],[106.0598,21.7818],[106.0642,21.7837],[106.0666,21.784],[106.071,21.7882],[106.0715,21.7892],[106.0733,21.7898],[106.0746,21.7909],[106.0759,21.793],[106.0784,21.7936],[106.0807,21.7995],[106.0787,21.8021],[106.0786,21.8034],[106.077,21.8039],[106.0769,21.8044],[106.0781,21.8067],[106.0812,21.8088],[106.0812,21.8098],[106.0833,21.8099],[106.0855,21.8108],[106.087,21.8128],[106.0887,21.8123],[106.0938,21.8132],[106.0962,21.8127],[106.0981,21.813],[106.0976,21.8156],[106.0956,21.819],[106.0954,21.8209],[106.0974,21.8231],[106.1007,21.8249],[106.1013,21.826],[106.1001,21.8288],[106.1009,21.8302],[106.1024,21.8312],[106.1056,21.8307],[106.1079,21.8318],[106.1085,21.8359],[106.1065,21.8385],[106.1066,21.8407],[106.1088,21.8412],[106.1119,21.8402],[106.1147,21.8406],[106.1167,21.8413],[106.1183,21.8436],[106.118,21.8448],[106.1161,21.8466],[106.1115,21.8499],[106.1131,21.8543],[106.1117,21.8567],[106.1119,21.8589],[106.1108,21.8599],[106.1105,21.861],[106.1117,21.8658],[106.1137,21.8668],[106.1134,21.8688],[106.1147,21.8689],[106.1153,21.8697],[106.1154,21.8743],[106.1138,21.8755],[106.1143,21.8765],[106.1157,21.8772],[106.1163,21.8804],[106.1138,21.8852],[106.1141,21.8865],[106.113,21.8908],[106.1147,21.8917],[106.1151,21.8947],[106.1199,21.8969],[106.1225,21.8969],[106.1235,21.8976],[106.1239,21.8988],[106.1272,21.8988],[106.1282,21.9003],[106.1285,21.9019],[106.1303,21.9032],[106.1302,21.9045],[106.1317,21.9059],[106.1302,21.9073],[106.1283,21.9078],[106.1277,21.9073],[106.1279,21.9092],[106.1272,21.9104],[106.1285,21.9134],[106.1315,21.9156],[106.1321,21.9167],[106.1322,21.9204],[106.1307,21.9227],[106.1281,21.9248],[106.1253,21.9244],[106.1236,21.9247],[106.1222,21.924],[106.118,21.9284],[106.1131,21.9292],[106.1125,21.9298],[106.1127,21.9311],[106.112,21.9326],[106.1107,21.934],[106.1091,21.9329],[106.1071,21.9328],[106.1065,21.9331],[106.1064,21.9344],[106.1039,21.9365],[106.0992,21.937],[106.0979,21.9384]]]},"properties":{"code":"05722","name":"Nghinh Tường","nameEn":"Nghinh Tuong","fullName":"Xã Nghinh Tường","fullNameEn":"Nghinh Tuong Commune","codeName":"nghinh_tuong","postalCode":"24308","postalCodePrefix":"","gisServerId":"diaphanhanhchinhcapxa_2025.1219","areaKm2":160.73},"id":"05722"},
{"type":"Feature","geometry":{"type":"Polygon","coordinates":[[[105.9456,21.8996],[105.9429,21.8985],[105.9408,21.9006],[105.9287,21.8954],[105.9173,21.896],[105.9126,21.8941],[105.911,21.8944],[105.9086,21.8936],[105.9007,21.886],[105.8917,21.875],[105.8889,21.8701],[105.8891,21.8686],[105.888,21.8664],[105.8867,21.8655],[105.885,21.8626],[105.883,21.8621],[105.8825,21.8604],[105.8829,21.8582],[105.8819,21.8575],[105.8769,21.8571],[105.8733,21.8558],[105.8715,21.856],[105.8684,21.859],[105.8629,21.8606],[105.8625,21.8589],[105.8639,21.855],[105.8643,21.8517],[105.8631,21.8498],[105.8646,21.848],[105.8628,21.8457],[105.8632,21.8429],[105.8616,21.8394],[105.8589,21.8388],[105.8545,21.8354],[105.8556,21.8314],[105.8554,21.8294],[105.8568,21.8266],[105.8563,21.8248],[105.8568,21.8179],[105.8564,21.8175],[105.8541,21.8177],[105.8525,21.817],[105.8491,21.814],[105.8486,21.8132],[105.849,21.8101],[105.8486,21.8073],[105.8503,21.8058],[105.851,21.8045],[105.8524,21.804],[105.8525,21.8028],[105.8538,21.8011],[105.8533,21.7988],[105.8551,21.7959],[105.8583,21.7945],[105.8594,21.7932],[105.8591,21.7903],[105.8576,21.7889],[105.8579,21.7853],[105.8594,21.7816],[105.861,21.7811],[105.8644,21.7815],[105.8682,21.7789],[105.8711,21.7777],[105.8735,21.7772],[105.8766,21.7779],[105.8784,21.7773],[105.8815,21.7754],[105.8831,21.7733],[105.8877,21.7709],[105.89,21.7717],[105.8924,21.7715],[105.8949,21.7728],[105.8992,21.7718],[105.9023,21.7726],[105.9049,21.7743],[105.9094,21.7757],[105.9174,21.7762],[105.9186,21.776],[105.9193,21.7753],[105.9231,21.7761],[105.9248,21.776],[105.928,21.7786],[105.9285,21.7785],[105.9284,21.7771],[105.9298,21.7763],[105.9317,21.7761],[105.9353,21.7777],[105.937,21.7794],[105.9371,21.7806],[105.9389,21.7823],[105.9402,21.7807],[105.9422,21.7801],[105.9461,21.7821],[105.9482,21.7825],[105.9488,21.7832],[105.9499,21.7832],[105.9563,21.7868],[105.9601,21.7864],[105.9622,21.7878],[105.9627,21.7896],[105.9656,21.79],[105.9662,21.7914],[105.968,21.7914],[105.9714,21.7929],[105.9728,21.7953],[105.9727,21.7967],[105.9748,21.7981],[105.9783,21.8016],[105.98,21.8018],[105.9832,21.8032],[105.993,21.8097],[105.9936,21.8112],[105.9953,21.8122],[106.0011,21.8093],[106.0016,21.811],[106.0039,21.8135],[106.0036,21.816],[106.0044,21.8164],[106.0056,21.8195],[106.0066,21.8202],[106.008,21.8202],[106.0054,21.8225],[106.0057,21.825],[106.0068,21.8258],[106.0093,21.8264],[106.0114,21.8261],[106.0157,21.8291],[106.0149,21.8327],[106.0131,21.8335],[106.0126,21.8356],[106.0107,21.8371],[106.01,21.841],[106.0079,21.8426],[106.0072,21.8442],[106.0091,21.8484],[106.0116,21.8494],[106.0133,21.8515],[106.0011,21.8559],[105.9997,21.8557],[105.9974,21.8569],[105.9956,21.8566],[105.9928,21.8584],[105.9899,21.8578],[105.9883,21.8557],[105.9841,21.8528],[105.98,21.8521],[105.9784,21.8527],[105.9765,21.8522],[105.9755,21.8524],[105.9737,21.8517],[105.9731,21.8526],[105.968,21.8523],[105.967,21.8505],[105.9654,21.8492],[105.9608,21.8477],[105.9602,21.8468],[105.9585,21.8461],[105.9561,21.8459],[105.9538,21.8463],[105.9524,21.8468],[105.9514,21.8482],[105.95,21.8482],[105.9446,21.8538],[105.9435,21.8558],[105.9445,21.8568],[105.944,21.8604],[105.9451,21.8608],[105.9458,21.8619],[105.9485,21.8627],[105.9495,21.8648],[105.9518,21.8662],[105.9515,21.8689],[105.9499,21.872],[105.9514,21.8743],[105.9514,21.8757],[105.9534,21.8782],[105.9518,21.8875],[105.9504,21.8898],[105.9502,21.8917],[105.9477,21.8964],[105.9471,21.8986],[105.9466,21.8994],[105.9456,21.8996]]]},"properties":{"code":"05725","name":"Thần Sa","nameEn":"Than Sa","fullName":"Xã Thần Sa","fullNameEn":"Than Sa Commune","codeName":"than_sa","postalCode":"24322","postalCodePrefix":"","gisServerId":"diaphanhanhchinhcapxa_2025.1220","areaKm2":146.08},"id":"05725"},
{"type":"Feature","geometry":{"type":"Polygon","coordinates":[[[106.0147,21.7644],[106.0124,21.7655],[106.0102,21.7682],[106.0077,21.7698],[106.0061,21.7694],[106.0052,21.7704],[106.0055,21.7739],[106.0038,21.7755],[106.0028,21.7754],[106.0012,21.7763],[106.0014,21.7768],[106.0004,21.7774],[105.9986,21.7798],[105.9985,21.7809],[105.9976,21.7814],[105.9959,21.784],[105.9947,21.7837],[105.9946,21.7826],[105.9937,21.7819],[105.9928,21.78],[105.992,21.7796],[105.9886,21.7803],[105.9861,21.7818],[105.9842,21.782],[105.9847,21.7824],[105.9843,21.7832],[105.9833,21.7824],[105.9803,21.786],[105.9797,21.7906],[105.9791,21.7921],[105.9754,21.7938],[105.9727,21.7967],[105.9728,21.7953],[105.9714,21.7929],[105.968,21.7914],[105.9662,21.7914],[105.9656,21.79],[105.9627,21.7896],[105.9622,21.7878],[105.9601,21.7864],[105.9563,21.7868],[105.9499,21.7832],[105.9488,21.7832],[105.9482,21.7825],[105.9461,21.7821],[105.9422,21.7801],[105.9402,21.7807],[105.9389,21.7823],[105.9371,21.7806],[105.937,21.7794],[105.9353,21.7777],[105.9317,21.7761],[105.9298,21.7763],[105.9282,21.7757],[105.9277,21.7737],[105.9288,21.7686],[105.9273,21.7643],[105.9284,21.7582],[105.9254,21.7568],[105.9227,21.7569],[105.9229,21.7501],[105.9194,21.746],[105.9194,21.7441],[105.9181,21.7418],[105.9139,21.7389],[105.9133,21.7379],[105.9137,21.7352],[105.9126,21.7335],[105.9125,21.7298],[105.9105,21.7291],[105.9089,21.7296],[105.9063,21.7293],[105.9036,21.7302],[105.8979,21.7276],[105.8946,21.7281],[105.8935,21.7275],[105.8928,21.7203],[105.8972,21.7181],[105.8979,21.7159],[105.8961,21.7157],[105.8956,21.715],[105.8942,21.7146],[105.8933,21.7131],[105.8895,21.7125],[105.8863,21.7064],[105.8895,21.7062],[105.8922,21.7052],[105.8943,21.7053],[105.8956,21.7046],[105.896,21.7023],[105.8942,21.7018],[105.8943,21.7002],[105.8964,21.6991],[105.8969,21.698],[105.8968,21.6971],[105.8964,21.6968],[105.8973,21.6938],[105.9003,21.6937],[105.9007,21.6909],[105.9044,21.6915],[105.9087,21.6931],[105.9128,21.6931],[105.9149,21.6946],[105.9186,21.6937],[105.9282,21.6955],[105.9314,21.6957],[105.9335,21.695],[105.9361,21.6974],[105.9364,21.6997],[105.9352,21.7019],[105.9365,21.7025],[105.9415,21.7025],[105.9489,21.7048],[105.9517,21.7049],[105.9521,21.7063],[105.9545,21.7071],[105.9551,21.7078],[105.9584,21.7087],[105.9594,21.7081],[105.9612,21.7088],[105.9625,21.7079],[105.9636,21.7079],[105.9644,21.7084],[105.9682,21.7082],[105.9701,21.7091],[105.972,21.7088],[105.975,21.7104],[105.9757,21.7152],[105.9752,21.7178],[105.9736,21.7205],[105.9752,21.7222],[105.9735,21.7257],[105.9722,21.7258],[105.9736,21.7268],[105.9732,21.7281],[105.9733,21.7315],[105.9692,21.7376],[105.9712,21.7388],[105.9765,21.7436],[105.9774,21.7452],[105.9808,21.7465],[105.9814,21.7476],[105.9847,21.7469],[105.9868,21.7448],[105.9888,21.7457],[105.9891,21.7466],[105.9909,21.7476],[105.9932,21.7473],[105.9964,21.7515],[106.0011,21.7557],[106.0021,21.7577],[106.0029,21.7583],[106.003,21.76],[106.005,21.7612],[106.0056,21.7631],[106.0099,21.764],[106.0121,21.7631],[106.0147,21.7644]]]},"properties":{"code":"05740","name":"La Hiên","nameEn":"La Hien","fullName":"Xã La Hiên","fullNameEn":"La Hien Commune","codeName":"la_hien","postalCode":"24314","postalCodePrefix":"","gisServerId":"diaphanhanhchinhcapxa_2025.1221","areaKm2":71.55},"id":"05740"},
{"type":"Feature","geometry":{"type":"Polygon","coordinates":[[[106.148,21.7127],[106.1467,21.7127],[106.1436,21.7152],[106.1383,21.7179],[106.1337,21.7218],[106.1317,21.7246],[106.1276,21.7283],[106.1265,21.7289],[106.1248,21.7286],[106.123,21.7302],[106.1196,21.731],[106.1142,21.7343],[106.1107,21.7351],[106.1065,21.7339],[106.1053,21.7343],[106.1034,21.7326],[106.0977,21.7329],[106.0972,21.7334],[106.0961,21.7322],[106.0941,21.7333],[106.0932,21.7349],[106.0935,21.7359],[106.0923,21.7362],[106.0885,21.7357],[106.0832,21.7332],[106.0813,21.7317],[106.0785,21.7347],[106.077,21.7353],[106.0761,21.7373],[106.0743,21.7372],[106.0701,21.7398],[106.0684,21.7425],[106.0673,21.7429],[106.0664,21.7442],[106.0655,21.7424],[106.0638,21.7411],[106.0627,21.7394],[106.0604,21.7404],[106.0583,21.7385],[106.0568,21.738],[106.0555,21.7358],[106.0536,21.7357],[106.0431,21.73],[106.04,21.7299],[106.0393,21.7301],[106.0388,21.7313],[106.0349,21.7317],[106.0324,21.7313],[106.0307,21.7296],[106.0282,21.7286],[106.0277,21.7262],[106.0265,21.7252],[106.0229,21.7259],[106.0204,21.7258],[106.0188,21.7248],[106.0159,21.7254],[106.0112,21.7248],[106.008,21.7251],[106.0072,21.724],[106.0037,21.7235],[106.0016,21.7226],[106.001,21.7219],[106.0016,21.7198],[105.9981,21.7178],[105.9956,21.7191],[105.994,21.7192],[105.9927,21.7177],[105.9926,21.7167],[105.9899,21.7149],[105.9896,21.7137],[105.9874,21.712],[105.9841,21.7122],[105.9811,21.7098],[105.9819,21.7082],[105.9839,21.7072],[105.9902,21.7062],[105.9928,21.7066],[105.9935,21.7045],[105.9949,21.7033],[105.9961,21.6999],[105.9969,21.6995],[105.9978,21.6947],[105.9993,21.6925],[105.9986,21.6908],[106.0001,21.6878],[105.9989,21.683],[105.9998,21.6818],[105.9995,21.6791],[106.0049,21.6785],[106.0067,21.6788],[106.0114,21.6774],[106.0129,21.6755],[106.0159,21.6751],[106.0185,21.6731],[106.0192,21.6718],[106.0192,21.6695],[106.021,21.6688],[106.0243,21.6689],[106.0271,21.667],[106.0274,21.6659],[106.0261,21.6642],[106.0272,21.6632],[106.0275,21.6621],[106.0288,21.6616],[106.0286,21.6606],[106.0303,21.6589],[106.0292,21.6564],[106.0296,21.6538],[106.0286,21.6529],[106.0297,21.6513],[106.0312,21.6507],[106.032,21.6491],[106.0323,21.648],[106.0314,21.6463],[106.0315,21.6448],[106.0349,21.6436],[106.0367,21.6436],[106.0382,21.6427],[106.0423,21.6425],[106.0475,21.6361],[106.0515,21.6327],[106.0518,21.6321],[106.0495,21.6295],[106.0504,21.6275],[106.0503,21.6257],[106.0534,21.6222],[106.0546,21.6218],[106.0557,21.6206],[106.0571,21.6202],[106.0596,21.6181],[106.0619,21.6174],[106.064,21.6177],[106.0645,21.6167],[106.0657,21.6166],[106.0668,21.6153],[106.0678,21.6157],[106.0685,21.6148],[106.0695,21.6152],[106.0699,21.6147],[106.0713,21.6147],[106.0726,21.6155],[106.0735,21.6145],[106.0744,21.6143],[106.0741,21.6132],[106.0747,21.6133],[106.075,21.6145],[106.0767,21.6157],[106.0787,21.6186],[106.0824,21.6201],[106.0841,21.6197],[106.0921,21.6235],[106.0926,21.6245],[106.0922,21.6257],[106.0904,21.6277],[106.0894,21.6298],[106.0894,21.6331],[106.0922,21.6362],[106.0927,21.6379],[106.0915,21.6392],[106.0918,21.64],[106.091,21.6429],[106.09,21.6431],[106.0876,21.6447],[106.0867,21.646],[106.0864,21.6485],[106.0818,21.6497],[106.0798,21.6517],[106.0779,21.6518],[106.0758,21.6536],[106.0756,21.6548],[106.0778,21.657],[106.0792,21.6578],[106.0807,21.6574],[106.086,21.6602],[106.0905,21.6614],[106.0935,21.6599],[106.0944,21.6585],[106.1004,21.659],[106.1025,21.6572],[106.1049,21.6562],[106.1097,21.6645],[106.1105,21.671],[106.1117,21.6734],[106.1127,21.6734],[106.1128,21.6748],[106.112,21.6762],[106.1101,21.676],[106.1085,21.6773],[106.1025,21.6786],[106.1033,21.6816],[106.1094,21.6845],[106.1089,21.6883],[106.1075,21.6907],[106.106,21.6916],[106.106,21.6954],[106.1067,21.6972],[106.1084,21.6977],[106.111,21.6973],[106.1121,21.6978],[106.1139,21.697],[106.1156,21.6983],[106.1158,21.6995],[106.1182,21.7028],[106.1172,21.7041],[106.1175,21.7078],[106.1193,21.7099],[106.1205,21.7101],[106.1219,21.7096],[106.1242,21.7074],[106.1245,21.7064],[106.1264,21.7058],[106.1313,21.7063],[106.1366,21.7032],[106.1402,21.7049],[106.1418,21.7042],[106.145,21.7044],[106.1467,21.7035],[106.1506,21.7049],[106.151,21.7072],[106.1479,21.7098],[106.148,21.7127]]]},"properties":{"code":"05746","name":"Tràng Xá","nameEn":"Trang Xa","fullName":"Xã Tràng Xá","fullNameEn":"Trang Xa Commune","codeName":"trang_xa","postalCode":"24317","postalCodePrefix":"","gisServerId":"diaphanhanhchinhcapxa_2025.1222","areaKm2":119.18},"id":"05746"},
{"type":"Feature","geometry":{"type":"Polygon","coordinates":[[[106.0921,21.6235],[106.0931,21.6228],[106.0944,21.6228],[106.095,21.624],[106.0991,21.625],[106.1012,21.6229],[106.1016,21.6217],[106.1066,21.622],[106.1081,21.6214],[106.1083,21.6206],[106.1106,21.619],[106.1152,21.6183],[106.1168,21.6176],[106.1176,21.6163],[106.1249,21.6166],[106.1263,21.6157],[106.1361,21.6185],[106.1371,21.6204],[106.1422,21.6233],[106.1467,21.6227],[106.1516,21.6246],[106.1541,21.6238],[106.1551,21.6246],[106.1549,21.6255],[106.1602,21.6265],[106.1629,21.6246],[106.1643,21.6244],[106.1652,21.6216],[106.1741,21.6096],[106.1753,21.6093],[106.1771,21.6074],[106.1787,21.6071],[106.1812,21.6049],[106.1853,21.604],[106.1879,21.6114],[106.1911,21.6118],[106.1921,21.6127],[106.1924,21.6144],[106.1934,21.615],[106.1949,21.6172],[106.1964,21.6177],[106.1974,21.6187],[106.1979,21.6214],[106.1953,21.6243],[106.1946,21.6268],[106.1949,21.6285],[106.1962,21.6293],[106.1981,21.6327],[106.1957,21.6337],[106.193,21.6359],[106.1913,21.6431],[106.1924,21.6472],[106.1929,21.6481],[106.1969,21.6508],[106.1998,21.6514],[106.1997,21.6526],[106.204,21.6539],[106.2062,21.6595],[106.2054,21.6626],[106.21,21.6658],[106.2148,21.6673],[106.2171,21.6707],[106.2216,21.6727],[106.2209,21.6748],[106.2249,21.6783],[106.2256,21.6831],[106.2249,21.6846],[106.2258,21.6854],[106.2255,21.6865],[106.226,21.6905],[106.2273,21.6935],[106.2302,21.6972],[106.2327,21.699],[106.2319,21.7016],[106.2344,21.7053],[106.2383,21.7179],[106.2359,21.7213],[106.2363,21.7231],[106.2354,21.7268],[106.2344,21.7274],[106.2309,21.7274],[106.2293,21.731],[106.2254,21.7318],[106.2234,21.7315],[106.2215,21.7302],[106.2181,21.7264],[106.2091,21.7319],[106.208,21.7334],[106.1966,21.7354],[106.196,21.7366],[106.1947,21.7377],[106.1947,21.7394],[106.1956,21.7394],[106.196,21.7409],[106.1945,21.7424],[106.19,21.7437],[106.1869,21.7429],[106.1864,21.7417],[106.1824,21.7415],[106.1807,21.7441],[106.1794,21.7434],[106.1783,21.7439],[106.1733,21.7505],[106.1715,21.7497],[106.1684,21.7498],[106.1654,21.7554],[106.1602,21.7552],[106.1582,21.7519],[106.1567,21.7513],[106.1585,21.7474],[106.1582,21.7464],[106.1557,21.7447],[106.1561,21.7432],[106.1554,21.7423],[106.1555,21.7409],[106.1567,21.7398],[106.1569,21.737],[106.1537,21.7358],[106.152,21.7336],[106.1509,21.7335],[106.1491,21.73],[106.1493,21.729],[106.1481,21.7237],[106.1489,21.7207],[106.1507,21.7183],[106.1499,21.7162],[106.1491,21.7155],[106.1489,21.7138],[106.148,21.7127],[106.1479,21.7098],[106.151,21.7072],[106.1506,21.7049],[106.1467,21.7035],[106.145,21.7044],[106.1418,21.7042],[106.1402,21.7049],[106.1366,21.7032],[106.1313,21.7063],[106.1264,21.7058],[106.1245,21.7064],[106.1242,21.7074],[106.1219,21.7096],[106.1205,21.7101],[106.1193,21.7099],[106.1175,21.7078],[106.1172,21.7041],[106.1182,21.7028],[106.1158,21.6995],[106.1156,21.6983],[106.1139,21.697],[106.1121,21.6978],[106.111,21.6973],[106.1084,21.6977],[106.1067,21.6972],[106.106,21.6954],[106.106,21.6916],[106.1075,21.6907],[106.1089,21.6883],[106.1094,21.6845],[106.1033,21.6816],[106.1025,21.6786],[106.1085,21.6773],[106.1101,21.676],[106.112,21.6762],[106.1128,21.6748],[106.1127,21.6734],[106.1117,21.6734],[106.1105,21.671],[106.1097,21.6645],[106.1049,21.6562],[106.1025,21.6572],[106.1004,21.659],[106.0944,21.6585],[106.0935,21.6599],[106.0905,21.6614],[106.086,21.6602],[106.0807,21.6574],[106.0792,21.6578],[106.0778,21.657],[106.0756,21.6548],[106.0758,21.6536],[106.0779,21.6518],[106.0798,21.6517],[106.0818,21.6497],[106.0864,21.6485],[106.0867,21.646],[106.0876,21.6447],[106.09,21.6431],[106.091,21.6429],[106.0918,21.64],[106.0915,21.6392],[106.0927,21.6379],[106.0922,21.6362],[106.0894,21.6331],[106.0894,21.6298],[106.0904,21.6277],[106.0922,21.6257],[106.0926,21.6245],[106.0921,21.6235]]]},"properties":{"code":"05755","name":"Dân Tiến","nameEn":"Dan Tien","fullName":"Xã Dân Tiến","fullNameEn":"Dan Tien Commune","codeName":"dan_tien","postalCode":"24318","postalCodePrefix":"","gisServerId":"diaphanhanhchinhcapxa_2025.1223","areaKm2":144.28},"id":"05755"},
{"type":"Feature","geometry":{"type":"Polygon","coordinates":[[[105.53,21.7225],[105.5285,21.7226],[105.5274,21.7237],[105.5258,21.7241],[105.5223,21.73],[105.5172,21.734],[105.5159,21.737],[105.515,21.735],[105.5123,21.733],[105.5074,21.7302],[105.5036,21.7293],[105.5028,21.7275],[105.503,21.7264],[105.5005,21.7248],[105.4993,21.7231],[105.5007,21.7186],[105.5004,21.7176],[105.4983,21.7168],[105.4958,21.7172],[105.4935,21.7153],[105.4934,21.714],[105.4926,21.7132],[105.4928,21.7115],[105.4905,21.7072],[105.4911,21.7058],[105.4903,21.7032],[105.4895,21.7027],[105.4864,21.7028],[105.4846,21.7023],[105.4833,21.7007],[105.4818,21.7006],[105.4807,21.6989],[105.4772,21.6978],[105.4783,21.6955],[105.4843,21.6932],[105.485,21.6919],[105.4878,21.69],[105.488,21.6885],[105.4872,21.6864],[105.4876,21.6843],[105.4872,21.681],[105.4848,21.6795],[105.4819,21.6788],[105.4808,21.6775],[105.4804,21.6754],[105.4793,21.6744],[105.4821,21.6724],[105.4821,21.6675],[105.4839,21.6634],[105.4835,21.6599],[105.4854,21.658],[105.4873,21.6531],[105.489,21.6512],[105.4882,21.6491],[105.4904,21.6458],[105.4905,21.6434],[105.4911,21.6425],[105.4943,21.6405],[105.4963,21.64],[105.4978,21.6387],[105.4981,21.6354],[105.5001,21.6331],[105.5013,21.6304],[105.5047,21.629],[105.508,21.6291],[105.5114,21.6282],[105.5221,21.6288],[105.5257,21.6313],[105.527,21.6352],[105.5307,21.638],[105.5328,21.6383],[105.5351,21.6399],[105.5423,21.6473],[105.5458,21.649],[105.5481,21.6494],[105.549,21.6483],[105.5496,21.6489],[105.5509,21.6486],[105.5512,21.65],[105.5551,21.6517],[105.5562,21.6498],[105.558,21.65],[105.5646,21.6537],[105.5652,21.6547],[105.5657,21.6542],[105.5696,21.6545],[105.5713,21.6538],[105.5725,21.6539],[105.5726,21.6531],[105.5735,21.6524],[105.5743,21.6523],[105.5751,21.6529],[105.5752,21.6553],[105.5798,21.6557],[105.5805,21.6568],[105.5824,21.6567],[105.5831,21.6576],[105.5844,21.6579],[105.5855,21.6599],[105.5871,21.6607],[105.5867,21.6614],[105.583,21.6618],[105.5799,21.6635],[105.5776,21.6633],[105.5762,21.6639],[105.5748,21.663],[105.575,21.664],[105.5745,21.6642],[105.5705,21.663],[105.5669,21.6633],[105.5662,21.6642],[105.565,21.6642],[105.5643,21.6647],[105.5629,21.6641],[105.5611,21.6662],[105.5612,21.6666],[105.5629,21.667],[105.5619,21.6677],[105.5616,21.6692],[105.5595,21.6704],[105.5586,21.6722],[105.5582,21.6737],[105.5585,21.677],[105.5573,21.6783],[105.5579,21.6795],[105.5572,21.6799],[105.5575,21.6808],[105.5623,21.6855],[105.5623,21.6867],[105.5613,21.6878],[105.5612,21.6887],[105.5614,21.6914],[105.5622,21.6927],[105.5614,21.6931],[105.561,21.6956],[105.5602,21.6956],[105.5584,21.694],[105.5589,21.6927],[105.5587,21.6919],[105.5551,21.6915],[105.5529,21.6898],[105.5488,21.6899],[105.5459,21.6932],[105.5427,21.6919],[105.5412,21.692],[105.541,21.6934],[105.5395,21.6928],[105.5386,21.693],[105.5365,21.6944],[105.5358,21.6957],[105.5349,21.6957],[105.5344,21.6964],[105.5332,21.6954],[105.5338,21.6932],[105.5264,21.6958],[105.5279,21.6972],[105.5293,21.6969],[105.5298,21.6972],[105.5291,21.6985],[105.53,21.6986],[105.5288,21.7004],[105.5297,21.7025],[105.5291,21.7043],[105.5299,21.7075],[105.5266,21.7106],[105.528,21.7121],[105.5294,21.7149],[105.5291,21.7178],[105.53,21.7206],[105.53,21.7225]]]},"properties":{"code":"05773","name":"Phú Xuyên","nameEn":"Phu Xuyen","fullName":"Xã Phú Xuyên","fullNameEn":"Phu Xuyen Commune","codeName":"phu_xuyen","postalCode":"24615","postalCodePrefix":"","gisServerId":"diaphanhanhchinhcapxa_2025.1228","areaKm2":64.58},"id":"05773"},
{"type":"Feature","geometry":{"type":"Polygon","coordinates":[[[105.6246,21.7725],[105.624,21.7733],[105.6231,21.773],[105.6216,21.7734],[105.6197,21.7723],[105.6162,21.7722],[105.6154,21.7715],[105.6151,21.7694],[105.6134,21.7695],[105.6091,21.7671],[105.6082,21.7674],[105.6069,21.7661],[105.5981,21.7668],[105.5958,21.7673],[105.5922,21.7668],[105.5901,21.7676],[105.5883,21.767],[105.5859,21.7646],[105.5855,21.7612],[105.5846,21.7606],[105.5851,21.7594],[105.5842,21.7573],[105.5841,21.7543],[105.5819,21.7508],[105.5771,21.7481],[105.5723,21.7476],[105.57,21.7482],[105.5694,21.7476],[105.5696,21.7461],[105.5682,21.746],[105.5676,21.7451],[105.566,21.7459],[105.5655,21.7474],[105.5647,21.7479],[105.5581,21.7508],[105.556,21.7511],[105.5552,21.7521],[105.553,21.7517],[105.5457,21.7532],[105.5434,21.7606],[105.5411,21.7604],[105.5383,21.759],[105.5366,21.7595],[105.5331,21.7593],[105.5315,21.7612],[105.5293,21.762],[105.525,21.7652],[105.5209,21.7608],[105.5178,21.7554],[105.514,21.7548],[105.5114,21.7526],[105.5108,21.7513],[105.509,21.7503],[105.5119,21.7431],[105.5147,21.7413],[105.5162,21.7395],[105.5159,21.737],[105.5172,21.734],[105.5223,21.73],[105.5258,21.7241],[105.5274,21.7237],[105.5285,21.7226],[105.53,21.7225],[105.5332,21.7245],[105.5349,21.727],[105.5372,21.7279],[105.5384,21.7293],[105.5416,21.7301],[105.5459,21.7291],[105.5506,21.7268],[105.5519,21.7268],[105.5524,21.7273],[105.5525,21.7268],[105.5559,21.7235],[105.5571,21.7237],[105.5588,21.7231],[105.5591,21.7234],[105.5575,21.7246],[105.5576,21.7251],[105.5611,21.7272],[105.5623,21.7291],[105.5686,21.7317],[105.5754,21.7301],[105.5768,21.7292],[105.5785,21.7294],[105.5791,21.7269],[105.5787,21.726],[105.5795,21.7249],[105.5793,21.7225],[105.5798,21.7217],[105.5792,21.7181],[105.5803,21.7165],[105.5803,21.7119],[105.5807,21.7108],[105.5834,21.7076],[105.5843,21.7055],[105.5847,21.7053],[105.585,21.706],[105.5877,21.7048],[105.5915,21.7058],[105.5946,21.7049],[105.598,21.7058],[105.6001,21.7036],[105.6017,21.7037],[105.6034,21.7044],[105.608,21.7086],[105.6116,21.7077],[105.614,21.7047],[105.6189,21.7045],[105.6214,21.7089],[105.6271,21.7145],[105.6292,21.7178],[105.6337,21.7193],[105.6348,21.7191],[105.6392,21.7205],[105.6406,21.7204],[105.6438,21.7217],[105.6427,21.7291],[105.6438,21.7315],[105.6439,21.7339],[105.6427,21.7343],[105.6413,21.7339],[105.641,21.7351],[105.6423,21.7359],[105.6422,21.7377],[105.6443,21.7383],[105.6431,21.7421],[105.6418,21.7429],[105.644,21.7471],[105.6439,21.7497],[105.6418,21.7512],[105.6425,21.7525],[105.6416,21.7527],[105.6417,21.7535],[105.6396,21.7562],[105.6403,21.7592],[105.6378,21.7603],[105.6385,21.7619],[105.6382,21.7627],[105.6356,21.7634],[105.6368,21.7639],[105.636,21.766],[105.6349,21.7661],[105.6342,21.7657],[105.6326,21.7672],[105.6329,21.7697],[105.6296,21.7707],[105.6278,21.7695],[105.627,21.7705],[105.6252,21.7704],[105.6242,21.7714],[105.6246,21.7725]]]},"properties":{"code":"05776","name":"Đức Lương","nameEn":"Duc Luong","fullName":"Xã Đức Lương","fullNameEn":"Duc Luong Commune","codeName":"duc_luong","postalCode":"24609","postalCodePrefix":"","gisServerId":"diaphanhanhchinhcapxa_2025.1199","areaKm2":60.9},"id":"05776"},
{"type":"Feature","geometry":{"type":"Polygon","coordinates":[[[105.7274,21.6659],[105.728,21.6666],[105.7273,21.667],[105.7245,21.6658],[105.7219,21.6667],[105.7212,21.6663],[105.7227,21.6656],[105.7223,21.6645],[105.7203,21.6649],[105.7182,21.6644],[105.7174,21.6669],[105.7144,21.6682],[105.7141,21.6701],[105.7126,21.6701],[105.7109,21.669],[105.7116,21.6705],[105.7092,21.6706],[105.7089,21.672],[105.7081,21.6722],[105.7086,21.6733],[105.7044,21.6726],[105.7033,21.6738],[105.7034,21.6746],[105.7016,21.675],[105.7021,21.676],[105.7017,21.6771],[105.6938,21.6809],[105.6919,21.6848],[105.6892,21.6862],[105.6881,21.6855],[105.6833,21.6876],[105.6812,21.6897],[105.6797,21.6897],[105.6791,21.6891],[105.6785,21.6896],[105.6755,21.6898],[105.676,21.6986],[105.6778,21.7034],[105.6772,21.7042],[105.6753,21.7044],[105.6744,21.705],[105.672,21.7115],[105.6673,21.7133],[105.6658,21.7121],[105.6628,21.7133],[105.6603,21.7125],[105.6594,21.7144],[105.6541,21.7174],[105.6511,21.7175],[105.6502,21.717],[105.6469,21.7183],[105.645,21.7205],[105.6422,21.721],[105.6406,21.7204],[105.6392,21.7205],[105.6348,21.7191],[105.6337,21.7193],[105.6292,21.7178],[105.6271,21.7145],[105.6214,21.7089],[105.6189,21.7045],[105.614,21.7047],[105.6116,21.7077],[105.608,21.7086],[105.6034,21.7044],[105.6017,21.7037],[105.6001,21.7036],[105.598,21.7058],[105.5946,21.7049],[105.5915,21.7058],[105.5877,21.7048],[105.585,21.706],[105.5847,21.7053],[105.5843,21.7055],[105.5831,21.7044],[105.5818,21.7017],[105.582,21.6988],[105.583,21.6979],[105.5831,21.6966],[105.5848,21.6959],[105.5859,21.6941],[105.5863,21.6933],[105.5856,21.6926],[105.5866,21.6923],[105.5864,21.691],[105.5891,21.6917],[105.591,21.6886],[105.5919,21.6893],[105.5924,21.6886],[105.5931,21.6886],[105.5936,21.6866],[105.5946,21.6868],[105.595,21.6853],[105.5962,21.6859],[105.5969,21.6855],[105.5973,21.6841],[105.5969,21.6825],[105.5979,21.6823],[105.5975,21.6819],[105.5981,21.6803],[105.5995,21.6789],[105.5991,21.677],[105.5979,21.6771],[105.5982,21.6761],[105.5973,21.6758],[105.599,21.6736],[105.601,21.6728],[105.6016,21.6719],[105.6013,21.6706],[105.6,21.6698],[105.6001,21.6691],[105.6021,21.6688],[105.6039,21.67],[105.6098,21.669],[105.6113,21.6704],[105.6138,21.6711],[105.6134,21.6722],[105.6128,21.6716],[105.6119,21.6722],[105.6106,21.6719],[105.6107,21.6728],[105.6127,21.6731],[105.6128,21.6745],[105.6135,21.675],[105.6122,21.6753],[105.6122,21.6757],[105.6174,21.6766],[105.6185,21.6773],[105.6206,21.6764],[105.6227,21.6768],[105.626,21.681],[105.6265,21.6796],[105.6294,21.6793],[105.6313,21.6769],[105.6301,21.676],[105.6296,21.6745],[105.631,21.6715],[105.6326,21.6701],[105.6324,21.6688],[105.634,21.6679],[105.6348,21.6686],[105.6353,21.6678],[105.6377,21.6672],[105.6393,21.6663],[105.641,21.6666],[105.6447,21.6646],[105.6457,21.6631],[105.647,21.6633],[105.6479,21.6625],[105.6498,21.6621],[105.6517,21.6627],[105.6526,21.6608],[105.6548,21.6611],[105.6568,21.6596],[105.6576,21.6597],[105.6581,21.6585],[105.6577,21.6574],[105.6585,21.6571],[105.6613,21.6507],[105.6607,21.6495],[105.661,21.6479],[105.6623,21.6468],[105.6653,21.65],[105.6677,21.6553],[105.6695,21.6558],[105.6706,21.6554],[105.673,21.6563],[105.6752,21.6547],[105.6773,21.6558],[105.6785,21.6538],[105.6805,21.6547],[105.6829,21.6539],[105.6855,21.6516],[105.6886,21.6529],[105.6907,21.6508],[105.6909,21.6512],[105.6915,21.6508],[105.6926,21.651],[105.6936,21.649],[105.6952,21.6479],[105.6983,21.6469],[105.6997,21.6474],[105.7009,21.6489],[105.703,21.6495],[105.7049,21.6522],[105.7067,21.6536],[105.7097,21.6515],[105.7152,21.6508],[105.7197,21.6563],[105.725,21.6645],[105.7263,21.6661],[105.7274,21.6659]]]},"properties":{"code":"05788","name":"Phú Lạc","nameEn":"Phu Lac","fullName":"Xã Phú Lạc","fullNameEn":"Phu Lac Commune","codeName":"phu_lac","postalCode":"24608","postalCodePrefix":"","gisServerId":"diaphanhanhchinhcapxa_2025.1194","areaKm2":58.07},"id":"05788"},
{"type":"Feature","geometry":{"type":"Polygon","coordinates":[[[105.5843,21.7055],[105.5834,21.7076],[105.5807,21.7108],[105.5803,21.7119],[105.5803,21.7165],[105.5792,21.7181],[105.5798,21.7217],[105.5793,21.7225],[105.5795,21.7249],[105.5787,21.726],[105.5791,21.7269],[105.5785,21.7294],[105.5768,21.7292],[105.5754,21.7301],[105.5686,21.7317],[105.5623,21.7291],[105.5611,21.7272],[105.5576,21.7251],[105.5575,21.7246],[105.5591,21.7234],[105.5588,21.7231],[105.5571,21.7237],[105.5559,21.7235],[105.5525,21.7268],[105.5524,21.7273],[105.5519,21.7268],[105.5506,21.7268],[105.5459,21.7291],[105.5416,21.7301],[105.5384,21.7293],[105.5372,21.7279],[105.5349,21.727],[105.5332,21.7245],[105.53,21.7225],[105.53,21.7206],[105.5291,21.7178],[105.5294,21.7149],[105.528,21.7121],[105.5266,21.7106],[105.5299,21.7075],[105.5291,21.7043],[105.5297,21.7025],[105.5288,21.7004],[105.53,21.6986],[105.5291,21.6985],[105.5298,21.6972],[105.5293,21.6969],[105.5279,21.6972],[105.5264,21.6958],[105.5338,21.6932],[105.5332,21.6954],[105.5344,21.6964],[105.5349,21.6957],[105.5358,21.6957],[105.5365,21.6944],[105.5386,21.693],[105.5395,21.6928],[105.541,21.6934],[105.5412,21.692],[105.5427,21.6919],[105.5459,21.6932],[105.5488,21.6899],[105.5529,21.6898],[105.5551,21.6915],[105.5587,21.6919],[105.5589,21.6927],[105.5584,21.694],[105.5602,21.6956],[105.561,21.6956],[105.5614,21.6931],[105.5622,21.6927],[105.5614,21.6914],[105.5612,21.6887],[105.5613,21.6878],[105.5623,21.6867],[105.5623,21.6855],[105.5575,21.6808],[105.5572,21.6799],[105.5579,21.6795],[105.5573,21.6783],[105.5585,21.677],[105.5582,21.6737],[105.5586,21.6722],[105.5595,21.6704],[105.5616,21.6692],[105.5619,21.6677],[105.5629,21.667],[105.5612,21.6666],[105.5611,21.6662],[105.5629,21.6641],[105.5643,21.6647],[105.565,21.6642],[105.5662,21.6642],[105.5669,21.6633],[105.5705,21.663],[105.5745,21.6642],[105.575,21.664],[105.5748,21.663],[105.5762,21.6639],[105.5776,21.6633],[105.5799,21.6635],[105.583,21.6618],[105.5867,21.6614],[105.5871,21.6607],[105.5855,21.6599],[105.5844,21.6579],[105.5831,21.6576],[105.5824,21.6567],[105.5805,21.6568],[105.5798,21.6557],[105.5752,21.6553],[105.5751,21.6529],[105.5743,21.6523],[105.5735,21.6524],[105.5732,21.6518],[105.5726,21.6519],[105.5729,21.6515],[105.5743,21.6516],[105.5742,21.651],[105.575,21.652],[105.577,21.6501],[105.5769,21.6482],[105.5776,21.6488],[105.5784,21.6484],[105.5778,21.6467],[105.5765,21.6459],[105.5753,21.6441],[105.5755,21.6432],[105.5763,21.6436],[105.5774,21.6419],[105.5787,21.6413],[105.5798,21.6413],[105.581,21.6425],[105.5817,21.6421],[105.5828,21.6426],[105.5833,21.6438],[105.5842,21.6435],[105.5858,21.6446],[105.5896,21.6446],[105.5918,21.6471],[105.5972,21.6483],[105.5989,21.6479],[105.601,21.6485],[105.6014,21.6481],[105.6022,21.6478],[105.6015,21.6482],[105.6018,21.6487],[105.6024,21.6489],[105.6068,21.6477],[105.6088,21.6463],[105.6095,21.6473],[105.6085,21.6482],[105.6096,21.648],[105.6097,21.6486],[105.6093,21.6487],[105.611,21.6502],[105.612,21.6505],[105.6134,21.6499],[105.6156,21.6511],[105.6165,21.6503],[105.6183,21.6508],[105.6179,21.6516],[105.6185,21.6518],[105.6183,21.6526],[105.6191,21.6531],[105.6193,21.654],[105.6177,21.6537],[105.6195,21.6555],[105.6214,21.6563],[105.6207,21.658],[105.6207,21.6592],[105.6229,21.6606],[105.6231,21.6614],[105.6258,21.661],[105.6276,21.6621],[105.6282,21.6641],[105.6295,21.665],[105.6288,21.6652],[105.6289,21.6658],[105.6298,21.6658],[105.6301,21.6665],[105.6316,21.6665],[105.6316,21.6681],[105.6324,21.6688],[105.6326,21.6701],[105.631,21.6715],[105.6296,21.6745],[105.6301,21.676],[105.6313,21.6769],[105.6294,21.6793],[105.6265,21.6796],[105.626,21.681],[105.6227,21.6768],[105.6206,21.6764],[105.6185,21.6773],[105.6174,21.6766],[105.6122,21.6757],[105.6122,21.6753],[105.6135,21.675],[105.6128,21.6745],[105.6127,21.6731],[105.6107,21.6728],[105.6106,21.6719],[105.6119,21.6722],[105.6128,21.6716],[105.6134,21.6722],[105.6138,21.6711],[105.6113,21.6704],[105.6098,21.669],[105.6039,21.67],[105.6021,21.6688],[105.6001,21.6691],[105.6,21.6698],[105.6013,21.6706],[105.6016,21.6719],[105.601,21.6728],[105.599,21.6736],[105.5973,21.6758],[105.5982,21.6761],[105.5979,21.6771],[105.5991,21.677],[105.5995,21.6789],[105.5981,21.6803],[105.5975,21.6819],[105.5979,21.6823],[105.5969,21.6825],[105.5973,21.6841],[105.5969,21.6855],[105.5962,21.6859],[105.595,21.6853],[105.5946,21.6868],[105.5936,21.6866],[105.5931,21.6886],[105.5924,21.6886],[105.5919,21.6893],[105.591,21.6886],[105.5891,21.6917],[105.5864,21.691],[105.5866,21.6923],[105.5856,21.6926],[105.5863,21.6933],[105.5859,21.6941],[105.5848,21.6959],[105.5831,21.6966],[105.583,21.6979],[105.582,21.6988],[105.5818,21.7017],[105.5831,21.7044],[105.5843,21.7055]]]},"properties":{"code":"05800","name":"Phú Thịnh","nameEn":"Phu Thinh","fullName":"Xã Phú Thịnh","fullNameEn":"Phu Thinh Commune","codeName":"phu_thinh","postalCode":"24616","postalCodePrefix":"","gisServerId":"diaphanhanhchinhcapxa_2025.1195","areaKm2":45.37},"id":"05800"},
{"type":"Feature","geometry":{"type":"Polygon","coordinates":[[[105.731,21.663],[105.7283,21.663],[105.7272,21.6654],[105.7274,21.6659],[105.7263,21.6661],[105.725,21.6645],[105.7197,21.6563],[105.7152,21.6508],[105.7097,21.6515],[105.7067,21.6536],[105.7049,21.6522],[105.703,21.6495],[105.7009,21.6489],[105.6997,21.6474],[105.6983,21.6469],[105.6952,21.6479],[105.6936,21.649],[105.6926,21.651],[105.6915,21.6508],[105.6909,21.6512],[105.6907,21.6508],[105.6886,21.6529],[105.6855,21.6516],[105.6829,21.6539],[105.6805,21.6547],[105.6785,21.6538],[105.6773,21.6558],[105.6752,21.6547],[105.673,21.6563],[105.6706,21.6554],[105.6695,21.6558],[105.6677,21.6553],[105.6653,21.65],[105.6623,21.6468],[105.6631,21.6451],[105.6658,21.6433],[105.6675,21.6385],[105.667,21.6361],[105.671,21.6338],[105.6725,21.6324],[105.6724,21.6307],[105.6713,21.6281],[105.6749,21.627],[105.6802,21.6243],[105.684,21.6239],[105.6888,21.6173],[105.6909,21.6191],[105.6952,21.6196],[105.6983,21.6207],[105.6999,21.6205],[105.7062,21.6216],[105.7089,21.6231],[105.71,21.6229],[105.7108,21.6192],[105.7117,21.618],[105.7084,21.6139],[105.7102,21.613],[105.7112,21.6099],[105.7111,21.6093],[105.7071,21.6106],[105.7068,21.6099],[105.707,21.6076],[105.7087,21.606],[105.71,21.6055],[105.7203,21.6057],[105.7246,21.6043],[105.7256,21.6051],[105.7278,21.6055],[105.7276,21.6065],[105.7285,21.6068],[105.73,21.6044],[105.7308,21.604],[105.7349,21.6039],[105.7356,21.6047],[105.7371,21.6049],[105.7383,21.6043],[105.7384,21.6022],[105.7405,21.6007],[105.7402,21.5995],[105.7409,21.5984],[105.742,21.5968],[105.7437,21.5956],[105.7462,21.5957],[105.7478,21.5951],[105.749,21.5958],[105.7515,21.5953],[105.7523,21.5962],[105.7541,21.5958],[105.7553,21.5965],[105.7585,21.5923],[105.7605,21.5915],[105.7618,21.5919],[105.7631,21.5917],[105.7644,21.5934],[105.7642,21.5944],[105.7646,21.5946],[105.7657,21.5941],[105.768,21.5944],[105.7681,21.5935],[105.7692,21.5924],[105.7705,21.5921],[105.7707,21.5907],[105.7714,21.5905],[105.7719,21.5909],[105.7716,21.5925],[105.7722,21.5924],[105.7735,21.596],[105.7745,21.5965],[105.7758,21.5989],[105.7754,21.5993],[105.7759,21.5999],[105.7738,21.6004],[105.775,21.6023],[105.7758,21.6025],[105.775,21.6032],[105.7752,21.6036],[105.7733,21.6039],[105.7731,21.605],[105.772,21.6054],[105.7728,21.6066],[105.7739,21.6072],[105.7737,21.6076],[105.7706,21.6078],[105.77,21.6087],[105.771,21.6113],[105.7709,21.6137],[105.7715,21.6148],[105.7726,21.6153],[105.7756,21.6145],[105.7754,21.6156],[105.7746,21.6155],[105.7745,21.6168],[105.7739,21.6172],[105.7744,21.6179],[105.7736,21.6187],[105.7723,21.6188],[105.7722,21.6195],[105.77,21.6213],[105.7687,21.621],[105.7683,21.6217],[105.7671,21.622],[105.7666,21.6227],[105.7657,21.6223],[105.7637,21.6239],[105.7621,21.6228],[105.7602,21.6234],[105.7606,21.624],[105.7592,21.6244],[105.7598,21.6254],[105.7592,21.6265],[105.7567,21.6276],[105.7562,21.6302],[105.7554,21.6299],[105.7545,21.6307],[105.7551,21.6322],[105.7526,21.6338],[105.7519,21.6336],[105.7504,21.6343],[105.7494,21.6324],[105.7487,21.6326],[105.7481,21.6318],[105.7474,21.6326],[105.746,21.633],[105.7444,21.6351],[105.7444,21.639],[105.7419,21.6403],[105.7434,21.6425],[105.7424,21.645],[105.7413,21.6457],[105.7414,21.6469],[105.7378,21.6493],[105.735,21.6495],[105.7333,21.6504],[105.7313,21.6536],[105.7316,21.6553],[105.7305,21.6565],[105.7316,21.6577],[105.7327,21.6577],[105.7327,21.6588],[105.7336,21.6595],[105.7329,21.6604],[105.733,21.6618],[105.7315,21.6616],[105.7312,21.662],[105.732,21.6625],[105.731,21.663]]]},"properties":{"code":"05809","name":"An Khánh","nameEn":"An Khanh","fullName":"Xã An Khánh","fullNameEn":"An Khanh Commune","codeName":"an_khanh","postalCode":"24635","postalCodePrefix":"","gisServerId":"diaphanhanhchinhcapxa_2025.1198","areaKm2":45.09},"id":"05809"},
{"type":"Feature","geometry":{"type":"Polygon","coordinates":[[[105.6457,21.6631],[105.6447,21.6646],[105.641,21.6666],[105.6393,21.6663],[105.6377,21.6672],[105.6353,21.6678],[105.6348,21.6686],[105.634,21.6679],[105.6324,21.6688],[105.6316,21.6681],[105.6316,21.6665],[105.6301,21.6665],[105.6298,21.6658],[105.6289,21.6658],[105.6288,21.6652],[105.6295,21.665],[105.6282,21.6641],[105.6276,21.6621],[105.6258,21.661],[105.6231,21.6614],[105.6229,21.6606],[105.6207,21.6592],[105.6207,21.658],[105.6214,21.6563],[105.6195,21.6555],[105.6177,21.6537],[105.6193,21.654],[105.6191,21.6531],[105.6183,21.6526],[105.6185,21.6518],[105.6179,21.6516],[105.6183,21.6508],[105.6165,21.6503],[105.6156,21.6511],[105.6134,21.6499],[105.612,21.6505],[105.611,21.6502],[105.6093,21.6487],[105.6097,21.6486],[105.6096,21.648],[105.6085,21.6482],[105.6095,21.6473],[105.6088,21.6463],[105.6068,21.6477],[105.6024,21.6489],[105.6018,21.6487],[105.6015,21.6482],[105.6022,21.6478],[105.6014,21.6481],[105.601,21.6485],[105.5989,21.6479],[105.5972,21.6483],[105.5918,21.6471],[105.5896,21.6446],[105.5858,21.6446],[105.5842,21.6435],[105.5833,21.6438],[105.5828,21.6426],[105.5817,21.6421],[105.581,21.6425],[105.5798,21.6413],[105.5787,21.6413],[105.5774,21.6419],[105.5763,21.6436],[105.5755,21.6432],[105.5753,21.6441],[105.5765,21.6459],[105.5778,21.6467],[105.5784,21.6484],[105.5776,21.6488],[105.5769,21.6482],[105.577,21.6501],[105.575,21.652],[105.5742,21.651],[105.5743,21.6516],[105.5729,21.6515],[105.5726,21.6519],[105.5732,21.6518],[105.5735,21.6524],[105.5726,21.6531],[105.5725,21.6539],[105.5713,21.6538],[105.5696,21.6545],[105.5657,21.6542],[105.5652,21.6547],[105.5646,21.6537],[105.558,21.65],[105.5562,21.6498],[105.5551,21.6517],[105.5512,21.65],[105.5509,21.6486],[105.5496,21.6489],[105.549,21.6483],[105.5481,21.6494],[105.5458,21.649],[105.5423,21.6473],[105.5351,21.6399],[105.5328,21.6383],[105.5307,21.638],[105.527,21.6352],[105.5257,21.6313],[105.5221,21.6288],[105.5114,21.6282],[105.508,21.6291],[105.5047,21.629],[105.5013,21.6304],[105.4987,21.6262],[105.4977,21.6234],[105.4977,21.6201],[105.4965,21.6183],[105.5003,21.614],[105.5041,21.6129],[105.5051,21.6122],[105.5052,21.6114],[105.507,21.6107],[105.5072,21.6094],[105.5098,21.6063],[105.5099,21.6044],[105.5138,21.6026],[105.5162,21.5988],[105.5174,21.5987],[105.5189,21.5969],[105.5201,21.5927],[105.5226,21.5906],[105.5243,21.5882],[105.5266,21.5822],[105.5366,21.5817],[105.5385,21.578],[105.5409,21.576],[105.5424,21.574],[105.5442,21.5733],[105.5495,21.5728],[105.5527,21.5738],[105.5537,21.5755],[105.5538,21.5775],[105.5537,21.578],[105.5538,21.5808],[105.5536,21.5814],[105.5538,21.582],[105.5547,21.5836],[105.5569,21.5871],[105.5571,21.5873],[105.5575,21.5877],[105.5583,21.5898],[105.5617,21.5913],[105.562,21.5915],[105.5632,21.5927],[105.5636,21.5929],[105.5678,21.5935],[105.5692,21.5955],[105.5695,21.596],[105.5701,21.5972],[105.5704,21.5974],[105.5707,21.5976],[105.5714,21.5984],[105.5742,21.5984],[105.5732,21.6012],[105.5745,21.6038],[105.5748,21.604],[105.5755,21.6043],[105.5762,21.6047],[105.5766,21.6049],[105.5768,21.6051],[105.577,21.6053],[105.5753,21.6085],[105.5754,21.6088],[105.5759,21.6115],[105.5762,21.6117],[105.5773,21.6121],[105.5781,21.6163],[105.5813,21.6202],[105.5833,21.6207],[105.5853,21.6226],[105.5851,21.6233],[105.5835,21.6233],[105.5842,21.6236],[105.5834,21.6243],[105.5827,21.6237],[105.5831,21.6253],[105.5843,21.6258],[105.5847,21.6254],[105.5867,21.6255],[105.5877,21.6262],[105.5926,21.6245],[105.5941,21.6251],[105.5943,21.6252],[105.5954,21.6261],[105.5956,21.6263],[105.5957,21.6265],[105.5958,21.6267],[105.5959,21.6271],[105.5963,21.6278],[105.5964,21.6281],[105.5979,21.6289],[105.5982,21.6289],[105.6031,21.6288],[105.6045,21.6297],[105.6063,21.6296],[105.6072,21.63],[105.6076,21.6303],[105.6079,21.6305],[105.6106,21.631],[105.6108,21.631],[105.6117,21.6316],[105.6121,21.6318],[105.6154,21.6319],[105.6171,21.6336],[105.6174,21.6339],[105.6175,21.6341],[105.6203,21.6338],[105.6211,21.6322],[105.6224,21.6321],[105.6225,21.6316],[105.6242,21.6315],[105.6265,21.6326],[105.6279,21.6316],[105.6288,21.6324],[105.6299,21.6326],[105.6344,21.6395],[105.6374,21.6409],[105.635,21.6416],[105.6357,21.6436],[105.635,21.6444],[105.6354,21.6449],[105.635,21.6463],[105.6358,21.6476],[105.6347,21.6489],[105.6353,21.6518],[105.6372,21.6535],[105.6373,21.6547],[105.6385,21.6563],[105.6381,21.6584],[105.6385,21.6597],[105.641,21.6605],[105.6412,21.6612],[105.643,21.6618],[105.6437,21.663],[105.6457,21.6631]]]},"properties":{"code":"05818","name":"La Bằng","nameEn":"La Bang","fullName":"Xã La Bằng","fullNameEn":"La Bang Commune","codeName":"la_bang","postalCode":"24618","postalCodePrefix":"","gisServerId":"diaphanhanhchinhcapxa_2025.1196","areaKm2":60.84},"id":"05818"},
{"type":"Feature","geometry":{"type":"Polygon","coordinates":[[[105.6225,21.6316],[105.6224,21.6321],[105.6211,21.6322],[105.6203,21.6338],[105.6175,21.6341],[105.6174,21.6339],[105.6171,21.6336],[105.6154,21.6319],[105.6121,21.6318],[105.6117,21.6316],[105.6108,21.631],[105.6106,21.631],[105.6079,21.6305],[105.6076,21.6303],[105.6072,21.63],[105.6063,21.6296],[105.6045,21.6297],[105.6031,21.6288],[105.5982,21.6289],[105.5979,21.6289],[105.5964,21.6281],[105.5963,21.6278],[105.5959,21.6271],[105.5958,21.6267],[105.5957,21.6265],[105.5956,21.6263],[105.5954,21.6261],[105.5943,21.6252],[105.5941,21.6251],[105.5926,21.6245],[105.5877,21.6262],[105.5867,21.6255],[105.5847,21.6254],[105.5843,21.6258],[105.5831,21.6253],[105.5827,21.6237],[105.5834,21.6243],[105.5842,21.6236],[105.5835,21.6233],[105.5851,21.6233],[105.5853,21.6226],[105.5833,21.6207],[105.5813,21.6202],[105.5781,21.6163],[105.5773,21.6121],[105.5762,21.6117],[105.5759,21.6115],[105.5754,21.6088],[105.5753,21.6085],[105.577,21.6053],[105.5768,21.6051],[105.5766,21.6049],[105.5762,21.6047],[105.5755,21.6043],[105.5748,21.604],[105.5745,21.6038],[105.5732,21.6012],[105.5742,21.5984],[105.5714,21.5984],[105.5707,21.5976],[105.5704,21.5974],[105.5701,21.5972],[105.5695,21.596],[105.5692,21.5955],[105.5678,21.5935],[105.5636,21.5929],[105.5632,21.5927],[105.562,21.5915],[105.5617,21.5913],[105.5583,21.5898],[105.5575,21.5877],[105.5571,21.5873],[105.5569,21.5871],[105.5547,21.5836],[105.5538,21.582],[105.5536,21.5814],[105.5538,21.5808],[105.5537,21.578],[105.5538,21.5775],[105.5537,21.5755],[105.5527,21.5738],[105.5583,21.5701],[105.5629,21.5604],[105.5632,21.5587],[105.566,21.5569],[105.5667,21.5547],[105.5679,21.5533],[105.5701,21.5526],[105.5723,21.5509],[105.5806,21.5411],[105.5837,21.54],[105.5834,21.5354],[105.588,21.5338],[105.5936,21.5342],[105.595,21.5336],[105.5969,21.5337],[105.6007,21.5445],[105.5998,21.5464],[105.6004,21.5484],[105.6006,21.554],[105.6024,21.5553],[105.6034,21.5569],[105.6067,21.5575],[105.6073,21.5594],[105.609,21.5604],[105.6092,21.5613],[105.6112,21.5634],[105.6113,21.5654],[105.6124,21.5659],[105.6121,21.5667],[105.6126,21.568],[105.6114,21.5693],[105.6118,21.5704],[105.6113,21.5713],[105.6091,21.5709],[105.6094,21.5716],[105.6059,21.5723],[105.6058,21.5731],[105.6068,21.5739],[105.6054,21.5765],[105.6068,21.5771],[105.6088,21.5771],[105.6099,21.5786],[105.6115,21.5795],[105.6132,21.5795],[105.6151,21.5819],[105.6162,21.5823],[105.6186,21.5822],[105.6212,21.5804],[105.6235,21.5798],[105.6261,21.5804],[105.6282,21.5822],[105.6315,21.5823],[105.6341,21.5834],[105.6376,21.583],[105.6388,21.584],[105.6418,21.584],[105.6438,21.5848],[105.6461,21.5846],[105.6449,21.5813],[105.6473,21.582],[105.6493,21.5814],[105.6504,21.5794],[105.6527,21.5779],[105.6531,21.5788],[105.6551,21.5787],[105.6554,21.5784],[105.6546,21.5774],[105.6585,21.5797],[105.6587,21.5803],[105.6575,21.5815],[105.6586,21.5833],[105.663,21.5816],[105.6692,21.5809],[105.6724,21.5831],[105.6779,21.59],[105.6684,21.5991],[105.661,21.6106],[105.6587,21.6149],[105.6585,21.6186],[105.6561,21.622],[105.6528,21.6235],[105.6491,21.6261],[105.6485,21.6255],[105.6488,21.6247],[105.6478,21.6241],[105.6461,21.6251],[105.6447,21.6239],[105.642,21.6243],[105.6396,21.6221],[105.6374,21.6235],[105.637,21.6223],[105.6353,21.6226],[105.6346,21.6218],[105.6312,21.624],[105.6307,21.626],[105.6292,21.6261],[105.6274,21.6273],[105.6257,21.6266],[105.6253,21.6281],[105.6235,21.6266],[105.6222,21.6269],[105.6213,21.6279],[105.622,21.6289],[105.6214,21.6299],[105.6222,21.6307],[105.6221,21.6318],[105.6225,21.6316]]]},"properties":{"code":"05830","name":"Đại Từ","nameEn":"Dai Tu","fullName":"Xã Đại Từ","fullNameEn":"Dai Tu Commune","codeName":"dai_tu","postalCode":"24636","postalCodePrefix":"","gisServerId":"diaphanhanhchinhcapxa_2025.1197","areaKm2":69.42},"id":"05830"},
{"type":"Feature","geometry":{"type":"Polygon","coordinates":[[[105.6686,21.5466],[105.6676,21.5475],[105.6667,21.5503],[105.6668,21.5518],[105.6677,21.5529],[105.6677,21.5557],[105.6693,21.559],[105.6698,21.5613],[105.6718,21.5631],[105.6709,21.5679],[105.6726,21.5706],[105.6813,21.5738],[105.684,21.5728],[105.6884,21.575],[105.6918,21.5741],[105.6935,21.5743],[105.7021,21.5769],[105.6895,21.5831],[105.6779,21.59],[105.6724,21.5831],[105.6692,21.5809],[105.663,21.5816],[105.6586,21.5833],[105.6575,21.5815],[105.6587,21.5803],[105.6585,21.5797],[105.6546,21.5774],[105.6554,21.5784],[105.6551,21.5787],[105.6531,21.5788],[105.6527,21.5779],[105.6504,21.5794],[105.6493,21.5814],[105.6473,21.582],[105.6449,21.5813],[105.6461,21.5846],[105.6438,21.5848],[105.6418,21.584],[105.6388,21.584],[105.6376,21.583],[105.6341,21.5834],[105.6315,21.5823],[105.6282,21.5822],[105.6261,21.5804],[105.6235,21.5798],[105.6212,21.5804],[105.6186,21.5822],[105.6162,21.5823],[105.6151,21.5819],[105.6132,21.5795],[105.6115,21.5795],[105.6099,21.5786],[105.6088,21.5771],[105.6068,21.5771],[105.6054,21.5765],[105.6068,21.5739],[105.6058,21.5731],[105.6059,21.5723],[105.6094,21.5716],[105.6091,21.5709],[105.6113,21.5713],[105.6118,21.5704],[105.6114,21.5693],[105.6126,21.568],[105.6121,21.5667],[105.6124,21.5659],[105.6113,21.5654],[105.6112,21.5634],[105.6092,21.5613],[105.609,21.5604],[105.6073,21.5594],[105.6067,21.5575],[105.6034,21.5569],[105.6024,21.5553],[105.6006,21.554],[105.6004,21.5484],[105.5998,21.5464],[105.6007,21.5445],[105.5969,21.5337],[105.5976,21.5335],[105.598,21.5327],[105.5999,21.5323],[105.6012,21.5311],[105.6012,21.5304],[105.6039,21.5291],[105.6058,21.5257],[105.6068,21.5251],[105.6074,21.5227],[105.6067,21.5202],[105.6068,21.5172],[105.6115,21.5127],[105.611,21.5085],[105.6115,21.506],[105.6165,21.5037],[105.618,21.5019],[105.6179,21.4996],[105.6194,21.499],[105.6219,21.5011],[105.6232,21.501],[105.6244,21.5017],[105.6259,21.5015],[105.6272,21.5004],[105.6318,21.5013],[105.6319,21.5029],[105.6311,21.5035],[105.6336,21.5047],[105.6339,21.5078],[105.6353,21.509],[105.6352,21.5116],[105.6367,21.5137],[105.637,21.515],[105.6428,21.5189],[105.6477,21.5209],[105.6495,21.5228],[105.6494,21.5237],[105.6505,21.5245],[105.6509,21.5255],[105.6519,21.5255],[105.6549,21.5294],[105.657,21.5298],[105.658,21.533],[105.6577,21.5334],[105.6601,21.5356],[105.6595,21.5373],[105.6602,21.5396],[105.6615,21.5404],[105.6617,21.5416],[105.6645,21.5446],[105.6686,21.5466]]]},"properties":{"code":"05845","name":"Vạn Phú","nameEn":"Van Phu","fullName":"Xã Vạn Phú","fullNameEn":"Van Phu Commune","codeName":"van_phu","postalCode":"24624","postalCodePrefix":"","gisServerId":"diaphanhanhchinhcapxa_2025.1229","areaKm2":51.2},"id":"05845"},
{"type":"Feature","geometry":{"type":"Polygon","coordinates":[[[105.7215,21.5169],[105.7183,21.5169],[105.7174,21.5187],[105.714,21.5214],[105.7123,21.5234],[105.7083,21.5237],[105.704,21.5277],[105.7017,21.5292],[105.7008,21.5305],[105.6995,21.5306],[105.6932,21.5342],[105.6906,21.5349],[105.6874,21.5374],[105.6769,21.5402],[105.6735,21.5433],[105.6688,21.546],[105.6686,21.5466],[105.6645,21.5446],[105.6617,21.5416],[105.6615,21.5404],[105.6602,21.5396],[105.6595,21.5373],[105.6601,21.5356],[105.6577,21.5334],[105.658,21.533],[105.657,21.5298],[105.6549,21.5294],[105.6519,21.5255],[105.6509,21.5255],[105.6505,21.5245],[105.6494,21.5237],[105.6495,21.5228],[105.6477,21.5209],[105.6428,21.5189],[105.637,21.515],[105.6367,21.5137],[105.6352,21.5116],[105.6353,21.509],[105.6339,21.5078],[105.6336,21.5047],[105.6311,21.5035],[105.6319,21.5029],[105.6318,21.5013],[105.6272,21.5004],[105.6259,21.5015],[105.6244,21.5017],[105.6232,21.501],[105.6219,21.5011],[105.6194,21.499],[105.6203,21.4987],[105.6223,21.4994],[105.6242,21.4972],[105.6285,21.4967],[105.635,21.4931],[105.6328,21.4882],[105.6333,21.4862],[105.6321,21.4852],[105.6311,21.4818],[105.6311,21.4791],[105.6367,21.4741],[105.6383,21.4739],[105.6416,21.4724],[105.644,21.4704],[105.6452,21.4686],[105.6456,21.4649],[105.6495,21.4611],[105.6519,21.4575],[105.6606,21.4595],[105.6663,21.4603],[105.6691,21.4582],[105.6716,21.4578],[105.6749,21.4581],[105.678,21.4562],[105.6827,21.4484],[105.6869,21.4441],[105.6873,21.4424],[105.6893,21.4424],[105.6919,21.4407],[105.6983,21.4386],[105.7038,21.4409],[105.7061,21.4397],[105.7073,21.4352],[105.7098,21.4339],[105.7113,21.4314],[105.7135,21.4303],[105.7126,21.4336],[105.7117,21.4348],[105.708,21.4354],[105.7084,21.437],[105.7053,21.4425],[105.7054,21.4432],[105.7065,21.4458],[105.7082,21.4465],[105.7103,21.45],[105.7117,21.4514],[105.7124,21.4514],[105.714,21.4532],[105.7129,21.4548],[105.715,21.4565],[105.7157,21.4599],[105.7177,21.4626],[105.7163,21.4644],[105.717,21.4645],[105.7173,21.466],[105.7179,21.466],[105.7185,21.4676],[105.7198,21.467],[105.7232,21.469],[105.723,21.4721],[105.7222,21.4728],[105.7251,21.4735],[105.7255,21.4744],[105.7264,21.4743],[105.7274,21.475],[105.7279,21.476],[105.7279,21.4781],[105.7267,21.4801],[105.7286,21.4815],[105.7315,21.4825],[105.7369,21.4828],[105.7365,21.4851],[105.7374,21.4857],[105.7371,21.4864],[105.7377,21.4872],[105.7373,21.4881],[105.7382,21.4905],[105.7382,21.4911],[105.7368,21.4919],[105.7357,21.4906],[105.7343,21.4917],[105.7345,21.4924],[105.7357,21.4925],[105.736,21.4932],[105.7347,21.495],[105.7354,21.4955],[105.7344,21.4967],[105.7329,21.4963],[105.7329,21.4976],[105.7297,21.4981],[105.7202,21.5058],[105.7136,21.51],[105.7099,21.5116],[105.7127,21.5129],[105.7133,21.5139],[105.7157,21.5134],[105.7163,21.5127],[105.7177,21.5134],[105.7173,21.5144],[105.7215,21.5169]]]},"properties":{"code":"05851","name":"Quân Chu","nameEn":"Quan Chu","fullName":"Xã Quân Chu","fullNameEn":"Quan Chu Commune","codeName":"quan_chu","postalCode":"24627","postalCodePrefix":"","gisServerId":"diaphanhanhchinhcapxa_2025.1193","areaKm2":79.38},"id":"05851"},
{"type":"Feature","geometry":{"type":"Polygon","coordinates":[[[105.7584,21.4914],[105.7573,21.492],[105.7563,21.4935],[105.7532,21.494],[105.7511,21.4966],[105.748,21.4966],[105.7463,21.4954],[105.7429,21.4971],[105.7419,21.4987],[105.7414,21.501],[105.7375,21.5042],[105.7361,21.5046],[105.7341,21.5065],[105.7335,21.5078],[105.7305,21.5094],[105.7288,21.5115],[105.7215,21.5169],[105.7173,21.5144],[105.7177,21.5134],[105.7163,21.5127],[105.7157,21.5134],[105.7133,21.5139],[105.7127,21.5129],[105.7099,21.5116],[105.7136,21.51],[105.7202,21.5058],[105.7297,21.4981],[105.7329,21.4976],[105.7329,21.4963],[105.7344,21.4967],[105.7354,21.4955],[105.7347,21.495],[105.736,21.4932],[105.7357,21.4925],[105.7345,21.4924],[105.7343,21.4917],[105.7357,21.4906],[105.7368,21.4919],[105.7382,21.4911],[105.7382,21.4905],[105.7373,21.4881],[105.7377,21.4872],[105.7371,21.4864],[105.7374,21.4857],[105.7365,21.4851],[105.7369,21.4828],[105.7315,21.4825],[105.7286,21.4815],[105.7267,21.4801],[105.7279,21.4781],[105.7279,21.476],[105.7274,21.475],[105.7264,21.4743],[105.7255,21.4744],[105.7251,21.4735],[105.7222,21.4728],[105.723,21.4721],[105.7232,21.469],[105.7198,21.467],[105.7185,21.4676],[105.7179,21.466],[105.7173,21.466],[105.717,21.4645],[105.7163,21.4644],[105.7177,21.4626],[105.7157,21.4599],[105.715,21.4565],[105.7129,21.4548],[105.714,21.4532],[105.7124,21.4514],[105.7117,21.4514],[105.7103,21.45],[105.7082,21.4465],[105.7065,21.4458],[105.7054,21.4432],[105.7053,21.4425],[105.7084,21.437],[105.708,21.4354],[105.7117,21.4348],[105.7126,21.4336],[105.7135,21.4303],[105.7156,21.4301],[105.72,21.4325],[105.7245,21.433],[105.7253,21.4271],[105.7246,21.4257],[105.7239,21.4207],[105.7224,21.4176],[105.721,21.4162],[105.7265,21.4157],[105.729,21.4167],[105.7295,21.4168],[105.7313,21.4176],[105.7342,21.4207],[105.7406,21.4232],[105.7438,21.4254],[105.7487,21.4301],[105.7499,21.4295],[105.7512,21.4279],[105.7511,21.4262],[105.7524,21.4247],[105.7515,21.4227],[105.7519,21.4219],[105.7536,21.4225],[105.7554,21.4255],[105.7581,21.4269],[105.7618,21.4299],[105.7648,21.4276],[105.7676,21.4266],[105.7705,21.4235],[105.7708,21.4225],[105.772,21.4218],[105.7732,21.4218],[105.7732,21.4212],[105.7758,21.4198],[105.7763,21.4197],[105.777,21.4211],[105.7779,21.4214],[105.7801,21.4208],[105.7814,21.4214],[105.7813,21.4227],[105.7827,21.4244],[105.7855,21.4214],[105.7851,21.4242],[105.7858,21.4245],[105.7888,21.4241],[105.7893,21.4248],[105.7902,21.4243],[105.7918,21.4199],[105.7938,21.4199],[105.7947,21.4205],[105.7953,21.4198],[105.7966,21.4197],[105.7968,21.4166],[105.7981,21.4154],[105.8018,21.415],[105.803,21.416],[105.805,21.415],[105.8054,21.4157],[105.8074,21.4158],[105.8106,21.4144],[105.8111,21.4151],[105.8122,21.4148],[105.8123,21.4137],[105.8135,21.4126],[105.8142,21.4138],[105.8146,21.4131],[105.8153,21.4135],[105.8159,21.4131],[105.8171,21.4132],[105.8174,21.4126],[105.819,21.4125],[105.8182,21.4142],[105.8194,21.4148],[105.8203,21.4162],[105.8208,21.4155],[105.8215,21.4161],[105.823,21.4159],[105.8231,21.4146],[105.8239,21.4145],[105.8261,21.4166],[105.8271,21.4163],[105.8278,21.4183],[105.827,21.4189],[105.8265,21.4186],[105.8265,21.4196],[105.8254,21.4199],[105.8253,21.4211],[105.8241,21.4211],[105.8231,21.4231],[105.8218,21.4238],[105.8239,21.4236],[105.8259,21.4243],[105.8281,21.4231],[105.8284,21.4241],[105.8296,21.424],[105.8303,21.4264],[105.8315,21.4268],[105.8293,21.4292],[105.8293,21.43],[105.8299,21.43],[105.8297,21.4306],[105.8271,21.4335],[105.8268,21.4366],[105.8301,21.437],[105.8303,21.44],[105.8318,21.4418],[105.8319,21.4443],[105.8316,21.4448],[105.8299,21.445],[105.8273,21.4543],[105.8262,21.4557],[105.8254,21.4549],[105.8244,21.4549],[105.8223,21.4584],[105.82,21.4586],[105.8124,21.4536],[105.8103,21.4536],[105.8077,21.4523],[105.8056,21.4499],[105.8017,21.4508],[105.8009,21.4525],[105.7968,21.4548],[105.7958,21.4589],[105.7935,21.4619],[105.793,21.4636],[105.7968,21.4683],[105.7938,21.47],[105.7932,21.471],[105.7888,21.4721],[105.7874,21.4733],[105.7867,21.4748],[105.7835,21.4761],[105.7827,21.4774],[105.7805,21.4784],[105.7793,21.4783],[105.7788,21.4774],[105.7761,21.4782],[105.7752,21.4796],[105.7758,21.4801],[105.7698,21.4821],[105.7677,21.4846],[105.7658,21.4858],[105.7657,21.4867],[105.7584,21.4914]]]},"properties":{"code":"05857","name":"Phúc Thuận","nameEn":"Phuc Thuan","fullName":"Phường Phúc Thuận","fullNameEn":"Phuc Thuan Ward","codeName":"phuc_thuan","postalCode":"24715","postalCodePrefix":"","gisServerId":"diaphanhanhchinhcapxa_2025.1231","areaKm2":74.16},"id":"05857"},
{"type":"Feature","geometry":{"type":"Polygon","coordinates":[[[105.9112,21.4332],[105.9102,21.4362],[105.9107,21.4366],[105.9101,21.4377],[105.9101,21.4395],[105.9087,21.44],[105.9087,21.4414],[105.9101,21.4422],[105.9086,21.4436],[105.9101,21.4454],[105.9093,21.4465],[105.9102,21.4476],[105.9108,21.4477],[105.9106,21.4485],[105.9094,21.4487],[105.9094,21.4499],[105.9112,21.4497],[105.9115,21.4507],[105.9097,21.4512],[105.9093,21.4527],[105.9096,21.4539],[105.9076,21.4544],[105.907,21.4557],[105.9056,21.4566],[105.9054,21.4575],[105.9047,21.4573],[105.9036,21.4598],[105.9027,21.4596],[105.9015,21.4602],[105.9003,21.4597],[105.897,21.4607],[105.8957,21.4593],[105.8956,21.4573],[105.892,21.4573],[105.8919,21.4699],[105.8891,21.4699],[105.8891,21.4725],[105.8908,21.4725],[105.8908,21.4742],[105.8919,21.4741],[105.8913,21.4788],[105.8903,21.4811],[105.8907,21.4815],[105.8899,21.4822],[105.8902,21.4839],[105.8887,21.4891],[105.8873,21.4898],[105.8876,21.4907],[105.887,21.4912],[105.8862,21.4902],[105.8848,21.4908],[105.8809,21.4885],[105.8812,21.488],[105.878,21.4871],[105.8779,21.4853],[105.8757,21.4829],[105.8741,21.4829],[105.873,21.4806],[105.8699,21.4774],[105.8685,21.4749],[105.8705,21.4739],[105.871,21.4724],[105.8704,21.4714],[105.8716,21.4674],[105.8716,21.4652],[105.8732,21.4638],[105.8732,21.4627],[105.8747,21.4602],[105.8742,21.4595],[105.8746,21.4589],[105.8735,21.4575],[105.8745,21.4558],[105.8754,21.4554],[105.8745,21.4546],[105.8726,21.4554],[105.8722,21.4542],[105.8726,21.4534],[105.8703,21.4511],[105.8695,21.4515],[105.8674,21.4505],[105.8654,21.4508],[105.8653,21.4501],[105.8642,21.4505],[105.8649,21.4485],[105.8622,21.4499],[105.8613,21.4478],[105.8644,21.4464],[105.8646,21.4472],[105.8652,21.4473],[105.866,21.4448],[105.8673,21.4445],[105.8673,21.4434],[105.8659,21.4437],[105.8658,21.4425],[105.8653,21.4429],[105.8638,21.4426],[105.8634,21.4394],[105.8622,21.439],[105.8613,21.4398],[105.8605,21.4394],[105.8602,21.4411],[105.8585,21.4407],[105.8573,21.441],[105.857,21.4421],[105.8557,21.443],[105.8552,21.442],[105.855,21.4431],[105.8539,21.4442],[105.8532,21.4438],[105.8525,21.4442],[105.8498,21.4439],[105.8497,21.443],[105.8491,21.4428],[105.8486,21.4437],[105.8478,21.4436],[105.8471,21.4442],[105.847,21.4437],[105.8447,21.4438],[105.8446,21.4445],[105.8441,21.444],[105.8436,21.4448],[105.842,21.445],[105.842,21.4455],[105.8387,21.4445],[105.8379,21.4452],[105.836,21.4452],[105.8349,21.4447],[105.8351,21.4439],[105.8344,21.4438],[105.8336,21.4449],[105.8332,21.4443],[105.8319,21.4443],[105.8318,21.4418],[105.8303,21.44],[105.8301,21.437],[105.8268,21.4366],[105.8271,21.4335],[105.8297,21.4306],[105.8299,21.43],[105.8293,21.43],[105.8293,21.4292],[105.8315,21.4268],[105.8303,21.4264],[105.8296,21.424],[105.8284,21.4241],[105.8281,21.4231],[105.8259,21.4243],[105.8239,21.4236],[105.8218,21.4238],[105.8231,21.4231],[105.8241,21.4211],[105.8253,21.4211],[105.8254,21.4199],[105.8265,21.4196],[105.8265,21.4186],[105.827,21.4189],[105.8278,21.4183],[105.8292,21.417],[105.829,21.4151],[105.83,21.4129],[105.83,21.4112],[105.8316,21.4096],[105.8343,21.4081],[105.8333,21.4066],[105.8347,21.4055],[105.8327,21.4043],[105.8328,21.4036],[105.8373,21.3972],[105.8394,21.3966],[105.8404,21.3982],[105.8415,21.398],[105.8423,21.3975],[105.8426,21.3958],[105.8484,21.395],[105.8528,21.3962],[105.8535,21.3975],[105.853,21.3974],[105.8529,21.3982],[105.8524,21.3978],[105.8522,21.3988],[105.854,21.3992],[105.8536,21.4001],[105.8537,21.4016],[105.8529,21.4025],[105.8519,21.4025],[105.8518,21.4035],[105.8489,21.4047],[105.8513,21.4084],[105.8569,21.4081],[105.8574,21.4074],[105.8589,21.4084],[105.8585,21.4061],[105.8592,21.4067],[105.8606,21.4067],[105.8617,21.406],[105.8635,21.4086],[105.8658,21.4099],[105.8685,21.4091],[105.8688,21.4079],[105.8696,21.4075],[105.8712,21.4083],[105.8729,21.4077],[105.8745,21.4083],[105.8761,21.4073],[105.8769,21.4086],[105.8777,21.4228],[105.8786,21.4228],[105.8787,21.4219],[105.8799,21.4214],[105.8802,21.4196],[105.8822,21.4179],[105.8823,21.4188],[105.8816,21.4189],[105.8817,21.4194],[105.8823,21.4194],[105.8824,21.4217],[105.8837,21.4212],[105.8846,21.422],[105.8849,21.4231],[105.886,21.4242],[105.8858,21.4252],[105.8895,21.4252],[105.8889,21.4311],[105.9047,21.4313],[105.9047,21.4336],[105.9066,21.4339],[105.9072,21.4328],[105.9112,21.4332]]]},"properties":{"code":"05860","name":"Phổ Yên","nameEn":"Pho Yen","fullName":"Phường Phổ Yên","fullNameEn":"Pho Yen Ward","codeName":"pho_yen","postalCode":"24724","postalCodePrefix":"","gisServerId":"diaphanhanhchinhcapxa_2025.1230","areaKm2":40.7},"id":"05860"},
{"type":"Feature","geometry":{"type":"Polygon","coordinates":[[[105.8278,21.4183],[105.8271,21.4163],[105.8261,21.4166],[105.8239,21.4145],[105.8231,21.4146],[105.823,21.4159],[105.8215,21.4161],[105.8208,21.4155],[105.8203,21.4162],[105.8194,21.4148],[105.8182,21.4142],[105.819,21.4125],[105.8174,21.4126],[105.8171,21.4132],[105.8159,21.4131],[105.8153,21.4135],[105.8146,21.4131],[105.8142,21.4138],[105.8135,21.4126],[105.8123,21.4137],[105.8122,21.4148],[105.8111,21.4151],[105.8106,21.4144],[105.8074,21.4158],[105.8054,21.4157],[105.805,21.415],[105.803,21.416],[105.8018,21.415],[105.7981,21.4154],[105.7968,21.4166],[105.7966,21.4197],[105.7953,21.4198],[105.7947,21.4205],[105.7938,21.4199],[105.7918,21.4199],[105.7902,21.4243],[105.7893,21.4248],[105.7888,21.4241],[105.7858,21.4245],[105.7851,21.4242],[105.7855,21.4214],[105.7827,21.4244],[105.7813,21.4227],[105.7814,21.4214],[105.7801,21.4208],[105.7779,21.4214],[105.777,21.4211],[105.7763,21.4197],[105.7758,21.4198],[105.7732,21.4212],[105.7732,21.4218],[105.772,21.4218],[105.7708,21.4225],[105.7705,21.4235],[105.7676,21.4266],[105.7648,21.4276],[105.7618,21.4299],[105.7581,21.4269],[105.7554,21.4255],[105.7536,21.4225],[105.7519,21.4219],[105.7515,21.4227],[105.7524,21.4247],[105.7511,21.4262],[105.7512,21.4279],[105.7499,21.4295],[105.7487,21.4301],[105.7438,21.4254],[105.7406,21.4232],[105.7342,21.4207],[105.7313,21.4176],[105.7295,21.4168],[105.729,21.4167],[105.7265,21.4157],[105.721,21.4162],[105.7222,21.4138],[105.7292,21.4093],[105.7334,21.41],[105.7361,21.4114],[105.7393,21.4147],[105.7454,21.4162],[105.7497,21.416],[105.7517,21.4138],[105.7559,21.4105],[105.7557,21.4092],[105.7576,21.4071],[105.7585,21.407],[105.7613,21.403],[105.763,21.4014],[105.763,21.4],[105.7639,21.3984],[105.7636,21.3967],[105.7643,21.3957],[105.7644,21.3942],[105.7655,21.3927],[105.7651,21.3922],[105.7659,21.3896],[105.7634,21.3874],[105.7622,21.3854],[105.7619,21.3828],[105.7598,21.3781],[105.7614,21.3767],[105.764,21.3766],[105.7668,21.3753],[105.7686,21.375],[105.7695,21.3734],[105.7698,21.3709],[105.7731,21.3707],[105.7729,21.3697],[105.7748,21.3676],[105.774,21.3653],[105.7754,21.3611],[105.7802,21.3597],[105.7833,21.3601],[105.7847,21.3596],[105.7858,21.3611],[105.7869,21.3667],[105.7858,21.3705],[105.7861,21.371],[105.7869,21.3708],[105.7872,21.372],[105.7878,21.3719],[105.7897,21.3733],[105.788,21.3758],[105.7893,21.376],[105.7902,21.3779],[105.7918,21.3785],[105.7923,21.3795],[105.7948,21.3797],[105.7953,21.3812],[105.7968,21.3811],[105.7966,21.3818],[105.7971,21.3819],[105.7967,21.3825],[105.799,21.3815],[105.8009,21.3854],[105.8015,21.3853],[105.8017,21.3847],[105.8039,21.3845],[105.8036,21.3839],[105.8049,21.3824],[105.8056,21.3829],[105.8075,21.383],[105.8103,21.3818],[105.8116,21.3819],[105.8128,21.3806],[105.8134,21.381],[105.8137,21.3829],[105.8165,21.383],[105.8166,21.3819],[105.8183,21.3811],[105.8191,21.38],[105.8211,21.3794],[105.8214,21.3779],[105.8235,21.3782],[105.8253,21.3768],[105.8289,21.3761],[105.8298,21.3752],[105.8303,21.3757],[105.8307,21.3752],[105.8304,21.3746],[105.8318,21.3743],[105.8318,21.3734],[105.8331,21.3735],[105.8337,21.373],[105.834,21.3737],[105.8351,21.3734],[105.836,21.3743],[105.8362,21.3753],[105.8374,21.3767],[105.8386,21.3765],[105.8396,21.3774],[105.8431,21.3774],[105.8446,21.377],[105.8469,21.3774],[105.8461,21.3803],[105.8471,21.381],[105.848,21.3809],[105.8505,21.3783],[105.8518,21.3781],[105.8522,21.3791],[105.8501,21.3824],[105.8501,21.3871],[105.8508,21.3906],[105.8534,21.3941],[105.8535,21.3955],[105.8528,21.3962],[105.8484,21.395],[105.8426,21.3958],[105.8423,21.3975],[105.8415,21.398],[105.8404,21.3982],[105.8394,21.3966],[105.8373,21.3972],[105.8328,21.4036],[105.8327,21.4043],[105.8347,21.4055],[105.8333,21.4066],[105.8343,21.4081],[105.8316,21.4096],[105.83,21.4112],[105.83,21.4129],[105.829,21.4151],[105.8292,21.417],[105.8278,21.4183]]]},"properties":{"code":"05881","name":"Thành Công","nameEn":"Thanh Cong","fullName":"Xã Thành Công","fullNameEn":"Thanh Cong Commune","codeName":"thanh_cong","postalCode":"24712","postalCodePrefix":"","gisServerId":"diaphanhanhchinhcapxa_2025.1233","areaKm2":43.45},"id":"05881"},
{"type":"Feature","geometry":{"type":"Polygon","coordinates":[[[105.9112,21.4332],[105.9072,21.4328],[105.9066,21.4339],[105.9047,21.4336],[105.9047,21.4313],[105.8889,21.4311],[105.8895,21.4252],[105.8858,21.4252],[105.886,21.4242],[105.8849,21.4231],[105.8846,21.422],[105.8837,21.4212],[105.8824,21.4217],[105.8823,21.4194],[105.8817,21.4194],[105.8816,21.4189],[105.8823,21.4188],[105.8822,21.4179],[105.8802,21.4196],[105.8799,21.4214],[105.8787,21.4219],[105.8786,21.4228],[105.8777,21.4228],[105.8769,21.4086],[105.8761,21.4073],[105.8745,21.4083],[105.8729,21.4077],[105.8712,21.4083],[105.8696,21.4075],[105.8688,21.4079],[105.8685,21.4091],[105.8658,21.4099],[105.8635,21.4086],[105.8617,21.406],[105.8606,21.4067],[105.8592,21.4067],[105.8585,21.4061],[105.8589,21.4084],[105.8574,21.4074],[105.8569,21.4081],[105.8513,21.4084],[105.8489,21.4047],[105.8518,21.4035],[105.8519,21.4025],[105.8529,21.4025],[105.8537,21.4016],[105.8536,21.4001],[105.854,21.3992],[105.8522,21.3988],[105.8524,21.3978],[105.8529,21.3982],[105.853,21.3974],[105.8535,21.3975],[105.8528,21.3962],[105.8535,21.3955],[105.8534,21.3941],[105.8508,21.3906],[105.8501,21.3871],[105.8501,21.3824],[105.8522,21.3791],[105.8551,21.3779],[105.8582,21.378],[105.8588,21.3782],[105.8583,21.3788],[105.8585,21.3799],[105.8578,21.3802],[105.8589,21.3806],[105.8587,21.3809],[105.8604,21.3799],[105.8607,21.3804],[105.8618,21.3804],[105.8619,21.3791],[105.8652,21.3789],[105.8644,21.3773],[105.8652,21.3766],[105.8662,21.3767],[105.8674,21.375],[105.8688,21.3751],[105.869,21.3735],[105.8698,21.3731],[105.8725,21.3745],[105.8724,21.3752],[105.8728,21.3752],[105.873,21.3761],[105.8735,21.3761],[105.8732,21.3749],[105.8742,21.3746],[105.8747,21.375],[105.8776,21.3752],[105.8778,21.3758],[105.8772,21.3761],[105.8771,21.3767],[105.8783,21.3755],[105.8776,21.3743],[105.8782,21.3742],[105.8786,21.3732],[105.88,21.3727],[105.8805,21.3751],[105.8817,21.3755],[105.8814,21.377],[105.8821,21.3774],[105.8824,21.377],[105.8833,21.3784],[105.8857,21.3787],[105.8865,21.3782],[105.8875,21.3789],[105.8875,21.3808],[105.8881,21.382],[105.8898,21.3829],[105.8901,21.3842],[105.8925,21.3849],[105.8931,21.3895],[105.8941,21.3901],[105.8935,21.3906],[105.8953,21.392],[105.8956,21.3913],[105.896,21.3914],[105.8956,21.3935],[105.8964,21.3941],[105.8967,21.3935],[105.8963,21.3928],[105.8969,21.3924],[105.8965,21.3915],[105.8975,21.3907],[105.8989,21.3907],[105.8989,21.3901],[105.8998,21.3901],[105.9006,21.3895],[105.9008,21.39],[105.9023,21.3899],[105.9026,21.3889],[105.904,21.3883],[105.9043,21.3862],[105.9031,21.3861],[105.9031,21.3857],[105.9055,21.3857],[105.9065,21.3848],[105.9065,21.3854],[105.9073,21.3855],[105.9074,21.3866],[105.909,21.3863],[105.9087,21.3847],[105.9092,21.3836],[105.9101,21.383],[105.9101,21.3814],[105.9111,21.3799],[105.9136,21.3788],[105.9127,21.3774],[105.9139,21.3764],[105.9138,21.3751],[105.9171,21.3725],[105.9225,21.3747],[105.936,21.3718],[105.9379,21.3719],[105.94,21.373],[105.9437,21.3792],[105.9441,21.3849],[105.9451,21.3896],[105.9445,21.3922],[105.942,21.3948],[105.9409,21.399],[105.9384,21.4008],[105.9357,21.401],[105.9349,21.4019],[105.9317,21.4057],[105.9302,21.4098],[105.9295,21.4102],[105.9297,21.411],[105.9282,21.4119],[105.9279,21.4129],[105.9254,21.4129],[105.9235,21.4134],[105.9229,21.4142],[105.9217,21.4137],[105.9212,21.4142],[105.9202,21.414],[105.9203,21.4146],[105.9196,21.4147],[105.9186,21.4133],[105.9175,21.4133],[105.9158,21.4159],[105.9148,21.4158],[105.915,21.4166],[105.9135,21.4193],[105.9143,21.4197],[105.9138,21.4202],[105.9146,21.4207],[105.9134,21.4229],[105.9141,21.4238],[105.914,21.4255],[105.9127,21.4256],[105.9126,21.4263],[105.9113,21.4268],[105.9102,21.4285],[105.9108,21.4309],[105.9118,21.432],[105.9112,21.4332]]]},"properties":{"code":"05890","name":"Vạn Xuân","nameEn":"Van Xuan","fullName":"Phường Vạn Xuân","fullNameEn":"Van Xuan Ward","codeName":"van_xuan","postalCode":"24725","postalCodePrefix":"","gisServerId":"diaphanhanhchinhcapxa_2025.1232","areaKm2":40.2},"id":"05890"},
{"type":"Feature","geometry":{"type":"Polygon","coordinates":[[[105.9138,21.3751],[105.9139,21.3764],[105.9127,21.3774],[105.9136,21.3788],[105.9111,21.3799],[105.9101,21.3814],[105.9101,21.383],[105.9092,21.3836],[105.9087,21.3847],[105.909,21.3863],[105.9074,21.3866],[105.9073,21.3855],[105.9065,21.3854],[105.9065,21.3848],[105.9055,21.3857],[105.9031,21.3857],[105.9031,21.3861],[105.9043,21.3862],[105.904,21.3883],[105.9026,21.3889],[105.9023,21.3899],[105.9008,21.39],[105.9006,21.3895],[105.8998,21.3901],[105.8989,21.3901],[105.8989,21.3907],[105.8975,21.3907],[105.8965,21.3915],[105.8969,21.3924],[105.8963,21.3928],[105.8967,21.3935],[105.8964,21.3941],[105.8956,21.3935],[105.896,21.3914],[105.8956,21.3913],[105.8953,21.392],[105.8935,21.3906],[105.8941,21.3901],[105.8931,21.3895],[105.8925,21.3849],[105.8901,21.3842],[105.8898,21.3829],[105.8881,21.382],[105.8875,21.3808],[105.8875,21.3789],[105.8865,21.3782],[105.8857,21.3787],[105.8833,21.3784],[105.8824,21.377],[105.8821,21.3774],[105.8814,21.377],[105.8817,21.3755],[105.8805,21.3751],[105.88,21.3727],[105.8786,21.3732],[105.8782,21.3742],[105.8776,21.3743],[105.8783,21.3755],[105.8771,21.3767],[105.8772,21.3761],[105.8778,21.3758],[105.8776,21.3752],[105.8747,21.375],[105.8742,21.3746],[105.8732,21.3749],[105.8735,21.3761],[105.873,21.3761],[105.8728,21.3752],[105.8724,21.3752],[105.8725,21.3745],[105.8698,21.3731],[105.869,21.3735],[105.8688,21.3751],[105.8674,21.375],[105.8662,21.3767],[105.8652,21.3766],[105.8644,21.3773],[105.8652,21.3789],[105.8619,21.3791],[105.8618,21.3804],[105.8607,21.3804],[105.8604,21.3799],[105.8587,21.3809],[105.8589,21.3806],[105.8578,21.3802],[105.8585,21.3799],[105.8583,21.3788],[105.8588,21.3782],[105.8582,21.378],[105.8551,21.3779],[105.8522,21.3791],[105.8518,21.3781],[105.8505,21.3783],[105.848,21.3809],[105.8471,21.381],[105.8461,21.3803],[105.8469,21.3774],[105.8493,21.3743],[105.8557,21.376],[105.8567,21.3759],[105.8584,21.3746],[105.8579,21.3715],[105.8581,21.3686],[105.8572,21.3677],[105.856,21.3678],[105.8554,21.3673],[105.8547,21.3646],[105.8534,21.3625],[105.8537,21.3594],[105.8517,21.3575],[105.8519,21.3555],[105.8541,21.3537],[105.8547,21.3525],[105.8526,21.3509],[105.8523,21.3493],[105.8531,21.3483],[105.857,21.347],[105.8587,21.3458],[105.8584,21.3452],[105.8565,21.346],[105.8557,21.3445],[105.8558,21.3426],[105.8568,21.3417],[105.8582,21.3385],[105.8596,21.3379],[105.8616,21.3383],[105.8629,21.3378],[105.8632,21.3364],[105.8657,21.3336],[105.8666,21.3285],[105.8685,21.327],[105.8695,21.3277],[105.8706,21.3295],[105.8714,21.3297],[105.8756,21.3279],[105.8839,21.3275],[105.8902,21.3257],[105.8924,21.3261],[105.89,21.3268],[105.8871,21.3289],[105.8851,21.3331],[105.8813,21.3363],[105.8815,21.3385],[105.8871,21.346],[105.8888,21.346],[105.8926,21.3437],[105.8964,21.3429],[105.9033,21.3448],[105.906,21.3469],[105.9083,21.3502],[105.9084,21.3513],[105.9078,21.3521],[105.9048,21.3524],[105.8988,21.3496],[105.8966,21.35],[105.8957,21.3508],[105.8955,21.3519],[105.8961,21.353],[105.8998,21.3555],[105.9011,21.357],[105.905,21.3639],[105.906,21.3674],[105.909,21.374],[105.9113,21.3758],[105.9138,21.3751]]]},"properties":{"code":"05899","name":"Trung Thành","nameEn":"Trung Thanh","fullName":"Phường Trung Thành","fullNameEn":"Trung Thanh Ward","codeName":"trung_thanh","postalCode":"24717","postalCodePrefix":"","gisServerId":"diaphanhanhchinhcapxa_2025.1234","areaKm2":25.84},"id":"05899"},
{"type":"Feature","geometry":{"type":"Polygon","coordinates":[[[105.9636,21.5204],[105.9635,21.5207],[105.9631,21.5205],[105.9615,21.5176],[105.9603,21.5179],[105.9592,21.5172],[105.9563,21.5173],[105.9563,21.5178],[105.9557,21.518],[105.9531,21.517],[105.9524,21.5179],[105.9514,21.5151],[105.9495,21.5153],[105.9476,21.5144],[105.9458,21.5143],[105.9451,21.513],[105.943,21.5133],[105.9424,21.5154],[105.9418,21.5146],[105.9406,21.515],[105.9396,21.5143],[105.9403,21.5124],[105.9384,21.5119],[105.9381,21.511],[105.9378,21.5124],[105.9363,21.5121],[105.9361,21.5106],[105.9368,21.5099],[105.9357,21.5083],[105.9368,21.5081],[105.9368,21.507],[105.9358,21.5055],[105.9363,21.505],[105.9364,21.5036],[105.9348,21.502],[105.9338,21.503],[105.9327,21.5011],[105.9314,21.5017],[105.932,21.5007],[105.9313,21.5008],[105.9311,21.5001],[105.9331,21.4968],[105.9329,21.4954],[105.9297,21.4939],[105.9242,21.4875],[105.9185,21.4825],[105.9169,21.483],[105.9165,21.4813],[105.915,21.4814],[105.9157,21.4797],[105.917,21.4798],[105.9171,21.4786],[105.9197,21.4785],[105.9203,21.4769],[105.9222,21.4763],[105.9238,21.4748],[105.9243,21.4751],[105.9262,21.4731],[105.9262,21.4715],[105.927,21.4693],[105.9258,21.4652],[105.9262,21.4632],[105.9267,21.4627],[105.9315,21.4621],[105.9328,21.4601],[105.9326,21.4587],[105.9339,21.4578],[105.9345,21.4566],[105.934,21.4534],[105.9349,21.4523],[105.9345,21.4522],[105.935,21.4502],[105.9344,21.4488],[105.9337,21.448],[105.932,21.4481],[105.9314,21.4477],[105.9309,21.4471],[105.9314,21.4465],[105.93,21.4452],[105.9308,21.4443],[105.9304,21.444],[105.9285,21.4431],[105.9274,21.4441],[105.9261,21.4433],[105.9264,21.4422],[105.9255,21.4422],[105.9258,21.4408],[105.9252,21.4388],[105.9272,21.4367],[105.9291,21.4375],[105.9307,21.4371],[105.9321,21.4357],[105.9329,21.4364],[105.9334,21.4352],[105.934,21.4351],[105.934,21.434],[105.9354,21.4332],[105.9378,21.4326],[105.94,21.4328],[105.9414,21.4336],[105.9422,21.4331],[105.9425,21.4344],[105.9432,21.4343],[105.9444,21.4365],[105.9451,21.4366],[105.9446,21.4377],[105.9463,21.4384],[105.9478,21.4379],[105.9476,21.4387],[105.9484,21.4385],[105.9488,21.4392],[105.9524,21.4411],[105.9532,21.4405],[105.9544,21.441],[105.9575,21.4441],[105.9633,21.4441],[105.9646,21.4455],[105.9653,21.4455],[105.9658,21.4448],[105.9675,21.4457],[105.9689,21.4454],[105.9697,21.4445],[105.9691,21.444],[105.9714,21.4439],[105.9718,21.4446],[105.9733,21.444],[105.9742,21.4426],[105.9754,21.4424],[105.9757,21.4436],[105.9766,21.443],[105.9786,21.4439],[105.9785,21.4456],[105.9811,21.4456],[105.9843,21.4485],[105.9885,21.4485],[105.9909,21.4473],[105.9952,21.4514],[105.9956,21.4532],[105.9964,21.4535],[105.9969,21.4548],[105.997,21.4565],[105.9978,21.4578],[105.9974,21.4586],[105.9985,21.4589],[105.9994,21.4601],[105.9996,21.4615],[105.9986,21.4612],[105.9977,21.4629],[105.996,21.4636],[105.9948,21.4634],[105.9937,21.4623],[105.9903,21.4623],[105.9898,21.4657],[105.9911,21.4677],[105.993,21.469],[105.9922,21.4732],[105.991,21.4738],[105.9921,21.4755],[105.9912,21.4772],[105.9895,21.4781],[105.9883,21.4805],[105.9871,21.481],[105.9874,21.4826],[105.9848,21.4836],[105.9848,21.4851],[105.9829,21.4858],[105.9819,21.4851],[105.9818,21.4843],[105.9805,21.4837],[105.9791,21.4843],[105.9785,21.4839],[105.9775,21.4846],[105.9767,21.4842],[105.9748,21.4844],[105.9737,21.483],[105.9738,21.4823],[105.9731,21.4819],[105.9728,21.4807],[105.9711,21.4801],[105.9703,21.4801],[105.9695,21.4807],[105.9689,21.4798],[105.9678,21.4798],[105.9674,21.4804],[105.9676,21.4798],[105.9664,21.4797],[105.9653,21.4808],[105.961,21.4812],[105.9616,21.4832],[105.9608,21.4836],[105.9608,21.4851],[105.9617,21.4855],[105.9609,21.4861],[105.961,21.4877],[105.9623,21.4884],[105.9621,21.4899],[105.9634,21.4894],[105.9633,21.4914],[105.9655,21.4922],[105.9651,21.4936],[105.9663,21.4947],[105.9681,21.5],[105.969,21.5007],[105.9697,21.5028],[105.9705,21.5033],[105.9703,21.5046],[105.971,21.5052],[105.9709,21.5059],[105.9723,21.5071],[105.9716,21.5074],[105.9713,21.5091],[105.9707,21.5097],[105.971,21.5103],[105.9706,21.5114],[105.9698,21.5113],[105.9694,21.5124],[105.9687,21.5127],[105.9688,21.5136],[105.9695,21.5142],[105.9642,21.5186],[105.9636,21.5204]]]},"properties":{"code":"05908","name":"Phú Bình","nameEn":"Phu Binh","fullName":"Xã Phú Bình","fullNameEn":"Phu Binh Commune","codeName":"phu_binh","postalCode":"24926","postalCodePrefix":"","gisServerId":"diaphanhanhchinhcapxa_2025.1235","areaKm2":44.18},"id":"05908"},
{"type":"Feature","geometry":{"type":"Polygon","coordinates":[[[105.9355,21.5847],[105.934,21.5853],[105.9333,21.5865],[105.9316,21.5857],[105.9272,21.5868],[105.9259,21.5879],[105.925,21.5872],[105.9232,21.5869],[105.9231,21.5881],[105.9221,21.5891],[105.9211,21.5891],[105.9202,21.5884],[105.9202,21.5895],[105.9194,21.5897],[105.9193,21.5908],[105.918,21.591],[105.9182,21.5898],[105.9159,21.5891],[105.9159,21.5879],[105.9152,21.5879],[105.9139,21.586],[105.9128,21.5857],[105.9137,21.5839],[105.9118,21.5821],[105.9117,21.5814],[105.9135,21.5762],[105.9139,21.5754],[105.9146,21.5753],[105.9147,21.5705],[105.9162,21.5695],[105.9151,21.569],[105.9142,21.5669],[105.9131,21.5668],[105.9117,21.5649],[105.9104,21.5653],[105.9101,21.5636],[105.9072,21.5635],[105.9101,21.5603],[105.9095,21.5542],[105.9109,21.5474],[105.9109,21.5468],[105.9093,21.5469],[105.9089,21.5462],[105.9082,21.5463],[105.907,21.5442],[105.9072,21.5437],[105.9078,21.5437],[105.9078,21.5429],[105.9061,21.5424],[105.9068,21.5418],[105.9081,21.542],[105.9079,21.5404],[105.9088,21.5394],[105.909,21.5376],[105.9059,21.5342],[105.9058,21.5316],[105.9097,21.5257],[105.9129,21.5225],[105.9146,21.5189],[105.9161,21.5168],[105.9186,21.515],[105.9204,21.5148],[105.9259,21.5164],[105.927,21.5163],[105.9272,21.5158],[105.9262,21.5125],[105.9238,21.5093],[105.9226,21.5083],[105.92,21.5074],[105.915,21.5019],[105.9143,21.499],[105.915,21.4971],[105.9168,21.4959],[105.9204,21.4952],[105.9235,21.498],[105.9261,21.4995],[105.9286,21.5003],[105.9311,21.5001],[105.9313,21.5008],[105.932,21.5007],[105.9314,21.5017],[105.9327,21.5011],[105.9338,21.503],[105.9348,21.502],[105.9364,21.5036],[105.9363,21.505],[105.9358,21.5055],[105.9368,21.507],[105.9368,21.5081],[105.9357,21.5083],[105.9368,21.5099],[105.9361,21.5106],[105.9363,21.5121],[105.9378,21.5124],[105.9381,21.511],[105.9384,21.5119],[105.9403,21.5124],[105.9396,21.5143],[105.9406,21.515],[105.9418,21.5146],[105.9424,21.5154],[105.943,21.5133],[105.9451,21.513],[105.9458,21.5143],[105.9476,21.5144],[105.9495,21.5153],[105.9514,21.5151],[105.9524,21.5179],[105.9531,21.517],[105.9557,21.518],[105.9563,21.5178],[105.9563,21.5173],[105.9592,21.5172],[105.9603,21.5179],[105.9615,21.5176],[105.9631,21.5205],[105.9635,21.5207],[105.9636,21.5204],[105.9652,21.5222],[105.9648,21.5223],[105.9656,21.524],[105.9673,21.5246],[105.9677,21.5261],[105.9688,21.5265],[105.9703,21.5261],[105.9715,21.5281],[105.973,21.5283],[105.9729,21.5297],[105.9736,21.5293],[105.9741,21.5301],[105.974,21.5312],[105.9745,21.5315],[105.9737,21.5321],[105.9735,21.5336],[105.9757,21.5342],[105.9754,21.5358],[105.9763,21.5384],[105.9752,21.5416],[105.9739,21.5423],[105.975,21.5451],[105.9778,21.5468],[105.98,21.547],[105.9807,21.5477],[105.9826,21.5477],[105.9835,21.5483],[105.9843,21.5474],[105.9852,21.5481],[105.9855,21.5492],[105.989,21.551],[105.9893,21.5538],[105.9901,21.5551],[105.9904,21.5568],[105.9931,21.5573],[105.9949,21.5584],[105.9949,21.5608],[105.9942,21.5616],[105.9945,21.5622],[105.9924,21.5628],[105.9877,21.5618],[105.985,21.5624],[105.982,21.5609],[105.98,21.5612],[105.9775,21.5623],[105.9743,21.5614],[105.9727,21.5615],[105.9709,21.5623],[105.9695,21.5649],[105.9677,21.5646],[105.9668,21.5687],[105.9659,21.5686],[105.9652,21.5696],[105.9618,21.5717],[105.9595,21.5721],[105.9574,21.5713],[105.957,21.5679],[105.955,21.567],[105.9546,21.5642],[105.9514,21.5638],[105.9495,21.5647],[105.9488,21.5663],[105.9477,21.5662],[105.9472,21.5673],[105.9459,21.5675],[105.9445,21.5669],[105.9435,21.5655],[105.9432,21.5658],[105.9429,21.5647],[105.9412,21.5653],[105.9401,21.5659],[105.9408,21.5665],[105.9399,21.5673],[105.9394,21.5698],[105.9399,21.5719],[105.9384,21.5742],[105.9386,21.5774],[105.9374,21.5783],[105.9377,21.5787],[105.9367,21.5804],[105.9355,21.5812],[105.9356,21.5834],[105.9363,21.5834],[105.9367,21.5842],[105.9355,21.5847]]]},"properties":{"code":"05917","name":"Tân Khánh","nameEn":"Tan Khanh","fullName":"Xã Tân Khánh","fullNameEn":"Tan Khanh Commune","codeName":"tan_khanh","postalCode":"24910","postalCodePrefix":"","gisServerId":"diaphanhanhchinhcapxa_2025.1236","areaKm2":48.31},"id":"05917"},
{"type":"Feature","geometry":{"type":"Polygon","coordinates":[[[106.0437,21.5208],[106.0381,21.5217],[106.0378,21.5227],[106.0365,21.5239],[106.0371,21.5251],[106.0369,21.526],[106.0337,21.5296],[106.0338,21.531],[106.0318,21.5314],[106.0303,21.5305],[106.0302,21.5332],[106.0311,21.5343],[106.0297,21.5352],[106.0288,21.5371],[106.0288,21.5382],[106.0296,21.5389],[106.0275,21.5406],[106.028,21.5435],[106.0288,21.5449],[106.0271,21.5468],[106.0271,21.5475],[106.0247,21.5476],[106.0234,21.5493],[106.0214,21.5503],[106.0203,21.5517],[106.0178,21.5519],[106.0178,21.5534],[106.0161,21.555],[106.0144,21.5552],[106.01,21.5575],[106.0082,21.5576],[106.0068,21.5554],[106.0056,21.5553],[106.0041,21.5538],[105.9998,21.5576],[105.9957,21.5576],[105.9949,21.5584],[105.9931,21.5573],[105.9904,21.5568],[105.9901,21.5551],[105.9893,21.5538],[105.989,21.551],[105.9855,21.5492],[105.9852,21.5481],[105.9843,21.5474],[105.9835,21.5483],[105.9826,21.5477],[105.9807,21.5477],[105.98,21.547],[105.9778,21.5468],[105.975,21.5451],[105.9739,21.5423],[105.9752,21.5416],[105.9763,21.5384],[105.9754,21.5358],[105.9757,21.5342],[105.9735,21.5336],[105.9737,21.5321],[105.9745,21.5315],[105.974,21.5312],[105.9741,21.5301],[105.9736,21.5293],[105.9729,21.5297],[105.973,21.5283],[105.9715,21.5281],[105.9703,21.5261],[105.9688,21.5265],[105.9677,21.5261],[105.9673,21.5246],[105.9656,21.524],[105.9648,21.5223],[105.9652,21.5222],[105.9636,21.5204],[105.9642,21.5186],[105.9695,21.5142],[105.9688,21.5136],[105.9687,21.5127],[105.9694,21.5124],[105.9698,21.5113],[105.9706,21.5114],[105.971,21.5103],[105.9707,21.5097],[105.9713,21.5091],[105.9716,21.5074],[105.9723,21.5071],[105.9709,21.5059],[105.971,21.5052],[105.9703,21.5046],[105.9705,21.5033],[105.9697,21.5028],[105.969,21.5007],[105.9681,21.5],[105.9663,21.4947],[105.9651,21.4936],[105.9655,21.4922],[105.9633,21.4914],[105.9634,21.4894],[105.9621,21.4899],[105.9623,21.4884],[105.961,21.4877],[105.9609,21.4861],[105.9617,21.4855],[105.9608,21.4851],[105.9608,21.4836],[105.9616,21.4832],[105.961,21.4812],[105.9653,21.4808],[105.9664,21.4797],[105.9676,21.4798],[105.9674,21.4804],[105.9678,21.4798],[105.9689,21.4798],[105.9695,21.4807],[105.9703,21.4801],[105.9711,21.4801],[105.9728,21.4807],[105.9731,21.4819],[105.9738,21.4823],[105.9737,21.483],[105.9748,21.4844],[105.9767,21.4842],[105.9775,21.4846],[105.9785,21.4839],[105.9791,21.4843],[105.9805,21.4837],[105.9818,21.4843],[105.9819,21.4851],[105.9829,21.4858],[105.9848,21.4851],[105.9848,21.4836],[105.9874,21.4826],[105.9871,21.481],[105.9883,21.4805],[105.9895,21.4781],[105.9912,21.4772],[105.9921,21.4755],[105.991,21.4738],[105.9922,21.4732],[105.993,21.469],[105.9911,21.4677],[105.9898,21.4657],[105.9903,21.4623],[105.9937,21.4623],[105.9948,21.4634],[105.996,21.4636],[105.9977,21.4629],[105.9986,21.4612],[105.9996,21.4615],[105.9994,21.4601],[105.9985,21.4589],[105.9974,21.4586],[105.9978,21.4578],[105.997,21.4565],[105.9999,21.4529],[106.0036,21.4521],[106.0066,21.4496],[106.0146,21.4481],[106.0166,21.4482],[106.0173,21.4488],[106.016,21.4498],[106.0167,21.4512],[106.0161,21.4518],[106.0166,21.4521],[106.0155,21.4532],[106.016,21.4535],[106.0157,21.4547],[106.0168,21.4548],[106.0177,21.4575],[106.0228,21.4592],[106.0237,21.4601],[106.0248,21.4599],[106.0246,21.4607],[106.0256,21.461],[106.0256,21.4617],[106.0265,21.4626],[106.0279,21.4628],[106.0293,21.4649],[106.0318,21.4646],[106.0319,21.4661],[106.0327,21.4674],[106.0327,21.4699],[106.032,21.4699],[106.0324,21.4706],[106.0335,21.4703],[106.034,21.4711],[106.0337,21.4723],[106.0349,21.4731],[106.0377,21.4736],[106.0376,21.473],[106.0385,21.4725],[106.0391,21.4731],[106.0409,21.4725],[106.042,21.4728],[106.043,21.4738],[106.0433,21.4732],[106.0437,21.474],[106.045,21.4739],[106.0448,21.4754],[106.0456,21.4755],[106.046,21.477],[106.0474,21.4781],[106.0472,21.4803],[106.0477,21.4812],[106.0474,21.482],[106.0455,21.4834],[106.0453,21.4843],[106.0407,21.487],[106.039,21.4897],[106.0379,21.4903],[106.0381,21.4913],[106.0392,21.4914],[106.0393,21.4927],[106.0398,21.4932],[106.0392,21.4931],[106.0406,21.4954],[106.0428,21.4972],[106.0432,21.4981],[106.0432,21.5025],[106.044,21.5045],[106.0451,21.5056],[106.0458,21.5083],[106.0446,21.5113],[106.0444,21.5136],[106.0419,21.5143],[106.0411,21.5157],[106.0411,21.5166],[106.0445,21.5183],[106.0437,21.5208]]]},"properties":{"code":"05923","name":"Tân Thành","nameEn":"Tan Thanh","fullName":"Xã Tân Thành","fullNameEn":"Tan Thanh Commune","codeName":"tan_thanh","postalCode":"24908","postalCodePrefix":"","gisServerId":"diaphanhanhchinhcapxa_2025.1237","areaKm2":69.03},"id":"05923"},
{"type":"Feature","geometry":{"type":"Polygon","coordinates":[[[105.9311,21.5001],[105.9286,21.5003],[105.9261,21.4995],[105.9235,21.498],[105.9204,21.4952],[105.9168,21.4959],[105.915,21.4971],[105.9143,21.499],[105.915,21.5019],[105.92,21.5074],[105.9226,21.5083],[105.9238,21.5093],[105.9262,21.5125],[105.9272,21.5158],[105.927,21.5163],[105.9259,21.5164],[105.9204,21.5148],[105.9186,21.515],[105.9161,21.5168],[105.9146,21.5189],[105.9141,21.5179],[105.9134,21.5182],[105.9151,21.5156],[105.9135,21.5165],[105.9123,21.5157],[105.9124,21.5162],[105.9115,21.517],[105.9118,21.5155],[105.9106,21.5151],[105.9102,21.5142],[105.9095,21.5146],[105.9086,21.5144],[105.9088,21.5155],[105.9075,21.5155],[105.9067,21.5168],[105.9054,21.5172],[105.9057,21.5163],[105.905,21.5164],[105.9043,21.5147],[105.9048,21.5139],[105.9034,21.5142],[105.9036,21.5134],[105.9027,21.5127],[105.9018,21.5131],[105.9012,21.5121],[105.8999,21.5124],[105.9002,21.5114],[105.8994,21.5116],[105.8986,21.5104],[105.8978,21.5102],[105.8986,21.5097],[105.8976,21.5087],[105.8983,21.5077],[105.897,21.5082],[105.8961,21.5078],[105.8944,21.504],[105.8946,21.5029],[105.8939,21.5021],[105.8938,21.5007],[105.8924,21.5002],[105.8923,21.499],[105.8904,21.4972],[105.8881,21.4965],[105.8872,21.4947],[105.8874,21.4934],[105.8858,21.4925],[105.8859,21.4916],[105.8848,21.4912],[105.8848,21.4908],[105.8862,21.4902],[105.887,21.4912],[105.8876,21.4907],[105.8873,21.4898],[105.8887,21.4891],[105.8902,21.4839],[105.8899,21.4822],[105.8907,21.4815],[105.8903,21.4811],[105.8913,21.4788],[105.8919,21.4741],[105.8908,21.4742],[105.8908,21.4725],[105.8891,21.4725],[105.8891,21.4699],[105.8919,21.4699],[105.892,21.4573],[105.8956,21.4573],[105.8957,21.4593],[105.897,21.4607],[105.9003,21.4597],[105.9015,21.4602],[105.9027,21.4596],[105.9036,21.4598],[105.9047,21.4573],[105.9054,21.4575],[105.9056,21.4566],[105.907,21.4557],[105.9076,21.4544],[105.9096,21.4539],[105.9093,21.4527],[105.9097,21.4512],[105.9115,21.4507],[105.9112,21.4497],[105.9094,21.4499],[105.9094,21.4487],[105.9106,21.4485],[105.9108,21.4477],[105.9102,21.4476],[105.9093,21.4465],[105.9101,21.4454],[105.9086,21.4436],[105.9101,21.4422],[105.9087,21.4414],[105.9087,21.44],[105.9101,21.4395],[105.9101,21.4377],[105.9107,21.4366],[105.9102,21.4362],[105.9112,21.4332],[105.9118,21.432],[105.9108,21.4309],[105.9102,21.4285],[105.9113,21.4268],[105.9126,21.4263],[105.9127,21.4256],[105.914,21.4255],[105.9141,21.4238],[105.9134,21.4229],[105.9146,21.4207],[105.9138,21.4202],[105.9143,21.4197],[105.9135,21.4193],[105.915,21.4166],[105.9148,21.4158],[105.9158,21.4159],[105.9175,21.4133],[105.9186,21.4133],[105.9196,21.4147],[105.9203,21.4146],[105.9202,21.414],[105.9212,21.4142],[105.9217,21.4137],[105.9229,21.4142],[105.9235,21.4134],[105.9254,21.4129],[105.9279,21.4129],[105.9282,21.4119],[105.9297,21.411],[105.9295,21.4102],[105.9302,21.4098],[105.9317,21.4057],[105.9349,21.4019],[105.9357,21.401],[105.9384,21.4008],[105.9409,21.399],[105.9413,21.4004],[105.9422,21.4011],[105.9446,21.4],[105.9459,21.4005],[105.9488,21.4031],[105.9508,21.4041],[105.9535,21.4068],[105.9548,21.4062],[105.9558,21.4047],[105.9551,21.4012],[105.9572,21.4008],[105.9588,21.4019],[105.9591,21.4039],[105.9564,21.4077],[105.9543,21.4131],[105.9562,21.4157],[105.9585,21.4227],[105.9586,21.4248],[105.9573,21.4294],[105.9577,21.4311],[105.9584,21.4323],[105.9609,21.4346],[105.9612,21.4362],[105.96,21.4374],[105.9602,21.4383],[105.9608,21.4379],[105.9646,21.4455],[105.9633,21.4441],[105.9575,21.4441],[105.9544,21.441],[105.9532,21.4405],[105.9524,21.4411],[105.9488,21.4392],[105.9484,21.4385],[105.9476,21.4387],[105.9478,21.4379],[105.9463,21.4384],[105.9446,21.4377],[105.9451,21.4366],[105.9444,21.4365],[105.9432,21.4343],[105.9425,21.4344],[105.9422,21.4331],[105.9414,21.4336],[105.94,21.4328],[105.9378,21.4326],[105.9354,21.4332],[105.934,21.434],[105.934,21.4351],[105.9334,21.4352],[105.9329,21.4364],[105.9321,21.4357],[105.9307,21.4371],[105.9291,21.4375],[105.9272,21.4367],[105.9252,21.4388],[105.9258,21.4408],[105.9255,21.4422],[105.9264,21.4422],[105.9261,21.4433],[105.9274,21.4441],[105.9285,21.4431],[105.9304,21.444],[105.9308,21.4443],[105.93,21.4452],[105.9314,21.4465],[105.9309,21.4471],[105.9314,21.4477],[105.932,21.4481],[105.9337,21.448],[105.9344,21.4488],[105.935,21.4502],[105.9345,21.4522],[105.9349,21.4523],[105.934,21.4534],[105.9345,21.4566],[105.9339,21.4578],[105.9326,21.4587],[105.9328,21.4601],[105.9315,21.4621],[105.9267,21.4627],[105.9262,21.4632],[105.9258,21.4652],[105.927,21.4693],[105.9262,21.4715],[105.9262,21.4731],[105.9243,21.4751],[105.9238,21.4748],[105.9222,21.4763],[105.9203,21.4769],[105.9197,21.4785],[105.9171,21.4786],[105.917,21.4798],[105.9157,21.4797],[105.915,21.4814],[105.9165,21.4813],[105.9169,21.483],[105.9185,21.4825],[105.9242,21.4875],[105.9297,21.4939],[105.9329,21.4954],[105.9331,21.4968],[105.9311,21.5001]]]},"properties":{"code":"05941","name":"Điềm Thuỵ","nameEn":"Diem Thuy","fullName":"Xã Điềm Thuỵ","fullNameEn":"Diem Thuy Commune","codeName":"diem_thuy","postalCode":"24916","postalCodePrefix":"","gisServerId":"diaphanhanhchinhcapxa_2025.1238","areaKm2":42.03},"id":"05941"},
{"type":"Feature","geometry":{"type":"Polygon","coordinates":[[[106.0409,21.4725],[106.0391,21.4731],[106.0385,21.4725],[106.0376,21.473],[106.0377,21.4736],[106.0349,21.4731],[106.0337,21.4723],[106.034,21.4711],[106.0335,21.4703],[106.0324,21.4706],[106.032,21.4699],[106.0327,21.4699],[106.0327,21.4674],[106.0319,21.4661],[106.0318,21.4646],[106.0293,21.4649],[106.0279,21.4628],[106.0265,21.4626],[106.0256,21.4617],[106.0256,21.461],[106.0246,21.4607],[106.0248,21.4599],[106.0237,21.4601],[106.0228,21.4592],[106.0177,21.4575],[106.0168,21.4548],[106.0157,21.4547],[106.016,21.4535],[106.0155,21.4532],[106.0166,21.4521],[106.0161,21.4518],[106.0167,21.4512],[106.016,21.4498],[106.0173,21.4488],[106.0166,21.4482],[106.0146,21.4481],[106.0066,21.4496],[106.0036,21.4521],[105.9999,21.4529],[105.997,21.4565],[105.9969,21.4548],[105.9964,21.4535],[105.9956,21.4532],[105.9952,21.4514],[105.9909,21.4473],[105.9885,21.4485],[105.9843,21.4485],[105.9811,21.4456],[105.9785,21.4456],[105.9786,21.4439],[105.9766,21.443],[105.9757,21.4436],[105.9754,21.4424],[105.9742,21.4426],[105.9733,21.444],[105.9718,21.4446],[105.9714,21.4439],[105.9691,21.444],[105.9697,21.4445],[105.9689,21.4454],[105.9675,21.4457],[105.9658,21.4448],[105.9653,21.4455],[105.9646,21.4455],[105.9608,21.4379],[105.9602,21.4383],[105.96,21.4374],[105.9612,21.4362],[105.9647,21.4358],[105.9656,21.4328],[105.9676,21.4313],[105.9671,21.4293],[105.9679,21.4287],[105.968,21.4269],[105.9691,21.4265],[105.9684,21.4257],[105.9698,21.425],[105.9702,21.423],[105.9719,21.4227],[105.9721,21.4217],[105.9726,21.4218],[105.9725,21.4199],[105.9747,21.4191],[105.9757,21.4194],[105.9756,21.4181],[105.977,21.4176],[105.9772,21.4166],[105.9782,21.4163],[105.9794,21.4141],[105.9801,21.4144],[105.9805,21.4137],[105.9826,21.4133],[105.9838,21.4125],[105.9849,21.4109],[105.9864,21.4138],[105.9882,21.4132],[105.9881,21.4126],[105.9893,21.412],[105.9909,21.4118],[105.9908,21.4096],[105.9919,21.4095],[105.9921,21.4089],[105.993,21.4091],[105.9956,21.4083],[105.9966,21.406],[105.9951,21.4057],[105.9964,21.4045],[105.9972,21.4028],[105.9981,21.4025],[105.9997,21.4038],[105.9998,21.405],[106.0013,21.4058],[106.0034,21.4063],[106.0045,21.4058],[106.0052,21.4065],[106.0052,21.4058],[106.0059,21.405],[106.007,21.4054],[106.0068,21.4062],[106.0075,21.4063],[106.0083,21.4055],[106.0094,21.4056],[106.01,21.4042],[106.012,21.4037],[106.0131,21.4028],[106.0159,21.4033],[106.0169,21.4028],[106.0187,21.4028],[106.0186,21.4023],[106.0196,21.4026],[106.0198,21.4004],[106.0188,21.3994],[106.0196,21.3982],[106.0185,21.3979],[106.0195,21.3973],[106.0192,21.396],[106.023,21.3943],[106.0229,21.3935],[106.0236,21.3932],[106.0228,21.3924],[106.0254,21.3915],[106.0254,21.3923],[106.0262,21.3924],[106.026,21.3947],[106.0293,21.3941],[106.0289,21.3956],[106.0277,21.3965],[106.028,21.3986],[106.0275,21.3986],[106.0274,21.3994],[106.0286,21.3993],[106.0288,21.4019],[106.0295,21.4022],[106.0295,21.403],[106.0301,21.403],[106.0299,21.4036],[106.0305,21.4034],[106.0305,21.4045],[106.03,21.4044],[106.0299,21.4049],[106.0307,21.4049],[106.0303,21.4056],[106.0312,21.4067],[106.0309,21.4072],[106.0317,21.4075],[106.0317,21.4068],[106.0323,21.4068],[106.0321,21.4082],[106.0335,21.4085],[106.034,21.4107],[106.0335,21.4122],[106.0322,21.4122],[106.0333,21.415],[106.0321,21.4163],[106.0325,21.4208],[106.0312,21.422],[106.0318,21.4223],[106.0313,21.4254],[106.0294,21.4268],[106.0283,21.427],[106.0282,21.4284],[106.027,21.4285],[106.0254,21.4313],[106.0267,21.4334],[106.0266,21.4366],[106.0309,21.4375],[106.0319,21.4382],[106.0344,21.4383],[106.0347,21.4395],[106.0369,21.4395],[106.0371,21.4387],[106.0382,21.4382],[106.0386,21.439],[106.0383,21.4395],[106.0387,21.4398],[106.0402,21.4393],[106.0405,21.4404],[106.0415,21.4405],[106.042,21.4414],[106.0435,21.441],[106.0456,21.4415],[106.0463,21.4438],[106.0472,21.4439],[106.0473,21.4446],[106.0466,21.4448],[106.047,21.4469],[106.0475,21.4469],[106.0472,21.4476],[106.0487,21.4499],[106.0483,21.4505],[106.0491,21.4512],[106.0483,21.4541],[106.0499,21.4544],[106.0501,21.4553],[106.0495,21.4562],[106.0508,21.4569],[106.0506,21.459],[106.0515,21.4595],[106.0513,21.4607],[106.0501,21.4611],[106.0494,21.4606],[106.0483,21.4609],[106.0484,21.4621],[106.0475,21.4621],[106.0471,21.464],[106.0463,21.4635],[106.0463,21.463],[106.0452,21.4629],[106.0437,21.4642],[106.0432,21.466],[106.0419,21.467],[106.0421,21.4692],[106.0409,21.4725]]]},"properties":{"code":"05953","name":"Kha Sơn","nameEn":"Kha Son","fullName":"Xã Kha Sơn","fullNameEn":"Kha Son Commune","codeName":"kha_son","postalCode":"24921","postalCodePrefix":"","gisServerId":"diaphanhanhchinhcapxa_2025.1239","areaKm2":37.85},"id":"05953"}
]}