{"type":"FeatureCollection", "features": [
{"type":"Feature","geometry":{"type":"Polygon","coordinates":[[[105.3488,20.9178],[105.3444,20.9401],[105.3399,20.9395],[105.339,20.9387],[105.3381,20.9395],[105.3375,20.9388],[105.3366,20.939],[105.3358,20.9386],[105.3312,20.9387],[105.3169,20.934],[105.3163,20.9327],[105.3165,20.928],[105.3151,20.9257],[105.3121,20.9234],[105.3129,20.9217],[105.3119,20.92],[105.3116,20.9173],[105.3134,20.9141],[105.3123,20.9125],[105.3116,20.9082],[105.3093,20.9032],[105.3061,20.9005],[105.3014,20.8996],[105.3003,20.896],[105.3009,20.8932],[105.2991,20.8925],[105.2985,20.8909],[105.2953,20.8893],[105.2931,20.8868],[105.2922,20.8846],[105.2923,20.8832],[105.2947,20.88],[105.2941,20.8772],[105.2949,20.8749],[105.2935,20.8727],[105.2965,20.8711],[105.2967,20.8687],[105.2982,20.8661],[105.2986,20.8617],[105.3003,20.8574],[105.2999,20.8564],[105.2957,20.8535],[105.2956,20.853],[105.2948,20.8532],[105.2937,20.8524],[105.2949,20.8514],[105.2954,20.8491],[105.2929,20.8473],[105.2914,20.8448],[105.2915,20.8431],[105.2948,20.8403],[105.2951,20.8391],[105.2968,20.8377],[105.2972,20.8367],[105.2959,20.8353],[105.2959,20.8334],[105.2996,20.8301],[105.3001,20.8289],[105.3038,20.8247],[105.3047,20.8205],[105.3035,20.8178],[105.3009,20.8162],[105.3006,20.8152],[105.2992,20.8153],[105.2978,20.8148],[105.2967,20.8152],[105.2945,20.8128],[105.2922,20.8131],[105.2806,20.8073],[105.2804,20.806],[105.2817,20.8045],[105.2819,20.802],[105.2809,20.7992],[105.2873,20.7973],[105.2947,20.7973],[105.2978,20.7982],[105.3011,20.8001],[105.3039,20.8021],[105.3082,20.8061],[105.3103,20.807],[105.314,20.8068],[105.3205,20.8036],[105.3243,20.8049],[105.3261,20.8068],[105.3227,20.8092],[105.3196,20.8122],[105.3189,20.8122],[105.3169,20.8144],[105.3128,20.8223],[105.3162,20.8266],[105.3165,20.8277],[105.3185,20.8271],[105.3181,20.8335],[105.3213,20.8373],[105.3248,20.8397],[105.3257,20.8401],[105.3265,20.8395],[105.3277,20.8401],[105.3278,20.8408],[105.328,20.8404],[105.3293,20.8402],[105.3332,20.8413],[105.3333,20.8417],[105.3349,20.8418],[105.3436,20.8404],[105.3446,20.8432],[105.3409,20.8451],[105.3401,20.8462],[105.3414,20.8477],[105.3417,20.8471],[105.3434,20.8472],[105.3462,20.8516],[105.3387,20.8578],[105.3378,20.8624],[105.3378,20.8653],[105.3394,20.874],[105.3411,20.8824],[105.3422,20.8854],[105.3486,20.9029],[105.3492,20.9082],[105.3488,20.9178]]]},"properties":{"code":"04792","name":"Tân Hoà","nameEn":"Tan Hoa","fullName":"Phường Tân Hoà","fullNameEn":"Tan Hoa Ward","codeName":"tan_hoa","postalCode":"36111","postalCodePrefix":"","gisServerId":"diaphanhanhchinhcapxa_2025.1659","areaKm2":56.98},"id":"04792"},
{"type":"Feature","geometry":{"type":"Polygon","coordinates":[[[105.3785,20.8076],[105.3818,20.8127],[105.3819,20.8147],[105.3839,20.8168],[105.3843,20.8198],[105.3857,20.8226],[105.3845,20.8243],[105.3837,20.8243],[105.3827,20.8233],[105.3812,20.8239],[105.3813,20.8261],[105.3794,20.8274],[105.3792,20.8287],[105.3779,20.8301],[105.3772,20.832],[105.3781,20.8331],[105.3753,20.8372],[105.3765,20.8375],[105.3774,20.8384],[105.3773,20.8402],[105.3757,20.8438],[105.3746,20.8444],[105.3742,20.8461],[105.3746,20.8467],[105.378,20.848],[105.3793,20.8493],[105.3787,20.8501],[105.3786,20.8518],[105.3775,20.8531],[105.378,20.8545],[105.38,20.857],[105.3794,20.8586],[105.3793,20.8619],[105.3783,20.8654],[105.3765,20.8669],[105.3764,20.8674],[105.3754,20.8677],[105.3746,20.8686],[105.3702,20.8686],[105.3687,20.869],[105.3673,20.87],[105.3661,20.8725],[105.3616,20.8724],[105.3607,20.8744],[105.3592,20.8757],[105.3572,20.8758],[105.3562,20.8765],[105.3565,20.8778],[105.3559,20.8788],[105.3545,20.8794],[105.3521,20.8782],[105.3511,20.8797],[105.3518,20.8806],[105.3513,20.8811],[105.3506,20.8807],[105.3495,20.8813],[105.3487,20.8804],[105.3477,20.8807],[105.3467,20.8821],[105.3469,20.8828],[105.3464,20.883],[105.3463,20.8843],[105.3454,20.8843],[105.3451,20.8836],[105.3445,20.8836],[105.3422,20.8854],[105.3411,20.8824],[105.3394,20.874],[105.3378,20.8653],[105.3378,20.8624],[105.3387,20.8578],[105.3462,20.8516],[105.3434,20.8472],[105.3417,20.8471],[105.3414,20.8477],[105.3401,20.8462],[105.3409,20.8451],[105.3446,20.8432],[105.3436,20.8404],[105.3349,20.8418],[105.3333,20.8417],[105.3332,20.8413],[105.3293,20.8402],[105.328,20.8404],[105.3278,20.8408],[105.3277,20.8401],[105.3265,20.8395],[105.3257,20.8401],[105.3248,20.8397],[105.3213,20.8373],[105.3181,20.8335],[105.3185,20.8271],[105.3165,20.8277],[105.3162,20.8266],[105.3128,20.8223],[105.3169,20.8144],[105.3189,20.8122],[105.3196,20.8122],[105.3227,20.8092],[105.3261,20.8068],[105.3302,20.8061],[105.3301,20.8025],[105.3308,20.8019],[105.3317,20.8016],[105.3334,20.8023],[105.335,20.8024],[105.3362,20.8034],[105.3368,20.8046],[105.3366,20.805],[105.3377,20.8062],[105.3391,20.8061],[105.3432,20.8069],[105.3439,20.8093],[105.3452,20.8097],[105.3449,20.8113],[105.3468,20.814],[105.3519,20.814],[105.3518,20.8119],[105.3495,20.8117],[105.3508,20.8096],[105.3553,20.8069],[105.3568,20.8055],[105.3586,20.8051],[105.3603,20.804],[105.361,20.8045],[105.363,20.8046],[105.3636,20.8052],[105.3682,20.8048],[105.3704,20.8062],[105.3736,20.8064],[105.3785,20.8076]]]},"properties":{"code":"04795","name":"Hoà Bình","nameEn":"Hoa Binh","fullName":"Phường Hoà Bình","fullNameEn":"Hoa Binh Ward","codeName":"hoa_binh","postalCode":"36122","postalCodePrefix":"","gisServerId":"diaphanhanhchinhcapxa_2025.1648","areaKm2":39.32},"id":"04795"},
{"type":"Feature","geometry":{"type":"Polygon","coordinates":[[[105.3785,20.8076],[105.3736,20.8064],[105.3704,20.8062],[105.3682,20.8048],[105.3636,20.8052],[105.363,20.8046],[105.361,20.8045],[105.3603,20.804],[105.3586,20.8051],[105.3568,20.8055],[105.3553,20.8069],[105.3508,20.8096],[105.3495,20.8117],[105.3518,20.8119],[105.3519,20.814],[105.3468,20.814],[105.3449,20.8113],[105.3452,20.8097],[105.3439,20.8093],[105.3432,20.8069],[105.3391,20.8061],[105.3377,20.8062],[105.3366,20.805],[105.3368,20.8046],[105.3362,20.8034],[105.335,20.8024],[105.3334,20.8023],[105.3317,20.8016],[105.3308,20.8019],[105.3301,20.8025],[105.3302,20.8061],[105.3261,20.8068],[105.3243,20.8049],[105.3205,20.8036],[105.314,20.8068],[105.3103,20.807],[105.3082,20.8061],[105.3039,20.8021],[105.3011,20.8001],[105.2978,20.7982],[105.2947,20.7973],[105.2873,20.7973],[105.2809,20.7992],[105.2684,20.8029],[105.2606,20.806],[105.2566,20.8053],[105.2519,20.8052],[105.2513,20.8058],[105.2325,20.7854],[105.2401,20.7798],[105.2423,20.7796],[105.2457,20.7803],[105.2511,20.7795],[105.2539,20.7782],[105.2583,20.7776],[105.2609,20.7744],[105.2634,20.7742],[105.262,20.7713],[105.2686,20.7695],[105.269,20.7707],[105.2708,20.7718],[105.2751,20.7741],[105.2807,20.7761],[105.2821,20.7774],[105.2846,20.7784],[105.286,20.7801],[105.2877,20.781],[105.2889,20.7811],[105.2899,20.7804],[105.2914,20.7822],[105.2927,20.7823],[105.2942,20.7841],[105.2958,20.7844],[105.2967,20.7829],[105.2973,20.7827],[105.2977,20.7819],[105.303,20.7767],[105.3032,20.771],[105.304,20.7682],[105.3128,20.7667],[105.3155,20.7699],[105.3157,20.7729],[105.3178,20.7739],[105.321,20.7718],[105.3226,20.7644],[105.3233,20.7633],[105.3272,20.7616],[105.328,20.764],[105.3284,20.764],[105.3307,20.7627],[105.3316,20.7611],[105.3334,20.7618],[105.3341,20.7617],[105.3344,20.7606],[105.333,20.7592],[105.3339,20.757],[105.3342,20.7531],[105.3352,20.752],[105.3364,20.7483],[105.3385,20.7464],[105.3476,20.7432],[105.351,20.7447],[105.3549,20.745],[105.3585,20.7464],[105.3595,20.7481],[105.3612,20.7495],[105.3624,20.7517],[105.3651,20.7529],[105.368,20.7585],[105.3704,20.7602],[105.373,20.7601],[105.3775,20.7622],[105.3778,20.7665],[105.378,20.7701],[105.3771,20.7709],[105.376,20.7746],[105.3747,20.7766],[105.3743,20.7789],[105.3731,20.7808],[105.3729,20.7835],[105.3734,20.7848],[105.3729,20.7869],[105.3759,20.7935],[105.3757,20.7973],[105.3762,20.7984],[105.3752,20.8016],[105.3768,20.8029],[105.3774,20.8048],[105.377,20.8057],[105.3785,20.8076]]]},"properties":{"code":"04828","name":"Thống Nhất","nameEn":"Thong Nhat","fullName":"Phường Thống Nhất","fullNameEn":"Thong Nhat Ward","codeName":"thong_nhat","postalCode":"36118","postalCodePrefix":"","gisServerId":"diaphanhanhchinhcapxa_2025.1671","areaKm2":55.21},"id":"04828"},
{"type":"Feature","geometry":{"type":"Polygon","coordinates":[[[105.3121,20.9234],[105.2935,20.9234],[105.2922,20.9239],[105.2923,20.9248],[105.2905,20.9268],[105.2895,20.9288],[105.288,20.9293],[105.2864,20.9291],[105.2852,20.9295],[105.2823,20.9272],[105.2819,20.9246],[105.2752,20.9247],[105.2712,20.9343],[105.2708,20.938],[105.2713,20.9405],[105.2685,20.9418],[105.2678,20.9407],[105.2671,20.9409],[105.2646,20.9371],[105.2632,20.9375],[105.2614,20.936],[105.2604,20.9361],[105.2592,20.9352],[105.258,20.9362],[105.2578,20.9387],[105.2556,20.9403],[105.2543,20.9404],[105.2538,20.941],[105.2529,20.9407],[105.2515,20.9416],[105.2511,20.9436],[105.2503,20.9442],[105.2512,20.945],[105.2498,20.9459],[105.2487,20.9449],[105.2487,20.9442],[105.248,20.9443],[105.247,20.946],[105.246,20.945],[105.2424,20.9447],[105.2431,20.9436],[105.2445,20.9428],[105.2443,20.9418],[105.2433,20.9418],[105.2417,20.9429],[105.2421,20.9422],[105.2411,20.9421],[105.2413,20.9412],[105.2392,20.9415],[105.2388,20.9403],[105.2373,20.9414],[105.2376,20.9404],[105.2372,20.94],[105.2361,20.9404],[105.2345,20.9394],[105.234,20.9401],[105.2333,20.9402],[105.2326,20.9383],[105.2312,20.9388],[105.2303,20.9385],[105.2318,20.9374],[105.2298,20.9354],[105.2289,20.9362],[105.228,20.9357],[105.2255,20.9364],[105.2244,20.9358],[105.2226,20.9358],[105.2198,20.9337],[105.2191,20.9326],[105.2201,20.9299],[105.2227,20.9278],[105.2237,20.9278],[105.2247,20.9266],[105.223,20.9257],[105.2228,20.9239],[105.2234,20.9226],[105.2248,20.922],[105.2254,20.9206],[105.2268,20.9196],[105.2271,20.9181],[105.2192,20.9167],[105.2171,20.9169],[105.2131,20.9151],[105.2115,20.9138],[105.2112,20.9123],[105.2099,20.9106],[105.2096,20.9085],[105.2079,20.9066],[105.2058,20.9028],[105.2033,20.9018],[105.2016,20.8986],[105.1995,20.8973],[105.198,20.8971],[105.1966,20.8955],[105.1955,20.8954],[105.1933,20.8936],[105.1964,20.891],[105.1968,20.8895],[105.1988,20.8864],[105.1997,20.8819],[105.1977,20.8768],[105.1987,20.8751],[105.1988,20.8717],[105.202,20.8689],[105.2027,20.8608],[105.1996,20.8604],[105.1968,20.8591],[105.193,20.8591],[105.1905,20.8578],[105.1862,20.8574],[105.1834,20.8566],[105.1799,20.8586],[105.1795,20.8579],[105.1828,20.8499],[105.182,20.8416],[105.1842,20.8413],[105.1858,20.8382],[105.1864,20.8348],[105.1862,20.8318],[105.1888,20.8328],[105.1913,20.8347],[105.1916,20.8358],[105.1934,20.8357],[105.2013,20.8333],[105.2034,20.8319],[105.2049,20.8319],[105.2096,20.8298],[105.2108,20.8286],[105.2197,20.8285],[105.2227,20.8271],[105.2243,20.8279],[105.2265,20.8249],[105.2298,20.8261],[105.2311,20.8259],[105.2317,20.8264],[105.2333,20.8264],[105.2345,20.8273],[105.2359,20.8272],[105.2382,20.8242],[105.2386,20.822],[105.2409,20.8182],[105.2449,20.8143],[105.2458,20.8139],[105.2462,20.8106],[105.2492,20.8091],[105.2513,20.8058],[105.2519,20.8052],[105.2566,20.8053],[105.2606,20.806],[105.2684,20.8029],[105.2809,20.7992],[105.2819,20.802],[105.2817,20.8045],[105.2804,20.806],[105.2806,20.8073],[105.2922,20.8131],[105.2945,20.8128],[105.2967,20.8152],[105.2978,20.8148],[105.2992,20.8153],[105.3006,20.8152],[105.3009,20.8162],[105.3035,20.8178],[105.3047,20.8205],[105.3038,20.8247],[105.3001,20.8289],[105.2996,20.8301],[105.2959,20.8334],[105.2959,20.8353],[105.2972,20.8367],[105.2968,20.8377],[105.2951,20.8391],[105.2948,20.8403],[105.2915,20.8431],[105.2914,20.8448],[105.2929,20.8473],[105.2954,20.8491],[105.2949,20.8514],[105.2937,20.8524],[105.2948,20.8532],[105.2956,20.853],[105.2957,20.8535],[105.2999,20.8564],[105.3003,20.8574],[105.2986,20.8617],[105.2982,20.8661],[105.2967,20.8687],[105.2965,20.8711],[105.2935,20.8727],[105.2949,20.8749],[105.2941,20.8772],[105.2947,20.88],[105.2923,20.8832],[105.2922,20.8846],[105.2931,20.8868],[105.2953,20.8893],[105.2985,20.8909],[105.2991,20.8925],[105.3009,20.8932],[105.3003,20.896],[105.3014,20.8996],[105.3061,20.9005],[105.3093,20.9032],[105.3116,20.9082],[105.3123,20.9125],[105.3134,20.9141],[105.3116,20.9173],[105.3119,20.92],[105.3129,20.9217],[105.3121,20.9234]]]},"properties":{"code":"04831","name":"Đà Bắc","nameEn":"Da Bac","fullName":"Xã Đà Bắc","fullNameEn":"Da Bac Commune","codeName":"da_bac","postalCode":"36306","postalCodePrefix":"","gisServerId":"diaphanhanhchinhcapxa_2025.1678","areaKm2":136.8},"id":"04831"},
{"type":"Feature","geometry":{"type":"Polygon","coordinates":[[[104.9499,21.0571],[104.9474,21.0557],[104.9451,21.0552],[104.9429,21.0559],[104.9414,21.0571],[104.9382,21.0557],[104.9346,21.0584],[104.9324,21.0614],[104.932,21.0625],[104.9322,21.064],[104.9273,21.0656],[104.9237,21.0647],[104.9227,21.0677],[104.9157,21.0654],[104.914,21.0654],[104.9106,21.0673],[104.9113,21.0685],[104.9107,21.07],[104.9158,21.0741],[104.9204,21.074],[104.9222,21.075],[104.9227,21.0773],[104.9219,21.0798],[104.923,21.0815],[104.925,21.0828],[104.9261,21.0844],[104.9245,21.0865],[104.924,21.089],[104.9224,21.0905],[104.918,21.0926],[104.9177,21.0942],[104.916,21.0956],[104.9149,21.0989],[104.9131,21.1018],[104.9134,21.1066],[104.9124,21.1075],[104.9118,21.1093],[104.9108,21.1101],[104.912,21.1112],[104.9109,21.1121],[104.9084,21.113],[104.9065,21.1127],[104.905,21.1108],[104.9023,21.109],[104.8968,21.1074],[104.8953,21.1079],[104.8928,21.1073],[104.8911,21.1048],[104.8899,21.105],[104.8866,21.1032],[104.8847,21.103],[104.8792,21.0995],[104.8764,21.0986],[104.8757,21.0964],[104.8744,21.0947],[104.8723,21.0926],[104.8711,21.092],[104.8712,21.0901],[104.873,21.0882],[104.8734,21.0844],[104.8729,21.0836],[104.8691,21.0805],[104.8686,21.0792],[104.8689,21.0779],[104.8679,21.0755],[104.8566,21.0791],[104.8527,21.0764],[104.8536,21.0733],[104.854,21.0688],[104.8564,21.0654],[104.8573,21.0608],[104.8594,21.0572],[104.8588,21.055],[104.859,21.0522],[104.8616,21.0496],[104.8628,21.0449],[104.8648,21.0416],[104.8661,21.038],[104.8659,21.0338],[104.8665,21.0321],[104.8681,21.0295],[104.8712,21.0284],[104.8801,21.0236],[104.8821,21.0217],[104.8862,21.014],[104.8905,21.0084],[104.8918,21.0048],[104.8926,20.9968],[104.8969,20.9873],[104.9006,20.9809],[104.9028,20.9782],[104.9071,20.9748],[104.9202,20.9657],[104.9219,20.9691],[104.9221,20.9696],[104.9225,20.9702],[104.9224,20.9716],[104.9229,20.9726],[104.9254,20.9746],[104.9263,20.9758],[104.9279,20.9777],[104.9297,20.9784],[104.9326,20.9786],[104.9379,20.9777],[104.9428,20.9818],[104.9477,20.9842],[104.9535,20.9853],[104.9586,20.9853],[104.9641,20.9862],[104.9702,20.9818],[104.9749,20.9809],[104.9754,20.9797],[104.9766,20.9787],[104.9765,20.9773],[104.9775,20.9774],[104.9811,20.9785],[104.9835,20.9797],[104.9843,20.9793],[104.9859,20.9795],[104.989,20.9785],[104.9911,20.9787],[104.9923,20.978],[104.9959,20.9791],[104.9961,20.98],[104.9973,20.9805],[104.9977,20.9821],[104.997,20.9826],[104.9951,20.9823],[104.9946,20.9841],[104.993,20.9858],[104.993,20.9862],[104.9925,20.987],[104.9929,20.9882],[104.9919,20.9898],[104.9881,20.992],[104.9864,20.9921],[104.9846,20.9935],[104.983,20.9939],[104.9823,20.9957],[104.9782,20.9984],[104.9762,21.0005],[104.9755,21.0027],[104.9751,21.0035],[104.9744,21.0049],[104.9746,21.0054],[104.9707,21.0127],[104.9626,21.0121],[104.9608,21.0148],[104.9583,21.0165],[104.9567,21.0182],[104.9553,21.0205],[104.9558,21.0222],[104.9527,21.0236],[104.9463,21.0304],[104.9464,21.0327],[104.9464,21.0364],[104.9466,21.0399],[104.9473,21.0424],[104.9501,21.0467],[104.9504,21.0481],[104.9496,21.0494],[104.9492,21.0522],[104.9499,21.0571]]]},"properties":{"code":"04846","name":"Đức Nhàn","nameEn":"Duc Nhan","fullName":"Xã Đức Nhàn","fullNameEn":"Duc Nhan Commune","codeName":"duc_nhan","postalCode":"36326","postalCodePrefix":"","gisServerId":"diaphanhanhchinhcapxa_2025.1680","areaKm2":107.6},"id":"04846"},
{"type":"Feature","geometry":{"type":"Polygon","coordinates":[[[105.0678,20.9493],[105.068,20.9492],[105.0796,20.96],[105.085,20.9557],[105.0846,20.9621],[105.0889,20.966],[105.0887,20.9664],[105.0892,20.9672],[105.0901,20.9684],[105.0901,20.9693],[105.0891,20.9709],[105.0874,20.972],[105.0872,20.9721],[105.0862,20.9737],[105.0846,20.9747],[105.0813,20.9788],[105.0767,20.987],[105.072,20.9929],[105.0702,20.996],[105.0699,20.9971],[105.0707,20.9981],[105.07,20.9991],[105.0683,20.9996],[105.0678,21.0011],[105.0662,21.0021],[105.0652,21.0014],[105.0639,21.0014],[105.061,21.0027],[105.0553,21.0102],[105.0541,21.0105],[105.0529,21.0102],[105.051,21.0082],[105.0501,21.008],[105.0476,21.0087],[105.0463,21.0097],[105.044,21.0094],[105.0443,21.0108],[105.0423,21.0109],[105.0413,21.0118],[105.0403,21.0112],[105.0389,21.0122],[105.038,21.0123],[105.0376,21.014],[105.0359,21.0156],[105.0354,21.0179],[105.0345,21.0195],[105.0301,21.0223],[105.0284,21.0215],[105.0274,21.0218],[105.0183,21.0151],[105.0187,21.0181],[105.0203,21.0192],[105.021,21.0207],[105.0204,21.0254],[105.0165,21.0314],[105.0143,21.0313],[105.012,21.0344],[105.0109,21.0369],[105.0068,21.0396],[105.0038,21.0404],[104.9998,21.0405],[104.9982,21.0417],[104.9976,21.0436],[104.9925,21.0457],[104.9908,21.0479],[104.9876,21.0498],[104.9835,21.0502],[104.9826,21.0514],[104.9808,21.0518],[104.9747,21.0524],[104.9727,21.0517],[104.9694,21.0529],[104.9688,21.0532],[104.9669,21.0583],[104.9662,21.059],[104.963,21.0603],[104.9596,21.0589],[104.9591,21.058],[104.9559,21.0566],[104.9549,21.057],[104.953,21.0566],[104.9499,21.0571],[104.9492,21.0522],[104.9496,21.0494],[104.9504,21.0481],[104.9501,21.0467],[104.9473,21.0424],[104.9466,21.0399],[104.9464,21.0364],[104.9464,21.0327],[104.9463,21.0304],[104.9527,21.0236],[104.9558,21.0222],[104.9553,21.0205],[104.9567,21.0182],[104.9583,21.0165],[104.9608,21.0148],[104.9626,21.0121],[104.9707,21.0127],[104.9746,21.0054],[104.9744,21.0049],[104.9751,21.0035],[104.9755,21.0027],[104.9762,21.0005],[104.9782,20.9984],[104.9823,20.9957],[104.983,20.9939],[104.9846,20.9935],[104.9864,20.9921],[104.9881,20.992],[104.9919,20.9898],[104.9929,20.9882],[104.9925,20.987],[104.993,20.9862],[104.993,20.9858],[104.9946,20.9841],[104.9951,20.9823],[104.997,20.9826],[104.9977,20.9821],[104.9973,20.9805],[104.9961,20.98],[104.9959,20.9791],[104.9923,20.978],[104.9911,20.9787],[104.989,20.9785],[104.9859,20.9795],[104.9843,20.9793],[104.9835,20.9797],[104.9811,20.9785],[104.9793,20.9783],[104.9775,20.9774],[104.9765,20.9773],[104.9766,20.9787],[104.9754,20.9797],[104.9749,20.9809],[104.9702,20.9818],[104.9641,20.9862],[104.9586,20.9853],[104.9535,20.9853],[104.9477,20.9842],[104.9428,20.9818],[104.9379,20.9777],[104.9326,20.9786],[104.9297,20.9784],[104.9279,20.9777],[104.9263,20.9758],[104.9254,20.9746],[104.9229,20.9726],[104.9224,20.9716],[104.9225,20.9702],[104.9221,20.9696],[104.9219,20.9691],[104.9202,20.9657],[104.9234,20.9633],[104.924,20.9623],[104.93,20.9499],[104.9356,20.9413],[104.9368,20.9372],[104.939,20.9333],[104.941,20.9315],[104.9445,20.93],[104.9519,20.9259],[104.9596,20.9164],[104.9639,20.9134],[104.9671,20.9125],[104.9746,20.923],[104.9769,20.9286],[104.9741,20.9412],[104.9759,20.942],[104.9796,20.9418],[104.9826,20.943],[104.9848,20.9417],[104.9866,20.9413],[104.9893,20.9421],[104.9926,20.9387],[104.9974,20.9357],[105.0014,20.9338],[105.0039,20.9308],[105.006,20.931],[105.0071,20.929],[105.0081,20.9282],[105.0108,20.9279],[105.0122,20.9272],[105.0126,20.9256],[105.0176,20.921],[105.0223,20.92],[105.022,20.9205],[105.0224,20.9212],[105.0237,20.9214],[105.025,20.9225],[105.0254,20.9233],[105.025,20.9246],[105.0275,20.9269],[105.0418,20.9237],[105.0409,20.9293],[105.0322,20.9372],[105.0332,20.9421],[105.033,20.9429],[105.0355,20.9432],[105.0369,20.944],[105.04,20.9441],[105.0398,20.9461],[105.0447,20.9495],[105.0459,20.9507],[105.0459,20.9516],[105.056,20.9477],[105.0636,20.9525],[105.0678,20.9493]]]},"properties":{"code":"04849","name":"Tân Pheo","nameEn":"Tan Pheo","fullName":"Xã Tân Pheo","fullNameEn":"Tan Pheo Commune","codeName":"tan_pheo","postalCode":"36310","postalCodePrefix":"","gisServerId":"diaphanhanhchinhcapxa_2025.1681","areaKm2":139.38},"id":"04849"},
{"type":"Feature","geometry":{"type":"Polygon","coordinates":[[[105.056,20.9477],[105.0459,20.9516],[105.0459,20.9507],[105.0447,20.9495],[105.0398,20.9461],[105.04,20.9441],[105.0369,20.944],[105.0355,20.9432],[105.033,20.9429],[105.0332,20.9421],[105.0322,20.9372],[105.0409,20.9293],[105.0418,20.9237],[105.0275,20.9269],[105.025,20.9246],[105.0254,20.9233],[105.025,20.9225],[105.0237,20.9214],[105.0224,20.9212],[105.022,20.9205],[105.0223,20.92],[105.0176,20.921],[105.0126,20.9256],[105.0122,20.9272],[105.0108,20.9279],[105.0081,20.9282],[105.0071,20.929],[105.006,20.931],[105.0039,20.9308],[105.0014,20.9338],[104.9974,20.9357],[104.9926,20.9387],[104.9893,20.9421],[104.9866,20.9413],[104.9848,20.9417],[104.9826,20.943],[104.9796,20.9418],[104.9759,20.942],[104.9741,20.9412],[104.9769,20.9286],[104.9746,20.923],[104.9671,20.9125],[104.9702,20.9127],[104.972,20.9121],[104.9761,20.9074],[104.977,20.9043],[104.978,20.8963],[104.9799,20.891],[104.982,20.8876],[104.9871,20.8831],[104.991,20.8777],[104.9915,20.8767],[104.9914,20.874],[104.997,20.8697],[105.0019,20.8674],[105.0124,20.8668],[105.017,20.8657],[105.0299,20.8506],[105.0372,20.8445],[105.043,20.8383],[105.0688,20.8205],[105.0778,20.8159],[105.0843,20.8133],[105.085,20.8201],[105.0869,20.8233],[105.0874,20.8265],[105.0869,20.8293],[105.0842,20.8308],[105.0823,20.8326],[105.0834,20.8398],[105.0853,20.8416],[105.0865,20.8472],[105.0848,20.8506],[105.0865,20.8496],[105.0901,20.8495],[105.093,20.8484],[105.0953,20.8484],[105.0969,20.8473],[105.0976,20.846],[105.1003,20.8448],[105.1031,20.8449],[105.1054,20.8445],[105.1083,20.845],[105.1092,20.848],[105.1123,20.8489],[105.1174,20.8538],[105.1181,20.8555],[105.1209,20.8583],[105.1193,20.8632],[105.1257,20.8626],[105.1261,20.8639],[105.1325,20.8642],[105.1344,20.8647],[105.136,20.866],[105.1407,20.8676],[105.1405,20.8745],[105.1355,20.8745],[105.1346,20.8784],[105.1357,20.8805],[105.1354,20.881],[105.1295,20.8841],[105.1278,20.8868],[105.1276,20.8897],[105.1292,20.8927],[105.1289,20.8952],[105.1301,20.8974],[105.1331,20.9],[105.1319,20.9024],[105.1285,20.9039],[105.1285,20.9054],[105.1268,20.9082],[105.1257,20.9084],[105.1246,20.9112],[105.1228,20.9126],[105.1217,20.9124],[105.1174,20.9102],[105.1164,20.9105],[105.1142,20.9125],[105.1098,20.9137],[105.1107,20.915],[105.1082,20.9163],[105.1071,20.9174],[105.1067,20.9186],[105.1033,20.921],[105.1039,20.9218],[105.1036,20.924],[105.1024,20.9248],[105.1005,20.9277],[105.099,20.9287],[105.0954,20.9274],[105.094,20.9275],[105.091,20.9257],[105.0891,20.9265],[105.0879,20.926],[105.0752,20.9273],[105.0745,20.9281],[105.0726,20.9289],[105.0704,20.9323],[105.07,20.9338],[105.0704,20.9349],[105.0674,20.936],[105.0664,20.9373],[105.0664,20.9397],[105.0682,20.9408],[105.0698,20.9434],[105.0699,20.9436],[105.0709,20.9471],[105.0705,20.9479],[105.0682,20.9491],[105.0678,20.9493],[105.0636,20.9525],[105.056,20.9477]]]},"properties":{"code":"04873","name":"Quy Đức","nameEn":"Quy Duc","fullName":"Xã Quy Đức","fullNameEn":"Quy Duc Commune","codeName":"quy_duc","postalCode":"36327","postalCodePrefix":"","gisServerId":"diaphanhanhchinhcapxa_2025.1677","areaKm2":146.97},"id":"04873"},
{"type":"Feature","geometry":{"type":"Polygon","coordinates":[[[105.0682,20.9491],[105.0705,20.9479],[105.0709,20.9471],[105.0699,20.9436],[105.0698,20.9434],[105.0682,20.9408],[105.0664,20.9397],[105.0664,20.9373],[105.0674,20.936],[105.0704,20.9349],[105.07,20.9338],[105.0704,20.9323],[105.0726,20.9289],[105.0745,20.9281],[105.0752,20.9273],[105.0879,20.926],[105.0891,20.9265],[105.091,20.9257],[105.094,20.9275],[105.0954,20.9274],[105.099,20.9287],[105.1005,20.9277],[105.1024,20.9248],[105.1036,20.924],[105.1039,20.9218],[105.1033,20.921],[105.1067,20.9186],[105.1071,20.9174],[105.1082,20.9163],[105.1107,20.915],[105.1098,20.9137],[105.1142,20.9125],[105.1164,20.9105],[105.1174,20.9102],[105.1217,20.9124],[105.1228,20.9126],[105.1246,20.9112],[105.1257,20.9084],[105.1268,20.9082],[105.1285,20.9054],[105.1285,20.9039],[105.1319,20.9024],[105.1331,20.9],[105.1301,20.8974],[105.1289,20.8952],[105.1292,20.8927],[105.1276,20.8897],[105.1278,20.8868],[105.1295,20.8841],[105.1354,20.881],[105.1357,20.8805],[105.1346,20.8784],[105.1355,20.8745],[105.1405,20.8745],[105.1407,20.8676],[105.136,20.866],[105.1344,20.8647],[105.1325,20.8642],[105.1261,20.8639],[105.1257,20.8626],[105.1193,20.8632],[105.1209,20.8583],[105.1181,20.8555],[105.1174,20.8538],[105.1123,20.8489],[105.1092,20.848],[105.1083,20.845],[105.1119,20.8439],[105.117,20.8454],[105.1277,20.8445],[105.1333,20.84],[105.1335,20.8308],[105.1381,20.825],[105.1266,20.8194],[105.1265,20.8165],[105.1299,20.8139],[105.1332,20.8127],[105.1342,20.8114],[105.1342,20.8111],[105.135,20.8101],[105.1364,20.81],[105.1409,20.8076],[105.143,20.8077],[105.1475,20.8066],[105.1485,20.8073],[105.1501,20.8074],[105.154,20.8068],[105.1563,20.8057],[105.1598,20.8071],[105.1602,20.8081],[105.1611,20.8062],[105.1652,20.805],[105.1663,20.8073],[105.1673,20.8118],[105.1706,20.8148],[105.1717,20.8147],[105.173,20.8152],[105.1723,20.8173],[105.1725,20.8197],[105.1748,20.8211],[105.1758,20.8229],[105.1787,20.8242],[105.1795,20.8252],[105.1801,20.8277],[105.1837,20.8291],[105.1854,20.8316],[105.1862,20.8318],[105.1864,20.8348],[105.1858,20.8382],[105.1842,20.8413],[105.182,20.8416],[105.1828,20.8499],[105.1795,20.8579],[105.1799,20.8586],[105.1834,20.8566],[105.1862,20.8574],[105.1905,20.8578],[105.193,20.8591],[105.1968,20.8591],[105.1996,20.8604],[105.2027,20.8608],[105.202,20.8689],[105.1988,20.8717],[105.1987,20.8751],[105.1977,20.8768],[105.1997,20.8819],[105.1988,20.8864],[105.1968,20.8895],[105.1964,20.891],[105.1933,20.8936],[105.1955,20.8954],[105.1966,20.8955],[105.198,20.8971],[105.1995,20.8973],[105.2016,20.8986],[105.2033,20.9018],[105.2058,20.9028],[105.2079,20.9066],[105.2096,20.9085],[105.2099,20.9106],[105.2112,20.9123],[105.2115,20.9138],[105.2131,20.9151],[105.2171,20.9169],[105.2192,20.9167],[105.2271,20.9181],[105.2268,20.9196],[105.2254,20.9206],[105.2248,20.922],[105.2234,20.9226],[105.2228,20.9239],[105.223,20.9257],[105.2247,20.9266],[105.2237,20.9278],[105.2227,20.9278],[105.2201,20.9299],[105.2191,20.9326],[105.2198,20.9337],[105.2191,20.9333],[105.2185,20.9315],[105.2182,20.9294],[105.2188,20.9273],[105.2182,20.9262],[105.216,20.9249],[105.2143,20.9253],[105.2128,20.9243],[105.206,20.9213],[105.2058,20.9202],[105.2027,20.9187],[105.2012,20.9184],[105.1987,20.9202],[105.1977,20.9258],[105.1941,20.9298],[105.1951,20.9313],[105.1954,20.9341],[105.2004,20.9398],[105.2034,20.9421],[105.2045,20.9451],[105.2051,20.9475],[105.2047,20.949],[105.2063,20.9502],[105.2069,20.9512],[105.2041,20.9515],[105.2015,20.9546],[105.1994,20.9563],[105.197,20.9564],[105.1919,20.9584],[105.1909,20.9534],[105.1895,20.9518],[105.1851,20.9493],[105.1834,20.949],[105.1828,20.9478],[105.1811,20.9472],[105.1773,20.9449],[105.172,20.9446],[105.1691,20.9435],[105.1654,20.9442],[105.162,20.9437],[105.1615,20.9403],[105.1607,20.9393],[105.1534,20.9397],[105.1527,20.9405],[105.1501,20.9407],[105.1477,20.9415],[105.1452,20.9388],[105.1435,20.9397],[105.1422,20.9398],[105.1394,20.9392],[105.1365,20.9393],[105.1335,20.9381],[105.1313,20.938],[105.1261,20.9419],[105.1225,20.9417],[105.1202,20.9434],[105.1176,20.9462],[105.116,20.9469],[105.1132,20.9505],[105.1115,20.9517],[105.1112,20.9541],[105.1096,20.9553],[105.1073,20.956],[105.106,20.9557],[105.1038,20.956],[105.1002,20.9572],[105.0987,20.957],[105.0926,20.9601],[105.0912,20.9614],[105.0889,20.966],[105.0846,20.9621],[105.085,20.9557],[105.0796,20.96],[105.068,20.9492],[105.0682,20.9491]]]},"properties":{"code":"04876","name":"Cao Sơn","nameEn":"Cao Son","fullName":"Xã Cao Sơn","fullNameEn":"Cao Son Commune","codeName":"cao_son","postalCode":"36322","postalCodePrefix":"","gisServerId":"diaphanhanhchinhcapxa_2025.1674","areaKm2":124.93},"id":"04876"},
{"type":"Feature","geometry":{"type":"Polygon","coordinates":[[[105.1342,20.8114],[105.1332,20.8127],[105.1299,20.8139],[105.1265,20.8165],[105.1266,20.8194],[105.1381,20.825],[105.1335,20.8308],[105.1333,20.84],[105.1277,20.8445],[105.117,20.8454],[105.1119,20.8439],[105.1083,20.845],[105.1054,20.8445],[105.1031,20.8449],[105.1003,20.8448],[105.0976,20.846],[105.0969,20.8473],[105.0953,20.8484],[105.093,20.8484],[105.0901,20.8495],[105.0865,20.8496],[105.0848,20.8506],[105.0865,20.8472],[105.0853,20.8416],[105.0834,20.8398],[105.0823,20.8326],[105.0842,20.8308],[105.0869,20.8293],[105.0874,20.8265],[105.0869,20.8233],[105.085,20.8201],[105.0843,20.8133],[105.0951,20.8073],[105.0977,20.805],[105.0991,20.8027],[105.0998,20.8001],[105.0996,20.7939],[105.0979,20.7888],[105.0786,20.7703],[105.0778,20.7691],[105.077,20.7658],[105.0775,20.7636],[105.0788,20.7618],[105.0805,20.761],[105.0833,20.7608],[105.1023,20.7639],[105.1099,20.7626],[105.1122,20.7612],[105.1132,20.7557],[105.1145,20.7528],[105.1158,20.7521],[105.1213,20.7531],[105.134,20.752],[105.1386,20.751],[105.1416,20.7514],[105.1438,20.7522],[105.1457,20.754],[105.1467,20.7556],[105.1481,20.7587],[105.1505,20.7673],[105.1521,20.77],[105.1534,20.7709],[105.1552,20.7706],[105.161,20.7655],[105.1676,20.7613],[105.1698,20.7606],[105.174,20.7607],[105.1781,20.7618],[105.1817,20.7628],[105.1866,20.7652],[105.1927,20.7713],[105.196,20.7719],[105.2044,20.7719],[105.2124,20.7707],[105.2165,20.7715],[105.226,20.7817],[105.2325,20.7854],[105.2513,20.8058],[105.2492,20.8091],[105.2462,20.8106],[105.2458,20.8139],[105.2449,20.8143],[105.2409,20.8182],[105.2386,20.822],[105.2382,20.8242],[105.2359,20.8272],[105.2345,20.8273],[105.2333,20.8264],[105.2317,20.8264],[105.2311,20.8259],[105.2298,20.8261],[105.2265,20.8249],[105.2243,20.8279],[105.2227,20.8271],[105.2197,20.8285],[105.2108,20.8286],[105.2096,20.8298],[105.2049,20.8319],[105.2034,20.8319],[105.2013,20.8333],[105.1934,20.8357],[105.1916,20.8358],[105.1913,20.8347],[105.1888,20.8328],[105.1862,20.8318],[105.1854,20.8316],[105.1837,20.8291],[105.1801,20.8277],[105.1795,20.8252],[105.1787,20.8242],[105.1758,20.8229],[105.1748,20.8211],[105.1725,20.8197],[105.1723,20.8173],[105.173,20.8152],[105.1717,20.8147],[105.1706,20.8148],[105.1673,20.8118],[105.1663,20.8073],[105.1652,20.805],[105.1611,20.8062],[105.1602,20.8081],[105.1598,20.8071],[105.1563,20.8057],[105.154,20.8068],[105.1501,20.8074],[105.1485,20.8073],[105.1475,20.8066],[105.143,20.8077],[105.1409,20.8076],[105.1364,20.81],[105.135,20.8101],[105.1342,20.8111],[105.1342,20.8114]]]},"properties":{"code":"04891","name":"Tiền Phong","nameEn":"Tien Phong","fullName":"Xã Tiền Phong","fullNameEn":"Tien Phong Commune","codeName":"tien_phong","postalCode":"36321","postalCodePrefix":"","gisServerId":"diaphanhanhchinhcapxa_2025.1660","areaKm2":116.31},"id":"04891"},
{"type":"Feature","geometry":{"type":"Polygon","coordinates":[[[105.4302,20.8287],[105.4323,20.833],[105.4311,20.8362],[105.4288,20.8378],[105.4279,20.8378],[105.4262,20.8369],[105.4238,20.8406],[105.4242,20.8423],[105.4254,20.8438],[105.4256,20.8457],[105.4261,20.8464],[105.4304,20.8479],[105.4304,20.8507],[105.4331,20.8524],[105.4331,20.853],[105.4346,20.8537],[105.4364,20.8575],[105.4391,20.8578],[105.4405,20.8594],[105.4405,20.8604],[105.4397,20.8619],[105.4407,20.8635],[105.4406,20.8646],[105.4402,20.8648],[105.4386,20.8636],[105.4371,20.8643],[105.4378,20.866],[105.4376,20.8687],[105.4404,20.8701],[105.4397,20.8708],[105.4402,20.8715],[105.4396,20.8722],[105.44,20.8735],[105.4407,20.8734],[105.4404,20.8744],[105.4408,20.8751],[105.4423,20.8752],[105.4417,20.8759],[105.4437,20.8792],[105.4432,20.8809],[105.4448,20.8812],[105.4445,20.8819],[105.4434,20.8818],[105.4443,20.8846],[105.4439,20.8856],[105.4455,20.8852],[105.4445,20.8869],[105.4451,20.8882],[105.4442,20.8893],[105.4434,20.8894],[105.4425,20.8902],[105.4427,20.8923],[105.442,20.8933],[105.4423,20.8941],[105.4435,20.8943],[105.4445,20.8937],[105.4445,20.8948],[105.4466,20.8958],[105.4473,20.8956],[105.4477,20.8962],[105.448,20.8957],[105.4487,20.8959],[105.4472,20.8974],[105.4481,20.8973],[105.4483,20.8985],[105.449,20.8992],[105.4486,20.9001],[105.4496,20.9003],[105.4496,20.9011],[105.4557,20.911],[105.4603,20.9277],[105.4603,20.9312],[105.4581,20.9332],[105.4603,20.9387],[105.4641,20.9416],[105.4649,20.9428],[105.465,20.9462],[105.4614,20.9466],[105.4596,20.9474],[105.459,20.9489],[105.458,20.9494],[105.4576,20.9503],[105.4554,20.9511],[105.4552,20.9519],[105.4528,20.9534],[105.4489,20.9547],[105.4458,20.9551],[105.4442,20.9564],[105.4408,20.9563],[105.44,20.9556],[105.4374,20.955],[105.4337,20.9567],[105.4337,20.9541],[105.429,20.9467],[105.4293,20.9451],[105.4284,20.9446],[105.4271,20.9421],[105.4251,20.9412],[105.4229,20.9392],[105.4233,20.9385],[105.4228,20.9364],[105.4223,20.9356],[105.4213,20.9355],[105.4231,20.9322],[105.4201,20.9298],[105.4184,20.9292],[105.4171,20.9277],[105.4107,20.9292],[105.4104,20.9308],[105.4067,20.9306],[105.3994,20.9273],[105.398,20.9259],[105.3971,20.9257],[105.3958,20.9227],[105.3954,20.9228],[105.3925,20.9202],[105.3888,20.9257],[105.3857,20.9252],[105.3842,20.9255],[105.3834,20.9271],[105.3818,20.9271],[105.3801,20.9293],[105.3782,20.9302],[105.3762,20.9303],[105.3738,20.9316],[105.3711,20.9311],[105.3697,20.9299],[105.3645,20.9306],[105.3639,20.9273],[105.3624,20.9252],[105.3628,20.9236],[105.3614,20.9225],[105.3598,20.9223],[105.3594,20.9216],[105.3596,20.9185],[105.3591,20.9178],[105.3568,20.9187],[105.3547,20.9189],[105.3535,20.9183],[105.3514,20.9184],[105.3488,20.9178],[105.3492,20.9082],[105.3486,20.9029],[105.3422,20.8854],[105.3445,20.8836],[105.3451,20.8836],[105.3454,20.8843],[105.3463,20.8843],[105.3464,20.883],[105.3469,20.8828],[105.3467,20.8821],[105.3477,20.8807],[105.3487,20.8804],[105.3495,20.8813],[105.3506,20.8807],[105.3513,20.8811],[105.3518,20.8806],[105.3511,20.8797],[105.3521,20.8782],[105.3545,20.8794],[105.3559,20.8788],[105.3565,20.8778],[105.3562,20.8765],[105.3572,20.8758],[105.3592,20.8757],[105.3607,20.8744],[105.3616,20.8724],[105.3661,20.8725],[105.3673,20.87],[105.3687,20.869],[105.3702,20.8686],[105.3746,20.8686],[105.3754,20.8677],[105.3764,20.8674],[105.3765,20.8669],[105.3783,20.8654],[105.3793,20.8619],[105.3794,20.8586],[105.38,20.857],[105.378,20.8545],[105.3775,20.8531],[105.3786,20.8518],[105.3787,20.8501],[105.3793,20.8493],[105.378,20.848],[105.3746,20.8467],[105.3742,20.8461],[105.3746,20.8444],[105.3757,20.8438],[105.3773,20.8402],[105.3774,20.8384],[105.3765,20.8375],[105.3753,20.8372],[105.3781,20.8331],[105.3772,20.832],[105.3779,20.8301],[105.3792,20.8287],[105.3794,20.8274],[105.3813,20.8261],[105.3812,20.8239],[105.3827,20.8233],[105.3837,20.8243],[105.3845,20.8243],[105.3857,20.8226],[105.3843,20.8198],[105.3839,20.8168],[105.3819,20.8147],[105.3818,20.8127],[105.3785,20.8076],[105.377,20.8057],[105.3774,20.8048],[105.3768,20.8029],[105.3752,20.8016],[105.3762,20.7984],[105.3757,20.7973],[105.3759,20.7935],[105.3729,20.7869],[105.3734,20.7848],[105.3729,20.7835],[105.3751,20.7823],[105.3798,20.7812],[105.3821,20.7818],[105.3838,20.7836],[105.3859,20.7833],[105.3876,20.7847],[105.3887,20.7849],[105.3908,20.7877],[105.3922,20.7911],[105.3946,20.8035],[105.4008,20.8049],[105.4027,20.8043],[105.4047,20.8042],[105.4058,20.8032],[105.4062,20.8038],[105.4065,20.8034],[105.4067,20.8039],[105.4077,20.8034],[105.4104,20.812],[105.4113,20.8128],[105.4148,20.8136],[105.4157,20.8175],[105.4154,20.8194],[105.4143,20.821],[105.4146,20.8228],[105.4155,20.8241],[105.4164,20.8244],[105.4186,20.8226],[105.4248,20.8233],[105.4251,20.8238],[105.4248,20.8266],[105.4286,20.8284],[105.4302,20.8287]]]},"properties":{"code":"04894","name":"Kỳ Sơn","nameEn":"Ky Son","fullName":"Phường Kỳ Sơn","fullNameEn":"Ky Son Ward","codeName":"ky_son","postalCode":"36121","postalCodePrefix":"","gisServerId":"diaphanhanhchinhcapxa_2025.1676","areaKm2":115.7},"id":"04894"},
{"type":"Feature","geometry":{"type":"Polygon","coordinates":[[[105.4442,20.9564],[105.4444,20.9574],[105.4438,20.958],[105.4437,20.9597],[105.4427,20.9608],[105.443,20.9624],[105.4422,20.9643],[105.4394,20.9679],[105.4358,20.9678],[105.4317,20.9725],[105.4302,20.9751],[105.4291,20.9804],[105.4281,20.9809],[105.4278,20.9822],[105.4268,20.9825],[105.4221,20.9819],[105.4214,20.9827],[105.4217,20.9847],[105.421,20.9855],[105.4213,20.9876],[105.42,20.9905],[105.4179,20.9926],[105.4183,20.9942],[105.4191,20.9944],[105.4181,20.9949],[105.418,20.9954],[105.4173,20.9955],[105.4172,20.9976],[105.4165,20.9985],[105.4151,20.9973],[105.4141,20.9979],[105.4136,20.997],[105.4119,20.9988],[105.4115,20.9982],[105.4092,20.998],[105.4076,20.9984],[105.4034,20.9979],[105.4019,20.9982],[105.4008,20.9999],[105.4001,20.9997],[105.3976,21.0011],[105.3968,21.001],[105.3964,21.0017],[105.3936,21.0031],[105.3917,21.0067],[105.3926,21.0101],[105.3919,21.0113],[105.3919,21.0144],[105.3866,21.0199],[105.3877,21.0226],[105.3875,21.0244],[105.3833,21.022],[105.3789,21.0187],[105.3769,21.016],[105.3756,21.0151],[105.372,21.0136],[105.366,21.0126],[105.3632,21.0108],[105.361,21.0105],[105.3591,21.009],[105.3534,21.0072],[105.3519,21.008],[105.351,21.009],[105.3494,21.0126],[105.3478,21.0142],[105.346,21.0131],[105.3449,21.0133],[105.3431,21.0127],[105.3389,21.0134],[105.3384,21.012],[105.3354,21.0114],[105.3336,21.0102],[105.3337,21.0097],[105.335,21.0093],[105.3337,21.0085],[105.3313,21.0084],[105.3309,21.0088],[105.3307,21.0082],[105.3295,21.008],[105.3278,21.0091],[105.3264,21.0088],[105.3264,21.0095],[105.3255,21.0098],[105.326,21.0102],[105.325,21.01],[105.3254,21.0112],[105.3263,21.0111],[105.3271,21.0121],[105.3268,21.0132],[105.3277,21.0139],[105.3269,21.0145],[105.3267,21.0165],[105.3278,21.0171],[105.3288,21.0166],[105.3288,21.0174],[105.3305,21.019],[105.3307,21.0197],[105.3302,21.0207],[105.3307,21.0207],[105.3312,21.0213],[105.3313,21.0229],[105.3302,21.0231],[105.3289,21.0241],[105.3274,21.0238],[105.3265,21.0216],[105.3257,21.0211],[105.3243,21.0216],[105.3238,21.0203],[105.3232,21.0203],[105.323,21.0207],[105.3218,21.0202],[105.3202,21.0202],[105.3219,21.0197],[105.3221,21.0186],[105.3216,21.0182],[105.3205,21.0184],[105.3207,21.0176],[105.3202,21.0184],[105.3198,21.0182],[105.3164,21.0137],[105.3164,21.0136],[105.3193,21.0083],[105.3259,20.999],[105.3302,20.9855],[105.3344,20.9766],[105.3385,20.962],[105.3423,20.951],[105.3444,20.9401],[105.3488,20.9178],[105.3514,20.9184],[105.3535,20.9183],[105.3547,20.9189],[105.3568,20.9187],[105.3591,20.9178],[105.3596,20.9185],[105.3594,20.9216],[105.3598,20.9223],[105.3614,20.9225],[105.3628,20.9236],[105.3624,20.9252],[105.3639,20.9273],[105.3645,20.9306],[105.3697,20.9299],[105.3711,20.9311],[105.3738,20.9316],[105.3762,20.9303],[105.3782,20.9302],[105.3801,20.9293],[105.3818,20.9271],[105.3834,20.9271],[105.3842,20.9255],[105.3857,20.9252],[105.3888,20.9257],[105.3925,20.9202],[105.3954,20.9228],[105.3958,20.9227],[105.3971,20.9257],[105.398,20.9259],[105.3994,20.9273],[105.4067,20.9306],[105.4104,20.9308],[105.4107,20.9292],[105.4171,20.9277],[105.4184,20.9292],[105.4201,20.9298],[105.4231,20.9322],[105.4213,20.9355],[105.4223,20.9356],[105.4228,20.9364],[105.4233,20.9385],[105.4229,20.9392],[105.4251,20.9412],[105.4271,20.9421],[105.4284,20.9446],[105.4293,20.9451],[105.429,20.9467],[105.4337,20.9541],[105.4337,20.9567],[105.4374,20.955],[105.44,20.9556],[105.4408,20.9563],[105.4442,20.9564]]]},"properties":{"code":"04897","name":"Thịnh Minh","nameEn":"Thinh Minh","fullName":"Xã Thịnh Minh","fullNameEn":"Thinh Minh Commune","codeName":"thinh_minh","postalCode":"36127","postalCodePrefix":"","gisServerId":"diaphanhanhchinhcapxa_2025.1675","areaKm2":89.21},"id":"04897"},
{"type":"Feature","geometry":{"type":"Polygon","coordinates":[[[105.465,20.9462],[105.4649,20.9428],[105.4641,20.9416],[105.4603,20.9387],[105.4581,20.9332],[105.4603,20.9312],[105.4603,20.9277],[105.4557,20.911],[105.4496,20.9011],[105.4496,20.9003],[105.4486,20.9001],[105.449,20.8992],[105.4483,20.8985],[105.4481,20.8973],[105.4472,20.8974],[105.4487,20.8959],[105.448,20.8957],[105.4477,20.8962],[105.4473,20.8956],[105.4466,20.8958],[105.4445,20.8948],[105.4445,20.8937],[105.4435,20.8943],[105.4423,20.8941],[105.442,20.8933],[105.4427,20.8923],[105.4425,20.8902],[105.4434,20.8894],[105.4442,20.8893],[105.4451,20.8882],[105.4445,20.8869],[105.4455,20.8852],[105.4439,20.8856],[105.4443,20.8846],[105.4434,20.8818],[105.4445,20.8819],[105.4448,20.8812],[105.4432,20.8809],[105.4437,20.8792],[105.4417,20.8759],[105.4423,20.8752],[105.4408,20.8751],[105.4404,20.8744],[105.4407,20.8734],[105.44,20.8735],[105.4396,20.8722],[105.4402,20.8715],[105.4397,20.8708],[105.4404,20.8701],[105.4376,20.8687],[105.4378,20.866],[105.4371,20.8643],[105.4386,20.8636],[105.4402,20.8648],[105.4406,20.8646],[105.4407,20.8635],[105.4397,20.8619],[105.4405,20.8604],[105.4405,20.8594],[105.4391,20.8578],[105.4364,20.8575],[105.4346,20.8537],[105.4331,20.853],[105.4331,20.8524],[105.4304,20.8507],[105.4304,20.8479],[105.4261,20.8464],[105.4256,20.8457],[105.4254,20.8438],[105.4242,20.8423],[105.4238,20.8406],[105.4262,20.8369],[105.4279,20.8378],[105.4288,20.8378],[105.4311,20.8362],[105.4323,20.833],[105.4302,20.8287],[105.4316,20.8273],[105.432,20.8259],[105.4318,20.8234],[105.4331,20.8214],[105.4353,20.8204],[105.4374,20.8213],[105.4403,20.8218],[105.4424,20.8202],[105.4434,20.8177],[105.4436,20.8124],[105.4451,20.8115],[105.446,20.809],[105.4457,20.8085],[105.4496,20.8078],[105.4493,20.807],[105.4511,20.8046],[105.4519,20.8046],[105.4534,20.8036],[105.4585,20.8051],[105.4599,20.8062],[105.4615,20.8067],[105.4623,20.8087],[105.4635,20.8096],[105.4669,20.8085],[105.4678,20.8078],[105.4679,20.8071],[105.4695,20.8077],[105.4717,20.8074],[105.4721,20.8083],[105.4762,20.8072],[105.4764,20.8097],[105.4749,20.8142],[105.476,20.819],[105.4776,20.8229],[105.4766,20.8258],[105.4717,20.8313],[105.4693,20.8358],[105.4714,20.8377],[105.4725,20.8396],[105.4729,20.8487],[105.4717,20.8516],[105.4653,20.8562],[105.4649,20.8603],[105.4671,20.8671],[105.4676,20.8723],[105.4682,20.8728],[105.4688,20.8724],[105.4691,20.87],[105.4706,20.8669],[105.4719,20.8663],[105.4746,20.8614],[105.4768,20.8602],[105.4781,20.858],[105.4805,20.8564],[105.4835,20.8535],[105.4848,20.8533],[105.486,20.8543],[105.4869,20.8541],[105.4873,20.852],[105.4897,20.8494],[105.4903,20.848],[105.492,20.8478],[105.4935,20.849],[105.4946,20.8486],[105.4979,20.845],[105.5007,20.844],[105.5015,20.8433],[105.5017,20.8417],[105.5027,20.8414],[105.504,20.8398],[105.5068,20.8398],[105.5082,20.8407],[105.5142,20.8396],[105.5157,20.8403],[105.5159,20.842],[105.5177,20.842],[105.5179,20.8427],[105.5178,20.8468],[105.5182,20.8482],[105.5197,20.8495],[105.5209,20.8494],[105.5222,20.8507],[105.5248,20.8503],[105.5266,20.8509],[105.5275,20.8497],[105.5288,20.8493],[105.5301,20.8498],[105.5319,20.8493],[105.5339,20.8515],[105.5337,20.8538],[105.539,20.8536],[105.5397,20.8534],[105.54,20.8525],[105.5402,20.8554],[105.5413,20.8583],[105.5412,20.8597],[105.5433,20.8619],[105.5448,20.8623],[105.5476,20.8612],[105.5493,20.8616],[105.5511,20.861],[105.5535,20.8611],[105.5584,20.862],[105.5597,20.8613],[105.5616,20.8614],[105.565,20.8595],[105.5658,20.8584],[105.5675,20.8578],[105.567,20.8574],[105.5679,20.8566],[105.567,20.8554],[105.5656,20.8557],[105.5655,20.8548],[105.5667,20.854],[105.5654,20.8533],[105.5675,20.8517],[105.567,20.8507],[105.5677,20.8498],[105.5681,20.848],[105.5699,20.8474],[105.5736,20.8474],[105.5749,20.8458],[105.5804,20.8453],[105.5847,20.8443],[105.5854,20.8448],[105.5857,20.846],[105.5864,20.8462],[105.5859,20.8467],[105.587,20.8477],[105.587,20.849],[105.5877,20.8496],[105.5869,20.8508],[105.5861,20.8512],[105.5863,20.8535],[105.5851,20.8546],[105.5854,20.8574],[105.5826,20.8592],[105.5802,20.8625],[105.5794,20.8615],[105.5755,20.864],[105.5756,20.8663],[105.575,20.8662],[105.5736,20.8677],[105.5731,20.8691],[105.5712,20.8691],[105.5697,20.8702],[105.5679,20.8726],[105.5673,20.8724],[105.5628,20.8732],[105.5634,20.8761],[105.563,20.8763],[105.5613,20.8755],[105.5606,20.8773],[105.5596,20.8774],[105.5591,20.8793],[105.5602,20.8795],[105.5594,20.8801],[105.5594,20.8808],[105.5564,20.8796],[105.554,20.8798],[105.5537,20.8826],[105.5528,20.8827],[105.5527,20.8832],[105.5562,20.8837],[105.556,20.885],[105.555,20.8863],[105.5568,20.8885],[105.5569,20.8896],[105.5596,20.8909],[105.5599,20.8941],[105.561,20.8979],[105.562,20.8986],[105.5634,20.8985],[105.5633,20.8991],[105.5623,20.8993],[105.5614,20.9006],[105.5594,20.9013],[105.5597,20.9018],[105.5593,20.9022],[105.5562,20.904],[105.5555,20.9048],[105.556,20.9056],[105.5571,20.9067],[105.56,20.9055],[105.5585,20.9067],[105.5586,20.9074],[105.5575,20.908],[105.5598,20.9098],[105.5606,20.91],[105.5615,20.9092],[105.5621,20.9094],[105.5628,20.9089],[105.569,20.9115],[105.5723,20.9135],[105.5753,20.9135],[105.5771,20.9149],[105.5771,20.9154],[105.5782,20.9155],[105.5791,20.9151],[105.579,20.9165],[105.5801,20.9178],[105.5791,20.9186],[105.5785,20.9203],[105.579,20.9208],[105.5794,20.9203],[105.581,20.9204],[105.5818,20.9198],[105.584,20.9214],[105.5845,20.9228],[105.5829,20.9231],[105.5818,20.924],[105.5812,20.9236],[105.5797,20.9248],[105.5813,20.9258],[105.5808,20.9275],[105.5799,20.9275],[105.58,20.9288],[105.5775,20.9294],[105.5761,20.9292],[105.5756,20.9302],[105.5734,20.9284],[105.5708,20.9301],[105.5702,20.9297],[105.571,20.9279],[105.5686,20.9273],[105.5663,20.9276],[105.565,20.9266],[105.5612,20.9258],[105.5607,20.9247],[105.5604,20.9252],[105.5567,20.9268],[105.555,20.9271],[105.5535,20.9266],[105.5521,20.9274],[105.551,20.9258],[105.5459,20.9232],[105.5412,20.9252],[105.5384,20.9278],[105.5375,20.926],[105.535,20.9241],[105.5336,20.9237],[105.5326,20.9224],[105.5311,20.922],[105.5296,20.9207],[105.5253,20.9189],[105.5228,20.9215],[105.5216,20.9221],[105.5192,20.9225],[105.5175,20.9218],[105.5133,20.9221],[105.5108,20.9232],[105.5055,20.9266],[105.5024,20.931],[105.499,20.9303],[105.4979,20.9316],[105.4957,20.9323],[105.4937,20.9336],[105.4926,20.9335],[105.4918,20.9341],[105.4904,20.9336],[105.4885,20.9356],[105.4889,20.9365],[105.4881,20.9378],[105.4857,20.9394],[105.4858,20.9407],[105.4838,20.9433],[105.4808,20.9459],[105.4807,20.947],[105.4783,20.9489],[105.4752,20.9485],[105.4712,20.949],[105.465,20.9462]]]},"properties":{"code":"04924","name":"Lương Sơn","nameEn":"Luong Son","fullName":"Xã Lương Sơn","fullNameEn":"Luong Son Commune","codeName":"luong_son","postalCode":"36256","postalCodePrefix":"","gisServerId":"diaphanhanhchinhcapxa_2025.1679","areaKm2":131.24},"id":"04924"},
{"type":"Feature","geometry":{"type":"Polygon","coordinates":[[[105.5854,20.8448],[105.5847,20.8443],[105.5804,20.8453],[105.5749,20.8458],[105.5736,20.8474],[105.5699,20.8474],[105.5681,20.848],[105.5677,20.8498],[105.567,20.8507],[105.5675,20.8517],[105.5654,20.8533],[105.5667,20.854],[105.5655,20.8548],[105.5656,20.8557],[105.567,20.8554],[105.5679,20.8566],[105.567,20.8574],[105.5675,20.8578],[105.5658,20.8584],[105.565,20.8595],[105.5616,20.8614],[105.5597,20.8613],[105.5584,20.862],[105.5535,20.8611],[105.5511,20.861],[105.5493,20.8616],[105.5476,20.8612],[105.5448,20.8623],[105.5433,20.8619],[105.5412,20.8597],[105.5413,20.8583],[105.5402,20.8554],[105.54,20.8525],[105.5397,20.8534],[105.539,20.8536],[105.5337,20.8538],[105.5339,20.8515],[105.5319,20.8493],[105.5301,20.8498],[105.5288,20.8493],[105.5275,20.8497],[105.5266,20.8509],[105.5248,20.8503],[105.5222,20.8507],[105.5209,20.8494],[105.5197,20.8495],[105.5182,20.8482],[105.5178,20.8468],[105.5179,20.8427],[105.5177,20.842],[105.5159,20.842],[105.5157,20.8403],[105.5142,20.8396],[105.5082,20.8407],[105.5068,20.8398],[105.504,20.8398],[105.5027,20.8414],[105.5017,20.8417],[105.5015,20.8433],[105.5007,20.844],[105.4979,20.845],[105.4946,20.8486],[105.4935,20.849],[105.492,20.8478],[105.4903,20.848],[105.4897,20.8494],[105.4873,20.852],[105.4869,20.8541],[105.486,20.8543],[105.4848,20.8533],[105.4835,20.8535],[105.4805,20.8564],[105.4781,20.858],[105.4768,20.8602],[105.4746,20.8614],[105.4719,20.8663],[105.4706,20.8669],[105.4691,20.87],[105.4688,20.8724],[105.4682,20.8728],[105.4676,20.8723],[105.4671,20.8671],[105.4649,20.8603],[105.4653,20.8562],[105.4717,20.8516],[105.4729,20.8487],[105.4725,20.8396],[105.4714,20.8377],[105.4693,20.8358],[105.4717,20.8313],[105.4766,20.8258],[105.4776,20.8229],[105.476,20.819],[105.4749,20.8142],[105.4764,20.8097],[105.4762,20.8072],[105.4794,20.8056],[105.4795,20.8036],[105.4788,20.803],[105.4781,20.8002],[105.4781,20.7979],[105.4787,20.7961],[105.4777,20.7948],[105.4794,20.7935],[105.4795,20.7921],[105.4792,20.7904],[105.478,20.7886],[105.4796,20.7866],[105.4813,20.7858],[105.4826,20.7877],[105.4851,20.7877],[105.486,20.7882],[105.4875,20.7916],[105.4883,20.7922],[105.4916,20.7939],[105.4949,20.7934],[105.4994,20.7953],[105.502,20.7975],[105.5026,20.8002],[105.5039,20.8011],[105.5057,20.8015],[105.5082,20.8007],[105.5125,20.8007],[105.5145,20.8016],[105.5157,20.8029],[105.5195,20.8038],[105.5213,20.8019],[105.5235,20.8018],[105.5261,20.8004],[105.5278,20.8006],[105.5307,20.7999],[105.5319,20.7978],[105.5326,20.7973],[105.5404,20.7968],[105.5468,20.7977],[105.55,20.797],[105.5554,20.7975],[105.5537,20.7923],[105.5521,20.7912],[105.5511,20.7893],[105.5526,20.787],[105.5525,20.7852],[105.5534,20.7843],[105.5555,20.784],[105.5569,20.7821],[105.5608,20.7789],[105.564,20.7781],[105.5695,20.7793],[105.5708,20.7791],[105.5744,20.7752],[105.5796,20.7765],[105.5808,20.776],[105.5827,20.7766],[105.5859,20.7746],[105.5884,20.7736],[105.5918,20.7706],[105.594,20.7694],[105.5979,20.7651],[105.5994,20.7619],[105.6009,20.7603],[105.606,20.7603],[105.6071,20.7597],[105.6095,20.7568],[105.6125,20.7563],[105.6147,20.7543],[105.617,20.7534],[105.618,20.7534],[105.6197,20.7546],[105.6259,20.7538],[105.6309,20.7545],[105.6382,20.7576],[105.6405,20.758],[105.6408,20.7543],[105.6405,20.752],[105.6467,20.7533],[105.6465,20.7582],[105.6502,20.7594],[105.6493,20.762],[105.6498,20.7645],[105.6489,20.7654],[105.6484,20.7682],[105.6492,20.7713],[105.6489,20.7749],[105.6495,20.776],[105.649,20.7764],[105.6478,20.7763],[105.6477,20.7766],[105.6478,20.7779],[105.6485,20.7788],[105.648,20.7869],[105.6487,20.7909],[105.6484,20.7921],[105.6463,20.7923],[105.6465,20.7947],[105.6457,20.7966],[105.645,20.7963],[105.6436,20.7927],[105.6421,20.7928],[105.6424,20.7923],[105.6413,20.7918],[105.6406,20.7929],[105.6372,20.7937],[105.636,20.7953],[105.6354,20.7952],[105.6348,20.7938],[105.6337,20.7929],[105.6308,20.7935],[105.6306,20.7939],[105.6332,20.7962],[105.6332,20.7978],[105.6343,20.7993],[105.6346,20.801],[105.6343,20.8024],[105.6325,20.803],[105.6331,20.8056],[105.6323,20.8079],[105.6322,20.8099],[105.6311,20.8112],[105.6319,20.8117],[105.6321,20.8139],[105.631,20.8139],[105.6312,20.8149],[105.6306,20.8159],[105.6282,20.8154],[105.628,20.8144],[105.6269,20.8144],[105.6273,20.815],[105.6271,20.8159],[105.6277,20.8159],[105.6276,20.8166],[105.6288,20.8161],[105.6312,20.8171],[105.6315,20.819],[105.6322,20.8199],[105.6317,20.8204],[105.6304,20.8198],[105.6302,20.8208],[105.6328,20.8208],[105.6331,20.8216],[105.6342,20.8222],[105.6365,20.8215],[105.6398,20.8239],[105.6412,20.8242],[105.641,20.8254],[105.6419,20.8261],[105.6421,20.8276],[105.6405,20.8299],[105.6409,20.8306],[105.6424,20.8311],[105.6417,20.833],[105.6363,20.832],[105.6354,20.8329],[105.6362,20.8354],[105.6352,20.8362],[105.6367,20.8394],[105.6338,20.8385],[105.6338,20.837],[105.6321,20.8353],[105.6285,20.8343],[105.624,20.8318],[105.6217,20.8319],[105.6196,20.8306],[105.6178,20.8305],[105.6189,20.8319],[105.6175,20.8315],[105.6159,20.8318],[105.6152,20.834],[105.6139,20.8356],[105.6117,20.8358],[105.61,20.838],[105.6083,20.8378],[105.6069,20.8387],[105.606,20.838],[105.6041,20.8388],[105.6029,20.8379],[105.5999,20.8412],[105.598,20.8418],[105.598,20.8412],[105.5975,20.8411],[105.5967,20.8418],[105.5963,20.8415],[105.5965,20.8403],[105.5978,20.8386],[105.5966,20.8377],[105.5966,20.8369],[105.5972,20.8361],[105.5966,20.8357],[105.5965,20.8348],[105.5973,20.8343],[105.597,20.8338],[105.5978,20.8335],[105.5967,20.8317],[105.5947,20.8305],[105.5919,20.8309],[105.5904,20.8306],[105.5893,20.8314],[105.5881,20.8313],[105.5872,20.8297],[105.5866,20.8264],[105.5879,20.8227],[105.5878,20.8205],[105.5872,20.8197],[105.5846,20.8188],[105.5838,20.8176],[105.5832,20.8145],[105.5834,20.8118],[105.5815,20.8117],[105.5782,20.8092],[105.5752,20.8079],[105.5717,20.8086],[105.5662,20.8084],[105.5643,20.8095],[105.5634,20.8088],[105.5592,20.8083],[105.5572,20.8074],[105.5558,20.8061],[105.5531,20.8066],[105.552,20.8072],[105.5509,20.8092],[105.5583,20.8123],[105.5585,20.815],[105.5594,20.8159],[105.5602,20.8187],[105.5621,20.8227],[105.5635,20.8228],[105.5662,20.8217],[105.5744,20.8221],[105.5793,20.8265],[105.5796,20.8272],[105.579,20.828],[105.5804,20.8307],[105.5801,20.8333],[105.5811,20.8358],[105.5816,20.836],[105.5815,20.8368],[105.5832,20.8375],[105.5835,20.8388],[105.5845,20.8389],[105.5847,20.8396],[105.5861,20.8403],[105.5863,20.8408],[105.5853,20.8417],[105.5852,20.8423],[105.5873,20.8429],[105.5876,20.8436],[105.5872,20.844],[105.5881,20.8454],[105.5876,20.8455],[105.5863,20.8441],[105.5861,20.8447],[105.5854,20.8448]]]},"properties":{"code":"04960","name":"Liên Sơn","nameEn":"Lien Son","fullName":"Xã Liên Sơn","fullNameEn":"Lien Son Commune","codeName":"lien_son","postalCode":"36275","postalCodePrefix":"","gisServerId":"diaphanhanhchinhcapxa_2025.3295","areaKm2":120.21},"id":"04960"},
{"type":"Feature","geometry":{"type":"Polygon","coordinates":[[[105.5578,20.6629],[105.5571,20.6634],[105.5521,20.6641],[105.5511,20.6648],[105.5482,20.6654],[105.5447,20.6676],[105.545,20.6687],[105.5481,20.6721],[105.5474,20.6733],[105.546,20.6737],[105.5428,20.6735],[105.5384,20.6749],[105.536,20.675],[105.5331,20.6768],[105.5341,20.6792],[105.5338,20.6797],[105.5328,20.6804],[105.53,20.6806],[105.529,20.6821],[105.5286,20.6841],[105.527,20.6866],[105.5265,20.6892],[105.5274,20.6927],[105.5295,20.6933],[105.531,20.692],[105.531,20.6932],[105.5308,20.6939],[105.5289,20.6956],[105.5264,20.6992],[105.5248,20.6995],[105.5246,20.6984],[105.525,20.6974],[105.5239,20.6964],[105.5216,20.6976],[105.5209,20.6966],[105.5198,20.6968],[105.5198,20.7001],[105.5189,20.7004],[105.5176,20.6992],[105.516,20.6989],[105.5138,20.6966],[105.5109,20.698],[105.5117,20.6996],[105.5099,20.6997],[105.5103,20.7008],[105.5089,20.7023],[105.5088,20.7044],[105.5097,20.7054],[105.5097,20.7063],[105.5087,20.7072],[105.5079,20.7097],[105.509,20.7115],[105.5086,20.7119],[105.5075,20.7119],[105.5079,20.7131],[105.509,20.7138],[105.5075,20.7151],[105.5072,20.7166],[105.5065,20.717],[105.5074,20.719],[105.506,20.7193],[105.5047,20.7189],[105.5025,20.7193],[105.501,20.7202],[105.4988,20.7197],[105.4975,20.7201],[105.4967,20.721],[105.4946,20.7204],[105.4932,20.7207],[105.4932,20.7176],[105.492,20.7177],[105.4888,20.7194],[105.4869,20.7185],[105.4845,20.7183],[105.485,20.7173],[105.4845,20.7153],[105.4825,20.7133],[105.4823,20.7126],[105.4828,20.7124],[105.4815,20.7107],[105.4811,20.7091],[105.4803,20.7086],[105.4816,20.7075],[105.4812,20.707],[105.4798,20.7082],[105.478,20.7067],[105.475,20.7065],[105.4736,20.7047],[105.4761,20.7018],[105.4753,20.7013],[105.476,20.6975],[105.4755,20.6963],[105.4762,20.6952],[105.4772,20.6948],[105.4815,20.6957],[105.4823,20.6953],[105.4824,20.6943],[105.4848,20.6946],[105.4861,20.6928],[105.4875,20.6922],[105.4878,20.6924],[105.4877,20.6916],[105.4853,20.6902],[105.4848,20.6888],[105.4853,20.6879],[105.4847,20.6871],[105.4862,20.6869],[105.4865,20.6877],[105.4873,20.6878],[105.4871,20.6868],[105.4865,20.6869],[105.4861,20.6855],[105.4852,20.6851],[105.4851,20.6846],[105.487,20.6838],[105.488,20.684],[105.4876,20.6832],[105.488,20.683],[105.4916,20.6848],[105.4932,20.6835],[105.4943,20.6844],[105.495,20.684],[105.4954,20.6827],[105.4967,20.682],[105.4969,20.6805],[105.4978,20.6797],[105.4983,20.6784],[105.4996,20.6772],[105.5006,20.6733],[105.4979,20.6712],[105.4985,20.6711],[105.4997,20.6683],[105.4986,20.6631],[105.497,20.662],[105.4946,20.6592],[105.4925,20.6581],[105.4913,20.6565],[105.4913,20.6552],[105.4925,20.6533],[105.4933,20.6528],[105.4922,20.6504],[105.489,20.6496],[105.4876,20.6478],[105.4875,20.6463],[105.4864,20.6456],[105.486,20.644],[105.4833,20.641],[105.4806,20.6403],[105.4798,20.6384],[105.4784,20.6371],[105.4764,20.6374],[105.4753,20.6355],[105.4734,20.6345],[105.4706,20.6316],[105.4739,20.6318],[105.4755,20.6332],[105.4798,20.6342],[105.4852,20.6369],[105.4886,20.637],[105.4914,20.6356],[105.4925,20.6356],[105.4965,20.6311],[105.4956,20.629],[105.4971,20.6288],[105.4988,20.6274],[105.5015,20.6261],[105.5031,20.6272],[105.5042,20.625],[105.5079,20.6248],[105.5091,20.6264],[105.5111,20.625],[105.516,20.6252],[105.5219,20.6233],[105.5196,20.6205],[105.5188,20.6158],[105.5241,20.6147],[105.5268,20.615],[105.5276,20.6145],[105.5293,20.6154],[105.532,20.6155],[105.5361,20.6182],[105.5399,20.6179],[105.5413,20.6192],[105.5446,20.6189],[105.5479,20.62],[105.5504,20.619],[105.5523,20.6199],[105.5532,20.6193],[105.5537,20.618],[105.5546,20.6178],[105.5546,20.6172],[105.5561,20.6178],[105.5563,20.6156],[105.5581,20.6159],[105.5581,20.6148],[105.5595,20.6126],[105.5593,20.6098],[105.5601,20.6086],[105.561,20.6081],[105.5612,20.6022],[105.5644,20.6009],[105.5712,20.5995],[105.572,20.5995],[105.5721,20.6],[105.5725,20.5998],[105.5723,20.6009],[105.5731,20.6007],[105.5731,20.6013],[105.5738,20.6016],[105.5745,20.6029],[105.5758,20.6018],[105.5765,20.6021],[105.5783,20.6017],[105.5785,20.6024],[105.5794,20.6021],[105.5795,20.6032],[105.5784,20.6063],[105.5739,20.6121],[105.5744,20.6143],[105.5766,20.6156],[105.5777,20.6179],[105.5767,20.6189],[105.5757,20.6224],[105.5738,20.6227],[105.5733,20.6234],[105.5716,20.6233],[105.5683,20.6249],[105.5651,20.628],[105.565,20.6302],[105.5664,20.6319],[105.5677,20.6353],[105.5672,20.6381],[105.5664,20.639],[105.5668,20.6392],[105.5671,20.6409],[105.5655,20.6407],[105.564,20.6424],[105.5634,20.6446],[105.5611,20.6442],[105.5604,20.6469],[105.5589,20.6475],[105.5588,20.6481],[105.5605,20.6509],[105.5605,20.6536],[105.5596,20.657],[105.5579,20.66],[105.5578,20.6629]]]},"properties":{"code":"04978","name":"Kim Bôi","nameEn":"Kim Boi","fullName":"Xã Kim Bôi","fullNameEn":"Kim Boi Commune","codeName":"kim_boi","postalCode":"36925","postalCodePrefix":"","gisServerId":"diaphanhanhchinhcapxa_2025.1662","areaKm2":64.57},"id":"04978"},
{"type":"Feature","geometry":{"type":"Polygon","coordinates":[[[105.4762,20.8072],[105.4721,20.8083],[105.4717,20.8074],[105.4695,20.8077],[105.4679,20.8071],[105.4678,20.8078],[105.4669,20.8085],[105.4635,20.8096],[105.4623,20.8087],[105.4615,20.8067],[105.4599,20.8062],[105.4585,20.8051],[105.4534,20.8036],[105.4519,20.8046],[105.4511,20.8046],[105.4493,20.807],[105.4496,20.8078],[105.4457,20.8085],[105.446,20.809],[105.4451,20.8115],[105.4436,20.8124],[105.4434,20.8177],[105.4424,20.8202],[105.4403,20.8218],[105.4374,20.8213],[105.4353,20.8204],[105.4331,20.8214],[105.4318,20.8234],[105.432,20.8259],[105.4316,20.8273],[105.4302,20.8287],[105.4286,20.8284],[105.4248,20.8266],[105.4251,20.8238],[105.4248,20.8233],[105.4186,20.8226],[105.4164,20.8244],[105.4155,20.8241],[105.4146,20.8228],[105.4143,20.821],[105.4154,20.8194],[105.4157,20.8175],[105.4148,20.8136],[105.4113,20.8128],[105.4104,20.812],[105.4077,20.8034],[105.4067,20.8039],[105.4065,20.8034],[105.4062,20.8038],[105.4058,20.8032],[105.4047,20.8042],[105.4027,20.8043],[105.4008,20.8049],[105.3946,20.8035],[105.3922,20.7911],[105.3908,20.7877],[105.3887,20.7849],[105.3876,20.7847],[105.3859,20.7833],[105.3838,20.7836],[105.3821,20.7818],[105.3798,20.7812],[105.3751,20.7823],[105.3729,20.7835],[105.3731,20.7808],[105.3743,20.7789],[105.3747,20.7766],[105.376,20.7746],[105.3771,20.7709],[105.378,20.7701],[105.3778,20.7665],[105.3794,20.7675],[105.38,20.7685],[105.3828,20.7696],[105.3856,20.7723],[105.3882,20.774],[105.3902,20.7714],[105.3969,20.7736],[105.3986,20.7732],[105.3994,20.7737],[105.4004,20.7735],[105.4016,20.7745],[105.4036,20.7746],[105.4062,20.7735],[105.4079,20.774],[105.4103,20.7727],[105.4117,20.7732],[105.4142,20.7707],[105.4198,20.7698],[105.4216,20.7676],[105.4204,20.7648],[105.4228,20.7629],[105.4251,20.7634],[105.4277,20.7592],[105.4287,20.7528],[105.4315,20.7515],[105.4355,20.7477],[105.4404,20.7482],[105.4415,20.7476],[105.4401,20.7492],[105.4404,20.7506],[105.4417,20.7496],[105.4426,20.7498],[105.443,20.7512],[105.4447,20.752],[105.4443,20.7523],[105.4435,20.7523],[105.4431,20.7518],[105.4428,20.752],[105.4434,20.7527],[105.4427,20.7537],[105.4435,20.7549],[105.4438,20.7542],[105.4451,20.754],[105.4477,20.7546],[105.4495,20.7543],[105.4512,20.7553],[105.4515,20.7531],[105.4521,20.7532],[105.4518,20.7544],[105.4522,20.7554],[105.4537,20.755],[105.456,20.7532],[105.4582,20.7538],[105.4583,20.7549],[105.4589,20.7548],[105.4591,20.7554],[105.4608,20.7552],[105.4615,20.7542],[105.464,20.7544],[105.4647,20.7511],[105.4658,20.7508],[105.4672,20.7526],[105.4682,20.7525],[105.4688,20.7534],[105.4705,20.7514],[105.4727,20.7499],[105.472,20.7477],[105.4725,20.7473],[105.4728,20.7434],[105.4718,20.742],[105.4715,20.7403],[105.472,20.7394],[105.4713,20.739],[105.472,20.735],[105.472,20.7329],[105.475,20.7339],[105.4766,20.7349],[105.4775,20.7348],[105.4782,20.7334],[105.4791,20.7336],[105.4797,20.7346],[105.48,20.7331],[105.4794,20.7306],[105.4779,20.7291],[105.4782,20.7282],[105.4775,20.7272],[105.4774,20.7258],[105.4783,20.7246],[105.4783,20.7238],[105.4791,20.7232],[105.4792,20.7202],[105.4801,20.7186],[105.4813,20.7182],[105.4845,20.7183],[105.4869,20.7185],[105.4888,20.7194],[105.492,20.7177],[105.4932,20.7176],[105.4932,20.7207],[105.4946,20.7204],[105.4967,20.721],[105.4975,20.7201],[105.4988,20.7197],[105.501,20.7202],[105.5025,20.7193],[105.5047,20.7189],[105.506,20.7193],[105.5074,20.719],[105.5065,20.717],[105.5072,20.7166],[105.5075,20.7151],[105.509,20.7138],[105.5079,20.7131],[105.5075,20.7119],[105.5086,20.7119],[105.509,20.7115],[105.5079,20.7097],[105.5087,20.7072],[105.5097,20.7063],[105.5097,20.7054],[105.5088,20.7044],[105.5089,20.7023],[105.5103,20.7008],[105.5099,20.6997],[105.5117,20.6996],[105.5109,20.698],[105.5138,20.6966],[105.516,20.6989],[105.5176,20.6992],[105.5189,20.7004],[105.5198,20.7001],[105.5198,20.6968],[105.5209,20.6966],[105.5216,20.6976],[105.5239,20.6964],[105.525,20.6974],[105.5246,20.6984],[105.5248,20.6995],[105.5264,20.6992],[105.5289,20.6956],[105.5308,20.6939],[105.531,20.6932],[105.531,20.692],[105.5295,20.6933],[105.5274,20.6927],[105.5265,20.6892],[105.527,20.6866],[105.5286,20.6841],[105.529,20.6821],[105.53,20.6806],[105.5328,20.6804],[105.5338,20.6797],[105.5341,20.6792],[105.5331,20.6768],[105.536,20.675],[105.5384,20.6749],[105.5428,20.6735],[105.546,20.6737],[105.5474,20.6733],[105.5481,20.6721],[105.545,20.6687],[105.5447,20.6676],[105.5482,20.6654],[105.5511,20.6648],[105.5521,20.6641],[105.5571,20.6634],[105.5578,20.6629],[105.5589,20.6637],[105.5611,20.6637],[105.5614,20.6641],[105.5609,20.666],[105.5619,20.6681],[105.5615,20.669],[105.5619,20.6714],[105.5613,20.6721],[105.5613,20.6732],[105.5623,20.676],[105.5618,20.6765],[105.5628,20.6789],[105.5609,20.6793],[105.5581,20.6789],[105.556,20.6791],[105.555,20.681],[105.552,20.6832],[105.5509,20.6828],[105.5496,20.6809],[105.5489,20.6809],[105.5478,20.683],[105.5451,20.6855],[105.5447,20.6864],[105.5457,20.6877],[105.5456,20.6899],[105.544,20.692],[105.5457,20.6926],[105.5476,20.6944],[105.5463,20.6962],[105.5471,20.7001],[105.546,20.7021],[105.5471,20.7031],[105.5489,20.7073],[105.5455,20.7123],[105.5428,20.7139],[105.5485,20.7129],[105.5496,20.7138],[105.553,20.713],[105.5546,20.7143],[105.5599,20.7167],[105.5613,20.72],[105.564,20.7228],[105.5663,20.7223],[105.5704,20.7307],[105.5737,20.7352],[105.5764,20.7333],[105.5794,20.7325],[105.5823,20.73],[105.5844,20.7322],[105.5871,20.7364],[105.5868,20.738],[105.5849,20.7408],[105.5844,20.7425],[105.581,20.7454],[105.5767,20.7469],[105.5735,20.7498],[105.5708,20.7498],[105.5678,20.7509],[105.5681,20.7552],[105.5691,20.7567],[105.5691,20.7587],[105.57,20.7614],[105.5689,20.7626],[105.5691,20.7639],[105.5714,20.7645],[105.5717,20.7661],[105.5727,20.7669],[105.5732,20.7695],[105.5723,20.7705],[105.5726,20.7716],[105.5721,20.7728],[105.5739,20.7742],[105.5744,20.7752],[105.5708,20.7791],[105.5695,20.7793],[105.564,20.7781],[105.5608,20.7789],[105.5569,20.7821],[105.5555,20.784],[105.5534,20.7843],[105.5525,20.7852],[105.5526,20.787],[105.5511,20.7893],[105.5521,20.7912],[105.5537,20.7923],[105.5554,20.7975],[105.55,20.797],[105.5468,20.7977],[105.5404,20.7968],[105.5326,20.7973],[105.5319,20.7978],[105.5307,20.7999],[105.5278,20.8006],[105.5261,20.8004],[105.5235,20.8018],[105.5213,20.8019],[105.5195,20.8038],[105.5157,20.8029],[105.5145,20.8016],[105.5125,20.8007],[105.5082,20.8007],[105.5057,20.8015],[105.5039,20.8011],[105.5026,20.8002],[105.502,20.7975],[105.4994,20.7953],[105.4949,20.7934],[105.4916,20.7939],[105.4883,20.7922],[105.4875,20.7916],[105.486,20.7882],[105.4851,20.7877],[105.4826,20.7877],[105.4813,20.7858],[105.4796,20.7866],[105.478,20.7886],[105.4792,20.7904],[105.4795,20.7921],[105.4794,20.7935],[105.4777,20.7948],[105.4787,20.7961],[105.4781,20.7979],[105.4781,20.8002],[105.4788,20.803],[105.4795,20.8036],[105.4794,20.8056],[105.4762,20.8072]]]},"properties":{"code":"04990","name":"Nật Sơn","nameEn":"Nat Son","fullName":"Xã Nật Sơn","fullNameEn":"Nat Son Commune","codeName":"nat_son","postalCode":"36937","postalCodePrefix":"","gisServerId":"diaphanhanhchinhcapxa_2025.1650","areaKm2":154.65},"id":"04990"},
{"type":"Feature","geometry":{"type":"Polygon","coordinates":[[[105.4845,20.7183],[105.4813,20.7182],[105.4801,20.7186],[105.4792,20.7202],[105.4791,20.7232],[105.4783,20.7238],[105.4783,20.7246],[105.4774,20.7258],[105.4775,20.7272],[105.4782,20.7282],[105.4779,20.7291],[105.4794,20.7306],[105.48,20.7331],[105.4797,20.7346],[105.4791,20.7336],[105.4782,20.7334],[105.4775,20.7348],[105.4766,20.7349],[105.475,20.7339],[105.472,20.7329],[105.472,20.735],[105.4713,20.739],[105.472,20.7394],[105.4715,20.7403],[105.4718,20.742],[105.4728,20.7434],[105.4725,20.7473],[105.472,20.7477],[105.4727,20.7499],[105.4705,20.7514],[105.4688,20.7534],[105.4682,20.7525],[105.4672,20.7526],[105.4658,20.7508],[105.4647,20.7511],[105.464,20.7544],[105.4615,20.7542],[105.4608,20.7552],[105.4591,20.7554],[105.4589,20.7548],[105.4583,20.7549],[105.4582,20.7538],[105.456,20.7532],[105.4537,20.755],[105.4522,20.7554],[105.4518,20.7544],[105.4521,20.7532],[105.4515,20.7531],[105.4512,20.7553],[105.4495,20.7543],[105.4477,20.7546],[105.4451,20.754],[105.4438,20.7542],[105.4435,20.7549],[105.4427,20.7537],[105.4434,20.7527],[105.4428,20.752],[105.4431,20.7518],[105.4435,20.7523],[105.4443,20.7523],[105.4447,20.752],[105.443,20.7512],[105.4426,20.7498],[105.4417,20.7496],[105.4404,20.7506],[105.4401,20.7492],[105.4415,20.7476],[105.4404,20.7482],[105.4355,20.7477],[105.4315,20.7515],[105.4287,20.7528],[105.4277,20.7592],[105.4251,20.7634],[105.4228,20.7629],[105.4204,20.7648],[105.4216,20.7676],[105.4198,20.7698],[105.4142,20.7707],[105.4117,20.7732],[105.4103,20.7727],[105.4079,20.774],[105.4062,20.7735],[105.4036,20.7746],[105.4016,20.7745],[105.4004,20.7735],[105.3994,20.7737],[105.3986,20.7732],[105.3969,20.7736],[105.3902,20.7714],[105.3882,20.774],[105.3856,20.7723],[105.3828,20.7696],[105.38,20.7685],[105.3794,20.7675],[105.3778,20.7665],[105.3775,20.7622],[105.373,20.7601],[105.3728,20.7574],[105.3731,20.7567],[105.3743,20.7559],[105.3739,20.7537],[105.375,20.7515],[105.377,20.7425],[105.3777,20.7415],[105.3771,20.7397],[105.3775,20.7384],[105.3721,20.7377],[105.3785,20.7251],[105.3808,20.7232],[105.3828,20.7224],[105.384,20.721],[105.3866,20.7199],[105.3866,20.7188],[105.3884,20.717],[105.3927,20.7159],[105.393,20.7154],[105.3946,20.7149],[105.3961,20.713],[105.3964,20.7114],[105.3991,20.7094],[105.3999,20.7093],[105.3993,20.7087],[105.3992,20.7063],[105.4003,20.705],[105.4005,20.7032],[105.4012,20.7024],[105.4071,20.7007],[105.4056,20.6981],[105.406,20.6954],[105.4042,20.6908],[105.4049,20.6897],[105.4039,20.6882],[105.405,20.6863],[105.4072,20.6855],[105.4094,20.6835],[105.4119,20.6822],[105.4144,20.6822],[105.4174,20.68],[105.4172,20.6784],[105.4163,20.6768],[105.4166,20.6755],[105.4161,20.6737],[105.4171,20.6697],[105.4198,20.6671],[105.4198,20.6661],[105.4202,20.6655],[105.4198,20.6641],[105.4179,20.6634],[105.4161,20.6622],[105.416,20.6602],[105.4137,20.659],[105.4124,20.6573],[105.4104,20.6575],[105.4097,20.6566],[105.4075,20.6561],[105.4047,20.6562],[105.4033,20.6556],[105.4025,20.649],[105.4021,20.6482],[105.3998,20.6465],[105.3993,20.6423],[105.3976,20.6411],[105.3987,20.636],[105.3985,20.6347],[105.3972,20.6338],[105.3985,20.6333],[105.4005,20.6299],[105.3985,20.6246],[105.399,20.6209],[105.3998,20.6194],[105.4007,20.6192],[105.3996,20.6186],[105.3991,20.6177],[105.4005,20.6156],[105.4028,20.6144],[105.4042,20.608],[105.4117,20.6065],[105.4125,20.6046],[105.4137,20.6036],[105.4145,20.6035],[105.4171,20.6055],[105.4189,20.6055],[105.421,20.6065],[105.4229,20.6064],[105.4289,20.6075],[105.4293,20.6091],[105.4328,20.6117],[105.4318,20.6167],[105.4342,20.616],[105.4355,20.6162],[105.4355,20.6171],[105.4387,20.6197],[105.4432,20.6197],[105.4444,20.6203],[105.4477,20.6198],[105.4488,20.6178],[105.4498,20.6185],[105.4544,20.6189],[105.4564,20.6196],[105.4605,20.6229],[105.4672,20.6234],[105.4682,20.6254],[105.4693,20.6263],[105.4695,20.6299],[105.4706,20.6316],[105.4734,20.6345],[105.4753,20.6355],[105.4764,20.6374],[105.4784,20.6371],[105.4798,20.6384],[105.4806,20.6403],[105.4833,20.641],[105.486,20.644],[105.4864,20.6456],[105.4875,20.6463],[105.4876,20.6478],[105.489,20.6496],[105.4922,20.6504],[105.4933,20.6528],[105.4925,20.6533],[105.4913,20.6552],[105.4913,20.6565],[105.4925,20.6581],[105.4946,20.6592],[105.497,20.662],[105.4986,20.6631],[105.4997,20.6683],[105.4985,20.6711],[105.4979,20.6712],[105.5006,20.6733],[105.4996,20.6772],[105.4983,20.6784],[105.4978,20.6797],[105.4969,20.6805],[105.4967,20.682],[105.4954,20.6827],[105.495,20.684],[105.4943,20.6844],[105.4932,20.6835],[105.4916,20.6848],[105.488,20.683],[105.4876,20.6832],[105.488,20.684],[105.487,20.6838],[105.4851,20.6846],[105.4852,20.6851],[105.4861,20.6855],[105.4865,20.6869],[105.4871,20.6868],[105.4873,20.6878],[105.4865,20.6877],[105.4862,20.6869],[105.4847,20.6871],[105.4853,20.6879],[105.4848,20.6888],[105.4853,20.6902],[105.4877,20.6916],[105.4878,20.6924],[105.4875,20.6922],[105.4861,20.6928],[105.4848,20.6946],[105.4824,20.6943],[105.4823,20.6953],[105.4815,20.6957],[105.4772,20.6948],[105.4762,20.6952],[105.4755,20.6963],[105.476,20.6975],[105.4753,20.7013],[105.4761,20.7018],[105.4736,20.7047],[105.475,20.7065],[105.478,20.7067],[105.4798,20.7082],[105.4812,20.707],[105.4816,20.7075],[105.4803,20.7086],[105.4811,20.7091],[105.4815,20.7107],[105.4828,20.7124],[105.4823,20.7126],[105.4825,20.7133],[105.4845,20.7153],[105.485,20.7173],[105.4845,20.7183]]]},"properties":{"code":"05014","name":"Mường Động","nameEn":"Muong Dong","fullName":"Xã Mường Động","fullNameEn":"Muong Dong Commune","codeName":"muong_dong","postalCode":"36934","postalCodePrefix":"","gisServerId":"diaphanhanhchinhcapxa_2025.1652","areaKm2":144.69},"id":"05014"},
{"type":"Feature","geometry":{"type":"Polygon","coordinates":[[[105.6502,20.7594],[105.6465,20.7582],[105.6467,20.7533],[105.6405,20.752],[105.6408,20.7543],[105.6405,20.758],[105.6382,20.7576],[105.6309,20.7545],[105.6259,20.7538],[105.6197,20.7546],[105.618,20.7534],[105.617,20.7534],[105.6147,20.7543],[105.6125,20.7563],[105.6095,20.7568],[105.6071,20.7597],[105.606,20.7603],[105.6009,20.7603],[105.5994,20.7619],[105.5979,20.7651],[105.594,20.7694],[105.5918,20.7706],[105.5884,20.7736],[105.5859,20.7746],[105.5827,20.7766],[105.5808,20.776],[105.5796,20.7765],[105.5744,20.7752],[105.5739,20.7742],[105.5721,20.7728],[105.5726,20.7716],[105.5723,20.7705],[105.5732,20.7695],[105.5727,20.7669],[105.5717,20.7661],[105.5714,20.7645],[105.5691,20.7639],[105.5689,20.7626],[105.57,20.7614],[105.5691,20.7587],[105.5691,20.7567],[105.5681,20.7552],[105.5678,20.7509],[105.5708,20.7498],[105.5735,20.7498],[105.5767,20.7469],[105.581,20.7454],[105.5844,20.7425],[105.5849,20.7408],[105.5868,20.738],[105.5871,20.7364],[105.5844,20.7322],[105.5823,20.73],[105.5822,20.7294],[105.5835,20.7281],[105.5846,20.7258],[105.5861,20.7253],[105.5871,20.7244],[105.59,20.7205],[105.5933,20.7199],[105.5957,20.7207],[105.597,20.7202],[105.5974,20.7195],[105.6011,20.7186],[105.6019,20.7187],[105.5984,20.7142],[105.597,20.7111],[105.5998,20.7082],[105.6008,20.7063],[105.6,20.7037],[105.602,20.6985],[105.6002,20.6967],[105.6013,20.6948],[105.6031,20.6936],[105.6036,20.6894],[105.6051,20.6881],[105.6056,20.6869],[105.6096,20.6846],[105.6133,20.6777],[105.6125,20.6727],[105.6105,20.67],[105.6105,20.6686],[105.6085,20.6659],[105.6078,20.6637],[105.6071,20.6633],[105.6091,20.6601],[105.6119,20.658],[105.6136,20.6549],[105.6137,20.6541],[105.6119,20.6522],[105.6123,20.6505],[105.6138,20.6473],[105.6164,20.6447],[105.6161,20.6432],[105.6183,20.642],[105.6171,20.6411],[105.617,20.6396],[105.6176,20.6377],[105.619,20.637],[105.6185,20.6355],[105.6188,20.6349],[105.6197,20.6335],[105.623,20.6333],[105.625,20.632],[105.6261,20.6309],[105.6262,20.6293],[105.6286,20.6272],[105.629,20.6259],[105.6305,20.6243],[105.632,20.6229],[105.6334,20.6223],[105.6366,20.6233],[105.6377,20.6218],[105.6402,20.6201],[105.6436,20.6194],[105.6444,20.6187],[105.6468,20.6201],[105.6493,20.6199],[105.6517,20.6208],[105.6533,20.6204],[105.6539,20.6192],[105.655,20.6183],[105.6548,20.6168],[105.6562,20.6149],[105.658,20.6135],[105.6589,20.6139],[105.6595,20.6156],[105.6636,20.6148],[105.6664,20.617],[105.6658,20.6196],[105.666,20.6211],[105.6671,20.6218],[105.667,20.6236],[105.6645,20.6263],[105.6638,20.6282],[105.6659,20.6303],[105.6663,20.6297],[105.6675,20.6295],[105.6677,20.629],[105.6688,20.6295],[105.671,20.6327],[105.672,20.6322],[105.6733,20.6291],[105.6751,20.6292],[105.6767,20.6303],[105.6784,20.6285],[105.6812,20.6296],[105.6812,20.6301],[105.6845,20.6331],[105.6834,20.6355],[105.6868,20.6379],[105.6845,20.6392],[105.6841,20.64],[105.6827,20.6404],[105.6822,20.6399],[105.6802,20.6428],[105.6798,20.6447],[105.6791,20.6456],[105.6789,20.6474],[105.6812,20.6523],[105.6796,20.6543],[105.6806,20.6562],[105.6786,20.6591],[105.6786,20.6599],[105.6792,20.6612],[105.6819,20.6623],[105.6792,20.6651],[105.6792,20.6683],[105.6773,20.67],[105.6765,20.6702],[105.6763,20.6676],[105.6771,20.6676],[105.6774,20.6656],[105.6768,20.6654],[105.6769,20.6648],[105.6763,20.6641],[105.6754,20.6638],[105.6745,20.665],[105.6737,20.6649],[105.6722,20.668],[105.6735,20.6702],[105.6719,20.6716],[105.6711,20.6745],[105.6699,20.6752],[105.6679,20.6801],[105.6688,20.6801],[105.6686,20.6805],[105.6692,20.6809],[105.6723,20.68],[105.6732,20.6813],[105.674,20.6808],[105.6747,20.682],[105.676,20.6818],[105.6762,20.6822],[105.6772,20.6822],[105.6777,20.684],[105.6792,20.6841],[105.6799,20.6876],[105.6793,20.6894],[105.6797,20.6898],[105.6786,20.6908],[105.6796,20.6914],[105.6804,20.6912],[105.6809,20.6918],[105.6811,20.6936],[105.6821,20.6953],[105.681,20.6973],[105.6819,20.6989],[105.6802,20.6993],[105.6798,20.7007],[105.6789,20.7016],[105.6765,20.7034],[105.6754,20.7032],[105.6745,20.7041],[105.6743,20.7049],[105.673,20.7058],[105.6725,20.707],[105.6715,20.7075],[105.6707,20.7088],[105.6701,20.71],[105.6703,20.7109],[105.6683,20.7118],[105.6686,20.7128],[105.6678,20.7133],[105.6682,20.7139],[105.6677,20.7142],[105.6679,20.7159],[105.6661,20.7156],[105.6653,20.7161],[105.6649,20.7186],[105.6634,20.7191],[105.6631,20.721],[105.6613,20.722],[105.6608,20.7237],[105.662,20.7244],[105.6623,20.7257],[105.663,20.7258],[105.6628,20.7274],[105.6671,20.7351],[105.6656,20.7351],[105.6638,20.7361],[105.6615,20.7386],[105.6612,20.7395],[105.6596,20.7407],[105.6588,20.7404],[105.6577,20.741],[105.657,20.7438],[105.6556,20.7452],[105.6544,20.7476],[105.6536,20.7513],[105.6538,20.7527],[105.653,20.7534],[105.6512,20.7539],[105.651,20.7581],[105.6502,20.7594]]]},"properties":{"code":"05047","name":"Cao Dương","nameEn":"Cao Duong","fullName":"Xã Cao Dương","fullNameEn":"Cao Duong Commune","codeName":"cao_duong","postalCode":"36272","postalCodePrefix":"","gisServerId":"diaphanhanhchinhcapxa_2025.1646","areaKm2":113.38},"id":"05047"},
{"type":"Feature","geometry":{"type":"Polygon","coordinates":[[[105.5823,20.73],[105.5794,20.7325],[105.5764,20.7333],[105.5737,20.7352],[105.5704,20.7307],[105.5663,20.7223],[105.564,20.7228],[105.5613,20.72],[105.5599,20.7167],[105.5546,20.7143],[105.553,20.713],[105.5496,20.7138],[105.5485,20.7129],[105.5428,20.7139],[105.5455,20.7123],[105.5489,20.7073],[105.5471,20.7031],[105.546,20.7021],[105.5471,20.7001],[105.5463,20.6962],[105.5476,20.6944],[105.5457,20.6926],[105.544,20.692],[105.5456,20.6899],[105.5457,20.6877],[105.5447,20.6864],[105.5451,20.6855],[105.5478,20.683],[105.5489,20.6809],[105.5496,20.6809],[105.5509,20.6828],[105.552,20.6832],[105.555,20.681],[105.556,20.6791],[105.5581,20.6789],[105.5609,20.6793],[105.5628,20.6789],[105.5618,20.6765],[105.5623,20.676],[105.5613,20.6732],[105.5613,20.6721],[105.5619,20.6714],[105.5615,20.669],[105.5619,20.6681],[105.5609,20.666],[105.5614,20.6641],[105.5611,20.6637],[105.5589,20.6637],[105.5578,20.6629],[105.5579,20.66],[105.5596,20.657],[105.5605,20.6536],[105.5605,20.6509],[105.5588,20.6481],[105.5589,20.6475],[105.5604,20.6469],[105.5611,20.6442],[105.5634,20.6446],[105.564,20.6424],[105.5655,20.6407],[105.5671,20.6409],[105.5668,20.6392],[105.5664,20.639],[105.5672,20.6381],[105.5677,20.6353],[105.5664,20.6319],[105.565,20.6302],[105.5651,20.628],[105.5683,20.6249],[105.5716,20.6233],[105.5733,20.6234],[105.5738,20.6227],[105.5757,20.6224],[105.5767,20.6189],[105.5777,20.6179],[105.5766,20.6156],[105.5744,20.6143],[105.5739,20.6121],[105.5784,20.6063],[105.5795,20.6032],[105.5794,20.6021],[105.5814,20.5991],[105.5801,20.5988],[105.5795,20.5979],[105.5804,20.5962],[105.5793,20.5935],[105.5797,20.5922],[105.581,20.5917],[105.5818,20.5898],[105.5833,20.5885],[105.5826,20.5847],[105.585,20.5853],[105.5898,20.5833],[105.5907,20.584],[105.5957,20.5858],[105.5972,20.584],[105.5972,20.5833],[105.5997,20.5813],[105.5998,20.5802],[105.5993,20.5796],[105.6001,20.5787],[105.6,20.5763],[105.5991,20.5751],[105.5988,20.5735],[105.6007,20.5707],[105.6008,20.5692],[105.6028,20.5683],[105.6043,20.5683],[105.6047,20.5692],[105.6061,20.5701],[105.608,20.5683],[105.6092,20.5648],[105.6106,20.5664],[105.6112,20.5662],[105.6127,20.5673],[105.6135,20.569],[105.6145,20.5691],[105.6176,20.5707],[105.6189,20.5698],[105.6202,20.5702],[105.6208,20.5712],[105.6193,20.5728],[105.6203,20.574],[105.6209,20.5761],[105.6214,20.5764],[105.6227,20.5759],[105.6257,20.5794],[105.6236,20.5811],[105.6237,20.5825],[105.6256,20.5834],[105.6237,20.5851],[105.6221,20.5877],[105.6329,20.59],[105.6307,20.5947],[105.6295,20.5958],[105.6289,20.5956],[105.6278,20.5969],[105.6238,20.5973],[105.6188,20.609],[105.6175,20.6096],[105.6154,20.6094],[105.6159,20.6114],[105.6146,20.6128],[105.6145,20.6145],[105.6242,20.6181],[105.6254,20.6194],[105.6278,20.6208],[105.6305,20.6243],[105.629,20.6259],[105.6286,20.6272],[105.6262,20.6293],[105.6261,20.6309],[105.625,20.632],[105.623,20.6333],[105.6197,20.6335],[105.6188,20.6349],[105.6185,20.6355],[105.619,20.637],[105.6176,20.6377],[105.617,20.6396],[105.6171,20.6411],[105.6183,20.642],[105.6161,20.6432],[105.6164,20.6447],[105.6138,20.6473],[105.6123,20.6505],[105.6119,20.6522],[105.6137,20.6541],[105.6136,20.6549],[105.6119,20.658],[105.6091,20.6601],[105.6071,20.6633],[105.6078,20.6637],[105.6085,20.6659],[105.6105,20.6686],[105.6105,20.67],[105.6125,20.6727],[105.6133,20.6777],[105.6096,20.6846],[105.6056,20.6869],[105.6051,20.6881],[105.6036,20.6894],[105.6031,20.6936],[105.6013,20.6948],[105.6002,20.6967],[105.602,20.6985],[105.6,20.7037],[105.6008,20.7063],[105.5998,20.7082],[105.597,20.7111],[105.5984,20.7142],[105.6019,20.7187],[105.6011,20.7186],[105.5974,20.7195],[105.597,20.7202],[105.5957,20.7207],[105.5933,20.7199],[105.59,20.7205],[105.5871,20.7244],[105.5861,20.7253],[105.5846,20.7258],[105.5835,20.7281],[105.5822,20.7294],[105.5823,20.73]]]},"properties":{"code":"05068","name":"Hợp Kim","nameEn":"Hop Kim","fullName":"Xã Hợp Kim","fullNameEn":"Hop Kim Commune","codeName":"hop_kim","postalCode":"36936","postalCodePrefix":"","gisServerId":"diaphanhanhchinhcapxa_2025.1657","areaKm2":86.29},"id":"05068"},
{"type":"Feature","geometry":{"type":"Polygon","coordinates":[[[105.5794,20.6021],[105.5785,20.6024],[105.5783,20.6017],[105.5765,20.6021],[105.5758,20.6018],[105.5745,20.6029],[105.5738,20.6016],[105.5731,20.6013],[105.5731,20.6007],[105.5723,20.6009],[105.5725,20.5998],[105.5721,20.6],[105.572,20.5995],[105.5712,20.5995],[105.5644,20.6009],[105.5612,20.6022],[105.561,20.6081],[105.5601,20.6086],[105.5593,20.6098],[105.5595,20.6126],[105.5581,20.6148],[105.5581,20.6159],[105.5563,20.6156],[105.5561,20.6178],[105.5546,20.6172],[105.5546,20.6178],[105.5537,20.618],[105.5532,20.6193],[105.5523,20.6199],[105.5504,20.619],[105.5479,20.62],[105.5446,20.6189],[105.5413,20.6192],[105.5399,20.6179],[105.5361,20.6182],[105.532,20.6155],[105.5293,20.6154],[105.5276,20.6145],[105.5268,20.615],[105.5241,20.6147],[105.5188,20.6158],[105.5175,20.6132],[105.5149,20.6115],[105.5131,20.6112],[105.5122,20.6106],[105.5097,20.6105],[105.5081,20.6083],[105.5061,20.6073],[105.506,20.6062],[105.505,20.6058],[105.5057,20.6017],[105.5075,20.6008],[105.5087,20.601],[105.5102,20.6002],[105.5135,20.5995],[105.5135,20.5981],[105.5141,20.5976],[105.5159,20.5974],[105.5167,20.595],[105.5171,20.5889],[105.5183,20.5877],[105.521,20.5873],[105.5231,20.5856],[105.5231,20.5827],[105.5222,20.5797],[105.523,20.5785],[105.5227,20.5752],[105.5233,20.5739],[105.526,20.5722],[105.53,20.5729],[105.5318,20.5715],[105.5329,20.5698],[105.5395,20.5657],[105.5416,20.5655],[105.5472,20.5612],[105.5472,20.5607],[105.5489,20.5605],[105.5578,20.554],[105.5588,20.5537],[105.5606,20.5516],[105.5607,20.5495],[105.5637,20.5479],[105.5664,20.5484],[105.5673,20.5451],[105.5696,20.5455],[105.5716,20.5445],[105.5724,20.5432],[105.5739,20.5428],[105.5763,20.5373],[105.578,20.5376],[105.5798,20.5352],[105.582,20.534],[105.5827,20.5291],[105.5842,20.5275],[105.5847,20.5273],[105.5859,20.5293],[105.5878,20.5299],[105.5885,20.5292],[105.5895,20.5293],[105.5902,20.5302],[105.5914,20.5305],[105.5935,20.5288],[105.5964,20.5293],[105.5984,20.5263],[105.6027,20.5291],[105.6056,20.5275],[105.6081,20.5281],[105.6097,20.525],[105.6106,20.5245],[105.6111,20.5234],[105.6132,20.5244],[105.6144,20.5233],[105.6168,20.5235],[105.6181,20.5226],[105.625,20.5258],[105.63,20.5245],[105.6324,20.5253],[105.6346,20.5255],[105.635,20.5261],[105.6418,20.5259],[105.643,20.5254],[105.6442,20.5239],[105.6442,20.5221],[105.6454,20.5226],[105.6462,20.5224],[105.6469,20.5234],[105.6489,20.5238],[105.6499,20.5227],[105.6505,20.524],[105.6528,20.5247],[105.6552,20.5246],[105.6556,20.5256],[105.655,20.5267],[105.6519,20.5271],[105.6505,20.5281],[105.6503,20.5289],[105.6512,20.5305],[105.6514,20.5322],[105.6504,20.537],[105.6512,20.538],[105.657,20.5396],[105.6568,20.5432],[105.6578,20.5435],[105.6577,20.5451],[105.6592,20.5466],[105.6613,20.5448],[105.6613,20.5438],[105.6626,20.5431],[105.6644,20.5401],[105.6653,20.5397],[105.6653,20.5384],[105.6665,20.5377],[105.6687,20.5345],[105.6719,20.5339],[105.6721,20.5334],[105.6712,20.5317],[105.674,20.5306],[105.6766,20.5306],[105.6795,20.5345],[105.6795,20.5358],[105.6776,20.5365],[105.6784,20.5373],[105.6781,20.5383],[105.6784,20.5399],[105.6801,20.5415],[105.6808,20.5429],[105.6799,20.5441],[105.6802,20.5452],[105.6837,20.545],[105.6841,20.5475],[105.6848,20.5484],[105.6837,20.5505],[105.6813,20.5511],[105.6798,20.5543],[105.6813,20.5565],[105.6829,20.5568],[105.6837,20.5584],[105.6859,20.5596],[105.6838,20.5595],[105.6832,20.5605],[105.6796,20.5622],[105.6801,20.5631],[105.6799,20.5645],[105.6782,20.566],[105.6781,20.5675],[105.6775,20.5678],[105.6742,20.5674],[105.6724,20.5723],[105.6701,20.5731],[105.6686,20.5749],[105.6687,20.5773],[105.6674,20.578],[105.6656,20.5802],[105.6653,20.5811],[105.6665,20.5825],[105.6651,20.5872],[105.6617,20.5882],[105.6604,20.5899],[105.6572,20.5911],[105.6555,20.5927],[105.6539,20.5935],[105.6532,20.592],[105.652,20.5918],[105.6478,20.5974],[105.6456,20.5982],[105.6443,20.6008],[105.6418,20.5979],[105.6404,20.597],[105.6386,20.5974],[105.6329,20.5949],[105.6307,20.5947],[105.6329,20.59],[105.6221,20.5877],[105.6237,20.5851],[105.6256,20.5834],[105.6237,20.5825],[105.6236,20.5811],[105.6257,20.5794],[105.6227,20.5759],[105.6214,20.5764],[105.6209,20.5761],[105.6203,20.574],[105.6193,20.5728],[105.6208,20.5712],[105.6202,20.5702],[105.6189,20.5698],[105.6176,20.5707],[105.6145,20.5691],[105.6135,20.569],[105.6127,20.5673],[105.6112,20.5662],[105.6106,20.5664],[105.6092,20.5648],[105.608,20.5683],[105.6061,20.5701],[105.6047,20.5692],[105.6043,20.5683],[105.6028,20.5683],[105.6008,20.5692],[105.6007,20.5707],[105.5988,20.5735],[105.5991,20.5751],[105.6,20.5763],[105.6001,20.5787],[105.5993,20.5796],[105.5998,20.5802],[105.5997,20.5813],[105.5972,20.5833],[105.5972,20.584],[105.5957,20.5858],[105.5907,20.584],[105.5898,20.5833],[105.585,20.5853],[105.5826,20.5847],[105.5833,20.5885],[105.5818,20.5898],[105.581,20.5917],[105.5797,20.5922],[105.5793,20.5935],[105.5804,20.5962],[105.5795,20.5979],[105.5801,20.5988],[105.5814,20.5991],[105.5794,20.6021]]]},"properties":{"code":"05086","name":"Dũng Tiến","nameEn":"Dung Tien","fullName":"Xã Dũng Tiến","fullNameEn":"Dung Tien Commune","codeName":"dung_tien","postalCode":"36935","postalCodePrefix":"","gisServerId":"diaphanhanhchinhcapxa_2025.1653","areaKm2":101.1},"id":"05086"},
{"type":"Feature","geometry":{"type":"Polygon","coordinates":[[[105.373,20.7601],[105.3704,20.7602],[105.368,20.7585],[105.3651,20.7529],[105.3624,20.7517],[105.3612,20.7495],[105.3595,20.7481],[105.3585,20.7464],[105.3549,20.745],[105.351,20.7447],[105.3476,20.7432],[105.3385,20.7464],[105.3364,20.7483],[105.3352,20.752],[105.3342,20.7531],[105.3339,20.757],[105.333,20.7592],[105.3344,20.7606],[105.3341,20.7617],[105.3334,20.7618],[105.3316,20.7611],[105.3307,20.7627],[105.3284,20.764],[105.328,20.764],[105.3272,20.7616],[105.3233,20.7633],[105.3241,20.7623],[105.3246,20.7608],[105.3263,20.7589],[105.3282,20.7539],[105.3313,20.7498],[105.3319,20.7467],[105.3296,20.745],[105.3287,20.7437],[105.3262,20.7432],[105.3245,20.7404],[105.3237,20.7399],[105.3233,20.7403],[105.3226,20.7402],[105.3224,20.7395],[105.3217,20.7398],[105.3198,20.7381],[105.3194,20.7344],[105.3199,20.7345],[105.3197,20.7337],[105.3202,20.7331],[105.3214,20.7329],[105.3225,20.732],[105.3224,20.731],[105.3232,20.7309],[105.3229,20.7278],[105.3204,20.7274],[105.3194,20.728],[105.319,20.7274],[105.3193,20.7263],[105.3187,20.7265],[105.318,20.7258],[105.3167,20.7261],[105.316,20.7229],[105.3147,20.7223],[105.3145,20.7208],[105.3139,20.7204],[105.3141,20.7179],[105.3124,20.717],[105.3111,20.7139],[105.3107,20.7124],[105.3112,20.7095],[105.3123,20.7091],[105.3142,20.7074],[105.316,20.7044],[105.3106,20.7025],[105.3095,20.703],[105.3094,20.7052],[105.3076,20.7063],[105.3072,20.7053],[105.3065,20.7049],[105.3077,20.7038],[105.306,20.7036],[105.3073,20.7012],[105.3066,20.7003],[105.308,20.6989],[105.3092,20.6989],[105.3087,20.6975],[105.3094,20.696],[105.3099,20.696],[105.3099,20.6967],[105.3126,20.6956],[105.3124,20.6941],[105.315,20.694],[105.3161,20.6928],[105.3184,20.6932],[105.3192,20.6921],[105.3214,20.691],[105.3206,20.6881],[105.3206,20.6861],[105.3213,20.6851],[105.322,20.6852],[105.3223,20.6844],[105.3231,20.6844],[105.3241,20.6836],[105.3241,20.682],[105.326,20.6811],[105.3254,20.6793],[105.3239,20.6783],[105.3245,20.6769],[105.3268,20.6771],[105.3287,20.676],[105.3305,20.6769],[105.334,20.6739],[105.3339,20.6731],[105.3331,20.6726],[105.3335,20.6722],[105.3355,20.6714],[105.3358,20.672],[105.3363,20.672],[105.3375,20.6707],[105.3408,20.6695],[105.343,20.6701],[105.3478,20.6695],[105.3479,20.6682],[105.3484,20.6677],[105.3495,20.669],[105.3511,20.6688],[105.3522,20.6691],[105.3538,20.668],[105.3547,20.6684],[105.3572,20.6668],[105.3572,20.6659],[105.3582,20.6644],[105.3579,20.664],[105.3599,20.6621],[105.3598,20.6608],[105.3609,20.6607],[105.3608,20.6595],[105.3636,20.6597],[105.3659,20.6609],[105.3655,20.666],[105.366,20.6666],[105.3671,20.6661],[105.3684,20.6646],[105.3721,20.6656],[105.377,20.6636],[105.3795,20.6635],[105.3807,20.6625],[105.3868,20.66],[105.3879,20.6567],[105.3906,20.6548],[105.3928,20.6544],[105.395,20.6524],[105.3958,20.6523],[105.3977,20.6487],[105.3998,20.6465],[105.4021,20.6482],[105.4025,20.649],[105.4033,20.6556],[105.4047,20.6562],[105.4075,20.6561],[105.4097,20.6566],[105.4104,20.6575],[105.4124,20.6573],[105.4137,20.659],[105.416,20.6602],[105.4161,20.6622],[105.4179,20.6634],[105.4198,20.6641],[105.4202,20.6655],[105.4198,20.6661],[105.4198,20.6671],[105.4171,20.6697],[105.4161,20.6737],[105.4166,20.6755],[105.4163,20.6768],[105.4172,20.6784],[105.4174,20.68],[105.4144,20.6822],[105.4119,20.6822],[105.4094,20.6835],[105.4072,20.6855],[105.405,20.6863],[105.4039,20.6882],[105.4049,20.6897],[105.4042,20.6908],[105.406,20.6954],[105.4056,20.6981],[105.4071,20.7007],[105.4012,20.7024],[105.4005,20.7032],[105.4003,20.705],[105.3992,20.7063],[105.3993,20.7087],[105.3999,20.7093],[105.3991,20.7094],[105.3964,20.7114],[105.3961,20.713],[105.3946,20.7149],[105.393,20.7154],[105.3927,20.7159],[105.3884,20.717],[105.3866,20.7188],[105.3866,20.7199],[105.384,20.721],[105.3828,20.7224],[105.3808,20.7232],[105.3785,20.7251],[105.3721,20.7377],[105.3775,20.7384],[105.3771,20.7397],[105.3777,20.7415],[105.377,20.7425],[105.375,20.7515],[105.3739,20.7537],[105.3743,20.7559],[105.3731,20.7567],[105.3728,20.7574],[105.373,20.7601]]]},"properties":{"code":"05089","name":"Cao Phong","nameEn":"Cao Phong","fullName":"Xã Cao Phong","fullNameEn":"Cao Phong Commune","codeName":"cao_phong","postalCode":"36506","postalCodePrefix":"","gisServerId":"diaphanhanhchinhcapxa_2025.1655","areaKm2":77.76},"id":"05089"},
{"type":"Feature","geometry":{"type":"Polygon","coordinates":[[[105.3233,20.7633],[105.3226,20.7644],[105.321,20.7718],[105.3178,20.7739],[105.3157,20.7729],[105.3155,20.7699],[105.3128,20.7667],[105.304,20.7682],[105.3032,20.771],[105.303,20.7767],[105.2977,20.7819],[105.2973,20.7827],[105.2967,20.7829],[105.2958,20.7844],[105.2942,20.7841],[105.2927,20.7823],[105.2914,20.7822],[105.2899,20.7804],[105.2889,20.7811],[105.2877,20.781],[105.286,20.7801],[105.2846,20.7784],[105.2821,20.7774],[105.2807,20.7761],[105.2751,20.7741],[105.2708,20.7718],[105.269,20.7707],[105.2686,20.7695],[105.262,20.7713],[105.2634,20.7742],[105.2609,20.7744],[105.2583,20.7776],[105.2539,20.7782],[105.2511,20.7795],[105.2457,20.7803],[105.2423,20.7796],[105.2401,20.7798],[105.2325,20.7854],[105.226,20.7817],[105.2165,20.7715],[105.2124,20.7707],[105.2044,20.7719],[105.196,20.7719],[105.1927,20.7713],[105.1866,20.7652],[105.1817,20.7628],[105.1781,20.7618],[105.1788,20.7576],[105.1782,20.7551],[105.1797,20.7546],[105.1807,20.7537],[105.1815,20.7537],[105.1832,20.7517],[105.1876,20.7498],[105.1901,20.7496],[105.1912,20.7479],[105.1927,20.7481],[105.1934,20.7475],[105.1952,20.7477],[105.1982,20.747],[105.2027,20.75],[105.2083,20.7433],[105.2097,20.74],[105.2113,20.74],[105.212,20.7392],[105.2139,20.7399],[105.217,20.736],[105.216,20.7323],[105.2163,20.7312],[105.2146,20.7282],[105.2145,20.7256],[105.2218,20.7232],[105.2244,20.7219],[105.2249,20.7202],[105.2263,20.718],[105.2267,20.7159],[105.2299,20.716],[105.2321,20.7172],[105.2351,20.7159],[105.2382,20.7168],[105.2401,20.7165],[105.2422,20.7144],[105.2436,20.7144],[105.244,20.7137],[105.2456,20.7144],[105.2461,20.7153],[105.2473,20.7161],[105.2506,20.7167],[105.2514,20.7174],[105.2526,20.7174],[105.253,20.719],[105.2538,20.7195],[105.2543,20.7218],[105.2562,20.7238],[105.2567,20.7229],[105.2583,20.7219],[105.2599,20.7197],[105.2627,20.718],[105.2625,20.7171],[105.2647,20.7153],[105.2645,20.7136],[105.2659,20.7123],[105.2675,20.7119],[105.2724,20.7131],[105.2769,20.7119],[105.28,20.7122],[105.2799,20.7059],[105.2791,20.704],[105.279,20.7019],[105.2784,20.701],[105.2819,20.7013],[105.2827,20.6998],[105.2825,20.6981],[105.2834,20.6977],[105.2858,20.6975],[105.2878,20.7],[105.2898,20.7092],[105.2906,20.71],[105.2954,20.7095],[105.2986,20.7108],[105.3013,20.7137],[105.3037,20.7134],[105.3067,20.7159],[105.3083,20.7156],[105.3111,20.7139],[105.3124,20.717],[105.3141,20.7179],[105.3139,20.7204],[105.3145,20.7208],[105.3147,20.7223],[105.316,20.7229],[105.3167,20.7261],[105.318,20.7258],[105.3187,20.7265],[105.3193,20.7263],[105.319,20.7274],[105.3194,20.728],[105.3204,20.7274],[105.3229,20.7278],[105.3232,20.7309],[105.3224,20.731],[105.3225,20.732],[105.3214,20.7329],[105.3202,20.7331],[105.3197,20.7337],[105.3199,20.7345],[105.3194,20.7344],[105.3198,20.7381],[105.3217,20.7398],[105.3224,20.7395],[105.3226,20.7402],[105.3233,20.7403],[105.3237,20.7399],[105.3245,20.7404],[105.3262,20.7432],[105.3287,20.7437],[105.3296,20.745],[105.3319,20.7467],[105.3313,20.7498],[105.3282,20.7539],[105.3263,20.7589],[105.3246,20.7608],[105.3241,20.7623],[105.3233,20.7633]]]},"properties":{"code":"05092","name":"Thung Nai","nameEn":"Thung Nai","fullName":"Xã Thung Nai","fullNameEn":"Thung Nai Commune","codeName":"thung_nai","postalCode":"36511","postalCodePrefix":"","gisServerId":"diaphanhanhchinhcapxa_2025.1667","areaKm2":86.34},"id":"05092"},
{"type":"Feature","geometry":{"type":"Polygon","coordinates":[[[105.2739,20.6643],[105.2742,20.6632],[105.289,20.6585],[105.2901,20.6588],[105.2923,20.6573],[105.2949,20.6576],[105.298,20.6554],[105.2982,20.6543],[105.2982,20.6538],[105.2978,20.6509],[105.2984,20.6487],[105.3015,20.6467],[105.3033,20.6441],[105.3041,20.6439],[105.3046,20.643],[105.3039,20.6415],[105.3042,20.6397],[105.3038,20.6369],[105.305,20.6357],[105.3061,20.6334],[105.3075,20.6326],[105.3072,20.6313],[105.3083,20.6293],[105.3092,20.6285],[105.3109,20.6281],[105.3108,20.6261],[105.3131,20.625],[105.3135,20.6229],[105.3145,20.6217],[105.3145,20.6204],[105.3154,20.6198],[105.3154,20.6185],[105.3176,20.6158],[105.3177,20.6135],[105.3172,20.612],[105.3182,20.6104],[105.3186,20.6079],[105.3206,20.6044],[105.3219,20.6043],[105.3226,20.6035],[105.3262,20.6045],[105.3253,20.6112],[105.3261,20.6101],[105.328,20.6099],[105.3307,20.6111],[105.3311,20.6128],[105.3331,20.613],[105.3356,20.6114],[105.3382,20.6123],[105.3403,20.611],[105.3405,20.61],[105.3443,20.6086],[105.3465,20.6064],[105.3476,20.603],[105.3475,20.5994],[105.3535,20.5969],[105.3548,20.5978],[105.3569,20.5935],[105.3588,20.5924],[105.3604,20.5929],[105.3622,20.5921],[105.3637,20.5935],[105.3655,20.5931],[105.3677,20.5939],[105.3718,20.5981],[105.3823,20.5959],[105.3847,20.5964],[105.3877,20.6005],[105.3892,20.601],[105.3895,20.6024],[105.3911,20.6026],[105.3928,20.6047],[105.3949,20.606],[105.3959,20.6079],[105.4021,20.607],[105.4038,20.6073],[105.4042,20.608],[105.4028,20.6144],[105.4005,20.6156],[105.3991,20.6177],[105.3996,20.6186],[105.4007,20.6192],[105.3998,20.6194],[105.399,20.6209],[105.3985,20.6246],[105.4005,20.6299],[105.3985,20.6333],[105.3972,20.6338],[105.3985,20.6347],[105.3987,20.636],[105.3976,20.6411],[105.3993,20.6423],[105.3998,20.6465],[105.3977,20.6487],[105.3958,20.6523],[105.395,20.6524],[105.3928,20.6544],[105.3906,20.6548],[105.3879,20.6567],[105.3868,20.66],[105.3807,20.6625],[105.3795,20.6635],[105.377,20.6636],[105.3721,20.6656],[105.3684,20.6646],[105.3671,20.6661],[105.366,20.6666],[105.3655,20.666],[105.3659,20.6609],[105.3636,20.6597],[105.3608,20.6595],[105.3609,20.6607],[105.3598,20.6608],[105.3599,20.6621],[105.3579,20.664],[105.3582,20.6644],[105.3572,20.6659],[105.3572,20.6668],[105.3547,20.6684],[105.3538,20.668],[105.3522,20.6691],[105.3511,20.6688],[105.3495,20.669],[105.3484,20.6677],[105.3479,20.6682],[105.3478,20.6695],[105.343,20.6701],[105.3408,20.6695],[105.3375,20.6707],[105.3363,20.672],[105.3358,20.672],[105.3355,20.6714],[105.3335,20.6722],[105.3331,20.6726],[105.3339,20.6731],[105.334,20.6739],[105.3305,20.6769],[105.3287,20.676],[105.3268,20.6771],[105.3245,20.6769],[105.3239,20.6783],[105.3254,20.6793],[105.326,20.6811],[105.3241,20.682],[105.3241,20.6836],[105.3231,20.6844],[105.3223,20.6844],[105.322,20.6852],[105.3213,20.6851],[105.3206,20.6861],[105.3206,20.6881],[105.3214,20.691],[105.3192,20.6921],[105.3184,20.6932],[105.3161,20.6928],[105.315,20.694],[105.3124,20.6941],[105.3126,20.6956],[105.3099,20.6967],[105.3099,20.696],[105.3094,20.696],[105.3087,20.6975],[105.3092,20.6989],[105.308,20.6989],[105.3066,20.7003],[105.3073,20.7012],[105.306,20.7036],[105.3077,20.7038],[105.3065,20.7049],[105.3072,20.7053],[105.3076,20.7063],[105.3094,20.7052],[105.3095,20.703],[105.3106,20.7025],[105.316,20.7044],[105.3142,20.7074],[105.3123,20.7091],[105.3112,20.7095],[105.3107,20.7124],[105.3111,20.7139],[105.3083,20.7156],[105.3067,20.7159],[105.3037,20.7134],[105.3013,20.7137],[105.2986,20.7108],[105.2954,20.7095],[105.2906,20.71],[105.2898,20.7092],[105.2878,20.7],[105.2858,20.6975],[105.2834,20.6977],[105.2825,20.6981],[105.2827,20.6998],[105.2819,20.7013],[105.2784,20.701],[105.2769,20.6991],[105.2759,20.6967],[105.2741,20.696],[105.2747,20.6955],[105.275,20.694],[105.2738,20.6871],[105.2738,20.6827],[105.2697,20.6736],[105.2702,20.6713],[105.272,20.6693],[105.2739,20.6643]]]},"properties":{"code":"05116","name":"Mường Thàng","nameEn":"Muong Thang","fullName":"Xã Mường Thàng","fullNameEn":"Muong Thang Commune","codeName":"muong_thang","postalCode":"36519","postalCodePrefix":"","gisServerId":"diaphanhanhchinhcapxa_2025.1649","areaKm2":91.58},"id":"05116"},
{"type":"Feature","geometry":{"type":"Polygon","coordinates":[[[105.2982,20.6543],[105.298,20.6554],[105.2949,20.6576],[105.2923,20.6573],[105.2901,20.6588],[105.289,20.6585],[105.2742,20.6632],[105.2744,20.6622],[105.2742,20.66],[105.2672,20.6578],[105.2668,20.6561],[105.2652,20.6555],[105.2644,20.6536],[105.2641,20.6529],[105.2624,20.6497],[105.2613,20.6491],[105.2609,20.6473],[105.2612,20.6423],[105.2595,20.6405],[105.259,20.6378],[105.2563,20.6354],[105.2582,20.6332],[105.2565,20.6318],[105.2566,20.6304],[105.2554,20.6305],[105.2552,20.6288],[105.2546,20.6288],[105.2539,20.6294],[105.2508,20.6294],[105.2456,20.628],[105.2438,20.6283],[105.2427,20.629],[105.2413,20.6263],[105.2426,20.6252],[105.2434,20.6235],[105.2428,20.623],[105.2429,20.6224],[105.244,20.6213],[105.2467,20.621],[105.2479,20.619],[105.2495,20.6179],[105.2481,20.6168],[105.2478,20.6143],[105.2464,20.6126],[105.2463,20.6114],[105.2458,20.6112],[105.2468,20.6111],[105.2473,20.6101],[105.246,20.609],[105.2475,20.6097],[105.2484,20.6094],[105.2484,20.6087],[105.2495,20.6074],[105.2533,20.6058],[105.2534,20.6029],[105.2544,20.6008],[105.2543,20.5975],[105.2478,20.5937],[105.2485,20.5928],[105.2499,20.5924],[105.2501,20.5914],[105.2507,20.5911],[105.2505,20.59],[105.2497,20.5891],[105.2507,20.588],[105.2528,20.5894],[105.2539,20.5888],[105.256,20.5889],[105.2573,20.588],[105.2573,20.5872],[105.2587,20.5864],[105.2597,20.5838],[105.2603,20.5777],[105.2613,20.5751],[105.2612,20.5737],[105.2598,20.5723],[105.2609,20.5691],[105.2607,20.5648],[105.2599,20.5625],[105.2605,20.5606],[105.2623,20.5606],[105.2647,20.5592],[105.266,20.5557],[105.266,20.5539],[105.2667,20.5534],[105.2693,20.554],[105.2713,20.5527],[105.2722,20.5514],[105.276,20.5524],[105.2788,20.5511],[105.2872,20.5503],[105.2878,20.5494],[105.2875,20.5458],[105.2894,20.5459],[105.2912,20.5451],[105.2922,20.5458],[105.2936,20.5455],[105.2954,20.5377],[105.2972,20.5378],[105.2984,20.5363],[105.2992,20.5338],[105.3002,20.5331],[105.3,20.5321],[105.3006,20.5312],[105.3001,20.5287],[105.3039,20.5255],[105.3057,20.5247],[105.3065,20.5234],[105.3085,20.5224],[105.3103,20.5202],[105.3132,20.518],[105.314,20.5159],[105.3172,20.5175],[105.3211,20.5175],[105.33,20.5145],[105.331,20.5125],[105.3348,20.5114],[105.3371,20.5086],[105.347,20.5015],[105.3523,20.5013],[105.3544,20.5036],[105.3546,20.5056],[105.3515,20.5083],[105.3542,20.5106],[105.3545,20.5122],[105.359,20.5122],[105.3603,20.5125],[105.3614,20.5133],[105.3639,20.5197],[105.3646,20.5226],[105.3644,20.5247],[105.3652,20.5262],[105.366,20.5263],[105.3674,20.5282],[105.3676,20.5316],[105.3692,20.5321],[105.3716,20.5342],[105.3733,20.5347],[105.3739,20.5353],[105.3765,20.5353],[105.3791,20.5383],[105.3789,20.541],[105.3775,20.5425],[105.377,20.5439],[105.3771,20.5469],[105.3784,20.5484],[105.381,20.5482],[105.3813,20.552],[105.3807,20.5538],[105.3798,20.5544],[105.3777,20.5582],[105.3782,20.558],[105.3782,20.5587],[105.3793,20.5589],[105.3801,20.5611],[105.382,20.5624],[105.3817,20.5651],[105.3826,20.5657],[105.3835,20.5675],[105.39,20.5699],[105.3927,20.5717],[105.3953,20.5743],[105.3953,20.5747],[105.3894,20.5787],[105.3879,20.5805],[105.3823,20.5837],[105.3829,20.587],[105.3826,20.5888],[105.3833,20.5912],[105.3846,20.5931],[105.385,20.5947],[105.3847,20.5964],[105.3823,20.5959],[105.3718,20.5981],[105.3677,20.5939],[105.3655,20.5931],[105.3637,20.5935],[105.3622,20.5921],[105.3604,20.5929],[105.3588,20.5924],[105.3569,20.5935],[105.3548,20.5978],[105.3535,20.5969],[105.3475,20.5994],[105.3476,20.603],[105.3465,20.6064],[105.3443,20.6086],[105.3405,20.61],[105.3403,20.611],[105.3382,20.6123],[105.3356,20.6114],[105.3331,20.613],[105.3311,20.6128],[105.3307,20.6111],[105.328,20.6099],[105.3261,20.6101],[105.3253,20.6112],[105.3262,20.6045],[105.3226,20.6035],[105.3219,20.6043],[105.3206,20.6044],[105.3186,20.6079],[105.3182,20.6104],[105.3172,20.612],[105.3177,20.6135],[105.3176,20.6158],[105.3154,20.6185],[105.3154,20.6198],[105.3145,20.6204],[105.3145,20.6217],[105.3135,20.6229],[105.3131,20.625],[105.3108,20.6261],[105.3109,20.6281],[105.3092,20.6285],[105.3083,20.6293],[105.3072,20.6313],[105.3075,20.6326],[105.3061,20.6334],[105.305,20.6357],[105.3038,20.6369],[105.3042,20.6397],[105.3039,20.6415],[105.3046,20.643],[105.3041,20.6439],[105.3033,20.6441],[105.3015,20.6467],[105.2984,20.6487],[105.2978,20.6509],[105.2982,20.6538],[105.2982,20.6543]]]},"properties":{"code":"05128","name":"Tân Lạc","nameEn":"Tan Lac","fullName":"Xã Tân Lạc","fullNameEn":"Tan Lac Commune","codeName":"tan_lac","postalCode":"36580","postalCodePrefix":"","gisServerId":"diaphanhanhchinhcapxa_2025.1642","areaKm2":139.9},"id":"05128"},
{"type":"Feature","geometry":{"type":"Polygon","coordinates":[[[105.1781,20.7618],[105.174,20.7607],[105.1698,20.7606],[105.1676,20.7613],[105.161,20.7655],[105.1552,20.7706],[105.1534,20.7709],[105.1521,20.77],[105.1505,20.7673],[105.1481,20.7587],[105.1467,20.7556],[105.1457,20.754],[105.1438,20.7522],[105.1416,20.7514],[105.1386,20.751],[105.134,20.752],[105.1213,20.7531],[105.1158,20.7521],[105.1168,20.7485],[105.118,20.7473],[105.119,20.7469],[105.1193,20.748],[105.1211,20.7483],[105.1215,20.7469],[105.123,20.7456],[105.1231,20.7437],[105.1224,20.7414],[105.1229,20.7407],[105.1242,20.7398],[105.1249,20.7401],[105.1258,20.7394],[105.1273,20.7394],[105.1296,20.7384],[105.1329,20.735],[105.1342,20.7322],[105.1346,20.7309],[105.1341,20.7304],[105.1342,20.7295],[105.1322,20.7264],[105.1321,20.7242],[105.133,20.7226],[105.1328,20.7213],[105.1298,20.721],[105.1273,20.7196],[105.1307,20.715],[105.1318,20.7112],[105.135,20.7061],[105.136,20.6983],[105.1411,20.6886],[105.1418,20.6847],[105.1494,20.679],[105.1539,20.6778],[105.1555,20.6765],[105.1573,20.6763],[105.159,20.6742],[105.1642,20.674],[105.1671,20.6745],[105.1689,20.6739],[105.1726,20.6693],[105.1737,20.6699],[105.1743,20.6695],[105.1754,20.6651],[105.1752,20.6639],[105.1761,20.6631],[105.1774,20.6601],[105.1803,20.6601],[105.1816,20.662],[105.1845,20.6628],[105.1855,20.6621],[105.1891,20.6618],[105.1913,20.6626],[105.1928,20.6607],[105.1937,20.66],[105.195,20.6598],[105.1963,20.658],[105.1981,20.6583],[105.1988,20.6576],[105.1991,20.6574],[105.2022,20.6553],[105.2031,20.6538],[105.2044,20.6529],[105.2065,20.6526],[105.2073,20.651],[105.2082,20.653],[105.2095,20.6535],[105.2102,20.6549],[105.2101,20.656],[105.2111,20.658],[105.2115,20.6586],[105.2121,20.6601],[105.2157,20.6608],[105.2157,20.6631],[105.216,20.6639],[105.2174,20.665],[105.2179,20.6675],[105.2171,20.6693],[105.2179,20.6712],[105.2184,20.677],[105.2188,20.6778],[105.221,20.6791],[105.2204,20.6817],[105.2233,20.6822],[105.2229,20.684],[105.2234,20.6847],[105.2267,20.6858],[105.2281,20.6856],[105.233,20.6887],[105.2355,20.6886],[105.2385,20.6875],[105.2407,20.6887],[105.2426,20.6883],[105.2444,20.6901],[105.2461,20.6895],[105.2461,20.6885],[105.2468,20.6873],[105.2498,20.6868],[105.2505,20.6855],[105.2572,20.6849],[105.2608,20.6841],[105.2622,20.6834],[105.2624,20.679],[105.2635,20.6777],[105.2662,20.6773],[105.2697,20.6736],[105.2738,20.6827],[105.2738,20.6871],[105.275,20.694],[105.2747,20.6955],[105.2741,20.696],[105.2759,20.6967],[105.2769,20.6991],[105.2784,20.701],[105.279,20.7019],[105.2791,20.704],[105.2799,20.7059],[105.28,20.7122],[105.2769,20.7119],[105.2724,20.7131],[105.2675,20.7119],[105.2659,20.7123],[105.2645,20.7136],[105.2647,20.7153],[105.2625,20.7171],[105.2627,20.718],[105.2599,20.7197],[105.2583,20.7219],[105.2567,20.7229],[105.2562,20.7238],[105.2543,20.7218],[105.2538,20.7195],[105.253,20.719],[105.2526,20.7174],[105.2514,20.7174],[105.2506,20.7167],[105.2473,20.7161],[105.2461,20.7153],[105.2456,20.7144],[105.244,20.7137],[105.2436,20.7144],[105.2422,20.7144],[105.2401,20.7165],[105.2382,20.7168],[105.2351,20.7159],[105.2321,20.7172],[105.2299,20.716],[105.2267,20.7159],[105.2263,20.718],[105.2249,20.7202],[105.2244,20.7219],[105.2218,20.7232],[105.2145,20.7256],[105.2146,20.7282],[105.2163,20.7312],[105.216,20.7323],[105.217,20.736],[105.2139,20.7399],[105.212,20.7392],[105.2113,20.74],[105.2097,20.74],[105.2083,20.7433],[105.2027,20.75],[105.1982,20.747],[105.1952,20.7477],[105.1934,20.7475],[105.1927,20.7481],[105.1912,20.7479],[105.1901,20.7496],[105.1876,20.7498],[105.1832,20.7517],[105.1815,20.7537],[105.1807,20.7537],[105.1797,20.7546],[105.1782,20.7551],[105.1788,20.7576],[105.1781,20.7618]]]},"properties":{"code":"05134","name":"Mường Hoa","nameEn":"Muong Hoa","fullName":"Xã Mường Hoa","fullNameEn":"Muong Hoa Commune","codeName":"muong_hoa","postalCode":"36583","postalCodePrefix":"","gisServerId":"diaphanhanhchinhcapxa_2025.1651","areaKm2":104.54},"id":"05134"},
{"type":"Feature","geometry":{"type":"Polygon","coordinates":[[[105.1591,20.6331],[105.1542,20.6282],[105.1477,20.624],[105.1449,20.6228],[105.1427,20.6201],[105.139,20.6191],[105.1361,20.6171],[105.1369,20.6133],[105.1381,20.612],[105.1381,20.6107],[105.1401,20.6068],[105.1435,20.606],[105.1436,20.6038],[105.1454,20.6037],[105.1455,20.6023],[105.1473,20.6002],[105.1499,20.6],[105.1521,20.5981],[105.1499,20.5977],[105.1472,20.5962],[105.1415,20.5945],[105.1362,20.5972],[105.1361,20.5984],[105.1334,20.6],[105.1318,20.6021],[105.1304,20.6019],[105.1253,20.5998],[105.1254,20.5988],[105.1273,20.5958],[105.1276,20.5912],[105.1264,20.5896],[105.1245,20.5893],[105.123,20.5868],[105.1184,20.5846],[105.1187,20.5833],[105.1178,20.5809],[105.1171,20.5803],[105.1166,20.5802],[105.1159,20.5799],[105.116,20.5773],[105.1151,20.5753],[105.1192,20.5741],[105.1198,20.5725],[105.1193,20.5671],[105.1199,20.5624],[105.1233,20.5606],[105.1237,20.5599],[105.1233,20.5589],[105.1241,20.5582],[105.1255,20.5589],[105.1281,20.5567],[105.1312,20.5557],[105.1322,20.5547],[105.1325,20.553],[105.1352,20.5517],[105.1358,20.551],[105.1363,20.548],[105.1408,20.5439],[105.1427,20.5443],[105.1444,20.5432],[105.1487,20.5448],[105.1504,20.5433],[105.1525,20.5435],[105.1534,20.5412],[105.1544,20.5409],[105.1548,20.539],[105.1556,20.5382],[105.1571,20.5378],[105.1577,20.537],[105.1618,20.5356],[105.1629,20.5285],[105.1626,20.5252],[105.1618,20.5247],[105.1612,20.523],[105.163,20.5236],[105.1655,20.5206],[105.1689,20.5186],[105.1703,20.5153],[105.1721,20.5151],[105.1737,20.5164],[105.1764,20.517],[105.178,20.5166],[105.1789,20.5184],[105.1837,20.5215],[105.1844,20.5214],[105.1883,20.5183],[105.1907,20.5173],[105.1988,20.5175],[105.2004,20.5185],[105.2028,20.5185],[105.206,20.5168],[105.2075,20.5166],[105.2084,20.5158],[105.2113,20.5156],[105.2128,20.5135],[105.2128,20.5119],[105.2134,20.5116],[105.2146,20.5119],[105.2146,20.5112],[105.2159,20.5092],[105.2206,20.5066],[105.2216,20.5053],[105.2245,20.5048],[105.2268,20.5055],[105.2316,20.5029],[105.2299,20.4992],[105.2302,20.4976],[105.2334,20.4964],[105.2358,20.4937],[105.2399,20.4938],[105.2405,20.4931],[105.2398,20.4916],[105.241,20.4909],[105.2421,20.491],[105.2447,20.488],[105.2445,20.4864],[105.2431,20.4838],[105.2419,20.4828],[105.2396,20.4793],[105.241,20.4782],[105.2404,20.4758],[105.2414,20.4752],[105.2437,20.4761],[105.2445,20.4746],[105.2439,20.4739],[105.2468,20.4719],[105.2503,20.4706],[105.2524,20.4705],[105.2551,20.4691],[105.2554,20.4684],[105.2567,20.4682],[105.2586,20.4671],[105.2609,20.4664],[105.2633,20.463],[105.2635,20.4593],[105.2623,20.4563],[105.2646,20.4548],[105.2672,20.4552],[105.2711,20.453],[105.2721,20.4534],[105.2752,20.4527],[105.2785,20.451],[105.2803,20.4515],[105.2823,20.4512],[105.2842,20.4536],[105.2841,20.4544],[105.2851,20.4561],[105.2898,20.4573],[105.2918,20.4589],[105.2943,20.4598],[105.2979,20.4633],[105.301,20.4648],[105.3002,20.4654],[105.3008,20.466],[105.3021,20.4712],[105.3019,20.4723],[105.3089,20.4768],[105.307,20.4778],[105.3062,20.479],[105.3039,20.4799],[105.3002,20.4787],[105.2986,20.4795],[105.2982,20.478],[105.2967,20.4771],[105.2953,20.4792],[105.2938,20.4798],[105.2923,20.4815],[105.2895,20.4825],[105.2893,20.4851],[105.2887,20.486],[105.2865,20.4843],[105.2843,20.4838],[105.2833,20.4857],[105.2832,20.4877],[105.282,20.4895],[105.2787,20.4904],[105.276,20.4901],[105.275,20.4907],[105.2735,20.4922],[105.2738,20.4932],[105.273,20.496],[105.2757,20.4977],[105.2734,20.5048],[105.2598,20.5077],[105.257,20.5127],[105.2583,20.5149],[105.2578,20.5193],[105.256,20.5226],[105.2502,20.5219],[105.248,20.521],[105.2457,20.5223],[105.2425,20.5211],[105.2413,20.5237],[105.2411,20.526],[105.2413,20.5269],[105.2422,20.5277],[105.2383,20.5289],[105.236,20.5306],[105.2331,20.5341],[105.2325,20.536],[105.2305,20.5384],[105.2298,20.5402],[105.2285,20.5412],[105.2273,20.5413],[105.2272,20.5443],[105.2265,20.5472],[105.2238,20.5496],[105.2235,20.551],[105.2217,20.5539],[105.2211,20.557],[105.2196,20.5606],[105.2116,20.5677],[105.2067,20.571],[105.2074,20.5724],[105.2069,20.5749],[105.2063,20.5754],[105.205,20.5755],[105.2034,20.5774],[105.2048,20.5801],[105.2038,20.5826],[105.2016,20.5895],[105.2016,20.5918],[105.1985,20.5946],[105.1979,20.5972],[105.1996,20.5999],[105.1937,20.6004],[105.192,20.601],[105.1905,20.6041],[105.1901,20.6062],[105.1865,20.6068],[105.1854,20.6079],[105.1852,20.609],[105.1823,20.6115],[105.1762,20.6078],[105.1751,20.6076],[105.1715,20.6098],[105.1682,20.6133],[105.1646,20.615],[105.1639,20.616],[105.1634,20.6199],[105.1651,20.6211],[105.1641,20.6252],[105.1591,20.6331]]]},"properties":{"code":"05152","name":"Vân Sơn","nameEn":"Van Son","fullName":"Xã Vân Sơn","fullNameEn":"Van Son Commune","codeName":"van_son","postalCode":"36568","postalCodePrefix":"","gisServerId":"diaphanhanhchinhcapxa_2025.1663","areaKm2":120.53},"id":"05152"},
{"type":"Feature","geometry":{"type":"Polygon","coordinates":[[[105.1988,20.6576],[105.1981,20.6583],[105.1963,20.658],[105.195,20.6598],[105.1937,20.66],[105.1928,20.6607],[105.1913,20.6626],[105.1891,20.6618],[105.1855,20.6621],[105.1845,20.6628],[105.1816,20.662],[105.1803,20.6601],[105.1774,20.6601],[105.1761,20.6631],[105.1752,20.6639],[105.1754,20.6651],[105.1743,20.6695],[105.1737,20.6699],[105.1726,20.6693],[105.1689,20.6739],[105.1671,20.6745],[105.1642,20.674],[105.159,20.6742],[105.1573,20.6763],[105.1555,20.6765],[105.1539,20.6778],[105.1494,20.679],[105.1418,20.6847],[105.1411,20.6886],[105.136,20.6983],[105.135,20.7061],[105.1318,20.7112],[105.1307,20.715],[105.1273,20.7196],[105.1265,20.7166],[105.1235,20.7139],[105.1209,20.7096],[105.122,20.7084],[105.124,20.7079],[105.1248,20.7058],[105.1238,20.7046],[105.1208,20.7032],[105.1193,20.7048],[105.1134,20.7004],[105.1127,20.6987],[105.1138,20.6976],[105.1135,20.697],[105.112,20.6968],[105.1111,20.6977],[105.1103,20.6965],[105.1112,20.6962],[105.1143,20.6931],[105.1164,20.6892],[105.1181,20.6887],[105.1205,20.6854],[105.1208,20.6839],[105.1224,20.6825],[105.1245,20.6819],[105.1251,20.6807],[105.1248,20.6788],[105.1285,20.6766],[105.1298,20.6744],[105.1329,20.6714],[105.1334,20.6684],[105.132,20.6667],[105.1292,20.6646],[105.131,20.6611],[105.1303,20.6605],[105.1313,20.6584],[105.1324,20.6575],[105.1338,20.6586],[105.1364,20.6594],[105.1379,20.6579],[105.1403,20.6565],[105.1414,20.6529],[105.1443,20.6513],[105.1461,20.649],[105.1498,20.6461],[105.1504,20.6451],[105.1504,20.6441],[105.1533,20.6412],[105.157,20.6349],[105.1591,20.6331],[105.1641,20.6252],[105.1651,20.6211],[105.1634,20.6199],[105.1639,20.616],[105.1646,20.615],[105.1682,20.6133],[105.1715,20.6098],[105.1751,20.6076],[105.1762,20.6078],[105.1823,20.6115],[105.1852,20.609],[105.1854,20.6079],[105.1865,20.6068],[105.1901,20.6062],[105.1905,20.6041],[105.192,20.601],[105.1937,20.6004],[105.1996,20.5999],[105.1979,20.5972],[105.1985,20.5946],[105.2016,20.5918],[105.2016,20.5895],[105.2038,20.5826],[105.2086,20.5867],[105.2108,20.5879],[105.213,20.5906],[105.2142,20.5911],[105.2155,20.5909],[105.2151,20.5901],[105.2157,20.5892],[105.2168,20.5896],[105.2185,20.5911],[105.2227,20.5924],[105.2223,20.5927],[105.2226,20.5931],[105.2238,20.5929],[105.2255,20.5933],[105.2239,20.5963],[105.2252,20.5971],[105.2297,20.5969],[105.2307,20.5991],[105.2297,20.6021],[105.2302,20.6034],[105.2299,20.6042],[105.2281,20.6056],[105.2284,20.608],[105.2278,20.6087],[105.2294,20.6125],[105.2292,20.6139],[105.228,20.6153],[105.2305,20.6156],[105.2315,20.6148],[105.2315,20.6139],[105.2322,20.6136],[105.2331,20.6136],[105.2349,20.6147],[105.235,20.6159],[105.236,20.6178],[105.234,20.6215],[105.2348,20.6219],[105.2334,20.6233],[105.2356,20.625],[105.2354,20.6278],[105.2378,20.6307],[105.2404,20.6307],[105.2404,20.6284],[105.2427,20.629],[105.2438,20.6283],[105.2456,20.628],[105.2508,20.6294],[105.2539,20.6294],[105.2546,20.6288],[105.2552,20.6288],[105.2554,20.6305],[105.2566,20.6304],[105.2565,20.6318],[105.2582,20.6332],[105.2563,20.6354],[105.259,20.6378],[105.2595,20.6405],[105.2612,20.6423],[105.2609,20.6473],[105.2613,20.6491],[105.2624,20.6497],[105.2641,20.6529],[105.2644,20.6536],[105.2652,20.6555],[105.2668,20.6561],[105.2672,20.6578],[105.2742,20.66],[105.2744,20.6622],[105.2739,20.6643],[105.272,20.6693],[105.2702,20.6713],[105.2697,20.6736],[105.2662,20.6773],[105.2635,20.6777],[105.2624,20.679],[105.2622,20.6834],[105.2608,20.6841],[105.2572,20.6849],[105.2505,20.6855],[105.2498,20.6868],[105.2468,20.6873],[105.2461,20.6885],[105.2461,20.6895],[105.2444,20.6901],[105.2426,20.6883],[105.2407,20.6887],[105.2385,20.6875],[105.2355,20.6886],[105.233,20.6887],[105.2281,20.6856],[105.2267,20.6858],[105.2234,20.6847],[105.2229,20.684],[105.2233,20.6822],[105.2204,20.6817],[105.221,20.6791],[105.2188,20.6778],[105.2184,20.677],[105.2179,20.6712],[105.2171,20.6693],[105.2179,20.6675],[105.2174,20.665],[105.216,20.6639],[105.2157,20.6631],[105.2157,20.6608],[105.2121,20.6601],[105.2115,20.6586],[105.2111,20.658],[105.2101,20.656],[105.2102,20.6549],[105.2095,20.6535],[105.2082,20.653],[105.2073,20.651],[105.2065,20.6526],[105.2044,20.6529],[105.2031,20.6538],[105.2022,20.6553],[105.1991,20.6574],[105.1988,20.6576]]]},"properties":{"code":"05158","name":"Mường Bi","nameEn":"Muong Bi","fullName":"Xã Mường Bi","fullNameEn":"Muong Bi Commune","codeName":"muong_bi","postalCode":"36581","postalCodePrefix":"","gisServerId":"diaphanhanhchinhcapxa_2025.1641","areaKm2":94.79},"id":"05158"},
{"type":"Feature","geometry":{"type":"Polygon","coordinates":[[[105.3103,20.5202],[105.3085,20.5224],[105.3065,20.5234],[105.3057,20.5247],[105.3039,20.5255],[105.3001,20.5287],[105.3006,20.5312],[105.3,20.5321],[105.3002,20.5331],[105.2992,20.5338],[105.2984,20.5363],[105.2972,20.5378],[105.2954,20.5377],[105.2936,20.5455],[105.2922,20.5458],[105.2912,20.5451],[105.2894,20.5459],[105.2875,20.5458],[105.2878,20.5494],[105.2872,20.5503],[105.2788,20.5511],[105.276,20.5524],[105.2722,20.5514],[105.2713,20.5527],[105.2693,20.554],[105.2667,20.5534],[105.266,20.5539],[105.266,20.5557],[105.2647,20.5592],[105.2623,20.5606],[105.2605,20.5606],[105.2599,20.5625],[105.2607,20.5648],[105.2609,20.5691],[105.2598,20.5723],[105.2612,20.5737],[105.2613,20.5751],[105.2603,20.5777],[105.2597,20.5838],[105.2587,20.5864],[105.2573,20.5872],[105.2573,20.588],[105.256,20.5889],[105.2539,20.5888],[105.2528,20.5894],[105.2507,20.588],[105.2497,20.5891],[105.2505,20.59],[105.2507,20.5911],[105.2501,20.5914],[105.2499,20.5924],[105.2485,20.5928],[105.2478,20.5937],[105.2543,20.5975],[105.2544,20.6008],[105.2534,20.6029],[105.2533,20.6058],[105.2495,20.6074],[105.2484,20.6087],[105.2484,20.6094],[105.2475,20.6097],[105.246,20.609],[105.2473,20.6101],[105.2468,20.6111],[105.2458,20.6112],[105.2463,20.6114],[105.2464,20.6126],[105.2478,20.6143],[105.2481,20.6168],[105.2495,20.6179],[105.2479,20.619],[105.2467,20.621],[105.244,20.6213],[105.2429,20.6224],[105.2428,20.623],[105.2434,20.6235],[105.2426,20.6252],[105.2413,20.6263],[105.2427,20.629],[105.2404,20.6284],[105.2404,20.6307],[105.2378,20.6307],[105.2354,20.6278],[105.2356,20.625],[105.2334,20.6233],[105.2348,20.6219],[105.234,20.6215],[105.236,20.6178],[105.235,20.6159],[105.2349,20.6147],[105.2331,20.6136],[105.2322,20.6136],[105.2315,20.6139],[105.2315,20.6148],[105.2305,20.6156],[105.228,20.6153],[105.2292,20.6139],[105.2294,20.6125],[105.2278,20.6087],[105.2284,20.608],[105.2281,20.6056],[105.2299,20.6042],[105.2302,20.6034],[105.2297,20.6021],[105.2307,20.5991],[105.2297,20.5969],[105.2252,20.5971],[105.2239,20.5963],[105.2255,20.5933],[105.2238,20.5929],[105.2226,20.5931],[105.2223,20.5927],[105.2227,20.5924],[105.2185,20.5911],[105.2168,20.5896],[105.2157,20.5892],[105.2151,20.5901],[105.2155,20.5909],[105.2142,20.5911],[105.213,20.5906],[105.2108,20.5879],[105.2086,20.5867],[105.2038,20.5826],[105.2048,20.5801],[105.2034,20.5774],[105.205,20.5755],[105.2063,20.5754],[105.2069,20.5749],[105.2074,20.5724],[105.2067,20.571],[105.2116,20.5677],[105.2196,20.5606],[105.2211,20.557],[105.2217,20.5539],[105.2235,20.551],[105.2238,20.5496],[105.2265,20.5472],[105.2272,20.5443],[105.2273,20.5413],[105.2285,20.5412],[105.2298,20.5402],[105.2305,20.5384],[105.2325,20.536],[105.2331,20.5341],[105.236,20.5306],[105.2383,20.5289],[105.2422,20.5277],[105.2413,20.5269],[105.2411,20.526],[105.2413,20.5237],[105.2425,20.5211],[105.2457,20.5223],[105.248,20.521],[105.2502,20.5219],[105.256,20.5226],[105.2578,20.5193],[105.2583,20.5149],[105.257,20.5127],[105.2598,20.5077],[105.2734,20.5048],[105.2757,20.4977],[105.273,20.496],[105.2738,20.4932],[105.2735,20.4922],[105.275,20.4907],[105.276,20.4901],[105.2787,20.4904],[105.282,20.4895],[105.2832,20.4877],[105.2833,20.4857],[105.2843,20.4838],[105.2865,20.4843],[105.2887,20.486],[105.2893,20.4851],[105.2895,20.4825],[105.2923,20.4815],[105.2938,20.4798],[105.2953,20.4792],[105.2967,20.4771],[105.2982,20.478],[105.2986,20.4795],[105.3002,20.4787],[105.3039,20.4799],[105.3062,20.479],[105.3082,20.4811],[105.3077,20.4827],[105.3079,20.4844],[105.3091,20.4854],[105.3093,20.4871],[105.3089,20.4881],[105.3045,20.4909],[105.3044,20.4915],[105.3053,20.4925],[105.3052,20.4948],[105.3058,20.4965],[105.3081,20.4974],[105.3093,20.499],[105.3106,20.5043],[105.3089,20.5051],[105.3098,20.5063],[105.3058,20.509],[105.3049,20.5109],[105.3052,20.5121],[105.307,20.5138],[105.3075,20.5148],[105.3092,20.5154],[105.3096,20.519],[105.3103,20.5202]]]},"properties":{"code":"05191","name":"Toàn Thắng","nameEn":"Toan Thang","fullName":"Xã Toàn Thắng","fullNameEn":"Toan Thang Commune","codeName":"toan_thang","postalCode":"36582","postalCodePrefix":"","gisServerId":"diaphanhanhchinhcapxa_2025.1645","areaKm2":71.11},"id":"05191"},
{"type":"Feature","geometry":{"type":"Polygon","coordinates":[[[105.1171,20.5803],[105.1178,20.5809],[105.1187,20.5833],[105.1184,20.5846],[105.123,20.5868],[105.1245,20.5893],[105.1264,20.5896],[105.1276,20.5912],[105.1273,20.5958],[105.1254,20.5988],[105.1253,20.5998],[105.1304,20.6019],[105.1318,20.6021],[105.1334,20.6],[105.1361,20.5984],[105.1362,20.5972],[105.1415,20.5945],[105.1472,20.5962],[105.1499,20.5977],[105.1521,20.5981],[105.1499,20.6],[105.1473,20.6002],[105.1455,20.6023],[105.1454,20.6037],[105.1436,20.6038],[105.1435,20.606],[105.1401,20.6068],[105.1381,20.6107],[105.1381,20.612],[105.1369,20.6133],[105.1361,20.6171],[105.139,20.6191],[105.1427,20.6201],[105.1449,20.6228],[105.1477,20.624],[105.1542,20.6282],[105.1591,20.6331],[105.157,20.6349],[105.1533,20.6412],[105.1504,20.6441],[105.1504,20.6451],[105.1498,20.6461],[105.1461,20.649],[105.1443,20.6513],[105.1414,20.6529],[105.1403,20.6565],[105.1379,20.6579],[105.1364,20.6594],[105.1338,20.6586],[105.1324,20.6575],[105.1313,20.6584],[105.1303,20.6605],[105.131,20.6611],[105.1292,20.6646],[105.132,20.6667],[105.1334,20.6684],[105.1329,20.6714],[105.1298,20.6744],[105.1285,20.6766],[105.1248,20.6788],[105.1251,20.6807],[105.1245,20.6819],[105.1224,20.6825],[105.1208,20.6839],[105.1205,20.6854],[105.1181,20.6887],[105.1164,20.6892],[105.1143,20.6931],[105.1112,20.6962],[105.1103,20.6965],[105.1111,20.6977],[105.1105,20.6976],[105.107,20.7001],[105.1055,20.7003],[105.1046,20.7012],[105.103,20.7002],[105.1003,20.7002],[105.0974,20.7015],[105.096,20.7032],[105.0969,20.7049],[105.0947,20.7073],[105.0951,20.7085],[105.0948,20.7101],[105.0922,20.7105],[105.09,20.7121],[105.0886,20.7122],[105.0882,20.7129],[105.0862,20.7133],[105.0855,20.7153],[105.0824,20.717],[105.0817,20.7209],[105.0829,20.7233],[105.0821,20.7253],[105.0819,20.7277],[105.0801,20.729],[105.0796,20.7306],[105.0811,20.7336],[105.0813,20.7351],[105.0793,20.7376],[105.0763,20.7377],[105.0707,20.7346],[105.068,20.7319],[105.0642,20.7302],[105.0599,20.7294],[105.0567,20.7276],[105.0548,20.7279],[105.0516,20.726],[105.0473,20.7304],[105.046,20.7311],[105.041,20.7319],[105.0399,20.7315],[105.0378,20.733],[105.0342,20.7324],[105.0328,20.7336],[105.0291,20.7337],[105.0277,20.7332],[105.0237,20.734],[105.0225,20.7348],[105.021,20.7324],[105.02,20.7321],[105.0195,20.7311],[105.0182,20.7323],[105.0149,20.7332],[105.0133,20.7329],[105.014,20.7315],[105.0161,20.7312],[105.0188,20.7259],[105.0137,20.7227],[105.0004,20.7231],[105.0007,20.7196],[105,20.7182],[104.9925,20.7133],[104.9899,20.7095],[104.9928,20.7055],[104.9928,20.701],[104.9925,20.6752],[104.9914,20.6701],[104.993,20.6701],[104.9945,20.6693],[104.9966,20.669],[104.9984,20.6679],[104.9994,20.6684],[105.0125,20.6688],[105.0139,20.6694],[105.0171,20.6691],[105.0254,20.6639],[105.0258,20.6609],[105.0255,20.6581],[105.0261,20.6572],[105.0264,20.6546],[105.0287,20.6521],[105.0295,20.6507],[105.0315,20.6494],[105.0328,20.6496],[105.0356,20.649],[105.038,20.6476],[105.0398,20.6484],[105.0418,20.651],[105.0396,20.6526],[105.0395,20.6535],[105.0428,20.658],[105.044,20.6587],[105.0433,20.6617],[105.0439,20.6637],[105.0476,20.6633],[105.0502,20.6588],[105.0537,20.6589],[105.054,20.6585],[105.0553,20.6592],[105.0577,20.6578],[105.0608,20.6548],[105.0617,20.6545],[105.0635,20.6506],[105.0677,20.6501],[105.0674,20.6505],[105.0684,20.6509],[105.0679,20.652],[105.0687,20.6525],[105.0687,20.6532],[105.071,20.6535],[105.0714,20.6546],[105.0721,20.6539],[105.0731,20.6541],[105.0737,20.6533],[105.0724,20.651],[105.0737,20.65],[105.075,20.6508],[105.0748,20.6518],[105.0752,20.6523],[105.0777,20.654],[105.0788,20.6542],[105.0812,20.652],[105.0834,20.6513],[105.0842,20.6487],[105.0863,20.6464],[105.0923,20.6485],[105.0946,20.6487],[105.0989,20.6479],[105.0999,20.6473],[105.1008,20.6459],[105.1007,20.6399],[105.1013,20.638],[105.0984,20.6344],[105.0949,20.632],[105.0927,20.6298],[105.0926,20.6264],[105.0909,20.6258],[105.0884,20.624],[105.0876,20.6225],[105.084,20.6199],[105.0839,20.6191],[105.0821,20.621],[105.0816,20.6228],[105.0807,20.6235],[105.079,20.6231],[105.0751,20.6203],[105.0753,20.6198],[105.0775,20.6185],[105.0822,20.6133],[105.0802,20.6112],[105.0809,20.6098],[105.0822,20.61],[105.0829,20.6084],[105.0842,20.6079],[105.0855,20.6058],[105.0835,20.604],[105.0833,20.602],[105.0814,20.5996],[105.083,20.5973],[105.0834,20.5949],[105.0854,20.5915],[105.0888,20.5816],[105.0862,20.5746],[105.089,20.5731],[105.0901,20.5714],[105.0943,20.5688],[105.0961,20.5664],[105.0975,20.5698],[105.099,20.5718],[105.106,20.5731],[105.1083,20.5679],[105.1099,20.5665],[105.1106,20.5644],[105.1125,20.563],[105.1152,20.5623],[105.1171,20.562],[105.1199,20.5624],[105.1193,20.5671],[105.1198,20.5725],[105.1192,20.5741],[105.1151,20.5753],[105.116,20.5773],[105.1159,20.5799],[105.1166,20.5802],[105.1171,20.5803]]]},"properties":{"code":"05200","name":"Mai Châu","nameEn":"Mai Chau","fullName":"Xã Mai Châu","fullNameEn":"Mai Chau Commune","codeName":"mai_chau","postalCode":"36406","postalCodePrefix":"","gisServerId":"diaphanhanhchinhcapxa_2025.1682","areaKm2":147.74},"id":"05200"},
{"type":"Feature","geometry":{"type":"Polygon","coordinates":[[[105.0843,20.8133],[105.0778,20.8159],[105.0688,20.8205],[105.043,20.8383],[105.0372,20.8445],[105.0299,20.8506],[105.017,20.8657],[105.0124,20.8668],[105.0019,20.8674],[104.997,20.8697],[104.9914,20.874],[104.9924,20.8672],[104.9932,20.8665],[104.9935,20.8652],[104.9945,20.8646],[104.9972,20.8613],[105.0009,20.8558],[105.0009,20.8542],[104.9982,20.8518],[104.9985,20.8497],[104.9977,20.8489],[104.9971,20.8461],[104.9984,20.8456],[105.0015,20.8459],[105.0067,20.8445],[105.0066,20.8423],[105.0044,20.8402],[105.0046,20.839],[105.0021,20.8356],[105.002,20.8346],[105.0033,20.8325],[105.0014,20.8307],[105.0014,20.8286],[105.003,20.8255],[105.0012,20.8221],[104.998,20.8181],[104.998,20.8165],[104.9973,20.8153],[104.9976,20.8147],[104.9979,20.8143],[105.0014,20.8145],[105.0028,20.8139],[105.0032,20.8131],[105.0066,20.8111],[105.0087,20.808],[105.0113,20.8071],[105.0126,20.8044],[105.0168,20.8062],[105.0188,20.8059],[105.0236,20.8037],[105.0249,20.8035],[105.0282,20.8002],[105.0312,20.7991],[105.0325,20.7964],[105.0299,20.7856],[105.0298,20.7828],[105.0303,20.7823],[105.0293,20.7801],[105.0301,20.7772],[105.0321,20.7754],[105.0329,20.7737],[105.031,20.7734],[105.0283,20.7753],[105.0248,20.776],[105.0234,20.7773],[105.0223,20.7776],[105.0213,20.779],[105.0202,20.7793],[105.0186,20.7785],[105.0181,20.7776],[105.0164,20.7782],[105.0152,20.7778],[105.0137,20.7751],[105.0094,20.7729],[105.008,20.7717],[105.0067,20.7693],[104.9982,20.7702],[104.9961,20.7722],[104.9948,20.7716],[104.9932,20.7692],[104.9937,20.767],[104.9933,20.7651],[104.9921,20.7637],[104.9944,20.7623],[104.9925,20.7605],[104.9919,20.7587],[104.9921,20.7563],[104.9908,20.7544],[104.9901,20.7541],[104.9918,20.7523],[104.9928,20.7519],[104.9931,20.7506],[104.995,20.7504],[104.9962,20.7511],[104.9989,20.7505],[105.0002,20.7494],[105.0024,20.7487],[105.006,20.7448],[105.0071,20.7451],[105.0091,20.7435],[105.0109,20.7428],[105.0115,20.7403],[105.0135,20.7405],[105.0135,20.7368],[105.0142,20.7359],[105.0133,20.7329],[105.0149,20.7332],[105.0182,20.7323],[105.0195,20.7311],[105.02,20.7321],[105.021,20.7324],[105.0225,20.7348],[105.0237,20.734],[105.0277,20.7332],[105.0291,20.7337],[105.0328,20.7336],[105.0342,20.7324],[105.0378,20.733],[105.0399,20.7315],[105.041,20.7319],[105.046,20.7311],[105.0473,20.7304],[105.0516,20.726],[105.0548,20.7279],[105.0567,20.7276],[105.0599,20.7294],[105.0642,20.7302],[105.068,20.7319],[105.0707,20.7346],[105.0763,20.7377],[105.0793,20.7376],[105.0813,20.7351],[105.0811,20.7336],[105.0796,20.7306],[105.0801,20.729],[105.0819,20.7277],[105.0821,20.7253],[105.0829,20.7233],[105.0817,20.7209],[105.0824,20.717],[105.0855,20.7153],[105.0862,20.7133],[105.0882,20.7129],[105.0886,20.7122],[105.09,20.7121],[105.0922,20.7105],[105.0948,20.7101],[105.0951,20.7085],[105.0947,20.7073],[105.0969,20.7049],[105.096,20.7032],[105.0974,20.7015],[105.1003,20.7002],[105.103,20.7002],[105.1046,20.7012],[105.1055,20.7003],[105.107,20.7001],[105.1105,20.6976],[105.1111,20.6977],[105.112,20.6968],[105.1135,20.697],[105.1138,20.6976],[105.1127,20.6987],[105.1134,20.7004],[105.1193,20.7048],[105.1208,20.7032],[105.1238,20.7046],[105.1248,20.7058],[105.124,20.7079],[105.122,20.7084],[105.1209,20.7096],[105.1235,20.7139],[105.1265,20.7166],[105.1273,20.7196],[105.1298,20.721],[105.1328,20.7213],[105.133,20.7226],[105.1321,20.7242],[105.1322,20.7264],[105.1342,20.7295],[105.1341,20.7304],[105.1346,20.7309],[105.1342,20.7322],[105.1329,20.735],[105.1296,20.7384],[105.1273,20.7394],[105.1258,20.7394],[105.1249,20.7401],[105.1242,20.7398],[105.1229,20.7407],[105.1224,20.7414],[105.1231,20.7437],[105.123,20.7456],[105.1215,20.7469],[105.1211,20.7483],[105.1193,20.748],[105.119,20.7469],[105.118,20.7473],[105.1168,20.7485],[105.1158,20.7521],[105.1145,20.7528],[105.1132,20.7557],[105.1122,20.7612],[105.1099,20.7626],[105.1023,20.7639],[105.0833,20.7608],[105.0805,20.761],[105.0788,20.7618],[105.0775,20.7636],[105.077,20.7658],[105.0778,20.7691],[105.0786,20.7703],[105.0979,20.7888],[105.0996,20.7939],[105.0998,20.8001],[105.0991,20.8027],[105.0977,20.805],[105.0951,20.8073],[105.0843,20.8133]]]},"properties":{"code":"05206","name":"Tân Mai","nameEn":"Tan Mai","fullName":"Xã Tân Mai","fullNameEn":"Tan Mai Commune","codeName":"tan_mai","postalCode":"36429","postalCodePrefix":"","gisServerId":"diaphanhanhchinhcapxa_2025.1656","areaKm2":130.71},"id":"05206"},
{"type":"Feature","geometry":{"type":"Polygon","coordinates":[[[105.0004,20.7231],[104.9911,20.7229],[104.9885,20.7244],[104.9876,20.7245],[104.9866,20.7242],[104.9867,20.7231],[104.9853,20.7216],[104.9832,20.7214],[104.9817,20.7232],[104.9792,20.7239],[104.9732,20.7283],[104.9693,20.7325],[104.9659,20.7344],[104.9637,20.7352],[104.9612,20.7342],[104.9601,20.7356],[104.9575,20.7369],[104.9568,20.738],[104.9557,20.7378],[104.955,20.74],[104.9496,20.7413],[104.9493,20.7377],[104.9475,20.7367],[104.9474,20.7375],[104.946,20.7381],[104.9454,20.7392],[104.9433,20.7398],[104.9425,20.7418],[104.9404,20.7426],[104.9402,20.744],[104.9394,20.7448],[104.9363,20.7476],[104.9349,20.7479],[104.9341,20.7487],[104.9289,20.7471],[104.9275,20.7471],[104.9259,20.7479],[104.9241,20.7438],[104.9194,20.7486],[104.9129,20.7496],[104.909,20.7492],[104.9082,20.7503],[104.9068,20.7509],[104.9065,20.7523],[104.9044,20.7528],[104.903,20.7543],[104.9014,20.7543],[104.9002,20.755],[104.8985,20.7565],[104.8969,20.7571],[104.8963,20.7582],[104.8943,20.7588],[104.8892,20.7623],[104.8884,20.7622],[104.8845,20.7638],[104.8839,20.7652],[104.883,20.7656],[104.8825,20.7669],[104.8809,20.7673],[104.8776,20.7671],[104.8765,20.7676],[104.8746,20.7676],[104.8707,20.7653],[104.869,20.7666],[104.8688,20.7695],[104.8679,20.7696],[104.8671,20.7688],[104.8654,20.7684],[104.8638,20.7691],[104.8623,20.7653],[104.8623,20.7601],[104.8593,20.7532],[104.8564,20.7536],[104.8562,20.7545],[104.8547,20.7537],[104.8528,20.7541],[104.8501,20.7536],[104.848,20.7539],[104.8461,20.7535],[104.8449,20.754],[104.8431,20.7539],[104.8406,20.7554],[104.837,20.7549],[104.839,20.7477],[104.8372,20.7468],[104.8377,20.7446],[104.8372,20.7342],[104.8389,20.7331],[104.8441,20.732],[104.8459,20.731],[104.8436,20.7281],[104.8399,20.7212],[104.8399,20.72],[104.8391,20.7184],[104.8393,20.7162],[104.8414,20.7131],[104.8407,20.7121],[104.8409,20.711],[104.8434,20.7095],[104.8468,20.7048],[104.8474,20.7032],[104.849,20.7029],[104.8445,20.7014],[104.8427,20.699],[104.8402,20.6989],[104.8387,20.6996],[104.8382,20.7005],[104.8356,20.6974],[104.8368,20.6934],[104.84,20.6907],[104.8395,20.6885],[104.841,20.6851],[104.8403,20.6836],[104.8412,20.6803],[104.8409,20.6775],[104.8392,20.6763],[104.8368,20.6596],[104.8373,20.6601],[104.8389,20.6602],[104.8404,20.6572],[104.8453,20.6532],[104.8462,20.6508],[104.8476,20.6516],[104.8488,20.6542],[104.8498,20.6546],[104.8503,20.6572],[104.8515,20.6585],[104.8536,20.6625],[104.8552,20.6621],[104.8572,20.6609],[104.8606,20.6602],[104.8654,20.6602],[104.8735,20.6615],[104.878,20.6631],[104.8793,20.663],[104.8826,20.6658],[104.8838,20.666],[104.8866,20.6696],[104.8876,20.6701],[104.8919,20.6701],[104.8956,20.6691],[104.9001,20.669],[104.9054,20.6649],[104.9113,20.6625],[104.9114,20.6632],[104.9147,20.6663],[104.9178,20.6685],[104.9176,20.6696],[104.9191,20.6705],[104.9204,20.6722],[104.9203,20.6734],[104.9208,20.674],[104.9243,20.6757],[104.9269,20.6795],[104.932,20.6816],[104.9323,20.6882],[104.9353,20.7018],[104.9343,20.7064],[104.9346,20.7083],[104.9355,20.7098],[104.9348,20.7111],[104.9351,20.7123],[104.9343,20.7137],[104.9376,20.711],[104.9392,20.7106],[104.9412,20.711],[104.9425,20.7135],[104.9435,20.7142],[104.944,20.7157],[104.9448,20.7162],[104.9475,20.7162],[104.952,20.7138],[104.9531,20.7139],[104.9549,20.7151],[104.9559,20.7152],[104.9615,20.7131],[104.9649,20.7107],[104.9689,20.7099],[104.9743,20.7067],[104.9764,20.7065],[104.9772,20.7058],[104.9799,20.7048],[104.9825,20.7012],[104.9838,20.7006],[104.9844,20.6995],[104.9856,20.6999],[104.9878,20.698],[104.9885,20.7005],[104.9928,20.701],[104.9928,20.7055],[104.9899,20.7095],[104.9925,20.7133],[105,20.7182],[105.0007,20.7196],[105.0004,20.7231]]]},"properties":{"code":"05212","name":"Pà Cò","nameEn":"Pa Co","fullName":"Xã Pà Cò","fullNameEn":"Pa Co Commune","codeName":"pa_co","postalCode":"36414","postalCodePrefix":"","gisServerId":"diaphanhanhchinhcapxa_2025.1683","areaKm2":115.76},"id":"05212"},
{"type":"Feature","geometry":{"type":"Polygon","coordinates":[[[104.9928,20.701],[104.9885,20.7005],[104.9878,20.698],[104.9856,20.6999],[104.9844,20.6995],[104.9838,20.7006],[104.9825,20.7012],[104.9799,20.7048],[104.9772,20.7058],[104.9764,20.7065],[104.9743,20.7067],[104.9689,20.7099],[104.9649,20.7107],[104.9615,20.7131],[104.9559,20.7152],[104.9549,20.7151],[104.9531,20.7139],[104.952,20.7138],[104.9475,20.7162],[104.9448,20.7162],[104.944,20.7157],[104.9435,20.7142],[104.9425,20.7135],[104.9412,20.711],[104.9392,20.7106],[104.9376,20.711],[104.9343,20.7137],[104.9351,20.7123],[104.9348,20.7111],[104.9355,20.7098],[104.9346,20.7083],[104.9343,20.7064],[104.9353,20.7018],[104.9323,20.6882],[104.932,20.6816],[104.9269,20.6795],[104.9243,20.6757],[104.9208,20.674],[104.9203,20.6734],[104.9204,20.6722],[104.9191,20.6705],[104.9176,20.6696],[104.9178,20.6685],[104.9147,20.6663],[104.9114,20.6632],[104.9113,20.6625],[104.9135,20.6611],[104.9186,20.6592],[104.9206,20.6564],[104.9212,20.6547],[104.9264,20.6525],[104.9281,20.6491],[104.9311,20.6483],[104.9323,20.6469],[104.9356,20.6455],[104.9388,20.6453],[104.9422,20.6436],[104.946,20.6436],[104.9484,20.6406],[104.9486,20.6392],[104.951,20.6371],[104.9512,20.6362],[104.9523,20.6354],[104.9526,20.6344],[104.9535,20.6341],[104.9545,20.6323],[104.9598,20.6289],[104.9607,20.6248],[104.9602,20.6219],[104.9604,20.6153],[104.9615,20.6112],[104.9634,20.6082],[104.9622,20.6065],[104.9629,20.6044],[104.9638,20.6034],[104.9649,20.599],[104.9662,20.5973],[104.9684,20.5969],[104.9694,20.5954],[104.9618,20.5949],[104.9627,20.5904],[104.9623,20.5832],[104.9602,20.5796],[104.9691,20.577],[104.9727,20.5747],[104.9794,20.5739],[104.9807,20.5726],[104.9845,20.571],[104.9852,20.5712],[104.9892,20.5753],[104.9932,20.5744],[104.9965,20.5747],[104.9978,20.587],[104.9989,20.5867],[105.0012,20.5869],[105.0025,20.5863],[105.0104,20.587],[105.0119,20.5866],[105.0131,20.5876],[105.0137,20.5892],[105.0157,20.5898],[105.0183,20.5922],[105.0187,20.5943],[105.0179,20.5958],[105.0187,20.5971],[105.0186,20.5978],[105.0199,20.5987],[105.019,20.6007],[105.0207,20.6019],[105.0208,20.6035],[105.0216,20.604],[105.0221,20.6055],[105.0243,20.6063],[105.0251,20.6072],[105.0272,20.6075],[105.0277,20.6087],[105.0306,20.61],[105.0315,20.6083],[105.0336,20.61],[105.0334,20.6122],[105.0318,20.6129],[105.0318,20.6134],[105.0325,20.6139],[105.0315,20.6144],[105.0329,20.6163],[105.0322,20.6174],[105.0304,20.6186],[105.0297,20.6205],[105.0309,20.6236],[105.0286,20.6259],[105.0276,20.6262],[105.027,20.6278],[105.0235,20.6303],[105.022,20.6322],[105.0154,20.636],[105.0155,20.6377],[105.0142,20.6385],[105.015,20.6416],[105.0131,20.6465],[105.0206,20.649],[105.0212,20.65],[105.0242,20.65],[105.0287,20.6521],[105.0264,20.6546],[105.0261,20.6572],[105.0255,20.6581],[105.0258,20.6609],[105.0254,20.6639],[105.0171,20.6691],[105.0139,20.6694],[105.0125,20.6688],[104.9994,20.6684],[104.9984,20.6679],[104.9966,20.669],[104.9945,20.6693],[104.993,20.6701],[104.9914,20.6701],[104.9925,20.6752],[104.9928,20.701]]]},"properties":{"code":"05245","name":"Bao La","nameEn":"Bao La","fullName":"Xã Bao La","fullNameEn":"Bao La Commune","codeName":"bao_la","postalCode":"36418","postalCodePrefix":"","gisServerId":"diaphanhanhchinhcapxa_2025.1684","areaKm2":104.27},"id":"05245"},
{"type":"Feature","geometry":{"type":"Polygon","coordinates":[[[105.0862,20.5746],[105.0888,20.5816],[105.0854,20.5915],[105.0834,20.5949],[105.083,20.5973],[105.0814,20.5996],[105.0833,20.602],[105.0835,20.604],[105.0855,20.6058],[105.0842,20.6079],[105.0829,20.6084],[105.0822,20.61],[105.0809,20.6098],[105.0802,20.6112],[105.0822,20.6133],[105.0775,20.6185],[105.0753,20.6198],[105.0751,20.6203],[105.079,20.6231],[105.0807,20.6235],[105.0816,20.6228],[105.0821,20.621],[105.0839,20.6191],[105.084,20.6199],[105.0876,20.6225],[105.0884,20.624],[105.0909,20.6258],[105.0926,20.6264],[105.0927,20.6298],[105.0949,20.632],[105.0984,20.6344],[105.1013,20.638],[105.1007,20.6399],[105.1008,20.6459],[105.0999,20.6473],[105.0989,20.6479],[105.0946,20.6487],[105.0923,20.6485],[105.0863,20.6464],[105.0842,20.6487],[105.0834,20.6513],[105.0812,20.652],[105.0788,20.6542],[105.0777,20.654],[105.0752,20.6523],[105.0748,20.6518],[105.075,20.6508],[105.0737,20.65],[105.0724,20.651],[105.0737,20.6533],[105.0731,20.6541],[105.0721,20.6539],[105.0714,20.6546],[105.071,20.6535],[105.0687,20.6532],[105.0687,20.6525],[105.0679,20.652],[105.0684,20.6509],[105.0674,20.6505],[105.0677,20.6501],[105.0635,20.6506],[105.0617,20.6545],[105.0608,20.6548],[105.0577,20.6578],[105.0553,20.6592],[105.054,20.6585],[105.0537,20.6589],[105.0502,20.6588],[105.0476,20.6633],[105.0439,20.6637],[105.0433,20.6617],[105.044,20.6587],[105.0428,20.658],[105.0395,20.6535],[105.0396,20.6526],[105.0418,20.651],[105.0398,20.6484],[105.038,20.6476],[105.0356,20.649],[105.0328,20.6496],[105.0315,20.6494],[105.0295,20.6507],[105.0287,20.6521],[105.0242,20.65],[105.0212,20.65],[105.0206,20.649],[105.0131,20.6465],[105.015,20.6416],[105.0142,20.6385],[105.0155,20.6377],[105.0154,20.636],[105.022,20.6322],[105.0235,20.6303],[105.027,20.6278],[105.0276,20.6262],[105.0286,20.6259],[105.0309,20.6236],[105.0297,20.6205],[105.0304,20.6186],[105.0322,20.6174],[105.0329,20.6163],[105.0315,20.6144],[105.0325,20.6139],[105.0318,20.6134],[105.0318,20.6129],[105.0334,20.6122],[105.0336,20.61],[105.0315,20.6083],[105.0306,20.61],[105.0277,20.6087],[105.0272,20.6075],[105.0251,20.6072],[105.0243,20.6063],[105.0221,20.6055],[105.0216,20.604],[105.0208,20.6035],[105.0207,20.6019],[105.019,20.6007],[105.0199,20.5987],[105.0186,20.5978],[105.0187,20.5971],[105.0179,20.5958],[105.0187,20.5943],[105.0183,20.5922],[105.0157,20.5898],[105.0137,20.5892],[105.0131,20.5876],[105.0119,20.5866],[105.0104,20.587],[105.0025,20.5863],[105.0012,20.5869],[104.9989,20.5867],[104.9978,20.587],[104.9965,20.5747],[104.9982,20.5745],[104.9991,20.5737],[105.0008,20.5738],[105.0047,20.5727],[105.0063,20.5712],[105.0084,20.5702],[105.0105,20.5678],[105.0133,20.5657],[105.0154,20.5649],[105.0203,20.5614],[105.0219,20.5592],[105.0233,20.5592],[105.0255,20.5584],[105.0302,20.5604],[105.0325,20.5587],[105.0351,20.5586],[105.0378,20.5598],[105.04,20.559],[105.0419,20.5606],[105.0459,20.5569],[105.0478,20.5597],[105.0497,20.5594],[105.0527,20.561],[105.0544,20.5641],[105.0549,20.5698],[105.0554,20.5705],[105.0632,20.5738],[105.0686,20.5743],[105.0791,20.5783],[105.0862,20.5746]]]},"properties":{"code":"05251","name":"Mai Hạ","nameEn":"Mai Ha","fullName":"Xã Mai Hạ","fullNameEn":"Mai Ha Commune","codeName":"mai_ha","postalCode":"36423","postalCodePrefix":"","gisServerId":"diaphanhanhchinhcapxa_2025.1685","areaKm2":71.86},"id":"05251"},
{"type":"Feature","geometry":{"type":"Polygon","coordinates":[[[105.5479,20.4716],[105.5422,20.4728],[105.5411,20.4722],[105.54,20.4728],[105.5391,20.4739],[105.5389,20.479],[105.5379,20.48],[105.5335,20.4783],[105.5297,20.4775],[105.5235,20.4734],[105.5192,20.475],[105.516,20.4745],[105.5116,20.476],[105.5097,20.4759],[105.5073,20.4766],[105.5057,20.4775],[105.5056,20.479],[105.5046,20.4798],[105.5029,20.4799],[105.5014,20.4807],[105.4968,20.481],[105.4952,20.4818],[105.4926,20.4822],[105.4838,20.4793],[105.4797,20.4804],[105.4752,20.4804],[105.4742,20.4758],[105.472,20.4763],[105.4718,20.4772],[105.4708,20.4765],[105.4673,20.4758],[105.4648,20.4779],[105.4542,20.4758],[105.4515,20.474],[105.4487,20.4751],[105.4475,20.4739],[105.4433,20.4725],[105.443,20.4712],[105.4441,20.4698],[105.4444,20.4677],[105.4432,20.4674],[105.4422,20.469],[105.4405,20.4685],[105.4381,20.4709],[105.4359,20.4716],[105.4334,20.4691],[105.4323,20.4695],[105.4312,20.4678],[105.4301,20.467],[105.4293,20.465],[105.4299,20.4647],[105.4306,20.4627],[105.4294,20.4605],[105.4281,20.4603],[105.4273,20.4608],[105.4247,20.4599],[105.4223,20.4602],[105.421,20.4609],[105.4208,20.4579],[105.418,20.4571],[105.4178,20.456],[105.4194,20.4542],[105.4215,20.4541],[105.4228,20.4518],[105.4275,20.4493],[105.4264,20.4475],[105.4262,20.4439],[105.4252,20.443],[105.4257,20.4412],[105.4246,20.4403],[105.4264,20.4385],[105.4252,20.4315],[105.4273,20.4282],[105.4306,20.4279],[105.4324,20.4261],[105.4374,20.4265],[105.4428,20.4197],[105.4444,20.4184],[105.4493,20.4212],[105.4523,20.4245],[105.4526,20.4251],[105.4514,20.4256],[105.4519,20.427],[105.4518,20.4296],[105.4556,20.4342],[105.4571,20.4374],[105.4608,20.4411],[105.4644,20.4407],[105.4677,20.4411],[105.475,20.4394],[105.4776,20.4365],[105.4775,20.4359],[105.4763,20.4347],[105.4763,20.4337],[105.4772,20.4332],[105.4843,20.4319],[105.4862,20.4288],[105.4886,20.4305],[105.4896,20.43],[105.491,20.4302],[105.4931,20.4297],[105.4947,20.43],[105.4957,20.4314],[105.4975,20.4302],[105.5017,20.4324],[105.5018,20.4358],[105.5028,20.4374],[105.5026,20.4394],[105.503,20.4399],[105.5044,20.4401],[105.5052,20.4394],[105.5068,20.4397],[105.5086,20.4392],[105.5089,20.4396],[105.5092,20.4391],[105.5094,20.4395],[105.5099,20.4395],[105.5133,20.4381],[105.5149,20.4388],[105.5166,20.4381],[105.519,20.4363],[105.5201,20.4363],[105.5216,20.4366],[105.5215,20.4385],[105.5237,20.4393],[105.5236,20.4422],[105.524,20.443],[105.5279,20.4449],[105.5327,20.4449],[105.5382,20.4441],[105.5417,20.4449],[105.5458,20.4444],[105.5475,20.4451],[105.5469,20.4473],[105.5483,20.4503],[105.5488,20.4564],[105.5495,20.4573],[105.55,20.4596],[105.5493,20.4617],[105.5499,20.4628],[105.55,20.4695],[105.5479,20.4716]]]},"properties":{"code":"05266","name":"Lạc Sơn","nameEn":"Lac Son","fullName":"Xã Lạc Sơn","fullNameEn":"Lac Son Commune","codeName":"lac_son","postalCode":"36635","postalCodePrefix":"","gisServerId":"diaphanhanhchinhcapxa_2025.1647","areaKm2":58.1},"id":"05266"},
{"type":"Feature","geometry":{"type":"Polygon","coordinates":[[[105.5188,20.6158],[105.5196,20.6205],[105.5219,20.6233],[105.516,20.6252],[105.5111,20.625],[105.5091,20.6264],[105.5079,20.6248],[105.5042,20.625],[105.5031,20.6272],[105.5015,20.6261],[105.4988,20.6274],[105.4971,20.6288],[105.4956,20.629],[105.4965,20.6311],[105.4925,20.6356],[105.4914,20.6356],[105.4886,20.637],[105.4852,20.6369],[105.4798,20.6342],[105.4755,20.6332],[105.4739,20.6318],[105.4706,20.6316],[105.4695,20.6299],[105.4693,20.6263],[105.4682,20.6254],[105.4672,20.6234],[105.4605,20.6229],[105.4564,20.6196],[105.4544,20.6189],[105.4498,20.6185],[105.4488,20.6178],[105.4477,20.6198],[105.4444,20.6203],[105.4432,20.6197],[105.4387,20.6197],[105.4355,20.6171],[105.4355,20.6162],[105.4342,20.616],[105.4318,20.6167],[105.4328,20.6117],[105.4293,20.6091],[105.4289,20.6075],[105.4286,20.606],[105.4301,20.6044],[105.4299,20.6028],[105.4308,20.5995],[105.429,20.5953],[105.4295,20.5939],[105.4289,20.5893],[105.4294,20.5881],[105.4291,20.5842],[105.4295,20.5833],[105.4268,20.5762],[105.4274,20.5738],[105.427,20.5684],[105.4262,20.5667],[105.4266,20.5656],[105.4248,20.5643],[105.4244,20.5536],[105.4239,20.5524],[105.4251,20.5477],[105.4237,20.5468],[105.4207,20.5471],[105.4183,20.544],[105.4155,20.5426],[105.4104,20.5431],[105.4091,20.5422],[105.408,20.5421],[105.4107,20.536],[105.4135,20.5343],[105.4163,20.5331],[105.4193,20.533],[105.4228,20.5316],[105.429,20.5339],[105.4304,20.5329],[105.4302,20.5312],[105.4346,20.5303],[105.4353,20.5295],[105.4352,20.5288],[105.436,20.5284],[105.4381,20.5286],[105.44,20.5281],[105.4417,20.5292],[105.4438,20.5278],[105.4444,20.5281],[105.4446,20.5293],[105.4469,20.5293],[105.4507,20.5302],[105.4526,20.5317],[105.453,20.5328],[105.454,20.533],[105.4561,20.5326],[105.4568,20.533],[105.4593,20.5353],[105.4631,20.5378],[105.4653,20.5404],[105.4666,20.5429],[105.4662,20.5443],[105.4681,20.5456],[105.4688,20.5476],[105.4703,20.5477],[105.4713,20.5495],[105.474,20.5507],[105.4745,20.553],[105.4754,20.5548],[105.4776,20.5578],[105.4795,20.5591],[105.4803,20.5609],[105.4824,20.5625],[105.4829,20.5644],[105.4847,20.5669],[105.4846,20.5698],[105.4855,20.572],[105.4873,20.5739],[105.4879,20.5753],[105.4914,20.5781],[105.493,20.5819],[105.4944,20.5825],[105.4964,20.5826],[105.498,20.5821],[105.4969,20.5827],[105.4947,20.5853],[105.4962,20.5888],[105.4962,20.5913],[105.4972,20.5927],[105.4924,20.5975],[105.4944,20.5994],[105.4947,20.6004],[105.497,20.6021],[105.4976,20.6043],[105.5006,20.6044],[105.501,20.6051],[105.5023,20.605],[105.5041,20.6059],[105.505,20.6058],[105.506,20.6062],[105.5061,20.6073],[105.5081,20.6083],[105.5097,20.6105],[105.5122,20.6106],[105.5131,20.6112],[105.5149,20.6115],[105.5175,20.6132],[105.5188,20.6158]]]},"properties":{"code":"05287","name":"Mường Vang","nameEn":"Muong Vang","fullName":"Xã Mường Vang","fullNameEn":"Muong Vang Commune","codeName":"muong_vang","postalCode":"36636","postalCodePrefix":"","gisServerId":"diaphanhanhchinhcapxa_2025.1670","areaKm2":69.79},"id":"05287"},
{"type":"Feature","geometry":{"type":"Polygon","coordinates":[[[105.505,20.6058],[105.5041,20.6059],[105.5023,20.605],[105.501,20.6051],[105.5006,20.6044],[105.4976,20.6043],[105.497,20.6021],[105.4947,20.6004],[105.4944,20.5994],[105.4924,20.5975],[105.4972,20.5927],[105.4962,20.5913],[105.4962,20.5888],[105.4947,20.5853],[105.4969,20.5827],[105.498,20.5821],[105.4964,20.5826],[105.4944,20.5825],[105.493,20.5819],[105.4914,20.5781],[105.4879,20.5753],[105.4873,20.5739],[105.4855,20.572],[105.4846,20.5698],[105.4847,20.5669],[105.4829,20.5644],[105.4824,20.5625],[105.4803,20.5609],[105.4795,20.5591],[105.4776,20.5578],[105.4754,20.5548],[105.4745,20.553],[105.474,20.5507],[105.4713,20.5495],[105.4703,20.5477],[105.4688,20.5476],[105.4681,20.5456],[105.4662,20.5443],[105.4666,20.5429],[105.4653,20.5404],[105.4631,20.5378],[105.4593,20.5353],[105.4568,20.533],[105.4561,20.5326],[105.454,20.533],[105.453,20.5328],[105.4526,20.5317],[105.4507,20.5302],[105.4469,20.5293],[105.4446,20.5293],[105.4444,20.5281],[105.4438,20.5278],[105.4417,20.5292],[105.44,20.5281],[105.4381,20.5286],[105.436,20.5284],[105.4352,20.5288],[105.4353,20.5295],[105.4346,20.5303],[105.4302,20.5312],[105.4304,20.5329],[105.429,20.5339],[105.4228,20.5316],[105.4193,20.533],[105.4163,20.5331],[105.4135,20.5343],[105.4107,20.536],[105.408,20.5421],[105.4046,20.5378],[105.4043,20.5354],[105.4081,20.5322],[105.4092,20.5289],[105.4081,20.5247],[105.4083,20.5184],[105.4073,20.5158],[105.4081,20.5157],[105.4088,20.5127],[105.4095,20.5135],[105.4115,20.5138],[105.414,20.5138],[105.4159,20.5128],[105.4185,20.5128],[105.419,20.5132],[105.4204,20.5119],[105.4227,20.5106],[105.4252,20.5107],[105.4266,20.5102],[105.4273,20.5088],[105.429,20.5078],[105.4302,20.5088],[105.4312,20.5086],[105.4319,20.5078],[105.4317,20.5062],[105.4331,20.5058],[105.435,20.5034],[105.4369,20.503],[105.4393,20.5056],[105.4399,20.5056],[105.4406,20.5036],[105.4424,20.5037],[105.4424,20.5025],[105.4433,20.5019],[105.4436,20.5027],[105.4442,20.5025],[105.4457,20.5045],[105.449,20.5049],[105.4528,20.5034],[105.4534,20.5051],[105.4538,20.505],[105.4541,20.5056],[105.454,20.5077],[105.4558,20.5094],[105.4584,20.509],[105.4597,20.5098],[105.4595,20.5089],[105.4604,20.5086],[105.4616,20.5106],[105.4631,20.5097],[105.4655,20.5092],[105.4677,20.5116],[105.4701,20.5115],[105.4739,20.5133],[105.4764,20.513],[105.4777,20.5091],[105.4835,20.5072],[105.4864,20.5047],[105.4874,20.5055],[105.4906,20.5048],[105.4929,20.5059],[105.4977,20.5071],[105.4988,20.5053],[105.5011,20.5048],[105.502,20.5062],[105.5033,20.5068],[105.5038,20.5083],[105.5049,20.5083],[105.5062,20.5071],[105.5092,20.5093],[105.5104,20.5107],[105.5131,20.5093],[105.5164,20.5088],[105.5173,20.5073],[105.5207,20.5077],[105.523,20.5074],[105.5251,20.5082],[105.5257,20.5088],[105.5271,20.5084],[105.5295,20.5088],[105.5317,20.5067],[105.5327,20.5065],[105.5367,20.5068],[105.5397,20.5077],[105.5419,20.5077],[105.5428,20.5082],[105.5427,20.5075],[105.5445,20.5062],[105.5469,20.5064],[105.5486,20.5056],[105.5494,20.5059],[105.5446,20.5101],[105.5423,20.518],[105.5409,20.5191],[105.5411,20.5206],[105.5406,20.5223],[105.5428,20.5236],[105.5444,20.5266],[105.5449,20.528],[105.5435,20.5307],[105.5438,20.533],[105.5447,20.5343],[105.5458,20.535],[105.5474,20.5393],[105.5476,20.541],[105.5497,20.5419],[105.5501,20.5431],[105.552,20.5437],[105.5528,20.5449],[105.5547,20.5455],[105.5578,20.5482],[105.5594,20.5484],[105.5607,20.5495],[105.5606,20.5516],[105.5588,20.5537],[105.5578,20.554],[105.5489,20.5605],[105.5472,20.5607],[105.5472,20.5612],[105.5416,20.5655],[105.5395,20.5657],[105.5329,20.5698],[105.5318,20.5715],[105.53,20.5729],[105.526,20.5722],[105.5233,20.5739],[105.5227,20.5752],[105.523,20.5785],[105.5222,20.5797],[105.5231,20.5827],[105.5231,20.5856],[105.521,20.5873],[105.5183,20.5877],[105.5171,20.5889],[105.5167,20.595],[105.5159,20.5974],[105.5141,20.5976],[105.5135,20.5981],[105.5135,20.5995],[105.5102,20.6002],[105.5087,20.601],[105.5075,20.6008],[105.5057,20.6017],[105.505,20.6058]]]},"properties":{"code":"05290","name":"Nhân Nghĩa","nameEn":"Nhan Nghia","fullName":"Xã Nhân Nghĩa","fullNameEn":"Nhan Nghia Commune","codeName":"nhan_nghia","postalCode":"36615","postalCodePrefix":"","gisServerId":"diaphanhanhchinhcapxa_2025.1654","areaKm2":81.37},"id":"05290"},
{"type":"Feature","geometry":{"type":"Polygon","coordinates":[[[105.4289,20.6075],[105.4229,20.6064],[105.421,20.6065],[105.4189,20.6055],[105.4171,20.6055],[105.4145,20.6035],[105.4137,20.6036],[105.4125,20.6046],[105.4117,20.6065],[105.4042,20.608],[105.4038,20.6073],[105.4021,20.607],[105.3959,20.6079],[105.3949,20.606],[105.3928,20.6047],[105.3911,20.6026],[105.3895,20.6024],[105.3892,20.601],[105.3877,20.6005],[105.3847,20.5964],[105.385,20.5947],[105.3846,20.5931],[105.3833,20.5912],[105.3826,20.5888],[105.3829,20.587],[105.3823,20.5837],[105.3879,20.5805],[105.3894,20.5787],[105.3953,20.5747],[105.3953,20.5743],[105.3927,20.5717],[105.39,20.5699],[105.3835,20.5675],[105.3826,20.5657],[105.3817,20.5651],[105.382,20.5624],[105.3801,20.5611],[105.3793,20.5589],[105.3782,20.5587],[105.3782,20.558],[105.3777,20.5582],[105.3798,20.5544],[105.3807,20.5538],[105.3813,20.552],[105.381,20.5482],[105.3784,20.5484],[105.3771,20.5469],[105.377,20.5439],[105.3775,20.5425],[105.3789,20.541],[105.3791,20.5383],[105.3765,20.5353],[105.3739,20.5353],[105.3733,20.5347],[105.3716,20.5342],[105.3692,20.5321],[105.3676,20.5316],[105.3674,20.5282],[105.366,20.5263],[105.3652,20.5262],[105.3644,20.5247],[105.3646,20.5226],[105.3639,20.5197],[105.3614,20.5133],[105.3603,20.5125],[105.359,20.5122],[105.3545,20.5122],[105.3542,20.5106],[105.3515,20.5083],[105.3546,20.5056],[105.3593,20.5046],[105.3642,20.5007],[105.3682,20.4984],[105.3695,20.4982],[105.3721,20.4951],[105.3743,20.4942],[105.3751,20.4926],[105.3746,20.4903],[105.3757,20.4888],[105.3766,20.489],[105.3793,20.4877],[105.3824,20.4856],[105.3837,20.4843],[105.3837,20.4837],[105.3871,20.4828],[105.389,20.4805],[105.3919,20.48],[105.3922,20.4783],[105.3934,20.4776],[105.3936,20.4767],[105.3949,20.4767],[105.3959,20.4781],[105.3964,20.4802],[105.3962,20.483],[105.3955,20.4837],[105.397,20.4847],[105.397,20.487],[105.3992,20.488],[105.3994,20.4894],[105.4012,20.4908],[105.4027,20.4896],[105.4036,20.4898],[105.4052,20.4878],[105.4063,20.4879],[105.4075,20.4861],[105.4089,20.4876],[105.4093,20.4912],[105.408,20.4951],[105.4104,20.5006],[105.409,20.5087],[105.4079,20.5099],[105.4081,20.5113],[105.4088,20.5116],[105.4088,20.5127],[105.4081,20.5157],[105.4073,20.5158],[105.4083,20.5184],[105.4081,20.5247],[105.4092,20.5289],[105.4081,20.5322],[105.4043,20.5354],[105.4046,20.5378],[105.408,20.5421],[105.4091,20.5422],[105.4104,20.5431],[105.4155,20.5426],[105.4183,20.544],[105.4207,20.5471],[105.4237,20.5468],[105.4251,20.5477],[105.4239,20.5524],[105.4244,20.5536],[105.4248,20.5643],[105.4266,20.5656],[105.4262,20.5667],[105.427,20.5684],[105.4274,20.5738],[105.4268,20.5762],[105.4295,20.5833],[105.4291,20.5842],[105.4294,20.5881],[105.4289,20.5893],[105.4295,20.5939],[105.429,20.5953],[105.4308,20.5995],[105.4299,20.6028],[105.4301,20.6044],[105.4286,20.606],[105.4289,20.6075]]]},"properties":{"code":"05293","name":"Thượng Cốc","nameEn":"Thuong Coc","fullName":"Xã Thượng Cốc","fullNameEn":"Thuong Coc Commune","codeName":"thuong_coc","postalCode":"36618","postalCodePrefix":"","gisServerId":"diaphanhanhchinhcapxa_2025.1658","areaKm2":58.38},"id":"05293"},
{"type":"Feature","geometry":{"type":"Polygon","coordinates":[[[105.5494,20.5059],[105.5486,20.5056],[105.5469,20.5064],[105.5445,20.5062],[105.5427,20.5075],[105.5428,20.5082],[105.5419,20.5077],[105.5397,20.5077],[105.5367,20.5068],[105.5327,20.5065],[105.5317,20.5067],[105.5295,20.5088],[105.5271,20.5084],[105.5257,20.5088],[105.5251,20.5082],[105.523,20.5074],[105.5207,20.5077],[105.5173,20.5073],[105.5164,20.5088],[105.5131,20.5093],[105.5104,20.5107],[105.5092,20.5093],[105.5062,20.5071],[105.5049,20.5083],[105.5038,20.5083],[105.5033,20.5068],[105.502,20.5062],[105.5011,20.5048],[105.4988,20.5053],[105.4977,20.5071],[105.4929,20.5059],[105.4906,20.5048],[105.4874,20.5055],[105.4864,20.5047],[105.4835,20.5072],[105.4777,20.5091],[105.4764,20.513],[105.4739,20.5133],[105.4701,20.5115],[105.4677,20.5116],[105.4655,20.5092],[105.4631,20.5097],[105.4616,20.5106],[105.4604,20.5086],[105.4595,20.5089],[105.4597,20.5098],[105.4584,20.509],[105.4558,20.5094],[105.454,20.5077],[105.4541,20.5056],[105.4538,20.505],[105.4534,20.5051],[105.4528,20.5034],[105.449,20.5049],[105.4457,20.5045],[105.4442,20.5025],[105.4436,20.5027],[105.4433,20.5019],[105.4424,20.5025],[105.4424,20.5037],[105.4406,20.5036],[105.4399,20.5056],[105.4393,20.5056],[105.4369,20.503],[105.435,20.5034],[105.4331,20.5058],[105.4317,20.5062],[105.4319,20.5078],[105.4312,20.5086],[105.4302,20.5088],[105.429,20.5078],[105.4273,20.5088],[105.4266,20.5102],[105.4252,20.5107],[105.4227,20.5106],[105.4204,20.5119],[105.419,20.5132],[105.4185,20.5128],[105.4159,20.5128],[105.414,20.5138],[105.4115,20.5138],[105.4095,20.5135],[105.4088,20.5127],[105.4088,20.5116],[105.4081,20.5113],[105.4079,20.5099],[105.409,20.5087],[105.4104,20.5006],[105.408,20.4951],[105.4093,20.4912],[105.4089,20.4876],[105.4075,20.4861],[105.4063,20.4879],[105.4052,20.4878],[105.4036,20.4898],[105.4027,20.4896],[105.4012,20.4908],[105.3994,20.4894],[105.3992,20.488],[105.397,20.487],[105.397,20.4847],[105.3984,20.4845],[105.3986,20.4834],[105.4007,20.4824],[105.4011,20.4816],[105.402,20.4813],[105.4034,20.4795],[105.4049,20.4785],[105.4055,20.4783],[105.4065,20.4789],[105.4076,20.4778],[105.4088,20.4781],[105.4098,20.476],[105.4122,20.4746],[105.4127,20.4737],[105.4144,20.473],[105.4169,20.4705],[105.4188,20.47],[105.4191,20.4688],[105.4186,20.4679],[105.42,20.466],[105.4209,20.4659],[105.42,20.4642],[105.4211,20.4626],[105.4211,20.462],[105.4204,20.4616],[105.4204,20.461],[105.421,20.4609],[105.4223,20.4602],[105.4247,20.4599],[105.4273,20.4608],[105.4281,20.4603],[105.4294,20.4605],[105.4306,20.4627],[105.4299,20.4647],[105.4293,20.465],[105.4301,20.467],[105.4312,20.4678],[105.4323,20.4695],[105.4334,20.4691],[105.4359,20.4716],[105.4381,20.4709],[105.4405,20.4685],[105.4422,20.469],[105.4432,20.4674],[105.4444,20.4677],[105.4441,20.4698],[105.443,20.4712],[105.4433,20.4725],[105.4475,20.4739],[105.4487,20.4751],[105.4515,20.474],[105.4542,20.4758],[105.4648,20.4779],[105.4673,20.4758],[105.4708,20.4765],[105.4718,20.4772],[105.472,20.4763],[105.4742,20.4758],[105.4752,20.4804],[105.4797,20.4804],[105.4838,20.4793],[105.4926,20.4822],[105.4952,20.4818],[105.4968,20.481],[105.5014,20.4807],[105.5029,20.4799],[105.5046,20.4798],[105.5056,20.479],[105.5057,20.4775],[105.5073,20.4766],[105.5097,20.4759],[105.5116,20.476],[105.516,20.4745],[105.5192,20.475],[105.5235,20.4734],[105.5297,20.4775],[105.5335,20.4783],[105.5379,20.48],[105.5389,20.479],[105.5391,20.4739],[105.54,20.4728],[105.5411,20.4722],[105.5422,20.4728],[105.5479,20.4716],[105.5502,20.4722],[105.552,20.4711],[105.5537,20.4718],[105.5585,20.4677],[105.5619,20.4678],[105.5642,20.4685],[105.5676,20.4682],[105.5698,20.4718],[105.574,20.4726],[105.5741,20.4756],[105.572,20.4768],[105.5721,20.4789],[105.5768,20.4784],[105.5778,20.4788],[105.5777,20.4814],[105.5766,20.483],[105.5774,20.4835],[105.5763,20.4843],[105.5768,20.485],[105.576,20.4863],[105.5759,20.4879],[105.574,20.4891],[105.5723,20.4895],[105.571,20.4906],[105.5695,20.4908],[105.569,20.4932],[105.5668,20.4944],[105.5652,20.4963],[105.5626,20.4982],[105.5625,20.4991],[105.5642,20.4997],[105.5626,20.5027],[105.5587,20.5047],[105.5543,20.5053],[105.5523,20.5068],[105.5494,20.5059]]]},"properties":{"code":"05305","name":"Yên Phú","nameEn":"Yen Phu","fullName":"Xã Yên Phú","fullNameEn":"Yen Phu Commune","codeName":"yen_phu","postalCode":"36607","postalCodePrefix":"","gisServerId":"diaphanhanhchinhcapxa_2025.1665","areaKm2":63.7},"id":"05305"},
{"type":"Feature","geometry":{"type":"Polygon","coordinates":[[[105.3546,20.5056],[105.3544,20.5036],[105.3523,20.5013],[105.347,20.5015],[105.3371,20.5086],[105.3348,20.5114],[105.331,20.5125],[105.33,20.5145],[105.3211,20.5175],[105.3172,20.5175],[105.314,20.5159],[105.3132,20.518],[105.3103,20.5202],[105.3096,20.519],[105.3092,20.5154],[105.3075,20.5148],[105.307,20.5138],[105.3052,20.5121],[105.3049,20.5109],[105.3058,20.509],[105.3098,20.5063],[105.3089,20.5051],[105.3106,20.5043],[105.3093,20.499],[105.3081,20.4974],[105.3058,20.4965],[105.3052,20.4948],[105.3053,20.4925],[105.3044,20.4915],[105.3045,20.4909],[105.3089,20.4881],[105.3093,20.4871],[105.3091,20.4854],[105.3079,20.4844],[105.3077,20.4827],[105.3082,20.4811],[105.3062,20.479],[105.307,20.4778],[105.3089,20.4768],[105.311,20.4761],[105.3116,20.4747],[105.3139,20.4732],[105.314,20.4723],[105.3171,20.4698],[105.3197,20.4684],[105.3226,20.4678],[105.3266,20.4639],[105.3291,20.4628],[105.3302,20.4614],[105.3317,20.4614],[105.333,20.4599],[105.336,20.4592],[105.3369,20.4578],[105.3385,20.4567],[105.3398,20.4578],[105.3412,20.4614],[105.3449,20.4619],[105.3482,20.4598],[105.3492,20.458],[105.3507,20.4566],[105.3516,20.4561],[105.3535,20.4562],[105.3556,20.4554],[105.3576,20.454],[105.3589,20.454],[105.3603,20.4528],[105.363,20.4523],[105.3664,20.4502],[105.3681,20.4479],[105.3707,20.4471],[105.3726,20.4457],[105.3738,20.4486],[105.3842,20.4425],[105.389,20.4416],[105.3967,20.4413],[105.3956,20.4384],[105.3973,20.4397],[105.4005,20.4387],[105.4011,20.4372],[105.4034,20.4373],[105.4044,20.4385],[105.4053,20.4387],[105.4075,20.4383],[105.4092,20.4374],[105.4093,20.4355],[105.4131,20.4358],[105.4171,20.4319],[105.4202,20.432],[105.4246,20.4287],[105.4273,20.4282],[105.4252,20.4315],[105.4264,20.4385],[105.4246,20.4403],[105.4257,20.4412],[105.4252,20.443],[105.4262,20.4439],[105.4264,20.4475],[105.4275,20.4493],[105.4228,20.4518],[105.4215,20.4541],[105.4194,20.4542],[105.4178,20.456],[105.418,20.4571],[105.4208,20.4579],[105.421,20.4609],[105.4204,20.461],[105.4204,20.4616],[105.4211,20.462],[105.4211,20.4626],[105.42,20.4642],[105.4209,20.4659],[105.42,20.466],[105.4186,20.4679],[105.4191,20.4688],[105.4188,20.47],[105.4169,20.4705],[105.4144,20.473],[105.4127,20.4737],[105.4122,20.4746],[105.4098,20.476],[105.4088,20.4781],[105.4076,20.4778],[105.4065,20.4789],[105.4055,20.4783],[105.4049,20.4785],[105.4034,20.4795],[105.402,20.4813],[105.4011,20.4816],[105.4007,20.4824],[105.3986,20.4834],[105.3984,20.4845],[105.397,20.4847],[105.3955,20.4837],[105.3962,20.483],[105.3964,20.4802],[105.3959,20.4781],[105.3949,20.4767],[105.3936,20.4767],[105.3934,20.4776],[105.3922,20.4783],[105.3919,20.48],[105.389,20.4805],[105.3871,20.4828],[105.3837,20.4837],[105.3837,20.4843],[105.3824,20.4856],[105.3793,20.4877],[105.3766,20.489],[105.3757,20.4888],[105.3746,20.4903],[105.3751,20.4926],[105.3743,20.4942],[105.3721,20.4951],[105.3695,20.4982],[105.3682,20.4984],[105.3642,20.5007],[105.3593,20.5046],[105.3546,20.5056]]]},"properties":{"code":"05323","name":"Quyết Thắng","nameEn":"Quyet Thang","fullName":"Xã Quyết Thắng","fullNameEn":"Quyet Thang Commune","codeName":"quyet_thang","postalCode":"36619","postalCodePrefix":"","gisServerId":"diaphanhanhchinhcapxa_2025.1673","areaKm2":59.66},"id":"05323"},
{"type":"Feature","geometry":{"type":"Polygon","coordinates":[[[105.4273,20.4282],[105.4246,20.4287],[105.4202,20.432],[105.4171,20.4319],[105.4131,20.4358],[105.4093,20.4355],[105.4092,20.4374],[105.4075,20.4383],[105.4053,20.4387],[105.4044,20.4385],[105.4034,20.4373],[105.4011,20.4372],[105.4005,20.4387],[105.3973,20.4397],[105.3956,20.4384],[105.3967,20.4413],[105.389,20.4416],[105.3842,20.4425],[105.3738,20.4486],[105.3726,20.4457],[105.3707,20.4471],[105.3681,20.4479],[105.3664,20.4502],[105.363,20.4523],[105.3603,20.4528],[105.3589,20.454],[105.3576,20.454],[105.3556,20.4554],[105.3535,20.4562],[105.3516,20.4561],[105.3507,20.4566],[105.3492,20.458],[105.3482,20.4598],[105.3449,20.4619],[105.3412,20.4614],[105.3398,20.4578],[105.3385,20.4567],[105.3369,20.4578],[105.336,20.4592],[105.333,20.4599],[105.3317,20.4614],[105.3302,20.4614],[105.3291,20.4628],[105.3266,20.4639],[105.3226,20.4678],[105.3197,20.4684],[105.3171,20.4698],[105.314,20.4723],[105.3139,20.4732],[105.3116,20.4747],[105.311,20.4761],[105.3089,20.4768],[105.3019,20.4723],[105.3021,20.4712],[105.3008,20.466],[105.3002,20.4654],[105.301,20.4648],[105.2979,20.4633],[105.2943,20.4598],[105.2918,20.4589],[105.2898,20.4573],[105.2851,20.4561],[105.2841,20.4544],[105.2842,20.4536],[105.2823,20.4512],[105.2803,20.4515],[105.2785,20.451],[105.2752,20.4527],[105.2721,20.4534],[105.2711,20.453],[105.2672,20.4552],[105.2663,20.4519],[105.2644,20.4495],[105.2641,20.4439],[105.2608,20.4381],[105.2606,20.4369],[105.2582,20.4343],[105.26,20.4335],[105.2606,20.4325],[105.2644,20.4309],[105.2658,20.431],[105.268,20.4296],[105.2696,20.4297],[105.2724,20.4287],[105.275,20.4296],[105.2767,20.4315],[105.2799,20.429],[105.2798,20.4273],[105.2805,20.4254],[105.2824,20.4234],[105.2863,20.4219],[105.2927,20.4177],[105.2945,20.4174],[105.3006,20.4176],[105.3018,20.4183],[105.303,20.4209],[105.3042,20.4203],[105.3049,20.4192],[105.3057,20.4166],[105.3076,20.4157],[105.3139,20.4113],[105.3157,20.4093],[105.3199,20.4084],[105.321,20.4062],[105.3235,20.4041],[105.3249,20.4051],[105.3259,20.4052],[105.3284,20.4037],[105.3297,20.4021],[105.3317,20.4026],[105.332,20.4012],[105.3336,20.4007],[105.3367,20.398],[105.3389,20.3984],[105.3398,20.3971],[105.342,20.3969],[105.3429,20.3946],[105.3443,20.3933],[105.3453,20.3907],[105.3479,20.3906],[105.3515,20.389],[105.3521,20.3895],[105.3538,20.3898],[105.356,20.3921],[105.3572,20.3922],[105.3619,20.39],[105.3656,20.3898],[105.3677,20.3876],[105.3688,20.3855],[105.3705,20.3843],[105.3727,20.384],[105.3769,20.3845],[105.3788,20.3836],[105.3807,20.3809],[105.385,20.3786],[105.4011,20.3748],[105.4065,20.3727],[105.4095,20.3732],[105.4151,20.3759],[105.4213,20.3775],[105.428,20.3851],[105.4309,20.3841],[105.4327,20.3848],[105.4336,20.3859],[105.443,20.381],[105.4452,20.3817],[105.4503,20.3875],[105.4533,20.3892],[105.4578,20.3932],[105.4591,20.3986],[105.4499,20.4082],[105.4446,20.4111],[105.4448,20.4151],[105.4444,20.4184],[105.4428,20.4197],[105.4374,20.4265],[105.4324,20.4261],[105.4306,20.4279],[105.4273,20.4282]]]},"properties":{"code":"05329","name":"Ngọc Sơn","nameEn":"Ngoc Son","fullName":"Xã Ngọc Sơn","fullNameEn":"Ngoc Son Commune","codeName":"ngoc_son","postalCode":"36624","postalCodePrefix":"","gisServerId":"diaphanhanhchinhcapxa_2025.1666","areaKm2":114.63},"id":"05329"},
{"type":"Feature","geometry":{"type":"Polygon","coordinates":[[[105.5475,20.4451],[105.5458,20.4444],[105.5417,20.4449],[105.5382,20.4441],[105.5327,20.4449],[105.5279,20.4449],[105.524,20.443],[105.5236,20.4422],[105.5237,20.4393],[105.5215,20.4385],[105.5216,20.4366],[105.5201,20.4363],[105.519,20.4363],[105.5166,20.4381],[105.5149,20.4388],[105.5133,20.4381],[105.5099,20.4395],[105.5094,20.4395],[105.5092,20.4391],[105.5089,20.4396],[105.5086,20.4392],[105.5068,20.4397],[105.5052,20.4394],[105.5044,20.4401],[105.503,20.4399],[105.5026,20.4394],[105.5028,20.4374],[105.5018,20.4358],[105.5017,20.4324],[105.4975,20.4302],[105.4957,20.4314],[105.4947,20.43],[105.4931,20.4297],[105.491,20.4302],[105.4896,20.43],[105.4886,20.4305],[105.4862,20.4288],[105.4843,20.4319],[105.4772,20.4332],[105.4763,20.4337],[105.4763,20.4347],[105.4775,20.4359],[105.4776,20.4365],[105.475,20.4394],[105.4677,20.4411],[105.4644,20.4407],[105.4608,20.4411],[105.4571,20.4374],[105.4556,20.4342],[105.4518,20.4296],[105.4519,20.427],[105.4514,20.4256],[105.4526,20.4251],[105.4523,20.4245],[105.4493,20.4212],[105.4444,20.4184],[105.4448,20.4151],[105.4446,20.4111],[105.4499,20.4082],[105.4591,20.3986],[105.4578,20.3932],[105.4533,20.3892],[105.4503,20.3875],[105.4452,20.3817],[105.4462,20.3805],[105.4505,20.38],[105.4563,20.3782],[105.4576,20.3767],[105.4603,20.375],[105.4651,20.3767],[105.4695,20.3746],[105.472,20.3755],[105.4764,20.3754],[105.4853,20.3698],[105.4877,20.3676],[105.4906,20.3669],[105.4935,20.3653],[105.4965,20.3646],[105.5019,20.3604],[105.5087,20.3595],[105.5113,20.3609],[105.5134,20.361],[105.5172,20.3605],[105.5184,20.3598],[105.5223,20.3599],[105.5244,20.3634],[105.5255,20.3688],[105.5272,20.3704],[105.5311,20.3719],[105.5322,20.3717],[105.5352,20.3699],[105.5368,20.3698],[105.5406,20.3677],[105.5413,20.3644],[105.5428,20.3615],[105.5439,20.3638],[105.5467,20.366],[105.5488,20.3691],[105.5524,20.3716],[105.5508,20.3744],[105.5486,20.3747],[105.5485,20.3774],[105.5446,20.3785],[105.5436,20.3783],[105.5437,20.3804],[105.5421,20.3817],[105.5418,20.3852],[105.5473,20.3889],[105.5479,20.3936],[105.546,20.4],[105.5452,20.4009],[105.5433,20.4004],[105.543,20.4008],[105.5432,20.4013],[105.5419,20.4024],[105.5404,20.4024],[105.5389,20.4036],[105.5415,20.4054],[105.5442,20.4058],[105.5449,20.4048],[105.5475,20.4063],[105.5504,20.4064],[105.5512,20.4075],[105.5524,20.407],[105.5541,20.4077],[105.5548,20.4088],[105.5566,20.4098],[105.5565,20.4108],[105.5582,20.4125],[105.5577,20.413],[105.5576,20.4145],[105.5582,20.4151],[105.5591,20.4149],[105.5611,20.4166],[105.5607,20.4183],[105.5583,20.4183],[105.5564,20.4204],[105.5571,20.4214],[105.5556,20.4223],[105.5594,20.4234],[105.5606,20.4223],[105.5619,20.4247],[105.5628,20.4251],[105.5625,20.4261],[105.5612,20.4267],[105.5608,20.431],[105.5619,20.4321],[105.5627,20.4341],[105.56,20.4356],[105.5578,20.436],[105.555,20.4391],[105.5501,20.4414],[105.5482,20.4433],[105.5475,20.4451]]]},"properties":{"code":"05347","name":"Đại Đồng","nameEn":"Dai Dong","fullName":"Xã Đại Đồng","fullNameEn":"Dai Dong Commune","codeName":"dai_dong","postalCode":"36637","postalCodePrefix":"","gisServerId":"diaphanhanhchinhcapxa_2025.1669","areaKm2":81.37},"id":"05347"},
{"type":"Feature","geometry":{"type":"Polygon","coordinates":[[[105.6294,20.4252],[105.6269,20.4222],[105.6257,20.422],[105.6236,20.4227],[105.6226,20.4215],[105.6209,20.4225],[105.6173,20.4224],[105.6156,20.4232],[105.6155,20.4178],[105.6139,20.4149],[105.6145,20.413],[105.6127,20.4115],[105.6112,20.4112],[105.6098,20.4102],[105.6051,20.4108],[105.603,20.4102],[105.6023,20.4096],[105.5999,20.4086],[105.598,20.4099],[105.5968,20.4098],[105.5981,20.4122],[105.5976,20.413],[105.5985,20.4145],[105.598,20.4154],[105.5929,20.4186],[105.592,20.4208],[105.587,20.4218],[105.5868,20.4239],[105.5854,20.4249],[105.585,20.4274],[105.5825,20.4276],[105.5818,20.4252],[105.5797,20.4256],[105.5773,20.4241],[105.5747,20.4261],[105.5731,20.4264],[105.5723,20.4299],[105.5691,20.4334],[105.5678,20.4333],[105.5663,20.4341],[105.5627,20.4341],[105.5619,20.4321],[105.5608,20.431],[105.5612,20.4267],[105.5625,20.4261],[105.5628,20.4251],[105.5619,20.4247],[105.5606,20.4223],[105.5594,20.4234],[105.5556,20.4223],[105.5571,20.4214],[105.5564,20.4204],[105.5583,20.4183],[105.5607,20.4183],[105.5611,20.4166],[105.5591,20.4149],[105.5582,20.4151],[105.5576,20.4145],[105.5577,20.413],[105.5582,20.4125],[105.5565,20.4108],[105.5566,20.4098],[105.5548,20.4088],[105.5541,20.4077],[105.5524,20.407],[105.5512,20.4075],[105.5504,20.4064],[105.5475,20.4063],[105.5449,20.4048],[105.5442,20.4058],[105.5415,20.4054],[105.5389,20.4036],[105.5404,20.4024],[105.5419,20.4024],[105.5432,20.4013],[105.543,20.4008],[105.5433,20.4004],[105.5452,20.4009],[105.546,20.4],[105.5479,20.3936],[105.5473,20.3889],[105.5418,20.3852],[105.5421,20.3817],[105.5437,20.3804],[105.5436,20.3783],[105.5446,20.3785],[105.5485,20.3774],[105.5486,20.3747],[105.5508,20.3744],[105.5524,20.3716],[105.5488,20.3691],[105.5467,20.366],[105.5439,20.3638],[105.5428,20.3615],[105.5459,20.3609],[105.5464,20.362],[105.5471,20.3622],[105.5511,20.3606],[105.552,20.3609],[105.5528,20.3603],[105.5541,20.3602],[105.5561,20.3584],[105.5593,20.3587],[105.5634,20.3577],[105.5641,20.3584],[105.5669,20.3593],[105.5697,20.3591],[105.571,20.3595],[105.5767,20.3647],[105.58,20.3692],[105.5816,20.3697],[105.5895,20.3659],[105.5938,20.3652],[105.597,20.3636],[105.5986,20.3639],[105.6008,20.3628],[105.6035,20.359],[105.6057,20.3591],[105.6098,20.3562],[105.6142,20.3519],[105.6169,20.3506],[105.6174,20.3493],[105.6192,20.3485],[105.6203,20.3465],[105.6226,20.3446],[105.6234,20.3444],[105.6244,20.345],[105.6251,20.3463],[105.6246,20.3482],[105.6255,20.349],[105.6272,20.3466],[105.6291,20.3471],[105.6311,20.345],[105.6347,20.344],[105.6371,20.3419],[105.6396,20.3389],[105.6422,20.339],[105.6429,20.3386],[105.6436,20.3399],[105.6472,20.3431],[105.6483,20.3459],[105.647,20.3499],[105.6482,20.3583],[105.6481,20.3609],[105.6516,20.3649],[105.6594,20.3711],[105.6613,20.3736],[105.6616,20.3749],[105.6608,20.376],[105.6611,20.3792],[105.6598,20.3812],[105.6597,20.3849],[105.6588,20.3863],[105.6594,20.3879],[105.6608,20.3882],[105.6608,20.3912],[105.6582,20.3939],[105.6586,20.3945],[105.6551,20.3944],[105.6532,20.3952],[105.6495,20.3957],[105.6459,20.3977],[105.6451,20.3989],[105.6458,20.4014],[105.6446,20.4032],[105.6433,20.4037],[105.6412,20.4029],[105.6401,20.4057],[105.638,20.408],[105.6376,20.4095],[105.6334,20.4121],[105.6327,20.4157],[105.6306,20.4195],[105.6302,20.4236],[105.6294,20.4252]]]},"properties":{"code":"05353","name":"Yên Thuỷ","nameEn":"Yen Thuy","fullName":"Xã Yên Thuỷ","fullNameEn":"Yen Thuy Commune","codeName":"yen_thuy","postalCode":"36719","postalCodePrefix":"","gisServerId":"diaphanhanhchinhcapxa_2025.1668","areaKm2":76.19},"id":"05353"},
{"type":"Feature","geometry":{"type":"Polygon","coordinates":[[[105.6111,20.5234],[105.6106,20.5245],[105.6097,20.525],[105.6081,20.5281],[105.6056,20.5275],[105.6027,20.5291],[105.5984,20.5263],[105.5964,20.5293],[105.5935,20.5288],[105.5914,20.5305],[105.5902,20.5302],[105.5895,20.5293],[105.5885,20.5292],[105.5878,20.5299],[105.5859,20.5293],[105.5847,20.5273],[105.5842,20.5275],[105.5827,20.5291],[105.582,20.534],[105.5798,20.5352],[105.578,20.5376],[105.5763,20.5373],[105.5739,20.5428],[105.5724,20.5432],[105.5716,20.5445],[105.5696,20.5455],[105.5673,20.5451],[105.5664,20.5484],[105.5637,20.5479],[105.5607,20.5495],[105.5594,20.5484],[105.5578,20.5482],[105.5547,20.5455],[105.5528,20.5449],[105.552,20.5437],[105.5501,20.5431],[105.5497,20.5419],[105.5476,20.541],[105.5474,20.5393],[105.5458,20.535],[105.5447,20.5343],[105.5438,20.533],[105.5435,20.5307],[105.5449,20.528],[105.5444,20.5266],[105.5428,20.5236],[105.5406,20.5223],[105.5411,20.5206],[105.5409,20.5191],[105.5423,20.518],[105.5446,20.5101],[105.5494,20.5059],[105.5523,20.5068],[105.5543,20.5053],[105.5587,20.5047],[105.5626,20.5027],[105.5642,20.4997],[105.5625,20.4991],[105.5626,20.4982],[105.5652,20.4963],[105.5668,20.4944],[105.569,20.4932],[105.5695,20.4908],[105.571,20.4906],[105.5723,20.4895],[105.574,20.4891],[105.5759,20.4879],[105.576,20.4863],[105.5768,20.485],[105.5763,20.4843],[105.5774,20.4835],[105.5766,20.483],[105.5777,20.4814],[105.5778,20.4788],[105.5768,20.4784],[105.5721,20.4789],[105.572,20.4768],[105.5741,20.4756],[105.574,20.4726],[105.5698,20.4718],[105.5676,20.4682],[105.5642,20.4685],[105.5619,20.4678],[105.5585,20.4677],[105.5537,20.4718],[105.552,20.4711],[105.5502,20.4722],[105.5479,20.4716],[105.55,20.4695],[105.5499,20.4628],[105.5493,20.4617],[105.55,20.4596],[105.5495,20.4573],[105.5488,20.4564],[105.5483,20.4503],[105.5469,20.4473],[105.5475,20.4451],[105.5482,20.4433],[105.5501,20.4414],[105.555,20.4391],[105.5578,20.436],[105.56,20.4356],[105.5627,20.4341],[105.5663,20.4341],[105.5678,20.4333],[105.5691,20.4334],[105.5723,20.4299],[105.5731,20.4264],[105.5747,20.4261],[105.5773,20.4241],[105.5797,20.4256],[105.5818,20.4252],[105.5825,20.4276],[105.585,20.4274],[105.5854,20.4249],[105.5868,20.4239],[105.587,20.4218],[105.592,20.4208],[105.5929,20.4186],[105.598,20.4154],[105.5985,20.4145],[105.5976,20.413],[105.5981,20.4122],[105.5968,20.4098],[105.598,20.4099],[105.5999,20.4086],[105.6023,20.4096],[105.603,20.4102],[105.6051,20.4108],[105.6098,20.4102],[105.6112,20.4112],[105.6127,20.4115],[105.6145,20.413],[105.6139,20.4149],[105.6155,20.4178],[105.6156,20.4232],[105.6173,20.4224],[105.6209,20.4225],[105.6226,20.4215],[105.6236,20.4227],[105.6257,20.422],[105.6269,20.4222],[105.6294,20.4252],[105.6313,20.4253],[105.6317,20.4247],[105.6329,20.4247],[105.6356,20.4264],[105.6425,20.4259],[105.6488,20.4269],[105.6493,20.4277],[105.6506,20.4281],[105.6502,20.4303],[105.6518,20.4324],[105.6539,20.4332],[105.657,20.4333],[105.6591,20.4325],[105.6621,20.4332],[105.6658,20.4323],[105.6668,20.4335],[105.6688,20.4342],[105.6731,20.4333],[105.6749,20.434],[105.6784,20.4332],[105.6827,20.4381],[105.6818,20.4401],[105.6803,20.4415],[105.6785,20.4482],[105.6767,20.4492],[105.6753,20.4538],[105.6748,20.4542],[105.6734,20.4541],[105.673,20.4555],[105.6712,20.4577],[105.6693,20.4584],[105.6692,20.4589],[105.6716,20.4621],[105.6715,20.4647],[105.6708,20.4666],[105.6721,20.4691],[105.6718,20.4739],[105.6722,20.4747],[105.6747,20.477],[105.6768,20.4783],[105.6793,20.4789],[105.6801,20.4799],[105.6797,20.4807],[105.6799,20.4826],[105.6826,20.4833],[105.6815,20.4857],[105.6775,20.4878],[105.6775,20.4892],[105.6786,20.4912],[105.6783,20.4936],[105.6788,20.4948],[105.6811,20.4962],[105.6828,20.4965],[105.6836,20.4989],[105.6842,20.4991],[105.6852,20.4987],[105.6864,20.4991],[105.6875,20.5003],[105.6877,20.5014],[105.6894,20.5022],[105.6906,20.5055],[105.6898,20.5068],[105.688,20.508],[105.6836,20.5093],[105.6801,20.5096],[105.6771,20.5109],[105.6755,20.511],[105.6759,20.5091],[105.6749,20.5081],[105.6739,20.5082],[105.671,20.5102],[105.6676,20.5094],[105.6665,20.5101],[105.6638,20.5079],[105.6626,20.5077],[105.6616,20.5065],[105.6597,20.5018],[105.6575,20.5003],[105.6571,20.4948],[105.6552,20.4927],[105.6529,20.4946],[105.6507,20.4951],[105.6493,20.4937],[105.6481,20.4935],[105.6478,20.4928],[105.6471,20.4931],[105.6459,20.4923],[105.643,20.4923],[105.6414,20.4933],[105.6379,20.4884],[105.6374,20.4884],[105.632,20.4911],[105.6312,20.4926],[105.6318,20.4948],[105.6299,20.4973],[105.6281,20.5007],[105.6282,20.5025],[105.6269,20.5032],[105.6253,20.5033],[105.6208,20.5054],[105.6196,20.5053],[105.6178,20.5037],[105.6149,20.5033],[105.6172,20.5042],[105.6151,20.5093],[105.6143,20.5132],[105.6118,20.5137],[105.6115,20.5161],[105.6105,20.5178],[105.6118,20.5199],[105.6111,20.5234]]]},"properties":{"code":"05362","name":"Lạc Lương","nameEn":"Lac Luong","fullName":"Xã Lạc Lương","fullNameEn":"Lac Luong Commune","codeName":"lac_luong","postalCode":"36711","postalCodePrefix":"","gisServerId":"diaphanhanhchinhcapxa_2025.1661","areaKm2":130.41},"id":"05362"},
{"type":"Feature","geometry":{"type":"Polygon","coordinates":[[[105.6972,20.412],[105.6985,20.4128],[105.7012,20.4164],[105.7,20.4194],[105.7002,20.4201],[105.7018,20.4213],[105.7007,20.4235],[105.7011,20.4299],[105.7003,20.4305],[105.7,20.4322],[105.6993,20.4324],[105.699,20.4336],[105.6982,20.4339],[105.6972,20.4355],[105.6948,20.4369],[105.6923,20.4358],[105.6904,20.4361],[105.6884,20.4354],[105.687,20.4365],[105.6847,20.4396],[105.6827,20.4381],[105.6784,20.4332],[105.6749,20.434],[105.6731,20.4333],[105.6688,20.4342],[105.6668,20.4335],[105.6658,20.4323],[105.6621,20.4332],[105.6591,20.4325],[105.657,20.4333],[105.6539,20.4332],[105.6518,20.4324],[105.6502,20.4303],[105.6506,20.4281],[105.6493,20.4277],[105.6488,20.4269],[105.6425,20.4259],[105.6356,20.4264],[105.6329,20.4247],[105.6317,20.4247],[105.6313,20.4253],[105.6294,20.4252],[105.6302,20.4236],[105.6306,20.4195],[105.6327,20.4157],[105.6334,20.4121],[105.6376,20.4095],[105.638,20.408],[105.6401,20.4057],[105.6412,20.4029],[105.6433,20.4037],[105.6446,20.4032],[105.6458,20.4014],[105.6451,20.3989],[105.6459,20.3977],[105.6495,20.3957],[105.6532,20.3952],[105.6551,20.3944],[105.6586,20.3945],[105.6582,20.3939],[105.6608,20.3912],[105.6608,20.3882],[105.6594,20.3879],[105.6588,20.3863],[105.6597,20.3849],[105.6598,20.3812],[105.6611,20.3792],[105.6608,20.376],[105.6616,20.3749],[105.6613,20.3736],[105.6594,20.3711],[105.6516,20.3649],[105.6481,20.3609],[105.6482,20.3583],[105.647,20.3499],[105.6483,20.3459],[105.6472,20.3431],[105.6436,20.3399],[105.6429,20.3386],[105.6429,20.3371],[105.6448,20.3354],[105.6438,20.3345],[105.6439,20.3339],[105.6444,20.3333],[105.6458,20.3333],[105.6473,20.332],[105.6491,20.3294],[105.6492,20.328],[105.6523,20.3254],[105.6546,20.3249],[105.6628,20.318],[105.6641,20.3176],[105.6656,20.3162],[105.6653,20.3148],[105.6662,20.3131],[105.6673,20.3125],[105.6706,20.309],[105.6735,20.3093],[105.6758,20.3056],[105.6857,20.3051],[105.6876,20.3056],[105.6889,20.3065],[105.6915,20.3099],[105.6933,20.3108],[105.6922,20.3112],[105.6933,20.3125],[105.6957,20.3143],[105.6969,20.314],[105.7009,20.3202],[105.7048,20.3221],[105.7035,20.3248],[105.7063,20.3262],[105.708,20.3265],[105.7114,20.3245],[105.7133,20.3251],[105.723,20.3288],[105.7234,20.3296],[105.7257,20.3314],[105.7266,20.333],[105.7275,20.3335],[105.7277,20.3352],[105.7291,20.3362],[105.7298,20.3376],[105.7293,20.3383],[105.7298,20.339],[105.7247,20.342],[105.7231,20.3448],[105.7218,20.3464],[105.7207,20.3467],[105.7189,20.3489],[105.7183,20.3512],[105.7151,20.354],[105.7138,20.3583],[105.7122,20.3588],[105.7111,20.3602],[105.7099,20.3604],[105.7102,20.3619],[105.712,20.3639],[105.7125,20.366],[105.7117,20.3672],[105.7106,20.3668],[105.7098,20.3671],[105.7073,20.37],[105.7069,20.3714],[105.7049,20.374],[105.7053,20.3746],[105.7046,20.3755],[105.7069,20.3793],[105.7064,20.3844],[105.7038,20.3863],[105.6982,20.3872],[105.6966,20.3886],[105.6969,20.3893],[105.6951,20.3907],[105.6929,20.3915],[105.692,20.3926],[105.6927,20.394],[105.696,20.393],[105.6966,20.3955],[105.6982,20.3963],[105.6987,20.3977],[105.6971,20.3975],[105.6945,20.4029],[105.6929,20.4022],[105.6923,20.4036],[105.6915,20.4038],[105.6898,20.4024],[105.6886,20.4023],[105.6849,20.4064],[105.6858,20.4109],[105.6882,20.4106],[105.6903,20.4114],[105.6913,20.4128],[105.6926,20.4119],[105.6972,20.412]]]},"properties":{"code":"05386","name":"Yên Trị","nameEn":"Yen Tri","fullName":"Xã Yên Trị","fullNameEn":"Yen Tri Commune","codeName":"yen_tri","postalCode":"36716","postalCodePrefix":"","gisServerId":"diaphanhanhchinhcapxa_2025.1664","areaKm2":81.97},"id":"05386"},
{"type":"Feature","geometry":{"type":"Polygon","coordinates":[[[105.7812,20.5416],[105.7734,20.5359],[105.7751,20.5266],[105.7745,20.5253],[105.7742,20.5227],[105.7747,20.5188],[105.7742,20.5164],[105.7744,20.5151],[105.7724,20.5142],[105.7715,20.5113],[105.7708,20.5111],[105.7711,20.5102],[105.7699,20.5098],[105.7692,20.5088],[105.7667,20.5119],[105.7626,20.5141],[105.7606,20.5159],[105.7587,20.5139],[105.7594,20.5132],[105.76,20.5111],[105.7595,20.5105],[105.7579,20.5096],[105.7555,20.5095],[105.7541,20.5076],[105.7535,20.5074],[105.7536,20.5069],[105.7522,20.5066],[105.7507,20.5051],[105.7493,20.5052],[105.7469,20.5039],[105.7431,20.5033],[105.741,20.5024],[105.7402,20.5014],[105.7395,20.4991],[105.7401,20.4978],[105.7398,20.4969],[105.7413,20.4954],[105.7409,20.4945],[105.74,20.4938],[105.7413,20.492],[105.7411,20.4893],[105.7404,20.4878],[105.741,20.4849],[105.7401,20.484],[105.741,20.4826],[105.7408,20.4799],[105.7417,20.4783],[105.7418,20.4735],[105.7414,20.4723],[105.7427,20.4678],[105.7425,20.466],[105.744,20.4647],[105.7448,20.4632],[105.7458,20.4586],[105.7475,20.4559],[105.7474,20.4529],[105.7481,20.4496],[105.7491,20.4481],[105.7487,20.4475],[105.7493,20.4462],[105.75,20.4415],[105.7517,20.4387],[105.7548,20.4411],[105.7571,20.4416],[105.7605,20.4415],[105.7617,20.4411],[105.7618,20.4398],[105.7651,20.4396],[105.7662,20.4397],[105.7673,20.4409],[105.7693,20.441],[105.7714,20.4404],[105.7738,20.4405],[105.7743,20.4397],[105.7737,20.4391],[105.7741,20.4369],[105.7737,20.4363],[105.7748,20.4348],[105.7755,20.4353],[105.7761,20.4349],[105.7786,20.4361],[105.7812,20.436],[105.7827,20.4368],[105.7865,20.4448],[105.7887,20.4477],[105.7878,20.449],[105.7873,20.453],[105.7925,20.4543],[105.7941,20.4464],[105.7985,20.4394],[105.8014,20.436],[105.808,20.4289],[105.8149,20.4248],[105.8192,20.4237],[105.8202,20.4229],[105.8206,20.4206],[105.8231,20.4182],[105.8257,20.4173],[105.8285,20.4172],[105.831,20.4159],[105.8318,20.4165],[105.835,20.4155],[105.8365,20.4164],[105.8367,20.4198],[105.8378,20.4206],[105.839,20.4209],[105.8427,20.4202],[105.8447,20.4212],[105.8487,20.422],[105.8507,20.4213],[105.8527,20.4187],[105.8553,20.4175],[105.8579,20.4175],[105.8603,20.4186],[105.8618,20.4202],[105.8593,20.425],[105.8581,20.4262],[105.8564,20.4266],[105.855,20.4304],[105.8536,20.4323],[105.8546,20.4334],[105.854,20.436],[105.8537,20.4419],[105.8523,20.4476],[105.8529,20.4496],[105.8522,20.4514],[105.8513,20.4632],[105.8517,20.4788],[105.8441,20.4779],[105.8417,20.4808],[105.8396,20.4804],[105.8372,20.4811],[105.8369,20.4824],[105.8356,20.4834],[105.8358,20.4843],[105.8246,20.4887],[105.8222,20.4913],[105.821,20.4936],[105.8196,20.4998],[105.82,20.5013],[105.8201,20.506],[105.8097,20.501],[105.8099,20.4998],[105.8095,20.4993],[105.8076,20.4987],[105.8056,20.4989],[105.8047,20.5001],[105.8049,20.5017],[105.8035,20.5045],[105.8035,20.5112],[105.8018,20.512],[105.801,20.5139],[105.7995,20.5136],[105.7982,20.5124],[105.7951,20.5117],[105.7949,20.5149],[105.7939,20.5152],[105.7918,20.5171],[105.7918,20.5179],[105.7928,20.5189],[105.792,20.52],[105.7921,20.521],[105.7908,20.5245],[105.7876,20.5277],[105.7882,20.5285],[105.7884,20.5302],[105.7867,20.532],[105.7866,20.5349],[105.7812,20.5416]]]},"properties":{"code":"05392","name":"Lạc Thuỷ","nameEn":"Lac Thuy","fullName":"Xã Lạc Thuỷ","fullNameEn":"Lac Thuy Commune","codeName":"lac_thuy","postalCode":"36821","postalCodePrefix":"","gisServerId":"diaphanhanhchinhcapxa_2025.1643","areaKm2":90.69},"id":"05392"},
{"type":"Feature","geometry":{"type":"Polygon","coordinates":[[[105.7606,20.5159],[105.7626,20.5141],[105.7667,20.5119],[105.7692,20.5088],[105.7699,20.5098],[105.7711,20.5102],[105.7708,20.5111],[105.7715,20.5113],[105.7724,20.5142],[105.7744,20.5151],[105.7742,20.5164],[105.7747,20.5188],[105.7742,20.5227],[105.7745,20.5253],[105.7751,20.5266],[105.7734,20.5359],[105.7812,20.5416],[105.7775,20.5462],[105.7754,20.5473],[105.7735,20.5498],[105.7716,20.5547],[105.7719,20.5563],[105.7704,20.56],[105.7705,20.5623],[105.7686,20.5655],[105.7678,20.5699],[105.7631,20.579],[105.7563,20.583],[105.7559,20.5844],[105.7551,20.5846],[105.7539,20.5876],[105.7522,20.5898],[105.7473,20.5913],[105.7451,20.5967],[105.7435,20.5986],[105.7428,20.5991],[105.7372,20.5983],[105.734,20.5997],[105.7324,20.5998],[105.731,20.6005],[105.7298,20.6017],[105.7293,20.6027],[105.727,20.6044],[105.7269,20.6056],[105.7216,20.5993],[105.7187,20.5971],[105.7167,20.5983],[105.7152,20.5978],[105.7097,20.5996],[105.7081,20.5987],[105.7037,20.603],[105.7053,20.6057],[105.7046,20.6074],[105.7051,20.6095],[105.7036,20.611],[105.7041,20.6126],[105.7037,20.6135],[105.7049,20.6142],[105.7009,20.6218],[105.6997,20.6221],[105.6987,20.6223],[105.6976,20.6204],[105.696,20.6201],[105.692,20.6221],[105.6881,20.619],[105.6869,20.6159],[105.6851,20.6169],[105.683,20.6164],[105.6816,20.6179],[105.6809,20.6179],[105.6796,20.6172],[105.6775,20.6177],[105.6778,20.6167],[105.677,20.6161],[105.6753,20.6169],[105.6733,20.616],[105.6695,20.6178],[105.6671,20.6167],[105.6664,20.617],[105.6636,20.6148],[105.6595,20.6156],[105.6589,20.6139],[105.658,20.6135],[105.6562,20.6149],[105.6548,20.6168],[105.655,20.6183],[105.6539,20.6192],[105.6533,20.6204],[105.6517,20.6208],[105.6493,20.6199],[105.6468,20.6201],[105.6444,20.6187],[105.6436,20.6194],[105.6402,20.6201],[105.6377,20.6218],[105.6366,20.6233],[105.6334,20.6223],[105.632,20.6229],[105.6305,20.6243],[105.6278,20.6208],[105.6254,20.6194],[105.6242,20.6181],[105.6145,20.6145],[105.6146,20.6128],[105.6159,20.6114],[105.6154,20.6094],[105.6175,20.6096],[105.6188,20.609],[105.6238,20.5973],[105.6278,20.5969],[105.6289,20.5956],[105.6295,20.5958],[105.6307,20.5947],[105.6329,20.5949],[105.6386,20.5974],[105.6404,20.597],[105.6418,20.5979],[105.6443,20.6008],[105.6456,20.5982],[105.6478,20.5974],[105.652,20.5918],[105.6532,20.592],[105.6539,20.5935],[105.6555,20.5927],[105.6572,20.5911],[105.6604,20.5899],[105.6617,20.5882],[105.6651,20.5872],[105.6665,20.5825],[105.6653,20.5811],[105.6656,20.5802],[105.6674,20.578],[105.6687,20.5773],[105.6686,20.5749],[105.6701,20.5731],[105.6724,20.5723],[105.6742,20.5674],[105.6775,20.5678],[105.6781,20.5675],[105.6782,20.566],[105.6799,20.5645],[105.6801,20.5631],[105.6796,20.5622],[105.6832,20.5605],[105.6838,20.5595],[105.6859,20.5596],[105.6837,20.5584],[105.6829,20.5568],[105.6813,20.5565],[105.6798,20.5543],[105.6813,20.5511],[105.6837,20.5505],[105.6848,20.5484],[105.6867,20.5518],[105.6896,20.5532],[105.6912,20.5534],[105.6955,20.553],[105.6981,20.5515],[105.7015,20.5518],[105.7069,20.5513],[105.7122,20.5493],[105.7129,20.5482],[105.7128,20.5409],[105.7136,20.535],[105.7137,20.5302],[105.713,20.5233],[105.715,20.5208],[105.7184,20.5189],[105.7211,20.5181],[105.7238,20.5193],[105.7242,20.5205],[105.7232,20.5249],[105.7245,20.5273],[105.7246,20.5262],[105.726,20.5256],[105.7254,20.5237],[105.7257,20.5233],[105.7267,20.5234],[105.7266,20.5225],[105.7258,20.5225],[105.7264,20.5219],[105.7301,20.5225],[105.73,20.5211],[105.7293,20.5213],[105.7297,20.5208],[105.7292,20.5204],[105.7299,20.5204],[105.7292,20.5194],[105.7306,20.5188],[105.7312,20.5161],[105.7333,20.5137],[105.7356,20.5155],[105.7372,20.5159],[105.7379,20.5172],[105.7404,20.5173],[105.7408,20.518],[105.7403,20.5225],[105.7414,20.5235],[105.7422,20.5229],[105.7425,20.5219],[105.7428,20.5236],[105.7433,20.5235],[105.7439,20.5242],[105.7445,20.5239],[105.7447,20.5222],[105.7471,20.5213],[105.7492,20.5232],[105.7505,20.5227],[105.7519,20.5244],[105.7528,20.5244],[105.7543,20.5207],[105.7558,20.5211],[105.7606,20.5159]]]},"properties":{"code":"05395","name":"An Nghĩa","nameEn":"An Nghia","fullName":"Xã An Nghĩa","fullNameEn":"An Nghia Commune","codeName":"an_nghia","postalCode":"36822","postalCodePrefix":"","gisServerId":"diaphanhanhchinhcapxa_2025.1644","areaKm2":95.73},"id":"05395"},
{"type":"Feature","geometry":{"type":"Polygon","coordinates":[[[105.7606,20.5159],[105.7558,20.5211],[105.7543,20.5207],[105.7528,20.5244],[105.7519,20.5244],[105.7505,20.5227],[105.7492,20.5232],[105.7471,20.5213],[105.7447,20.5222],[105.7445,20.5239],[105.7439,20.5242],[105.7433,20.5235],[105.7428,20.5236],[105.7425,20.5219],[105.7422,20.5229],[105.7414,20.5235],[105.7403,20.5225],[105.7408,20.518],[105.7404,20.5173],[105.7379,20.5172],[105.7372,20.5159],[105.7356,20.5155],[105.7333,20.5137],[105.7312,20.5161],[105.7306,20.5188],[105.7292,20.5194],[105.7299,20.5204],[105.7292,20.5204],[105.7297,20.5208],[105.7293,20.5213],[105.73,20.5211],[105.7301,20.5225],[105.7264,20.5219],[105.7258,20.5225],[105.7266,20.5225],[105.7267,20.5234],[105.7257,20.5233],[105.7254,20.5237],[105.726,20.5256],[105.7246,20.5262],[105.7245,20.5273],[105.7232,20.5249],[105.7242,20.5205],[105.7238,20.5193],[105.7211,20.5181],[105.7184,20.5189],[105.715,20.5208],[105.713,20.5233],[105.7137,20.5302],[105.7136,20.535],[105.7128,20.5409],[105.7129,20.5482],[105.7122,20.5493],[105.7069,20.5513],[105.7015,20.5518],[105.6981,20.5515],[105.6955,20.553],[105.6912,20.5534],[105.6896,20.5532],[105.6867,20.5518],[105.6848,20.5484],[105.6841,20.5475],[105.6837,20.545],[105.6802,20.5452],[105.6799,20.5441],[105.6808,20.5429],[105.6801,20.5415],[105.6784,20.5399],[105.6781,20.5383],[105.6784,20.5373],[105.6776,20.5365],[105.6795,20.5358],[105.6795,20.5345],[105.6766,20.5306],[105.674,20.5306],[105.6712,20.5317],[105.6721,20.5334],[105.6719,20.5339],[105.6687,20.5345],[105.6665,20.5377],[105.6653,20.5384],[105.6653,20.5397],[105.6644,20.5401],[105.6626,20.5431],[105.6613,20.5438],[105.6613,20.5448],[105.6592,20.5466],[105.6577,20.5451],[105.6578,20.5435],[105.6568,20.5432],[105.657,20.5396],[105.6512,20.538],[105.6504,20.537],[105.6514,20.5322],[105.6512,20.5305],[105.6503,20.5289],[105.6505,20.5281],[105.6519,20.5271],[105.655,20.5267],[105.6556,20.5256],[105.6552,20.5246],[105.6528,20.5247],[105.6505,20.524],[105.6499,20.5227],[105.6489,20.5238],[105.6469,20.5234],[105.6462,20.5224],[105.6454,20.5226],[105.6442,20.5221],[105.6442,20.5239],[105.643,20.5254],[105.6418,20.5259],[105.635,20.5261],[105.6346,20.5255],[105.6324,20.5253],[105.63,20.5245],[105.625,20.5258],[105.6181,20.5226],[105.6168,20.5235],[105.6144,20.5233],[105.6132,20.5244],[105.6111,20.5234],[105.6118,20.5199],[105.6105,20.5178],[105.6115,20.5161],[105.6118,20.5137],[105.6143,20.5132],[105.6151,20.5093],[105.6172,20.5042],[105.6149,20.5033],[105.6178,20.5037],[105.6196,20.5053],[105.6208,20.5054],[105.6253,20.5033],[105.6269,20.5032],[105.6282,20.5025],[105.6281,20.5007],[105.6299,20.4973],[105.6318,20.4948],[105.6312,20.4926],[105.632,20.4911],[105.6374,20.4884],[105.6379,20.4884],[105.6414,20.4933],[105.643,20.4923],[105.6459,20.4923],[105.6471,20.4931],[105.6478,20.4928],[105.6481,20.4935],[105.6493,20.4937],[105.6507,20.4951],[105.6529,20.4946],[105.6552,20.4927],[105.6571,20.4948],[105.6575,20.5003],[105.6597,20.5018],[105.6616,20.5065],[105.6626,20.5077],[105.6638,20.5079],[105.6665,20.5101],[105.6676,20.5094],[105.671,20.5102],[105.6739,20.5082],[105.6749,20.5081],[105.6759,20.5091],[105.6755,20.511],[105.6771,20.5109],[105.6801,20.5096],[105.6836,20.5093],[105.688,20.508],[105.6898,20.5068],[105.6906,20.5055],[105.6894,20.5022],[105.6877,20.5014],[105.6875,20.5003],[105.6864,20.4991],[105.6852,20.4987],[105.6842,20.4991],[105.6836,20.4989],[105.6828,20.4965],[105.6811,20.4962],[105.6788,20.4948],[105.6783,20.4936],[105.6786,20.4912],[105.6775,20.4892],[105.6775,20.4878],[105.6815,20.4857],[105.6826,20.4833],[105.6799,20.4826],[105.6797,20.4807],[105.6801,20.4799],[105.6793,20.4789],[105.6768,20.4783],[105.6747,20.477],[105.6722,20.4747],[105.6718,20.4739],[105.6721,20.4691],[105.6708,20.4666],[105.6715,20.4647],[105.6716,20.4621],[105.6692,20.4589],[105.6693,20.4584],[105.6712,20.4577],[105.673,20.4555],[105.6734,20.4541],[105.6748,20.4542],[105.6753,20.4538],[105.6767,20.4492],[105.6785,20.4482],[105.6803,20.4415],[105.6818,20.4401],[105.6827,20.4381],[105.6847,20.4396],[105.687,20.4365],[105.6884,20.4354],[105.6904,20.4361],[105.6923,20.4358],[105.6948,20.4369],[105.6972,20.4355],[105.6982,20.4339],[105.699,20.4336],[105.6993,20.4324],[105.7,20.4322],[105.7003,20.4305],[105.7011,20.4299],[105.7007,20.4235],[105.7018,20.4213],[105.7002,20.4201],[105.7,20.4194],[105.7012,20.4164],[105.6985,20.4128],[105.6972,20.412],[105.7011,20.4097],[105.7053,20.412],[105.7115,20.4084],[105.7194,20.4074],[105.725,20.4019],[105.7283,20.4019],[105.728,20.3996],[105.7294,20.3988],[105.733,20.3987],[105.7319,20.3972],[105.7301,20.3915],[105.7298,20.3857],[105.7369,20.3843],[105.7394,20.3846],[105.7419,20.3843],[105.7459,20.3822],[105.7463,20.3795],[105.7456,20.3776],[105.7459,20.376],[105.7453,20.3737],[105.7466,20.3671],[105.7572,20.3672],[105.756,20.3715],[105.7586,20.3735],[105.7589,20.3744],[105.7581,20.3755],[105.7593,20.3767],[105.7594,20.3778],[105.7602,20.3788],[105.7585,20.3816],[105.7582,20.3832],[105.756,20.3843],[105.7546,20.3881],[105.7555,20.3912],[105.7542,20.3919],[105.7542,20.3924],[105.7549,20.3928],[105.755,20.3948],[105.7536,20.3967],[105.7534,20.3989],[105.756,20.399],[105.7559,20.3996],[105.7548,20.4034],[105.7529,20.4047],[105.7521,20.4067],[105.7523,20.4079],[105.7535,20.4097],[105.7529,20.4104],[105.7526,20.4129],[105.7554,20.4144],[105.7589,20.4146],[105.7593,20.4155],[105.7592,20.4165],[105.7568,20.4179],[105.7552,20.4245],[105.754,20.426],[105.7517,20.4387],[105.75,20.4415],[105.7493,20.4462],[105.7487,20.4475],[105.7491,20.4481],[105.7481,20.4496],[105.7474,20.4529],[105.7475,20.4559],[105.7458,20.4586],[105.7448,20.4632],[105.744,20.4647],[105.7425,20.466],[105.7427,20.4678],[105.7414,20.4723],[105.7418,20.4735],[105.7417,20.4783],[105.7408,20.4799],[105.741,20.4826],[105.7401,20.484],[105.741,20.4849],[105.7404,20.4878],[105.7411,20.4893],[105.7413,20.492],[105.74,20.4938],[105.7409,20.4945],[105.7413,20.4954],[105.7398,20.4969],[105.7401,20.4978],[105.7395,20.4991],[105.7402,20.5014],[105.741,20.5024],[105.7431,20.5033],[105.7469,20.5039],[105.7493,20.5052],[105.7507,20.5051],[105.7522,20.5066],[105.7536,20.5069],[105.7535,20.5074],[105.7541,20.5076],[105.7555,20.5095],[105.7579,20.5096],[105.7595,20.5105],[105.76,20.5111],[105.7594,20.5132],[105.7587,20.5139],[105.7606,20.5159]]]},"properties":{"code":"05425","name":"An Bình","nameEn":"An Binh","fullName":"Xã An Bình","fullNameEn":"An Binh Commune","codeName":"an_binh","postalCode":"36818","postalCodePrefix":"","gisServerId":"diaphanhanhchinhcapxa_2025.1672","areaKm2":127.41},"id":"05425"},
{"type":"Feature","geometry":{"type":"Polygon","coordinates":[[[105.3851,21.3365],[105.3814,21.3381],[105.3803,21.3377],[105.3793,21.3361],[105.3761,21.3374],[105.3776,21.3383],[105.3776,21.3394],[105.3753,21.3412],[105.3742,21.3404],[105.3752,21.3394],[105.3749,21.339],[105.3736,21.3394],[105.3732,21.3409],[105.3724,21.3408],[105.3721,21.3402],[105.3702,21.341],[105.3694,21.3406],[105.3694,21.3401],[105.3704,21.3391],[105.3687,21.3387],[105.3685,21.339],[105.3691,21.3397],[105.3688,21.341],[105.3671,21.3408],[105.3665,21.34],[105.3661,21.3402],[105.3666,21.3428],[105.3658,21.3427],[105.3655,21.3439],[105.3641,21.3437],[105.3604,21.3442],[105.3601,21.3426],[105.3606,21.3423],[105.3604,21.3412],[105.3591,21.3417],[105.3557,21.3416],[105.355,21.3405],[105.3552,21.3414],[105.3536,21.3425],[105.3537,21.3434],[105.3475,21.3445],[105.346,21.3455],[105.346,21.3462],[105.343,21.347],[105.3426,21.3483],[105.34,21.3495],[105.3392,21.3505],[105.3373,21.35],[105.3372,21.3491],[105.3361,21.348],[105.3392,21.3442],[105.3371,21.3431],[105.3377,21.3416],[105.3399,21.3391],[105.3362,21.3363],[105.3385,21.3348],[105.3367,21.3324],[105.337,21.3323],[105.3352,21.329],[105.3343,21.3252],[105.3322,21.3206],[105.3312,21.3194],[105.3315,21.3181],[105.3309,21.3162],[105.3312,21.3158],[105.3319,21.3154],[105.3311,21.3146],[105.3325,21.3128],[105.3332,21.3141],[105.3341,21.3141],[105.3344,21.3148],[105.3347,21.3136],[105.3359,21.3136],[105.3366,21.3144],[105.337,21.3119],[105.3378,21.3118],[105.3393,21.3133],[105.3469,21.3119],[105.3475,21.3126],[105.3489,21.3127],[105.3509,21.3104],[105.3523,21.3117],[105.3528,21.3116],[105.3537,21.3102],[105.3547,21.3108],[105.3557,21.3099],[105.3538,21.3065],[105.3543,21.3066],[105.3547,21.3059],[105.3587,21.3087],[105.3647,21.3144],[105.3664,21.3151],[105.3676,21.3149],[105.3676,21.3177],[105.3659,21.3195],[105.3677,21.3223],[105.3691,21.3223],[105.3695,21.322],[105.3693,21.3213],[105.37,21.321],[105.3706,21.321],[105.3712,21.3218],[105.372,21.3211],[105.3709,21.3186],[105.3695,21.3194],[105.3687,21.3193],[105.3686,21.3183],[105.3678,21.3178],[105.3681,21.317],[105.371,21.3167],[105.3716,21.3179],[105.371,21.3187],[105.3719,21.3205],[105.3725,21.3204],[105.3728,21.3209],[105.3748,21.3255],[105.3745,21.3236],[105.3812,21.3232],[105.3829,21.3249],[105.3894,21.3289],[105.3899,21.3303],[105.3891,21.3302],[105.3889,21.3326],[105.3893,21.3333],[105.3883,21.3356],[105.3868,21.3352],[105.3866,21.3358],[105.3851,21.3365]]]},"properties":{"code":"07894","name":"Nông Trang","nameEn":"Nong Trang","fullName":"Phường Nông Trang","fullNameEn":"Nong Trang Ward","codeName":"nong_trang","postalCode":"35120","postalCodePrefix":"","gisServerId":"diaphanhanhchinhcapxa_2025.1558","areaKm2":15.89},"id":"07894"},
{"type":"Feature","geometry":{"type":"Polygon","coordinates":[[[105.4265,21.3377],[105.4135,21.3426],[105.4065,21.3464],[105.4014,21.3499],[105.3982,21.3475],[105.3968,21.3485],[105.3942,21.3481],[105.395,21.3463],[105.3946,21.3456],[105.3939,21.3459],[105.3944,21.3466],[105.3937,21.3475],[105.3928,21.3474],[105.3925,21.3457],[105.3917,21.3472],[105.3911,21.3475],[105.3902,21.347],[105.3902,21.3466],[105.3917,21.3457],[105.3921,21.3446],[105.3912,21.3455],[105.3902,21.3457],[105.3897,21.3454],[105.3895,21.3442],[105.3886,21.3442],[105.3867,21.3426],[105.3867,21.3421],[105.3874,21.3421],[105.3873,21.3398],[105.3865,21.3385],[105.3849,21.3379],[105.3851,21.3365],[105.3866,21.3358],[105.3868,21.3352],[105.3883,21.3356],[105.3893,21.3333],[105.3889,21.3326],[105.3891,21.3302],[105.3899,21.3303],[105.3894,21.3289],[105.3829,21.3249],[105.3812,21.3232],[105.3745,21.3236],[105.3748,21.3255],[105.3728,21.3209],[105.3725,21.3204],[105.3719,21.3205],[105.371,21.3187],[105.3716,21.3179],[105.371,21.3167],[105.3681,21.317],[105.3678,21.3178],[105.3686,21.3183],[105.3687,21.3193],[105.3695,21.3194],[105.3709,21.3186],[105.372,21.3211],[105.3712,21.3218],[105.3706,21.321],[105.37,21.321],[105.3693,21.3213],[105.3695,21.322],[105.3691,21.3223],[105.3677,21.3223],[105.3659,21.3195],[105.3676,21.3177],[105.3676,21.3149],[105.3664,21.3151],[105.3647,21.3144],[105.3587,21.3087],[105.3547,21.3059],[105.3536,21.3038],[105.3531,21.2971],[105.3518,21.2948],[105.357,21.2897],[105.3622,21.2849],[105.3743,21.2922],[105.3752,21.2955],[105.3877,21.3035],[105.392,21.3057],[105.3925,21.309],[105.3945,21.311],[105.3957,21.3131],[105.3948,21.3135],[105.4014,21.3194],[105.402,21.3205],[105.406,21.3198],[105.4078,21.3187],[105.4091,21.3195],[105.4096,21.3193],[105.4099,21.3185],[105.4107,21.3183],[105.4135,21.3154],[105.414,21.3138],[105.4148,21.3134],[105.4155,21.3141],[105.4165,21.3123],[105.4199,21.3147],[105.4207,21.3139],[105.4218,21.3148],[105.4218,21.316],[105.4225,21.3155],[105.4235,21.3165],[105.4242,21.3158],[105.4248,21.3169],[105.4267,21.3157],[105.428,21.3157],[105.4286,21.3172],[105.4301,21.3179],[105.4262,21.3201],[105.4287,21.3218],[105.4295,21.3212],[105.4312,21.3229],[105.4324,21.3219],[105.4348,21.3238],[105.4341,21.3243],[105.4353,21.3251],[105.4364,21.3246],[105.4368,21.3251],[105.4383,21.3242],[105.4422,21.3207],[105.4459,21.3238],[105.4361,21.3322],[105.43,21.3363],[105.4265,21.3377]]]},"properties":{"code":"07900","name":"Việt Trì","nameEn":"Viet Tri","fullName":"Phường Việt Trì","fullNameEn":"Viet Tri Ward","codeName":"viet_tri","postalCode":"35129","postalCodePrefix":"","gisServerId":"diaphanhanhchinhcapxa_2025.1569","areaKm2":25.83},"id":"07900"},
{"type":"Feature","geometry":{"type":"Polygon","coordinates":[[[105.4459,21.3238],[105.4422,21.3207],[105.4383,21.3242],[105.4368,21.3251],[105.4364,21.3246],[105.4353,21.3251],[105.4341,21.3243],[105.4348,21.3238],[105.4324,21.3219],[105.4312,21.3229],[105.4295,21.3212],[105.4287,21.3218],[105.4262,21.3201],[105.4301,21.3179],[105.4286,21.3172],[105.428,21.3157],[105.4267,21.3157],[105.4248,21.3169],[105.4242,21.3158],[105.4235,21.3165],[105.4225,21.3155],[105.4218,21.316],[105.4218,21.3148],[105.4207,21.3139],[105.4199,21.3147],[105.4165,21.3123],[105.4155,21.3141],[105.4148,21.3134],[105.414,21.3138],[105.4135,21.3154],[105.4107,21.3183],[105.4099,21.3185],[105.4096,21.3193],[105.4091,21.3195],[105.4078,21.3187],[105.406,21.3198],[105.402,21.3205],[105.4014,21.3194],[105.3948,21.3135],[105.3957,21.3131],[105.3945,21.311],[105.3925,21.309],[105.392,21.3057],[105.3938,21.3055],[105.4113,21.299],[105.4158,21.297],[105.4297,21.289],[105.4352,21.2866],[105.4383,21.2831],[105.4401,21.2803],[105.4432,21.2713],[105.4439,21.2649],[105.447,21.265],[105.4476,21.2641],[105.4483,21.2644],[105.448,21.2714],[105.4488,21.2729],[105.4497,21.2813],[105.4519,21.2853],[105.4534,21.2924],[105.4532,21.293],[105.4516,21.2937],[105.4492,21.2956],[105.449,21.2965],[105.4498,21.2984],[105.4493,21.2994],[105.4524,21.3005],[105.4547,21.3031],[105.4558,21.3052],[105.4563,21.3097],[105.4549,21.3142],[105.4496,21.3203],[105.4459,21.3238]]]},"properties":{"code":"07909","name":"Thanh Miếu","nameEn":"Thanh Mieu","fullName":"Phường Thanh Miếu","fullNameEn":"Thanh Mieu Ward","codeName":"thanh_mieu","postalCode":"35107","postalCodePrefix":"","gisServerId":"diaphanhanhchinhcapxa_2025.1562","areaKm2":19.57},"id":"07909"},
{"type":"Feature","geometry":{"type":"Polygon","coordinates":[[[105.3918,21.3705],[105.3902,21.3703],[105.3873,21.3758],[105.3867,21.3755],[105.3855,21.3767],[105.3825,21.3749],[105.3823,21.3744],[105.3796,21.3743],[105.379,21.3734],[105.3784,21.3741],[105.3778,21.3738],[105.3756,21.3757],[105.3727,21.376],[105.3732,21.3777],[105.3725,21.3784],[105.372,21.3808],[105.3706,21.3806],[105.3711,21.3822],[105.3678,21.3865],[105.3682,21.3872],[105.3689,21.3871],[105.3687,21.3882],[105.3703,21.3898],[105.3715,21.39],[105.3721,21.3911],[105.3739,21.3911],[105.3746,21.3918],[105.3745,21.3921],[105.3737,21.392],[105.3734,21.3928],[105.3731,21.3972],[105.3719,21.3969],[105.3712,21.3986],[105.3702,21.3984],[105.3681,21.4002],[105.3676,21.3993],[105.3661,21.3989],[105.3672,21.3966],[105.366,21.395],[105.3619,21.3974],[105.3614,21.3982],[105.3607,21.3975],[105.3595,21.3981],[105.3572,21.3969],[105.3572,21.3958],[105.3565,21.3948],[105.3551,21.3944],[105.355,21.393],[105.3527,21.3882],[105.3508,21.3886],[105.3503,21.3876],[105.3508,21.3866],[105.3501,21.3863],[105.3501,21.3855],[105.3482,21.3813],[105.3487,21.381],[105.3481,21.3787],[105.3473,21.3774],[105.3426,21.3775],[105.3435,21.3756],[105.3426,21.3754],[105.3417,21.3766],[105.3394,21.3743],[105.344,21.3682],[105.3435,21.3678],[105.3433,21.366],[105.3426,21.3653],[105.3402,21.364],[105.3379,21.3636],[105.3366,21.362],[105.3356,21.3619],[105.3339,21.3627],[105.3333,21.3608],[105.3339,21.3601],[105.3334,21.3599],[105.3333,21.3591],[105.3354,21.3581],[105.3354,21.3567],[105.3358,21.3566],[105.3353,21.3557],[105.3379,21.3539],[105.3364,21.3521],[105.3373,21.35],[105.3392,21.3505],[105.34,21.3495],[105.3426,21.3483],[105.343,21.347],[105.346,21.3462],[105.346,21.3455],[105.3475,21.3445],[105.3537,21.3434],[105.3536,21.3425],[105.3552,21.3414],[105.355,21.3405],[105.3557,21.3416],[105.3591,21.3417],[105.3604,21.3412],[105.3606,21.3423],[105.3601,21.3426],[105.3604,21.3442],[105.3641,21.3437],[105.3655,21.3439],[105.3658,21.3427],[105.3666,21.3428],[105.3661,21.3402],[105.3665,21.34],[105.3671,21.3408],[105.3688,21.341],[105.3691,21.3397],[105.3685,21.339],[105.3687,21.3387],[105.3704,21.3391],[105.3694,21.3401],[105.3694,21.3406],[105.3702,21.341],[105.3721,21.3402],[105.3724,21.3408],[105.3732,21.3409],[105.3736,21.3394],[105.3749,21.339],[105.3752,21.3394],[105.3742,21.3404],[105.3753,21.3412],[105.3776,21.3394],[105.3776,21.3383],[105.3761,21.3374],[105.3793,21.3361],[105.3803,21.3377],[105.3814,21.3381],[105.3851,21.3365],[105.3849,21.3379],[105.3865,21.3385],[105.3873,21.3398],[105.3874,21.3421],[105.3867,21.3421],[105.3867,21.3426],[105.3886,21.3442],[105.3895,21.3442],[105.3897,21.3454],[105.3902,21.3457],[105.3912,21.3455],[105.3921,21.3446],[105.3917,21.3457],[105.3902,21.3466],[105.3902,21.347],[105.3911,21.3475],[105.3917,21.3472],[105.3925,21.3457],[105.3928,21.3474],[105.3937,21.3475],[105.3944,21.3466],[105.3939,21.3459],[105.3946,21.3456],[105.395,21.3463],[105.3942,21.3481],[105.3968,21.3485],[105.3982,21.3475],[105.4014,21.3499],[105.3945,21.3587],[105.3917,21.3658],[105.3918,21.3705]]]},"properties":{"code":"07918","name":"Vân Phú","nameEn":"Van Phu","fullName":"Phường Vân Phú","fullNameEn":"Van Phu Ward","codeName":"van_phu","postalCode":"35118","postalCodePrefix":"","gisServerId":"diaphanhanhchinhcapxa_2025.1554","areaKm2":26.26},"id":"07918"},
{"type":"Feature","geometry":{"type":"Polygon","coordinates":[[[105.239,21.4574],[105.2368,21.4605],[105.2362,21.4631],[105.2364,21.4648],[105.2356,21.4635],[105.2346,21.4646],[105.2337,21.4642],[105.233,21.4648],[105.232,21.4646],[105.2293,21.4657],[105.2287,21.4647],[105.2292,21.4633],[105.2275,21.4628],[105.2282,21.4621],[105.2267,21.4613],[105.226,21.4588],[105.2251,21.4582],[105.2254,21.4573],[105.2248,21.4568],[105.223,21.4565],[105.224,21.456],[105.2239,21.4548],[105.2211,21.4536],[105.222,21.4528],[105.2217,21.4509],[105.2196,21.4484],[105.2191,21.4463],[105.2197,21.4431],[105.2162,21.4448],[105.2159,21.4444],[105.2168,21.4436],[105.2175,21.4437],[105.2187,21.4423],[105.2175,21.4414],[105.2194,21.4416],[105.2202,21.4396],[105.219,21.4384],[105.2168,21.4396],[105.2161,21.4392],[105.2163,21.4386],[105.2148,21.4391],[105.2152,21.4362],[105.2144,21.4354],[105.2128,21.4367],[105.2125,21.4365],[105.2122,21.4354],[105.2137,21.4348],[105.2133,21.4345],[105.2109,21.4349],[105.2108,21.4345],[105.2125,21.4345],[105.2133,21.4333],[105.2122,21.4336],[105.2124,21.4327],[105.211,21.4333],[105.2102,21.4331],[105.2101,21.4316],[105.2082,21.4325],[105.2078,21.432],[105.2051,21.4325],[105.2045,21.4316],[105.2052,21.4309],[105.2046,21.4304],[105.204,21.431],[105.2036,21.4307],[105.2028,21.4316],[105.202,21.4316],[105.2004,21.4293],[105.1997,21.4292],[105.1983,21.4262],[105.1968,21.4257],[105.1962,21.4229],[105.1966,21.4221],[105.1972,21.4221],[105.1969,21.4213],[105.1972,21.4196],[105.1992,21.419],[105.2025,21.4161],[105.2033,21.4147],[105.2015,21.4143],[105.2014,21.4138],[105.2021,21.4139],[105.2008,21.4133],[105.1996,21.4115],[105.1985,21.4122],[105.1982,21.4117],[105.1992,21.41],[105.2,21.4095],[105.1994,21.4085],[105.1977,21.4097],[105.1958,21.4095],[105.1978,21.4093],[105.1986,21.4084],[105.1968,21.4071],[105.1955,21.4074],[105.1947,21.4053],[105.1958,21.4049],[105.197,21.4028],[105.1982,21.4025],[105.198,21.4012],[105.2039,21.4022],[105.2037,21.4],[105.2097,21.4011],[105.2125,21.4009],[105.2132,21.4],[105.2162,21.3989],[105.2168,21.399],[105.2165,21.3999],[105.2178,21.4002],[105.2181,21.4009],[105.2188,21.4008],[105.2187,21.4019],[105.2221,21.4024],[105.2214,21.4054],[105.2235,21.4072],[105.2242,21.4068],[105.2253,21.4072],[105.226,21.4069],[105.227,21.4079],[105.2278,21.4075],[105.228,21.408],[105.227,21.4088],[105.2278,21.4097],[105.2299,21.4089],[105.2309,21.4095],[105.2324,21.4078],[105.2334,21.4081],[105.2337,21.4075],[105.2347,21.4075],[105.235,21.4065],[105.2357,21.4066],[105.2357,21.4057],[105.2363,21.406],[105.2361,21.4053],[105.2367,21.4047],[105.2375,21.4052],[105.2372,21.4062],[105.2377,21.4059],[105.2385,21.4064],[105.2409,21.4059],[105.2417,21.4065],[105.2428,21.4064],[105.2437,21.4076],[105.2442,21.4075],[105.244,21.4081],[105.2452,21.4083],[105.2455,21.4101],[105.2465,21.4101],[105.2467,21.4115],[105.2463,21.4123],[105.2473,21.412],[105.249,21.4141],[105.2492,21.4149],[105.2484,21.4184],[105.2507,21.4202],[105.2506,21.4229],[105.2497,21.4256],[105.2505,21.426],[105.2512,21.4287],[105.2508,21.4289],[105.2525,21.43],[105.2503,21.4325],[105.2499,21.4342],[105.2482,21.4345],[105.2503,21.4368],[105.2498,21.437],[105.2487,21.4354],[105.2477,21.4356],[105.2456,21.4371],[105.2442,21.439],[105.2449,21.4395],[105.2448,21.44],[105.2438,21.4391],[105.243,21.4394],[105.2428,21.4387],[105.242,21.4384],[105.2379,21.4397],[105.2356,21.4394],[105.2344,21.438],[105.2337,21.4382],[105.2336,21.4378],[105.2335,21.439],[105.2321,21.4395],[105.2325,21.4406],[105.2318,21.4402],[105.2323,21.4411],[105.2318,21.4415],[105.2323,21.4414],[105.2326,21.4422],[105.2321,21.4429],[105.2332,21.4446],[105.2373,21.4455],[105.2399,21.4477],[105.2397,21.4491],[105.241,21.4497],[105.2407,21.4531],[105.2389,21.4526],[105.2386,21.453],[105.2394,21.4542],[105.2399,21.456],[105.2392,21.4562],[105.239,21.4574]]]},"properties":{"code":"07942","name":"Phú Thọ","nameEn":"Phu Tho","fullName":"Phường Phú Thọ","fullNameEn":"Phu Tho Ward","codeName":"phu_tho","postalCode":"35916","postalCodePrefix":"","gisServerId":"diaphanhanhchinhcapxa_2025.1583","areaKm2":23.07},"id":"07942"},
{"type":"Feature","geometry":{"type":"Polygon","coordinates":[[[105.1972,21.4196],[105.1964,21.4202],[105.1948,21.4188],[105.194,21.419],[105.1929,21.4179],[105.1923,21.4179],[105.1921,21.4186],[105.1912,21.4181],[105.1905,21.4184],[105.1885,21.4169],[105.1878,21.4172],[105.188,21.4181],[105.1872,21.4172],[105.1867,21.4176],[105.1871,21.4185],[105.1868,21.418],[105.1855,21.4177],[105.1836,21.4194],[105.1831,21.419],[105.1837,21.4183],[105.1823,21.4174],[105.1819,21.4166],[105.1827,21.4135],[105.1809,21.4136],[105.1802,21.412],[105.1795,21.4115],[105.1787,21.4115],[105.1756,21.4077],[105.1816,21.4048],[105.1863,21.4034],[105.1882,21.4018],[105.1876,21.4005],[105.183,21.4012],[105.1833,21.4001],[105.1825,21.399],[105.1835,21.3978],[105.1825,21.3968],[105.1816,21.397],[105.1801,21.3964],[105.1816,21.3955],[105.1826,21.3969],[105.183,21.3962],[105.1828,21.3953],[105.1852,21.3958],[105.1855,21.3949],[105.186,21.3945],[105.187,21.3948],[105.1882,21.3959],[105.1895,21.3953],[105.1915,21.397],[105.1937,21.3964],[105.1935,21.3955],[105.1925,21.3948],[105.193,21.3944],[105.192,21.3915],[105.1925,21.3913],[105.1917,21.3909],[105.1918,21.3904],[105.1974,21.3843],[105.1965,21.3834],[105.201,21.3795],[105.2001,21.3782],[105.1988,21.3659],[105.1994,21.3651],[105.1999,21.3647],[105.2078,21.3675],[105.2144,21.3678],[105.214,21.3782],[105.2184,21.3889],[105.2217,21.3918],[105.2238,21.3923],[105.2221,21.4024],[105.2187,21.4019],[105.2188,21.4008],[105.2181,21.4009],[105.2178,21.4002],[105.2165,21.3999],[105.2168,21.399],[105.2162,21.3989],[105.2132,21.4],[105.2125,21.4009],[105.2097,21.4011],[105.2037,21.4],[105.2039,21.4022],[105.198,21.4012],[105.1982,21.4025],[105.197,21.4028],[105.1958,21.4049],[105.1947,21.4053],[105.1955,21.4074],[105.1968,21.4071],[105.1986,21.4084],[105.1978,21.4093],[105.1958,21.4095],[105.1977,21.4097],[105.1994,21.4085],[105.2,21.4095],[105.1992,21.41],[105.1982,21.4117],[105.1985,21.4122],[105.1996,21.4115],[105.2008,21.4133],[105.2021,21.4139],[105.2014,21.4138],[105.2015,21.4143],[105.2033,21.4147],[105.2025,21.4161],[105.1992,21.419],[105.1972,21.4196]]]},"properties":{"code":"07948","name":"Âu Cơ","nameEn":"Au Co","fullName":"Phường Âu Cơ","fullNameEn":"Au Co Ward","codeName":"au_co","postalCode":"35906","postalCodePrefix":"","gisServerId":"diaphanhanhchinhcapxa_2025.1579","areaKm2":12.51},"id":"07948"},
{"type":"Feature","geometry":{"type":"Polygon","coordinates":[[[105.2806,21.4492],[105.2785,21.4487],[105.2776,21.4499],[105.2766,21.45],[105.2758,21.4506],[105.2762,21.4517],[105.2752,21.4511],[105.2744,21.4517],[105.274,21.4526],[105.2748,21.4529],[105.2738,21.4529],[105.273,21.4523],[105.2728,21.451],[105.2713,21.4514],[105.2711,21.4502],[105.271,21.4514],[105.2694,21.4516],[105.2697,21.4525],[105.2708,21.4534],[105.2703,21.4534],[105.2691,21.4518],[105.2682,21.4526],[105.2683,21.454],[105.2676,21.4538],[105.2657,21.4545],[105.2636,21.454],[105.2587,21.4574],[105.2568,21.4576],[105.2566,21.4591],[105.2545,21.4607],[105.2521,21.4599],[105.2509,21.4588],[105.2504,21.4595],[105.2492,21.459],[105.2471,21.4603],[105.2445,21.4578],[105.2414,21.4576],[105.241,21.4587],[105.2404,21.4587],[105.24,21.4576],[105.239,21.4574],[105.2392,21.4562],[105.2399,21.456],[105.2394,21.4542],[105.2386,21.453],[105.2389,21.4526],[105.2407,21.4531],[105.241,21.4497],[105.2397,21.4491],[105.2399,21.4477],[105.2373,21.4455],[105.2332,21.4446],[105.2321,21.4429],[105.2326,21.4422],[105.2323,21.4414],[105.2318,21.4415],[105.2323,21.4411],[105.2318,21.4402],[105.2325,21.4406],[105.2321,21.4395],[105.2335,21.439],[105.2336,21.4378],[105.2337,21.4382],[105.2344,21.438],[105.2356,21.4394],[105.2379,21.4397],[105.242,21.4384],[105.2428,21.4387],[105.243,21.4394],[105.2438,21.4391],[105.2448,21.44],[105.2449,21.4395],[105.2442,21.439],[105.2456,21.4371],[105.2477,21.4356],[105.2487,21.4354],[105.2498,21.437],[105.2503,21.4368],[105.2482,21.4345],[105.2499,21.4342],[105.2503,21.4325],[105.2525,21.43],[105.2508,21.4289],[105.2512,21.4287],[105.2505,21.426],[105.2497,21.4256],[105.2506,21.4229],[105.2507,21.4202],[105.2484,21.4184],[105.2492,21.4149],[105.249,21.4141],[105.2473,21.412],[105.2463,21.4123],[105.2467,21.4115],[105.2465,21.4101],[105.2455,21.4101],[105.2452,21.4083],[105.244,21.4081],[105.2442,21.4075],[105.2437,21.4076],[105.2428,21.4064],[105.2417,21.4065],[105.2409,21.4059],[105.2385,21.4064],[105.2377,21.4059],[105.2372,21.4062],[105.2375,21.4052],[105.2367,21.4047],[105.2361,21.4053],[105.2363,21.406],[105.2357,21.4057],[105.2357,21.4066],[105.235,21.4065],[105.2347,21.4075],[105.2337,21.4075],[105.2334,21.4081],[105.2324,21.4078],[105.2309,21.4095],[105.2299,21.4089],[105.2278,21.4097],[105.227,21.4088],[105.228,21.408],[105.2278,21.4075],[105.227,21.4079],[105.226,21.4069],[105.2253,21.4072],[105.2242,21.4068],[105.2235,21.4072],[105.2214,21.4054],[105.2221,21.4024],[105.2238,21.3923],[105.2282,21.3959],[105.2301,21.3968],[105.2327,21.397],[105.2359,21.3966],[105.2418,21.3924],[105.2462,21.3869],[105.2497,21.3814],[105.2525,21.3835],[105.2535,21.3826],[105.2545,21.3828],[105.2544,21.3822],[105.2549,21.3821],[105.2546,21.3825],[105.2554,21.3829],[105.2557,21.3823],[105.2566,21.3825],[105.2562,21.3829],[105.2576,21.3845],[105.2566,21.3853],[105.2583,21.3858],[105.2592,21.3842],[105.2605,21.385],[105.2621,21.3839],[105.2633,21.3846],[105.2644,21.3846],[105.2648,21.3853],[105.2667,21.3849],[105.2666,21.3856],[105.2654,21.3857],[105.2642,21.3875],[105.2667,21.3878],[105.2678,21.387],[105.2676,21.3861],[105.2684,21.3853],[105.2692,21.3862],[105.269,21.3889],[105.27,21.3892],[105.2708,21.3905],[105.2707,21.3916],[105.2716,21.3923],[105.2708,21.3924],[105.2708,21.3929],[105.2715,21.3935],[105.274,21.3941],[105.2757,21.3964],[105.2759,21.3961],[105.2749,21.4012],[105.2757,21.4045],[105.2763,21.4052],[105.2772,21.4054],[105.2775,21.407],[105.2777,21.4058],[105.2784,21.4055],[105.2807,21.4066],[105.281,21.4076],[105.281,21.4103],[105.2797,21.412],[105.2772,21.4143],[105.276,21.4139],[105.276,21.4145],[105.2773,21.4148],[105.2773,21.4154],[105.2752,21.4177],[105.2756,21.4189],[105.2745,21.4197],[105.2745,21.4205],[105.2738,21.4206],[105.2745,21.4225],[105.2758,21.4233],[105.2759,21.4246],[105.2766,21.4246],[105.2768,21.4251],[105.2773,21.4247],[105.2773,21.4273],[105.2788,21.4276],[105.2781,21.4282],[105.279,21.4292],[105.2785,21.4298],[105.2794,21.4318],[105.2785,21.4329],[105.2784,21.4345],[105.2778,21.4343],[105.2776,21.4348],[105.2774,21.4376],[105.2801,21.4374],[105.2801,21.438],[105.281,21.4374],[105.2819,21.438],[105.2812,21.4406],[105.2806,21.4402],[105.2804,21.4405],[105.2815,21.4426],[105.2819,21.4426],[105.2812,21.4429],[105.2801,21.4414],[105.2796,21.442],[105.2806,21.4431],[105.2827,21.4435],[105.2835,21.4443],[105.2833,21.4459],[105.282,21.4462],[105.2804,21.4476],[105.2806,21.4492]]]},"properties":{"code":"07954","name":"Phong Châu","nameEn":"Phong Chau","fullName":"Phường Phong Châu","fullNameEn":"Phong Chau Ward","codeName":"phong_chau","postalCode":"35907","postalCodePrefix":"","gisServerId":"diaphanhanhchinhcapxa_2025.1591","areaKm2":29.61},"id":"07954"},
{"type":"Feature","geometry":{"type":"Polygon","coordinates":[[[105.2244,21.631],[105.2213,21.6307],[105.2179,21.6319],[105.2106,21.6365],[105.2051,21.6411],[105.2021,21.6426],[105.1965,21.6436],[105.1945,21.643],[105.1921,21.6416],[105.1893,21.6446],[105.1861,21.6465],[105.1848,21.6469],[105.1829,21.6468],[105.1824,21.641],[105.1799,21.6411],[105.1798,21.6404],[105.1806,21.6392],[105.1797,21.6378],[105.1777,21.6369],[105.1769,21.6379],[105.1736,21.6362],[105.1729,21.6375],[105.1708,21.637],[105.1706,21.6358],[105.1713,21.6353],[105.1709,21.6345],[105.1686,21.6341],[105.1674,21.6326],[105.1655,21.6316],[105.1644,21.6321],[105.1619,21.6314],[105.1602,21.6319],[105.1603,21.6346],[105.1569,21.636],[105.1528,21.6357],[105.151,21.637],[105.1485,21.6376],[105.1464,21.6369],[105.1458,21.6351],[105.1473,21.634],[105.1471,21.6317],[105.1462,21.629],[105.1445,21.6284],[105.1441,21.6262],[105.143,21.6268],[105.1424,21.6266],[105.1426,21.6257],[105.1418,21.6246],[105.14,21.6246],[105.138,21.6228],[105.1358,21.6224],[105.1347,21.6213],[105.1342,21.6195],[105.1328,21.6184],[105.1326,21.6176],[105.1352,21.6133],[105.1351,21.6109],[105.134,21.6098],[105.1341,21.6091],[105.1349,21.6087],[105.1367,21.609],[105.1359,21.6083],[105.1369,21.6066],[105.1368,21.6057],[105.1377,21.6055],[105.1384,21.6045],[105.1405,21.6034],[105.1426,21.6031],[105.1459,21.5987],[105.1465,21.5943],[105.1485,21.5938],[105.1502,21.5932],[105.152,21.5932],[105.1538,21.5917],[105.1556,21.5929],[105.1572,21.593],[105.1607,21.5902],[105.1622,21.5901],[105.1633,21.5922],[105.1648,21.5931],[105.1665,21.5954],[105.1671,21.5995],[105.1685,21.599],[105.1672,21.6003],[105.1679,21.602],[105.1697,21.6004],[105.1686,21.6021],[105.1692,21.6027],[105.1708,21.6017],[105.1711,21.5997],[105.1714,21.601],[105.173,21.6023],[105.1735,21.6016],[105.1732,21.6009],[105.1747,21.6004],[105.1775,21.5981],[105.1799,21.5982],[105.1802,21.5962],[105.1808,21.5955],[105.1794,21.5937],[105.1808,21.595],[105.1825,21.5946],[105.1833,21.5957],[105.1837,21.5949],[105.1849,21.595],[105.1849,21.5956],[105.1858,21.5963],[105.1868,21.5955],[105.1901,21.5955],[105.191,21.5947],[105.194,21.5955],[105.1954,21.5975],[105.1979,21.5988],[105.1987,21.6009],[105.1993,21.6009],[105.2017,21.6038],[105.2033,21.6048],[105.2116,21.6005],[105.2173,21.5989],[105.2289,21.5978],[105.2315,21.5979],[105.2355,21.5988],[105.2401,21.5987],[105.2441,21.5978],[105.2448,21.6002],[105.2459,21.601],[105.2465,21.6006],[105.2471,21.6009],[105.2472,21.6001],[105.2482,21.6005],[105.2483,21.6011],[105.2476,21.6014],[105.2489,21.6021],[105.2484,21.603],[105.2493,21.6028],[105.2491,21.6033],[105.25,21.604],[105.251,21.6035],[105.2507,21.6027],[105.2515,21.6029],[105.251,21.6044],[105.2514,21.6051],[105.2496,21.6088],[105.2496,21.6098],[105.2505,21.6106],[105.2472,21.6137],[105.2471,21.616],[105.2456,21.6165],[105.2437,21.6162],[105.2416,21.6171],[105.2383,21.6173],[105.2346,21.6184],[105.2329,21.6175],[105.2307,21.6214],[105.228,21.6235],[105.228,21.6248],[105.2275,21.625],[105.2262,21.628],[105.2252,21.6286],[105.225,21.6284],[105.2244,21.631]]]},"properties":{"code":"07969","name":"Đoan Hùng","nameEn":"Doan Hung","fullName":"Xã Đoan Hùng","fullNameEn":"Doan Hung Commune","codeName":"doan_hung","postalCode":"35306","postalCodePrefix":"","gisServerId":"diaphanhanhchinhcapxa_2025.1539","areaKm2":44.8},"id":"07969"},
{"type":"Feature","geometry":{"type":"Polygon","coordinates":[[[105.0917,21.6785],[105.0914,21.6792],[105.0922,21.6797],[105.0925,21.6793],[105.093,21.6796],[105.093,21.6801],[105.0924,21.6803],[105.0928,21.6809],[105.0922,21.6809],[105.0922,21.6815],[105.0913,21.6818],[105.0903,21.6809],[105.0903,21.6817],[105.0895,21.6826],[105.0881,21.6822],[105.0871,21.6831],[105.0866,21.6827],[105.0846,21.6824],[105.0846,21.6829],[105.0853,21.683],[105.0848,21.6835],[105.081,21.6821],[105.0792,21.6828],[105.0771,21.6807],[105.0761,21.6817],[105.074,21.6813],[105.0731,21.6805],[105.0711,21.6833],[105.067,21.6844],[105.0652,21.6871],[105.0643,21.6873],[105.0645,21.6881],[105.0611,21.6902],[105.0592,21.6862],[105.0578,21.6854],[105.0564,21.6863],[105.0545,21.6865],[105.0524,21.6886],[105.0497,21.6881],[105.0484,21.6902],[105.0461,21.6897],[105.0446,21.69],[105.0432,21.6927],[105.0398,21.6948],[105.0404,21.6957],[105.0387,21.6976],[105.0367,21.6975],[105.0361,21.699],[105.0327,21.6999],[105.0318,21.7014],[105.0308,21.7015],[105.0293,21.7002],[105.0298,21.6993],[105.0283,21.698],[105.0279,21.6958],[105.0262,21.6959],[105.0262,21.6945],[105.0254,21.6954],[105.0257,21.6961],[105.0243,21.6962],[105.0246,21.6951],[105.024,21.6952],[105.0237,21.6949],[105.0247,21.6942],[105.024,21.6939],[105.0241,21.6927],[105.0233,21.6945],[105.0236,21.6963],[105.0227,21.696],[105.0225,21.6952],[105.0218,21.6961],[105.02,21.6968],[105.02,21.6942],[105.0208,21.6927],[105.0217,21.6927],[105.0208,21.6925],[105.02,21.6914],[105.0205,21.6908],[105.0218,21.6907],[105.0214,21.6898],[105.0242,21.6905],[105.0256,21.6875],[105.0294,21.6861],[105.0318,21.6825],[105.0338,21.6805],[105.032,21.6788],[105.0318,21.6774],[105.0299,21.6771],[105.0303,21.6756],[105.0284,21.6762],[105.0277,21.6753],[105.0268,21.6755],[105.0264,21.675],[105.0271,21.6741],[105.0266,21.6734],[105.0273,21.6727],[105.0277,21.6704],[105.0265,21.6708],[105.0242,21.6699],[105.0248,21.6684],[105.0241,21.6674],[105.0253,21.6669],[105.0254,21.6663],[105.0241,21.664],[105.0237,21.6619],[105.0233,21.6614],[105.0203,21.661],[105.0208,21.6542],[105.0192,21.6521],[105.0177,21.6518],[105.0192,21.6503],[105.0191,21.649],[105.0201,21.6484],[105.0192,21.6479],[105.0186,21.6484],[105.0176,21.6482],[105.0169,21.6435],[105.0161,21.6431],[105.0166,21.6426],[105.017,21.6431],[105.0177,21.6429],[105.0182,21.6415],[105.0196,21.6412],[105.0204,21.6404],[105.0224,21.6401],[105.0225,21.6382],[105.0241,21.6393],[105.025,21.6391],[105.0265,21.6411],[105.0273,21.6406],[105.0282,21.6386],[105.0304,21.6387],[105.0314,21.6369],[105.0333,21.636],[105.0348,21.6317],[105.0324,21.6285],[105.0343,21.627],[105.0352,21.6281],[105.036,21.627],[105.0391,21.6281],[105.0405,21.6291],[105.0397,21.6279],[105.0402,21.6272],[105.0403,21.6243],[105.0416,21.6227],[105.0422,21.6225],[105.0429,21.6231],[105.0439,21.6222],[105.0438,21.6213],[105.0425,21.6202],[105.0419,21.6182],[105.0439,21.6163],[105.0448,21.6167],[105.047,21.6146],[105.0479,21.6146],[105.0484,21.613],[105.0527,21.6159],[105.0541,21.6149],[105.0545,21.6161],[105.0554,21.616],[105.0563,21.6167],[105.0583,21.6157],[105.06,21.6164],[105.0612,21.6147],[105.0629,21.6149],[105.0636,21.6128],[105.0653,21.6126],[105.0666,21.6133],[105.0686,21.6127],[105.0694,21.6131],[105.0712,21.6125],[105.0716,21.6105],[105.0731,21.6089],[105.0755,21.6089],[105.0765,21.6078],[105.078,21.6074],[105.0774,21.6065],[105.0777,21.6057],[105.0818,21.6041],[105.0827,21.6045],[105.0841,21.6044],[105.0874,21.601],[105.0891,21.6018],[105.0922,21.6021],[105.0924,21.601],[105.0935,21.6003],[105.0968,21.5993],[105.0992,21.6003],[105.1026,21.5979],[105.1057,21.5997],[105.1058,21.6024],[105.1068,21.6054],[105.1067,21.6092],[105.1079,21.6106],[105.109,21.6103],[105.1105,21.6107],[105.1105,21.611],[105.1079,21.6108],[105.1066,21.6102],[105.107,21.6118],[105.1084,21.6119],[105.1089,21.6124],[105.1081,21.6132],[105.1079,21.6146],[105.109,21.6162],[105.1112,21.6177],[105.1121,21.6198],[105.1131,21.6193],[105.1129,21.6202],[105.1176,21.6229],[105.117,21.6243],[105.1179,21.6249],[105.1179,21.6264],[105.1172,21.6263],[105.117,21.6275],[105.1163,21.6276],[105.1177,21.6292],[105.1165,21.6306],[105.1164,21.6319],[105.1166,21.6336],[105.1179,21.6343],[105.1179,21.635],[105.1166,21.6358],[105.1169,21.6367],[105.1178,21.6371],[105.1168,21.6379],[105.1159,21.6372],[105.1155,21.6366],[105.1163,21.6362],[105.1145,21.6341],[105.1137,21.6342],[105.1133,21.6354],[105.1129,21.6354],[105.1111,21.634],[105.1079,21.6331],[105.106,21.6344],[105.1052,21.636],[105.1019,21.6384],[105.1001,21.6407],[105.099,21.6409],[105.098,21.6393],[105.0976,21.6398],[105.097,21.6396],[105.0963,21.6406],[105.0928,21.6418],[105.0906,21.6409],[105.0908,21.6391],[105.086,21.6382],[105.0847,21.6374],[105.0823,21.6381],[105.0821,21.6396],[105.0811,21.6399],[105.0805,21.6416],[105.0787,21.6437],[105.0778,21.6466],[105.0767,21.6471],[105.0772,21.6484],[105.0791,21.6496],[105.079,21.6514],[105.0815,21.6494],[105.0823,21.6493],[105.0818,21.6507],[105.0852,21.6538],[105.0842,21.655],[105.0838,21.6572],[105.0828,21.6577],[105.0816,21.6609],[105.0785,21.6645],[105.0793,21.6739],[105.0852,21.6778],[105.0895,21.6767],[105.0917,21.6785]]]},"properties":{"code":"07996","name":"Bằng Luân","nameEn":"Bang Luan","fullName":"Xã Bằng Luân","fullNameEn":"Bang Luan Commune","codeName":"bang_luan","postalCode":"35313","postalCodePrefix":"","gisServerId":"diaphanhanhchinhcapxa_2025.1540","areaKm2":59.77},"id":"07996"},
{"type":"Feature","geometry":{"type":"Polygon","coordinates":[[[105.2244,21.631],[105.2311,21.6358],[105.2348,21.6398],[105.2375,21.6437],[105.238,21.647],[105.2378,21.6523],[105.2354,21.6588],[105.2327,21.659],[105.2309,21.66],[105.2289,21.6602],[105.2269,21.6599],[105.2262,21.6592],[105.2219,21.6588],[105.2209,21.6594],[105.2198,21.6611],[105.2183,21.6619],[105.2154,21.6625],[105.2143,21.6619],[105.2133,21.662],[105.2121,21.6612],[105.2105,21.6614],[105.2083,21.6609],[105.2066,21.6621],[105.2046,21.6627],[105.204,21.664],[105.2024,21.6639],[105.2018,21.6647],[105.2005,21.6652],[105.1997,21.6664],[105.1994,21.6679],[105.1969,21.668],[105.1961,21.6676],[105.1946,21.6699],[105.1924,21.6711],[105.1936,21.6729],[105.1919,21.6742],[105.1933,21.6747],[105.1937,21.6757],[105.1928,21.6764],[105.1917,21.6771],[105.1897,21.6771],[105.1889,21.6765],[105.1859,21.6769],[105.1819,21.6796],[105.1813,21.6818],[105.1796,21.6835],[105.1788,21.685],[105.179,21.6859],[105.1776,21.6872],[105.1762,21.6872],[105.1744,21.6862],[105.1731,21.6866],[105.1689,21.6865],[105.1679,21.6875],[105.1644,21.6886],[105.1638,21.6882],[105.164,21.6871],[105.1627,21.687],[105.1611,21.6856],[105.1604,21.6838],[105.159,21.6837],[105.1583,21.6824],[105.1569,21.6816],[105.1571,21.6809],[105.1563,21.681],[105.156,21.6804],[105.1557,21.6809],[105.1562,21.6826],[105.1556,21.6828],[105.1562,21.6836],[105.1557,21.6838],[105.1561,21.6846],[105.157,21.6848],[105.1569,21.6861],[105.1564,21.6867],[105.1567,21.6874],[105.1555,21.6877],[105.1554,21.6888],[105.1536,21.6893],[105.1527,21.6909],[105.152,21.6907],[105.151,21.6919],[105.1514,21.6926],[105.1504,21.6937],[105.1501,21.6955],[105.151,21.6972],[105.151,21.6979],[105.1501,21.6983],[105.1508,21.699],[105.1504,21.6996],[105.1488,21.6996],[105.1449,21.7007],[105.1432,21.6978],[105.1418,21.698],[105.1397,21.6973],[105.1378,21.6975],[105.137,21.6969],[105.134,21.6965],[105.1338,21.6972],[105.1318,21.6974],[105.1313,21.6986],[105.1305,21.6995],[105.1296,21.6996],[105.1293,21.7004],[105.1274,21.7009],[105.1262,21.7031],[105.1246,21.7043],[105.1186,21.7055],[105.1166,21.7048],[105.113,21.7068],[105.11,21.7059],[105.109,21.7062],[105.108,21.7089],[105.1054,21.7124],[105.1048,21.7119],[105.1039,21.7121],[105.1034,21.7157],[105.1023,21.7162],[105.1019,21.7175],[105.0992,21.7166],[105.0988,21.7174],[105.0962,21.7182],[105.0956,21.7188],[105.0933,21.7185],[105.0925,21.7195],[105.0909,21.7185],[105.0865,21.7184],[105.0872,21.7165],[105.0902,21.7145],[105.0919,21.7124],[105.0907,21.7097],[105.089,21.7086],[105.087,21.7056],[105.0864,21.704],[105.0867,21.7025],[105.087,21.7019],[105.0905,21.7009],[105.0946,21.7008],[105.096,21.7004],[105.0964,21.6991],[105.0957,21.6964],[105.0958,21.6951],[105.0969,21.6932],[105.1002,21.6894],[105.0995,21.6837],[105.0981,21.6801],[105.0977,21.6801],[105.0976,21.6771],[105.0988,21.6758],[105.1013,21.6758],[105.1046,21.6776],[105.1059,21.6774],[105.1077,21.6733],[105.1078,21.6696],[105.1085,21.6685],[105.1096,21.6679],[105.1145,21.6689],[105.123,21.672],[105.1257,21.6719],[105.1283,21.6706],[105.13,21.671],[105.1305,21.6718],[105.1294,21.6743],[105.1294,21.6759],[105.1314,21.6793],[105.1326,21.68],[105.1371,21.68],[105.1385,21.6789],[105.1395,21.6769],[105.1393,21.6745],[105.1382,21.6734],[105.1383,21.6723],[105.1427,21.6681],[105.1458,21.6666],[105.1509,21.6664],[105.155,21.6647],[105.1603,21.6635],[105.165,21.66],[105.1692,21.6587],[105.1704,21.6577],[105.1704,21.6553],[105.1683,21.6525],[105.1656,21.6502],[105.1649,21.6478],[105.166,21.6449],[105.1692,21.6417],[105.1703,21.6414],[105.172,21.6419],[105.1829,21.6468],[105.1848,21.6469],[105.1861,21.6465],[105.1893,21.6446],[105.1921,21.6416],[105.1945,21.643],[105.1965,21.6436],[105.2021,21.6426],[105.2051,21.6411],[105.2106,21.6365],[105.2179,21.6319],[105.2213,21.6307],[105.2244,21.631]]]},"properties":{"code":"07999","name":"Chí Đám","nameEn":"Chi Dam","fullName":"Xã Chí Đám","fullNameEn":"Chi Dam Commune","codeName":"chi_dam","postalCode":"35308","postalCodePrefix":"","gisServerId":"diaphanhanhchinhcapxa_2025.1541","areaKm2":49.36},"id":"07999"},
{"type":"Feature","geometry":{"type":"Polygon","coordinates":[[[105.1829,21.6468],[105.172,21.6419],[105.1703,21.6414],[105.1692,21.6417],[105.166,21.6449],[105.1649,21.6478],[105.1656,21.6502],[105.1683,21.6525],[105.1704,21.6553],[105.1704,21.6577],[105.1692,21.6587],[105.165,21.66],[105.1603,21.6635],[105.155,21.6647],[105.1509,21.6664],[105.1458,21.6666],[105.1427,21.6681],[105.1383,21.6723],[105.1382,21.6734],[105.1393,21.6745],[105.1395,21.6769],[105.1385,21.6789],[105.1371,21.68],[105.1326,21.68],[105.1314,21.6793],[105.1294,21.6759],[105.1294,21.6743],[105.1305,21.6718],[105.13,21.671],[105.1283,21.6706],[105.1257,21.6719],[105.123,21.672],[105.1145,21.6689],[105.1096,21.6679],[105.1085,21.6685],[105.1078,21.6696],[105.1077,21.6733],[105.1059,21.6774],[105.1046,21.6776],[105.1013,21.6758],[105.0988,21.6758],[105.0976,21.6771],[105.0977,21.6801],[105.0967,21.6813],[105.0953,21.6807],[105.0946,21.6781],[105.0939,21.6788],[105.0917,21.6785],[105.0895,21.6767],[105.0852,21.6778],[105.0793,21.6739],[105.0785,21.6645],[105.0816,21.6609],[105.0828,21.6577],[105.0838,21.6572],[105.0842,21.655],[105.0852,21.6538],[105.0818,21.6507],[105.0823,21.6493],[105.0815,21.6494],[105.079,21.6514],[105.0791,21.6496],[105.0772,21.6484],[105.0767,21.6471],[105.0778,21.6466],[105.0787,21.6437],[105.0805,21.6416],[105.0811,21.6399],[105.0821,21.6396],[105.0823,21.6381],[105.0847,21.6374],[105.086,21.6382],[105.0908,21.6391],[105.0906,21.6409],[105.0928,21.6418],[105.0963,21.6406],[105.097,21.6396],[105.0976,21.6398],[105.098,21.6393],[105.099,21.6409],[105.1001,21.6407],[105.1019,21.6384],[105.1052,21.636],[105.106,21.6344],[105.1079,21.6331],[105.1111,21.634],[105.1129,21.6354],[105.1133,21.6354],[105.1137,21.6342],[105.1145,21.6341],[105.1163,21.6362],[105.1155,21.6366],[105.1159,21.6372],[105.1168,21.6379],[105.1178,21.6371],[105.1169,21.6367],[105.1166,21.6358],[105.1179,21.635],[105.1179,21.6343],[105.1166,21.6336],[105.1164,21.6319],[105.1165,21.6306],[105.1177,21.6292],[105.1163,21.6276],[105.117,21.6275],[105.1172,21.6263],[105.1179,21.6264],[105.1179,21.6249],[105.117,21.6243],[105.1176,21.6229],[105.1129,21.6202],[105.1131,21.6193],[105.1121,21.6198],[105.1112,21.6177],[105.109,21.6162],[105.1079,21.6146],[105.1081,21.6132],[105.1089,21.6124],[105.1084,21.6119],[105.107,21.6118],[105.1066,21.6102],[105.1079,21.6108],[105.1105,21.611],[105.1105,21.6107],[105.109,21.6103],[105.1079,21.6106],[105.1067,21.6092],[105.1068,21.6054],[105.1058,21.6024],[105.1057,21.5997],[105.1026,21.5979],[105.1036,21.5952],[105.1023,21.5949],[105.1019,21.594],[105.1027,21.5931],[105.1039,21.5927],[105.1045,21.5906],[105.1039,21.5883],[105.1018,21.5865],[105.1023,21.5851],[105.1032,21.5848],[105.1042,21.5851],[105.1047,21.5845],[105.107,21.585],[105.1046,21.5837],[105.1057,21.5823],[105.1072,21.5817],[105.1081,21.5826],[105.1079,21.5835],[105.1085,21.5834],[105.1089,21.5852],[105.1093,21.5851],[105.109,21.5834],[105.1074,21.5807],[105.1075,21.5797],[105.1086,21.5785],[105.1059,21.5743],[105.1053,21.5746],[105.1053,21.5726],[105.1064,21.5736],[105.1074,21.5732],[105.1082,21.5735],[105.1092,21.5724],[105.1106,21.573],[105.1114,21.5729],[105.1131,21.5718],[105.1138,21.5705],[105.1139,21.5717],[105.1166,21.5724],[105.1172,21.5736],[105.119,21.5732],[105.122,21.5742],[105.1232,21.5751],[105.124,21.5747],[105.125,21.5751],[105.1257,21.5762],[105.1294,21.5789],[105.1303,21.581],[105.1319,21.5821],[105.1373,21.5789],[105.1402,21.5785],[105.143,21.5796],[105.146,21.5766],[105.1471,21.5784],[105.1475,21.5814],[105.1461,21.5844],[105.1476,21.588],[105.1471,21.5908],[105.1481,21.5921],[105.1485,21.5938],[105.1465,21.5943],[105.1459,21.5987],[105.1426,21.6031],[105.1405,21.6034],[105.1384,21.6045],[105.1377,21.6055],[105.1368,21.6057],[105.1369,21.6066],[105.1359,21.6083],[105.1367,21.609],[105.1349,21.6087],[105.1341,21.6091],[105.134,21.6098],[105.1351,21.6109],[105.1352,21.6133],[105.1326,21.6176],[105.1328,21.6184],[105.1342,21.6195],[105.1347,21.6213],[105.1358,21.6224],[105.138,21.6228],[105.14,21.6246],[105.1418,21.6246],[105.1426,21.6257],[105.1424,21.6266],[105.143,21.6268],[105.1441,21.6262],[105.1445,21.6284],[105.1462,21.629],[105.1471,21.6317],[105.1473,21.634],[105.1458,21.6351],[105.1464,21.6369],[105.1485,21.6376],[105.151,21.637],[105.1528,21.6357],[105.1569,21.636],[105.1603,21.6346],[105.1602,21.6319],[105.1619,21.6314],[105.1644,21.6321],[105.1655,21.6316],[105.1674,21.6326],[105.1686,21.6341],[105.1709,21.6345],[105.1713,21.6353],[105.1706,21.6358],[105.1708,21.637],[105.1729,21.6375],[105.1736,21.6362],[105.1769,21.6379],[105.1777,21.6369],[105.1797,21.6378],[105.1806,21.6392],[105.1798,21.6404],[105.1799,21.6411],[105.1824,21.641],[105.1829,21.6468]]]},"properties":{"code":"08023","name":"Tây Cốc","nameEn":"Tay Coc","fullName":"Xã Tây Cốc","fullNameEn":"Tay Coc Commune","codeName":"tay_coc","postalCode":"35319","postalCodePrefix":"","gisServerId":"diaphanhanhchinhcapxa_2025.1542","areaKm2":59.07},"id":"08023"},
{"type":"Feature","geometry":{"type":"Polygon","coordinates":[[[105.2441,21.5978],[105.2401,21.5987],[105.2355,21.5988],[105.2315,21.5979],[105.2289,21.5978],[105.2173,21.5989],[105.2116,21.6005],[105.2033,21.6048],[105.2017,21.6038],[105.1993,21.6009],[105.1987,21.6009],[105.1979,21.5988],[105.1954,21.5975],[105.194,21.5955],[105.191,21.5947],[105.1901,21.5955],[105.1868,21.5955],[105.1858,21.5963],[105.1849,21.5956],[105.1849,21.595],[105.1837,21.5949],[105.1833,21.5957],[105.1825,21.5946],[105.1808,21.595],[105.1794,21.5937],[105.1808,21.5955],[105.1802,21.5962],[105.1799,21.5982],[105.1775,21.5981],[105.1747,21.6004],[105.1732,21.6009],[105.1735,21.6016],[105.173,21.6023],[105.1714,21.601],[105.1711,21.5997],[105.1708,21.6017],[105.1692,21.6027],[105.1686,21.6021],[105.1697,21.6004],[105.1679,21.602],[105.1672,21.6003],[105.1685,21.599],[105.1671,21.5995],[105.1665,21.5954],[105.1648,21.5931],[105.1633,21.5922],[105.1622,21.5901],[105.1607,21.5902],[105.1572,21.593],[105.1556,21.5929],[105.1538,21.5917],[105.152,21.5932],[105.1502,21.5932],[105.1485,21.5938],[105.1481,21.5921],[105.1471,21.5908],[105.1476,21.588],[105.1461,21.5844],[105.1475,21.5814],[105.1471,21.5784],[105.146,21.5766],[105.1469,21.5758],[105.1471,21.5747],[105.1501,21.5714],[105.1547,21.5682],[105.1542,21.5657],[105.1526,21.5631],[105.1493,21.56],[105.1499,21.5595],[105.15,21.5583],[105.1512,21.5563],[105.1528,21.5553],[105.1519,21.5548],[105.1517,21.5541],[105.1521,21.5477],[105.1537,21.545],[105.1553,21.544],[105.156,21.5431],[105.1559,21.5421],[105.1608,21.5424],[105.1614,21.5419],[105.1623,21.5432],[105.1641,21.544],[105.1666,21.5441],[105.1685,21.5422],[105.1703,21.5419],[105.1707,21.5406],[105.1721,21.54],[105.1742,21.5401],[105.1771,21.5392],[105.1789,21.5377],[105.1838,21.5382],[105.1847,21.5375],[105.1848,21.5362],[105.1855,21.5357],[105.1888,21.5372],[105.1921,21.5373],[105.1952,21.5358],[105.1981,21.5356],[105.1986,21.5352],[105.1989,21.5336],[105.1999,21.533],[105.201,21.5331],[105.2021,21.532],[105.2046,21.5312],[105.2054,21.5303],[105.2066,21.5298],[105.2067,21.529],[105.2058,21.5283],[105.205,21.5285],[105.2042,21.528],[105.2042,21.5274],[105.2038,21.5269],[105.2031,21.527],[105.203,21.5263],[105.2009,21.526],[105.1988,21.5251],[105.197,21.5232],[105.1976,21.5212],[105.1958,21.5202],[105.1953,21.5189],[105.1964,21.5184],[105.1975,21.5164],[105.1981,21.5171],[105.1998,21.5165],[105.2004,21.5176],[105.2011,21.5175],[105.2002,21.5162],[105.2002,21.5153],[105.2012,21.5151],[105.202,21.5161],[105.2024,21.5159],[105.2017,21.5149],[105.2024,21.5129],[105.2034,21.5125],[105.2048,21.5133],[105.2069,21.5114],[105.2077,21.5112],[105.2082,21.5116],[105.2108,21.5095],[105.2129,21.5093],[105.2117,21.5117],[105.212,21.5135],[105.2128,21.514],[105.2169,21.5124],[105.2191,21.5103],[105.2218,21.5122],[105.2219,21.5127],[105.2237,21.5107],[105.2243,21.5106],[105.2257,21.5129],[105.2266,21.5131],[105.2292,21.5116],[105.2289,21.5126],[105.2313,21.5139],[105.235,21.5112],[105.2359,21.5117],[105.2356,21.5128],[105.2362,21.5135],[105.2389,21.5137],[105.2398,21.513],[105.2408,21.5152],[105.2403,21.517],[105.2415,21.5175],[105.2417,21.52],[105.2432,21.5196],[105.2432,21.5214],[105.2444,21.5236],[105.2458,21.5242],[105.2465,21.5252],[105.2522,21.5253],[105.2537,21.5279],[105.2562,21.5291],[105.2575,21.5288],[105.2594,21.53],[105.2613,21.5297],[105.2614,21.5303],[105.2605,21.531],[105.2605,21.5322],[105.2637,21.5329],[105.264,21.5336],[105.2649,21.5333],[105.2654,21.5342],[105.266,21.5337],[105.2667,21.534],[105.2671,21.5368],[105.2683,21.5376],[105.2686,21.5387],[105.2696,21.5398],[105.2701,21.5397],[105.2706,21.5408],[105.2703,21.5422],[105.2716,21.5435],[105.2697,21.5442],[105.2681,21.5454],[105.2671,21.5473],[105.267,21.5488],[105.2684,21.5515],[105.2716,21.5542],[105.2741,21.5576],[105.2739,21.5612],[105.2711,21.5639],[105.2624,21.5686],[105.2564,21.5744],[105.2518,21.5798],[105.2485,21.5845],[105.2479,21.5864],[105.247,21.5951],[105.2462,21.5963],[105.2441,21.5978]]]},"properties":{"code":"08038","name":"Chân Mộng","nameEn":"Chan Mong","fullName":"Xã Chân Mộng","fullNameEn":"Chan Mong Commune","codeName":"chan_mong","postalCode":"35331","postalCodePrefix":"","gisServerId":"diaphanhanhchinhcapxa_2025.1543","areaKm2":89.85},"id":"08038"},
{"type":"Feature","geometry":{"type":"Polygon","coordinates":[[[105.0755,21.6089],[105.0731,21.6089],[105.0716,21.6105],[105.0712,21.6125],[105.0694,21.6131],[105.0686,21.6127],[105.0666,21.6133],[105.0653,21.6126],[105.0636,21.6128],[105.0629,21.6149],[105.0612,21.6147],[105.06,21.6164],[105.0583,21.6157],[105.0563,21.6167],[105.0554,21.616],[105.0545,21.6161],[105.0541,21.6149],[105.0527,21.6159],[105.0484,21.613],[105.0479,21.6146],[105.047,21.6146],[105.0448,21.6167],[105.0439,21.6163],[105.0419,21.6182],[105.0425,21.6202],[105.0438,21.6213],[105.0439,21.6222],[105.0429,21.6231],[105.0422,21.6225],[105.0416,21.6227],[105.0403,21.6243],[105.0402,21.6272],[105.0397,21.6279],[105.0405,21.6291],[105.0391,21.6281],[105.036,21.627],[105.0352,21.6281],[105.0343,21.627],[105.0324,21.6285],[105.0323,21.6273],[105.0309,21.6264],[105.0317,21.6256],[105.0314,21.6244],[105.0288,21.6218],[105.0269,21.6181],[105.0208,21.6153],[105.0204,21.6148],[105.0212,21.6132],[105.0208,21.6122],[105.02,21.6127],[105.0179,21.6126],[105.017,21.611],[105.0158,21.6102],[105.016,21.6088],[105.0149,21.6059],[105.0154,21.6046],[105.0151,21.6039],[105.0134,21.6036],[105.0134,21.6027],[105.0144,21.6021],[105.0116,21.5969],[105.009,21.597],[105.0073,21.5957],[105.0077,21.5937],[105.0099,21.5936],[105.0092,21.5922],[105.0099,21.5916],[105.0096,21.5907],[105.0099,21.59],[105.0092,21.5892],[105.0081,21.5896],[105.0054,21.5849],[105.004,21.5847],[105.0036,21.584],[105.0066,21.5777],[105.0065,21.5768],[105.0053,21.5761],[105.001,21.5755],[105.0007,21.5767],[104.9986,21.5764],[104.9932,21.5794],[104.9917,21.5747],[104.9938,21.5732],[104.9966,21.5697],[105.0016,21.5603],[105.0043,21.5535],[105.0085,21.5494],[105.0101,21.5464],[105.014,21.5429],[105.0257,21.5368],[105.0281,21.5394],[105.0277,21.5402],[105.0289,21.5409],[105.0286,21.5416],[105.0277,21.5416],[105.0277,21.5421],[105.0295,21.5413],[105.0314,21.5445],[105.0334,21.5453],[105.0307,21.5484],[105.0322,21.5497],[105.0313,21.5505],[105.0321,21.5507],[105.0317,21.5516],[105.0326,21.5533],[105.0319,21.5546],[105.0332,21.5557],[105.033,21.5567],[105.0349,21.5571],[105.0352,21.5578],[105.0374,21.5582],[105.0364,21.5589],[105.0378,21.5601],[105.0383,21.5626],[105.0422,21.5627],[105.0421,21.5673],[105.0432,21.5691],[105.0464,21.5707],[105.048,21.5731],[105.05,21.5736],[105.0504,21.5752],[105.0512,21.5759],[105.0528,21.5757],[105.0535,21.5766],[105.0549,21.5757],[105.0562,21.576],[105.0575,21.5749],[105.0584,21.5763],[105.0594,21.577],[105.0596,21.5781],[105.0592,21.5794],[105.0599,21.5818],[105.0613,21.5832],[105.0632,21.5836],[105.0637,21.5842],[105.0624,21.5853],[105.0617,21.5873],[105.0618,21.5879],[105.0632,21.5886],[105.0629,21.589],[105.0632,21.5904],[105.0623,21.5909],[105.065,21.593],[105.0645,21.5946],[105.0654,21.5953],[105.0661,21.597],[105.0688,21.5966],[105.0708,21.5983],[105.0712,21.5995],[105.0696,21.6022],[105.0702,21.6037],[105.0734,21.6041],[105.0741,21.6036],[105.0768,21.6057],[105.0752,21.6075],[105.0755,21.6089]]]},"properties":{"code":"08053","name":"Hạ Hoà","nameEn":"Ha Hoa","fullName":"Xã Hạ Hoà","fullNameEn":"Ha Hoa Commune","codeName":"ha_hoa","postalCode":"35406","postalCodePrefix":"","gisServerId":"diaphanhanhchinhcapxa_2025.1544","areaKm2":41.23},"id":"08053"},
{"type":"Feature","geometry":{"type":"Polygon","coordinates":[[[105.0324,21.6285],[105.0348,21.6317],[105.0333,21.636],[105.0314,21.6369],[105.0304,21.6387],[105.0282,21.6386],[105.0273,21.6406],[105.0265,21.6411],[105.025,21.6391],[105.0241,21.6393],[105.0225,21.6382],[105.0224,21.6401],[105.0204,21.6404],[105.0196,21.6412],[105.0182,21.6415],[105.0177,21.6429],[105.017,21.6431],[105.0166,21.6426],[105.0161,21.6431],[105.0169,21.6435],[105.0176,21.6482],[105.0186,21.6484],[105.0192,21.6479],[105.0201,21.6484],[105.0191,21.649],[105.0192,21.6503],[105.0177,21.6518],[105.0192,21.6521],[105.0208,21.6542],[105.0203,21.661],[105.0233,21.6614],[105.0237,21.6619],[105.0241,21.664],[105.0254,21.6663],[105.0253,21.6669],[105.0241,21.6674],[105.0248,21.6684],[105.0242,21.6699],[105.0265,21.6708],[105.0277,21.6704],[105.0273,21.6727],[105.0266,21.6734],[105.0271,21.6741],[105.0264,21.675],[105.0268,21.6755],[105.0277,21.6753],[105.0284,21.6762],[105.0303,21.6756],[105.0299,21.6771],[105.0318,21.6774],[105.032,21.6788],[105.0338,21.6805],[105.0318,21.6825],[105.0294,21.6861],[105.0256,21.6875],[105.0242,21.6905],[105.0214,21.6898],[105.0199,21.6878],[105.0192,21.6877],[105.0175,21.6887],[105.0161,21.688],[105.014,21.6882],[105.0127,21.6873],[105.0111,21.6874],[105.0105,21.6884],[105.0093,21.6881],[105.0049,21.6882],[105.0039,21.689],[105.0025,21.688],[105.0012,21.6879],[105.0004,21.6884],[104.9989,21.6861],[105.0016,21.6849],[105.0018,21.6843],[105.0003,21.6819],[104.9999,21.6797],[104.998,21.6795],[104.9949,21.6783],[104.9911,21.6786],[104.9902,21.6783],[104.9888,21.6761],[104.9874,21.6759],[104.9863,21.6748],[104.9836,21.6744],[104.9827,21.6732],[104.9799,21.6728],[104.9799,21.6718],[104.9817,21.6713],[104.9838,21.6699],[104.9857,21.6678],[104.9862,21.6664],[104.9855,21.6651],[104.9871,21.663],[104.9835,21.6604],[104.9793,21.6604],[104.9781,21.6598],[104.9762,21.6572],[104.9732,21.6569],[104.9728,21.6574],[104.9726,21.6564],[104.9735,21.6536],[104.9716,21.653],[104.9699,21.6506],[104.9722,21.6493],[104.972,21.6475],[104.9725,21.6464],[104.9715,21.6459],[104.9707,21.6472],[104.9697,21.6467],[104.9666,21.649],[104.9646,21.652],[104.9633,21.653],[104.961,21.6531],[104.9613,21.6543],[104.9604,21.6565],[104.9589,21.6557],[104.9591,21.6566],[104.958,21.6595],[104.9569,21.6608],[104.956,21.6608],[104.9556,21.6602],[104.9548,21.6604],[104.9536,21.6588],[104.9523,21.6591],[104.9519,21.6581],[104.9524,21.657],[104.9503,21.6566],[104.9494,21.6549],[104.9466,21.6557],[104.9451,21.6546],[104.9444,21.6547],[104.9438,21.6532],[104.9422,21.6522],[104.9413,21.6519],[104.9412,21.6527],[104.9381,21.6514],[104.9373,21.6461],[104.9358,21.6439],[104.9338,21.6421],[104.9297,21.6407],[104.9216,21.6404],[104.9126,21.6359],[104.9092,21.6337],[104.9074,21.6319],[104.9034,21.6257],[104.9032,21.6231],[104.9043,21.6218],[104.9132,21.613],[104.9168,21.6108],[104.9194,21.611],[104.929,21.6161],[104.9337,21.6177],[104.9396,21.6178],[104.9434,21.6169],[104.9485,21.6145],[104.9563,21.6092],[104.9611,21.6044],[104.9657,21.5965],[104.9706,21.5857],[104.9772,21.578],[104.9803,21.5765],[104.9863,21.5762],[104.9917,21.5747],[104.9932,21.5794],[104.9986,21.5764],[105.0007,21.5767],[105.001,21.5755],[105.0053,21.5761],[105.0065,21.5768],[105.0066,21.5777],[105.0036,21.584],[105.004,21.5847],[105.0054,21.5849],[105.0081,21.5896],[105.0092,21.5892],[105.0099,21.59],[105.0096,21.5907],[105.0099,21.5916],[105.0092,21.5922],[105.0099,21.5936],[105.0077,21.5937],[105.0073,21.5957],[105.009,21.597],[105.0116,21.5969],[105.0144,21.6021],[105.0134,21.6027],[105.0134,21.6036],[105.0151,21.6039],[105.0154,21.6046],[105.0149,21.6059],[105.016,21.6088],[105.0158,21.6102],[105.017,21.611],[105.0179,21.6126],[105.02,21.6127],[105.0208,21.6122],[105.0212,21.6132],[105.0204,21.6148],[105.0208,21.6153],[105.0269,21.6181],[105.0288,21.6218],[105.0314,21.6244],[105.0317,21.6256],[105.0309,21.6264],[105.0323,21.6273],[105.0324,21.6285]]]},"properties":{"code":"08071","name":"Đan Thượng","nameEn":"Dan Thuong","fullName":"Xã Đan Thượng","fullNameEn":"Dan Thuong Commune","codeName":"dan_thuong","postalCode":"35414","postalCodePrefix":"","gisServerId":"diaphanhanhchinhcapxa_2025.1599","areaKm2":84.15},"id":"08071"},
{"type":"Feature","geometry":{"type":"Polygon","coordinates":[[[104.9917,21.5747],[104.9863,21.5762],[104.9803,21.5765],[104.9772,21.578],[104.9706,21.5857],[104.9657,21.5965],[104.9611,21.6044],[104.9563,21.6092],[104.9485,21.6145],[104.9434,21.6169],[104.9396,21.6178],[104.9337,21.6177],[104.929,21.6161],[104.9194,21.611],[104.9168,21.6108],[104.9132,21.613],[104.9043,21.6218],[104.9045,21.6158],[104.9058,21.6081],[104.9053,21.6086],[104.9049,21.6082],[104.9026,21.6103],[104.9009,21.6107],[104.8931,21.6082],[104.8933,21.6091],[104.8928,21.6086],[104.8909,21.6088],[104.8879,21.6124],[104.8874,21.612],[104.8892,21.6085],[104.892,21.6063],[104.8934,21.6044],[104.8922,21.5986],[104.8925,21.596],[104.8938,21.5938],[104.8928,21.5926],[104.8937,21.591],[104.8932,21.5898],[104.8952,21.5876],[104.8947,21.5849],[104.8969,21.5826],[104.8983,21.5771],[104.8982,21.5758],[104.8976,21.5751],[104.8982,21.5726],[104.8978,21.5714],[104.8968,21.572],[104.8964,21.5713],[104.8972,21.5707],[104.8982,21.5688],[104.8971,21.568],[104.8984,21.5654],[104.8991,21.5651],[104.8887,21.5582],[104.8852,21.5577],[104.883,21.5583],[104.8821,21.559],[104.8788,21.5567],[104.8775,21.5566],[104.877,21.5558],[104.8733,21.5563],[104.8719,21.5556],[104.8706,21.5542],[104.8675,21.5489],[104.868,21.5433],[104.8688,21.5421],[104.8698,21.5416],[104.8705,21.5399],[104.8725,21.5392],[104.8769,21.5359],[104.8821,21.5349],[104.8881,21.5358],[104.8887,21.5363],[104.8895,21.536],[104.8941,21.5375],[104.8954,21.537],[104.8976,21.5388],[104.9021,21.5408],[104.9029,21.5415],[104.9053,21.5413],[104.9064,21.5417],[104.9071,21.5412],[104.9085,21.5419],[104.9084,21.5424],[104.9132,21.5443],[104.9151,21.5426],[104.9168,21.5393],[104.9183,21.5386],[104.921,21.5332],[104.9235,21.5327],[104.926,21.5301],[104.927,21.5287],[104.9286,21.5242],[104.9304,21.5224],[104.9313,21.5222],[104.9346,21.5253],[104.9344,21.5271],[104.9351,21.5311],[104.936,21.5316],[104.9369,21.5339],[104.9379,21.5347],[104.9411,21.5328],[104.9429,21.5334],[104.9438,21.5345],[104.946,21.5346],[104.9464,21.5342],[104.9468,21.5348],[104.9474,21.5344],[104.9482,21.5346],[104.9492,21.5352],[104.9494,21.5359],[104.9505,21.5363],[104.9509,21.5355],[104.9516,21.5356],[104.9518,21.5349],[104.9545,21.5347],[104.9544,21.5336],[104.9554,21.5343],[104.9561,21.5337],[104.9559,21.5326],[104.9564,21.5322],[104.9569,21.5327],[104.9577,21.5316],[104.9583,21.532],[104.9591,21.5314],[104.9605,21.5315],[104.961,21.531],[104.9628,21.5337],[104.9624,21.5346],[104.9636,21.5356],[104.9633,21.5376],[104.9648,21.5391],[104.9642,21.5407],[104.9649,21.5421],[104.9676,21.5422],[104.9679,21.5442],[104.97,21.5456],[104.9748,21.5407],[104.976,21.5406],[104.9773,21.5415],[104.9774,21.5429],[104.9798,21.5445],[104.9793,21.5495],[104.9801,21.5509],[104.9809,21.5508],[104.982,21.5497],[104.9831,21.5502],[104.9846,21.5496],[104.9854,21.5504],[104.9869,21.55],[104.9878,21.5507],[104.985,21.5541],[104.9866,21.5529],[104.9871,21.5533],[104.9873,21.5523],[104.9881,21.5525],[104.9881,21.5519],[104.9886,21.5518],[104.9884,21.5514],[104.989,21.5509],[104.9916,21.5525],[104.9929,21.5529],[104.9935,21.5526],[104.9952,21.5551],[104.9957,21.5548],[104.9966,21.5551],[104.9972,21.5542],[104.998,21.5554],[104.9996,21.5543],[104.9997,21.5533],[105.0007,21.5528],[105.0043,21.5535],[105.0016,21.5603],[104.9966,21.5697],[104.9938,21.5732],[104.9917,21.5747]]]},"properties":{"code":"08110","name":"Hiền Lương","nameEn":"Hien Luong","fullName":"Xã Hiền Lương","fullNameEn":"Hien Luong Commune","codeName":"hien_luong","postalCode":"35420","postalCodePrefix":"","gisServerId":"diaphanhanhchinhcapxa_2025.1600","areaKm2":81.39},"id":"08110"},
{"type":"Feature","geometry":{"type":"Polygon","coordinates":[[[105.1026,21.5979],[105.0992,21.6003],[105.0968,21.5993],[105.0935,21.6003],[105.0924,21.601],[105.0922,21.6021],[105.0891,21.6018],[105.0874,21.601],[105.0841,21.6044],[105.0827,21.6045],[105.0818,21.6041],[105.0777,21.6057],[105.0774,21.6065],[105.078,21.6074],[105.0765,21.6078],[105.0755,21.6089],[105.0752,21.6075],[105.0768,21.6057],[105.0741,21.6036],[105.0734,21.6041],[105.0702,21.6037],[105.0696,21.6022],[105.0712,21.5995],[105.0708,21.5983],[105.0688,21.5966],[105.0661,21.597],[105.0654,21.5953],[105.0645,21.5946],[105.065,21.593],[105.0623,21.5909],[105.0632,21.5904],[105.0629,21.589],[105.0632,21.5886],[105.0618,21.5879],[105.0617,21.5873],[105.0624,21.5853],[105.0637,21.5842],[105.0632,21.5836],[105.0613,21.5832],[105.0599,21.5818],[105.0592,21.5794],[105.0596,21.5781],[105.0594,21.577],[105.0584,21.5763],[105.0575,21.5749],[105.0562,21.576],[105.0549,21.5757],[105.0535,21.5766],[105.0528,21.5757],[105.0512,21.5759],[105.0504,21.5752],[105.05,21.5736],[105.048,21.5731],[105.0464,21.5707],[105.0432,21.5691],[105.0421,21.5673],[105.0422,21.5627],[105.0429,21.5633],[105.0443,21.5634],[105.0457,21.563],[105.0458,21.5622],[105.0468,21.5617],[105.0481,21.5623],[105.0497,21.5613],[105.0487,21.5571],[105.0489,21.5556],[105.0484,21.5548],[105.0488,21.5541],[105.0496,21.5535],[105.0504,21.5536],[105.0527,21.5506],[105.0553,21.5507],[105.0574,21.5486],[105.0576,21.5468],[105.0615,21.5443],[105.062,21.5426],[105.0629,21.5424],[105.0633,21.5414],[105.0641,21.5419],[105.0648,21.5416],[105.0647,21.5407],[105.0641,21.5404],[105.0635,21.5411],[105.0631,21.541],[105.0631,21.5392],[105.0627,21.5403],[105.0609,21.5395],[105.0609,21.5376],[105.062,21.5377],[105.0614,21.5372],[105.0604,21.5373],[105.0617,21.5362],[105.0613,21.5347],[105.0616,21.5304],[105.0622,21.528],[105.0631,21.5269],[105.0635,21.5248],[105.0644,21.5245],[105.0646,21.5235],[105.0656,21.5233],[105.0663,21.5227],[105.0664,21.52],[105.0714,21.5208],[105.0724,21.5204],[105.0742,21.5153],[105.0751,21.5144],[105.0776,21.5135],[105.0777,21.5125],[105.0786,21.5117],[105.0781,21.5106],[105.0793,21.5094],[105.0798,21.5077],[105.0822,21.508],[105.0837,21.5076],[105.0827,21.5086],[105.0832,21.51],[105.0851,21.5118],[105.0845,21.5121],[105.0865,21.5161],[105.0881,21.5161],[105.0887,21.5171],[105.0913,21.5188],[105.092,21.5213],[105.0916,21.5223],[105.0922,21.5231],[105.0901,21.5252],[105.0899,21.5261],[105.0908,21.5265],[105.093,21.5256],[105.0933,21.5266],[105.0948,21.5272],[105.0967,21.5289],[105.0969,21.5298],[105.0964,21.5302],[105.097,21.5305],[105.0965,21.5314],[105.0967,21.5325],[105.0959,21.5333],[105.0977,21.5369],[105.0984,21.5374],[105.097,21.5384],[105.0981,21.5382],[105.0994,21.5388],[105.1006,21.5398],[105.1008,21.5409],[105.1045,21.5419],[105.1057,21.5416],[105.1061,21.5421],[105.1059,21.5429],[105.1068,21.5425],[105.109,21.5426],[105.1091,21.5419],[105.1103,21.5426],[105.1105,21.5421],[105.1092,21.5417],[105.1105,21.5406],[105.1113,21.5417],[105.1123,21.5422],[105.1139,21.5412],[105.1151,21.5425],[105.116,21.5423],[105.1166,21.5427],[105.1163,21.543],[105.1168,21.5435],[105.1171,21.5447],[105.1177,21.5453],[105.1182,21.545],[105.1189,21.5455],[105.1188,21.5472],[105.1201,21.5483],[105.1223,21.5472],[105.1235,21.5492],[105.1252,21.5488],[105.1261,21.5479],[105.1275,21.5483],[105.1291,21.5497],[105.1285,21.5505],[105.1289,21.551],[105.128,21.5514],[105.1299,21.553],[105.1297,21.5538],[105.1341,21.5566],[105.1326,21.5586],[105.1326,21.56],[105.1337,21.5617],[105.1331,21.5634],[105.1322,21.5637],[105.1319,21.5646],[105.132,21.5635],[105.1308,21.5634],[105.1299,21.5649],[105.1308,21.5656],[105.1309,21.5664],[105.1317,21.5672],[105.1329,21.5674],[105.1364,21.5702],[105.1381,21.5706],[105.1392,21.57],[105.1402,21.5708],[105.1414,21.5708],[105.1444,21.5752],[105.146,21.5766],[105.143,21.5796],[105.1402,21.5785],[105.1373,21.5789],[105.1319,21.5821],[105.1303,21.581],[105.1294,21.5789],[105.1257,21.5762],[105.125,21.5751],[105.124,21.5747],[105.1232,21.5751],[105.122,21.5742],[105.119,21.5732],[105.1172,21.5736],[105.1166,21.5724],[105.1139,21.5717],[105.1138,21.5705],[105.1131,21.5718],[105.1114,21.5729],[105.1106,21.573],[105.1092,21.5724],[105.1082,21.5735],[105.1074,21.5732],[105.1064,21.5736],[105.1053,21.5726],[105.1053,21.5746],[105.1059,21.5743],[105.1086,21.5785],[105.1075,21.5797],[105.1074,21.5807],[105.109,21.5834],[105.1093,21.5851],[105.1089,21.5852],[105.1085,21.5834],[105.1079,21.5835],[105.1081,21.5826],[105.1072,21.5817],[105.1057,21.5823],[105.1046,21.5837],[105.107,21.585],[105.1047,21.5845],[105.1042,21.5851],[105.1032,21.5848],[105.1023,21.5851],[105.1018,21.5865],[105.1039,21.5883],[105.1045,21.5906],[105.1039,21.5927],[105.1027,21.5931],[105.1019,21.594],[105.1023,21.5949],[105.1036,21.5952],[105.1026,21.5979]]]},"properties":{"code":"08113","name":"Yên Kỳ","nameEn":"Yen Ky","fullName":"Xã Yên Kỳ","fullNameEn":"Yen Ky Commune","codeName":"yen_ky","postalCode":"35436","postalCodePrefix":"","gisServerId":"diaphanhanhchinhcapxa_2025.1545","areaKm2":53.58},"id":"08113"},
{"type":"Feature","geometry":{"type":"Polygon","coordinates":[[[105.0043,21.5535],[105.0007,21.5528],[104.9997,21.5533],[104.9996,21.5543],[104.998,21.5554],[104.9972,21.5542],[104.9966,21.5551],[104.9957,21.5548],[104.9952,21.5551],[104.9935,21.5526],[104.9929,21.5529],[104.9916,21.5525],[104.989,21.5509],[104.9884,21.5514],[104.9886,21.5518],[104.9881,21.5519],[104.9881,21.5525],[104.9873,21.5523],[104.9871,21.5533],[104.9866,21.5529],[104.985,21.5541],[104.9878,21.5507],[104.9869,21.55],[104.9854,21.5504],[104.9846,21.5496],[104.9831,21.5502],[104.982,21.5497],[104.9809,21.5508],[104.9801,21.5509],[104.9793,21.5495],[104.9798,21.5445],[104.9774,21.5429],[104.9773,21.5415],[104.976,21.5406],[104.9748,21.5407],[104.97,21.5456],[104.9679,21.5442],[104.9676,21.5422],[104.9649,21.5421],[104.9642,21.5407],[104.9648,21.5391],[104.9633,21.5376],[104.9636,21.5356],[104.9624,21.5346],[104.9628,21.5337],[104.961,21.531],[104.9605,21.5315],[104.9591,21.5314],[104.9583,21.532],[104.9577,21.5316],[104.9569,21.5327],[104.9564,21.5322],[104.9559,21.5326],[104.9561,21.5337],[104.9554,21.5343],[104.9544,21.5336],[104.9545,21.5347],[104.9518,21.5349],[104.9516,21.5356],[104.9509,21.5355],[104.9505,21.5363],[104.9494,21.5359],[104.9492,21.5352],[104.9482,21.5346],[104.9474,21.5344],[104.9468,21.5348],[104.9464,21.5342],[104.946,21.5346],[104.9438,21.5345],[104.9429,21.5334],[104.9411,21.5328],[104.9379,21.5347],[104.9369,21.5339],[104.936,21.5316],[104.9351,21.5311],[104.9344,21.5271],[104.9346,21.5253],[104.9313,21.5222],[104.9346,21.5176],[104.9359,21.5145],[104.9358,21.5132],[104.9373,21.512],[104.9396,21.5077],[104.9405,21.5047],[104.9396,21.5043],[104.9358,21.5043],[104.9353,21.5026],[104.9349,21.4962],[104.9353,21.4954],[104.9395,21.4945],[104.9412,21.4947],[104.9441,21.4965],[104.9472,21.4965],[104.9487,21.4976],[104.949,21.4994],[104.9506,21.4993],[104.9501,21.4979],[104.9511,21.4965],[104.9522,21.4961],[104.9527,21.4952],[104.9545,21.4952],[104.96,21.4893],[104.9634,21.4879],[104.9665,21.4852],[104.9674,21.485],[104.9722,21.4865],[104.9786,21.4874],[104.9782,21.4882],[104.9791,21.4923],[104.9775,21.4946],[104.9811,21.4995],[104.9827,21.5005],[104.9833,21.5005],[104.9878,21.4977],[104.9903,21.4978],[104.9919,21.4973],[104.9945,21.4951],[104.9949,21.4955],[104.996,21.4955],[104.9964,21.4967],[104.9991,21.4961],[104.9993,21.4949],[105.0006,21.4942],[105.0026,21.4948],[105.0033,21.4958],[105.0049,21.4964],[105.0064,21.4962],[105.0067,21.4982],[105.0086,21.4985],[105.0095,21.498],[105.0099,21.499],[105.0111,21.4997],[105.0121,21.499],[105.0124,21.4975],[105.0132,21.4973],[105.014,21.4979],[105.0138,21.497],[105.0146,21.495],[105.0188,21.4952],[105.0193,21.4926],[105.0204,21.4929],[105.0209,21.4937],[105.0235,21.4943],[105.0264,21.4964],[105.0284,21.4967],[105.0325,21.4949],[105.0336,21.4922],[105.0356,21.491],[105.0356,21.4906],[105.0374,21.4903],[105.039,21.4914],[105.0397,21.4893],[105.0412,21.4885],[105.043,21.4897],[105.0429,21.4909],[105.044,21.4915],[105.046,21.491],[105.0477,21.4895],[105.0482,21.49],[105.047,21.4925],[105.0481,21.4949],[105.0466,21.4956],[105.0438,21.4957],[105.043,21.4974],[105.0434,21.498],[105.0441,21.4982],[105.046,21.4967],[105.0475,21.4982],[105.0472,21.5005],[105.0441,21.5014],[105.0412,21.503],[105.035,21.5084],[105.0332,21.5101],[105.027,21.5188],[105.0265,21.5255],[105.0288,21.5299],[105.0291,21.5316],[105.0277,21.5345],[105.0257,21.5368],[105.014,21.5429],[105.0101,21.5464],[105.0085,21.5494],[105.0043,21.5535]]]},"properties":{"code":"08134","name":"Văn Lang","nameEn":"Van Lang","fullName":"Xã Văn Lang","fullNameEn":"Van Lang Commune","codeName":"van_lang","postalCode":"35426","postalCodePrefix":"","gisServerId":"diaphanhanhchinhcapxa_2025.1546","areaKm2":54.06},"id":"08134"},
{"type":"Feature","geometry":{"type":"Polygon","coordinates":[[[105.0793,21.5094],[105.0781,21.5106],[105.0786,21.5117],[105.0777,21.5125],[105.0776,21.5135],[105.0751,21.5144],[105.0742,21.5153],[105.0724,21.5204],[105.0714,21.5208],[105.0664,21.52],[105.0663,21.5227],[105.0656,21.5233],[105.0646,21.5235],[105.0644,21.5245],[105.0635,21.5248],[105.0631,21.5269],[105.0622,21.528],[105.0616,21.5304],[105.0613,21.5347],[105.0617,21.5362],[105.0604,21.5373],[105.0614,21.5372],[105.062,21.5377],[105.0609,21.5376],[105.0609,21.5395],[105.0627,21.5403],[105.0631,21.5392],[105.0631,21.541],[105.0635,21.5411],[105.0641,21.5404],[105.0647,21.5407],[105.0648,21.5416],[105.0641,21.5419],[105.0633,21.5414],[105.0629,21.5424],[105.062,21.5426],[105.0615,21.5443],[105.0576,21.5468],[105.0574,21.5486],[105.0553,21.5507],[105.0527,21.5506],[105.0504,21.5536],[105.0496,21.5535],[105.0488,21.5541],[105.0484,21.5548],[105.0489,21.5556],[105.0487,21.5571],[105.0497,21.5613],[105.0481,21.5623],[105.0468,21.5617],[105.0458,21.5622],[105.0457,21.563],[105.0443,21.5634],[105.0429,21.5633],[105.0422,21.5627],[105.0383,21.5626],[105.0378,21.5601],[105.0364,21.5589],[105.0374,21.5582],[105.0352,21.5578],[105.0349,21.5571],[105.033,21.5567],[105.0332,21.5557],[105.0319,21.5546],[105.0326,21.5533],[105.0317,21.5516],[105.0321,21.5507],[105.0313,21.5505],[105.0322,21.5497],[105.0307,21.5484],[105.0334,21.5453],[105.0314,21.5445],[105.0295,21.5413],[105.0277,21.5421],[105.0277,21.5416],[105.0286,21.5416],[105.0289,21.5409],[105.0277,21.5402],[105.0281,21.5394],[105.0257,21.5368],[105.0277,21.5345],[105.0291,21.5316],[105.0288,21.5299],[105.0265,21.5255],[105.027,21.5188],[105.0332,21.5101],[105.035,21.5084],[105.0412,21.503],[105.0441,21.5014],[105.0472,21.5005],[105.0511,21.4963],[105.0537,21.4945],[105.0565,21.4936],[105.0618,21.4931],[105.0626,21.4935],[105.0644,21.4916],[105.0679,21.4893],[105.0761,21.4859],[105.0792,21.4831],[105.0815,21.483],[105.0831,21.4863],[105.0831,21.4875],[105.0836,21.4875],[105.084,21.4885],[105.082,21.4897],[105.0833,21.4924],[105.0839,21.4937],[105.0806,21.499],[105.0785,21.5001],[105.0781,21.4994],[105.0766,21.5003],[105.0757,21.5001],[105.0756,21.5013],[105.0776,21.5044],[105.077,21.5055],[105.0793,21.5094]]]},"properties":{"code":"08143","name":"Vĩnh Chân","nameEn":"Vinh Chan","fullName":"Xã Vĩnh Chân","fullNameEn":"Vinh Chan Commune","codeName":"vinh_chan","postalCode":"35429","postalCodePrefix":"","gisServerId":"diaphanhanhchinhcapxa_2025.1547","areaKm2":27.12},"id":"08143"},
{"type":"Feature","geometry":{"type":"Polygon","coordinates":[[[105.15,21.5583],[105.1499,21.5595],[105.1493,21.56],[105.1526,21.5631],[105.1542,21.5657],[105.1547,21.5682],[105.1501,21.5714],[105.1471,21.5747],[105.1469,21.5758],[105.146,21.5766],[105.1444,21.5752],[105.1414,21.5708],[105.1402,21.5708],[105.1392,21.57],[105.1381,21.5706],[105.1364,21.5702],[105.1329,21.5674],[105.1317,21.5672],[105.1309,21.5664],[105.1308,21.5656],[105.1299,21.5649],[105.1308,21.5634],[105.132,21.5635],[105.1319,21.5646],[105.1322,21.5637],[105.1331,21.5634],[105.1337,21.5617],[105.1326,21.56],[105.1326,21.5586],[105.1341,21.5566],[105.1297,21.5538],[105.1299,21.553],[105.128,21.5514],[105.1289,21.551],[105.1285,21.5505],[105.1291,21.5497],[105.1275,21.5483],[105.1261,21.5479],[105.1252,21.5488],[105.1235,21.5492],[105.1223,21.5472],[105.1201,21.5483],[105.1188,21.5472],[105.1189,21.5455],[105.1182,21.545],[105.1177,21.5453],[105.1171,21.5447],[105.1168,21.5435],[105.1163,21.543],[105.1166,21.5427],[105.116,21.5423],[105.1151,21.5425],[105.1139,21.5412],[105.1123,21.5422],[105.1113,21.5417],[105.1105,21.5406],[105.1092,21.5417],[105.1105,21.5421],[105.1103,21.5426],[105.1091,21.5419],[105.109,21.5426],[105.1068,21.5425],[105.1059,21.5429],[105.1061,21.5421],[105.1057,21.5416],[105.1045,21.5419],[105.1008,21.5409],[105.1006,21.5398],[105.0994,21.5388],[105.0981,21.5382],[105.097,21.5384],[105.0984,21.5374],[105.0977,21.5369],[105.0959,21.5333],[105.0967,21.5325],[105.0965,21.5314],[105.097,21.5305],[105.0964,21.5302],[105.0969,21.5298],[105.0967,21.5289],[105.0948,21.5272],[105.0933,21.5266],[105.093,21.5256],[105.0908,21.5265],[105.0899,21.5261],[105.0901,21.5252],[105.0922,21.5231],[105.0916,21.5223],[105.092,21.5213],[105.0913,21.5188],[105.0887,21.5171],[105.0881,21.5161],[105.0865,21.5161],[105.0845,21.5121],[105.0851,21.5118],[105.0832,21.51],[105.0827,21.5086],[105.0837,21.5076],[105.0822,21.508],[105.0798,21.5077],[105.0793,21.5094],[105.077,21.5055],[105.0776,21.5044],[105.0756,21.5013],[105.0757,21.5001],[105.0766,21.5003],[105.0781,21.4994],[105.0785,21.5001],[105.0806,21.499],[105.0839,21.4937],[105.0833,21.4924],[105.0842,21.4923],[105.0841,21.4912],[105.0861,21.4902],[105.0877,21.4913],[105.091,21.4884],[105.0942,21.4871],[105.0954,21.4852],[105.0977,21.4866],[105.0978,21.4876],[105.1016,21.4873],[105.1018,21.4869],[105.1025,21.4877],[105.1028,21.4871],[105.1019,21.4866],[105.1028,21.4865],[105.1029,21.486],[105.1021,21.4857],[105.1016,21.4848],[105.1,21.4848],[105.0978,21.483],[105.1011,21.4814],[105.1043,21.4818],[105.1056,21.4821],[105.1057,21.4835],[105.1064,21.4842],[105.1061,21.4852],[105.1083,21.4858],[105.1081,21.4871],[105.107,21.4877],[105.1092,21.4897],[105.1092,21.4903],[105.1102,21.4907],[105.1115,21.4927],[105.113,21.4929],[105.113,21.4937],[105.1134,21.4924],[105.1152,21.4935],[105.1149,21.4926],[105.1158,21.4926],[105.1166,21.4904],[105.118,21.4902],[105.1187,21.4912],[105.119,21.4908],[105.1196,21.4909],[105.1193,21.4915],[105.1195,21.4922],[105.1199,21.4919],[105.1204,21.4922],[105.1204,21.4901],[105.1199,21.4903],[105.1186,21.4895],[105.1189,21.4885],[105.1199,21.4892],[105.1212,21.4885],[105.1213,21.4879],[105.1214,21.4894],[105.1223,21.4895],[105.1215,21.4896],[105.1213,21.4901],[105.1214,21.4913],[105.122,21.4922],[105.1225,21.4918],[105.1223,21.4908],[105.1233,21.4897],[105.1249,21.4899],[105.1253,21.4908],[105.1259,21.4909],[105.1269,21.4907],[105.1273,21.4901],[105.1272,21.4918],[105.1287,21.4908],[105.1295,21.4911],[105.1288,21.4926],[105.1293,21.4934],[105.131,21.4914],[105.1302,21.4942],[105.1311,21.4938],[105.1309,21.4928],[105.1317,21.4921],[105.1328,21.4938],[105.1347,21.4943],[105.1361,21.4935],[105.1363,21.494],[105.1369,21.493],[105.1381,21.4928],[105.1389,21.4932],[105.1393,21.4927],[105.1413,21.4937],[105.1416,21.493],[105.141,21.4916],[105.1417,21.4908],[105.1428,21.491],[105.1429,21.4904],[105.1437,21.4904],[105.1437,21.49],[105.1425,21.4893],[105.1437,21.4885],[105.1441,21.4892],[105.1455,21.4895],[105.1457,21.4906],[105.1466,21.4913],[105.1463,21.492],[105.1481,21.4926],[105.1474,21.4947],[105.1464,21.495],[105.1474,21.4954],[105.148,21.4969],[105.1476,21.4973],[105.1479,21.4984],[105.1492,21.4992],[105.1494,21.5],[105.1494,21.4981],[105.1507,21.4981],[105.1514,21.4995],[105.1522,21.4999],[105.1531,21.5017],[105.1552,21.5022],[105.1553,21.5041],[105.1536,21.5054],[105.1522,21.5092],[105.1494,21.5096],[105.1494,21.5112],[105.1483,21.5113],[105.1481,21.5118],[105.1474,21.5117],[105.1444,21.5131],[105.1435,21.5147],[105.1401,21.5144],[105.138,21.5133],[105.1366,21.5138],[105.1353,21.5133],[105.1349,21.5155],[105.1358,21.5163],[105.1346,21.5172],[105.1349,21.5176],[105.1335,21.5191],[105.1343,21.5221],[105.1353,21.5229],[105.1347,21.5238],[105.1351,21.5247],[105.1335,21.5259],[105.1323,21.5259],[105.1321,21.5269],[105.1327,21.5276],[105.1325,21.5291],[105.1337,21.5306],[105.1333,21.5318],[105.1344,21.533],[105.135,21.5365],[105.1363,21.5376],[105.1363,21.5386],[105.1356,21.5392],[105.1386,21.5385],[105.1392,21.5393],[105.1387,21.5405],[105.1391,21.5416],[105.1389,21.5425],[105.1396,21.5433],[105.1392,21.544],[105.1369,21.5451],[105.1374,21.5458],[105.139,21.5462],[105.1396,21.5468],[105.1394,21.5477],[105.1386,21.5482],[105.1405,21.5484],[105.1407,21.5494],[105.1427,21.5485],[105.1438,21.5502],[105.1461,21.5522],[105.1467,21.5558],[105.15,21.5583]]]},"properties":{"code":"08152","name":"Thanh Ba","nameEn":"Thanh Ba","fullName":"Xã Thanh Ba","fullNameEn":"Thanh Ba Commune","codeName":"thanh_ba","postalCode":"35706","postalCodePrefix":"","gisServerId":"diaphanhanhchinhcapxa_2025.1548","areaKm2":38.6},"id":"08152"},
{"type":"Feature","geometry":{"type":"Polygon","coordinates":[[[105.2129,21.5093],[105.2108,21.5095],[105.2082,21.5116],[105.2077,21.5112],[105.2069,21.5114],[105.2048,21.5133],[105.2034,21.5125],[105.2024,21.5129],[105.2017,21.5149],[105.2024,21.5159],[105.202,21.5161],[105.2012,21.5151],[105.2002,21.5153],[105.2002,21.5162],[105.2011,21.5175],[105.2004,21.5176],[105.1998,21.5165],[105.1981,21.5171],[105.1975,21.5164],[105.1964,21.5184],[105.1953,21.5189],[105.1958,21.5202],[105.1976,21.5212],[105.197,21.5232],[105.1988,21.5251],[105.2009,21.526],[105.203,21.5263],[105.2031,21.527],[105.2038,21.5269],[105.2042,21.5274],[105.2042,21.528],[105.205,21.5285],[105.2058,21.5283],[105.2067,21.529],[105.2066,21.5298],[105.2054,21.5303],[105.2046,21.5312],[105.2021,21.532],[105.201,21.5331],[105.1999,21.533],[105.1989,21.5336],[105.1986,21.5352],[105.1981,21.5356],[105.1952,21.5358],[105.1921,21.5373],[105.1888,21.5372],[105.1855,21.5357],[105.1848,21.5362],[105.1847,21.5375],[105.1838,21.5382],[105.1789,21.5377],[105.1771,21.5392],[105.1742,21.5401],[105.1721,21.54],[105.1707,21.5406],[105.1703,21.5419],[105.1685,21.5422],[105.1666,21.5441],[105.1641,21.544],[105.1623,21.5432],[105.1614,21.5419],[105.1608,21.5424],[105.1559,21.5421],[105.156,21.5431],[105.1553,21.544],[105.1537,21.545],[105.1521,21.5477],[105.1517,21.5541],[105.1519,21.5548],[105.1528,21.5553],[105.1512,21.5563],[105.15,21.5583],[105.1467,21.5558],[105.1461,21.5522],[105.1438,21.5502],[105.1427,21.5485],[105.1407,21.5494],[105.1405,21.5484],[105.1386,21.5482],[105.1394,21.5477],[105.1396,21.5468],[105.139,21.5462],[105.1374,21.5458],[105.1369,21.5451],[105.1392,21.544],[105.1396,21.5433],[105.1389,21.5425],[105.1391,21.5416],[105.1387,21.5405],[105.1392,21.5393],[105.1386,21.5385],[105.1356,21.5392],[105.1363,21.5386],[105.1363,21.5376],[105.135,21.5365],[105.1344,21.533],[105.1333,21.5318],[105.1337,21.5306],[105.1325,21.5291],[105.1327,21.5276],[105.1321,21.5269],[105.1323,21.5259],[105.1335,21.5259],[105.1351,21.5247],[105.1347,21.5238],[105.1353,21.5229],[105.1343,21.5221],[105.1335,21.5191],[105.1349,21.5176],[105.1346,21.5172],[105.1358,21.5163],[105.1349,21.5155],[105.1353,21.5133],[105.1366,21.5138],[105.138,21.5133],[105.1401,21.5144],[105.1435,21.5147],[105.1444,21.5131],[105.1474,21.5117],[105.1481,21.5118],[105.1483,21.5113],[105.1494,21.5112],[105.1494,21.5096],[105.1522,21.5092],[105.1536,21.5054],[105.1553,21.5041],[105.1569,21.5045],[105.1581,21.5036],[105.1597,21.5043],[105.1603,21.5035],[105.1599,21.5012],[105.1624,21.4993],[105.1635,21.4998],[105.1635,21.5009],[105.1644,21.502],[105.165,21.5019],[105.1656,21.501],[105.1675,21.501],[105.1678,21.5001],[105.1688,21.4994],[105.1687,21.498],[105.1704,21.4977],[105.1702,21.4969],[105.1715,21.4956],[105.1704,21.4952],[105.1714,21.4952],[105.1726,21.4944],[105.1732,21.4947],[105.1735,21.4943],[105.1724,21.4938],[105.1723,21.4928],[105.1744,21.4917],[105.1743,21.4897],[105.175,21.49],[105.1761,21.4897],[105.1769,21.4888],[105.1771,21.4873],[105.1764,21.4863],[105.179,21.4831],[105.1786,21.4847],[105.1799,21.484],[105.1812,21.4822],[105.1813,21.4797],[105.182,21.4812],[105.1833,21.4801],[105.1817,21.4774],[105.1822,21.4764],[105.184,21.4752],[105.184,21.4748],[105.1861,21.4749],[105.1897,21.473],[105.1929,21.4755],[105.1949,21.4759],[105.1947,21.4768],[105.1954,21.477],[105.1954,21.4776],[105.1963,21.4783],[105.1969,21.478],[105.1983,21.4785],[105.1982,21.4805],[105.1991,21.481],[105.1986,21.4819],[105.1994,21.4818],[105.1995,21.4824],[105.2006,21.4826],[105.2015,21.4836],[105.2013,21.4844],[105.2028,21.484],[105.2044,21.4844],[105.2072,21.4842],[105.2093,21.4857],[105.2097,21.4882],[105.2128,21.4887],[105.2128,21.4892],[105.2108,21.4898],[105.2115,21.4942],[105.212,21.4949],[105.2129,21.4949],[105.2135,21.4961],[105.2147,21.4963],[105.2164,21.5008],[105.2153,21.5012],[105.2158,21.5025],[105.2144,21.5033],[105.2138,21.5042],[105.2135,21.508],[105.2129,21.5093]]]},"properties":{"code":"08173","name":"Quảng Yên","nameEn":"Quang Yen","fullName":"Xã Quảng Yên","fullNameEn":"Quang Yen Commune","codeName":"quang_yen","postalCode":"35707","postalCodePrefix":"","gisServerId":"diaphanhanhchinhcapxa_2025.1549","areaKm2":39.58},"id":"08173"},
{"type":"Feature","geometry":{"type":"Polygon","coordinates":[[[105.1743,21.4897],[105.1744,21.4917],[105.1723,21.4928],[105.1724,21.4938],[105.1735,21.4943],[105.1732,21.4947],[105.1726,21.4944],[105.1714,21.4952],[105.1704,21.4952],[105.1715,21.4956],[105.1702,21.4969],[105.1704,21.4977],[105.1687,21.498],[105.1688,21.4994],[105.1678,21.5001],[105.1675,21.501],[105.1656,21.501],[105.165,21.5019],[105.1644,21.502],[105.1635,21.5009],[105.1635,21.4998],[105.1624,21.4993],[105.1599,21.5012],[105.1603,21.5035],[105.1597,21.5043],[105.1581,21.5036],[105.1569,21.5045],[105.1553,21.5041],[105.1552,21.5022],[105.1531,21.5017],[105.1522,21.4999],[105.1514,21.4995],[105.1507,21.4981],[105.1494,21.4981],[105.1494,21.5],[105.1492,21.4992],[105.1479,21.4984],[105.1476,21.4973],[105.148,21.4969],[105.1474,21.4954],[105.1464,21.495],[105.1474,21.4947],[105.1481,21.4926],[105.1463,21.492],[105.1466,21.4913],[105.1457,21.4906],[105.1455,21.4895],[105.1441,21.4892],[105.1437,21.4885],[105.1425,21.4893],[105.1437,21.49],[105.1437,21.4904],[105.1429,21.4904],[105.1428,21.491],[105.1417,21.4908],[105.141,21.4916],[105.1416,21.493],[105.1413,21.4937],[105.1393,21.4927],[105.1389,21.4932],[105.1381,21.4928],[105.1369,21.493],[105.1363,21.494],[105.1361,21.4935],[105.1347,21.4943],[105.1328,21.4938],[105.1317,21.4921],[105.1309,21.4928],[105.1311,21.4938],[105.1302,21.4942],[105.131,21.4914],[105.1293,21.4934],[105.1288,21.4926],[105.1295,21.4911],[105.1287,21.4908],[105.1272,21.4918],[105.1273,21.4901],[105.1269,21.4907],[105.1259,21.4909],[105.1253,21.4908],[105.1249,21.4899],[105.1233,21.4897],[105.1223,21.4908],[105.1225,21.4918],[105.122,21.4922],[105.1214,21.4913],[105.1213,21.4901],[105.1215,21.4896],[105.1223,21.4895],[105.1214,21.4894],[105.1213,21.4879],[105.1212,21.4885],[105.1199,21.4892],[105.1189,21.4885],[105.1186,21.4895],[105.1199,21.4903],[105.1204,21.4901],[105.1204,21.4922],[105.1199,21.4919],[105.1195,21.4922],[105.1193,21.4915],[105.1196,21.4909],[105.119,21.4908],[105.1187,21.4912],[105.118,21.4902],[105.1166,21.4904],[105.1158,21.4926],[105.1149,21.4926],[105.1152,21.4935],[105.1134,21.4924],[105.113,21.4937],[105.113,21.4929],[105.1115,21.4927],[105.1102,21.4907],[105.1092,21.4903],[105.1092,21.4897],[105.107,21.4877],[105.1081,21.4871],[105.1083,21.4858],[105.1061,21.4852],[105.1064,21.4842],[105.1057,21.4835],[105.1056,21.4821],[105.1043,21.4818],[105.1011,21.4814],[105.0978,21.483],[105.1,21.4848],[105.1016,21.4848],[105.1021,21.4857],[105.1029,21.486],[105.1028,21.4865],[105.1019,21.4866],[105.1028,21.4871],[105.1025,21.4877],[105.1018,21.4869],[105.1016,21.4873],[105.0978,21.4876],[105.0977,21.4866],[105.0954,21.4852],[105.0942,21.4871],[105.091,21.4884],[105.0877,21.4913],[105.0861,21.4902],[105.0841,21.4912],[105.0842,21.4923],[105.0833,21.4924],[105.082,21.4897],[105.084,21.4885],[105.0836,21.4875],[105.0831,21.4875],[105.0831,21.4863],[105.0815,21.483],[105.0901,21.474],[105.0915,21.4675],[105.0929,21.4644],[105.0992,21.4586],[105.1004,21.4592],[105.1038,21.4589],[105.1133,21.451],[105.1182,21.4489],[105.1269,21.4438],[105.1301,21.4399],[105.1326,21.4347],[105.1346,21.4321],[105.1357,21.4318],[105.1446,21.432],[105.1453,21.433],[105.1452,21.4345],[105.1436,21.4346],[105.1433,21.4355],[105.1415,21.4356],[105.1409,21.4365],[105.1401,21.4403],[105.1387,21.4414],[105.1394,21.4424],[105.1415,21.4415],[105.1418,21.4427],[105.1425,21.4431],[105.1422,21.445],[105.143,21.4453],[105.1442,21.4444],[105.1453,21.4451],[105.1441,21.4461],[105.144,21.4455],[105.1428,21.446],[105.1426,21.4453],[105.1424,21.4459],[105.143,21.4468],[105.1435,21.4465],[105.1446,21.4484],[105.1441,21.4467],[105.1455,21.4475],[105.1463,21.4488],[105.1457,21.4494],[105.1468,21.4487],[105.148,21.4498],[105.1475,21.4506],[105.1469,21.4506],[105.1467,21.45],[105.1465,21.4506],[105.1452,21.4509],[105.1439,21.4522],[105.1449,21.4531],[105.1458,21.4526],[105.1476,21.4526],[105.147,21.4541],[105.1475,21.4552],[105.146,21.4553],[105.1459,21.4567],[105.1475,21.457],[105.1479,21.4576],[105.1477,21.4587],[105.147,21.4592],[105.1477,21.4601],[105.1468,21.4608],[105.146,21.4605],[105.1464,21.4611],[105.147,21.4611],[105.147,21.4618],[105.1495,21.4615],[105.1499,21.463],[105.1491,21.4631],[105.1499,21.4634],[105.1498,21.4643],[105.1513,21.4632],[105.1512,21.4635],[105.1517,21.4634],[105.1529,21.4641],[105.1535,21.4636],[105.1537,21.4641],[105.1538,21.4633],[105.1556,21.4627],[105.1568,21.4636],[105.1569,21.4631],[105.1555,21.4616],[105.1597,21.4606],[105.1607,21.4608],[105.1616,21.4581],[105.1631,21.4587],[105.1629,21.4579],[105.1637,21.4568],[105.1643,21.4577],[105.167,21.4574],[105.1686,21.4595],[105.1696,21.4599],[105.1703,21.4598],[105.1709,21.4601],[105.171,21.4609],[105.1739,21.4618],[105.1738,21.463],[105.1732,21.4637],[105.174,21.465],[105.1736,21.4674],[105.1729,21.468],[105.1735,21.4696],[105.1724,21.4707],[105.1732,21.472],[105.1715,21.4741],[105.172,21.4758],[105.1716,21.4797],[105.1713,21.4801],[105.1698,21.4794],[105.169,21.4807],[105.1703,21.4824],[105.1687,21.4847],[105.1698,21.4854],[105.1697,21.4869],[105.1687,21.4876],[105.1689,21.4885],[105.171,21.4895],[105.1735,21.4887],[105.1743,21.4897]]]},"properties":{"code":"08203","name":"Hoàng Cương","nameEn":"Hoang Cuong","fullName":"Xã Hoàng Cương","fullNameEn":"Hoang Cuong Commune","codeName":"hoang_cuong","postalCode":"35720","postalCodePrefix":"","gisServerId":"diaphanhanhchinhcapxa_2025.1589","areaKm2":39.51},"id":"08203"},
{"type":"Feature","geometry":{"type":"Polygon","coordinates":[[[105.2128,21.4887],[105.2097,21.4882],[105.2093,21.4857],[105.2072,21.4842],[105.2044,21.4844],[105.2028,21.484],[105.2013,21.4844],[105.2015,21.4836],[105.2006,21.4826],[105.1995,21.4824],[105.1994,21.4818],[105.1986,21.4819],[105.1991,21.481],[105.1982,21.4805],[105.1983,21.4785],[105.1969,21.478],[105.1963,21.4783],[105.1954,21.4776],[105.1954,21.477],[105.1947,21.4768],[105.1949,21.4759],[105.1929,21.4755],[105.1897,21.473],[105.1861,21.4749],[105.184,21.4748],[105.184,21.4752],[105.1822,21.4764],[105.1817,21.4774],[105.1833,21.4801],[105.182,21.4812],[105.1813,21.4797],[105.1812,21.4822],[105.1799,21.484],[105.1786,21.4847],[105.179,21.4831],[105.1764,21.4863],[105.1771,21.4873],[105.1769,21.4888],[105.1761,21.4897],[105.175,21.49],[105.1743,21.4897],[105.1735,21.4887],[105.171,21.4895],[105.1689,21.4885],[105.1687,21.4876],[105.1697,21.4869],[105.1698,21.4854],[105.1687,21.4847],[105.1703,21.4824],[105.169,21.4807],[105.1698,21.4794],[105.1713,21.4801],[105.1716,21.4797],[105.172,21.4758],[105.1715,21.4741],[105.1732,21.472],[105.1724,21.4707],[105.1735,21.4696],[105.1729,21.468],[105.1736,21.4674],[105.174,21.465],[105.1732,21.4637],[105.1738,21.463],[105.1739,21.4618],[105.171,21.4609],[105.1709,21.4601],[105.1703,21.4598],[105.1696,21.4599],[105.1686,21.4587],[105.1677,21.4557],[105.1664,21.455],[105.1677,21.4542],[105.1686,21.4544],[105.1695,21.4531],[105.1711,21.4537],[105.1702,21.4511],[105.1694,21.4513],[105.1698,21.4506],[105.1693,21.4502],[105.1694,21.4491],[105.17,21.4492],[105.1717,21.4518],[105.1722,21.4512],[105.1737,21.4506],[105.1734,21.4496],[105.1738,21.4493],[105.1731,21.4495],[105.1731,21.4489],[105.1745,21.4481],[105.1741,21.4478],[105.174,21.4469],[105.1727,21.4465],[105.1719,21.4456],[105.1724,21.4451],[105.1738,21.445],[105.1735,21.4441],[105.1738,21.4435],[105.1742,21.4436],[105.1747,21.4429],[105.1751,21.4432],[105.1752,21.4426],[105.1748,21.44],[105.1751,21.4392],[105.1741,21.4384],[105.1753,21.4373],[105.1742,21.4367],[105.1737,21.437],[105.1737,21.4362],[105.1733,21.4364],[105.1729,21.4358],[105.1735,21.4342],[105.173,21.4331],[105.1737,21.4322],[105.1738,21.4305],[105.1748,21.4309],[105.1755,21.4301],[105.1762,21.4304],[105.1759,21.4287],[105.1771,21.4292],[105.1796,21.4275],[105.1802,21.4266],[105.1798,21.4262],[105.1799,21.4246],[105.1809,21.4225],[105.1814,21.4217],[105.1819,21.4219],[105.1831,21.421],[105.1836,21.4194],[105.1855,21.4177],[105.1868,21.418],[105.1871,21.4185],[105.1867,21.4176],[105.1872,21.4172],[105.188,21.4181],[105.1878,21.4172],[105.1885,21.4169],[105.1905,21.4184],[105.1912,21.4181],[105.1921,21.4186],[105.1923,21.4179],[105.1929,21.4179],[105.194,21.419],[105.1948,21.4188],[105.1964,21.4202],[105.1972,21.4196],[105.1969,21.4213],[105.1972,21.4221],[105.1966,21.4221],[105.1962,21.4229],[105.1968,21.4257],[105.1983,21.4262],[105.1997,21.4292],[105.2004,21.4293],[105.202,21.4316],[105.2028,21.4316],[105.2036,21.4307],[105.204,21.431],[105.2046,21.4304],[105.2052,21.4309],[105.2045,21.4316],[105.2051,21.4325],[105.2078,21.432],[105.2082,21.4325],[105.2101,21.4316],[105.2102,21.4331],[105.211,21.4333],[105.2124,21.4327],[105.2122,21.4336],[105.2133,21.4333],[105.2125,21.4345],[105.2108,21.4345],[105.2109,21.4349],[105.2133,21.4345],[105.2137,21.4348],[105.2122,21.4354],[105.2125,21.4365],[105.2128,21.4367],[105.2144,21.4354],[105.2152,21.4362],[105.2148,21.4391],[105.2163,21.4386],[105.2161,21.4392],[105.2168,21.4396],[105.219,21.4384],[105.2202,21.4396],[105.2194,21.4416],[105.2175,21.4414],[105.2187,21.4423],[105.2175,21.4437],[105.2168,21.4436],[105.2159,21.4444],[105.2162,21.4448],[105.2197,21.4431],[105.2191,21.4463],[105.2196,21.4484],[105.2217,21.4509],[105.222,21.4528],[105.2211,21.4536],[105.2239,21.4548],[105.224,21.456],[105.223,21.4565],[105.2248,21.4568],[105.2254,21.4573],[105.2251,21.4582],[105.226,21.4588],[105.2267,21.4613],[105.2282,21.4621],[105.2275,21.4628],[105.2292,21.4633],[105.2287,21.4647],[105.2293,21.4657],[105.2296,21.4664],[105.229,21.4679],[105.2272,21.469],[105.2268,21.47],[105.2257,21.4701],[105.2251,21.4694],[105.2242,21.4702],[105.2267,21.4719],[105.2267,21.473],[105.2249,21.4735],[105.2247,21.4755],[105.2252,21.4767],[105.227,21.4772],[105.2263,21.4782],[105.2256,21.4784],[105.2265,21.4795],[105.226,21.4802],[105.2248,21.4805],[105.2248,21.4818],[105.2231,21.4821],[105.2213,21.4852],[105.2201,21.4856],[105.2186,21.485],[105.2181,21.4864],[105.2175,21.4863],[105.2157,21.4874],[105.2136,21.4872],[105.2127,21.488],[105.2128,21.4887]]]},"properties":{"code":"08209","name":"Đông Thành","nameEn":"Dong Thanh","fullName":"Xã Đông Thành","fullNameEn":"Dong Thanh Commune","codeName":"dong_thanh","postalCode":"35727","postalCodePrefix":"","gisServerId":"diaphanhanhchinhcapxa_2025.1564","areaKm2":32.25},"id":"08209"},
{"type":"Feature","geometry":{"type":"Polygon","coordinates":[[[105.1696,21.4599],[105.1686,21.4595],[105.167,21.4574],[105.1643,21.4577],[105.1637,21.4568],[105.1629,21.4579],[105.1631,21.4587],[105.1616,21.4581],[105.1607,21.4608],[105.1597,21.4606],[105.1555,21.4616],[105.1569,21.4631],[105.1568,21.4636],[105.1556,21.4627],[105.1538,21.4633],[105.1537,21.4641],[105.1535,21.4636],[105.1529,21.4641],[105.1517,21.4634],[105.1512,21.4635],[105.1513,21.4632],[105.1498,21.4643],[105.1499,21.4634],[105.1491,21.4631],[105.1499,21.463],[105.1495,21.4615],[105.147,21.4618],[105.147,21.4611],[105.1464,21.4611],[105.146,21.4605],[105.1468,21.4608],[105.1477,21.4601],[105.147,21.4592],[105.1477,21.4587],[105.1479,21.4576],[105.1475,21.457],[105.1459,21.4567],[105.146,21.4553],[105.1475,21.4552],[105.147,21.4541],[105.1476,21.4526],[105.1458,21.4526],[105.1449,21.4531],[105.1439,21.4522],[105.1452,21.4509],[105.1465,21.4506],[105.1467,21.45],[105.1469,21.4506],[105.1475,21.4506],[105.148,21.4498],[105.1468,21.4487],[105.1457,21.4494],[105.1463,21.4488],[105.1455,21.4475],[105.1441,21.4467],[105.1446,21.4484],[105.1435,21.4465],[105.143,21.4468],[105.1424,21.4459],[105.1426,21.4453],[105.1428,21.446],[105.144,21.4455],[105.1441,21.4461],[105.1453,21.4451],[105.1442,21.4444],[105.143,21.4453],[105.1422,21.445],[105.1425,21.4431],[105.1418,21.4427],[105.1415,21.4415],[105.1394,21.4424],[105.1387,21.4414],[105.1401,21.4403],[105.1409,21.4365],[105.1415,21.4356],[105.1433,21.4355],[105.1436,21.4346],[105.1452,21.4345],[105.1453,21.433],[105.1446,21.432],[105.1475,21.4311],[105.1502,21.4292],[105.151,21.4267],[105.1516,21.4205],[105.1556,21.4154],[105.1566,21.4134],[105.1541,21.4126],[105.155,21.4064],[105.1543,21.3963],[105.1556,21.3931],[105.1598,21.3863],[105.1618,21.3807],[105.1659,21.3862],[105.1684,21.3837],[105.1728,21.386],[105.175,21.3882],[105.176,21.3881],[105.1779,21.3892],[105.1803,21.3889],[105.1821,21.391],[105.1816,21.3914],[105.1832,21.393],[105.1825,21.3938],[105.1847,21.3951],[105.1855,21.3949],[105.1852,21.3958],[105.1828,21.3953],[105.183,21.3962],[105.1826,21.3969],[105.1816,21.3955],[105.1801,21.3964],[105.1816,21.397],[105.1825,21.3968],[105.1835,21.3978],[105.1825,21.399],[105.1833,21.4001],[105.183,21.4012],[105.1876,21.4005],[105.1882,21.4018],[105.1863,21.4034],[105.1816,21.4048],[105.1756,21.4077],[105.1787,21.4115],[105.1795,21.4115],[105.1802,21.412],[105.1809,21.4136],[105.1827,21.4135],[105.1819,21.4166],[105.1823,21.4174],[105.1837,21.4183],[105.1831,21.419],[105.1836,21.4194],[105.1831,21.421],[105.1819,21.4219],[105.1814,21.4217],[105.1809,21.4225],[105.1799,21.4246],[105.1798,21.4262],[105.1802,21.4266],[105.1796,21.4275],[105.1771,21.4292],[105.1759,21.4287],[105.1762,21.4304],[105.1755,21.4301],[105.1748,21.4309],[105.1738,21.4305],[105.1737,21.4322],[105.173,21.4331],[105.1735,21.4342],[105.1729,21.4358],[105.1733,21.4364],[105.1737,21.4362],[105.1737,21.437],[105.1742,21.4367],[105.1753,21.4373],[105.1741,21.4384],[105.1751,21.4392],[105.1748,21.44],[105.1752,21.4426],[105.1751,21.4432],[105.1747,21.4429],[105.1742,21.4436],[105.1738,21.4435],[105.1735,21.4441],[105.1738,21.445],[105.1724,21.4451],[105.1719,21.4456],[105.1727,21.4465],[105.174,21.4469],[105.1741,21.4478],[105.1745,21.4481],[105.1731,21.4489],[105.1731,21.4495],[105.1738,21.4493],[105.1734,21.4496],[105.1737,21.4506],[105.1722,21.4512],[105.1717,21.4518],[105.17,21.4492],[105.1694,21.4491],[105.1693,21.4502],[105.1698,21.4506],[105.1694,21.4513],[105.1702,21.4511],[105.1711,21.4537],[105.1695,21.4531],[105.1686,21.4544],[105.1677,21.4542],[105.1664,21.455],[105.1677,21.4557],[105.1686,21.4587],[105.1696,21.4599]]]},"properties":{"code":"08218","name":"Chí Tiên","nameEn":"Chi Tien","fullName":"Xã Chí Tiên","fullNameEn":"Chi Tien Commune","codeName":"chi_tien","postalCode":"35721","postalCodePrefix":"","gisServerId":"diaphanhanhchinhcapxa_2025.1592","areaKm2":23.75},"id":"08218"},
{"type":"Feature","geometry":{"type":"Polygon","coordinates":[[[105.2144,21.3678],[105.2078,21.3675],[105.1999,21.3647],[105.1994,21.3651],[105.1988,21.3659],[105.2001,21.3782],[105.201,21.3795],[105.1965,21.3834],[105.1974,21.3843],[105.1918,21.3904],[105.1917,21.3909],[105.1925,21.3913],[105.192,21.3915],[105.193,21.3944],[105.1925,21.3948],[105.1935,21.3955],[105.1937,21.3964],[105.1915,21.397],[105.1895,21.3953],[105.1882,21.3959],[105.187,21.3948],[105.186,21.3945],[105.1855,21.3949],[105.1847,21.3951],[105.1825,21.3938],[105.1832,21.393],[105.1816,21.3914],[105.1821,21.391],[105.1803,21.3889],[105.1779,21.3892],[105.176,21.3881],[105.175,21.3882],[105.1728,21.386],[105.1684,21.3837],[105.1659,21.3862],[105.1618,21.3807],[105.1752,21.3686],[105.1761,21.3698],[105.1773,21.3678],[105.1797,21.3665],[105.1823,21.364],[105.1853,21.3534],[105.186,21.3485],[105.1861,21.3456],[105.1854,21.3426],[105.1852,21.3368],[105.1863,21.3356],[105.1893,21.3289],[105.1951,21.3275],[105.2008,21.3269],[105.2023,21.327],[105.2029,21.3276],[105.2032,21.3284],[105.2072,21.3301],[105.2105,21.334],[105.2121,21.3375],[105.2148,21.3506],[105.2161,21.3506],[105.2144,21.3678]]]},"properties":{"code":"08227","name":"Liên Minh","nameEn":"Lien Minh","fullName":"Xã Liên Minh","fullNameEn":"Lien Minh Commune","codeName":"lien_minh","postalCode":"35733","postalCodePrefix":"","gisServerId":"diaphanhanhchinhcapxa_2025.1560","areaKm2":20.98},"id":"08227"},
{"type":"Feature","geometry":{"type":"Polygon","coordinates":[[[105.333,21.4404],[105.3318,21.4411],[105.331,21.4403],[105.3307,21.439],[105.3301,21.4392],[105.3292,21.4404],[105.3278,21.4402],[105.3288,21.4394],[105.3286,21.4391],[105.3277,21.4393],[105.3269,21.4402],[105.3255,21.44],[105.3239,21.439],[105.3243,21.4386],[105.3231,21.4381],[105.3229,21.4386],[105.3217,21.4384],[105.3219,21.438],[105.3213,21.4378],[105.3207,21.4384],[105.3148,21.4386],[105.3149,21.4392],[105.3144,21.4395],[105.3127,21.4397],[105.31,21.4384],[105.31,21.4374],[105.3084,21.437],[105.3084,21.4361],[105.3063,21.4361],[105.304,21.4337],[105.3032,21.4338],[105.3024,21.4365],[105.2992,21.4398],[105.2982,21.4424],[105.2961,21.445],[105.2961,21.4457],[105.2968,21.446],[105.2963,21.4465],[105.297,21.4477],[105.2971,21.4495],[105.2986,21.4502],[105.2995,21.4519],[105.2986,21.4522],[105.2985,21.4547],[105.2953,21.456],[105.2932,21.4558],[105.293,21.4562],[105.2921,21.4557],[105.2924,21.4554],[105.2919,21.4547],[105.2911,21.4551],[105.2892,21.4567],[105.2901,21.4595],[105.2891,21.4602],[105.2882,21.4564],[105.2854,21.4557],[105.2843,21.4566],[105.2838,21.455],[105.2823,21.4548],[105.2815,21.4548],[105.2813,21.4556],[105.2808,21.4555],[105.2811,21.4534],[105.2806,21.4492],[105.2804,21.4476],[105.282,21.4462],[105.2833,21.4459],[105.2835,21.4443],[105.2827,21.4435],[105.2806,21.4431],[105.2796,21.442],[105.2801,21.4414],[105.2812,21.4429],[105.2819,21.4426],[105.2815,21.4426],[105.2804,21.4405],[105.2806,21.4402],[105.2812,21.4406],[105.2819,21.438],[105.281,21.4374],[105.2801,21.438],[105.2801,21.4374],[105.2774,21.4376],[105.2776,21.4348],[105.2778,21.4343],[105.2784,21.4345],[105.2785,21.4329],[105.2794,21.4318],[105.2785,21.4298],[105.279,21.4292],[105.2781,21.4282],[105.2788,21.4276],[105.2773,21.4273],[105.2773,21.4247],[105.2768,21.4251],[105.2766,21.4246],[105.2759,21.4246],[105.2758,21.4233],[105.2745,21.4225],[105.2738,21.4206],[105.2745,21.4205],[105.2745,21.4197],[105.2756,21.4189],[105.2752,21.4177],[105.2773,21.4154],[105.2773,21.4148],[105.276,21.4145],[105.276,21.4139],[105.2772,21.4143],[105.2797,21.412],[105.281,21.4103],[105.281,21.4076],[105.2823,21.4063],[105.2838,21.4068],[105.2855,21.4055],[105.2854,21.4066],[105.2882,21.4073],[105.2882,21.4049],[105.291,21.401],[105.2916,21.4012],[105.2916,21.4001],[105.2926,21.4001],[105.2934,21.4013],[105.2951,21.4016],[105.2958,21.4013],[105.296,21.4001],[105.2984,21.3979],[105.2992,21.3988],[105.3006,21.3984],[105.3003,21.3971],[105.3028,21.3973],[105.3061,21.3965],[105.3079,21.3975],[105.3089,21.3973],[105.3099,21.3957],[105.311,21.3956],[105.3132,21.3941],[105.3132,21.3914],[105.3126,21.3903],[105.3138,21.3899],[105.3155,21.3902],[105.3154,21.3885],[105.3167,21.3881],[105.3173,21.3867],[105.3167,21.3855],[105.3181,21.3842],[105.3182,21.3831],[105.3221,21.382],[105.3232,21.3813],[105.3247,21.3811],[105.3259,21.3779],[105.3281,21.3768],[105.328,21.3758],[105.3267,21.3751],[105.3269,21.3747],[105.3285,21.3752],[105.329,21.376],[105.3328,21.3748],[105.3343,21.3754],[105.3363,21.3743],[105.3361,21.3731],[105.3374,21.3735],[105.3383,21.3727],[105.3389,21.3731],[105.3388,21.3737],[105.3394,21.3743],[105.3417,21.3766],[105.3426,21.3754],[105.3435,21.3756],[105.3426,21.3775],[105.3473,21.3774],[105.3481,21.3787],[105.3487,21.381],[105.3482,21.3813],[105.3501,21.3855],[105.3501,21.3863],[105.3508,21.3866],[105.3503,21.3876],[105.3508,21.3886],[105.3527,21.3882],[105.355,21.393],[105.3551,21.3944],[105.3565,21.3948],[105.3572,21.3958],[105.3572,21.3969],[105.3595,21.3981],[105.3607,21.3975],[105.3614,21.3982],[105.3582,21.4001],[105.3562,21.4005],[105.355,21.4023],[105.3531,21.4025],[105.3531,21.4033],[105.3534,21.4033],[105.3531,21.4042],[105.3525,21.4036],[105.3516,21.4039],[105.3516,21.4047],[105.3527,21.405],[105.3517,21.4054],[105.3513,21.4065],[105.3516,21.4075],[105.3502,21.4075],[105.35,21.4098],[105.3489,21.4115],[105.3474,21.4117],[105.3462,21.4109],[105.346,21.4117],[105.3453,21.4113],[105.3451,21.412],[105.3444,21.4121],[105.3417,21.4145],[105.3409,21.4137],[105.3403,21.4138],[105.3406,21.4132],[105.3386,21.4116],[105.3391,21.4132],[105.3379,21.4135],[105.3377,21.414],[105.3349,21.4127],[105.3341,21.4134],[105.3328,21.4123],[105.3309,21.4133],[105.3318,21.4149],[105.3324,21.4178],[105.3316,21.4196],[105.3293,21.4208],[105.3301,21.4215],[105.3298,21.422],[105.3302,21.4229],[105.3312,21.4232],[105.3312,21.4243],[105.3327,21.4258],[105.3301,21.4265],[105.3294,21.4288],[105.3313,21.4307],[105.3313,21.432],[105.3322,21.4322],[105.3323,21.433],[105.3318,21.4333],[105.3316,21.4346],[105.3332,21.4349],[105.3331,21.4383],[105.3322,21.4391],[105.333,21.4397],[105.333,21.4404]]]},"properties":{"code":"08230","name":"Phù Ninh","nameEn":"Phu Ninh","fullName":"Xã Phù Ninh","fullNameEn":"Phu Ninh Commune","codeName":"phu_ninh","postalCode":"35220","postalCodePrefix":"","gisServerId":"diaphanhanhchinhcapxa_2025.1568","areaKm2":39.28},"id":"08230"},
{"type":"Feature","geometry":{"type":"Polygon","coordinates":[[[105.3063,21.5085],[105.3034,21.5081],[105.3015,21.5086],[105.2992,21.5103],[105.2967,21.5139],[105.2953,21.5186],[105.2949,21.5229],[105.2952,21.5254],[105.2974,21.5323],[105.2965,21.5344],[105.2945,21.537],[105.2907,21.54],[105.2872,21.5416],[105.2841,21.5424],[105.2716,21.5435],[105.2703,21.5422],[105.2706,21.5408],[105.2701,21.5397],[105.2696,21.5398],[105.2686,21.5387],[105.2683,21.5376],[105.2671,21.5368],[105.2667,21.534],[105.266,21.5337],[105.2654,21.5342],[105.2649,21.5333],[105.264,21.5336],[105.2637,21.5329],[105.2605,21.5322],[105.2605,21.531],[105.2614,21.5303],[105.2613,21.5297],[105.2594,21.53],[105.2575,21.5288],[105.2562,21.5291],[105.2537,21.5279],[105.2522,21.5253],[105.2465,21.5252],[105.2458,21.5242],[105.2444,21.5236],[105.2432,21.5214],[105.2432,21.5196],[105.2417,21.52],[105.2415,21.5175],[105.2403,21.517],[105.2408,21.5152],[105.2398,21.513],[105.2397,21.512],[105.2404,21.5107],[105.2421,21.5107],[105.2452,21.5097],[105.2446,21.5082],[105.2478,21.5049],[105.2504,21.5044],[105.2517,21.5053],[105.2522,21.5051],[105.2516,21.5045],[105.2524,21.5031],[105.252,21.5026],[105.2538,21.5022],[105.2533,21.5013],[105.2539,21.5013],[105.254,21.5019],[105.2547,21.5023],[105.2556,21.5022],[105.2549,21.5013],[105.2551,21.5005],[105.2539,21.5003],[105.2534,21.4986],[105.2537,21.4977],[105.2529,21.4971],[105.2531,21.4963],[105.2543,21.4962],[105.2548,21.4935],[105.2546,21.4926],[105.2525,21.4899],[105.2531,21.4886],[105.2523,21.4875],[105.253,21.4864],[105.2552,21.4864],[105.2569,21.4854],[105.2579,21.4861],[105.2602,21.4867],[105.2609,21.4861],[105.2631,21.4882],[105.2631,21.487],[105.2649,21.4863],[105.2668,21.4881],[105.2675,21.4875],[105.2669,21.4875],[105.2665,21.4867],[105.2673,21.4854],[105.2685,21.4852],[105.2694,21.4858],[105.2706,21.485],[105.271,21.4853],[105.2702,21.4869],[105.2707,21.4874],[105.2701,21.4888],[105.2705,21.4888],[105.2713,21.49],[105.2711,21.4912],[105.2725,21.4924],[105.2741,21.491],[105.2737,21.4883],[105.2743,21.4894],[105.2757,21.4895],[105.2766,21.4891],[105.2767,21.4885],[105.2774,21.4888],[105.2796,21.4882],[105.2801,21.4886],[105.2802,21.4911],[105.2811,21.4911],[105.2805,21.4898],[105.2815,21.4897],[105.2831,21.4875],[105.2879,21.4908],[105.288,21.4917],[105.2888,21.4918],[105.2889,21.4923],[105.2897,21.492],[105.291,21.4928],[105.2912,21.4937],[105.2906,21.4938],[105.2911,21.4945],[105.2921,21.4942],[105.2932,21.4949],[105.294,21.4957],[105.2932,21.4959],[105.2939,21.4967],[105.2935,21.4971],[105.2941,21.4979],[105.2959,21.497],[105.2962,21.4981],[105.2969,21.4971],[105.2972,21.4983],[105.2991,21.4996],[105.3006,21.4993],[105.3009,21.4965],[105.3019,21.4967],[105.3023,21.498],[105.3038,21.4976],[105.3037,21.4981],[105.3043,21.4983],[105.3045,21.5002],[105.3067,21.5019],[105.3065,21.5038],[105.3088,21.5045],[105.3088,21.5055],[105.3063,21.5085]]]},"properties":{"code":"08236","name":"Phú Mỹ","nameEn":"Phu My","fullName":"Xã Phú Mỹ","fullNameEn":"Phu My Commune","codeName":"phu_my","postalCode":"35214","postalCodePrefix":"","gisServerId":"diaphanhanhchinhcapxa_2025.1550","areaKm2":27.36},"id":"08236"},
{"type":"Feature","geometry":{"type":"Polygon","coordinates":[[[105.2398,21.513],[105.2389,21.5137],[105.2362,21.5135],[105.2356,21.5128],[105.2359,21.5117],[105.235,21.5112],[105.2313,21.5139],[105.2289,21.5126],[105.2292,21.5116],[105.2266,21.5131],[105.2257,21.5129],[105.2243,21.5106],[105.2237,21.5107],[105.2219,21.5127],[105.2218,21.5122],[105.2191,21.5103],[105.2169,21.5124],[105.2128,21.514],[105.212,21.5135],[105.2117,21.5117],[105.2129,21.5093],[105.2135,21.508],[105.2138,21.5042],[105.2144,21.5033],[105.2158,21.5025],[105.2153,21.5012],[105.2164,21.5008],[105.2147,21.4963],[105.2135,21.4961],[105.2129,21.4949],[105.212,21.4949],[105.2115,21.4942],[105.2108,21.4898],[105.2128,21.4892],[105.2128,21.4887],[105.2127,21.488],[105.2136,21.4872],[105.2157,21.4874],[105.2175,21.4863],[105.2181,21.4864],[105.2186,21.485],[105.2201,21.4856],[105.2213,21.4852],[105.2231,21.4821],[105.2248,21.4818],[105.2248,21.4805],[105.226,21.4802],[105.2265,21.4795],[105.2256,21.4784],[105.2263,21.4782],[105.227,21.4772],[105.2252,21.4767],[105.2247,21.4755],[105.2249,21.4735],[105.2267,21.473],[105.2267,21.4719],[105.2242,21.4702],[105.2251,21.4694],[105.2257,21.4701],[105.2268,21.47],[105.2272,21.469],[105.229,21.4679],[105.2296,21.4664],[105.2293,21.4657],[105.232,21.4646],[105.233,21.4648],[105.2337,21.4642],[105.2346,21.4646],[105.2356,21.4635],[105.2364,21.4648],[105.2362,21.4631],[105.2368,21.4605],[105.239,21.4574],[105.24,21.4576],[105.2404,21.4587],[105.241,21.4587],[105.2414,21.4576],[105.2445,21.4578],[105.2471,21.4603],[105.2492,21.459],[105.2504,21.4595],[105.2509,21.4588],[105.2521,21.4599],[105.2545,21.4607],[105.2566,21.4591],[105.2568,21.4576],[105.2587,21.4574],[105.2636,21.454],[105.2657,21.4545],[105.2676,21.4538],[105.2683,21.454],[105.2682,21.4526],[105.2691,21.4518],[105.2703,21.4534],[105.2708,21.4534],[105.2697,21.4525],[105.2694,21.4516],[105.271,21.4514],[105.2711,21.4502],[105.2713,21.4514],[105.2728,21.451],[105.273,21.4523],[105.2738,21.4529],[105.2748,21.4529],[105.274,21.4526],[105.2744,21.4517],[105.2752,21.4511],[105.2762,21.4517],[105.2758,21.4506],[105.2766,21.45],[105.2776,21.4499],[105.2785,21.4487],[105.2806,21.4492],[105.2811,21.4534],[105.2808,21.4555],[105.2813,21.4556],[105.2815,21.4548],[105.2823,21.4548],[105.2836,21.4552],[105.2837,21.4558],[105.2824,21.4561],[105.2821,21.4578],[105.2813,21.458],[105.2803,21.4595],[105.2812,21.46],[105.2812,21.4612],[105.2819,21.4624],[105.2819,21.4648],[105.2826,21.466],[105.281,21.4669],[105.2806,21.4708],[105.2808,21.472],[105.2814,21.4722],[105.2812,21.4727],[105.2823,21.4728],[105.283,21.4733],[105.2844,21.4754],[105.283,21.4777],[105.2842,21.478],[105.2849,21.4764],[105.2856,21.4762],[105.2886,21.4776],[105.2891,21.4765],[105.2902,21.4756],[105.2936,21.4745],[105.294,21.475],[105.2937,21.4757],[105.2948,21.476],[105.2944,21.4763],[105.295,21.4767],[105.2939,21.4777],[105.2938,21.4786],[105.2954,21.4789],[105.2954,21.4809],[105.2986,21.4811],[105.2989,21.4823],[105.2994,21.4825],[105.2992,21.483],[105.2998,21.4833],[105.3001,21.4847],[105.2981,21.4869],[105.2974,21.4864],[105.2971,21.4871],[105.2962,21.4873],[105.2946,21.4867],[105.294,21.4896],[105.2934,21.4899],[105.2937,21.491],[105.2927,21.4908],[105.2913,21.4922],[105.2941,21.4938],[105.2942,21.4951],[105.2932,21.4949],[105.2921,21.4942],[105.2911,21.4945],[105.2906,21.4938],[105.2912,21.4937],[105.291,21.4928],[105.2897,21.492],[105.2889,21.4923],[105.2888,21.4918],[105.288,21.4917],[105.2879,21.4908],[105.2831,21.4875],[105.2815,21.4897],[105.2805,21.4898],[105.2811,21.4911],[105.2802,21.4911],[105.2801,21.4886],[105.2796,21.4882],[105.2774,21.4888],[105.2767,21.4885],[105.2766,21.4891],[105.2757,21.4895],[105.2743,21.4894],[105.2737,21.4883],[105.2741,21.491],[105.2725,21.4924],[105.2711,21.4912],[105.2713,21.49],[105.2705,21.4888],[105.2701,21.4888],[105.2707,21.4874],[105.2702,21.4869],[105.271,21.4853],[105.2706,21.485],[105.2694,21.4858],[105.2685,21.4852],[105.2673,21.4854],[105.2665,21.4867],[105.2669,21.4875],[105.2675,21.4875],[105.2668,21.4881],[105.2649,21.4863],[105.2631,21.487],[105.2631,21.4882],[105.2609,21.4861],[105.2602,21.4867],[105.2579,21.4861],[105.2569,21.4854],[105.2552,21.4864],[105.253,21.4864],[105.2523,21.4875],[105.2531,21.4886],[105.2525,21.4899],[105.2546,21.4926],[105.2548,21.4935],[105.2543,21.4962],[105.2531,21.4963],[105.2529,21.4971],[105.2537,21.4977],[105.2534,21.4986],[105.2539,21.5003],[105.2551,21.5005],[105.2549,21.5013],[105.2556,21.5022],[105.2547,21.5023],[105.254,21.5019],[105.2539,21.5013],[105.2533,21.5013],[105.2538,21.5022],[105.252,21.5026],[105.2524,21.5031],[105.2516,21.5045],[105.2522,21.5051],[105.2517,21.5053],[105.2504,21.5044],[105.2478,21.5049],[105.2446,21.5082],[105.2452,21.5097],[105.2421,21.5107],[105.2404,21.5107],[105.2397,21.512],[105.2398,21.513]]]},"properties":{"code":"08245","name":"Trạm Thản","nameEn":"Tram Than","fullName":"Xã Trạm Thản","fullNameEn":"Tram Than Commune","codeName":"tram_than","postalCode":"35216","postalCodePrefix":"","gisServerId":"diaphanhanhchinhcapxa_2025.1604","areaKm2":32.6},"id":"08245"},
{"type":"Feature","geometry":{"type":"Polygon","coordinates":[[[105.338,21.4608],[105.3369,21.4675],[105.334,21.4752],[105.3345,21.4777],[105.3332,21.4832],[105.3315,21.4856],[105.3231,21.4935],[105.3223,21.499],[105.3251,21.5076],[105.3248,21.5092],[105.3232,21.511],[105.3207,21.5126],[105.3176,21.5134],[105.314,21.5128],[105.3063,21.5085],[105.3088,21.5055],[105.3088,21.5045],[105.3065,21.5038],[105.3067,21.5019],[105.3045,21.5002],[105.3043,21.4983],[105.3037,21.4981],[105.3038,21.4976],[105.3023,21.498],[105.3019,21.4967],[105.3009,21.4965],[105.3006,21.4993],[105.2991,21.4996],[105.2972,21.4983],[105.2969,21.4971],[105.2962,21.4981],[105.2959,21.497],[105.2941,21.4979],[105.2935,21.4971],[105.2939,21.4967],[105.2932,21.4959],[105.294,21.4957],[105.2932,21.4949],[105.2942,21.4951],[105.2941,21.4938],[105.2913,21.4922],[105.2927,21.4908],[105.2937,21.491],[105.2934,21.4899],[105.294,21.4896],[105.2946,21.4867],[105.2962,21.4873],[105.2971,21.4871],[105.2974,21.4864],[105.2981,21.4869],[105.3001,21.4847],[105.2998,21.4833],[105.2992,21.483],[105.2994,21.4825],[105.2989,21.4823],[105.2986,21.4811],[105.2954,21.4809],[105.2954,21.4789],[105.2938,21.4786],[105.2939,21.4777],[105.295,21.4767],[105.2944,21.4763],[105.2948,21.476],[105.2937,21.4757],[105.294,21.475],[105.2936,21.4745],[105.2902,21.4756],[105.2891,21.4765],[105.2886,21.4776],[105.2856,21.4762],[105.2849,21.4764],[105.2842,21.478],[105.283,21.4777],[105.2844,21.4754],[105.283,21.4733],[105.2823,21.4728],[105.2812,21.4727],[105.2814,21.4722],[105.2808,21.472],[105.2806,21.4708],[105.281,21.4669],[105.2826,21.466],[105.2819,21.4648],[105.2819,21.4624],[105.2812,21.4612],[105.2812,21.46],[105.2803,21.4595],[105.2813,21.458],[105.2821,21.4578],[105.2824,21.4561],[105.2837,21.4558],[105.2836,21.4552],[105.2823,21.4548],[105.2838,21.455],[105.2843,21.4566],[105.2854,21.4557],[105.2882,21.4564],[105.2891,21.4602],[105.2901,21.4595],[105.2892,21.4567],[105.2911,21.4551],[105.2919,21.4547],[105.2924,21.4554],[105.2921,21.4557],[105.293,21.4562],[105.2932,21.4558],[105.2953,21.456],[105.2985,21.4547],[105.2986,21.4522],[105.2995,21.4519],[105.2986,21.4502],[105.2971,21.4495],[105.297,21.4477],[105.2963,21.4465],[105.2968,21.446],[105.2961,21.4457],[105.2961,21.445],[105.2982,21.4424],[105.2992,21.4398],[105.3024,21.4365],[105.3032,21.4338],[105.304,21.4337],[105.3063,21.4361],[105.3084,21.4361],[105.3084,21.437],[105.31,21.4374],[105.31,21.4384],[105.3127,21.4397],[105.3144,21.4395],[105.3149,21.4392],[105.3148,21.4386],[105.3207,21.4384],[105.3213,21.4378],[105.3219,21.438],[105.3217,21.4384],[105.3229,21.4386],[105.3231,21.4381],[105.3243,21.4386],[105.3239,21.439],[105.3255,21.44],[105.3269,21.4402],[105.3277,21.4393],[105.3286,21.4391],[105.3288,21.4394],[105.3278,21.4402],[105.3292,21.4404],[105.3301,21.4392],[105.3307,21.439],[105.331,21.4403],[105.3318,21.4411],[105.333,21.4404],[105.3337,21.4406],[105.3337,21.4447],[105.3333,21.4455],[105.332,21.4455],[105.3316,21.4444],[105.3309,21.4445],[105.331,21.4437],[105.3302,21.4432],[105.3297,21.4435],[105.3289,21.4459],[105.3277,21.4463],[105.3271,21.4472],[105.3275,21.4484],[105.327,21.4495],[105.3248,21.4489],[105.3234,21.4507],[105.3237,21.4516],[105.3233,21.4524],[105.3245,21.4537],[105.3244,21.4546],[105.323,21.4546],[105.3228,21.4534],[105.3222,21.4542],[105.3233,21.4551],[105.3245,21.4551],[105.3249,21.4569],[105.3263,21.457],[105.3279,21.4589],[105.3279,21.4582],[105.3291,21.4583],[105.329,21.459],[105.3284,21.4594],[105.3279,21.4589],[105.3277,21.4594],[105.3276,21.46],[105.3283,21.4602],[105.3297,21.4599],[105.333,21.4563],[105.3345,21.4555],[105.335,21.4581],[105.3344,21.4598],[105.338,21.4608]]]},"properties":{"code":"08254","name":"Dân Chủ","nameEn":"Dan Chu","fullName":"Xã Dân Chủ","fullNameEn":"Dan Chu Commune","codeName":"dan_chu","postalCode":"35225","postalCodePrefix":"","gisServerId":"diaphanhanhchinhcapxa_2025.1552","areaKm2":29.85},"id":"08254"},
{"type":"Feature","geometry":{"type":"Polygon","coordinates":[[[105.338,21.4608],[105.3344,21.4598],[105.335,21.4581],[105.3345,21.4555],[105.333,21.4563],[105.3297,21.4599],[105.3283,21.4602],[105.3276,21.46],[105.3277,21.4594],[105.3279,21.4589],[105.3284,21.4594],[105.329,21.459],[105.3291,21.4583],[105.3279,21.4582],[105.3279,21.4589],[105.3263,21.457],[105.3249,21.4569],[105.3245,21.4551],[105.3233,21.4551],[105.3222,21.4542],[105.3228,21.4534],[105.323,21.4546],[105.3244,21.4546],[105.3245,21.4537],[105.3233,21.4524],[105.3237,21.4516],[105.3234,21.4507],[105.3248,21.4489],[105.327,21.4495],[105.3275,21.4484],[105.3271,21.4472],[105.3277,21.4463],[105.3289,21.4459],[105.3297,21.4435],[105.3302,21.4432],[105.331,21.4437],[105.3309,21.4445],[105.3316,21.4444],[105.332,21.4455],[105.3333,21.4455],[105.3337,21.4447],[105.3337,21.4406],[105.333,21.4404],[105.333,21.4397],[105.3322,21.4391],[105.3331,21.4383],[105.3332,21.4349],[105.3316,21.4346],[105.3318,21.4333],[105.3323,21.433],[105.3322,21.4322],[105.3313,21.432],[105.3313,21.4307],[105.3294,21.4288],[105.3301,21.4265],[105.3327,21.4258],[105.3312,21.4243],[105.3312,21.4232],[105.3302,21.4229],[105.3298,21.422],[105.3301,21.4215],[105.3293,21.4208],[105.3316,21.4196],[105.3324,21.4178],[105.3318,21.4149],[105.3309,21.4133],[105.3328,21.4123],[105.3341,21.4134],[105.3349,21.4127],[105.3377,21.414],[105.3379,21.4135],[105.3391,21.4132],[105.3386,21.4116],[105.3406,21.4132],[105.3403,21.4138],[105.3409,21.4137],[105.3417,21.4145],[105.3444,21.4121],[105.3451,21.412],[105.3453,21.4113],[105.346,21.4117],[105.3462,21.4109],[105.3474,21.4117],[105.3489,21.4115],[105.35,21.4098],[105.3502,21.4075],[105.3516,21.4075],[105.3513,21.4065],[105.3517,21.4054],[105.3527,21.405],[105.3516,21.4047],[105.3516,21.4039],[105.3525,21.4036],[105.3531,21.4042],[105.3534,21.4033],[105.3531,21.4033],[105.3531,21.4025],[105.355,21.4023],[105.3562,21.4005],[105.3582,21.4001],[105.3614,21.3982],[105.3619,21.3974],[105.366,21.395],[105.3672,21.3966],[105.3661,21.3989],[105.3676,21.3993],[105.3681,21.4002],[105.3702,21.3984],[105.3712,21.3986],[105.3719,21.3969],[105.3731,21.3972],[105.3734,21.3928],[105.3737,21.392],[105.3745,21.3921],[105.3746,21.3918],[105.3739,21.3911],[105.3721,21.3911],[105.3715,21.39],[105.3703,21.3898],[105.3687,21.3882],[105.3689,21.3871],[105.3682,21.3872],[105.3678,21.3865],[105.3711,21.3822],[105.3706,21.3806],[105.372,21.3808],[105.3725,21.3784],[105.3732,21.3777],[105.3727,21.376],[105.3756,21.3757],[105.3778,21.3738],[105.3784,21.3741],[105.379,21.3734],[105.3796,21.3743],[105.3823,21.3744],[105.3825,21.3749],[105.3855,21.3767],[105.3867,21.3755],[105.3873,21.3758],[105.3902,21.3703],[105.3918,21.3705],[105.3927,21.3766],[105.3926,21.3866],[105.393,21.3906],[105.394,21.3949],[105.3978,21.4031],[105.3985,21.4076],[105.3982,21.4131],[105.3959,21.4181],[105.3916,21.4241],[105.3859,21.4295],[105.3802,21.4329],[105.3769,21.4338],[105.3737,21.4331],[105.3658,21.4301],[105.3607,21.4273],[105.3567,21.424],[105.3548,21.4202],[105.3532,21.4182],[105.3503,21.4176],[105.3484,21.4178],[105.3435,21.4193],[105.3411,21.4244],[105.3415,21.4286],[105.3435,21.4383],[105.3433,21.4419],[105.3417,21.4488],[105.338,21.4608]]]},"properties":{"code":"08275","name":"Bình Phú","nameEn":"Binh Phu","fullName":"Xã Bình Phú","fullNameEn":"Binh Phu Commune","codeName":"binh_phu","postalCode":"35222","postalCodePrefix":"","gisServerId":"diaphanhanhchinhcapxa_2025.1567","areaKm2":28.28},"id":"08275"},
{"type":"Feature","geometry":{"type":"Polygon","coordinates":[[[105.0997,21.3598],[105.0974,21.3597],[105.0943,21.3584],[105.0939,21.3591],[105.093,21.3581],[105.0907,21.3583],[105.0886,21.3566],[105.0879,21.3572],[105.0864,21.3567],[105.0864,21.3545],[105.0837,21.3539],[105.0793,21.36],[105.078,21.3667],[105.0745,21.3681],[105.0708,21.368],[105.0692,21.3699],[105.0678,21.3728],[105.0626,21.3749],[105.0613,21.3776],[105.0599,21.3787],[105.0592,21.3802],[105.0568,21.3815],[105.0548,21.3819],[105.0537,21.3834],[105.0518,21.3844],[105.0491,21.3877],[105.0487,21.389],[105.046,21.388],[105.0446,21.3887],[105.0436,21.3885],[105.0421,21.3868],[105.0369,21.3851],[105.0353,21.3854],[105.033,21.3851],[105.0326,21.3836],[105.0312,21.3823],[105.0322,21.3799],[105.0309,21.3793],[105.03,21.3781],[105.0258,21.3778],[105.0241,21.3759],[105.0235,21.3759],[105.0239,21.3752],[105.0232,21.3745],[105.0228,21.3746],[105.0215,21.3733],[105.0198,21.3731],[105.0184,21.3736],[105.0173,21.3729],[105.015,21.3737],[105.0139,21.3726],[105.0133,21.3725],[105.0131,21.3712],[105.0118,21.3706],[105.0103,21.3701],[105.009,21.3722],[105.007,21.371],[105.0043,21.3703],[105.0062,21.3678],[105.0068,21.366],[105.0083,21.3648],[105.015,21.3633],[105.0161,21.3627],[105.0163,21.3618],[105.0188,21.3596],[105.0203,21.36],[105.0207,21.3589],[105.0215,21.3587],[105.0224,21.3571],[105.0246,21.3568],[105.0245,21.356],[105.0274,21.3496],[105.0273,21.3481],[105.0266,21.348],[105.0255,21.3464],[105.026,21.346],[105.0276,21.3469],[105.0278,21.3459],[105.0273,21.3445],[105.0278,21.3438],[105.0289,21.3447],[105.0304,21.3446],[105.0348,21.3459],[105.0355,21.3452],[105.0361,21.3462],[105.0371,21.3464],[105.0376,21.3472],[105.0384,21.3461],[105.0398,21.3457],[105.0406,21.3459],[105.041,21.3457],[105.0402,21.3452],[105.0422,21.3445],[105.0424,21.3439],[105.0412,21.3427],[105.0427,21.3411],[105.0406,21.3397],[105.0414,21.3388],[105.0416,21.3364],[105.041,21.3358],[105.0414,21.3345],[105.0406,21.3326],[105.0395,21.3319],[105.04,21.3316],[105.0396,21.3302],[105.0403,21.3302],[105.039,21.3287],[105.0388,21.3277],[105.0379,21.3267],[105.0366,21.3262],[105.036,21.3253],[105.0366,21.3257],[105.0371,21.3255],[105.0383,21.3236],[105.0378,21.3222],[105.037,21.3217],[105.037,21.3202],[105.0362,21.3185],[105.0386,21.3146],[105.0409,21.3151],[105.042,21.3147],[105.0448,21.3154],[105.0453,21.3143],[105.0464,21.3143],[105.0484,21.3161],[105.0496,21.3153],[105.0515,21.3156],[105.0522,21.3162],[105.0531,21.3157],[105.0541,21.3157],[105.0557,21.3171],[105.0575,21.3162],[105.0586,21.3145],[105.0582,21.3133],[105.0578,21.3138],[105.0574,21.3136],[105.0571,21.3109],[105.0564,21.3105],[105.0568,21.3096],[105.0563,21.3093],[105.0564,21.3073],[105.0561,21.3064],[105.0566,21.3059],[105.0565,21.305],[105.0558,21.3044],[105.0565,21.3039],[105.0563,21.3032],[105.0575,21.3029],[105.0575,21.3035],[105.0583,21.3034],[105.0628,21.3021],[105.0639,21.3023],[105.0649,21.3014],[105.0678,21.3015],[105.0695,21.3008],[105.0704,21.3014],[105.0702,21.3021],[105.0721,21.3022],[105.0729,21.3031],[105.0729,21.3023],[105.0755,21.3015],[105.0756,21.3021],[105.0874,21.3017],[105.0885,21.3009],[105.0917,21.3],[105.0929,21.2971],[105.0941,21.2959],[105.0939,21.2939],[105.0926,21.2916],[105.0939,21.2889],[105.094,21.2848],[105.0963,21.2742],[105.1001,21.2756],[105.1013,21.2756],[105.1032,21.2813],[105.1068,21.2847],[105.1076,21.2906],[105.1069,21.2947],[105.1046,21.2988],[105.1046,21.3017],[105.104,21.3027],[105.1056,21.3075],[105.106,21.3072],[105.1093,21.3089],[105.1097,21.3083],[105.1112,21.3078],[105.1125,21.3089],[105.1143,21.3089],[105.115,21.3101],[105.1149,21.3112],[105.1166,21.3117],[105.1168,21.3128],[105.1178,21.3121],[105.1204,21.3123],[105.1205,21.3116],[105.1228,21.312],[105.1233,21.3114],[105.125,21.312],[105.1282,21.3116],[105.1302,21.3144],[105.1296,21.3183],[105.1303,21.3189],[105.1301,21.3196],[105.1309,21.3224],[105.13,21.3242],[105.1289,21.3264],[105.1265,21.3284],[105.1254,21.3285],[105.1208,21.3318],[105.1176,21.335],[105.1175,21.3359],[105.1183,21.3369],[105.118,21.3374],[105.1191,21.3394],[105.1225,21.3423],[105.1228,21.3434],[105.1216,21.3443],[105.1217,21.3456],[105.1223,21.346],[105.1198,21.347],[105.1186,21.3483],[105.1192,21.3494],[105.1176,21.3497],[105.1161,21.3482],[105.1166,21.3474],[105.1162,21.3467],[105.1149,21.3471],[105.1136,21.3467],[105.1103,21.3481],[105.1091,21.3498],[105.1062,21.3518],[105.1051,21.3518],[105.1029,21.3535],[105.1014,21.3536],[105.0996,21.3566],[105.1003,21.3589],[105.0997,21.3598]]]},"properties":{"code":"08290","name":"Yên Lập","nameEn":"Yen Lap","fullName":"Xã Yên Lập","fullNameEn":"Yen Lap Commune","codeName":"yen_lap","postalCode":"35506","postalCodePrefix":"","gisServerId":"diaphanhanhchinhcapxa_2025.1565","areaKm2":69.05},"id":"08290"},
{"type":"Feature","geometry":{"type":"Polygon","coordinates":[[[104.9313,21.5222],[104.9304,21.5224],[104.9286,21.5242],[104.927,21.5287],[104.926,21.5301],[104.9235,21.5327],[104.921,21.5332],[104.9183,21.5386],[104.9168,21.5393],[104.9151,21.5426],[104.9132,21.5443],[104.9084,21.5424],[104.9085,21.5419],[104.9071,21.5412],[104.9064,21.5417],[104.9053,21.5413],[104.9029,21.5415],[104.9021,21.5408],[104.8976,21.5388],[104.8954,21.537],[104.8941,21.5375],[104.8895,21.536],[104.8887,21.5363],[104.8881,21.5358],[104.8821,21.5349],[104.8769,21.5359],[104.8784,21.5353],[104.8799,21.5332],[104.8818,21.5299],[104.8826,21.5266],[104.8851,21.5227],[104.8849,21.521],[104.8832,21.52],[104.8827,21.5191],[104.8832,21.5183],[104.8836,21.5153],[104.8821,21.509],[104.883,21.5071],[104.8848,21.5051],[104.885,21.5019],[104.8845,21.5008],[104.8854,21.5],[104.8861,21.4985],[104.8874,21.4948],[104.8872,21.494],[104.8876,21.4927],[104.889,21.4918],[104.8901,21.4892],[104.8943,21.484],[104.8944,21.4815],[104.8933,21.4781],[104.8947,21.4753],[104.8969,21.4739],[104.8967,21.4703],[104.8981,21.4676],[104.9012,21.4633],[104.9035,21.4617],[104.9039,21.4597],[104.9068,21.4542],[104.9074,21.4538],[104.9076,21.453],[104.9087,21.4527],[104.9115,21.4487],[104.9124,21.4422],[104.9119,21.4397],[104.9124,21.439],[104.9127,21.4351],[104.9112,21.4315],[104.9076,21.4305],[104.9062,21.429],[104.9059,21.4277],[104.9062,21.4257],[104.9075,21.4233],[104.9083,21.4202],[104.9079,21.4141],[104.9098,21.4133],[104.9129,21.4101],[104.9173,21.4083],[104.9198,21.4084],[104.9232,21.4072],[104.9245,21.408],[104.9268,21.4079],[104.9282,21.4086],[104.9275,21.412],[104.9267,21.4135],[104.9299,21.4122],[104.9357,21.4128],[104.9365,21.4133],[104.9394,21.4132],[104.9392,21.4186],[104.9402,21.4199],[104.9439,21.4221],[104.9477,21.4258],[104.9502,21.4262],[104.952,21.4259],[104.9535,21.4254],[104.9542,21.4243],[104.9572,21.4228],[104.9588,21.4232],[104.9605,21.4248],[104.9618,21.4245],[104.9635,21.4233],[104.9665,21.4259],[104.969,21.4273],[104.9709,21.4272],[104.9712,21.4264],[104.973,21.4273],[104.9743,21.4273],[104.9751,21.4279],[104.9767,21.4278],[104.9785,21.4289],[104.9791,21.4302],[104.9819,21.4324],[104.9853,21.4336],[104.9857,21.4351],[104.9909,21.4336],[104.9915,21.4347],[104.9956,21.4355],[104.9939,21.438],[104.9948,21.441],[104.9945,21.4439],[104.9932,21.4449],[104.993,21.4459],[104.9909,21.4484],[104.9908,21.4493],[104.9912,21.4525],[104.9921,21.4533],[104.9922,21.4554],[104.9944,21.4582],[104.9949,21.4597],[104.9954,21.4598],[104.9954,21.4607],[104.9966,21.4611],[104.9972,21.4607],[104.9973,21.4614],[104.9966,21.4618],[104.9969,21.4626],[104.995,21.4634],[104.9962,21.4639],[104.9961,21.466],[104.9967,21.4667],[104.9962,21.4675],[104.9952,21.4672],[104.9948,21.4681],[104.9935,21.4688],[104.9937,21.4695],[104.9912,21.4709],[104.9862,21.4722],[104.9842,21.4736],[104.982,21.4737],[104.9811,21.4749],[104.9818,21.4776],[104.9808,21.4819],[104.9809,21.4837],[104.9786,21.4874],[104.9722,21.4865],[104.9674,21.485],[104.9665,21.4852],[104.9634,21.4879],[104.96,21.4893],[104.9545,21.4952],[104.9527,21.4952],[104.9522,21.4961],[104.9511,21.4965],[104.9501,21.4979],[104.9506,21.4993],[104.949,21.4994],[104.9487,21.4976],[104.9472,21.4965],[104.9441,21.4965],[104.9412,21.4947],[104.9395,21.4945],[104.9353,21.4954],[104.9349,21.4962],[104.9353,21.5026],[104.9358,21.5043],[104.9396,21.5043],[104.9405,21.5047],[104.9396,21.5077],[104.9373,21.512],[104.9358,21.5132],[104.9359,21.5145],[104.9346,21.5176],[104.9313,21.5222]]]},"properties":{"code":"08296","name":"Sơn Lương","nameEn":"Son Luong","fullName":"Xã Sơn Lương","fullNameEn":"Son Luong Commune","codeName":"son_luong","postalCode":"35523","postalCodePrefix":"","gisServerId":"diaphanhanhchinhcapxa_2025.1601","areaKm2":96.92},"id":"08296"},
{"type":"Feature","geometry":{"type":"Polygon","coordinates":[[[105.016,21.4202],[105.0141,21.4223],[105.0112,21.4244],[105.0105,21.4245],[105.0107,21.425],[105.0099,21.4249],[105.0076,21.4261],[105.0064,21.4262],[105.0057,21.4255],[105.0046,21.4259],[105.0039,21.4285],[104.9994,21.4309],[104.9971,21.434],[104.9957,21.4348],[104.9956,21.4355],[104.9915,21.4347],[104.9909,21.4336],[104.9857,21.4351],[104.9853,21.4336],[104.9819,21.4324],[104.9791,21.4302],[104.9785,21.4289],[104.9767,21.4278],[104.9751,21.4279],[104.9743,21.4273],[104.973,21.4273],[104.9712,21.4264],[104.9709,21.4272],[104.969,21.4273],[104.9665,21.4259],[104.9635,21.4233],[104.9618,21.4245],[104.9605,21.4248],[104.9588,21.4232],[104.9572,21.4228],[104.9542,21.4243],[104.9535,21.4254],[104.952,21.4259],[104.9502,21.4262],[104.9477,21.4258],[104.9439,21.4221],[104.9402,21.4199],[104.9392,21.4186],[104.9394,21.4132],[104.9388,21.4118],[104.9394,21.408],[104.9381,21.4051],[104.939,21.4023],[104.9392,21.3995],[104.9419,21.3995],[104.9418,21.3982],[104.9459,21.3925],[104.9464,21.389],[104.9501,21.3854],[104.9527,21.3871],[104.9563,21.3857],[104.9595,21.3864],[104.9641,21.3882],[104.9653,21.3879],[104.9665,21.3868],[104.9681,21.3865],[104.9676,21.3878],[104.9687,21.3886],[104.9681,21.3894],[104.9688,21.3917],[104.9687,21.3952],[104.969,21.3956],[104.9706,21.3968],[104.9717,21.397],[104.9748,21.3964],[104.9773,21.397],[104.9814,21.396],[104.9835,21.3944],[104.9832,21.3914],[104.9844,21.39],[104.9843,21.3879],[104.985,21.3864],[104.9846,21.3837],[104.9888,21.3809],[104.9891,21.3789],[104.9906,21.3776],[104.9914,21.3755],[104.9937,21.3743],[104.9957,21.3739],[104.9972,21.3711],[104.9998,21.3715],[105.0011,21.3707],[105.0043,21.3703],[105.007,21.371],[105.009,21.3722],[105.0103,21.3701],[105.0118,21.3706],[105.0131,21.3712],[105.0133,21.3725],[105.0139,21.3726],[105.015,21.3737],[105.0173,21.3729],[105.0184,21.3736],[105.0198,21.3731],[105.0215,21.3733],[105.0228,21.3746],[105.0232,21.3745],[105.0239,21.3752],[105.0235,21.3759],[105.0241,21.3759],[105.0258,21.3778],[105.03,21.3781],[105.0309,21.3793],[105.0322,21.3799],[105.0312,21.3823],[105.0326,21.3836],[105.033,21.3851],[105.0353,21.3854],[105.0369,21.3851],[105.0421,21.3868],[105.0436,21.3885],[105.0446,21.3887],[105.046,21.388],[105.0487,21.389],[105.0474,21.3909],[105.0459,21.3917],[105.043,21.3921],[105.0408,21.3969],[105.0317,21.4012],[105.029,21.4036],[105.0221,21.4127],[105.021,21.4155],[105.0178,21.4179],[105.016,21.4202]]]},"properties":{"code":"08305","name":"Xuân Viên","nameEn":"Xuan Vien","fullName":"Xã Xuân Viên","fullNameEn":"Xuan Vien Commune","codeName":"xuan_vien","postalCode":"35509","postalCodePrefix":"","gisServerId":"diaphanhanhchinhcapxa_2025.1556","areaKm2":46.19},"id":"08305"},
{"type":"Feature","geometry":{"type":"Polygon","coordinates":[[[104.9079,21.4141],[104.9055,21.411],[104.9028,21.4097],[104.9016,21.4064],[104.8995,21.4036],[104.8999,21.4014],[104.8953,21.3955],[104.8948,21.3936],[104.8951,21.3925],[104.8945,21.3932],[104.8921,21.3935],[104.8867,21.3934],[104.8823,21.3901],[104.8847,21.3866],[104.8841,21.3852],[104.8823,21.3846],[104.8819,21.384],[104.8827,21.3822],[104.885,21.3798],[104.8851,21.3785],[104.8841,21.3773],[104.8838,21.3731],[104.8964,21.3606],[104.9008,21.3524],[104.9009,21.3514],[104.898,21.3463],[104.8979,21.3433],[104.8993,21.3405],[104.9013,21.3402],[104.9019,21.3389],[104.9033,21.3389],[104.9059,21.3353],[104.9084,21.333],[104.9089,21.3305],[104.9083,21.3288],[104.9144,21.3282],[104.9224,21.3288],[104.9249,21.3267],[104.9261,21.3264],[104.9286,21.3201],[104.9308,21.3182],[104.9319,21.3178],[104.9333,21.3153],[104.9367,21.3137],[104.9379,21.3125],[104.9377,21.3099],[104.9381,21.3072],[104.9396,21.3044],[104.9424,21.3052],[104.947,21.3035],[104.9496,21.3041],[104.9535,21.3038],[104.9548,21.3047],[104.9581,21.3052],[104.9634,21.3074],[104.964,21.3049],[104.9649,21.304],[104.9657,21.302],[104.9677,21.3019],[104.9717,21.2978],[104.9739,21.297],[104.9759,21.2973],[104.9796,21.2967],[104.9807,21.2959],[104.9827,21.2954],[104.9833,21.2938],[104.9848,21.2933],[104.9872,21.2912],[104.9918,21.2912],[104.9917,21.2953],[104.993,21.3008],[104.9914,21.3114],[104.9894,21.3147],[104.9892,21.3172],[104.9878,21.3187],[104.9861,21.3219],[104.9809,21.3263],[104.9812,21.3286],[104.9808,21.3299],[104.9824,21.3317],[104.9827,21.333],[104.9855,21.3347],[104.9859,21.3381],[104.99,21.341],[104.9947,21.3429],[104.9945,21.3462],[104.9961,21.349],[104.9932,21.3521],[104.9979,21.3576],[104.9982,21.3628],[104.9951,21.3656],[104.9972,21.3711],[104.9957,21.3739],[104.9937,21.3743],[104.9914,21.3755],[104.9906,21.3776],[104.9891,21.3789],[104.9888,21.3809],[104.9846,21.3837],[104.985,21.3864],[104.9843,21.3879],[104.9844,21.39],[104.9832,21.3914],[104.9835,21.3944],[104.9814,21.396],[104.9773,21.397],[104.9748,21.3964],[104.9717,21.397],[104.9706,21.3968],[104.969,21.3956],[104.9687,21.3952],[104.9688,21.3917],[104.9681,21.3894],[104.9687,21.3886],[104.9676,21.3878],[104.9681,21.3865],[104.9665,21.3868],[104.9653,21.3879],[104.9641,21.3882],[104.9595,21.3864],[104.9563,21.3857],[104.9527,21.3871],[104.9501,21.3854],[104.9464,21.389],[104.9459,21.3925],[104.9418,21.3982],[104.9419,21.3995],[104.9392,21.3995],[104.939,21.4023],[104.9381,21.4051],[104.9394,21.408],[104.9388,21.4118],[104.9394,21.4132],[104.9365,21.4133],[104.9357,21.4128],[104.9299,21.4122],[104.9267,21.4135],[104.9275,21.412],[104.9282,21.4086],[104.9268,21.4079],[104.9245,21.408],[104.9232,21.4072],[104.9198,21.4084],[104.9173,21.4083],[104.9129,21.4101],[104.9098,21.4133],[104.9079,21.4141]]]},"properties":{"code":"08311","name":"Trung Sơn","nameEn":"Trung Son","fullName":"Xã Trung Sơn","fullNameEn":"Trung Son Commune","codeName":"trung_son","postalCode":"35514","postalCodePrefix":"","gisServerId":"diaphanhanhchinhcapxa_2025.1602","areaKm2":97.29},"id":"08311"},
{"type":"Feature","geometry":{"type":"Polygon","coordinates":[[[105.0043,21.3703],[105.0011,21.3707],[104.9998,21.3715],[104.9972,21.3711],[104.9951,21.3656],[104.9982,21.3628],[104.9979,21.3576],[104.9932,21.3521],[104.9961,21.349],[104.9945,21.3462],[104.9947,21.3429],[104.99,21.341],[104.9859,21.3381],[104.9855,21.3347],[104.9827,21.333],[104.9824,21.3317],[104.9808,21.3299],[104.9812,21.3286],[104.9809,21.3263],[104.9861,21.3219],[104.9878,21.3187],[104.9892,21.3172],[104.9894,21.3147],[104.9914,21.3114],[104.993,21.3008],[104.9917,21.2953],[104.9918,21.2912],[104.9926,21.2896],[104.9934,21.2891],[104.9966,21.2893],[104.999,21.2887],[105.0018,21.2897],[105.0045,21.2915],[105.0071,21.2944],[105.0111,21.2923],[105.0136,21.2898],[105.0203,21.2924],[105.0225,21.2923],[105.0256,21.2893],[105.0306,21.2884],[105.033,21.2859],[105.0386,21.2836],[105.0406,21.2805],[105.0447,21.2786],[105.0459,21.2784],[105.0507,21.2743],[105.0569,21.2723],[105.0662,21.2679],[105.0686,21.2694],[105.0718,21.2732],[105.0727,21.2734],[105.075,21.2722],[105.083,21.2661],[105.0858,21.2673],[105.088,21.2668],[105.09,21.2682],[105.0927,21.2722],[105.0943,21.2736],[105.0963,21.2742],[105.094,21.2848],[105.0939,21.2889],[105.0926,21.2916],[105.0939,21.2939],[105.0941,21.2959],[105.0929,21.2971],[105.0917,21.3],[105.0885,21.3009],[105.0874,21.3017],[105.0756,21.3021],[105.0755,21.3015],[105.0729,21.3023],[105.0729,21.3031],[105.0721,21.3022],[105.0702,21.3021],[105.0704,21.3014],[105.0695,21.3008],[105.0678,21.3015],[105.0649,21.3014],[105.0639,21.3023],[105.0628,21.3021],[105.0583,21.3034],[105.0575,21.3035],[105.0575,21.3029],[105.0563,21.3032],[105.0565,21.3039],[105.0558,21.3044],[105.0565,21.305],[105.0566,21.3059],[105.0561,21.3064],[105.0564,21.3073],[105.0563,21.3093],[105.0568,21.3096],[105.0564,21.3105],[105.0571,21.3109],[105.0574,21.3136],[105.0578,21.3138],[105.0582,21.3133],[105.0586,21.3145],[105.0575,21.3162],[105.0557,21.3171],[105.0541,21.3157],[105.0531,21.3157],[105.0522,21.3162],[105.0515,21.3156],[105.0496,21.3153],[105.0484,21.3161],[105.0464,21.3143],[105.0453,21.3143],[105.0448,21.3154],[105.042,21.3147],[105.0409,21.3151],[105.0386,21.3146],[105.0362,21.3185],[105.037,21.3202],[105.037,21.3217],[105.0378,21.3222],[105.0383,21.3236],[105.0371,21.3255],[105.0366,21.3257],[105.036,21.3253],[105.0366,21.3262],[105.0379,21.3267],[105.0388,21.3277],[105.039,21.3287],[105.0403,21.3302],[105.0396,21.3302],[105.04,21.3316],[105.0395,21.3319],[105.0406,21.3326],[105.0414,21.3345],[105.041,21.3358],[105.0416,21.3364],[105.0414,21.3388],[105.0406,21.3397],[105.0427,21.3411],[105.0412,21.3427],[105.0424,21.3439],[105.0422,21.3445],[105.0402,21.3452],[105.041,21.3457],[105.0406,21.3459],[105.0398,21.3457],[105.0384,21.3461],[105.0376,21.3472],[105.0371,21.3464],[105.0361,21.3462],[105.0355,21.3452],[105.0348,21.3459],[105.0304,21.3446],[105.0289,21.3447],[105.0278,21.3438],[105.0273,21.3445],[105.0278,21.3459],[105.0276,21.3469],[105.026,21.346],[105.0255,21.3464],[105.0266,21.348],[105.0273,21.3481],[105.0274,21.3496],[105.0245,21.356],[105.0246,21.3568],[105.0224,21.3571],[105.0215,21.3587],[105.0207,21.3589],[105.0203,21.36],[105.0188,21.3596],[105.0163,21.3618],[105.0161,21.3627],[105.015,21.3633],[105.0083,21.3648],[105.0068,21.366],[105.0062,21.3678],[105.0043,21.3703]]]},"properties":{"code":"08323","name":"Thượng Long","nameEn":"Thuong Long","fullName":"Xã Thượng Long","fullNameEn":"Thuong Long Commune","codeName":"thuong_long","postalCode":"35516","postalCodePrefix":"","gisServerId":"diaphanhanhchinhcapxa_2025.1576","areaKm2":60.36},"id":"08323"},
{"type":"Feature","geometry":{"type":"Polygon","coordinates":[[[105.1492,21.27],[105.1486,21.2693],[105.1478,21.2694],[105.1471,21.2687],[105.1452,21.2714],[105.1459,21.2734],[105.1485,21.2744],[105.1482,21.2788],[105.1488,21.2798],[105.149,21.2822],[105.1478,21.2873],[105.1482,21.2889],[105.1476,21.2916],[105.1467,21.293],[105.1458,21.2931],[105.1448,21.293],[105.1444,21.2924],[105.1407,21.2907],[105.1387,21.2909],[105.1369,21.292],[105.1348,21.2952],[105.1331,21.2996],[105.1332,21.3003],[105.1362,21.3025],[105.1361,21.3036],[105.1366,21.3043],[105.1358,21.3054],[105.1322,21.307],[105.1315,21.3069],[105.1303,21.3078],[105.1314,21.3083],[105.1302,21.3144],[105.1282,21.3116],[105.125,21.312],[105.1233,21.3114],[105.1228,21.312],[105.1205,21.3116],[105.1204,21.3123],[105.1178,21.3121],[105.1168,21.3128],[105.1166,21.3117],[105.1149,21.3112],[105.115,21.3101],[105.1143,21.3089],[105.1125,21.3089],[105.1112,21.3078],[105.1097,21.3083],[105.1093,21.3089],[105.106,21.3072],[105.1056,21.3075],[105.104,21.3027],[105.1046,21.3017],[105.1046,21.2988],[105.1069,21.2947],[105.1076,21.2906],[105.1068,21.2847],[105.1032,21.2813],[105.1013,21.2756],[105.1001,21.2756],[105.0963,21.2742],[105.0943,21.2736],[105.0927,21.2722],[105.09,21.2682],[105.088,21.2668],[105.0858,21.2673],[105.083,21.2661],[105.075,21.2722],[105.0727,21.2734],[105.0718,21.2732],[105.0686,21.2694],[105.0662,21.2679],[105.0666,21.2666],[105.0682,21.2648],[105.0684,21.2629],[105.0691,21.2619],[105.0742,21.2565],[105.0769,21.2561],[105.0778,21.2554],[105.0778,21.2528],[105.0784,21.2512],[105.0776,21.2492],[105.0786,21.245],[105.0819,21.2433],[105.0829,21.2412],[105.0849,21.2407],[105.0854,21.2388],[105.0893,21.2352],[105.09,21.2312],[105.0939,21.2297],[105.0969,21.2299],[105.0983,21.2288],[105.0983,21.228],[105.1065,21.2298],[105.1094,21.2254],[105.1135,21.2238],[105.1223,21.217],[105.122,21.2141],[105.1225,21.2122],[105.1261,21.2122],[105.1271,21.2127],[105.1281,21.212],[105.129,21.2121],[105.1299,21.2115],[105.1303,21.2091],[105.1312,21.2086],[105.1324,21.2086],[105.1331,21.208],[105.1366,21.2083],[105.1373,21.2071],[105.1387,21.2064],[105.1386,21.2054],[105.1402,21.206],[105.1408,21.2059],[105.1407,21.2049],[105.1413,21.2049],[105.1427,21.2059],[105.1438,21.2052],[105.1444,21.2055],[105.1455,21.2049],[105.1483,21.205],[105.1493,21.2058],[105.1501,21.2083],[105.1528,21.2088],[105.1544,21.2091],[105.1555,21.2085],[105.1552,21.2076],[105.157,21.2074],[105.1571,21.2063],[105.1588,21.2047],[105.1586,21.2027],[105.1594,21.2019],[105.1614,21.2014],[105.1635,21.2014],[105.1643,21.202],[105.1648,21.2035],[105.1657,21.2027],[105.1664,21.203],[105.167,21.2027],[105.1672,21.2038],[105.1684,21.2034],[105.168,21.2027],[105.1686,21.2025],[105.1694,21.2044],[105.1701,21.2046],[105.1693,21.2065],[105.1695,21.2079],[105.168,21.2091],[105.167,21.2094],[105.1654,21.2121],[105.1664,21.2138],[105.1659,21.2152],[105.1668,21.2202],[105.1665,21.2223],[105.1675,21.2268],[105.1696,21.228],[105.1703,21.2299],[105.1686,21.2318],[105.1689,21.2333],[105.1685,21.2341],[105.1656,21.2363],[105.1661,21.2402],[105.163,21.2435],[105.1618,21.2468],[105.1597,21.2493],[105.1601,21.251],[105.1596,21.253],[105.1559,21.2551],[105.154,21.2545],[105.153,21.2566],[105.1503,21.259],[105.1497,21.262],[105.1506,21.2627],[105.1508,21.2643],[105.1492,21.27]]]},"properties":{"code":"08338","name":"Minh Hoà","nameEn":"Minh Hoa","fullName":"Xã Minh Hoà","fullNameEn":"Minh Hoa Commune","codeName":"minh_hoa","postalCode":"35521","postalCodePrefix":"","gisServerId":"diaphanhanhchinhcapxa_2025.1570","areaKm2":68.44},"id":"08338"},
{"type":"Feature","geometry":{"type":"Polygon","coordinates":[[[105.1446,21.432],[105.1357,21.4318],[105.1346,21.4321],[105.1326,21.4347],[105.1301,21.4399],[105.1269,21.4438],[105.1182,21.4489],[105.1133,21.451],[105.1038,21.4589],[105.1004,21.4592],[105.0992,21.4586],[105.0929,21.4644],[105.0915,21.4675],[105.0901,21.474],[105.0815,21.483],[105.0792,21.4831],[105.0749,21.4791],[105.0741,21.4801],[105.0726,21.4787],[105.073,21.4776],[105.0743,21.4768],[105.0756,21.4773],[105.0757,21.4779],[105.0797,21.473],[105.0786,21.4703],[105.0792,21.4698],[105.0785,21.4691],[105.0788,21.4688],[105.0764,21.4659],[105.0747,21.4653],[105.0742,21.4664],[105.073,21.4667],[105.0708,21.4656],[105.0701,21.4644],[105.0696,21.465],[105.0696,21.4667],[105.0684,21.4686],[105.0673,21.4685],[105.0664,21.4693],[105.0652,21.4688],[105.0634,21.4703],[105.0619,21.4681],[105.0617,21.4669],[105.0608,21.4669],[105.0599,21.464],[105.0585,21.464],[105.0578,21.4632],[105.0573,21.4636],[105.0573,21.4627],[105.0604,21.4564],[105.0628,21.454],[105.062,21.4534],[105.0623,21.4529],[105.063,21.453],[105.0633,21.4523],[105.0627,21.4512],[105.0625,21.4488],[105.0632,21.4471],[105.0625,21.446],[105.0654,21.4447],[105.0672,21.4406],[105.0676,21.4406],[105.0691,21.4433],[105.0695,21.4453],[105.0705,21.4464],[105.071,21.4462],[105.0712,21.4474],[105.0716,21.4477],[105.0746,21.4458],[105.0761,21.4465],[105.076,21.4456],[105.0817,21.4422],[105.0828,21.4396],[105.0815,21.4393],[105.0817,21.4376],[105.0808,21.4372],[105.0802,21.4363],[105.0788,21.4366],[105.0763,21.4356],[105.0767,21.4321],[105.0758,21.4312],[105.0761,21.4302],[105.0753,21.4299],[105.0752,21.4291],[105.074,21.4289],[105.0743,21.4276],[105.071,21.4262],[105.0685,21.4257],[105.0651,21.4198],[105.064,21.4175],[105.0636,21.4148],[105.0612,21.4106],[105.0619,21.4097],[105.0602,21.4078],[105.0609,21.4046],[105.059,21.4017],[105.0579,21.4011],[105.0654,21.3961],[105.0676,21.3931],[105.0691,21.3921],[105.0705,21.392],[105.0738,21.3901],[105.0782,21.3912],[105.083,21.3914],[105.0854,21.3925],[105.0869,21.3924],[105.0878,21.3928],[105.091,21.3899],[105.0915,21.3884],[105.0923,21.3885],[105.0929,21.3903],[105.0935,21.3906],[105.0951,21.3906],[105.0963,21.3891],[105.0968,21.3891],[105.0967,21.3909],[105.0979,21.3914],[105.099,21.3905],[105.1,21.3883],[105.1008,21.389],[105.1014,21.3906],[105.1035,21.3897],[105.1042,21.3907],[105.1051,21.3908],[105.1051,21.3923],[105.106,21.393],[105.1099,21.3928],[105.113,21.3912],[105.1139,21.3919],[105.1148,21.3912],[105.1152,21.3924],[105.1164,21.3918],[105.1168,21.3921],[105.1167,21.394],[105.1172,21.3947],[105.1153,21.3984],[105.1155,21.4003],[105.1143,21.4015],[105.1126,21.4022],[105.1126,21.403],[105.1131,21.4033],[105.1121,21.4038],[105.1111,21.4037],[105.1108,21.4046],[105.1103,21.4044],[105.1096,21.4051],[105.1115,21.4059],[105.1112,21.4069],[105.1122,21.4086],[105.1134,21.4085],[105.1123,21.4094],[105.1126,21.4104],[105.1139,21.4113],[105.1138,21.4123],[105.1157,21.4151],[105.1152,21.4168],[105.1167,21.4175],[105.1176,21.4173],[105.119,21.4182],[105.1212,21.4171],[105.1213,21.4176],[105.1221,21.4179],[105.1209,21.4188],[105.1216,21.4193],[105.1239,21.4186],[105.1267,21.419],[105.1283,21.4177],[105.1328,21.4184],[105.1331,21.4174],[105.1356,21.4155],[105.1353,21.4149],[105.1366,21.4137],[105.1373,21.4147],[105.1387,21.4143],[105.1398,21.4148],[105.1414,21.4138],[105.142,21.4114],[105.1431,21.4115],[105.1436,21.4121],[105.1432,21.4113],[105.1424,21.4107],[105.1432,21.4102],[105.144,21.4105],[105.1438,21.4109],[105.1443,21.4114],[105.1448,21.4113],[105.1452,21.4147],[105.1556,21.4154],[105.1516,21.4205],[105.151,21.4267],[105.1502,21.4292],[105.1475,21.4311],[105.1446,21.432]]]},"properties":{"code":"08341","name":"Cẩm Khê","nameEn":"Cam Khe","fullName":"Xã Cẩm Khê","fullNameEn":"Cam Khe Commune","codeName":"cam_khe","postalCode":"35606","postalCodePrefix":"","gisServerId":"diaphanhanhchinhcapxa_2025.1578","areaKm2":50.44},"id":"08341"},
{"type":"Feature","geometry":{"type":"Polygon","coordinates":[[[105.0472,21.5005],[105.0475,21.4982],[105.046,21.4967],[105.0441,21.4982],[105.0434,21.498],[105.043,21.4974],[105.0438,21.4957],[105.0466,21.4956],[105.0481,21.4949],[105.047,21.4925],[105.0482,21.49],[105.0477,21.4895],[105.046,21.491],[105.044,21.4915],[105.0429,21.4909],[105.043,21.4897],[105.0412,21.4885],[105.0397,21.4893],[105.039,21.4914],[105.0374,21.4903],[105.0356,21.4906],[105.0356,21.491],[105.0336,21.4922],[105.0325,21.4949],[105.0284,21.4967],[105.0264,21.4964],[105.0235,21.4943],[105.0209,21.4937],[105.0204,21.4929],[105.0193,21.4926],[105.0188,21.4952],[105.0146,21.495],[105.0138,21.497],[105.014,21.4979],[105.0132,21.4973],[105.0124,21.4975],[105.0121,21.499],[105.0111,21.4997],[105.0099,21.499],[105.0095,21.498],[105.0086,21.4985],[105.0067,21.4982],[105.0064,21.4962],[105.0049,21.4964],[105.0033,21.4958],[105.0026,21.4948],[105.0006,21.4942],[104.9993,21.4949],[104.9991,21.4961],[104.9964,21.4967],[104.996,21.4955],[104.9949,21.4955],[104.9945,21.4951],[104.9919,21.4973],[104.9903,21.4978],[104.9878,21.4977],[104.9833,21.5005],[104.9827,21.5005],[104.9811,21.4995],[104.9775,21.4946],[104.9791,21.4923],[104.9782,21.4882],[104.9786,21.4874],[104.9809,21.4837],[104.9808,21.4819],[104.9818,21.4776],[104.9811,21.4749],[104.982,21.4737],[104.9842,21.4736],[104.9862,21.4722],[104.9912,21.4709],[104.9937,21.4695],[104.9935,21.4688],[104.9948,21.4681],[104.9952,21.4672],[104.9962,21.4675],[104.9967,21.4667],[104.9961,21.466],[104.9962,21.4639],[104.995,21.4634],[104.9969,21.4626],[104.9966,21.4618],[104.9973,21.4614],[104.9972,21.4607],[104.9966,21.4611],[104.9954,21.4607],[104.9954,21.4598],[104.9949,21.4597],[104.9944,21.4582],[104.9922,21.4554],[104.9921,21.4533],[104.9912,21.4525],[104.9908,21.4493],[104.9909,21.4484],[104.993,21.4459],[104.9932,21.4449],[104.9945,21.4439],[104.9948,21.441],[104.9939,21.438],[104.9956,21.4355],[104.9957,21.4348],[104.9971,21.434],[104.9994,21.4309],[105.0039,21.4285],[105.0046,21.4259],[105.0057,21.4255],[105.0064,21.4262],[105.0076,21.4261],[105.0099,21.4249],[105.0107,21.425],[105.0105,21.4245],[105.0112,21.4244],[105.0141,21.4223],[105.016,21.4202],[105.0183,21.4227],[105.0204,21.4239],[105.0223,21.4225],[105.0229,21.4227],[105.0231,21.4236],[105.0244,21.424],[105.0273,21.4287],[105.0295,21.429],[105.0292,21.43],[105.0296,21.4306],[105.0304,21.4308],[105.031,21.4304],[105.0333,21.4316],[105.0326,21.4332],[105.0329,21.4337],[105.0326,21.4358],[105.0332,21.4368],[105.0329,21.4385],[105.0353,21.4414],[105.0369,21.441],[105.0384,21.4419],[105.0391,21.4413],[105.0399,21.4414],[105.0411,21.4403],[105.0419,21.4408],[105.0422,21.4403],[105.0438,21.4404],[105.0437,21.4417],[105.0442,21.4422],[105.0451,21.4422],[105.0457,21.4432],[105.0452,21.4438],[105.0481,21.4474],[105.0495,21.4465],[105.0509,21.4473],[105.0519,21.4465],[105.0528,21.447],[105.0528,21.4477],[105.0536,21.4471],[105.0555,21.4472],[105.0556,21.4469],[105.0567,21.4467],[105.0575,21.4472],[105.0574,21.4467],[105.06,21.4461],[105.0615,21.4467],[105.0625,21.446],[105.0632,21.4471],[105.0625,21.4488],[105.0627,21.4512],[105.0633,21.4523],[105.063,21.453],[105.0623,21.4529],[105.062,21.4534],[105.0628,21.454],[105.0604,21.4564],[105.0573,21.4627],[105.0573,21.4636],[105.0578,21.4632],[105.0585,21.464],[105.0599,21.464],[105.0608,21.4669],[105.0617,21.4669],[105.0619,21.4681],[105.0634,21.4703],[105.0652,21.4688],[105.0664,21.4693],[105.0673,21.4685],[105.0684,21.4686],[105.0696,21.4667],[105.0696,21.465],[105.0701,21.4644],[105.0708,21.4656],[105.073,21.4667],[105.0742,21.4664],[105.0747,21.4653],[105.0764,21.4659],[105.0788,21.4688],[105.0785,21.4691],[105.0792,21.4698],[105.0786,21.4703],[105.0797,21.473],[105.0757,21.4779],[105.0756,21.4773],[105.0743,21.4768],[105.073,21.4776],[105.0726,21.4787],[105.0741,21.4801],[105.0749,21.4791],[105.0792,21.4831],[105.0761,21.4859],[105.0679,21.4893],[105.0644,21.4916],[105.0626,21.4935],[105.0618,21.4931],[105.0565,21.4936],[105.0537,21.4945],[105.0511,21.4963],[105.0472,21.5005]]]},"properties":{"code":"08344","name":"Tiên Lương","nameEn":"Tien Luong","fullName":"Xã Tiên Lương","fullNameEn":"Tien Luong Commune","codeName":"tien_luong","postalCode":"35614","postalCodePrefix":"","gisServerId":"diaphanhanhchinhcapxa_2025.1551","areaKm2":54.55},"id":"08344"},
{"type":"Feature","geometry":{"type":"Polygon","coordinates":[[[105.0625,21.446],[105.0615,21.4467],[105.06,21.4461],[105.0574,21.4467],[105.0575,21.4472],[105.0567,21.4467],[105.0556,21.4469],[105.0555,21.4472],[105.0536,21.4471],[105.0528,21.4477],[105.0528,21.447],[105.0519,21.4465],[105.0509,21.4473],[105.0495,21.4465],[105.0481,21.4474],[105.0452,21.4438],[105.0457,21.4432],[105.0451,21.4422],[105.0442,21.4422],[105.0437,21.4417],[105.0438,21.4404],[105.0422,21.4403],[105.0419,21.4408],[105.0411,21.4403],[105.0399,21.4414],[105.0391,21.4413],[105.0384,21.4419],[105.0369,21.441],[105.0353,21.4414],[105.0329,21.4385],[105.0332,21.4368],[105.0326,21.4358],[105.0329,21.4337],[105.0326,21.4332],[105.0333,21.4316],[105.031,21.4304],[105.0304,21.4308],[105.0296,21.4306],[105.0292,21.43],[105.0295,21.429],[105.0273,21.4287],[105.0244,21.424],[105.0231,21.4236],[105.0229,21.4227],[105.0223,21.4225],[105.0204,21.4239],[105.0183,21.4227],[105.016,21.4202],[105.0178,21.4179],[105.021,21.4155],[105.0221,21.4127],[105.029,21.4036],[105.0317,21.4012],[105.0408,21.3969],[105.043,21.3921],[105.0459,21.3917],[105.0474,21.3909],[105.0489,21.3922],[105.0501,21.3957],[105.052,21.396],[105.0543,21.3974],[105.0545,21.399],[105.0579,21.4011],[105.059,21.4017],[105.0609,21.4046],[105.0602,21.4078],[105.0619,21.4097],[105.0612,21.4106],[105.0636,21.4148],[105.064,21.4175],[105.0651,21.4198],[105.0685,21.4257],[105.071,21.4262],[105.0743,21.4276],[105.074,21.4289],[105.0752,21.4291],[105.0753,21.4299],[105.0761,21.4302],[105.0758,21.4312],[105.0767,21.4321],[105.0763,21.4356],[105.0788,21.4366],[105.0802,21.4363],[105.0808,21.4372],[105.0817,21.4376],[105.0815,21.4393],[105.0828,21.4396],[105.0817,21.4422],[105.076,21.4456],[105.0761,21.4465],[105.0746,21.4458],[105.0716,21.4477],[105.0712,21.4474],[105.071,21.4462],[105.0705,21.4464],[105.0695,21.4453],[105.0691,21.4433],[105.0676,21.4406],[105.0672,21.4406],[105.0654,21.4447],[105.0625,21.446]]]},"properties":{"code":"08377","name":"Vân Bán","nameEn":"Van Ban","fullName":"Xã Vân Bán","fullNameEn":"Van Ban Commune","codeName":"van_ban","postalCode":"35618","postalCodePrefix":"","gisServerId":"diaphanhanhchinhcapxa_2025.1586","areaKm2":22.72},"id":"08377"},
{"type":"Feature","geometry":{"type":"Polygon","coordinates":[[[105.1556,21.4154],[105.1452,21.4147],[105.1448,21.4113],[105.1443,21.4114],[105.1438,21.4109],[105.144,21.4105],[105.1432,21.4102],[105.1424,21.4107],[105.1432,21.4113],[105.1436,21.4121],[105.1431,21.4115],[105.142,21.4114],[105.1414,21.4138],[105.1398,21.4148],[105.1387,21.4143],[105.1373,21.4147],[105.1366,21.4137],[105.1353,21.4149],[105.1356,21.4155],[105.1331,21.4174],[105.1328,21.4184],[105.1283,21.4177],[105.1267,21.419],[105.1239,21.4186],[105.1216,21.4193],[105.1209,21.4188],[105.1221,21.4179],[105.1213,21.4176],[105.1212,21.4171],[105.119,21.4182],[105.1176,21.4173],[105.1167,21.4175],[105.1152,21.4168],[105.1157,21.4151],[105.1138,21.4123],[105.1139,21.4113],[105.1126,21.4104],[105.1123,21.4094],[105.1134,21.4085],[105.1122,21.4086],[105.1112,21.4069],[105.1115,21.4059],[105.1096,21.4051],[105.1103,21.4044],[105.1108,21.4046],[105.1111,21.4037],[105.1121,21.4038],[105.1131,21.4033],[105.1126,21.403],[105.1126,21.4022],[105.1143,21.4015],[105.1155,21.4003],[105.1153,21.3984],[105.1172,21.3947],[105.1167,21.394],[105.1168,21.3921],[105.1164,21.3918],[105.1152,21.3924],[105.1148,21.3912],[105.1139,21.3919],[105.113,21.3912],[105.1099,21.3928],[105.106,21.393],[105.1051,21.3923],[105.1051,21.3908],[105.1042,21.3907],[105.1035,21.3897],[105.1014,21.3906],[105.1008,21.389],[105.1,21.3883],[105.099,21.3905],[105.0979,21.3914],[105.0967,21.3909],[105.0968,21.3891],[105.0963,21.3891],[105.0951,21.3906],[105.0935,21.3906],[105.0929,21.3903],[105.0923,21.3885],[105.0915,21.3884],[105.091,21.3899],[105.0878,21.3928],[105.0869,21.3924],[105.0854,21.3925],[105.083,21.3914],[105.0782,21.3912],[105.0738,21.3901],[105.0705,21.392],[105.0691,21.3921],[105.0676,21.3931],[105.0654,21.3961],[105.0579,21.4011],[105.0545,21.399],[105.0543,21.3974],[105.052,21.396],[105.0501,21.3957],[105.0489,21.3922],[105.0474,21.3909],[105.0487,21.389],[105.0491,21.3877],[105.0518,21.3844],[105.0537,21.3834],[105.0548,21.3819],[105.0568,21.3815],[105.0592,21.3802],[105.0599,21.3787],[105.0613,21.3776],[105.0626,21.3749],[105.0678,21.3728],[105.0692,21.3699],[105.0708,21.368],[105.0745,21.3681],[105.078,21.3667],[105.0793,21.36],[105.0837,21.3539],[105.0864,21.3545],[105.0864,21.3567],[105.0879,21.3572],[105.0886,21.3566],[105.0907,21.3583],[105.093,21.3581],[105.0939,21.3591],[105.0943,21.3584],[105.0974,21.3597],[105.0997,21.3598],[105.0995,21.3624],[105.1004,21.366],[105.1062,21.3627],[105.1087,21.3627],[105.1116,21.3615],[105.1182,21.3612],[105.1208,21.3653],[105.1247,21.3674],[105.1248,21.3722],[105.129,21.3717],[105.1303,21.372],[105.1315,21.3752],[105.1325,21.3746],[105.1325,21.3753],[105.1333,21.3756],[105.1331,21.3761],[105.1361,21.3768],[105.1371,21.3778],[105.1383,21.3772],[105.1385,21.3774],[105.1378,21.3779],[105.1382,21.3783],[105.1421,21.3798],[105.1427,21.3814],[105.142,21.3817],[105.1449,21.3814],[105.1448,21.3836],[105.1462,21.3845],[105.1455,21.3848],[105.1454,21.3858],[105.144,21.3884],[105.144,21.39],[105.143,21.3911],[105.1426,21.3905],[105.141,21.3905],[105.1406,21.3916],[105.1414,21.3921],[105.1409,21.3927],[105.141,21.3933],[105.1418,21.393],[105.1432,21.3936],[105.1452,21.3948],[105.1452,21.3953],[105.1459,21.3952],[105.146,21.396],[105.1468,21.3963],[105.1476,21.3959],[105.1489,21.3962],[105.1495,21.3966],[105.1493,21.3977],[105.1499,21.3965],[105.1504,21.3972],[105.1543,21.3963],[105.155,21.4064],[105.1541,21.4126],[105.1566,21.4134],[105.1556,21.4154]]]},"properties":{"code":"08398","name":"Phú Khê","nameEn":"Phu Khe","fullName":"Xã Phú Khê","fullNameEn":"Phu Khe Commune","codeName":"phu_khe","postalCode":"35623","postalCodePrefix":"","gisServerId":"diaphanhanhchinhcapxa_2025.1593","areaKm2":37.11},"id":"08398"},
{"type":"Feature","geometry":{"type":"Polygon","coordinates":[[[105.1543,21.3963],[105.1504,21.3972],[105.1499,21.3965],[105.1493,21.3977],[105.1495,21.3966],[105.1489,21.3962],[105.1476,21.3959],[105.1468,21.3963],[105.146,21.396],[105.1459,21.3952],[105.1452,21.3953],[105.1452,21.3948],[105.1432,21.3936],[105.1418,21.393],[105.141,21.3933],[105.1409,21.3927],[105.1414,21.3921],[105.1406,21.3916],[105.141,21.3905],[105.1426,21.3905],[105.143,21.3911],[105.144,21.39],[105.144,21.3884],[105.1454,21.3858],[105.1455,21.3848],[105.1462,21.3845],[105.1448,21.3836],[105.1449,21.3814],[105.142,21.3817],[105.1427,21.3814],[105.1421,21.3798],[105.1382,21.3783],[105.1378,21.3779],[105.1385,21.3774],[105.1383,21.3772],[105.1371,21.3778],[105.1361,21.3768],[105.1331,21.3761],[105.1333,21.3756],[105.1325,21.3753],[105.1325,21.3746],[105.1315,21.3752],[105.1303,21.372],[105.129,21.3717],[105.1248,21.3722],[105.1247,21.3674],[105.1208,21.3653],[105.1182,21.3612],[105.1116,21.3615],[105.1087,21.3627],[105.1062,21.3627],[105.1004,21.366],[105.0995,21.3624],[105.0997,21.3598],[105.1003,21.3589],[105.0996,21.3566],[105.1014,21.3536],[105.1029,21.3535],[105.1051,21.3518],[105.1062,21.3518],[105.1091,21.3498],[105.1103,21.3481],[105.1136,21.3467],[105.1149,21.3471],[105.1162,21.3467],[105.1166,21.3474],[105.1161,21.3482],[105.1176,21.3497],[105.1192,21.3494],[105.1186,21.3483],[105.1198,21.347],[105.1223,21.346],[105.1217,21.3456],[105.1216,21.3443],[105.1228,21.3434],[105.1225,21.3423],[105.1191,21.3394],[105.118,21.3374],[105.1183,21.3369],[105.1175,21.3359],[105.1176,21.335],[105.1208,21.3318],[105.1254,21.3285],[105.1265,21.3284],[105.1289,21.3264],[105.13,21.3242],[105.134,21.3279],[105.1375,21.3285],[105.1379,21.3281],[105.1384,21.3286],[105.1401,21.3288],[105.1407,21.3302],[105.1426,21.3307],[105.1427,21.3315],[105.1434,21.3315],[105.1432,21.3321],[105.1439,21.333],[105.1434,21.3339],[105.1461,21.3355],[105.1472,21.3353],[105.1479,21.3368],[105.1471,21.338],[105.1464,21.3378],[105.147,21.3389],[105.1465,21.3409],[105.1469,21.3412],[105.1468,21.3417],[105.1462,21.3415],[105.1462,21.342],[105.1502,21.344],[105.1494,21.3441],[105.1487,21.345],[105.1492,21.3468],[105.1482,21.3477],[105.1496,21.3498],[105.1515,21.3498],[105.1521,21.3485],[105.1536,21.3503],[105.1549,21.3509],[105.1555,21.3509],[105.1567,21.3493],[105.1582,21.3502],[105.161,21.3507],[105.1644,21.3557],[105.1649,21.3556],[105.1658,21.3543],[105.1671,21.3543],[105.1679,21.3545],[105.1681,21.3558],[105.1699,21.3558],[105.1704,21.3553],[105.1702,21.3544],[105.1718,21.3539],[105.1661,21.3528],[105.1665,21.3526],[105.1665,21.3516],[105.1651,21.3506],[105.1652,21.3456],[105.1637,21.3456],[105.1629,21.3425],[105.1658,21.343],[105.1658,21.342],[105.1687,21.3415],[105.1688,21.3425],[105.1705,21.3424],[105.1705,21.3397],[105.1742,21.3392],[105.1748,21.3411],[105.1752,21.341],[105.1763,21.3407],[105.1767,21.3401],[105.1761,21.3392],[105.1774,21.3375],[105.1828,21.3377],[105.1852,21.3368],[105.1854,21.3426],[105.1861,21.3456],[105.186,21.3485],[105.1853,21.3534],[105.1823,21.364],[105.1797,21.3665],[105.1773,21.3678],[105.1761,21.3698],[105.1752,21.3686],[105.1618,21.3807],[105.1598,21.3863],[105.1556,21.3931],[105.1543,21.3963]]]},"properties":{"code":"08416","name":"Hùng Việt","nameEn":"Hung Viet","fullName":"Xã Hùng Việt","fullNameEn":"Hung Viet Commune","codeName":"hung_viet","postalCode":"35632","postalCodePrefix":"","gisServerId":"diaphanhanhchinhcapxa_2025.1581","areaKm2":32.77},"id":"08416"},
{"type":"Feature","geometry":{"type":"Polygon","coordinates":[[[105.1852,21.3368],[105.1828,21.3377],[105.1774,21.3375],[105.1761,21.3392],[105.1767,21.3401],[105.1763,21.3407],[105.1752,21.341],[105.1748,21.3411],[105.1742,21.3392],[105.1705,21.3397],[105.1705,21.3424],[105.1688,21.3425],[105.1687,21.3415],[105.1658,21.342],[105.1658,21.343],[105.1629,21.3425],[105.1637,21.3456],[105.1652,21.3456],[105.1651,21.3506],[105.1665,21.3516],[105.1665,21.3526],[105.1661,21.3528],[105.1718,21.3539],[105.1702,21.3544],[105.1704,21.3553],[105.1699,21.3558],[105.1681,21.3558],[105.1679,21.3545],[105.1671,21.3543],[105.1658,21.3543],[105.1649,21.3556],[105.1644,21.3557],[105.161,21.3507],[105.1582,21.3502],[105.1567,21.3493],[105.1555,21.3509],[105.1549,21.3509],[105.1536,21.3503],[105.1521,21.3485],[105.1515,21.3498],[105.1496,21.3498],[105.1482,21.3477],[105.1492,21.3468],[105.1487,21.345],[105.1494,21.3441],[105.1502,21.344],[105.1462,21.342],[105.1462,21.3415],[105.1468,21.3417],[105.1469,21.3412],[105.1465,21.3409],[105.147,21.3389],[105.1464,21.3378],[105.1471,21.338],[105.1479,21.3368],[105.1472,21.3353],[105.1461,21.3355],[105.1434,21.3339],[105.1439,21.333],[105.1432,21.3321],[105.1434,21.3315],[105.1427,21.3315],[105.1426,21.3307],[105.1407,21.3302],[105.1401,21.3288],[105.1384,21.3286],[105.1379,21.3281],[105.1375,21.3285],[105.134,21.3279],[105.13,21.3242],[105.1309,21.3224],[105.1301,21.3196],[105.1303,21.3189],[105.1296,21.3183],[105.1302,21.3144],[105.1314,21.3083],[105.1303,21.3078],[105.1315,21.3069],[105.1322,21.307],[105.1358,21.3054],[105.1366,21.3043],[105.1361,21.3036],[105.1362,21.3025],[105.1332,21.3003],[105.1331,21.2996],[105.1348,21.2952],[105.1369,21.292],[105.1387,21.2909],[105.1407,21.2907],[105.1444,21.2924],[105.1448,21.293],[105.1458,21.2931],[105.1467,21.293],[105.1476,21.2916],[105.1482,21.2889],[105.1478,21.2873],[105.149,21.2822],[105.1488,21.2798],[105.1482,21.2788],[105.1485,21.2744],[105.1459,21.2734],[105.1452,21.2714],[105.1471,21.2687],[105.1478,21.2694],[105.1486,21.2693],[105.1492,21.27],[105.1537,21.2706],[105.1545,21.2715],[105.1543,21.2727],[105.1548,21.2733],[105.1569,21.2729],[105.1606,21.2742],[105.1615,21.2742],[105.1625,21.2735],[105.164,21.274],[105.1651,21.2765],[105.1678,21.279],[105.1677,21.2826],[105.1667,21.284],[105.169,21.2853],[105.1688,21.2868],[105.1707,21.289],[105.1686,21.2904],[105.1675,21.2899],[105.1679,21.2909],[105.1693,21.2918],[105.172,21.2897],[105.1723,21.2913],[105.1724,21.2908],[105.1733,21.2905],[105.1738,21.289],[105.1754,21.2898],[105.1759,21.2907],[105.1749,21.2901],[105.1744,21.2904],[105.1744,21.2912],[105.1735,21.2917],[105.1751,21.2919],[105.1765,21.2935],[105.1801,21.2923],[105.1802,21.2945],[105.1795,21.2951],[105.1797,21.2954],[105.1818,21.2938],[105.1835,21.2944],[105.1844,21.2941],[105.1848,21.2947],[105.1838,21.2992],[105.1838,21.3027],[105.1858,21.305],[105.1862,21.3067],[105.1868,21.3067],[105.1865,21.3081],[105.186,21.3083],[105.1857,21.31],[105.1849,21.3106],[105.1852,21.3123],[105.186,21.3131],[105.1846,21.3153],[105.1857,21.3177],[105.1873,21.3188],[105.1918,21.3186],[105.1953,21.3143],[105.1964,21.3121],[105.1978,21.3117],[105.1993,21.3132],[105.2011,21.3178],[105.2018,21.321],[105.2036,21.3236],[105.2029,21.3276],[105.2023,21.327],[105.2008,21.3269],[105.1951,21.3275],[105.1893,21.3289],[105.1863,21.3356],[105.1852,21.3368]]]},"properties":{"code":"08431","name":"Đồng Lương","nameEn":"Dong Luong","fullName":"Xã Đồng Lương","fullNameEn":"Dong Luong Commune","codeName":"dong_luong","postalCode":"35630","postalCodePrefix":"","gisServerId":"diaphanhanhchinhcapxa_2025.1563","areaKm2":36.33},"id":"08431"},
{"type":"Feature","geometry":{"type":"Polygon","coordinates":[[[105.2606,21.2841],[105.259,21.2842],[105.2583,21.2834],[105.2571,21.2837],[105.2582,21.2827],[105.2582,21.2819],[105.2559,21.2819],[105.2542,21.28],[105.2526,21.2795],[105.2515,21.2781],[105.2498,21.2783],[105.2489,21.279],[105.2479,21.277],[105.2482,21.2764],[105.2463,21.274],[105.2419,21.2732],[105.2416,21.2724],[105.242,21.2716],[105.244,21.2721],[105.2437,21.271],[105.2426,21.2707],[105.2423,21.2698],[105.2418,21.2705],[105.2422,21.2713],[105.2416,21.2709],[105.2414,21.2698],[105.2423,21.2691],[105.2429,21.2676],[105.2439,21.2676],[105.245,21.2664],[105.2456,21.2664],[105.2465,21.2646],[105.2477,21.2639],[105.2494,21.2616],[105.2497,21.2614],[105.2499,21.2621],[105.2511,21.2614],[105.2509,21.2608],[105.2521,21.2614],[105.2512,21.2601],[105.2519,21.2599],[105.2536,21.2613],[105.2541,21.2606],[105.2551,21.2606],[105.2594,21.2571],[105.26,21.2578],[105.2605,21.2576],[105.2643,21.2596],[105.265,21.2625],[105.2646,21.2627],[105.2662,21.265],[105.2676,21.2642],[105.2669,21.2636],[105.268,21.2622],[105.2673,21.2614],[105.2699,21.26],[105.2707,21.2579],[105.2702,21.2566],[105.2761,21.2534],[105.2757,21.2529],[105.2811,21.2481],[105.2792,21.2475],[105.2789,21.247],[105.2817,21.2453],[105.2847,21.2439],[105.2842,21.2433],[105.2838,21.2437],[105.2835,21.2435],[105.2845,21.2409],[105.2859,21.2414],[105.2883,21.2377],[105.2895,21.2366],[105.2903,21.2375],[105.2903,21.2388],[105.2917,21.2386],[105.2921,21.2393],[105.2934,21.2397],[105.293,21.2405],[105.2947,21.2411],[105.2954,21.24],[105.2949,21.2389],[105.2955,21.238],[105.295,21.2369],[105.2937,21.2362],[105.2948,21.2347],[105.2973,21.234],[105.2981,21.2328],[105.2979,21.2336],[105.2983,21.2337],[105.2984,21.2327],[105.3004,21.2317],[105.3016,21.2332],[105.3036,21.2329],[105.3051,21.2319],[105.3058,21.2321],[105.3057,21.2303],[105.3046,21.2307],[105.3039,21.2298],[105.3047,21.2295],[105.3057,21.23],[105.3051,21.2292],[105.3056,21.2283],[105.305,21.2275],[105.3056,21.2269],[105.3064,21.2243],[105.3074,21.2233],[105.3095,21.2232],[105.3094,21.2242],[105.3103,21.2245],[105.3109,21.223],[105.3156,21.2221],[105.3157,21.2215],[105.3169,21.2211],[105.3173,21.2212],[105.3172,21.2219],[105.319,21.225],[105.3197,21.2246],[105.3202,21.2255],[105.3232,21.2247],[105.325,21.2234],[105.3269,21.224],[105.3271,21.2251],[105.3282,21.2245],[105.3307,21.225],[105.3312,21.2254],[105.3308,21.2263],[105.3312,21.2302],[105.3317,21.23],[105.3328,21.2331],[105.3334,21.2323],[105.3348,21.233],[105.3346,21.2326],[105.3392,21.2302],[105.3386,21.2291],[105.3389,21.229],[105.3424,21.2276],[105.3473,21.2265],[105.352,21.2396],[105.3534,21.2451],[105.3541,21.2521],[105.3525,21.2606],[105.3494,21.2554],[105.3419,21.2494],[105.3371,21.248],[105.3245,21.2475],[105.3174,21.2487],[105.3142,21.2501],[105.2903,21.2649],[105.2849,21.2691],[105.2772,21.2721],[105.2698,21.2762],[105.2632,21.2814],[105.2606,21.2841]]]},"properties":{"code":"08434","name":"Tam Nông","nameEn":"Tam Nong","fullName":"Xã Tam Nông","fullNameEn":"Tam Nong Commune","codeName":"tam_nong","postalCode":"35976","postalCodePrefix":"","gisServerId":"diaphanhanhchinhcapxa_2025.1572","areaKm2":28.25},"id":"08434"},
{"type":"Feature","geometry":{"type":"Polygon","coordinates":[[[105.2739,21.3327],[105.2743,21.3328],[105.2739,21.3345],[105.2712,21.3416],[105.2668,21.3498],[105.2626,21.3564],[105.2592,21.3602],[105.2557,21.3657],[105.2522,21.374],[105.2511,21.3753],[105.2497,21.3814],[105.2462,21.3869],[105.2418,21.3924],[105.2359,21.3966],[105.2327,21.397],[105.2301,21.3968],[105.2282,21.3959],[105.2238,21.3923],[105.2217,21.3918],[105.2184,21.3889],[105.214,21.3782],[105.2144,21.3678],[105.2161,21.3506],[105.2148,21.3506],[105.2121,21.3375],[105.2105,21.334],[105.2072,21.3301],[105.2032,21.3284],[105.2029,21.3276],[105.2036,21.3236],[105.2061,21.3236],[105.2131,21.3269],[105.2138,21.3288],[105.2138,21.3329],[105.2156,21.3329],[105.2158,21.3312],[105.217,21.3302],[105.2172,21.329],[105.2228,21.328],[105.2228,21.329],[105.2246,21.3284],[105.2254,21.3295],[105.2251,21.3301],[105.2258,21.3295],[105.2264,21.3307],[105.2266,21.3301],[105.2254,21.3286],[105.2282,21.3279],[105.2293,21.3284],[105.2295,21.3276],[105.2306,21.3269],[105.232,21.328],[105.2323,21.3289],[105.234,21.3297],[105.2343,21.3303],[105.234,21.3306],[105.2361,21.3306],[105.2361,21.3316],[105.2386,21.3339],[105.2417,21.333],[105.2429,21.333],[105.2429,21.3346],[105.2448,21.3363],[105.2449,21.3371],[105.2455,21.3368],[105.2467,21.3374],[105.2486,21.3373],[105.2585,21.3309],[105.2635,21.3309],[105.2635,21.3316],[105.2674,21.3321],[105.2672,21.3325],[105.2684,21.3331],[105.2739,21.3327]]]},"properties":{"code":"08443","name":"Hiền Quan","nameEn":"Hien Quan","fullName":"Xã Hiền Quan","fullNameEn":"Hien Quan Commune","codeName":"hien_quan","postalCode":"35962","postalCodePrefix":"","gisServerId":"diaphanhanhchinhcapxa_2025.1559","areaKm2":31.38},"id":"08443"},
{"type":"Feature","geometry":{"type":"Polygon","coordinates":[[[105.2739,21.3327],[105.2684,21.3331],[105.2672,21.3325],[105.2674,21.3321],[105.2635,21.3316],[105.2635,21.3309],[105.2585,21.3309],[105.2486,21.3373],[105.2467,21.3374],[105.2455,21.3368],[105.2449,21.3371],[105.2448,21.3363],[105.2429,21.3346],[105.2429,21.333],[105.2417,21.333],[105.2386,21.3339],[105.2361,21.3316],[105.2361,21.3306],[105.234,21.3306],[105.2343,21.3303],[105.234,21.3297],[105.2323,21.3289],[105.232,21.328],[105.2306,21.3269],[105.2295,21.3276],[105.2293,21.3284],[105.2282,21.3279],[105.2254,21.3286],[105.2266,21.3301],[105.2264,21.3307],[105.2258,21.3295],[105.2251,21.3301],[105.2254,21.3295],[105.2246,21.3284],[105.2228,21.329],[105.2228,21.328],[105.2172,21.329],[105.217,21.3302],[105.2158,21.3312],[105.2156,21.3329],[105.2138,21.3329],[105.2138,21.3288],[105.2131,21.3269],[105.2061,21.3236],[105.2036,21.3236],[105.2018,21.321],[105.2011,21.3178],[105.1993,21.3132],[105.1978,21.3117],[105.1964,21.3121],[105.1953,21.3143],[105.1918,21.3186],[105.1873,21.3188],[105.1857,21.3177],[105.1846,21.3153],[105.186,21.3131],[105.1852,21.3123],[105.1849,21.3106],[105.1857,21.31],[105.186,21.3083],[105.1865,21.3081],[105.1868,21.3067],[105.1862,21.3067],[105.1858,21.305],[105.1838,21.3027],[105.1838,21.2992],[105.1848,21.2947],[105.1844,21.2941],[105.1835,21.2944],[105.1818,21.2938],[105.1797,21.2954],[105.1795,21.2951],[105.1802,21.2945],[105.1801,21.2923],[105.1765,21.2935],[105.1751,21.2919],[105.1735,21.2917],[105.1744,21.2912],[105.1744,21.2904],[105.1749,21.2901],[105.1759,21.2907],[105.1754,21.2898],[105.1738,21.289],[105.1733,21.2905],[105.1724,21.2908],[105.1723,21.2913],[105.172,21.2897],[105.1693,21.2918],[105.1679,21.2909],[105.1675,21.2899],[105.1686,21.2904],[105.1707,21.289],[105.1688,21.2868],[105.169,21.2853],[105.1667,21.284],[105.1677,21.2826],[105.1678,21.279],[105.1689,21.2808],[105.1683,21.2833],[105.1693,21.2849],[105.1696,21.2868],[105.1707,21.2882],[105.1717,21.2883],[105.173,21.2896],[105.1731,21.2884],[105.1744,21.2884],[105.175,21.2877],[105.174,21.2861],[105.1768,21.2814],[105.1765,21.2791],[105.1785,21.2787],[105.1784,21.2778],[105.1796,21.2767],[105.1804,21.277],[105.1796,21.279],[105.1814,21.2798],[105.184,21.28],[105.1846,21.2787],[105.1841,21.2781],[105.1845,21.2771],[105.1854,21.277],[105.1856,21.2763],[105.1865,21.2765],[105.1872,21.2757],[105.1871,21.2773],[105.1893,21.2775],[105.1894,21.2767],[105.1888,21.2764],[105.1894,21.2752],[105.1909,21.2751],[105.1913,21.2759],[105.1916,21.2756],[105.1922,21.2761],[105.1905,21.2779],[105.1905,21.2785],[105.1916,21.2789],[105.1968,21.2742],[105.1979,21.2726],[105.2011,21.273],[105.2026,21.2742],[105.2053,21.2697],[105.2068,21.2701],[105.2075,21.2713],[105.2085,21.2712],[105.2086,21.2707],[105.2098,21.2713],[105.2099,21.2708],[105.2113,21.2711],[105.2121,21.2701],[105.2127,21.2703],[105.2134,21.2698],[105.2132,21.2693],[105.2165,21.2688],[105.2185,21.2671],[105.2197,21.2689],[105.2212,21.269],[105.2219,21.2707],[105.2242,21.2722],[105.2252,21.2717],[105.2267,21.272],[105.2282,21.2716],[105.2288,21.2723],[105.2299,21.2724],[105.2304,21.2723],[105.2305,21.2713],[105.2319,21.2715],[105.2327,21.2725],[105.2341,21.2725],[105.2339,21.2718],[105.2367,21.2703],[105.2371,21.2704],[105.2373,21.27],[105.2376,21.2702],[105.2374,21.2697],[105.2384,21.2693],[105.2394,21.2693],[105.2396,21.2698],[105.2399,21.2692],[105.2411,21.2692],[105.2414,21.2698],[105.2416,21.2709],[105.2422,21.2713],[105.2418,21.2705],[105.2423,21.2698],[105.2426,21.2707],[105.2437,21.271],[105.244,21.2721],[105.242,21.2716],[105.2416,21.2724],[105.2419,21.2732],[105.2463,21.274],[105.2482,21.2764],[105.2479,21.277],[105.2489,21.279],[105.2498,21.2783],[105.2515,21.2781],[105.2526,21.2795],[105.2542,21.28],[105.2559,21.2819],[105.2582,21.2819],[105.2582,21.2827],[105.2571,21.2837],[105.2583,21.2834],[105.259,21.2842],[105.2606,21.2841],[105.2575,21.2881],[105.2579,21.2904],[105.2681,21.2999],[105.271,21.3041],[105.2747,21.3136],[105.2747,21.3193],[105.2739,21.3327]]]},"properties":{"code":"08467","name":"Vạn Xuân","nameEn":"Van Xuan","fullName":"Xã Vạn Xuân","fullNameEn":"Van Xuan Commune","codeName":"van_xuan","postalCode":"35958","postalCodePrefix":"","gisServerId":"diaphanhanhchinhcapxa_2025.1596","areaKm2":52.43},"id":"08467"},
{"type":"Feature","geometry":{"type":"Polygon","coordinates":[[[105.2414,21.2698],[105.2411,21.2692],[105.2399,21.2692],[105.2396,21.2698],[105.2394,21.2693],[105.2384,21.2693],[105.2374,21.2697],[105.2376,21.2702],[105.2373,21.27],[105.2371,21.2704],[105.2367,21.2703],[105.2339,21.2718],[105.2341,21.2725],[105.2327,21.2725],[105.2319,21.2715],[105.2305,21.2713],[105.2304,21.2723],[105.2299,21.2724],[105.2288,21.2723],[105.2282,21.2716],[105.2267,21.272],[105.2252,21.2717],[105.2242,21.2722],[105.2219,21.2707],[105.2212,21.269],[105.2197,21.2689],[105.2185,21.2671],[105.2165,21.2688],[105.2132,21.2693],[105.2134,21.2698],[105.2127,21.2703],[105.2121,21.2701],[105.2113,21.2711],[105.2099,21.2708],[105.2098,21.2713],[105.2086,21.2707],[105.2085,21.2712],[105.2075,21.2713],[105.2068,21.2701],[105.2053,21.2697],[105.2026,21.2742],[105.2011,21.273],[105.1979,21.2726],[105.1968,21.2742],[105.1916,21.2789],[105.1905,21.2785],[105.1905,21.2779],[105.1922,21.2761],[105.1916,21.2756],[105.1913,21.2759],[105.1909,21.2751],[105.1894,21.2752],[105.1888,21.2764],[105.1894,21.2767],[105.1893,21.2775],[105.1871,21.2773],[105.1872,21.2757],[105.1865,21.2765],[105.1856,21.2763],[105.1854,21.277],[105.1845,21.2771],[105.1841,21.2781],[105.1846,21.2787],[105.184,21.28],[105.1814,21.2798],[105.1796,21.279],[105.1804,21.277],[105.1796,21.2767],[105.1784,21.2778],[105.1785,21.2787],[105.1765,21.2791],[105.1768,21.2814],[105.174,21.2861],[105.175,21.2877],[105.1744,21.2884],[105.1731,21.2884],[105.173,21.2896],[105.1717,21.2883],[105.1707,21.2882],[105.1696,21.2868],[105.1693,21.2849],[105.1683,21.2833],[105.1689,21.2808],[105.1678,21.279],[105.1651,21.2765],[105.164,21.274],[105.1625,21.2735],[105.1615,21.2742],[105.1606,21.2742],[105.1569,21.2729],[105.1548,21.2733],[105.1543,21.2727],[105.1545,21.2715],[105.1537,21.2706],[105.1492,21.27],[105.1508,21.2643],[105.1506,21.2627],[105.1497,21.262],[105.1503,21.259],[105.153,21.2566],[105.154,21.2545],[105.1559,21.2551],[105.1596,21.253],[105.1601,21.251],[105.1597,21.2493],[105.1676,21.2492],[105.1687,21.2503],[105.1729,21.2505],[105.1748,21.2519],[105.1769,21.2519],[105.1783,21.2541],[105.1794,21.254],[105.1812,21.2532],[105.1826,21.2531],[105.1831,21.2516],[105.1846,21.2496],[105.1856,21.2491],[105.1875,21.2461],[105.1889,21.2461],[105.1881,21.247],[105.1887,21.2482],[105.1896,21.2479],[105.192,21.2495],[105.1945,21.2487],[105.1966,21.2489],[105.2006,21.2505],[105.2011,21.2529],[105.2063,21.2516],[105.2086,21.2548],[105.2107,21.2556],[105.2114,21.2553],[105.2115,21.2546],[105.2126,21.2544],[105.2128,21.2533],[105.2157,21.2555],[105.2163,21.2571],[105.2173,21.2543],[105.2169,21.2537],[105.217,21.25],[105.2179,21.2495],[105.2188,21.2475],[105.2186,21.2463],[105.2201,21.2448],[105.219,21.2422],[105.2188,21.2401],[105.2214,21.2381],[105.2224,21.2338],[105.2233,21.2326],[105.223,21.2314],[105.2234,21.2296],[105.2252,21.2277],[105.2257,21.2265],[105.2295,21.2231],[105.23,21.2206],[105.2324,21.217],[105.2338,21.2186],[105.236,21.2189],[105.2383,21.2211],[105.2454,21.2213],[105.2474,21.2227],[105.2507,21.2231],[105.2518,21.2239],[105.252,21.225],[105.2535,21.2252],[105.2552,21.2268],[105.2569,21.2266],[105.2595,21.2288],[105.2606,21.229],[105.2621,21.2283],[105.2628,21.2288],[105.2614,21.23],[105.2614,21.2308],[105.2627,21.2318],[105.2626,21.2332],[105.2629,21.2321],[105.2634,21.232],[105.2638,21.2335],[105.2645,21.234],[105.264,21.2351],[105.2645,21.236],[105.2678,21.2351],[105.268,21.2364],[105.2704,21.2375],[105.2711,21.2372],[105.2733,21.2389],[105.2757,21.2385],[105.2759,21.2396],[105.2784,21.241],[105.2792,21.2433],[105.28,21.2432],[105.2817,21.2453],[105.2789,21.247],[105.2792,21.2475],[105.2811,21.2481],[105.2757,21.2529],[105.2761,21.2534],[105.2702,21.2566],[105.2707,21.2579],[105.2699,21.26],[105.2673,21.2614],[105.268,21.2622],[105.2669,21.2636],[105.2676,21.2642],[105.2662,21.265],[105.2646,21.2627],[105.265,21.2625],[105.2643,21.2596],[105.2605,21.2576],[105.26,21.2578],[105.2594,21.2571],[105.2551,21.2606],[105.2541,21.2606],[105.2536,21.2613],[105.2519,21.2599],[105.2512,21.2601],[105.2521,21.2614],[105.2509,21.2608],[105.2511,21.2614],[105.2499,21.2621],[105.2497,21.2614],[105.2494,21.2616],[105.2477,21.2639],[105.2465,21.2646],[105.2456,21.2664],[105.245,21.2664],[105.2439,21.2676],[105.2429,21.2676],[105.2423,21.2691],[105.2414,21.2698]]]},"properties":{"code":"08479","name":"Thọ Văn","nameEn":"Tho Van","fullName":"Xã Thọ Văn","fullNameEn":"Tho Van Commune","codeName":"tho_van","postalCode":"35971","postalCodePrefix":"","gisServerId":"diaphanhanhchinhcapxa_2025.1595","areaKm2":43.54},"id":"08479"},
{"type":"Feature","geometry":{"type":"Polygon","coordinates":[[[105.3069,21.3682],[105.3048,21.369],[105.3035,21.3687],[105.3023,21.3676],[105.3016,21.3682],[105.2998,21.368],[105.298,21.3694],[105.296,21.3688],[105.2946,21.3675],[105.2937,21.3681],[105.2946,21.3699],[105.294,21.3713],[105.2929,21.3704],[105.2926,21.3718],[105.2917,21.3714],[105.2895,21.3717],[105.2888,21.3709],[105.2866,21.3698],[105.2867,21.368],[105.2849,21.3665],[105.2856,21.3652],[105.2853,21.3644],[105.2856,21.3632],[105.2866,21.3621],[105.2855,21.3594],[105.285,21.3596],[105.2843,21.3587],[105.2838,21.3565],[105.2827,21.356],[105.2825,21.357],[105.2822,21.356],[105.2807,21.3563],[105.279,21.3545],[105.2797,21.3533],[105.2784,21.3528],[105.2788,21.3519],[105.2757,21.3509],[105.2762,21.3499],[105.2743,21.349],[105.2741,21.3494],[105.2668,21.3498],[105.2712,21.3416],[105.2739,21.3345],[105.2743,21.3328],[105.2739,21.3327],[105.2747,21.3193],[105.2802,21.3203],[105.2802,21.3183],[105.2805,21.3182],[105.2802,21.3163],[105.2815,21.315],[105.2809,21.3137],[105.2832,21.3118],[105.2823,21.3096],[105.286,21.306],[105.2873,21.3039],[105.2878,21.3045],[105.2898,21.3051],[105.2888,21.3064],[105.2885,21.3095],[105.287,21.3115],[105.2876,21.3119],[105.2872,21.3128],[105.2899,21.3148],[105.2918,21.3176],[105.2936,21.3187],[105.2939,21.3197],[105.2947,21.32],[105.2952,21.322],[105.2948,21.3229],[105.2952,21.3235],[105.2968,21.3241],[105.2983,21.3237],[105.2995,21.324],[105.3,21.325],[105.301,21.3242],[105.3032,21.3239],[105.3016,21.3257],[105.3014,21.3272],[105.3,21.3287],[105.2981,21.3293],[105.2969,21.3306],[105.2972,21.332],[105.2967,21.3321],[105.2966,21.3329],[105.2955,21.3325],[105.2958,21.3318],[105.2952,21.332],[105.2951,21.3327],[105.2923,21.334],[105.2935,21.335],[105.2922,21.335],[105.2928,21.3359],[105.2933,21.3358],[105.2928,21.3364],[105.2939,21.3366],[105.2943,21.3374],[105.2938,21.338],[105.2944,21.339],[105.294,21.3391],[105.2951,21.3396],[105.2945,21.3406],[105.2958,21.3413],[105.296,21.343],[105.2973,21.3433],[105.2977,21.344],[105.2973,21.3488],[105.3044,21.35],[105.3065,21.3512],[105.3077,21.3512],[105.3082,21.3519],[105.3099,21.3526],[105.3115,21.352],[105.3131,21.3531],[105.3139,21.3545],[105.314,21.3555],[105.3114,21.3555],[105.309,21.3598],[105.3065,21.3623],[105.3064,21.3629],[105.3076,21.3642],[105.3077,21.3654],[105.3062,21.3669],[105.3072,21.3677],[105.3069,21.3682]]]},"properties":{"code":"08494","name":"Lâm Thao","nameEn":"Lam Thao","fullName":"Xã Lâm Thao","fullNameEn":"Lam Thao Commune","codeName":"lam_thao","postalCode":"35256","postalCodePrefix":"","gisServerId":"diaphanhanhchinhcapxa_2025.1577","areaKm2":15.45},"id":"08494"},
{"type":"Feature","geometry":{"type":"Polygon","coordinates":[[[105.3167,21.3855],[105.3173,21.3867],[105.3167,21.3881],[105.3154,21.3885],[105.3155,21.3902],[105.3138,21.3899],[105.3126,21.3903],[105.3132,21.3914],[105.3132,21.3941],[105.311,21.3956],[105.3099,21.3957],[105.3089,21.3973],[105.3079,21.3975],[105.3061,21.3965],[105.3028,21.3973],[105.3003,21.3971],[105.3006,21.3984],[105.2992,21.3988],[105.2984,21.3979],[105.296,21.4001],[105.2958,21.4013],[105.2951,21.4016],[105.2934,21.4013],[105.2926,21.4001],[105.2916,21.4001],[105.2916,21.4012],[105.291,21.401],[105.2882,21.4049],[105.2882,21.4073],[105.2854,21.4066],[105.2855,21.4055],[105.2838,21.4068],[105.2823,21.4063],[105.281,21.4076],[105.2807,21.4066],[105.2784,21.4055],[105.2777,21.4058],[105.2775,21.407],[105.2772,21.4054],[105.2763,21.4052],[105.2757,21.4045],[105.2749,21.4012],[105.2759,21.3961],[105.2757,21.3964],[105.274,21.3941],[105.2715,21.3935],[105.2708,21.3929],[105.2708,21.3924],[105.2716,21.3923],[105.2707,21.3916],[105.2708,21.3905],[105.27,21.3892],[105.269,21.3889],[105.2692,21.3862],[105.2684,21.3853],[105.2676,21.3861],[105.2678,21.387],[105.2667,21.3878],[105.2642,21.3875],[105.2654,21.3857],[105.2666,21.3856],[105.2667,21.3849],[105.2648,21.3853],[105.2644,21.3846],[105.2633,21.3846],[105.2621,21.3839],[105.2605,21.385],[105.2592,21.3842],[105.2583,21.3858],[105.2566,21.3853],[105.2576,21.3845],[105.2562,21.3829],[105.2566,21.3825],[105.2557,21.3823],[105.2554,21.3829],[105.2546,21.3825],[105.2549,21.3821],[105.2544,21.3822],[105.2545,21.3828],[105.2535,21.3826],[105.2525,21.3835],[105.2497,21.3814],[105.2511,21.3753],[105.2522,21.374],[105.2557,21.3657],[105.2592,21.3602],[105.2626,21.3564],[105.2668,21.3498],[105.2741,21.3494],[105.2743,21.349],[105.2762,21.3499],[105.2757,21.3509],[105.2788,21.3519],[105.2784,21.3528],[105.2797,21.3533],[105.279,21.3545],[105.2807,21.3563],[105.2822,21.356],[105.2825,21.357],[105.2827,21.356],[105.2838,21.3565],[105.2843,21.3587],[105.285,21.3596],[105.2855,21.3594],[105.2866,21.3621],[105.2856,21.3632],[105.2853,21.3644],[105.2856,21.3652],[105.2849,21.3665],[105.2867,21.368],[105.2866,21.3698],[105.2888,21.3709],[105.2895,21.3717],[105.2917,21.3714],[105.2926,21.3718],[105.2929,21.3704],[105.294,21.3713],[105.2946,21.3699],[105.2937,21.3681],[105.2946,21.3675],[105.296,21.3688],[105.298,21.3694],[105.2998,21.368],[105.3016,21.3682],[105.3023,21.3676],[105.3035,21.3687],[105.3048,21.369],[105.3069,21.3682],[105.3071,21.3686],[105.3061,21.3696],[105.3068,21.3702],[105.3068,21.371],[105.3095,21.375],[105.3133,21.378],[105.3128,21.3812],[105.3131,21.3824],[105.3144,21.3828],[105.3138,21.3836],[105.314,21.3842],[105.3146,21.3844],[105.3143,21.3852],[105.3153,21.3846],[105.3167,21.3855]]]},"properties":{"code":"08500","name":"Xuân Lũng","nameEn":"Xuan Lung","fullName":"Xã Xuân Lũng","fullNameEn":"Xuan Lung Commune","codeName":"xuan_lung","postalCode":"35260","postalCodePrefix":"","gisServerId":"diaphanhanhchinhcapxa_2025.1584","areaKm2":24.03},"id":"08500"},
{"type":"Feature","geometry":{"type":"Polygon","coordinates":[[[105.3394,21.3743],[105.3388,21.3737],[105.3389,21.3731],[105.3383,21.3727],[105.3374,21.3735],[105.3361,21.3731],[105.3363,21.3743],[105.3343,21.3754],[105.3328,21.3748],[105.329,21.376],[105.3285,21.3752],[105.3269,21.3747],[105.3267,21.3751],[105.328,21.3758],[105.3281,21.3768],[105.3259,21.3779],[105.3247,21.3811],[105.3232,21.3813],[105.3221,21.382],[105.3182,21.3831],[105.3181,21.3842],[105.3167,21.3855],[105.3153,21.3846],[105.3143,21.3852],[105.3146,21.3844],[105.314,21.3842],[105.3138,21.3836],[105.3144,21.3828],[105.3131,21.3824],[105.3128,21.3812],[105.3133,21.378],[105.3095,21.375],[105.3068,21.371],[105.3068,21.3702],[105.3061,21.3696],[105.3071,21.3686],[105.3069,21.3682],[105.3072,21.3677],[105.3062,21.3669],[105.3077,21.3654],[105.3076,21.3642],[105.3064,21.3629],[105.3065,21.3623],[105.309,21.3598],[105.3114,21.3555],[105.314,21.3555],[105.3139,21.3545],[105.3131,21.3531],[105.3115,21.352],[105.3099,21.3526],[105.3082,21.3519],[105.3077,21.3512],[105.3065,21.3512],[105.3044,21.35],[105.2973,21.3488],[105.2977,21.344],[105.2973,21.3433],[105.296,21.343],[105.2958,21.3413],[105.2945,21.3406],[105.2951,21.3396],[105.294,21.3391],[105.2944,21.339],[105.2938,21.338],[105.2943,21.3374],[105.2939,21.3366],[105.2928,21.3364],[105.2933,21.3358],[105.2928,21.3359],[105.2922,21.335],[105.2935,21.335],[105.2923,21.334],[105.2951,21.3327],[105.2952,21.332],[105.2958,21.3318],[105.2955,21.3325],[105.2966,21.3329],[105.2967,21.3321],[105.2972,21.332],[105.2969,21.3306],[105.2981,21.3293],[105.3,21.3287],[105.3014,21.3272],[105.3016,21.3257],[105.3032,21.3239],[105.3059,21.3232],[105.307,21.3218],[105.3069,21.3209],[105.308,21.3208],[105.3082,21.3204],[105.31,21.3211],[105.3111,21.3206],[105.3107,21.32],[105.311,21.3197],[105.3125,21.3199],[105.3142,21.3186],[105.3138,21.3181],[105.3149,21.3163],[105.3158,21.3157],[105.3202,21.3147],[105.3208,21.3138],[105.3225,21.3139],[105.3252,21.3131],[105.3253,21.3136],[105.33,21.3149],[105.3312,21.3158],[105.3309,21.3162],[105.3315,21.3181],[105.3312,21.3194],[105.3322,21.3206],[105.3343,21.3252],[105.3352,21.329],[105.337,21.3323],[105.3367,21.3324],[105.3385,21.3348],[105.3362,21.3363],[105.3399,21.3391],[105.3377,21.3416],[105.3371,21.3431],[105.3392,21.3442],[105.3361,21.348],[105.3372,21.3491],[105.3373,21.35],[105.3364,21.3521],[105.3379,21.3539],[105.3353,21.3557],[105.3358,21.3566],[105.3354,21.3567],[105.3354,21.3581],[105.3333,21.3591],[105.3334,21.3599],[105.3339,21.3601],[105.3333,21.3608],[105.3339,21.3627],[105.3356,21.3619],[105.3366,21.362],[105.3379,21.3636],[105.3402,21.364],[105.3426,21.3653],[105.3433,21.366],[105.3435,21.3678],[105.344,21.3682],[105.3394,21.3743]]]},"properties":{"code":"08515","name":"Hy Cương","nameEn":"Hy Cuong","fullName":"Xã Hy Cương","fullNameEn":"Hy Cuong Commune","codeName":"hy_cuong","postalCode":"35114","postalCodePrefix":"","gisServerId":"diaphanhanhchinhcapxa_2025.1557","areaKm2":23.95},"id":"08515"},
{"type":"Feature","geometry":{"type":"Polygon","coordinates":[[[105.3032,21.3239],[105.301,21.3242],[105.3,21.325],[105.2995,21.324],[105.2983,21.3237],[105.2968,21.3241],[105.2952,21.3235],[105.2948,21.3229],[105.2952,21.322],[105.2947,21.32],[105.2939,21.3197],[105.2936,21.3187],[105.2918,21.3176],[105.2899,21.3148],[105.2872,21.3128],[105.2876,21.3119],[105.287,21.3115],[105.2885,21.3095],[105.2888,21.3064],[105.2898,21.3051],[105.2878,21.3045],[105.2873,21.3039],[105.286,21.306],[105.2823,21.3096],[105.2832,21.3118],[105.2809,21.3137],[105.2815,21.315],[105.2802,21.3163],[105.2805,21.3182],[105.2802,21.3183],[105.2802,21.3203],[105.2747,21.3193],[105.2747,21.3136],[105.271,21.3041],[105.2681,21.2999],[105.2579,21.2904],[105.2575,21.2881],[105.2606,21.2841],[105.2632,21.2814],[105.2698,21.2762],[105.2772,21.2721],[105.2849,21.2691],[105.2903,21.2649],[105.2922,21.2672],[105.2926,21.2671],[105.2924,21.2676],[105.2931,21.2679],[105.2934,21.2687],[105.293,21.2691],[105.2936,21.2699],[105.2933,21.2701],[105.2948,21.2705],[105.2944,21.2711],[105.295,21.2711],[105.2951,21.272],[105.2955,21.271],[105.2974,21.2712],[105.2976,21.2717],[105.2977,21.2707],[105.2995,21.2709],[105.2994,21.2706],[105.3011,21.2702],[105.3064,21.2702],[105.3212,21.2728],[105.3247,21.2741],[105.3241,21.2763],[105.323,21.277],[105.323,21.2782],[105.3237,21.2785],[105.3239,21.2805],[105.3281,21.2837],[105.3272,21.2844],[105.3275,21.2853],[105.3271,21.2866],[105.324,21.2894],[105.3249,21.2904],[105.3191,21.2954],[105.3199,21.2979],[105.319,21.2984],[105.3195,21.299],[105.3193,21.3],[105.3184,21.3002],[105.3202,21.3024],[105.3201,21.304],[105.3223,21.3056],[105.3233,21.3055],[105.3239,21.3063],[105.3238,21.3072],[105.3245,21.307],[105.3253,21.3079],[105.3249,21.3081],[105.3237,21.3072],[105.3249,21.3082],[105.3259,21.3101],[105.3261,21.3108],[105.325,21.3117],[105.3234,21.3099],[105.324,21.3094],[105.3245,21.3103],[105.3251,21.3104],[105.3242,21.3081],[105.3234,21.308],[105.3231,21.3093],[105.3232,21.3108],[105.3252,21.3131],[105.3225,21.3139],[105.3208,21.3138],[105.3202,21.3147],[105.3158,21.3157],[105.3149,21.3163],[105.3138,21.3181],[105.3142,21.3186],[105.3125,21.3199],[105.311,21.3197],[105.3107,21.32],[105.3111,21.3206],[105.31,21.3211],[105.3082,21.3204],[105.308,21.3208],[105.3069,21.3209],[105.307,21.3218],[105.3059,21.3232],[105.3032,21.3239]]]},"properties":{"code":"08521","name":"Phùng Nguyên","nameEn":"Phung Nguyen","fullName":"Xã Phùng Nguyên","fullNameEn":"Phung Nguyen Commune","codeName":"phung_nguyen","postalCode":"35262","postalCodePrefix":"","gisServerId":"diaphanhanhchinhcapxa_2025.1588","areaKm2":30.57},"id":"08521"},
{"type":"Feature","geometry":{"type":"Polygon","coordinates":[[[105.3312,21.3158],[105.33,21.3149],[105.3253,21.3136],[105.3252,21.3131],[105.3232,21.3108],[105.3231,21.3093],[105.3234,21.308],[105.3242,21.3081],[105.3251,21.3104],[105.3245,21.3103],[105.324,21.3094],[105.3234,21.3099],[105.325,21.3117],[105.3261,21.3108],[105.3259,21.3101],[105.3249,21.3082],[105.3237,21.3072],[105.3249,21.3081],[105.3253,21.3079],[105.3245,21.307],[105.3238,21.3072],[105.3239,21.3063],[105.3233,21.3055],[105.3223,21.3056],[105.3201,21.304],[105.3202,21.3024],[105.3184,21.3002],[105.3193,21.3],[105.3195,21.299],[105.319,21.2984],[105.3199,21.2979],[105.3191,21.2954],[105.3249,21.2904],[105.324,21.2894],[105.3271,21.2866],[105.3275,21.2853],[105.3272,21.2844],[105.3281,21.2837],[105.3239,21.2805],[105.3237,21.2785],[105.323,21.2782],[105.323,21.277],[105.3241,21.2763],[105.3247,21.2741],[105.3212,21.2728],[105.3064,21.2702],[105.3011,21.2702],[105.2994,21.2706],[105.2995,21.2709],[105.2977,21.2707],[105.2976,21.2717],[105.2974,21.2712],[105.2955,21.271],[105.2951,21.272],[105.295,21.2711],[105.2944,21.2711],[105.2948,21.2705],[105.2933,21.2701],[105.2936,21.2699],[105.293,21.2691],[105.2934,21.2687],[105.2931,21.2679],[105.2924,21.2676],[105.2926,21.2671],[105.2922,21.2672],[105.2903,21.2649],[105.3142,21.2501],[105.3174,21.2487],[105.3245,21.2475],[105.3371,21.248],[105.3419,21.2494],[105.3494,21.2554],[105.3525,21.2606],[105.3524,21.2701],[105.3539,21.2799],[105.357,21.2897],[105.3518,21.2948],[105.3531,21.2971],[105.3536,21.3038],[105.3547,21.3059],[105.3543,21.3066],[105.3538,21.3065],[105.3557,21.3099],[105.3547,21.3108],[105.3537,21.3102],[105.3528,21.3116],[105.3523,21.3117],[105.3509,21.3104],[105.3489,21.3127],[105.3475,21.3126],[105.3469,21.3119],[105.3393,21.3133],[105.3378,21.3118],[105.337,21.3119],[105.3366,21.3144],[105.3359,21.3136],[105.3347,21.3136],[105.3344,21.3148],[105.3341,21.3141],[105.3332,21.3141],[105.3325,21.3128],[105.3311,21.3146],[105.3319,21.3154],[105.3312,21.3158]]]},"properties":{"code":"08527","name":"Bản Nguyên","nameEn":"Ban Nguyen","fullName":"Xã Bản Nguyên","fullNameEn":"Ban Nguyen Commune","codeName":"ban_nguyen","postalCode":"35266","postalCodePrefix":"","gisServerId":"diaphanhanhchinhcapxa_2025.1585","areaKm2":28.29},"id":"08527"},
{"type":"Feature","geometry":{"type":"Polygon","coordinates":[[[105.2324,21.217],[105.23,21.2206],[105.2295,21.2231],[105.2257,21.2265],[105.2252,21.2277],[105.2234,21.2296],[105.223,21.2314],[105.2233,21.2326],[105.2224,21.2338],[105.2214,21.2381],[105.2188,21.2401],[105.219,21.2422],[105.2201,21.2448],[105.2186,21.2463],[105.2188,21.2475],[105.2179,21.2495],[105.217,21.25],[105.2169,21.2537],[105.2173,21.2543],[105.2163,21.2571],[105.2157,21.2555],[105.2128,21.2533],[105.2126,21.2544],[105.2115,21.2546],[105.2114,21.2553],[105.2107,21.2556],[105.2086,21.2548],[105.2063,21.2516],[105.2011,21.2529],[105.2006,21.2505],[105.1966,21.2489],[105.1945,21.2487],[105.192,21.2495],[105.1896,21.2479],[105.1887,21.2482],[105.1881,21.247],[105.1889,21.2461],[105.1875,21.2461],[105.1856,21.2491],[105.1846,21.2496],[105.1831,21.2516],[105.1826,21.2531],[105.1812,21.2532],[105.1794,21.254],[105.1783,21.2541],[105.1769,21.2519],[105.1748,21.2519],[105.1729,21.2505],[105.1687,21.2503],[105.1676,21.2492],[105.1597,21.2493],[105.1618,21.2468],[105.163,21.2435],[105.1661,21.2402],[105.1656,21.2363],[105.1685,21.2341],[105.1689,21.2333],[105.1686,21.2318],[105.1703,21.2299],[105.1696,21.228],[105.1675,21.2268],[105.1665,21.2223],[105.1668,21.2202],[105.1659,21.2152],[105.1664,21.2138],[105.1654,21.2121],[105.167,21.2094],[105.168,21.2091],[105.1695,21.2079],[105.1693,21.2065],[105.1701,21.2046],[105.1694,21.2044],[105.1686,21.2025],[105.168,21.2027],[105.1684,21.2034],[105.1672,21.2038],[105.167,21.2027],[105.1664,21.203],[105.1657,21.2027],[105.1648,21.2035],[105.1643,21.202],[105.1635,21.2014],[105.1614,21.2014],[105.1594,21.2019],[105.1586,21.2027],[105.1588,21.2047],[105.1571,21.2063],[105.157,21.2074],[105.1552,21.2076],[105.1555,21.2085],[105.1544,21.2091],[105.1528,21.2088],[105.1525,21.2082],[105.1529,21.2069],[105.1516,21.2062],[105.1516,21.2054],[105.1537,21.2053],[105.1545,21.2048],[105.1552,21.2019],[105.1574,21.2002],[105.16,21.1996],[105.159,21.1986],[105.1586,21.1968],[105.1589,21.1952],[105.1583,21.1952],[105.1589,21.1921],[105.1587,21.1897],[105.1582,21.1889],[105.1596,21.1824],[105.1582,21.1818],[105.158,21.1812],[105.1594,21.1801],[105.1573,21.1755],[105.155,21.174],[105.1568,21.1726],[105.1583,21.1699],[105.1613,21.1676],[105.1617,21.1646],[105.1602,21.1618],[105.1597,21.1599],[105.1605,21.1579],[105.1622,21.1573],[105.1653,21.1534],[105.1667,21.1529],[105.1698,21.1533],[105.1711,21.1524],[105.172,21.1508],[105.1748,21.1478],[105.1768,21.1466],[105.1788,21.1447],[105.1827,21.148],[105.1863,21.1459],[105.1878,21.147],[105.1883,21.1485],[105.1895,21.1493],[105.1899,21.1505],[105.1885,21.1523],[105.1889,21.1528],[105.1884,21.1534],[105.189,21.1535],[105.1887,21.1542],[105.1898,21.1555],[105.1921,21.1566],[105.1937,21.1592],[105.1957,21.1614],[105.1981,21.1614],[105.1991,21.1631],[105.1964,21.166],[105.1989,21.17],[105.2005,21.17],[105.2026,21.1709],[105.2036,21.1708],[105.2027,21.1689],[105.2052,21.1673],[105.2084,21.1636],[105.2092,21.1636],[105.2102,21.1645],[105.2131,21.1627],[105.2138,21.1634],[105.2154,21.1677],[105.2211,21.1677],[105.2224,21.1685],[105.2233,21.1684],[105.2264,21.1657],[105.2276,21.1636],[105.234,21.164],[105.2462,21.1655],[105.2473,21.1669],[105.2525,21.1692],[105.2587,21.1689],[105.2608,21.1679],[105.2673,21.1664],[105.2678,21.1669],[105.2663,21.1739],[105.267,21.1742],[105.2691,21.1738],[105.2733,21.1717],[105.2744,21.1727],[105.2739,21.1733],[105.2757,21.1743],[105.2759,21.1757],[105.2747,21.1775],[105.2752,21.1788],[105.2747,21.1794],[105.2749,21.18],[105.2759,21.1804],[105.276,21.1811],[105.2758,21.1817],[105.2734,21.1823],[105.2738,21.184],[105.2735,21.1864],[105.2711,21.1861],[105.267,21.1884],[105.2654,21.1878],[105.2646,21.189],[105.2603,21.1916],[105.2608,21.1929],[105.2576,21.1945],[105.2569,21.1954],[105.2567,21.197],[105.2561,21.1981],[105.2514,21.2009],[105.2474,21.2],[105.2439,21.2019],[105.2419,21.202],[105.2371,21.2052],[105.2348,21.2091],[105.2345,21.2125],[105.2324,21.217]]]},"properties":{"code":"08542","name":"Thanh Sơn","nameEn":"Thanh Son","fullName":"Xã Thanh Sơn","fullNameEn":"Thanh Son Commune","codeName":"thanh_son","postalCode":"35806","postalCodePrefix":"","gisServerId":"diaphanhanhchinhcapxa_2025.1555","areaKm2":84.55},"id":"08542"},
{"type":"Feature","geometry":{"type":"Polygon","coordinates":[[[104.9396,21.3044],[104.9381,21.3072],[104.9377,21.3099],[104.9379,21.3125],[104.9367,21.3137],[104.9333,21.3153],[104.9319,21.3178],[104.9308,21.3182],[104.9286,21.3201],[104.9261,21.3264],[104.9249,21.3267],[104.9224,21.3288],[104.9144,21.3282],[104.9083,21.3288],[104.9089,21.3305],[104.9084,21.333],[104.9059,21.3353],[104.9033,21.3389],[104.9019,21.3389],[104.9013,21.3402],[104.8993,21.3405],[104.8979,21.3433],[104.8952,21.3436],[104.892,21.3431],[104.8904,21.3422],[104.8879,21.342],[104.8853,21.3423],[104.8829,21.3418],[104.8811,21.3427],[104.8787,21.345],[104.8756,21.3461],[104.8723,21.3488],[104.8699,21.3528],[104.8684,21.3538],[104.8687,21.3555],[104.8674,21.3595],[104.8652,21.3611],[104.8653,21.3624],[104.864,21.365],[104.8624,21.3655],[104.86,21.3652],[104.8584,21.3655],[104.8574,21.3646],[104.8535,21.3645],[104.8547,21.363],[104.8547,21.3606],[104.8539,21.3593],[104.8549,21.355],[104.8545,21.3519],[104.8496,21.3519],[104.8474,21.3526],[104.8448,21.3515],[104.8454,21.3481],[104.8469,21.3456],[104.8474,21.3434],[104.8418,21.3387],[104.8399,21.339],[104.8391,21.3382],[104.8385,21.3389],[104.8355,21.3372],[104.8339,21.337],[104.8304,21.338],[104.8269,21.3403],[104.8235,21.3384],[104.8192,21.338],[104.8154,21.3342],[104.8139,21.3337],[104.814,21.3322],[104.8156,21.3295],[104.8149,21.3273],[104.817,21.3236],[104.8211,21.3211],[104.8224,21.3196],[104.8237,21.319],[104.8238,21.318],[104.827,21.3169],[104.8296,21.3149],[104.8318,21.3152],[104.8374,21.3137],[104.8431,21.3106],[104.8428,21.3008],[104.8409,21.2897],[104.8418,21.2858],[104.8414,21.2841],[104.8419,21.2825],[104.841,21.2803],[104.8429,21.2768],[104.8435,21.2737],[104.8415,21.2688],[104.8406,21.2646],[104.843,21.2608],[104.8449,21.2599],[104.8469,21.2584],[104.8488,21.2578],[104.8499,21.2582],[104.8505,21.2575],[104.8509,21.2543],[104.8494,21.2532],[104.8481,21.2507],[104.8495,21.2495],[104.8528,21.2527],[104.8536,21.2549],[104.857,21.2591],[104.8577,21.2612],[104.8586,21.2615],[104.8621,21.2591],[104.865,21.258],[104.8658,21.2564],[104.867,21.2568],[104.8693,21.2564],[104.8712,21.2573],[104.8724,21.2572],[104.8738,21.2553],[104.8755,21.2554],[104.8762,21.2544],[104.8776,21.2536],[104.88,21.2545],[104.8825,21.2541],[104.8844,21.2554],[104.8867,21.256],[104.8914,21.2555],[104.8942,21.2541],[104.8961,21.2538],[104.8979,21.2558],[104.9037,21.2551],[104.9058,21.2557],[104.9071,21.258],[104.911,21.2551],[104.9114,21.254],[104.9126,21.253],[104.9144,21.2525],[104.9175,21.2528],[104.9186,21.2523],[104.9245,21.2516],[104.9268,21.2498],[104.9334,21.2547],[104.9351,21.2581],[104.9444,21.2671],[104.9398,21.2784],[104.9378,21.281],[104.9386,21.2836],[104.9362,21.2869],[104.9334,21.2884],[104.9337,21.2922],[104.9383,21.2972],[104.9391,21.3004],[104.9406,21.3016],[104.9396,21.3044]]]},"properties":{"code":"08545","name":"Thu Cúc","nameEn":"Thu Cuc","fullName":"Xã Thu Cúc","fullNameEn":"Thu Cuc Commune","codeName":"thu_cuc","postalCode":"35559","postalCodePrefix":"","gisServerId":"diaphanhanhchinhcapxa_2025.1603","areaKm2":100.51},"id":"08545"},
{"type":"Feature","geometry":{"type":"Polygon","coordinates":[[[104.9768,21.2019],[104.9759,21.2063],[104.977,21.2079],[104.9728,21.2106],[104.9682,21.2081],[104.9647,21.2133],[104.9644,21.2146],[104.9654,21.2157],[104.9639,21.2183],[104.9643,21.2201],[104.9617,21.2215],[104.9614,21.224],[104.9626,21.2269],[104.9645,21.2287],[104.9641,21.2298],[104.9651,21.2326],[104.9649,21.2334],[104.9635,21.2344],[104.9631,21.2361],[104.9617,21.2369],[104.9561,21.2433],[104.954,21.2443],[104.9529,21.2454],[104.9518,21.2455],[104.9514,21.2467],[104.9494,21.2478],[104.9489,21.249],[104.9468,21.249],[104.9502,21.2593],[104.9477,21.2607],[104.9449,21.2641],[104.9444,21.2671],[104.9351,21.2581],[104.9334,21.2547],[104.9268,21.2498],[104.9245,21.2516],[104.9186,21.2523],[104.9175,21.2528],[104.9144,21.2525],[104.9126,21.253],[104.9114,21.254],[104.911,21.2551],[104.9071,21.258],[104.9058,21.2557],[104.9037,21.2551],[104.8979,21.2558],[104.8961,21.2538],[104.8942,21.2541],[104.8914,21.2555],[104.8867,21.256],[104.8844,21.2554],[104.8825,21.2541],[104.88,21.2545],[104.8776,21.2536],[104.8762,21.2544],[104.8755,21.2554],[104.8738,21.2553],[104.8724,21.2572],[104.8712,21.2573],[104.8693,21.2564],[104.867,21.2568],[104.8658,21.2564],[104.865,21.258],[104.8621,21.2591],[104.8586,21.2615],[104.8577,21.2612],[104.857,21.2591],[104.8536,21.2549],[104.8528,21.2527],[104.8495,21.2495],[104.8514,21.2423],[104.852,21.2416],[104.8525,21.2379],[104.8559,21.2339],[104.8542,21.2333],[104.854,21.2341],[104.8529,21.2337],[104.8526,21.2346],[104.8513,21.2348],[104.8489,21.2343],[104.8484,21.2328],[104.8493,21.232],[104.849,21.2303],[104.8486,21.2298],[104.8476,21.23],[104.8465,21.2287],[104.8455,21.2284],[104.8446,21.2274],[104.8444,21.2257],[104.8459,21.2246],[104.8529,21.2232],[104.8569,21.2186],[104.8595,21.2174],[104.86,21.2156],[104.8612,21.2142],[104.861,21.2126],[104.8617,21.2113],[104.8641,21.2109],[104.8652,21.2101],[104.8642,21.209],[104.8648,21.2075],[104.8622,21.2004],[104.8614,21.2003],[104.8603,21.1982],[104.86,21.1939],[104.8587,21.1906],[104.8588,21.1893],[104.858,21.1885],[104.8583,21.1869],[104.8566,21.186],[104.8553,21.184],[104.8509,21.1799],[104.8583,21.1766],[104.86,21.1742],[104.8601,21.1734],[104.8579,21.1702],[104.8582,21.1687],[104.8563,21.1661],[104.8635,21.1645],[104.8761,21.1702],[104.8881,21.1656],[104.8968,21.173],[104.8977,21.1722],[104.899,21.1719],[104.9014,21.1696],[104.9026,21.1707],[104.904,21.1711],[104.9087,21.1687],[104.9119,21.1679],[104.9153,21.1653],[104.9158,21.1643],[104.9219,21.1611],[104.9232,21.1599],[104.9265,21.1585],[104.9278,21.1587],[104.9302,21.1577],[104.9441,21.1723],[104.9452,21.1728],[104.9468,21.1725],[104.9484,21.1708],[104.95,21.1703],[104.9504,21.1693],[104.9512,21.1691],[104.9529,21.1697],[104.9528,21.1691],[104.9537,21.168],[104.9564,21.1702],[104.9566,21.1715],[104.955,21.1723],[104.9539,21.1754],[104.9504,21.1771],[104.9498,21.1784],[104.9494,21.182],[104.9519,21.1849],[104.9532,21.1878],[104.9536,21.1881],[104.955,21.1877],[104.9566,21.1885],[104.9581,21.1901],[104.9606,21.1882],[104.9641,21.1879],[104.968,21.1867],[104.9705,21.1875],[104.9729,21.1894],[104.975,21.1897],[104.9762,21.1932],[104.9758,21.1953],[104.9741,21.1978],[104.9762,21.1997],[104.9768,21.2019]]]},"properties":{"code":"08560","name":"Lai Đồng","nameEn":"Lai Dong","fullName":"Xã Lai Đồng","fullNameEn":"Lai Dong Commune","codeName":"lai_dong","postalCode":"35561","postalCodePrefix":"","gisServerId":"diaphanhanhchinhcapxa_2025.1580","areaKm2":108.45},"id":"08560"},
{"type":"Feature","geometry":{"type":"Polygon","coordinates":[[[104.9918,21.2912],[104.9872,21.2912],[104.9848,21.2933],[104.9833,21.2938],[104.9827,21.2954],[104.9807,21.2959],[104.9796,21.2967],[104.9759,21.2973],[104.9739,21.297],[104.9717,21.2978],[104.9677,21.3019],[104.9657,21.302],[104.9649,21.304],[104.964,21.3049],[104.9634,21.3074],[104.9581,21.3052],[104.9548,21.3047],[104.9535,21.3038],[104.9496,21.3041],[104.947,21.3035],[104.9424,21.3052],[104.9396,21.3044],[104.9406,21.3016],[104.9391,21.3004],[104.9383,21.2972],[104.9337,21.2922],[104.9334,21.2884],[104.9362,21.2869],[104.9386,21.2836],[104.9378,21.281],[104.9398,21.2784],[104.9444,21.2671],[104.9449,21.2641],[104.9477,21.2607],[104.9502,21.2593],[104.9468,21.249],[104.9489,21.249],[104.9494,21.2478],[104.9514,21.2467],[104.9518,21.2455],[104.9529,21.2454],[104.954,21.2443],[104.9561,21.2433],[104.9617,21.2369],[104.9631,21.2361],[104.9635,21.2344],[104.9649,21.2334],[104.9651,21.2326],[104.9641,21.2298],[104.9645,21.2287],[104.9626,21.2269],[104.9614,21.224],[104.9617,21.2215],[104.9643,21.2201],[104.9639,21.2183],[104.9654,21.2157],[104.9644,21.2146],[104.9647,21.2133],[104.9682,21.2081],[104.9728,21.2106],[104.977,21.2079],[104.9759,21.2063],[104.9768,21.2019],[104.9813,21.1973],[104.9832,21.1961],[104.988,21.1943],[104.9899,21.1941],[104.9913,21.1949],[104.993,21.1944],[104.9934,21.1912],[104.9946,21.1892],[104.9984,21.1887],[105.0007,21.1866],[105.0011,21.1853],[105.0017,21.1849],[105.0037,21.185],[105.0056,21.1843],[105.0065,21.1833],[105.0094,21.1829],[105.0108,21.181],[105.0108,21.1797],[105.0137,21.182],[105.0155,21.184],[105.0156,21.1849],[105.0189,21.1873],[105.0178,21.1899],[105.0177,21.1907],[105.0187,21.1914],[105.0184,21.1933],[105.0178,21.1935],[105.0194,21.1947],[105.0205,21.1972],[105.0221,21.1974],[105.0227,21.1994],[105.0256,21.2009],[105.0265,21.2024],[105.0256,21.2042],[105.0264,21.205],[105.0268,21.2073],[105.026,21.2086],[105.0274,21.2107],[105.0264,21.2119],[105.0272,21.2137],[105.0272,21.2166],[105.0258,21.2187],[105.0259,21.2207],[105.0267,21.2218],[105.0285,21.222],[105.029,21.2214],[105.0298,21.2218],[105.0324,21.2261],[105.0336,21.2264],[105.0357,21.2257],[105.0399,21.2256],[105.0415,21.2228],[105.0431,21.222],[105.0493,21.2209],[105.0562,21.2222],[105.0562,21.2217],[105.0601,21.2236],[105.064,21.2233],[105.0666,21.2222],[105.0686,21.2225],[105.0695,21.2217],[105.0701,21.22],[105.0716,21.2196],[105.0725,21.218],[105.0756,21.2166],[105.0771,21.2192],[105.08,21.2219],[105.0826,21.2234],[105.086,21.2288],[105.0893,21.2304],[105.09,21.2312],[105.0893,21.2352],[105.0854,21.2388],[105.0849,21.2407],[105.0829,21.2412],[105.0819,21.2433],[105.0786,21.245],[105.0776,21.2492],[105.0784,21.2512],[105.0778,21.2528],[105.0778,21.2554],[105.0769,21.2561],[105.0742,21.2565],[105.0691,21.2619],[105.0684,21.2629],[105.0682,21.2648],[105.0666,21.2666],[105.0662,21.2679],[105.0569,21.2723],[105.0507,21.2743],[105.0459,21.2784],[105.0447,21.2786],[105.0406,21.2805],[105.0386,21.2836],[105.033,21.2859],[105.0306,21.2884],[105.0256,21.2893],[105.0225,21.2923],[105.0203,21.2924],[105.0136,21.2898],[105.0111,21.2923],[105.0071,21.2944],[105.0045,21.2915],[105.0018,21.2897],[104.999,21.2887],[104.9966,21.2893],[104.9934,21.2891],[104.9926,21.2896],[104.9918,21.2912]]]},"properties":{"code":"08566","name":"Tân Sơn","nameEn":"Tan Son","fullName":"Xã Tân Sơn","fullNameEn":"Tan Son Commune","codeName":"tan_son","postalCode":"35573","postalCodePrefix":"","gisServerId":"diaphanhanhchinhcapxa_2025.1553","areaKm2":118.21},"id":"08566"},
{"type":"Feature","geometry":{"type":"Polygon","coordinates":[[[105.1528,21.2088],[105.1501,21.2083],[105.1493,21.2058],[105.1483,21.205],[105.1455,21.2049],[105.1444,21.2055],[105.1438,21.2052],[105.1427,21.2059],[105.1413,21.2049],[105.1407,21.2049],[105.1408,21.2059],[105.1402,21.206],[105.1386,21.2054],[105.1387,21.2064],[105.1373,21.2071],[105.1366,21.2083],[105.1331,21.208],[105.1324,21.2086],[105.1312,21.2086],[105.1303,21.2091],[105.1299,21.2115],[105.129,21.2121],[105.1281,21.212],[105.1271,21.2127],[105.1261,21.2122],[105.1225,21.2122],[105.122,21.2141],[105.1223,21.217],[105.1135,21.2238],[105.1094,21.2254],[105.1065,21.2298],[105.0983,21.228],[105.0992,21.2269],[105.0996,21.2244],[105.092,21.2185],[105.0921,21.2174],[105.0945,21.2147],[105.0947,21.2133],[105.0964,21.2128],[105.0965,21.2112],[105.0994,21.2076],[105.1037,21.2048],[105.1083,21.1965],[105.1109,21.193],[105.1066,21.1891],[105.1063,21.1874],[105.1047,21.1868],[105.1038,21.1855],[105.1032,21.1852],[105.1028,21.1862],[105.102,21.1866],[105.1007,21.186],[105.1012,21.1838],[105.1038,21.184],[105.1045,21.1827],[105.1067,21.1821],[105.1097,21.1837],[105.111,21.1851],[105.1133,21.1849],[105.114,21.1839],[105.1139,21.1831],[105.113,21.1821],[105.1137,21.1795],[105.1098,21.1788],[105.1092,21.1772],[105.1096,21.1764],[105.1118,21.175],[105.1133,21.1723],[105.1154,21.1712],[105.1157,21.1705],[105.114,21.1673],[105.1144,21.1665],[105.1125,21.1643],[105.1133,21.1639],[105.1147,21.1644],[105.1153,21.1631],[105.1148,21.1612],[105.1132,21.1609],[105.1124,21.1596],[105.1125,21.1585],[105.1135,21.1576],[105.1135,21.1563],[105.1147,21.1532],[105.1126,21.1496],[105.1131,21.1483],[105.1121,21.1457],[105.1123,21.1445],[105.1139,21.1432],[105.1128,21.1427],[105.1119,21.143],[105.1125,21.1422],[105.1138,21.1427],[105.1144,21.1424],[105.1149,21.1418],[105.1144,21.1413],[105.1147,21.1405],[105.1141,21.1382],[105.113,21.1382],[105.1125,21.1374],[105.1113,21.1369],[105.1113,21.1362],[105.1123,21.1369],[105.1136,21.1362],[105.1175,21.133],[105.1203,21.1335],[105.1208,21.1315],[105.1219,21.1318],[105.1233,21.1305],[105.1252,21.1306],[105.1253,21.1295],[105.1271,21.1292],[105.1279,21.1272],[105.1259,21.1258],[105.1279,21.1188],[105.13,21.1178],[105.1312,21.1161],[105.1337,21.1152],[105.1365,21.1123],[105.1391,21.1112],[105.1428,21.1087],[105.1432,21.1076],[105.1467,21.1066],[105.1491,21.1047],[105.1506,21.1044],[105.1504,21.1031],[105.1513,21.1028],[105.1523,21.1035],[105.1542,21.1029],[105.1557,21.1009],[105.1569,21.1008],[105.1575,21.099],[105.163,21.0956],[105.1641,21.0941],[105.167,21.0939],[105.1748,21.0956],[105.1788,21.0978],[105.1803,21.0982],[105.1825,21.0973],[105.1838,21.0975],[105.1855,21.0969],[105.1873,21.0977],[105.1889,21.0975],[105.1905,21.0979],[105.1924,21.0963],[105.1931,21.0949],[105.1942,21.0959],[105.1953,21.0989],[105.1971,21.099],[105.2,21.1011],[105.2082,21.1005],[105.2099,21.1012],[105.2134,21.1015],[105.2139,21.103],[105.2148,21.1036],[105.2157,21.1035],[105.2166,21.1043],[105.2161,21.1051],[105.2174,21.1057],[105.2188,21.1093],[105.2196,21.1095],[105.2198,21.1105],[105.2211,21.1113],[105.2207,21.1145],[105.2222,21.1152],[105.223,21.1175],[105.2242,21.117],[105.2251,21.119],[105.2236,21.1205],[105.2231,21.1223],[105.2225,21.1268],[105.2234,21.1292],[105.2231,21.1297],[105.2223,21.1295],[105.222,21.1283],[105.2205,21.1276],[105.2205,21.129],[105.2196,21.1302],[105.2203,21.131],[105.221,21.1308],[105.2208,21.1333],[105.2213,21.1338],[105.2226,21.1336],[105.2233,21.1344],[105.2221,21.1346],[105.2219,21.1357],[105.2227,21.1366],[105.2229,21.1376],[105.2224,21.138],[105.2232,21.1396],[105.2222,21.1419],[105.2249,21.1428],[105.2236,21.145],[105.2239,21.1477],[105.2218,21.1482],[105.2191,21.1497],[105.2174,21.1524],[105.2129,21.154],[105.2113,21.1569],[105.2121,21.1582],[105.2141,21.1593],[105.2131,21.1627],[105.2102,21.1645],[105.2092,21.1636],[105.2084,21.1636],[105.2052,21.1673],[105.2027,21.1689],[105.2036,21.1708],[105.2026,21.1709],[105.2005,21.17],[105.1989,21.17],[105.1964,21.166],[105.1991,21.1631],[105.1981,21.1614],[105.1957,21.1614],[105.1937,21.1592],[105.1921,21.1566],[105.1898,21.1555],[105.1887,21.1542],[105.189,21.1535],[105.1884,21.1534],[105.1889,21.1528],[105.1885,21.1523],[105.1899,21.1505],[105.1895,21.1493],[105.1883,21.1485],[105.1878,21.147],[105.1863,21.1459],[105.1827,21.148],[105.1788,21.1447],[105.1768,21.1466],[105.1748,21.1478],[105.172,21.1508],[105.1711,21.1524],[105.1698,21.1533],[105.1667,21.1529],[105.1653,21.1534],[105.1622,21.1573],[105.1605,21.1579],[105.1597,21.1599],[105.1602,21.1618],[105.1617,21.1646],[105.1613,21.1676],[105.1583,21.1699],[105.1568,21.1726],[105.155,21.174],[105.1573,21.1755],[105.1594,21.1801],[105.158,21.1812],[105.1582,21.1818],[105.1596,21.1824],[105.1582,21.1889],[105.1587,21.1897],[105.1589,21.1921],[105.1583,21.1952],[105.1589,21.1952],[105.1586,21.1968],[105.159,21.1986],[105.16,21.1996],[105.1574,21.2002],[105.1552,21.2019],[105.1545,21.2048],[105.1537,21.2053],[105.1516,21.2054],[105.1516,21.2062],[105.1529,21.2069],[105.1525,21.2082],[105.1528,21.2088]]]},"properties":{"code":"08584","name":"Võ Miếu","nameEn":"Vo Mieu","fullName":"Xã Võ Miếu","fullNameEn":"Vo Mieu Commune","codeName":"vo_mieu","postalCode":"35810","postalCodePrefix":"","gisServerId":"diaphanhanhchinhcapxa_2025.1594","areaKm2":96.36},"id":"08584"},
{"type":"Feature","geometry":{"type":"Polygon","coordinates":[[[105.0108,21.1797],[105.0108,21.181],[105.0094,21.1829],[105.0065,21.1833],[105.0056,21.1843],[105.0037,21.185],[105.0017,21.1849],[105.0011,21.1853],[105.0007,21.1866],[104.9984,21.1887],[104.9946,21.1892],[104.9934,21.1912],[104.993,21.1944],[104.9913,21.1949],[104.9899,21.1941],[104.988,21.1943],[104.9832,21.1961],[104.9813,21.1973],[104.9768,21.2019],[104.9762,21.1997],[104.9741,21.1978],[104.9758,21.1953],[104.9762,21.1932],[104.975,21.1897],[104.9729,21.1894],[104.9705,21.1875],[104.968,21.1867],[104.9641,21.1879],[104.9606,21.1882],[104.9581,21.1901],[104.9566,21.1885],[104.955,21.1877],[104.9536,21.1881],[104.9532,21.1878],[104.9519,21.1849],[104.9494,21.182],[104.9498,21.1784],[104.9504,21.1771],[104.9539,21.1754],[104.955,21.1723],[104.9566,21.1715],[104.9564,21.1702],[104.9537,21.168],[104.9528,21.1691],[104.9529,21.1697],[104.9512,21.1691],[104.9504,21.1693],[104.95,21.1703],[104.9484,21.1708],[104.9468,21.1725],[104.9452,21.1728],[104.9441,21.1723],[104.9302,21.1577],[104.9278,21.1587],[104.9265,21.1585],[104.9232,21.1599],[104.9219,21.1611],[104.9158,21.1643],[104.9153,21.1653],[104.9119,21.1679],[104.9087,21.1687],[104.904,21.1711],[104.9026,21.1707],[104.9014,21.1696],[104.899,21.1719],[104.8977,21.1722],[104.8968,21.173],[104.8881,21.1656],[104.8761,21.1702],[104.8635,21.1645],[104.8563,21.1661],[104.8547,21.163],[104.8543,21.1606],[104.8531,21.1592],[104.853,21.1548],[104.8519,21.1538],[104.8538,21.152],[104.8552,21.1484],[104.8617,21.1455],[104.8638,21.1469],[104.8654,21.1467],[104.8668,21.1455],[104.8709,21.1453],[104.872,21.1442],[104.8718,21.1401],[104.8761,21.1386],[104.8767,21.1376],[104.8806,21.1342],[104.8847,21.1335],[104.8887,21.132],[104.8973,21.1298],[104.8964,21.1264],[104.8984,21.1242],[104.9022,21.1221],[104.9038,21.1204],[104.9073,21.1185],[104.9118,21.1185],[104.912,21.1112],[104.9108,21.1101],[104.9118,21.1093],[104.9124,21.1075],[104.9134,21.1066],[104.9131,21.1018],[104.9149,21.0989],[104.916,21.0956],[104.9177,21.0942],[104.918,21.0926],[104.9224,21.0905],[104.924,21.089],[104.9245,21.0865],[104.9261,21.0844],[104.925,21.0828],[104.923,21.0815],[104.9219,21.0798],[104.9227,21.0773],[104.9222,21.075],[104.9204,21.074],[104.9158,21.0741],[104.9107,21.07],[104.9113,21.0685],[104.9106,21.0673],[104.914,21.0654],[104.9157,21.0654],[104.9227,21.0677],[104.9237,21.0647],[104.9273,21.0656],[104.9322,21.064],[104.932,21.0625],[104.9324,21.0614],[104.9346,21.0584],[104.9382,21.0557],[104.9414,21.0571],[104.9429,21.0559],[104.9451,21.0552],[104.9474,21.0557],[104.9499,21.0571],[104.953,21.0566],[104.9549,21.057],[104.9559,21.0566],[104.9591,21.058],[104.9596,21.0589],[104.963,21.0603],[104.9662,21.059],[104.9669,21.0583],[104.9688,21.0532],[104.9694,21.0529],[104.9727,21.0517],[104.9747,21.0524],[104.9808,21.0518],[104.9826,21.0514],[104.9835,21.0502],[104.9876,21.0498],[104.9908,21.0479],[104.9925,21.0457],[104.9976,21.0436],[104.9982,21.0417],[104.9998,21.0405],[105.0038,21.0404],[105.0068,21.0396],[105.0109,21.0369],[105.012,21.0344],[105.0143,21.0313],[105.0165,21.0314],[105.0204,21.0254],[105.021,21.0207],[105.0203,21.0192],[105.0187,21.0181],[105.0183,21.0151],[105.0274,21.0218],[105.0284,21.0215],[105.0301,21.0223],[105.0345,21.0195],[105.0412,21.0197],[105.0443,21.0224],[105.0446,21.0303],[105.0426,21.0344],[105.0411,21.0359],[105.0408,21.0379],[105.0413,21.0401],[105.0405,21.0411],[105.0387,21.0424],[105.0385,21.0452],[105.0375,21.0459],[105.0376,21.0494],[105.0363,21.0529],[105.0382,21.054],[105.04,21.0561],[105.0407,21.0601],[105.0439,21.062],[105.0456,21.0673],[105.0452,21.0721],[105.0443,21.0739],[105.0443,21.0753],[105.0449,21.0759],[105.0433,21.0779],[105.0431,21.0805],[105.0421,21.0821],[105.0397,21.0829],[105.0391,21.0835],[105.0413,21.0852],[105.0434,21.0885],[105.0451,21.0899],[105.0435,21.0948],[105.0441,21.0967],[105.0434,21.0987],[105.0443,21.0999],[105.0454,21.1003],[105.0442,21.1004],[105.0431,21.1011],[105.0412,21.1034],[105.0409,21.1046],[105.0401,21.1051],[105.0393,21.1082],[105.0377,21.1087],[105.0376,21.1103],[105.0359,21.113],[105.0366,21.118],[105.0339,21.1208],[105.0337,21.1223],[105.0328,21.1231],[105.0321,21.1249],[105.0309,21.1257],[105.0305,21.1299],[105.0313,21.131],[105.0274,21.1363],[105.0298,21.1396],[105.0292,21.1418],[105.0304,21.1429],[105.0307,21.144],[105.0291,21.1472],[105.0274,21.1491],[105.0259,21.1539],[105.0222,21.1565],[105.0216,21.1593],[105.02,21.1608],[105.0199,21.162],[105.0174,21.1673],[105.0142,21.1699],[105.0144,21.1753],[105.0127,21.1769],[105.0108,21.1797]]]},"properties":{"code":"08590","name":"Xuân Đài","nameEn":"Xuan Dai","fullName":"Xã Xuân Đài","fullNameEn":"Xuan Dai Commune","codeName":"xuan_dai","postalCode":"35564","postalCodePrefix":"","gisServerId":"diaphanhanhchinhcapxa_2025.1561","areaKm2":209.6},"id":"08590"},
{"type":"Feature","geometry":{"type":"Polygon","coordinates":[[[105.0983,21.228],[105.0983,21.2288],[105.0969,21.2299],[105.0939,21.2297],[105.09,21.2312],[105.0893,21.2304],[105.086,21.2288],[105.0826,21.2234],[105.08,21.2219],[105.0771,21.2192],[105.0756,21.2166],[105.0725,21.218],[105.0716,21.2196],[105.0701,21.22],[105.0695,21.2217],[105.0686,21.2225],[105.0666,21.2222],[105.064,21.2233],[105.0601,21.2236],[105.0562,21.2217],[105.0562,21.2222],[105.0493,21.2209],[105.0431,21.222],[105.0415,21.2228],[105.0399,21.2256],[105.0357,21.2257],[105.0336,21.2264],[105.0324,21.2261],[105.0298,21.2218],[105.029,21.2214],[105.0285,21.222],[105.0267,21.2218],[105.0259,21.2207],[105.0258,21.2187],[105.0272,21.2166],[105.0272,21.2137],[105.0264,21.2119],[105.0274,21.2107],[105.026,21.2086],[105.0268,21.2073],[105.0264,21.205],[105.0256,21.2042],[105.0265,21.2024],[105.0256,21.2009],[105.0227,21.1994],[105.0221,21.1974],[105.0205,21.1972],[105.0194,21.1947],[105.0178,21.1935],[105.0184,21.1933],[105.0187,21.1914],[105.0177,21.1907],[105.0178,21.1899],[105.0189,21.1873],[105.0156,21.1849],[105.0155,21.184],[105.0137,21.182],[105.0108,21.1797],[105.0127,21.1769],[105.0144,21.1753],[105.0142,21.1699],[105.0174,21.1673],[105.0199,21.162],[105.02,21.1608],[105.0216,21.1593],[105.0222,21.1565],[105.0259,21.1539],[105.0274,21.1491],[105.0291,21.1472],[105.0307,21.144],[105.0304,21.1429],[105.0328,21.1441],[105.0371,21.1474],[105.0374,21.1484],[105.038,21.1488],[105.0377,21.1498],[105.0382,21.1507],[105.0371,21.1522],[105.037,21.1544],[105.0376,21.1551],[105.039,21.1553],[105.042,21.1532],[105.0432,21.1497],[105.0443,21.1482],[105.0442,21.1472],[105.0461,21.144],[105.046,21.1412],[105.0483,21.1405],[105.0497,21.141],[105.0508,21.1407],[105.0514,21.1396],[105.0531,21.1388],[105.0533,21.1377],[105.0542,21.137],[105.057,21.1367],[105.0589,21.1351],[105.0643,21.1385],[105.0662,21.1381],[105.0679,21.1387],[105.0704,21.1325],[105.0714,21.1325],[105.0729,21.1344],[105.0743,21.1353],[105.0743,21.1362],[105.0734,21.1366],[105.0749,21.1379],[105.0756,21.1355],[105.0761,21.1359],[105.0756,21.1366],[105.076,21.1372],[105.0753,21.1383],[105.0768,21.1393],[105.0775,21.1385],[105.0792,21.1399],[105.0815,21.1395],[105.0831,21.137],[105.0857,21.1359],[105.0865,21.1338],[105.0876,21.1336],[105.0901,21.135],[105.0919,21.1367],[105.0962,21.1363],[105.0971,21.1374],[105.1006,21.137],[105.1032,21.1349],[105.1041,21.1357],[105.1062,21.1356],[105.1068,21.1378],[105.1094,21.1382],[105.1099,21.1373],[105.1108,21.1371],[105.1113,21.1362],[105.1113,21.1369],[105.1125,21.1374],[105.113,21.1382],[105.1141,21.1382],[105.1147,21.1405],[105.1144,21.1413],[105.1149,21.1418],[105.1144,21.1424],[105.1138,21.1427],[105.1125,21.1422],[105.1119,21.143],[105.1128,21.1427],[105.1139,21.1432],[105.1123,21.1445],[105.1121,21.1457],[105.1131,21.1483],[105.1126,21.1496],[105.1147,21.1532],[105.1135,21.1563],[105.1135,21.1576],[105.1125,21.1585],[105.1124,21.1596],[105.1132,21.1609],[105.1148,21.1612],[105.1153,21.1631],[105.1147,21.1644],[105.1133,21.1639],[105.1125,21.1643],[105.1144,21.1665],[105.114,21.1673],[105.1157,21.1705],[105.1154,21.1712],[105.1133,21.1723],[105.1118,21.175],[105.1096,21.1764],[105.1092,21.1772],[105.1098,21.1788],[105.1137,21.1795],[105.113,21.1821],[105.1139,21.1831],[105.114,21.1839],[105.1133,21.1849],[105.111,21.1851],[105.1097,21.1837],[105.1067,21.1821],[105.1045,21.1827],[105.1038,21.184],[105.1012,21.1838],[105.1007,21.186],[105.102,21.1866],[105.1028,21.1862],[105.1032,21.1852],[105.1038,21.1855],[105.1047,21.1868],[105.1063,21.1874],[105.1066,21.1891],[105.1109,21.193],[105.1083,21.1965],[105.1037,21.2048],[105.0994,21.2076],[105.0965,21.2112],[105.0964,21.2128],[105.0947,21.2133],[105.0945,21.2147],[105.0921,21.2174],[105.092,21.2185],[105.0996,21.2244],[105.0992,21.2269],[105.0983,21.228]]]},"properties":{"code":"08593","name":"Minh Đài","nameEn":"Minh Dai","fullName":"Xã Minh Đài","fullNameEn":"Minh Dai Commune","codeName":"minh_dai","postalCode":"35571","postalCodePrefix":"","gisServerId":"diaphanhanhchinhcapxa_2025.1574","areaKm2":84.74},"id":"08593"},
{"type":"Feature","geometry":{"type":"Polygon","coordinates":[[[105.1113,21.1362],[105.1108,21.1371],[105.1099,21.1373],[105.1094,21.1382],[105.1068,21.1378],[105.1062,21.1356],[105.1041,21.1357],[105.1032,21.1349],[105.1006,21.137],[105.0971,21.1374],[105.0962,21.1363],[105.0919,21.1367],[105.0901,21.135],[105.0905,21.1336],[105.0918,21.1333],[105.0927,21.1321],[105.0921,21.1313],[105.0943,21.127],[105.0936,21.1237],[105.0937,21.1213],[105.0915,21.1201],[105.0901,21.1213],[105.0884,21.1197],[105.0865,21.1188],[105.0858,21.1178],[105.086,21.1154],[105.0836,21.1133],[105.0832,21.1121],[105.0822,21.1113],[105.0821,21.1102],[105.0832,21.1085],[105.0846,21.1076],[105.0855,21.1079],[105.0867,21.1096],[105.0875,21.1095],[105.0879,21.109],[105.09,21.1109],[105.0962,21.1094],[105.0998,21.1077],[105.101,21.1097],[105.1019,21.1077],[105.1029,21.108],[105.1056,21.1106],[105.1079,21.1105],[105.1092,21.1086],[105.111,21.1032],[105.1136,21.102],[105.1146,21.0996],[105.1159,21.0983],[105.1155,21.0965],[105.1148,21.0962],[105.1151,21.0952],[105.1123,21.0931],[105.1125,21.0919],[105.1104,21.0911],[105.1109,21.0884],[105.1125,21.0874],[105.1136,21.0839],[105.1136,21.083],[105.1125,21.0815],[105.1136,21.0801],[105.1146,21.0765],[105.1156,21.0754],[105.116,21.0732],[105.117,21.0722],[105.118,21.0735],[105.1201,21.0737],[105.1217,21.0719],[105.1234,21.0715],[105.1248,21.0721],[105.1257,21.0716],[105.1297,21.0731],[105.1302,21.0693],[105.136,21.0696],[105.1377,21.0693],[105.1378,21.067],[105.1409,21.0647],[105.142,21.0603],[105.1433,21.0599],[105.1453,21.0583],[105.1447,21.0551],[105.1486,21.0539],[105.1474,21.0536],[105.1471,21.0528],[105.1466,21.0507],[105.1476,21.0493],[105.1482,21.0495],[105.1491,21.0488],[105.1505,21.049],[105.1515,21.0486],[105.1535,21.046],[105.1582,21.0447],[105.1599,21.0436],[105.1606,21.0425],[105.1636,21.0426],[105.1658,21.0384],[105.1692,21.0361],[105.1713,21.0362],[105.1724,21.0356],[105.1733,21.0344],[105.1758,21.0352],[105.1776,21.0351],[105.1778,21.0302],[105.1787,21.0289],[105.1785,21.0274],[105.1797,21.0255],[105.1818,21.0242],[105.183,21.0219],[105.1811,21.0184],[105.1797,21.0176],[105.1788,21.0148],[105.1794,21.0132],[105.1819,21.0118],[105.1832,21.0097],[105.1838,21.0058],[105.1859,21.0024],[105.1859,20.9976],[105.1864,20.9954],[105.187,20.9944],[105.1894,20.993],[105.1888,20.9889],[105.1895,20.9853],[105.1911,20.9827],[105.1917,20.9796],[105.1937,20.9769],[105.1946,20.9769],[105.1963,20.9782],[105.2003,20.9791],[105.2032,20.9785],[105.2044,20.9797],[105.2077,20.9812],[105.2089,20.9823],[105.2101,20.9819],[105.2151,20.982],[105.2162,20.9822],[105.2176,20.9835],[105.2207,20.9832],[105.2216,20.9838],[105.2219,20.985],[105.2214,20.9882],[105.2177,20.9909],[105.2183,20.9922],[105.2163,20.9938],[105.2148,20.9978],[105.2165,20.9998],[105.2185,21.0013],[105.2176,21.0015],[105.217,21.0027],[105.2171,21.0053],[105.218,21.0066],[105.2241,21.0099],[105.2257,21.0095],[105.2269,21.0101],[105.2278,21.0116],[105.229,21.012],[105.2328,21.0157],[105.2327,21.0165],[105.2344,21.0196],[105.2337,21.0226],[105.2293,21.0261],[105.227,21.0271],[105.2241,21.0297],[105.223,21.0316],[105.217,21.0348],[105.2067,21.0443],[105.2059,21.0445],[105.2049,21.0467],[105.2016,21.05],[105.2014,21.0508],[105.2038,21.0524],[105.2048,21.0518],[105.2068,21.0522],[105.2043,21.0543],[105.2026,21.0551],[105.2022,21.0559],[105.2006,21.0566],[105.2024,21.0579],[105.2017,21.0582],[105.2036,21.0636],[105.2039,21.0661],[105.2059,21.0705],[105.2054,21.0759],[105.2033,21.0796],[105.1988,21.0819],[105.1956,21.0865],[105.1947,21.088],[105.1948,21.089],[105.1939,21.091],[105.1931,21.0949],[105.1924,21.0963],[105.1905,21.0979],[105.1889,21.0975],[105.1873,21.0977],[105.1855,21.0969],[105.1838,21.0975],[105.1825,21.0973],[105.1803,21.0982],[105.1788,21.0978],[105.1748,21.0956],[105.167,21.0939],[105.1641,21.0941],[105.163,21.0956],[105.1575,21.099],[105.1569,21.1008],[105.1557,21.1009],[105.1542,21.1029],[105.1523,21.1035],[105.1513,21.1028],[105.1504,21.1031],[105.1506,21.1044],[105.1491,21.1047],[105.1467,21.1066],[105.1432,21.1076],[105.1428,21.1087],[105.1391,21.1112],[105.1365,21.1123],[105.1337,21.1152],[105.1312,21.1161],[105.13,21.1178],[105.1279,21.1188],[105.1259,21.1258],[105.1279,21.1272],[105.1271,21.1292],[105.1253,21.1295],[105.1252,21.1306],[105.1233,21.1305],[105.1219,21.1318],[105.1208,21.1315],[105.1203,21.1335],[105.1175,21.133],[105.1136,21.1362],[105.1123,21.1369],[105.1113,21.1362]]]},"properties":{"code":"08611","name":"Văn Miếu","nameEn":"Van Mieu","fullName":"Xã Văn Miếu","fullNameEn":"Van Mieu Commune","codeName":"van_mieu","postalCode":"35812","postalCodePrefix":"","gisServerId":"diaphanhanhchinhcapxa_2025.1598","areaKm2":89.11},"id":"08611"},
{"type":"Feature","geometry":{"type":"Polygon","coordinates":[[[105.234,21.164],[105.2276,21.1636],[105.2264,21.1657],[105.2233,21.1684],[105.2224,21.1685],[105.2211,21.1677],[105.2154,21.1677],[105.2138,21.1634],[105.2131,21.1627],[105.2141,21.1593],[105.2121,21.1582],[105.2113,21.1569],[105.2129,21.154],[105.2174,21.1524],[105.2191,21.1497],[105.2218,21.1482],[105.2239,21.1477],[105.2236,21.145],[105.2249,21.1428],[105.2222,21.1419],[105.2232,21.1396],[105.2224,21.138],[105.2229,21.1376],[105.2227,21.1366],[105.2219,21.1357],[105.2221,21.1346],[105.2233,21.1344],[105.2226,21.1336],[105.2213,21.1338],[105.2208,21.1333],[105.221,21.1308],[105.2203,21.131],[105.2196,21.1302],[105.2205,21.129],[105.2205,21.1276],[105.222,21.1283],[105.2223,21.1295],[105.2231,21.1297],[105.2234,21.1292],[105.2225,21.1268],[105.2231,21.1223],[105.2236,21.1205],[105.2251,21.119],[105.2242,21.117],[105.223,21.1175],[105.2222,21.1152],[105.2207,21.1145],[105.2211,21.1113],[105.2198,21.1105],[105.2196,21.1095],[105.2188,21.1093],[105.2174,21.1057],[105.2161,21.1051],[105.2166,21.1043],[105.2157,21.1035],[105.2148,21.1036],[105.2139,21.103],[105.2134,21.1015],[105.2099,21.1012],[105.2082,21.1005],[105.2,21.1011],[105.1971,21.099],[105.1953,21.0989],[105.1942,21.0959],[105.1931,21.0949],[105.1939,21.091],[105.1948,21.089],[105.1947,21.088],[105.1956,21.0865],[105.2001,21.0866],[105.2051,21.085],[105.207,21.0835],[105.2081,21.0833],[105.2089,21.0816],[105.212,21.0792],[105.2164,21.0785],[105.2171,21.0776],[105.218,21.0773],[105.2184,21.0757],[105.2202,21.0731],[105.223,21.0719],[105.224,21.0704],[105.2255,21.0698],[105.2299,21.0699],[105.2316,21.0721],[105.2343,21.0746],[105.2389,21.0774],[105.2411,21.0793],[105.2451,21.0768],[105.2465,21.0739],[105.2482,21.0736],[105.2491,21.0725],[105.2497,21.0726],[105.2505,21.0735],[105.2536,21.0753],[105.261,21.0763],[105.2642,21.0774],[105.2704,21.0823],[105.2723,21.0828],[105.2728,21.0834],[105.2744,21.0827],[105.2778,21.0842],[105.2785,21.0857],[105.281,21.0866],[105.2807,21.0881],[105.282,21.0907],[105.2867,21.0915],[105.2876,21.0947],[105.2871,21.0949],[105.2869,21.0957],[105.2849,21.0946],[105.2846,21.095],[105.2864,21.0972],[105.2897,21.0992],[105.2897,21.1005],[105.2912,21.1015],[105.2891,21.1014],[105.286,21.1035],[105.2853,21.1032],[105.2851,21.1023],[105.2818,21.1009],[105.2816,21.1001],[105.2804,21.0993],[105.2771,21.0987],[105.2774,21.0971],[105.2765,21.0955],[105.2759,21.0958],[105.2736,21.0951],[105.2725,21.0957],[105.272,21.0955],[105.2729,21.0947],[105.2715,21.0947],[105.2712,21.0959],[105.2678,21.1003],[105.2677,21.1008],[105.2685,21.1013],[105.2675,21.1013],[105.2616,21.1113],[105.2617,21.1139],[105.2604,21.1142],[105.2615,21.1166],[105.2623,21.1166],[105.2626,21.1175],[105.263,21.1169],[105.2626,21.1159],[105.2648,21.1155],[105.2657,21.1158],[105.266,21.117],[105.2638,21.1203],[105.263,21.1199],[105.2611,21.1212],[105.2618,21.1221],[105.2613,21.1235],[105.2603,21.1236],[105.2585,21.1266],[105.2551,21.1279],[105.2531,21.1304],[105.2482,21.1317],[105.2478,21.1329],[105.2463,21.1338],[105.2434,21.1367],[105.2423,21.137],[105.2418,21.1395],[105.2399,21.1402],[105.2399,21.1434],[105.2414,21.1459],[105.2405,21.1465],[105.2397,21.1492],[105.2398,21.1533],[105.2411,21.155],[105.2405,21.1563],[105.2393,21.1568],[105.2371,21.1598],[105.2354,21.1611],[105.2346,21.1622],[105.2349,21.1634],[105.234,21.164]]]},"properties":{"code":"08614","name":"Cự Đồng","nameEn":"Cu Dong","fullName":"Xã Cự Đồng","fullNameEn":"Cu Dong Commune","codeName":"cu_dong","postalCode":"35825","postalCodePrefix":"","gisServerId":"diaphanhanhchinhcapxa_2025.1590","areaKm2":45.77},"id":"08614"},
{"type":"Feature","geometry":{"type":"Polygon","coordinates":[[[105.0901,21.135],[105.0876,21.1336],[105.0865,21.1338],[105.0857,21.1359],[105.0831,21.137],[105.0815,21.1395],[105.0792,21.1399],[105.0775,21.1385],[105.0768,21.1393],[105.0753,21.1383],[105.076,21.1372],[105.0756,21.1366],[105.0761,21.1359],[105.0756,21.1355],[105.0749,21.1379],[105.0734,21.1366],[105.0743,21.1362],[105.0743,21.1353],[105.0729,21.1344],[105.0714,21.1325],[105.0704,21.1325],[105.0679,21.1387],[105.0662,21.1381],[105.0643,21.1385],[105.0589,21.1351],[105.057,21.1367],[105.0542,21.137],[105.0533,21.1377],[105.0531,21.1388],[105.0514,21.1396],[105.0508,21.1407],[105.0497,21.141],[105.0483,21.1405],[105.046,21.1412],[105.0461,21.144],[105.0442,21.1472],[105.0443,21.1482],[105.0432,21.1497],[105.042,21.1532],[105.039,21.1553],[105.0376,21.1551],[105.037,21.1544],[105.0371,21.1522],[105.0382,21.1507],[105.0377,21.1498],[105.038,21.1488],[105.0374,21.1484],[105.0371,21.1474],[105.0328,21.1441],[105.0304,21.1429],[105.0292,21.1418],[105.0298,21.1396],[105.0274,21.1363],[105.0313,21.131],[105.0305,21.1299],[105.0309,21.1257],[105.0321,21.1249],[105.0328,21.1231],[105.0337,21.1223],[105.0339,21.1208],[105.0366,21.118],[105.0359,21.113],[105.0376,21.1103],[105.0377,21.1087],[105.0393,21.1082],[105.0401,21.1051],[105.0409,21.1046],[105.0412,21.1034],[105.0431,21.1011],[105.0442,21.1004],[105.0454,21.1003],[105.0443,21.0999],[105.0434,21.0987],[105.0441,21.0967],[105.0435,21.0948],[105.0451,21.0899],[105.0434,21.0885],[105.0413,21.0852],[105.0391,21.0835],[105.0397,21.0829],[105.0421,21.0821],[105.0431,21.0805],[105.0433,21.0779],[105.0449,21.0759],[105.0443,21.0753],[105.0443,21.0739],[105.0452,21.0721],[105.0456,21.0673],[105.0439,21.062],[105.0407,21.0601],[105.04,21.0561],[105.0382,21.054],[105.0363,21.0529],[105.0376,21.0494],[105.0375,21.0459],[105.0385,21.0452],[105.0387,21.0424],[105.0405,21.0411],[105.0429,21.0414],[105.0438,21.041],[105.0443,21.0416],[105.0461,21.0418],[105.0503,21.0385],[105.052,21.0388],[105.0526,21.0383],[105.0537,21.0383],[105.0553,21.0372],[105.0567,21.0378],[105.0571,21.0397],[105.0588,21.0406],[105.0616,21.0441],[105.0629,21.0434],[105.0635,21.0425],[105.0686,21.0443],[105.07,21.0453],[105.071,21.0464],[105.0706,21.0477],[105.0723,21.0518],[105.074,21.0517],[105.0768,21.0529],[105.0797,21.0532],[105.0822,21.0547],[105.0836,21.0546],[105.0844,21.0535],[105.086,21.0529],[105.0909,21.0541],[105.0948,21.0514],[105.0982,21.0509],[105.0993,21.0497],[105.0997,21.0503],[105.1028,21.0511],[105.1044,21.0507],[105.1078,21.0506],[105.1084,21.0511],[105.1066,21.0536],[105.1058,21.056],[105.1071,21.058],[105.1098,21.0598],[105.112,21.0588],[105.1128,21.0595],[105.1143,21.0595],[105.1154,21.0605],[105.1159,21.0621],[105.1154,21.0652],[105.1165,21.0661],[105.1174,21.0687],[105.1176,21.071],[105.117,21.0722],[105.116,21.0732],[105.1156,21.0754],[105.1146,21.0765],[105.1136,21.0801],[105.1125,21.0815],[105.1136,21.083],[105.1136,21.0839],[105.1125,21.0874],[105.1109,21.0884],[105.1104,21.0911],[105.1125,21.0919],[105.1123,21.0931],[105.1151,21.0952],[105.1148,21.0962],[105.1155,21.0965],[105.1159,21.0983],[105.1146,21.0996],[105.1136,21.102],[105.111,21.1032],[105.1092,21.1086],[105.1079,21.1105],[105.1056,21.1106],[105.1029,21.108],[105.1019,21.1077],[105.101,21.1097],[105.0998,21.1077],[105.0962,21.1094],[105.09,21.1109],[105.0879,21.109],[105.0875,21.1095],[105.0867,21.1096],[105.0855,21.1079],[105.0846,21.1076],[105.0832,21.1085],[105.0821,21.1102],[105.0822,21.1113],[105.0832,21.1121],[105.0836,21.1133],[105.086,21.1154],[105.0858,21.1178],[105.0865,21.1188],[105.0884,21.1197],[105.0901,21.1213],[105.0915,21.1201],[105.0937,21.1213],[105.0936,21.1237],[105.0943,21.127],[105.0921,21.1313],[105.0927,21.1321],[105.0918,21.1333],[105.0905,21.1336],[105.0901,21.135]]]},"properties":{"code":"08620","name":"Long Cốc","nameEn":"Long Coc","fullName":"Xã Long Cốc","fullNameEn":"Long Coc Commune","codeName":"long_coc","postalCode":"35569","postalCodePrefix":"","gisServerId":"diaphanhanhchinhcapxa_2025.1587","areaKm2":67.09},"id":"08620"},
{"type":"Feature","geometry":{"type":"Polygon","coordinates":[[[105.2505,21.0735],[105.2497,21.0726],[105.2491,21.0725],[105.2482,21.0736],[105.2465,21.0739],[105.2451,21.0768],[105.2411,21.0793],[105.2389,21.0774],[105.2343,21.0746],[105.2316,21.0721],[105.2299,21.0699],[105.2255,21.0698],[105.224,21.0704],[105.223,21.0719],[105.2202,21.0731],[105.2184,21.0757],[105.218,21.0773],[105.2171,21.0776],[105.2164,21.0785],[105.212,21.0792],[105.2089,21.0816],[105.2081,21.0833],[105.207,21.0835],[105.2051,21.085],[105.2001,21.0866],[105.1956,21.0865],[105.1988,21.0819],[105.2033,21.0796],[105.2054,21.0759],[105.2059,21.0705],[105.2039,21.0661],[105.2036,21.0636],[105.2017,21.0582],[105.2024,21.0579],[105.2006,21.0566],[105.2022,21.0559],[105.2026,21.0551],[105.2043,21.0543],[105.2068,21.0522],[105.2048,21.0518],[105.2038,21.0524],[105.2014,21.0508],[105.2016,21.05],[105.2049,21.0467],[105.2059,21.0445],[105.2067,21.0443],[105.217,21.0348],[105.223,21.0316],[105.2241,21.0297],[105.227,21.0271],[105.2293,21.0261],[105.2337,21.0226],[105.2344,21.0196],[105.2327,21.0165],[105.2328,21.0157],[105.229,21.012],[105.2278,21.0116],[105.2269,21.0101],[105.2257,21.0095],[105.2241,21.0099],[105.218,21.0066],[105.2171,21.0053],[105.217,21.0027],[105.2176,21.0015],[105.2185,21.0013],[105.2165,20.9998],[105.2148,20.9978],[105.2163,20.9938],[105.2183,20.9922],[105.2177,20.9909],[105.2214,20.9882],[105.2219,20.985],[105.2216,20.9838],[105.2207,20.9832],[105.2176,20.9835],[105.2162,20.9822],[105.2151,20.982],[105.2101,20.9819],[105.2089,20.9823],[105.2077,20.9812],[105.2044,20.9797],[105.2032,20.9785],[105.2003,20.9791],[105.1963,20.9782],[105.1946,20.9769],[105.1937,20.9769],[105.1911,20.9641],[105.1917,20.9625],[105.1916,20.9609],[105.1924,20.9594],[105.1919,20.9584],[105.197,20.9564],[105.1994,20.9563],[105.2015,20.9546],[105.2041,20.9515],[105.2069,20.9512],[105.2063,20.9502],[105.2047,20.949],[105.2051,20.9475],[105.2045,20.9451],[105.2112,20.9455],[105.214,20.9492],[105.2192,20.9512],[105.2221,20.9516],[105.2251,20.955],[105.2277,20.9563],[105.2286,20.9575],[105.231,20.9578],[105.2329,20.9599],[105.2359,20.9608],[105.2377,20.965],[105.2403,20.9676],[105.2416,20.9663],[105.2444,20.9652],[105.2482,20.9661],[105.2492,20.9658],[105.2511,20.9638],[105.2529,20.9636],[105.2555,20.964],[105.2618,20.9626],[105.2622,20.9628],[105.2627,20.9633],[105.263,20.9652],[105.2657,20.9696],[105.2659,20.9719],[105.2653,20.9731],[105.2654,20.974],[105.2679,20.9759],[105.2686,20.978],[105.2699,20.9774],[105.2707,20.978],[105.2709,20.9788],[105.2725,20.9804],[105.2725,20.9816],[105.2733,20.9822],[105.2731,20.9848],[105.2725,20.9852],[105.2719,20.9873],[105.2726,20.9882],[105.2722,20.9885],[105.2724,20.9893],[105.2714,20.9903],[105.2716,20.9912],[105.2697,20.9926],[105.2737,20.9947],[105.274,20.9956],[105.2751,20.9962],[105.2752,20.9976],[105.2776,20.9997],[105.278,21.0021],[105.2795,21.0031],[105.283,20.9995],[105.285,20.9992],[105.2851,20.9997],[105.284,21],[105.2838,21.0005],[105.2849,21.0027],[105.286,21.003],[105.286,21.005],[105.2879,21.0049],[105.291,21.0075],[105.2896,21.0092],[105.2885,21.0127],[105.2866,21.0138],[105.2863,21.0153],[105.2823,21.0153],[105.2821,21.0175],[105.281,21.0192],[105.2824,21.0213],[105.2808,21.0233],[105.2803,21.0253],[105.2795,21.0257],[105.2793,21.0269],[105.2779,21.0285],[105.2771,21.0322],[105.2754,21.0346],[105.2737,21.035],[105.2707,21.0383],[105.2706,21.0414],[105.2691,21.0425],[105.2685,21.0444],[105.2672,21.0447],[105.2663,21.0457],[105.2652,21.0486],[105.2627,21.0506],[105.2623,21.0549],[105.2608,21.0557],[105.2609,21.0571],[105.2601,21.0584],[105.2582,21.0587],[105.2565,21.0606],[105.2565,21.0619],[105.2574,21.0625],[105.2564,21.0632],[105.2568,21.0647],[105.2551,21.0647],[105.2549,21.0652],[105.256,21.0663],[105.2548,21.0675],[105.2533,21.0672],[105.2523,21.0683],[105.2511,21.0704],[105.2513,21.0714],[105.2505,21.0735]]]},"properties":{"code":"08632","name":"Hương Cần","nameEn":"Huong Can","fullName":"Xã Hương Cần","fullNameEn":"Huong Can Commune","codeName":"huong_can","postalCode":"35823","postalCodePrefix":"","gisServerId":"diaphanhanhchinhcapxa_2025.1597","areaKm2":81.3},"id":"08632"},
{"type":"Feature","geometry":{"type":"Polygon","coordinates":[[[105.1937,20.9769],[105.1917,20.9796],[105.1911,20.9827],[105.1895,20.9853],[105.1888,20.9889],[105.1894,20.993],[105.187,20.9944],[105.1864,20.9954],[105.1859,20.9976],[105.1859,21.0024],[105.1838,21.0058],[105.1832,21.0097],[105.1819,21.0118],[105.1794,21.0132],[105.1788,21.0148],[105.1797,21.0176],[105.1811,21.0184],[105.183,21.0219],[105.1818,21.0242],[105.1797,21.0255],[105.1785,21.0274],[105.1787,21.0289],[105.1778,21.0302],[105.1776,21.0351],[105.1758,21.0352],[105.1733,21.0344],[105.1724,21.0356],[105.1713,21.0362],[105.1692,21.0361],[105.1658,21.0384],[105.1636,21.0426],[105.1606,21.0425],[105.1599,21.0436],[105.1582,21.0447],[105.1535,21.046],[105.1515,21.0486],[105.1505,21.049],[105.1491,21.0488],[105.1482,21.0495],[105.1476,21.0493],[105.1466,21.0507],[105.1471,21.0528],[105.1474,21.0536],[105.1486,21.0539],[105.1447,21.0551],[105.1453,21.0583],[105.1433,21.0599],[105.142,21.0603],[105.1409,21.0647],[105.1378,21.067],[105.1377,21.0693],[105.136,21.0696],[105.1302,21.0693],[105.1297,21.0731],[105.1257,21.0716],[105.1248,21.0721],[105.1234,21.0715],[105.1217,21.0719],[105.1201,21.0737],[105.118,21.0735],[105.117,21.0722],[105.1176,21.071],[105.1174,21.0687],[105.1165,21.0661],[105.1154,21.0652],[105.1159,21.0621],[105.1154,21.0605],[105.1143,21.0595],[105.1128,21.0595],[105.112,21.0588],[105.1098,21.0598],[105.1071,21.058],[105.1058,21.056],[105.1066,21.0536],[105.1084,21.0511],[105.1078,21.0506],[105.1044,21.0507],[105.1028,21.0511],[105.0997,21.0503],[105.0993,21.0497],[105.0982,21.0509],[105.0948,21.0514],[105.0909,21.0541],[105.086,21.0529],[105.0844,21.0535],[105.0836,21.0546],[105.0822,21.0547],[105.0797,21.0532],[105.0768,21.0529],[105.074,21.0517],[105.0723,21.0518],[105.0706,21.0477],[105.071,21.0464],[105.07,21.0453],[105.0686,21.0443],[105.0635,21.0425],[105.0629,21.0434],[105.0616,21.0441],[105.0588,21.0406],[105.0571,21.0397],[105.0567,21.0378],[105.0553,21.0372],[105.0537,21.0383],[105.0526,21.0383],[105.052,21.0388],[105.0503,21.0385],[105.0461,21.0418],[105.0443,21.0416],[105.0438,21.041],[105.0429,21.0414],[105.0405,21.0411],[105.0413,21.0401],[105.0408,21.0379],[105.0411,21.0359],[105.0426,21.0344],[105.0446,21.0303],[105.0443,21.0224],[105.0412,21.0197],[105.0345,21.0195],[105.0354,21.0179],[105.0359,21.0156],[105.0376,21.014],[105.038,21.0123],[105.0389,21.0122],[105.0403,21.0112],[105.0413,21.0118],[105.0423,21.0109],[105.0443,21.0108],[105.044,21.0094],[105.0463,21.0097],[105.0476,21.0087],[105.0501,21.008],[105.051,21.0082],[105.0529,21.0102],[105.0541,21.0105],[105.0553,21.0102],[105.061,21.0027],[105.0639,21.0014],[105.0652,21.0014],[105.0662,21.0021],[105.0678,21.0011],[105.0683,20.9996],[105.07,20.9991],[105.0707,20.9981],[105.0699,20.9971],[105.0702,20.996],[105.072,20.9929],[105.0767,20.987],[105.0813,20.9788],[105.0846,20.9747],[105.0862,20.9737],[105.0872,20.9721],[105.0874,20.972],[105.0891,20.9709],[105.0901,20.9693],[105.0901,20.9684],[105.0892,20.9672],[105.0887,20.9664],[105.0889,20.966],[105.0912,20.9614],[105.0926,20.9601],[105.0987,20.957],[105.1002,20.9572],[105.1038,20.956],[105.106,20.9557],[105.1073,20.956],[105.1096,20.9553],[105.1112,20.9541],[105.1115,20.9517],[105.1132,20.9505],[105.116,20.9469],[105.1176,20.9462],[105.1202,20.9434],[105.1225,20.9417],[105.1261,20.9419],[105.1313,20.938],[105.1335,20.9381],[105.1365,20.9393],[105.1394,20.9392],[105.1422,20.9398],[105.1435,20.9397],[105.1452,20.9388],[105.1477,20.9415],[105.1501,20.9407],[105.1527,20.9405],[105.1534,20.9397],[105.1607,20.9393],[105.1615,20.9403],[105.162,20.9437],[105.1654,20.9442],[105.1691,20.9435],[105.172,20.9446],[105.1773,20.9449],[105.1811,20.9472],[105.1828,20.9478],[105.1834,20.949],[105.1851,20.9493],[105.1895,20.9518],[105.1909,20.9534],[105.1919,20.9584],[105.1924,20.9594],[105.1916,20.9609],[105.1917,20.9625],[105.1911,20.9641],[105.1937,20.9769]]]},"properties":{"code":"08635","name":"Khả Cửu","nameEn":"Kha Cuu","fullName":"Xã Khả Cửu","fullNameEn":"Kha Cuu Commune","codeName":"kha_cuu","postalCode":"35814","postalCodePrefix":"","gisServerId":"diaphanhanhchinhcapxa_2025.1566","areaKm2":148.48},"id":"08635"},
{"type":"Feature","geometry":{"type":"Polygon","coordinates":[[[105.3444,20.9401],[105.3423,20.951],[105.3385,20.962],[105.3344,20.9766],[105.3302,20.9855],[105.3259,20.999],[105.3193,21.0083],[105.3164,21.0136],[105.3114,21.0076],[105.3103,21.0051],[105.3061,21.0035],[105.3049,21.0025],[105.3034,21.0033],[105.304,21.0053],[105.3034,21.0067],[105.2993,21.0066],[105.2983,21.0084],[105.2977,21.0087],[105.2963,21.0086],[105.2939,21.0074],[105.291,21.0075],[105.2879,21.0049],[105.286,21.005],[105.286,21.003],[105.2849,21.0027],[105.2838,21.0005],[105.284,21],[105.2851,20.9997],[105.285,20.9992],[105.283,20.9995],[105.2795,21.0031],[105.278,21.0021],[105.2776,20.9997],[105.2752,20.9976],[105.2751,20.9962],[105.274,20.9956],[105.2737,20.9947],[105.2697,20.9926],[105.2716,20.9912],[105.2714,20.9903],[105.2724,20.9893],[105.2722,20.9885],[105.2726,20.9882],[105.2719,20.9873],[105.2725,20.9852],[105.2731,20.9848],[105.2733,20.9822],[105.2725,20.9816],[105.2725,20.9804],[105.2709,20.9788],[105.2707,20.978],[105.2699,20.9774],[105.2686,20.978],[105.2679,20.9759],[105.2654,20.974],[105.2653,20.9731],[105.2659,20.9719],[105.2657,20.9696],[105.263,20.9652],[105.2627,20.9633],[105.2622,20.9628],[105.2618,20.9626],[105.2555,20.964],[105.2529,20.9636],[105.2511,20.9638],[105.2492,20.9658],[105.2482,20.9661],[105.2444,20.9652],[105.2416,20.9663],[105.2403,20.9676],[105.2377,20.965],[105.2359,20.9608],[105.2329,20.9599],[105.231,20.9578],[105.2286,20.9575],[105.2277,20.9563],[105.2251,20.955],[105.2221,20.9516],[105.2192,20.9512],[105.214,20.9492],[105.2112,20.9455],[105.2045,20.9451],[105.2034,20.9421],[105.2004,20.9398],[105.1954,20.9341],[105.1951,20.9313],[105.1941,20.9298],[105.1977,20.9258],[105.1987,20.9202],[105.2012,20.9184],[105.2027,20.9187],[105.2058,20.9202],[105.206,20.9213],[105.2128,20.9243],[105.2143,20.9253],[105.216,20.9249],[105.2182,20.9262],[105.2188,20.9273],[105.2182,20.9294],[105.2185,20.9315],[105.2191,20.9333],[105.2198,20.9337],[105.2226,20.9358],[105.2244,20.9358],[105.2255,20.9364],[105.228,20.9357],[105.2289,20.9362],[105.2298,20.9354],[105.2318,20.9374],[105.2303,20.9385],[105.2312,20.9388],[105.2326,20.9383],[105.2333,20.9402],[105.234,20.9401],[105.2345,20.9394],[105.2361,20.9404],[105.2372,20.94],[105.2376,20.9404],[105.2373,20.9414],[105.2388,20.9403],[105.2392,20.9415],[105.2413,20.9412],[105.2411,20.9421],[105.2421,20.9422],[105.2417,20.9429],[105.2433,20.9418],[105.2443,20.9418],[105.2445,20.9428],[105.2431,20.9436],[105.2424,20.9447],[105.246,20.945],[105.247,20.946],[105.248,20.9443],[105.2487,20.9442],[105.2487,20.9449],[105.2498,20.9459],[105.2512,20.945],[105.2503,20.9442],[105.2511,20.9436],[105.2515,20.9416],[105.2529,20.9407],[105.2538,20.941],[105.2543,20.9404],[105.2556,20.9403],[105.2578,20.9387],[105.258,20.9362],[105.2592,20.9352],[105.2604,20.9361],[105.2614,20.936],[105.2632,20.9375],[105.2646,20.9371],[105.2671,20.9409],[105.2678,20.9407],[105.2685,20.9418],[105.2713,20.9405],[105.2708,20.938],[105.2712,20.9343],[105.2752,20.9247],[105.2819,20.9246],[105.2823,20.9272],[105.2852,20.9295],[105.2864,20.9291],[105.288,20.9293],[105.2895,20.9288],[105.2905,20.9268],[105.2923,20.9248],[105.2922,20.9239],[105.2935,20.9234],[105.3121,20.9234],[105.3151,20.9257],[105.3165,20.928],[105.3163,20.9327],[105.3169,20.934],[105.3312,20.9387],[105.3358,20.9386],[105.3366,20.939],[105.3375,20.9388],[105.3381,20.9395],[105.339,20.9387],[105.3399,20.9395],[105.3444,20.9401]]]},"properties":{"code":"08656","name":"Yên Sơn","nameEn":"Yen Son","fullName":"Xã Yên Sơn","fullNameEn":"Yen Son Commune","codeName":"yen_son","postalCode":"35819","postalCodePrefix":"","gisServerId":"diaphanhanhchinhcapxa_2025.1575","areaKm2":75.52},"id":"08656"},
{"type":"Feature","geometry":{"type":"Polygon","coordinates":[[[105.3473,21.2265],[105.3424,21.2276],[105.3389,21.229],[105.3386,21.2291],[105.3392,21.2302],[105.3346,21.2326],[105.3348,21.233],[105.3334,21.2323],[105.3328,21.2331],[105.3317,21.23],[105.3312,21.2302],[105.3308,21.2263],[105.3312,21.2254],[105.3307,21.225],[105.3282,21.2245],[105.3271,21.2251],[105.3269,21.224],[105.325,21.2234],[105.3232,21.2247],[105.3202,21.2255],[105.3197,21.2246],[105.319,21.225],[105.3172,21.2219],[105.3173,21.2212],[105.3169,21.2211],[105.3157,21.2215],[105.3156,21.2221],[105.3109,21.223],[105.3103,21.2245],[105.3094,21.2242],[105.3095,21.2232],[105.3074,21.2233],[105.3064,21.2243],[105.3056,21.2269],[105.305,21.2275],[105.3056,21.2283],[105.3051,21.2292],[105.3057,21.23],[105.3047,21.2295],[105.3039,21.2298],[105.3046,21.2307],[105.3057,21.2303],[105.3058,21.2321],[105.3051,21.2319],[105.3036,21.2329],[105.3016,21.2332],[105.3004,21.2317],[105.2984,21.2327],[105.2983,21.2337],[105.2979,21.2336],[105.2981,21.2328],[105.2973,21.234],[105.2948,21.2347],[105.2937,21.2362],[105.295,21.2369],[105.2955,21.238],[105.2949,21.2389],[105.2954,21.24],[105.2947,21.2411],[105.293,21.2405],[105.2934,21.2397],[105.2921,21.2393],[105.2917,21.2386],[105.2903,21.2388],[105.2903,21.2375],[105.2895,21.2366],[105.2883,21.2377],[105.2859,21.2414],[105.2845,21.2409],[105.2835,21.2435],[105.2838,21.2437],[105.2842,21.2433],[105.2847,21.2439],[105.2817,21.2453],[105.28,21.2432],[105.2792,21.2433],[105.2784,21.241],[105.2759,21.2396],[105.2757,21.2385],[105.2733,21.2389],[105.2711,21.2372],[105.2704,21.2375],[105.268,21.2364],[105.2678,21.2351],[105.2645,21.236],[105.264,21.2351],[105.2645,21.234],[105.2638,21.2335],[105.2634,21.232],[105.2629,21.2321],[105.2626,21.2332],[105.2627,21.2318],[105.2614,21.2308],[105.2614,21.23],[105.2628,21.2288],[105.2621,21.2283],[105.2606,21.229],[105.2595,21.2288],[105.2569,21.2266],[105.2552,21.2268],[105.2535,21.2252],[105.252,21.225],[105.2518,21.2239],[105.2507,21.2231],[105.2474,21.2227],[105.2454,21.2213],[105.2383,21.2211],[105.236,21.2189],[105.2338,21.2186],[105.2324,21.217],[105.2345,21.2125],[105.2348,21.2091],[105.2371,21.2052],[105.2419,21.202],[105.2439,21.2019],[105.2474,21.2],[105.2514,21.2009],[105.2561,21.1981],[105.2567,21.197],[105.2569,21.1954],[105.2576,21.1945],[105.2608,21.1929],[105.2603,21.1916],[105.2646,21.189],[105.2654,21.1878],[105.267,21.1884],[105.2711,21.1861],[105.2735,21.1864],[105.2751,21.1866],[105.2767,21.1844],[105.2794,21.1829],[105.2811,21.1834],[105.283,21.1827],[105.285,21.181],[105.2874,21.1802],[105.2886,21.181],[105.2899,21.1805],[105.2921,21.1789],[105.2943,21.1759],[105.3028,21.1907],[105.3254,21.2034],[105.3292,21.2041],[105.3362,21.2011],[105.3391,21.2018],[105.3417,21.2037],[105.3441,21.2083],[105.3393,21.21],[105.3473,21.2265]]]},"properties":{"code":"08662","name":"Đào Xá","nameEn":"Dao Xa","fullName":"Xã Đào Xá","fullNameEn":"Dao Xa Commune","codeName":"dao_xa","postalCode":"35860","postalCodePrefix":"","gisServerId":"diaphanhanhchinhcapxa_2025.1582","areaKm2":45.53},"id":"08662"},
{"type":"Feature","geometry":{"type":"Polygon","coordinates":[[[105.2943,21.1759],[105.2921,21.1789],[105.2899,21.1805],[105.2886,21.181],[105.2874,21.1802],[105.285,21.181],[105.283,21.1827],[105.2811,21.1834],[105.2794,21.1829],[105.2767,21.1844],[105.2751,21.1866],[105.2735,21.1864],[105.2738,21.184],[105.2734,21.1823],[105.2758,21.1817],[105.276,21.1811],[105.2759,21.1804],[105.2749,21.18],[105.2747,21.1794],[105.2752,21.1788],[105.2747,21.1775],[105.2759,21.1757],[105.2757,21.1743],[105.2739,21.1733],[105.2744,21.1727],[105.2733,21.1717],[105.2691,21.1738],[105.267,21.1742],[105.2663,21.1739],[105.2678,21.1669],[105.2673,21.1664],[105.2608,21.1679],[105.2587,21.1689],[105.2525,21.1692],[105.2473,21.1669],[105.2462,21.1655],[105.234,21.164],[105.2349,21.1634],[105.2346,21.1622],[105.2354,21.1611],[105.2371,21.1598],[105.2393,21.1568],[105.2405,21.1563],[105.2411,21.155],[105.2398,21.1533],[105.2397,21.1492],[105.2405,21.1465],[105.2414,21.1459],[105.2399,21.1434],[105.2399,21.1402],[105.2418,21.1395],[105.2423,21.137],[105.2434,21.1367],[105.2463,21.1338],[105.2478,21.1329],[105.2482,21.1317],[105.2531,21.1304],[105.2551,21.1279],[105.2585,21.1266],[105.2603,21.1236],[105.2613,21.1235],[105.2618,21.1221],[105.2611,21.1212],[105.263,21.1199],[105.2638,21.1203],[105.266,21.117],[105.2657,21.1158],[105.2648,21.1155],[105.2626,21.1159],[105.263,21.1169],[105.2626,21.1175],[105.2623,21.1166],[105.2615,21.1166],[105.2604,21.1142],[105.2617,21.1139],[105.2632,21.1136],[105.2658,21.1141],[105.2667,21.1138],[105.2674,21.1143],[105.2718,21.1209],[105.2724,21.121],[105.2727,21.1219],[105.2786,21.1277],[105.2831,21.1261],[105.2843,21.1244],[105.2872,21.1241],[105.2875,21.1229],[105.2919,21.1226],[105.2967,21.1247],[105.2993,21.1226],[105.2997,21.1218],[105.301,21.1216],[105.3014,21.1221],[105.3034,21.1223],[105.3023,21.125],[105.31,21.1289],[105.3072,21.1344],[105.2947,21.1478],[105.2884,21.1581],[105.286,21.1612],[105.2854,21.1719],[105.2896,21.1731],[105.292,21.172],[105.2943,21.1759]]]},"properties":{"code":"08674","name":"Thanh Thuỷ","nameEn":"Thanh Thuy","fullName":"Xã Thanh Thuỷ","fullNameEn":"Thanh Thuy Commune","codeName":"thanh_thuy","postalCode":"35856","postalCodePrefix":"","gisServerId":"diaphanhanhchinhcapxa_2025.1571","areaKm2":31.08},"id":"08674"},
{"type":"Feature","geometry":{"type":"Polygon","coordinates":[[[105.3164,21.0137],[105.3144,21.0158],[105.305,21.0227],[105.2979,21.0332],[105.297,21.0354],[105.2934,21.0516],[105.2947,21.0567],[105.2975,21.0615],[105.2993,21.0667],[105.3038,21.0757],[105.3069,21.0803],[105.3144,21.0884],[105.3168,21.0931],[105.3183,21.0971],[105.32,21.1072],[105.3197,21.1136],[105.3162,21.1189],[105.3133,21.1244],[105.31,21.1289],[105.3023,21.125],[105.3034,21.1223],[105.3014,21.1221],[105.301,21.1216],[105.2997,21.1218],[105.2993,21.1226],[105.2967,21.1247],[105.2919,21.1226],[105.2875,21.1229],[105.2872,21.1241],[105.2843,21.1244],[105.2831,21.1261],[105.2786,21.1277],[105.2727,21.1219],[105.2724,21.121],[105.2718,21.1209],[105.2674,21.1143],[105.2667,21.1138],[105.2658,21.1141],[105.2632,21.1136],[105.2617,21.1139],[105.2616,21.1113],[105.2675,21.1013],[105.2685,21.1013],[105.2677,21.1008],[105.2678,21.1003],[105.2712,21.0959],[105.2715,21.0947],[105.2729,21.0947],[105.272,21.0955],[105.2725,21.0957],[105.2736,21.0951],[105.2759,21.0958],[105.2765,21.0955],[105.2774,21.0971],[105.2771,21.0987],[105.2804,21.0993],[105.2816,21.1001],[105.2818,21.1009],[105.2851,21.1023],[105.2853,21.1032],[105.286,21.1035],[105.2891,21.1014],[105.2912,21.1015],[105.2897,21.1005],[105.2897,21.0992],[105.2864,21.0972],[105.2846,21.095],[105.2849,21.0946],[105.2869,21.0957],[105.2871,21.0949],[105.2876,21.0947],[105.2867,21.0915],[105.282,21.0907],[105.2807,21.0881],[105.281,21.0866],[105.2785,21.0857],[105.2778,21.0842],[105.2744,21.0827],[105.2728,21.0834],[105.2723,21.0828],[105.2704,21.0823],[105.2642,21.0774],[105.261,21.0763],[105.2536,21.0753],[105.2505,21.0735],[105.2513,21.0714],[105.2511,21.0704],[105.2523,21.0683],[105.2533,21.0672],[105.2548,21.0675],[105.256,21.0663],[105.2549,21.0652],[105.2551,21.0647],[105.2568,21.0647],[105.2564,21.0632],[105.2574,21.0625],[105.2565,21.0619],[105.2565,21.0606],[105.2582,21.0587],[105.2601,21.0584],[105.2609,21.0571],[105.2608,21.0557],[105.2623,21.0549],[105.2627,21.0506],[105.2652,21.0486],[105.2663,21.0457],[105.2672,21.0447],[105.2685,21.0444],[105.2691,21.0425],[105.2706,21.0414],[105.2707,21.0383],[105.2737,21.035],[105.2754,21.0346],[105.2771,21.0322],[105.2779,21.0285],[105.2793,21.0269],[105.2795,21.0257],[105.2803,21.0253],[105.2808,21.0233],[105.2824,21.0213],[105.281,21.0192],[105.2821,21.0175],[105.2823,21.0153],[105.2863,21.0153],[105.2866,21.0138],[105.2885,21.0127],[105.2896,21.0092],[105.291,21.0075],[105.2939,21.0074],[105.2963,21.0086],[105.2977,21.0087],[105.2983,21.0084],[105.2993,21.0066],[105.3034,21.0067],[105.304,21.0053],[105.3034,21.0033],[105.3049,21.0025],[105.3061,21.0035],[105.3103,21.0051],[105.3114,21.0076],[105.3164,21.0136],[105.3164,21.0137]]]},"properties":{"code":"08686","name":"Tu Vũ","nameEn":"Tu Vu","fullName":"Xã Tu Vũ","fullNameEn":"Tu Vu Commune","codeName":"tu_vu","postalCode":"35867","postalCodePrefix":"","gisServerId":"diaphanhanhchinhcapxa_2025.1573","areaKm2":49.07},"id":"08686"},
{"type":"Feature","geometry":{"type":"Polygon","coordinates":[[[105.6226,21.2881],[105.6217,21.2901],[105.618,21.2887],[105.6169,21.2911],[105.6161,21.291],[105.6157,21.295],[105.6119,21.3003],[105.6111,21.3008],[105.6096,21.3008],[105.6084,21.2992],[105.6064,21.2978],[105.6006,21.2985],[105.597,21.2974],[105.5939,21.2975],[105.5909,21.2965],[105.5903,21.2985],[105.5884,21.3001],[105.5883,21.3011],[105.5908,21.3042],[105.5903,21.3045],[105.5909,21.3056],[105.5904,21.3065],[105.5906,21.3075],[105.5917,21.3076],[105.5923,21.3089],[105.5934,21.309],[105.5949,21.3114],[105.5941,21.3112],[105.5938,21.3116],[105.5946,21.3129],[105.587,21.3166],[105.5835,21.3121],[105.5819,21.3128],[105.5807,21.3129],[105.5804,21.3113],[105.5775,21.3103],[105.5783,21.3148],[105.577,21.3172],[105.5758,21.3225],[105.5731,21.3273],[105.5725,21.3284],[105.5718,21.3281],[105.5713,21.3267],[105.5703,21.326],[105.5696,21.3276],[105.5656,21.3268],[105.5675,21.321],[105.5604,21.3188],[105.5598,21.3216],[105.5554,21.3201],[105.5549,21.3174],[105.5597,21.3186],[105.562,21.3145],[105.5672,21.3102],[105.5592,21.3055],[105.5571,21.3094],[105.5536,21.3073],[105.5547,21.3065],[105.5526,21.3047],[105.5523,21.3038],[105.5505,21.3046],[105.5497,21.3014],[105.5512,21.3013],[105.5533,21.2991],[105.5503,21.2969],[105.5533,21.2938],[105.5491,21.2899],[105.5542,21.2796],[105.5534,21.2752],[105.557,21.2739],[105.5588,21.2747],[105.5601,21.2735],[105.5625,21.2747],[105.5648,21.2742],[105.5658,21.2759],[105.5655,21.278],[105.5675,21.2784],[105.5693,21.2824],[105.5724,21.2825],[105.5742,21.2817],[105.5742,21.2814],[105.576,21.2809],[105.577,21.2816],[105.578,21.2843],[105.58,21.284],[105.5804,21.2853],[105.5812,21.2855],[105.5819,21.2823],[105.5828,21.2823],[105.582,21.2799],[105.5849,21.2798],[105.5853,21.2815],[105.5869,21.2831],[105.5873,21.2851],[105.5882,21.2856],[105.5873,21.284],[105.588,21.283],[105.5877,21.2817],[105.5885,21.2819],[105.5882,21.2812],[105.5888,21.2808],[105.5925,21.2814],[105.5929,21.2792],[105.6008,21.2802],[105.6012,21.277],[105.6019,21.2772],[105.6025,21.2764],[105.6025,21.2771],[105.603,21.2772],[105.6027,21.2767],[105.6035,21.2767],[105.6049,21.2748],[105.6045,21.274],[105.6064,21.2726],[105.605,21.2712],[105.6055,21.271],[105.6063,21.2689],[105.6077,21.2689],[105.6084,21.2677],[105.6096,21.2678],[105.61,21.2672],[105.6115,21.2669],[105.6117,21.2662],[105.6126,21.266],[105.613,21.2657],[105.6133,21.2662],[105.6136,21.2657],[105.6151,21.2674],[105.6171,21.2674],[105.6176,21.2681],[105.6171,21.2692],[105.6176,21.2705],[105.6212,21.272],[105.6214,21.2731],[105.6194,21.2742],[105.6199,21.276],[105.6227,21.2753],[105.6244,21.2763],[105.6258,21.2764],[105.6249,21.2779],[105.6246,21.2806],[105.625,21.2818],[105.6241,21.2846],[105.6237,21.2855],[105.6228,21.2851],[105.6222,21.2865],[105.6231,21.2868],[105.6226,21.2881]]]},"properties":{"code":"08707","name":"Vĩnh Yên","nameEn":"Vinh Yen","fullName":"Phường Vĩnh Yên","fullNameEn":"Vinh Yen Ward","codeName":"vinh_yen","postalCode":"15116","postalCodePrefix":"","gisServerId":"diaphanhanhchinhcapxa_2025.1605","areaKm2":25},"id":"08707"},
{"type":"Feature","geometry":{"type":"Polygon","coordinates":[[[105.6175,21.3446],[105.6164,21.3448],[105.6158,21.3443],[105.6138,21.3452],[105.6124,21.3442],[105.6126,21.3431],[105.6108,21.3432],[105.61,21.3413],[105.6092,21.3411],[105.6044,21.341],[105.6043,21.3432],[105.6055,21.3449],[105.6027,21.344],[105.5995,21.3441],[105.5978,21.3443],[105.5975,21.3452],[105.5959,21.3439],[105.5958,21.3434],[105.5942,21.3429],[105.5934,21.3433],[105.5897,21.339],[105.5897,21.338],[105.5869,21.3345],[105.5838,21.3328],[105.5805,21.333],[105.5783,21.331],[105.5777,21.3291],[105.5731,21.3273],[105.5758,21.3225],[105.577,21.3172],[105.5783,21.3148],[105.5775,21.3103],[105.5804,21.3113],[105.5807,21.3129],[105.5819,21.3128],[105.5835,21.3121],[105.587,21.3166],[105.5946,21.3129],[105.5938,21.3116],[105.5941,21.3112],[105.5949,21.3114],[105.5934,21.309],[105.5923,21.3089],[105.5917,21.3076],[105.5906,21.3075],[105.5904,21.3065],[105.5909,21.3056],[105.5903,21.3045],[105.5908,21.3042],[105.5883,21.3011],[105.5884,21.3001],[105.5903,21.2985],[105.5909,21.2965],[105.5939,21.2975],[105.597,21.2974],[105.6006,21.2985],[105.6064,21.2978],[105.6084,21.2992],[105.6096,21.3008],[105.6111,21.3008],[105.6119,21.3003],[105.6157,21.295],[105.6161,21.291],[105.6169,21.2911],[105.618,21.2887],[105.6217,21.2901],[105.6226,21.2881],[105.627,21.2898],[105.6266,21.2907],[105.6275,21.2911],[105.6271,21.2922],[105.628,21.2926],[105.6276,21.2946],[105.6303,21.2953],[105.6307,21.2942],[105.6319,21.2946],[105.6329,21.296],[105.6334,21.2957],[105.6338,21.2961],[105.6345,21.2955],[105.6357,21.2962],[105.6375,21.2975],[105.6398,21.3013],[105.6398,21.3017],[105.6393,21.3018],[105.6398,21.3037],[105.6373,21.3077],[105.6361,21.3088],[105.6346,21.3145],[105.632,21.3174],[105.6342,21.3196],[105.6341,21.3201],[105.6363,21.3193],[105.6366,21.3202],[105.6359,21.3211],[105.6359,21.3228],[105.6354,21.3224],[105.6341,21.3227],[105.633,21.3236],[105.6297,21.3238],[105.6277,21.3248],[105.6264,21.3269],[105.6265,21.3285],[105.6249,21.3313],[105.6224,21.333],[105.6232,21.3349],[105.6206,21.3369],[105.6202,21.3402],[105.6175,21.3446]]]},"properties":{"code":"08716","name":"Vĩnh Phúc","nameEn":"Vinh Phuc","fullName":"Phường Vĩnh Phúc","fullNameEn":"Vinh Phuc Ward","codeName":"vinh_phuc","postalCode":"15115","postalCodePrefix":"","gisServerId":"diaphanhanhchinhcapxa_2025.1606","areaKm2":25.3},"id":"08716"},
{"type":"Feature","geometry":{"type":"Polygon","coordinates":[[[105.7246,21.2661],[105.7236,21.2673],[105.7242,21.2689],[105.7222,21.2689],[105.7208,21.2715],[105.7192,21.2707],[105.7165,21.2717],[105.7166,21.272],[105.715,21.2728],[105.7139,21.2709],[105.7129,21.271],[105.7127,21.2719],[105.7135,21.2723],[105.7122,21.2731],[105.7108,21.2724],[105.7101,21.2707],[105.7079,21.2707],[105.7072,21.2713],[105.7079,21.2716],[105.7078,21.2721],[105.7064,21.2727],[105.7072,21.2731],[105.7069,21.2736],[105.7037,21.2735],[105.7049,21.2741],[105.7048,21.2747],[105.7038,21.2751],[105.7033,21.2762],[105.7024,21.2758],[105.7012,21.2788],[105.7003,21.2785],[105.7,21.2774],[105.6993,21.2774],[105.6973,21.2779],[105.6957,21.2777],[105.6949,21.2784],[105.6949,21.2777],[105.6942,21.2777],[105.6944,21.276],[105.6934,21.2756],[105.6917,21.2765],[105.6908,21.2753],[105.6901,21.2757],[105.6893,21.2754],[105.691,21.2742],[105.6908,21.2733],[105.6921,21.2739],[105.6924,21.2718],[105.694,21.2711],[105.6939,21.2699],[105.6946,21.2688],[105.6928,21.2678],[105.6931,21.2669],[105.694,21.2662],[105.6956,21.2665],[105.6959,21.2649],[105.6968,21.265],[105.6984,21.2628],[105.6989,21.2632],[105.7008,21.2621],[105.7013,21.2622],[105.7013,21.2629],[105.7022,21.2632],[105.7023,21.262],[105.7018,21.2616],[105.694,21.2607],[105.6916,21.2621],[105.6906,21.2622],[105.6896,21.2611],[105.6884,21.2582],[105.687,21.2571],[105.6869,21.2562],[105.686,21.2557],[105.6856,21.254],[105.6865,21.2493],[105.6852,21.2482],[105.6853,21.2472],[105.6827,21.2442],[105.6812,21.2439],[105.6805,21.2425],[105.6813,21.2408],[105.6822,21.2402],[105.6872,21.2396],[105.6931,21.2381],[105.6943,21.2372],[105.6942,21.236],[105.692,21.2335],[105.691,21.2347],[105.6888,21.2339],[105.6887,21.2329],[105.6878,21.2322],[105.683,21.2318],[105.6825,21.2312],[105.6827,21.2303],[105.6838,21.2297],[105.6853,21.2301],[105.6859,21.2297],[105.6859,21.2265],[105.688,21.2228],[105.6887,21.2225],[105.6887,21.2215],[105.6896,21.2211],[105.6902,21.2199],[105.6913,21.2208],[105.6916,21.2204],[105.6921,21.2213],[105.6933,21.2215],[105.6957,21.216],[105.6982,21.2135],[105.6973,21.2184],[105.6986,21.2184],[105.6985,21.2196],[105.7007,21.2199],[105.7018,21.2186],[105.7033,21.2213],[105.7045,21.2209],[105.7051,21.2214],[105.7059,21.2213],[105.7059,21.2208],[105.7067,21.2202],[105.7075,21.2207],[105.7082,21.2196],[105.7099,21.2197],[105.7111,21.2206],[105.7107,21.2218],[105.7114,21.2225],[105.712,21.2222],[105.7117,21.2228],[105.7124,21.2232],[105.7127,21.2226],[105.7157,21.2245],[105.7178,21.2228],[105.7182,21.2232],[105.7197,21.2232],[105.7217,21.2261],[105.7221,21.2275],[105.7247,21.2247],[105.7335,21.2319],[105.7346,21.2331],[105.7328,21.234],[105.7323,21.2349],[105.7324,21.2354],[105.7332,21.2359],[105.7348,21.2352],[105.7364,21.2353],[105.7376,21.2361],[105.736,21.2403],[105.7337,21.242],[105.7317,21.2418],[105.7285,21.2407],[105.7263,21.2415],[105.725,21.2424],[105.7254,21.2429],[105.7265,21.2431],[105.7281,21.2454],[105.7292,21.2488],[105.7288,21.2494],[105.7264,21.25],[105.7259,21.2509],[105.7235,21.2518],[105.7242,21.2529],[105.7248,21.2573],[105.7238,21.2627],[105.7246,21.2661]]]},"properties":{"code":"08740","name":"Phúc Yên","nameEn":"Phuc Yen","fullName":"Phường Phúc Yên","fullNameEn":"Phuc Yen Ward","codeName":"phuc_yen","postalCode":"15916","postalCodePrefix":"","gisServerId":"diaphanhanhchinhcapxa_2025.1607","areaKm2":23.4},"id":"08740"},
{"type":"Feature","geometry":{"type":"Polygon","coordinates":[[[105.7246,21.2661],[105.7275,21.2683],[105.7287,21.2683],[105.7293,21.2693],[105.7273,21.2709],[105.7257,21.2712],[105.7252,21.2723],[105.7255,21.2732],[105.7265,21.2736],[105.728,21.273],[105.729,21.2743],[105.729,21.2759],[105.7326,21.2751],[105.7334,21.2778],[105.7334,21.2795],[105.7359,21.2794],[105.7351,21.2843],[105.7369,21.2857],[105.7362,21.2864],[105.7364,21.287],[105.7382,21.2881],[105.7391,21.2878],[105.7386,21.2871],[105.7394,21.2867],[105.7399,21.287],[105.7396,21.2879],[105.742,21.2873],[105.7426,21.289],[105.7409,21.2899],[105.7409,21.2907],[105.7418,21.2909],[105.7427,21.2903],[105.743,21.2908],[105.7425,21.2918],[105.7431,21.2929],[105.7449,21.2919],[105.7457,21.294],[105.7463,21.2944],[105.7476,21.2943],[105.7492,21.2959],[105.753,21.2951],[105.7534,21.2955],[105.7528,21.2973],[105.7542,21.298],[105.7554,21.3],[105.7563,21.2999],[105.757,21.3006],[105.7565,21.3016],[105.7593,21.3033],[105.7584,21.3042],[105.7608,21.3067],[105.7602,21.3084],[105.7614,21.3115],[105.7641,21.3157],[105.766,21.3175],[105.7679,21.3185],[105.7705,21.3239],[105.772,21.3255],[105.7726,21.3295],[105.7762,21.3358],[105.7761,21.3371],[105.7802,21.3394],[105.7831,21.3429],[105.7853,21.3429],[105.7853,21.3481],[105.783,21.3539],[105.7859,21.3547],[105.7864,21.3568],[105.7851,21.3592],[105.7842,21.3599],[105.7811,21.3601],[105.7802,21.3597],[105.7754,21.3611],[105.7752,21.3627],[105.774,21.3653],[105.7748,21.3676],[105.7729,21.3697],[105.7731,21.3707],[105.7698,21.3709],[105.7695,21.3734],[105.7686,21.375],[105.7668,21.3753],[105.764,21.3766],[105.762,21.3765],[105.76,21.3778],[105.7597,21.3785],[105.7615,21.3817],[105.7622,21.3854],[105.7634,21.3874],[105.7659,21.3896],[105.7651,21.3922],[105.7655,21.3927],[105.7644,21.3942],[105.7643,21.3957],[105.7636,21.3967],[105.7639,21.3984],[105.763,21.4],[105.763,21.4014],[105.7613,21.403],[105.7585,21.407],[105.7576,21.4071],[105.7557,21.4092],[105.7556,21.4109],[105.7517,21.4138],[105.7497,21.416],[105.746,21.4162],[105.7393,21.4147],[105.7361,21.4114],[105.7334,21.41],[105.7292,21.4093],[105.7261,21.4116],[105.7255,21.4093],[105.7241,21.4085],[105.7227,21.4068],[105.7206,21.4061],[105.7208,21.4046],[105.7203,21.4039],[105.7178,21.403],[105.717,21.4033],[105.7162,21.4023],[105.7154,21.4022],[105.7156,21.4016],[105.7145,21.4009],[105.7145,21.3996],[105.7155,21.3985],[105.7153,21.398],[105.7157,21.3974],[105.7153,21.397],[105.7167,21.3942],[105.7161,21.3939],[105.7154,21.3944],[105.7149,21.394],[105.714,21.3943],[105.7149,21.3924],[105.714,21.392],[105.7147,21.3905],[105.713,21.3904],[105.7126,21.3886],[105.7129,21.3864],[105.7116,21.3861],[105.7114,21.3848],[105.7115,21.3842],[105.7129,21.3835],[105.7123,21.3798],[105.713,21.3792],[105.7113,21.3786],[105.712,21.3764],[105.7109,21.3766],[105.7093,21.3732],[105.7109,21.3705],[105.7101,21.3694],[105.711,21.368],[105.7107,21.3668],[105.7115,21.3666],[105.7103,21.3621],[105.7123,21.3598],[105.7073,21.3575],[105.7042,21.355],[105.7046,21.3538],[105.7042,21.3526],[105.7048,21.3522],[105.7034,21.3493],[105.7044,21.3494],[105.7051,21.3487],[105.7048,21.3484],[105.7043,21.349],[105.7032,21.3485],[105.7039,21.3465],[105.7049,21.3471],[105.7063,21.3458],[105.7063,21.3432],[105.7069,21.3425],[105.7059,21.3411],[105.7047,21.3408],[105.704,21.3392],[105.7044,21.3385],[105.7053,21.3386],[105.7066,21.3374],[105.7033,21.3354],[105.7022,21.3356],[105.7027,21.3336],[105.7013,21.3318],[105.7018,21.3305],[105.6996,21.3289],[105.7001,21.3271],[105.6982,21.3261],[105.6977,21.3245],[105.6991,21.3233],[105.6977,21.3221],[105.6976,21.3207],[105.6986,21.3211],[105.6999,21.3203],[105.7018,21.3213],[105.7028,21.3194],[105.7023,21.3181],[105.7003,21.3182],[105.6992,21.3166],[105.7016,21.3145],[105.7013,21.3122],[105.7027,21.3104],[105.6991,21.3104],[105.6988,21.3097],[105.6994,21.3086],[105.6971,21.3062],[105.6977,21.3031],[105.6973,21.3019],[105.6966,21.3014],[105.6951,21.3029],[105.6937,21.3016],[105.6935,21.3007],[105.696,21.2982],[105.6953,21.2971],[105.692,21.2969],[105.6917,21.2975],[105.6895,21.2982],[105.6885,21.2995],[105.6872,21.2991],[105.6877,21.2967],[105.6843,21.2943],[105.6835,21.2925],[105.6873,21.2916],[105.6891,21.2889],[105.6876,21.2873],[105.6841,21.2855],[105.6832,21.2838],[105.6835,21.2835],[105.6852,21.2838],[105.6862,21.2835],[105.6872,21.2814],[105.6871,21.279],[105.6893,21.2754],[105.6901,21.2757],[105.6908,21.2753],[105.6917,21.2765],[105.6934,21.2756],[105.6944,21.276],[105.6942,21.2777],[105.6949,21.2777],[105.6949,21.2784],[105.6957,21.2777],[105.6973,21.2779],[105.6993,21.2774],[105.7,21.2774],[105.7003,21.2785],[105.7012,21.2788],[105.7024,21.2758],[105.7033,21.2762],[105.7038,21.2751],[105.7048,21.2747],[105.7049,21.2741],[105.7037,21.2735],[105.7069,21.2736],[105.7072,21.2731],[105.7064,21.2727],[105.7078,21.2721],[105.7079,21.2716],[105.7072,21.2713],[105.7079,21.2707],[105.7101,21.2707],[105.7108,21.2724],[105.7122,21.2731],[105.7135,21.2723],[105.7127,21.2719],[105.7129,21.271],[105.7139,21.2709],[105.715,21.2728],[105.7166,21.272],[105.7165,21.2717],[105.7192,21.2707],[105.7208,21.2715],[105.7222,21.2689],[105.7242,21.2689],[105.7236,21.2673],[105.7246,21.2661]]]},"properties":{"code":"08746","name":"Xuân Hoà","nameEn":"Xuan Hoa","fullName":"Phường Xuân Hoà","fullNameEn":"Xuan Hoa Ward","codeName":"xuan_hoa","postalCode":"15910","postalCodePrefix":"","gisServerId":"diaphanhanhchinhcapxa_2025.1608","areaKm2":96},"id":"08746"},
{"type":"Feature","geometry":{"type":"Polygon","coordinates":[[[105.4795,21.4638],[105.4777,21.4617],[105.4774,21.4595],[105.4735,21.4589],[105.4731,21.4596],[105.4724,21.4588],[105.4706,21.4582],[105.4703,21.4588],[105.4687,21.4592],[105.4668,21.4589],[105.4657,21.4595],[105.462,21.4579],[105.4616,21.4635],[105.4605,21.464],[105.4611,21.4652],[105.4605,21.4659],[105.4611,21.4667],[105.4607,21.4674],[105.4597,21.4677],[105.4581,21.4669],[105.4575,21.4683],[105.456,21.4682],[105.4556,21.4666],[105.4548,21.4658],[105.4524,21.4654],[105.4515,21.4657],[105.4489,21.4639],[105.4451,21.4646],[105.4372,21.469],[105.4365,21.471],[105.4326,21.473],[105.4307,21.471],[105.43,21.469],[105.4295,21.4661],[105.4287,21.4647],[105.4286,21.4611],[105.4254,21.4576],[105.4254,21.4566],[105.426,21.4542],[105.4289,21.4534],[105.4312,21.4505],[105.4318,21.4465],[105.4315,21.4446],[105.4327,21.4435],[105.4334,21.4407],[105.4331,21.4405],[105.434,21.4397],[105.4348,21.4365],[105.4358,21.4351],[105.4356,21.4328],[105.4347,21.4319],[105.4374,21.4317],[105.442,21.4293],[105.4438,21.4293],[105.4475,21.4272],[105.4488,21.4259],[105.4494,21.423],[105.4513,21.4214],[105.4512,21.4203],[105.4525,21.4201],[105.4525,21.4192],[105.4505,21.4176],[105.4509,21.4171],[105.4484,21.4158],[105.4491,21.4149],[105.4485,21.4138],[105.4467,21.4136],[105.4472,21.4131],[105.4461,21.4127],[105.4475,21.4119],[105.447,21.4106],[105.4475,21.4086],[105.4499,21.4071],[105.4506,21.4059],[105.4503,21.4047],[105.4519,21.4043],[105.4518,21.4031],[105.4524,21.4029],[105.4536,21.4002],[105.454,21.3983],[105.4535,21.3969],[105.4549,21.3974],[105.4585,21.4003],[105.4592,21.3997],[105.461,21.4002],[105.4613,21.3967],[105.4627,21.3963],[105.4656,21.3935],[105.4659,21.3938],[105.4671,21.3935],[105.4674,21.3943],[105.4697,21.3943],[105.4718,21.3924],[105.4739,21.3887],[105.4742,21.3871],[105.4748,21.3865],[105.4756,21.3865],[105.4769,21.3847],[105.4767,21.3822],[105.4798,21.3813],[105.4823,21.3791],[105.4861,21.3769],[105.4853,21.3787],[105.4865,21.3797],[105.4878,21.3787],[105.4886,21.3807],[105.4871,21.3823],[105.487,21.3833],[105.4878,21.3887],[105.4871,21.3901],[105.4861,21.3902],[105.4853,21.3908],[105.4851,21.3918],[105.484,21.3922],[105.4824,21.3956],[105.4837,21.3957],[105.4841,21.3962],[105.4845,21.3958],[105.4853,21.3974],[105.4863,21.3975],[105.4866,21.3987],[105.487,21.3982],[105.4882,21.3986],[105.4883,21.4005],[105.4888,21.4005],[105.489,21.401],[105.4888,21.4024],[105.4876,21.4042],[105.4887,21.405],[105.4898,21.4049],[105.4892,21.4064],[105.4898,21.4062],[105.4902,21.4055],[105.4911,21.4058],[105.4914,21.4065],[105.4929,21.4062],[105.4933,21.4056],[105.495,21.4057],[105.4951,21.4064],[105.4932,21.4073],[105.496,21.4072],[105.4964,21.4076],[105.4969,21.4073],[105.4977,21.4083],[105.4996,21.4092],[105.5,21.4108],[105.501,21.4111],[105.5014,21.4119],[105.502,21.4119],[105.502,21.4128],[105.5012,21.4132],[105.5012,21.414],[105.5025,21.414],[105.5007,21.4143],[105.5005,21.4152],[105.5016,21.4163],[105.5011,21.4195],[105.4997,21.4192],[105.4981,21.4198],[105.4956,21.4211],[105.4922,21.4206],[105.4914,21.4224],[105.4892,21.421],[105.4887,21.4214],[105.4872,21.421],[105.4863,21.4215],[105.4863,21.4235],[105.4875,21.4242],[105.4853,21.4264],[105.486,21.4272],[105.486,21.4286],[105.4845,21.4298],[105.4837,21.4293],[105.4827,21.4297],[105.4819,21.4306],[105.4831,21.4309],[105.4818,21.4315],[105.4824,21.4327],[105.4814,21.4323],[105.4808,21.4329],[105.4814,21.4338],[105.4804,21.4342],[105.4801,21.436],[105.4815,21.4365],[105.4829,21.438],[105.4826,21.4395],[105.4832,21.4396],[105.483,21.4404],[105.4837,21.4408],[105.4824,21.441],[105.4826,21.4421],[105.4834,21.4443],[105.485,21.4455],[105.4846,21.4496],[105.484,21.4506],[105.4848,21.4538],[105.4841,21.4549],[105.4843,21.4561],[105.4824,21.4577],[105.4826,21.4588],[105.4813,21.4632],[105.4795,21.4638]]]},"properties":{"code":"08761","name":"Lập Thạch","nameEn":"Lap Thach","fullName":"Xã Lập Thạch","fullNameEn":"Lap Thach Commune","codeName":"lap_thach","postalCode":"15406","postalCodePrefix":"","gisServerId":"diaphanhanhchinhcapxa_2025.1609","areaKm2":39.1},"id":"08761"},
{"type":"Feature","geometry":{"type":"Polygon","coordinates":[[[105.5072,21.4895],[105.5056,21.4908],[105.5038,21.4893],[105.5024,21.49],[105.4983,21.4969],[105.4976,21.4993],[105.4954,21.4987],[105.4937,21.4973],[105.4926,21.4974],[105.4917,21.4984],[105.4894,21.4997],[105.4882,21.501],[105.4876,21.5027],[105.4898,21.5091],[105.4914,21.5106],[105.4925,21.5127],[105.4993,21.5169],[105.4993,21.5192],[105.4962,21.5231],[105.4971,21.5251],[105.4967,21.5269],[105.4928,21.5285],[105.4927,21.528],[105.4937,21.5271],[105.491,21.5228],[105.4909,21.5214],[105.4918,21.5203],[105.4878,21.5178],[105.4865,21.5182],[105.4853,21.5175],[105.4839,21.5184],[105.4822,21.518],[105.482,21.5193],[105.4798,21.5194],[105.4765,21.5221],[105.4758,21.5234],[105.4736,21.5239],[105.4734,21.5228],[105.4726,21.5219],[105.4732,21.5209],[105.4721,21.5196],[105.4662,21.5166],[105.465,21.5164],[105.4635,21.517],[105.4633,21.5186],[105.4626,21.5186],[105.4629,21.5176],[105.4614,21.5177],[105.4595,21.5188],[105.4584,21.519],[105.4559,21.516],[105.4565,21.5135],[105.4558,21.5112],[105.4512,21.5104],[105.45,21.5108],[105.4447,21.5092],[105.4427,21.5101],[105.4409,21.5099],[105.4396,21.5103],[105.4388,21.5093],[105.4374,21.5091],[105.4361,21.5078],[105.434,21.5073],[105.4336,21.5065],[105.4328,21.5068],[105.4315,21.5066],[105.4292,21.5056],[105.4271,21.5022],[105.4252,21.5014],[105.4233,21.4976],[105.4247,21.4956],[105.4264,21.495],[105.4257,21.4942],[105.4259,21.493],[105.4265,21.4926],[105.4267,21.4898],[105.4277,21.4886],[105.4292,21.4878],[105.4285,21.4863],[105.4284,21.4845],[105.4292,21.4815],[105.4297,21.4798],[105.4309,21.4787],[105.4306,21.4775],[105.4311,21.4746],[105.4326,21.473],[105.4365,21.471],[105.4372,21.469],[105.4451,21.4646],[105.4489,21.4639],[105.4515,21.4657],[105.4524,21.4654],[105.4548,21.4658],[105.4556,21.4666],[105.456,21.4682],[105.4575,21.4683],[105.4581,21.4669],[105.4597,21.4677],[105.4607,21.4674],[105.4611,21.4667],[105.4605,21.4659],[105.4611,21.4652],[105.4605,21.464],[105.4616,21.4635],[105.462,21.4579],[105.4657,21.4595],[105.4668,21.4589],[105.4687,21.4592],[105.4703,21.4588],[105.4706,21.4582],[105.4724,21.4588],[105.4731,21.4596],[105.4735,21.4589],[105.4774,21.4595],[105.4777,21.4617],[105.4795,21.4638],[105.4784,21.4649],[105.4787,21.4663],[105.4778,21.4683],[105.4753,21.4693],[105.4737,21.471],[105.4738,21.473],[105.4746,21.4746],[105.4741,21.4744],[105.4712,21.4757],[105.4693,21.4744],[105.4685,21.4749],[105.4676,21.4748],[105.4674,21.4741],[105.4669,21.4743],[105.4669,21.4761],[105.4654,21.4765],[105.4648,21.4761],[105.4639,21.4769],[105.4629,21.4767],[105.4628,21.4803],[105.4624,21.481],[105.4646,21.4848],[105.4665,21.484],[105.4673,21.4842],[105.4677,21.485],[105.4689,21.485],[105.4706,21.4834],[105.4772,21.4834],[105.4782,21.4843],[105.4792,21.4833],[105.4815,21.4825],[105.4818,21.4818],[105.4825,21.4825],[105.4839,21.483],[105.4846,21.4842],[105.4866,21.4824],[105.4894,21.4835],[105.4922,21.483],[105.4944,21.4835],[105.4957,21.4831],[105.4963,21.4834],[105.4964,21.4844],[105.4987,21.485],[105.4989,21.4866],[105.5005,21.4871],[105.5015,21.4883],[105.5017,21.4879],[105.5027,21.488],[105.5036,21.4887],[105.5047,21.4888],[105.5052,21.4895],[105.5072,21.4895]]]},"properties":{"code":"08770","name":"Hợp Lý","nameEn":"Hop Ly","fullName":"Xã Hợp Lý","fullNameEn":"Hop Ly Commune","codeName":"hop_ly","postalCode":"15414","postalCodePrefix":"","gisServerId":"diaphanhanhchinhcapxa_2025.1640","areaKm2":34.1},"id":"08770"},
{"type":"Feature","geometry":{"type":"Polygon","coordinates":[[[105.4233,21.4976],[105.4219,21.499],[105.4207,21.5019],[105.4194,21.5035],[105.4187,21.5078],[105.4144,21.5098],[105.4123,21.5128],[105.4109,21.5131],[105.4064,21.5117],[105.4029,21.5139],[105.4019,21.514],[105.4003,21.5135],[105.3969,21.5108],[105.39,21.5117],[105.3887,21.5129],[105.3881,21.5151],[105.3882,21.5167],[105.3868,21.5188],[105.3867,21.5198],[105.3826,21.5212],[105.3816,21.5227],[105.3769,21.5224],[105.3744,21.5247],[105.3713,21.5252],[105.368,21.5241],[105.3674,21.523],[105.3663,21.5227],[105.3653,21.5239],[105.3636,21.5224],[105.3632,21.5232],[105.3621,21.5221],[105.3617,21.5206],[105.3595,21.5202],[105.3586,21.519],[105.3574,21.519],[105.357,21.5196],[105.3531,21.518],[105.3483,21.5198],[105.3459,21.5189],[105.3435,21.519],[105.3431,21.5183],[105.3437,21.5181],[105.343,21.5169],[105.343,21.5154],[105.3418,21.5151],[105.3396,21.5128],[105.3382,21.5123],[105.3387,21.5112],[105.3385,21.5099],[105.3369,21.5089],[105.3372,21.5063],[105.3388,21.5042],[105.3409,21.5029],[105.3421,21.5014],[105.345,21.499],[105.3505,21.4957],[105.3517,21.4939],[105.355,21.4922],[105.3557,21.4923],[105.3572,21.491],[105.3618,21.4889],[105.3642,21.4863],[105.3671,21.4851],[105.3704,21.4826],[105.3716,21.4803],[105.3711,21.4781],[105.3724,21.4756],[105.3704,21.4735],[105.3694,21.4712],[105.369,21.4718],[105.3694,21.4729],[105.3682,21.472],[105.3668,21.4717],[105.368,21.4714],[105.3674,21.4703],[105.3674,21.4694],[105.3667,21.4688],[105.368,21.4683],[105.3686,21.4687],[105.3683,21.4696],[105.3691,21.4698],[105.369,21.4688],[105.3703,21.4691],[105.3683,21.4679],[105.37,21.4669],[105.3703,21.4654],[105.3732,21.4654],[105.3734,21.4639],[105.3748,21.464],[105.3757,21.4631],[105.376,21.4636],[105.3766,21.4633],[105.3759,21.4632],[105.377,21.4628],[105.377,21.4622],[105.3777,21.4627],[105.3782,21.4622],[105.377,21.4619],[105.3775,21.4609],[105.3781,21.4618],[105.3787,21.4615],[105.3787,21.4609],[105.3792,21.4612],[105.3794,21.4608],[105.3807,21.4607],[105.381,21.4623],[105.3815,21.4625],[105.3827,21.4619],[105.3839,21.4623],[105.3845,21.4615],[105.3851,21.462],[105.3856,21.4615],[105.3869,21.4616],[105.3873,21.4626],[105.3887,21.4614],[105.3896,21.4618],[105.3897,21.4625],[105.391,21.4627],[105.3916,21.4615],[105.3929,21.4619],[105.3935,21.4612],[105.3947,21.4617],[105.3957,21.4612],[105.3981,21.4617],[105.4004,21.4644],[105.4005,21.4662],[105.4011,21.4663],[105.3989,21.4703],[105.4054,21.4765],[105.4083,21.4786],[105.4084,21.4791],[105.41,21.4788],[105.4142,21.4798],[105.4187,21.4772],[105.4197,21.4771],[105.4215,21.4781],[105.4233,21.4783],[105.424,21.4802],[105.4248,21.4807],[105.4292,21.4815],[105.4284,21.4845],[105.4285,21.4863],[105.4292,21.4878],[105.4277,21.4886],[105.4267,21.4898],[105.4265,21.4926],[105.4259,21.493],[105.4257,21.4942],[105.4264,21.495],[105.4247,21.4956],[105.4233,21.4976]]]},"properties":{"code":"08773","name":"Yên Lãng","nameEn":"Yen Lang","fullName":"Xã Yên Lãng","fullNameEn":"Yen Lang Commune","codeName":"yen_lang","postalCode":"15524","postalCodePrefix":"","gisServerId":"diaphanhanhchinhcapxa_2025.1610","areaKm2":38.2},"id":"08773"},
{"type":"Feature","geometry":{"type":"Polygon","coordinates":[[[105.3388,21.5042],[105.3357,21.5048],[105.3338,21.5041],[105.3316,21.5042],[105.3287,21.5052],[105.3274,21.5071],[105.3251,21.5076],[105.3223,21.499],[105.3231,21.4935],[105.3315,21.4856],[105.3332,21.4832],[105.3345,21.4777],[105.334,21.4752],[105.3369,21.4675],[105.338,21.4608],[105.3417,21.4488],[105.3433,21.4419],[105.3435,21.4383],[105.3415,21.4286],[105.3411,21.4244],[105.3435,21.4193],[105.3484,21.4178],[105.3503,21.4176],[105.3532,21.4182],[105.3548,21.4202],[105.3567,21.424],[105.3607,21.4273],[105.3658,21.4301],[105.3737,21.4331],[105.3769,21.4338],[105.3802,21.4329],[105.3859,21.4295],[105.3916,21.4241],[105.3957,21.4293],[105.3992,21.4313],[105.3963,21.4308],[105.3956,21.433],[105.3972,21.433],[105.3974,21.4333],[105.3968,21.4338],[105.3977,21.434],[105.399,21.4352],[105.4003,21.4353],[105.4001,21.4358],[105.3998,21.4354],[105.3994,21.4357],[105.4001,21.4368],[105.3995,21.4372],[105.4005,21.4391],[105.4021,21.4404],[105.4036,21.4428],[105.4035,21.4438],[105.4024,21.4432],[105.402,21.4439],[105.4035,21.4439],[105.4034,21.4443],[105.4042,21.444],[105.404,21.4449],[105.4048,21.4453],[105.404,21.4457],[105.4039,21.4452],[105.4031,21.4452],[105.4014,21.4463],[105.401,21.4468],[105.4016,21.4473],[105.4014,21.4478],[105.4001,21.4474],[105.4003,21.4477],[105.3995,21.4477],[105.4009,21.4485],[105.4001,21.4491],[105.3996,21.4507],[105.3986,21.4512],[105.3994,21.4527],[105.3983,21.4529],[105.3981,21.4534],[105.3997,21.4538],[105.4,21.4553],[105.3992,21.4546],[105.3982,21.4553],[105.3984,21.4544],[105.3973,21.4541],[105.3962,21.4549],[105.3966,21.456],[105.3975,21.4552],[105.3972,21.4566],[105.3984,21.457],[105.3988,21.4577],[105.3978,21.458],[105.3977,21.4586],[105.3981,21.4591],[105.3978,21.4602],[105.3987,21.4612],[105.3981,21.4617],[105.3957,21.4612],[105.3947,21.4617],[105.3935,21.4612],[105.3929,21.4619],[105.3916,21.4615],[105.391,21.4627],[105.3897,21.4625],[105.3896,21.4618],[105.3887,21.4614],[105.3873,21.4626],[105.3869,21.4616],[105.3856,21.4615],[105.3851,21.462],[105.3845,21.4615],[105.3839,21.4623],[105.3827,21.4619],[105.3815,21.4625],[105.381,21.4623],[105.3807,21.4607],[105.3794,21.4608],[105.3792,21.4612],[105.3787,21.4609],[105.3787,21.4615],[105.3781,21.4618],[105.3775,21.4609],[105.377,21.4619],[105.3782,21.4622],[105.3777,21.4627],[105.377,21.4622],[105.377,21.4628],[105.3759,21.4632],[105.3766,21.4633],[105.376,21.4636],[105.3757,21.4631],[105.3748,21.464],[105.3734,21.4639],[105.3732,21.4654],[105.3703,21.4654],[105.37,21.4669],[105.3683,21.4679],[105.3703,21.4691],[105.369,21.4688],[105.3691,21.4698],[105.3683,21.4696],[105.3686,21.4687],[105.368,21.4683],[105.3667,21.4688],[105.3674,21.4694],[105.3674,21.4703],[105.368,21.4714],[105.3668,21.4717],[105.3682,21.472],[105.3694,21.4729],[105.369,21.4718],[105.3694,21.4712],[105.3704,21.4735],[105.3724,21.4756],[105.3711,21.4781],[105.3716,21.4803],[105.3704,21.4826],[105.3671,21.4851],[105.3642,21.4863],[105.3618,21.4889],[105.3572,21.491],[105.3557,21.4923],[105.355,21.4922],[105.3517,21.4939],[105.3505,21.4957],[105.345,21.499],[105.3421,21.5014],[105.3409,21.5029],[105.3388,21.5042]]]},"properties":{"code":"08782","name":"Hải Lựu","nameEn":"Hai Luu","fullName":"Xã Hải Lựu","fullNameEn":"Hai Luu Commune","codeName":"hai_luu","postalCode":"15512","postalCodePrefix":"","gisServerId":"diaphanhanhchinhcapxa_2025.1611","areaKm2":38.8},"id":"08782"},
{"type":"Feature","geometry":{"type":"Polygon","coordinates":[[[105.5185,21.4794],[105.5159,21.4856],[105.5153,21.49],[105.5113,21.4902],[105.5102,21.489],[105.5088,21.4888],[105.5077,21.4889],[105.5072,21.4895],[105.5052,21.4895],[105.5047,21.4888],[105.5036,21.4887],[105.5027,21.488],[105.5017,21.4879],[105.5015,21.4883],[105.5005,21.4871],[105.4989,21.4866],[105.4987,21.485],[105.4964,21.4844],[105.4963,21.4834],[105.4957,21.4831],[105.4944,21.4835],[105.4922,21.483],[105.4894,21.4835],[105.4866,21.4824],[105.4846,21.4842],[105.4839,21.483],[105.4825,21.4825],[105.4818,21.4818],[105.4815,21.4825],[105.4792,21.4833],[105.4782,21.4843],[105.4772,21.4834],[105.4706,21.4834],[105.4689,21.485],[105.4677,21.485],[105.4673,21.4842],[105.4665,21.484],[105.4646,21.4848],[105.4624,21.481],[105.4628,21.4803],[105.4629,21.4767],[105.4639,21.4769],[105.4648,21.4761],[105.4654,21.4765],[105.4669,21.4761],[105.4669,21.4743],[105.4674,21.4741],[105.4676,21.4748],[105.4685,21.4749],[105.4693,21.4744],[105.4712,21.4757],[105.4741,21.4744],[105.4746,21.4746],[105.4738,21.473],[105.4737,21.471],[105.4753,21.4693],[105.4778,21.4683],[105.4787,21.4663],[105.4784,21.4649],[105.4795,21.4638],[105.4813,21.4632],[105.4826,21.4588],[105.4824,21.4577],[105.4843,21.4561],[105.4841,21.4549],[105.4848,21.4538],[105.484,21.4506],[105.4846,21.4496],[105.485,21.4455],[105.4834,21.4443],[105.4826,21.4421],[105.4824,21.441],[105.4837,21.4408],[105.483,21.4404],[105.4832,21.4396],[105.4826,21.4395],[105.4829,21.438],[105.4815,21.4365],[105.4801,21.436],[105.4804,21.4342],[105.4814,21.4338],[105.4808,21.4329],[105.4814,21.4323],[105.4824,21.4327],[105.4818,21.4315],[105.4831,21.4309],[105.4819,21.4306],[105.4827,21.4297],[105.4837,21.4293],[105.4845,21.4298],[105.486,21.4286],[105.486,21.4272],[105.4853,21.4264],[105.4875,21.4242],[105.4863,21.4235],[105.4863,21.4215],[105.4872,21.421],[105.4887,21.4214],[105.4892,21.421],[105.4914,21.4224],[105.4922,21.4206],[105.4956,21.4211],[105.4981,21.4198],[105.4991,21.4204],[105.4992,21.4215],[105.5048,21.4236],[105.5051,21.4245],[105.5034,21.4344],[105.5019,21.4366],[105.5019,21.4394],[105.5009,21.4403],[105.5006,21.4414],[105.4987,21.4424],[105.4987,21.4431],[105.4997,21.4443],[105.4996,21.4456],[105.5009,21.4454],[105.502,21.4464],[105.5036,21.4467],[105.5061,21.4457],[105.5073,21.4457],[105.5115,21.4481],[105.5203,21.4487],[105.5203,21.4433],[105.5197,21.4433],[105.5197,21.4424],[105.5204,21.4421],[105.5204,21.441],[105.5211,21.4409],[105.5186,21.4381],[105.5186,21.4348],[105.5206,21.4359],[105.5231,21.4344],[105.5213,21.4329],[105.5221,21.4316],[105.5253,21.4337],[105.5285,21.4371],[105.5331,21.4403],[105.5339,21.4446],[105.5361,21.4471],[105.537,21.4499],[105.5305,21.4557],[105.5297,21.4596],[105.5264,21.4635],[105.5253,21.4675],[105.5214,21.4718],[105.5212,21.4767],[105.5185,21.4794]]]},"properties":{"code":"08788","name":"Thái Hoà","nameEn":"Thai Hoa","fullName":"Xã Thái Hoà","fullNameEn":"Thai Hoa Commune","codeName":"thai_hoa","postalCode":"15412","postalCodePrefix":"","gisServerId":"diaphanhanhchinhcapxa_2025.1612","areaKm2":29},"id":"08788"},
{"type":"Feature","geometry":{"type":"Polygon","coordinates":[[[105.5221,21.4316],[105.5213,21.4329],[105.5231,21.4344],[105.5206,21.4359],[105.5186,21.4348],[105.5186,21.4381],[105.5211,21.4409],[105.5204,21.441],[105.5204,21.4421],[105.5197,21.4424],[105.5197,21.4433],[105.5203,21.4433],[105.5203,21.4487],[105.5115,21.4481],[105.5073,21.4457],[105.5061,21.4457],[105.5036,21.4467],[105.502,21.4464],[105.5009,21.4454],[105.4996,21.4456],[105.4997,21.4443],[105.4987,21.4431],[105.4987,21.4424],[105.5006,21.4414],[105.5009,21.4403],[105.5019,21.4394],[105.5019,21.4366],[105.5034,21.4344],[105.5051,21.4245],[105.5048,21.4236],[105.4992,21.4215],[105.4991,21.4204],[105.4981,21.4198],[105.4997,21.4192],[105.5011,21.4195],[105.5016,21.4163],[105.5005,21.4152],[105.5007,21.4143],[105.5025,21.414],[105.5012,21.414],[105.5012,21.4132],[105.502,21.4128],[105.502,21.4119],[105.5014,21.4119],[105.501,21.4111],[105.5,21.4108],[105.4996,21.4092],[105.4977,21.4083],[105.4969,21.4073],[105.4964,21.4076],[105.496,21.4072],[105.4932,21.4073],[105.4951,21.4064],[105.495,21.4057],[105.4933,21.4056],[105.4929,21.4062],[105.4914,21.4065],[105.4911,21.4058],[105.4902,21.4055],[105.4898,21.4062],[105.4892,21.4064],[105.4898,21.4049],[105.4887,21.405],[105.4876,21.4042],[105.4888,21.4024],[105.489,21.401],[105.4888,21.4005],[105.4883,21.4005],[105.4882,21.3986],[105.487,21.3982],[105.4866,21.3987],[105.4863,21.3975],[105.4853,21.3974],[105.4845,21.3958],[105.4841,21.3962],[105.4837,21.3957],[105.4824,21.3956],[105.484,21.3922],[105.4851,21.3918],[105.4853,21.3908],[105.4861,21.3902],[105.4871,21.3901],[105.4878,21.3887],[105.4894,21.3891],[105.4897,21.388],[105.4907,21.3886],[105.4916,21.3881],[105.4938,21.3883],[105.494,21.3874],[105.4955,21.3863],[105.4978,21.386],[105.4981,21.3853],[105.5002,21.3847],[105.5018,21.3836],[105.5012,21.383],[105.5039,21.3816],[105.5054,21.3832],[105.5091,21.3822],[105.5131,21.3841],[105.5134,21.3833],[105.5144,21.3832],[105.5149,21.384],[105.5167,21.3839],[105.5176,21.383],[105.5189,21.3857],[105.5209,21.3878],[105.5215,21.3898],[105.5213,21.3908],[105.5188,21.3934],[105.5185,21.3963],[105.5205,21.3976],[105.5222,21.3997],[105.5269,21.402],[105.529,21.4045],[105.5288,21.4062],[105.527,21.406],[105.5264,21.4065],[105.5266,21.4086],[105.5248,21.4115],[105.5252,21.4141],[105.5236,21.4154],[105.5248,21.4176],[105.5241,21.4205],[105.5247,21.4225],[105.5228,21.4254],[105.5218,21.4285],[105.5216,21.4307],[105.5221,21.4316]]]},"properties":{"code":"08812","name":"Liên Hoà","nameEn":"Lien Hoa","fullName":"Xã Liên Hoà","fullNameEn":"Lien Hoa Commune","codeName":"lien_hoa","postalCode":"15409","postalCodePrefix":"","gisServerId":"diaphanhanhchinhcapxa_2025.1613","areaKm2":18.8},"id":"08812"},
{"type":"Feature","geometry":{"type":"Polygon","coordinates":[[[105.4326,21.473],[105.4311,21.4746],[105.4306,21.4775],[105.4309,21.4787],[105.4297,21.4798],[105.4292,21.4815],[105.4248,21.4807],[105.424,21.4802],[105.4233,21.4783],[105.4215,21.4781],[105.4197,21.4771],[105.4187,21.4772],[105.4142,21.4798],[105.41,21.4788],[105.4084,21.4791],[105.4083,21.4786],[105.4054,21.4765],[105.3989,21.4703],[105.4011,21.4663],[105.4005,21.4662],[105.4004,21.4644],[105.3981,21.4617],[105.3987,21.4612],[105.3978,21.4602],[105.3981,21.4591],[105.3977,21.4586],[105.3978,21.458],[105.3988,21.4577],[105.3984,21.457],[105.3972,21.4566],[105.3975,21.4552],[105.3966,21.456],[105.3962,21.4549],[105.3973,21.4541],[105.3984,21.4544],[105.3982,21.4553],[105.3992,21.4546],[105.4,21.4553],[105.3997,21.4538],[105.3981,21.4534],[105.3983,21.4529],[105.3994,21.4527],[105.3986,21.4512],[105.3996,21.4507],[105.4001,21.4491],[105.4009,21.4485],[105.3995,21.4477],[105.4003,21.4477],[105.4001,21.4474],[105.4014,21.4478],[105.4016,21.4473],[105.401,21.4468],[105.4014,21.4463],[105.4031,21.4452],[105.4039,21.4452],[105.404,21.4457],[105.4048,21.4453],[105.404,21.4449],[105.4042,21.444],[105.4034,21.4443],[105.4035,21.4439],[105.402,21.4439],[105.4024,21.4432],[105.4035,21.4438],[105.4036,21.4428],[105.4021,21.4404],[105.4005,21.4391],[105.3995,21.4372],[105.4001,21.4368],[105.3994,21.4357],[105.3998,21.4354],[105.4001,21.4358],[105.4003,21.4353],[105.399,21.4352],[105.3977,21.434],[105.3968,21.4338],[105.3974,21.4333],[105.3972,21.433],[105.3956,21.433],[105.3963,21.4308],[105.3992,21.4313],[105.3957,21.4293],[105.3916,21.4241],[105.3959,21.4181],[105.3982,21.4131],[105.3985,21.4076],[105.3978,21.4031],[105.4002,21.4022],[105.4004,21.4014],[105.3999,21.4014],[105.3994,21.4005],[105.4016,21.3998],[105.4016,21.3992],[105.4023,21.399],[105.4016,21.3981],[105.4028,21.3984],[105.4023,21.3974],[105.4032,21.3967],[105.4046,21.3965],[105.4045,21.3959],[105.4054,21.3955],[105.4057,21.3957],[105.4052,21.3963],[105.4058,21.3963],[105.4056,21.3967],[105.406,21.3971],[105.4101,21.3968],[105.4091,21.3979],[105.4091,21.3986],[105.4106,21.3998],[105.4114,21.3989],[105.4111,21.4001],[105.4129,21.4008],[105.4134,21.3997],[105.4149,21.3994],[105.4165,21.3981],[105.4172,21.3985],[105.4182,21.3979],[105.4192,21.3988],[105.4201,21.3988],[105.4199,21.3995],[105.4204,21.4002],[105.4221,21.4],[105.4222,21.4014],[105.4241,21.4026],[105.4245,21.4022],[105.425,21.4034],[105.4261,21.4034],[105.4275,21.4043],[105.4291,21.4026],[105.4302,21.4034],[105.4312,21.4028],[105.4327,21.4037],[105.4336,21.4067],[105.4349,21.4088],[105.4347,21.4098],[105.4341,21.4101],[105.4342,21.4115],[105.4351,21.4114],[105.4359,21.4124],[105.4367,21.4124],[105.4366,21.4132],[105.4377,21.4143],[105.4383,21.4142],[105.4383,21.4134],[105.4397,21.4138],[105.4406,21.4132],[105.4421,21.4139],[105.4424,21.4134],[105.4434,21.4134],[105.4445,21.4143],[105.4439,21.4126],[105.4444,21.4124],[105.4455,21.4131],[105.4461,21.4127],[105.4472,21.4131],[105.4467,21.4136],[105.4485,21.4138],[105.4491,21.4149],[105.4484,21.4158],[105.4509,21.4171],[105.4505,21.4176],[105.4525,21.4192],[105.4525,21.4201],[105.4512,21.4203],[105.4513,21.4214],[105.4494,21.423],[105.4488,21.4259],[105.4475,21.4272],[105.4438,21.4293],[105.442,21.4293],[105.4374,21.4317],[105.4347,21.4319],[105.4356,21.4328],[105.4358,21.4351],[105.4348,21.4365],[105.434,21.4397],[105.4331,21.4405],[105.4334,21.4407],[105.4327,21.4435],[105.4315,21.4446],[105.4318,21.4465],[105.4312,21.4505],[105.4289,21.4534],[105.426,21.4542],[105.4254,21.4566],[105.4254,21.4576],[105.4286,21.4611],[105.4287,21.4647],[105.4295,21.4661],[105.43,21.469],[105.4307,21.471],[105.4326,21.473]]]},"properties":{"code":"08824","name":"Tam Sơn","nameEn":"Tam Son","fullName":"Xã Tam Sơn","fullNameEn":"Tam Son Commune","codeName":"tam_son","postalCode":"15506","postalCodePrefix":"","gisServerId":"diaphanhanhchinhcapxa_2025.1614","areaKm2":33.1},"id":"08824"},
{"type":"Feature","geometry":{"type":"Polygon","coordinates":[[[105.4878,21.3887],[105.487,21.3833],[105.4871,21.3823],[105.4886,21.3807],[105.4878,21.3787],[105.4865,21.3797],[105.4853,21.3787],[105.4861,21.3769],[105.4823,21.3791],[105.4798,21.3813],[105.4767,21.3822],[105.4769,21.3847],[105.4756,21.3865],[105.4748,21.3865],[105.4742,21.3871],[105.4739,21.3887],[105.4718,21.3924],[105.4697,21.3943],[105.4674,21.3943],[105.4671,21.3935],[105.4659,21.3938],[105.4656,21.3935],[105.4627,21.3963],[105.4613,21.3967],[105.461,21.4002],[105.4592,21.3997],[105.4585,21.4003],[105.4549,21.3974],[105.4535,21.3969],[105.4532,21.3963],[105.4542,21.3958],[105.4526,21.3954],[105.4509,21.3919],[105.45,21.3924],[105.449,21.3914],[105.4488,21.3888],[105.4484,21.3883],[105.449,21.3864],[105.4485,21.3848],[105.4479,21.3843],[105.4474,21.3848],[105.4481,21.3853],[105.4469,21.3858],[105.4466,21.3854],[105.447,21.3849],[105.4444,21.3834],[105.4438,21.3837],[105.4437,21.3833],[105.4429,21.3832],[105.4434,21.3817],[105.4444,21.3815],[105.4444,21.3804],[105.444,21.3802],[105.4453,21.3792],[105.4477,21.3801],[105.4483,21.3809],[105.4486,21.3806],[105.4468,21.379],[105.4448,21.3788],[105.4451,21.3781],[105.4458,21.3779],[105.4473,21.3789],[105.448,21.3781],[105.4484,21.3802],[105.4491,21.3801],[105.4483,21.3777],[105.4494,21.3761],[105.449,21.3748],[105.45,21.3739],[105.4491,21.3719],[105.4473,21.3724],[105.4462,21.3714],[105.4454,21.3715],[105.4447,21.3706],[105.4446,21.3696],[105.4452,21.3678],[105.4445,21.3671],[105.4452,21.3661],[105.4438,21.3658],[105.4446,21.3648],[105.4453,21.3646],[105.4453,21.3612],[105.4464,21.3575],[105.4461,21.3565],[105.4465,21.3555],[105.4459,21.354],[105.4466,21.3535],[105.4474,21.3536],[105.4469,21.3551],[105.4487,21.3542],[105.4477,21.354],[105.4473,21.3523],[105.4455,21.3526],[105.4446,21.3506],[105.4449,21.3488],[105.4463,21.3471],[105.4475,21.3443],[105.4484,21.3446],[105.4485,21.3441],[105.4492,21.3444],[105.4491,21.3437],[105.448,21.3433],[105.4519,21.3423],[105.4518,21.3406],[105.4535,21.3405],[105.4551,21.3399],[105.4556,21.341],[105.455,21.343],[105.4567,21.3431],[105.4586,21.3445],[105.4584,21.346],[105.459,21.347],[105.4595,21.3471],[105.4601,21.3459],[105.4609,21.3463],[105.4607,21.3479],[105.4615,21.3481],[105.4618,21.3504],[105.4625,21.3508],[105.462,21.352],[105.4622,21.354],[105.4629,21.3541],[105.4644,21.3563],[105.465,21.356],[105.4647,21.355],[105.4661,21.3549],[105.4679,21.3541],[105.469,21.3556],[105.4692,21.3569],[105.4711,21.3569],[105.4726,21.3591],[105.4716,21.36],[105.4716,21.3611],[105.4719,21.3616],[105.4725,21.3609],[105.4726,21.3632],[105.4743,21.3612],[105.4726,21.357],[105.4739,21.3562],[105.4745,21.3548],[105.4758,21.3536],[105.4762,21.3543],[105.4775,21.3537],[105.4781,21.3541],[105.4795,21.3529],[105.4808,21.3532],[105.4818,21.3526],[105.4827,21.3529],[105.4831,21.3536],[105.4838,21.3532],[105.4841,21.3513],[105.4833,21.3498],[105.4834,21.348],[105.4848,21.3478],[105.4847,21.346],[105.4854,21.3465],[105.49,21.3426],[105.4925,21.3432],[105.4927,21.3424],[105.491,21.3409],[105.4933,21.3391],[105.4956,21.3379],[105.4982,21.338],[105.5016,21.3374],[105.5046,21.3384],[105.5071,21.3397],[105.5073,21.341],[105.5039,21.3439],[105.5013,21.3447],[105.4996,21.3446],[105.4996,21.347],[105.5007,21.3481],[105.5042,21.3476],[105.5083,21.3481],[105.5127,21.35],[105.5138,21.3515],[105.5145,21.3535],[105.5146,21.3563],[105.5097,21.3603],[105.5092,21.3622],[105.5097,21.363],[105.5107,21.3633],[105.5137,21.3619],[105.5146,21.3622],[105.5145,21.3646],[105.5179,21.3669],[105.5182,21.3728],[105.5174,21.3737],[105.5161,21.3737],[105.5134,21.3719],[105.5086,21.3699],[105.5079,21.3703],[105.508,21.3715],[105.5092,21.3751],[105.5108,21.3773],[105.5125,21.378],[105.5159,21.378],[105.5173,21.3784],[105.5177,21.3797],[105.5171,21.3823],[105.5176,21.383],[105.5167,21.3839],[105.5149,21.384],[105.5144,21.3832],[105.5134,21.3833],[105.5131,21.3841],[105.5091,21.3822],[105.5054,21.3832],[105.5039,21.3816],[105.5012,21.383],[105.5018,21.3836],[105.5002,21.3847],[105.4981,21.3853],[105.4978,21.386],[105.4955,21.3863],[105.494,21.3874],[105.4938,21.3883],[105.4916,21.3881],[105.4907,21.3886],[105.4897,21.388],[105.4894,21.3891],[105.4878,21.3887]]]},"properties":{"code":"08842","name":"Tiên Lữ","nameEn":"Tien Lu","fullName":"Xã Tiên Lữ","fullNameEn":"Tien Lu Commune","codeName":"tien_lu","postalCode":"15424","postalCodePrefix":"","gisServerId":"diaphanhanhchinhcapxa_2025.1616","areaKm2":31.8},"id":"08842"},
{"type":"Feature","geometry":{"type":"Polygon","coordinates":[[[105.4461,21.4127],[105.4455,21.4131],[105.4444,21.4124],[105.4439,21.4126],[105.4445,21.4143],[105.4434,21.4134],[105.4424,21.4134],[105.4421,21.4139],[105.4406,21.4132],[105.4397,21.4138],[105.4383,21.4134],[105.4383,21.4142],[105.4377,21.4143],[105.4366,21.4132],[105.4367,21.4124],[105.4359,21.4124],[105.4351,21.4114],[105.4342,21.4115],[105.4341,21.4101],[105.4347,21.4098],[105.4349,21.4088],[105.4336,21.4067],[105.4327,21.4037],[105.4312,21.4028],[105.4302,21.4034],[105.4291,21.4026],[105.4275,21.4043],[105.4261,21.4034],[105.425,21.4034],[105.4245,21.4022],[105.4241,21.4026],[105.4222,21.4014],[105.4221,21.4],[105.4204,21.4002],[105.4199,21.3995],[105.4201,21.3988],[105.4192,21.3988],[105.4182,21.3979],[105.4172,21.3985],[105.4165,21.3981],[105.4149,21.3994],[105.4134,21.3997],[105.4129,21.4008],[105.4111,21.4001],[105.4114,21.3989],[105.4106,21.3998],[105.4091,21.3986],[105.4091,21.3979],[105.4101,21.3968],[105.406,21.3971],[105.4056,21.3967],[105.4058,21.3963],[105.4052,21.3963],[105.4057,21.3957],[105.4054,21.3955],[105.4045,21.3959],[105.4046,21.3965],[105.4032,21.3967],[105.4023,21.3974],[105.4028,21.3984],[105.4016,21.3981],[105.4023,21.399],[105.4016,21.3992],[105.4016,21.3998],[105.3994,21.4005],[105.3999,21.4014],[105.4004,21.4014],[105.4002,21.4022],[105.3978,21.4031],[105.394,21.3949],[105.393,21.3906],[105.3926,21.3866],[105.3927,21.3766],[105.3918,21.3705],[105.3917,21.3658],[105.3945,21.3587],[105.4014,21.3499],[105.4065,21.3464],[105.4135,21.3426],[105.4265,21.3377],[105.4271,21.3397],[105.4264,21.3399],[105.4267,21.3407],[105.4259,21.3411],[105.4263,21.3422],[105.425,21.3426],[105.4252,21.343],[105.4246,21.3433],[105.4256,21.3464],[105.4251,21.3477],[105.4262,21.3489],[105.4253,21.3491],[105.4259,21.3495],[105.4252,21.3511],[105.4267,21.3522],[105.4289,21.3527],[105.429,21.354],[105.4308,21.3543],[105.4316,21.3549],[105.4289,21.3561],[105.4287,21.3582],[105.4292,21.3587],[105.4284,21.3589],[105.4278,21.3584],[105.4285,21.3569],[105.4268,21.358],[105.4259,21.3576],[105.4251,21.3587],[105.4291,21.3616],[105.4312,21.3615],[105.4326,21.3621],[105.4323,21.3614],[105.4328,21.3609],[105.4329,21.3597],[105.4309,21.361],[105.4299,21.3604],[105.4367,21.3582],[105.4376,21.3575],[105.4378,21.3579],[105.4394,21.3577],[105.441,21.3564],[105.4421,21.3566],[105.4427,21.3577],[105.4443,21.3589],[105.4434,21.3606],[105.4442,21.3593],[105.4446,21.36],[105.4441,21.3604],[105.445,21.3614],[105.4453,21.3612],[105.4453,21.3646],[105.4446,21.3648],[105.4438,21.3658],[105.4452,21.3661],[105.4445,21.3671],[105.4452,21.3678],[105.4446,21.3696],[105.4447,21.3706],[105.4454,21.3715],[105.4462,21.3714],[105.4473,21.3724],[105.4491,21.3719],[105.45,21.3739],[105.449,21.3748],[105.4494,21.3761],[105.4483,21.3777],[105.4491,21.3801],[105.4484,21.3802],[105.448,21.3781],[105.4473,21.3789],[105.4458,21.3779],[105.4451,21.3781],[105.4448,21.3788],[105.4468,21.379],[105.4486,21.3806],[105.4483,21.3809],[105.4477,21.3801],[105.4453,21.3792],[105.444,21.3802],[105.4444,21.3804],[105.4444,21.3815],[105.4434,21.3817],[105.4429,21.3832],[105.4437,21.3833],[105.4438,21.3837],[105.4444,21.3834],[105.447,21.3849],[105.4466,21.3854],[105.4469,21.3858],[105.4481,21.3853],[105.4474,21.3848],[105.4479,21.3843],[105.4485,21.3848],[105.449,21.3864],[105.4484,21.3883],[105.4488,21.3888],[105.449,21.3914],[105.45,21.3924],[105.4509,21.3919],[105.4526,21.3954],[105.4542,21.3958],[105.4532,21.3963],[105.4535,21.3969],[105.454,21.3983],[105.4536,21.4002],[105.4524,21.4029],[105.4518,21.4031],[105.4519,21.4043],[105.4503,21.4047],[105.4506,21.4059],[105.4499,21.4071],[105.4475,21.4086],[105.447,21.4106],[105.4475,21.4119],[105.4461,21.4127]]]},"properties":{"code":"08848","name":"Sông Lô","nameEn":"Song Lo","fullName":"Xã Sông Lô","fullNameEn":"Song Lo Commune","codeName":"song_lo","postalCode":"15523","postalCodePrefix":"","gisServerId":"diaphanhanhchinhcapxa_2025.1615","areaKm2":33.4},"id":"08848"},
{"type":"Feature","geometry":{"type":"Polygon","coordinates":[[[105.491,21.3409],[105.4927,21.3424],[105.4925,21.3432],[105.49,21.3426],[105.4854,21.3465],[105.4847,21.346],[105.4848,21.3478],[105.4834,21.348],[105.4833,21.3498],[105.4841,21.3513],[105.4838,21.3532],[105.4831,21.3536],[105.4827,21.3529],[105.4818,21.3526],[105.4808,21.3532],[105.4795,21.3529],[105.4781,21.3541],[105.4775,21.3537],[105.4762,21.3543],[105.4758,21.3536],[105.4745,21.3548],[105.4739,21.3562],[105.4726,21.357],[105.4743,21.3612],[105.4726,21.3632],[105.4725,21.3609],[105.4719,21.3616],[105.4716,21.3611],[105.4716,21.36],[105.4726,21.3591],[105.4711,21.3569],[105.4692,21.3569],[105.469,21.3556],[105.4679,21.3541],[105.4661,21.3549],[105.4647,21.355],[105.465,21.356],[105.4644,21.3563],[105.4629,21.3541],[105.4622,21.354],[105.462,21.352],[105.4625,21.3508],[105.4618,21.3504],[105.4615,21.3481],[105.4607,21.3479],[105.4609,21.3463],[105.4601,21.3459],[105.4595,21.3471],[105.459,21.347],[105.4584,21.346],[105.4586,21.3445],[105.4567,21.3431],[105.455,21.343],[105.4556,21.341],[105.4551,21.3399],[105.4535,21.3405],[105.4518,21.3406],[105.4519,21.3423],[105.448,21.3433],[105.4491,21.3437],[105.4492,21.3444],[105.4485,21.3441],[105.4484,21.3446],[105.4475,21.3443],[105.4463,21.3471],[105.4449,21.3488],[105.4446,21.3506],[105.4455,21.3526],[105.4473,21.3523],[105.4477,21.354],[105.4487,21.3542],[105.4469,21.3551],[105.4474,21.3536],[105.4466,21.3535],[105.4459,21.354],[105.4465,21.3555],[105.4461,21.3565],[105.4464,21.3575],[105.4453,21.3612],[105.445,21.3614],[105.4441,21.3604],[105.4446,21.36],[105.4442,21.3593],[105.4434,21.3606],[105.4443,21.3589],[105.4427,21.3577],[105.4421,21.3566],[105.441,21.3564],[105.4394,21.3577],[105.4378,21.3579],[105.4376,21.3575],[105.4367,21.3582],[105.4299,21.3604],[105.4309,21.361],[105.4329,21.3597],[105.4328,21.3609],[105.4323,21.3614],[105.4326,21.3621],[105.4312,21.3615],[105.4291,21.3616],[105.4251,21.3587],[105.4259,21.3576],[105.4268,21.358],[105.4285,21.3569],[105.4278,21.3584],[105.4284,21.3589],[105.4292,21.3587],[105.4287,21.3582],[105.4289,21.3561],[105.4316,21.3549],[105.4308,21.3543],[105.429,21.354],[105.4289,21.3527],[105.4267,21.3522],[105.4252,21.3511],[105.4259,21.3495],[105.4253,21.3491],[105.4262,21.3489],[105.4251,21.3477],[105.4256,21.3464],[105.4246,21.3433],[105.4252,21.343],[105.425,21.3426],[105.4263,21.3422],[105.4259,21.3411],[105.4267,21.3407],[105.4264,21.3399],[105.4271,21.3397],[105.4265,21.3377],[105.43,21.3363],[105.4361,21.3322],[105.4459,21.3238],[105.4496,21.3203],[105.4549,21.3142],[105.4563,21.3097],[105.4558,21.3052],[105.4547,21.3031],[105.4524,21.3005],[105.4493,21.2994],[105.4513,21.298],[105.4566,21.2995],[105.4584,21.2995],[105.4592,21.2984],[105.4581,21.2961],[105.4582,21.2951],[105.4591,21.2948],[105.4642,21.2951],[105.4657,21.2959],[105.4676,21.2981],[105.4681,21.3004],[105.4693,21.3007],[105.4699,21.3021],[105.4717,21.3029],[105.4735,21.3045],[105.4749,21.306],[105.4766,21.3066],[105.4771,21.3078],[105.4786,21.3078],[105.4783,21.3081],[105.4781,21.3089],[105.4807,21.3113],[105.4804,21.3126],[105.4825,21.3136],[105.4831,21.3146],[105.4814,21.318],[105.4821,21.3219],[105.4839,21.3233],[105.4884,21.3239],[105.4926,21.3256],[105.4921,21.3265],[105.4932,21.3274],[105.4923,21.3298],[105.4937,21.3302],[105.4936,21.3305],[105.4915,21.3338],[105.4886,21.334],[105.4881,21.3357],[105.4893,21.3412],[105.4901,21.3415],[105.491,21.3409]]]},"properties":{"code":"08866","name":"Sơn Đông","nameEn":"Son Dong","fullName":"Xã Sơn Đông","fullNameEn":"Son Dong Commune","codeName":"son_dong","postalCode":"15421","postalCodePrefix":"","gisServerId":"diaphanhanhchinhcapxa_2025.1617","areaKm2":26.7},"id":"08866"},
{"type":"Feature","geometry":{"type":"Polygon","coordinates":[[[105.5933,21.3988],[105.5924,21.4],[105.5911,21.4003],[105.5906,21.401],[105.5922,21.4008],[105.5926,21.4016],[105.5911,21.4033],[105.5909,21.4044],[105.5882,21.4034],[105.5867,21.4016],[105.5857,21.405],[105.5842,21.4043],[105.5836,21.4046],[105.583,21.4043],[105.5816,21.4036],[105.5818,21.403],[105.5786,21.4023],[105.5784,21.4008],[105.5777,21.4002],[105.5728,21.3992],[105.5714,21.3969],[105.5709,21.3968],[105.5713,21.3974],[105.5703,21.3979],[105.5687,21.3983],[105.5691,21.3997],[105.5674,21.4001],[105.5669,21.4],[105.5669,21.3988],[105.5649,21.3993],[105.5636,21.3985],[105.5631,21.3994],[105.5624,21.3986],[105.5616,21.3985],[105.5605,21.3996],[105.56,21.3996],[105.5602,21.3984],[105.5593,21.3983],[105.5593,21.3977],[105.5588,21.3974],[105.5594,21.3968],[105.5568,21.3956],[105.5551,21.3978],[105.5546,21.3963],[105.5497,21.3967],[105.5493,21.399],[105.5483,21.3989],[105.5481,21.3998],[105.5472,21.3999],[105.5472,21.4006],[105.5455,21.4012],[105.5429,21.3996],[105.5419,21.4009],[105.5386,21.4029],[105.5384,21.4019],[105.5371,21.4032],[105.5355,21.4024],[105.5347,21.4035],[105.5337,21.403],[105.5324,21.4024],[105.5325,21.4009],[105.5316,21.3991],[105.5288,21.3971],[105.5283,21.3958],[105.5249,21.391],[105.5252,21.3906],[105.5277,21.3905],[105.5276,21.3868],[105.5283,21.3851],[105.5275,21.3821],[105.5281,21.3815],[105.5293,21.3813],[105.529,21.3804],[105.5297,21.3783],[105.5327,21.3759],[105.5343,21.376],[105.5347,21.372],[105.5366,21.3713],[105.5373,21.369],[105.5386,21.368],[105.538,21.3656],[105.5385,21.3635],[105.5376,21.3623],[105.5398,21.3619],[105.541,21.3629],[105.5415,21.3607],[105.5424,21.36],[105.5421,21.3588],[105.5433,21.3581],[105.5443,21.3561],[105.546,21.3549],[105.5471,21.3524],[105.5466,21.3513],[105.548,21.3504],[105.5494,21.3472],[105.5502,21.3476],[105.551,21.3474],[105.551,21.3446],[105.5535,21.344],[105.5544,21.3426],[105.5558,21.3429],[105.5584,21.3413],[105.5579,21.3405],[105.5588,21.3398],[105.5582,21.339],[105.5588,21.3374],[105.5614,21.3399],[105.5619,21.3393],[105.5627,21.3394],[105.5619,21.3415],[105.564,21.3425],[105.5632,21.3446],[105.5639,21.3447],[105.5667,21.3472],[105.5676,21.3469],[105.5681,21.3478],[105.57,21.3487],[105.5711,21.35],[105.5724,21.3504],[105.5725,21.3524],[105.575,21.3537],[105.5756,21.3547],[105.5766,21.3538],[105.577,21.3541],[105.5824,21.3519],[105.5859,21.3535],[105.5869,21.355],[105.5887,21.3521],[105.5919,21.3517],[105.5933,21.352],[105.5935,21.3501],[105.5951,21.3492],[105.595,21.347],[105.5938,21.3447],[105.5928,21.3447],[105.5934,21.3433],[105.5942,21.3429],[105.5958,21.3434],[105.5959,21.3439],[105.5975,21.3452],[105.5978,21.3443],[105.5995,21.3441],[105.6027,21.344],[105.6055,21.3449],[105.6043,21.3432],[105.6044,21.341],[105.6092,21.3411],[105.61,21.3413],[105.6108,21.3432],[105.6126,21.3431],[105.6124,21.3442],[105.6138,21.3452],[105.6158,21.3443],[105.6164,21.3448],[105.6175,21.3446],[105.6168,21.346],[105.6154,21.3473],[105.6142,21.3476],[105.6118,21.3506],[105.6109,21.3527],[105.6111,21.3533],[105.6121,21.3534],[105.6121,21.353],[105.6135,21.3527],[105.6159,21.3527],[105.6174,21.3517],[105.6188,21.3519],[105.621,21.3489],[105.6226,21.3483],[105.6235,21.3491],[105.623,21.3517],[105.6235,21.3524],[105.6223,21.3542],[105.6221,21.3566],[105.6208,21.3578],[105.6193,21.3582],[105.6182,21.3602],[105.6161,21.3616],[105.6156,21.3622],[105.616,21.3642],[105.6147,21.3656],[105.6133,21.3659],[105.6131,21.3654],[105.6121,21.3655],[105.6128,21.3669],[105.6125,21.368],[105.6141,21.3688],[105.6134,21.3713],[105.6121,21.3718],[105.6102,21.3736],[105.6095,21.373],[105.6079,21.3729],[105.6056,21.3735],[105.6055,21.3745],[105.6049,21.375],[105.6048,21.3767],[105.6041,21.3777],[105.605,21.3791],[105.6064,21.38],[105.6064,21.3805],[105.6054,21.3803],[105.6049,21.3809],[105.6046,21.3806],[105.6034,21.3823],[105.601,21.3836],[105.6013,21.3843],[105.6004,21.3837],[105.5999,21.384],[105.5998,21.3848],[105.5988,21.386],[105.5978,21.3861],[105.5977,21.3877],[105.595,21.3906],[105.5957,21.391],[105.5957,21.3915],[105.5943,21.3931],[105.5954,21.3936],[105.5959,21.3947],[105.5941,21.3958],[105.5932,21.3974],[105.5927,21.3975],[105.5933,21.3988]]]},"properties":{"code":"08869","name":"Tam Dương","nameEn":"Tam Duong","fullName":"Xã Tam Dương","fullNameEn":"Tam Duong Commune","codeName":"tam_duong","postalCode":"15219","postalCodePrefix":"","gisServerId":"diaphanhanhchinhcapxa_2025.1618","areaKm2":44.3},"id":"08869"},
{"type":"Feature","geometry":{"type":"Polygon","coordinates":[[[105.6463,21.4639],[105.6456,21.4649],[105.6452,21.4686],[105.644,21.4704],[105.6416,21.4724],[105.6383,21.4739],[105.6367,21.4741],[105.6311,21.4791],[105.6289,21.4772],[105.6259,21.4734],[105.6218,21.4719],[105.6195,21.4698],[105.6171,21.4688],[105.6165,21.4661],[105.6155,21.4655],[105.6147,21.4629],[105.6132,21.4623],[105.61,21.4591],[105.61,21.4569],[105.6067,21.4536],[105.606,21.4514],[105.6039,21.4499],[105.6008,21.4488],[105.5982,21.4427],[105.5958,21.4403],[105.5935,21.4414],[105.59,21.442],[105.5897,21.443],[105.5876,21.4445],[105.5866,21.4442],[105.5862,21.4431],[105.5827,21.4429],[105.5813,21.4419],[105.5812,21.4427],[105.5807,21.4429],[105.5786,21.4415],[105.5781,21.4422],[105.5784,21.4435],[105.5777,21.4442],[105.5758,21.4426],[105.5728,21.4413],[105.5696,21.4431],[105.5677,21.4432],[105.5661,21.4427],[105.565,21.4398],[105.5634,21.4385],[105.5635,21.437],[105.5629,21.437],[105.5618,21.4339],[105.5598,21.4336],[105.559,21.4314],[105.5575,21.4326],[105.5566,21.4321],[105.555,21.4324],[105.5547,21.4315],[105.5528,21.431],[105.5523,21.4313],[105.5523,21.4324],[105.5517,21.4326],[105.5497,21.4321],[105.5483,21.431],[105.5468,21.4309],[105.5461,21.4313],[105.5462,21.4323],[105.5482,21.432],[105.5518,21.4333],[105.553,21.4354],[105.5516,21.4373],[105.5501,21.437],[105.5497,21.4376],[105.5492,21.4375],[105.549,21.4382],[105.5466,21.4377],[105.5481,21.4402],[105.5487,21.4402],[105.5488,21.4409],[105.5468,21.4428],[105.5454,21.4459],[105.5441,21.4455],[105.542,21.446],[105.5405,21.4451],[105.5388,21.4455],[105.5369,21.4442],[105.535,21.4449],[105.5339,21.4446],[105.5331,21.4403],[105.5285,21.4371],[105.5253,21.4337],[105.5221,21.4316],[105.5216,21.4307],[105.5218,21.4285],[105.5228,21.4254],[105.5247,21.4225],[105.5241,21.4205],[105.5248,21.4176],[105.5236,21.4154],[105.5252,21.4141],[105.5248,21.4115],[105.5266,21.4086],[105.5264,21.4065],[105.527,21.406],[105.5288,21.4062],[105.529,21.4045],[105.5308,21.4039],[105.5309,21.4032],[105.5329,21.4041],[105.5337,21.403],[105.5347,21.4035],[105.5355,21.4024],[105.5371,21.4032],[105.5384,21.4019],[105.5386,21.4029],[105.5419,21.4009],[105.5429,21.3996],[105.5455,21.4012],[105.5472,21.4006],[105.5472,21.3999],[105.5481,21.3998],[105.5483,21.3989],[105.5493,21.399],[105.5497,21.3967],[105.5546,21.3963],[105.5551,21.3978],[105.5568,21.3956],[105.5594,21.3968],[105.5588,21.3974],[105.5593,21.3977],[105.5593,21.3983],[105.5602,21.3984],[105.56,21.3996],[105.5605,21.3996],[105.5616,21.3985],[105.5624,21.3986],[105.5631,21.3994],[105.5636,21.3985],[105.5649,21.3993],[105.5669,21.3988],[105.5669,21.4],[105.5674,21.4001],[105.5691,21.3997],[105.5687,21.3983],[105.5703,21.3979],[105.5713,21.3974],[105.5709,21.3968],[105.5714,21.3969],[105.5728,21.3992],[105.5777,21.4002],[105.5784,21.4008],[105.5786,21.4023],[105.5818,21.403],[105.5816,21.4036],[105.583,21.4043],[105.5836,21.4046],[105.5842,21.4043],[105.5857,21.405],[105.5867,21.4016],[105.5882,21.4034],[105.5909,21.4044],[105.5911,21.4033],[105.5926,21.4016],[105.5922,21.4008],[105.5906,21.401],[105.5911,21.4003],[105.5924,21.4],[105.5933,21.3988],[105.5935,21.3994],[105.5947,21.3994],[105.5949,21.4001],[105.5944,21.4003],[105.5959,21.4017],[105.5962,21.4016],[105.5967,21.4021],[105.5963,21.4025],[105.5975,21.4033],[105.5974,21.4039],[105.5998,21.4043],[105.5999,21.4069],[105.5992,21.4084],[105.6003,21.41],[105.6013,21.4103],[105.6001,21.4141],[105.5996,21.4139],[105.5996,21.4144],[105.5987,21.4137],[105.5983,21.4141],[105.5984,21.4152],[105.5968,21.4173],[105.596,21.4171],[105.5953,21.4187],[105.5949,21.4185],[105.5946,21.4191],[105.5931,21.4185],[105.5931,21.419],[105.5958,21.4206],[105.5961,21.4217],[105.598,21.4221],[105.597,21.4228],[105.5977,21.424],[105.598,21.4237],[105.5992,21.4243],[105.5997,21.4255],[105.6007,21.4253],[105.6035,21.4272],[105.6037,21.4291],[105.6067,21.4298],[105.6067,21.4303],[105.6075,21.4306],[105.612,21.4378],[105.6151,21.4394],[105.6145,21.4417],[105.6165,21.4423],[105.6174,21.4436],[105.6189,21.4447],[105.6221,21.4452],[105.6239,21.4461],[105.6259,21.448],[105.6281,21.4486],[105.6307,21.4506],[105.6341,21.4508],[105.6352,21.453],[105.6385,21.4555],[105.6406,21.4567],[105.642,21.4566],[105.6429,21.4596],[105.6442,21.4617],[105.6463,21.4639]]]},"properties":{"code":"08872","name":"Tam Dương Bắc","nameEn":"Tam Duong Bac","fullName":"Xã Tam Dương Bắc","fullNameEn":"Tam Duong Bac Commune","codeName":"tam_duong_bac","postalCode":"15221","postalCodePrefix":"","gisServerId":"diaphanhanhchinhcapxa_2025.1619","areaKm2":45.8},"id":"08872"},
{"type":"Feature","geometry":{"type":"Polygon","coordinates":[[[105.5337,21.403],[105.5329,21.4041],[105.5309,21.4032],[105.5308,21.4039],[105.529,21.4045],[105.5269,21.402],[105.5222,21.3997],[105.5205,21.3976],[105.5185,21.3963],[105.5188,21.3934],[105.5213,21.3908],[105.5215,21.3898],[105.5209,21.3878],[105.5189,21.3857],[105.5176,21.383],[105.5171,21.3823],[105.5177,21.3797],[105.5173,21.3784],[105.5159,21.378],[105.5125,21.378],[105.5108,21.3773],[105.5092,21.3751],[105.508,21.3715],[105.5079,21.3703],[105.5086,21.3699],[105.5134,21.3719],[105.5161,21.3737],[105.5174,21.3737],[105.5182,21.3728],[105.5179,21.3669],[105.5145,21.3646],[105.5146,21.3622],[105.5137,21.3619],[105.5107,21.3633],[105.5097,21.363],[105.5092,21.3622],[105.5097,21.3603],[105.5146,21.3563],[105.5145,21.3535],[105.5138,21.3515],[105.5127,21.35],[105.5083,21.3481],[105.5042,21.3476],[105.5007,21.3481],[105.4996,21.347],[105.4996,21.3446],[105.5013,21.3447],[105.5039,21.3439],[105.5073,21.341],[105.5071,21.3397],[105.5046,21.3384],[105.5048,21.338],[105.5027,21.3361],[105.5023,21.3338],[105.5041,21.3322],[105.5068,21.3325],[105.5078,21.3312],[105.5089,21.3316],[105.5098,21.3308],[105.511,21.3308],[105.512,21.3302],[105.5123,21.3279],[105.5117,21.3267],[105.5107,21.3263],[105.5105,21.3254],[105.5114,21.3236],[105.5113,21.3224],[105.5128,21.3214],[105.5131,21.3224],[105.5136,21.3225],[105.5136,21.321],[105.5142,21.3202],[105.5147,21.3179],[105.5162,21.3181],[105.5158,21.3193],[105.5165,21.319],[105.5176,21.3194],[105.5183,21.3185],[105.5199,21.318],[105.5199,21.3171],[105.5205,21.3171],[105.5213,21.318],[105.5213,21.3198],[105.5248,21.3181],[105.5261,21.3197],[105.5267,21.3197],[105.5282,21.3182],[105.5293,21.3192],[105.5307,21.3194],[105.5307,21.3179],[105.5322,21.3184],[105.5331,21.3176],[105.5336,21.3179],[105.5358,21.3169],[105.5369,21.3188],[105.536,21.3194],[105.5368,21.3211],[105.5359,21.3215],[105.5376,21.3246],[105.5371,21.3249],[105.5399,21.329],[105.5386,21.3298],[105.5381,21.3318],[105.5387,21.3322],[105.5384,21.3328],[105.5394,21.3332],[105.5391,21.3339],[105.5398,21.3345],[105.5368,21.3381],[105.5375,21.3389],[105.538,21.3385],[105.5385,21.339],[105.5381,21.3406],[105.5388,21.3413],[105.5362,21.3432],[105.5364,21.3439],[105.5346,21.3447],[105.5358,21.3461],[105.5348,21.3508],[105.5333,21.3516],[105.5325,21.3538],[105.5374,21.355],[105.5366,21.3585],[105.5381,21.3587],[105.5359,21.3594],[105.5355,21.3604],[105.5361,21.3611],[105.5371,21.3611],[105.5368,21.3605],[105.5389,21.3598],[105.5424,21.36],[105.5415,21.3607],[105.541,21.3629],[105.5398,21.3619],[105.5376,21.3623],[105.5385,21.3635],[105.538,21.3656],[105.5386,21.368],[105.5373,21.369],[105.5366,21.3713],[105.5347,21.372],[105.5343,21.376],[105.5327,21.3759],[105.5297,21.3783],[105.529,21.3804],[105.5293,21.3813],[105.5281,21.3815],[105.5275,21.3821],[105.5283,21.3851],[105.5276,21.3868],[105.5277,21.3905],[105.5252,21.3906],[105.5249,21.391],[105.5283,21.3958],[105.5288,21.3971],[105.5316,21.3991],[105.5325,21.4009],[105.5324,21.4024],[105.5337,21.403]]]},"properties":{"code":"08896","name":"Hoàng An","nameEn":"Hoang An","fullName":"Xã Hoàng An","fullNameEn":"Hoang An Commune","codeName":"hoang_an","postalCode":"15220","postalCodePrefix":"","gisServerId":"diaphanhanhchinhcapxa_2025.1621","areaKm2":20.8},"id":"08896"},
{"type":"Feature","geometry":{"type":"Polygon","coordinates":[[[105.5424,21.36],[105.5389,21.3598],[105.5368,21.3605],[105.5371,21.3611],[105.5361,21.3611],[105.5355,21.3604],[105.5359,21.3594],[105.5381,21.3587],[105.5366,21.3585],[105.5374,21.355],[105.5325,21.3538],[105.5333,21.3516],[105.5348,21.3508],[105.5358,21.3461],[105.5346,21.3447],[105.5364,21.3439],[105.5362,21.3432],[105.5388,21.3413],[105.5381,21.3406],[105.5385,21.339],[105.538,21.3385],[105.5375,21.3389],[105.5368,21.3381],[105.5398,21.3345],[105.5391,21.3339],[105.5394,21.3332],[105.5384,21.3328],[105.5387,21.3322],[105.5381,21.3318],[105.5386,21.3298],[105.5399,21.329],[105.5371,21.3249],[105.5376,21.3246],[105.5359,21.3215],[105.5368,21.3211],[105.536,21.3194],[105.5369,21.3188],[105.5358,21.3169],[105.5351,21.315],[105.5359,21.3145],[105.537,21.3156],[105.5391,21.3144],[105.5388,21.314],[105.5392,21.3137],[105.5335,21.309],[105.5371,21.3046],[105.5361,21.3019],[105.534,21.3009],[105.5363,21.2982],[105.5334,21.2972],[105.5337,21.2959],[105.5317,21.2953],[105.533,21.29],[105.5321,21.2897],[105.532,21.2877],[105.5324,21.2872],[105.5328,21.2874],[105.535,21.2851],[105.5359,21.2851],[105.5354,21.2838],[105.5368,21.283],[105.5371,21.2833],[105.538,21.283],[105.5384,21.2839],[105.5392,21.2838],[105.5392,21.2832],[105.5407,21.2829],[105.5403,21.2821],[105.5416,21.2821],[105.5416,21.2813],[105.5444,21.2813],[105.5442,21.2805],[105.5465,21.2784],[105.5473,21.2788],[105.5473,21.2792],[105.5491,21.2791],[105.55,21.2773],[105.5501,21.2755],[105.5518,21.2752],[105.5518,21.2744],[105.553,21.2745],[105.5534,21.2752],[105.5542,21.2796],[105.5491,21.2899],[105.5533,21.2938],[105.5503,21.2969],[105.5533,21.2991],[105.5512,21.3013],[105.5497,21.3014],[105.5505,21.3046],[105.5523,21.3038],[105.5526,21.3047],[105.5547,21.3065],[105.5536,21.3073],[105.5571,21.3094],[105.5592,21.3055],[105.5672,21.3102],[105.562,21.3145],[105.5597,21.3186],[105.5549,21.3174],[105.5554,21.3201],[105.5598,21.3216],[105.5604,21.3188],[105.5675,21.321],[105.5656,21.3268],[105.5696,21.3276],[105.5703,21.326],[105.5713,21.3267],[105.5718,21.3281],[105.5725,21.3284],[105.5731,21.3273],[105.5777,21.3291],[105.5783,21.331],[105.5805,21.333],[105.5838,21.3328],[105.5869,21.3345],[105.5897,21.338],[105.5897,21.339],[105.5934,21.3433],[105.5928,21.3447],[105.5938,21.3447],[105.595,21.347],[105.5951,21.3492],[105.5935,21.3501],[105.5933,21.352],[105.5919,21.3517],[105.5887,21.3521],[105.5869,21.355],[105.5859,21.3535],[105.5824,21.3519],[105.577,21.3541],[105.5766,21.3538],[105.5756,21.3547],[105.575,21.3537],[105.5725,21.3524],[105.5724,21.3504],[105.5711,21.35],[105.57,21.3487],[105.5681,21.3478],[105.5676,21.3469],[105.5667,21.3472],[105.5639,21.3447],[105.5632,21.3446],[105.564,21.3425],[105.5619,21.3415],[105.5627,21.3394],[105.5619,21.3393],[105.5614,21.3399],[105.5588,21.3374],[105.5582,21.339],[105.5588,21.3398],[105.5579,21.3405],[105.5584,21.3413],[105.5558,21.3429],[105.5544,21.3426],[105.5535,21.344],[105.551,21.3446],[105.551,21.3474],[105.5502,21.3476],[105.5494,21.3472],[105.548,21.3504],[105.5466,21.3513],[105.5471,21.3524],[105.546,21.3549],[105.5443,21.3561],[105.5433,21.3581],[105.5421,21.3588],[105.5424,21.36]]]},"properties":{"code":"08905","name":"Hội Thịnh","nameEn":"Hoi Thinh","fullName":"Xã Hội Thịnh","fullNameEn":"Hoi Thinh Commune","codeName":"hoi_thinh","postalCode":"15214","postalCodePrefix":"","gisServerId":"diaphanhanhchinhcapxa_2025.1620","areaKm2":25.1},"id":"08905"},
{"type":"Feature","geometry":{"type":"Polygon","coordinates":[[[105.6873,21.4424],[105.6869,21.4441],[105.6827,21.4484],[105.6784,21.4557],[105.6754,21.4579],[105.6745,21.4582],[105.6716,21.4578],[105.6691,21.4582],[105.6663,21.4603],[105.6606,21.4595],[105.6519,21.4575],[105.6495,21.4611],[105.6463,21.4639],[105.6442,21.4617],[105.6429,21.4596],[105.642,21.4566],[105.6406,21.4567],[105.6385,21.4555],[105.6352,21.453],[105.6341,21.4508],[105.6307,21.4506],[105.6281,21.4486],[105.6259,21.448],[105.6239,21.4461],[105.6221,21.4452],[105.6189,21.4447],[105.6174,21.4436],[105.6165,21.4423],[105.6145,21.4417],[105.6151,21.4394],[105.612,21.4378],[105.6075,21.4306],[105.6067,21.4303],[105.6067,21.4298],[105.6037,21.4291],[105.6035,21.4272],[105.6007,21.4253],[105.5997,21.4255],[105.5992,21.4243],[105.598,21.4237],[105.5977,21.424],[105.597,21.4228],[105.598,21.4221],[105.5961,21.4217],[105.5958,21.4206],[105.5931,21.419],[105.5931,21.4185],[105.5946,21.4191],[105.5949,21.4185],[105.5953,21.4187],[105.596,21.4171],[105.5968,21.4173],[105.5984,21.4152],[105.5983,21.4141],[105.5987,21.4137],[105.5996,21.4144],[105.5996,21.4139],[105.6001,21.4141],[105.6013,21.4103],[105.6003,21.41],[105.5992,21.4084],[105.5999,21.4069],[105.5998,21.4043],[105.5974,21.4039],[105.5975,21.4033],[105.5963,21.4025],[105.5967,21.4021],[105.5962,21.4016],[105.5959,21.4017],[105.5944,21.4003],[105.5949,21.4001],[105.5947,21.3994],[105.5935,21.3994],[105.5933,21.3988],[105.5927,21.3975],[105.5932,21.3974],[105.5941,21.3958],[105.5959,21.3947],[105.5954,21.3936],[105.5943,21.3931],[105.5957,21.3915],[105.5957,21.391],[105.595,21.3906],[105.5977,21.3877],[105.5978,21.3861],[105.5988,21.386],[105.5998,21.3848],[105.5999,21.384],[105.6004,21.3837],[105.6013,21.3843],[105.601,21.3836],[105.6034,21.3823],[105.6046,21.3806],[105.6049,21.3809],[105.6054,21.3803],[105.6064,21.3805],[105.6064,21.38],[105.605,21.3791],[105.6041,21.3777],[105.6048,21.3767],[105.6049,21.375],[105.6055,21.3745],[105.6056,21.3735],[105.6079,21.3729],[105.6095,21.373],[105.6102,21.3736],[105.6121,21.3718],[105.6134,21.3713],[105.6141,21.3688],[105.6125,21.368],[105.6128,21.3669],[105.6121,21.3655],[105.6131,21.3654],[105.6133,21.3659],[105.6147,21.3656],[105.616,21.3642],[105.6156,21.3622],[105.6161,21.3616],[105.6219,21.3604],[105.6218,21.3628],[105.6212,21.3634],[105.6209,21.3648],[105.6224,21.3692],[105.6223,21.3705],[105.6196,21.3756],[105.6216,21.377],[105.6191,21.3786],[105.6191,21.3798],[105.6184,21.3804],[105.6194,21.3804],[105.6208,21.3833],[105.6229,21.3856],[105.6229,21.3864],[105.6238,21.385],[105.6245,21.3852],[105.6274,21.3843],[105.6289,21.3845],[105.6293,21.381],[105.6314,21.3789],[105.6296,21.3769],[105.63,21.376],[105.6291,21.3751],[105.6298,21.3737],[105.6287,21.3725],[105.6303,21.3708],[105.6299,21.3671],[105.6294,21.3669],[105.6298,21.3663],[105.6283,21.3658],[105.6283,21.3646],[105.6294,21.3646],[105.631,21.3632],[105.6318,21.3633],[105.6315,21.3623],[105.6338,21.3619],[105.6345,21.3611],[105.6365,21.3611],[105.6375,21.3597],[105.6385,21.3596],[105.6383,21.3523],[105.6407,21.3521],[105.642,21.3508],[105.6438,21.3512],[105.6435,21.3486],[105.6439,21.348],[105.6455,21.3492],[105.6457,21.3442],[105.6475,21.3432],[105.6479,21.3445],[105.6504,21.3453],[105.6505,21.3469],[105.6514,21.3475],[105.6533,21.3471],[105.6551,21.3478],[105.6553,21.3473],[105.6584,21.3486],[105.6601,21.3533],[105.6593,21.358],[105.6605,21.3599],[105.6598,21.3605],[105.6608,21.3614],[105.6615,21.3614],[105.6613,21.3635],[105.6625,21.3659],[105.6655,21.3675],[105.6683,21.3679],[105.6685,21.3693],[105.6698,21.37],[105.6694,21.372],[105.6707,21.3732],[105.6709,21.3745],[105.6718,21.376],[105.6727,21.3764],[105.6717,21.3802],[105.6691,21.3839],[105.6687,21.3868],[105.6694,21.3883],[105.6693,21.3894],[105.6706,21.3907],[105.674,21.3918],[105.6746,21.3965],[105.6738,21.3991],[105.6768,21.4033],[105.6791,21.4085],[105.6802,21.4093],[105.6813,21.4113],[105.6811,21.4142],[105.6821,21.4172],[105.6837,21.4202],[105.6863,21.423],[105.6864,21.4263],[105.688,21.4321],[105.6856,21.4361],[105.6855,21.4386],[105.6874,21.4406],[105.6873,21.4424]]]},"properties":{"code":"08911","name":"Tam Đảo","nameEn":"Tam Dao","fullName":"Xã Tam Đảo","fullNameEn":"Tam Dao Commune","codeName":"tam_dao","postalCode":"15313","postalCodePrefix":"","gisServerId":"diaphanhanhchinhcapxa_2025.1622","areaKm2":79.2},"id":"08911"},
{"type":"Feature","geometry":{"type":"Polygon","coordinates":[[[105.6179,21.4996],[105.618,21.5019],[105.6165,21.5037],[105.6115,21.506],[105.611,21.5085],[105.6115,21.5127],[105.6068,21.5172],[105.6067,21.5199],[105.6074,21.5227],[105.6072,21.5243],[105.604,21.5291],[105.6012,21.5304],[105.6009,21.5315],[105.5993,21.5326],[105.598,21.5327],[105.5973,21.5337],[105.595,21.5336],[105.5936,21.5342],[105.588,21.5338],[105.5834,21.5354],[105.5837,21.54],[105.5806,21.5411],[105.5723,21.5509],[105.5701,21.5526],[105.5679,21.5533],[105.5667,21.5547],[105.566,21.5569],[105.5632,21.5587],[105.5629,21.5604],[105.5615,21.5625],[105.5599,21.5671],[105.5583,21.5701],[105.5526,21.5738],[105.5495,21.5728],[105.5443,21.5733],[105.5424,21.574],[105.54,21.5715],[105.5389,21.57],[105.5392,21.5679],[105.5378,21.5649],[105.5341,21.5625],[105.5298,21.5568],[105.5293,21.5521],[105.5278,21.5475],[105.5268,21.5454],[105.5254,21.5448],[105.5236,21.541],[105.5231,21.5375],[105.5219,21.5352],[105.5202,21.5339],[105.5179,21.5335],[105.5166,21.5339],[105.5138,21.5365],[105.5114,21.5368],[105.511,21.5364],[105.5107,21.5342],[105.5098,21.533],[105.5057,21.5308],[105.5051,21.5276],[105.5027,21.5274],[105.5024,21.5281],[105.5014,21.528],[105.5004,21.5274],[105.5007,21.5261],[105.4971,21.5251],[105.4962,21.5231],[105.4993,21.5192],[105.4993,21.5169],[105.4925,21.5127],[105.4914,21.5106],[105.4898,21.5091],[105.4876,21.5027],[105.4882,21.501],[105.4894,21.4997],[105.4917,21.4984],[105.4926,21.4974],[105.4937,21.4973],[105.4954,21.4987],[105.4976,21.4993],[105.4983,21.4969],[105.5024,21.49],[105.5038,21.4893],[105.5056,21.4908],[105.5072,21.4895],[105.5077,21.4889],[105.5088,21.4888],[105.5102,21.489],[105.5113,21.4902],[105.5153,21.49],[105.5159,21.4856],[105.5185,21.4794],[105.5191,21.4803],[105.5213,21.4804],[105.5215,21.4812],[105.5223,21.4812],[105.5227,21.4818],[105.5236,21.4809],[105.5244,21.4814],[105.526,21.4813],[105.5259,21.4844],[105.5273,21.4861],[105.5264,21.4887],[105.5281,21.4913],[105.5281,21.493],[105.5287,21.4941],[105.5296,21.4937],[105.53,21.4931],[105.5295,21.493],[105.5322,21.4906],[105.5375,21.4834],[105.5451,21.4765],[105.5454,21.4753],[105.5475,21.4733],[105.5505,21.4677],[105.5516,21.4687],[105.555,21.4696],[105.5542,21.4699],[105.5541,21.471],[105.556,21.4705],[105.5599,21.4722],[105.5625,21.4723],[105.5622,21.4738],[105.5631,21.4749],[105.5647,21.4759],[105.565,21.4774],[105.566,21.4787],[105.5653,21.4787],[105.565,21.4793],[105.5675,21.4811],[105.5696,21.4813],[105.5714,21.4797],[105.5846,21.4789],[105.585,21.4795],[105.5884,21.4806],[105.59,21.4829],[105.5939,21.486],[105.5949,21.4885],[105.5975,21.489],[105.6005,21.4889],[105.6008,21.491],[105.6081,21.4954],[105.608,21.4971],[105.6179,21.4996]]]},"properties":{"code":"08914","name":"Đạo Trù","nameEn":"Dao Tru","fullName":"Xã Đạo Trù","fullNameEn":"Dao Tru Commune","codeName":"dao_tru","postalCode":"15309","postalCodePrefix":"","gisServerId":"diaphanhanhchinhcapxa_2025.1623","areaKm2":83.8},"id":"08914"},
{"type":"Feature","geometry":{"type":"Polygon","coordinates":[[[105.6311,21.4791],[105.6311,21.4818],[105.6321,21.4852],[105.6333,21.4862],[105.6328,21.4882],[105.635,21.4931],[105.6338,21.4935],[105.6285,21.4967],[105.6242,21.4972],[105.6223,21.4994],[105.6194,21.4987],[105.6179,21.4996],[105.608,21.4971],[105.6081,21.4954],[105.6008,21.491],[105.6005,21.4889],[105.5975,21.489],[105.5949,21.4885],[105.5939,21.486],[105.59,21.4829],[105.5884,21.4806],[105.585,21.4795],[105.5846,21.4789],[105.5714,21.4797],[105.5696,21.4813],[105.5675,21.4811],[105.565,21.4793],[105.5653,21.4787],[105.566,21.4787],[105.565,21.4774],[105.5647,21.4759],[105.5631,21.4749],[105.5622,21.4738],[105.5625,21.4723],[105.5599,21.4722],[105.556,21.4705],[105.5541,21.471],[105.5542,21.4699],[105.555,21.4696],[105.5516,21.4687],[105.5505,21.4677],[105.5475,21.4733],[105.5454,21.4753],[105.5451,21.4765],[105.5375,21.4834],[105.5322,21.4906],[105.5295,21.493],[105.53,21.4931],[105.5296,21.4937],[105.5287,21.4941],[105.5281,21.493],[105.5281,21.4913],[105.5264,21.4887],[105.5273,21.4861],[105.5259,21.4844],[105.526,21.4813],[105.5244,21.4814],[105.5236,21.4809],[105.5227,21.4818],[105.5223,21.4812],[105.5215,21.4812],[105.5213,21.4804],[105.5191,21.4803],[105.5185,21.4794],[105.5212,21.4767],[105.5214,21.4718],[105.5253,21.4675],[105.5264,21.4635],[105.5297,21.4596],[105.5305,21.4557],[105.537,21.4499],[105.5361,21.4471],[105.5339,21.4446],[105.535,21.4449],[105.5369,21.4442],[105.5388,21.4455],[105.5405,21.4451],[105.542,21.446],[105.5441,21.4455],[105.5454,21.4459],[105.5468,21.4428],[105.5488,21.4409],[105.5487,21.4402],[105.5481,21.4402],[105.5466,21.4377],[105.549,21.4382],[105.5492,21.4375],[105.5497,21.4376],[105.5501,21.437],[105.5516,21.4373],[105.553,21.4354],[105.5518,21.4333],[105.5482,21.432],[105.5462,21.4323],[105.5461,21.4313],[105.5468,21.4309],[105.5483,21.431],[105.5497,21.4321],[105.5517,21.4326],[105.5523,21.4324],[105.5523,21.4313],[105.5528,21.431],[105.5547,21.4315],[105.555,21.4324],[105.5566,21.4321],[105.5575,21.4326],[105.559,21.4314],[105.5598,21.4336],[105.5618,21.4339],[105.5629,21.437],[105.5635,21.437],[105.5634,21.4385],[105.565,21.4398],[105.5661,21.4427],[105.5677,21.4432],[105.5696,21.4431],[105.5728,21.4413],[105.5758,21.4426],[105.5777,21.4442],[105.5784,21.4435],[105.5781,21.4422],[105.5786,21.4415],[105.5807,21.4429],[105.5812,21.4427],[105.5813,21.4419],[105.5827,21.4429],[105.5862,21.4431],[105.5866,21.4442],[105.5876,21.4445],[105.5897,21.443],[105.59,21.442],[105.5935,21.4414],[105.5958,21.4403],[105.5982,21.4427],[105.6008,21.4488],[105.6039,21.4499],[105.606,21.4514],[105.6067,21.4536],[105.61,21.4569],[105.61,21.4591],[105.6132,21.4623],[105.6147,21.4629],[105.6155,21.4655],[105.6165,21.4661],[105.6171,21.4688],[105.6195,21.4698],[105.6218,21.4719],[105.6259,21.4734],[105.6289,21.4772],[105.6311,21.4791]]]},"properties":{"code":"08923","name":"Đại Đình","nameEn":"Dai Dinh","fullName":"Xã Đại Đình","fullNameEn":"Dai Dinh Commune","codeName":"dai_dinh","postalCode":"15308","postalCodePrefix":"","gisServerId":"diaphanhanhchinhcapxa_2025.1624","areaKm2":44},"id":"08923"},
{"type":"Feature","geometry":{"type":"Polygon","coordinates":[[[105.6685,21.3078],[105.6678,21.3066],[105.6653,21.3059],[105.6648,21.3068],[105.6634,21.3061],[105.6601,21.3082],[105.6569,21.3071],[105.6559,21.3058],[105.6575,21.3049],[105.6566,21.3015],[105.6569,21.2998],[105.6437,21.3002],[105.641,21.3006],[105.6398,21.3013],[105.6375,21.2975],[105.6357,21.2962],[105.6345,21.2955],[105.6338,21.2961],[105.6334,21.2957],[105.6329,21.296],[105.6319,21.2946],[105.6307,21.2942],[105.6303,21.2953],[105.6276,21.2946],[105.628,21.2926],[105.6271,21.2922],[105.6275,21.2911],[105.6266,21.2907],[105.627,21.2898],[105.6226,21.2881],[105.6231,21.2868],[105.6222,21.2865],[105.6228,21.2851],[105.6237,21.2855],[105.6241,21.2846],[105.625,21.2818],[105.6246,21.2806],[105.6249,21.2779],[105.6258,21.2764],[105.6244,21.2763],[105.6227,21.2753],[105.6244,21.275],[105.6269,21.2732],[105.6292,21.2728],[105.6314,21.2703],[105.6329,21.2697],[105.6333,21.2701],[105.6352,21.2689],[105.6356,21.2689],[105.6354,21.2694],[105.6361,21.27],[105.6374,21.2693],[105.6377,21.2678],[105.6407,21.267],[105.6407,21.2665],[105.6399,21.2661],[105.6373,21.2674],[105.6364,21.2673],[105.6367,21.2641],[105.6375,21.2635],[105.6403,21.2644],[105.6414,21.2639],[105.6404,21.2612],[105.6422,21.261],[105.6424,21.2603],[105.6437,21.2597],[105.6441,21.2588],[105.6463,21.2578],[105.6486,21.2523],[105.6482,21.2513],[105.6494,21.2498],[105.6501,21.2496],[105.6518,21.2522],[105.6546,21.2497],[105.6615,21.2535],[105.6611,21.2546],[105.6616,21.2547],[105.6639,21.2541],[105.664,21.2536],[105.6631,21.2535],[105.6635,21.2528],[105.6646,21.2531],[105.6649,21.2537],[105.6656,21.2533],[105.6656,21.2528],[105.667,21.2532],[105.6686,21.2527],[105.6681,21.2537],[105.6668,21.2537],[105.6674,21.2544],[105.6665,21.2551],[105.6671,21.2561],[105.671,21.2549],[105.6716,21.2568],[105.6779,21.2551],[105.6784,21.2567],[105.6814,21.2567],[105.6813,21.2548],[105.685,21.2547],[105.6856,21.254],[105.686,21.2557],[105.6869,21.2562],[105.687,21.2571],[105.6884,21.2582],[105.6896,21.2611],[105.6906,21.2622],[105.6916,21.2621],[105.694,21.2607],[105.7018,21.2616],[105.7023,21.262],[105.7022,21.2632],[105.7013,21.2629],[105.7013,21.2622],[105.7008,21.2621],[105.6989,21.2632],[105.6984,21.2628],[105.6968,21.265],[105.6959,21.2649],[105.6956,21.2665],[105.694,21.2662],[105.6931,21.2669],[105.6928,21.2678],[105.6946,21.2688],[105.6939,21.2699],[105.694,21.2711],[105.6924,21.2718],[105.6921,21.2739],[105.6908,21.2733],[105.691,21.2742],[105.6893,21.2754],[105.6871,21.279],[105.6872,21.2814],[105.6862,21.2835],[105.6852,21.2838],[105.6835,21.2835],[105.6832,21.2838],[105.6841,21.2855],[105.6838,21.2872],[105.6846,21.2886],[105.6826,21.29],[105.6815,21.2896],[105.6812,21.29],[105.6806,21.2915],[105.6814,21.2924],[105.6808,21.2936],[105.6801,21.2937],[105.6798,21.2931],[105.6781,21.2951],[105.6783,21.2963],[105.6779,21.2962],[105.6775,21.2968],[105.6778,21.2984],[105.6772,21.3006],[105.6732,21.2968],[105.6735,21.2966],[105.6729,21.2952],[105.6709,21.295],[105.6709,21.2959],[105.6729,21.2967],[105.6725,21.2972],[105.6723,21.3002],[105.6716,21.3017],[105.674,21.3031],[105.6747,21.3049],[105.6741,21.3054],[105.6731,21.3047],[105.6729,21.3058],[105.6713,21.3059],[105.6715,21.3078],[105.6699,21.3081],[105.6685,21.3078]]]},"properties":{"code":"08935","name":"Bình Nguyên","nameEn":"Binh Nguyen","fullName":"Xã Bình Nguyên","fullNameEn":"Binh Nguyen Commune","codeName":"binh_nguyen","postalCode":"15820","postalCodePrefix":"","gisServerId":"diaphanhanhchinhcapxa_2025.1627","areaKm2":30.6},"id":"08935"},
{"type":"Feature","geometry":{"type":"Polygon","coordinates":[[[105.7261,21.4116],[105.7222,21.4138],[105.721,21.4162],[105.7224,21.4176],[105.7239,21.4207],[105.7246,21.4257],[105.7253,21.4271],[105.7254,21.4282],[105.7245,21.4309],[105.7245,21.433],[105.72,21.4325],[105.7156,21.4301],[105.7133,21.4303],[105.7113,21.4314],[105.71,21.4329],[105.7098,21.4339],[105.7073,21.4352],[105.7061,21.4397],[105.7038,21.4409],[105.6983,21.4386],[105.6919,21.4407],[105.6893,21.4424],[105.6873,21.4424],[105.6874,21.4406],[105.6855,21.4386],[105.6856,21.4361],[105.688,21.4321],[105.6864,21.4263],[105.6863,21.423],[105.6837,21.4202],[105.6821,21.4172],[105.6811,21.4142],[105.6813,21.4113],[105.6802,21.4093],[105.6791,21.4085],[105.6768,21.4033],[105.6738,21.3991],[105.6746,21.3965],[105.674,21.3918],[105.6706,21.3907],[105.6693,21.3894],[105.6694,21.3883],[105.6687,21.3868],[105.6691,21.3839],[105.6717,21.3802],[105.6727,21.3764],[105.6718,21.376],[105.6709,21.3745],[105.6707,21.3732],[105.6694,21.372],[105.6698,21.37],[105.6685,21.3693],[105.6683,21.3679],[105.6655,21.3675],[105.6625,21.3659],[105.6613,21.3635],[105.6615,21.3614],[105.6608,21.3614],[105.6598,21.3605],[105.6605,21.3599],[105.6593,21.358],[105.6601,21.3533],[105.6584,21.3486],[105.6654,21.3506],[105.6687,21.3494],[105.6712,21.3499],[105.6712,21.3484],[105.6729,21.3461],[105.6735,21.3455],[105.6747,21.3455],[105.6747,21.3447],[105.6779,21.3445],[105.6794,21.3439],[105.6825,21.3396],[105.6849,21.3374],[105.6828,21.3374],[105.6788,21.3353],[105.6804,21.3313],[105.6785,21.33],[105.6797,21.328],[105.6781,21.3249],[105.6769,21.3249],[105.6723,21.3212],[105.6723,21.3186],[105.6739,21.3167],[105.6731,21.3165],[105.6721,21.3179],[105.6713,21.318],[105.6694,21.316],[105.6691,21.314],[105.6676,21.3116],[105.6678,21.3109],[105.6693,21.31],[105.6683,21.3083],[105.6685,21.3078],[105.6699,21.3081],[105.6715,21.3078],[105.6713,21.3059],[105.6729,21.3058],[105.6731,21.3047],[105.6741,21.3054],[105.6747,21.3049],[105.674,21.3031],[105.6716,21.3017],[105.6723,21.3002],[105.6725,21.2972],[105.6729,21.2967],[105.6709,21.2959],[105.6709,21.295],[105.6729,21.2952],[105.6735,21.2966],[105.6732,21.2968],[105.6772,21.3006],[105.6778,21.2984],[105.6775,21.2968],[105.6779,21.2962],[105.6783,21.2963],[105.6781,21.2951],[105.6798,21.2931],[105.6801,21.2937],[105.6808,21.2936],[105.6814,21.2924],[105.6806,21.2915],[105.6812,21.29],[105.6815,21.2896],[105.6826,21.29],[105.6846,21.2886],[105.6838,21.2872],[105.6841,21.2855],[105.6876,21.2873],[105.6891,21.2889],[105.6873,21.2916],[105.6835,21.2925],[105.6843,21.2943],[105.6877,21.2967],[105.6872,21.2991],[105.6885,21.2995],[105.6895,21.2982],[105.6917,21.2975],[105.692,21.2969],[105.6953,21.2971],[105.696,21.2982],[105.6935,21.3007],[105.6937,21.3016],[105.6951,21.3029],[105.6966,21.3014],[105.6973,21.3019],[105.6977,21.3031],[105.6971,21.3062],[105.6994,21.3086],[105.6988,21.3097],[105.6991,21.3104],[105.7027,21.3104],[105.7013,21.3122],[105.7016,21.3145],[105.6992,21.3166],[105.7003,21.3182],[105.7023,21.3181],[105.7028,21.3194],[105.7018,21.3213],[105.6999,21.3203],[105.6986,21.3211],[105.6976,21.3207],[105.6977,21.3221],[105.6991,21.3233],[105.6977,21.3245],[105.6982,21.3261],[105.7001,21.3271],[105.6996,21.3289],[105.7018,21.3305],[105.7013,21.3318],[105.7027,21.3336],[105.7022,21.3356],[105.7033,21.3354],[105.7066,21.3374],[105.7053,21.3386],[105.7044,21.3385],[105.704,21.3392],[105.7047,21.3408],[105.7059,21.3411],[105.7069,21.3425],[105.7063,21.3432],[105.7063,21.3458],[105.7049,21.3471],[105.7039,21.3465],[105.7032,21.3485],[105.7043,21.349],[105.7048,21.3484],[105.7051,21.3487],[105.7044,21.3494],[105.7034,21.3493],[105.7048,21.3522],[105.7042,21.3526],[105.7046,21.3538],[105.7042,21.355],[105.7073,21.3575],[105.7123,21.3598],[105.7103,21.3621],[105.7115,21.3666],[105.7107,21.3668],[105.711,21.368],[105.7101,21.3694],[105.7109,21.3705],[105.7093,21.3732],[105.7109,21.3766],[105.712,21.3764],[105.7113,21.3786],[105.713,21.3792],[105.7123,21.3798],[105.7129,21.3835],[105.7115,21.3842],[105.7114,21.3848],[105.7116,21.3861],[105.7129,21.3864],[105.7126,21.3886],[105.713,21.3904],[105.7147,21.3905],[105.714,21.392],[105.7149,21.3924],[105.714,21.3943],[105.7149,21.394],[105.7154,21.3944],[105.7161,21.3939],[105.7167,21.3942],[105.7153,21.397],[105.7157,21.3974],[105.7153,21.398],[105.7155,21.3985],[105.7145,21.3996],[105.7145,21.4009],[105.7156,21.4016],[105.7154,21.4022],[105.7162,21.4023],[105.717,21.4033],[105.7178,21.403],[105.7203,21.4039],[105.7208,21.4046],[105.7206,21.4061],[105.7227,21.4068],[105.7241,21.4085],[105.7255,21.4093],[105.7261,21.4116]]]},"properties":{"code":"08944","name":"Bình Tuyền","nameEn":"Binh Tuyen","fullName":"Xã Bình Tuyền","fullNameEn":"Binh Tuyen Commune","codeName":"binh_tuyen","postalCode":"15822","postalCodePrefix":"","gisServerId":"diaphanhanhchinhcapxa_2025.1626","areaKm2":58.5},"id":"08944"},
{"type":"Feature","geometry":{"type":"Polygon","coordinates":[[[105.6584,21.3486],[105.6553,21.3473],[105.6551,21.3478],[105.6533,21.3471],[105.6514,21.3475],[105.6505,21.3469],[105.6504,21.3453],[105.6479,21.3445],[105.6475,21.3432],[105.6457,21.3442],[105.6455,21.3492],[105.6439,21.348],[105.6435,21.3486],[105.6438,21.3512],[105.642,21.3508],[105.6407,21.3521],[105.6383,21.3523],[105.6385,21.3596],[105.6375,21.3597],[105.6365,21.3611],[105.6345,21.3611],[105.6338,21.3619],[105.6315,21.3623],[105.6318,21.3633],[105.631,21.3632],[105.6294,21.3646],[105.6283,21.3646],[105.6283,21.3658],[105.6298,21.3663],[105.6294,21.3669],[105.6299,21.3671],[105.6303,21.3708],[105.6287,21.3725],[105.6298,21.3737],[105.6291,21.3751],[105.63,21.376],[105.6296,21.3769],[105.6314,21.3789],[105.6293,21.381],[105.6289,21.3845],[105.6274,21.3843],[105.6245,21.3852],[105.6238,21.385],[105.6229,21.3864],[105.6229,21.3856],[105.6208,21.3833],[105.6194,21.3804],[105.6184,21.3804],[105.6191,21.3798],[105.6191,21.3786],[105.6216,21.377],[105.6196,21.3756],[105.6223,21.3705],[105.6224,21.3692],[105.6209,21.3648],[105.6212,21.3634],[105.6218,21.3628],[105.6219,21.3604],[105.6161,21.3616],[105.6182,21.3602],[105.6193,21.3582],[105.6208,21.3578],[105.6221,21.3566],[105.6223,21.3542],[105.6235,21.3524],[105.623,21.3517],[105.6235,21.3491],[105.6226,21.3483],[105.621,21.3489],[105.6188,21.3519],[105.6174,21.3517],[105.6159,21.3527],[105.6135,21.3527],[105.6121,21.353],[105.6121,21.3534],[105.6111,21.3533],[105.6109,21.3527],[105.6118,21.3506],[105.6142,21.3476],[105.6154,21.3473],[105.6168,21.346],[105.6175,21.3446],[105.6202,21.3402],[105.6206,21.3369],[105.6232,21.3349],[105.6224,21.333],[105.6249,21.3313],[105.6265,21.3285],[105.6264,21.3269],[105.6277,21.3248],[105.6297,21.3238],[105.633,21.3236],[105.6341,21.3227],[105.6354,21.3224],[105.6359,21.3228],[105.6359,21.3211],[105.6366,21.3202],[105.6363,21.3193],[105.6341,21.3201],[105.6342,21.3196],[105.632,21.3174],[105.6346,21.3145],[105.6361,21.3088],[105.6373,21.3077],[105.6398,21.3037],[105.6393,21.3018],[105.6398,21.3017],[105.6398,21.3013],[105.641,21.3006],[105.6437,21.3002],[105.6569,21.2998],[105.6566,21.3015],[105.6575,21.3049],[105.6559,21.3058],[105.6569,21.3071],[105.6601,21.3082],[105.6634,21.3061],[105.6648,21.3068],[105.6653,21.3059],[105.6678,21.3066],[105.6685,21.3078],[105.6683,21.3083],[105.6693,21.31],[105.6678,21.3109],[105.6676,21.3116],[105.6691,21.314],[105.6694,21.316],[105.6713,21.318],[105.6721,21.3179],[105.6731,21.3165],[105.6739,21.3167],[105.6723,21.3186],[105.6723,21.3212],[105.6769,21.3249],[105.6781,21.3249],[105.6797,21.328],[105.6785,21.33],[105.6804,21.3313],[105.6788,21.3353],[105.6828,21.3374],[105.6849,21.3374],[105.6825,21.3396],[105.6794,21.3439],[105.6779,21.3445],[105.6747,21.3447],[105.6747,21.3455],[105.6735,21.3455],[105.6729,21.3461],[105.6712,21.3484],[105.6712,21.3499],[105.6687,21.3494],[105.6654,21.3506],[105.6584,21.3486]]]},"properties":{"code":"08950","name":"Bình Xuyên","nameEn":"Binh Xuyen","fullName":"Xã Bình Xuyên","fullNameEn":"Binh Xuyen Commune","codeName":"binh_xuyen","postalCode":"15819","postalCodePrefix":"","gisServerId":"diaphanhanhchinhcapxa_2025.1625","areaKm2":29.5},"id":"08950"},
{"type":"Feature","geometry":{"type":"Polygon","coordinates":[[[105.6227,21.2753],[105.6199,21.276],[105.6194,21.2742],[105.6214,21.2731],[105.6212,21.272],[105.6176,21.2705],[105.6171,21.2692],[105.6176,21.2681],[105.6171,21.2674],[105.6151,21.2674],[105.6136,21.2657],[105.6133,21.2662],[105.613,21.2657],[105.6126,21.266],[105.6144,21.264],[105.6142,21.2625],[105.6131,21.2619],[105.6123,21.2629],[105.6114,21.2629],[105.6093,21.26],[105.6088,21.2567],[105.6076,21.2575],[105.6068,21.2558],[105.6073,21.2555],[105.6051,21.2547],[105.6075,21.2515],[105.6076,21.2498],[105.6026,21.2443],[105.6045,21.239],[105.6011,21.2276],[105.6057,21.2262],[105.6108,21.2237],[105.6146,21.2282],[105.6208,21.2323],[105.6302,21.234],[105.631,21.2311],[105.6316,21.2313],[105.6325,21.2294],[105.6351,21.2277],[105.6364,21.2259],[105.6344,21.2241],[105.6333,21.225],[105.6295,21.2246],[105.6294,21.2214],[105.6326,21.2203],[105.6322,21.2187],[105.6345,21.2185],[105.6341,21.2173],[105.6358,21.2164],[105.6359,21.2173],[105.6373,21.218],[105.6398,21.2176],[105.6417,21.2165],[105.645,21.2155],[105.6533,21.2178],[105.6584,21.2205],[105.6591,21.2231],[105.6547,21.2275],[105.6539,21.2276],[105.6526,21.2262],[105.6515,21.2259],[105.6494,21.227],[105.6462,21.2268],[105.6452,21.2273],[105.6443,21.2325],[105.6445,21.2342],[105.6477,21.2366],[105.65,21.2375],[105.6527,21.238],[105.656,21.2351],[105.6597,21.2347],[105.6628,21.2355],[105.6644,21.2368],[105.6661,21.2392],[105.6671,21.2394],[105.6686,21.2361],[105.6688,21.2332],[105.6703,21.2328],[105.6716,21.2331],[105.6723,21.2338],[105.6734,21.2361],[105.6742,21.2365],[105.6748,21.236],[105.6754,21.2341],[105.6714,21.2304],[105.6764,21.227],[105.679,21.2288],[105.6806,21.2337],[105.6815,21.2347],[105.6833,21.2354],[105.6855,21.2354],[105.6881,21.2346],[105.6888,21.2339],[105.691,21.2347],[105.692,21.2335],[105.6942,21.236],[105.6943,21.2372],[105.6931,21.2381],[105.6872,21.2396],[105.6822,21.2402],[105.6813,21.2408],[105.6805,21.2425],[105.6812,21.2439],[105.6827,21.2442],[105.6853,21.2472],[105.6852,21.2482],[105.6865,21.2493],[105.6856,21.254],[105.685,21.2547],[105.6813,21.2548],[105.6814,21.2567],[105.6784,21.2567],[105.6779,21.2551],[105.6716,21.2568],[105.671,21.2549],[105.6671,21.2561],[105.6665,21.2551],[105.6674,21.2544],[105.6668,21.2537],[105.6681,21.2537],[105.6686,21.2527],[105.667,21.2532],[105.6656,21.2528],[105.6656,21.2533],[105.6649,21.2537],[105.6646,21.2531],[105.6635,21.2528],[105.6631,21.2535],[105.664,21.2536],[105.6639,21.2541],[105.6616,21.2547],[105.6611,21.2546],[105.6615,21.2535],[105.6546,21.2497],[105.6518,21.2522],[105.6501,21.2496],[105.6494,21.2498],[105.6482,21.2513],[105.6486,21.2523],[105.6463,21.2578],[105.6441,21.2588],[105.6437,21.2597],[105.6424,21.2603],[105.6422,21.261],[105.6404,21.2612],[105.6414,21.2639],[105.6403,21.2644],[105.6375,21.2635],[105.6367,21.2641],[105.6364,21.2673],[105.6373,21.2674],[105.6399,21.2661],[105.6407,21.2665],[105.6407,21.267],[105.6377,21.2678],[105.6374,21.2693],[105.6361,21.27],[105.6354,21.2694],[105.6356,21.2689],[105.6352,21.2689],[105.6333,21.2701],[105.6329,21.2697],[105.6314,21.2703],[105.6292,21.2728],[105.6269,21.2732],[105.6244,21.275],[105.6227,21.2753]]]},"properties":{"code":"08971","name":"Xuân Lãng","nameEn":"Xuan Lang","fullName":"Xã Xuân Lãng","fullNameEn":"Xuan Lang Commune","codeName":"xuan_lang","postalCode":"15821","postalCodePrefix":"","gisServerId":"diaphanhanhchinhcapxa_2025.1628","areaKm2":29.9},"id":"08971"},
{"type":"Feature","geometry":{"type":"Polygon","coordinates":[[[105.6126,21.266],[105.6117,21.2662],[105.6115,21.2669],[105.61,21.2672],[105.6096,21.2678],[105.6084,21.2677],[105.6077,21.2689],[105.6063,21.2689],[105.6055,21.271],[105.605,21.2712],[105.6064,21.2726],[105.6045,21.274],[105.6049,21.2748],[105.6035,21.2767],[105.6027,21.2767],[105.603,21.2772],[105.6025,21.2771],[105.6025,21.2764],[105.6019,21.2772],[105.6012,21.277],[105.6008,21.2802],[105.5929,21.2792],[105.5925,21.2814],[105.5888,21.2808],[105.5882,21.2812],[105.5885,21.2819],[105.5877,21.2817],[105.588,21.283],[105.5873,21.284],[105.5882,21.2856],[105.5873,21.2851],[105.5869,21.2831],[105.5853,21.2815],[105.5849,21.2798],[105.582,21.2799],[105.5828,21.2823],[105.5819,21.2823],[105.5812,21.2855],[105.5804,21.2853],[105.58,21.284],[105.578,21.2843],[105.577,21.2816],[105.576,21.2809],[105.5742,21.2814],[105.5742,21.2817],[105.5724,21.2825],[105.5693,21.2824],[105.5675,21.2784],[105.5655,21.278],[105.5658,21.2759],[105.5648,21.2742],[105.5689,21.2727],[105.569,21.2719],[105.5683,21.2682],[105.5665,21.2683],[105.5661,21.2674],[105.5647,21.2679],[105.5634,21.2643],[105.5639,21.2644],[105.5638,21.264],[105.5648,21.2635],[105.5645,21.2629],[105.5653,21.2624],[105.565,21.2619],[105.567,21.2603],[105.5692,21.2571],[105.572,21.258],[105.5723,21.257],[105.5761,21.258],[105.5764,21.2553],[105.5805,21.2536],[105.5802,21.2518],[105.5811,21.2517],[105.5815,21.251],[105.5809,21.2492],[105.5797,21.2494],[105.5801,21.2508],[105.5789,21.2511],[105.5788,21.2508],[105.5778,21.2509],[105.5775,21.2472],[105.5759,21.2452],[105.5705,21.2419],[105.5685,21.2389],[105.5679,21.2389],[105.5656,21.2362],[105.5644,21.2374],[105.5639,21.2369],[105.5658,21.2345],[105.566,21.2334],[105.5667,21.2339],[105.5675,21.2331],[105.568,21.2335],[105.568,21.2327],[105.5695,21.2314],[105.5762,21.2281],[105.5766,21.2273],[105.5773,21.2277],[105.5795,21.2272],[105.5821,21.2279],[105.5831,21.2271],[105.5833,21.2276],[105.5838,21.2273],[105.5856,21.2282],[105.5875,21.2276],[105.5881,21.2268],[105.5891,21.2296],[105.5899,21.2302],[105.59,21.2288],[105.5913,21.2288],[105.5913,21.2273],[105.5929,21.2272],[105.5935,21.2284],[105.5955,21.2279],[105.5976,21.2285],[105.6011,21.2276],[105.6045,21.239],[105.6026,21.2443],[105.6076,21.2498],[105.6075,21.2515],[105.6051,21.2547],[105.6073,21.2555],[105.6068,21.2558],[105.6076,21.2575],[105.6088,21.2567],[105.6093,21.26],[105.6114,21.2629],[105.6123,21.2629],[105.6131,21.2619],[105.6142,21.2625],[105.6144,21.264],[105.6126,21.266]]]},"properties":{"code":"09025","name":"Yên Lạc","nameEn":"Yen Lac","fullName":"Xã Yên Lạc","fullNameEn":"Yen Lac Commune","codeName":"yen_lac","postalCode":"15706","postalCodePrefix":"","gisServerId":"diaphanhanhchinhcapxa_2025.1629","areaKm2":21.7},"id":"09025"},
{"type":"Feature","geometry":{"type":"Polygon","coordinates":[[[105.535,21.2851],[105.5342,21.2854],[105.5336,21.2848],[105.5345,21.2839],[105.5303,21.2824],[105.5315,21.2812],[105.5252,21.2753],[105.5236,21.2732],[105.5239,21.2724],[105.5232,21.2719],[105.5238,21.2693],[105.523,21.2681],[105.5242,21.2688],[105.5247,21.2685],[105.5227,21.2661],[105.5235,21.2656],[105.5244,21.2663],[105.5253,21.2656],[105.5248,21.2648],[105.5256,21.2633],[105.5251,21.2619],[105.5257,21.2609],[105.5265,21.2606],[105.5266,21.2599],[105.5283,21.2586],[105.5281,21.2581],[105.529,21.2576],[105.5327,21.2559],[105.5342,21.2573],[105.5372,21.2557],[105.5378,21.2565],[105.5381,21.2562],[105.5376,21.2545],[105.5409,21.2534],[105.5408,21.252],[105.5421,21.2512],[105.5392,21.2484],[105.5387,21.2469],[105.5402,21.243],[105.5399,21.2418],[105.5416,21.2412],[105.5421,21.2397],[105.545,21.2377],[105.5461,21.2361],[105.5471,21.2357],[105.5511,21.2359],[105.5524,21.2369],[105.5538,21.2367],[105.5547,21.2378],[105.5563,21.2376],[105.5566,21.2381],[105.5594,21.2367],[105.5604,21.2368],[105.5601,21.2384],[105.5612,21.2389],[105.5639,21.2369],[105.5644,21.2374],[105.5656,21.2362],[105.5679,21.2389],[105.5685,21.2389],[105.5705,21.2419],[105.5759,21.2452],[105.5775,21.2472],[105.5778,21.2509],[105.5788,21.2508],[105.5789,21.2511],[105.5801,21.2508],[105.5797,21.2494],[105.5809,21.2492],[105.5815,21.251],[105.5811,21.2517],[105.5802,21.2518],[105.5805,21.2536],[105.5764,21.2553],[105.5761,21.258],[105.5723,21.257],[105.572,21.258],[105.5692,21.2571],[105.567,21.2603],[105.565,21.2619],[105.5653,21.2624],[105.5645,21.2629],[105.5648,21.2635],[105.5638,21.264],[105.5639,21.2644],[105.5634,21.2643],[105.5647,21.2679],[105.5661,21.2674],[105.5665,21.2683],[105.5683,21.2682],[105.569,21.2719],[105.5689,21.2727],[105.5648,21.2742],[105.5625,21.2747],[105.5601,21.2735],[105.5588,21.2747],[105.557,21.2739],[105.5534,21.2752],[105.553,21.2745],[105.5518,21.2744],[105.5518,21.2752],[105.5501,21.2755],[105.55,21.2773],[105.5491,21.2791],[105.5473,21.2792],[105.5473,21.2788],[105.5465,21.2784],[105.5442,21.2805],[105.5444,21.2813],[105.5416,21.2813],[105.5416,21.2821],[105.5403,21.2821],[105.5407,21.2829],[105.5392,21.2832],[105.5392,21.2838],[105.5384,21.2839],[105.538,21.283],[105.5371,21.2833],[105.5368,21.283],[105.5354,21.2838],[105.5359,21.2851],[105.535,21.2851]]]},"properties":{"code":"09040","name":"Tề Lỗ","nameEn":"Te Lo","fullName":"Xã Tề Lỗ","fullNameEn":"Te Lo Commune","codeName":"te_lo","postalCode":"15711","postalCodePrefix":"","gisServerId":"diaphanhanhchinhcapxa_2025.1630","areaKm2":18.3},"id":"09040"},
{"type":"Feature","geometry":{"type":"Polygon","coordinates":[[[105.5639,21.2369],[105.5612,21.2389],[105.5601,21.2384],[105.5604,21.2368],[105.5594,21.2367],[105.5566,21.2381],[105.5563,21.2376],[105.5547,21.2378],[105.5538,21.2367],[105.5524,21.2369],[105.5511,21.2359],[105.5471,21.2357],[105.5444,21.2274],[105.5431,21.2262],[105.5393,21.219],[105.5378,21.2187],[105.5374,21.218],[105.5381,21.2174],[105.5368,21.2163],[105.5387,21.2148],[105.5383,21.2143],[105.5386,21.214],[105.5378,21.2132],[105.5393,21.2115],[105.5388,21.2108],[105.5397,21.2099],[105.5394,21.2088],[105.5399,21.2088],[105.5411,21.2055],[105.5423,21.205],[105.5431,21.1999],[105.542,21.1993],[105.5432,21.198],[105.543,21.1971],[105.5442,21.1958],[105.5446,21.1943],[105.5457,21.194],[105.55,21.1954],[105.5501,21.1949],[105.5529,21.194],[105.5539,21.1951],[105.5574,21.1922],[105.5579,21.1927],[105.5596,21.1924],[105.5622,21.1939],[105.5645,21.1969],[105.5639,21.1981],[105.5646,21.1998],[105.5654,21.1993],[105.5682,21.2005],[105.5692,21.1991],[105.5687,21.2006],[105.5751,21.2017],[105.5747,21.2032],[105.5761,21.2032],[105.5774,21.1999],[105.5794,21.1993],[105.581,21.1978],[105.5831,21.1971],[105.5837,21.1981],[105.5846,21.1977],[105.587,21.1999],[105.591,21.201],[105.5983,21.2012],[105.6024,21.2018],[105.6026,21.2025],[105.6044,21.2039],[105.6074,21.2053],[105.6059,21.2075],[105.6062,21.2084],[105.6053,21.2095],[105.6047,21.2093],[105.602,21.2126],[105.5996,21.2144],[105.5967,21.2184],[105.5972,21.2192],[105.5966,21.22],[105.5954,21.2197],[105.595,21.2223],[105.5924,21.2218],[105.5927,21.224],[105.5913,21.2247],[105.5913,21.2273],[105.5913,21.2288],[105.59,21.2288],[105.5899,21.2302],[105.5891,21.2296],[105.5881,21.2268],[105.5875,21.2276],[105.5856,21.2282],[105.5838,21.2273],[105.5833,21.2276],[105.5831,21.2271],[105.5821,21.2279],[105.5795,21.2272],[105.5773,21.2277],[105.5766,21.2273],[105.5762,21.2281],[105.5695,21.2314],[105.568,21.2327],[105.568,21.2335],[105.5675,21.2331],[105.5667,21.2339],[105.566,21.2334],[105.5658,21.2345],[105.5639,21.2369]]]},"properties":{"code":"09043","name":"Tam Hồng","nameEn":"Tam Hong","fullName":"Xã Tam Hồng","fullNameEn":"Tam Hong Commune","codeName":"tam_hong","postalCode":"15712","postalCodePrefix":"","gisServerId":"diaphanhanhchinhcapxa_2025.1631","areaKm2":22.6},"id":"09043"},
{"type":"Feature","geometry":{"type":"Polygon","coordinates":[[[105.6358,21.2164],[105.6341,21.2173],[105.6345,21.2185],[105.6322,21.2187],[105.6326,21.2203],[105.6294,21.2214],[105.6295,21.2246],[105.6333,21.225],[105.6344,21.2241],[105.6364,21.2259],[105.6351,21.2277],[105.6325,21.2294],[105.6316,21.2313],[105.631,21.2311],[105.6302,21.234],[105.6208,21.2323],[105.6146,21.2282],[105.6108,21.2237],[105.6057,21.2262],[105.6011,21.2276],[105.5976,21.2285],[105.5955,21.2279],[105.5935,21.2284],[105.5929,21.2272],[105.5913,21.2273],[105.5913,21.2247],[105.5927,21.224],[105.5924,21.2218],[105.595,21.2223],[105.5954,21.2197],[105.5966,21.22],[105.5972,21.2192],[105.5967,21.2184],[105.5996,21.2144],[105.602,21.2126],[105.6047,21.2093],[105.6053,21.2095],[105.6062,21.2084],[105.6059,21.2075],[105.6074,21.2053],[105.6044,21.2039],[105.6026,21.2025],[105.6024,21.2018],[105.6029,21.2016],[105.6032,21.1967],[105.6065,21.1958],[105.6058,21.1924],[105.607,21.1922],[105.6079,21.1909],[105.6042,21.1884],[105.6051,21.1882],[105.6056,21.1855],[105.6051,21.1855],[105.6051,21.1848],[105.6028,21.1847],[105.6023,21.1871],[105.6011,21.1872],[105.6007,21.1892],[105.5941,21.1894],[105.5885,21.1838],[105.588,21.1843],[105.5866,21.1828],[105.5857,21.1837],[105.5845,21.1825],[105.5861,21.1813],[105.5839,21.1786],[105.5843,21.1783],[105.5862,21.1801],[105.587,21.179],[105.5884,21.1802],[105.5886,21.1798],[105.5888,21.1806],[105.5892,21.1799],[105.5891,21.1805],[105.5905,21.1813],[105.5904,21.1821],[105.591,21.1822],[105.5907,21.1843],[105.5927,21.1853],[105.5924,21.1859],[105.5931,21.1863],[105.5941,21.1862],[105.5958,21.187],[105.5966,21.1792],[105.5945,21.1794],[105.5943,21.1726],[105.6026,21.1715],[105.6023,21.1695],[105.6243,21.1737],[105.6266,21.1706],[105.6266,21.1778],[105.6246,21.1797],[105.6242,21.1807],[105.6247,21.1815],[105.6257,21.1818],[105.6282,21.1807],[105.6287,21.1813],[105.6284,21.1818],[105.6279,21.1816],[105.627,21.183],[105.6291,21.1849],[105.6249,21.1877],[105.6246,21.1935],[105.6215,21.195],[105.6222,21.1949],[105.6222,21.1956],[105.6216,21.1959],[105.6216,21.1972],[105.6227,21.2005],[105.6208,21.2014],[105.6208,21.2009],[105.6198,21.2011],[105.6198,21.2019],[105.6162,21.2026],[105.6165,21.2057],[105.6155,21.206],[105.6152,21.2074],[105.6167,21.2088],[105.6188,21.2068],[105.6216,21.2061],[105.6242,21.2089],[105.6288,21.211],[105.6313,21.2089],[105.6393,21.2073],[105.6393,21.212],[105.637,21.2139],[105.6358,21.2164]]]},"properties":{"code":"09052","name":"Nguyệt Đức","nameEn":"Nguyet Duc","fullName":"Xã Nguyệt Đức","fullNameEn":"Nguyet Duc Commune","codeName":"nguyet_duc","postalCode":"15722","postalCodePrefix":"","gisServerId":"diaphanhanhchinhcapxa_2025.1632","areaKm2":19},"id":"09052"},
{"type":"Feature","geometry":{"type":"Polygon","coordinates":[[[105.6024,21.2018],[105.5983,21.2012],[105.591,21.201],[105.587,21.1999],[105.5846,21.1977],[105.5837,21.1981],[105.5831,21.1971],[105.581,21.1978],[105.5794,21.1993],[105.5774,21.1999],[105.5761,21.2032],[105.5747,21.2032],[105.5751,21.2017],[105.5687,21.2006],[105.5692,21.1991],[105.5682,21.2005],[105.5654,21.1993],[105.5646,21.1998],[105.5639,21.1981],[105.5645,21.1969],[105.5622,21.1939],[105.5596,21.1924],[105.5579,21.1927],[105.5574,21.1922],[105.5539,21.1951],[105.5529,21.194],[105.5501,21.1949],[105.55,21.1954],[105.5457,21.194],[105.5458,21.1936],[105.5447,21.193],[105.544,21.1936],[105.5432,21.1935],[105.5393,21.191],[105.5363,21.1897],[105.5373,21.1857],[105.5368,21.1854],[105.5358,21.1859],[105.5355,21.1854],[105.5348,21.1853],[105.5349,21.1845],[105.5345,21.1844],[105.5312,21.1853],[105.529,21.1836],[105.5376,21.1681],[105.5372,21.168],[105.5381,21.1619],[105.5375,21.1613],[105.5385,21.1562],[105.5539,21.1591],[105.5708,21.1604],[105.5709,21.1612],[105.5749,21.1613],[105.5752,21.1643],[105.6023,21.1695],[105.6026,21.1715],[105.5943,21.1726],[105.5945,21.1794],[105.5966,21.1792],[105.5958,21.187],[105.5941,21.1862],[105.5931,21.1863],[105.5924,21.1859],[105.5927,21.1853],[105.5907,21.1843],[105.591,21.1822],[105.5904,21.1821],[105.5905,21.1813],[105.5891,21.1805],[105.5892,21.1799],[105.5888,21.1806],[105.5886,21.1798],[105.5884,21.1802],[105.587,21.179],[105.5862,21.1801],[105.5843,21.1783],[105.5839,21.1786],[105.5861,21.1813],[105.5845,21.1825],[105.5857,21.1837],[105.5866,21.1828],[105.588,21.1843],[105.5885,21.1838],[105.5941,21.1894],[105.6007,21.1892],[105.6011,21.1872],[105.6023,21.1871],[105.6028,21.1847],[105.6051,21.1848],[105.6051,21.1855],[105.6056,21.1855],[105.6051,21.1882],[105.6042,21.1884],[105.6079,21.1909],[105.607,21.1922],[105.6058,21.1924],[105.6065,21.1958],[105.6032,21.1967],[105.6029,21.2016],[105.6024,21.2018]]]},"properties":{"code":"09064","name":"Liên Châu","nameEn":"Lien Chau","fullName":"Xã Liên Châu","fullNameEn":"Lien Chau Commune","codeName":"lien_chau","postalCode":"15715","postalCodePrefix":"","gisServerId":"diaphanhanhchinhcapxa_2025.1633","areaKm2":26},"id":"09064"},
{"type":"Feature","geometry":{"type":"Polygon","coordinates":[[[105.5471,21.2357],[105.5461,21.2361],[105.545,21.2377],[105.5421,21.2397],[105.5416,21.2412],[105.5399,21.2418],[105.5402,21.243],[105.5387,21.2469],[105.5392,21.2484],[105.5421,21.2512],[105.5408,21.252],[105.5409,21.2534],[105.5376,21.2545],[105.5381,21.2562],[105.5378,21.2565],[105.5372,21.2557],[105.5342,21.2573],[105.5327,21.2559],[105.529,21.2576],[105.5281,21.2581],[105.5283,21.2586],[105.5266,21.2599],[105.5265,21.2606],[105.5257,21.2609],[105.5246,21.2596],[105.5158,21.2585],[105.5131,21.2591],[105.5132,21.2584],[105.5136,21.2581],[105.5135,21.2557],[105.5108,21.2541],[105.5115,21.2524],[105.5101,21.2477],[105.511,21.2472],[105.5094,21.2432],[105.5068,21.2407],[105.5063,21.2412],[105.5076,21.2419],[105.506,21.2427],[105.5058,21.2402],[105.5046,21.2375],[105.5002,21.2359],[105.5009,21.2349],[105.5005,21.2339],[105.5014,21.2332],[105.5004,21.2312],[105.4992,21.2315],[105.4987,21.2306],[105.4963,21.2316],[105.496,21.2305],[105.4946,21.2307],[105.4953,21.2286],[105.495,21.2276],[105.4938,21.2278],[105.4932,21.2264],[105.4931,21.2231],[105.4927,21.2225],[105.4945,21.2222],[105.4941,21.2208],[105.5007,21.219],[105.5004,21.2183],[105.501,21.2181],[105.5007,21.2174],[105.4998,21.2176],[105.4994,21.2167],[105.4967,21.2178],[105.4966,21.2172],[105.495,21.2176],[105.4944,21.2147],[105.5008,21.2132],[105.5008,21.2126],[105.5016,21.2129],[105.5012,21.2117],[105.5005,21.2119],[105.5003,21.21],[105.5023,21.21],[105.5027,21.2094],[105.5012,21.2086],[105.4999,21.2064],[105.4982,21.2053],[105.4988,21.2045],[105.498,21.204],[105.4983,21.2038],[105.4966,21.2006],[105.4982,21.199],[105.4974,21.197],[105.4965,21.1967],[105.4988,21.1955],[105.5009,21.1966],[105.5052,21.197],[105.5066,21.197],[105.5069,21.1965],[105.5107,21.1987],[105.5135,21.1982],[105.5155,21.1993],[105.5189,21.1998],[105.5225,21.1994],[105.5245,21.1987],[105.5249,21.1995],[105.5291,21.1988],[105.5332,21.2032],[105.5371,21.2065],[105.5369,21.2071],[105.5384,21.2076],[105.5399,21.2088],[105.5394,21.2088],[105.5397,21.2099],[105.5388,21.2108],[105.5393,21.2115],[105.5378,21.2132],[105.5386,21.214],[105.5383,21.2143],[105.5387,21.2148],[105.5368,21.2163],[105.5381,21.2174],[105.5374,21.218],[105.5378,21.2187],[105.5393,21.219],[105.5431,21.2262],[105.5444,21.2274],[105.5471,21.2357]]]},"properties":{"code":"09076","name":"Vĩnh Tường","nameEn":"Vinh Tuong","fullName":"Xã Vĩnh Tường","fullNameEn":"Vinh Tuong Commune","codeName":"vinh_tuong","postalCode":"15606","postalCodePrefix":"","gisServerId":"diaphanhanhchinhcapxa_2025.1634","areaKm2":26.2},"id":"09076"},
{"type":"Feature","geometry":{"type":"Polygon","coordinates":[[[105.5046,21.3384],[105.5016,21.3374],[105.4982,21.338],[105.4956,21.3379],[105.4933,21.3391],[105.491,21.3409],[105.4901,21.3415],[105.4893,21.3412],[105.4881,21.3357],[105.4886,21.334],[105.4915,21.3338],[105.4936,21.3305],[105.4937,21.3302],[105.4923,21.3298],[105.4932,21.3274],[105.4921,21.3265],[105.4926,21.3256],[105.4884,21.3239],[105.4839,21.3233],[105.4821,21.3219],[105.4814,21.318],[105.4831,21.3146],[105.4825,21.3136],[105.4804,21.3126],[105.4807,21.3113],[105.4781,21.3089],[105.4783,21.3081],[105.4807,21.3086],[105.4843,21.3083],[105.485,21.3078],[105.487,21.3078],[105.4909,21.3066],[105.4922,21.3088],[105.493,21.3085],[105.4931,21.3098],[105.4965,21.3087],[105.4969,21.3073],[105.4978,21.3073],[105.4987,21.305],[105.4997,21.3059],[105.5003,21.3052],[105.5015,21.3049],[105.5033,21.3027],[105.5029,21.3021],[105.5039,21.3008],[105.5011,21.2998],[105.5008,21.2988],[105.4991,21.2979],[105.4994,21.2976],[105.4986,21.2967],[105.4997,21.2955],[105.4992,21.295],[105.5027,21.2917],[105.5028,21.29],[105.5057,21.2901],[105.5082,21.2892],[105.5082,21.2881],[105.5075,21.2878],[105.5077,21.2874],[105.5128,21.2823],[105.5134,21.2827],[105.5169,21.2799],[105.5165,21.2789],[105.5174,21.2774],[105.5187,21.2767],[105.5183,21.2763],[105.5168,21.2772],[105.5155,21.2762],[105.5183,21.2756],[105.518,21.2751],[105.5216,21.2727],[105.5225,21.2734],[105.5233,21.2728],[105.5232,21.2719],[105.5239,21.2724],[105.5236,21.2732],[105.5252,21.2753],[105.5315,21.2812],[105.5303,21.2824],[105.5345,21.2839],[105.5336,21.2848],[105.5342,21.2854],[105.535,21.2851],[105.5328,21.2874],[105.5324,21.2872],[105.532,21.2877],[105.5321,21.2897],[105.533,21.29],[105.5317,21.2953],[105.5337,21.2959],[105.5334,21.2972],[105.5363,21.2982],[105.534,21.3009],[105.5361,21.3019],[105.5371,21.3046],[105.5335,21.309],[105.5392,21.3137],[105.5388,21.314],[105.5391,21.3144],[105.537,21.3156],[105.5359,21.3145],[105.5351,21.315],[105.5358,21.3169],[105.5336,21.3179],[105.5331,21.3176],[105.5322,21.3184],[105.5307,21.3179],[105.5307,21.3194],[105.5293,21.3192],[105.5282,21.3182],[105.5267,21.3197],[105.5261,21.3197],[105.5248,21.3181],[105.5213,21.3198],[105.5213,21.318],[105.5205,21.3171],[105.5199,21.3171],[105.5199,21.318],[105.5183,21.3185],[105.5176,21.3194],[105.5165,21.319],[105.5158,21.3193],[105.5162,21.3181],[105.5147,21.3179],[105.5142,21.3202],[105.5136,21.321],[105.5136,21.3225],[105.5131,21.3224],[105.5128,21.3214],[105.5113,21.3224],[105.5114,21.3236],[105.5105,21.3254],[105.5107,21.3263],[105.5117,21.3267],[105.5123,21.3279],[105.512,21.3302],[105.511,21.3308],[105.5098,21.3308],[105.5089,21.3316],[105.5078,21.3312],[105.5068,21.3325],[105.5041,21.3322],[105.5023,21.3338],[105.5027,21.3361],[105.5048,21.338],[105.5046,21.3384]]]},"properties":{"code":"09079","name":"Vĩnh An","nameEn":"Vinh An","fullName":"Xã Vĩnh An","fullNameEn":"Vinh An Commune","codeName":"vinh_an","postalCode":"15636","postalCodePrefix":"","gisServerId":"diaphanhanhchinhcapxa_2025.1635","areaKm2":21.4},"id":"09079"},
{"type":"Feature","geometry":{"type":"Polygon","coordinates":[[[105.5232,21.2719],[105.5233,21.2728],[105.5225,21.2734],[105.5216,21.2727],[105.518,21.2751],[105.5183,21.2756],[105.5155,21.2762],[105.5168,21.2772],[105.5183,21.2763],[105.5187,21.2767],[105.5174,21.2774],[105.5165,21.2789],[105.5169,21.2799],[105.5134,21.2827],[105.5128,21.2823],[105.5077,21.2874],[105.5075,21.2878],[105.5082,21.2881],[105.5082,21.2892],[105.5057,21.2901],[105.5028,21.29],[105.5027,21.2917],[105.4992,21.295],[105.4997,21.2955],[105.4986,21.2967],[105.4994,21.2976],[105.4991,21.2979],[105.5008,21.2988],[105.5011,21.2998],[105.5039,21.3008],[105.5029,21.3021],[105.5033,21.3027],[105.5015,21.3049],[105.5003,21.3052],[105.4997,21.3059],[105.4987,21.305],[105.4978,21.3073],[105.4969,21.3073],[105.4965,21.3087],[105.4931,21.3098],[105.493,21.3085],[105.4922,21.3088],[105.4909,21.3066],[105.487,21.3078],[105.485,21.3078],[105.4843,21.3083],[105.4807,21.3086],[105.4783,21.3081],[105.4786,21.3078],[105.4771,21.3078],[105.4766,21.3066],[105.4749,21.306],[105.4735,21.3045],[105.4751,21.301],[105.4746,21.3009],[105.4751,21.2999],[105.4734,21.2985],[105.4713,21.298],[105.4722,21.2974],[105.4708,21.2959],[105.4718,21.2934],[105.4712,21.2931],[105.471,21.2897],[105.4698,21.2895],[105.4687,21.2877],[105.4705,21.2876],[105.4707,21.2871],[105.4701,21.2874],[105.4691,21.287],[105.4694,21.284],[105.4677,21.2835],[105.4679,21.2825],[105.4684,21.2819],[105.4699,21.2818],[105.4698,21.2807],[105.4706,21.2804],[105.4702,21.28],[105.472,21.2773],[105.4721,21.2779],[105.4728,21.2781],[105.4737,21.2773],[105.4739,21.2782],[105.4749,21.2778],[105.4761,21.2788],[105.4783,21.2782],[105.4792,21.2762],[105.4803,21.2758],[105.4807,21.2746],[105.481,21.2749],[105.4815,21.2743],[105.4827,21.2752],[105.483,21.2748],[105.4834,21.2754],[105.4846,21.2754],[105.4841,21.2747],[105.4847,21.2743],[105.4844,21.2738],[105.4858,21.2735],[105.4859,21.2731],[105.4843,21.2725],[105.4843,21.2721],[105.4861,21.2721],[105.4871,21.2695],[105.488,21.2703],[105.4882,21.2694],[105.4887,21.2699],[105.4907,21.2689],[105.4907,21.2678],[105.4935,21.2666],[105.4932,21.2649],[105.4938,21.2649],[105.494,21.2655],[105.4949,21.2652],[105.4951,21.2642],[105.4965,21.263],[105.4991,21.2638],[105.5011,21.2624],[105.5029,21.2631],[105.5024,21.2615],[105.5029,21.2598],[105.5035,21.2599],[105.505,21.2574],[105.5067,21.2582],[105.5078,21.2569],[105.5104,21.2582],[105.5111,21.2574],[105.5132,21.2584],[105.5131,21.2591],[105.5158,21.2585],[105.5246,21.2596],[105.5257,21.2609],[105.5251,21.2619],[105.5256,21.2633],[105.5248,21.2648],[105.5253,21.2656],[105.5244,21.2663],[105.5235,21.2656],[105.5227,21.2661],[105.5247,21.2685],[105.5242,21.2688],[105.523,21.2681],[105.5238,21.2693],[105.5232,21.2719]]]},"properties":{"code":"09100","name":"Vĩnh Hưng","nameEn":"Vinh Hung","fullName":"Xã Vĩnh Hưng","fullNameEn":"Vinh Hung Commune","codeName":"vinh_hung","postalCode":"15635","postalCodePrefix":"","gisServerId":"diaphanhanhchinhcapxa_2025.1636","areaKm2":18.7},"id":"09100"},
{"type":"Feature","geometry":{"type":"Polygon","coordinates":[[[105.4882,21.2694],[105.488,21.2703],[105.4871,21.2695],[105.4861,21.2721],[105.4843,21.2721],[105.4843,21.2725],[105.4859,21.2731],[105.4858,21.2735],[105.4844,21.2738],[105.4847,21.2743],[105.4841,21.2747],[105.4846,21.2754],[105.4834,21.2754],[105.483,21.2748],[105.4827,21.2752],[105.4815,21.2743],[105.481,21.2749],[105.4807,21.2746],[105.4803,21.2758],[105.4792,21.2762],[105.4783,21.2782],[105.4761,21.2788],[105.4749,21.2778],[105.4739,21.2782],[105.4737,21.2773],[105.4728,21.2781],[105.4721,21.2779],[105.472,21.2773],[105.4702,21.28],[105.4706,21.2804],[105.4698,21.2807],[105.4699,21.2818],[105.4684,21.2819],[105.4679,21.2825],[105.4677,21.2835],[105.4694,21.284],[105.4691,21.287],[105.4701,21.2874],[105.4707,21.2871],[105.4705,21.2876],[105.4687,21.2877],[105.4698,21.2895],[105.471,21.2897],[105.4712,21.2931],[105.4718,21.2934],[105.4708,21.2959],[105.4722,21.2974],[105.4713,21.298],[105.4734,21.2985],[105.4751,21.2999],[105.4746,21.3009],[105.4751,21.301],[105.4735,21.3045],[105.4717,21.3029],[105.4699,21.3021],[105.4693,21.3007],[105.4681,21.3004],[105.4676,21.2981],[105.4657,21.2959],[105.4642,21.2951],[105.4591,21.2948],[105.4582,21.2951],[105.4581,21.2961],[105.4592,21.2984],[105.4584,21.2995],[105.4566,21.2995],[105.4513,21.298],[105.4493,21.2994],[105.4498,21.2984],[105.449,21.2965],[105.4492,21.2956],[105.4516,21.2937],[105.4532,21.293],[105.4534,21.2924],[105.4519,21.2853],[105.4497,21.2813],[105.4488,21.2729],[105.448,21.2714],[105.4483,21.2644],[105.4476,21.2641],[105.447,21.265],[105.4439,21.2649],[105.4464,21.2443],[105.4516,21.2379],[105.4513,21.2376],[105.4586,21.2258],[105.4613,21.2268],[105.4618,21.2254],[105.4633,21.2266],[105.4631,21.2274],[105.4647,21.2278],[105.4648,21.2284],[105.4659,21.2287],[105.4663,21.2281],[105.4667,21.2284],[105.4664,21.2289],[105.4685,21.23],[105.4681,21.2308],[105.4696,21.2312],[105.4686,21.2339],[105.4708,21.2348],[105.4705,21.2353],[105.4712,21.2357],[105.4699,21.2373],[105.4708,21.2377],[105.4704,21.2385],[105.4702,21.238],[105.469,21.2381],[105.4693,21.2391],[105.4713,21.2392],[105.4712,21.2402],[105.4722,21.2407],[105.4729,21.2404],[105.473,21.2413],[105.4739,21.2416],[105.4741,21.2434],[105.4754,21.2429],[105.4767,21.2433],[105.4771,21.2439],[105.4799,21.2445],[105.4783,21.2445],[105.4777,21.2481],[105.4761,21.2476],[105.4755,21.2497],[105.4769,21.2505],[105.4741,21.2542],[105.4724,21.2534],[105.4711,21.2551],[105.4738,21.2566],[105.4744,21.256],[105.4763,21.2575],[105.4775,21.2565],[105.4785,21.2576],[105.4763,21.2583],[105.4757,21.2591],[105.476,21.2597],[105.4781,21.2594],[105.4813,21.2582],[105.4813,21.2595],[105.4819,21.2608],[105.4808,21.2615],[105.485,21.2645],[105.4852,21.2636],[105.4875,21.2638],[105.4866,21.2691],[105.4882,21.2694]]]},"properties":{"code":"09106","name":"Vĩnh Thành","nameEn":"Vinh Thanh","fullName":"Xã Vĩnh Thành","fullNameEn":"Vinh Thanh Commune","codeName":"vinh_thanh","postalCode":"15637","postalCodePrefix":"","gisServerId":"diaphanhanhchinhcapxa_2025.1637","areaKm2":22},"id":"09106"},
{"type":"Feature","geometry":{"type":"Polygon","coordinates":[[[105.5132,21.2584],[105.5111,21.2574],[105.5104,21.2582],[105.5078,21.2569],[105.5067,21.2582],[105.505,21.2574],[105.5035,21.2599],[105.5029,21.2598],[105.5024,21.2615],[105.5029,21.2631],[105.5011,21.2624],[105.4991,21.2638],[105.4965,21.263],[105.4951,21.2642],[105.4949,21.2652],[105.494,21.2655],[105.4938,21.2649],[105.4932,21.2649],[105.4935,21.2666],[105.4907,21.2678],[105.4907,21.2689],[105.4887,21.2699],[105.4882,21.2694],[105.4866,21.2691],[105.4875,21.2638],[105.4852,21.2636],[105.485,21.2645],[105.4808,21.2615],[105.4819,21.2608],[105.4813,21.2595],[105.4813,21.2582],[105.4781,21.2594],[105.476,21.2597],[105.4757,21.2591],[105.4763,21.2583],[105.4785,21.2576],[105.4775,21.2565],[105.4763,21.2575],[105.4744,21.256],[105.4738,21.2566],[105.4711,21.2551],[105.4724,21.2534],[105.4741,21.2542],[105.4769,21.2505],[105.4755,21.2497],[105.4761,21.2476],[105.4777,21.2481],[105.4783,21.2445],[105.4799,21.2445],[105.4771,21.2439],[105.4767,21.2433],[105.4754,21.2429],[105.4741,21.2434],[105.4739,21.2416],[105.473,21.2413],[105.4729,21.2404],[105.4722,21.2407],[105.4712,21.2402],[105.4713,21.2392],[105.4693,21.2391],[105.469,21.2381],[105.4702,21.238],[105.4704,21.2385],[105.4708,21.2377],[105.4699,21.2373],[105.4712,21.2357],[105.4705,21.2353],[105.4708,21.2348],[105.4686,21.2339],[105.4696,21.2312],[105.4681,21.2308],[105.4685,21.23],[105.47,21.2275],[105.4731,21.2281],[105.4732,21.2275],[105.4737,21.2276],[105.4744,21.2232],[105.4762,21.2233],[105.4758,21.2203],[105.4773,21.2203],[105.477,21.2146],[105.4771,21.2142],[105.478,21.2142],[105.4763,21.2134],[105.476,21.2113],[105.474,21.2119],[105.474,21.2127],[105.4716,21.2127],[105.4739,21.2057],[105.4789,21.1997],[105.4807,21.1982],[105.4809,21.1967],[105.4834,21.1962],[105.4833,21.1955],[105.484,21.1953],[105.4887,21.1952],[105.4888,21.1955],[105.4935,21.1955],[105.4936,21.1965],[105.4965,21.1967],[105.4974,21.197],[105.4982,21.199],[105.4966,21.2006],[105.4983,21.2038],[105.498,21.204],[105.4988,21.2045],[105.4982,21.2053],[105.4999,21.2064],[105.5012,21.2086],[105.5027,21.2094],[105.5023,21.21],[105.5003,21.21],[105.5005,21.2119],[105.5012,21.2117],[105.5016,21.2129],[105.5008,21.2126],[105.5008,21.2132],[105.4944,21.2147],[105.495,21.2176],[105.4966,21.2172],[105.4967,21.2178],[105.4994,21.2167],[105.4998,21.2176],[105.5007,21.2174],[105.501,21.2181],[105.5004,21.2183],[105.5007,21.219],[105.4941,21.2208],[105.4945,21.2222],[105.4927,21.2225],[105.4931,21.2231],[105.4932,21.2264],[105.4938,21.2278],[105.495,21.2276],[105.4953,21.2286],[105.4946,21.2307],[105.496,21.2305],[105.4963,21.2316],[105.4987,21.2306],[105.4992,21.2315],[105.5004,21.2312],[105.5014,21.2332],[105.5005,21.2339],[105.5009,21.2349],[105.5002,21.2359],[105.5046,21.2375],[105.5058,21.2402],[105.506,21.2427],[105.5076,21.2419],[105.5063,21.2412],[105.5068,21.2407],[105.5094,21.2432],[105.511,21.2472],[105.5101,21.2477],[105.5115,21.2524],[105.5108,21.2541],[105.5135,21.2557],[105.5136,21.2581],[105.5132,21.2584]]]},"properties":{"code":"09112","name":"Thổ Tang","nameEn":"Tho Tang","fullName":"Xã Thổ Tang","fullNameEn":"Tho Tang Commune","codeName":"tho_tang","postalCode":"15612","postalCodePrefix":"","gisServerId":"diaphanhanhchinhcapxa_2025.1638","areaKm2":21.3},"id":"09112"},
{"type":"Feature","geometry":{"type":"Polygon","coordinates":[[[105.4965,21.1967],[105.4936,21.1965],[105.4935,21.1955],[105.4888,21.1955],[105.4887,21.1952],[105.484,21.1953],[105.4833,21.1955],[105.4834,21.1962],[105.4809,21.1967],[105.4807,21.1982],[105.4789,21.1997],[105.4739,21.2057],[105.4716,21.2127],[105.474,21.2127],[105.474,21.2119],[105.476,21.2113],[105.4763,21.2134],[105.478,21.2142],[105.4771,21.2142],[105.477,21.2146],[105.4773,21.2203],[105.4758,21.2203],[105.4762,21.2233],[105.4744,21.2232],[105.4737,21.2276],[105.4732,21.2275],[105.4731,21.2281],[105.47,21.2275],[105.4685,21.23],[105.4664,21.2289],[105.4667,21.2284],[105.4663,21.2281],[105.4659,21.2287],[105.4648,21.2284],[105.4647,21.2278],[105.4631,21.2274],[105.4633,21.2266],[105.4618,21.2254],[105.4613,21.2268],[105.4586,21.2258],[105.4623,21.2146],[105.4633,21.2087],[105.4614,21.2081],[105.4624,21.206],[105.4639,21.2064],[105.4644,21.2034],[105.4631,21.2031],[105.4639,21.2013],[105.4645,21.2007],[105.4664,21.201],[105.4678,21.1779],[105.4714,21.1756],[105.4818,21.1665],[105.4866,21.1629],[105.4934,21.16],[105.5153,21.1565],[105.5283,21.1551],[105.5385,21.1562],[105.5375,21.1613],[105.5381,21.1619],[105.5372,21.168],[105.5376,21.1681],[105.529,21.1836],[105.5312,21.1853],[105.5345,21.1844],[105.5349,21.1845],[105.5348,21.1853],[105.5355,21.1854],[105.5358,21.1859],[105.5368,21.1854],[105.5373,21.1857],[105.5363,21.1897],[105.5393,21.191],[105.5432,21.1935],[105.544,21.1936],[105.5447,21.193],[105.5458,21.1936],[105.5457,21.194],[105.5446,21.1943],[105.5442,21.1958],[105.543,21.1971],[105.5432,21.198],[105.542,21.1993],[105.5431,21.1999],[105.5423,21.205],[105.5411,21.2055],[105.5399,21.2088],[105.5384,21.2076],[105.5369,21.2071],[105.5371,21.2065],[105.5332,21.2032],[105.5291,21.1988],[105.5249,21.1995],[105.5245,21.1987],[105.5225,21.1994],[105.5189,21.1998],[105.5155,21.1993],[105.5135,21.1982],[105.5107,21.1987],[105.5069,21.1965],[105.5066,21.197],[105.5052,21.197],[105.5009,21.1966],[105.4988,21.1955],[105.4965,21.1967]]]},"properties":{"code":"09154","name":"Vĩnh Phú","nameEn":"Vinh Phu","fullName":"Xã Vĩnh Phú","fullNameEn":"Vinh Phu Commune","codeName":"vinh_phu","postalCode":"15631","postalCodePrefix":"","gisServerId":"diaphanhanhchinhcapxa_2025.1639","areaKm2":34.6},"id":"09154"}
]}