{"type":"FeatureCollection", "features": [
{"type":"Feature","geometry":{"type":"Polygon","coordinates":[[[108.8235,15.1254],[108.8214,15.1257],[108.8176,15.1293],[108.8125,15.1314],[108.8121,15.1296],[108.8104,15.1283],[108.8113,15.1254],[108.8105,15.1252],[108.8098,15.1282],[108.8066,15.127],[108.8049,15.1267],[108.8047,15.1272],[108.7991,15.126],[108.7988,15.1271],[108.7982,15.1272],[108.798,15.1259],[108.7968,15.1254],[108.797,15.1249],[108.7978,15.1251],[108.7983,15.1243],[108.7979,15.1243],[108.7979,15.1238],[108.7984,15.1238],[108.7986,15.1225],[108.7974,15.1224],[108.7977,15.1207],[108.8005,15.1199],[108.8006,15.1169],[108.7998,15.1132],[108.8001,15.1079],[108.8019,15.1079],[108.8019,15.1072],[108.8032,15.1068],[108.8033,15.1003],[108.8049,15.1],[108.8051,15.099],[108.8094,15.0971],[108.8104,15.0972],[108.8136,15.0945],[108.8183,15.0979],[108.819,15.0994],[108.8182,15.1024],[108.8205,15.1019],[108.8216,15.1009],[108.8224,15.101],[108.8233,15.1035],[108.8243,15.1047],[108.8242,15.1052],[108.8251,15.1055],[108.8253,15.1075],[108.8246,15.1088],[108.8255,15.1122],[108.8225,15.1125],[108.8243,15.1161],[108.823,15.1171],[108.824,15.1172],[108.8227,15.1197],[108.8209,15.1189],[108.8205,15.1189],[108.8203,15.1195],[108.822,15.122],[108.8235,15.1254]]]},"properties":{"code":"21025","name":"Cẩm Thành","nameEn":"Cam Thanh","fullName":"Phường Cẩm Thành","fullNameEn":"Cam Thanh Ward","codeName":"cam_thanh","postalCode":"53129","postalCodePrefix":"","gisServerId":"diaphanhanhchinhcapxa_2025.1766","areaKm2":7.93},"id":"21025"},
{"type":"Feature","geometry":{"type":"Polygon","coordinates":[[[108.8125,15.1314],[108.8089,15.1335],[108.8051,15.1372],[108.7996,15.1397],[108.7938,15.1413],[108.7905,15.1411],[108.7877,15.14],[108.7838,15.1374],[108.7827,15.1354],[108.7716,15.1292],[108.7683,15.1286],[108.7663,15.1274],[108.7664,15.1265],[108.7636,15.1266],[108.7627,15.1252],[108.7617,15.1251],[108.7607,15.1243],[108.7598,15.1183],[108.7614,15.1176],[108.7619,15.118],[108.7624,15.117],[108.7617,15.1163],[108.7613,15.1148],[108.7613,15.1144],[108.7621,15.1143],[108.7609,15.108],[108.7588,15.107],[108.7587,15.1047],[108.7598,15.1045],[108.7606,15.1052],[108.7611,15.1047],[108.7627,15.1049],[108.7652,15.1018],[108.7658,15.1018],[108.7666,15.1011],[108.7673,15.1014],[108.7679,15.1007],[108.7686,15.1008],[108.7688,15.102],[108.7709,15.102],[108.778,15.1002],[108.7813,15.0989],[108.7814,15.1009],[108.7808,15.1021],[108.784,15.1028],[108.7853,15.1036],[108.7856,15.1045],[108.7874,15.105],[108.7884,15.104],[108.7902,15.1033],[108.7905,15.1027],[108.7924,15.1023],[108.7969,15.0956],[108.7983,15.0943],[108.8003,15.0949],[108.8008,15.0959],[108.8021,15.0957],[108.804,15.0963],[108.8043,15.0981],[108.8051,15.099],[108.8049,15.1],[108.8033,15.1003],[108.8032,15.1068],[108.8019,15.1072],[108.8019,15.1079],[108.8001,15.1079],[108.7998,15.1132],[108.8006,15.1169],[108.8005,15.1199],[108.7977,15.1207],[108.7974,15.1224],[108.7986,15.1225],[108.7984,15.1238],[108.7979,15.1238],[108.7979,15.1243],[108.7983,15.1243],[108.7978,15.1251],[108.797,15.1249],[108.7968,15.1254],[108.798,15.1259],[108.7982,15.1272],[108.7988,15.1271],[108.7991,15.126],[108.8047,15.1272],[108.8049,15.1267],[108.8066,15.127],[108.8098,15.1282],[108.8105,15.1252],[108.8113,15.1254],[108.8104,15.1283],[108.8121,15.1296],[108.8125,15.1314]]]},"properties":{"code":"21028","name":"Nghĩa Lộ","nameEn":"Nghia Lo","fullName":"Phường Nghĩa Lộ","fullNameEn":"Nghia Lo Ward","codeName":"nghia_lo","postalCode":"53114","postalCodePrefix":"","gisServerId":"diaphanhanhchinhcapxa_2025.1767","areaKm2":17.07},"id":"21028"},
{"type":"Feature","geometry":{"type":"Polygon","coordinates":[[[108.8974,15.144],[108.8913,15.1425],[108.8889,15.1428],[108.8859,15.1438],[108.8818,15.1474],[108.88,15.1478],[108.8795,15.1467],[108.8797,15.1453],[108.8825,15.1429],[108.8768,15.1421],[108.8698,15.1417],[108.8582,15.1422],[108.8524,15.1437],[108.8495,15.1455],[108.8452,15.1432],[108.8426,15.1399],[108.8414,15.1367],[108.8334,15.1292],[108.8278,15.1259],[108.8246,15.1251],[108.8235,15.1254],[108.822,15.122],[108.8203,15.1195],[108.8205,15.1189],[108.8209,15.1189],[108.8227,15.1197],[108.824,15.1172],[108.823,15.1171],[108.8243,15.1161],[108.8225,15.1125],[108.8255,15.1122],[108.8246,15.1088],[108.8253,15.1075],[108.8251,15.1055],[108.8242,15.1052],[108.8243,15.1047],[108.8233,15.1035],[108.8224,15.101],[108.8242,15.1009],[108.825,15.1014],[108.8272,15.1009],[108.8283,15.1016],[108.8302,15.0989],[108.8317,15.099],[108.8331,15.1001],[108.8345,15.0995],[108.8357,15.0977],[108.8373,15.0968],[108.8387,15.099],[108.8397,15.0978],[108.841,15.1003],[108.843,15.0988],[108.8431,15.1004],[108.8427,15.1013],[108.8436,15.1018],[108.8477,15.1009],[108.8488,15.0982],[108.8505,15.0973],[108.8529,15.0992],[108.855,15.0992],[108.8559,15.0999],[108.8572,15.1],[108.8567,15.1019],[108.8574,15.1019],[108.858,15.101],[108.8588,15.1009],[108.8588,15.1016],[108.8602,15.1042],[108.8596,15.1045],[108.8596,15.1053],[108.8613,15.1058],[108.8612,15.1069],[108.8618,15.1074],[108.8628,15.1069],[108.8629,15.1062],[108.8615,15.1053],[108.8629,15.1044],[108.8644,15.1051],[108.8652,15.105],[108.8662,15.1067],[108.8671,15.107],[108.8675,15.1055],[108.8688,15.1055],[108.8696,15.1061],[108.8701,15.1057],[108.8707,15.1063],[108.8731,15.1052],[108.8752,15.1052],[108.8768,15.1043],[108.8793,15.104],[108.8784,15.102],[108.8811,15.1031],[108.8805,15.1042],[108.8807,15.1048],[108.8824,15.1061],[108.8826,15.1076],[108.8839,15.1079],[108.886,15.106],[108.8865,15.1071],[108.8882,15.1076],[108.8886,15.1086],[108.8881,15.1092],[108.8889,15.1103],[108.8885,15.1107],[108.8897,15.1122],[108.8891,15.1147],[108.8904,15.1164],[108.8924,15.1136],[108.8953,15.1122],[108.8966,15.1111],[108.8968,15.1092],[108.8946,15.1074],[108.8945,15.1064],[108.8987,15.1015],[108.8998,15.0976],[108.8997,15.096],[108.9026,15.0945],[108.904,15.0958],[108.8976,15.1288],[108.898,15.1374],[108.8974,15.1398],[108.8974,15.144]]]},"properties":{"code":"21034","name":"An Phú","nameEn":"An Phu","fullName":"Xã An Phú","fullNameEn":"An Phu Commune","codeName":"an_phu","postalCode":"53122","postalCodePrefix":"","gisServerId":"diaphanhanhchinhcapxa_2025.1768","areaKm2":33.93},"id":"21034"},
{"type":"Feature","geometry":{"type":"MultiPolygon","coordinates":[[[[108.7755,15.3857],[108.7739,15.3844],[108.7717,15.3869],[108.772,15.388],[108.7714,15.3887],[108.7692,15.3881],[108.7662,15.388],[108.7617,15.3883],[108.7559,15.3893],[108.7554,15.3899],[108.7537,15.3902],[108.749,15.3921],[108.7393,15.3986],[108.7373,15.3966],[108.7363,15.3937],[108.7232,15.3772],[108.7232,15.3755],[108.721,15.3739],[108.7189,15.3725],[108.7166,15.3724],[108.7155,15.3717],[108.7135,15.3722],[108.7102,15.3708],[108.7067,15.371],[108.7049,15.3719],[108.7028,15.3719],[108.7013,15.3732],[108.7002,15.3722],[108.7003,15.3712],[108.6985,15.3697],[108.6952,15.3702],[108.6947,15.3695],[108.6971,15.3639],[108.6989,15.3626],[108.6999,15.3612],[108.6996,15.36],[108.7004,15.3532],[108.6982,15.3494],[108.6947,15.3484],[108.6935,15.3489],[108.6914,15.349],[108.6902,15.3473],[108.6891,15.3469],[108.6868,15.3471],[108.6864,15.3464],[108.6879,15.3447],[108.6886,15.3418],[108.6892,15.3416],[108.6902,15.3423],[108.6909,15.3419],[108.6906,15.3401],[108.6919,15.3397],[108.6923,15.3389],[108.6941,15.3385],[108.6968,15.3386],[108.6982,15.3356],[108.6999,15.3351],[108.7011,15.3352],[108.7014,15.3344],[108.7022,15.3342],[108.7031,15.333],[108.7026,15.3302],[108.7037,15.3287],[108.7063,15.3267],[108.7067,15.3249],[108.7081,15.3227],[108.7077,15.3216],[108.7081,15.3201],[108.7067,15.3119],[108.7079,15.3113],[108.7093,15.3097],[108.7087,15.3085],[108.7072,15.3075],[108.7064,15.3058],[108.7051,15.3046],[108.706,15.3027],[108.709,15.2989],[108.7112,15.2986],[108.7133,15.2969],[108.7146,15.2951],[108.7154,15.2948],[108.7163,15.2908],[108.7201,15.2901],[108.7204,15.2898],[108.7198,15.2892],[108.7199,15.2882],[108.7226,15.2867],[108.7236,15.2874],[108.727,15.2839],[108.7299,15.2872],[108.7317,15.2885],[108.736,15.2896],[108.7409,15.2881],[108.7424,15.2882],[108.745,15.2893],[108.7466,15.2911],[108.7465,15.2892],[108.7481,15.2884],[108.748,15.2859],[108.7488,15.2848],[108.7502,15.2762],[108.7514,15.2756],[108.7508,15.275],[108.7501,15.2752],[108.7484,15.273],[108.7493,15.2749],[108.749,15.2754],[108.7498,15.2764],[108.7494,15.2769],[108.7471,15.2767],[108.7462,15.2741],[108.7476,15.2707],[108.7471,15.2698],[108.7474,15.2684],[108.749,15.2689],[108.7508,15.2704],[108.7514,15.2696],[108.7519,15.2663],[108.7656,15.2681],[108.766,15.2655],[108.7683,15.266],[108.7686,15.265],[108.7694,15.2652],[108.7692,15.2658],[108.7701,15.2658],[108.7704,15.2667],[108.7713,15.2663],[108.7706,15.2653],[108.7709,15.2637],[108.7713,15.2631],[108.772,15.2633],[108.7723,15.2627],[108.7735,15.263],[108.7733,15.2638],[108.7748,15.265],[108.776,15.2637],[108.7771,15.2641],[108.7766,15.2655],[108.7784,15.2673],[108.7795,15.2656],[108.7799,15.2662],[108.7814,15.2654],[108.7854,15.2666],[108.7864,15.2664],[108.7876,15.2652],[108.7885,15.2661],[108.7887,15.2679],[108.7877,15.2687],[108.7875,15.2696],[108.7868,15.2698],[108.7878,15.2716],[108.7896,15.2728],[108.7904,15.2739],[108.7914,15.2765],[108.7888,15.278],[108.7886,15.2809],[108.7889,15.2816],[108.7883,15.284],[108.7889,15.2862],[108.7899,15.287],[108.7894,15.2878],[108.7869,15.2895],[108.7869,15.2899],[108.7859,15.2898],[108.7841,15.2916],[108.7835,15.2938],[108.7839,15.2941],[108.782,15.2957],[108.7819,15.2966],[108.7806,15.2968],[108.7796,15.2955],[108.7783,15.2958],[108.7785,15.2966],[108.7774,15.2973],[108.7784,15.2991],[108.7783,15.3001],[108.781,15.3011],[108.7816,15.3038],[108.7835,15.3069],[108.7825,15.3077],[108.7753,15.3101],[108.7738,15.3098],[108.7744,15.3111],[108.778,15.3114],[108.7814,15.3092],[108.7821,15.309],[108.7825,15.3095],[108.7825,15.311],[108.7835,15.3128],[108.7841,15.3155],[108.7834,15.3161],[108.7804,15.3158],[108.7798,15.3164],[108.7797,15.3173],[108.7843,15.3198],[108.7852,15.321],[108.7853,15.322],[108.7848,15.3227],[108.784,15.3228],[108.7821,15.3217],[108.7812,15.3217],[108.7798,15.3234],[108.7817,15.3257],[108.7816,15.3265],[108.7833,15.3281],[108.7847,15.3317],[108.7887,15.3341],[108.79,15.3369],[108.7896,15.3378],[108.7883,15.3371],[108.7861,15.3374],[108.7857,15.3371],[108.7835,15.3376],[108.7835,15.3383],[108.7823,15.3388],[108.7823,15.3396],[108.7796,15.3402],[108.7795,15.3399],[108.778,15.3409],[108.7777,15.3418],[108.7802,15.3448],[108.7795,15.346],[108.7798,15.3508],[108.7792,15.3535],[108.7801,15.3587],[108.7782,15.3697],[108.7766,15.3746],[108.7744,15.3788],[108.7745,15.3798],[108.7762,15.382],[108.7755,15.3857]]],[[[108.7707,15.3913],[108.7718,15.3916],[108.7727,15.3925],[108.7708,15.3919],[108.7707,15.3913]]]]},"properties":{"code":"21040","name":"Bình Sơn","nameEn":"Binh Son","fullName":"Xã Bình Sơn","fullNameEn":"Binh Son Commune","codeName":"binh_son","postalCode":"53331","postalCodePrefix":"","gisServerId":"diaphanhanhchinhcapxa_2025.1736","areaKm2":100.07},"id":"21040"},
{"type":"Feature","geometry":{"type":"MultiPolygon","coordinates":[[[[108.7762,15.3877],[108.7756,15.388],[108.7751,15.3876],[108.7754,15.3865],[108.7764,15.3865],[108.7762,15.3877]]],[[[108.8737,15.2916],[108.8714,15.2964],[108.8701,15.2967],[108.8703,15.295],[108.8696,15.2945],[108.8675,15.2952],[108.8698,15.2947],[108.8702,15.2953],[108.8697,15.2957],[108.8697,15.2967],[108.8701,15.297],[108.8712,15.2965],[108.8695,15.3014],[108.8703,15.3035],[108.8715,15.305],[108.8713,15.3063],[108.8727,15.3089],[108.874,15.3098],[108.8751,15.3115],[108.8761,15.3148],[108.8774,15.3151],[108.8791,15.3164],[108.8807,15.3186],[108.8806,15.321],[108.8812,15.3222],[108.88,15.3243],[108.8813,15.3251],[108.8821,15.3246],[108.8832,15.3251],[108.884,15.3249],[108.8828,15.326],[108.8826,15.3269],[108.8832,15.3279],[108.8823,15.3288],[108.8775,15.3284],[108.8728,15.3304],[108.8702,15.3305],[108.8679,15.3319],[108.8655,15.3351],[108.8637,15.3396],[108.8642,15.3441],[108.8661,15.3468],[108.868,15.3469],[108.8702,15.3485],[108.8703,15.3497],[108.871,15.3507],[108.8706,15.351],[108.8708,15.3518],[108.8695,15.3512],[108.8691,15.3518],[108.8672,15.3509],[108.8671,15.3527],[108.8666,15.3526],[108.8665,15.3533],[108.8657,15.3533],[108.8646,15.3519],[108.8638,15.3518],[108.8616,15.3494],[108.8612,15.3478],[108.8618,15.3468],[108.8605,15.3457],[108.8582,15.347],[108.8568,15.3463],[108.8554,15.3467],[108.8548,15.3474],[108.8552,15.3481],[108.8545,15.3488],[108.8535,15.3487],[108.8531,15.3482],[108.851,15.3483],[108.8483,15.3505],[108.8429,15.3561],[108.8412,15.3587],[108.8405,15.3589],[108.8294,15.3749],[108.8271,15.379],[108.8273,15.3817],[108.8277,15.3837],[108.8289,15.385],[108.8293,15.3848],[108.8293,15.3861],[108.8302,15.3864],[108.83,15.3875],[108.8322,15.3915],[108.8323,15.3933],[108.8315,15.3952],[108.8318,15.3984],[108.8313,15.3995],[108.8302,15.3987],[108.8302,15.3977],[108.8277,15.3979],[108.8276,15.3984],[108.8266,15.3989],[108.8264,15.4006],[108.8256,15.4009],[108.8246,15.4025],[108.8237,15.4024],[108.8237,15.4041],[108.8245,15.4043],[108.8245,15.4048],[108.8236,15.4063],[108.823,15.4059],[108.8222,15.4064],[108.8229,15.4084],[108.8222,15.4091],[108.8223,15.4112],[108.8219,15.4116],[108.8223,15.4125],[108.8248,15.4136],[108.8258,15.413],[108.826,15.414],[108.8276,15.415],[108.8275,15.4162],[108.8283,15.4162],[108.828,15.4171],[108.827,15.4173],[108.8263,15.4186],[108.8261,15.4183],[108.8242,15.4195],[108.8222,15.4186],[108.82,15.4185],[108.8196,15.418],[108.8189,15.418],[108.8187,15.4162],[108.817,15.4153],[108.8161,15.4136],[108.8144,15.4128],[108.8145,15.4123],[108.8103,15.4122],[108.8071,15.4135],[108.8043,15.4156],[108.7985,15.4215],[108.7982,15.4229],[108.7995,15.4236],[108.7993,15.4245],[108.7986,15.425],[108.7975,15.4247],[108.7979,15.4237],[108.7971,15.4241],[108.7969,15.4231],[108.7956,15.4235],[108.7953,15.4231],[108.7969,15.4222],[108.7964,15.4219],[108.7966,15.4212],[108.7959,15.4211],[108.7956,15.4182],[108.7961,15.4179],[108.7956,15.4178],[108.7953,15.4172],[108.7957,15.4155],[108.7978,15.414],[108.7969,15.4129],[108.7979,15.412],[108.7993,15.4125],[108.8012,15.411],[108.8023,15.4118],[108.8021,15.4092],[108.8028,15.4085],[108.8037,15.4087],[108.8038,15.408],[108.8047,15.4084],[108.8054,15.4076],[108.8073,15.4081],[108.808,15.4075],[108.8078,15.4038],[108.8068,15.4013],[108.805,15.3983],[108.8029,15.3968],[108.7992,15.4014],[108.7976,15.3999],[108.7949,15.3999],[108.7949,15.3942],[108.7907,15.3943],[108.7907,15.399],[108.7903,15.3998],[108.7901,15.3943],[108.7887,15.3943],[108.7883,15.392],[108.7854,15.392],[108.7852,15.3914],[108.7836,15.3914],[108.7831,15.3926],[108.7822,15.3921],[108.781,15.3923],[108.7804,15.3919],[108.7801,15.3889],[108.78,15.3903],[108.7791,15.3905],[108.7791,15.3915],[108.7779,15.3916],[108.7779,15.3894],[108.7766,15.389],[108.7774,15.3872],[108.7755,15.3857],[108.7762,15.382],[108.7745,15.3798],[108.7744,15.3788],[108.7766,15.3746],[108.7782,15.3697],[108.7801,15.3587],[108.7792,15.3535],[108.7798,15.3508],[108.7795,15.346],[108.7802,15.3448],[108.7777,15.3418],[108.778,15.3409],[108.7795,15.3399],[108.7796,15.3402],[108.7823,15.3396],[108.7823,15.3388],[108.7835,15.3383],[108.7835,15.3376],[108.7857,15.3371],[108.7861,15.3374],[108.7883,15.3371],[108.7896,15.3378],[108.79,15.3369],[108.7887,15.3341],[108.7847,15.3317],[108.7833,15.3281],[108.7816,15.3265],[108.7817,15.3257],[108.7798,15.3234],[108.7812,15.3217],[108.7821,15.3217],[108.784,15.3228],[108.7848,15.3227],[108.7853,15.322],[108.7852,15.321],[108.7843,15.3198],[108.7797,15.3173],[108.7798,15.3164],[108.7804,15.3158],[108.7834,15.3161],[108.7841,15.3155],[108.7835,15.3128],[108.7825,15.311],[108.7825,15.3095],[108.7821,15.309],[108.7814,15.3092],[108.778,15.3114],[108.7744,15.3111],[108.7738,15.3098],[108.7753,15.3101],[108.7825,15.3077],[108.7835,15.3069],[108.7816,15.3038],[108.781,15.3011],[108.7783,15.3001],[108.7784,15.2991],[108.7774,15.2973],[108.7785,15.2966],[108.7783,15.2958],[108.7796,15.2955],[108.7806,15.2968],[108.7819,15.2966],[108.782,15.2957],[108.7839,15.2941],[108.7835,15.2938],[108.7841,15.2916],[108.7859,15.2898],[108.7869,15.2899],[108.7869,15.2895],[108.7894,15.2878],[108.7899,15.287],[108.7889,15.2862],[108.7883,15.284],[108.7889,15.2816],[108.7886,15.2809],[108.7888,15.278],[108.7914,15.2765],[108.7904,15.2739],[108.7916,15.2752],[108.7933,15.2759],[108.7948,15.2778],[108.7958,15.2776],[108.7953,15.2784],[108.7958,15.2794],[108.7982,15.2801],[108.7985,15.281],[108.7981,15.2817],[108.7987,15.2835],[108.7995,15.2837],[108.7992,15.2862],[108.8007,15.2862],[108.8008,15.283],[108.8016,15.283],[108.8019,15.2858],[108.8038,15.2866],[108.8031,15.2884],[108.8042,15.2908],[108.8036,15.2917],[108.8038,15.293],[108.8051,15.2943],[108.8053,15.2955],[108.8081,15.2947],[108.8082,15.296],[108.8102,15.2971],[108.8103,15.2961],[108.8115,15.2956],[108.8123,15.2966],[108.8135,15.2959],[108.8124,15.2939],[108.8129,15.2913],[108.8141,15.2913],[108.8162,15.2887],[108.8169,15.2859],[108.8183,15.2858],[108.8187,15.2853],[108.8181,15.2841],[108.8179,15.2798],[108.8196,15.279],[108.8201,15.2797],[108.8208,15.2797],[108.8205,15.2777],[108.8211,15.2775],[108.8229,15.2786],[108.8237,15.2775],[108.8244,15.2802],[108.8273,15.2792],[108.8279,15.2806],[108.8292,15.2817],[108.8315,15.2813],[108.8349,15.2791],[108.8441,15.2759],[108.8454,15.2765],[108.8485,15.2763],[108.8496,15.2757],[108.8504,15.2742],[108.8512,15.2715],[108.8509,15.2705],[108.8513,15.2688],[108.8563,15.2696],[108.8581,15.2693],[108.8582,15.2698],[108.8602,15.2701],[108.8611,15.269],[108.8614,15.2676],[108.8627,15.2674],[108.866,15.2714],[108.8627,15.2761],[108.8635,15.2764],[108.864,15.2779],[108.8669,15.279],[108.8668,15.2804],[108.8689,15.2807],[108.869,15.2815],[108.8682,15.2817],[108.8681,15.2822],[108.8737,15.2916]]]]},"properties":{"code":"21061","name":"Vạn Tường","nameEn":"Van Tuong","fullName":"Xã Vạn Tường","fullNameEn":"Van Tuong Commune","codeName":"van_tuong","postalCode":"53332","postalCodePrefix":"","gisServerId":"diaphanhanhchinhcapxa_2025.1735","areaKm2":109.28},"id":"21061"},
{"type":"Feature","geometry":{"type":"Polygon","coordinates":[[[108.727,15.2839],[108.7236,15.2874],[108.7226,15.2867],[108.7199,15.2882],[108.7198,15.2892],[108.7204,15.2898],[108.7201,15.2901],[108.7163,15.2908],[108.7154,15.2948],[108.7146,15.2951],[108.7133,15.2969],[108.7112,15.2986],[108.709,15.2989],[108.706,15.3027],[108.7051,15.3046],[108.7064,15.3058],[108.7072,15.3075],[108.7087,15.3085],[108.7093,15.3097],[108.7079,15.3113],[108.7067,15.3119],[108.7081,15.3201],[108.7077,15.3216],[108.7081,15.3227],[108.7067,15.3249],[108.7063,15.3267],[108.7037,15.3287],[108.7026,15.3302],[108.7031,15.333],[108.7022,15.3342],[108.7014,15.3344],[108.7011,15.3352],[108.6999,15.3351],[108.6982,15.3356],[108.6968,15.3386],[108.6941,15.3385],[108.6923,15.3389],[108.6919,15.3397],[108.6906,15.3401],[108.6909,15.3419],[108.6902,15.3423],[108.6892,15.3416],[108.6886,15.3418],[108.6879,15.3447],[108.6864,15.3464],[108.6868,15.3471],[108.6891,15.3469],[108.6902,15.3473],[108.6914,15.349],[108.6935,15.3489],[108.6947,15.3484],[108.6982,15.3494],[108.7004,15.3532],[108.6996,15.36],[108.6999,15.3612],[108.6989,15.3626],[108.6971,15.3639],[108.6947,15.3695],[108.6919,15.368],[108.691,15.3688],[108.6902,15.3683],[108.6886,15.3691],[108.687,15.3692],[108.6847,15.3676],[108.6803,15.3669],[108.6797,15.3696],[108.6765,15.3692],[108.6744,15.3673],[108.6732,15.3648],[108.6716,15.3638],[108.67,15.3652],[108.6679,15.365],[108.6654,15.3661],[108.6631,15.3682],[108.6619,15.3699],[108.6605,15.3669],[108.6596,15.3661],[108.6559,15.3664],[108.6551,15.3675],[108.6551,15.3688],[108.6519,15.3675],[108.6507,15.3662],[108.65,15.366],[108.6487,15.3662],[108.6447,15.3681],[108.642,15.3679],[108.6403,15.3643],[108.6375,15.3633],[108.6344,15.363],[108.6328,15.3599],[108.6294,15.3566],[108.628,15.3562],[108.6249,15.3575],[108.6228,15.3576],[108.6216,15.3562],[108.6205,15.3557],[108.6188,15.3557],[108.6174,15.3544],[108.6151,15.3531],[108.6119,15.3534],[108.6103,15.3524],[108.6082,15.3529],[108.6069,15.3521],[108.6029,15.3526],[108.6018,15.3504],[108.6027,15.3457],[108.5966,15.344],[108.5949,15.3445],[108.592,15.3472],[108.5874,15.3419],[108.5869,15.3406],[108.5827,15.3355],[108.58,15.3352],[108.5785,15.3318],[108.5786,15.3289],[108.5768,15.3242],[108.5777,15.3236],[108.5781,15.322],[108.5795,15.3213],[108.5797,15.3167],[108.5819,15.3117],[108.5834,15.3107],[108.5835,15.3094],[108.5829,15.3073],[108.5835,15.3063],[108.5866,15.3045],[108.5874,15.3006],[108.5883,15.2992],[108.5913,15.2986],[108.5916,15.298],[108.5927,15.2977],[108.593,15.297],[108.5963,15.2978],[108.5983,15.2964],[108.5998,15.2962],[108.6,15.2967],[108.6028,15.2956],[108.6055,15.2937],[108.6059,15.2918],[108.6076,15.2897],[108.6101,15.2849],[108.613,15.2823],[108.6134,15.2802],[108.6147,15.2779],[108.6161,15.2765],[108.6179,15.2736],[108.6202,15.2735],[108.6208,15.2693],[108.6217,15.2669],[108.6229,15.2666],[108.6233,15.2661],[108.623,15.2645],[108.6237,15.2616],[108.6234,15.2602],[108.6275,15.2608],[108.6329,15.2596],[108.6349,15.2616],[108.6367,15.2623],[108.6423,15.2602],[108.646,15.2601],[108.6495,15.262],[108.6518,15.2625],[108.653,15.2635],[108.6568,15.2621],[108.6588,15.2628],[108.6638,15.2631],[108.6665,15.2644],[108.671,15.2638],[108.6765,15.2679],[108.681,15.269],[108.6852,15.2695],[108.6896,15.272],[108.6926,15.2722],[108.6943,15.2718],[108.6969,15.2684],[108.6988,15.2669],[108.7032,15.2662],[108.7051,15.2664],[108.7092,15.2697],[108.7147,15.2719],[108.7186,15.2779],[108.7237,15.2811],[108.727,15.2839]]]},"properties":{"code":"21085","name":"Bình Minh","nameEn":"Binh Minh","fullName":"Xã Bình Minh","fullNameEn":"Binh Minh Commune","codeName":"binh_minh","postalCode":"53322","postalCodePrefix":"","gisServerId":"diaphanhanhchinhcapxa_2025.1751","areaKm2":128.6},"id":"21085"},
{"type":"Feature","geometry":{"type":"Polygon","coordinates":[[[108.6423,15.2602],[108.6417,15.2594],[108.6408,15.2597],[108.6383,15.2588],[108.6369,15.256],[108.6356,15.256],[108.6346,15.2552],[108.6338,15.2554],[108.6337,15.2545],[108.6345,15.2531],[108.6328,15.2502],[108.6313,15.2487],[108.6338,15.2447],[108.631,15.2424],[108.6318,15.2414],[108.6385,15.2367],[108.6396,15.236],[108.6407,15.2407],[108.6546,15.2401],[108.6554,15.2404],[108.6563,15.2426],[108.6605,15.244],[108.6623,15.2454],[108.6629,15.2447],[108.6641,15.2445],[108.6646,15.2455],[108.6655,15.2458],[108.6663,15.2448],[108.6674,15.2449],[108.6678,15.244],[108.6696,15.2449],[108.6708,15.2449],[108.6716,15.244],[108.6727,15.2436],[108.6735,15.2425],[108.675,15.2421],[108.6762,15.2424],[108.6762,15.2433],[108.6791,15.2426],[108.6821,15.2459],[108.6838,15.2451],[108.6858,15.245],[108.6865,15.2441],[108.6871,15.2451],[108.6891,15.2466],[108.6892,15.2474],[108.6902,15.2475],[108.6893,15.2486],[108.6903,15.2485],[108.6917,15.2501],[108.6936,15.2504],[108.6933,15.2515],[108.6935,15.2541],[108.695,15.255],[108.6948,15.256],[108.6972,15.2565],[108.6978,15.2571],[108.7053,15.2577],[108.7043,15.2559],[108.7053,15.2552],[108.7079,15.256],[108.7094,15.2551],[108.7095,15.2544],[108.7111,15.2548],[108.7117,15.2543],[108.7134,15.2543],[108.7218,15.2488],[108.7269,15.2477],[108.7284,15.2475],[108.7403,15.2487],[108.7394,15.2534],[108.74,15.2546],[108.7398,15.2566],[108.7405,15.2606],[108.7416,15.2626],[108.7427,15.2628],[108.744,15.2622],[108.7463,15.2635],[108.7458,15.2662],[108.7465,15.2679],[108.7474,15.2684],[108.7471,15.2698],[108.7476,15.2707],[108.7462,15.2741],[108.7471,15.2767],[108.7494,15.2769],[108.7498,15.2764],[108.749,15.2754],[108.7493,15.2749],[108.7484,15.273],[108.7501,15.2752],[108.7508,15.275],[108.7514,15.2756],[108.7502,15.2762],[108.7488,15.2848],[108.748,15.2859],[108.7481,15.2884],[108.7465,15.2892],[108.7466,15.2911],[108.745,15.2893],[108.7424,15.2882],[108.7409,15.2881],[108.736,15.2896],[108.7317,15.2885],[108.7299,15.2872],[108.727,15.2839],[108.7237,15.2811],[108.7186,15.2779],[108.7147,15.2719],[108.7092,15.2697],[108.7051,15.2664],[108.7032,15.2662],[108.6988,15.2669],[108.6969,15.2684],[108.6943,15.2718],[108.6926,15.2722],[108.6896,15.272],[108.6852,15.2695],[108.681,15.269],[108.6765,15.2679],[108.671,15.2638],[108.6665,15.2644],[108.6638,15.2631],[108.6588,15.2628],[108.6568,15.2621],[108.653,15.2635],[108.6518,15.2625],[108.6495,15.262],[108.646,15.2601],[108.6423,15.2602]]]},"properties":{"code":"21100","name":"Bình Chương","nameEn":"Binh Chuong","fullName":"Xã Bình Chương","fullNameEn":"Binh Chuong Commune","codeName":"binh_chuong","postalCode":"53312","postalCodePrefix":"","gisServerId":"diaphanhanhchinhcapxa_2025.1752","areaKm2":30.79},"id":"21100"},
{"type":"Feature","geometry":{"type":"MultiPolygon","coordinates":[[[[108.94,15.2455],[108.9403,15.2459],[108.9398,15.2461],[108.94,15.2455]]],[[[108.9376,15.2488],[108.9378,15.2495],[108.937,15.2499],[108.937,15.2492],[108.9376,15.2488]]],[[[108.936,15.2497],[108.9364,15.2501],[108.9359,15.2504],[108.9355,15.25],[108.936,15.2497]]],[[[108.9325,15.2525],[108.9332,15.2528],[108.9331,15.2535],[108.9315,15.2541],[108.9313,15.253],[108.9325,15.2525]]],[[[108.8737,15.2916],[108.8681,15.2822],[108.8682,15.2817],[108.869,15.2815],[108.8689,15.2807],[108.8668,15.2804],[108.8669,15.279],[108.864,15.2779],[108.8635,15.2764],[108.8627,15.2761],[108.866,15.2714],[108.8627,15.2674],[108.8614,15.2676],[108.8611,15.269],[108.8602,15.2701],[108.8582,15.2698],[108.8581,15.2693],[108.8563,15.2696],[108.8513,15.2688],[108.8509,15.2705],[108.8512,15.2715],[108.8504,15.2742],[108.8496,15.2757],[108.8485,15.2763],[108.8454,15.2765],[108.8441,15.2759],[108.8349,15.2791],[108.8315,15.2813],[108.8292,15.2817],[108.8279,15.2806],[108.8273,15.2792],[108.8244,15.2802],[108.8237,15.2775],[108.8229,15.2786],[108.8211,15.2775],[108.8205,15.2777],[108.8208,15.2797],[108.8201,15.2797],[108.8196,15.279],[108.8179,15.2798],[108.8181,15.2841],[108.8187,15.2853],[108.8183,15.2858],[108.8169,15.2859],[108.8162,15.2887],[108.8141,15.2913],[108.8129,15.2913],[108.8124,15.2939],[108.8135,15.2959],[108.8123,15.2966],[108.8115,15.2956],[108.8103,15.2961],[108.8102,15.2971],[108.8082,15.296],[108.8081,15.2947],[108.8053,15.2955],[108.8051,15.2943],[108.8038,15.293],[108.8036,15.2917],[108.8042,15.2908],[108.8031,15.2884],[108.8038,15.2866],[108.8019,15.2858],[108.8016,15.283],[108.8008,15.283],[108.8007,15.2862],[108.7992,15.2862],[108.7995,15.2837],[108.7987,15.2835],[108.7981,15.2817],[108.7985,15.281],[108.7982,15.2801],[108.7958,15.2794],[108.7953,15.2784],[108.7958,15.2776],[108.7948,15.2778],[108.7933,15.2759],[108.7916,15.2752],[108.7904,15.2739],[108.7896,15.2728],[108.7878,15.2716],[108.7868,15.2698],[108.7875,15.2696],[108.7877,15.2687],[108.7887,15.2679],[108.7885,15.2661],[108.7876,15.2652],[108.7864,15.2664],[108.7854,15.2666],[108.7814,15.2654],[108.7799,15.2662],[108.7795,15.2656],[108.7784,15.2673],[108.7766,15.2655],[108.7771,15.2641],[108.776,15.2637],[108.7748,15.265],[108.7733,15.2638],[108.7735,15.263],[108.7723,15.2627],[108.772,15.2633],[108.7713,15.2631],[108.7709,15.2637],[108.7706,15.2653],[108.7713,15.2663],[108.7704,15.2667],[108.7701,15.2658],[108.7692,15.2658],[108.7694,15.2652],[108.7686,15.265],[108.7683,15.266],[108.766,15.2655],[108.7656,15.2681],[108.7519,15.2663],[108.7527,15.2621],[108.7544,15.2597],[108.7569,15.2594],[108.7577,15.2581],[108.7592,15.2569],[108.7603,15.2546],[108.7608,15.252],[108.7618,15.2513],[108.7628,15.2545],[108.7674,15.2547],[108.7681,15.2543],[108.7686,15.2531],[108.7677,15.2524],[108.7676,15.2517],[108.7693,15.2512],[108.7691,15.2502],[108.7681,15.251],[108.7675,15.2506],[108.7681,15.248],[108.769,15.2469],[108.7708,15.2471],[108.772,15.2466],[108.7715,15.2447],[108.7695,15.2429],[108.7692,15.2416],[108.7681,15.2409],[108.7681,15.2389],[108.7672,15.239],[108.7672,15.2381],[108.7659,15.2377],[108.7683,15.2305],[108.7698,15.2224],[108.7727,15.2217],[108.7727,15.2213],[108.7741,15.2209],[108.774,15.2204],[108.779,15.2192],[108.7799,15.2194],[108.779,15.2203],[108.7786,15.2228],[108.7781,15.2236],[108.7802,15.2238],[108.7809,15.228],[108.7864,15.2298],[108.7863,15.2304],[108.7891,15.2297],[108.7904,15.2315],[108.7917,15.232],[108.794,15.2341],[108.7997,15.235],[108.8002,15.2358],[108.802,15.2368],[108.8019,15.2385],[108.8028,15.2397],[108.8056,15.241],[108.8086,15.2416],[108.8099,15.241],[108.8122,15.2411],[108.815,15.2403],[108.8205,15.2428],[108.8245,15.242],[108.8275,15.2425],[108.8282,15.2422],[108.8302,15.2424],[108.8343,15.2419],[108.8348,15.2401],[108.8343,15.2388],[108.8285,15.2359],[108.8279,15.2332],[108.8267,15.2315],[108.8265,15.2296],[108.8293,15.2239],[108.8288,15.2205],[108.8271,15.2192],[108.8242,15.2153],[108.8204,15.2134],[108.8195,15.2112],[108.818,15.2097],[108.817,15.2078],[108.8174,15.2033],[108.8216,15.1989],[108.8232,15.198],[108.8251,15.201],[108.826,15.201],[108.8257,15.2017],[108.8261,15.2023],[108.8291,15.2012],[108.8305,15.2014],[108.8318,15.2006],[108.8305,15.2028],[108.8303,15.2053],[108.8333,15.2039],[108.8359,15.2036],[108.8369,15.2028],[108.8368,15.2024],[108.8377,15.2024],[108.8377,15.2018],[108.8438,15.1987],[108.8472,15.2021],[108.8499,15.2073],[108.852,15.2087],[108.8563,15.2059],[108.86,15.2028],[108.8628,15.2058],[108.8647,15.2054],[108.8637,15.2041],[108.8641,15.2038],[108.8639,15.2035],[108.865,15.2033],[108.865,15.2023],[108.864,15.2023],[108.864,15.2018],[108.8614,15.2009],[108.8617,15.2],[108.8602,15.1997],[108.8603,15.1981],[108.8592,15.196],[108.8597,15.1949],[108.8587,15.1944],[108.8578,15.1946],[108.8577,15.1941],[108.8587,15.1939],[108.8575,15.1901],[108.8579,15.1901],[108.8575,15.1886],[108.8596,15.1881],[108.8597,15.1868],[108.8626,15.1866],[108.863,15.186],[108.8626,15.1854],[108.8658,15.185],[108.8685,15.1861],[108.8681,15.1872],[108.8702,15.1876],[108.8712,15.1899],[108.8722,15.1902],[108.8736,15.1919],[108.8748,15.1922],[108.8768,15.1916],[108.879,15.1885],[108.881,15.187],[108.883,15.1867],[108.8841,15.1873],[108.8845,15.1892],[108.8829,15.1915],[108.8822,15.1945],[108.8824,15.1955],[108.8838,15.1967],[108.8841,15.1991],[108.8835,15.2],[108.8805,15.2018],[108.8828,15.2058],[108.8863,15.2068],[108.8923,15.2064],[108.8944,15.2085],[108.9006,15.2088],[108.9022,15.2102],[108.9032,15.2133],[108.9046,15.2151],[108.91,15.2171],[108.9122,15.2174],[108.9147,15.2122],[108.9154,15.2117],[108.9172,15.2135],[108.921,15.2145],[108.9232,15.2136],[108.9249,15.2121],[108.9252,15.2112],[108.9278,15.2103],[108.9301,15.2115],[108.9309,15.2126],[108.9328,15.2133],[108.9354,15.216],[108.936,15.2177],[108.9355,15.2185],[108.9362,15.2185],[108.9372,15.2204],[108.9387,15.2217],[108.9367,15.2229],[108.9368,15.2242],[108.9375,15.225],[108.9415,15.2268],[108.9419,15.2294],[108.9409,15.2296],[108.9407,15.2304],[108.9422,15.2326],[108.9424,15.2339],[108.944,15.2352],[108.9428,15.2359],[108.9419,15.235],[108.9413,15.235],[108.9416,15.2362],[108.9407,15.2368],[108.9411,15.2377],[108.9408,15.2378],[108.9409,15.2388],[108.9399,15.2396],[108.9406,15.2424],[108.9399,15.2424],[108.9397,15.2434],[108.9384,15.2436],[108.937,15.2447],[108.9364,15.2473],[108.9355,15.2471],[108.935,15.2463],[108.9333,15.2459],[108.9296,15.2466],[108.9284,15.2473],[108.9274,15.2486],[108.9263,15.2489],[108.925,15.2463],[108.9243,15.2457],[108.9203,15.2444],[108.9176,15.2453],[108.9161,15.2453],[108.9144,15.2462],[108.906,15.2516],[108.9005,15.2563],[108.8934,15.2641],[108.8844,15.2759],[108.8761,15.2879],[108.8753,15.2898],[108.8737,15.2916]]]]},"properties":{"code":"21109","name":"Đông Sơn","nameEn":"Dong Son","fullName":"Xã Đông Sơn","fullNameEn":"Dong Son Commune","codeName":"dong_son","postalCode":"53333","postalCodePrefix":"","gisServerId":"diaphanhanhchinhcapxa_2025.1769","areaKm2":115.83},"id":"21109"},
{"type":"Feature","geometry":{"type":"Polygon","coordinates":[[[108.5751,15.2145],[108.5744,15.2201],[108.5753,15.2283],[108.5751,15.239],[108.5757,15.2413],[108.5748,15.2415],[108.5708,15.2445],[108.5704,15.2483],[108.5691,15.2503],[108.566,15.2505],[108.5646,15.25],[108.5623,15.2509],[108.5559,15.2496],[108.5511,15.25],[108.5512,15.2511],[108.5522,15.2525],[108.5527,15.2559],[108.554,15.2568],[108.554,15.2579],[108.5557,15.259],[108.5562,15.2601],[108.5585,15.2599],[108.5578,15.2605],[108.5584,15.2616],[108.5578,15.2646],[108.5584,15.2684],[108.56,15.268],[108.5599,15.2659],[108.5616,15.2649],[108.5668,15.2662],[108.5656,15.2682],[108.5638,15.2696],[108.5635,15.2743],[108.5583,15.2781],[108.5563,15.2788],[108.553,15.2832],[108.5534,15.2844],[108.553,15.285],[108.5528,15.287],[108.5532,15.2896],[108.5517,15.2901],[108.5515,15.2915],[108.5504,15.2936],[108.549,15.2934],[108.5475,15.2958],[108.545,15.2977],[108.5483,15.3],[108.5443,15.305],[108.5429,15.309],[108.5386,15.3117],[108.5363,15.3153],[108.5362,15.3172],[108.5375,15.3226],[108.5345,15.3271],[108.5345,15.3288],[108.5332,15.3316],[108.5332,15.3276],[108.5308,15.3254],[108.5305,15.3243],[108.5285,15.3234],[108.5267,15.3201],[108.5257,15.3201],[108.5196,15.3228],[108.5174,15.3228],[108.5155,15.3217],[108.5139,15.3231],[108.5114,15.3238],[108.5076,15.3262],[108.5025,15.3252],[108.4993,15.3239],[108.4978,15.3223],[108.497,15.3184],[108.4958,15.3172],[108.4949,15.315],[108.4911,15.3132],[108.4885,15.3113],[108.4872,15.3094],[108.4859,15.3084],[108.4842,15.308],[108.4808,15.3081],[108.4785,15.3094],[108.4775,15.3125],[108.4772,15.3117],[108.475,15.3101],[108.4737,15.3105],[108.4704,15.3098],[108.4684,15.3107],[108.4661,15.3107],[108.4642,15.3096],[108.4611,15.3094],[108.4584,15.3105],[108.4575,15.3097],[108.4548,15.3104],[108.4518,15.3104],[108.4506,15.31],[108.4474,15.3124],[108.4443,15.3119],[108.4424,15.3127],[108.4374,15.3134],[108.4355,15.3172],[108.4358,15.3198],[108.4341,15.3259],[108.4316,15.3259],[108.4302,15.3252],[108.4281,15.3222],[108.4267,15.3157],[108.4225,15.3127],[108.4217,15.3115],[108.4259,15.3113],[108.4272,15.3076],[108.4276,15.3024],[108.4316,15.3022],[108.4322,15.2986],[108.4333,15.2972],[108.4344,15.2972],[108.4357,15.2966],[108.4364,15.295],[108.4386,15.2864],[108.4361,15.284],[108.4378,15.282],[108.436,15.2763],[108.4367,15.2746],[108.4358,15.273],[108.4364,15.2713],[108.4358,15.2658],[108.441,15.2664],[108.4518,15.266],[108.4539,15.2637],[108.4579,15.2626],[108.4558,15.262],[108.4551,15.2585],[108.4561,15.2563],[108.4578,15.2552],[108.4582,15.2541],[108.4574,15.2519],[108.4534,15.2505],[108.4532,15.2493],[108.4563,15.245],[108.4567,15.2431],[108.4581,15.2407],[108.4586,15.2375],[108.4603,15.236],[108.4605,15.2324],[108.4645,15.2288],[108.464,15.2236],[108.4648,15.2218],[108.4647,15.2206],[108.4642,15.2204],[108.4628,15.2216],[108.4595,15.2218],[108.4618,15.2159],[108.4631,15.2147],[108.4627,15.2132],[108.463,15.2112],[108.4654,15.2069],[108.4673,15.2053],[108.4675,15.2032],[108.4693,15.2054],[108.4711,15.2099],[108.476,15.2088],[108.479,15.2088],[108.4806,15.2073],[108.4816,15.2077],[108.4838,15.206],[108.4848,15.2046],[108.4878,15.2025],[108.4906,15.2037],[108.4945,15.2033],[108.5005,15.2041],[108.5019,15.2066],[108.5029,15.2074],[108.506,15.2073],[108.5087,15.209],[108.5102,15.2094],[108.5103,15.2103],[108.5129,15.2105],[108.5164,15.2121],[108.5175,15.2142],[108.517,15.2177],[108.5195,15.2185],[108.5225,15.2215],[108.5238,15.2239],[108.5231,15.2259],[108.526,15.2251],[108.5273,15.2263],[108.5285,15.2268],[108.5318,15.2259],[108.534,15.2264],[108.5349,15.2248],[108.5382,15.2232],[108.5412,15.2238],[108.5447,15.2235],[108.5454,15.2208],[108.5468,15.2187],[108.5465,15.2175],[108.5477,15.2161],[108.5492,15.2163],[108.5497,15.2171],[108.5527,15.2181],[108.5531,15.2194],[108.5548,15.22],[108.5575,15.2194],[108.5608,15.2159],[108.5659,15.2145],[108.5672,15.2137],[108.5736,15.2133],[108.5747,15.2135],[108.5751,15.2145]]]},"properties":{"code":"21115","name":"Trà Bồng","nameEn":"Tra Bong","fullName":"Xã Trà Bồng","fullNameEn":"Tra Bong Commune","codeName":"tra_bong","postalCode":"53416","postalCodePrefix":"","gisServerId":"diaphanhanhchinhcapxa_2025.1749","areaKm2":139.43},"id":"21115"},
{"type":"Feature","geometry":{"type":"Polygon","coordinates":[[[108.4675,15.2032],[108.4673,15.2053],[108.4654,15.2069],[108.463,15.2112],[108.4627,15.2132],[108.4631,15.2147],[108.4618,15.2159],[108.4595,15.2218],[108.4628,15.2216],[108.4642,15.2204],[108.4647,15.2206],[108.4648,15.2218],[108.464,15.2236],[108.4645,15.2288],[108.4605,15.2324],[108.4603,15.236],[108.4586,15.2375],[108.4581,15.2407],[108.4567,15.2431],[108.4563,15.245],[108.4532,15.2493],[108.4534,15.2505],[108.4574,15.2519],[108.4582,15.2541],[108.4578,15.2552],[108.4561,15.2563],[108.4551,15.2585],[108.4558,15.262],[108.4579,15.2626],[108.4539,15.2637],[108.4518,15.266],[108.441,15.2664],[108.4358,15.2658],[108.4364,15.2713],[108.4358,15.273],[108.4367,15.2746],[108.436,15.2763],[108.4378,15.282],[108.4361,15.284],[108.4386,15.2864],[108.4364,15.295],[108.4357,15.2966],[108.4344,15.2972],[108.4333,15.2972],[108.4322,15.2986],[108.4316,15.3022],[108.4276,15.3024],[108.4272,15.3076],[108.4259,15.3113],[108.4217,15.3115],[108.4157,15.3065],[108.4148,15.3066],[108.4133,15.3081],[108.4104,15.3082],[108.4097,15.3091],[108.4066,15.3107],[108.4053,15.3096],[108.4032,15.309],[108.4028,15.308],[108.4036,15.3071],[108.4028,15.3057],[108.4033,15.3041],[108.4033,15.3008],[108.4027,15.3003],[108.4016,15.3005],[108.3988,15.3],[108.3966,15.2991],[108.3945,15.2991],[108.3928,15.2984],[108.3874,15.302],[108.3827,15.3033],[108.3788,15.3034],[108.3777,15.3026],[108.375,15.302],[108.3736,15.3005],[108.3716,15.3001],[108.3677,15.298],[108.3659,15.2976],[108.3644,15.2957],[108.3643,15.2944],[108.3617,15.2955],[108.359,15.2953],[108.3552,15.2968],[108.3524,15.2966],[108.3515,15.2957],[108.3482,15.2972],[108.3438,15.2976],[108.3424,15.2985],[108.3396,15.2977],[108.3377,15.2965],[108.3362,15.2967],[108.3299,15.3],[108.3243,15.3006],[108.322,15.3019],[108.3186,15.3011],[108.3167,15.2992],[108.3144,15.2984],[108.3139,15.2961],[108.3115,15.2922],[108.307,15.2897],[108.304,15.2866],[108.2994,15.2789],[108.3036,15.2777],[108.3043,15.2754],[108.3055,15.2741],[108.3051,15.2721],[108.3063,15.2681],[108.3054,15.2674],[108.3049,15.266],[108.3049,15.2647],[108.3031,15.2585],[108.3022,15.2577],[108.3012,15.2577],[108.3014,15.2568],[108.301,15.2565],[108.299,15.2556],[108.2973,15.2554],[108.2969,15.2543],[108.2948,15.2542],[108.293,15.2528],[108.2926,15.2506],[108.2912,15.2495],[108.2917,15.2475],[108.2905,15.2464],[108.287,15.2448],[108.2829,15.2449],[108.281,15.2437],[108.2828,15.2408],[108.283,15.2389],[108.2845,15.2357],[108.2858,15.2357],[108.2894,15.2341],[108.2895,15.2322],[108.2858,15.2287],[108.286,15.2267],[108.2924,15.2282],[108.2969,15.2268],[108.2974,15.2262],[108.3001,15.2259],[108.2996,15.2275],[108.2998,15.2285],[108.3033,15.23],[108.3046,15.233],[108.3068,15.2341],[108.309,15.2369],[108.3078,15.2394],[108.3104,15.241],[108.3158,15.2471],[108.3194,15.2447],[108.3226,15.2442],[108.3257,15.2423],[108.3282,15.2417],[108.3322,15.2351],[108.3342,15.2335],[108.3364,15.2338],[108.3383,15.2334],[108.3409,15.2362],[108.3453,15.2351],[108.3469,15.2341],[108.3515,15.2339],[108.3526,15.2329],[108.3545,15.2324],[108.3576,15.234],[108.3609,15.2381],[108.3626,15.2382],[108.3642,15.2375],[108.3653,15.2377],[108.3674,15.239],[108.3675,15.2418],[108.3657,15.2455],[108.3693,15.2441],[108.3719,15.2423],[108.3755,15.2406],[108.3779,15.2412],[108.3813,15.2397],[108.3836,15.2397],[108.3847,15.2405],[108.3864,15.2396],[108.3879,15.2395],[108.3875,15.2357],[108.3868,15.2339],[108.3872,15.2324],[108.388,15.2318],[108.3907,15.2273],[108.3932,15.2257],[108.3931,15.2238],[108.3946,15.2224],[108.3959,15.2219],[108.3967,15.2208],[108.3967,15.2196],[108.4027,15.2136],[108.4049,15.2154],[108.4082,15.217],[108.4106,15.2162],[108.4118,15.2136],[108.4126,15.213],[108.4139,15.2123],[108.4151,15.2126],[108.4163,15.2113],[108.4178,15.2107],[108.4201,15.2105],[108.4202,15.2115],[108.421,15.2118],[108.4216,15.2135],[108.4229,15.2138],[108.4227,15.2153],[108.4239,15.2164],[108.426,15.2137],[108.4258,15.2108],[108.4263,15.2105],[108.4289,15.2115],[108.4311,15.2107],[108.4339,15.2119],[108.436,15.2111],[108.4376,15.2098],[108.44,15.2095],[108.4435,15.2101],[108.4467,15.2116],[108.4479,15.21],[108.4503,15.2095],[108.4514,15.2079],[108.4525,15.2072],[108.4538,15.2065],[108.4558,15.2062],[108.4568,15.2047],[108.4581,15.2041],[108.4584,15.2035],[108.4612,15.2032],[108.4633,15.2016],[108.4633,15.2007],[108.4641,15.2005],[108.4658,15.2013],[108.4673,15.2025],[108.4675,15.2032]]]},"properties":{"code":"21124","name":"Thanh Bồng","nameEn":"Thanh Bong","fullName":"Xã Thanh Bồng","fullNameEn":"Thanh Bong Commune","codeName":"thanh_bong","postalCode":"53420","postalCodePrefix":"","gisServerId":"diaphanhanhchinhcapxa_2025.1754","areaKm2":133.88},"id":"21124"},
{"type":"Feature","geometry":{"type":"Polygon","coordinates":[[[108.6109,15.2121],[108.6112,15.2132],[108.6123,15.2133],[108.6119,15.2148],[108.6133,15.2152],[108.6156,15.2176],[108.6152,15.2186],[108.6146,15.2189],[108.6147,15.2207],[108.6136,15.2229],[108.6139,15.224],[108.6134,15.225],[108.6143,15.2262],[108.6149,15.2291],[108.6172,15.2315],[108.6157,15.237],[108.6152,15.2373],[108.6159,15.2388],[108.6198,15.2394],[108.6222,15.2403],[108.6256,15.2403],[108.6298,15.2419],[108.6305,15.2426],[108.631,15.2424],[108.6338,15.2447],[108.6313,15.2487],[108.6328,15.2502],[108.6345,15.2531],[108.6337,15.2545],[108.6338,15.2554],[108.6346,15.2552],[108.6356,15.256],[108.6369,15.256],[108.6383,15.2588],[108.6408,15.2597],[108.6417,15.2594],[108.6423,15.2602],[108.6367,15.2623],[108.6349,15.2616],[108.6329,15.2596],[108.6275,15.2608],[108.6234,15.2602],[108.6237,15.2616],[108.623,15.2645],[108.6233,15.2661],[108.6229,15.2666],[108.6217,15.2669],[108.6208,15.2693],[108.6202,15.2735],[108.6179,15.2736],[108.6161,15.2765],[108.6147,15.2779],[108.6134,15.2802],[108.613,15.2823],[108.6101,15.2849],[108.6076,15.2897],[108.6059,15.2918],[108.6055,15.2937],[108.6028,15.2956],[108.6,15.2967],[108.5998,15.2962],[108.5983,15.2964],[108.5963,15.2978],[108.593,15.297],[108.5927,15.2977],[108.5916,15.298],[108.5913,15.2986],[108.5883,15.2992],[108.5874,15.3006],[108.5866,15.3045],[108.5835,15.3063],[108.5829,15.3073],[108.5835,15.3094],[108.5834,15.3107],[108.5819,15.3117],[108.5797,15.3167],[108.5795,15.3213],[108.5781,15.322],[108.5777,15.3236],[108.5768,15.3242],[108.5786,15.3289],[108.5785,15.3318],[108.58,15.3352],[108.5827,15.3355],[108.5869,15.3406],[108.5874,15.3419],[108.5863,15.3435],[108.5826,15.344],[108.5798,15.3453],[108.5773,15.3441],[108.5761,15.3422],[108.5733,15.3417],[108.5602,15.3344],[108.5564,15.3344],[108.5525,15.3366],[108.5498,15.335],[108.5441,15.3346],[108.5432,15.3326],[108.5411,15.3323],[108.5409,15.3314],[108.5389,15.3313],[108.5378,15.3305],[108.5357,15.3306],[108.5332,15.3316],[108.5345,15.3288],[108.5345,15.3271],[108.5375,15.3226],[108.5362,15.3172],[108.5363,15.3153],[108.5386,15.3117],[108.5429,15.309],[108.5443,15.305],[108.5483,15.3],[108.545,15.2977],[108.5475,15.2958],[108.549,15.2934],[108.5504,15.2936],[108.5515,15.2915],[108.5517,15.2901],[108.5532,15.2896],[108.5528,15.287],[108.553,15.285],[108.5534,15.2844],[108.553,15.2832],[108.5563,15.2788],[108.5583,15.2781],[108.5635,15.2743],[108.5638,15.2696],[108.5656,15.2682],[108.5668,15.2662],[108.5616,15.2649],[108.5599,15.2659],[108.56,15.268],[108.5584,15.2684],[108.5578,15.2646],[108.5584,15.2616],[108.5578,15.2605],[108.5585,15.2599],[108.5562,15.2601],[108.5557,15.259],[108.554,15.2579],[108.554,15.2568],[108.5527,15.2559],[108.5522,15.2525],[108.5512,15.2511],[108.5511,15.25],[108.5559,15.2496],[108.5623,15.2509],[108.5646,15.25],[108.566,15.2505],[108.5691,15.2503],[108.5704,15.2483],[108.5708,15.2445],[108.5748,15.2415],[108.5757,15.2413],[108.5751,15.239],[108.5753,15.2283],[108.5744,15.2201],[108.5751,15.2145],[108.5827,15.2149],[108.5846,15.2146],[108.5874,15.215],[108.5882,15.2157],[108.589,15.2155],[108.5922,15.2191],[108.5928,15.2209],[108.5934,15.2211],[108.5946,15.2203],[108.5967,15.2201],[108.6019,15.2153],[108.6052,15.213],[108.6059,15.2129],[108.6064,15.2122],[108.6086,15.211],[108.6109,15.2121]]]},"properties":{"code":"21127","name":"Đông Trà Bồng","nameEn":"Dong Tra Bong","fullName":"Xã Đông Trà Bồng","fullNameEn":"Dong Tra Bong Commune","codeName":"dong_tra_bong","postalCode":"53417","postalCodePrefix":"","gisServerId":"diaphanhanhchinhcapxa_2025.1750","areaKm2":74.83},"id":"21127"},
{"type":"Feature","geometry":{"type":"Polygon","coordinates":[[[108.4878,15.2025],[108.485,15.1966],[108.4838,15.1953],[108.4834,15.1934],[108.4807,15.1906],[108.4832,15.1853],[108.4822,15.1843],[108.4825,15.1835],[108.4812,15.1786],[108.4791,15.1757],[108.4793,15.1732],[108.4806,15.1701],[108.4807,15.1681],[108.4799,15.1667],[108.4799,15.165],[108.4788,15.1639],[108.4768,15.1642],[108.4759,15.1637],[108.4732,15.1637],[108.4694,15.161],[108.4678,15.159],[108.4688,15.1586],[108.4694,15.1574],[108.4694,15.154],[108.4701,15.1522],[108.4683,15.1506],[108.4647,15.1453],[108.4655,15.1423],[108.466,15.136],[108.4666,15.1336],[108.4723,15.1301],[108.4708,15.1274],[108.4703,15.1246],[108.4692,15.1234],[108.4689,15.1199],[108.4672,15.1152],[108.4671,15.1138],[108.4685,15.1105],[108.467,15.106],[108.4684,15.1036],[108.4689,15.104],[108.4703,15.1039],[108.4739,15.1063],[108.4752,15.1096],[108.477,15.11],[108.4784,15.1113],[108.4856,15.1064],[108.4872,15.1064],[108.489,15.1057],[108.4946,15.1059],[108.4948,15.1071],[108.4969,15.1073],[108.4991,15.1083],[108.4996,15.1107],[108.5024,15.1147],[108.5025,15.1165],[108.5031,15.1173],[108.5067,15.1159],[108.5101,15.1173],[108.5111,15.117],[108.5145,15.1177],[108.5188,15.1164],[108.5214,15.1166],[108.5214,15.1201],[108.5228,15.1238],[108.5232,15.1278],[108.5249,15.1274],[108.527,15.1277],[108.5312,15.1298],[108.5323,15.1311],[108.5355,15.1318],[108.541,15.1382],[108.5506,15.1419],[108.5565,15.1488],[108.5589,15.1504],[108.5587,15.1515],[108.5605,15.1535],[108.5614,15.1538],[108.5637,15.1578],[108.5654,15.1597],[108.5693,15.1609],[108.5721,15.1592],[108.5748,15.1589],[108.5762,15.1574],[108.5784,15.1574],[108.5808,15.1595],[108.582,15.1598],[108.583,15.1612],[108.5865,15.1618],[108.5871,15.1626],[108.5871,15.1635],[108.5889,15.1653],[108.5923,15.1666],[108.5932,15.1679],[108.5968,15.1688],[108.5976,15.1695],[108.6016,15.1704],[108.6021,15.1718],[108.6018,15.173],[108.6013,15.1744],[108.6,15.1751],[108.5997,15.176],[108.6,15.1849],[108.5977,15.1853],[108.5968,15.1887],[108.5971,15.1892],[108.5964,15.1897],[108.5944,15.194],[108.5936,15.1947],[108.5946,15.1956],[108.5942,15.1961],[108.5943,15.1983],[108.5953,15.199],[108.5951,15.2],[108.5968,15.2004],[108.5986,15.1999],[108.5994,15.2018],[108.5996,15.2046],[108.5992,15.2053],[108.6002,15.2084],[108.601,15.2092],[108.6022,15.2092],[108.6032,15.2104],[108.6035,15.2116],[108.6052,15.213],[108.6019,15.2153],[108.5967,15.2201],[108.5946,15.2203],[108.5934,15.2211],[108.5928,15.2209],[108.5922,15.2191],[108.589,15.2155],[108.5882,15.2157],[108.5874,15.215],[108.5846,15.2146],[108.5827,15.2149],[108.5751,15.2145],[108.5747,15.2135],[108.5736,15.2133],[108.5672,15.2137],[108.5659,15.2145],[108.5608,15.2159],[108.5575,15.2194],[108.5548,15.22],[108.5531,15.2194],[108.5527,15.2181],[108.5497,15.2171],[108.5492,15.2163],[108.5477,15.2161],[108.5465,15.2175],[108.5468,15.2187],[108.5454,15.2208],[108.5447,15.2235],[108.5412,15.2238],[108.5382,15.2232],[108.5349,15.2248],[108.534,15.2264],[108.5318,15.2259],[108.5285,15.2268],[108.5273,15.2263],[108.526,15.2251],[108.5231,15.2259],[108.5238,15.2239],[108.5225,15.2215],[108.5195,15.2185],[108.517,15.2177],[108.5175,15.2142],[108.5164,15.2121],[108.5129,15.2105],[108.5103,15.2103],[108.5102,15.2094],[108.5087,15.209],[108.506,15.2073],[108.5029,15.2074],[108.5019,15.2066],[108.5005,15.2041],[108.4945,15.2033],[108.4906,15.2037],[108.4878,15.2025]]]},"properties":{"code":"21136","name":"Cà Đam","nameEn":"Ca Dam","fullName":"Xã Cà Đam","fullNameEn":"Ca Dam Commune","codeName":"ca_dam","postalCode":"53418","postalCodePrefix":"","gisServerId":"diaphanhanhchinhcapxa_2025.1757","areaKm2":112.35},"id":"21136"},
{"type":"Feature","geometry":{"type":"Polygon","coordinates":[[[108.4027,15.2136],[108.3967,15.2196],[108.3967,15.2208],[108.3959,15.2219],[108.3946,15.2224],[108.3931,15.2238],[108.3932,15.2257],[108.3907,15.2273],[108.388,15.2318],[108.3872,15.2324],[108.3868,15.2339],[108.3875,15.2357],[108.3879,15.2395],[108.3864,15.2396],[108.3847,15.2405],[108.3836,15.2397],[108.3813,15.2397],[108.3779,15.2412],[108.3755,15.2406],[108.3719,15.2423],[108.3693,15.2441],[108.3657,15.2455],[108.3675,15.2418],[108.3674,15.239],[108.3653,15.2377],[108.3642,15.2375],[108.3626,15.2382],[108.3609,15.2381],[108.3576,15.234],[108.3545,15.2324],[108.3526,15.2329],[108.3515,15.2339],[108.3469,15.2341],[108.3453,15.2351],[108.3409,15.2362],[108.3383,15.2334],[108.3364,15.2338],[108.3342,15.2335],[108.3322,15.2351],[108.3282,15.2417],[108.3257,15.2423],[108.3226,15.2442],[108.3194,15.2447],[108.3158,15.2471],[108.3104,15.241],[108.3078,15.2394],[108.309,15.2369],[108.3068,15.2341],[108.3046,15.233],[108.3033,15.23],[108.2998,15.2285],[108.2996,15.2275],[108.3001,15.2259],[108.3037,15.2267],[108.3048,15.2274],[108.3065,15.2265],[108.3065,15.2256],[108.3075,15.2254],[108.3084,15.2212],[108.3067,15.2178],[108.3064,15.2147],[108.3051,15.2131],[108.3045,15.2098],[108.2988,15.2063],[108.2985,15.2052],[108.2968,15.2035],[108.295,15.2028],[108.2937,15.203],[108.2926,15.2024],[108.2912,15.1994],[108.2911,15.1981],[108.293,15.1969],[108.2932,15.1952],[108.2944,15.1951],[108.2954,15.1943],[108.2962,15.1949],[108.298,15.195],[108.3008,15.1941],[108.3022,15.1931],[108.3024,15.1894],[108.3033,15.1882],[108.3,15.1856],[108.2998,15.1847],[108.3004,15.1837],[108.2996,15.182],[108.3017,15.1805],[108.3061,15.1745],[108.3052,15.1735],[108.3046,15.1711],[108.3019,15.1713],[108.299,15.1697],[108.2974,15.1702],[108.2938,15.167],[108.2931,15.1649],[108.291,15.1618],[108.2888,15.1603],[108.2898,15.1583],[108.2896,15.1578],[108.2866,15.1566],[108.286,15.1555],[108.2862,15.1543],[108.2859,15.1535],[108.2841,15.1537],[108.2828,15.1532],[108.2839,15.1511],[108.2839,15.1496],[108.2811,15.1463],[108.2807,15.145],[108.2812,15.1441],[108.2808,15.1438],[108.2776,15.1442],[108.277,15.1427],[108.2763,15.1425],[108.2781,15.1419],[108.2776,15.141],[108.2791,15.14],[108.278,15.137],[108.2763,15.1366],[108.2752,15.137],[108.2744,15.1367],[108.2745,15.136],[108.2756,15.135],[108.2746,15.1335],[108.275,15.1308],[108.2735,15.1302],[108.2735,15.1288],[108.2703,15.129],[108.27,15.1279],[108.2689,15.1265],[108.2665,15.1265],[108.2647,15.1244],[108.2632,15.1241],[108.2625,15.1221],[108.2622,15.1191],[108.2603,15.1183],[108.2627,15.117],[108.2644,15.1152],[108.2657,15.1149],[108.267,15.1137],[108.2687,15.1134],[108.2696,15.1112],[108.2725,15.1101],[108.2733,15.1093],[108.2748,15.1097],[108.276,15.1091],[108.2782,15.1108],[108.2813,15.1111],[108.2822,15.1097],[108.284,15.1089],[108.2851,15.1076],[108.2879,15.108],[108.2901,15.1045],[108.2914,15.1031],[108.2925,15.1026],[108.2953,15.0969],[108.299,15.0945],[108.2994,15.0918],[108.3024,15.0912],[108.3039,15.0919],[108.3048,15.0912],[108.3063,15.0881],[108.3068,15.0838],[108.3079,15.0823],[108.308,15.081],[108.3087,15.0798],[108.3139,15.0758],[108.3149,15.0756],[108.316,15.0761],[108.3182,15.0755],[108.3196,15.075],[108.3199,15.074],[108.3234,15.0743],[108.3254,15.0767],[108.3264,15.077],[108.3281,15.0772],[108.3316,15.0763],[108.3365,15.0814],[108.3373,15.0829],[108.3391,15.0844],[108.3402,15.0841],[108.3407,15.0845],[108.3416,15.0838],[108.3471,15.0829],[108.3495,15.0837],[108.3509,15.0859],[108.3537,15.0837],[108.3572,15.0844],[108.3579,15.0857],[108.3581,15.0895],[108.3565,15.0907],[108.3557,15.0922],[108.3561,15.0943],[108.3579,15.0951],[108.3602,15.0981],[108.3625,15.0991],[108.3628,15.1004],[108.364,15.1007],[108.3703,15.1052],[108.3704,15.107],[108.3723,15.1076],[108.3733,15.1087],[108.3743,15.1088],[108.3748,15.1101],[108.3722,15.1137],[108.3719,15.1153],[108.3747,15.119],[108.3757,15.1192],[108.3776,15.1208],[108.3785,15.124],[108.3701,15.1353],[108.3664,15.1392],[108.3687,15.1413],[108.3705,15.1421],[108.374,15.1414],[108.3801,15.1417],[108.3835,15.1454],[108.3849,15.1501],[108.3864,15.1518],[108.3862,15.1574],[108.3877,15.1602],[108.3891,15.1641],[108.3886,15.1654],[108.386,15.1649],[108.3855,15.1664],[108.3832,15.1675],[108.3828,15.1684],[108.3842,15.17],[108.3865,15.1753],[108.3883,15.1864],[108.3893,15.1865],[108.3899,15.1875],[108.393,15.1894],[108.3948,15.1899],[108.3954,15.1915],[108.399,15.1924],[108.4025,15.1951],[108.4047,15.199],[108.4051,15.2014],[108.4037,15.2036],[108.4041,15.2046],[108.4032,15.2064],[108.4042,15.211],[108.4027,15.2136]]]},"properties":{"code":"21154","name":"Tây Trà","nameEn":"Tay Tra","fullName":"Xã Tây Trà","fullNameEn":"Tay Tra Commune","codeName":"tay_tra","postalCode":"53419","postalCodePrefix":"","gisServerId":"diaphanhanhchinhcapxa_2025.1755","areaKm2":170.86},"id":"21154"},
{"type":"Feature","geometry":{"type":"Polygon","coordinates":[[[108.4684,15.1036],[108.467,15.106],[108.4685,15.1105],[108.4671,15.1138],[108.4672,15.1152],[108.4689,15.1199],[108.4692,15.1234],[108.4703,15.1246],[108.4708,15.1274],[108.4723,15.1301],[108.4666,15.1336],[108.466,15.136],[108.4655,15.1423],[108.4647,15.1453],[108.4683,15.1506],[108.4701,15.1522],[108.4694,15.154],[108.4694,15.1574],[108.4688,15.1586],[108.4678,15.159],[108.4694,15.161],[108.4732,15.1637],[108.4759,15.1637],[108.4768,15.1642],[108.4788,15.1639],[108.4799,15.165],[108.4799,15.1667],[108.4807,15.1681],[108.4806,15.1701],[108.4793,15.1732],[108.4791,15.1757],[108.4812,15.1786],[108.4825,15.1835],[108.4822,15.1843],[108.4832,15.1853],[108.4807,15.1906],[108.4834,15.1934],[108.4838,15.1953],[108.485,15.1966],[108.4878,15.2025],[108.4848,15.2046],[108.4838,15.206],[108.4816,15.2077],[108.4806,15.2073],[108.479,15.2088],[108.476,15.2088],[108.4711,15.2099],[108.4693,15.2054],[108.4675,15.2032],[108.4673,15.2025],[108.4658,15.2013],[108.4641,15.2005],[108.4633,15.2007],[108.4633,15.2016],[108.4612,15.2032],[108.4584,15.2035],[108.4581,15.2041],[108.4568,15.2047],[108.4558,15.2062],[108.4538,15.2065],[108.4525,15.2072],[108.4514,15.2079],[108.4503,15.2095],[108.4479,15.21],[108.4467,15.2116],[108.4435,15.2101],[108.44,15.2095],[108.4376,15.2098],[108.436,15.2111],[108.4339,15.2119],[108.4311,15.2107],[108.4289,15.2115],[108.4263,15.2105],[108.4258,15.2108],[108.426,15.2137],[108.4239,15.2164],[108.4227,15.2153],[108.4229,15.2138],[108.4216,15.2135],[108.421,15.2118],[108.4202,15.2115],[108.4201,15.2105],[108.4178,15.2107],[108.4163,15.2113],[108.4151,15.2126],[108.4139,15.2123],[108.4126,15.213],[108.4118,15.2136],[108.4106,15.2162],[108.4082,15.217],[108.4049,15.2154],[108.4027,15.2136],[108.4042,15.211],[108.4032,15.2064],[108.4041,15.2046],[108.4037,15.2036],[108.4051,15.2014],[108.4047,15.199],[108.4025,15.1951],[108.399,15.1924],[108.3954,15.1915],[108.3948,15.1899],[108.393,15.1894],[108.3899,15.1875],[108.3893,15.1865],[108.3883,15.1864],[108.3865,15.1753],[108.3842,15.17],[108.3828,15.1684],[108.3832,15.1675],[108.3855,15.1664],[108.386,15.1649],[108.3886,15.1654],[108.3891,15.1641],[108.3877,15.1602],[108.3862,15.1574],[108.3864,15.1518],[108.3849,15.1501],[108.3835,15.1454],[108.3801,15.1417],[108.374,15.1414],[108.3705,15.1421],[108.3687,15.1413],[108.3664,15.1392],[108.3701,15.1353],[108.3785,15.124],[108.3776,15.1208],[108.3757,15.1192],[108.3747,15.119],[108.3719,15.1153],[108.3722,15.1137],[108.3748,15.1101],[108.3743,15.1088],[108.3733,15.1087],[108.3723,15.1076],[108.3704,15.107],[108.3703,15.1052],[108.364,15.1007],[108.3628,15.1004],[108.3647,15.1006],[108.3658,15.0997],[108.3681,15.0989],[108.3704,15.0997],[108.3717,15.0988],[108.3742,15.0958],[108.3759,15.0962],[108.3779,15.0958],[108.3807,15.0941],[108.3807,15.0925],[108.3825,15.091],[108.3862,15.0908],[108.3891,15.089],[108.3895,15.0881],[108.3921,15.0875],[108.3946,15.0851],[108.3959,15.0849],[108.3975,15.0853],[108.3994,15.0849],[108.4016,15.084],[108.4031,15.0824],[108.4048,15.0817],[108.4054,15.0817],[108.4061,15.0828],[108.4076,15.0833],[108.4089,15.0851],[108.4095,15.0853],[108.4119,15.0843],[108.4125,15.0845],[108.4131,15.086],[108.4153,15.0855],[108.4159,15.0872],[108.4171,15.0877],[108.4181,15.0895],[108.4195,15.0899],[108.422,15.0893],[108.4239,15.0914],[108.4253,15.0916],[108.4271,15.0929],[108.4304,15.0989],[108.4318,15.1],[108.4316,15.1023],[108.4331,15.104],[108.4373,15.1038],[108.4384,15.1043],[108.4414,15.1043],[108.4427,15.1037],[108.4477,15.1041],[108.4479,15.1043],[108.4494,15.1065],[108.4519,15.1072],[108.4523,15.1079],[108.4545,15.1091],[108.4567,15.1084],[108.4612,15.1085],[108.4633,15.1064],[108.4638,15.1044],[108.4676,15.1033],[108.4684,15.1036]]]},"properties":{"code":"21157","name":"Tây Trà Bồng","nameEn":"Tay Tra Bong","fullName":"Xã Tây Trà Bồng","fullNameEn":"Tay Tra Bong Commune","codeName":"tay_tra_bong","postalCode":"53421","postalCodePrefix":"","gisServerId":"diaphanhanhchinhcapxa_2025.1758","areaKm2":129.05},"id":"21157"},
{"type":"Feature","geometry":{"type":"Polygon","coordinates":[[[108.8185,15.1903],[108.8165,15.1908],[108.8118,15.1894],[108.8094,15.1899],[108.8063,15.1874],[108.8034,15.1894],[108.8033,15.1898],[108.804,15.1899],[108.8044,15.1907],[108.8026,15.1922],[108.7988,15.1897],[108.7991,15.1894],[108.7985,15.1891],[108.8007,15.1881],[108.8011,15.1874],[108.8008,15.1858],[108.8001,15.1852],[108.8006,15.1838],[108.8015,15.1832],[108.8047,15.1828],[108.8069,15.1811],[108.8071,15.1792],[108.8076,15.1791],[108.8074,15.1771],[108.808,15.1743],[108.8071,15.1739],[108.8081,15.1728],[108.8074,15.1717],[108.8081,15.1706],[108.8069,15.1696],[108.8022,15.1713],[108.8007,15.1712],[108.8008,15.1717],[108.798,15.1725],[108.7986,15.1732],[108.7986,15.1745],[108.7964,15.1742],[108.7962,15.1752],[108.7952,15.1748],[108.7938,15.1754],[108.7933,15.1748],[108.7915,15.1761],[108.7911,15.1765],[108.7914,15.1786],[108.791,15.1796],[108.7911,15.1802],[108.7927,15.1814],[108.7923,15.1823],[108.7879,15.1816],[108.788,15.1809],[108.7863,15.178],[108.785,15.179],[108.7834,15.1781],[108.7831,15.1787],[108.7822,15.1788],[108.7822,15.1793],[108.7806,15.1798],[108.7803,15.1811],[108.7792,15.1813],[108.7788,15.1819],[108.7792,15.1858],[108.7778,15.1862],[108.7745,15.1863],[108.7749,15.1847],[108.7723,15.185],[108.772,15.1836],[108.7714,15.1836],[108.7713,15.18],[108.7739,15.1685],[108.7768,15.1606],[108.7761,15.1572],[108.7737,15.1557],[108.7724,15.1534],[108.7743,15.1489],[108.7754,15.1487],[108.7754,15.1476],[108.777,15.1476],[108.7771,15.1483],[108.7782,15.149],[108.7803,15.1491],[108.7792,15.1456],[108.7802,15.1455],[108.7807,15.144],[108.7825,15.146],[108.7824,15.1433],[108.7818,15.1433],[108.7811,15.1424],[108.7802,15.1409],[108.7801,15.1399],[108.7809,15.1384],[108.7806,15.138],[108.7827,15.1354],[108.7838,15.1374],[108.7877,15.14],[108.7905,15.1411],[108.7938,15.1413],[108.7996,15.1397],[108.8051,15.1372],[108.8089,15.1335],[108.8125,15.1314],[108.8176,15.1293],[108.8214,15.1257],[108.8235,15.1254],[108.8246,15.1251],[108.8278,15.1259],[108.8334,15.1292],[108.8414,15.1367],[108.8426,15.1399],[108.8452,15.1432],[108.8495,15.1455],[108.849,15.1501],[108.8477,15.1497],[108.8477,15.1506],[108.8467,15.1502],[108.8462,15.1517],[108.8448,15.1517],[108.8452,15.1534],[108.8445,15.1539],[108.8433,15.1522],[108.8419,15.1524],[108.8415,15.1551],[108.8406,15.1557],[108.8388,15.1585],[108.8366,15.1609],[108.8349,15.162],[108.8334,15.162],[108.8333,15.1616],[108.8326,15.1616],[108.8326,15.161],[108.8311,15.1609],[108.8303,15.1588],[108.8291,15.1584],[108.8277,15.1587],[108.8264,15.1601],[108.8284,15.1616],[108.8279,15.1641],[108.8285,15.1679],[108.8295,15.1698],[108.8287,15.1715],[108.8297,15.175],[108.8284,15.176],[108.8266,15.1789],[108.8255,15.1814],[108.8249,15.1846],[108.8237,15.1857],[108.8196,15.187],[108.8188,15.1881],[108.8185,15.1903]]]},"properties":{"code":"21172","name":"Trương Quang Trọng","nameEn":"Truong Quang Trong","fullName":"Phường Trương Quang Trọng","fullNameEn":"Truong Quang Trong Ward","codeName":"truong_quang_trong","postalCode":"53111","postalCodePrefix":"","gisServerId":"diaphanhanhchinhcapxa_2025.1771","areaKm2":34.65},"id":"21172"},
{"type":"Feature","geometry":{"type":"Polygon","coordinates":[[[108.7519,15.2663],[108.7514,15.2696],[108.7508,15.2704],[108.749,15.2689],[108.7474,15.2684],[108.7465,15.2679],[108.7458,15.2662],[108.7463,15.2635],[108.744,15.2622],[108.7427,15.2628],[108.7416,15.2626],[108.7405,15.2606],[108.7398,15.2566],[108.74,15.2546],[108.7394,15.2534],[108.7403,15.2487],[108.74,15.247],[108.7377,15.245],[108.7339,15.2441],[108.7336,15.2435],[108.7311,15.2432],[108.7267,15.2413],[108.7261,15.2399],[108.7243,15.2387],[108.7232,15.2367],[108.723,15.2355],[108.7241,15.2335],[108.7259,15.233],[108.7278,15.2277],[108.7288,15.2265],[108.7289,15.2257],[108.7281,15.2248],[108.7295,15.2241],[108.7275,15.2203],[108.728,15.2196],[108.7291,15.2194],[108.7292,15.2189],[108.7306,15.2189],[108.7316,15.2181],[108.7318,15.2166],[108.7309,15.2145],[108.7323,15.2142],[108.732,15.2133],[108.7345,15.2122],[108.7338,15.2111],[108.7315,15.2117],[108.7311,15.2108],[108.7308,15.2095],[108.7319,15.2059],[108.7351,15.2051],[108.7356,15.2021],[108.7375,15.2003],[108.7389,15.2],[108.7408,15.1972],[108.741,15.1968],[108.7399,15.195],[108.7384,15.1938],[108.7378,15.1918],[108.7385,15.1902],[108.7403,15.1906],[108.741,15.1835],[108.7427,15.1836],[108.7429,15.1846],[108.7441,15.1847],[108.7448,15.1858],[108.7476,15.1855],[108.7481,15.1862],[108.7522,15.1864],[108.7526,15.1876],[108.7541,15.1876],[108.7559,15.1868],[108.7592,15.1837],[108.759,15.1832],[108.7608,15.1818],[108.7617,15.182],[108.7614,15.1805],[108.7631,15.1806],[108.7629,15.1781],[108.764,15.1777],[108.7644,15.1766],[108.765,15.1765],[108.7651,15.179],[108.7661,15.1793],[108.7662,15.1805],[108.7677,15.1817],[108.7713,15.18],[108.7714,15.1836],[108.772,15.1836],[108.7723,15.185],[108.7749,15.1847],[108.7745,15.1863],[108.7778,15.1862],[108.7792,15.1858],[108.7788,15.1819],[108.7792,15.1813],[108.7803,15.1811],[108.7806,15.1798],[108.7822,15.1793],[108.7822,15.1788],[108.7831,15.1787],[108.7834,15.1781],[108.785,15.179],[108.7863,15.178],[108.788,15.1809],[108.7879,15.1816],[108.7923,15.1823],[108.7927,15.1814],[108.7911,15.1802],[108.791,15.1796],[108.7914,15.1786],[108.7911,15.1765],[108.7915,15.1761],[108.7933,15.1748],[108.7938,15.1754],[108.7952,15.1748],[108.7962,15.1752],[108.7964,15.1742],[108.7986,15.1745],[108.7986,15.1732],[108.798,15.1725],[108.8008,15.1717],[108.8007,15.1712],[108.8022,15.1713],[108.8069,15.1696],[108.8081,15.1706],[108.8074,15.1717],[108.8081,15.1728],[108.8071,15.1739],[108.808,15.1743],[108.8074,15.1771],[108.8076,15.1791],[108.8071,15.1792],[108.8069,15.1811],[108.8047,15.1828],[108.8015,15.1832],[108.8006,15.1838],[108.8001,15.1852],[108.8008,15.1858],[108.8011,15.1874],[108.8007,15.1881],[108.7985,15.1891],[108.7991,15.1894],[108.7988,15.1897],[108.8026,15.1922],[108.8044,15.1907],[108.804,15.1899],[108.8033,15.1898],[108.8034,15.1894],[108.8063,15.1874],[108.8094,15.1899],[108.8118,15.1894],[108.8165,15.1908],[108.8185,15.1903],[108.8216,15.1884],[108.823,15.1887],[108.8234,15.1881],[108.8254,15.1889],[108.8257,15.1897],[108.8226,15.1927],[108.8229,15.1945],[108.8225,15.1952],[108.824,15.1966],[108.8235,15.1972],[108.8238,15.1975],[108.8232,15.198],[108.8216,15.1989],[108.8174,15.2033],[108.817,15.2078],[108.818,15.2097],[108.8195,15.2112],[108.8204,15.2134],[108.8242,15.2153],[108.8271,15.2192],[108.8288,15.2205],[108.8293,15.2239],[108.8265,15.2296],[108.8267,15.2315],[108.8279,15.2332],[108.8285,15.2359],[108.8343,15.2388],[108.8348,15.2401],[108.8343,15.2419],[108.8302,15.2424],[108.8282,15.2422],[108.8275,15.2425],[108.8245,15.242],[108.8205,15.2428],[108.815,15.2403],[108.8122,15.2411],[108.8099,15.241],[108.8086,15.2416],[108.8056,15.241],[108.8028,15.2397],[108.8019,15.2385],[108.802,15.2368],[108.8002,15.2358],[108.7997,15.235],[108.794,15.2341],[108.7917,15.232],[108.7904,15.2315],[108.7891,15.2297],[108.7863,15.2304],[108.7864,15.2298],[108.7809,15.228],[108.7802,15.2238],[108.7781,15.2236],[108.7786,15.2228],[108.779,15.2203],[108.7799,15.2194],[108.779,15.2192],[108.774,15.2204],[108.7741,15.2209],[108.7727,15.2213],[108.7727,15.2217],[108.7698,15.2224],[108.7683,15.2305],[108.7659,15.2377],[108.7672,15.2381],[108.7672,15.239],[108.7681,15.2389],[108.7681,15.2409],[108.7692,15.2416],[108.7695,15.2429],[108.7715,15.2447],[108.772,15.2466],[108.7708,15.2471],[108.769,15.2469],[108.7681,15.248],[108.7675,15.2506],[108.7681,15.251],[108.7691,15.2502],[108.7693,15.2512],[108.7676,15.2517],[108.7677,15.2524],[108.7686,15.2531],[108.7681,15.2543],[108.7674,15.2547],[108.7628,15.2545],[108.7618,15.2513],[108.7608,15.252],[108.7603,15.2546],[108.7592,15.2569],[108.7577,15.2581],[108.7569,15.2594],[108.7544,15.2597],[108.7527,15.2621],[108.7519,15.2663]]]},"properties":{"code":"21181","name":"Thọ Phong","nameEn":"Tho Phong","fullName":"Xã Thọ Phong","fullNameEn":"Tho Phong Commune","codeName":"tho_phong","postalCode":"53220","postalCodePrefix":"","gisServerId":"diaphanhanhchinhcapxa_2025.1748","areaKm2":66.64},"id":"21181"},
{"type":"Feature","geometry":{"type":"Polygon","coordinates":[[[108.6109,15.2121],[108.6086,15.211],[108.6064,15.2122],[108.6059,15.2129],[108.6052,15.213],[108.6035,15.2116],[108.6032,15.2104],[108.6022,15.2092],[108.601,15.2092],[108.6002,15.2084],[108.5992,15.2053],[108.5996,15.2046],[108.5994,15.2018],[108.5986,15.1999],[108.5968,15.2004],[108.5951,15.2],[108.5953,15.199],[108.5943,15.1983],[108.5942,15.1961],[108.5946,15.1956],[108.5936,15.1947],[108.5944,15.194],[108.5964,15.1897],[108.5971,15.1892],[108.5968,15.1887],[108.5977,15.1853],[108.6,15.1849],[108.5997,15.176],[108.6,15.1751],[108.6013,15.1744],[108.6018,15.173],[108.6021,15.1718],[108.6016,15.1704],[108.5976,15.1695],[108.5968,15.1688],[108.5932,15.1679],[108.5923,15.1666],[108.5889,15.1653],[108.5871,15.1635],[108.5871,15.1626],[108.5865,15.1618],[108.583,15.1612],[108.582,15.1598],[108.5808,15.1595],[108.5784,15.1574],[108.5768,15.1565],[108.5764,15.1557],[108.5765,15.1502],[108.5836,15.1466],[108.5875,15.1413],[108.5886,15.1383],[108.5893,15.1378],[108.5894,15.1343],[108.593,15.1332],[108.5942,15.1316],[108.5972,15.1299],[108.5992,15.1303],[108.6033,15.1287],[108.6151,15.1267],[108.6141,15.1332],[108.614,15.1368],[108.6126,15.1406],[108.613,15.1419],[108.6169,15.1494],[108.6208,15.1542],[108.6253,15.158],[108.6334,15.1627],[108.642,15.1647],[108.6454,15.163],[108.6469,15.1596],[108.6529,15.1519],[108.6552,15.1497],[108.6586,15.1446],[108.6612,15.1394],[108.6647,15.1368],[108.6681,15.1358],[108.6693,15.1355],[108.6734,15.136],[108.6771,15.1376],[108.6794,15.1398],[108.681,15.1425],[108.6846,15.1467],[108.692,15.1498],[108.6864,15.1569],[108.6884,15.1579],[108.6871,15.1589],[108.6872,15.1602],[108.6864,15.1603],[108.6861,15.161],[108.6852,15.161],[108.6844,15.1622],[108.6819,15.1615],[108.6791,15.1628],[108.6774,15.1626],[108.6776,15.1641],[108.6788,15.1659],[108.6777,15.1675],[108.6765,15.1676],[108.676,15.1692],[108.6749,15.1696],[108.6716,15.1652],[108.6698,15.1652],[108.6666,15.1692],[108.6637,15.1697],[108.6624,15.1707],[108.6615,15.1708],[108.6613,15.1728],[108.6618,15.1728],[108.6617,15.1736],[108.663,15.1737],[108.6626,15.1795],[108.6604,15.1799],[108.658,15.1792],[108.6579,15.18],[108.6571,15.18],[108.6571,15.181],[108.6559,15.1817],[108.6544,15.1822],[108.6533,15.1815],[108.6526,15.1822],[108.6521,15.1819],[108.651,15.1821],[108.648,15.1836],[108.6469,15.1834],[108.6468,15.184],[108.6444,15.1845],[108.6458,15.186],[108.6442,15.186],[108.6435,15.1865],[108.6424,15.1892],[108.6411,15.1907],[108.6421,15.192],[108.6413,15.1958],[108.6415,15.1968],[108.6426,15.1976],[108.6428,15.1987],[108.6389,15.1984],[108.6384,15.1992],[108.6385,15.2004],[108.6368,15.2014],[108.6329,15.2009],[108.6314,15.1993],[108.6276,15.1989],[108.6264,15.1991],[108.6245,15.201],[108.6231,15.2011],[108.621,15.2023],[108.6202,15.2043],[108.6206,15.2053],[108.62,15.2058],[108.6202,15.2073],[108.6172,15.2099],[108.6172,15.2121],[108.6151,15.2112],[108.6109,15.2121]]]},"properties":{"code":"21196","name":"Trường Giang","nameEn":"Truong Giang","fullName":"Xã Trường Giang","fullNameEn":"Truong Giang Commune","codeName":"truong_giang","postalCode":"53218","postalCodePrefix":"","gisServerId":"diaphanhanhchinhcapxa_2025.1745","areaKm2":51.3},"id":"21196"},
{"type":"Feature","geometry":{"type":"Polygon","coordinates":[[[108.7403,15.2487],[108.7284,15.2475],[108.7269,15.2477],[108.7218,15.2488],[108.7134,15.2543],[108.7117,15.2543],[108.7111,15.2548],[108.7095,15.2544],[108.7094,15.2551],[108.7079,15.256],[108.7053,15.2552],[108.7043,15.2559],[108.7053,15.2577],[108.6978,15.2571],[108.6972,15.2565],[108.6948,15.256],[108.695,15.255],[108.6935,15.2541],[108.6933,15.2515],[108.6936,15.2504],[108.6917,15.2501],[108.6903,15.2485],[108.6893,15.2486],[108.6902,15.2475],[108.6892,15.2474],[108.6891,15.2466],[108.6871,15.2451],[108.6865,15.2441],[108.6858,15.245],[108.6838,15.2451],[108.6821,15.2459],[108.6791,15.2426],[108.6762,15.2433],[108.6762,15.2424],[108.675,15.2421],[108.6735,15.2425],[108.6727,15.2436],[108.6716,15.244],[108.6708,15.2449],[108.6696,15.2449],[108.6678,15.244],[108.6674,15.2449],[108.6663,15.2448],[108.6655,15.2458],[108.6646,15.2455],[108.6641,15.2445],[108.6629,15.2447],[108.6623,15.2454],[108.6605,15.244],[108.6563,15.2426],[108.6554,15.2404],[108.6546,15.2401],[108.6407,15.2407],[108.6396,15.236],[108.6385,15.2367],[108.6318,15.2414],[108.631,15.2424],[108.6305,15.2426],[108.6298,15.2419],[108.6256,15.2403],[108.6222,15.2403],[108.6198,15.2394],[108.6159,15.2388],[108.6152,15.2373],[108.6157,15.237],[108.6172,15.2315],[108.6149,15.2291],[108.6143,15.2262],[108.6134,15.225],[108.6139,15.224],[108.6136,15.2229],[108.6147,15.2207],[108.6146,15.2189],[108.6152,15.2186],[108.6156,15.2176],[108.6133,15.2152],[108.6119,15.2148],[108.6123,15.2133],[108.6112,15.2132],[108.6109,15.2121],[108.6151,15.2112],[108.6172,15.2121],[108.6172,15.2099],[108.6202,15.2073],[108.62,15.2058],[108.6206,15.2053],[108.6202,15.2043],[108.621,15.2023],[108.6231,15.2011],[108.6245,15.201],[108.6264,15.1991],[108.6276,15.1989],[108.6314,15.1993],[108.6329,15.2009],[108.6368,15.2014],[108.6385,15.2004],[108.6384,15.1992],[108.6389,15.1984],[108.6428,15.1987],[108.6426,15.1976],[108.6415,15.1968],[108.6413,15.1958],[108.6421,15.192],[108.6411,15.1907],[108.6424,15.1892],[108.6435,15.1865],[108.6442,15.186],[108.6458,15.186],[108.6444,15.1845],[108.6468,15.184],[108.6469,15.1834],[108.648,15.1836],[108.651,15.1821],[108.6521,15.1819],[108.6526,15.1822],[108.6533,15.1815],[108.6544,15.1822],[108.6559,15.1817],[108.6571,15.181],[108.6571,15.18],[108.6579,15.18],[108.658,15.1792],[108.6604,15.1799],[108.6626,15.1795],[108.663,15.1737],[108.6617,15.1736],[108.6618,15.1728],[108.6613,15.1728],[108.6615,15.1708],[108.6624,15.1707],[108.6637,15.1697],[108.6666,15.1692],[108.6698,15.1652],[108.6716,15.1652],[108.6749,15.1696],[108.676,15.1692],[108.6763,15.1721],[108.6776,15.1716],[108.6786,15.1728],[108.6781,15.1708],[108.6868,15.1694],[108.6873,15.1697],[108.6879,15.169],[108.6896,15.1697],[108.6892,15.1728],[108.6898,15.1728],[108.6902,15.1735],[108.6893,15.1774],[108.6902,15.178],[108.6907,15.1792],[108.6904,15.1811],[108.6926,15.1826],[108.6939,15.1856],[108.695,15.1859],[108.6947,15.1865],[108.6927,15.187],[108.6926,15.1866],[108.6918,15.1871],[108.6924,15.1889],[108.6913,15.1896],[108.6925,15.1924],[108.6928,15.192],[108.6939,15.1926],[108.6938,15.1945],[108.6926,15.1956],[108.6913,15.1959],[108.6891,15.1957],[108.6882,15.1948],[108.6873,15.1966],[108.6886,15.1973],[108.6905,15.1972],[108.6911,15.1965],[108.6926,15.197],[108.6949,15.1966],[108.6953,15.1988],[108.6962,15.1995],[108.6969,15.2012],[108.6965,15.2029],[108.6972,15.2033],[108.6963,15.206],[108.6952,15.207],[108.6947,15.2087],[108.6936,15.2097],[108.6936,15.2112],[108.6918,15.212],[108.6954,15.215],[108.6952,15.2158],[108.6965,15.2174],[108.6959,15.2184],[108.6968,15.2191],[108.697,15.2211],[108.6962,15.2223],[108.7009,15.2236],[108.7005,15.2261],[108.7022,15.2265],[108.7029,15.2264],[108.7035,15.2257],[108.7036,15.2233],[108.7042,15.2216],[108.7047,15.2216],[108.7062,15.2219],[108.706,15.2242],[108.7063,15.2244],[108.7074,15.2238],[108.7081,15.2242],[108.7082,15.2255],[108.7086,15.225],[108.7102,15.2247],[108.7112,15.2255],[108.7132,15.2255],[108.7158,15.2247],[108.7167,15.2238],[108.7173,15.2239],[108.7179,15.2248],[108.7188,15.2245],[108.7192,15.2249],[108.7201,15.2248],[108.7205,15.2262],[108.72,15.2277],[108.7219,15.2282],[108.7221,15.2286],[108.7242,15.2295],[108.7225,15.2326],[108.7241,15.2335],[108.723,15.2355],[108.7232,15.2367],[108.7243,15.2387],[108.7261,15.2399],[108.7267,15.2413],[108.7311,15.2432],[108.7336,15.2435],[108.7339,15.2441],[108.7377,15.245],[108.74,15.247],[108.7403,15.2487]]]},"properties":{"code":"21205","name":"Ba Gia","nameEn":"Ba Gia","fullName":"Xã Ba Gia","fullNameEn":"Ba Gia Commune","codeName":"ba_gia","postalCode":"53219","postalCodePrefix":"","gisServerId":"diaphanhanhchinhcapxa_2025.1746","areaKm2":66.14},"id":"21205"},
{"type":"Feature","geometry":{"type":"MultiPolygon","coordinates":[[[[108.9527,15.1924],[108.9541,15.1933],[108.9524,15.1938],[108.9522,15.1929],[108.9527,15.1924]]],[[[108.8974,15.144],[108.8973,15.1508],[108.8979,15.1519],[108.8954,15.1663],[108.8946,15.1772],[108.8951,15.1865],[108.8962,15.1929],[108.8984,15.1976],[108.8999,15.1997],[108.9037,15.2031],[108.9078,15.2051],[108.9116,15.206],[108.9154,15.2053],[108.9164,15.204],[108.9165,15.2015],[108.9172,15.2006],[108.9185,15.201],[108.9196,15.2023],[108.9224,15.2035],[108.9222,15.2051],[108.9212,15.2058],[108.9183,15.2057],[108.9177,15.2072],[108.9179,15.2084],[108.915,15.2112],[108.9154,15.2117],[108.9147,15.2122],[108.9122,15.2174],[108.91,15.2171],[108.9046,15.2151],[108.9032,15.2133],[108.9022,15.2102],[108.9006,15.2088],[108.8944,15.2085],[108.8923,15.2064],[108.8863,15.2068],[108.8828,15.2058],[108.8805,15.2018],[108.8835,15.2],[108.8841,15.1991],[108.8838,15.1967],[108.8824,15.1955],[108.8822,15.1945],[108.8829,15.1915],[108.8845,15.1892],[108.8841,15.1873],[108.883,15.1867],[108.881,15.187],[108.879,15.1885],[108.8768,15.1916],[108.8748,15.1922],[108.8736,15.1919],[108.8722,15.1902],[108.8712,15.1899],[108.8702,15.1876],[108.8681,15.1872],[108.8685,15.1861],[108.8658,15.185],[108.8626,15.1854],[108.863,15.186],[108.8626,15.1866],[108.8597,15.1868],[108.8596,15.1881],[108.8575,15.1886],[108.8579,15.1901],[108.8575,15.1901],[108.8587,15.1939],[108.8577,15.1941],[108.8578,15.1946],[108.8587,15.1944],[108.8597,15.1949],[108.8592,15.196],[108.8603,15.1981],[108.8602,15.1997],[108.8617,15.2],[108.8614,15.2009],[108.864,15.2018],[108.864,15.2023],[108.865,15.2023],[108.865,15.2033],[108.8639,15.2035],[108.8641,15.2038],[108.8637,15.2041],[108.8647,15.2054],[108.8628,15.2058],[108.86,15.2028],[108.8563,15.2059],[108.852,15.2087],[108.8499,15.2073],[108.8472,15.2021],[108.8438,15.1987],[108.8377,15.2018],[108.8377,15.2024],[108.8368,15.2024],[108.8369,15.2028],[108.8359,15.2036],[108.8333,15.2039],[108.8303,15.2053],[108.8305,15.2028],[108.8318,15.2006],[108.8305,15.2014],[108.8291,15.2012],[108.8261,15.2023],[108.8257,15.2017],[108.826,15.201],[108.8251,15.201],[108.8232,15.198],[108.8238,15.1975],[108.8235,15.1972],[108.824,15.1966],[108.8225,15.1952],[108.8229,15.1945],[108.8226,15.1927],[108.8257,15.1897],[108.8254,15.1889],[108.8234,15.1881],[108.823,15.1887],[108.8216,15.1884],[108.8185,15.1903],[108.8188,15.1881],[108.8196,15.187],[108.8237,15.1857],[108.8249,15.1846],[108.8255,15.1814],[108.8266,15.1789],[108.8284,15.176],[108.8297,15.175],[108.8287,15.1715],[108.8295,15.1698],[108.8285,15.1679],[108.8279,15.1641],[108.8284,15.1616],[108.8264,15.1601],[108.8277,15.1587],[108.8291,15.1584],[108.8303,15.1588],[108.8311,15.1609],[108.8326,15.161],[108.8326,15.1616],[108.8333,15.1616],[108.8334,15.162],[108.8349,15.162],[108.8366,15.1609],[108.8388,15.1585],[108.8406,15.1557],[108.8415,15.1551],[108.8419,15.1524],[108.8433,15.1522],[108.8445,15.1539],[108.8452,15.1534],[108.8448,15.1517],[108.8462,15.1517],[108.8467,15.1502],[108.8477,15.1506],[108.8477,15.1497],[108.849,15.1501],[108.8495,15.1455],[108.8524,15.1437],[108.8582,15.1422],[108.8698,15.1417],[108.8768,15.1421],[108.8825,15.1429],[108.8797,15.1453],[108.8795,15.1467],[108.88,15.1478],[108.8818,15.1474],[108.8859,15.1438],[108.8889,15.1428],[108.8913,15.1425],[108.8974,15.144]]]]},"properties":{"code":"21211","name":"Tịnh Khê","nameEn":"Tinh Khe","fullName":"Xã Tịnh Khê","fullNameEn":"Tinh Khe Commune","codeName":"tinh_khe","postalCode":"53125","postalCodePrefix":"","gisServerId":"diaphanhanhchinhcapxa_2025.1770","areaKm2":46.05},"id":"21211"},
{"type":"Feature","geometry":{"type":"Polygon","coordinates":[[[108.7713,15.18],[108.7677,15.1817],[108.7662,15.1805],[108.7661,15.1793],[108.7651,15.179],[108.765,15.1765],[108.7644,15.1766],[108.764,15.1777],[108.7629,15.1781],[108.7631,15.1806],[108.7614,15.1805],[108.7617,15.182],[108.7608,15.1818],[108.759,15.1832],[108.7592,15.1837],[108.7559,15.1868],[108.7541,15.1876],[108.7526,15.1876],[108.7522,15.1864],[108.7481,15.1862],[108.7476,15.1855],[108.7448,15.1858],[108.7441,15.1847],[108.7429,15.1846],[108.7427,15.1836],[108.741,15.1835],[108.7403,15.1906],[108.7385,15.1902],[108.7378,15.1918],[108.7384,15.1938],[108.7399,15.195],[108.741,15.1968],[108.7408,15.1972],[108.7389,15.2],[108.7375,15.2003],[108.7356,15.2021],[108.7351,15.2051],[108.7319,15.2059],[108.7308,15.2095],[108.7311,15.2108],[108.7315,15.2117],[108.7338,15.2111],[108.7345,15.2122],[108.732,15.2133],[108.7323,15.2142],[108.7309,15.2145],[108.7318,15.2166],[108.7316,15.2181],[108.7306,15.2189],[108.7292,15.2189],[108.7291,15.2194],[108.728,15.2196],[108.7275,15.2203],[108.7295,15.2241],[108.7281,15.2248],[108.7289,15.2257],[108.7288,15.2265],[108.7278,15.2277],[108.7259,15.233],[108.7241,15.2335],[108.7225,15.2326],[108.7242,15.2295],[108.7221,15.2286],[108.7219,15.2282],[108.72,15.2277],[108.7205,15.2262],[108.7201,15.2248],[108.7192,15.2249],[108.7188,15.2245],[108.7179,15.2248],[108.7173,15.2239],[108.7167,15.2238],[108.7158,15.2247],[108.7132,15.2255],[108.7112,15.2255],[108.7102,15.2247],[108.7086,15.225],[108.7082,15.2255],[108.7081,15.2242],[108.7074,15.2238],[108.7063,15.2244],[108.706,15.2242],[108.7062,15.2219],[108.7047,15.2216],[108.7042,15.2216],[108.7036,15.2233],[108.7035,15.2257],[108.7029,15.2264],[108.7022,15.2265],[108.7005,15.2261],[108.7009,15.2236],[108.6962,15.2223],[108.697,15.2211],[108.6968,15.2191],[108.6959,15.2184],[108.6965,15.2174],[108.6952,15.2158],[108.6954,15.215],[108.6918,15.212],[108.6936,15.2112],[108.6936,15.2097],[108.6947,15.2087],[108.6952,15.207],[108.6963,15.206],[108.6972,15.2033],[108.6965,15.2029],[108.6969,15.2012],[108.6962,15.1995],[108.6953,15.1988],[108.6949,15.1966],[108.6926,15.197],[108.6911,15.1965],[108.6905,15.1972],[108.6886,15.1973],[108.6873,15.1966],[108.6882,15.1948],[108.6891,15.1957],[108.6913,15.1959],[108.6926,15.1956],[108.6938,15.1945],[108.6939,15.1926],[108.6928,15.192],[108.6925,15.1924],[108.6913,15.1896],[108.6924,15.1889],[108.6918,15.1871],[108.6926,15.1866],[108.6927,15.187],[108.6947,15.1865],[108.695,15.1859],[108.6939,15.1856],[108.6926,15.1826],[108.6904,15.1811],[108.6907,15.1792],[108.6902,15.178],[108.6893,15.1774],[108.6902,15.1735],[108.6898,15.1728],[108.6892,15.1728],[108.6896,15.1697],[108.6879,15.169],[108.6873,15.1697],[108.6868,15.1694],[108.6781,15.1708],[108.6786,15.1728],[108.6776,15.1716],[108.6763,15.1721],[108.676,15.1692],[108.6765,15.1676],[108.6777,15.1675],[108.6788,15.1659],[108.6776,15.1641],[108.6774,15.1626],[108.6791,15.1628],[108.6819,15.1615],[108.6844,15.1622],[108.6852,15.161],[108.6861,15.161],[108.6864,15.1603],[108.6872,15.1602],[108.6871,15.1589],[108.6884,15.1579],[108.6864,15.1569],[108.692,15.1498],[108.694,15.1503],[108.7005,15.1539],[108.7049,15.1542],[108.7082,15.1537],[108.7108,15.154],[108.7146,15.1533],[108.7294,15.1475],[108.7358,15.1474],[108.7463,15.1463],[108.7512,15.1464],[108.7537,15.1452],[108.7577,15.142],[108.7597,15.1396],[108.7638,15.1317],[108.7662,15.1291],[108.7683,15.1286],[108.7716,15.1292],[108.7827,15.1354],[108.7806,15.138],[108.7809,15.1384],[108.7801,15.1399],[108.7802,15.1409],[108.7811,15.1424],[108.7818,15.1433],[108.7824,15.1433],[108.7825,15.146],[108.7807,15.144],[108.7802,15.1455],[108.7792,15.1456],[108.7803,15.1491],[108.7782,15.149],[108.7771,15.1483],[108.777,15.1476],[108.7754,15.1476],[108.7754,15.1487],[108.7743,15.1489],[108.7724,15.1534],[108.7737,15.1557],[108.7761,15.1572],[108.7768,15.1606],[108.7739,15.1685],[108.7713,15.18]]]},"properties":{"code":"21220","name":"Sơn Tịnh","nameEn":"Son Tinh","fullName":"Xã Sơn Tịnh","fullNameEn":"Son Tinh Commune","codeName":"son_tinh","postalCode":"53217","postalCodePrefix":"","gisServerId":"diaphanhanhchinhcapxa_2025.1747","areaKm2":59.78},"id":"21220"},
{"type":"Feature","geometry":{"type":"Polygon","coordinates":[[[108.8997,15.096],[108.8998,15.0976],[108.8987,15.1015],[108.8945,15.1064],[108.8946,15.1074],[108.8968,15.1092],[108.8966,15.1111],[108.8953,15.1122],[108.8924,15.1136],[108.8904,15.1164],[108.8891,15.1147],[108.8897,15.1122],[108.8885,15.1107],[108.8889,15.1103],[108.8881,15.1092],[108.8886,15.1086],[108.8882,15.1076],[108.8865,15.1071],[108.886,15.106],[108.8839,15.1079],[108.8826,15.1076],[108.8824,15.1061],[108.8807,15.1048],[108.8805,15.1042],[108.8811,15.1031],[108.8784,15.102],[108.8793,15.104],[108.8768,15.1043],[108.8752,15.1052],[108.8731,15.1052],[108.8707,15.1063],[108.8701,15.1057],[108.8696,15.1061],[108.8688,15.1055],[108.8675,15.1055],[108.8671,15.107],[108.8662,15.1067],[108.8652,15.105],[108.8644,15.1051],[108.8629,15.1044],[108.8615,15.1053],[108.8629,15.1062],[108.8628,15.1069],[108.8618,15.1074],[108.8612,15.1069],[108.8613,15.1058],[108.8596,15.1053],[108.8596,15.1045],[108.8602,15.1042],[108.8588,15.1016],[108.8588,15.1009],[108.858,15.101],[108.8574,15.1019],[108.8567,15.1019],[108.8572,15.1],[108.8559,15.0999],[108.855,15.0992],[108.8529,15.0992],[108.8505,15.0973],[108.8488,15.0982],[108.8477,15.1009],[108.8436,15.1018],[108.8427,15.1013],[108.8431,15.1004],[108.843,15.0988],[108.841,15.1003],[108.8397,15.0978],[108.8387,15.099],[108.8373,15.0968],[108.8357,15.0977],[108.8345,15.0995],[108.8331,15.1001],[108.8317,15.099],[108.8302,15.0989],[108.8283,15.1016],[108.8272,15.1009],[108.825,15.1014],[108.8242,15.1009],[108.8224,15.101],[108.8216,15.1009],[108.8205,15.1019],[108.8182,15.1024],[108.819,15.0994],[108.8183,15.0979],[108.8136,15.0945],[108.8104,15.0972],[108.8094,15.0971],[108.8051,15.099],[108.8043,15.0981],[108.804,15.0963],[108.8021,15.0957],[108.8008,15.0959],[108.8003,15.0949],[108.7983,15.0943],[108.7972,15.092],[108.7955,15.0918],[108.7952,15.0902],[108.7957,15.0894],[108.7963,15.0887],[108.7964,15.0871],[108.795,15.0873],[108.7944,15.0867],[108.7944,15.0858],[108.7936,15.0857],[108.7922,15.0786],[108.7917,15.0785],[108.7916,15.0778],[108.7908,15.0779],[108.7903,15.0774],[108.7895,15.0775],[108.7897,15.0782],[108.789,15.078],[108.7887,15.077],[108.7891,15.0762],[108.7882,15.076],[108.7876,15.0763],[108.7879,15.0743],[108.7873,15.075],[108.7866,15.0747],[108.7878,15.0728],[108.7886,15.0726],[108.7889,15.0692],[108.7904,15.0692],[108.7896,15.065],[108.7904,15.0645],[108.7913,15.0648],[108.7927,15.0644],[108.7931,15.062],[108.7938,15.0623],[108.7944,15.0639],[108.795,15.0638],[108.7953,15.0627],[108.7963,15.0625],[108.7971,15.0628],[108.7976,15.0639],[108.8001,15.064],[108.8022,15.0647],[108.8035,15.0645],[108.8063,15.0626],[108.8095,15.0576],[108.8104,15.0593],[108.8117,15.0598],[108.8145,15.0581],[108.8168,15.0576],[108.8181,15.0597],[108.8198,15.0584],[108.8203,15.0574],[108.8197,15.0556],[108.8199,15.0547],[108.8244,15.0555],[108.8252,15.0577],[108.8261,15.0582],[108.8281,15.0576],[108.8294,15.059],[108.8335,15.0595],[108.8358,15.0608],[108.8366,15.0625],[108.8387,15.0617],[108.8389,15.0602],[108.8395,15.0594],[108.842,15.0611],[108.8433,15.0628],[108.846,15.0633],[108.8462,15.0643],[108.8455,15.0654],[108.8446,15.066],[108.8432,15.0658],[108.8432,15.0666],[108.8475,15.0672],[108.8502,15.0702],[108.8512,15.07],[108.8518,15.0684],[108.853,15.0682],[108.8564,15.0693],[108.8591,15.0719],[108.8601,15.0718],[108.8615,15.071],[108.8631,15.0723],[108.8668,15.0711],[108.8679,15.0726],[108.869,15.0727],[108.8702,15.0724],[108.8712,15.0715],[108.8717,15.0704],[108.871,15.07],[108.872,15.068],[108.8731,15.0677],[108.8737,15.0681],[108.8762,15.0673],[108.8768,15.069],[108.8783,15.071],[108.8759,15.0703],[108.8748,15.0705],[108.8752,15.073],[108.8796,15.0754],[108.8788,15.0771],[108.88,15.0789],[108.8801,15.0807],[108.8811,15.0811],[108.8818,15.0804],[108.8831,15.0801],[108.8844,15.0807],[108.8853,15.0857],[108.8863,15.0869],[108.8886,15.0879],[108.8888,15.0891],[108.8867,15.0907],[108.8873,15.092],[108.8866,15.0923],[108.8872,15.0945],[108.8923,15.0946],[108.8965,15.094],[108.8997,15.096]]]},"properties":{"code":"21235","name":"Tư Nghĩa","nameEn":"Tu Nghia","fullName":"Xã Tư Nghĩa","fullNameEn":"Tu Nghia Commune","codeName":"tu_nghia","postalCode":"53921","postalCodePrefix":"","gisServerId":"diaphanhanhchinhcapxa_2025.1765","areaKm2":41.93},"id":"21235"},
{"type":"Feature","geometry":{"type":"Polygon","coordinates":[[[108.844,15.0188],[108.8467,15.0185],[108.8487,15.0189],[108.8503,15.0216],[108.8524,15.0284],[108.8521,15.03],[108.8495,15.0352],[108.8493,15.037],[108.8504,15.0395],[108.8547,15.0449],[108.8562,15.0457],[108.8592,15.0462],[108.8618,15.0455],[108.8667,15.0452],[108.87,15.0454],[108.8726,15.0462],[108.876,15.05],[108.8809,15.0598],[108.8818,15.0604],[108.8885,15.0613],[108.8904,15.0626],[108.8912,15.0645],[108.8911,15.0658],[108.8868,15.0737],[108.8866,15.0762],[108.8891,15.0804],[108.8924,15.0838],[108.8937,15.0843],[108.8931,15.0862],[108.8894,15.0867],[108.8886,15.0879],[108.8863,15.0869],[108.8853,15.0857],[108.8844,15.0807],[108.8831,15.0801],[108.8818,15.0804],[108.8811,15.0811],[108.8801,15.0807],[108.88,15.0789],[108.8788,15.0771],[108.8796,15.0754],[108.8752,15.073],[108.8748,15.0705],[108.8759,15.0703],[108.8783,15.071],[108.8768,15.069],[108.8762,15.0673],[108.8737,15.0681],[108.8731,15.0677],[108.872,15.068],[108.871,15.07],[108.8717,15.0704],[108.8712,15.0715],[108.8702,15.0724],[108.869,15.0727],[108.8679,15.0726],[108.8668,15.0711],[108.8631,15.0723],[108.8615,15.071],[108.8601,15.0718],[108.8591,15.0719],[108.8564,15.0693],[108.853,15.0682],[108.8518,15.0684],[108.8512,15.07],[108.8502,15.0702],[108.8475,15.0672],[108.8432,15.0666],[108.8432,15.0658],[108.8446,15.066],[108.8455,15.0654],[108.8462,15.0643],[108.846,15.0633],[108.8433,15.0628],[108.842,15.0611],[108.8395,15.0594],[108.8389,15.0602],[108.8387,15.0617],[108.8366,15.0625],[108.8358,15.0608],[108.8335,15.0595],[108.8294,15.059],[108.8281,15.0576],[108.8261,15.0582],[108.8252,15.0577],[108.8244,15.0555],[108.8199,15.0547],[108.8219,15.0499],[108.8221,15.0477],[108.8225,15.0474],[108.8241,15.0405],[108.8262,15.0381],[108.8259,15.0356],[108.8188,15.0348],[108.8182,15.033],[108.8157,15.0325],[108.8155,15.0319],[108.8156,15.0309],[108.8165,15.0301],[108.8164,15.0295],[108.8157,15.0287],[108.814,15.0285],[108.8137,15.0281],[108.8147,15.025],[108.816,15.0246],[108.8165,15.0229],[108.8183,15.0232],[108.8182,15.024],[108.8189,15.0243],[108.8193,15.0254],[108.8202,15.0251],[108.821,15.0258],[108.8216,15.0256],[108.8231,15.0234],[108.8229,15.0219],[108.8237,15.0213],[108.8249,15.0221],[108.825,15.0228],[108.8315,15.0236],[108.835,15.0268],[108.8377,15.0281],[108.8382,15.0279],[108.8397,15.0304],[108.8415,15.0278],[108.8423,15.028],[108.8426,15.0269],[108.8445,15.0268],[108.8444,15.0248],[108.8426,15.0241],[108.8422,15.0231],[108.8411,15.0224],[108.8417,15.021],[108.8427,15.0215],[108.844,15.0188]]]},"properties":{"code":"21238","name":"Vệ Giang","nameEn":"Ve Giang","fullName":"Xã Vệ Giang","fullNameEn":"Ve Giang Commune","codeName":"ve_giang","postalCode":"53922","postalCodePrefix":"","gisServerId":"diaphanhanhchinhcapxa_2025.1763","areaKm2":24.21},"id":"21238"},
{"type":"Feature","geometry":{"type":"Polygon","coordinates":[[[108.692,15.1498],[108.6846,15.1467],[108.681,15.1425],[108.6794,15.1398],[108.6771,15.1376],[108.6734,15.136],[108.6693,15.1355],[108.6681,15.1358],[108.6647,15.1368],[108.6612,15.1394],[108.6586,15.1446],[108.6552,15.1497],[108.6529,15.1519],[108.6469,15.1596],[108.6454,15.163],[108.642,15.1647],[108.6334,15.1627],[108.6253,15.158],[108.6208,15.1542],[108.6169,15.1494],[108.613,15.1419],[108.6126,15.1406],[108.614,15.1368],[108.6141,15.1332],[108.6151,15.1267],[108.6208,15.1272],[108.6234,15.1268],[108.6245,15.1247],[108.626,15.1248],[108.6263,15.1236],[108.6288,15.1215],[108.6344,15.1195],[108.6391,15.1155],[108.6398,15.114],[108.64,15.112],[108.6422,15.11],[108.6422,15.1089],[108.6414,15.1076],[108.6417,15.1048],[108.641,15.1024],[108.6426,15.1016],[108.6436,15.0975],[108.6483,15.0965],[108.6491,15.0943],[108.648,15.0925],[108.6482,15.09],[108.6495,15.0848],[108.6543,15.0816],[108.6543,15.0806],[108.6553,15.0794],[108.6562,15.0765],[108.6564,15.0738],[108.659,15.0717],[108.6586,15.0703],[108.6558,15.0654],[108.6542,15.064],[108.6513,15.0633],[108.6506,15.0627],[108.6494,15.0577],[108.6497,15.0564],[108.6491,15.0534],[108.6501,15.0521],[108.6495,15.0512],[108.648,15.0497],[108.6447,15.0495],[108.6445,15.0488],[108.6416,15.0469],[108.6416,15.0448],[108.6403,15.0424],[108.6432,15.0407],[108.6457,15.0399],[108.646,15.0388],[108.6462,15.0357],[108.6454,15.0323],[108.646,15.0297],[108.6446,15.0277],[108.6448,15.0276],[108.6477,15.0258],[108.6492,15.0235],[108.6513,15.0218],[108.6548,15.0203],[108.6568,15.0204],[108.6602,15.0218],[108.6618,15.0233],[108.6671,15.023],[108.6695,15.0277],[108.6712,15.0321],[108.6729,15.0321],[108.6752,15.0338],[108.6756,15.0347],[108.6787,15.0366],[108.6809,15.0371],[108.6854,15.0362],[108.688,15.0406],[108.691,15.0439],[108.6925,15.045],[108.6945,15.0455],[108.6945,15.0467],[108.6931,15.051],[108.6899,15.0533],[108.6893,15.0541],[108.6891,15.0566],[108.6875,15.058],[108.6894,15.0593],[108.6917,15.0599],[108.6937,15.0615],[108.6942,15.0625],[108.6935,15.0641],[108.6948,15.0657],[108.6959,15.0661],[108.6974,15.0678],[108.698,15.0697],[108.7013,15.0713],[108.7025,15.0735],[108.7041,15.0743],[108.7064,15.0772],[108.7075,15.078],[108.7095,15.0783],[108.708,15.0831],[108.7091,15.0862],[108.7059,15.0898],[108.7049,15.0921],[108.6994,15.0931],[108.6993,15.1048],[108.702,15.1086],[108.7039,15.1098],[108.7047,15.1118],[108.7061,15.1129],[108.7089,15.1167],[108.7135,15.1303],[108.7172,15.1298],[108.7185,15.1322],[108.7186,15.1338],[108.7209,15.1392],[108.7231,15.1431],[108.7217,15.1437],[108.7219,15.1444],[108.7192,15.145],[108.715,15.1473],[108.7136,15.1477],[108.7133,15.1479],[108.7134,15.1483],[108.7106,15.1497],[108.7108,15.154],[108.7082,15.1537],[108.7049,15.1542],[108.7005,15.1539],[108.694,15.1503],[108.692,15.1498]]]},"properties":{"code":"21244","name":"Trà Giang","nameEn":"Tra Giang","fullName":"Xã Trà Giang","fullNameEn":"Tra Giang Commune","codeName":"tra_giang","postalCode":"53924","postalCodePrefix":"","gisServerId":"diaphanhanhchinhcapxa_2025.1740","areaKm2":91.72},"id":"21244"},
{"type":"Feature","geometry":{"type":"Polygon","coordinates":[[[108.7528,15.0774],[108.7533,15.0786],[108.7562,15.0782],[108.7563,15.0784],[108.7564,15.0799],[108.7568,15.081],[108.7576,15.0817],[108.7592,15.0818],[108.7607,15.0825],[108.763,15.0812],[108.7649,15.0813],[108.766,15.0806],[108.7667,15.0824],[108.7656,15.0828],[108.7659,15.084],[108.7709,15.0824],[108.7702,15.0838],[108.7675,15.0868],[108.7654,15.0863],[108.7652,15.0871],[108.766,15.0876],[108.7691,15.0877],[108.77,15.0871],[108.7714,15.0886],[108.7726,15.0879],[108.7733,15.0886],[108.7743,15.0882],[108.7757,15.0887],[108.7764,15.0884],[108.7772,15.0894],[108.7797,15.0898],[108.7815,15.0881],[108.7805,15.0857],[108.787,15.0856],[108.7887,15.0849],[108.7902,15.088],[108.794,15.0874],[108.7947,15.0894],[108.7957,15.0894],[108.7952,15.0902],[108.7955,15.0918],[108.7972,15.092],[108.7983,15.0943],[108.7969,15.0956],[108.7924,15.1023],[108.7905,15.1027],[108.7902,15.1033],[108.7884,15.104],[108.7874,15.105],[108.7856,15.1045],[108.7853,15.1036],[108.784,15.1028],[108.7808,15.1021],[108.7814,15.1009],[108.7813,15.0989],[108.778,15.1002],[108.7709,15.102],[108.7688,15.102],[108.7686,15.1008],[108.7679,15.1007],[108.7673,15.1014],[108.7666,15.1011],[108.7658,15.1018],[108.7652,15.1018],[108.7627,15.1049],[108.7611,15.1047],[108.7606,15.1052],[108.7598,15.1045],[108.7587,15.1047],[108.7588,15.107],[108.7609,15.108],[108.7621,15.1143],[108.7613,15.1144],[108.7613,15.1148],[108.7617,15.1163],[108.7624,15.117],[108.7619,15.118],[108.7614,15.1176],[108.7598,15.1183],[108.7607,15.1243],[108.7617,15.1251],[108.7627,15.1252],[108.7636,15.1266],[108.7664,15.1265],[108.7663,15.1274],[108.7683,15.1286],[108.7662,15.1291],[108.7638,15.1317],[108.7597,15.1396],[108.7577,15.142],[108.7537,15.1452],[108.7512,15.1464],[108.7463,15.1463],[108.7358,15.1474],[108.7294,15.1475],[108.7146,15.1533],[108.7108,15.154],[108.7106,15.1497],[108.7134,15.1483],[108.7133,15.1479],[108.7136,15.1477],[108.715,15.1473],[108.7192,15.145],[108.7219,15.1444],[108.7217,15.1437],[108.7231,15.1431],[108.7209,15.1392],[108.7186,15.1338],[108.7185,15.1322],[108.7172,15.1298],[108.7135,15.1303],[108.7089,15.1167],[108.7061,15.1129],[108.7047,15.1118],[108.7039,15.1098],[108.702,15.1086],[108.6993,15.1048],[108.6994,15.0931],[108.7049,15.0921],[108.7059,15.0898],[108.7091,15.0862],[108.708,15.0831],[108.7095,15.0783],[108.7112,15.0783],[108.7148,15.0797],[108.7171,15.0831],[108.7194,15.0851],[108.7248,15.0878],[108.7274,15.0869],[108.7289,15.0872],[108.7322,15.0868],[108.7317,15.0832],[108.7309,15.0811],[108.7319,15.0795],[108.7356,15.0773],[108.7361,15.0759],[108.7387,15.0742],[108.74,15.0747],[108.7412,15.0764],[108.744,15.0769],[108.7502,15.0764],[108.7505,15.0764],[108.7516,15.0759],[108.7518,15.0759],[108.7526,15.0766],[108.7528,15.0774]]]},"properties":{"code":"21250","name":"Nghĩa Giang","nameEn":"Nghia Giang","fullName":"Xã Nghĩa Giang","fullNameEn":"Nghia Giang Commune","codeName":"nghia_giang","postalCode":"53923","postalCodePrefix":"","gisServerId":"diaphanhanhchinhcapxa_2025.1742","areaKm2":47.74},"id":"21250"},
{"type":"Feature","geometry":{"type":"Polygon","coordinates":[[[108.4762,14.9491],[108.4742,14.9513],[108.4737,14.9527],[108.4747,14.9551],[108.4763,14.9563],[108.476,14.9582],[108.4744,14.9593],[108.4722,14.9591],[108.4714,14.9596],[108.4712,14.9624],[108.4696,14.9663],[108.4679,14.9671],[108.469,14.9693],[108.4687,14.9702],[108.4702,14.9721],[108.4701,14.9764],[108.4777,14.9827],[108.4764,14.9966],[108.4765,15.0019],[108.4659,15.0119],[108.4655,15.0131],[108.4661,15.0145],[108.466,15.0174],[108.4665,15.0179],[108.4667,15.0199],[108.4675,15.0212],[108.4673,15.0229],[108.4677,15.0236],[108.4687,15.0238],[108.4694,15.0254],[108.465,15.0273],[108.4674,15.0302],[108.4682,15.0298],[108.4696,15.0305],[108.4702,15.0302],[108.4708,15.0321],[108.4701,15.0333],[108.4712,15.0335],[108.4717,15.0346],[108.4731,15.0355],[108.4747,15.0342],[108.4815,15.0313],[108.4816,15.0292],[108.4838,15.0289],[108.4841,15.0306],[108.4862,15.0329],[108.4864,15.0339],[108.4872,15.0341],[108.4903,15.034],[108.4954,15.033],[108.4972,15.0335],[108.4996,15.0351],[108.5005,15.035],[108.5041,15.0317],[108.5035,15.0336],[108.5037,15.037],[108.5027,15.04],[108.5034,15.0412],[108.5032,15.0432],[108.4978,15.048],[108.4986,15.0492],[108.4992,15.0537],[108.4977,15.0566],[108.4979,15.0579],[108.4972,15.0598],[108.5002,15.0617],[108.5011,15.0633],[108.5008,15.0643],[108.5025,15.0677],[108.5019,15.0688],[108.5001,15.0703],[108.4999,15.0712],[108.5002,15.072],[108.5014,15.0727],[108.5032,15.075],[108.503,15.0764],[108.5041,15.0775],[108.5037,15.0792],[108.5046,15.0796],[108.5045,15.0827],[108.5053,15.0838],[108.5083,15.0855],[108.51,15.0879],[108.5057,15.0929],[108.5057,15.096],[108.5052,15.0978],[108.5032,15.0997],[108.5018,15.1019],[108.4997,15.1035],[108.5005,15.1059],[108.5005,15.1073],[108.5013,15.1081],[108.5005,15.1102],[108.4996,15.1107],[108.4991,15.1083],[108.4969,15.1073],[108.4948,15.1071],[108.4946,15.1059],[108.489,15.1057],[108.4872,15.1064],[108.4856,15.1064],[108.4784,15.1113],[108.477,15.11],[108.4752,15.1096],[108.4739,15.1063],[108.4703,15.1039],[108.4689,15.104],[108.4684,15.1036],[108.4676,15.1033],[108.4638,15.1044],[108.4633,15.1064],[108.4612,15.1085],[108.4567,15.1084],[108.4545,15.1091],[108.4523,15.1079],[108.4519,15.1072],[108.4494,15.1065],[108.4479,15.1043],[108.4477,15.1041],[108.4427,15.1037],[108.4414,15.1043],[108.4384,15.1043],[108.4373,15.1038],[108.4331,15.104],[108.4316,15.1023],[108.4318,15.1],[108.4304,15.0989],[108.4271,15.0929],[108.4253,15.0916],[108.4239,15.0914],[108.422,15.0893],[108.4195,15.0899],[108.4181,15.0895],[108.4171,15.0877],[108.4159,15.0872],[108.4153,15.0855],[108.4131,15.086],[108.4125,15.0845],[108.4119,15.0843],[108.4095,15.0853],[108.4089,15.0851],[108.4076,15.0833],[108.4061,15.0828],[108.4054,15.0817],[108.4048,15.0817],[108.4031,15.0824],[108.4016,15.084],[108.3994,15.0849],[108.3975,15.0853],[108.3959,15.0849],[108.3946,15.0851],[108.3921,15.0875],[108.3895,15.0881],[108.3891,15.089],[108.3862,15.0908],[108.3825,15.091],[108.3807,15.0925],[108.3807,15.0941],[108.3779,15.0958],[108.3759,15.0962],[108.3742,15.0958],[108.3717,15.0988],[108.3704,15.0997],[108.3681,15.0989],[108.3658,15.0997],[108.3647,15.1006],[108.3628,15.1004],[108.3625,15.0991],[108.3602,15.0981],[108.3579,15.0951],[108.3561,15.0943],[108.3557,15.0922],[108.3565,15.0907],[108.3581,15.0895],[108.3579,15.0857],[108.3572,15.0844],[108.3537,15.0837],[108.3509,15.0859],[108.3495,15.0837],[108.3471,15.0829],[108.3416,15.0838],[108.3407,15.0845],[108.3402,15.0841],[108.3391,15.0844],[108.3373,15.0829],[108.3365,15.0814],[108.3316,15.0763],[108.3281,15.0772],[108.3264,15.077],[108.3254,15.0767],[108.3234,15.0743],[108.3199,15.074],[108.3204,15.0729],[108.3232,15.0714],[108.3241,15.0678],[108.3231,15.0652],[108.3269,15.0641],[108.3282,15.0619],[108.3312,15.0591],[108.332,15.0568],[108.3336,15.0571],[108.3344,15.0536],[108.3391,15.0524],[108.3407,15.0506],[108.3423,15.0503],[108.3441,15.0491],[108.3459,15.0497],[108.3476,15.0494],[108.3491,15.0498],[108.35,15.051],[108.3514,15.052],[108.3556,15.0528],[108.357,15.0548],[108.3603,15.054],[108.3624,15.0554],[108.3667,15.0538],[108.3695,15.0517],[108.3721,15.0505],[108.3737,15.0495],[108.3748,15.0476],[108.376,15.0467],[108.382,15.0468],[108.3835,15.0449],[108.3858,15.0434],[108.3871,15.0432],[108.3887,15.0409],[108.3892,15.0384],[108.3906,15.0375],[108.3923,15.0348],[108.3956,15.0312],[108.3978,15.0318],[108.4001,15.0312],[108.4023,15.0281],[108.4038,15.0278],[108.4064,15.0263],[108.4071,15.0247],[108.4092,15.0236],[108.4108,15.0213],[108.412,15.0206],[108.4126,15.0191],[108.4142,15.0181],[108.4171,15.0176],[108.417,15.015],[108.4138,15.0109],[108.4136,15.0093],[108.4128,15.0084],[108.4143,15.0044],[108.4133,15.0001],[108.4142,14.999],[108.4145,14.9972],[108.416,14.9965],[108.4168,14.9918],[108.4189,14.9883],[108.4194,14.9846],[108.4189,14.9833],[108.4198,14.9809],[108.4219,14.9794],[108.424,14.9796],[108.4247,14.9792],[108.4269,14.9736],[108.4278,14.9678],[108.4287,14.967],[108.4313,14.966],[108.4321,14.9617],[108.4309,14.9582],[108.4321,14.9565],[108.4332,14.9534],[108.4315,14.9502],[108.4329,14.9517],[108.4368,14.9525],[108.4394,14.9541],[108.4397,14.9545],[108.4402,14.9554],[108.4429,14.9563],[108.443,14.9588],[108.4448,14.9589],[108.4478,14.956],[108.4527,14.9462],[108.4559,14.9408],[108.46,14.94],[108.4648,14.9406],[108.4652,14.9442],[108.4689,14.9431],[108.4709,14.9414],[108.4741,14.9453],[108.4742,14.9476],[108.4762,14.9489],[108.4762,14.9491]]]},"properties":{"code":"21289","name":"Sơn Hà","nameEn":"Son Ha","fullName":"Xã Sơn Hà","fullNameEn":"Son Ha Commune","codeName":"son_ha","postalCode":"53820","postalCodePrefix":"","gisServerId":"diaphanhanhchinhcapxa_2025.1738","areaKm2":163.44},"id":"21289"},
{"type":"Feature","geometry":{"type":"Polygon","coordinates":[[[108.5784,15.1574],[108.5762,15.1574],[108.5748,15.1589],[108.5721,15.1592],[108.5693,15.1609],[108.5654,15.1597],[108.5637,15.1578],[108.5614,15.1538],[108.5605,15.1535],[108.5587,15.1515],[108.5589,15.1504],[108.5565,15.1488],[108.5506,15.1419],[108.541,15.1382],[108.5355,15.1318],[108.5323,15.1311],[108.5312,15.1298],[108.527,15.1277],[108.5249,15.1274],[108.5232,15.1278],[108.5228,15.1238],[108.5214,15.1201],[108.5214,15.1166],[108.5188,15.1164],[108.5145,15.1177],[108.5111,15.117],[108.5101,15.1173],[108.5067,15.1159],[108.5031,15.1173],[108.5025,15.1165],[108.5024,15.1147],[108.4996,15.1107],[108.5005,15.1102],[108.5013,15.1081],[108.5005,15.1073],[108.5005,15.1059],[108.4997,15.1035],[108.5018,15.1019],[108.5032,15.0997],[108.5052,15.0978],[108.5057,15.096],[108.5057,15.0929],[108.51,15.0879],[108.5083,15.0855],[108.5053,15.0838],[108.5045,15.0827],[108.5046,15.0796],[108.5037,15.0792],[108.5041,15.0775],[108.503,15.0764],[108.5032,15.075],[108.5014,15.0727],[108.5002,15.072],[108.4999,15.0712],[108.5001,15.0703],[108.5019,15.0688],[108.5025,15.0677],[108.5008,15.0643],[108.5011,15.0633],[108.5002,15.0617],[108.4972,15.0598],[108.4979,15.0579],[108.4977,15.0566],[108.4992,15.0537],[108.4986,15.0492],[108.4978,15.048],[108.5032,15.0432],[108.5034,15.0412],[108.5027,15.04],[108.5037,15.037],[108.5035,15.0336],[108.5041,15.0317],[108.5057,15.0278],[108.5064,15.0275],[108.5079,15.0277],[108.5094,15.0291],[108.5114,15.0296],[108.5128,15.0291],[108.5138,15.0296],[108.515,15.0288],[108.5159,15.0302],[108.5169,15.0305],[108.5175,15.0318],[108.5192,15.0334],[108.5192,15.0358],[108.5248,15.0411],[108.5263,15.0413],[108.5277,15.0426],[108.5297,15.0409],[108.5321,15.0432],[108.5329,15.0433],[108.5333,15.0471],[108.5351,15.0485],[108.5361,15.0501],[108.5405,15.0541],[108.5409,15.0558],[108.5399,15.0578],[108.5412,15.0602],[108.5427,15.0611],[108.5487,15.0604],[108.5494,15.0614],[108.5505,15.0616],[108.5512,15.0634],[108.553,15.0652],[108.553,15.0674],[108.5582,15.0693],[108.5595,15.0718],[108.5615,15.0742],[108.5625,15.0745],[108.563,15.0744],[108.5621,15.07],[108.5628,15.0711],[108.5666,15.07],[108.5667,15.0669],[108.5679,15.0658],[108.572,15.0652],[108.5772,15.0613],[108.5789,15.0613],[108.5858,15.0633],[108.5878,15.0613],[108.59,15.0606],[108.5903,15.0601],[108.5898,15.0586],[108.5907,15.057],[108.5909,15.0554],[108.5904,15.0532],[108.5904,15.0477],[108.5927,15.046],[108.5951,15.0454],[108.596,15.0445],[108.597,15.0442],[108.6,15.0422],[108.6007,15.041],[108.6015,15.0411],[108.6019,15.0397],[108.6027,15.0402],[108.6044,15.0391],[108.6058,15.0373],[108.6087,15.0382],[108.6093,15.0366],[108.6115,15.0365],[108.6148,15.031],[108.6155,15.0291],[108.618,15.0265],[108.62,15.026],[108.6202,15.0244],[108.6218,15.0206],[108.6242,15.0191],[108.6242,15.0172],[108.6254,15.0167],[108.6267,15.0149],[108.6299,15.014],[108.6325,15.014],[108.6339,15.0133],[108.6407,15.0168],[108.6413,15.0176],[108.6415,15.0206],[108.6407,15.0236],[108.6425,15.0271],[108.6446,15.0277],[108.646,15.0297],[108.6454,15.0323],[108.6462,15.0357],[108.646,15.0388],[108.6457,15.0399],[108.6432,15.0407],[108.6403,15.0424],[108.6416,15.0448],[108.6416,15.0469],[108.6445,15.0488],[108.6447,15.0495],[108.648,15.0497],[108.6495,15.0512],[108.6501,15.0521],[108.6491,15.0534],[108.6497,15.0564],[108.6494,15.0577],[108.6506,15.0627],[108.6513,15.0633],[108.6542,15.064],[108.6558,15.0654],[108.6586,15.0703],[108.659,15.0717],[108.6564,15.0738],[108.6562,15.0765],[108.6553,15.0794],[108.6543,15.0806],[108.6543,15.0816],[108.6495,15.0848],[108.6482,15.09],[108.648,15.0925],[108.6491,15.0943],[108.6483,15.0965],[108.6436,15.0975],[108.6426,15.1016],[108.641,15.1024],[108.6417,15.1048],[108.6414,15.1076],[108.6422,15.1089],[108.6422,15.11],[108.64,15.112],[108.6398,15.114],[108.6391,15.1155],[108.6344,15.1195],[108.6288,15.1215],[108.6263,15.1236],[108.626,15.1248],[108.6245,15.1247],[108.6234,15.1268],[108.6208,15.1272],[108.6151,15.1267],[108.6033,15.1287],[108.5992,15.1303],[108.5972,15.1299],[108.5942,15.1316],[108.593,15.1332],[108.5894,15.1343],[108.5893,15.1378],[108.5886,15.1383],[108.5875,15.1413],[108.5836,15.1466],[108.5765,15.1502],[108.5764,15.1557],[108.5768,15.1565],[108.5784,15.1574]]]},"properties":{"code":"21292","name":"Sơn Hạ","nameEn":"Son Ha","fullName":"Xã Sơn Hạ","fullNameEn":"Son Ha Commune","codeName":"son_ha","postalCode":"53815","postalCodePrefix":"","gisServerId":"diaphanhanhchinhcapxa_2025.1756","areaKm2":154.29},"id":"21292"},
{"type":"Feature","geometry":{"type":"Polygon","coordinates":[[[108.6446,15.0277],[108.6425,15.0271],[108.6407,15.0236],[108.6415,15.0206],[108.6413,15.0176],[108.6407,15.0168],[108.6339,15.0133],[108.6325,15.014],[108.6299,15.014],[108.6267,15.0149],[108.6254,15.0167],[108.6242,15.0172],[108.6242,15.0191],[108.6218,15.0206],[108.6202,15.0244],[108.62,15.026],[108.618,15.0265],[108.6155,15.0291],[108.6148,15.031],[108.6115,15.0365],[108.6093,15.0366],[108.6087,15.0382],[108.6058,15.0373],[108.6044,15.0391],[108.6027,15.0402],[108.6019,15.0397],[108.6015,15.0411],[108.6007,15.041],[108.6,15.0422],[108.597,15.0442],[108.596,15.0445],[108.5951,15.0454],[108.5927,15.046],[108.5904,15.0477],[108.5904,15.0532],[108.5909,15.0554],[108.5907,15.057],[108.5898,15.0586],[108.5903,15.0601],[108.59,15.0606],[108.5878,15.0613],[108.5858,15.0633],[108.5789,15.0613],[108.5772,15.0613],[108.572,15.0652],[108.5679,15.0658],[108.5667,15.0669],[108.5666,15.07],[108.5628,15.0711],[108.5621,15.07],[108.563,15.0744],[108.5625,15.0745],[108.5615,15.0742],[108.5595,15.0718],[108.5582,15.0693],[108.553,15.0674],[108.553,15.0652],[108.5512,15.0634],[108.5505,15.0616],[108.5494,15.0614],[108.5487,15.0604],[108.5427,15.0611],[108.5412,15.0602],[108.5399,15.0578],[108.5409,15.0558],[108.5405,15.0541],[108.5361,15.0501],[108.5351,15.0485],[108.5333,15.0471],[108.5329,15.0433],[108.5321,15.0432],[108.5297,15.0409],[108.5277,15.0426],[108.5263,15.0413],[108.5248,15.0411],[108.5192,15.0358],[108.5192,15.0334],[108.5175,15.0318],[108.5169,15.0305],[108.5159,15.0302],[108.515,15.0288],[108.5138,15.0296],[108.5128,15.0291],[108.5114,15.0296],[108.5094,15.0291],[108.5079,15.0277],[108.5091,15.0259],[108.509,15.0237],[108.5101,15.0202],[108.514,15.0184],[108.5154,15.0173],[108.5155,15.0166],[108.5168,15.016],[108.5177,15.0131],[108.5196,15.011],[108.5207,15.0084],[108.5241,15.0039],[108.5282,15.0003],[108.5273,14.999],[108.5286,14.997],[108.528,14.9954],[108.5279,14.9915],[108.5269,14.9886],[108.529,14.9867],[108.5292,14.9823],[108.5282,14.976],[108.5295,14.9712],[108.5289,14.9696],[108.5298,14.9673],[108.5298,14.966],[108.5306,14.9645],[108.5346,14.9613],[108.5349,14.9585],[108.5356,14.9571],[108.5376,14.9561],[108.5407,14.9535],[108.5449,14.9522],[108.5455,14.9501],[108.5474,14.9474],[108.5481,14.9446],[108.5479,14.9431],[108.5469,14.9414],[108.5475,14.9365],[108.5495,14.9346],[108.5509,14.9323],[108.5525,14.9317],[108.5554,14.9293],[108.5594,14.9294],[108.5602,14.9284],[108.5621,14.9284],[108.565,14.9302],[108.5698,14.9304],[108.57,14.9315],[108.5734,14.9308],[108.5753,14.9315],[108.5759,14.932],[108.5774,14.933],[108.5796,14.9333],[108.5818,14.9326],[108.5853,14.9328],[108.5894,14.932],[108.5923,14.9259],[108.5953,14.9238],[108.5954,14.9178],[108.6072,14.9241],[108.6057,14.9288],[108.6137,14.9336],[108.6142,14.9382],[108.6092,14.943],[108.6093,14.9576],[108.6113,14.9626],[108.6126,14.9628],[108.6162,14.966],[108.6174,14.9662],[108.6181,14.9662],[108.6194,14.9666],[108.6204,14.9684],[108.6214,14.9702],[108.6218,14.9734],[108.6234,14.9756],[108.6229,14.9769],[108.6246,14.9784],[108.6259,14.9791],[108.6276,14.9814],[108.6306,14.9832],[108.6381,14.9932],[108.644,14.9977],[108.6478,14.9976],[108.6559,14.995],[108.6534,15.0133],[108.6494,15.0164],[108.6495,15.0211],[108.6452,15.0249],[108.6447,15.0276],[108.6446,15.0277]]]},"properties":{"code":"21307","name":"Sơn Linh","nameEn":"Son Linh","fullName":"Xã Sơn Linh","fullNameEn":"Son Linh Commune","codeName":"son_linh","postalCode":"53813","postalCodePrefix":"","gisServerId":"diaphanhanhchinhcapxa_2025.1739","areaKm2":126.7},"id":"21307"},
{"type":"Feature","geometry":{"type":"Polygon","coordinates":[[[108.5041,15.0317],[108.5005,15.035],[108.4996,15.0351],[108.4972,15.0335],[108.4954,15.033],[108.4903,15.034],[108.4872,15.0341],[108.4864,15.0339],[108.4862,15.0329],[108.4841,15.0306],[108.4838,15.0289],[108.4816,15.0292],[108.4815,15.0313],[108.4747,15.0342],[108.4731,15.0355],[108.4717,15.0346],[108.4712,15.0335],[108.4701,15.0333],[108.4708,15.0321],[108.4702,15.0302],[108.4696,15.0305],[108.4682,15.0298],[108.4674,15.0302],[108.465,15.0273],[108.4694,15.0254],[108.4687,15.0238],[108.4677,15.0236],[108.4673,15.0229],[108.4675,15.0212],[108.4667,15.0199],[108.4665,15.0179],[108.466,15.0174],[108.4661,15.0145],[108.4655,15.0131],[108.4659,15.0119],[108.4765,15.0019],[108.4764,14.9966],[108.4777,14.9827],[108.4701,14.9764],[108.4702,14.9721],[108.4687,14.9702],[108.469,14.9693],[108.4679,14.9671],[108.4696,14.9663],[108.4712,14.9624],[108.4714,14.9596],[108.4722,14.9591],[108.4744,14.9593],[108.476,14.9582],[108.4763,14.9563],[108.4747,14.9551],[108.4737,14.9527],[108.4742,14.9513],[108.4762,14.9491],[108.4762,14.9487],[108.4771,14.946],[108.4805,14.944],[108.4817,14.9413],[108.4808,14.9401],[108.4783,14.9386],[108.478,14.9364],[108.4769,14.935],[108.4769,14.9334],[108.4723,14.9299],[108.4739,14.9274],[108.4743,14.9244],[108.4757,14.9234],[108.4776,14.9202],[108.4798,14.9201],[108.4819,14.9195],[108.4806,14.9186],[108.4802,14.9177],[108.4794,14.9174],[108.4792,14.9161],[108.4796,14.9155],[108.481,14.9155],[108.481,14.9144],[108.4836,14.9125],[108.4842,14.9116],[108.484,14.9102],[108.4845,14.9092],[108.4937,14.9095],[108.494,14.9099],[108.4946,14.9089],[108.4953,14.9098],[108.496,14.9084],[108.4969,14.9079],[108.497,14.9073],[108.4984,14.9066],[108.4985,14.9058],[108.4993,14.9064],[108.5,14.906],[108.4995,14.905],[108.5005,14.9049],[108.5033,14.9029],[108.5029,14.9018],[108.5041,14.9009],[108.5047,14.8998],[108.5055,14.9011],[108.5075,14.901],[108.508,14.9024],[108.511,14.9053],[108.5138,14.9056],[108.5157,14.905],[108.517,14.906],[108.5184,14.9051],[108.5236,14.9],[108.5271,14.9042],[108.5257,14.9073],[108.5256,14.9084],[108.5259,14.9107],[108.5274,14.9109],[108.5278,14.9102],[108.5286,14.9104],[108.529,14.9092],[108.5308,14.908],[108.5326,14.9041],[108.5337,14.9037],[108.5346,14.9022],[108.5357,14.9028],[108.537,14.9024],[108.5387,14.9027],[108.5393,14.9035],[108.5389,14.9044],[108.5421,14.9075],[108.543,14.9111],[108.5468,14.9107],[108.5497,14.9135],[108.5509,14.914],[108.5531,14.9168],[108.5587,14.9131],[108.5597,14.9114],[108.5609,14.9115],[108.564,14.9119],[108.5667,14.9133],[108.5677,14.9144],[108.568,14.9147],[108.5718,14.9171],[108.571,14.9186],[108.57,14.9234],[108.5686,14.9256],[108.5707,14.93],[108.57,14.9315],[108.5698,14.9304],[108.565,14.9302],[108.5621,14.9284],[108.5602,14.9284],[108.5594,14.9294],[108.5554,14.9293],[108.5525,14.9317],[108.5509,14.9323],[108.5495,14.9346],[108.5475,14.9365],[108.5469,14.9414],[108.5479,14.9431],[108.5481,14.9446],[108.5474,14.9474],[108.5455,14.9501],[108.5449,14.9522],[108.5407,14.9535],[108.5376,14.9561],[108.5356,14.9571],[108.5349,14.9585],[108.5346,14.9613],[108.5306,14.9645],[108.5298,14.966],[108.5298,14.9673],[108.5289,14.9696],[108.5295,14.9712],[108.5282,14.976],[108.5292,14.9823],[108.529,14.9867],[108.5269,14.9886],[108.5279,14.9915],[108.528,14.9954],[108.5286,14.997],[108.5273,14.999],[108.5282,15.0003],[108.5241,15.0039],[108.5207,15.0084],[108.5196,15.011],[108.5177,15.0131],[108.5168,15.016],[108.5155,15.0166],[108.5154,15.0173],[108.514,15.0184],[108.5101,15.0202],[108.509,15.0237],[108.5091,15.0259],[108.5079,15.0277],[108.5064,15.0275],[108.5057,15.0278],[108.5041,15.0317]]]},"properties":{"code":"21319","name":"Sơn Thuỷ","nameEn":"Son Thuy","fullName":"Xã Sơn Thuỷ","fullNameEn":"Son Thuy Commune","codeName":"son_thuy","postalCode":"53817","postalCodePrefix":"","gisServerId":"diaphanhanhchinhcapxa_2025.1737","areaKm2":95.77},"id":"21319"},
{"type":"Feature","geometry":{"type":"Polygon","coordinates":[[[108.57,14.9315],[108.5707,14.93],[108.5686,14.9256],[108.57,14.9234],[108.571,14.9186],[108.5718,14.9171],[108.568,14.9147],[108.5677,14.9144],[108.5667,14.9133],[108.564,14.9119],[108.5609,14.9115],[108.5597,14.9114],[108.5587,14.9131],[108.5531,14.9168],[108.5509,14.914],[108.5497,14.9135],[108.5468,14.9107],[108.543,14.9111],[108.5421,14.9075],[108.5389,14.9044],[108.5393,14.9035],[108.5387,14.9027],[108.537,14.9024],[108.5357,14.9028],[108.5346,14.9022],[108.5337,14.9037],[108.5326,14.9041],[108.5308,14.908],[108.529,14.9092],[108.5286,14.9104],[108.5278,14.9102],[108.5274,14.9109],[108.5259,14.9107],[108.5256,14.9084],[108.5257,14.9073],[108.5271,14.9042],[108.5236,14.9],[108.5184,14.9051],[108.517,14.906],[108.5157,14.905],[108.5138,14.9056],[108.511,14.9053],[108.508,14.9024],[108.5075,14.901],[108.5055,14.9011],[108.5047,14.8998],[108.5041,14.9009],[108.5029,14.9018],[108.5033,14.9029],[108.5005,14.9049],[108.4995,14.905],[108.5,14.906],[108.4993,14.9064],[108.4985,14.9058],[108.4984,14.9066],[108.497,14.9073],[108.4969,14.9079],[108.496,14.9084],[108.4953,14.9098],[108.4946,14.9089],[108.494,14.9099],[108.4937,14.9095],[108.4845,14.9092],[108.484,14.9102],[108.4842,14.9116],[108.4836,14.9125],[108.481,14.9144],[108.481,14.9155],[108.4796,14.9155],[108.4785,14.9146],[108.4763,14.9142],[108.4748,14.915],[108.4736,14.915],[108.4724,14.9135],[108.4726,14.9127],[108.4739,14.9115],[108.4747,14.9056],[108.4757,14.9046],[108.4767,14.9045],[108.4769,14.9039],[108.4753,14.9008],[108.4745,14.9006],[108.4735,14.899],[108.4723,14.8964],[108.4704,14.8943],[108.4692,14.8939],[108.4695,14.8916],[108.4723,14.8889],[108.4725,14.8862],[108.472,14.8851],[108.4659,14.8863],[108.4633,14.8876],[108.4613,14.887],[108.4604,14.8862],[108.456,14.8858],[108.4541,14.8846],[108.4536,14.8838],[108.456,14.8806],[108.4548,14.8782],[108.455,14.8749],[108.4545,14.8744],[108.4508,14.8738],[108.4497,14.8727],[108.4496,14.8663],[108.4471,14.8639],[108.4452,14.8611],[108.4456,14.856],[108.4443,14.8538],[108.4432,14.8529],[108.4415,14.8523],[108.438,14.8526],[108.4333,14.8507],[108.4303,14.8501],[108.4271,14.8504],[108.4257,14.8487],[108.4245,14.8455],[108.4205,14.8446],[108.4189,14.8368],[108.4152,14.8332],[108.4139,14.8322],[108.4115,14.8324],[108.4098,14.832],[108.4051,14.8294],[108.4052,14.8278],[108.4071,14.8246],[108.4066,14.8221],[108.403,14.823],[108.4054,14.8199],[108.409,14.8188],[108.4133,14.8162],[108.4209,14.8181],[108.4238,14.8182],[108.4258,14.817],[108.4302,14.8161],[108.4305,14.8158],[108.4299,14.8121],[108.4303,14.8112],[108.4316,14.81],[108.4352,14.8087],[108.4357,14.8077],[108.4355,14.8057],[108.4363,14.8057],[108.4388,14.8046],[108.441,14.8029],[108.442,14.8034],[108.4438,14.8037],[108.4461,14.803],[108.4492,14.8028],[108.4496,14.802],[108.4528,14.8011],[108.4545,14.7961],[108.4545,14.7947],[108.4553,14.7939],[108.4554,14.7922],[108.4567,14.7904],[108.4612,14.7902],[108.4635,14.7915],[108.4657,14.7917],[108.4665,14.7924],[108.4705,14.7932],[108.4716,14.7929],[108.4938,14.8012],[108.4944,14.8016],[108.4956,14.8016],[108.4961,14.8035],[108.4989,14.8061],[108.4995,14.8064],[108.5018,14.8046],[108.5025,14.8077],[108.5039,14.807],[108.5058,14.8044],[108.5073,14.8074],[108.5087,14.8085],[108.5103,14.8089],[108.5136,14.809],[108.5177,14.8077],[108.5209,14.8082],[108.5238,14.8093],[108.5264,14.8082],[108.5293,14.8084],[108.5308,14.8092],[108.5325,14.8091],[108.5343,14.8105],[108.5388,14.81],[108.544,14.8159],[108.5511,14.8119],[108.5531,14.8112],[108.5531,14.8102],[108.5551,14.8073],[108.5569,14.8061],[108.5576,14.8039],[108.5597,14.8051],[108.561,14.8053],[108.5659,14.8032],[108.5689,14.8038],[108.5738,14.8068],[108.5773,14.8075],[108.5785,14.8082],[108.581,14.8085],[108.584,14.8075],[108.5865,14.8076],[108.59,14.8079],[108.5917,14.8089],[108.594,14.8085],[108.5975,14.8091],[108.5953,14.8098],[108.5947,14.8121],[108.5933,14.8135],[108.5933,14.8152],[108.594,14.8159],[108.5931,14.8166],[108.5927,14.8182],[108.5918,14.8192],[108.5916,14.8211],[108.5898,14.8234],[108.5894,14.8256],[108.5874,14.8265],[108.5871,14.8275],[108.5873,14.8297],[108.5855,14.8319],[108.5862,14.8337],[108.5861,14.8357],[108.584,14.8357],[108.5835,14.8371],[108.5853,14.8391],[108.5876,14.8398],[108.5899,14.8419],[108.5901,14.8428],[108.5934,14.8448],[108.5946,14.8461],[108.5987,14.847],[108.6008,14.8487],[108.6016,14.8501],[108.6035,14.8495],[108.6038,14.8504],[108.602,14.8528],[108.598,14.856],[108.597,14.8582],[108.5957,14.8598],[108.5941,14.8606],[108.5931,14.8649],[108.59,14.8681],[108.59,14.8689],[108.5913,14.8712],[108.5918,14.8802],[108.5935,14.8845],[108.5901,14.8888],[108.586,14.8889],[108.5833,14.8965],[108.583,14.8975],[108.5779,14.9014],[108.577,14.9071],[108.5845,14.9108],[108.5954,14.9178],[108.5953,14.9238],[108.5923,14.9259],[108.5894,14.932],[108.5853,14.9328],[108.5818,14.9326],[108.5796,14.9333],[108.5774,14.933],[108.5759,14.932],[108.5753,14.9315],[108.5734,14.9308],[108.57,14.9315]]]},"properties":{"code":"21325","name":"Sơn Kỳ","nameEn":"Son Ky","fullName":"Xã Sơn Kỳ","fullNameEn":"Son Ky Commune","codeName":"son_ky","postalCode":"53818","postalCodePrefix":"","gisServerId":"diaphanhanhchinhcapxa_2025.1773","areaKm2":188.07},"id":"21325"},
{"type":"Feature","geometry":{"type":"Polygon","coordinates":[[[108.3199,15.074],[108.3196,15.075],[108.3182,15.0755],[108.316,15.0761],[108.3149,15.0756],[108.3139,15.0758],[108.3087,15.0798],[108.308,15.081],[108.3079,15.0823],[108.3068,15.0838],[108.3063,15.0881],[108.3048,15.0912],[108.3039,15.0919],[108.3024,15.0912],[108.2994,15.0918],[108.299,15.0945],[108.2953,15.0969],[108.2925,15.1026],[108.2914,15.1031],[108.2901,15.1045],[108.2879,15.108],[108.2851,15.1076],[108.284,15.1089],[108.2822,15.1097],[108.2813,15.1111],[108.2782,15.1108],[108.276,15.1091],[108.2748,15.1097],[108.2733,15.1093],[108.2725,15.1101],[108.2696,15.1112],[108.2687,15.1134],[108.267,15.1137],[108.2657,15.1149],[108.2644,15.1152],[108.2627,15.117],[108.2603,15.1183],[108.2585,15.1175],[108.2571,15.1151],[108.2573,15.1077],[108.2595,15.1059],[108.2592,15.1053],[108.2597,15.1027],[108.2585,15.1012],[108.2583,15.0997],[108.2591,15.0983],[108.2591,15.0973],[108.258,15.0961],[108.2579,15.0946],[108.2562,15.0933],[108.2574,15.0908],[108.2539,15.0878],[108.2534,15.0863],[108.251,15.0843],[108.2452,15.0833],[108.2418,15.0805],[108.2369,15.0793],[108.235,15.0783],[108.236,15.077],[108.2365,15.0742],[108.2406,15.0694],[108.2406,15.0673],[108.242,15.0649],[108.2416,15.0621],[108.2404,15.0585],[108.2398,15.0535],[108.2381,15.051],[108.2379,15.0493],[108.2384,15.0467],[108.2398,15.0461],[108.2422,15.0432],[108.243,15.0421],[108.2429,15.0407],[108.2418,15.0365],[108.2406,15.0349],[108.2408,15.0334],[108.2385,15.0321],[108.2393,15.0311],[108.2413,15.0302],[108.2454,15.0298],[108.2465,15.0278],[108.2483,15.0266],[108.2501,15.0262],[108.2487,15.0239],[108.2484,15.022],[108.2496,15.0217],[108.2505,15.0224],[108.2518,15.022],[108.254,15.0194],[108.2513,15.0169],[108.2509,15.0154],[108.2545,15.0057],[108.2558,15.005],[108.2572,15.0051],[108.2591,15.0041],[108.2599,15.0031],[108.2605,15.0004],[108.2631,14.9981],[108.2637,14.9963],[108.2634,14.9951],[108.2644,14.991],[108.2644,14.9891],[108.2666,14.987],[108.2688,14.9819],[108.2703,14.9819],[108.2716,14.983],[108.2726,14.983],[108.2747,14.9809],[108.2756,14.9779],[108.2766,14.9774],[108.2807,14.9774],[108.2823,14.9763],[108.2836,14.9737],[108.2827,14.9659],[108.2839,14.9638],[108.2859,14.9624],[108.2909,14.9665],[108.2954,14.968],[108.2957,14.9696],[108.2967,14.9709],[108.301,14.974],[108.3014,14.978],[108.3025,14.98],[108.3049,14.9818],[108.3071,14.9851],[108.3092,14.9851],[108.311,14.9861],[108.3114,14.9881],[108.3088,14.9921],[108.3104,14.9935],[108.3115,14.9979],[108.3114,14.9996],[108.3126,15.0008],[108.3166,15.0023],[108.3211,15.0054],[108.3233,15.0059],[108.3248,15.0052],[108.3271,15.0062],[108.3278,15.009],[108.3304,15.0105],[108.3312,15.0119],[108.3329,15.0127],[108.3337,15.0127],[108.3381,15.0104],[108.3428,15.0102],[108.3455,15.0089],[108.3479,15.009],[108.3543,15.0068],[108.3555,15.0068],[108.3606,15.0091],[108.3635,15.0143],[108.3646,15.0155],[108.3685,15.016],[108.3744,15.0182],[108.373,15.019],[108.371,15.0219],[108.3682,15.0238],[108.3671,15.0254],[108.3642,15.0273],[108.3601,15.0285],[108.3552,15.0273],[108.3549,15.0281],[108.3552,15.0296],[108.354,15.0328],[108.3548,15.0334],[108.3548,15.0366],[108.3536,15.0411],[108.354,15.0429],[108.3537,15.0447],[108.3534,15.0461],[108.3509,15.0488],[108.3507,15.0502],[108.35,15.051],[108.3491,15.0498],[108.3476,15.0494],[108.3459,15.0497],[108.3441,15.0491],[108.3423,15.0503],[108.3407,15.0506],[108.3391,15.0524],[108.3344,15.0536],[108.3336,15.0571],[108.332,15.0568],[108.3312,15.0591],[108.3282,15.0619],[108.3269,15.0641],[108.3231,15.0652],[108.3241,15.0678],[108.3232,15.0714],[108.3204,15.0729],[108.3199,15.074]]]},"properties":{"code":"21334","name":"Sơn Tây Thượng","nameEn":"Son Tay Thuong","fullName":"Xã Sơn Tây Thượng","fullNameEn":"Son Tay Thuong Commune","codeName":"son_tay_thuong","postalCode":"53616","postalCodePrefix":"","gisServerId":"diaphanhanhchinhcapxa_2025.1753","areaKm2":122.43},"id":"21334"},
{"type":"Feature","geometry":{"type":"Polygon","coordinates":[[[108.3682,14.8736],[108.3701,14.8779],[108.3752,14.8797],[108.3787,14.8823],[108.3778,14.8846],[108.383,14.8865],[108.386,14.8861],[108.3893,14.8865],[108.3942,14.889],[108.3966,14.8896],[108.4005,14.8896],[108.4047,14.8884],[108.4034,14.8915],[108.4016,14.8926],[108.4006,14.8946],[108.4007,14.8963],[108.3979,14.8958],[108.3951,14.8976],[108.3927,14.8975],[108.391,14.9],[108.3877,14.901],[108.3858,14.9028],[108.3861,14.9045],[108.3872,14.9055],[108.3866,14.9057],[108.3861,14.9077],[108.3832,14.9107],[108.3807,14.9124],[108.3791,14.9162],[108.378,14.9171],[108.3776,14.9183],[108.376,14.9181],[108.375,14.9189],[108.3729,14.9258],[108.3739,14.9276],[108.3736,14.9314],[108.374,14.9324],[108.3733,14.9343],[108.3736,14.9382],[108.3718,14.9396],[108.3718,14.9426],[108.3708,14.9442],[108.3718,14.9467],[108.371,14.9499],[108.3719,14.9535],[108.3734,14.9553],[108.373,14.9577],[108.3747,14.9604],[108.373,14.9622],[108.3726,14.9654],[108.3716,14.9661],[108.3709,14.9682],[108.3712,14.9696],[108.369,14.9719],[108.3686,14.9733],[108.3675,14.9738],[108.3688,14.9753],[108.3719,14.9764],[108.3724,14.9797],[108.3746,14.9812],[108.3772,14.9809],[108.3789,14.9801],[108.3821,14.9822],[108.3826,14.9846],[108.3852,14.9848],[108.3861,14.9841],[108.389,14.9841],[108.3906,14.987],[108.3917,14.9877],[108.3937,14.9875],[108.3957,14.9884],[108.3984,14.9904],[108.4017,14.9908],[108.4036,14.9904],[108.4045,14.9917],[108.4058,14.9914],[108.4057,14.9927],[108.407,14.9932],[108.4116,14.9928],[108.4129,14.9933],[108.4152,14.9918],[108.4168,14.9918],[108.416,14.9965],[108.4145,14.9972],[108.4142,14.999],[108.4133,15.0001],[108.4143,15.0044],[108.4128,15.0084],[108.4136,15.0093],[108.4138,15.0109],[108.417,15.015],[108.4171,15.0176],[108.4142,15.0181],[108.4126,15.0191],[108.412,15.0206],[108.4108,15.0213],[108.4092,15.0236],[108.4071,15.0247],[108.4064,15.0263],[108.4038,15.0278],[108.4023,15.0281],[108.4001,15.0312],[108.3978,15.0318],[108.3956,15.0312],[108.3923,15.0348],[108.3906,15.0375],[108.3892,15.0384],[108.3887,15.0409],[108.3871,15.0432],[108.3858,15.0434],[108.3835,15.0449],[108.382,15.0468],[108.376,15.0467],[108.3748,15.0476],[108.3737,15.0495],[108.3721,15.0505],[108.3695,15.0517],[108.3667,15.0538],[108.3624,15.0554],[108.3603,15.054],[108.357,15.0548],[108.3556,15.0528],[108.3514,15.052],[108.35,15.051],[108.3507,15.0502],[108.3509,15.0488],[108.3534,15.0461],[108.3537,15.0447],[108.354,15.0429],[108.3536,15.0411],[108.3548,15.0366],[108.3548,15.0334],[108.354,15.0328],[108.3552,15.0296],[108.3549,15.0281],[108.3552,15.0273],[108.3601,15.0285],[108.3642,15.0273],[108.3671,15.0254],[108.3682,15.0238],[108.371,15.0219],[108.373,15.019],[108.3744,15.0182],[108.3685,15.016],[108.3646,15.0155],[108.3635,15.0143],[108.3606,15.0091],[108.3555,15.0068],[108.3543,15.0068],[108.3479,15.009],[108.3455,15.0089],[108.3428,15.0102],[108.3381,15.0104],[108.3337,15.0127],[108.3329,15.0127],[108.3312,15.0119],[108.3304,15.0105],[108.3278,15.009],[108.3271,15.0062],[108.3248,15.0052],[108.3233,15.0059],[108.3211,15.0054],[108.3166,15.0023],[108.3126,15.0008],[108.3114,14.9996],[108.3115,14.9979],[108.3104,14.9935],[108.3088,14.9921],[108.3114,14.9881],[108.311,14.9861],[108.3092,14.9851],[108.3071,14.9851],[108.3049,14.9818],[108.3025,14.98],[108.3014,14.978],[108.301,14.974],[108.2967,14.9709],[108.2957,14.9696],[108.2954,14.968],[108.2909,14.9665],[108.2859,14.9624],[108.2866,14.9618],[108.2912,14.9608],[108.2951,14.9585],[108.2979,14.9577],[108.3011,14.9547],[108.3033,14.9511],[108.305,14.9507],[108.3054,14.9501],[108.3062,14.9503],[108.3067,14.9495],[108.3086,14.9486],[108.3093,14.9472],[108.3127,14.9459],[108.314,14.9423],[108.3158,14.9393],[108.3156,14.9379],[108.3141,14.935],[108.3167,14.9333],[108.3177,14.9305],[108.3203,14.9274],[108.3198,14.9241],[108.3212,14.9225],[108.3215,14.921],[108.3207,14.9199],[108.3191,14.9192],[108.3191,14.9184],[108.3213,14.9165],[108.3215,14.9156],[108.3209,14.9133],[108.3225,14.9121],[108.3231,14.9113],[108.3258,14.9102],[108.3281,14.9097],[108.3309,14.9105],[108.3362,14.9077],[108.3384,14.9081],[108.3401,14.9049],[108.3417,14.9032],[108.3424,14.9032],[108.344,14.901],[108.3444,14.8984],[108.3458,14.8975],[108.349,14.8978],[108.3509,14.8949],[108.3508,14.8913],[108.3499,14.8904],[108.3504,14.8886],[108.3496,14.8864],[108.3501,14.8844],[108.3498,14.8826],[108.3516,14.8799],[108.3546,14.8782],[108.3565,14.8792],[108.3585,14.8812],[108.3611,14.8824],[108.3612,14.8829],[108.3627,14.8829],[108.3638,14.8823],[108.3646,14.8803],[108.3662,14.8791],[108.3656,14.8768],[108.3672,14.8756],[108.3682,14.8736]]]},"properties":{"code":"21340","name":"Sơn Tây","nameEn":"Son Tay","fullName":"Xã Sơn Tây","fullNameEn":"Son Tay Commune","codeName":"son_tay","postalCode":"53615","postalCodePrefix":"","gisServerId":"diaphanhanhchinhcapxa_2025.1741","areaKm2":127.06},"id":"21340"},
{"type":"Feature","geometry":{"type":"Polygon","coordinates":[[[108.4762,14.9489],[108.4742,14.9476],[108.4741,14.9453],[108.4709,14.9414],[108.4689,14.9431],[108.4652,14.9442],[108.4648,14.9406],[108.46,14.94],[108.4559,14.9408],[108.4527,14.9462],[108.4478,14.956],[108.4448,14.9589],[108.443,14.9588],[108.4429,14.9563],[108.4402,14.9554],[108.4397,14.9545],[108.4394,14.9541],[108.4368,14.9525],[108.4329,14.9517],[108.4315,14.9502],[108.4332,14.9534],[108.4321,14.9565],[108.4309,14.9582],[108.4321,14.9617],[108.4313,14.966],[108.4287,14.967],[108.4278,14.9678],[108.4269,14.9736],[108.4247,14.9792],[108.424,14.9796],[108.4219,14.9794],[108.4198,14.9809],[108.4189,14.9833],[108.4194,14.9846],[108.4189,14.9883],[108.4168,14.9918],[108.4152,14.9918],[108.4129,14.9933],[108.4116,14.9928],[108.407,14.9932],[108.4057,14.9927],[108.4058,14.9914],[108.4045,14.9917],[108.4036,14.9904],[108.4017,14.9908],[108.3984,14.9904],[108.3957,14.9884],[108.3937,14.9875],[108.3917,14.9877],[108.3906,14.987],[108.389,14.9841],[108.3861,14.9841],[108.3852,14.9848],[108.3826,14.9846],[108.3821,14.9822],[108.3789,14.9801],[108.3772,14.9809],[108.3746,14.9812],[108.3724,14.9797],[108.3719,14.9764],[108.3688,14.9753],[108.3675,14.9738],[108.3686,14.9733],[108.369,14.9719],[108.3712,14.9696],[108.3709,14.9682],[108.3716,14.9661],[108.3726,14.9654],[108.373,14.9622],[108.3747,14.9604],[108.373,14.9577],[108.3734,14.9553],[108.3719,14.9535],[108.371,14.9499],[108.3718,14.9467],[108.3708,14.9442],[108.3718,14.9426],[108.3718,14.9396],[108.3736,14.9382],[108.3733,14.9343],[108.374,14.9324],[108.3736,14.9314],[108.3739,14.9276],[108.3729,14.9258],[108.375,14.9189],[108.376,14.9181],[108.3776,14.9183],[108.378,14.9171],[108.3791,14.9162],[108.3807,14.9124],[108.3832,14.9107],[108.3861,14.9077],[108.3866,14.9057],[108.3872,14.9055],[108.3861,14.9045],[108.3858,14.9028],[108.3877,14.901],[108.391,14.9],[108.3927,14.8975],[108.3951,14.8976],[108.3979,14.8958],[108.4007,14.8963],[108.4006,14.8946],[108.4016,14.8926],[108.4034,14.8915],[108.4047,14.8884],[108.4005,14.8896],[108.3966,14.8896],[108.3942,14.889],[108.3893,14.8865],[108.386,14.8861],[108.383,14.8865],[108.3778,14.8846],[108.3787,14.8823],[108.3752,14.8797],[108.3701,14.8779],[108.3682,14.8736],[108.3682,14.8721],[108.369,14.8708],[108.3677,14.869],[108.3676,14.8673],[108.3706,14.8654],[108.3705,14.8644],[108.371,14.8633],[108.3698,14.8624],[108.3712,14.8609],[108.3723,14.8566],[108.3746,14.8551],[108.375,14.8532],[108.3747,14.852],[108.3754,14.8506],[108.3752,14.8495],[108.3762,14.848],[108.377,14.8454],[108.3778,14.8448],[108.38,14.8449],[108.3815,14.844],[108.3824,14.8394],[108.3847,14.8358],[108.388,14.8349],[108.3913,14.8323],[108.3929,14.8288],[108.3945,14.8268],[108.3969,14.8259],[108.3975,14.8244],[108.3989,14.824],[108.4002,14.8242],[108.4017,14.8236],[108.4019,14.8229],[108.403,14.823],[108.4066,14.8221],[108.4071,14.8246],[108.4052,14.8278],[108.4051,14.8294],[108.4098,14.832],[108.4115,14.8324],[108.4139,14.8322],[108.4152,14.8332],[108.4189,14.8368],[108.4205,14.8446],[108.4245,14.8455],[108.4257,14.8487],[108.4271,14.8504],[108.4303,14.8501],[108.4333,14.8507],[108.438,14.8526],[108.4415,14.8523],[108.4432,14.8529],[108.4443,14.8538],[108.4456,14.856],[108.4452,14.8611],[108.4471,14.8639],[108.4496,14.8663],[108.4497,14.8727],[108.4508,14.8738],[108.4545,14.8744],[108.455,14.8749],[108.4548,14.8782],[108.456,14.8806],[108.4536,14.8838],[108.4541,14.8846],[108.456,14.8858],[108.4604,14.8862],[108.4613,14.887],[108.4633,14.8876],[108.4659,14.8863],[108.472,14.8851],[108.4725,14.8862],[108.4723,14.8889],[108.4695,14.8916],[108.4692,14.8939],[108.4704,14.8943],[108.4723,14.8964],[108.4735,14.899],[108.4745,14.9006],[108.4753,14.9008],[108.4769,14.9039],[108.4767,14.9045],[108.4757,14.9046],[108.4747,14.9056],[108.4739,14.9115],[108.4726,14.9127],[108.4724,14.9135],[108.4736,14.915],[108.4748,14.915],[108.4763,14.9142],[108.4785,14.9146],[108.4796,14.9155],[108.4792,14.9161],[108.4794,14.9174],[108.4802,14.9177],[108.4806,14.9186],[108.4819,14.9195],[108.4798,14.9201],[108.4776,14.9202],[108.4757,14.9234],[108.4743,14.9244],[108.4739,14.9274],[108.4723,14.9299],[108.4769,14.9334],[108.4769,14.935],[108.478,14.9364],[108.4783,14.9386],[108.4808,14.9401],[108.4817,14.9413],[108.4805,14.944],[108.4771,14.946],[108.4762,14.9487],[108.4762,14.9489]]]},"properties":{"code":"21343","name":"Sơn Tây Hạ","nameEn":"Son Tay Ha","fullName":"Xã Sơn Tây Hạ","fullNameEn":"Son Tay Ha Commune","codeName":"son_tay_ha","postalCode":"53617","postalCodePrefix":"","gisServerId":"diaphanhanhchinhcapxa_2025.1774","areaKm2":136.15},"id":"21343"},
{"type":"Feature","geometry":{"type":"Polygon","coordinates":[[[108.6447,15.0276],[108.6452,15.0249],[108.6495,15.0211],[108.6494,15.0164],[108.6534,15.0133],[108.6559,14.995],[108.6478,14.9976],[108.644,14.9977],[108.6381,14.9932],[108.6306,14.9832],[108.6276,14.9814],[108.6259,14.9791],[108.6246,14.9784],[108.6229,14.9769],[108.6234,14.9756],[108.6218,14.9734],[108.6214,14.9702],[108.6204,14.9684],[108.6225,14.9681],[108.6264,14.9663],[108.6294,14.9625],[108.6251,14.9585],[108.6248,14.9576],[108.6257,14.9554],[108.6294,14.9535],[108.6308,14.9544],[108.6331,14.9581],[108.6338,14.9575],[108.6353,14.9571],[108.6407,14.9571],[108.64,14.9602],[108.6409,14.9637],[108.6434,14.9637],[108.6446,14.9644],[108.6456,14.9637],[108.6464,14.9644],[108.6469,14.9679],[108.6465,14.969],[108.6474,14.97],[108.6495,14.971],[108.6507,14.9739],[108.6508,14.9709],[108.6542,14.9691],[108.6562,14.9687],[108.6568,14.967],[108.6591,14.9646],[108.6612,14.9634],[108.663,14.9611],[108.6646,14.9602],[108.6661,14.961],[108.6683,14.9609],[108.6701,14.9618],[108.6715,14.9608],[108.672,14.9596],[108.6728,14.9594],[108.6737,14.958],[108.6753,14.9571],[108.6776,14.9539],[108.6804,14.9516],[108.6837,14.95],[108.6843,14.9487],[108.6855,14.9476],[108.6853,14.946],[108.6844,14.9446],[108.6847,14.9427],[108.6862,14.9411],[108.6877,14.9402],[108.6891,14.9381],[108.692,14.9358],[108.693,14.9358],[108.695,14.9345],[108.6962,14.9348],[108.6967,14.9342],[108.6956,14.9324],[108.698,14.9308],[108.7005,14.9345],[108.7017,14.9374],[108.7032,14.9395],[108.7091,14.9418],[108.7113,14.9431],[108.7116,14.9443],[108.7123,14.9447],[108.7166,14.945],[108.7179,14.9446],[108.7189,14.9451],[108.7212,14.9442],[108.7214,14.9451],[108.7229,14.947],[108.7241,14.9464],[108.7249,14.947],[108.7273,14.9466],[108.7289,14.9452],[108.7409,14.9435],[108.7421,14.9449],[108.7438,14.9489],[108.7461,14.9495],[108.7496,14.9519],[108.7524,14.9503],[108.7543,14.9506],[108.7545,14.9513],[108.7536,14.9527],[108.7555,14.9554],[108.7574,14.9605],[108.7585,14.9611],[108.7577,14.9643],[108.7562,14.9655],[108.7545,14.9658],[108.7536,14.9668],[108.7518,14.9675],[108.7513,14.9683],[108.7484,14.9696],[108.7475,14.9706],[108.7465,14.9736],[108.7468,14.9752],[108.7482,14.9774],[108.748,14.9785],[108.7513,14.9782],[108.7544,14.9796],[108.7568,14.9816],[108.76,14.981],[108.7624,14.9791],[108.7669,14.9791],[108.77,14.9784],[108.7719,14.9797],[108.7714,14.9807],[108.7721,14.9825],[108.7708,14.9849],[108.7703,14.9856],[108.7695,14.9855],[108.7691,14.9865],[108.7661,14.9891],[108.7626,14.9907],[108.756,14.992],[108.7494,14.9914],[108.7522,14.9941],[108.7532,14.9968],[108.7531,14.9982],[108.7509,15.0054],[108.7478,15.0097],[108.746,15.0171],[108.7439,15.0165],[108.7406,15.0137],[108.7398,15.0134],[108.7369,15.0139],[108.7361,15.0132],[108.7339,15.0127],[108.7331,15.013],[108.7324,15.0144],[108.73,15.0157],[108.7282,15.0132],[108.7246,15.0115],[108.7232,15.0118],[108.7185,15.0155],[108.7171,15.0183],[108.7158,15.0184],[108.7158,15.0205],[108.7144,15.0215],[108.7125,15.0288],[108.7114,15.0305],[108.7109,15.0307],[108.7095,15.0289],[108.7063,15.0297],[108.704,15.0345],[108.704,15.0374],[108.7035,15.0393],[108.7008,15.0397],[108.6972,15.0414],[108.6945,15.0455],[108.6925,15.045],[108.691,15.0439],[108.688,15.0406],[108.6854,15.0362],[108.6809,15.0371],[108.6787,15.0366],[108.6756,15.0347],[108.6752,15.0338],[108.6729,15.0321],[108.6712,15.0321],[108.6695,15.0277],[108.6671,15.023],[108.6618,15.0233],[108.6602,15.0218],[108.6568,15.0204],[108.6548,15.0203],[108.6513,15.0218],[108.6492,15.0235],[108.6477,15.0258],[108.6448,15.0276],[108.6447,15.0276]]]},"properties":{"code":"21349","name":"Sơn Mai","nameEn":"Son Mai","fullName":"Xã Sơn Mai","fullNameEn":"Son Mai Commune","codeName":"son_mai","postalCode":"53712","postalCodePrefix":"","gisServerId":"diaphanhanhchinhcapxa_2025.1743","areaKm2":112.56},"id":"21349"},
{"type":"Feature","geometry":{"type":"Polygon","coordinates":[[[108.5833,14.8965],[108.586,14.8889],[108.5901,14.8888],[108.5935,14.8845],[108.5918,14.8802],[108.5913,14.8712],[108.59,14.8689],[108.59,14.8681],[108.5931,14.8649],[108.5941,14.8606],[108.5957,14.8598],[108.597,14.8582],[108.598,14.856],[108.602,14.8528],[108.6038,14.8504],[108.6035,14.8495],[108.6075,14.8528],[108.6093,14.8564],[108.6129,14.8574],[108.6167,14.8594],[108.6181,14.8594],[108.6182,14.8605],[108.619,14.8609],[108.619,14.8618],[108.6198,14.8621],[108.6199,14.8632],[108.621,14.8643],[108.6204,14.8655],[108.6209,14.8668],[108.6238,14.8676],[108.6258,14.8698],[108.6264,14.8712],[108.6277,14.8718],[108.6282,14.8727],[108.6283,14.8751],[108.6298,14.8748],[108.6308,14.8751],[108.6318,14.8764],[108.6312,14.8789],[108.6321,14.8806],[108.6332,14.8813],[108.6343,14.8831],[108.6355,14.8835],[108.6361,14.8845],[108.637,14.885],[108.6382,14.8866],[108.6385,14.8877],[108.6466,14.8936],[108.6486,14.8944],[108.6506,14.8943],[108.6553,14.8976],[108.658,14.8975],[108.6638,14.8991],[108.6681,14.8974],[108.672,14.8914],[108.675,14.8901],[108.6768,14.8882],[108.6808,14.887],[108.6825,14.8859],[108.6817,14.8835],[108.6825,14.8828],[108.6842,14.8831],[108.6876,14.8825],[108.6891,14.8834],[108.6891,14.8843],[108.6908,14.8858],[108.6927,14.8851],[108.6944,14.8865],[108.6954,14.8861],[108.6977,14.8866],[108.6987,14.8861],[108.6983,14.8857],[108.6989,14.8845],[108.6987,14.8829],[108.6996,14.8813],[108.7017,14.8829],[108.7036,14.8828],[108.7061,14.8846],[108.7063,14.8868],[108.7067,14.8872],[108.7078,14.8875],[108.7089,14.8855],[108.7116,14.8865],[108.7127,14.8863],[108.7158,14.8875],[108.7164,14.8893],[108.7178,14.893],[108.7222,14.8955],[108.7216,14.8975],[108.7233,14.8998],[108.7239,14.9016],[108.723,14.9043],[108.7233,14.9052],[108.7247,14.9067],[108.7251,14.9083],[108.7259,14.9088],[108.7267,14.9116],[108.7276,14.9126],[108.7276,14.9158],[108.7293,14.9182],[108.7296,14.9204],[108.7286,14.9218],[108.7281,14.9242],[108.7269,14.9266],[108.7264,14.9286],[108.7263,14.9321],[108.7298,14.9341],[108.7317,14.9374],[108.735,14.94],[108.7409,14.9435],[108.7289,14.9452],[108.7273,14.9466],[108.7249,14.947],[108.7241,14.9464],[108.7229,14.947],[108.7214,14.9451],[108.7212,14.9442],[108.7189,14.9451],[108.7179,14.9446],[108.7166,14.945],[108.7123,14.9447],[108.7116,14.9443],[108.7113,14.9431],[108.7091,14.9418],[108.7032,14.9395],[108.7017,14.9374],[108.7005,14.9345],[108.698,14.9308],[108.6956,14.9324],[108.6967,14.9342],[108.6962,14.9348],[108.695,14.9345],[108.693,14.9358],[108.692,14.9358],[108.6891,14.9381],[108.6877,14.9402],[108.6862,14.9411],[108.6847,14.9427],[108.6844,14.9446],[108.6853,14.946],[108.6855,14.9476],[108.6843,14.9487],[108.6837,14.95],[108.6804,14.9516],[108.6776,14.9539],[108.6753,14.9571],[108.6737,14.958],[108.6728,14.9594],[108.672,14.9596],[108.6715,14.9608],[108.6701,14.9618],[108.6683,14.9609],[108.6661,14.961],[108.6646,14.9602],[108.663,14.9611],[108.6612,14.9634],[108.6591,14.9646],[108.6568,14.967],[108.6562,14.9687],[108.6542,14.9691],[108.6508,14.9709],[108.6507,14.9739],[108.6495,14.971],[108.6474,14.97],[108.6465,14.969],[108.6469,14.9679],[108.6464,14.9644],[108.6456,14.9637],[108.6446,14.9644],[108.6434,14.9637],[108.6409,14.9637],[108.64,14.9602],[108.6407,14.9571],[108.6353,14.9571],[108.6338,14.9575],[108.6331,14.9581],[108.6308,14.9544],[108.6294,14.9535],[108.6257,14.9554],[108.6248,14.9576],[108.6251,14.9585],[108.6294,14.9625],[108.6264,14.9663],[108.6225,14.9681],[108.6204,14.9684],[108.6194,14.9666],[108.6181,14.9662],[108.6174,14.9662],[108.6162,14.966],[108.6126,14.9628],[108.6113,14.9626],[108.6093,14.9576],[108.6092,14.943],[108.6142,14.9382],[108.6137,14.9336],[108.6057,14.9288],[108.6072,14.9241],[108.5954,14.9178],[108.5845,14.9108],[108.577,14.9071],[108.5779,14.9014],[108.583,14.8975],[108.5833,14.8965]]]},"properties":{"code":"21361","name":"Minh Long","nameEn":"Minh Long","fullName":"Xã Minh Long","fullNameEn":"Minh Long Commune","codeName":"minh_long","postalCode":"53711","postalCodePrefix":"","gisServerId":"diaphanhanhchinhcapxa_2025.1775","areaKm2":124.74},"id":"21361"},
{"type":"Feature","geometry":{"type":"Polygon","coordinates":[[[108.7549,15.0738],[108.763,15.0685],[108.7623,15.0676],[108.7622,15.0658],[108.7591,15.0622],[108.7596,15.0595],[108.7591,15.0582],[108.7581,15.0574],[108.7585,15.0565],[108.7581,15.0545],[108.7621,15.0516],[108.7636,15.0483],[108.7648,15.0481],[108.7672,15.0492],[108.7681,15.049],[108.7681,15.0483],[108.7692,15.0474],[108.7688,15.046],[108.7694,15.0427],[108.7707,15.0421],[108.7706,15.0412],[108.77,15.0412],[108.7702,15.0387],[108.7706,15.0383],[108.7718,15.0382],[108.7731,15.0372],[108.7756,15.0379],[108.7754,15.0392],[108.7799,15.0392],[108.7809,15.0388],[108.781,15.0413],[108.7798,15.042],[108.7804,15.0441],[108.7805,15.0519],[108.7841,15.0509],[108.7844,15.0496],[108.7856,15.0482],[108.788,15.0497],[108.7883,15.0523],[108.7898,15.0545],[108.7903,15.054],[108.7923,15.0542],[108.7938,15.0523],[108.7966,15.0535],[108.7999,15.054],[108.8003,15.0538],[108.7999,15.0526],[108.798,15.0523],[108.7973,15.0517],[108.7973,15.0506],[108.7957,15.0495],[108.7962,15.0477],[108.7953,15.047],[108.7953,15.0447],[108.7964,15.0427],[108.7973,15.0428],[108.7989,15.0416],[108.7974,15.0397],[108.7994,15.0374],[108.8041,15.0347],[108.8056,15.0329],[108.8069,15.034],[108.8088,15.034],[108.8111,15.0326],[108.8119,15.0328],[108.8125,15.0324],[108.8135,15.0328],[108.8155,15.0319],[108.8157,15.0325],[108.8182,15.033],[108.8188,15.0348],[108.8259,15.0356],[108.8262,15.0381],[108.8241,15.0405],[108.8225,15.0474],[108.8221,15.0477],[108.8219,15.0499],[108.8199,15.0547],[108.8197,15.0556],[108.8203,15.0574],[108.8198,15.0584],[108.8181,15.0597],[108.8168,15.0576],[108.8145,15.0581],[108.8117,15.0598],[108.8104,15.0593],[108.8095,15.0576],[108.8063,15.0626],[108.8035,15.0645],[108.8022,15.0647],[108.8001,15.064],[108.7976,15.0639],[108.7971,15.0628],[108.7963,15.0625],[108.7953,15.0627],[108.795,15.0638],[108.7944,15.0639],[108.7938,15.0623],[108.7931,15.062],[108.7927,15.0644],[108.7913,15.0648],[108.7904,15.0645],[108.7896,15.065],[108.7904,15.0692],[108.7889,15.0692],[108.7886,15.0726],[108.7878,15.0728],[108.7866,15.0747],[108.7873,15.075],[108.7879,15.0743],[108.7876,15.0763],[108.7882,15.076],[108.7891,15.0762],[108.7887,15.077],[108.789,15.078],[108.7897,15.0782],[108.7895,15.0775],[108.7903,15.0774],[108.7908,15.0779],[108.7916,15.0778],[108.7917,15.0785],[108.7922,15.0786],[108.7936,15.0857],[108.7944,15.0858],[108.7944,15.0867],[108.795,15.0873],[108.7964,15.0871],[108.7963,15.0887],[108.7957,15.0894],[108.7947,15.0894],[108.794,15.0874],[108.7902,15.088],[108.7887,15.0849],[108.787,15.0856],[108.7805,15.0857],[108.7815,15.0881],[108.7797,15.0898],[108.7772,15.0894],[108.7764,15.0884],[108.7757,15.0887],[108.7743,15.0882],[108.7733,15.0886],[108.7726,15.0879],[108.7714,15.0886],[108.77,15.0871],[108.7691,15.0877],[108.766,15.0876],[108.7652,15.0871],[108.7654,15.0863],[108.7675,15.0868],[108.7702,15.0838],[108.7709,15.0824],[108.7659,15.084],[108.7656,15.0828],[108.7667,15.0824],[108.766,15.0806],[108.7649,15.0813],[108.763,15.0812],[108.7607,15.0825],[108.7592,15.0818],[108.7576,15.0817],[108.7568,15.081],[108.7564,15.0799],[108.7563,15.0784],[108.7561,15.0776],[108.7549,15.0738]]]},"properties":{"code":"21364","name":"Nghĩa Hành","nameEn":"Nghia Hanh","fullName":"Xã Nghĩa Hành","fullNameEn":"Nghia Hanh Commune","codeName":"nghia_hanh","postalCode":"54018","postalCodePrefix":"","gisServerId":"diaphanhanhchinhcapxa_2025.1764","areaKm2":24.4},"id":"21364"},
{"type":"Feature","geometry":{"type":"Polygon","coordinates":[[[108.7516,15.0759],[108.7505,15.0764],[108.7502,15.0764],[108.744,15.0769],[108.7412,15.0764],[108.74,15.0747],[108.7387,15.0742],[108.7361,15.0759],[108.7356,15.0773],[108.7319,15.0795],[108.7309,15.0811],[108.7317,15.0832],[108.7322,15.0868],[108.7289,15.0872],[108.7274,15.0869],[108.7248,15.0878],[108.7194,15.0851],[108.7171,15.0831],[108.7148,15.0797],[108.7112,15.0783],[108.7095,15.0783],[108.7075,15.078],[108.7064,15.0772],[108.7041,15.0743],[108.7025,15.0735],[108.7013,15.0713],[108.698,15.0697],[108.6974,15.0678],[108.6959,15.0661],[108.6948,15.0657],[108.6935,15.0641],[108.6942,15.0625],[108.6937,15.0615],[108.6917,15.0599],[108.6894,15.0593],[108.6875,15.058],[108.6891,15.0566],[108.6893,15.0541],[108.6899,15.0533],[108.6931,15.051],[108.6945,15.0467],[108.6945,15.0455],[108.6972,15.0414],[108.7008,15.0397],[108.7035,15.0393],[108.704,15.0374],[108.704,15.0345],[108.7063,15.0297],[108.7095,15.0289],[108.7109,15.0307],[108.7114,15.0305],[108.7125,15.0288],[108.7144,15.0215],[108.7158,15.0205],[108.7158,15.0184],[108.7171,15.0183],[108.7185,15.0155],[108.7232,15.0118],[108.7246,15.0115],[108.7282,15.0132],[108.73,15.0157],[108.7324,15.0144],[108.7331,15.013],[108.7339,15.0127],[108.7361,15.0132],[108.7369,15.0139],[108.7398,15.0134],[108.7406,15.0137],[108.7439,15.0165],[108.746,15.0171],[108.7478,15.0097],[108.7509,15.0054],[108.7531,14.9982],[108.7532,14.9968],[108.7522,14.9941],[108.7568,14.9961],[108.7587,15.0003],[108.7593,15.0008],[108.7638,15],[108.7656,15.0005],[108.769,15.0016],[108.7683,15.0036],[108.7696,15.0053],[108.7698,15.0064],[108.7688,15.0107],[108.7689,15.0133],[108.7744,15.0148],[108.7772,15.0151],[108.779,15.013],[108.7803,15.0124],[108.7827,15.0154],[108.7831,15.0151],[108.7848,15.0182],[108.7861,15.0181],[108.7858,15.021],[108.7847,15.0225],[108.7851,15.0243],[108.7847,15.0267],[108.786,15.0279],[108.7868,15.0278],[108.7861,15.0323],[108.7853,15.0329],[108.7858,15.0346],[108.7839,15.0348],[108.784,15.0369],[108.7826,15.0371],[108.7822,15.0384],[108.7809,15.0388],[108.7799,15.0392],[108.7754,15.0392],[108.7756,15.0379],[108.7731,15.0372],[108.7718,15.0382],[108.7706,15.0383],[108.7702,15.0387],[108.77,15.0412],[108.7706,15.0412],[108.7707,15.0421],[108.7694,15.0427],[108.7688,15.046],[108.7692,15.0474],[108.7681,15.0483],[108.7681,15.049],[108.7672,15.0492],[108.7648,15.0481],[108.7636,15.0483],[108.7621,15.0516],[108.7581,15.0545],[108.7585,15.0565],[108.7581,15.0574],[108.7591,15.0582],[108.7596,15.0595],[108.7591,15.0622],[108.7622,15.0658],[108.7623,15.0676],[108.763,15.0685],[108.7549,15.0738],[108.7561,15.0776],[108.7562,15.0782],[108.7533,15.0786],[108.7528,15.0774],[108.7526,15.0766],[108.7518,15.0759],[108.7516,15.0759]]]},"properties":{"code":"21370","name":"Phước Giang","nameEn":"Phuoc Giang","fullName":"Xã Phước Giang","fullNameEn":"Phuoc Giang Commune","codeName":"phuoc_giang","postalCode":"54021","postalCodePrefix":"","gisServerId":"diaphanhanhchinhcapxa_2025.1744","areaKm2":57.02},"id":"21370"},
{"type":"Feature","geometry":{"type":"Polygon","coordinates":[[[108.8044,14.9528],[108.8069,14.9529],[108.8083,14.9535],[108.8088,14.9544],[108.8107,14.9555],[108.8158,14.9562],[108.8183,14.9573],[108.8213,14.9603],[108.8235,14.9639],[108.8246,14.9647],[108.8311,14.9645],[108.8329,14.9629],[108.8332,14.961],[108.8366,14.9624],[108.8397,14.9613],[108.8462,14.9601],[108.8474,14.9735],[108.8493,14.9737],[108.8497,14.9753],[108.8517,14.9775],[108.8516,14.9786],[108.8531,14.9791],[108.8531,14.9805],[108.8539,14.9811],[108.8539,14.9823],[108.8549,14.9831],[108.8545,14.9842],[108.8499,14.9861],[108.8486,14.9879],[108.8437,14.989],[108.8431,14.9918],[108.8417,14.9938],[108.8432,14.9957],[108.8418,14.9973],[108.8395,14.999],[108.8418,15.002],[108.8419,15.0058],[108.841,15.0067],[108.8403,15.0087],[108.8358,15.0117],[108.8344,15.0137],[108.8346,15.0154],[108.836,15.0168],[108.844,15.0188],[108.8427,15.0215],[108.8417,15.021],[108.8411,15.0224],[108.8422,15.0231],[108.8426,15.0241],[108.8444,15.0248],[108.8445,15.0268],[108.8426,15.0269],[108.8423,15.028],[108.8415,15.0278],[108.8397,15.0304],[108.8382,15.0279],[108.8377,15.0281],[108.835,15.0268],[108.8315,15.0236],[108.825,15.0228],[108.8249,15.0221],[108.8237,15.0213],[108.8229,15.0219],[108.8231,15.0234],[108.8216,15.0256],[108.821,15.0258],[108.8202,15.0251],[108.8193,15.0254],[108.8189,15.0243],[108.8182,15.024],[108.8183,15.0232],[108.8165,15.0229],[108.816,15.0246],[108.8147,15.025],[108.8137,15.0281],[108.814,15.0285],[108.8157,15.0287],[108.8164,15.0295],[108.8165,15.0301],[108.8156,15.0309],[108.8155,15.0319],[108.8135,15.0328],[108.8125,15.0324],[108.8119,15.0328],[108.8111,15.0326],[108.8088,15.034],[108.8069,15.034],[108.8056,15.0329],[108.8041,15.0347],[108.7994,15.0374],[108.7974,15.0397],[108.7989,15.0416],[108.7973,15.0428],[108.7964,15.0427],[108.7953,15.0447],[108.7953,15.047],[108.7962,15.0477],[108.7957,15.0495],[108.7973,15.0506],[108.7973,15.0517],[108.798,15.0523],[108.7999,15.0526],[108.8003,15.0538],[108.7999,15.054],[108.7966,15.0535],[108.7938,15.0523],[108.7923,15.0542],[108.7903,15.054],[108.7898,15.0545],[108.7883,15.0523],[108.788,15.0497],[108.7856,15.0482],[108.7844,15.0496],[108.7841,15.0509],[108.7805,15.0519],[108.7804,15.0441],[108.7798,15.042],[108.781,15.0413],[108.7809,15.0388],[108.7822,15.0384],[108.7826,15.0371],[108.784,15.0369],[108.7839,15.0348],[108.7858,15.0346],[108.7853,15.0329],[108.7861,15.0323],[108.7868,15.0278],[108.786,15.0279],[108.7847,15.0267],[108.7851,15.0243],[108.7847,15.0225],[108.7858,15.021],[108.7861,15.0181],[108.7848,15.0182],[108.7831,15.0151],[108.7827,15.0154],[108.7803,15.0124],[108.779,15.013],[108.7772,15.0151],[108.7744,15.0148],[108.7689,15.0133],[108.7688,15.0107],[108.7698,15.0064],[108.7696,15.0053],[108.7683,15.0036],[108.769,15.0016],[108.7656,15.0005],[108.7698,14.998],[108.7706,14.9966],[108.7727,14.9951],[108.7737,14.9928],[108.7754,14.9919],[108.7854,14.9944],[108.7886,14.993],[108.7941,14.9974],[108.7964,14.998],[108.7954,14.992],[108.7933,14.9905],[108.7919,14.9903],[108.7919,14.988],[108.7924,14.9876],[108.7927,14.9857],[108.7933,14.9852],[108.792,14.9843],[108.7899,14.9798],[108.7902,14.976],[108.7889,14.9703],[108.7929,14.9691],[108.7961,14.9659],[108.7996,14.9644],[108.801,14.9632],[108.8026,14.9631],[108.8036,14.9591],[108.8026,14.9553],[108.8032,14.9538],[108.8044,14.9528]]]},"properties":{"code":"21385","name":"Đình Cương","nameEn":"Dinh Cuong","fullName":"Xã Đình Cương","fullNameEn":"Dinh Cuong Commune","codeName":"dinh_cuong","postalCode":"54019","postalCodePrefix":"","gisServerId":"diaphanhanhchinhcapxa_2025.1762","areaKm2":53.96},"id":"21385"},
{"type":"Feature","geometry":{"type":"Polygon","coordinates":[[[108.7656,15.0005],[108.7638,15],[108.7593,15.0008],[108.7587,15.0003],[108.7568,14.9961],[108.7522,14.9941],[108.7494,14.9914],[108.756,14.992],[108.7626,14.9907],[108.7661,14.9891],[108.7691,14.9865],[108.7695,14.9855],[108.7703,14.9856],[108.7708,14.9849],[108.7721,14.9825],[108.7714,14.9807],[108.7719,14.9797],[108.77,14.9784],[108.7669,14.9791],[108.7624,14.9791],[108.76,14.981],[108.7568,14.9816],[108.7544,14.9796],[108.7513,14.9782],[108.748,14.9785],[108.7482,14.9774],[108.7468,14.9752],[108.7465,14.9736],[108.7475,14.9706],[108.7484,14.9696],[108.7513,14.9683],[108.7518,14.9675],[108.7536,14.9668],[108.7545,14.9658],[108.7562,14.9655],[108.7577,14.9643],[108.7585,14.9611],[108.7574,14.9605],[108.7555,14.9554],[108.7536,14.9527],[108.7545,14.9513],[108.7543,14.9506],[108.7524,14.9503],[108.7496,14.9519],[108.7461,14.9495],[108.7438,14.9489],[108.7421,14.9449],[108.7409,14.9435],[108.735,14.94],[108.7317,14.9374],[108.7298,14.9341],[108.7263,14.9321],[108.7264,14.9286],[108.7269,14.9266],[108.7281,14.9242],[108.7286,14.9218],[108.7296,14.9204],[108.7293,14.9182],[108.7276,14.9158],[108.7276,14.9126],[108.7267,14.9116],[108.7259,14.9088],[108.7251,14.9083],[108.7247,14.9067],[108.7233,14.9052],[108.723,14.9043],[108.7239,14.9016],[108.7233,14.8998],[108.7216,14.8975],[108.7222,14.8955],[108.7178,14.893],[108.7164,14.8893],[108.7236,14.8885],[108.7273,14.8869],[108.7303,14.8864],[108.7314,14.8869],[108.7346,14.8859],[108.7367,14.8864],[108.7381,14.8877],[108.7382,14.8866],[108.7441,14.882],[108.7494,14.887],[108.756,14.8826],[108.7586,14.8817],[108.7598,14.8797],[108.7619,14.8782],[108.7623,14.8762],[108.7634,14.8746],[108.7637,14.8734],[108.7632,14.8712],[108.7641,14.8682],[108.7703,14.8695],[108.7737,14.8695],[108.7803,14.8665],[108.7853,14.8615],[108.7873,14.8607],[108.7863,14.8599],[108.7855,14.8581],[108.7841,14.8571],[108.7836,14.8558],[108.7837,14.8549],[108.7854,14.8534],[108.7904,14.8531],[108.7916,14.8539],[108.7955,14.855],[108.7979,14.8525],[108.7982,14.8515],[108.803,14.8474],[108.8056,14.8486],[108.8078,14.8474],[108.8091,14.8479],[108.8118,14.8481],[108.8164,14.8504],[108.817,14.8509],[108.8166,14.8538],[108.8173,14.8552],[108.8163,14.857],[108.8166,14.8573],[108.8212,14.8593],[108.8235,14.859],[108.8239,14.8599],[108.8273,14.8609],[108.83,14.863],[108.8299,14.8648],[108.8285,14.8687],[108.8294,14.8695],[108.8301,14.8732],[108.8298,14.876],[108.8244,14.8811],[108.8235,14.8815],[108.8231,14.883],[108.8221,14.8832],[108.8212,14.8834],[108.8209,14.8848],[108.824,14.8875],[108.8242,14.8887],[108.824,14.8913],[108.8228,14.8933],[108.8206,14.8935],[108.818,14.8949],[108.8168,14.8946],[108.815,14.8949],[108.8108,14.8965],[108.8084,14.896],[108.8063,14.8968],[108.8055,14.8984],[108.8052,14.9002],[108.803,14.9028],[108.801,14.9076],[108.7965,14.9084],[108.7948,14.9083],[108.7938,14.91],[108.7949,14.913],[108.7945,14.9212],[108.7919,14.9242],[108.7915,14.9257],[108.7922,14.9269],[108.7937,14.9278],[108.794,14.9293],[108.7949,14.93],[108.796,14.9332],[108.796,14.9341],[108.7944,14.936],[108.7941,14.9372],[108.7939,14.9396],[108.7944,14.9422],[108.7948,14.9432],[108.7961,14.9444],[108.7979,14.9447],[108.8,14.9464],[108.802,14.95],[108.8044,14.9528],[108.8032,14.9538],[108.8026,14.9553],[108.8036,14.9591],[108.8026,14.9631],[108.801,14.9632],[108.7996,14.9644],[108.7961,14.9659],[108.7929,14.9691],[108.7889,14.9703],[108.7902,14.976],[108.7899,14.9798],[108.792,14.9843],[108.7933,14.9852],[108.7927,14.9857],[108.7924,14.9876],[108.7919,14.988],[108.7919,14.9903],[108.7933,14.9905],[108.7954,14.992],[108.7964,14.998],[108.7941,14.9974],[108.7886,14.993],[108.7854,14.9944],[108.7754,14.9919],[108.7737,14.9928],[108.7727,14.9951],[108.7706,14.9966],[108.7698,14.998],[108.7656,15.0005]]]},"properties":{"code":"21388","name":"Thiện Tín","nameEn":"Thien Tin","fullName":"Xã Thiện Tín","fullNameEn":"Thien Tin Commune","codeName":"thien_tin","postalCode":"54020","postalCodePrefix":"","gisServerId":"diaphanhanhchinhcapxa_2025.1759","areaKm2":99.1},"id":"21388"},
{"type":"Feature","geometry":{"type":"Polygon","coordinates":[[[108.8545,14.9842],[108.8549,14.9831],[108.8539,14.9823],[108.8539,14.9811],[108.8531,14.9805],[108.8531,14.9791],[108.8516,14.9786],[108.8517,14.9775],[108.8497,14.9753],[108.8493,14.9737],[108.8474,14.9735],[108.8462,14.9601],[108.8397,14.9613],[108.8366,14.9624],[108.8332,14.961],[108.8329,14.9629],[108.8311,14.9645],[108.8246,14.9647],[108.8235,14.9639],[108.8213,14.9603],[108.8183,14.9573],[108.8158,14.9562],[108.8107,14.9555],[108.8088,14.9544],[108.8083,14.9535],[108.8069,14.9529],[108.8044,14.9528],[108.802,14.95],[108.8,14.9464],[108.7979,14.9447],[108.7961,14.9444],[108.7948,14.9432],[108.7944,14.9422],[108.7939,14.9396],[108.7941,14.9372],[108.7944,14.936],[108.796,14.9341],[108.796,14.9332],[108.7949,14.93],[108.794,14.9293],[108.7937,14.9278],[108.7922,14.9269],[108.7915,14.9257],[108.7919,14.9242],[108.7945,14.9212],[108.7949,14.913],[108.7938,14.91],[108.7948,14.9083],[108.7965,14.9084],[108.801,14.9076],[108.803,14.9028],[108.8052,14.9002],[108.8055,14.8984],[108.8063,14.8968],[108.8084,14.896],[108.8108,14.8965],[108.815,14.8949],[108.8168,14.8946],[108.818,14.8949],[108.8206,14.8935],[108.8228,14.8933],[108.824,14.8913],[108.8242,14.8887],[108.824,14.8875],[108.8209,14.8848],[108.8212,14.8834],[108.8221,14.8832],[108.8305,14.8978],[108.8543,14.9056],[108.8579,14.9061],[108.8586,14.9068],[108.8682,14.9107],[108.8686,14.9123],[108.8768,14.9171],[108.8783,14.9174],[108.878,14.9184],[108.88,14.9187],[108.8803,14.9168],[108.8841,14.9179],[108.8835,14.9189],[108.8844,14.9188],[108.8841,14.92],[108.885,14.9201],[108.885,14.9209],[108.8857,14.9208],[108.8856,14.9214],[108.8864,14.9212],[108.8864,14.922],[108.8872,14.9224],[108.8867,14.9246],[108.8871,14.9246],[108.8874,14.9253],[108.889,14.925],[108.8891,14.9255],[108.8939,14.9262],[108.8955,14.9257],[108.9,14.9277],[108.8982,14.9308],[108.8991,14.9314],[108.8976,14.9344],[108.9019,14.9381],[108.9048,14.9398],[108.9012,14.9455],[108.9011,14.9466],[108.8994,14.9455],[108.8991,14.9458],[108.8966,14.9516],[108.8965,14.9533],[108.897,14.9543],[108.8946,14.9585],[108.8943,14.9591],[108.8928,14.9597],[108.8928,14.9625],[108.8907,14.9651],[108.8911,14.9654],[108.8919,14.9709],[108.8893,14.9712],[108.8889,14.9695],[108.8869,14.9699],[108.8874,14.9723],[108.8862,14.9726],[108.8854,14.9744],[108.8835,14.9746],[108.884,14.977],[108.8836,14.9782],[108.8846,14.9781],[108.8848,14.9796],[108.8855,14.9795],[108.8858,14.981],[108.8796,14.9817],[108.8789,14.9816],[108.8791,14.9809],[108.8744,14.9807],[108.874,14.9802],[108.8728,14.9806],[108.8728,14.982],[108.8744,14.9831],[108.8753,14.9863],[108.8751,14.9903],[108.8723,14.9905],[108.8712,14.9899],[108.8707,14.9886],[108.8666,14.988],[108.8601,14.9883],[108.86,14.9875],[108.856,14.9878],[108.8561,14.9857],[108.8545,14.9842]]]},"properties":{"code":"21400","name":"Mộ Đức","nameEn":"Mo Duc","fullName":"Xã Mộ Đức","fullNameEn":"Mo Duc Commune","codeName":"mo_duc","postalCode":"54119","postalCodePrefix":"","gisServerId":"diaphanhanhchinhcapxa_2025.1776","areaKm2":76.17},"id":"21400"},
{"type":"Feature","geometry":{"type":"Polygon","coordinates":[[[108.8997,15.096],[108.8965,15.094],[108.8923,15.0946],[108.8872,15.0945],[108.8866,15.0923],[108.8873,15.092],[108.8867,15.0907],[108.8888,15.0891],[108.8886,15.0879],[108.8894,15.0867],[108.8931,15.0862],[108.8937,15.0843],[108.8924,15.0838],[108.8891,15.0804],[108.8866,15.0762],[108.8868,15.0737],[108.8911,15.0658],[108.8912,15.0645],[108.8904,15.0626],[108.8885,15.0613],[108.8818,15.0604],[108.8809,15.0598],[108.876,15.05],[108.8726,15.0462],[108.87,15.0454],[108.8667,15.0452],[108.8618,15.0455],[108.8592,15.0462],[108.8562,15.0457],[108.8547,15.0449],[108.8504,15.0395],[108.8493,15.037],[108.8495,15.0352],[108.8521,15.03],[108.8524,15.0284],[108.8503,15.0216],[108.8487,15.0189],[108.8467,15.0185],[108.844,15.0188],[108.836,15.0168],[108.8346,15.0154],[108.8344,15.0137],[108.8358,15.0117],[108.8403,15.0087],[108.841,15.0067],[108.8419,15.0058],[108.8418,15.002],[108.8395,14.999],[108.8418,14.9973],[108.8432,14.9957],[108.8417,14.9938],[108.8431,14.9918],[108.8437,14.989],[108.8486,14.9879],[108.8499,14.9861],[108.8545,14.9842],[108.8561,14.9857],[108.856,14.9878],[108.86,14.9875],[108.8601,14.9883],[108.8666,14.988],[108.8661,14.9916],[108.8636,14.9929],[108.8637,14.9945],[108.8628,14.9949],[108.8618,14.9969],[108.863,14.9999],[108.8599,14.9999],[108.8602,15.0007],[108.8621,15.0022],[108.8626,15.0038],[108.8583,15.0093],[108.8624,15.0132],[108.8653,15.0145],[108.8665,15.0162],[108.8701,15.0192],[108.8702,15.0213],[108.8719,15.0259],[108.8746,15.027],[108.8765,15.0262],[108.8767,15.0273],[108.8787,15.029],[108.8792,15.0291],[108.8792,15.0279],[108.8801,15.0279],[108.8824,15.0287],[108.8825,15.0294],[108.8846,15.0296],[108.8849,15.0304],[108.8895,15.0307],[108.8919,15.0304],[108.898,15.0284],[108.8981,15.0296],[108.9006,15.0292],[108.9003,15.024],[108.9015,15.024],[108.9011,15.0228],[108.9107,15.0226],[108.9177,15.0242],[108.904,15.0773],[108.9029,15.0859],[108.9043,15.0926],[108.904,15.0958],[108.9026,15.0945],[108.8997,15.096]]]},"properties":{"code":"21409","name":"Long Phụng","nameEn":"Long Phung","fullName":"Xã Long Phụng","fullNameEn":"Long Phung Commune","codeName":"long_phung","postalCode":"54120","postalCodePrefix":"","gisServerId":"diaphanhanhchinhcapxa_2025.1760","areaKm2":36.1},"id":"21409"},
{"type":"Feature","geometry":{"type":"Polygon","coordinates":[[[108.9177,15.0242],[108.9107,15.0226],[108.9011,15.0228],[108.9015,15.024],[108.9003,15.024],[108.9006,15.0292],[108.8981,15.0296],[108.898,15.0284],[108.8919,15.0304],[108.8895,15.0307],[108.8849,15.0304],[108.8846,15.0296],[108.8825,15.0294],[108.8824,15.0287],[108.8801,15.0279],[108.8792,15.0279],[108.8792,15.0291],[108.8787,15.029],[108.8767,15.0273],[108.8765,15.0262],[108.8746,15.027],[108.8719,15.0259],[108.8702,15.0213],[108.8701,15.0192],[108.8665,15.0162],[108.8653,15.0145],[108.8624,15.0132],[108.8583,15.0093],[108.8626,15.0038],[108.8621,15.0022],[108.8602,15.0007],[108.8599,14.9999],[108.863,14.9999],[108.8618,14.9969],[108.8628,14.9949],[108.8637,14.9945],[108.8636,14.9929],[108.8661,14.9916],[108.8666,14.988],[108.8707,14.9886],[108.8712,14.9899],[108.8723,14.9905],[108.8751,14.9903],[108.8753,14.9863],[108.8744,14.9831],[108.8728,14.982],[108.8728,14.9806],[108.874,14.9802],[108.8744,14.9807],[108.8791,14.9809],[108.8789,14.9816],[108.8796,14.9817],[108.8858,14.981],[108.8855,14.9795],[108.8848,14.9796],[108.8846,14.9781],[108.8836,14.9782],[108.884,14.977],[108.8835,14.9746],[108.8854,14.9744],[108.8862,14.9726],[108.8874,14.9723],[108.8869,14.9699],[108.8889,14.9695],[108.8893,14.9712],[108.8919,14.9709],[108.8911,14.9654],[108.8907,14.9651],[108.8928,14.9625],[108.8928,14.9597],[108.8943,14.9591],[108.8946,14.9585],[108.9019,14.9583],[108.9034,14.9589],[108.9041,14.9578],[108.9146,14.9612],[108.9166,14.9563],[108.919,14.9535],[108.921,14.9545],[108.9229,14.9529],[108.924,14.9532],[108.9244,14.9542],[108.925,14.9544],[108.9252,14.9512],[108.9276,14.9525],[108.9282,14.9536],[108.9366,14.9598],[108.9391,14.9609],[108.9281,14.9913],[108.9177,15.0242]]]},"properties":{"code":"21421","name":"Mỏ Cày","nameEn":"Mo Cay","fullName":"Xã Mỏ Cày","fullNameEn":"Mo Cay Commune","codeName":"mo_cay","postalCode":"54121","postalCodePrefix":"","gisServerId":"diaphanhanhchinhcapxa_2025.1761","areaKm2":44.8},"id":"21421"},
{"type":"Feature","geometry":{"type":"Polygon","coordinates":[[[108.9565,14.9182],[108.948,14.9381],[108.9391,14.9609],[108.9366,14.9598],[108.9282,14.9536],[108.9276,14.9525],[108.9252,14.9512],[108.925,14.9544],[108.9244,14.9542],[108.924,14.9532],[108.9229,14.9529],[108.921,14.9545],[108.919,14.9535],[108.9166,14.9563],[108.9146,14.9612],[108.9041,14.9578],[108.9034,14.9589],[108.9019,14.9583],[108.8946,14.9585],[108.897,14.9543],[108.8965,14.9533],[108.8966,14.9516],[108.8991,14.9458],[108.8994,14.9455],[108.9011,14.9466],[108.9012,14.9455],[108.9048,14.9398],[108.9019,14.9381],[108.8976,14.9344],[108.8991,14.9314],[108.8982,14.9308],[108.9,14.9277],[108.8955,14.9257],[108.8939,14.9262],[108.8891,14.9255],[108.889,14.925],[108.8874,14.9253],[108.8871,14.9246],[108.8867,14.9246],[108.8872,14.9224],[108.8864,14.922],[108.8864,14.9212],[108.8856,14.9214],[108.8857,14.9208],[108.885,14.9209],[108.885,14.9201],[108.8841,14.92],[108.8844,14.9188],[108.8835,14.9189],[108.8841,14.9179],[108.8803,14.9168],[108.88,14.9187],[108.878,14.9184],[108.8783,14.9174],[108.8768,14.9171],[108.8686,14.9123],[108.8682,14.9107],[108.8586,14.9068],[108.8579,14.9061],[108.8543,14.9056],[108.8305,14.8978],[108.8221,14.8832],[108.8252,14.8861],[108.8269,14.8869],[108.8297,14.887],[108.8319,14.8877],[108.8323,14.889],[108.8339,14.8907],[108.8323,14.8926],[108.8323,14.8936],[108.8546,14.8928],[108.8735,14.8866],[108.874,14.8881],[108.8763,14.8893],[108.8785,14.8898],[108.8811,14.889],[108.8836,14.8894],[108.8869,14.8877],[108.889,14.8874],[108.8901,14.8822],[108.8911,14.882],[108.8921,14.8823],[108.8963,14.8819],[108.8963,14.8823],[108.8976,14.8825],[108.8981,14.882],[108.8996,14.8822],[108.8999,14.8832],[108.9008,14.8825],[108.9019,14.8827],[108.9021,14.882],[108.9051,14.883],[108.9045,14.8846],[108.9064,14.8845],[108.9074,14.8848],[108.9076,14.8854],[108.9091,14.8827],[108.9114,14.8835],[108.912,14.8827],[108.9124,14.8829],[108.9125,14.8821],[108.9155,14.8817],[108.9168,14.8798],[108.9209,14.8808],[108.9221,14.8827],[108.9232,14.8835],[108.9247,14.8837],[108.9251,14.8843],[108.9262,14.8842],[108.9264,14.8859],[108.9273,14.8855],[108.9299,14.8855],[108.9305,14.8862],[108.9314,14.8857],[108.9349,14.8855],[108.9365,14.8843],[108.9381,14.884],[108.9393,14.8876],[108.9382,14.8925],[108.9364,14.898],[108.9302,14.9063],[108.9298,14.9105],[108.9384,14.9131],[108.9397,14.9104],[108.9417,14.9111],[108.9434,14.9111],[108.9437,14.9107],[108.9456,14.912],[108.9502,14.9138],[108.9495,14.9151],[108.9565,14.9182]]]},"properties":{"code":"21433","name":"Lân Phong","nameEn":"Lan Phong","fullName":"Xã Lân Phong","fullNameEn":"Lan Phong Commune","codeName":"lan_phong","postalCode":"54122","postalCodePrefix":"","gisServerId":"diaphanhanhchinhcapxa_2025.1777","areaKm2":57.01},"id":"21433"},
{"type":"Feature","geometry":{"type":"Polygon","coordinates":[[[108.9145,14.8342],[108.9136,14.8323],[108.914,14.8278],[108.9196,14.8257],[108.9236,14.8215],[108.9227,14.8186],[108.921,14.8164],[108.9207,14.8053],[108.92,14.8044],[108.9198,14.8035],[108.9203,14.8016],[108.9199,14.7976],[108.9176,14.796],[108.9177,14.7942],[108.9161,14.7925],[108.917,14.7907],[108.9165,14.7887],[108.914,14.7856],[108.9138,14.7846],[108.9127,14.7834],[108.9117,14.7831],[108.9093,14.7797],[108.9191,14.7777],[108.9196,14.778],[108.9203,14.7778],[108.9238,14.7792],[108.9241,14.7785],[108.9249,14.7787],[108.9255,14.778],[108.9267,14.7783],[108.9283,14.778],[108.9287,14.7773],[108.9303,14.7776],[108.9334,14.777],[108.9344,14.7764],[108.9348,14.7703],[108.9373,14.7664],[108.9344,14.7576],[108.9327,14.7551],[108.937,14.7497],[108.94,14.7476],[108.9437,14.7461],[108.9466,14.7426],[108.9496,14.7427],[108.9518,14.7442],[108.9536,14.7439],[108.9549,14.7473],[108.9533,14.7486],[108.9551,14.7525],[108.954,14.7548],[108.9548,14.7563],[108.9546,14.7595],[108.9565,14.7614],[108.959,14.7624],[108.9607,14.7652],[108.9622,14.766],[108.9628,14.7679],[108.9636,14.7684],[108.9636,14.7694],[108.9665,14.773],[108.968,14.7778],[108.9692,14.7798],[108.9704,14.7809],[108.9737,14.7805],[108.975,14.7819],[108.9746,14.7838],[108.9828,14.7859],[108.9831,14.7836],[108.9848,14.7835],[108.9848,14.784],[108.9873,14.7839],[108.9884,14.788],[108.9894,14.7869],[108.9885,14.785],[108.9909,14.7821],[108.9915,14.7792],[108.9937,14.7789],[108.9957,14.7796],[108.9959,14.7806],[109,14.7812],[108.9991,14.7849],[108.9999,14.7865],[109.0012,14.7873],[109.0029,14.7874],[109.005,14.7867],[109.0076,14.7822],[109.0123,14.7836],[109.013,14.7829],[109.022,14.7871],[109.0226,14.7861],[109.0056,14.8151],[109.0036,14.8177],[109.0024,14.8212],[109.0016,14.8221],[109.0017,14.8244],[109.0003,14.8261],[108.9884,14.8258],[108.987,14.8262],[108.9848,14.8275],[108.9799,14.833],[108.9779,14.8342],[108.9759,14.8349],[108.9729,14.8339],[108.9717,14.8341],[108.9715,14.8363],[108.9704,14.8377],[108.9684,14.8367],[108.9685,14.8341],[108.9674,14.8328],[108.9676,14.8315],[108.9666,14.8312],[108.9659,14.8296],[108.965,14.8295],[108.9644,14.83],[108.9645,14.831],[108.9639,14.832],[108.9617,14.8343],[108.9613,14.8364],[108.9596,14.8378],[108.9569,14.8384],[108.9545,14.8363],[108.9529,14.8359],[108.9487,14.8377],[108.9452,14.8401],[108.942,14.8431],[108.9383,14.8442],[108.9342,14.8424],[108.9306,14.8428],[108.9284,14.842],[108.9231,14.8381],[108.9188,14.8325],[108.9176,14.8325],[108.9157,14.8342],[108.9145,14.8342]]]},"properties":{"code":"21439","name":"Đức Phổ","nameEn":"Duc Pho","fullName":"Phường Đức Phổ","fullNameEn":"Duc Pho Ward","codeName":"duc_pho","postalCode":"54321","postalCodePrefix":"","gisServerId":"diaphanhanhchinhcapxa_2025.1772","areaKm2":69.33},"id":"21439"},
{"type":"Feature","geometry":{"type":"Polygon","coordinates":[[[108.9968,14.8291],[108.9963,14.8317],[108.998,14.8332],[108.9852,14.8572],[108.9756,14.8765],[108.9626,14.9038],[108.9565,14.9182],[108.9495,14.9151],[108.9502,14.9138],[108.9456,14.912],[108.9437,14.9107],[108.9434,14.9111],[108.9417,14.9111],[108.9397,14.9104],[108.9384,14.9131],[108.9298,14.9105],[108.9302,14.9063],[108.9364,14.898],[108.9382,14.8925],[108.9393,14.8876],[108.9381,14.884],[108.9365,14.8843],[108.9349,14.8855],[108.9314,14.8857],[108.9305,14.8862],[108.9299,14.8855],[108.9273,14.8855],[108.9264,14.8859],[108.9262,14.8842],[108.9251,14.8843],[108.9247,14.8837],[108.9232,14.8835],[108.9221,14.8827],[108.9209,14.8808],[108.9168,14.8798],[108.9159,14.8785],[108.9135,14.8789],[108.9129,14.8782],[108.9123,14.876],[108.9107,14.8757],[108.9104,14.8743],[108.9093,14.8741],[108.9066,14.8718],[108.9071,14.8716],[108.907,14.8669],[108.9077,14.8633],[108.9075,14.8618],[108.9062,14.8591],[108.9076,14.8506],[108.9074,14.8479],[108.9083,14.846],[108.9079,14.8409],[108.9074,14.8404],[108.9067,14.8405],[108.9084,14.8378],[108.9094,14.8342],[108.9115,14.8339],[108.9145,14.8342],[108.9157,14.8342],[108.9176,14.8325],[108.9188,14.8325],[108.9231,14.8381],[108.9284,14.842],[108.9306,14.8428],[108.9342,14.8424],[108.9383,14.8442],[108.942,14.8431],[108.9452,14.8401],[108.9487,14.8377],[108.9529,14.8359],[108.9545,14.8363],[108.9569,14.8384],[108.9596,14.8378],[108.9613,14.8364],[108.9617,14.8343],[108.9639,14.832],[108.9645,14.831],[108.9644,14.83],[108.965,14.8295],[108.9659,14.8296],[108.9666,14.8312],[108.9676,14.8315],[108.9674,14.8328],[108.9685,14.8341],[108.9684,14.8367],[108.9704,14.8377],[108.9715,14.8363],[108.9717,14.8341],[108.9729,14.8339],[108.9759,14.8349],[108.9779,14.8342],[108.9799,14.833],[108.9848,14.8275],[108.987,14.8262],[108.9884,14.8258],[109.0003,14.8261],[108.9998,14.8274],[109.0005,14.8292],[108.9992,14.8306],[108.9978,14.8307],[108.9968,14.8291]]]},"properties":{"code":"21451","name":"Trà Câu","nameEn":"Tra Cau","fullName":"Phường Trà Câu","fullNameEn":"Tra Cau Ward","codeName":"tra_cau","postalCode":"54322","postalCodePrefix":"","gisServerId":"diaphanhanhchinhcapxa_2025.1778","areaKm2":54.46},"id":"21451"},
{"type":"Feature","geometry":{"type":"Polygon","coordinates":[[[108.8449,14.7992],[108.8466,14.7982],[108.8472,14.7986],[108.8476,14.8013],[108.8492,14.8034],[108.8497,14.8057],[108.8543,14.8096],[108.8769,14.7936],[108.9005,14.7817],[108.9093,14.7797],[108.9117,14.7831],[108.9127,14.7834],[108.9138,14.7846],[108.914,14.7856],[108.9165,14.7887],[108.917,14.7907],[108.9161,14.7925],[108.9177,14.7942],[108.9176,14.796],[108.9199,14.7976],[108.9203,14.8016],[108.9198,14.8035],[108.92,14.8044],[108.9207,14.8053],[108.921,14.8164],[108.9227,14.8186],[108.9236,14.8215],[108.9196,14.8257],[108.914,14.8278],[108.9136,14.8323],[108.9145,14.8342],[108.9115,14.8339],[108.9094,14.8342],[108.9084,14.8378],[108.9067,14.8405],[108.9074,14.8404],[108.9079,14.8409],[108.9083,14.846],[108.9074,14.8479],[108.9076,14.8506],[108.9062,14.8591],[108.9075,14.8618],[108.9077,14.8633],[108.907,14.8669],[108.9071,14.8716],[108.9066,14.8718],[108.9093,14.8741],[108.9104,14.8743],[108.9107,14.8757],[108.9123,14.876],[108.9129,14.8782],[108.9135,14.8789],[108.9159,14.8785],[108.9168,14.8798],[108.9155,14.8817],[108.9125,14.8821],[108.9124,14.8829],[108.912,14.8827],[108.9114,14.8835],[108.9091,14.8827],[108.9076,14.8854],[108.9074,14.8848],[108.9064,14.8845],[108.9045,14.8846],[108.9051,14.883],[108.9021,14.882],[108.9019,14.8827],[108.9008,14.8825],[108.8999,14.8832],[108.8996,14.8822],[108.8981,14.882],[108.8976,14.8825],[108.8963,14.8823],[108.8963,14.8819],[108.8921,14.8823],[108.8911,14.882],[108.8901,14.8822],[108.889,14.8874],[108.8869,14.8877],[108.8836,14.8894],[108.8811,14.889],[108.8785,14.8898],[108.8763,14.8893],[108.874,14.8881],[108.8735,14.8866],[108.8546,14.8928],[108.8323,14.8936],[108.8323,14.8926],[108.8339,14.8907],[108.8323,14.889],[108.8319,14.8877],[108.8297,14.887],[108.8269,14.8869],[108.8252,14.8861],[108.8221,14.8832],[108.8231,14.883],[108.8235,14.8815],[108.8244,14.8811],[108.8298,14.876],[108.8301,14.8732],[108.8294,14.8695],[108.8285,14.8687],[108.8299,14.8648],[108.83,14.863],[108.8273,14.8609],[108.8239,14.8599],[108.8235,14.859],[108.8212,14.8593],[108.8166,14.8573],[108.8163,14.857],[108.8173,14.8552],[108.8166,14.8538],[108.817,14.8509],[108.8164,14.8504],[108.8184,14.8481],[108.8204,14.8436],[108.8255,14.8417],[108.827,14.8399],[108.8285,14.8374],[108.8285,14.8298],[108.8296,14.8266],[108.831,14.826],[108.8321,14.8243],[108.8308,14.8216],[108.8274,14.8182],[108.825,14.814],[108.826,14.811],[108.8276,14.8099],[108.832,14.809],[108.8339,14.8076],[108.8355,14.8071],[108.837,14.8078],[108.8382,14.8075],[108.8399,14.8048],[108.843,14.8031],[108.8449,14.7992]]]},"properties":{"code":"21457","name":"Nguyễn Nghiêm","nameEn":"Nguyen Nghiem","fullName":"Xã Nguyễn Nghiêm","fullNameEn":"Nguyen Nghiem Commune","codeName":"nguyen_nghiem","postalCode":"54323","postalCodePrefix":"","gisServerId":"diaphanhanhchinhcapxa_2025.1779","areaKm2":95.33},"id":"21457"},
{"type":"Feature","geometry":{"type":"Polygon","coordinates":[[[109.0695,14.7143],[109.036,14.7652],[109.0153,14.799],[109.0033,14.82],[109.0019,14.8231],[109.0022,14.8245],[109.0018,14.8244],[109.0007,14.8258],[109.0005,14.8296],[108.9994,14.8308],[108.9981,14.8314],[108.9972,14.8304],[108.9968,14.8291],[108.9978,14.8307],[108.9992,14.8306],[109.0005,14.8292],[108.9998,14.8274],[109.0003,14.8261],[109.0017,14.8244],[109.0016,14.8221],[109.0024,14.8212],[109.0036,14.8177],[109.0056,14.8151],[109.0226,14.7861],[109.022,14.7871],[109.013,14.7829],[109.0123,14.7836],[109.0076,14.7822],[109.005,14.7867],[109.0029,14.7874],[109.0012,14.7873],[108.9999,14.7865],[108.9991,14.7849],[109,14.7812],[108.9959,14.7806],[108.9957,14.7796],[108.9937,14.7789],[108.9915,14.7792],[108.9909,14.7821],[108.9885,14.785],[108.9894,14.7869],[108.9884,14.788],[108.9873,14.7839],[108.9848,14.784],[108.9848,14.7835],[108.9831,14.7836],[108.9828,14.7859],[108.9746,14.7838],[108.975,14.7819],[108.9737,14.7805],[108.9704,14.7809],[108.9692,14.7798],[108.968,14.7778],[108.9665,14.773],[108.9636,14.7694],[108.9636,14.7684],[108.9628,14.7679],[108.9622,14.766],[108.9607,14.7652],[108.959,14.7624],[108.9565,14.7614],[108.9546,14.7595],[108.9548,14.7563],[108.954,14.7548],[108.9551,14.7525],[108.9533,14.7486],[108.9549,14.7473],[108.9536,14.7439],[108.9535,14.7428],[108.9543,14.7413],[108.9579,14.7402],[108.9591,14.738],[108.9623,14.7341],[108.9649,14.7335],[108.967,14.7314],[108.9672,14.7299],[108.9709,14.728],[108.971,14.7245],[108.97,14.7233],[108.9693,14.7203],[108.9693,14.7188],[108.9699,14.7171],[108.9691,14.7165],[108.9689,14.7154],[108.97,14.7133],[108.9697,14.7099],[108.9711,14.7053],[108.9709,14.7042],[108.9728,14.7029],[108.9747,14.7005],[108.977,14.7001],[108.977,14.6966],[108.9795,14.6926],[108.9785,14.6911],[108.9759,14.6893],[108.9752,14.6876],[108.9756,14.6857],[108.9738,14.6839],[108.9744,14.6783],[108.9736,14.676],[108.9739,14.6743],[108.9732,14.6729],[108.976,14.6726],[108.978,14.6706],[108.9798,14.6708],[108.9811,14.6722],[108.9829,14.6715],[108.9851,14.672],[108.9882,14.672],[108.9941,14.6743],[108.9964,14.6708],[109.0013,14.6685],[109.0042,14.6683],[109.007,14.6702],[109.0084,14.6704],[109.0109,14.6692],[109.0116,14.6682],[109.0141,14.6666],[109.0171,14.6664],[109.0168,14.6673],[109.0177,14.6704],[109.0196,14.6733],[109.0227,14.674],[109.025,14.6731],[109.026,14.6734],[109.0262,14.6768],[109.0274,14.6793],[109.0278,14.6812],[109.0283,14.682],[109.0293,14.6823],[109.03,14.6847],[109.0324,14.6855],[109.0388,14.6844],[109.0393,14.6848],[109.0401,14.6882],[109.0412,14.6897],[109.045,14.6917],[109.0475,14.6914],[109.0473,14.6922],[109.048,14.6934],[109.0475,14.6956],[109.0465,14.6951],[109.0449,14.6959],[109.0451,14.6969],[109.0441,14.6999],[109.048,14.7029],[109.048,14.7041],[109.0489,14.7056],[109.0526,14.7062],[109.0554,14.7098],[109.0593,14.7125],[109.0605,14.7128],[109.0643,14.7123],[109.0676,14.7162],[109.0695,14.7143]]]},"properties":{"code":"21472","name":"Khánh Cường","nameEn":"Khanh Cuong","fullName":"Xã Khánh Cường","fullNameEn":"Khanh Cuong Commune","codeName":"khanh_cuong","postalCode":"54324","postalCodePrefix":"","gisServerId":"diaphanhanhchinhcapxa_2025.1780","areaKm2":103.98},"id":"21472"},
{"type":"Feature","geometry":{"type":"Polygon","coordinates":[[[109.0695,14.7143],[109.0676,14.7162],[109.0643,14.7123],[109.0605,14.7128],[109.0593,14.7125],[109.0554,14.7098],[109.0526,14.7062],[109.0489,14.7056],[109.048,14.7041],[109.048,14.7029],[109.0441,14.6999],[109.0451,14.6969],[109.0449,14.6959],[109.0465,14.6951],[109.0475,14.6956],[109.048,14.6934],[109.0473,14.6922],[109.0475,14.6914],[109.045,14.6917],[109.0412,14.6897],[109.0401,14.6882],[109.0393,14.6848],[109.0388,14.6844],[109.0324,14.6855],[109.03,14.6847],[109.0293,14.6823],[109.0283,14.682],[109.0278,14.6812],[109.0274,14.6793],[109.0262,14.6768],[109.026,14.6734],[109.025,14.6731],[109.0227,14.674],[109.0196,14.6733],[109.0177,14.6704],[109.0168,14.6673],[109.0171,14.6664],[109.0166,14.6644],[109.0177,14.6603],[109.0203,14.6574],[109.0231,14.6571],[109.0245,14.6524],[109.0276,14.6508],[109.0278,14.65],[109.027,14.6474],[109.0308,14.6464],[109.0317,14.6488],[109.0347,14.6481],[109.0356,14.6453],[109.037,14.645],[109.0389,14.6413],[109.0372,14.6418],[109.0359,14.6413],[109.0395,14.6399],[109.0401,14.6382],[109.043,14.636],[109.0429,14.6352],[109.0458,14.6302],[109.0459,14.6273],[109.0452,14.6256],[109.0425,14.6248],[109.0424,14.623],[109.0457,14.6198],[109.0466,14.6175],[109.0463,14.6152],[109.0441,14.6113],[109.0451,14.6092],[109.0461,14.6086],[109.0468,14.6089],[109.0485,14.6083],[109.0482,14.6067],[109.0487,14.6052],[109.0482,14.6039],[109.0542,14.6029],[109.0541,14.602],[109.0555,14.6],[109.0555,14.5983],[109.0589,14.5932],[109.0598,14.5911],[109.0612,14.5912],[109.0619,14.592],[109.0667,14.5905],[109.0717,14.5837],[109.073,14.5836],[109.074,14.5822],[109.0794,14.581],[109.0819,14.5784],[109.0814,14.5798],[109.0821,14.5805],[109.0821,14.5814],[109.0803,14.5824],[109.0722,14.6024],[109.0716,14.6025],[109.0729,14.6037],[109.0734,14.6064],[109.073,14.6078],[109.0723,14.6079],[109.0718,14.6091],[109.0718,14.6107],[109.0708,14.6118],[109.0703,14.616],[109.0714,14.6182],[109.0727,14.6186],[109.0737,14.6175],[109.074,14.6185],[109.0718,14.6213],[109.0686,14.6295],[109.0698,14.6309],[109.0706,14.6331],[109.07,14.635],[109.0683,14.6354],[109.0678,14.6366],[109.0657,14.6493],[109.0658,14.6513],[109.0654,14.6516],[109.0658,14.6514],[109.0658,14.6591],[109.0676,14.6637],[109.0716,14.6663],[109.0738,14.6665],[109.0761,14.6648],[109.0778,14.6654],[109.0789,14.6666],[109.0808,14.6665],[109.0823,14.6672],[109.0832,14.6684],[109.0835,14.6704],[109.0839,14.6707],[109.0836,14.6717],[109.0839,14.6731],[109.0829,14.6745],[109.0833,14.6753],[109.0837,14.6753],[109.083,14.6765],[109.0825,14.6763],[109.0823,14.6765],[109.0826,14.679],[109.0811,14.6786],[109.0799,14.6799],[109.0744,14.6926],[109.0747,14.696],[109.076,14.6973],[109.0776,14.6972],[109.0774,14.6997],[109.078,14.702],[109.0766,14.704],[109.0767,14.7055],[109.0757,14.7063],[109.0752,14.7059],[109.0746,14.7062],[109.0737,14.7073],[109.0733,14.7105],[109.0711,14.7117],[109.0695,14.7143]]]},"properties":{"code":"21478","name":"Sa Huỳnh","nameEn":"Sa Huynh","fullName":"Phường Sa Huỳnh","fullNameEn":"Sa Huynh Ward","codeName":"sa_huynh","postalCode":"54325","postalCodePrefix":"","gisServerId":"diaphanhanhchinhcapxa_2025.1788","areaKm2":49.95},"id":"21478"},
{"type":"Feature","geometry":{"type":"Polygon","coordinates":[[[108.6784,14.7885],[108.6788,14.7871],[108.6785,14.7855],[108.683,14.7834],[108.6833,14.7826],[108.683,14.7816],[108.6845,14.7794],[108.6834,14.7767],[108.6841,14.7716],[108.6846,14.7697],[108.6853,14.7688],[108.685,14.7674],[108.6868,14.7664],[108.6863,14.7628],[108.6876,14.7621],[108.6873,14.7599],[108.6879,14.7589],[108.6875,14.7568],[108.6888,14.7558],[108.6896,14.7562],[108.6904,14.756],[108.692,14.7526],[108.6953,14.7524],[108.6969,14.7517],[108.699,14.7528],[108.7051,14.7519],[108.7076,14.753],[108.708,14.7516],[108.7071,14.7497],[108.7069,14.7495],[108.7058,14.7482],[108.706,14.7464],[108.7022,14.7432],[108.7017,14.7413],[108.699,14.7391],[108.699,14.7372],[108.6968,14.7356],[108.6959,14.7334],[108.6956,14.7318],[108.6972,14.724],[108.6988,14.7226],[108.6975,14.7222],[108.6952,14.7204],[108.6937,14.7177],[108.6917,14.7159],[108.6866,14.7162],[108.6843,14.7141],[108.6803,14.7122],[108.6782,14.7139],[108.6762,14.7142],[108.6751,14.7136],[108.6733,14.7111],[108.6723,14.7109],[108.6718,14.71],[108.6692,14.709],[108.6692,14.7078],[108.6676,14.7075],[108.6665,14.7063],[108.6666,14.7052],[108.6647,14.701],[108.666,14.6955],[108.6642,14.692],[108.6635,14.6912],[108.6607,14.6911],[108.6593,14.6888],[108.657,14.6882],[108.6571,14.6867],[108.6593,14.6838],[108.6632,14.683],[108.667,14.6834],[108.6712,14.6822],[108.6729,14.6833],[108.6751,14.6839],[108.6766,14.6856],[108.679,14.6869],[108.6811,14.6863],[108.6872,14.6867],[108.6928,14.6883],[108.6976,14.6888],[108.6991,14.6884],[108.7012,14.6886],[108.7045,14.6873],[108.7066,14.6869],[108.7079,14.6878],[108.7118,14.6872],[108.7138,14.6854],[108.7149,14.6831],[108.7161,14.6827],[108.7193,14.6858],[108.7236,14.6863],[108.7259,14.6888],[108.7284,14.6898],[108.7297,14.6894],[108.7309,14.6897],[108.7317,14.6889],[108.7333,14.6883],[108.7359,14.6892],[108.7395,14.689],[108.7426,14.6857],[108.7458,14.6862],[108.7467,14.6888],[108.7493,14.6897],[108.7515,14.6892],[108.7529,14.688],[108.7615,14.6913],[108.766,14.6895],[108.7663,14.6918],[108.7676,14.6948],[108.7691,14.6959],[108.7718,14.6967],[108.7721,14.6994],[108.7733,14.7024],[108.7747,14.7039],[108.7758,14.704],[108.777,14.7047],[108.7775,14.7065],[108.7766,14.7089],[108.7803,14.7097],[108.7877,14.7147],[108.7883,14.717],[108.7907,14.7223],[108.7904,14.7252],[108.7891,14.7273],[108.7899,14.7322],[108.7891,14.7324],[108.7869,14.7355],[108.783,14.7368],[108.7812,14.7368],[108.7805,14.7402],[108.7818,14.7435],[108.7818,14.7468],[108.7868,14.7476],[108.7874,14.7519],[108.7892,14.7536],[108.7896,14.7546],[108.7919,14.755],[108.7921,14.7566],[108.7937,14.7578],[108.7986,14.7593],[108.8014,14.7607],[108.8003,14.7636],[108.7952,14.7715],[108.7933,14.7724],[108.7873,14.7737],[108.7856,14.7751],[108.7855,14.777],[108.7873,14.78],[108.7894,14.7883],[108.786,14.7927],[108.784,14.7969],[108.7821,14.799],[108.7787,14.7965],[108.7743,14.797],[108.7723,14.7926],[108.7628,14.7881],[108.7538,14.7862],[108.7523,14.7868],[108.7521,14.7874],[108.7525,14.7886],[108.7519,14.7916],[108.753,14.7927],[108.7512,14.7939],[108.7499,14.7957],[108.7497,14.7971],[108.7481,14.7986],[108.7434,14.8016],[108.7393,14.8016],[108.7348,14.8039],[108.7301,14.8042],[108.7272,14.8036],[108.7263,14.8022],[108.726,14.8005],[108.7208,14.7944],[108.7204,14.7928],[108.7213,14.7916],[108.7218,14.7887],[108.7178,14.7886],[108.7148,14.7868],[108.7125,14.7874],[108.7116,14.7884],[108.7092,14.7887],[108.7048,14.7924],[108.6998,14.7903],[108.6987,14.7905],[108.6945,14.7941],[108.6914,14.799],[108.6907,14.7993],[108.6896,14.7985],[108.689,14.7985],[108.6867,14.7978],[108.686,14.7957],[108.6843,14.7931],[108.6842,14.7919],[108.6827,14.7909],[108.6825,14.7899],[108.6797,14.7893],[108.6784,14.7885]]]},"properties":{"code":"21484","name":"Ba Tơ","nameEn":"Ba To","fullName":"Xã Ba Tơ","fullNameEn":"Ba To Commune","codeName":"ba_to","postalCode":"54206","postalCodePrefix":"","gisServerId":"diaphanhanhchinhcapxa_2025.1781","areaKm2":120.91},"id":"21484"},
{"type":"Feature","geometry":{"type":"Polygon","coordinates":[[[108.7164,14.8893],[108.7158,14.8875],[108.7127,14.8863],[108.7116,14.8865],[108.7089,14.8855],[108.7078,14.8875],[108.7067,14.8872],[108.7063,14.8868],[108.7061,14.8846],[108.7036,14.8828],[108.7017,14.8829],[108.6996,14.8813],[108.6987,14.8829],[108.6989,14.8845],[108.6983,14.8857],[108.6987,14.8861],[108.6977,14.8866],[108.6954,14.8861],[108.6944,14.8865],[108.6927,14.8851],[108.6908,14.8858],[108.6891,14.8843],[108.6891,14.8834],[108.6876,14.8825],[108.6842,14.8831],[108.6825,14.8828],[108.6817,14.8835],[108.6825,14.8859],[108.6808,14.887],[108.6768,14.8882],[108.675,14.8901],[108.672,14.8914],[108.6681,14.8974],[108.6638,14.8991],[108.658,14.8975],[108.6553,14.8976],[108.6506,14.8943],[108.6486,14.8944],[108.6466,14.8936],[108.6385,14.8877],[108.6382,14.8866],[108.637,14.885],[108.6361,14.8845],[108.6355,14.8835],[108.6343,14.8831],[108.6332,14.8813],[108.6321,14.8806],[108.6312,14.8789],[108.6318,14.8764],[108.6308,14.8751],[108.6298,14.8748],[108.6283,14.8751],[108.6282,14.8727],[108.6277,14.8718],[108.6264,14.8712],[108.6258,14.8698],[108.6238,14.8676],[108.6209,14.8668],[108.6204,14.8655],[108.621,14.8643],[108.6199,14.8632],[108.6198,14.8621],[108.619,14.8618],[108.619,14.8609],[108.6182,14.8605],[108.6181,14.8594],[108.6167,14.8594],[108.6129,14.8574],[108.6093,14.8564],[108.6075,14.8528],[108.6035,14.8495],[108.6059,14.8494],[108.6069,14.8474],[108.607,14.8446],[108.606,14.8426],[108.6106,14.8399],[108.6145,14.8396],[108.618,14.8383],[108.6186,14.8358],[108.6221,14.8293],[108.6275,14.8242],[108.6301,14.8227],[108.631,14.8215],[108.6327,14.8213],[108.6372,14.8196],[108.6426,14.82],[108.6445,14.8188],[108.6461,14.8192],[108.6482,14.8206],[108.6501,14.8191],[108.651,14.8162],[108.6524,14.815],[108.6518,14.8125],[108.6519,14.8104],[108.6515,14.8095],[108.6525,14.8071],[108.6525,14.8049],[108.6533,14.8041],[108.654,14.7986],[108.6554,14.7976],[108.6559,14.7964],[108.6583,14.7954],[108.6602,14.7953],[108.6623,14.7975],[108.6638,14.7977],[108.6655,14.7951],[108.6697,14.7928],[108.672,14.7908],[108.6744,14.7903],[108.6765,14.7888],[108.6784,14.7885],[108.6797,14.7893],[108.6825,14.7899],[108.6827,14.7909],[108.6842,14.7919],[108.6843,14.7931],[108.686,14.7957],[108.6867,14.7978],[108.689,14.7985],[108.6896,14.7985],[108.6907,14.7993],[108.6914,14.799],[108.6945,14.7941],[108.6987,14.7905],[108.6998,14.7903],[108.7048,14.7924],[108.7092,14.7887],[108.7116,14.7884],[108.7125,14.7874],[108.7148,14.7868],[108.7178,14.7886],[108.7218,14.7887],[108.7213,14.7916],[108.7204,14.7928],[108.7208,14.7944],[108.726,14.8005],[108.7263,14.8022],[108.7272,14.8036],[108.7301,14.8042],[108.7289,14.8074],[108.7317,14.8097],[108.7328,14.8129],[108.7352,14.8156],[108.7345,14.8234],[108.7317,14.8301],[108.7273,14.8334],[108.7265,14.8353],[108.7216,14.8384],[108.7208,14.8399],[108.7209,14.8409],[108.7215,14.8425],[108.7255,14.8478],[108.7268,14.8481],[108.7276,14.8491],[108.7269,14.8523],[108.7281,14.8548],[108.728,14.8559],[108.7275,14.859],[108.7262,14.8609],[108.7293,14.8648],[108.7287,14.8663],[108.7317,14.8688],[108.7356,14.8693],[108.7359,14.8698],[108.7347,14.8718],[108.7344,14.8735],[108.7334,14.8752],[108.7343,14.8772],[108.7373,14.8794],[108.7379,14.8815],[108.7371,14.8851],[108.7381,14.8877],[108.7367,14.8864],[108.7346,14.8859],[108.7314,14.8869],[108.7303,14.8864],[108.7273,14.8869],[108.7236,14.8885],[108.7164,14.8893]]]},"properties":{"code":"21490","name":"Ba Vinh","nameEn":"Ba Vinh","fullName":"Xã Ba Vinh","fullNameEn":"Ba Vinh Commune","codeName":"ba_vinh","postalCode":"54216","postalCodePrefix":"","gisServerId":"diaphanhanhchinhcapxa_2025.1782","areaKm2":115},"id":"21490"},
{"type":"Feature","geometry":{"type":"Polygon","coordinates":[[[108.8164,14.8504],[108.8118,14.8481],[108.8091,14.8479],[108.8078,14.8474],[108.8056,14.8486],[108.803,14.8474],[108.7982,14.8515],[108.7979,14.8525],[108.7955,14.855],[108.7916,14.8539],[108.7904,14.8531],[108.7854,14.8534],[108.7837,14.8549],[108.7836,14.8558],[108.7841,14.8571],[108.7855,14.8581],[108.7863,14.8599],[108.7873,14.8607],[108.7853,14.8615],[108.7803,14.8665],[108.7737,14.8695],[108.7703,14.8695],[108.7641,14.8682],[108.7632,14.8712],[108.7637,14.8734],[108.7634,14.8746],[108.7623,14.8762],[108.7619,14.8782],[108.7598,14.8797],[108.7586,14.8817],[108.756,14.8826],[108.7494,14.887],[108.7441,14.882],[108.7382,14.8866],[108.7381,14.8877],[108.7371,14.8851],[108.7379,14.8815],[108.7373,14.8794],[108.7343,14.8772],[108.7334,14.8752],[108.7344,14.8735],[108.7347,14.8718],[108.7359,14.8698],[108.7356,14.8693],[108.7317,14.8688],[108.7287,14.8663],[108.7293,14.8648],[108.7262,14.8609],[108.7275,14.859],[108.728,14.8559],[108.7281,14.8548],[108.7269,14.8523],[108.7276,14.8491],[108.7268,14.8481],[108.7255,14.8478],[108.7215,14.8425],[108.7209,14.8409],[108.7208,14.8399],[108.7216,14.8384],[108.7265,14.8353],[108.7273,14.8334],[108.7317,14.8301],[108.7345,14.8234],[108.7352,14.8156],[108.7328,14.8129],[108.7317,14.8097],[108.7289,14.8074],[108.7301,14.8042],[108.7348,14.8039],[108.7393,14.8016],[108.7434,14.8016],[108.7481,14.7986],[108.7497,14.7971],[108.7499,14.7957],[108.7512,14.7939],[108.753,14.7927],[108.7519,14.7916],[108.7525,14.7886],[108.7521,14.7874],[108.7523,14.7868],[108.7538,14.7862],[108.7628,14.7881],[108.7723,14.7926],[108.7743,14.797],[108.7787,14.7965],[108.7821,14.799],[108.784,14.7969],[108.786,14.7927],[108.7894,14.7883],[108.7873,14.78],[108.7855,14.777],[108.7856,14.7751],[108.7873,14.7737],[108.7933,14.7724],[108.7952,14.7715],[108.8003,14.7636],[108.8014,14.7607],[108.8035,14.7635],[108.807,14.7646],[108.8088,14.7623],[108.8101,14.7623],[108.8142,14.7608],[108.8147,14.7592],[108.8194,14.7599],[108.8207,14.7592],[108.8226,14.7591],[108.8254,14.7578],[108.8265,14.7577],[108.8274,14.7581],[108.8284,14.7595],[108.8286,14.7609],[108.8308,14.7606],[108.8319,14.7612],[108.833,14.7634],[108.8343,14.7697],[108.8366,14.7727],[108.8368,14.7744],[108.8403,14.7777],[108.8399,14.7805],[108.8418,14.7838],[108.8438,14.7854],[108.8446,14.7884],[108.8464,14.7903],[108.847,14.7926],[108.8458,14.7952],[108.8459,14.7964],[108.8449,14.7992],[108.843,14.8031],[108.8399,14.8048],[108.8382,14.8075],[108.837,14.8078],[108.8355,14.8071],[108.8339,14.8076],[108.832,14.809],[108.8276,14.8099],[108.826,14.811],[108.825,14.814],[108.8274,14.8182],[108.8308,14.8216],[108.8321,14.8243],[108.831,14.826],[108.8296,14.8266],[108.8285,14.8298],[108.8285,14.8374],[108.827,14.8399],[108.8255,14.8417],[108.8204,14.8436],[108.8184,14.8481],[108.8164,14.8504]]]},"properties":{"code":"21496","name":"Ba Động","nameEn":"Ba Dong","fullName":"Xã Ba Động","fullNameEn":"Ba Dong Commune","codeName":"ba_dong","postalCode":"54214","postalCodePrefix":"","gisServerId":"diaphanhanhchinhcapxa_2025.1783","areaKm2":103.01},"id":"21496"},
{"type":"Feature","geometry":{"type":"Polygon","coordinates":[[[108.6003,14.7636],[108.6016,14.7612],[108.6026,14.7609],[108.6037,14.7613],[108.6049,14.7625],[108.6066,14.7633],[108.6089,14.766],[108.6102,14.7665],[108.6117,14.7711],[108.6139,14.7674],[108.6196,14.7653],[108.6207,14.7652],[108.6217,14.7659],[108.6229,14.7659],[108.6252,14.7639],[108.6297,14.7647],[108.634,14.7639],[108.6368,14.764],[108.6391,14.762],[108.6415,14.7582],[108.6421,14.7555],[108.6453,14.7526],[108.6478,14.7487],[108.6485,14.7482],[108.649,14.7472],[108.6489,14.7463],[108.6496,14.7455],[108.6512,14.745],[108.6511,14.7445],[108.6519,14.7439],[108.6526,14.744],[108.652,14.7433],[108.6522,14.7424],[108.6547,14.7412],[108.6562,14.7414],[108.6564,14.7401],[108.6552,14.7378],[108.6563,14.7353],[108.6556,14.733],[108.6571,14.7308],[108.6571,14.7302],[108.6559,14.7293],[108.6569,14.7285],[108.6561,14.7271],[108.6546,14.7264],[108.6542,14.7243],[108.6529,14.7246],[108.6512,14.7259],[108.6502,14.7258],[108.6499,14.7248],[108.6502,14.7233],[108.6482,14.7227],[108.648,14.7221],[108.6485,14.7205],[108.6472,14.719],[108.6494,14.717],[108.6509,14.7173],[108.651,14.7163],[108.6499,14.7138],[108.6519,14.7124],[108.6519,14.7119],[108.6494,14.7108],[108.6471,14.711],[108.6466,14.7104],[108.6501,14.7087],[108.6508,14.7089],[108.6502,14.7071],[108.6515,14.7058],[108.6511,14.7031],[108.6517,14.7017],[108.6512,14.7007],[108.6533,14.6998],[108.6528,14.6992],[108.6519,14.6991],[108.6523,14.6983],[108.6522,14.6963],[108.6542,14.6946],[108.6547,14.6932],[108.6564,14.6923],[108.6571,14.691],[108.657,14.6882],[108.6593,14.6888],[108.6607,14.6911],[108.6635,14.6912],[108.6642,14.692],[108.666,14.6955],[108.6647,14.701],[108.6666,14.7052],[108.6665,14.7063],[108.6676,14.7075],[108.6692,14.7078],[108.6692,14.709],[108.6718,14.71],[108.6723,14.7109],[108.6733,14.7111],[108.6751,14.7136],[108.6762,14.7142],[108.6782,14.7139],[108.6803,14.7122],[108.6843,14.7141],[108.6866,14.7162],[108.6917,14.7159],[108.6937,14.7177],[108.6952,14.7204],[108.6975,14.7222],[108.6988,14.7226],[108.6972,14.724],[108.6956,14.7318],[108.6959,14.7334],[108.6968,14.7356],[108.699,14.7372],[108.699,14.7391],[108.7017,14.7413],[108.7022,14.7432],[108.706,14.7464],[108.7058,14.7482],[108.7069,14.7495],[108.7071,14.7497],[108.708,14.7516],[108.7076,14.753],[108.7051,14.7519],[108.699,14.7528],[108.6969,14.7517],[108.6953,14.7524],[108.692,14.7526],[108.6904,14.756],[108.6896,14.7562],[108.6888,14.7558],[108.6875,14.7568],[108.6879,14.7589],[108.6873,14.7599],[108.6876,14.7621],[108.6863,14.7628],[108.6868,14.7664],[108.685,14.7674],[108.6853,14.7688],[108.6846,14.7697],[108.6841,14.7716],[108.6834,14.7767],[108.6845,14.7794],[108.683,14.7816],[108.6833,14.7826],[108.683,14.7834],[108.6785,14.7855],[108.6788,14.7871],[108.6784,14.7885],[108.6765,14.7888],[108.6744,14.7903],[108.672,14.7908],[108.6697,14.7928],[108.6655,14.7951],[108.6638,14.7977],[108.6623,14.7975],[108.6602,14.7953],[108.6583,14.7954],[108.6559,14.7964],[108.6554,14.7976],[108.654,14.7986],[108.6533,14.8041],[108.6525,14.8049],[108.6525,14.8071],[108.6515,14.8095],[108.6519,14.8104],[108.6518,14.8125],[108.6524,14.815],[108.651,14.8162],[108.6501,14.8191],[108.6482,14.8206],[108.6461,14.8192],[108.6445,14.8188],[108.6426,14.82],[108.6372,14.8196],[108.6327,14.8213],[108.631,14.8215],[108.6301,14.8227],[108.6275,14.8242],[108.6221,14.8293],[108.6186,14.8358],[108.618,14.8383],[108.6145,14.8396],[108.6106,14.8399],[108.606,14.8426],[108.607,14.8446],[108.6069,14.8474],[108.6059,14.8494],[108.6035,14.8495],[108.6016,14.8501],[108.6008,14.8487],[108.5987,14.847],[108.5946,14.8461],[108.5934,14.8448],[108.5901,14.8428],[108.5899,14.8419],[108.5876,14.8398],[108.5853,14.8391],[108.5835,14.8371],[108.584,14.8357],[108.5861,14.8357],[108.5862,14.8337],[108.5855,14.8319],[108.5873,14.8297],[108.5871,14.8275],[108.5874,14.8265],[108.5894,14.8256],[108.5898,14.8234],[108.5916,14.8211],[108.5918,14.8192],[108.5927,14.8182],[108.5931,14.8166],[108.594,14.8159],[108.5933,14.8152],[108.5933,14.8135],[108.5947,14.8121],[108.5953,14.8098],[108.5975,14.8091],[108.5963,14.8068],[108.5983,14.8031],[108.5971,14.8007],[108.5972,14.7994],[108.5964,14.798],[108.5973,14.7963],[108.5963,14.7912],[108.5984,14.7888],[108.5985,14.7871],[108.5996,14.7855],[108.5996,14.7831],[108.6003,14.7822],[108.5995,14.7806],[108.5984,14.7798],[108.5993,14.7784],[108.5981,14.7753],[108.6003,14.7718],[108.6005,14.77],[108.5998,14.7681],[108.6003,14.7636]]]},"properties":{"code":"21499","name":"Ba Dinh","nameEn":"Ba Dinh","fullName":"Xã Ba Dinh","fullNameEn":"Ba Dinh Commune","codeName":"ba_dinh","postalCode":"54209","postalCodePrefix":"","gisServerId":"diaphanhanhchinhcapxa_2025.1784","areaKm2":97.05},"id":"21499"},
{"type":"Feature","geometry":{"type":"Polygon","coordinates":[[[108.9093,14.7797],[108.9005,14.7817],[108.8769,14.7936],[108.8543,14.8096],[108.8497,14.8057],[108.8492,14.8034],[108.8476,14.8013],[108.8472,14.7986],[108.8466,14.7982],[108.8449,14.7992],[108.8459,14.7964],[108.8458,14.7952],[108.847,14.7926],[108.8464,14.7903],[108.8446,14.7884],[108.8438,14.7854],[108.8418,14.7838],[108.8399,14.7805],[108.8403,14.7777],[108.8368,14.7744],[108.8366,14.7727],[108.8343,14.7697],[108.833,14.7634],[108.8319,14.7612],[108.8308,14.7606],[108.8286,14.7609],[108.8284,14.7595],[108.8274,14.7581],[108.8265,14.7577],[108.8254,14.7578],[108.8226,14.7591],[108.8207,14.7592],[108.8194,14.7599],[108.8147,14.7592],[108.8142,14.7608],[108.8101,14.7623],[108.8088,14.7623],[108.807,14.7646],[108.8035,14.7635],[108.8014,14.7607],[108.7986,14.7593],[108.7937,14.7578],[108.7921,14.7566],[108.7919,14.755],[108.7896,14.7546],[108.7892,14.7536],[108.7874,14.7519],[108.7868,14.7476],[108.7818,14.7468],[108.7818,14.7435],[108.7805,14.7402],[108.7812,14.7368],[108.783,14.7368],[108.7869,14.7355],[108.7891,14.7324],[108.7899,14.7322],[108.7891,14.7273],[108.7904,14.7252],[108.7907,14.7223],[108.7883,14.717],[108.7877,14.7147],[108.7803,14.7097],[108.7766,14.7089],[108.7775,14.7065],[108.777,14.7047],[108.7758,14.704],[108.7747,14.7039],[108.7733,14.7024],[108.7721,14.6994],[108.7718,14.6967],[108.7691,14.6959],[108.7676,14.6948],[108.7663,14.6918],[108.766,14.6895],[108.7671,14.6883],[108.7666,14.6853],[108.7658,14.6839],[108.766,14.6809],[108.7653,14.6803],[108.7645,14.6778],[108.7631,14.6768],[108.7639,14.6748],[108.7647,14.6742],[108.7673,14.6746],[108.7673,14.6762],[108.7687,14.6778],[108.7715,14.678],[108.7756,14.6747],[108.7774,14.6741],[108.7805,14.6708],[108.7818,14.6704],[108.7868,14.6709],[108.7885,14.6695],[108.7921,14.6697],[108.7987,14.6687],[108.8018,14.6708],[108.8052,14.6701],[108.8068,14.6692],[108.8099,14.6712],[108.8131,14.6704],[108.815,14.6725],[108.8162,14.6727],[108.8179,14.674],[108.8193,14.6742],[108.8201,14.6752],[108.8212,14.6753],[108.8223,14.6767],[108.8239,14.6768],[108.8255,14.6758],[108.826,14.6765],[108.8278,14.6774],[108.8286,14.6784],[108.829,14.6801],[108.8307,14.6814],[108.8321,14.6854],[108.834,14.6876],[108.8341,14.6892],[108.8352,14.6912],[108.8368,14.6922],[108.8375,14.6938],[108.8388,14.6944],[108.8414,14.6934],[108.8427,14.6922],[108.8462,14.6869],[108.8462,14.685],[108.8455,14.6842],[108.8467,14.682],[108.8497,14.6833],[108.8512,14.683],[108.8517,14.6834],[108.8517,14.6843],[108.8505,14.686],[108.8519,14.6868],[108.8517,14.6891],[108.853,14.6913],[108.8548,14.6917],[108.8563,14.6911],[108.8583,14.6923],[108.86,14.6925],[108.8613,14.6946],[108.8634,14.6953],[108.8655,14.6931],[108.869,14.692],[108.87,14.6907],[108.8709,14.6905],[108.8724,14.6909],[108.8734,14.6905],[108.8742,14.6888],[108.8743,14.6875],[108.8756,14.688],[108.8768,14.6866],[108.8786,14.6855],[108.8842,14.6846],[108.8867,14.6833],[108.8879,14.6839],[108.8892,14.6822],[108.8906,14.6846],[108.8922,14.6862],[108.8944,14.686],[108.8975,14.687],[108.9003,14.6864],[108.9033,14.6865],[108.9048,14.687],[108.9064,14.6885],[108.9059,14.6896],[108.9068,14.6913],[108.909,14.6918],[108.9141,14.6942],[108.9166,14.6944],[108.9214,14.6981],[108.9228,14.6974],[108.925,14.698],[108.9253,14.7],[108.9285,14.7031],[108.9289,14.7008],[108.9285,14.6987],[108.9292,14.6971],[108.9311,14.6979],[108.9317,14.6974],[108.9336,14.6974],[108.9348,14.6965],[108.9361,14.6966],[108.9379,14.6953],[108.9398,14.6953],[108.9425,14.6895],[108.9445,14.6885],[108.9456,14.6895],[108.9467,14.6884],[108.9468,14.6874],[108.9483,14.6884],[108.9498,14.6882],[108.9505,14.687],[108.9499,14.6851],[108.9547,14.6836],[108.954,14.6822],[108.9547,14.681],[108.9563,14.6823],[108.9571,14.6837],[108.9582,14.6835],[108.9593,14.6853],[108.9593,14.6866],[108.9609,14.686],[108.9614,14.6849],[108.9627,14.6848],[108.9681,14.6814],[108.9706,14.6782],[108.9732,14.6761],[108.9732,14.6729],[108.9739,14.6743],[108.9736,14.676],[108.9744,14.6783],[108.9738,14.6839],[108.9756,14.6857],[108.9752,14.6876],[108.9759,14.6893],[108.9785,14.6911],[108.9795,14.6926],[108.977,14.6966],[108.977,14.7001],[108.9747,14.7005],[108.9728,14.7029],[108.9709,14.7042],[108.9711,14.7053],[108.9697,14.7099],[108.97,14.7133],[108.9689,14.7154],[108.9691,14.7165],[108.9699,14.7171],[108.9693,14.7188],[108.9693,14.7203],[108.97,14.7233],[108.971,14.7245],[108.9709,14.728],[108.9672,14.7299],[108.967,14.7314],[108.9649,14.7335],[108.9623,14.7341],[108.9591,14.738],[108.9579,14.7402],[108.9543,14.7413],[108.9535,14.7428],[108.9536,14.7439],[108.9518,14.7442],[108.9496,14.7427],[108.9466,14.7426],[108.9437,14.7461],[108.94,14.7476],[108.937,14.7497],[108.9327,14.7551],[108.9344,14.7576],[108.9373,14.7664],[108.9348,14.7703],[108.9344,14.7764],[108.9334,14.777],[108.9303,14.7776],[108.9287,14.7773],[108.9283,14.778],[108.9267,14.7783],[108.9255,14.778],[108.9249,14.7787],[108.9241,14.7785],[108.9238,14.7792],[108.9203,14.7778],[108.9196,14.778],[108.9191,14.7777],[108.9093,14.7797]]]},"properties":{"code":"21520","name":"Đặng Thuỳ Trâm","nameEn":"Dang Thuy Tram","fullName":"Xã Đặng Thuỳ Trâm","fullNameEn":"Dang Thuy Tram Commune","codeName":"dang_thuy_tram","postalCode":"54226","postalCodePrefix":"","gisServerId":"diaphanhanhchinhcapxa_2025.1786","areaKm2":199.4},"id":"21520"},
{"type":"Feature","geometry":{"type":"Polygon","coordinates":[[[108.657,14.6882],[108.6571,14.691],[108.6564,14.6923],[108.6547,14.6932],[108.6542,14.6946],[108.6522,14.6963],[108.6523,14.6983],[108.6519,14.6991],[108.6528,14.6992],[108.6533,14.6998],[108.6512,14.7007],[108.6517,14.7017],[108.6511,14.7031],[108.6515,14.7058],[108.6502,14.7071],[108.6508,14.7089],[108.6501,14.7087],[108.6466,14.7104],[108.6471,14.711],[108.6494,14.7108],[108.6519,14.7119],[108.6519,14.7124],[108.6499,14.7138],[108.651,14.7163],[108.6509,14.7173],[108.6494,14.717],[108.6472,14.719],[108.6485,14.7205],[108.648,14.7221],[108.6482,14.7227],[108.6502,14.7233],[108.6499,14.7248],[108.6502,14.7258],[108.6512,14.7259],[108.6529,14.7246],[108.6542,14.7243],[108.6546,14.7264],[108.6561,14.7271],[108.6569,14.7285],[108.6559,14.7293],[108.6571,14.7302],[108.6571,14.7308],[108.6556,14.733],[108.6563,14.7353],[108.6552,14.7378],[108.6564,14.7401],[108.6562,14.7414],[108.6547,14.7412],[108.6522,14.7424],[108.652,14.7433],[108.6526,14.744],[108.6519,14.7439],[108.6511,14.7445],[108.6512,14.745],[108.6496,14.7455],[108.6489,14.7463],[108.649,14.7472],[108.6485,14.7482],[108.6478,14.7487],[108.6453,14.7526],[108.6421,14.7555],[108.6415,14.7582],[108.6391,14.762],[108.6368,14.764],[108.634,14.7639],[108.6297,14.7647],[108.6252,14.7639],[108.6229,14.7659],[108.6217,14.7659],[108.6207,14.7652],[108.6196,14.7653],[108.6139,14.7674],[108.6117,14.7711],[108.6102,14.7665],[108.6089,14.766],[108.6066,14.7633],[108.6049,14.7625],[108.6037,14.7613],[108.6026,14.7609],[108.6016,14.7612],[108.6003,14.7636],[108.5987,14.7625],[108.6005,14.7556],[108.6003,14.7523],[108.5961,14.7466],[108.5959,14.745],[108.5948,14.7444],[108.5944,14.7434],[108.5948,14.7407],[108.5934,14.7385],[108.5915,14.737],[108.5909,14.7358],[108.5895,14.7349],[108.5883,14.7328],[108.5866,14.7318],[108.5852,14.7319],[108.5839,14.7307],[108.5819,14.7243],[108.5789,14.7218],[108.5766,14.7192],[108.5756,14.7159],[108.5745,14.7145],[108.5738,14.7141],[108.5723,14.7142],[108.5702,14.7056],[108.5746,14.701],[108.5761,14.7026],[108.5791,14.7032],[108.5829,14.7055],[108.5866,14.7057],[108.5892,14.7005],[108.5892,14.6995],[108.5923,14.6966],[108.5942,14.6937],[108.5951,14.6891],[108.5957,14.6886],[108.5978,14.6882],[108.6008,14.6895],[108.6015,14.6878],[108.6031,14.6873],[108.6047,14.6855],[108.6051,14.6847],[108.6046,14.6838],[108.605,14.6818],[108.6046,14.6801],[108.6057,14.6786],[108.6054,14.6757],[108.6072,14.6706],[108.6057,14.6626],[108.6075,14.6615],[108.6134,14.6555],[108.6138,14.6537],[108.6128,14.6496],[108.6134,14.6482],[108.6126,14.6461],[108.6121,14.645],[108.6093,14.6423],[108.6102,14.6408],[108.6127,14.6338],[108.6112,14.6292],[108.61,14.6282],[108.6079,14.6286],[108.6052,14.6273],[108.6045,14.6256],[108.6011,14.6226],[108.6019,14.6204],[108.6033,14.6185],[108.6024,14.6177],[108.6025,14.616],[108.6042,14.615],[108.6047,14.6138],[108.6045,14.6111],[108.6057,14.6099],[108.6049,14.608],[108.6034,14.6079],[108.6024,14.6057],[108.6006,14.6052],[108.6005,14.604],[108.5988,14.6032],[108.6016,14.5991],[108.6014,14.5983],[108.5963,14.5953],[108.5948,14.596],[108.5937,14.5959],[108.593,14.5945],[108.5914,14.5944],[108.59,14.5932],[108.5897,14.5922],[108.5881,14.5933],[108.5861,14.5909],[108.5838,14.5895],[108.583,14.5894],[108.5809,14.5911],[108.5795,14.5869],[108.5789,14.5867],[108.5747,14.5874],[108.5736,14.5891],[108.5719,14.59],[108.5719,14.5926],[108.5707,14.5936],[108.5689,14.594],[108.5659,14.5934],[108.564,14.594],[108.5571,14.5941],[108.5551,14.5933],[108.5531,14.5913],[108.5472,14.5894],[108.5495,14.5881],[108.5508,14.5854],[108.5526,14.5852],[108.5555,14.586],[108.559,14.5853],[108.5602,14.5861],[108.5639,14.5834],[108.5642,14.5821],[108.5659,14.5809],[108.5664,14.5799],[108.5699,14.5795],[108.5722,14.5779],[108.5732,14.5762],[108.5727,14.5751],[108.5729,14.5735],[108.5741,14.5725],[108.5762,14.5716],[108.5769,14.5708],[108.5808,14.5711],[108.5837,14.568],[108.5862,14.5681],[108.5876,14.5665],[108.5922,14.5661],[108.5941,14.565],[108.5946,14.5638],[108.5966,14.5624],[108.5961,14.5612],[108.5951,14.5608],[108.5945,14.5598],[108.5955,14.5591],[108.5958,14.5566],[108.5976,14.5565],[108.5965,14.5521],[108.5965,14.5493],[108.5959,14.5478],[108.5961,14.5467],[108.5984,14.5437],[108.6007,14.5424],[108.6024,14.54],[108.6026,14.5384],[108.6048,14.5358],[108.6084,14.5336],[108.6099,14.5347],[108.6115,14.5349],[108.6131,14.5324],[108.6159,14.5354],[108.6179,14.5365],[108.6183,14.5399],[108.6173,14.5418],[108.6182,14.5423],[108.6186,14.5435],[108.6202,14.543],[108.6211,14.5432],[108.6216,14.5421],[108.6235,14.5431],[108.6249,14.5432],[108.6257,14.5441],[108.6285,14.5451],[108.6283,14.5468],[108.6271,14.5479],[108.6281,14.5491],[108.6278,14.5505],[108.6292,14.5519],[108.6326,14.5524],[108.6339,14.5512],[108.6358,14.5512],[108.6367,14.5504],[108.6399,14.5494],[108.6415,14.5476],[108.6418,14.5485],[108.6429,14.5492],[108.6432,14.5502],[108.6421,14.5541],[108.644,14.5561],[108.6446,14.5586],[108.6404,14.5648],[108.6446,14.567],[108.6451,14.568],[108.6524,14.5694],[108.6537,14.57],[108.6546,14.5718],[108.6578,14.5739],[108.6598,14.5768],[108.6627,14.5778],[108.6636,14.5775],[108.6677,14.5801],[108.6717,14.5799],[108.6741,14.5815],[108.6773,14.5846],[108.6768,14.5885],[108.6752,14.5905],[108.6761,14.591],[108.6765,14.5919],[108.6775,14.5923],[108.6802,14.5969],[108.6812,14.5972],[108.6815,14.5957],[108.6831,14.5959],[108.6862,14.5936],[108.6865,14.5922],[108.6878,14.5918],[108.6892,14.5927],[108.6905,14.5927],[108.6913,14.5938],[108.6948,14.5945],[108.6981,14.5967],[108.6977,14.5981],[108.6981,14.5994],[108.6994,14.5999],[108.6991,14.6015],[108.7009,14.6022],[108.7011,14.6041],[108.7028,14.606],[108.702,14.6075],[108.7027,14.6086],[108.7025,14.61],[108.7009,14.6129],[108.7018,14.614],[108.7033,14.6135],[108.7052,14.6149],[108.7079,14.6135],[108.708,14.6131],[108.7066,14.6114],[108.7059,14.6097],[108.7069,14.6087],[108.7069,14.6072],[108.7085,14.606],[108.7088,14.605],[108.71,14.6051],[108.7106,14.6041],[108.7128,14.6024],[108.7143,14.6021],[108.7152,14.6024],[108.7164,14.6019],[108.7183,14.5999],[108.7181,14.5984],[108.72,14.5981],[108.7239,14.5953],[108.725,14.5964],[108.7259,14.5964],[108.7271,14.5941],[108.7279,14.5936],[108.7289,14.5939],[108.7298,14.5926],[108.7316,14.5915],[108.7331,14.5913],[108.7341,14.5894],[108.7383,14.5889],[108.7389,14.5899],[108.7406,14.591],[108.7403,14.5933],[108.741,14.5939],[108.7406,14.5949],[108.7412,14.5952],[108.742,14.5952],[108.7429,14.5944],[108.7441,14.5945],[108.7453,14.5924],[108.7484,14.5919],[108.7537,14.5932],[108.7571,14.5932],[108.7592,14.5969],[108.7592,14.5982],[108.7611,14.5994],[108.7635,14.5998],[108.7634,14.6027],[108.7615,14.606],[108.7619,14.6093],[108.7614,14.6105],[108.7616,14.6124],[108.761,14.6159],[108.7619,14.6183],[108.7617,14.6202],[108.7657,14.6226],[108.7657,14.6246],[108.7666,14.6278],[108.7661,14.6324],[108.7647,14.6353],[108.7643,14.6376],[108.7655,14.6422],[108.7649,14.6444],[108.7638,14.6461],[108.7647,14.6476],[108.7644,14.6516],[108.7636,14.6525],[108.7639,14.6542],[108.7622,14.6555],[108.7613,14.6629],[108.76,14.6643],[108.7594,14.6667],[108.7598,14.6674],[108.7613,14.6685],[108.7628,14.6708],[108.7639,14.6748],[108.7631,14.6768],[108.7645,14.6778],[108.7653,14.6803],[108.766,14.6809],[108.7658,14.6839],[108.7666,14.6853],[108.7671,14.6883],[108.766,14.6895],[108.7615,14.6913],[108.7529,14.688],[108.7515,14.6892],[108.7493,14.6897],[108.7467,14.6888],[108.7458,14.6862],[108.7426,14.6857],[108.7395,14.689],[108.7359,14.6892],[108.7333,14.6883],[108.7317,14.6889],[108.7309,14.6897],[108.7297,14.6894],[108.7284,14.6898],[108.7259,14.6888],[108.7236,14.6863],[108.7193,14.6858],[108.7161,14.6827],[108.7149,14.6831],[108.7138,14.6854],[108.7118,14.6872],[108.7079,14.6878],[108.7066,14.6869],[108.7045,14.6873],[108.7012,14.6886],[108.6991,14.6884],[108.6976,14.6888],[108.6928,14.6883],[108.6872,14.6867],[108.6811,14.6863],[108.679,14.6869],[108.6766,14.6856],[108.6751,14.6839],[108.6729,14.6833],[108.6712,14.6822],[108.667,14.6834],[108.6632,14.683],[108.6593,14.6838],[108.6571,14.6867],[108.657,14.6882]]]},"properties":{"code":"21523","name":"Ba Tô","nameEn":"Ba To","fullName":"Xã Ba Tô","fullNameEn":"Ba To Commune","codeName":"ba_to","postalCode":"54222","postalCodePrefix":"","gisServerId":"diaphanhanhchinhcapxa_2025.1787","areaKm2":274.4},"id":"21523"},
{"type":"Feature","geometry":{"type":"Polygon","coordinates":[[[108.6054,14.6757],[108.6057,14.6786],[108.6046,14.6801],[108.605,14.6818],[108.6046,14.6838],[108.6051,14.6847],[108.6047,14.6855],[108.6031,14.6873],[108.6015,14.6878],[108.6008,14.6895],[108.5978,14.6882],[108.5957,14.6886],[108.5951,14.6891],[108.5942,14.6937],[108.5923,14.6966],[108.5892,14.6995],[108.5892,14.7005],[108.5866,14.7057],[108.5829,14.7055],[108.5791,14.7032],[108.5761,14.7026],[108.5746,14.701],[108.5702,14.7056],[108.5723,14.7142],[108.5738,14.7141],[108.5745,14.7145],[108.5756,14.7159],[108.5766,14.7192],[108.5789,14.7218],[108.5819,14.7243],[108.5839,14.7307],[108.5852,14.7319],[108.5866,14.7318],[108.5883,14.7328],[108.5895,14.7349],[108.5909,14.7358],[108.5915,14.737],[108.5934,14.7385],[108.5948,14.7407],[108.5944,14.7434],[108.5948,14.7444],[108.5959,14.745],[108.5961,14.7466],[108.6003,14.7523],[108.6005,14.7556],[108.5987,14.7625],[108.6003,14.7636],[108.5998,14.7681],[108.6005,14.77],[108.6003,14.7718],[108.5981,14.7753],[108.5993,14.7784],[108.5984,14.7798],[108.5995,14.7806],[108.6003,14.7822],[108.5996,14.7831],[108.5996,14.7855],[108.5985,14.7871],[108.5984,14.7888],[108.5963,14.7912],[108.5973,14.7963],[108.5964,14.798],[108.5972,14.7994],[108.5971,14.8007],[108.5983,14.8031],[108.5963,14.8068],[108.5975,14.8091],[108.594,14.8085],[108.5917,14.8089],[108.59,14.8079],[108.5865,14.8076],[108.584,14.8075],[108.581,14.8085],[108.5785,14.8082],[108.5773,14.8075],[108.5738,14.8068],[108.5689,14.8038],[108.5659,14.8032],[108.561,14.8053],[108.5597,14.8051],[108.5576,14.8039],[108.5569,14.8061],[108.5551,14.8073],[108.5531,14.8102],[108.5531,14.8112],[108.5511,14.8119],[108.544,14.8159],[108.5388,14.81],[108.5343,14.8105],[108.5325,14.8091],[108.5308,14.8092],[108.5293,14.8084],[108.5264,14.8082],[108.5238,14.8093],[108.5209,14.8082],[108.5177,14.8077],[108.5136,14.809],[108.5103,14.8089],[108.5087,14.8085],[108.5073,14.8074],[108.5058,14.8044],[108.5039,14.807],[108.5025,14.8077],[108.5018,14.8046],[108.4995,14.8064],[108.4989,14.8061],[108.4961,14.8035],[108.4956,14.8016],[108.4944,14.8016],[108.4938,14.8012],[108.4944,14.7986],[108.4963,14.7972],[108.4944,14.7958],[108.4953,14.7955],[108.4959,14.7937],[108.5001,14.7918],[108.5003,14.7896],[108.5017,14.7881],[108.5004,14.7864],[108.5002,14.7847],[108.5024,14.7795],[108.5055,14.7771],[108.5099,14.7772],[108.5162,14.7741],[108.5159,14.7735],[108.5182,14.7701],[108.5178,14.7689],[108.5188,14.768],[108.5218,14.759],[108.5227,14.7576],[108.5248,14.7569],[108.5239,14.7557],[108.5257,14.7537],[108.525,14.751],[108.5258,14.7497],[108.5267,14.7492],[108.5276,14.7469],[108.5277,14.7448],[108.525,14.7433],[108.5255,14.7413],[108.5248,14.7406],[108.523,14.7407],[108.5225,14.7392],[108.5212,14.7376],[108.5224,14.7369],[108.5207,14.7349],[108.5208,14.7333],[108.5193,14.7317],[108.5194,14.731],[108.5185,14.7297],[108.5186,14.728],[108.5194,14.7269],[108.5178,14.7266],[108.5186,14.7252],[108.517,14.7246],[108.5181,14.7214],[108.5158,14.7207],[108.5156,14.7197],[108.5134,14.7176],[108.5129,14.7138],[108.5122,14.7125],[108.5108,14.711],[108.5082,14.711],[108.5048,14.7086],[108.5031,14.7083],[108.5029,14.7064],[108.5017,14.7034],[108.5005,14.7027],[108.4988,14.7027],[108.4971,14.7018],[108.4962,14.7001],[108.4966,14.6982],[108.499,14.6958],[108.5022,14.6949],[108.5028,14.6914],[108.504,14.69],[108.5058,14.6897],[108.5072,14.6902],[108.5104,14.689],[108.5119,14.6877],[108.5223,14.6843],[108.5269,14.6838],[108.5278,14.6829],[108.5298,14.6825],[108.5308,14.6828],[108.5323,14.6817],[108.534,14.6825],[108.5368,14.6827],[108.5376,14.6834],[108.538,14.6828],[108.54,14.6825],[108.5421,14.684],[108.543,14.6834],[108.5453,14.6852],[108.5463,14.6868],[108.5462,14.6875],[108.5472,14.6881],[108.5479,14.6878],[108.548,14.6885],[108.55,14.6906],[108.5505,14.6878],[108.5515,14.6855],[108.5526,14.6851],[108.5563,14.687],[108.5592,14.6864],[108.5596,14.6846],[108.562,14.6831],[108.5629,14.6832],[108.5643,14.6799],[108.5683,14.6779],[108.5704,14.6733],[108.575,14.6692],[108.5769,14.6687],[108.579,14.6694],[108.5802,14.6679],[108.581,14.6677],[108.584,14.6684],[108.5849,14.6679],[108.5853,14.6671],[108.5869,14.6682],[108.5871,14.6688],[108.5954,14.6707],[108.597,14.6703],[108.6002,14.6722],[108.6013,14.6724],[108.6041,14.6752],[108.6054,14.6757]]]},"properties":{"code":"21529","name":"Ba Vì","nameEn":"Ba Vi","fullName":"Xã Ba Vì","fullNameEn":"Ba Vi Commune","codeName":"ba_vi","postalCode":"54221","postalCodePrefix":"","gisServerId":"diaphanhanhchinhcapxa_2025.1785","areaKm2":125.4},"id":"21529"},
{"type":"Feature","geometry":{"type":"Polygon","coordinates":[[[108.6054,14.6757],[108.6041,14.6752],[108.6013,14.6724],[108.6002,14.6722],[108.597,14.6703],[108.5954,14.6707],[108.5871,14.6688],[108.5869,14.6682],[108.5853,14.6671],[108.5849,14.6679],[108.584,14.6684],[108.581,14.6677],[108.5802,14.6679],[108.579,14.6694],[108.5769,14.6687],[108.575,14.6692],[108.5704,14.6733],[108.5683,14.6779],[108.5643,14.6799],[108.5629,14.6832],[108.562,14.6831],[108.5596,14.6846],[108.5592,14.6864],[108.5563,14.687],[108.5526,14.6851],[108.5515,14.6855],[108.5505,14.6878],[108.55,14.6906],[108.548,14.6885],[108.5479,14.6878],[108.5472,14.6881],[108.5462,14.6875],[108.5463,14.6868],[108.5453,14.6852],[108.543,14.6834],[108.5421,14.684],[108.54,14.6825],[108.538,14.6828],[108.5376,14.6834],[108.5368,14.6827],[108.534,14.6825],[108.5323,14.6817],[108.5308,14.6828],[108.5298,14.6825],[108.5278,14.6829],[108.5269,14.6838],[108.5223,14.6843],[108.5119,14.6877],[108.5126,14.685],[108.5121,14.6825],[108.5114,14.6814],[108.5103,14.6806],[108.5095,14.6771],[108.507,14.6749],[108.506,14.673],[108.5059,14.6678],[108.5066,14.6669],[108.5036,14.6659],[108.5029,14.6661],[108.5025,14.6672],[108.5013,14.6663],[108.4997,14.6637],[108.4986,14.6596],[108.4958,14.6576],[108.4933,14.6531],[108.4927,14.6507],[108.4903,14.6489],[108.4906,14.6473],[108.4916,14.6458],[108.4905,14.6448],[108.4905,14.6439],[108.4883,14.6453],[108.4866,14.6443],[108.4854,14.6447],[108.4843,14.6443],[108.4834,14.6423],[108.4839,14.6401],[108.4823,14.6378],[108.4807,14.6341],[108.4805,14.6311],[108.4809,14.628],[108.482,14.6256],[108.4839,14.6255],[108.4847,14.6235],[108.4883,14.6241],[108.489,14.6213],[108.4907,14.6215],[108.4939,14.6205],[108.4942,14.6213],[108.4974,14.6214],[108.4988,14.6228],[108.4996,14.6227],[108.5004,14.6235],[108.5016,14.6239],[108.5027,14.6255],[108.5048,14.6232],[108.5056,14.6231],[108.5066,14.62],[108.5083,14.6211],[108.5109,14.6211],[108.5121,14.6203],[108.5127,14.6214],[108.5148,14.622],[108.516,14.6217],[108.5192,14.623],[108.5244,14.6229],[108.5265,14.6238],[108.5286,14.623],[108.5286,14.6219],[108.5276,14.6201],[108.5283,14.617],[108.5321,14.6114],[108.5342,14.6036],[108.5359,14.6029],[108.5372,14.6014],[108.539,14.5976],[108.5425,14.5938],[108.5448,14.5923],[108.5472,14.5894],[108.5531,14.5913],[108.5551,14.5933],[108.5571,14.5941],[108.564,14.594],[108.5659,14.5934],[108.5689,14.594],[108.5707,14.5936],[108.5719,14.5926],[108.5719,14.59],[108.5736,14.5891],[108.5747,14.5874],[108.5789,14.5867],[108.5795,14.5869],[108.5809,14.5911],[108.583,14.5894],[108.5838,14.5895],[108.5861,14.5909],[108.5881,14.5933],[108.5897,14.5922],[108.59,14.5932],[108.5914,14.5944],[108.593,14.5945],[108.5937,14.5959],[108.5948,14.596],[108.5963,14.5953],[108.6014,14.5983],[108.6016,14.5991],[108.5988,14.6032],[108.6005,14.604],[108.6006,14.6052],[108.6024,14.6057],[108.6034,14.6079],[108.6049,14.608],[108.6057,14.6099],[108.6045,14.6111],[108.6047,14.6138],[108.6042,14.615],[108.6025,14.616],[108.6024,14.6177],[108.6033,14.6185],[108.6019,14.6204],[108.6011,14.6226],[108.6045,14.6256],[108.6052,14.6273],[108.6079,14.6286],[108.61,14.6282],[108.6112,14.6292],[108.6127,14.6338],[108.6102,14.6408],[108.6093,14.6423],[108.6121,14.645],[108.6126,14.6461],[108.6134,14.6482],[108.6128,14.6496],[108.6138,14.6537],[108.6134,14.6555],[108.6075,14.6615],[108.6057,14.6626],[108.6072,14.6706],[108.6054,14.6757]]]},"properties":{"code":"21538","name":"Ba Xa","nameEn":"Ba Xa","fullName":"Xã Ba Xa","fullNameEn":"Ba Xa Commune","codeName":"ba_xa","postalCode":"54223","postalCodePrefix":"","gisServerId":"diaphanhanhchinhcapxa_2025.1789","areaKm2":102.79},"id":"21538"},
{"type":"Feature","geometry":{"type":"MultiPolygon","coordinates":[[[[109.1148,15.3916],[109.1122,15.3919],[109.099,15.3896],[109.0964,15.3852],[109.0938,15.3842],[109.096,15.3798],[109.0971,15.3748],[109.0978,15.3747],[109.1002,15.3757],[109.1071,15.3736],[109.1144,15.3725],[109.116,15.3703],[109.1182,15.3696],[109.1191,15.3699],[109.1194,15.3692],[109.1225,15.3696],[109.1253,15.3707],[109.1277,15.3725],[109.1296,15.3751],[109.1319,15.3758],[109.1348,15.3779],[109.137,15.3773],[109.1407,15.3777],[109.1409,15.3789],[109.1398,15.3804],[109.1397,15.382],[109.1405,15.3836],[109.1425,15.3847],[109.1459,15.3802],[109.1457,15.3797],[109.1474,15.3797],[109.1474,15.3802],[109.1463,15.3802],[109.1428,15.3849],[109.1433,15.3857],[109.1429,15.3873],[109.1416,15.3886],[109.1383,15.388],[109.1362,15.3881],[109.1319,15.389],[109.1284,15.3909],[109.1251,15.3911],[109.1219,15.3897],[109.1181,15.3915],[109.1148,15.3916]]],[[[109.0839,15.433],[109.0822,15.4333],[109.0794,15.4319],[109.0786,15.432],[109.0773,15.4304],[109.0775,15.4272],[109.0784,15.4267],[109.0826,15.4265],[109.0841,15.4268],[109.0858,15.4278],[109.0867,15.4292],[109.087,15.4321],[109.0854,15.4331],[109.0839,15.433]]]]},"properties":{"code":"21548","name":"Lý Sơn","nameEn":"Ly Son","fullName":"Đặc khu Lý Sơn","fullNameEn":"Ly Son Special administrative region","codeName":"ly_son","postalCode":"54409","postalCodePrefix":"","gisServerId":"diaphanhanhchinhcapxa_2025.3290","areaKm2":10.4},"id":"21548"},
{"type":"Feature","geometry":{"type":"Polygon","coordinates":[[[107.9784,14.4325],[107.9834,14.4268],[107.9862,14.4271],[107.9906,14.4165],[107.9919,14.41],[107.9898,14.407],[107.9872,14.3998],[107.986,14.39],[107.9818,14.3846],[107.9815,14.3873],[107.9787,14.3918],[107.9745,14.3918],[107.9683,14.395],[107.9596,14.3913],[107.9596,14.3869],[107.9608,14.3827],[107.9611,14.3816],[107.9617,14.3776],[107.9622,14.3774],[107.9625,14.376],[107.9625,14.3691],[107.9633,14.3682],[107.9629,14.3676],[107.9634,14.3671],[107.966,14.3669],[107.9662,14.3679],[107.9675,14.3677],[107.9679,14.3684],[107.969,14.3685],[107.9694,14.3689],[107.9695,14.3708],[107.9705,14.3713],[107.9718,14.371],[107.9727,14.3696],[107.9738,14.371],[107.9753,14.3716],[107.9763,14.3708],[107.9773,14.3716],[107.9888,14.3676],[107.9898,14.3687],[107.9897,14.3706],[107.9908,14.3712],[107.9998,14.363],[107.9998,14.3622],[108.0096,14.3623],[108.0099,14.3643],[108.0087,14.3643],[108.0086,14.37],[108.009,14.3788],[108.0096,14.3814],[108.0181,14.3828],[108.0199,14.3827],[108.02,14.3831],[108.0199,14.3841],[108.0187,14.3856],[108.0175,14.388],[108.018,14.3886],[108.0175,14.3896],[108.0179,14.3909],[108.0176,14.3916],[108.0185,14.3941],[108.0195,14.395],[108.0184,14.3975],[108.0231,14.401],[108.0242,14.4012],[108.0262,14.4025],[108.0272,14.4042],[108.0287,14.4042],[108.0292,14.4053],[108.0322,14.404],[108.0336,14.4046],[108.036,14.4041],[108.0362,14.4057],[108.0477,14.4053],[108.0482,14.4059],[108.0499,14.4059],[108.0503,14.4066],[108.0508,14.4063],[108.0513,14.4069],[108.0516,14.4059],[108.0532,14.4061],[108.0531,14.4067],[108.0561,14.4074],[108.0563,14.4083],[108.0577,14.4084],[108.0588,14.4079],[108.0596,14.4067],[108.0605,14.4069],[108.0612,14.4064],[108.0621,14.4068],[108.0625,14.4058],[108.0643,14.4058],[108.0662,14.4036],[108.0681,14.4037],[108.0715,14.4007],[108.0715,14.4],[108.0727,14.3982],[108.0749,14.3988],[108.0765,14.3986],[108.0791,14.397],[108.0808,14.3974],[108.0819,14.3969],[108.0819,14.3993],[108.0827,14.4008],[108.0827,14.4026],[108.0815,14.4039],[108.0795,14.4048],[108.0809,14.41],[108.0808,14.413],[108.0815,14.4148],[108.0806,14.4159],[108.0802,14.4176],[108.0803,14.4202],[108.0813,14.4223],[108.0806,14.4233],[108.0689,14.4159],[108.0635,14.4192],[108.06,14.4236],[108.0562,14.4301],[108.0442,14.4352],[108.0341,14.4343],[108.032,14.435],[108.0298,14.438],[108.0287,14.4404],[108.0267,14.4426],[108.0257,14.443],[108.0223,14.4483],[108.0217,14.4502],[108.0205,14.4511],[108.0197,14.4529],[108.0187,14.4537],[108.0179,14.452],[108.0142,14.4522],[108.0117,14.4496],[108.0097,14.451],[108.0087,14.4504],[108.0077,14.4506],[108.0064,14.4524],[108.0051,14.4533],[108.0063,14.4509],[108.006,14.4493],[108.0065,14.4472],[108.005,14.4483],[108.004,14.4483],[108.0024,14.4478],[108.002,14.4467],[108.0005,14.4468],[107.9995,14.4474],[107.9986,14.4462],[107.9961,14.4479],[107.9954,14.4464],[107.9941,14.4474],[107.9929,14.4474],[107.9925,14.4466],[107.9944,14.4456],[107.9948,14.4447],[107.9935,14.442],[107.9952,14.4404],[107.9943,14.4398],[107.9943,14.4393],[107.9959,14.4378],[107.9964,14.4359],[107.9953,14.4356],[107.9937,14.4374],[107.9906,14.4373],[107.9881,14.4383],[107.9871,14.4376],[107.984,14.4379],[107.9828,14.4342],[107.9784,14.4325]]]},"properties":{"code":"23284","name":"Đăk Cấm","nameEn":"Dak Cam","fullName":"Phường Đăk Cấm","fullNameEn":"Dak Cam Ward","codeName":"dak_cam","postalCode":"60118","postalCodePrefix":"","gisServerId":"diaphanhanhchinhcapxa_2025.1731","areaKm2":66.33},"id":"23284"},
{"type":"Feature","geometry":{"type":"Polygon","coordinates":[[[108.0031,14.3378],[108.0055,14.3301],[108.0077,14.3267],[108.0114,14.3259],[108.0155,14.3263],[108.0193,14.3273],[108.0218,14.3297],[108.0211,14.3314],[108.0194,14.3328],[108.0181,14.3352],[108.0181,14.3374],[108.0188,14.339],[108.0202,14.3398],[108.0256,14.3407],[108.0299,14.3446],[108.0406,14.3503],[108.0421,14.3513],[108.0434,14.3531],[108.0432,14.3544],[108.0416,14.3563],[108.0396,14.3566],[108.0323,14.3559],[108.0304,14.3568],[108.0284,14.3587],[108.027,14.3626],[108.0276,14.3641],[108.0294,14.3656],[108.0284,14.3666],[108.0282,14.368],[108.0285,14.3704],[108.0296,14.3704],[108.0289,14.3712],[108.0291,14.3725],[108.0286,14.3727],[108.0296,14.3759],[108.0275,14.3784],[108.0239,14.3788],[108.0221,14.381],[108.023,14.3823],[108.0226,14.383],[108.02,14.3831],[108.0199,14.3827],[108.0181,14.3828],[108.0096,14.3814],[108.009,14.3788],[108.0086,14.37],[108.0087,14.3643],[108.0099,14.3643],[108.0096,14.3623],[107.9998,14.3622],[107.9998,14.363],[107.9908,14.3712],[107.9897,14.3706],[107.9898,14.3687],[107.9888,14.3676],[107.9884,14.3634],[107.9887,14.3628],[107.9886,14.3621],[107.9879,14.3618],[107.9891,14.3587],[107.9888,14.358],[107.9892,14.3565],[107.99,14.356],[107.99,14.3549],[107.9874,14.3512],[107.9868,14.3497],[107.9869,14.3462],[107.9885,14.3427],[107.9897,14.342],[107.991,14.342],[107.9957,14.3445],[107.9998,14.3448],[108.002,14.3433],[108.0031,14.3378]]]},"properties":{"code":"23293","name":"Kon Tum","nameEn":"Kon Tum","fullName":"Phường Kon Tum","fullNameEn":"Kon Tum Ward","codeName":"kon_tum","postalCode":"60127","postalCodePrefix":"","gisServerId":"diaphanhanhchinhcapxa_2025.1730","areaKm2":19.14},"id":"23293"},
{"type":"Feature","geometry":{"type":"Polygon","coordinates":[[[108.0031,14.3378],[108.002,14.3433],[107.9998,14.3448],[107.9957,14.3445],[107.991,14.342],[107.9897,14.342],[107.9885,14.3427],[107.9869,14.3462],[107.9868,14.3497],[107.9874,14.3512],[107.99,14.3549],[107.99,14.356],[107.9892,14.3565],[107.9795,14.3534],[107.9765,14.3538],[107.9703,14.3535],[107.9698,14.35],[107.9702,14.3471],[107.9724,14.3451],[107.9732,14.3451],[107.9754,14.344],[107.9754,14.3435],[107.974,14.3426],[107.9739,14.3412],[107.979,14.3391],[107.9794,14.3384],[107.9782,14.3362],[107.9787,14.3349],[107.9784,14.3341],[107.981,14.3326],[107.9807,14.3299],[107.9793,14.329],[107.9779,14.3263],[107.977,14.3264],[107.9763,14.3255],[107.9773,14.3252],[107.9762,14.3235],[107.9766,14.3231],[107.9767,14.3196],[107.9782,14.3193],[107.978,14.3183],[107.9796,14.3166],[107.9805,14.3141],[107.9818,14.3121],[107.9819,14.3108],[107.9817,14.3096],[107.9799,14.3096],[107.9795,14.3073],[107.9797,14.3058],[107.9781,14.3053],[107.9777,14.3031],[107.9769,14.3028],[107.9779,14.3014],[107.9776,14.2996],[107.9765,14.2971],[107.9768,14.2947],[107.9776,14.2931],[107.9811,14.2913],[107.9836,14.291],[107.9869,14.2918],[107.9881,14.2911],[107.9889,14.2915],[107.9892,14.291],[107.9907,14.2908],[107.9925,14.2898],[107.9926,14.2907],[107.9933,14.2909],[107.9974,14.2912],[107.9981,14.2934],[107.9977,14.2953],[107.9983,14.2963],[107.9978,14.2979],[107.9989,14.3009],[107.9989,14.3029],[107.9983,14.3041],[107.9987,14.3057],[107.9976,14.3077],[107.9971,14.3099],[107.9967,14.3105],[107.9958,14.3104],[107.9954,14.3135],[107.9944,14.3149],[107.9927,14.3152],[107.9926,14.3164],[107.9932,14.3176],[107.9953,14.3171],[107.9956,14.3177],[107.996,14.3169],[107.9975,14.317],[107.9962,14.319],[107.9984,14.3206],[107.9985,14.3225],[107.9997,14.3225],[107.9993,14.3235],[107.9997,14.3241],[107.9996,14.3258],[108.0007,14.3272],[108.0009,14.3285],[108.0003,14.331],[108.0007,14.3322],[108.0004,14.3325],[108.0031,14.3378]]]},"properties":{"code":"23302","name":"Đăk Bla","nameEn":"Dak Bla","fullName":"Phường Đăk Bla","fullNameEn":"Dak Bla Ward","codeName":"dak_bla","postalCode":"60128","postalCodePrefix":"","gisServerId":"diaphanhanhchinhcapxa_2025.551","areaKm2":14.99},"id":"23302"},
{"type":"Feature","geometry":{"type":"Polygon","coordinates":[[[107.9784,14.4325],[107.9738,14.4292],[107.9686,14.4264],[107.968,14.4228],[107.9627,14.4177],[107.9607,14.4132],[107.9556,14.4076],[107.9534,14.4053],[107.9485,14.4019],[107.9486,14.3974],[107.9314,14.4001],[107.9281,14.4038],[107.9259,14.4048],[107.9246,14.4047],[107.9251,14.407],[107.9236,14.4103],[107.9249,14.4104],[107.9242,14.4119],[107.9234,14.4125],[107.9241,14.414],[107.9199,14.4145],[107.9184,14.4162],[107.9175,14.4163],[107.917,14.4175],[107.9153,14.4183],[107.9155,14.4226],[107.9152,14.423],[107.9144,14.4229],[107.9144,14.4247],[107.9058,14.4276],[107.9052,14.4269],[107.9,14.4265],[107.8951,14.4275],[107.8929,14.4286],[107.8815,14.4253],[107.8817,14.4354],[107.8794,14.4367],[107.8756,14.4262],[107.8744,14.4245],[107.8717,14.4251],[107.8687,14.4246],[107.868,14.4236],[107.8681,14.4215],[107.8676,14.42],[107.8642,14.4132],[107.8627,14.401],[107.8617,14.397],[107.8621,14.3959],[107.8651,14.3947],[107.8669,14.3927],[107.8696,14.3923],[107.8712,14.3911],[107.8712,14.3896],[107.8698,14.3864],[107.8701,14.3804],[107.8751,14.3702],[107.8787,14.3649],[107.8811,14.3678],[107.8856,14.3707],[107.8873,14.3707],[107.8881,14.3699],[107.8891,14.3668],[107.8912,14.3665],[107.8921,14.3667],[107.8928,14.3677],[107.8959,14.3699],[107.8991,14.371],[107.9019,14.3715],[107.9062,14.3698],[107.907,14.368],[107.9081,14.3628],[107.9097,14.361],[107.9244,14.3549],[107.9254,14.3554],[107.9268,14.3571],[107.9286,14.3641],[107.9316,14.37],[107.9346,14.374],[107.9364,14.3742],[107.9383,14.3734],[107.9424,14.37],[107.9464,14.3682],[107.9498,14.3658],[107.9522,14.3585],[107.9538,14.3559],[107.9553,14.3567],[107.9567,14.3631],[107.9577,14.3637],[107.9625,14.3641],[107.965,14.3623],[107.9651,14.3572],[107.9658,14.3552],[107.9677,14.354],[107.9703,14.3535],[107.9765,14.3538],[107.9795,14.3534],[107.9892,14.3565],[107.9888,14.358],[107.9891,14.3587],[107.9879,14.3618],[107.9886,14.3621],[107.9887,14.3628],[107.9884,14.3634],[107.9888,14.3676],[107.9773,14.3716],[107.9763,14.3708],[107.9753,14.3716],[107.9738,14.371],[107.9727,14.3696],[107.9718,14.371],[107.9705,14.3713],[107.9695,14.3708],[107.9694,14.3689],[107.969,14.3685],[107.9679,14.3684],[107.9675,14.3677],[107.9662,14.3679],[107.966,14.3669],[107.9634,14.3671],[107.9629,14.3676],[107.9633,14.3682],[107.9625,14.3691],[107.9625,14.376],[107.9622,14.3774],[107.9617,14.3776],[107.9611,14.3816],[107.9608,14.3827],[107.9596,14.3869],[107.9596,14.3913],[107.9683,14.395],[107.9745,14.3918],[107.9787,14.3918],[107.9815,14.3873],[107.9818,14.3846],[107.986,14.39],[107.9872,14.3998],[107.9898,14.407],[107.9919,14.41],[107.9906,14.4165],[107.9862,14.4271],[107.9834,14.4268],[107.9784,14.4325]]]},"properties":{"code":"23317","name":"Ngọk Bay","nameEn":"Ngok Bay","fullName":"Xã Ngọk Bay","fullNameEn":"Ngok Bay Commune","codeName":"ngok_bay","postalCode":"60120","postalCodePrefix":"","gisServerId":"diaphanhanhchinhcapxa_2025.552","areaKm2":62.09},"id":"23317"},
{"type":"Feature","geometry":{"type":"Polygon","coordinates":[[[107.8453,14.2713],[107.8504,14.2722],[107.8517,14.2734],[107.8528,14.2758],[107.8608,14.2733],[107.8678,14.277],[107.873,14.2757],[107.8742,14.2791],[107.8759,14.2809],[107.8767,14.283],[107.8773,14.2791],[107.8783,14.2768],[107.8792,14.2763],[107.8786,14.2749],[107.8807,14.2737],[107.8876,14.2717],[107.8889,14.2721],[107.8912,14.2742],[107.8923,14.2731],[107.8945,14.2738],[107.8958,14.2732],[107.9047,14.2648],[107.9047,14.263],[107.9072,14.2634],[107.9105,14.2614],[107.914,14.2612],[107.9158,14.2617],[107.9176,14.258],[107.9207,14.2573],[107.9222,14.2555],[107.9232,14.2528],[107.9268,14.2497],[107.9277,14.2483],[107.9281,14.2461],[107.9315,14.2419],[107.9358,14.2512],[107.9365,14.2537],[107.9419,14.2603],[107.9406,14.2612],[107.9409,14.2615],[107.9367,14.264],[107.9393,14.2679],[107.9352,14.2702],[107.9395,14.2738],[107.9396,14.2783],[107.9487,14.2783],[107.9477,14.2826],[107.949,14.284],[107.9483,14.2853],[107.9511,14.2887],[107.9523,14.2889],[107.9541,14.2899],[107.954,14.2916],[107.9549,14.2922],[107.9541,14.2992],[107.9545,14.3012],[107.9543,14.3027],[107.9548,14.3027],[107.9547,14.3047],[107.9553,14.3051],[107.9542,14.3059],[107.9545,14.3069],[107.9529,14.3071],[107.953,14.3089],[107.9522,14.3088],[107.9522,14.3094],[107.9512,14.31],[107.9517,14.311],[107.9502,14.311],[107.9499,14.3116],[107.952,14.3119],[107.9565,14.3112],[107.9598,14.3147],[107.9612,14.3147],[107.9612,14.3154],[107.963,14.3162],[107.9632,14.3169],[107.9646,14.3179],[107.9679,14.3195],[107.9684,14.3208],[107.9682,14.3224],[107.9702,14.3238],[107.9744,14.3251],[107.9753,14.3262],[107.9758,14.3259],[107.977,14.3264],[107.9779,14.3263],[107.9793,14.329],[107.9807,14.3299],[107.981,14.3326],[107.9784,14.3341],[107.9787,14.3349],[107.9782,14.3362],[107.9794,14.3384],[107.979,14.3391],[107.9739,14.3412],[107.974,14.3426],[107.9754,14.3435],[107.9754,14.344],[107.9732,14.3451],[107.9724,14.3451],[107.9702,14.3471],[107.9698,14.35],[107.9703,14.3535],[107.9677,14.354],[107.9658,14.3552],[107.9651,14.3572],[107.965,14.3623],[107.9625,14.3641],[107.9577,14.3637],[107.9567,14.3631],[107.9553,14.3567],[107.9538,14.3559],[107.9522,14.3585],[107.9498,14.3658],[107.9464,14.3682],[107.9424,14.37],[107.9383,14.3734],[107.9364,14.3742],[107.9346,14.374],[107.9316,14.37],[107.9286,14.3641],[107.9268,14.3571],[107.9254,14.3554],[107.9244,14.3549],[107.9097,14.361],[107.9081,14.3628],[107.907,14.368],[107.9062,14.3698],[107.9019,14.3715],[107.8991,14.371],[107.8959,14.3699],[107.8928,14.3677],[107.8921,14.3667],[107.8912,14.3665],[107.8891,14.3668],[107.8881,14.3699],[107.8873,14.3707],[107.8856,14.3707],[107.8811,14.3678],[107.8787,14.3649],[107.8802,14.3629],[107.8832,14.3611],[107.8835,14.3589],[107.8817,14.3541],[107.8795,14.3509],[107.8785,14.3442],[107.8751,14.3399],[107.8737,14.3362],[107.8706,14.3344],[107.8666,14.3311],[107.8606,14.3249],[107.858,14.3214],[107.856,14.3164],[107.8518,14.3131],[107.8511,14.3118],[107.856,14.3059],[107.8571,14.3026],[107.8569,14.2991],[107.8549,14.2953],[107.8545,14.2937],[107.8534,14.2826],[107.8453,14.2713]]]},"properties":{"code":"23326","name":"Ia Chim","nameEn":"Ia Chim","fullName":"Xã Ia Chim","fullNameEn":"Ia Chim Commune","codeName":"ia_chim","postalCode":"60124","postalCodePrefix":"","gisServerId":"diaphanhanhchinhcapxa_2025.553","areaKm2":115.49},"id":"23326"},
{"type":"Feature","geometry":{"type":"Polygon","coordinates":[[[107.9315,14.2419],[107.9314,14.2412],[107.9321,14.2404],[107.9331,14.2407],[107.9376,14.2392],[107.9403,14.2393],[107.9413,14.2397],[107.9431,14.2392],[107.9437,14.2393],[107.9446,14.2411],[107.9464,14.2427],[107.9493,14.2425],[107.953,14.2363],[107.9551,14.2309],[107.9569,14.2297],[107.9583,14.2295],[107.9593,14.2282],[107.9613,14.2274],[107.9678,14.2324],[107.968,14.2336],[107.9701,14.2347],[107.9704,14.2358],[107.9715,14.2359],[107.974,14.2382],[107.9749,14.238],[107.977,14.2394],[107.9778,14.2394],[107.9779,14.2414],[107.9798,14.2421],[107.9799,14.243],[107.9821,14.2448],[107.9834,14.2444],[107.9866,14.2452],[107.9887,14.244],[107.9922,14.2455],[107.9929,14.2449],[107.9956,14.245],[107.9981,14.2443],[107.9999,14.245],[108.0018,14.2444],[108.0046,14.2426],[108.0072,14.2399],[108.0081,14.2396],[108.0101,14.2396],[108.0115,14.2408],[108.0151,14.2407],[108.015,14.2419],[108.0155,14.2439],[108.0167,14.2445],[108.0171,14.246],[108.0167,14.2496],[108.0194,14.2511],[108.0215,14.2528],[108.0221,14.2543],[108.0246,14.2562],[108.0245,14.2568],[108.0276,14.2604],[108.0299,14.2642],[108.0311,14.265],[108.0307,14.2663],[108.0333,14.2673],[108.0341,14.2689],[108.0348,14.2741],[108.037,14.2746],[108.0401,14.2774],[108.0433,14.2769],[108.0456,14.2731],[108.0494,14.2732],[108.0529,14.2696],[108.054,14.2673],[108.0552,14.2663],[108.057,14.2654],[108.0595,14.2658],[108.0603,14.2654],[108.0588,14.2687],[108.0599,14.2707],[108.0615,14.2716],[108.0626,14.2729],[108.0629,14.2736],[108.0626,14.2752],[108.0646,14.2758],[108.0648,14.2765],[108.0666,14.2777],[108.066,14.2812],[108.0685,14.2838],[108.0669,14.2855],[108.067,14.2872],[108.0682,14.2879],[108.0677,14.289],[108.0705,14.2933],[108.0721,14.2946],[108.072,14.2965],[108.0704,14.2986],[108.0734,14.3009],[108.0722,14.3038],[108.0737,14.3066],[108.0747,14.3076],[108.0758,14.3075],[108.0775,14.309],[108.0815,14.3102],[108.0818,14.3107],[108.0811,14.3119],[108.081,14.3136],[108.0848,14.3133],[108.0882,14.3152],[108.0881,14.3167],[108.0873,14.3174],[108.0883,14.3206],[108.0883,14.3228],[108.0877,14.324],[108.0866,14.3249],[108.0815,14.3266],[108.0794,14.328],[108.0781,14.3299],[108.078,14.331],[108.0787,14.3326],[108.0801,14.3338],[108.0818,14.3343],[108.0828,14.3362],[108.0828,14.3384],[108.0853,14.3393],[108.0863,14.3407],[108.0861,14.3615],[108.0867,14.371],[108.0848,14.3731],[108.0847,14.375],[108.0836,14.3764],[108.0838,14.3781],[108.0849,14.3799],[108.0841,14.3815],[108.0845,14.3836],[108.08,14.3859],[108.0796,14.3879],[108.0785,14.3886],[108.0775,14.3903],[108.0819,14.3969],[108.0808,14.3974],[108.0791,14.397],[108.0765,14.3986],[108.0749,14.3988],[108.0727,14.3982],[108.0715,14.4],[108.0715,14.4007],[108.0681,14.4037],[108.0662,14.4036],[108.0643,14.4058],[108.0625,14.4058],[108.0621,14.4068],[108.0612,14.4064],[108.0605,14.4069],[108.0596,14.4067],[108.0588,14.4079],[108.0577,14.4084],[108.0563,14.4083],[108.0561,14.4074],[108.0531,14.4067],[108.0532,14.4061],[108.0516,14.4059],[108.0513,14.4069],[108.0508,14.4063],[108.0503,14.4066],[108.0499,14.4059],[108.0482,14.4059],[108.0477,14.4053],[108.0362,14.4057],[108.036,14.4041],[108.0336,14.4046],[108.0322,14.404],[108.0292,14.4053],[108.0287,14.4042],[108.0272,14.4042],[108.0262,14.4025],[108.0242,14.4012],[108.0231,14.401],[108.0184,14.3975],[108.0195,14.395],[108.0185,14.3941],[108.0176,14.3916],[108.0179,14.3909],[108.0175,14.3896],[108.018,14.3886],[108.0175,14.388],[108.0187,14.3856],[108.0199,14.3841],[108.02,14.3831],[108.0226,14.383],[108.023,14.3823],[108.0221,14.381],[108.0239,14.3788],[108.0275,14.3784],[108.0296,14.3759],[108.0286,14.3727],[108.0291,14.3725],[108.0289,14.3712],[108.0296,14.3704],[108.0285,14.3704],[108.0282,14.368],[108.0284,14.3666],[108.0294,14.3656],[108.0276,14.3641],[108.027,14.3626],[108.0284,14.3587],[108.0304,14.3568],[108.0323,14.3559],[108.0396,14.3566],[108.0416,14.3563],[108.0432,14.3544],[108.0434,14.3531],[108.0421,14.3513],[108.0406,14.3503],[108.0299,14.3446],[108.0256,14.3407],[108.0202,14.3398],[108.0188,14.339],[108.0181,14.3374],[108.0181,14.3352],[108.0194,14.3328],[108.0211,14.3314],[108.0218,14.3297],[108.0193,14.3273],[108.0155,14.3263],[108.0114,14.3259],[108.0077,14.3267],[108.0055,14.3301],[108.0031,14.3378],[108.0004,14.3325],[108.0007,14.3322],[108.0003,14.331],[108.0009,14.3285],[108.0007,14.3272],[107.9996,14.3258],[107.9997,14.3241],[107.9993,14.3235],[107.9997,14.3225],[107.9985,14.3225],[107.9984,14.3206],[107.9962,14.319],[107.9975,14.317],[107.996,14.3169],[107.9956,14.3177],[107.9953,14.3171],[107.9932,14.3176],[107.9926,14.3164],[107.9927,14.3152],[107.9944,14.3149],[107.9954,14.3135],[107.9958,14.3104],[107.9967,14.3105],[107.9971,14.3099],[107.9976,14.3077],[107.9987,14.3057],[107.9983,14.3041],[107.9989,14.3029],[107.9989,14.3009],[107.9978,14.2979],[107.9983,14.2963],[107.9977,14.2953],[107.9981,14.2934],[107.9974,14.2912],[107.9933,14.2909],[107.9926,14.2907],[107.9925,14.2898],[107.9907,14.2908],[107.9892,14.291],[107.9889,14.2915],[107.9881,14.2911],[107.9869,14.2918],[107.9836,14.291],[107.9811,14.2913],[107.9776,14.2931],[107.9768,14.2947],[107.9765,14.2971],[107.9776,14.2996],[107.9779,14.3014],[107.9769,14.3028],[107.9777,14.3031],[107.9781,14.3053],[107.9797,14.3058],[107.9795,14.3073],[107.9799,14.3096],[107.9817,14.3096],[107.9819,14.3108],[107.9818,14.3121],[107.9805,14.3141],[107.9796,14.3166],[107.978,14.3183],[107.9782,14.3193],[107.9767,14.3196],[107.9766,14.3231],[107.9762,14.3235],[107.9773,14.3252],[107.9763,14.3255],[107.977,14.3264],[107.9758,14.3259],[107.9753,14.3262],[107.9744,14.3251],[107.9702,14.3238],[107.9682,14.3224],[107.9684,14.3208],[107.9679,14.3195],[107.9646,14.3179],[107.9632,14.3169],[107.963,14.3162],[107.9612,14.3154],[107.9612,14.3147],[107.9598,14.3147],[107.9565,14.3112],[107.952,14.3119],[107.9499,14.3116],[107.9502,14.311],[107.9517,14.311],[107.9512,14.31],[107.9522,14.3094],[107.9522,14.3088],[107.953,14.3089],[107.9529,14.3071],[107.9545,14.3069],[107.9542,14.3059],[107.9553,14.3051],[107.9547,14.3047],[107.9548,14.3027],[107.9543,14.3027],[107.9545,14.3012],[107.9541,14.2992],[107.9549,14.2922],[107.954,14.2916],[107.9541,14.2899],[107.9523,14.2889],[107.9511,14.2887],[107.9483,14.2853],[107.949,14.284],[107.9477,14.2826],[107.9487,14.2783],[107.9396,14.2783],[107.9395,14.2738],[107.9352,14.2702],[107.9393,14.2679],[107.9367,14.264],[107.9409,14.2615],[107.9406,14.2612],[107.9419,14.2603],[107.9365,14.2537],[107.9358,14.2512],[107.9315,14.2419]]]},"properties":{"code":"23332","name":"Đăk Rơ Wa","nameEn":"Dak Ro Wa","fullName":"Xã Đăk Rơ Wa","fullNameEn":"Dak Ro Wa Commune","codeName":"dak_ro_wa","postalCode":"60116","postalCodePrefix":"","gisServerId":"diaphanhanhchinhcapxa_2025.554","areaKm2":157.98},"id":"23332"},
{"type":"Feature","geometry":{"type":"Polygon","coordinates":[[[107.777,15.1285],[107.7527,15.1408],[107.7469,15.1369],[107.7447,15.139],[107.7432,15.1394],[107.7421,15.1411],[107.7402,15.1465],[107.7403,15.1487],[107.7385,15.1512],[107.7393,15.154],[107.7387,15.1558],[107.7341,15.1568],[107.7333,15.1576],[107.7283,15.1549],[107.7294,15.1537],[107.7297,15.1516],[107.7292,15.1508],[107.7282,15.1505],[107.7264,15.1507],[107.7232,15.1526],[107.7218,15.1522],[107.7207,15.1526],[107.7197,15.1518],[107.719,15.153],[107.7176,15.1531],[107.7154,15.1523],[107.7145,15.1537],[107.7148,15.1549],[107.7126,15.1558],[107.7121,15.1568],[107.7105,15.1574],[107.7067,15.1556],[107.7064,15.1543],[107.7055,15.153],[107.7055,15.1506],[107.705,15.1496],[107.7053,15.1478],[107.7033,15.1473],[107.7027,15.1457],[107.7007,15.1454],[107.7002,15.1459],[107.6988,15.1458],[107.6964,15.1429],[107.6941,15.1418],[107.6937,15.1402],[107.6926,15.1393],[107.6914,15.1385],[107.6894,15.1383],[107.6869,15.1372],[107.6862,15.1319],[107.6844,15.1312],[107.684,15.1301],[107.683,15.1296],[107.6826,15.1254],[107.6798,15.1245],[107.6808,15.1228],[107.6811,15.1191],[107.6778,15.1162],[107.6779,15.1152],[107.676,15.1128],[107.6765,15.1122],[107.6764,15.1105],[107.6774,15.1093],[107.6797,15.1087],[107.6816,15.1072],[107.6816,15.1058],[107.6808,15.104],[107.6815,15.1031],[107.682,15.1009],[107.6832,15.0993],[107.6833,15.0964],[107.6855,15.0933],[107.6861,15.0895],[107.688,15.0889],[107.687,15.0883],[107.6868,15.0856],[107.6862,15.0846],[107.6865,15.0829],[107.6854,15.0816],[107.6846,15.0774],[107.6849,15.0752],[107.6856,15.0739],[107.6856,15.0718],[107.684,15.0701],[107.6875,15.065],[107.6875,15.0635],[107.6887,15.0609],[107.6885,15.0593],[107.69,15.0562],[107.6896,15.0526],[107.6876,15.0497],[107.6874,15.0479],[107.6884,15.0467],[107.6898,15.0468],[107.6901,15.0464],[107.6894,15.0453],[107.6888,15.0452],[107.6886,15.0439],[107.6871,15.0437],[107.6865,15.0423],[107.6876,15.0394],[107.6875,15.0381],[107.6889,15.0364],[107.688,15.0348],[107.6901,15.0356],[107.6908,15.0349],[107.6922,15.035],[107.6932,15.0359],[107.6943,15.036],[107.6973,15.035],[107.6974,15.0328],[107.6991,15.0325],[107.7015,15.0333],[107.7017,15.0313],[107.7033,15.0312],[107.7042,15.0305],[107.7045,15.0295],[107.7058,15.0284],[107.7063,15.0286],[107.7073,15.0267],[107.7073,15.0258],[107.7095,15.0245],[107.7109,15.0222],[107.7126,15.0217],[107.7122,15.02],[107.7126,15.0196],[107.7142,15.0196],[107.7143,15.019],[107.7154,15.0189],[107.7188,15.0163],[107.7253,15.0146],[107.7282,15.0133],[107.7302,15.0147],[107.731,15.0133],[107.7325,15.0122],[107.7329,15.0097],[107.7444,14.9999],[107.7478,14.9934],[107.7492,14.992],[107.7511,14.9914],[107.7523,14.9889],[107.7511,14.9835],[107.7513,14.9829],[107.7496,14.9812],[107.75,14.9784],[107.7492,14.9746],[107.7496,14.9735],[107.7485,14.9724],[107.7491,14.9691],[107.7505,14.9677],[107.7497,14.9658],[107.7516,14.9647],[107.752,14.9639],[107.7503,14.9608],[107.7504,14.9592],[107.7482,14.954],[107.7488,14.9521],[107.7499,14.9531],[107.7503,14.9552],[107.7511,14.9552],[107.7529,14.9541],[107.7543,14.9563],[107.7548,14.9581],[107.7566,14.9592],[107.7563,14.9621],[107.7583,14.9626],[107.7593,14.9622],[107.7601,14.963],[107.7605,14.9643],[107.7603,14.9681],[107.7583,14.9683],[107.758,14.9691],[107.76,14.9706],[107.7608,14.9737],[107.7638,14.975],[107.7652,14.975],[107.7649,14.9699],[107.7664,14.9682],[107.7686,14.9676],[107.7686,14.9664],[107.769,14.9661],[107.7702,14.9675],[107.7699,14.9691],[107.7714,14.9723],[107.7729,14.9737],[107.775,14.9739],[107.7764,14.9748],[107.7776,14.9744],[107.7787,14.9725],[107.7804,14.9734],[107.7815,14.9734],[107.7845,14.9782],[107.7847,14.9815],[107.7879,14.9852],[107.7887,14.9857],[107.7901,14.9854],[107.7941,14.9858],[107.7977,14.9881],[107.7992,14.9899],[107.8022,14.991],[107.8032,14.9938],[107.8022,14.9975],[107.8036,15.0006],[107.8047,15.0016],[107.8047,15.0044],[107.8064,15.0074],[107.8064,15.0097],[107.8047,15.0133],[107.8023,15.0145],[107.8018,15.0155],[107.8008,15.0198],[107.8015,15.0241],[107.7941,15.0414],[107.7957,15.0433],[107.7977,15.0478],[107.7964,15.0495],[107.7964,15.053],[107.795,15.0544],[107.7945,15.0561],[107.7873,15.0637],[107.7867,15.0664],[107.787,15.0686],[107.7878,15.0695],[107.7886,15.0719],[107.7875,15.0742],[107.7861,15.075],[107.7864,15.0783],[107.7857,15.0796],[107.7848,15.0801],[107.7849,15.0822],[107.7862,15.0857],[107.7846,15.0931],[107.7862,15.0959],[107.786,15.0969],[107.7868,15.0987],[107.7872,15.1034],[107.7887,15.1044],[107.7882,15.1073],[107.7883,15.1118],[107.7879,15.1128],[107.7851,15.1151],[107.7845,15.1168],[107.7822,15.1193],[107.7799,15.1209],[107.7792,15.1238],[107.7774,15.1267],[107.7774,15.1281],[107.777,15.1285]]]},"properties":{"code":"23341","name":"Đăk Pék","nameEn":"Dak Pek","fullName":"Xã Đăk Pék","fullNameEn":"Dak Pek Commune","codeName":"dak_pek","postalCode":"60414","postalCodePrefix":"","gisServerId":"diaphanhanhchinhcapxa_2025.559","areaKm2":182.72},"id":"23341"},
{"type":"Feature","geometry":{"type":"Polygon","coordinates":[[[107.7745,15.2234],[107.7737,15.2257],[107.7719,15.2271],[107.7715,15.2302],[107.7718,15.2308],[107.7683,15.2333],[107.764,15.2342],[107.7609,15.2355],[107.757,15.2353],[107.7557,15.2367],[107.755,15.2366],[107.7541,15.235],[107.7516,15.2342],[107.7503,15.232],[107.7485,15.2311],[107.7472,15.2298],[107.7423,15.2303],[107.738,15.229],[107.7368,15.2308],[107.735,15.2306],[107.7337,15.2317],[107.7339,15.2347],[107.7352,15.2355],[107.736,15.2335],[107.7366,15.2334],[107.7367,15.2349],[107.7381,15.2358],[107.7391,15.2374],[107.7387,15.2379],[107.7372,15.2377],[107.7364,15.2407],[107.7353,15.2414],[107.7355,15.2454],[107.7346,15.249],[107.735,15.2502],[107.7337,15.2511],[107.7341,15.253],[107.7322,15.2537],[107.7322,15.2549],[107.7327,15.2556],[107.7319,15.2572],[107.7323,15.2581],[107.7321,15.2614],[107.7298,15.2627],[107.7298,15.2653],[107.7292,15.2671],[107.7274,15.2674],[107.727,15.2681],[107.7274,15.2689],[107.7287,15.2692],[107.7303,15.2705],[107.7301,15.2737],[107.7289,15.278],[107.7294,15.2806],[107.7283,15.2841],[107.7286,15.2865],[107.7271,15.2886],[107.7275,15.2904],[107.7282,15.2911],[107.728,15.2922],[107.7285,15.2938],[107.73,15.2959],[107.7293,15.2982],[107.7298,15.2997],[107.7285,15.3003],[107.7278,15.303],[107.7299,15.3047],[107.7313,15.3052],[107.7308,15.3061],[107.7309,15.3073],[107.7304,15.308],[107.724,15.308],[107.7238,15.3074],[107.7225,15.3071],[107.7205,15.3055],[107.714,15.3056],[107.7129,15.3047],[107.7106,15.3043],[107.7079,15.303],[107.7076,15.3039],[107.7056,15.306],[107.7049,15.3078],[107.7013,15.3118],[107.6975,15.3134],[107.6967,15.3148],[107.6929,15.3175],[107.6916,15.3248],[107.6902,15.3261],[107.6865,15.3267],[107.6845,15.3303],[107.6831,15.3309],[107.6815,15.3333],[107.6791,15.3345],[107.6792,15.34],[107.6768,15.344],[107.6743,15.3431],[107.6689,15.3455],[107.6687,15.3484],[107.6668,15.3491],[107.6629,15.3544],[107.6623,15.3573],[107.664,15.3617],[107.6636,15.3641],[107.664,15.3656],[107.6629,15.3683],[107.6607,15.3708],[107.6595,15.373],[107.6598,15.3754],[107.6614,15.3787],[107.6611,15.3804],[107.6615,15.385],[107.6604,15.3868],[107.6601,15.3885],[107.6591,15.3894],[107.6579,15.3896],[107.6578,15.3906],[107.6568,15.3913],[107.6556,15.3933],[107.6552,15.397],[107.6534,15.3986],[107.6521,15.3989],[107.6456,15.4043],[107.6425,15.406],[107.6425,15.4079],[107.6411,15.4091],[107.639,15.412],[107.6385,15.415],[107.6379,15.4157],[107.6367,15.4163],[107.6338,15.4165],[107.6326,15.4174],[107.6313,15.4175],[107.6297,15.4155],[107.6275,15.4148],[107.624,15.4145],[107.6242,15.4131],[107.622,15.4117],[107.621,15.4092],[107.6191,15.4082],[107.6174,15.4061],[107.6171,15.4045],[107.6149,15.4034],[107.6154,15.4014],[107.614,15.3993],[107.6139,15.3936],[107.6131,15.3934],[107.6112,15.3941],[107.6103,15.3925],[107.6088,15.3934],[107.608,15.3921],[107.6067,15.3913],[107.6061,15.3899],[107.6061,15.3885],[107.6034,15.3878],[107.6015,15.3864],[107.6004,15.3862],[107.5993,15.3846],[107.5973,15.3839],[107.5964,15.3831],[107.598,15.38],[107.5982,15.3777],[107.5996,15.377],[107.601,15.3754],[107.6024,15.3759],[107.604,15.3743],[107.604,15.3714],[107.6063,15.3707],[107.6093,15.3673],[107.6078,15.3658],[107.607,15.3639],[107.6058,15.3631],[107.6054,15.3597],[107.6066,15.3582],[107.6052,15.3571],[107.6054,15.356],[107.6049,15.3543],[107.6052,15.3506],[107.6066,15.3499],[107.6063,15.3459],[107.6084,15.3419],[107.6098,15.341],[107.6093,15.3374],[107.6103,15.3359],[107.6104,15.3344],[107.611,15.3341],[107.6121,15.3346],[107.6131,15.3338],[107.6151,15.3334],[107.616,15.331],[107.6168,15.3303],[107.6184,15.3308],[107.6213,15.33],[107.6224,15.3329],[107.6254,15.3329],[107.6269,15.3324],[107.6269,15.3314],[107.6263,15.3303],[107.6272,15.3285],[107.6267,15.3273],[107.6289,15.3267],[107.6295,15.325],[107.6314,15.3248],[107.6312,15.3231],[107.6328,15.3224],[107.6324,15.3213],[107.6336,15.3194],[107.635,15.3193],[107.6349,15.3179],[107.6342,15.3171],[107.6337,15.313],[107.6302,15.3105],[107.6245,15.3112],[107.6235,15.3064],[107.6223,15.305],[107.6203,15.3011],[107.6219,15.298],[107.6224,15.2952],[107.62,15.2942],[107.6188,15.2943],[107.6181,15.2926],[107.6167,15.2913],[107.6154,15.2881],[107.616,15.2851],[107.616,15.2841],[107.6155,15.2839],[107.6168,15.2812],[107.6162,15.2802],[107.6168,15.278],[107.6164,15.2762],[107.6166,15.2741],[107.6161,15.2737],[107.6163,15.2725],[107.6157,15.2711],[107.6185,15.2709],[107.6186,15.2682],[107.6205,15.2658],[107.6209,15.2631],[107.6199,15.2618],[107.6203,15.26],[107.62,15.2571],[107.6193,15.2557],[107.6197,15.2533],[107.6208,15.2518],[107.6206,15.2497],[107.6212,15.2488],[107.6199,15.2477],[107.6196,15.2458],[107.6211,15.2446],[107.6217,15.2423],[107.624,15.2399],[107.6234,15.2354],[107.6259,15.2311],[107.6276,15.2307],[107.6304,15.2316],[107.6321,15.2316],[107.6336,15.2309],[107.633,15.2297],[107.6315,15.229],[107.6305,15.2278],[107.627,15.2267],[107.6248,15.2265],[107.6233,15.2254],[107.6212,15.2268],[107.6206,15.2267],[107.6202,15.2247],[107.619,15.223],[107.6189,15.2207],[107.6197,15.2184],[107.6216,15.2172],[107.6219,15.2144],[107.6198,15.2121],[107.6187,15.2122],[107.6172,15.2133],[107.6141,15.2126],[107.613,15.2119],[107.6116,15.2121],[107.6105,15.2105],[107.6067,15.2081],[107.6048,15.2058],[107.6027,15.205],[107.6024,15.2043],[107.6007,15.2049],[107.5994,15.2063],[107.5995,15.2075],[107.5983,15.2088],[107.5971,15.2089],[107.5962,15.2109],[107.5945,15.2111],[107.594,15.2098],[107.5929,15.2101],[107.5929,15.2088],[107.5945,15.2048],[107.5933,15.2039],[107.5923,15.2051],[107.5913,15.2051],[107.5905,15.2033],[107.5887,15.2027],[107.5878,15.2013],[107.5868,15.2013],[107.5864,15.2026],[107.586,15.2027],[107.5855,15.2013],[107.583,15.2008],[107.5828,15.2002],[107.5831,15.1998],[107.5839,15.2003],[107.5847,15.1993],[107.5837,15.1988],[107.584,15.1976],[107.5832,15.197],[107.583,15.196],[107.5844,15.1967],[107.585,15.1961],[107.5869,15.1958],[107.5881,15.1968],[107.5897,15.1949],[107.5915,15.1943],[107.5932,15.1924],[107.5938,15.1905],[107.5955,15.1908],[107.5965,15.1903],[107.5962,15.1895],[107.5968,15.1886],[107.5981,15.1887],[107.5976,15.1863],[107.5983,15.1854],[107.5991,15.1854],[107.5999,15.1845],[107.6002,15.1856],[107.6012,15.1862],[107.6015,15.1846],[107.6029,15.1834],[107.603,15.182],[107.6067,15.1759],[107.6066,15.1751],[107.6074,15.1746],[107.6077,15.1735],[107.6093,15.1728],[107.6111,15.1707],[107.6117,15.1693],[107.6118,15.165],[107.6131,15.1646],[107.6144,15.1609],[107.6158,15.1591],[107.6157,15.1578],[107.6163,15.1573],[107.6166,15.1547],[107.6174,15.1545],[107.6196,15.1522],[107.623,15.1522],[107.6269,15.1494],[107.6236,15.1466],[107.6233,15.1433],[107.6256,15.1411],[107.6225,15.1353],[107.6193,15.134],[107.6182,15.1325],[107.6152,15.1326],[107.6122,15.1317],[107.61,15.1327],[107.6078,15.1328],[107.6086,15.1292],[107.6109,15.1256],[107.6127,15.1242],[107.616,15.1227],[107.6169,15.1209],[107.6189,15.1189],[107.6193,15.1172],[107.619,15.1152],[107.6218,15.1124],[107.6229,15.1101],[107.6226,15.1049],[107.6215,15.1044],[107.6171,15.1042],[107.6112,15.1002],[107.6069,15.0954],[107.6047,15.0949],[107.6036,15.093],[107.601,15.0914],[107.5996,15.0895],[107.598,15.0889],[107.5978,15.0882],[107.598,15.0872],[107.601,15.0841],[107.6023,15.0817],[107.6032,15.0777],[107.609,15.0702],[107.6093,15.0688],[107.6108,15.0667],[107.6116,15.0664],[107.6138,15.0669],[107.6149,15.0663],[107.6153,15.0617],[107.6165,15.0603],[107.6169,15.0583],[107.6181,15.0571],[107.6187,15.0553],[107.6199,15.0543],[107.6213,15.0509],[107.6213,15.0481],[107.6225,15.0463],[107.6227,15.0448],[107.6256,15.0422],[107.6271,15.0395],[107.6285,15.0391],[107.6302,15.0343],[107.6314,15.0321],[107.6316,15.0303],[107.6308,15.0288],[107.6328,15.0262],[107.6351,15.022],[107.6363,15.0215],[107.6368,15.0204],[107.6374,15.0209],[107.6381,15.02],[107.6398,15.0197],[107.642,15.0186],[107.6448,15.0192],[107.6465,15.0186],[107.6469,15.0196],[107.6486,15.021],[107.6492,15.0205],[107.6504,15.0214],[107.6515,15.0212],[107.6533,15.0224],[107.6552,15.0218],[107.6569,15.0203],[107.6623,15.0187],[107.6636,15.0186],[107.6646,15.0194],[107.6655,15.0194],[107.6682,15.0209],[107.6716,15.0192],[107.672,15.0187],[107.6729,15.0186],[107.6739,15.0207],[107.6749,15.0215],[107.6744,15.0228],[107.6746,15.0244],[107.6757,15.0246],[107.6766,15.0255],[107.679,15.0265],[107.6794,15.0273],[107.6804,15.0275],[107.6827,15.0308],[107.6856,15.0316],[107.686,15.0327],[107.6879,15.0326],[107.688,15.0348],[107.6889,15.0364],[107.6875,15.0381],[107.6876,15.0394],[107.6865,15.0423],[107.6871,15.0437],[107.6886,15.0439],[107.6888,15.0452],[107.6894,15.0453],[107.6901,15.0464],[107.6898,15.0468],[107.6884,15.0467],[107.6874,15.0479],[107.6876,15.0497],[107.6896,15.0526],[107.69,15.0562],[107.6885,15.0593],[107.6887,15.0609],[107.6875,15.0635],[107.6875,15.065],[107.684,15.0701],[107.6856,15.0718],[107.6856,15.0739],[107.6849,15.0752],[107.6846,15.0774],[107.6854,15.0816],[107.6865,15.0829],[107.6862,15.0846],[107.6868,15.0856],[107.687,15.0883],[107.688,15.0889],[107.6861,15.0895],[107.6855,15.0933],[107.6833,15.0964],[107.6832,15.0993],[107.682,15.1009],[107.6815,15.1031],[107.6808,15.104],[107.6816,15.1058],[107.6816,15.1072],[107.6797,15.1087],[107.6774,15.1093],[107.6764,15.1105],[107.6765,15.1122],[107.676,15.1128],[107.6779,15.1152],[107.6778,15.1162],[107.6811,15.1191],[107.6808,15.1228],[107.6798,15.1245],[107.6826,15.1254],[107.683,15.1296],[107.684,15.1301],[107.6844,15.1312],[107.6862,15.1319],[107.6869,15.1372],[107.6894,15.1383],[107.6914,15.1385],[107.6926,15.1393],[107.6937,15.1402],[107.6941,15.1418],[107.6964,15.1429],[107.6988,15.1458],[107.7002,15.1459],[107.7007,15.1454],[107.7027,15.1457],[107.7033,15.1473],[107.7053,15.1478],[107.705,15.1496],[107.7055,15.1506],[107.7055,15.153],[107.7064,15.1543],[107.7067,15.1556],[107.7105,15.1574],[107.7121,15.1568],[107.7126,15.1558],[107.7148,15.1549],[107.7145,15.1537],[107.7154,15.1523],[107.7176,15.1531],[107.719,15.153],[107.7197,15.1518],[107.7207,15.1526],[107.7218,15.1522],[107.7232,15.1526],[107.7264,15.1507],[107.7282,15.1505],[107.7292,15.1508],[107.7297,15.1516],[107.7294,15.1537],[107.7283,15.1549],[107.7333,15.1576],[107.7341,15.1568],[107.7387,15.1558],[107.7393,15.154],[107.7385,15.1512],[107.7403,15.1487],[107.7402,15.1465],[107.7421,15.1411],[107.7432,15.1394],[107.7447,15.139],[107.7469,15.1369],[107.7527,15.1408],[107.777,15.1285],[107.7755,15.1297],[107.7728,15.1349],[107.7707,15.1373],[107.7711,15.1387],[107.7704,15.1429],[107.7681,15.144],[107.7678,15.1446],[107.7675,15.1463],[107.7681,15.1491],[107.769,15.1502],[107.7664,15.1539],[107.7667,15.1557],[107.7663,15.1569],[107.7644,15.1579],[107.7643,15.159],[107.7659,15.1608],[107.764,15.1631],[107.7636,15.166],[107.7622,15.1677],[107.7617,15.171],[107.7635,15.173],[107.7644,15.1764],[107.7642,15.1786],[107.7648,15.1819],[107.7669,15.185],[107.7659,15.1884],[107.7668,15.1906],[107.7679,15.1912],[107.7682,15.1931],[107.7697,15.195],[107.7709,15.1953],[107.7705,15.1965],[107.7708,15.1994],[107.7695,15.2028],[107.7696,15.2054],[107.7708,15.2094],[107.7704,15.2118],[107.7723,15.2159],[107.7715,15.218],[107.7716,15.2196],[107.7725,15.2209],[107.7741,15.2218],[107.7745,15.2234]]]},"properties":{"code":"23344","name":"Đăk Plô","nameEn":"Dak Plo","fullName":"Xã Đăk Plô","fullNameEn":"Dak Plo Commune","codeName":"dak_plo","postalCode":"60412","postalCodePrefix":"","gisServerId":"diaphanhanhchinhcapxa_2025.558","areaKm2":433.41},"id":"23344"},
{"type":"Feature","geometry":{"type":"Polygon","coordinates":[[[107.8898,15.1938],[107.885,15.1965],[107.8801,15.1971],[107.879,15.1989],[107.8794,15.2004],[107.8786,15.2028],[107.8777,15.2043],[107.8759,15.2054],[107.8731,15.2098],[107.8723,15.2103],[107.8699,15.2105],[107.8671,15.2099],[107.8616,15.2106],[107.8573,15.2091],[107.8547,15.2103],[107.8509,15.2075],[107.8493,15.2074],[107.8477,15.2068],[107.8468,15.2074],[107.8424,15.2078],[107.8404,15.2089],[107.8375,15.2072],[107.835,15.2084],[107.8326,15.2081],[107.83,15.2085],[107.8266,15.2118],[107.8221,15.214],[107.8208,15.2155],[107.8193,15.2162],[107.8176,15.2159],[107.8152,15.2132],[107.8133,15.213],[107.8122,15.2136],[107.8115,15.2128],[107.809,15.2118],[107.806,15.2133],[107.8022,15.2138],[107.7998,15.2159],[107.7962,15.217],[107.794,15.217],[107.7914,15.2177],[107.7887,15.2192],[107.7857,15.2182],[107.7807,15.2191],[107.7745,15.2234],[107.7741,15.2218],[107.7725,15.2209],[107.7716,15.2196],[107.7715,15.218],[107.7723,15.2159],[107.7704,15.2118],[107.7708,15.2094],[107.7696,15.2054],[107.7695,15.2028],[107.7708,15.1994],[107.7705,15.1965],[107.7709,15.1953],[107.7697,15.195],[107.7682,15.1931],[107.7679,15.1912],[107.7668,15.1906],[107.7659,15.1884],[107.7669,15.185],[107.7648,15.1819],[107.7642,15.1786],[107.7644,15.1764],[107.7635,15.173],[107.7617,15.171],[107.7622,15.1677],[107.7636,15.166],[107.764,15.1631],[107.7659,15.1608],[107.7643,15.159],[107.7644,15.1579],[107.7663,15.1569],[107.7667,15.1557],[107.7664,15.1539],[107.769,15.1502],[107.7681,15.1491],[107.7675,15.1463],[107.7678,15.1446],[107.7681,15.144],[107.7704,15.1429],[107.7711,15.1387],[107.7707,15.1373],[107.7728,15.1349],[107.7755,15.1297],[107.777,15.1285],[107.7774,15.1281],[107.7774,15.1267],[107.7792,15.1238],[107.7799,15.1209],[107.7822,15.1193],[107.7845,15.1168],[107.7851,15.1151],[107.7879,15.1128],[107.7883,15.1118],[107.7882,15.1073],[107.7887,15.1044],[107.7872,15.1034],[107.7868,15.0987],[107.786,15.0969],[107.7862,15.0959],[107.7846,15.0931],[107.7862,15.0857],[107.7849,15.0822],[107.7848,15.0801],[107.7857,15.0796],[107.7864,15.0783],[107.7861,15.075],[107.7875,15.0742],[107.7886,15.0719],[107.7878,15.0695],[107.787,15.0686],[107.7867,15.0664],[107.7873,15.0637],[107.7945,15.0561],[107.795,15.0544],[107.7964,15.053],[107.7964,15.0495],[107.7977,15.0478],[107.7957,15.0433],[107.7941,15.0414],[107.8015,15.0241],[107.8008,15.0198],[107.8018,15.0155],[107.8023,15.0145],[107.8047,15.0133],[107.8064,15.0097],[107.8064,15.0074],[107.8111,15.0084],[107.8122,15.0074],[107.814,15.0073],[107.8153,15.0067],[107.8182,15.0042],[107.8237,15.0032],[107.8311,15.0044],[107.8345,15.0078],[107.8351,15.0092],[107.8367,15.0078],[107.8381,15.0085],[107.841,15.0129],[107.8447,15.0148],[107.8461,15.0181],[107.8473,15.0184],[107.8498,15.0185],[107.8507,15.018],[107.8537,15.0182],[107.8579,15.0167],[107.862,15.0166],[107.8631,15.017],[107.8646,15.0189],[107.8666,15.0191],[107.8682,15.0202],[107.8721,15.019],[107.8734,15.0167],[107.8751,15.0153],[107.8777,15.015],[107.8784,15.0142],[107.88,15.0165],[107.882,15.0141],[107.8825,15.014],[107.8848,15.016],[107.8849,15.0179],[107.8862,15.0197],[107.8868,15.0228],[107.8881,15.0233],[107.8892,15.0222],[107.8898,15.0222],[107.8921,15.0257],[107.8939,15.0262],[107.8928,15.0277],[107.8929,15.0283],[107.8953,15.0294],[107.8958,15.0324],[107.8969,15.0335],[107.8959,15.0351],[107.8958,15.0363],[107.8966,15.0378],[107.8971,15.0415],[107.8961,15.045],[107.8965,15.0475],[107.8951,15.0493],[107.8967,15.0529],[107.8958,15.0562],[107.8972,15.0579],[107.8954,15.0613],[107.8946,15.0639],[107.8954,15.0655],[107.8952,15.0663],[107.8898,15.0726],[107.8898,15.0745],[107.8869,15.0787],[107.8862,15.0807],[107.8873,15.0827],[107.888,15.0855],[107.8876,15.0867],[107.8901,15.0943],[107.8904,15.0971],[107.8896,15.0981],[107.8893,15.1034],[107.8906,15.1066],[107.8899,15.1079],[107.8881,15.1086],[107.8887,15.1111],[107.8884,15.1127],[107.8899,15.1132],[107.8918,15.1121],[107.8927,15.1121],[107.8936,15.1142],[107.8944,15.1148],[107.901,15.1166],[107.8943,15.1235],[107.8897,15.1236],[107.8859,15.1246],[107.8842,15.1259],[107.8831,15.1271],[107.8826,15.1287],[107.8838,15.1326],[107.8826,15.1361],[107.8835,15.137],[107.8831,15.1389],[107.8839,15.1418],[107.885,15.143],[107.8876,15.1431],[107.8888,15.1437],[107.8906,15.1462],[107.8904,15.1477],[107.8911,15.1488],[107.8926,15.1498],[107.8935,15.1513],[107.8982,15.1528],[107.9035,15.1563],[107.9076,15.1559],[107.9082,15.1583],[107.9074,15.1599],[107.9074,15.1614],[107.9099,15.1648],[107.9102,15.1669],[107.9089,15.1694],[107.907,15.1716],[107.907,15.1742],[107.906,15.177],[107.906,15.1797],[107.8993,15.1856],[107.8976,15.1863],[107.8945,15.1867],[107.8905,15.1918],[107.8898,15.1938]]]},"properties":{"code":"23356","name":"Xốp","nameEn":"Xop","fullName":"Xã Xốp","fullNameEn":"Xop Commune","codeName":"xop","postalCode":"60407","postalCodePrefix":"","gisServerId":"diaphanhanhchinhcapxa_2025.560","areaKm2":265.86},"id":"23356"},
{"type":"Feature","geometry":{"type":"Polygon","coordinates":[[[107.9568,15.0373],[107.9586,15.0381],[107.9597,15.0431],[107.9577,15.0453],[107.9535,15.0485],[107.9522,15.0508],[107.9502,15.0522],[107.9501,15.0533],[107.9531,15.0551],[107.9553,15.0586],[107.9575,15.0592],[107.9607,15.0633],[107.9648,15.0656],[107.9685,15.0658],[107.9702,15.067],[107.9715,15.0668],[107.9744,15.0689],[107.9762,15.0693],[107.9765,15.0717],[107.9753,15.0739],[107.9766,15.0765],[107.9788,15.0793],[107.9781,15.0822],[107.9796,15.0857],[107.9803,15.087],[107.9834,15.0894],[107.9834,15.0922],[107.9888,15.0958],[107.9887,15.0991],[107.9899,15.1018],[107.9912,15.1031],[107.9922,15.1052],[107.9929,15.1075],[107.993,15.1107],[107.9947,15.1121],[107.996,15.1148],[107.9976,15.1166],[108.0022,15.1188],[108.002,15.1203],[108.0027,15.1215],[108.0024,15.1222],[108.0005,15.1228],[107.9994,15.124],[107.9985,15.1259],[107.9984,15.1283],[107.9988,15.129],[108.0008,15.1301],[108.0007,15.1344],[108.0022,15.1364],[108.0025,15.1387],[108.0042,15.1405],[108.0047,15.1422],[108.0036,15.1428],[108.0021,15.1461],[108.0021,15.1471],[107.9996,15.1509],[108,15.152],[107.9999,15.1561],[107.9988,15.1569],[107.9971,15.1567],[107.9948,15.1574],[107.9915,15.1569],[107.9861,15.1595],[107.9849,15.1618],[107.983,15.1637],[107.9821,15.1662],[107.9815,15.1666],[107.9784,15.1666],[107.9735,15.1681],[107.9708,15.1678],[107.9685,15.1692],[107.9658,15.1693],[107.9627,15.1721],[107.9606,15.173],[107.9589,15.1729],[107.9558,15.1742],[107.9504,15.1751],[107.9504,15.1773],[107.9494,15.1799],[107.9498,15.1833],[107.9483,15.1866],[107.9466,15.188],[107.9444,15.1879],[107.9414,15.1901],[107.9371,15.1906],[107.9335,15.1953],[107.934,15.2],[107.9311,15.2031],[107.931,15.2074],[107.9281,15.2098],[107.9212,15.2101],[107.9144,15.2119],[107.9132,15.2095],[107.9118,15.2087],[107.9113,15.2068],[107.9089,15.206],[107.908,15.2067],[107.9056,15.2061],[107.9033,15.2065],[107.8995,15.2049],[107.8977,15.2013],[107.8945,15.1979],[107.8928,15.1949],[107.8898,15.1938],[107.8905,15.1918],[107.8945,15.1867],[107.8976,15.1863],[107.8993,15.1856],[107.906,15.1797],[107.906,15.177],[107.907,15.1742],[107.907,15.1716],[107.9089,15.1694],[107.9102,15.1669],[107.9099,15.1648],[107.9074,15.1614],[107.9074,15.1599],[107.9082,15.1583],[107.9076,15.1559],[107.9035,15.1563],[107.8982,15.1528],[107.8935,15.1513],[107.8926,15.1498],[107.8911,15.1488],[107.8904,15.1477],[107.8906,15.1462],[107.8888,15.1437],[107.8876,15.1431],[107.885,15.143],[107.8839,15.1418],[107.8831,15.1389],[107.8835,15.137],[107.8826,15.1361],[107.8838,15.1326],[107.8826,15.1287],[107.8831,15.1271],[107.8842,15.1259],[107.8859,15.1246],[107.8897,15.1236],[107.8943,15.1235],[107.901,15.1166],[107.8944,15.1148],[107.8936,15.1142],[107.8927,15.1121],[107.8918,15.1121],[107.8899,15.1132],[107.8884,15.1127],[107.8887,15.1111],[107.8881,15.1086],[107.8899,15.1079],[107.8906,15.1066],[107.8893,15.1034],[107.8896,15.0981],[107.8904,15.0971],[107.8901,15.0943],[107.8876,15.0867],[107.888,15.0855],[107.8873,15.0827],[107.8862,15.0807],[107.8869,15.0787],[107.8898,15.0745],[107.8898,15.0726],[107.8952,15.0663],[107.8954,15.0655],[107.8946,15.0639],[107.8954,15.0613],[107.8972,15.0579],[107.8958,15.0562],[107.8967,15.0529],[107.8951,15.0493],[107.8965,15.0475],[107.8961,15.045],[107.8971,15.0415],[107.8966,15.0378],[107.8958,15.0363],[107.8959,15.0351],[107.8969,15.0335],[107.8958,15.0324],[107.8953,15.0294],[107.899,15.0214],[107.9018,15.0168],[107.9037,15.0173],[107.9053,15.0169],[107.9065,15.0133],[107.9081,15.0126],[107.9081,15.0113],[107.909,15.01],[107.9095,15.0061],[107.9078,15.0052],[107.9069,15.0041],[107.9076,15.0003],[107.9063,14.9982],[107.9124,14.999],[107.916,15.0008],[107.9186,15.0031],[107.9227,15.0047],[107.9396,15.0052],[107.9433,15.0057],[107.946,15.0098],[107.9482,15.0177],[107.947,15.0198],[107.9451,15.0203],[107.9441,15.0214],[107.9446,15.0233],[107.9461,15.0233],[107.9465,15.0237],[107.9458,15.0273],[107.948,15.0299],[107.9491,15.0338],[107.9526,15.0365],[107.9568,15.0373]]]},"properties":{"code":"23365","name":"Ngọc Linh","nameEn":"Ngoc Linh","fullName":"Xã Ngọc Linh","fullNameEn":"Ngoc Linh Commune","codeName":"ngoc_linh","postalCode":"60408","postalCodePrefix":"","gisServerId":"diaphanhanhchinhcapxa_2025.557","areaKm2":180.35},"id":"23365"},
{"type":"Feature","geometry":{"type":"Polygon","coordinates":[[[107.6213,15.0509],[107.6193,15.0503],[107.6188,15.0487],[107.617,15.0476],[107.6154,15.0457],[107.6139,15.0458],[107.6129,15.0471],[107.6115,15.0478],[107.6097,15.047],[107.6077,15.0472],[107.6055,15.0456],[107.6042,15.0476],[107.6024,15.048],[107.6014,15.0491],[107.6003,15.0488],[107.5979,15.0491],[107.596,15.0512],[107.594,15.0514],[107.5928,15.0501],[107.5927,15.0491],[107.5947,15.046],[107.5923,15.0444],[107.5913,15.0423],[107.5906,15.0419],[107.5906,15.0406],[107.5894,15.0397],[107.5895,15.037],[107.5873,15.0352],[107.5881,15.0295],[107.5875,15.0287],[107.5855,15.0292],[107.5839,15.0281],[107.5801,15.0286],[107.5789,15.0283],[107.5767,15.0296],[107.5762,15.032],[107.5737,15.0332],[107.5716,15.035],[107.5693,15.0359],[107.5684,15.0347],[107.5656,15.035],[107.5636,15.0363],[107.5599,15.0399],[107.558,15.0408],[107.5562,15.0428],[107.5526,15.0449],[107.5505,15.0453],[107.5479,15.0471],[107.5456,15.0472],[107.5436,15.0488],[107.5396,15.0495],[107.5373,15.047],[107.5348,15.0464],[107.5342,15.0443],[107.5327,15.0434],[107.5321,15.0419],[107.5306,15.0406],[107.5294,15.0406],[107.5281,15.0413],[107.5244,15.0388],[107.5192,15.0385],[107.5199,15.0351],[107.5176,15.0342],[107.5158,15.0325],[107.5155,15.03],[107.5121,15.0288],[107.5074,15.0259],[107.505,15.0253],[107.5031,15.024],[107.5011,15.0216],[107.4994,15.0214],[107.4974,15.0201],[107.4959,15.0199],[107.4929,15.0228],[107.4928,15.0244],[107.4918,15.0237],[107.4899,15.0237],[107.4876,15.0229],[107.4851,15.0233],[107.4832,15.0223],[107.4814,15.0226],[107.4786,15.0222],[107.4773,15.0209],[107.4754,15.0211],[107.4738,15.0197],[107.4726,15.0196],[107.4729,15.0184],[107.4726,15.0171],[107.4711,15.014],[107.4691,15.0118],[107.4676,15.0076],[107.4693,15.004],[107.4692,15.0024],[107.4703,15.0003],[107.47,14.9977],[107.4714,14.996],[107.4716,14.995],[107.4746,14.9931],[107.4779,14.993],[107.4783,14.9923],[107.4765,14.9892],[107.4769,14.9876],[107.478,14.9867],[107.4733,14.9873],[107.4725,14.9865],[107.4701,14.9866],[107.4679,14.9872],[107.4671,14.9868],[107.4669,14.9846],[107.4677,14.9835],[107.4697,14.9837],[107.4709,14.9826],[107.4728,14.979],[107.4731,14.976],[107.4757,14.9745],[107.4769,14.9749],[107.4783,14.9742],[107.4796,14.9728],[107.4805,14.9726],[107.4813,14.9707],[107.482,14.9704],[107.4809,14.9697],[107.4809,14.9664],[107.48,14.9655],[107.4787,14.9624],[107.4783,14.9584],[107.4792,14.9566],[107.4826,14.9529],[107.4832,14.9508],[107.4865,14.9487],[107.49,14.9435],[107.4926,14.9437],[107.4975,14.9427],[107.4995,14.9428],[107.5,14.9407],[107.4996,14.9394],[107.5005,14.9381],[107.4987,14.9367],[107.5006,14.9352],[107.5019,14.935],[107.5029,14.9342],[107.5051,14.9313],[107.5051,14.9288],[107.511,14.9293],[107.513,14.9309],[107.5148,14.9312],[107.5209,14.9296],[107.5237,14.9301],[107.5259,14.9295],[107.5279,14.9283],[107.5298,14.9282],[107.5303,14.926],[107.5295,14.9229],[107.5306,14.9206],[107.5307,14.9188],[107.5318,14.9182],[107.5333,14.9161],[107.5352,14.9156],[107.5361,14.9149],[107.5389,14.9102],[107.5392,14.9086],[107.5414,14.9081],[107.5435,14.9063],[107.5476,14.9042],[107.5505,14.9046],[107.5539,14.901],[107.5573,14.9023],[107.5585,14.9021],[107.5615,14.9028],[107.563,14.9012],[107.5689,14.897],[107.5706,14.8947],[107.5709,14.8931],[107.5736,14.8911],[107.5748,14.8924],[107.5764,14.8933],[107.5801,14.8927],[107.5822,14.8931],[107.5856,14.8912],[107.5858,14.8873],[107.5851,14.8855],[107.5852,14.8835],[107.5885,14.8794],[107.5876,14.8781],[107.5874,14.8764],[107.5897,14.8745],[107.5916,14.8741],[107.5912,14.8726],[107.5891,14.8702],[107.5904,14.868],[107.5901,14.8649],[107.5912,14.8655],[107.5964,14.8655],[107.5987,14.867],[107.6013,14.8676],[107.604,14.8706],[107.6094,14.8709],[107.6151,14.8701],[107.6213,14.8654],[107.622,14.8646],[107.6221,14.8632],[107.6234,14.8625],[107.626,14.8635],[107.6294,14.8655],[107.6304,14.8636],[107.6317,14.8627],[107.6338,14.8635],[107.6359,14.863],[107.6386,14.863],[107.6408,14.8637],[107.6436,14.8661],[107.649,14.8665],[107.6522,14.8694],[107.6553,14.8682],[107.6568,14.8685],[107.6578,14.8704],[107.6614,14.8732],[107.6619,14.8746],[107.6634,14.8758],[107.6613,14.877],[107.6606,14.8821],[107.6559,14.8881],[107.656,14.8908],[107.6547,14.893],[107.6552,14.8963],[107.6564,14.8973],[107.6546,14.8983],[107.6546,14.8994],[107.6532,14.9011],[107.6532,14.903],[107.6501,14.9067],[107.6499,14.9083],[107.6479,14.9109],[107.6466,14.9114],[107.6455,14.9135],[107.6438,14.915],[107.6438,14.9181],[107.643,14.919],[107.6428,14.9203],[107.639,14.9256],[107.6388,14.9283],[107.637,14.9331],[107.6337,14.9349],[107.634,14.9364],[107.6337,14.9382],[107.6346,14.941],[107.6341,14.9429],[107.6363,14.9443],[107.6395,14.9498],[107.6407,14.9492],[107.6435,14.9511],[107.6435,14.9524],[107.6444,14.9535],[107.6442,14.9542],[107.6449,14.9556],[107.6453,14.9592],[107.6463,14.9613],[107.6475,14.9614],[107.6516,14.9674],[107.6536,14.9684],[107.6536,14.9694],[107.6548,14.9711],[107.6551,14.9733],[107.6545,14.9751],[107.6555,14.9772],[107.6595,14.9796],[107.6588,14.9812],[107.6575,14.9819],[107.6571,14.9827],[107.6576,14.9852],[107.656,14.9882],[107.6561,14.9909],[107.6548,14.9923],[107.655,14.994],[107.6545,14.9948],[107.6548,14.9968],[107.6541,15.0003],[107.6528,15.0009],[107.6529,15.0023],[107.6519,15.004],[107.6517,15.007],[107.6498,15.0116],[107.6497,15.0141],[107.6476,15.0161],[107.6465,15.0186],[107.6448,15.0192],[107.642,15.0186],[107.6398,15.0197],[107.6381,15.02],[107.6374,15.0209],[107.6368,15.0204],[107.6363,15.0215],[107.6351,15.022],[107.6328,15.0262],[107.6308,15.0288],[107.6316,15.0303],[107.6314,15.0321],[107.6302,15.0343],[107.6285,15.0391],[107.6271,15.0395],[107.6256,15.0422],[107.6227,15.0448],[107.6225,15.0463],[107.6213,15.0481],[107.6213,15.0509]]]},"properties":{"code":"23368","name":"Đăk Long","nameEn":"Dak Long","fullName":"Xã Đăk Long","fullNameEn":"Dak Long Commune","codeName":"dak_long","postalCode":"60417","postalCodePrefix":"","gisServerId":"diaphanhanhchinhcapxa_2025.532","areaKm2":280.5},"id":"23368"},
{"type":"Feature","geometry":{"type":"Polygon","coordinates":[[[107.7482,14.954],[107.7504,14.9592],[107.7503,14.9608],[107.752,14.9639],[107.7516,14.9647],[107.7497,14.9658],[107.7505,14.9677],[107.7491,14.9691],[107.7485,14.9724],[107.7496,14.9735],[107.7492,14.9746],[107.75,14.9784],[107.7496,14.9812],[107.7513,14.9829],[107.7511,14.9835],[107.7523,14.9889],[107.7511,14.9914],[107.7492,14.992],[107.7478,14.9934],[107.7444,14.9999],[107.7329,15.0097],[107.7325,15.0122],[107.731,15.0133],[107.7302,15.0147],[107.7282,15.0133],[107.7253,15.0146],[107.7188,15.0163],[107.7154,15.0189],[107.7143,15.019],[107.7142,15.0196],[107.7126,15.0196],[107.7122,15.02],[107.7126,15.0217],[107.7109,15.0222],[107.7095,15.0245],[107.7073,15.0258],[107.7073,15.0267],[107.7063,15.0286],[107.7058,15.0284],[107.7045,15.0295],[107.7042,15.0305],[107.7033,15.0312],[107.7017,15.0313],[107.7015,15.0333],[107.6991,15.0325],[107.6974,15.0328],[107.6973,15.035],[107.6943,15.036],[107.6932,15.0359],[107.6922,15.035],[107.6908,15.0349],[107.6901,15.0356],[107.688,15.0348],[107.6879,15.0326],[107.686,15.0327],[107.6856,15.0316],[107.6827,15.0308],[107.6804,15.0275],[107.6794,15.0273],[107.679,15.0265],[107.6766,15.0255],[107.6757,15.0246],[107.6746,15.0244],[107.6744,15.0228],[107.6749,15.0215],[107.6739,15.0207],[107.6729,15.0186],[107.672,15.0187],[107.6716,15.0192],[107.6682,15.0209],[107.6655,15.0194],[107.6646,15.0194],[107.6636,15.0186],[107.6623,15.0187],[107.6569,15.0203],[107.6552,15.0218],[107.6533,15.0224],[107.6515,15.0212],[107.6504,15.0214],[107.6492,15.0205],[107.6486,15.021],[107.6469,15.0196],[107.6465,15.0186],[107.6476,15.0161],[107.6497,15.0141],[107.6498,15.0116],[107.6517,15.007],[107.6519,15.004],[107.6529,15.0023],[107.6528,15.0009],[107.6541,15.0003],[107.6548,14.9968],[107.6545,14.9948],[107.655,14.994],[107.6548,14.9923],[107.6561,14.9909],[107.656,14.9882],[107.6576,14.9852],[107.6571,14.9827],[107.6575,14.9819],[107.6588,14.9812],[107.6595,14.9796],[107.6555,14.9772],[107.6545,14.9751],[107.6551,14.9733],[107.6548,14.9711],[107.6536,14.9694],[107.6536,14.9684],[107.6516,14.9674],[107.6475,14.9614],[107.6463,14.9613],[107.6453,14.9592],[107.6449,14.9556],[107.6442,14.9542],[107.6444,14.9535],[107.6435,14.9524],[107.6435,14.9511],[107.6407,14.9492],[107.6395,14.9498],[107.6363,14.9443],[107.6341,14.9429],[107.6346,14.941],[107.6337,14.9382],[107.634,14.9364],[107.6337,14.9349],[107.637,14.9331],[107.6388,14.9283],[107.639,14.9256],[107.6428,14.9203],[107.643,14.919],[107.6438,14.9181],[107.6438,14.915],[107.6455,14.9135],[107.6466,14.9114],[107.6479,14.9109],[107.6499,14.9083],[107.6501,14.9067],[107.6532,14.903],[107.6532,14.9011],[107.6546,14.8994],[107.6546,14.8983],[107.6564,14.8973],[107.6552,14.8963],[107.6547,14.893],[107.656,14.8908],[107.6559,14.8881],[107.6606,14.8821],[107.6613,14.877],[107.6634,14.8758],[107.6619,14.8746],[107.6614,14.8732],[107.6578,14.8704],[107.6568,14.8685],[107.6553,14.8682],[107.6522,14.8694],[107.649,14.8665],[107.652,14.866],[107.6544,14.8636],[107.6556,14.8615],[107.6557,14.86],[107.6568,14.8588],[107.6571,14.8576],[107.6605,14.8568],[107.6632,14.8598],[107.6636,14.8608],[107.6646,14.8604],[107.6655,14.8609],[107.6658,14.8626],[107.6676,14.864],[107.6708,14.8638],[107.6721,14.8619],[107.6731,14.8614],[107.6751,14.8621],[107.6787,14.8609],[107.6797,14.8611],[107.6798,14.8621],[107.6807,14.8625],[107.6819,14.8616],[107.6869,14.8603],[107.689,14.8618],[107.693,14.8675],[107.6937,14.8669],[107.6982,14.866],[107.7008,14.866],[107.701,14.8656],[107.7026,14.8666],[107.7051,14.867],[107.7055,14.8665],[107.7055,14.8642],[107.7078,14.8653],[107.7098,14.8684],[107.7098,14.8696],[107.7088,14.8704],[107.7045,14.8714],[107.7034,14.8725],[107.7033,14.8742],[107.7087,14.8755],[107.7098,14.8762],[107.7098,14.8776],[107.7087,14.8791],[107.7097,14.8823],[107.7095,14.8852],[107.7117,14.8888],[107.7118,14.8916],[107.7129,14.8961],[107.7124,14.902],[107.714,14.9036],[107.7171,14.9111],[107.7173,14.9146],[107.7185,14.9155],[107.7184,14.9203],[107.7213,14.9232],[107.7218,14.9247],[107.7216,14.9255],[107.7197,14.9253],[107.7192,14.9257],[107.7187,14.9289],[107.7197,14.9298],[107.7229,14.931],[107.7246,14.9326],[107.7243,14.9334],[107.7207,14.9365],[107.721,14.9374],[107.7229,14.9389],[107.7225,14.9398],[107.7206,14.9412],[107.7187,14.9442],[107.7178,14.9492],[107.7184,14.9496],[107.7245,14.9495],[107.7279,14.9505],[107.7312,14.9494],[107.7337,14.9496],[107.7371,14.9472],[107.7402,14.9468],[107.741,14.9474],[107.7423,14.9499],[107.7419,14.9505],[107.739,14.9509],[107.7398,14.9534],[107.7383,14.9548],[107.7384,14.9565],[107.7397,14.9563],[107.7429,14.9535],[107.7447,14.9526],[107.746,14.9527],[107.7478,14.9542],[107.7482,14.954]]]},"properties":{"code":"23374","name":"Đăk Môn","nameEn":"Dak Mon","fullName":"Xã Đăk Môn","fullNameEn":"Dak Mon Commune","codeName":"dak_mon","postalCode":"60416","postalCodePrefix":"","gisServerId":"diaphanhanhchinhcapxa_2025.533","areaKm2":150.8},"id":"23374"},
{"type":"Feature","geometry":{"type":"Polygon","coordinates":[[[107.7011,14.7328],[107.6993,14.7338],[107.6979,14.7359],[107.6969,14.736],[107.6966,14.7367],[107.6949,14.738],[107.693,14.7381],[107.6869,14.7414],[107.6826,14.7422],[107.6811,14.7419],[107.6778,14.7433],[107.6774,14.7429],[107.6776,14.7422],[107.6768,14.742],[107.6772,14.7413],[107.6766,14.7405],[107.6768,14.7401],[107.6762,14.7387],[107.6746,14.7388],[107.6745,14.7371],[107.6739,14.7371],[107.674,14.736],[107.6734,14.7357],[107.6733,14.7329],[107.6716,14.7311],[107.6714,14.7329],[107.6618,14.7388],[107.6654,14.7446],[107.6652,14.7455],[107.6656,14.7462],[107.6672,14.7464],[107.6676,14.7473],[107.6681,14.7516],[107.6695,14.755],[107.6706,14.7563],[107.6701,14.7577],[107.6694,14.7582],[107.669,14.7601],[107.6672,14.7621],[107.664,14.7634],[107.6436,14.7813],[107.6418,14.7838],[107.6405,14.785],[107.6381,14.7857],[107.637,14.7871],[107.6291,14.7835],[107.6268,14.7814],[107.5959,14.7627],[107.595,14.7632],[107.5949,14.7644],[107.5938,14.766],[107.5915,14.7684],[107.5922,14.7697],[107.5905,14.7716],[107.5895,14.7709],[107.5896,14.7722],[107.5888,14.7728],[107.5875,14.7726],[107.5861,14.774],[107.5837,14.7747],[107.5821,14.7743],[107.5818,14.7727],[107.5794,14.7742],[107.5776,14.7739],[107.5771,14.7742],[107.5771,14.7752],[107.5761,14.7759],[107.575,14.7762],[107.574,14.7759],[107.5739,14.7772],[107.5725,14.7766],[107.5715,14.7769],[107.5712,14.7783],[107.5699,14.7772],[107.567,14.7797],[107.5631,14.7796],[107.563,14.7817],[107.5619,14.7814],[107.5587,14.7822],[107.559,14.7842],[107.5565,14.7851],[107.5547,14.7839],[107.5512,14.7857],[107.5479,14.7863],[107.5485,14.7834],[107.5451,14.7819],[107.5427,14.7791],[107.5406,14.78],[107.5398,14.779],[107.5391,14.782],[107.5398,14.7842],[107.541,14.7857],[107.5395,14.7889],[107.5382,14.7892],[107.5367,14.7888],[107.5365,14.7909],[107.5334,14.7911],[107.5329,14.792],[107.5291,14.7942],[107.5284,14.7961],[107.5237,14.7947],[107.5235,14.7932],[107.5227,14.7932],[107.5212,14.7919],[107.5182,14.7918],[107.5139,14.7879],[107.5125,14.7874],[107.5115,14.7877],[107.5078,14.7873],[107.5054,14.7857],[107.5099,14.7836],[107.5111,14.7847],[107.5128,14.7845],[107.515,14.7857],[107.5154,14.7832],[107.5166,14.7818],[107.517,14.779],[107.5175,14.7781],[107.5203,14.7761],[107.5216,14.7767],[107.5236,14.7759],[107.5258,14.7761],[107.5282,14.772],[107.5306,14.7716],[107.5307,14.7659],[107.5314,14.7653],[107.5336,14.7649],[107.5343,14.7632],[107.534,14.7598],[107.5361,14.7571],[107.5384,14.7557],[107.5396,14.7522],[107.5421,14.7504],[107.5418,14.749],[107.5398,14.7467],[107.5388,14.7464],[107.539,14.7446],[107.5376,14.7439],[107.5379,14.7411],[107.535,14.7394],[107.5328,14.7368],[107.5316,14.7365],[107.5286,14.7347],[107.5259,14.7348],[107.5258,14.7324],[107.5232,14.7307],[107.5229,14.7291],[107.5214,14.7281],[107.5235,14.725],[107.5232,14.7234],[107.5237,14.7222],[107.525,14.7224],[107.5274,14.7237],[107.5325,14.7232],[107.5354,14.725],[107.5411,14.7222],[107.5455,14.7211],[107.5474,14.7214],[107.549,14.7209],[107.5535,14.7216],[107.5561,14.7213],[107.5568,14.7189],[107.5568,14.7177],[107.5559,14.716],[107.5555,14.7107],[107.556,14.7094],[107.5573,14.7082],[107.5581,14.7064],[107.5596,14.7046],[107.5597,14.7029],[107.559,14.7],[107.5595,14.6949],[107.56,14.6943],[107.5586,14.6921],[107.5588,14.6899],[107.5556,14.6838],[107.5529,14.6818],[107.5524,14.6794],[107.5499,14.6793],[107.55,14.6781],[107.5492,14.6773],[107.5503,14.6748],[107.5498,14.6725],[107.5503,14.6709],[107.5546,14.6673],[107.5545,14.6643],[107.5523,14.6639],[107.5513,14.6632],[107.5501,14.6616],[107.5505,14.6603],[107.5481,14.6586],[107.5494,14.6537],[107.5509,14.6505],[107.5517,14.65],[107.5514,14.6471],[107.5507,14.6462],[107.5484,14.645],[107.5456,14.6448],[107.5446,14.6439],[107.5437,14.6416],[107.5423,14.6398],[107.5434,14.6384],[107.5435,14.6375],[107.5424,14.6348],[107.5411,14.6351],[107.5376,14.6344],[107.5386,14.6316],[107.5401,14.6308],[107.5402,14.63],[107.5413,14.6292],[107.5406,14.6275],[107.5414,14.626],[107.5395,14.6242],[107.538,14.6219],[107.538,14.6201],[107.5406,14.6194],[107.5426,14.6173],[107.5438,14.6169],[107.5433,14.6155],[107.5449,14.6113],[107.5454,14.6107],[107.5459,14.6084],[107.5471,14.608],[107.5473,14.6066],[107.5527,14.6058],[107.5538,14.6052],[107.5544,14.604],[107.573,14.6063],[107.5731,14.6074],[107.5753,14.6068],[107.5768,14.6078],[107.5776,14.6071],[107.579,14.6071],[107.5801,14.608],[107.5805,14.61],[107.5828,14.6109],[107.5834,14.6128],[107.5829,14.6141],[107.5836,14.615],[107.583,14.6168],[107.5824,14.6171],[107.5821,14.6182],[107.5824,14.6193],[107.5848,14.6193],[107.5856,14.6199],[107.5861,14.6195],[107.5867,14.6204],[107.5884,14.6211],[107.5902,14.6207],[107.5912,14.6213],[107.5909,14.6223],[107.5916,14.6225],[107.592,14.6219],[107.5926,14.6222],[107.5937,14.6216],[107.5942,14.6199],[107.5967,14.6175],[107.597,14.6161],[107.5983,14.6173],[107.6003,14.6172],[107.6007,14.6192],[107.6018,14.6203],[107.6028,14.62],[107.6035,14.6188],[107.605,14.6204],[107.6031,14.6235],[107.6041,14.6235],[107.605,14.6243],[107.6066,14.6241],[107.6076,14.6245],[107.6076,14.6262],[107.6093,14.6274],[107.6093,14.6291],[107.6089,14.6297],[107.611,14.6305],[107.6119,14.6318],[107.6132,14.6321],[107.6142,14.6328],[107.614,14.6341],[107.6161,14.636],[107.6219,14.6471],[107.6221,14.6491],[107.6236,14.6495],[107.6239,14.6503],[107.6251,14.6509],[107.6264,14.6534],[107.6267,14.6554],[107.6292,14.6575],[107.6293,14.6595],[107.6336,14.6627],[107.6345,14.6648],[107.6391,14.6713],[107.64,14.6708],[107.6414,14.6716],[107.6418,14.6763],[107.6424,14.6766],[107.6449,14.6759],[107.6449,14.6752],[107.6457,14.6741],[107.6473,14.6749],[107.6482,14.6745],[107.6487,14.6749],[107.6492,14.674],[107.6502,14.6736],[107.6501,14.6731],[107.6531,14.6723],[107.6557,14.6725],[107.658,14.6736],[107.6586,14.6726],[107.6604,14.6733],[107.661,14.6727],[107.6615,14.6731],[107.6614,14.6738],[107.6619,14.674],[107.6618,14.6734],[107.6627,14.6733],[107.6634,14.6725],[107.6651,14.6735],[107.6659,14.6755],[107.6669,14.6762],[107.6677,14.676],[107.6679,14.6771],[107.6691,14.6779],[107.6697,14.6766],[107.6707,14.6757],[107.6708,14.6761],[107.6725,14.6761],[107.6727,14.6767],[107.673,14.6762],[107.6735,14.6762],[107.6732,14.6757],[107.6735,14.6755],[107.6779,14.6779],[107.6773,14.679],[107.6782,14.6788],[107.6805,14.6825],[107.682,14.6835],[107.6843,14.6868],[107.684,14.689],[107.6851,14.6908],[107.6872,14.6915],[107.688,14.691],[107.689,14.6922],[107.6897,14.6914],[107.6905,14.693],[107.6916,14.6928],[107.6915,14.6921],[107.6926,14.6924],[107.693,14.6915],[107.6942,14.6914],[107.6943,14.691],[107.6934,14.6902],[107.6955,14.6902],[107.6966,14.6872],[107.6975,14.6886],[107.698,14.6885],[107.6975,14.686],[107.6989,14.6861],[107.6998,14.6868],[107.7003,14.6862],[107.7004,14.6846],[107.7011,14.6849],[107.7017,14.6844],[107.703,14.6843],[107.7036,14.6808],[107.7041,14.6805],[107.7043,14.6814],[107.7062,14.6793],[107.706,14.6768],[107.7064,14.6768],[107.7067,14.6782],[107.7074,14.6778],[107.7084,14.678],[107.709,14.6796],[107.7112,14.6793],[107.7125,14.6804],[107.714,14.681],[107.7131,14.6817],[107.7143,14.6828],[107.7149,14.6816],[107.7156,14.6833],[107.7166,14.6838],[107.717,14.6833],[107.7172,14.6811],[107.7206,14.6793],[107.7229,14.6766],[107.7229,14.6754],[107.7267,14.6741],[107.7271,14.6734],[107.7291,14.6732],[107.73,14.6725],[107.7324,14.6723],[107.7351,14.6712],[107.7363,14.6713],[107.7373,14.6701],[107.7402,14.6695],[107.7378,14.6725],[107.7377,14.6759],[107.7347,14.6779],[107.7318,14.6814],[107.7308,14.6855],[107.7251,14.6933],[107.7234,14.6947],[107.7219,14.6952],[107.7219,14.6971],[107.7212,14.6984],[107.7167,14.6992],[107.7159,14.7023],[107.714,14.7031],[107.7122,14.7031],[107.7113,14.7038],[107.7113,14.7047],[107.7131,14.7061],[107.7132,14.7069],[107.7121,14.7105],[107.7097,14.713],[107.7096,14.7144],[107.7111,14.717],[107.7112,14.7182],[107.7104,14.7191],[107.709,14.7197],[107.7078,14.7216],[107.7077,14.7238],[107.7062,14.7261],[107.7062,14.7283],[107.7047,14.7294],[107.702,14.7294],[107.7012,14.7308],[107.7011,14.7328]]]},"properties":{"code":"23377","name":"Bờ Y","nameEn":"Bo Y","fullName":"Xã Bờ Y","fullNameEn":"Bo Y Commune","codeName":"bo_y","postalCode":"60514","postalCodePrefix":"","gisServerId":"diaphanhanhchinhcapxa_2025.541","areaKm2":242.11},"id":"23377"},
{"type":"Feature","geometry":{"type":"Polygon","coordinates":[[[107.7815,14.9734],[107.7804,14.9734],[107.7787,14.9725],[107.7776,14.9744],[107.7764,14.9748],[107.775,14.9739],[107.7729,14.9737],[107.7714,14.9723],[107.7699,14.9691],[107.7702,14.9675],[107.769,14.9661],[107.7686,14.9664],[107.7686,14.9676],[107.7664,14.9682],[107.7649,14.9699],[107.7652,14.975],[107.7638,14.975],[107.7608,14.9737],[107.76,14.9706],[107.758,14.9691],[107.7583,14.9683],[107.7603,14.9681],[107.7605,14.9643],[107.7601,14.963],[107.7593,14.9622],[107.7583,14.9626],[107.7563,14.9621],[107.7566,14.9592],[107.7548,14.9581],[107.7543,14.9563],[107.7529,14.9541],[107.7511,14.9552],[107.7503,14.9552],[107.7499,14.9531],[107.7488,14.9521],[107.7482,14.954],[107.7478,14.9542],[107.746,14.9527],[107.7447,14.9526],[107.7429,14.9535],[107.7397,14.9563],[107.7384,14.9565],[107.7383,14.9548],[107.7398,14.9534],[107.739,14.9509],[107.7419,14.9505],[107.7423,14.9499],[107.741,14.9474],[107.7402,14.9468],[107.7371,14.9472],[107.7337,14.9496],[107.7312,14.9494],[107.7279,14.9505],[107.7245,14.9495],[107.7184,14.9496],[107.7178,14.9492],[107.7187,14.9442],[107.7206,14.9412],[107.7225,14.9398],[107.7229,14.9389],[107.721,14.9374],[107.7207,14.9365],[107.7243,14.9334],[107.7246,14.9326],[107.7229,14.931],[107.7197,14.9298],[107.7187,14.9289],[107.7192,14.9257],[107.7197,14.9253],[107.7216,14.9255],[107.7218,14.9247],[107.7213,14.9232],[107.7184,14.9203],[107.7185,14.9155],[107.7173,14.9146],[107.7171,14.9111],[107.714,14.9036],[107.7124,14.902],[107.7129,14.8961],[107.7118,14.8916],[107.7117,14.8888],[107.7095,14.8852],[107.7097,14.8823],[107.7087,14.8791],[107.7098,14.8776],[107.7098,14.8762],[107.7087,14.8755],[107.7033,14.8742],[107.7034,14.8725],[107.7045,14.8714],[107.7088,14.8704],[107.7098,14.8696],[107.7098,14.8684],[107.7078,14.8653],[107.7055,14.8642],[107.7055,14.8665],[107.7051,14.867],[107.7026,14.8666],[107.701,14.8656],[107.7008,14.866],[107.6982,14.866],[107.6937,14.8669],[107.693,14.8675],[107.689,14.8618],[107.6869,14.8603],[107.6819,14.8616],[107.6807,14.8625],[107.6798,14.8621],[107.6797,14.8611],[107.6787,14.8609],[107.6751,14.8621],[107.6731,14.8614],[107.6721,14.8619],[107.6708,14.8638],[107.6676,14.864],[107.6658,14.8626],[107.6655,14.8609],[107.6646,14.8604],[107.6636,14.8608],[107.6632,14.8598],[107.6605,14.8568],[107.6571,14.8576],[107.6568,14.8588],[107.6557,14.86],[107.6556,14.8615],[107.6544,14.8636],[107.652,14.866],[107.649,14.8665],[107.6436,14.8661],[107.6408,14.8637],[107.6386,14.863],[107.6359,14.863],[107.6338,14.8635],[107.6317,14.8627],[107.6304,14.8636],[107.6294,14.8655],[107.626,14.8635],[107.6234,14.8625],[107.6221,14.8632],[107.622,14.8646],[107.6213,14.8654],[107.6151,14.8701],[107.6094,14.8709],[107.604,14.8706],[107.6013,14.8676],[107.5987,14.867],[107.5964,14.8655],[107.5912,14.8655],[107.5901,14.8649],[107.589,14.8637],[107.5839,14.8614],[107.5809,14.8589],[107.5801,14.8579],[107.5797,14.8556],[107.579,14.8546],[107.5753,14.8546],[107.5734,14.8532],[107.5704,14.8527],[107.5686,14.8506],[107.5661,14.849],[107.5663,14.8468],[107.5657,14.8444],[107.5623,14.8416],[107.5623,14.8399],[107.5609,14.8385],[107.5594,14.838],[107.5587,14.8369],[107.5566,14.8362],[107.5546,14.8341],[107.5512,14.8339],[107.549,14.8317],[107.5463,14.8312],[107.5412,14.8273],[107.5406,14.8262],[107.5407,14.8208],[107.5397,14.8189],[107.5385,14.8185],[107.5373,14.8191],[107.5352,14.8183],[107.5282,14.8141],[107.5259,14.8144],[107.5222,14.8136],[107.5222,14.8116],[107.5229,14.8089],[107.5241,14.8068],[107.5237,14.8051],[107.5201,14.8024],[107.5162,14.8022],[107.5152,14.7996],[107.5103,14.7963],[107.5095,14.7939],[107.5074,14.7927],[107.5083,14.7911],[107.5081,14.7896],[107.506,14.7881],[107.5054,14.7857],[107.5078,14.7873],[107.5115,14.7877],[107.5125,14.7874],[107.5139,14.7879],[107.5182,14.7918],[107.5212,14.7919],[107.5227,14.7932],[107.5235,14.7932],[107.5237,14.7947],[107.5284,14.7961],[107.5291,14.7942],[107.5329,14.792],[107.5334,14.7911],[107.5365,14.7909],[107.5367,14.7888],[107.5382,14.7892],[107.5395,14.7889],[107.541,14.7857],[107.5398,14.7842],[107.5391,14.782],[107.5398,14.779],[107.5406,14.78],[107.5427,14.7791],[107.5451,14.7819],[107.5485,14.7834],[107.5479,14.7863],[107.5512,14.7857],[107.5547,14.7839],[107.5565,14.7851],[107.559,14.7842],[107.5587,14.7822],[107.5619,14.7814],[107.563,14.7817],[107.5631,14.7796],[107.567,14.7797],[107.5699,14.7772],[107.5712,14.7783],[107.5715,14.7769],[107.5725,14.7766],[107.5739,14.7772],[107.574,14.7759],[107.575,14.7762],[107.5761,14.7759],[107.5771,14.7752],[107.5771,14.7742],[107.5776,14.7739],[107.5794,14.7742],[107.5818,14.7727],[107.5821,14.7743],[107.5837,14.7747],[107.5861,14.774],[107.5875,14.7726],[107.5888,14.7728],[107.5896,14.7722],[107.5895,14.7709],[107.5905,14.7716],[107.5922,14.7697],[107.5915,14.7684],[107.5938,14.766],[107.5949,14.7644],[107.595,14.7632],[107.5959,14.7627],[107.6268,14.7814],[107.6291,14.7835],[107.637,14.7871],[107.6381,14.7857],[107.6405,14.785],[107.6418,14.7838],[107.6436,14.7813],[107.664,14.7634],[107.6672,14.7621],[107.669,14.7601],[107.6694,14.7582],[107.6701,14.7577],[107.6706,14.7563],[107.6695,14.755],[107.6681,14.7516],[107.6676,14.7473],[107.6672,14.7464],[107.6656,14.7462],[107.6652,14.7455],[107.6654,14.7446],[107.6618,14.7388],[107.6714,14.7329],[107.6716,14.7311],[107.6733,14.7329],[107.6734,14.7357],[107.674,14.736],[107.6739,14.7371],[107.6745,14.7371],[107.6746,14.7388],[107.6762,14.7387],[107.6768,14.7401],[107.6766,14.7405],[107.6772,14.7413],[107.6768,14.742],[107.6776,14.7422],[107.6774,14.7429],[107.6778,14.7433],[107.6811,14.7419],[107.6826,14.7422],[107.6869,14.7414],[107.693,14.7381],[107.6949,14.738],[107.6966,14.7367],[107.6969,14.736],[107.6979,14.7359],[107.6993,14.7338],[107.7011,14.7328],[107.7018,14.7357],[107.7046,14.7386],[107.703,14.7419],[107.7044,14.7445],[107.7045,14.7484],[107.704,14.7496],[107.7,14.7517],[107.7,14.7527],[107.706,14.756],[107.7088,14.7587],[107.7154,14.7611],[107.7215,14.7641],[107.7243,14.7673],[107.7244,14.77],[107.7262,14.7721],[107.7277,14.7757],[107.7279,14.7787],[107.7284,14.7793],[107.7298,14.7794],[107.7301,14.7807],[107.7322,14.7827],[107.7324,14.7841],[107.7338,14.7854],[107.7346,14.7883],[107.7362,14.7873],[107.7378,14.7891],[107.7383,14.7905],[107.7392,14.7909],[107.7397,14.7935],[107.7402,14.794],[107.7388,14.7946],[107.7382,14.796],[107.7368,14.7966],[107.7369,14.7987],[107.7355,14.8008],[107.7353,14.802],[107.7356,14.8022],[107.736,14.8083],[107.7343,14.8106],[107.7375,14.8137],[107.7418,14.8162],[107.7446,14.8167],[107.7487,14.819],[107.7543,14.8187],[107.7537,14.8229],[107.754,14.8246],[107.7554,14.8263],[107.7566,14.8265],[107.7587,14.8288],[107.7602,14.8288],[107.7611,14.8284],[107.7643,14.8293],[107.7678,14.8345],[107.7708,14.8355],[107.7724,14.8365],[107.7737,14.8364],[107.7752,14.8377],[107.7767,14.8385],[107.7778,14.8405],[107.7762,14.8434],[107.7764,14.847],[107.7794,14.8496],[107.7804,14.8517],[107.7801,14.8546],[107.7818,14.8564],[107.7829,14.8608],[107.7829,14.8626],[107.7811,14.8663],[107.7788,14.8662],[107.7783,14.8668],[107.7801,14.8686],[107.7842,14.8674],[107.7861,14.8676],[107.7878,14.8687],[107.7891,14.8702],[107.7895,14.8719],[107.7905,14.8726],[107.7906,14.874],[107.7925,14.8748],[107.7929,14.8755],[107.7929,14.8781],[107.7938,14.8792],[107.794,14.8801],[107.7912,14.8842],[107.7893,14.8829],[107.7851,14.8863],[107.7841,14.8886],[107.7851,14.8944],[107.7861,14.8962],[107.789,14.898],[107.7892,14.9021],[107.7939,14.9071],[107.7925,14.9085],[107.7924,14.9111],[107.7908,14.913],[107.7912,14.915],[107.7889,14.9174],[107.7885,14.9205],[107.7891,14.9218],[107.7878,14.9251],[107.7816,14.9294],[107.7808,14.9306],[107.7827,14.9355],[107.7823,14.9375],[107.7771,14.9461],[107.7781,14.9497],[107.7804,14.9542],[107.7815,14.9602],[107.7813,14.9623],[107.7823,14.9637],[107.7827,14.9666],[107.7838,14.9681],[107.7829,14.9697],[107.7828,14.9712],[107.7815,14.9734]]]},"properties":{"code":"23383","name":"Dục Nông","nameEn":"Duc Nong","fullName":"Xã Dục Nông","fullNameEn":"Duc Nong Commune","codeName":"duc_nong","postalCode":"60515","postalCodePrefix":"","gisServerId":"diaphanhanhchinhcapxa_2025.534","areaKm2":321.99},"id":"23383"},
{"type":"Feature","geometry":{"type":"Polygon","coordinates":[[[107.7402,14.6695],[107.7373,14.6701],[107.7363,14.6713],[107.7351,14.6712],[107.7324,14.6723],[107.73,14.6725],[107.7291,14.6732],[107.7271,14.6734],[107.7267,14.6741],[107.7229,14.6754],[107.7229,14.6766],[107.7206,14.6793],[107.7172,14.6811],[107.717,14.6833],[107.7166,14.6838],[107.7156,14.6833],[107.7149,14.6816],[107.7143,14.6828],[107.7131,14.6817],[107.714,14.681],[107.7125,14.6804],[107.7112,14.6793],[107.709,14.6796],[107.7084,14.678],[107.7074,14.6778],[107.7067,14.6782],[107.7064,14.6768],[107.706,14.6768],[107.7062,14.6793],[107.7043,14.6814],[107.7041,14.6805],[107.7036,14.6808],[107.703,14.6843],[107.7017,14.6844],[107.7011,14.6849],[107.7004,14.6846],[107.7003,14.6862],[107.6998,14.6868],[107.6989,14.6861],[107.6975,14.686],[107.698,14.6885],[107.6975,14.6886],[107.6966,14.6872],[107.6955,14.6902],[107.6934,14.6902],[107.6943,14.691],[107.6942,14.6914],[107.693,14.6915],[107.6926,14.6924],[107.6915,14.6921],[107.6916,14.6928],[107.6905,14.693],[107.6897,14.6914],[107.689,14.6922],[107.688,14.691],[107.6872,14.6915],[107.6851,14.6908],[107.684,14.689],[107.6843,14.6868],[107.682,14.6835],[107.6805,14.6825],[107.6782,14.6788],[107.6773,14.679],[107.6779,14.6779],[107.6735,14.6755],[107.6732,14.6757],[107.6735,14.6762],[107.673,14.6762],[107.6727,14.6767],[107.6725,14.6761],[107.6708,14.6761],[107.6707,14.6757],[107.6697,14.6766],[107.6691,14.6779],[107.6679,14.6771],[107.6677,14.676],[107.6669,14.6762],[107.6659,14.6755],[107.6651,14.6735],[107.6634,14.6725],[107.6627,14.6733],[107.6618,14.6734],[107.6619,14.674],[107.6614,14.6738],[107.6615,14.6731],[107.661,14.6727],[107.6604,14.6733],[107.6586,14.6726],[107.658,14.6736],[107.6557,14.6725],[107.6531,14.6723],[107.6501,14.6731],[107.6502,14.6736],[107.6492,14.674],[107.6487,14.6749],[107.6482,14.6745],[107.6473,14.6749],[107.6457,14.6741],[107.6449,14.6752],[107.6449,14.6759],[107.6424,14.6766],[107.6418,14.6763],[107.6414,14.6716],[107.64,14.6708],[107.6391,14.6713],[107.6345,14.6648],[107.6336,14.6627],[107.6293,14.6595],[107.6292,14.6575],[107.6267,14.6554],[107.6264,14.6534],[107.6251,14.6509],[107.6239,14.6503],[107.6236,14.6495],[107.6221,14.6491],[107.6219,14.6471],[107.6161,14.636],[107.614,14.6341],[107.6142,14.6328],[107.6132,14.6321],[107.6119,14.6318],[107.611,14.6305],[107.6089,14.6297],[107.6093,14.6291],[107.6093,14.6274],[107.6076,14.6262],[107.6076,14.6245],[107.6066,14.6241],[107.605,14.6243],[107.6041,14.6235],[107.6031,14.6235],[107.605,14.6204],[107.6035,14.6188],[107.6028,14.62],[107.6018,14.6203],[107.6007,14.6192],[107.6003,14.6172],[107.5983,14.6173],[107.597,14.6161],[107.5967,14.6175],[107.5942,14.6199],[107.5937,14.6216],[107.5926,14.6222],[107.592,14.6219],[107.5916,14.6225],[107.5909,14.6223],[107.5912,14.6213],[107.5902,14.6207],[107.5884,14.6211],[107.5867,14.6204],[107.5861,14.6195],[107.5856,14.6199],[107.5848,14.6193],[107.5824,14.6193],[107.5821,14.6182],[107.5824,14.6171],[107.583,14.6168],[107.5836,14.615],[107.5829,14.6141],[107.5834,14.6128],[107.5828,14.6109],[107.5805,14.61],[107.5801,14.608],[107.579,14.6071],[107.5776,14.6071],[107.5768,14.6078],[107.5753,14.6068],[107.5731,14.6074],[107.573,14.6063],[107.5544,14.604],[107.5538,14.6052],[107.5527,14.6058],[107.5473,14.6066],[107.5471,14.608],[107.5459,14.6084],[107.5454,14.6107],[107.5449,14.6113],[107.5428,14.608],[107.5421,14.6049],[107.5408,14.6057],[107.5401,14.6054],[107.5385,14.604],[107.5382,14.6024],[107.5359,14.6014],[107.5353,14.6001],[107.5331,14.599],[107.5308,14.5999],[107.5303,14.5987],[107.5288,14.598],[107.525,14.5987],[107.5241,14.5963],[107.523,14.5954],[107.523,14.5931],[107.5212,14.592],[107.5215,14.5911],[107.5224,14.5904],[107.5222,14.5894],[107.521,14.5886],[107.5204,14.5874],[107.5173,14.5871],[107.5165,14.5859],[107.5163,14.5853],[107.5183,14.5845],[107.5188,14.5825],[107.5215,14.5812],[107.523,14.5774],[107.5228,14.576],[107.5237,14.5733],[107.5221,14.5724],[107.5229,14.5709],[107.5234,14.567],[107.5227,14.5657],[107.5255,14.5628],[107.5242,14.5608],[107.5257,14.5608],[107.5276,14.5597],[107.5289,14.5601],[107.5306,14.5569],[107.5319,14.5562],[107.532,14.5553],[107.5316,14.5529],[107.5299,14.5516],[107.5291,14.5497],[107.529,14.5483],[107.5301,14.5464],[107.5289,14.5454],[107.5263,14.545],[107.5267,14.5421],[107.5273,14.5415],[107.5268,14.5396],[107.5278,14.5388],[107.5273,14.5381],[107.5273,14.5369],[107.5264,14.5358],[107.525,14.5351],[107.5254,14.5322],[107.5234,14.5317],[107.5235,14.5305],[107.5219,14.5292],[107.5224,14.5259],[107.5237,14.5249],[107.5237,14.5236],[107.5218,14.5219],[107.5208,14.5188],[107.5189,14.5182],[107.5186,14.5155],[107.5175,14.5146],[107.5171,14.5132],[107.5148,14.512],[107.5165,14.5107],[107.5182,14.5068],[107.5222,14.5065],[107.5233,14.5051],[107.522,14.5021],[107.5326,14.5063],[107.5336,14.5058],[107.5376,14.5073],[107.5413,14.5094],[107.5427,14.5097],[107.5433,14.5097],[107.5437,14.5091],[107.5441,14.507],[107.5476,14.5068],[107.5499,14.5056],[107.5542,14.5056],[107.5579,14.5122],[107.562,14.5109],[107.5744,14.5125],[107.5849,14.5146],[107.5863,14.5156],[107.5864,14.5178],[107.5873,14.5192],[107.5898,14.5196],[107.5952,14.5193],[107.599,14.5205],[107.6025,14.5237],[107.6037,14.5257],[107.6048,14.5262],[107.6076,14.5265],[107.608,14.5281],[107.6094,14.5292],[107.6498,14.5325],[107.6515,14.5319],[107.6519,14.533],[107.6549,14.5338],[107.6549,14.5357],[107.6588,14.539],[107.6594,14.5403],[107.6589,14.5423],[107.6596,14.5442],[107.6594,14.5455],[107.6607,14.5475],[107.6622,14.5524],[107.6615,14.554],[107.66,14.5552],[107.6606,14.5565],[107.6643,14.5607],[107.6635,14.5653],[107.6658,14.5658],[107.6677,14.5676],[107.6678,14.5691],[107.6687,14.5696],[107.6699,14.5689],[107.6715,14.5697],[107.6718,14.5716],[107.6707,14.5725],[107.6727,14.5746],[107.6728,14.5757],[107.6738,14.5764],[107.6736,14.5774],[107.6739,14.5781],[107.6732,14.5803],[107.6752,14.5833],[107.6751,14.5851],[107.6782,14.583],[107.6794,14.584],[107.6798,14.5855],[107.6827,14.5844],[107.6842,14.5849],[107.686,14.5845],[107.6875,14.5849],[107.6887,14.5845],[107.6914,14.5868],[107.6934,14.587],[107.6976,14.5892],[107.6993,14.5887],[107.7012,14.5894],[107.7024,14.5884],[107.7036,14.5884],[107.7047,14.5867],[107.7084,14.5851],[107.7092,14.5842],[107.7135,14.583],[107.7153,14.5834],[107.717,14.5829],[107.7185,14.5836],[107.7185,14.5847],[107.7189,14.584],[107.7198,14.5838],[107.7219,14.5847],[107.7239,14.5864],[107.7245,14.5849],[107.7263,14.5852],[107.7284,14.5866],[107.7297,14.5883],[107.7315,14.5881],[107.7337,14.5891],[107.7366,14.595],[107.738,14.5962],[107.7398,14.5963],[107.7429,14.5953],[107.7443,14.5955],[107.747,14.5971],[107.7508,14.6041],[107.7504,14.6049],[107.7526,14.6112],[107.7537,14.6121],[107.7572,14.6129],[107.7585,14.6127],[107.759,14.6132],[107.7565,14.6166],[107.7541,14.6183],[107.7527,14.6182],[107.752,14.6193],[107.7497,14.6205],[107.7501,14.6218],[107.7493,14.6224],[107.749,14.6242],[107.7469,14.6277],[107.7471,14.6306],[107.7409,14.6332],[107.738,14.6351],[107.7398,14.6368],[107.7392,14.639],[107.7374,14.6424],[107.7435,14.6463],[107.7447,14.6475],[107.7451,14.6491],[107.7469,14.6512],[107.7474,14.656],[107.7485,14.6573],[107.7462,14.6589],[107.7443,14.6589],[107.7434,14.6596],[107.7432,14.6639],[107.7437,14.6655],[107.7402,14.6695]]]},"properties":{"code":"23392","name":"Sa Loong","nameEn":"Sa Loong","fullName":"Xã Sa Loong","fullNameEn":"Sa Loong Commune","codeName":"sa_loong","postalCode":"60513","postalCodePrefix":"","gisServerId":"diaphanhanhchinhcapxa_2025.542","areaKm2":275.26},"id":"23392"},
{"type":"Feature","geometry":{"type":"Polygon","coordinates":[[[107.8617,14.5202],[107.8628,14.524],[107.8635,14.5299],[107.8631,14.5317],[107.8634,14.5437],[107.8624,14.5472],[107.8653,14.5491],[107.8687,14.5482],[107.87,14.5535],[107.8697,14.5562],[107.8716,14.5596],[107.8799,14.5633],[107.8759,14.5702],[107.8745,14.5715],[107.875,14.573],[107.8746,14.5738],[107.8751,14.577],[107.8775,14.578],[107.8797,14.5774],[107.8812,14.5782],[107.8816,14.5793],[107.8818,14.5835],[107.8825,14.585],[107.887,14.5883],[107.8885,14.5886],[107.8905,14.5883],[107.8973,14.585],[107.9045,14.593],[107.9059,14.5967],[107.9093,14.6003],[107.909,14.6007],[107.9104,14.6081],[107.9107,14.6137],[107.9103,14.6147],[107.9115,14.6163],[107.9119,14.6187],[107.9106,14.6237],[107.9129,14.624],[107.914,14.6249],[107.9147,14.6265],[107.9148,14.6293],[107.9016,14.632],[107.8979,14.6308],[107.8971,14.6303],[107.8968,14.6292],[107.8982,14.6264],[107.8981,14.6236],[107.8961,14.6195],[107.8921,14.6186],[107.8893,14.6211],[107.8872,14.6269],[107.8874,14.6294],[107.8881,14.6307],[107.8868,14.6325],[107.8868,14.6342],[107.8874,14.6354],[107.8869,14.6373],[107.888,14.6387],[107.8875,14.6424],[107.8834,14.6469],[107.884,14.6514],[107.8806,14.6533],[107.8802,14.6544],[107.8819,14.6559],[107.8828,14.6593],[107.88,14.6631],[107.8779,14.6644],[107.8771,14.6655],[107.8777,14.6678],[107.8768,14.6688],[107.876,14.6708],[107.8765,14.6724],[107.875,14.674],[107.8744,14.677],[107.8746,14.679],[107.8734,14.6818],[107.8564,14.686],[107.8558,14.6881],[107.8551,14.689],[107.8518,14.689],[107.8437,14.6866],[107.8407,14.6867],[107.8391,14.686],[107.8384,14.6851],[107.837,14.6851],[107.8375,14.6841],[107.8354,14.6823],[107.8338,14.682],[107.8334,14.6826],[107.8318,14.6815],[107.8162,14.6813],[107.8146,14.6843],[107.813,14.6859],[107.8111,14.6863],[107.8091,14.6855],[107.8081,14.6841],[107.8065,14.684],[107.8056,14.6829],[107.8048,14.6828],[107.8036,14.6842],[107.8035,14.6853],[107.804,14.6865],[107.8026,14.689],[107.7993,14.6908],[107.7982,14.6924],[107.795,14.6934],[107.7925,14.6935],[107.7907,14.6947],[107.787,14.6909],[107.7833,14.6904],[107.7826,14.6883],[107.7812,14.6881],[107.78,14.6869],[107.7785,14.6878],[107.778,14.6876],[107.7777,14.6858],[107.7765,14.6854],[107.7751,14.6862],[107.774,14.6856],[107.773,14.6866],[107.7636,14.6821],[107.7578,14.6841],[107.7568,14.6838],[107.7565,14.6828],[107.7512,14.6824],[107.7481,14.6815],[107.7475,14.6833],[107.7458,14.684],[107.7455,14.6853],[107.7443,14.686],[107.7426,14.6839],[107.7403,14.6855],[107.7362,14.6847],[107.7354,14.6833],[107.7318,14.6814],[107.7347,14.6779],[107.7377,14.6759],[107.7378,14.6725],[107.7402,14.6695],[107.7437,14.6655],[107.7432,14.6639],[107.7434,14.6596],[107.7443,14.6589],[107.7462,14.6589],[107.7485,14.6573],[107.7474,14.656],[107.7469,14.6512],[107.7451,14.6491],[107.7447,14.6475],[107.7435,14.6463],[107.7374,14.6424],[107.7392,14.639],[107.7398,14.6368],[107.738,14.6351],[107.7409,14.6332],[107.7471,14.6306],[107.7469,14.6277],[107.749,14.6242],[107.7493,14.6224],[107.7501,14.6218],[107.7497,14.6205],[107.752,14.6193],[107.7527,14.6182],[107.7541,14.6183],[107.7565,14.6166],[107.759,14.6132],[107.7636,14.6132],[107.7652,14.6122],[107.7655,14.6111],[107.77,14.6093],[107.7735,14.6063],[107.7766,14.6044],[107.7773,14.6026],[107.7755,14.5987],[107.7727,14.5948],[107.7715,14.5944],[107.7713,14.5926],[107.7737,14.5902],[107.7734,14.5887],[107.774,14.5877],[107.7741,14.586],[107.7749,14.5853],[107.7763,14.5819],[107.7753,14.5806],[107.7751,14.5782],[107.7755,14.5774],[107.7769,14.5772],[107.7775,14.5766],[107.7769,14.5755],[107.7785,14.5721],[107.7773,14.5685],[107.7796,14.5667],[107.7824,14.5669],[107.785,14.563],[107.786,14.5598],[107.7874,14.5576],[107.7888,14.5566],[107.7887,14.5556],[107.79,14.5524],[107.7912,14.5517],[107.7916,14.5493],[107.7947,14.5443],[107.7947,14.5413],[107.7976,14.5415],[107.8005,14.543],[107.8021,14.5431],[107.8065,14.5456],[107.8087,14.546],[107.8119,14.5455],[107.8128,14.5463],[107.8151,14.5463],[107.8159,14.5469],[107.8172,14.5442],[107.8182,14.5431],[107.8188,14.5432],[107.8193,14.5421],[107.8212,14.5422],[107.8224,14.5409],[107.8228,14.5414],[107.824,14.5407],[107.8239,14.54],[107.8245,14.5401],[107.8262,14.5384],[107.8271,14.5386],[107.8271,14.5397],[107.8288,14.5409],[107.8289,14.5423],[107.8297,14.5415],[107.8307,14.5419],[107.8305,14.5415],[107.8312,14.5412],[107.832,14.542],[107.8324,14.5415],[107.8322,14.541],[107.8339,14.5387],[107.8356,14.5392],[107.8356,14.5384],[107.8366,14.5383],[107.8378,14.5371],[107.8386,14.5377],[107.8405,14.5376],[107.8412,14.5353],[107.8418,14.5348],[107.8416,14.5343],[107.8421,14.5332],[107.8417,14.5325],[107.8432,14.5334],[107.8498,14.5296],[107.8494,14.5276],[107.8508,14.5264],[107.8504,14.5247],[107.8602,14.5213],[107.8617,14.5202]]]},"properties":{"code":"23401","name":"Đăk Tô","nameEn":"Dak To","fullName":"Xã Đăk Tô","fullNameEn":"Dak To Commune","codeName":"dak_to","postalCode":"60656","postalCodePrefix":"","gisServerId":"diaphanhanhchinhcapxa_2025.543","areaKm2":218.38},"id":"23401"},
{"type":"Feature","geometry":{"type":"Polygon","coordinates":[[[107.9063,14.9982],[107.9076,15.0003],[107.9069,15.0041],[107.9078,15.0052],[107.9095,15.0061],[107.909,15.01],[107.9081,15.0113],[107.9081,15.0126],[107.9065,15.0133],[107.9053,15.0169],[107.9037,15.0173],[107.9018,15.0168],[107.899,15.0214],[107.8953,15.0294],[107.8929,15.0283],[107.8928,15.0277],[107.8939,15.0262],[107.8921,15.0257],[107.8898,15.0222],[107.8892,15.0222],[107.8881,15.0233],[107.8868,15.0228],[107.8862,15.0197],[107.8849,15.0179],[107.8848,15.016],[107.8825,15.014],[107.882,15.0141],[107.88,15.0165],[107.8784,15.0142],[107.8777,15.015],[107.8751,15.0153],[107.8734,15.0167],[107.8721,15.019],[107.8682,15.0202],[107.8666,15.0191],[107.8646,15.0189],[107.8631,15.017],[107.862,15.0166],[107.8579,15.0167],[107.8537,15.0182],[107.8507,15.018],[107.8498,15.0185],[107.8473,15.0184],[107.8461,15.0181],[107.8447,15.0148],[107.841,15.0129],[107.8381,15.0085],[107.8367,15.0078],[107.8351,15.0092],[107.8345,15.0078],[107.8311,15.0044],[107.8237,15.0032],[107.8182,15.0042],[107.8153,15.0067],[107.814,15.0073],[107.8122,15.0074],[107.8111,15.0084],[107.8064,15.0074],[107.8047,15.0044],[107.8047,15.0016],[107.8036,15.0006],[107.8022,14.9975],[107.8032,14.9938],[107.8022,14.991],[107.7992,14.9899],[107.7977,14.9881],[107.7941,14.9858],[107.7901,14.9854],[107.7887,14.9857],[107.7879,14.9852],[107.7847,14.9815],[107.7845,14.9782],[107.7815,14.9734],[107.7828,14.9712],[107.7829,14.9697],[107.7838,14.9681],[107.7827,14.9666],[107.7823,14.9637],[107.7813,14.9623],[107.7815,14.9602],[107.7804,14.9542],[107.7781,14.9497],[107.7771,14.9461],[107.7823,14.9375],[107.7827,14.9355],[107.7808,14.9306],[107.7816,14.9294],[107.7878,14.9251],[107.7891,14.9218],[107.7885,14.9205],[107.7889,14.9174],[107.7912,14.915],[107.7908,14.913],[107.7924,14.9111],[107.7925,14.9085],[107.7939,14.9071],[107.7892,14.9021],[107.789,14.898],[107.7861,14.8962],[107.7851,14.8944],[107.7841,14.8886],[107.7851,14.8863],[107.7893,14.8829],[107.7912,14.8842],[107.794,14.8801],[107.7938,14.8792],[107.7929,14.8781],[107.7929,14.8755],[107.7925,14.8748],[107.7906,14.874],[107.7905,14.8726],[107.7895,14.8719],[107.7891,14.8702],[107.7878,14.8687],[107.7861,14.8676],[107.7842,14.8674],[107.7801,14.8686],[107.7783,14.8668],[107.7788,14.8662],[107.7811,14.8663],[107.7829,14.8626],[107.7829,14.8608],[107.7818,14.8564],[107.7801,14.8546],[107.7804,14.8517],[107.7794,14.8496],[107.7764,14.847],[107.7762,14.8434],[107.7778,14.8405],[107.7767,14.8385],[107.7752,14.8377],[107.7764,14.8376],[107.7785,14.8383],[107.7803,14.838],[107.7797,14.8413],[107.7812,14.8404],[107.7816,14.8392],[107.7827,14.8401],[107.7848,14.8404],[107.7891,14.8431],[107.7927,14.8466],[107.794,14.8459],[107.7965,14.8461],[107.7982,14.8428],[107.7996,14.8431],[107.8004,14.8411],[107.8013,14.8416],[107.8022,14.8432],[107.8029,14.8434],[107.8037,14.8412],[107.8049,14.8414],[107.8064,14.8409],[107.8084,14.8404],[107.8097,14.842],[107.8111,14.8498],[107.8098,14.8555],[107.8114,14.8585],[107.8143,14.8617],[107.816,14.8604],[107.8181,14.8605],[107.8189,14.8595],[107.8231,14.8569],[107.8246,14.8574],[107.8255,14.861],[107.8253,14.862],[107.8261,14.8635],[107.83,14.8663],[107.832,14.8663],[107.8342,14.8672],[107.8346,14.8709],[107.8365,14.872],[107.837,14.8741],[107.8404,14.875],[107.8416,14.8759],[107.8443,14.8835],[107.846,14.8836],[107.8475,14.8826],[107.8485,14.8827],[107.8479,14.8845],[107.8501,14.8872],[107.8536,14.8879],[107.8539,14.8898],[107.8593,14.8943],[107.8597,14.8938],[107.8599,14.8945],[107.8611,14.8953],[107.8613,14.8961],[107.8719,14.9052],[107.8744,14.9115],[107.8761,14.9127],[107.8765,14.9143],[107.8789,14.9154],[107.8794,14.9165],[107.8814,14.9174],[107.8818,14.9183],[107.8864,14.9232],[107.8887,14.9243],[107.8896,14.9257],[107.893,14.926],[107.8966,14.9274],[107.8963,14.931],[107.8948,14.9373],[107.8947,14.9402],[107.8938,14.9414],[107.8937,14.9428],[107.8924,14.9441],[107.8911,14.9479],[107.8885,14.9515],[107.8875,14.952],[107.8872,14.9592],[107.8877,14.96],[107.8861,14.9647],[107.8866,14.9659],[107.8861,14.9708],[107.8881,14.9759],[107.8891,14.9761],[107.8918,14.9782],[107.8927,14.98],[107.8947,14.982],[107.8949,14.983],[107.8963,14.9836],[107.8975,14.9868],[107.8999,14.9906],[107.9029,14.9918],[107.9041,14.993],[107.9044,14.9945],[107.9052,14.9954],[107.9063,14.9982]]]},"properties":{"code":"23416","name":"Đăk Sao","nameEn":"Dak Sao","fullName":"Xã Đăk Sao","fullNameEn":"Dak Sao Commune","codeName":"dak_sao","postalCode":"60313","postalCodePrefix":"","gisServerId":"diaphanhanhchinhcapxa_2025.535","areaKm2":172.29},"id":"23416"},
{"type":"Feature","geometry":{"type":"Polygon","coordinates":[[[107.8124,14.8073],[107.8128,14.8052],[107.8313,14.7926],[107.835,14.7906],[107.853,14.7897],[107.8524,14.7839],[107.8536,14.7832],[107.8557,14.7851],[107.8572,14.7853],[107.8611,14.7837],[107.862,14.782],[107.8636,14.7815],[107.8646,14.7819],[107.8648,14.7828],[107.8664,14.7838],[107.8696,14.7845],[107.8697,14.7856],[107.8688,14.7872],[107.8696,14.7889],[107.8731,14.7915],[107.8751,14.7925],[107.8768,14.7928],[107.8791,14.7954],[107.8787,14.7965],[107.88,14.7987],[107.8874,14.8054],[107.8886,14.8057],[107.8893,14.8074],[107.8903,14.8074],[107.8921,14.8111],[107.8946,14.8119],[107.896,14.8118],[107.8972,14.8128],[107.8995,14.8113],[107.9014,14.8119],[107.907,14.8166],[107.9087,14.8191],[107.9149,14.8237],[107.9162,14.8268],[107.918,14.8284],[107.9189,14.8312],[107.9212,14.8326],[107.9231,14.8352],[107.9255,14.8365],[107.9257,14.8378],[107.9248,14.8403],[107.9251,14.8417],[107.9278,14.8444],[107.9286,14.847],[107.9305,14.8497],[107.933,14.8498],[107.9342,14.8506],[107.9349,14.8523],[107.9359,14.8532],[107.9368,14.8563],[107.9382,14.8576],[107.9394,14.8614],[107.939,14.8625],[107.9395,14.8648],[107.9395,14.8675],[107.9407,14.8699],[107.9398,14.8714],[107.9396,14.8746],[107.9398,14.8752],[107.941,14.8754],[107.9405,14.8765],[107.938,14.8772],[107.9363,14.8801],[107.9328,14.8787],[107.9254,14.8892],[107.9208,14.8897],[107.9193,14.8956],[107.9171,14.8973],[107.9068,14.9086],[107.9015,14.916],[107.9012,14.918],[107.9003,14.9191],[107.8999,14.9211],[107.8988,14.9222],[107.8966,14.9274],[107.893,14.926],[107.8896,14.9257],[107.8887,14.9243],[107.8864,14.9232],[107.8818,14.9183],[107.8814,14.9174],[107.8794,14.9165],[107.8789,14.9154],[107.8765,14.9143],[107.8761,14.9127],[107.8744,14.9115],[107.8719,14.9052],[107.8613,14.8961],[107.8611,14.8953],[107.8599,14.8945],[107.8597,14.8938],[107.8593,14.8943],[107.8539,14.8898],[107.8536,14.8879],[107.8501,14.8872],[107.8479,14.8845],[107.8485,14.8827],[107.8475,14.8826],[107.846,14.8836],[107.8443,14.8835],[107.8416,14.8759],[107.8404,14.875],[107.837,14.8741],[107.8365,14.872],[107.8346,14.8709],[107.8342,14.8672],[107.832,14.8663],[107.83,14.8663],[107.8261,14.8635],[107.8253,14.862],[107.8255,14.861],[107.8246,14.8574],[107.8231,14.8569],[107.8189,14.8595],[107.8181,14.8605],[107.816,14.8604],[107.8143,14.8617],[107.8114,14.8585],[107.8098,14.8555],[107.8111,14.8498],[107.8097,14.842],[107.8084,14.8404],[107.8064,14.8409],[107.8065,14.8389],[107.8078,14.8366],[107.8074,14.8308],[107.8082,14.8297],[107.8086,14.8273],[107.8093,14.8257],[107.8094,14.8224],[107.8112,14.8138],[107.8122,14.8123],[107.8115,14.8094],[107.8124,14.8073]]]},"properties":{"code":"23419","name":"Đăk Tờ Kan","nameEn":"Dak To Kan","fullName":"Xã Đăk Tờ Kan","fullNameEn":"Dak To Kan Commune","codeName":"dak_to_kan","postalCode":"60316","postalCodePrefix":"","gisServerId":"diaphanhanhchinhcapxa_2025.536","areaKm2":131.84},"id":"23419"},
{"type":"Feature","geometry":{"type":"Polygon","coordinates":[[[107.907,14.8166],[107.9141,14.8143],[107.9137,14.8113],[107.9119,14.807],[107.9123,14.806],[107.9115,14.7995],[107.9118,14.7977],[107.9105,14.797],[107.9095,14.7952],[107.9117,14.7881],[107.9109,14.7856],[107.9119,14.7841],[107.9114,14.7826],[107.9118,14.7813],[107.9104,14.7801],[107.9105,14.779],[107.9022,14.7668],[107.9141,14.7668],[107.917,14.766],[107.9186,14.7633],[107.9224,14.7609],[107.9292,14.749],[107.9312,14.7488],[107.932,14.7476],[107.9372,14.7441],[107.9408,14.739],[107.9437,14.7401],[107.9451,14.7403],[107.9477,14.7479],[107.9537,14.7479],[107.9581,14.7489],[107.961,14.748],[107.962,14.7491],[107.9671,14.7518],[107.9702,14.747],[107.9709,14.7469],[107.9739,14.7478],[107.9746,14.7491],[107.9763,14.7492],[107.9774,14.7486],[107.9778,14.7495],[107.9774,14.7522],[107.9785,14.7543],[107.981,14.752],[107.9835,14.7509],[107.9851,14.7508],[107.9905,14.7518],[107.9918,14.7517],[107.9949,14.7534],[107.9999,14.7547],[108.0013,14.7581],[108.0029,14.759],[108.0037,14.7609],[108.0021,14.765],[108.0037,14.7671],[108.003,14.7688],[108.0014,14.7703],[108.0012,14.7713],[108.0017,14.7724],[108.0029,14.7733],[108.0029,14.7758],[108.0045,14.7769],[108.0053,14.7788],[108.0046,14.7806],[108.0025,14.7828],[108.0002,14.7831],[107.9986,14.784],[107.9988,14.7853],[108.0014,14.7862],[108.0015,14.7876],[108.001,14.788],[107.9989,14.7882],[107.9974,14.7919],[107.9988,14.7937],[107.9997,14.7958],[108.0029,14.7971],[108.0093,14.7982],[108.0148,14.802],[108.0155,14.8028],[108.0156,14.804],[108.0145,14.806],[108.0137,14.8075],[108.0138,14.8101],[108.0164,14.8119],[108.0151,14.8146],[108.0168,14.8154],[108.0193,14.8178],[108.021,14.8186],[108.0219,14.8197],[108.0248,14.8201],[108.0262,14.8225],[108.0284,14.8244],[108.0286,14.8259],[108.0276,14.8277],[108.0276,14.8287],[108.0288,14.8303],[108.0299,14.8338],[108.03,14.8353],[108.0293,14.8363],[108.0267,14.838],[108.0229,14.8381],[108.0203,14.8407],[108.0198,14.8446],[108.0213,14.8472],[108.0211,14.8498],[108.0216,14.8527],[108.0201,14.8578],[108.0219,14.8617],[108.0214,14.8626],[108.0196,14.8628],[108.0178,14.865],[108.0165,14.8644],[108.015,14.8647],[108.0143,14.8638],[108.013,14.8634],[108.0118,14.8626],[108.0102,14.8623],[108.0039,14.8629],[108.0018,14.8624],[107.9977,14.8641],[107.9981,14.8667],[107.9962,14.8678],[107.9956,14.8693],[107.9945,14.8697],[107.9925,14.874],[107.9911,14.8747],[107.9892,14.8746],[107.9885,14.8751],[107.9877,14.8808],[107.9868,14.8823],[107.9853,14.8827],[107.9853,14.8864],[107.982,14.8922],[107.9818,14.8934],[107.9825,14.8949],[107.9824,14.8958],[107.9834,14.8966],[107.9837,14.8983],[107.9855,14.9004],[107.9856,14.9011],[107.9843,14.9024],[107.9825,14.9025],[107.9821,14.9036],[107.9827,14.9058],[107.9803,14.9084],[107.9768,14.9045],[107.9744,14.9043],[107.973,14.9054],[107.9698,14.9062],[107.969,14.9051],[107.9646,14.9043],[107.9631,14.9032],[107.962,14.9034],[107.9582,14.9007],[107.9567,14.9008],[107.9524,14.8948],[107.9522,14.8934],[107.9502,14.8931],[107.9469,14.8901],[107.945,14.8902],[107.944,14.8908],[107.9317,14.89],[107.9276,14.8913],[107.926,14.8927],[107.9208,14.8897],[107.9254,14.8892],[107.9328,14.8787],[107.9363,14.8801],[107.938,14.8772],[107.9405,14.8765],[107.941,14.8754],[107.9398,14.8752],[107.9396,14.8746],[107.9398,14.8714],[107.9407,14.8699],[107.9395,14.8675],[107.9395,14.8648],[107.939,14.8625],[107.9394,14.8614],[107.9382,14.8576],[107.9368,14.8563],[107.9359,14.8532],[107.9349,14.8523],[107.9342,14.8506],[107.933,14.8498],[107.9305,14.8497],[107.9286,14.847],[107.9278,14.8444],[107.9251,14.8417],[107.9248,14.8403],[107.9257,14.8378],[107.9255,14.8365],[107.9231,14.8352],[107.9212,14.8326],[107.9189,14.8312],[107.918,14.8284],[107.9162,14.8268],[107.9149,14.8237],[107.9087,14.8191],[107.907,14.8166]]]},"properties":{"code":"23425","name":"Tu Mơ Rông","nameEn":"Tu Mo Rong","fullName":"Xã Tu Mơ Rông","fullNameEn":"Tu Mo Rong Commune","codeName":"tu_mo_rong","postalCode":"60307","postalCodePrefix":"","gisServerId":"diaphanhanhchinhcapxa_2025.3157","areaKm2":152.13},"id":"23425"},
{"type":"Feature","geometry":{"type":"Polygon","coordinates":[[[107.8064,14.8409],[107.8049,14.8414],[107.8037,14.8412],[107.8029,14.8434],[107.8022,14.8432],[107.8013,14.8416],[107.8004,14.8411],[107.7996,14.8431],[107.7982,14.8428],[107.7965,14.8461],[107.794,14.8459],[107.7927,14.8466],[107.7891,14.8431],[107.7848,14.8404],[107.7827,14.8401],[107.7816,14.8392],[107.7812,14.8404],[107.7797,14.8413],[107.7803,14.838],[107.7785,14.8383],[107.7764,14.8376],[107.7752,14.8377],[107.7737,14.8364],[107.7724,14.8365],[107.7708,14.8355],[107.7678,14.8345],[107.7643,14.8293],[107.7611,14.8284],[107.7602,14.8288],[107.7587,14.8288],[107.7566,14.8265],[107.7554,14.8263],[107.754,14.8246],[107.7537,14.8229],[107.7543,14.8187],[107.7487,14.819],[107.7446,14.8167],[107.7418,14.8162],[107.7375,14.8137],[107.7343,14.8106],[107.736,14.8083],[107.7356,14.8022],[107.7353,14.802],[107.7355,14.8008],[107.7369,14.7987],[107.7368,14.7966],[107.7382,14.796],[107.7388,14.7946],[107.7402,14.794],[107.7397,14.7935],[107.7392,14.7909],[107.7383,14.7905],[107.7378,14.7891],[107.7362,14.7873],[107.7346,14.7883],[107.7338,14.7854],[107.7324,14.7841],[107.7322,14.7827],[107.7301,14.7807],[107.7298,14.7794],[107.7284,14.7793],[107.7279,14.7787],[107.7277,14.7757],[107.7262,14.7721],[107.7244,14.77],[107.7243,14.7673],[107.7215,14.7641],[107.7154,14.7611],[107.7088,14.7587],[107.706,14.756],[107.7,14.7527],[107.7,14.7517],[107.704,14.7496],[107.7045,14.7484],[107.7044,14.7445],[107.703,14.7419],[107.7046,14.7386],[107.7018,14.7357],[107.7011,14.7328],[107.7012,14.7308],[107.702,14.7294],[107.7047,14.7294],[107.7062,14.7283],[107.7062,14.7261],[107.7077,14.7238],[107.7078,14.7216],[107.709,14.7197],[107.7104,14.7191],[107.7112,14.7182],[107.7111,14.717],[107.7096,14.7144],[107.7097,14.713],[107.7121,14.7105],[107.7132,14.7069],[107.7131,14.7061],[107.7113,14.7047],[107.7113,14.7038],[107.7122,14.7031],[107.714,14.7031],[107.7159,14.7023],[107.7167,14.6992],[107.7212,14.6984],[107.7219,14.6971],[107.7219,14.6952],[107.7234,14.6947],[107.7251,14.6933],[107.7308,14.6855],[107.7318,14.6814],[107.7354,14.6833],[107.7362,14.6847],[107.7403,14.6855],[107.7426,14.6839],[107.7443,14.686],[107.7455,14.6853],[107.7458,14.684],[107.7475,14.6833],[107.7481,14.6815],[107.7512,14.6824],[107.7565,14.6828],[107.7568,14.6838],[107.7578,14.6841],[107.7636,14.6821],[107.773,14.6866],[107.774,14.6856],[107.7751,14.6862],[107.7765,14.6854],[107.7777,14.6858],[107.778,14.6876],[107.7785,14.6878],[107.78,14.6869],[107.7812,14.6881],[107.7826,14.6883],[107.7833,14.6904],[107.787,14.6909],[107.7907,14.6947],[107.7925,14.6935],[107.795,14.6934],[107.7982,14.6924],[107.7993,14.6908],[107.8026,14.689],[107.804,14.6865],[107.8035,14.6853],[107.8036,14.6842],[107.8048,14.6828],[107.8056,14.6897],[107.8207,14.7074],[107.8233,14.7089],[107.8261,14.7113],[107.8262,14.7122],[107.8268,14.7125],[107.8263,14.7144],[107.8294,14.7146],[107.8298,14.7173],[107.8294,14.7182],[107.8278,14.7195],[107.8297,14.7242],[107.8312,14.7244],[107.8314,14.7259],[107.831,14.7265],[107.8315,14.7274],[107.8334,14.7285],[107.8337,14.7292],[107.8333,14.7313],[107.8319,14.7336],[107.8298,14.7354],[107.8277,14.7357],[107.8263,14.738],[107.8263,14.7405],[107.8271,14.7411],[107.8282,14.7458],[107.8293,14.748],[107.8286,14.7497],[107.8276,14.7506],[107.8247,14.7513],[107.8225,14.7527],[107.8203,14.753],[107.8191,14.7543],[107.8144,14.7544],[107.8141,14.7559],[107.8116,14.7567],[107.809,14.7586],[107.8074,14.7589],[107.8067,14.76],[107.8055,14.7604],[107.8055,14.7628],[107.8049,14.7633],[107.8043,14.7657],[107.8051,14.7667],[107.8047,14.7679],[107.8023,14.7705],[107.8015,14.7726],[107.7996,14.774],[107.7997,14.7767],[107.7986,14.7816],[107.799,14.7829],[107.7981,14.7847],[107.7986,14.7865],[107.7974,14.7884],[107.7979,14.7893],[107.7975,14.7905],[107.7984,14.7933],[107.7996,14.7954],[107.8039,14.7972],[107.8055,14.801],[107.8081,14.804],[107.8091,14.807],[107.811,14.8075],[107.8124,14.8073],[107.8115,14.8094],[107.8122,14.8123],[107.8112,14.8138],[107.8094,14.8224],[107.8093,14.8257],[107.8086,14.8273],[107.8082,14.8297],[107.8074,14.8308],[107.8078,14.8366],[107.8065,14.8389],[107.8064,14.8409]]]},"properties":{"code":"23428","name":"Ngọk Tụ","nameEn":"Ngok Tu","fullName":"Xã Ngọk Tụ","fullNameEn":"Ngok Tu Commune","codeName":"ngok_tu","postalCode":"60661","postalCodePrefix":"","gisServerId":"diaphanhanhchinhcapxa_2025.537","areaKm2":160.97},"id":"23428"},
{"type":"Feature","geometry":{"type":"Polygon","coordinates":[[[107.9353,14.7368],[107.9408,14.739],[107.9372,14.7441],[107.932,14.7476],[107.9312,14.7488],[107.9292,14.749],[107.9224,14.7609],[107.9186,14.7633],[107.917,14.766],[107.9141,14.7668],[107.9022,14.7668],[107.9105,14.779],[107.9104,14.7801],[107.9118,14.7813],[107.9114,14.7826],[107.9119,14.7841],[107.9109,14.7856],[107.9117,14.7881],[107.9095,14.7952],[107.9105,14.797],[107.9118,14.7977],[107.9115,14.7995],[107.9123,14.806],[107.9119,14.807],[107.9137,14.8113],[107.9141,14.8143],[107.907,14.8166],[107.9014,14.8119],[107.8995,14.8113],[107.8972,14.8128],[107.896,14.8118],[107.8946,14.8119],[107.8921,14.8111],[107.8903,14.8074],[107.8893,14.8074],[107.8886,14.8057],[107.8874,14.8054],[107.88,14.7987],[107.8787,14.7965],[107.8791,14.7954],[107.8768,14.7928],[107.8751,14.7925],[107.8731,14.7915],[107.8696,14.7889],[107.8688,14.7872],[107.8697,14.7856],[107.8696,14.7845],[107.8664,14.7838],[107.8648,14.7828],[107.8646,14.7819],[107.8636,14.7815],[107.862,14.782],[107.8611,14.7837],[107.8572,14.7853],[107.8557,14.7851],[107.8536,14.7832],[107.8524,14.7839],[107.853,14.7897],[107.835,14.7906],[107.8313,14.7926],[107.8128,14.8052],[107.8124,14.8073],[107.811,14.8075],[107.8091,14.807],[107.8081,14.804],[107.8055,14.801],[107.8039,14.7972],[107.7996,14.7954],[107.7984,14.7933],[107.7975,14.7905],[107.7979,14.7893],[107.7974,14.7884],[107.7986,14.7865],[107.7981,14.7847],[107.799,14.7829],[107.7986,14.7816],[107.7997,14.7767],[107.7996,14.774],[107.8015,14.7726],[107.8023,14.7705],[107.8047,14.7679],[107.8051,14.7667],[107.8043,14.7657],[107.8049,14.7633],[107.8055,14.7628],[107.8055,14.7604],[107.8067,14.76],[107.8074,14.7589],[107.809,14.7586],[107.8116,14.7567],[107.8141,14.7559],[107.8144,14.7544],[107.8191,14.7543],[107.8203,14.753],[107.8225,14.7527],[107.8247,14.7513],[107.8276,14.7506],[107.8286,14.7497],[107.8293,14.748],[107.8282,14.7458],[107.8271,14.7411],[107.8263,14.7405],[107.8263,14.738],[107.8277,14.7357],[107.8298,14.7354],[107.8319,14.7336],[107.8333,14.7313],[107.8337,14.7292],[107.8334,14.7285],[107.8315,14.7274],[107.831,14.7265],[107.8314,14.7259],[107.8312,14.7244],[107.8297,14.7242],[107.8278,14.7195],[107.8294,14.7182],[107.8298,14.7173],[107.8294,14.7146],[107.8263,14.7144],[107.8268,14.7125],[107.8262,14.7122],[107.8261,14.7113],[107.8233,14.7089],[107.8207,14.7074],[107.8056,14.6897],[107.8048,14.6828],[107.8056,14.6829],[107.8065,14.684],[107.8081,14.6841],[107.8091,14.6855],[107.8111,14.6863],[107.813,14.6859],[107.8146,14.6843],[107.8162,14.6813],[107.8318,14.6815],[107.8334,14.6826],[107.8338,14.682],[107.8354,14.6823],[107.8375,14.6841],[107.837,14.6851],[107.8384,14.6851],[107.8391,14.686],[107.8407,14.6867],[107.8437,14.6866],[107.8518,14.689],[107.8551,14.689],[107.8558,14.6881],[107.8564,14.686],[107.8734,14.6818],[107.8871,14.6823],[107.8889,14.6858],[107.8931,14.6916],[107.8923,14.6936],[107.8921,14.6958],[107.8923,14.6978],[107.8933,14.7002],[107.8982,14.7028],[107.8994,14.7058],[107.9005,14.7072],[107.9031,14.7076],[107.9077,14.7106],[107.908,14.7138],[107.9065,14.7151],[107.9061,14.7162],[107.9068,14.719],[107.9088,14.7212],[107.9089,14.7235],[107.9111,14.7243],[107.9131,14.7285],[107.9254,14.7338],[107.9353,14.7368]]]},"properties":{"code":"23430","name":"Kon Đào","nameEn":"Kon Dao","fullName":"Xã Kon Đào","fullNameEn":"Kon Dao Commune","codeName":"kon_dao","postalCode":"60657","postalCodePrefix":"","gisServerId":"diaphanhanhchinhcapxa_2025.538","areaKm2":129.34},"id":"23430"},
{"type":"Feature","geometry":{"type":"Polygon","coordinates":[[[108.1394,14.8019],[108.138,14.8035],[108.1389,14.8073],[108.1381,14.8086],[108.1382,14.8102],[108.1408,14.815],[108.1424,14.8164],[108.1419,14.8168],[108.1437,14.8251],[108.1487,14.8346],[108.1491,14.8369],[108.1481,14.8379],[108.1454,14.838],[108.1422,14.8403],[108.1421,14.8414],[108.1407,14.8431],[108.1391,14.8435],[108.1368,14.8533],[108.1391,14.8583],[108.1379,14.8601],[108.1382,14.8614],[108.1373,14.8623],[108.1379,14.8658],[108.1373,14.8666],[108.1386,14.8679],[108.1393,14.8702],[108.1384,14.872],[108.1369,14.8723],[108.139,14.874],[108.1308,14.8772],[108.1292,14.8793],[108.1273,14.884],[108.1277,14.8876],[108.1391,14.9042],[108.148,14.9058],[108.1499,14.9071],[108.1521,14.9071],[108.1536,14.9084],[108.1578,14.91],[108.1585,14.9107],[108.1579,14.9133],[108.1584,14.9148],[108.1563,14.916],[108.1544,14.9183],[108.1551,14.9215],[108.1559,14.9222],[108.1565,14.9241],[108.1555,14.9261],[108.152,14.9294],[108.1523,14.9312],[108.1518,14.932],[108.1499,14.933],[108.1489,14.9351],[108.1455,14.9362],[108.1459,14.9371],[108.1441,14.9365],[108.1412,14.9386],[108.1414,14.9402],[108.1403,14.9412],[108.1392,14.9435],[108.1374,14.9443],[108.1347,14.9464],[108.1268,14.9584],[108.125,14.9598],[108.1238,14.96],[108.1209,14.9591],[108.1175,14.9592],[108.1154,14.9573],[108.1132,14.9563],[108.1123,14.9553],[108.1097,14.9549],[108.1078,14.9521],[108.1064,14.9513],[108.1004,14.9527],[108.0986,14.9528],[108.0971,14.9523],[108.0951,14.953],[108.0923,14.9524],[108.0864,14.9557],[108.0845,14.9575],[108.0825,14.9607],[108.0813,14.9663],[108.0784,14.9677],[108.077,14.9691],[108.0761,14.9692],[108.0751,14.9702],[108.0722,14.9694],[108.066,14.9713],[108.0604,14.9721],[108.0606,14.974],[108.055,14.981],[108.0487,14.9865],[108.0489,14.9886],[108.0498,14.9899],[108.0475,14.9923],[108.0359,14.9951],[108.0311,14.9968],[108.0291,14.9979],[108.0224,14.9986],[108.0206,14.9997],[108.019,14.9998],[108.0171,15.0026],[108.0155,15.0008],[108.0098,14.9983],[108.0085,14.9971],[108.0077,14.9999],[108.0036,15.0023],[108.0008,15.0022],[107.9984,15.0008],[107.9948,15.0008],[107.992,14.9991],[107.9901,14.9994],[107.9869,15.0015],[107.9832,15.0067],[107.9829,15.0103],[107.9789,15.0104],[107.9738,15.0126],[107.973,15.012],[107.9721,15.012],[107.9723,15.014],[107.9702,15.0149],[107.9694,15.0169],[107.9683,15.0177],[107.9651,15.0219],[107.9629,15.0291],[107.9612,15.0301],[107.96,15.033],[107.9568,15.0373],[107.9526,15.0365],[107.9491,15.0338],[107.948,15.0299],[107.9458,15.0273],[107.9465,15.0237],[107.9461,15.0233],[107.9446,15.0233],[107.9441,15.0214],[107.9451,15.0203],[107.947,15.0198],[107.9482,15.0177],[107.946,15.0098],[107.9433,15.0057],[107.9396,15.0052],[107.9227,15.0047],[107.9186,15.0031],[107.916,15.0008],[107.9124,14.999],[107.9063,14.9982],[107.9052,14.9954],[107.9044,14.9945],[107.9041,14.993],[107.9029,14.9918],[107.8999,14.9906],[107.8975,14.9868],[107.8963,14.9836],[107.8949,14.983],[107.8947,14.982],[107.8927,14.98],[107.8918,14.9782],[107.8891,14.9761],[107.8881,14.9759],[107.8861,14.9708],[107.8866,14.9659],[107.8861,14.9647],[107.8877,14.96],[107.8872,14.9592],[107.8875,14.952],[107.8885,14.9515],[107.8911,14.9479],[107.8924,14.9441],[107.8937,14.9428],[107.8938,14.9414],[107.8947,14.9402],[107.8948,14.9373],[107.8963,14.931],[107.8966,14.9274],[107.8988,14.9222],[107.8999,14.9211],[107.9003,14.9191],[107.9012,14.918],[107.9015,14.916],[107.9068,14.9086],[107.9171,14.8973],[107.9193,14.8956],[107.9208,14.8897],[107.926,14.8927],[107.9276,14.8913],[107.9317,14.89],[107.944,14.8908],[107.945,14.8902],[107.9469,14.8901],[107.9502,14.8931],[107.9522,14.8934],[107.9524,14.8948],[107.9567,14.9008],[107.9582,14.9007],[107.962,14.9034],[107.9631,14.9032],[107.9646,14.9043],[107.969,14.9051],[107.9698,14.9062],[107.973,14.9054],[107.9744,14.9043],[107.9768,14.9045],[107.9803,14.9084],[107.9827,14.9058],[107.9821,14.9036],[107.9825,14.9025],[107.9843,14.9024],[107.9856,14.9011],[107.9855,14.9004],[107.9837,14.8983],[107.9834,14.8966],[107.9824,14.8958],[107.9825,14.8949],[107.9818,14.8934],[107.982,14.8922],[107.9853,14.8864],[107.9853,14.8827],[107.9868,14.8823],[107.9877,14.8808],[107.9885,14.8751],[107.9892,14.8746],[107.9911,14.8747],[107.9925,14.874],[107.9945,14.8697],[107.9956,14.8693],[107.9962,14.8678],[107.9981,14.8667],[107.9977,14.8641],[108.0018,14.8624],[108.0039,14.8629],[108.0102,14.8623],[108.0118,14.8626],[108.013,14.8634],[108.0143,14.8638],[108.015,14.8647],[108.0165,14.8644],[108.0178,14.865],[108.0196,14.8628],[108.0214,14.8626],[108.0219,14.8617],[108.0201,14.8578],[108.0216,14.8527],[108.0211,14.8498],[108.0213,14.8472],[108.0198,14.8446],[108.0203,14.8407],[108.0229,14.8381],[108.0267,14.838],[108.0293,14.8363],[108.03,14.8353],[108.0299,14.8338],[108.0288,14.8303],[108.0276,14.8287],[108.0276,14.8277],[108.0286,14.8259],[108.0284,14.8244],[108.0262,14.8225],[108.0248,14.8201],[108.0219,14.8197],[108.021,14.8186],[108.0193,14.8178],[108.0168,14.8154],[108.0151,14.8146],[108.0164,14.8119],[108.0138,14.8101],[108.0137,14.8075],[108.0145,14.806],[108.0151,14.8066],[108.015,14.8076],[108.0157,14.8089],[108.0177,14.8094],[108.0187,14.8118],[108.0199,14.8129],[108.0221,14.8133],[108.0223,14.8146],[108.0251,14.8153],[108.0274,14.8138],[108.0294,14.8154],[108.0312,14.8154],[108.0351,14.8174],[108.0357,14.8182],[108.0357,14.8191],[108.0344,14.8199],[108.0343,14.8232],[108.0334,14.8246],[108.0375,14.8275],[108.038,14.8286],[108.0419,14.8296],[108.0426,14.8291],[108.0453,14.8292],[108.0463,14.8282],[108.0475,14.8281],[108.0479,14.8267],[108.0499,14.8248],[108.0503,14.8233],[108.0517,14.8226],[108.0516,14.8216],[108.0509,14.8214],[108.0507,14.8209],[108.0522,14.8191],[108.0527,14.8173],[108.0546,14.8173],[108.0558,14.8167],[108.0559,14.8157],[108.0572,14.8155],[108.0573,14.814],[108.0589,14.8128],[108.0641,14.8117],[108.0664,14.8126],[108.0744,14.8176],[108.0791,14.8196],[108.0806,14.8196],[108.0822,14.8189],[108.0846,14.8193],[108.0885,14.8223],[108.0907,14.8219],[108.0919,14.8234],[108.0932,14.8241],[108.0961,14.8242],[108.0978,14.8227],[108.0979,14.8175],[108.1009,14.8166],[108.1015,14.8138],[108.1031,14.812],[108.103,14.8088],[108.1043,14.8081],[108.1053,14.8065],[108.1051,14.805],[108.1066,14.8026],[108.1061,14.7993],[108.1055,14.7985],[108.1119,14.7979],[108.1141,14.797],[108.1175,14.8001],[108.1189,14.8004],[108.1211,14.7998],[108.1214,14.8011],[108.1234,14.801],[108.1287,14.8004],[108.1369,14.7976],[108.1415,14.7948],[108.1406,14.7977],[108.1409,14.7992],[108.1406,14.8004],[108.1394,14.8019]]]},"properties":{"code":"23446","name":"Măng Ri","nameEn":"Mang Ri","fullName":"Xã Măng Ri","fullNameEn":"Mang Ri Commune","codeName":"mang_ri","postalCode":"60311","postalCodePrefix":"","gisServerId":"diaphanhanhchinhcapxa_2025.3156","areaKm2":401.18},"id":"23446"},
{"type":"Feature","geometry":{"type":"Polygon","coordinates":[[[108.125,14.9598],[108.1268,14.9584],[108.1347,14.9464],[108.1374,14.9443],[108.1392,14.9435],[108.1403,14.9412],[108.1414,14.9402],[108.1412,14.9386],[108.1441,14.9365],[108.1459,14.9371],[108.1455,14.9362],[108.1489,14.9351],[108.1499,14.933],[108.1518,14.932],[108.1523,14.9312],[108.152,14.9294],[108.1555,14.9261],[108.1565,14.9241],[108.1559,14.9222],[108.1551,14.9215],[108.1544,14.9183],[108.1563,14.916],[108.1584,14.9148],[108.1579,14.9133],[108.1585,14.9107],[108.1578,14.91],[108.1536,14.9084],[108.1521,14.9071],[108.1499,14.9071],[108.148,14.9058],[108.1391,14.9042],[108.1277,14.8876],[108.1273,14.884],[108.1292,14.8793],[108.1308,14.8772],[108.139,14.874],[108.1369,14.8723],[108.1384,14.872],[108.1393,14.8702],[108.1386,14.8679],[108.1373,14.8666],[108.1379,14.8658],[108.1373,14.8623],[108.1382,14.8614],[108.1379,14.8601],[108.1391,14.8583],[108.1368,14.8533],[108.1391,14.8435],[108.1407,14.8431],[108.1421,14.8414],[108.1422,14.8403],[108.1454,14.838],[108.1481,14.8379],[108.1491,14.8369],[108.1487,14.8346],[108.1437,14.8251],[108.1419,14.8168],[108.1424,14.8164],[108.1408,14.815],[108.1382,14.8102],[108.1381,14.8086],[108.1389,14.8073],[108.138,14.8035],[108.1394,14.8019],[108.1427,14.8012],[108.144,14.8022],[108.1455,14.8012],[108.1468,14.8018],[108.1496,14.8017],[108.1507,14.8025],[108.1518,14.8045],[108.1527,14.8048],[108.1536,14.8042],[108.1566,14.7985],[108.1582,14.7985],[108.16,14.7978],[108.1649,14.7979],[108.166,14.7995],[108.1673,14.7994],[108.1681,14.8003],[108.1683,14.7999],[108.1705,14.8001],[108.172,14.802],[108.1725,14.8013],[108.1734,14.8017],[108.1753,14.8014],[108.1761,14.8019],[108.1786,14.8013],[108.1808,14.8041],[108.1799,14.8078],[108.1801,14.8121],[108.181,14.8133],[108.1808,14.8148],[108.1827,14.8157],[108.1851,14.818],[108.1863,14.8172],[108.1871,14.8178],[108.1889,14.8212],[108.1884,14.8232],[108.1917,14.827],[108.1914,14.8283],[108.1918,14.8298],[108.1967,14.8322],[108.1998,14.8312],[108.2016,14.8318],[108.2021,14.831],[108.2015,14.8298],[108.2051,14.8216],[108.209,14.821],[108.2103,14.8203],[108.211,14.8187],[108.2117,14.8183],[108.2149,14.8199],[108.2164,14.8195],[108.2179,14.817],[108.2168,14.8159],[108.2161,14.8113],[108.2203,14.8078],[108.221,14.8064],[108.2258,14.8054],[108.226,14.8039],[108.2251,14.8035],[108.2255,14.8031],[108.2253,14.801],[108.2256,14.801],[108.2257,14.8],[108.2283,14.7991],[108.2287,14.7996],[108.2294,14.7994],[108.2308,14.8004],[108.2312,14.7999],[108.2332,14.8],[108.2353,14.7993],[108.2365,14.7997],[108.2373,14.799],[108.2397,14.7987],[108.2408,14.7981],[108.2402,14.7959],[108.2394,14.7954],[108.2392,14.7948],[108.2406,14.7941],[108.2408,14.7933],[108.242,14.7926],[108.2422,14.792],[108.2414,14.7917],[108.241,14.79],[108.2428,14.7867],[108.2456,14.7859],[108.2467,14.7861],[108.2486,14.7851],[108.2506,14.7858],[108.252,14.785],[108.2528,14.7861],[108.2559,14.7861],[108.2569,14.7865],[108.2573,14.7869],[108.2572,14.7881],[108.2591,14.7881],[108.2609,14.7872],[108.2631,14.7877],[108.267,14.785],[108.2675,14.7827],[108.2694,14.7816],[108.2692,14.7802],[108.2703,14.7788],[108.2722,14.7784],[108.2748,14.779],[108.2787,14.7814],[108.2842,14.7828],[108.2882,14.7854],[108.288,14.7879],[108.2915,14.7893],[108.2943,14.7936],[108.2952,14.7957],[108.2964,14.7963],[108.2982,14.7984],[108.2986,14.8009],[108.2981,14.8023],[108.2988,14.8044],[108.2978,14.8065],[108.2997,14.8081],[108.2988,14.8085],[108.2975,14.8101],[108.2973,14.8112],[108.2935,14.8149],[108.2892,14.8156],[108.2862,14.8154],[108.2853,14.8159],[108.2843,14.8186],[108.2848,14.8232],[108.2836,14.825],[108.2853,14.8268],[108.2848,14.8328],[108.2861,14.8347],[108.2864,14.8367],[108.2854,14.8397],[108.2864,14.8414],[108.2863,14.8485],[108.2893,14.8533],[108.2903,14.856],[108.29,14.8577],[108.2915,14.8601],[108.2933,14.8612],[108.2926,14.869],[108.2918,14.8715],[108.2936,14.873],[108.294,14.874],[108.2954,14.8747],[108.2972,14.8777],[108.2994,14.8777],[108.3008,14.8788],[108.3024,14.8788],[108.3038,14.88],[108.3053,14.882],[108.3055,14.8837],[108.3077,14.8866],[108.3097,14.887],[108.3107,14.8865],[108.3128,14.8868],[108.3136,14.8863],[108.3155,14.8886],[108.3181,14.8889],[108.3213,14.891],[108.3241,14.8938],[108.3252,14.8942],[108.3263,14.8959],[108.3261,14.897],[108.3249,14.8986],[108.326,14.9008],[108.324,14.9026],[108.3247,14.9044],[108.3244,14.9049],[108.3216,14.9071],[108.3225,14.9121],[108.3209,14.9133],[108.3215,14.9156],[108.3213,14.9165],[108.3191,14.9184],[108.3191,14.9192],[108.3207,14.9199],[108.3215,14.921],[108.3212,14.9225],[108.3198,14.9241],[108.3203,14.9274],[108.3177,14.9305],[108.3167,14.9333],[108.3141,14.935],[108.3156,14.9379],[108.3158,14.9393],[108.314,14.9423],[108.3127,14.9459],[108.3093,14.9472],[108.3086,14.9486],[108.3067,14.9495],[108.3062,14.9503],[108.3054,14.9501],[108.305,14.9507],[108.3033,14.9511],[108.3011,14.9547],[108.2979,14.9577],[108.2951,14.9585],[108.2912,14.9608],[108.2866,14.9618],[108.2859,14.9624],[108.2839,14.9638],[108.2827,14.9659],[108.2836,14.9737],[108.2823,14.9763],[108.2807,14.9774],[108.2766,14.9774],[108.2756,14.9779],[108.2747,14.9809],[108.2726,14.983],[108.2716,14.983],[108.2703,14.9819],[108.2688,14.9819],[108.2666,14.987],[108.2644,14.9891],[108.2644,14.991],[108.2634,14.9951],[108.2637,14.9963],[108.2631,14.9981],[108.2605,15.0004],[108.2599,15.0031],[108.2591,15.0041],[108.2572,15.0051],[108.2558,15.005],[108.2545,15.0057],[108.2509,15.0154],[108.2513,15.0169],[108.254,15.0194],[108.2518,15.022],[108.2505,15.0224],[108.2496,15.0217],[108.2484,15.022],[108.2487,15.0239],[108.2501,15.0262],[108.2483,15.0266],[108.2465,15.0278],[108.2454,15.0298],[108.2413,15.0302],[108.2393,15.0311],[108.2385,15.0321],[108.2339,15.0317],[108.2326,15.0324],[108.2301,15.0326],[108.2269,15.0308],[108.2261,15.0297],[108.2245,15.0294],[108.2229,15.0309],[108.2207,15.0296],[108.22,15.0296],[108.2172,15.0322],[108.2151,15.0328],[108.2134,15.0318],[108.2117,15.0323],[108.2095,15.0338],[108.2083,15.0375],[108.2068,15.0381],[108.2058,15.0394],[108.204,15.0401],[108.2024,15.0425],[108.2014,15.0424],[108.1997,15.0439],[108.1981,15.0433],[108.1962,15.0407],[108.1944,15.0403],[108.194,15.0426],[108.1919,15.0458],[108.1923,15.0474],[108.1918,15.0489],[108.1892,15.0514],[108.187,15.0524],[108.1853,15.0538],[108.1836,15.0563],[108.1825,15.0563],[108.1787,15.0585],[108.1771,15.0602],[108.1702,15.0619],[108.1683,15.0612],[108.1662,15.0594],[108.1638,15.06],[108.1624,15.0611],[108.1611,15.0601],[108.1595,15.0598],[108.1578,15.0575],[108.1578,15.0561],[108.1568,15.0542],[108.1542,15.052],[108.1523,15.0517],[108.1509,15.0507],[108.1497,15.0508],[108.1486,15.049],[108.149,15.0466],[108.1468,15.0463],[108.1461,15.0444],[108.1464,15.0435],[108.1478,15.0433],[108.1493,15.0416],[108.1497,15.0397],[108.1518,15.0373],[108.1517,15.0359],[108.1497,15.0336],[108.1506,15.0322],[108.1504,15.0314],[108.151,15.0295],[108.153,15.0277],[108.1503,15.0234],[108.149,15.0225],[108.1494,15.0177],[108.1513,15.013],[108.1514,15.0107],[108.1521,15.0093],[108.1512,15.0064],[108.1515,15.0035],[108.1503,15.0021],[108.1528,14.9999],[108.1543,14.9946],[108.1568,14.9933],[108.1577,14.9919],[108.158,14.9899],[108.1575,14.9881],[108.1585,14.9865],[108.1585,14.9831],[108.159,14.9824],[108.1593,14.9794],[108.1602,14.9777],[108.1629,14.9753],[108.1629,14.9745],[108.1614,14.9726],[108.1578,14.9712],[108.1555,14.969],[108.1553,14.9676],[108.1533,14.9661],[108.1487,14.9612],[108.1416,14.9591],[108.1379,14.9598],[108.1358,14.962],[108.1334,14.9593],[108.129,14.9593],[108.1266,14.9612],[108.1247,14.9609],[108.1252,14.9603],[108.125,14.9598]]]},"properties":{"code":"23455","name":"Măng Bút","nameEn":"Mang But","fullName":"Xã Măng Bút","fullNameEn":"Mang But Commune","codeName":"mang_but","postalCode":"60262","postalCodePrefix":"","gisServerId":"diaphanhanhchinhcapxa_2025.1726","areaKm2":417.53},"id":"23455"},
{"type":"Feature","geometry":{"type":"Polygon","coordinates":[[[108.2882,14.7854],[108.2842,14.7828],[108.2787,14.7814],[108.2748,14.779],[108.2722,14.7784],[108.2703,14.7788],[108.2692,14.7802],[108.2694,14.7816],[108.2675,14.7827],[108.267,14.785],[108.2631,14.7877],[108.2609,14.7872],[108.2591,14.7881],[108.2572,14.7881],[108.2573,14.7869],[108.2569,14.7865],[108.2559,14.7861],[108.2528,14.7861],[108.252,14.785],[108.2506,14.7858],[108.2486,14.7851],[108.2467,14.7861],[108.2456,14.7859],[108.2428,14.7867],[108.241,14.79],[108.2414,14.7917],[108.2422,14.792],[108.242,14.7926],[108.2408,14.7933],[108.2406,14.7941],[108.2392,14.7948],[108.2394,14.7954],[108.2402,14.7959],[108.2408,14.7981],[108.2397,14.7987],[108.2373,14.799],[108.2365,14.7997],[108.2353,14.7993],[108.2332,14.8],[108.2312,14.7999],[108.2308,14.8004],[108.2294,14.7994],[108.2287,14.7996],[108.2283,14.7991],[108.2257,14.8],[108.2256,14.801],[108.2253,14.801],[108.2255,14.8031],[108.2251,14.8035],[108.226,14.8039],[108.2258,14.8054],[108.221,14.8064],[108.2203,14.8078],[108.2161,14.8113],[108.2168,14.8159],[108.2179,14.817],[108.2164,14.8195],[108.2149,14.8199],[108.2117,14.8183],[108.211,14.8187],[108.2103,14.8203],[108.209,14.821],[108.2051,14.8216],[108.2015,14.8298],[108.2021,14.831],[108.2016,14.8318],[108.1998,14.8312],[108.1967,14.8322],[108.1918,14.8298],[108.1914,14.8283],[108.1917,14.827],[108.1884,14.8232],[108.1889,14.8212],[108.1871,14.8178],[108.1863,14.8172],[108.1851,14.818],[108.1827,14.8157],[108.1808,14.8148],[108.181,14.8133],[108.1801,14.8121],[108.1799,14.8078],[108.1808,14.8041],[108.1786,14.8013],[108.1761,14.8019],[108.1753,14.8014],[108.1734,14.8017],[108.1725,14.8013],[108.172,14.802],[108.1705,14.8001],[108.1683,14.7999],[108.1681,14.8003],[108.1673,14.7994],[108.166,14.7995],[108.1649,14.7979],[108.16,14.7978],[108.1582,14.7985],[108.1566,14.7985],[108.1536,14.8042],[108.1527,14.8048],[108.1518,14.8045],[108.1507,14.8025],[108.1496,14.8017],[108.1468,14.8018],[108.1455,14.8012],[108.144,14.8022],[108.1427,14.8012],[108.1394,14.8019],[108.1406,14.8004],[108.1409,14.7992],[108.1406,14.7977],[108.1415,14.7948],[108.1397,14.794],[108.1393,14.7934],[108.1395,14.7929],[108.1387,14.793],[108.1381,14.7925],[108.1378,14.7901],[108.1318,14.7897],[108.1279,14.7825],[108.1263,14.7805],[108.1258,14.7789],[108.1274,14.7755],[108.1268,14.7743],[108.1263,14.7699],[108.1267,14.767],[108.1261,14.7652],[108.1302,14.7647],[108.1334,14.7629],[108.1388,14.7607],[108.1412,14.7608],[108.1433,14.7599],[108.143,14.7572],[108.1462,14.7554],[108.1454,14.754],[108.1463,14.7515],[108.1475,14.7514],[108.1507,14.7528],[108.1525,14.7518],[108.1564,14.7505],[108.1578,14.7484],[108.1582,14.7487],[108.1594,14.7485],[108.1611,14.7476],[108.1618,14.7483],[108.1659,14.7456],[108.1666,14.7465],[108.1668,14.7477],[108.1682,14.7474],[108.1687,14.7482],[108.1699,14.7469],[108.1693,14.7463],[108.1695,14.7457],[108.1708,14.7462],[108.1704,14.7451],[108.1717,14.7457],[108.1732,14.7455],[108.1731,14.7468],[108.1738,14.7481],[108.176,14.749],[108.1771,14.7502],[108.1786,14.7506],[108.1806,14.7525],[108.1813,14.7542],[108.1828,14.7548],[108.1838,14.7548],[108.1854,14.7532],[108.1872,14.753],[108.1875,14.7522],[108.1867,14.7515],[108.1877,14.7503],[108.1886,14.7506],[108.1903,14.7498],[108.191,14.7522],[108.1921,14.7517],[108.1932,14.7521],[108.195,14.7515],[108.1961,14.7517],[108.196,14.7522],[108.1976,14.7527],[108.1976,14.7517],[108.201,14.7508],[108.2007,14.7491],[108.2036,14.7494],[108.2041,14.7481],[108.2057,14.7489],[108.2065,14.748],[108.2082,14.7477],[108.2076,14.7456],[108.209,14.746],[108.2107,14.7444],[108.2119,14.7458],[108.2134,14.7457],[108.2132,14.7443],[108.2149,14.7427],[108.215,14.7405],[108.2213,14.7375],[108.2223,14.7345],[108.2233,14.7341],[108.2247,14.7348],[108.226,14.7345],[108.228,14.7324],[108.2296,14.7291],[108.2297,14.7272],[108.2285,14.7244],[108.2284,14.7223],[108.2299,14.7205],[108.2318,14.7208],[108.2336,14.7196],[108.2336,14.7182],[108.2348,14.716],[108.2328,14.7153],[108.2324,14.7141],[108.2346,14.7126],[108.234,14.7102],[108.2355,14.7075],[108.2356,14.7056],[108.2348,14.7039],[108.2347,14.7023],[108.2327,14.7026],[108.2308,14.7011],[108.2309,14.6997],[108.2302,14.6986],[108.2298,14.6965],[108.2289,14.6953],[108.229,14.6946],[108.2304,14.6934],[108.2298,14.6912],[108.2303,14.6896],[108.2299,14.6852],[108.2307,14.684],[108.2307,14.6826],[108.2321,14.6805],[108.232,14.6793],[108.2332,14.6767],[108.2329,14.6752],[108.2341,14.673],[108.2347,14.6706],[108.2368,14.6676],[108.2362,14.6651],[108.2379,14.6635],[108.2371,14.6616],[108.2384,14.6587],[108.2397,14.6577],[108.2406,14.6528],[108.2429,14.647],[108.2423,14.645],[108.2408,14.6431],[108.2402,14.6402],[108.2421,14.6366],[108.2423,14.6352],[108.2409,14.6313],[108.2377,14.6263],[108.2379,14.6258],[108.2402,14.6254],[108.2415,14.6232],[108.2413,14.6223],[108.2395,14.6213],[108.2381,14.6193],[108.2374,14.6166],[108.2392,14.6144],[108.2393,14.6124],[108.2405,14.6106],[108.2407,14.6093],[108.2398,14.6071],[108.2383,14.6072],[108.2366,14.6081],[108.2348,14.6076],[108.2344,14.6065],[108.2347,14.6041],[108.2343,14.6036],[108.2334,14.6032],[108.2314,14.6041],[108.2296,14.6009],[108.2267,14.6006],[108.2257,14.5963],[108.2263,14.5945],[108.2247,14.5918],[108.2253,14.5903],[108.2255,14.5873],[108.2245,14.5859],[108.2203,14.5824],[108.2199,14.5817],[108.2204,14.5803],[108.2202,14.5791],[108.2171,14.5751],[108.2152,14.5735],[108.2132,14.5708],[108.211,14.5698],[108.2117,14.568],[108.2122,14.5635],[108.2169,14.5602],[108.2193,14.5606],[108.2237,14.5584],[108.225,14.5593],[108.2279,14.5592],[108.2296,14.5605],[108.2296,14.5633],[108.2307,14.5626],[108.2329,14.5627],[108.2333,14.5641],[108.2339,14.5646],[108.238,14.5646],[108.2381,14.5658],[108.2364,14.5673],[108.2362,14.5693],[108.2384,14.5699],[108.2407,14.5685],[108.243,14.5688],[108.2429,14.5695],[108.2408,14.5701],[108.2406,14.571],[108.24,14.5712],[108.2403,14.572],[108.2451,14.5709],[108.2458,14.5715],[108.2472,14.5714],[108.2483,14.5724],[108.2491,14.5723],[108.2497,14.5728],[108.2536,14.5713],[108.2557,14.5694],[108.2578,14.569],[108.2588,14.5675],[108.2625,14.569],[108.2695,14.5676],[108.2705,14.5642],[108.2752,14.5637],[108.2751,14.5632],[108.2774,14.5626],[108.281,14.5624],[108.2844,14.5586],[108.289,14.5583],[108.2936,14.5555],[108.2983,14.5559],[108.3019,14.5546],[108.3035,14.5551],[108.3045,14.5562],[108.3056,14.5557],[108.307,14.5561],[108.3093,14.5552],[108.3106,14.5556],[108.3135,14.5574],[108.3143,14.5585],[108.3169,14.5594],[108.3202,14.5588],[108.3225,14.5572],[108.3252,14.5576],[108.3265,14.5586],[108.3308,14.5586],[108.3321,14.5579],[108.3331,14.5594],[108.3332,14.5607],[108.3354,14.5607],[108.3352,14.5619],[108.3359,14.5632],[108.3364,14.5627],[108.3383,14.5625],[108.3401,14.5632],[108.3425,14.5632],[108.3435,14.5625],[108.3456,14.5634],[108.3472,14.565],[108.3501,14.5652],[108.3528,14.5643],[108.356,14.5656],[108.3595,14.566],[108.3571,14.5703],[108.3576,14.5757],[108.3569,14.5787],[108.3584,14.5797],[108.3584,14.5811],[108.3628,14.5817],[108.367,14.5843],[108.3676,14.5882],[108.3683,14.5888],[108.3685,14.5908],[108.3699,14.5937],[108.3717,14.5942],[108.3713,14.5961],[108.3751,14.5986],[108.3755,14.6006],[108.3768,14.6005],[108.3784,14.5993],[108.3824,14.5987],[108.3843,14.597],[108.3856,14.598],[108.3874,14.5984],[108.3879,14.6004],[108.3889,14.6019],[108.3902,14.6018],[108.3918,14.6003],[108.3938,14.6002],[108.3949,14.6006],[108.3953,14.6009],[108.3944,14.6031],[108.3938,14.6124],[108.3949,14.6167],[108.3929,14.6174],[108.3913,14.6235],[108.3905,14.624],[108.3886,14.6278],[108.3858,14.6276],[108.3823,14.6298],[108.3817,14.6311],[108.3825,14.6324],[108.38,14.6315],[108.3791,14.6317],[108.379,14.6336],[108.3783,14.6343],[108.378,14.6361],[108.3762,14.6368],[108.374,14.6398],[108.3754,14.6418],[108.3783,14.6442],[108.3783,14.646],[108.3803,14.6501],[108.3806,14.6519],[108.3824,14.653],[108.3824,14.6567],[108.383,14.6583],[108.3815,14.6668],[108.3819,14.6693],[108.3812,14.6726],[108.3798,14.6737],[108.3799,14.6753],[108.378,14.6783],[108.3779,14.6836],[108.3773,14.6845],[108.3785,14.6869],[108.3772,14.6881],[108.3766,14.6901],[108.3759,14.6903],[108.3731,14.6981],[108.3628,14.7081],[108.3579,14.71],[108.3569,14.711],[108.3552,14.7112],[108.3534,14.7131],[108.3401,14.7172],[108.3351,14.7171],[108.3333,14.7199],[108.3292,14.7242],[108.3275,14.725],[108.3251,14.7251],[108.3235,14.7275],[108.3229,14.7294],[108.3177,14.7309],[108.315,14.7356],[108.3134,14.7374],[108.3099,14.7399],[108.3066,14.7413],[108.305,14.7449],[108.3021,14.7465],[108.2999,14.749],[108.2973,14.7501],[108.294,14.7542],[108.2928,14.7566],[108.2921,14.7568],[108.29,14.7562],[108.2897,14.7574],[108.2884,14.7584],[108.288,14.76],[108.2858,14.7617],[108.286,14.7641],[108.2853,14.7648],[108.2866,14.7658],[108.2871,14.7677],[108.2884,14.7693],[108.2904,14.7709],[108.2893,14.7725],[108.2906,14.7759],[108.289,14.7773],[108.29,14.7785],[108.29,14.7813],[108.2914,14.7838],[108.29,14.7845],[108.2886,14.7844],[108.2882,14.7854]]]},"properties":{"code":"23473","name":"Măng Đen","nameEn":"Mang Den","fullName":"Xã Măng Đen","fullNameEn":"Mang Den Commune","codeName":"mang_den","postalCode":"60256","postalCodePrefix":"","gisServerId":"diaphanhanhchinhcapxa_2025.1728","areaKm2":396.93},"id":"23473"},
{"type":"Feature","geometry":{"type":"Polygon","coordinates":[[[108.3682,14.8736],[108.3672,14.8756],[108.3656,14.8768],[108.3662,14.8791],[108.3646,14.8803],[108.3638,14.8823],[108.3627,14.8829],[108.3612,14.8829],[108.3611,14.8824],[108.3585,14.8812],[108.3565,14.8792],[108.3546,14.8782],[108.3516,14.8799],[108.3498,14.8826],[108.3501,14.8844],[108.3496,14.8864],[108.3504,14.8886],[108.3499,14.8904],[108.3508,14.8913],[108.3509,14.8949],[108.349,14.8978],[108.3458,14.8975],[108.3444,14.8984],[108.344,14.901],[108.3424,14.9032],[108.3417,14.9032],[108.3401,14.9049],[108.3384,14.9081],[108.3362,14.9077],[108.3309,14.9105],[108.3281,14.9097],[108.3258,14.9102],[108.3231,14.9113],[108.3225,14.9121],[108.3216,14.9071],[108.3244,14.9049],[108.3247,14.9044],[108.324,14.9026],[108.326,14.9008],[108.3249,14.8986],[108.3261,14.897],[108.3263,14.8959],[108.3252,14.8942],[108.3241,14.8938],[108.3213,14.891],[108.3181,14.8889],[108.3155,14.8886],[108.3136,14.8863],[108.3128,14.8868],[108.3107,14.8865],[108.3097,14.887],[108.3077,14.8866],[108.3055,14.8837],[108.3053,14.882],[108.3038,14.88],[108.3024,14.8788],[108.3008,14.8788],[108.2994,14.8777],[108.2972,14.8777],[108.2954,14.8747],[108.294,14.874],[108.2936,14.873],[108.2918,14.8715],[108.2926,14.869],[108.2933,14.8612],[108.2915,14.8601],[108.29,14.8577],[108.2903,14.856],[108.2893,14.8533],[108.2863,14.8485],[108.2864,14.8414],[108.2854,14.8397],[108.2864,14.8367],[108.2861,14.8347],[108.2848,14.8328],[108.2853,14.8268],[108.2836,14.825],[108.2848,14.8232],[108.2843,14.8186],[108.2853,14.8159],[108.2862,14.8154],[108.2892,14.8156],[108.2935,14.8149],[108.2973,14.8112],[108.2975,14.8101],[108.2988,14.8085],[108.2997,14.8081],[108.2978,14.8065],[108.2988,14.8044],[108.2981,14.8023],[108.2986,14.8009],[108.2982,14.7984],[108.2964,14.7963],[108.2952,14.7957],[108.2943,14.7936],[108.2915,14.7893],[108.288,14.7879],[108.2882,14.7854],[108.2886,14.7844],[108.29,14.7845],[108.2914,14.7838],[108.29,14.7813],[108.29,14.7785],[108.289,14.7773],[108.2906,14.7759],[108.2893,14.7725],[108.2904,14.7709],[108.2884,14.7693],[108.2871,14.7677],[108.2866,14.7658],[108.2853,14.7648],[108.286,14.7641],[108.2858,14.7617],[108.288,14.76],[108.2884,14.7584],[108.2897,14.7574],[108.29,14.7562],[108.2921,14.7568],[108.2928,14.7566],[108.294,14.7542],[108.2973,14.7501],[108.2999,14.749],[108.3021,14.7465],[108.305,14.7449],[108.3066,14.7413],[108.3099,14.7399],[108.3134,14.7374],[108.315,14.7356],[108.3177,14.7309],[108.3229,14.7294],[108.3235,14.7275],[108.3251,14.7251],[108.3275,14.725],[108.3292,14.7242],[108.3333,14.7199],[108.3351,14.7171],[108.3401,14.7172],[108.3534,14.7131],[108.3552,14.7112],[108.3569,14.711],[108.3579,14.71],[108.3628,14.7081],[108.3731,14.6981],[108.3759,14.6903],[108.3766,14.6901],[108.3772,14.6881],[108.3785,14.6869],[108.3773,14.6845],[108.3779,14.6836],[108.378,14.6783],[108.3799,14.6753],[108.3798,14.6737],[108.3812,14.6726],[108.3819,14.6693],[108.3815,14.6668],[108.383,14.6583],[108.3824,14.6567],[108.3824,14.653],[108.3806,14.6519],[108.3803,14.6501],[108.3783,14.646],[108.3783,14.6442],[108.3754,14.6418],[108.374,14.6398],[108.3762,14.6368],[108.378,14.6361],[108.3783,14.6343],[108.379,14.6336],[108.3791,14.6317],[108.38,14.6315],[108.3825,14.6324],[108.3817,14.6311],[108.3823,14.6298],[108.3858,14.6276],[108.3886,14.6278],[108.3905,14.624],[108.3913,14.6235],[108.3929,14.6174],[108.3949,14.6167],[108.3938,14.6124],[108.3944,14.6031],[108.3971,14.6035],[108.399,14.6019],[108.3996,14.5995],[108.403,14.5983],[108.4033,14.5953],[108.4048,14.595],[108.406,14.5921],[108.4074,14.5915],[108.4096,14.5922],[108.4095,14.5902],[108.4106,14.5874],[108.4131,14.5845],[108.4123,14.5825],[108.4128,14.5804],[108.4124,14.5793],[108.4137,14.5781],[108.4139,14.5767],[108.4127,14.5758],[108.4136,14.5747],[108.4145,14.5747],[108.4151,14.5712],[108.4169,14.5713],[108.419,14.5683],[108.4202,14.5686],[108.4212,14.5677],[108.4236,14.5674],[108.4233,14.5656],[108.4243,14.5649],[108.4243,14.5633],[108.426,14.5603],[108.431,14.56],[108.4344,14.5588],[108.4363,14.5587],[108.4377,14.5568],[108.4407,14.5558],[108.4413,14.555],[108.4433,14.5555],[108.4443,14.5566],[108.4451,14.5569],[108.4455,14.5563],[108.4474,14.5565],[108.4487,14.5562],[108.4503,14.5566],[108.4512,14.5559],[108.4524,14.5562],[108.4531,14.5553],[108.4556,14.5544],[108.456,14.5533],[108.4584,14.5518],[108.459,14.5519],[108.461,14.5538],[108.4621,14.5537],[108.4636,14.553],[108.4648,14.5513],[108.4696,14.5509],[108.4706,14.5496],[108.4727,14.5495],[108.474,14.5502],[108.4761,14.5496],[108.4801,14.5497],[108.4822,14.5507],[108.4829,14.5491],[108.4848,14.5474],[108.4867,14.5463],[108.4934,14.5449],[108.4951,14.543],[108.4959,14.5427],[108.5014,14.5454],[108.5039,14.5459],[108.5041,14.5468],[108.5064,14.5459],[108.5077,14.5448],[108.5091,14.5455],[108.5096,14.5464],[108.5116,14.5461],[108.5126,14.5491],[108.5118,14.5502],[108.5121,14.5511],[108.5132,14.5514],[108.5144,14.5509],[108.5167,14.5514],[108.518,14.5503],[108.5224,14.5524],[108.5242,14.5561],[108.5266,14.5556],[108.5289,14.5564],[108.5288,14.5587],[108.5305,14.5603],[108.5292,14.5625],[108.5309,14.5661],[108.5303,14.5673],[108.5309,14.5693],[108.5306,14.5722],[108.5316,14.5735],[108.5313,14.5755],[108.5319,14.576],[108.5317,14.578],[108.5358,14.5826],[108.5375,14.5831],[108.5386,14.5826],[108.5407,14.584],[108.543,14.5875],[108.5447,14.5878],[108.5472,14.5894],[108.5448,14.5923],[108.5425,14.5938],[108.539,14.5976],[108.5372,14.6014],[108.5359,14.6029],[108.5342,14.6036],[108.5321,14.6114],[108.5283,14.617],[108.5276,14.6201],[108.5286,14.6219],[108.5286,14.623],[108.5265,14.6238],[108.5244,14.6229],[108.5192,14.623],[108.516,14.6217],[108.5148,14.622],[108.5127,14.6214],[108.5121,14.6203],[108.5109,14.6211],[108.5083,14.6211],[108.5066,14.62],[108.5056,14.6231],[108.5048,14.6232],[108.5027,14.6255],[108.5016,14.6239],[108.5004,14.6235],[108.4996,14.6227],[108.4988,14.6228],[108.4974,14.6214],[108.4942,14.6213],[108.4939,14.6205],[108.4907,14.6215],[108.489,14.6213],[108.4883,14.6241],[108.4847,14.6235],[108.4839,14.6255],[108.482,14.6256],[108.4809,14.628],[108.4805,14.6311],[108.4807,14.6341],[108.4823,14.6378],[108.4839,14.6401],[108.4834,14.6423],[108.4843,14.6443],[108.4854,14.6447],[108.4866,14.6443],[108.4883,14.6453],[108.4905,14.6439],[108.4905,14.6448],[108.4916,14.6458],[108.4906,14.6473],[108.4903,14.6489],[108.4927,14.6507],[108.4933,14.6531],[108.4958,14.6576],[108.4986,14.6596],[108.4997,14.6637],[108.5013,14.6663],[108.5025,14.6672],[108.5029,14.6661],[108.5036,14.6659],[108.5066,14.6669],[108.5059,14.6678],[108.506,14.673],[108.507,14.6749],[108.5095,14.6771],[108.5103,14.6806],[108.5114,14.6814],[108.5121,14.6825],[108.5126,14.685],[108.5119,14.6877],[108.5104,14.689],[108.5072,14.6902],[108.5058,14.6897],[108.504,14.69],[108.5028,14.6914],[108.5022,14.6949],[108.499,14.6958],[108.4966,14.6982],[108.4962,14.7001],[108.4971,14.7018],[108.4988,14.7027],[108.5005,14.7027],[108.5017,14.7034],[108.5029,14.7064],[108.5031,14.7083],[108.5048,14.7086],[108.5082,14.711],[108.5108,14.711],[108.5122,14.7125],[108.5129,14.7138],[108.5134,14.7176],[108.5156,14.7197],[108.5158,14.7207],[108.5181,14.7214],[108.517,14.7246],[108.5186,14.7252],[108.5178,14.7266],[108.5194,14.7269],[108.5186,14.728],[108.5185,14.7297],[108.5194,14.731],[108.5193,14.7317],[108.5208,14.7333],[108.5207,14.7349],[108.5224,14.7369],[108.5212,14.7376],[108.5225,14.7392],[108.523,14.7407],[108.5248,14.7406],[108.5255,14.7413],[108.525,14.7433],[108.5277,14.7448],[108.5276,14.7469],[108.5267,14.7492],[108.5258,14.7497],[108.525,14.751],[108.5257,14.7537],[108.5239,14.7557],[108.5248,14.7569],[108.5227,14.7576],[108.5218,14.759],[108.5188,14.768],[108.5178,14.7689],[108.5182,14.7701],[108.5159,14.7735],[108.5162,14.7741],[108.5099,14.7772],[108.5055,14.7771],[108.5024,14.7795],[108.5002,14.7847],[108.5004,14.7864],[108.5017,14.7881],[108.5003,14.7896],[108.5001,14.7918],[108.4959,14.7937],[108.4953,14.7955],[108.4944,14.7958],[108.4963,14.7972],[108.4944,14.7986],[108.4938,14.8012],[108.4716,14.7929],[108.4705,14.7932],[108.4665,14.7924],[108.4657,14.7917],[108.4635,14.7915],[108.4612,14.7902],[108.4567,14.7904],[108.4554,14.7922],[108.4553,14.7939],[108.4545,14.7947],[108.4545,14.7961],[108.4528,14.8011],[108.4496,14.802],[108.4492,14.8028],[108.4461,14.803],[108.4438,14.8037],[108.442,14.8034],[108.441,14.8029],[108.4388,14.8046],[108.4363,14.8057],[108.4355,14.8057],[108.4357,14.8077],[108.4352,14.8087],[108.4316,14.81],[108.4303,14.8112],[108.4299,14.8121],[108.4305,14.8158],[108.4302,14.8161],[108.4258,14.817],[108.4238,14.8182],[108.4209,14.8181],[108.4133,14.8162],[108.409,14.8188],[108.4054,14.8199],[108.403,14.823],[108.4019,14.8229],[108.4017,14.8236],[108.4002,14.8242],[108.3989,14.824],[108.3975,14.8244],[108.3969,14.8259],[108.3945,14.8268],[108.3929,14.8288],[108.3913,14.8323],[108.388,14.8349],[108.3847,14.8358],[108.3824,14.8394],[108.3815,14.844],[108.38,14.8449],[108.3778,14.8448],[108.377,14.8454],[108.3762,14.848],[108.3752,14.8495],[108.3754,14.8506],[108.3747,14.852],[108.375,14.8532],[108.3746,14.8551],[108.3723,14.8566],[108.3712,14.8609],[108.3698,14.8624],[108.371,14.8633],[108.3705,14.8644],[108.3706,14.8654],[108.3676,14.8673],[108.3677,14.869],[108.369,14.8708],[108.3682,14.8721],[108.3682,14.8736]]]},"properties":{"code":"23476","name":"Kon Plông","nameEn":"Kon Plong","fullName":"Xã Kon Plông","fullNameEn":"Kon Plong Commune","codeName":"kon_plong","postalCode":"60265","postalCodePrefix":"","gisServerId":"diaphanhanhchinhcapxa_2025.1727","areaKm2":556.8},"id":"23476"},
{"type":"Feature","geometry":{"type":"Polygon","coordinates":[[[108.3595,14.566],[108.356,14.5656],[108.3528,14.5643],[108.3501,14.5652],[108.3472,14.565],[108.3456,14.5634],[108.3435,14.5625],[108.3425,14.5632],[108.3401,14.5632],[108.3383,14.5625],[108.3364,14.5627],[108.3359,14.5632],[108.3352,14.5619],[108.3354,14.5607],[108.3332,14.5607],[108.3331,14.5594],[108.3321,14.5579],[108.3308,14.5586],[108.3265,14.5586],[108.3252,14.5576],[108.3225,14.5572],[108.3202,14.5588],[108.3169,14.5594],[108.3143,14.5585],[108.3135,14.5574],[108.3106,14.5556],[108.3093,14.5552],[108.307,14.5561],[108.3056,14.5557],[108.3045,14.5562],[108.3035,14.5551],[108.3019,14.5546],[108.2983,14.5559],[108.2936,14.5555],[108.289,14.5583],[108.2844,14.5586],[108.281,14.5624],[108.2774,14.5626],[108.2751,14.5632],[108.2752,14.5637],[108.2705,14.5642],[108.2695,14.5676],[108.2625,14.569],[108.2588,14.5675],[108.2578,14.569],[108.2557,14.5694],[108.2536,14.5713],[108.2497,14.5728],[108.2491,14.5723],[108.2483,14.5724],[108.2472,14.5714],[108.2458,14.5715],[108.2451,14.5709],[108.2403,14.572],[108.24,14.5712],[108.2406,14.571],[108.2408,14.5701],[108.2429,14.5695],[108.243,14.5688],[108.2407,14.5685],[108.2384,14.5699],[108.2362,14.5693],[108.2364,14.5673],[108.2381,14.5658],[108.238,14.5646],[108.2339,14.5646],[108.2333,14.5641],[108.2329,14.5627],[108.2307,14.5626],[108.2296,14.5633],[108.2296,14.5605],[108.2279,14.5592],[108.225,14.5593],[108.2237,14.5584],[108.2193,14.5606],[108.2169,14.5602],[108.2122,14.5635],[108.2113,14.5628],[108.2084,14.5628],[108.2054,14.5588],[108.2056,14.5575],[108.2072,14.5562],[108.2072,14.5552],[108.2095,14.5539],[108.2092,14.5524],[108.2076,14.5515],[108.2066,14.5502],[108.2062,14.5484],[108.2079,14.5459],[108.2109,14.5435],[108.2142,14.5422],[108.2147,14.5409],[108.2134,14.5382],[108.2159,14.535],[108.2153,14.5319],[108.2164,14.5295],[108.2248,14.526],[108.2255,14.5267],[108.2291,14.526],[108.2318,14.5228],[108.2334,14.5195],[108.2339,14.5166],[108.2329,14.5159],[108.2326,14.5148],[108.2333,14.5147],[108.2346,14.5121],[108.2337,14.5096],[108.2339,14.5063],[108.2333,14.5044],[108.2337,14.5037],[108.2322,14.5022],[108.2335,14.5004],[108.2346,14.4999],[108.2364,14.4979],[108.2367,14.4971],[108.2395,14.4957],[108.2411,14.4962],[108.2415,14.4976],[108.2426,14.4972],[108.2441,14.498],[108.2443,14.4977],[108.2453,14.4981],[108.2479,14.4968],[108.2506,14.4962],[108.2511,14.4963],[108.2515,14.4972],[108.2536,14.4975],[108.2579,14.4953],[108.2586,14.4922],[108.2601,14.4913],[108.2609,14.49],[108.2622,14.4895],[108.2637,14.4899],[108.2646,14.4884],[108.2665,14.4872],[108.2661,14.4855],[108.2668,14.484],[108.2667,14.4827],[108.2678,14.4816],[108.2673,14.4793],[108.2677,14.4787],[108.2685,14.464],[108.2669,14.4643],[108.2648,14.4627],[108.2632,14.459],[108.2609,14.4574],[108.2591,14.4546],[108.2572,14.4537],[108.2574,14.4528],[108.2558,14.4509],[108.2562,14.4494],[108.2548,14.4486],[108.2523,14.4451],[108.2518,14.4413],[108.2524,14.4403],[108.2503,14.439],[108.2508,14.4379],[108.2498,14.4347],[108.2506,14.4326],[108.2523,14.4304],[108.2517,14.4294],[108.2518,14.426],[108.2523,14.4249],[108.2516,14.4217],[108.2467,14.4206],[108.245,14.419],[108.2441,14.417],[108.2421,14.4166],[108.2413,14.416],[108.2406,14.4165],[108.2387,14.416],[108.2385,14.4153],[108.2391,14.4149],[108.2387,14.4143],[108.2392,14.4135],[108.2379,14.4129],[108.2361,14.4134],[108.2367,14.4141],[108.2364,14.4144],[108.2348,14.4139],[108.2339,14.4128],[108.2334,14.4134],[108.2326,14.4134],[108.2306,14.4151],[108.2291,14.4153],[108.2298,14.4166],[108.2296,14.4174],[108.2291,14.4177],[108.2268,14.4174],[108.227,14.4181],[108.2251,14.4202],[108.2245,14.4205],[108.2234,14.4197],[108.2228,14.4206],[108.2221,14.4196],[108.2206,14.419],[108.2211,14.418],[108.2201,14.4184],[108.2192,14.4179],[108.22,14.4169],[108.218,14.4157],[108.2167,14.416],[108.2165,14.4146],[108.2153,14.4139],[108.2141,14.4137],[108.2127,14.4121],[108.2107,14.4114],[108.2103,14.4094],[108.2071,14.4085],[108.208,14.4069],[108.206,14.4063],[108.2059,14.4059],[108.2066,14.4053],[108.2083,14.4054],[108.2069,14.404],[108.2079,14.4037],[108.2094,14.404],[108.209,14.4026],[108.2106,14.4028],[108.2107,14.4024],[108.2099,14.4017],[108.2111,14.4014],[108.2111,14.4008],[108.2042,14.3989],[108.2048,14.3983],[108.2058,14.3983],[108.2063,14.3979],[108.2054,14.396],[108.2063,14.3951],[108.2063,14.3931],[108.208,14.3936],[108.2086,14.3929],[108.2083,14.392],[108.2053,14.3888],[108.2053,14.3881],[108.2029,14.3883],[108.2049,14.3861],[108.2068,14.3859],[108.2071,14.3836],[108.2096,14.3874],[108.2137,14.3872],[108.2178,14.3891],[108.2196,14.3909],[108.221,14.3916],[108.2251,14.3911],[108.2293,14.3924],[108.2325,14.3898],[108.234,14.3903],[108.238,14.3926],[108.2396,14.3929],[108.242,14.3954],[108.2438,14.396],[108.2441,14.3979],[108.2454,14.3964],[108.2477,14.3959],[108.2482,14.3937],[108.251,14.3925],[108.2518,14.3909],[108.2602,14.3905],[108.2645,14.3875],[108.2665,14.3882],[108.2678,14.3879],[108.2702,14.3885],[108.2746,14.3864],[108.2783,14.3876],[108.2808,14.3894],[108.2855,14.3888],[108.2876,14.3896],[108.2898,14.3893],[108.2921,14.3899],[108.2966,14.392],[108.2966,14.3938],[108.2972,14.3946],[108.2966,14.3955],[108.2968,14.3974],[108.2963,14.3993],[108.2955,14.4005],[108.2944,14.401],[108.2937,14.4029],[108.2919,14.4046],[108.2916,14.4073],[108.2941,14.41],[108.2959,14.4147],[108.2976,14.417],[108.2985,14.4198],[108.3002,14.4212],[108.302,14.4199],[108.3028,14.4201],[108.3047,14.422],[108.3076,14.4233],[108.3118,14.4308],[108.3122,14.4326],[108.3165,14.4348],[108.3183,14.4383],[108.3193,14.4391],[108.3206,14.4394],[108.3219,14.4416],[108.3231,14.4423],[108.3221,14.4447],[108.3229,14.4452],[108.3233,14.4464],[108.3242,14.4547],[108.3257,14.4563],[108.3265,14.4585],[108.3287,14.4585],[108.3306,14.46],[108.3316,14.4614],[108.3321,14.4656],[108.3314,14.4664],[108.3317,14.4675],[108.3333,14.4701],[108.3356,14.4712],[108.3359,14.4725],[108.3376,14.4747],[108.3385,14.4771],[108.3413,14.4787],[108.3434,14.4811],[108.3464,14.4862],[108.3457,14.4882],[108.3488,14.4929],[108.3503,14.4932],[108.3513,14.4942],[108.3532,14.4945],[108.3554,14.4932],[108.3561,14.4915],[108.3571,14.4924],[108.3575,14.4939],[108.3592,14.4949],[108.3634,14.4942],[108.3633,14.4963],[108.364,14.4973],[108.3655,14.4979],[108.3658,14.5008],[108.3677,14.5016],[108.3683,14.503],[108.3695,14.5034],[108.37,14.5047],[108.3722,14.5066],[108.3726,14.5075],[108.3742,14.5083],[108.3764,14.5108],[108.3801,14.5107],[108.3814,14.5116],[108.3818,14.5131],[108.3812,14.514],[108.3825,14.5156],[108.3824,14.5171],[108.3835,14.521],[108.3837,14.5259],[108.3828,14.527],[108.378,14.5287],[108.3774,14.5301],[108.3765,14.5307],[108.3755,14.5311],[108.3737,14.5303],[108.3711,14.5313],[108.3697,14.533],[108.3695,14.5342],[108.3705,14.5353],[108.3718,14.5358],[108.3711,14.5367],[108.3713,14.5385],[108.3745,14.5409],[108.3748,14.5431],[108.3743,14.5442],[108.3748,14.5458],[108.3748,14.5473],[108.3711,14.5521],[108.3678,14.5582],[108.3624,14.561],[108.3593,14.5634],[108.3589,14.5649],[108.3595,14.566]]]},"properties":{"code":"23479","name":"Đăk Rve","nameEn":"Dak Rve","fullName":"Xã Đăk Rve","fullNameEn":"Dak Rve Commune","codeName":"dak_rve","postalCode":"60206","postalCodePrefix":"","gisServerId":"diaphanhanhchinhcapxa_2025.1732","areaKm2":212.54},"id":"23479"},
{"type":"Feature","geometry":{"type":"Polygon","coordinates":[[[108.1261,14.7652],[108.1241,14.7657],[108.1226,14.7645],[108.1198,14.7639],[108.1188,14.7626],[108.118,14.7595],[108.1161,14.7561],[108.1156,14.7541],[108.114,14.7523],[108.1131,14.7495],[108.1112,14.7488],[108.1099,14.7491],[108.1067,14.7462],[108.1039,14.7395],[108.093,14.7313],[108.0924,14.728],[108.0915,14.7271],[108.0897,14.7267],[108.0883,14.7252],[108.0894,14.7211],[108.0891,14.7197],[108.0842,14.7199],[108.0809,14.719],[108.074,14.714],[108.0729,14.7117],[108.0736,14.7108],[108.0741,14.7083],[108.073,14.7064],[108.0725,14.7042],[108.0752,14.703],[108.0754,14.7019],[108.074,14.6963],[108.0716,14.6948],[108.0708,14.6934],[108.0712,14.6906],[108.0722,14.6898],[108.0723,14.6879],[108.0715,14.687],[108.0713,14.6856],[108.07,14.6847],[108.0689,14.6829],[108.0675,14.6827],[108.0665,14.6821],[108.0643,14.6817],[108.0638,14.6822],[108.062,14.6816],[108.0611,14.6789],[108.0617,14.6778],[108.0612,14.6777],[108.0626,14.6757],[108.0622,14.6731],[108.0697,14.6685],[108.0704,14.6672],[108.0722,14.6661],[108.0725,14.6648],[108.0737,14.6632],[108.0725,14.6576],[108.0734,14.6566],[108.0741,14.6545],[108.0738,14.6528],[108.0762,14.6482],[108.075,14.6459],[108.0749,14.6443],[108.0752,14.6424],[108.0762,14.6412],[108.0748,14.6395],[108.0754,14.6386],[108.0751,14.6359],[108.0737,14.6348],[108.0719,14.6321],[108.0705,14.6312],[108.0677,14.6318],[108.0645,14.6303],[108.0631,14.6284],[108.0625,14.6258],[108.0632,14.6243],[108.0648,14.624],[108.0645,14.6211],[108.0661,14.6194],[108.0657,14.6184],[108.0667,14.6162],[108.0658,14.6154],[108.0657,14.6135],[108.0675,14.6098],[108.0665,14.6075],[108.069,14.6046],[108.069,14.6009],[108.07,14.599],[108.0669,14.5942],[108.0653,14.5928],[108.0665,14.5902],[108.0685,14.5892],[108.0684,14.5868],[108.0675,14.5857],[108.0659,14.581],[108.0663,14.5789],[108.0654,14.5768],[108.0659,14.5754],[108.0645,14.5731],[108.0646,14.5723],[108.0638,14.5705],[108.0622,14.5686],[108.0589,14.5673],[108.0596,14.5649],[108.0592,14.5641],[108.0635,14.5589],[108.0649,14.5595],[108.0681,14.5592],[108.0687,14.5567],[108.0707,14.5556],[108.0733,14.5557],[108.0763,14.5545],[108.0786,14.5532],[108.0796,14.5522],[108.0802,14.5507],[108.0827,14.5502],[108.0844,14.5487],[108.0877,14.5494],[108.088,14.5477],[108.0922,14.5424],[108.0927,14.5396],[108.0949,14.5386],[108.0951,14.5371],[108.1025,14.5377],[108.1037,14.5373],[108.1048,14.5359],[108.1073,14.5349],[108.1084,14.5339],[108.1112,14.5332],[108.109,14.5307],[108.1108,14.5266],[108.1097,14.5238],[108.1102,14.5202],[108.1091,14.5165],[108.1095,14.5152],[108.1084,14.5129],[108.1085,14.5119],[108.1063,14.5088],[108.1067,14.5075],[108.1076,14.5066],[108.1076,14.5051],[108.1094,14.5011],[108.1087,14.4998],[108.1094,14.4976],[108.1115,14.4956],[108.1123,14.494],[108.1148,14.491],[108.1168,14.4901],[108.1189,14.4864],[108.1213,14.4845],[108.1226,14.484],[108.1235,14.4828],[108.1252,14.4821],[108.1268,14.4829],[108.1295,14.4828],[108.13,14.4823],[108.1319,14.4823],[108.1339,14.4808],[108.1349,14.4815],[108.1361,14.4799],[108.136,14.4788],[108.1373,14.4794],[108.1374,14.479],[108.138,14.4792],[108.1384,14.481],[108.1397,14.4812],[108.1396,14.4826],[108.1403,14.4829],[108.1405,14.4841],[108.1413,14.4836],[108.142,14.4838],[108.1418,14.4852],[108.143,14.486],[108.1431,14.4865],[108.1441,14.4862],[108.145,14.4868],[108.1454,14.4891],[108.1439,14.4895],[108.1445,14.4908],[108.1441,14.4911],[108.1434,14.4908],[108.1434,14.4921],[108.1467,14.4916],[108.1504,14.4939],[108.1537,14.4949],[108.1582,14.4939],[108.1644,14.4966],[108.1674,14.4941],[108.1716,14.4933],[108.1727,14.4941],[108.1752,14.4949],[108.177,14.4937],[108.1764,14.4909],[108.18,14.4876],[108.1817,14.4873],[108.1814,14.4855],[108.1818,14.4854],[108.1819,14.4846],[108.1829,14.4848],[108.1841,14.4843],[108.1833,14.4871],[108.1842,14.4891],[108.1905,14.4914],[108.1949,14.4937],[108.1959,14.4972],[108.1985,14.5002],[108.2024,14.5098],[108.2038,14.5101],[108.2061,14.5094],[108.2089,14.51],[108.21,14.5094],[108.2138,14.5091],[108.2158,14.5098],[108.2176,14.5098],[108.2192,14.5093],[108.2217,14.5074],[108.2241,14.5084],[108.2243,14.5092],[108.2233,14.5119],[108.2231,14.5139],[108.2254,14.5158],[108.2279,14.5165],[108.2288,14.5188],[108.2278,14.5202],[108.2249,14.5215],[108.2245,14.5231],[108.2259,14.5251],[108.2248,14.526],[108.2164,14.5295],[108.2153,14.5319],[108.2159,14.535],[108.2134,14.5382],[108.2147,14.5409],[108.2142,14.5422],[108.2109,14.5435],[108.2079,14.5459],[108.2062,14.5484],[108.2066,14.5502],[108.2076,14.5515],[108.2092,14.5524],[108.2095,14.5539],[108.2072,14.5552],[108.2072,14.5562],[108.2056,14.5575],[108.2054,14.5588],[108.2084,14.5628],[108.2113,14.5628],[108.2122,14.5635],[108.2117,14.568],[108.211,14.5698],[108.2132,14.5708],[108.2152,14.5735],[108.2171,14.5751],[108.2202,14.5791],[108.2204,14.5803],[108.2199,14.5817],[108.2203,14.5824],[108.2245,14.5859],[108.2255,14.5873],[108.2253,14.5903],[108.2247,14.5918],[108.2263,14.5945],[108.2257,14.5963],[108.2267,14.6006],[108.2296,14.6009],[108.2314,14.6041],[108.2334,14.6032],[108.2343,14.6036],[108.2347,14.6041],[108.2344,14.6065],[108.2348,14.6076],[108.2366,14.6081],[108.2383,14.6072],[108.2398,14.6071],[108.2407,14.6093],[108.2405,14.6106],[108.2393,14.6124],[108.2392,14.6144],[108.2374,14.6166],[108.2381,14.6193],[108.2395,14.6213],[108.2413,14.6223],[108.2415,14.6232],[108.2402,14.6254],[108.2379,14.6258],[108.2377,14.6263],[108.2409,14.6313],[108.2423,14.6352],[108.2421,14.6366],[108.2402,14.6402],[108.2408,14.6431],[108.2423,14.645],[108.2429,14.647],[108.2406,14.6528],[108.2397,14.6577],[108.2384,14.6587],[108.2371,14.6616],[108.2379,14.6635],[108.2362,14.6651],[108.2368,14.6676],[108.2347,14.6706],[108.2341,14.673],[108.2329,14.6752],[108.2332,14.6767],[108.232,14.6793],[108.2321,14.6805],[108.2307,14.6826],[108.2307,14.684],[108.2299,14.6852],[108.2303,14.6896],[108.2298,14.6912],[108.2304,14.6934],[108.229,14.6946],[108.2289,14.6953],[108.2298,14.6965],[108.2302,14.6986],[108.2309,14.6997],[108.2308,14.7011],[108.2327,14.7026],[108.2347,14.7023],[108.2348,14.7039],[108.2356,14.7056],[108.2355,14.7075],[108.234,14.7102],[108.2346,14.7126],[108.2324,14.7141],[108.2328,14.7153],[108.2348,14.716],[108.2336,14.7182],[108.2336,14.7196],[108.2318,14.7208],[108.2299,14.7205],[108.2284,14.7223],[108.2285,14.7244],[108.2297,14.7272],[108.2296,14.7291],[108.228,14.7324],[108.226,14.7345],[108.2247,14.7348],[108.2233,14.7341],[108.2223,14.7345],[108.2213,14.7375],[108.215,14.7405],[108.2149,14.7427],[108.2132,14.7443],[108.2134,14.7457],[108.2119,14.7458],[108.2107,14.7444],[108.209,14.746],[108.2076,14.7456],[108.2082,14.7477],[108.2065,14.748],[108.2057,14.7489],[108.2041,14.7481],[108.2036,14.7494],[108.2007,14.7491],[108.201,14.7508],[108.1976,14.7517],[108.1976,14.7527],[108.196,14.7522],[108.1961,14.7517],[108.195,14.7515],[108.1932,14.7521],[108.1921,14.7517],[108.191,14.7522],[108.1903,14.7498],[108.1886,14.7506],[108.1877,14.7503],[108.1867,14.7515],[108.1875,14.7522],[108.1872,14.753],[108.1854,14.7532],[108.1838,14.7548],[108.1828,14.7548],[108.1813,14.7542],[108.1806,14.7525],[108.1786,14.7506],[108.1771,14.7502],[108.176,14.749],[108.1738,14.7481],[108.1731,14.7468],[108.1732,14.7455],[108.1717,14.7457],[108.1704,14.7451],[108.1708,14.7462],[108.1695,14.7457],[108.1693,14.7463],[108.1699,14.7469],[108.1687,14.7482],[108.1682,14.7474],[108.1668,14.7477],[108.1666,14.7465],[108.1659,14.7456],[108.1618,14.7483],[108.1611,14.7476],[108.1594,14.7485],[108.1582,14.7487],[108.1578,14.7484],[108.1564,14.7505],[108.1525,14.7518],[108.1507,14.7528],[108.1475,14.7514],[108.1463,14.7515],[108.1454,14.754],[108.1462,14.7554],[108.143,14.7572],[108.1433,14.7599],[108.1412,14.7608],[108.1388,14.7607],[108.1334,14.7629],[108.1302,14.7647],[108.1261,14.7652]]]},"properties":{"code":"23485","name":"Đăk Kôi","nameEn":"Dak Koi","fullName":"Xã Đăk Kôi","fullNameEn":"Dak Koi Commune","codeName":"dak_koi","postalCode":"60207","postalCodePrefix":"","gisServerId":"diaphanhanhchinhcapxa_2025.1729","areaKm2":450.48},"id":"23485"},
{"type":"Feature","geometry":{"type":"Polygon","coordinates":[[[108.2071,14.3836],[108.2068,14.3859],[108.2049,14.3861],[108.2029,14.3883],[108.2053,14.3881],[108.2053,14.3888],[108.2083,14.392],[108.2086,14.3929],[108.208,14.3936],[108.2063,14.3931],[108.2063,14.3951],[108.2054,14.396],[108.2063,14.3979],[108.2058,14.3983],[108.2048,14.3983],[108.2042,14.3989],[108.2111,14.4008],[108.2111,14.4014],[108.2099,14.4017],[108.2107,14.4024],[108.2106,14.4028],[108.209,14.4026],[108.2094,14.404],[108.2079,14.4037],[108.2069,14.404],[108.2083,14.4054],[108.2066,14.4053],[108.2059,14.4059],[108.206,14.4063],[108.208,14.4069],[108.2071,14.4085],[108.2103,14.4094],[108.2107,14.4114],[108.2127,14.4121],[108.2141,14.4137],[108.2153,14.4139],[108.2165,14.4146],[108.2167,14.416],[108.218,14.4157],[108.22,14.4169],[108.2192,14.4179],[108.2201,14.4184],[108.2211,14.418],[108.2206,14.419],[108.2221,14.4196],[108.2228,14.4206],[108.2234,14.4197],[108.2245,14.4205],[108.2251,14.4202],[108.227,14.4181],[108.2268,14.4174],[108.2291,14.4177],[108.2296,14.4174],[108.2298,14.4166],[108.2291,14.4153],[108.2306,14.4151],[108.2326,14.4134],[108.2334,14.4134],[108.2339,14.4128],[108.2348,14.4139],[108.2364,14.4144],[108.2367,14.4141],[108.2361,14.4134],[108.2379,14.4129],[108.2392,14.4135],[108.2387,14.4143],[108.2391,14.4149],[108.2385,14.4153],[108.2387,14.416],[108.2406,14.4165],[108.2413,14.416],[108.2421,14.4166],[108.2441,14.417],[108.245,14.419],[108.2467,14.4206],[108.2516,14.4217],[108.2523,14.4249],[108.2518,14.426],[108.2517,14.4294],[108.2523,14.4304],[108.2506,14.4326],[108.2498,14.4347],[108.2508,14.4379],[108.2503,14.439],[108.2524,14.4403],[108.2518,14.4413],[108.2523,14.4451],[108.2548,14.4486],[108.2562,14.4494],[108.2558,14.4509],[108.2574,14.4528],[108.2572,14.4537],[108.2591,14.4546],[108.2609,14.4574],[108.2632,14.459],[108.2648,14.4627],[108.2669,14.4643],[108.2685,14.464],[108.2677,14.4787],[108.2673,14.4793],[108.2678,14.4816],[108.2667,14.4827],[108.2668,14.484],[108.2661,14.4855],[108.2665,14.4872],[108.2646,14.4884],[108.2637,14.4899],[108.2622,14.4895],[108.2609,14.49],[108.2601,14.4913],[108.2586,14.4922],[108.2579,14.4953],[108.2536,14.4975],[108.2515,14.4972],[108.2511,14.4963],[108.2506,14.4962],[108.2479,14.4968],[108.2453,14.4981],[108.2443,14.4977],[108.2441,14.498],[108.2426,14.4972],[108.2415,14.4976],[108.2411,14.4962],[108.2395,14.4957],[108.2367,14.4971],[108.2364,14.4979],[108.2346,14.4999],[108.2335,14.5004],[108.2322,14.5022],[108.2337,14.5037],[108.2333,14.5044],[108.2339,14.5063],[108.2337,14.5096],[108.2346,14.5121],[108.2333,14.5147],[108.2326,14.5148],[108.2329,14.5159],[108.2339,14.5166],[108.2334,14.5195],[108.2318,14.5228],[108.2291,14.526],[108.2255,14.5267],[108.2248,14.526],[108.2259,14.5251],[108.2245,14.5231],[108.2249,14.5215],[108.2278,14.5202],[108.2288,14.5188],[108.2279,14.5165],[108.2254,14.5158],[108.2231,14.5139],[108.2233,14.5119],[108.2243,14.5092],[108.2241,14.5084],[108.2217,14.5074],[108.2192,14.5093],[108.2176,14.5098],[108.2158,14.5098],[108.2138,14.5091],[108.21,14.5094],[108.2089,14.51],[108.2061,14.5094],[108.2038,14.5101],[108.2024,14.5098],[108.1985,14.5002],[108.1959,14.4972],[108.1949,14.4937],[108.1905,14.4914],[108.1842,14.4891],[108.1833,14.4871],[108.1841,14.4843],[108.1829,14.4848],[108.1819,14.4846],[108.1818,14.4854],[108.1814,14.4855],[108.1817,14.4873],[108.18,14.4876],[108.1764,14.4909],[108.177,14.4937],[108.1752,14.4949],[108.1727,14.4941],[108.1716,14.4933],[108.1674,14.4941],[108.1644,14.4966],[108.1582,14.4939],[108.1537,14.4949],[108.1504,14.4939],[108.1467,14.4916],[108.1434,14.4921],[108.1434,14.4908],[108.1441,14.4911],[108.1445,14.4908],[108.1439,14.4895],[108.1454,14.4891],[108.145,14.4868],[108.1441,14.4862],[108.1431,14.4865],[108.143,14.486],[108.1418,14.4852],[108.142,14.4838],[108.1413,14.4836],[108.1405,14.4841],[108.1403,14.4829],[108.1396,14.4826],[108.1397,14.4812],[108.1384,14.481],[108.138,14.4792],[108.1374,14.479],[108.1373,14.4794],[108.136,14.4788],[108.1361,14.4799],[108.1349,14.4815],[108.1339,14.4808],[108.1319,14.4823],[108.13,14.4823],[108.1295,14.4828],[108.1268,14.4829],[108.1252,14.4821],[108.1235,14.4828],[108.1226,14.484],[108.1213,14.4845],[108.1189,14.4864],[108.1168,14.4901],[108.1148,14.491],[108.1123,14.494],[108.1115,14.4956],[108.1094,14.4976],[108.1075,14.4961],[108.1045,14.4954],[108.1033,14.4941],[108.1022,14.4915],[108.0996,14.4906],[108.0967,14.4857],[108.0939,14.486],[108.0911,14.4826],[108.0894,14.482],[108.0853,14.4817],[108.0835,14.4806],[108.0828,14.4775],[108.0839,14.4762],[108.0843,14.4746],[108.0865,14.4737],[108.0877,14.4714],[108.0874,14.4705],[108.0884,14.4687],[108.0872,14.4651],[108.0843,14.463],[108.0846,14.4611],[108.0867,14.4576],[108.0862,14.4535],[108.0851,14.452],[108.0858,14.4494],[108.0876,14.4484],[108.0893,14.446],[108.0896,14.4449],[108.0888,14.4439],[108.0866,14.4428],[108.0853,14.4393],[108.0839,14.4386],[108.0838,14.4373],[108.083,14.4364],[108.0832,14.4351],[108.084,14.4346],[108.0837,14.4323],[108.0833,14.4306],[108.081,14.4276],[108.0814,14.4245],[108.0806,14.4233],[108.0813,14.4223],[108.0803,14.4202],[108.0802,14.4176],[108.0806,14.4159],[108.0815,14.4148],[108.0808,14.413],[108.0809,14.41],[108.0795,14.4048],[108.0815,14.4039],[108.0827,14.4026],[108.0827,14.4008],[108.0819,14.3993],[108.0819,14.3969],[108.0775,14.3903],[108.0785,14.3886],[108.0796,14.3879],[108.08,14.3859],[108.0845,14.3836],[108.0841,14.3815],[108.0849,14.3799],[108.0838,14.3781],[108.0836,14.3764],[108.0847,14.375],[108.0848,14.3731],[108.0867,14.371],[108.0861,14.3615],[108.0863,14.3407],[108.0853,14.3393],[108.0828,14.3384],[108.0828,14.3362],[108.0818,14.3343],[108.1004,14.3351],[108.1013,14.3365],[108.1026,14.3375],[108.1045,14.3376],[108.1048,14.3389],[108.1039,14.3421],[108.1046,14.3435],[108.1077,14.3442],[108.109,14.3452],[108.1109,14.3446],[108.1124,14.3459],[108.1119,14.3483],[108.1086,14.3533],[108.112,14.3581],[108.1128,14.3611],[108.1152,14.3634],[108.1166,14.3635],[108.1183,14.363],[108.1234,14.3587],[108.127,14.3566],[108.1329,14.3561],[108.1351,14.3552],[108.1366,14.3566],[108.1385,14.3564],[108.1395,14.3569],[108.1396,14.3602],[108.1427,14.3595],[108.1494,14.3603],[108.1496,14.3595],[108.1476,14.3576],[108.1481,14.3557],[108.1462,14.3562],[108.1451,14.3547],[108.1431,14.3545],[108.142,14.3533],[108.145,14.3503],[108.146,14.3477],[108.1475,14.3476],[108.149,14.349],[108.1537,14.3488],[108.1545,14.3493],[108.1544,14.3502],[108.1538,14.3508],[108.1521,14.3505],[108.1513,14.3514],[108.1517,14.3536],[108.154,14.3533],[108.1564,14.3538],[108.1567,14.3551],[108.158,14.3561],[108.1572,14.3575],[108.1582,14.3583],[108.1605,14.3629],[108.1623,14.3618],[108.1632,14.3622],[108.1637,14.3628],[108.1636,14.3644],[108.1662,14.3644],[108.1699,14.3681],[108.1727,14.3669],[108.1755,14.3669],[108.1762,14.3665],[108.1773,14.368],[108.1809,14.368],[108.1823,14.3693],[108.1838,14.368],[108.1858,14.3688],[108.1879,14.3681],[108.1884,14.3693],[108.1895,14.3686],[108.1919,14.3715],[108.1921,14.3731],[108.1926,14.3738],[108.1944,14.3735],[108.1952,14.3727],[108.199,14.373],[108.1991,14.3754],[108.1982,14.3764],[108.1984,14.3768],[108.2003,14.3755],[108.2034,14.3746],[108.2036,14.3756],[108.2028,14.3767],[108.205,14.3779],[108.2044,14.3805],[108.2062,14.3818],[108.2071,14.3836]]]},"properties":{"code":"23497","name":"Kon Braih","nameEn":"Kon Braih","fullName":"Xã Kon Braih","fullNameEn":"Kon Braih Commune","codeName":"kon_braih","postalCode":"60213","postalCodePrefix":"","gisServerId":"diaphanhanhchinhcapxa_2025.1733","areaKm2":250.89},"id":"23497"},
{"type":"Feature","geometry":{"type":"Polygon","coordinates":[[[107.8794,14.4367],[107.8817,14.4354],[107.8815,14.4253],[107.8929,14.4286],[107.8951,14.4275],[107.9,14.4265],[107.9052,14.4269],[107.9058,14.4276],[107.9144,14.4247],[107.9144,14.4229],[107.9152,14.423],[107.9155,14.4226],[107.9153,14.4183],[107.917,14.4175],[107.9175,14.4163],[107.9184,14.4162],[107.9199,14.4145],[107.9241,14.414],[107.9234,14.4125],[107.9242,14.4119],[107.9249,14.4104],[107.9236,14.4103],[107.9251,14.407],[107.9246,14.4047],[107.9259,14.4048],[107.9281,14.4038],[107.9314,14.4001],[107.9486,14.3974],[107.9485,14.4019],[107.9534,14.4053],[107.9556,14.4076],[107.9607,14.4132],[107.9627,14.4177],[107.968,14.4228],[107.9686,14.4264],[107.9738,14.4292],[107.9784,14.4325],[107.9828,14.4342],[107.984,14.4379],[107.9786,14.4419],[107.9783,14.446],[107.9762,14.4495],[107.9738,14.451],[107.9742,14.4522],[107.9726,14.4561],[107.9744,14.4558],[107.9761,14.4575],[107.9731,14.4608],[107.9737,14.4619],[107.9725,14.4634],[107.9726,14.4647],[107.9713,14.465],[107.9701,14.4662],[107.9685,14.4666],[107.9666,14.4681],[107.9654,14.4678],[107.9638,14.4694],[107.9646,14.4709],[107.9637,14.472],[107.9637,14.4733],[107.9665,14.4737],[107.9663,14.4747],[107.9673,14.4758],[107.9662,14.4761],[107.9663,14.4766],[107.9657,14.4765],[107.9653,14.4769],[107.9662,14.4773],[107.9664,14.4782],[107.9675,14.4792],[107.9676,14.4809],[107.9681,14.4817],[107.9674,14.4824],[107.9672,14.4837],[107.9681,14.488],[107.9671,14.4882],[107.966,14.4908],[107.9654,14.4912],[107.9642,14.4965],[107.9621,14.4981],[107.9622,14.4989],[107.9587,14.5034],[107.9569,14.5034],[107.955,14.5018],[107.9539,14.5024],[107.9539,14.503],[107.9529,14.5031],[107.9499,14.503],[107.9494,14.5034],[107.9482,14.5031],[107.9474,14.5035],[107.9454,14.5029],[107.9452,14.5019],[107.9433,14.5025],[107.9425,14.5035],[107.9403,14.5033],[107.941,14.5056],[107.9313,14.5337],[107.9325,14.5337],[107.9302,14.5365],[107.93,14.5386],[107.9314,14.5417],[107.9308,14.543],[107.9299,14.5415],[107.9264,14.5404],[107.9246,14.5389],[107.9218,14.5375],[107.9218,14.5355],[107.9201,14.5345],[107.9198,14.5332],[107.9174,14.5305],[107.9161,14.53],[107.9156,14.529],[107.9134,14.5268],[107.9112,14.526],[107.9114,14.524],[107.91,14.5224],[107.9104,14.5218],[107.9097,14.5203],[107.9074,14.5188],[107.9065,14.5188],[107.9064,14.5182],[107.9044,14.5176],[107.9041,14.5166],[107.9035,14.5167],[107.9035,14.5171],[107.9026,14.517],[107.9021,14.5157],[107.9012,14.5151],[107.9001,14.5152],[107.8998,14.5142],[107.8982,14.5146],[107.898,14.5129],[107.897,14.5117],[107.8973,14.5101],[107.8986,14.5092],[107.8992,14.5075],[107.8983,14.5048],[107.8965,14.5038],[107.8951,14.504],[107.8936,14.5055],[107.8919,14.5056],[107.8911,14.5061],[107.8905,14.5075],[107.8893,14.5086],[107.8863,14.5067],[107.8847,14.5037],[107.8845,14.5025],[107.8857,14.5],[107.8883,14.4969],[107.8888,14.4916],[107.8886,14.4903],[107.8856,14.4869],[107.8848,14.4854],[107.8848,14.4839],[107.8868,14.4782],[107.8877,14.4703],[107.8865,14.4677],[107.8827,14.4642],[107.8807,14.4427],[107.8794,14.4367]]]},"properties":{"code":"23500","name":"Đăk Hà","nameEn":"Dak Ha","fullName":"Xã Đăk Hà","fullNameEn":"Dak Ha Commune","codeName":"dak_ha","postalCode":"60606","postalCodePrefix":"","gisServerId":"diaphanhanhchinhcapxa_2025.556","areaKm2":104.08},"id":"23500"},
{"type":"Feature","geometry":{"type":"Polygon","coordinates":[[[108.1415,14.7948],[108.1369,14.7976],[108.1287,14.8004],[108.1234,14.801],[108.1214,14.8011],[108.1211,14.7998],[108.1189,14.8004],[108.1175,14.8001],[108.1141,14.797],[108.1119,14.7979],[108.1055,14.7985],[108.1061,14.7993],[108.1066,14.8026],[108.1051,14.805],[108.1053,14.8065],[108.1043,14.8081],[108.103,14.8088],[108.1031,14.812],[108.1015,14.8138],[108.1009,14.8166],[108.0979,14.8175],[108.0978,14.8227],[108.0961,14.8242],[108.0932,14.8241],[108.0919,14.8234],[108.0907,14.8219],[108.0885,14.8223],[108.0846,14.8193],[108.0822,14.8189],[108.0806,14.8196],[108.0791,14.8196],[108.0744,14.8176],[108.0664,14.8126],[108.0641,14.8117],[108.0589,14.8128],[108.0573,14.814],[108.0572,14.8155],[108.0559,14.8157],[108.0558,14.8167],[108.0546,14.8173],[108.0527,14.8173],[108.0522,14.8191],[108.0507,14.8209],[108.0509,14.8214],[108.0516,14.8216],[108.0517,14.8226],[108.0503,14.8233],[108.0499,14.8248],[108.0479,14.8267],[108.0475,14.8281],[108.0463,14.8282],[108.0453,14.8292],[108.0426,14.8291],[108.0419,14.8296],[108.038,14.8286],[108.0375,14.8275],[108.0334,14.8246],[108.0343,14.8232],[108.0344,14.8199],[108.0357,14.8191],[108.0357,14.8182],[108.0351,14.8174],[108.0312,14.8154],[108.0294,14.8154],[108.0274,14.8138],[108.0251,14.8153],[108.0223,14.8146],[108.0221,14.8133],[108.0199,14.8129],[108.0187,14.8118],[108.0177,14.8094],[108.0157,14.8089],[108.015,14.8076],[108.0151,14.8066],[108.0145,14.806],[108.0156,14.804],[108.0155,14.8028],[108.0148,14.802],[108.0093,14.7982],[108.0029,14.7971],[107.9997,14.7958],[107.9988,14.7937],[107.9974,14.7919],[107.9989,14.7882],[108.001,14.788],[108.0015,14.7876],[108.0014,14.7862],[107.9988,14.7853],[107.9986,14.784],[108.0002,14.7831],[108.0025,14.7828],[108.0046,14.7806],[108.0053,14.7788],[108.0045,14.7769],[108.0029,14.7758],[108.0029,14.7733],[108.0017,14.7724],[108.0012,14.7713],[108.0014,14.7703],[108.003,14.7688],[108.0037,14.7671],[108.0021,14.765],[108.0037,14.7609],[108.0029,14.759],[108.0013,14.7581],[107.9999,14.7547],[107.9949,14.7534],[107.9918,14.7517],[107.9905,14.7518],[107.9851,14.7508],[107.9835,14.7509],[107.981,14.752],[107.9785,14.7543],[107.9774,14.7522],[107.9778,14.7495],[107.9774,14.7486],[107.9763,14.7492],[107.9746,14.7491],[107.9739,14.7478],[107.9709,14.7469],[107.9702,14.747],[107.9671,14.7518],[107.962,14.7491],[107.961,14.748],[107.9581,14.7489],[107.9537,14.7479],[107.9477,14.7479],[107.9451,14.7403],[107.9437,14.7401],[107.9408,14.739],[107.9353,14.7368],[107.9254,14.7338],[107.9131,14.7285],[107.9111,14.7243],[107.9089,14.7235],[107.9088,14.7212],[107.9068,14.719],[107.9061,14.7162],[107.9065,14.7151],[107.908,14.7138],[107.9077,14.7106],[107.9031,14.7076],[107.9005,14.7072],[107.8994,14.7058],[107.8982,14.7028],[107.8933,14.7002],[107.8923,14.6978],[107.8921,14.6958],[107.8923,14.6936],[107.8931,14.6916],[107.8889,14.6858],[107.8871,14.6823],[107.8734,14.6818],[107.8746,14.679],[107.8744,14.677],[107.875,14.674],[107.8765,14.6724],[107.876,14.6708],[107.8768,14.6688],[107.8777,14.6678],[107.8771,14.6655],[107.8779,14.6644],[107.88,14.6631],[107.8828,14.6593],[107.8819,14.6559],[107.8802,14.6544],[107.8806,14.6533],[107.884,14.6514],[107.8834,14.6469],[107.8875,14.6424],[107.888,14.6387],[107.8869,14.6373],[107.8874,14.6354],[107.8868,14.6342],[107.8868,14.6325],[107.8881,14.6307],[107.8874,14.6294],[107.8872,14.6269],[107.8893,14.6211],[107.8921,14.6186],[107.8961,14.6195],[107.8981,14.6236],[107.8982,14.6264],[107.8968,14.6292],[107.8971,14.6303],[107.8979,14.6308],[107.9016,14.632],[107.9148,14.6293],[107.9157,14.629],[107.9161,14.6275],[107.917,14.6271],[107.9171,14.6262],[107.9166,14.6257],[107.9176,14.6233],[107.919,14.6234],[107.9205,14.622],[107.9202,14.6213],[107.9207,14.6209],[107.9207,14.6201],[107.9228,14.6184],[107.9227,14.6167],[107.9241,14.6164],[107.9246,14.6138],[107.9242,14.6129],[107.926,14.6117],[107.9296,14.6131],[107.9309,14.6151],[107.9317,14.6153],[107.9325,14.6164],[107.9332,14.6165],[107.9343,14.6183],[107.9427,14.6192],[107.9459,14.621],[107.9478,14.6208],[107.9482,14.6222],[107.949,14.6231],[107.9495,14.6247],[107.9505,14.6254],[107.9514,14.6286],[107.9523,14.6297],[107.9525,14.6333],[107.9523,14.6342],[107.951,14.6357],[107.9522,14.6371],[107.9511,14.6385],[107.9511,14.6401],[107.9505,14.6411],[107.9483,14.6425],[107.9497,14.6431],[107.9502,14.6459],[107.9529,14.6449],[107.954,14.645],[107.9553,14.6441],[107.9567,14.6445],[107.9587,14.6428],[107.9601,14.6429],[107.9622,14.6417],[107.9657,14.6407],[107.9733,14.6519],[107.9933,14.6546],[107.997,14.6518],[107.9983,14.6533],[108.0025,14.6547],[108.0049,14.6538],[108.0093,14.6535],[108.0103,14.6529],[108.0104,14.6522],[108.0118,14.6517],[108.0126,14.6504],[108.0144,14.6503],[108.0162,14.6508],[108.0186,14.6485],[108.0204,14.6486],[108.0213,14.6476],[108.0212,14.6464],[108.0224,14.645],[108.0233,14.6459],[108.0273,14.6463],[108.0293,14.6443],[108.0306,14.6445],[108.0305,14.6457],[108.0324,14.6461],[108.0331,14.648],[108.0375,14.6504],[108.0392,14.6498],[108.0399,14.6485],[108.0406,14.6486],[108.0413,14.648],[108.0422,14.6494],[108.0436,14.6493],[108.044,14.6503],[108.0487,14.6515],[108.0493,14.6522],[108.0513,14.653],[108.0526,14.653],[108.0534,14.652],[108.0554,14.6519],[108.059,14.6565],[108.0594,14.6579],[108.0591,14.66],[108.0625,14.6652],[108.0618,14.6663],[108.0621,14.6679],[108.0616,14.6696],[108.0622,14.6731],[108.0626,14.6757],[108.0612,14.6777],[108.0617,14.6778],[108.0611,14.6789],[108.062,14.6816],[108.0638,14.6822],[108.0643,14.6817],[108.0665,14.6821],[108.0675,14.6827],[108.0689,14.6829],[108.07,14.6847],[108.0713,14.6856],[108.0715,14.687],[108.0723,14.6879],[108.0722,14.6898],[108.0712,14.6906],[108.0708,14.6934],[108.0716,14.6948],[108.074,14.6963],[108.0754,14.7019],[108.0752,14.703],[108.0725,14.7042],[108.073,14.7064],[108.0741,14.7083],[108.0736,14.7108],[108.0729,14.7117],[108.074,14.714],[108.0809,14.719],[108.0842,14.7199],[108.0891,14.7197],[108.0894,14.7211],[108.0883,14.7252],[108.0897,14.7267],[108.0915,14.7271],[108.0924,14.728],[108.093,14.7313],[108.1039,14.7395],[108.1067,14.7462],[108.1099,14.7491],[108.1112,14.7488],[108.1131,14.7495],[108.114,14.7523],[108.1156,14.7541],[108.1161,14.7561],[108.118,14.7595],[108.1188,14.7626],[108.1198,14.7639],[108.1226,14.7645],[108.1241,14.7657],[108.1261,14.7652],[108.1267,14.767],[108.1263,14.7699],[108.1268,14.7743],[108.1274,14.7755],[108.1258,14.7789],[108.1263,14.7805],[108.1279,14.7825],[108.1318,14.7897],[108.1378,14.7901],[108.1381,14.7925],[108.1387,14.793],[108.1395,14.7929],[108.1393,14.7934],[108.1397,14.794],[108.1415,14.7948]]]},"properties":{"code":"23504","name":"Đăk Pxi","nameEn":"Dak Pxi","fullName":"Xã Đăk Pxi","fullNameEn":"Dak Pxi Commune","codeName":"dak_pxi","postalCode":"60608","postalCodePrefix":"","gisServerId":"diaphanhanhchinhcapxa_2025.539","areaKm2":325.35},"id":"23504"},
{"type":"Feature","geometry":{"type":"Polygon","coordinates":[[[107.9308,14.543],[107.9314,14.5417],[107.93,14.5386],[107.9302,14.5365],[107.9325,14.5337],[107.9313,14.5337],[107.941,14.5056],[107.9403,14.5033],[107.9425,14.5035],[107.9433,14.5025],[107.9452,14.5019],[107.9454,14.5029],[107.9474,14.5035],[107.9482,14.5031],[107.9494,14.5034],[107.9499,14.503],[107.9529,14.5031],[107.9539,14.503],[107.9539,14.5024],[107.955,14.5018],[107.9569,14.5034],[107.9587,14.5034],[107.9622,14.4989],[107.9621,14.4981],[107.9642,14.4965],[107.9647,14.4968],[107.9645,14.4975],[107.9661,14.499],[107.9668,14.5015],[107.9685,14.5035],[107.9697,14.5061],[107.9699,14.5076],[107.9689,14.5113],[107.9781,14.522],[107.994,14.5239],[107.9946,14.5346],[107.9943,14.5391],[107.9952,14.5422],[107.9951,14.5457],[107.9963,14.5469],[107.9968,14.5494],[107.9952,14.5554],[107.9966,14.5547],[107.9984,14.556],[107.998,14.5547],[107.9983,14.5542],[108.0035,14.5535],[108.0042,14.5538],[108.0061,14.5558],[108.0084,14.5561],[108.0109,14.5537],[108.012,14.5533],[108.0138,14.5535],[108.0162,14.556],[108.0227,14.5607],[108.0242,14.5642],[108.0257,14.5648],[108.0314,14.5627],[108.0324,14.5612],[108.0335,14.5611],[108.0345,14.5581],[108.0364,14.5571],[108.0384,14.5526],[108.0408,14.5504],[108.0428,14.5515],[108.0438,14.5511],[108.0444,14.5513],[108.0454,14.5532],[108.0467,14.5542],[108.047,14.5552],[108.0481,14.5563],[108.0508,14.5585],[108.0535,14.5595],[108.0562,14.5642],[108.0571,14.5648],[108.0581,14.564],[108.0592,14.5641],[108.0596,14.5649],[108.0589,14.5673],[108.0622,14.5686],[108.0638,14.5705],[108.0646,14.5723],[108.0645,14.5731],[108.0659,14.5754],[108.0654,14.5768],[108.0663,14.5789],[108.0659,14.581],[108.0675,14.5857],[108.0684,14.5868],[108.0685,14.5892],[108.0665,14.5902],[108.0653,14.5928],[108.0669,14.5942],[108.07,14.599],[108.069,14.6009],[108.069,14.6046],[108.0665,14.6075],[108.0675,14.6098],[108.0657,14.6135],[108.0658,14.6154],[108.0667,14.6162],[108.0657,14.6184],[108.0661,14.6194],[108.0645,14.6211],[108.0648,14.624],[108.0632,14.6243],[108.0625,14.6258],[108.0631,14.6284],[108.0645,14.6303],[108.0677,14.6318],[108.0705,14.6312],[108.0719,14.6321],[108.0737,14.6348],[108.0751,14.6359],[108.0754,14.6386],[108.0748,14.6395],[108.0762,14.6412],[108.0752,14.6424],[108.0749,14.6443],[108.075,14.6459],[108.0762,14.6482],[108.0738,14.6528],[108.0741,14.6545],[108.0734,14.6566],[108.0725,14.6576],[108.0737,14.6632],[108.0725,14.6648],[108.0722,14.6661],[108.0704,14.6672],[108.0697,14.6685],[108.0622,14.6731],[108.0616,14.6696],[108.0621,14.6679],[108.0618,14.6663],[108.0625,14.6652],[108.0591,14.66],[108.0594,14.6579],[108.059,14.6565],[108.0554,14.6519],[108.0534,14.652],[108.0526,14.653],[108.0513,14.653],[108.0493,14.6522],[108.0487,14.6515],[108.044,14.6503],[108.0436,14.6493],[108.0422,14.6494],[108.0413,14.648],[108.0406,14.6486],[108.0399,14.6485],[108.0392,14.6498],[108.0375,14.6504],[108.0331,14.648],[108.0324,14.6461],[108.0305,14.6457],[108.0306,14.6445],[108.0293,14.6443],[108.0273,14.6463],[108.0233,14.6459],[108.0224,14.645],[108.0212,14.6464],[108.0213,14.6476],[108.0204,14.6486],[108.0186,14.6485],[108.0162,14.6508],[108.0144,14.6503],[108.0126,14.6504],[108.0118,14.6517],[108.0104,14.6522],[108.0103,14.6529],[108.0093,14.6535],[108.0049,14.6538],[108.0025,14.6547],[107.9983,14.6533],[107.997,14.6518],[107.9946,14.6486],[107.9936,14.6458],[107.992,14.6437],[107.9911,14.6433],[107.9912,14.6426],[107.9921,14.6422],[107.9923,14.6417],[107.992,14.6404],[107.9908,14.639],[107.991,14.6375],[107.9905,14.6368],[107.9922,14.634],[107.9907,14.6336],[107.991,14.6322],[107.9883,14.6302],[107.9876,14.6282],[107.9882,14.6258],[107.987,14.6229],[107.9873,14.6218],[107.9852,14.6192],[107.9859,14.6183],[107.9862,14.6159],[107.988,14.6142],[107.9876,14.6113],[107.9883,14.6098],[107.9878,14.6062],[107.9883,14.6047],[107.9872,14.6029],[107.9862,14.6026],[107.983,14.6027],[107.9813,14.6006],[107.9774,14.5989],[107.9777,14.5971],[107.9763,14.5953],[107.9769,14.5925],[107.9753,14.5919],[107.9754,14.5907],[107.9718,14.5877],[107.9735,14.5862],[107.9734,14.5837],[107.972,14.5813],[107.9722,14.579],[107.9694,14.5695],[107.9669,14.5673],[107.9619,14.5658],[107.9587,14.5617],[107.9558,14.5608],[107.9514,14.557],[107.9482,14.5563],[107.9368,14.5497],[107.9344,14.5471],[107.9322,14.5433],[107.9308,14.543]]]},"properties":{"code":"23510","name":"Đăk Ui","nameEn":"Dak Ui","fullName":"Xã Đăk Ui","fullNameEn":"Dak Ui Commune","codeName":"dak_ui","postalCode":"60609","postalCodePrefix":"","gisServerId":"diaphanhanhchinhcapxa_2025.540","areaKm2":132.52},"id":"23510"},
{"type":"Feature","geometry":{"type":"Polygon","coordinates":[[[107.997,14.6518],[107.9933,14.6546],[107.9733,14.6519],[107.9657,14.6407],[107.9622,14.6417],[107.9601,14.6429],[107.9587,14.6428],[107.9567,14.6445],[107.9553,14.6441],[107.954,14.645],[107.9529,14.6449],[107.9502,14.6459],[107.9497,14.6431],[107.9483,14.6425],[107.9505,14.6411],[107.9511,14.6401],[107.9511,14.6385],[107.9522,14.6371],[107.951,14.6357],[107.9523,14.6342],[107.9525,14.6333],[107.9523,14.6297],[107.9514,14.6286],[107.9505,14.6254],[107.9495,14.6247],[107.949,14.6231],[107.9482,14.6222],[107.9478,14.6208],[107.9459,14.621],[107.9427,14.6192],[107.9343,14.6183],[107.9332,14.6165],[107.9325,14.6164],[107.9317,14.6153],[107.9309,14.6151],[107.9296,14.6131],[107.926,14.6117],[107.9242,14.6129],[107.9246,14.6138],[107.9241,14.6164],[107.9227,14.6167],[107.9228,14.6184],[107.9207,14.6201],[107.9207,14.6209],[107.9202,14.6213],[107.9205,14.622],[107.919,14.6234],[107.9176,14.6233],[107.9166,14.6257],[107.9171,14.6262],[107.917,14.6271],[107.9161,14.6275],[107.9157,14.629],[107.9148,14.6293],[107.9147,14.6265],[107.914,14.6249],[107.9129,14.624],[107.9106,14.6237],[107.9119,14.6187],[107.9115,14.6163],[107.9103,14.6147],[107.9107,14.6137],[107.9104,14.6081],[107.909,14.6007],[107.9093,14.6003],[107.9059,14.5967],[107.9045,14.593],[107.8973,14.585],[107.8905,14.5883],[107.8885,14.5886],[107.887,14.5883],[107.8825,14.585],[107.8818,14.5835],[107.8816,14.5793],[107.8812,14.5782],[107.8797,14.5774],[107.8775,14.578],[107.8751,14.577],[107.8746,14.5738],[107.875,14.573],[107.8745,14.5715],[107.8759,14.5702],[107.8799,14.5633],[107.8716,14.5596],[107.8697,14.5562],[107.87,14.5535],[107.8687,14.5482],[107.8653,14.5491],[107.8624,14.5472],[107.8634,14.5437],[107.8631,14.5317],[107.8635,14.5299],[107.8628,14.524],[107.8617,14.5202],[107.8608,14.5162],[107.8614,14.5054],[107.8649,14.4993],[107.8682,14.4973],[107.8692,14.4924],[107.8722,14.4914],[107.883,14.4898],[107.8856,14.4869],[107.8886,14.4903],[107.8888,14.4916],[107.8883,14.4969],[107.8857,14.5],[107.8845,14.5025],[107.8847,14.5037],[107.8863,14.5067],[107.8893,14.5086],[107.8905,14.5075],[107.8911,14.5061],[107.8919,14.5056],[107.8936,14.5055],[107.8951,14.504],[107.8965,14.5038],[107.8983,14.5048],[107.8992,14.5075],[107.8986,14.5092],[107.8973,14.5101],[107.897,14.5117],[107.898,14.5129],[107.8982,14.5146],[107.8998,14.5142],[107.9001,14.5152],[107.9012,14.5151],[107.9021,14.5157],[107.9026,14.517],[107.9035,14.5171],[107.9035,14.5167],[107.9041,14.5166],[107.9044,14.5176],[107.9064,14.5182],[107.9065,14.5188],[107.9074,14.5188],[107.9097,14.5203],[107.9104,14.5218],[107.91,14.5224],[107.9114,14.524],[107.9112,14.526],[107.9134,14.5268],[107.9156,14.529],[107.9161,14.53],[107.9174,14.5305],[107.9198,14.5332],[107.9201,14.5345],[107.9218,14.5355],[107.9218,14.5375],[107.9246,14.5389],[107.9264,14.5404],[107.9299,14.5415],[107.9308,14.543],[107.9322,14.5433],[107.9344,14.5471],[107.9368,14.5497],[107.9482,14.5563],[107.9514,14.557],[107.9558,14.5608],[107.9587,14.5617],[107.9619,14.5658],[107.9669,14.5673],[107.9694,14.5695],[107.9722,14.579],[107.972,14.5813],[107.9734,14.5837],[107.9735,14.5862],[107.9718,14.5877],[107.9754,14.5907],[107.9753,14.5919],[107.9769,14.5925],[107.9763,14.5953],[107.9777,14.5971],[107.9774,14.5989],[107.9813,14.6006],[107.983,14.6027],[107.9862,14.6026],[107.9872,14.6029],[107.9883,14.6047],[107.9878,14.6062],[107.9883,14.6098],[107.9876,14.6113],[107.988,14.6142],[107.9862,14.6159],[107.9859,14.6183],[107.9852,14.6192],[107.9873,14.6218],[107.987,14.6229],[107.9882,14.6258],[107.9876,14.6282],[107.9883,14.6302],[107.991,14.6322],[107.9907,14.6336],[107.9922,14.634],[107.9905,14.6368],[107.991,14.6375],[107.9908,14.639],[107.992,14.6404],[107.9923,14.6417],[107.9921,14.6422],[107.9912,14.6426],[107.9911,14.6433],[107.992,14.6437],[107.9936,14.6458],[107.9946,14.6486],[107.997,14.6518]]]},"properties":{"code":"23512","name":"Đăk Mar","nameEn":"Dak Mar","fullName":"Xã Đăk Mar","fullNameEn":"Dak Mar Commune","codeName":"dak_mar","postalCode":"60612","postalCodePrefix":"","gisServerId":"diaphanhanhchinhcapxa_2025.555","areaKm2":112.79},"id":"23512"},
{"type":"Feature","geometry":{"type":"Polygon","coordinates":[[[108.0592,14.5641],[108.0581,14.564],[108.0571,14.5648],[108.0562,14.5642],[108.0535,14.5595],[108.0508,14.5585],[108.0481,14.5563],[108.047,14.5552],[108.0467,14.5542],[108.0454,14.5532],[108.0444,14.5513],[108.0438,14.5511],[108.0428,14.5515],[108.0408,14.5504],[108.0384,14.5526],[108.0364,14.5571],[108.0345,14.5581],[108.0335,14.5611],[108.0324,14.5612],[108.0314,14.5627],[108.0257,14.5648],[108.0242,14.5642],[108.0227,14.5607],[108.0162,14.556],[108.0138,14.5535],[108.012,14.5533],[108.0109,14.5537],[108.0084,14.5561],[108.0061,14.5558],[108.0042,14.5538],[108.0035,14.5535],[107.9983,14.5542],[107.998,14.5547],[107.9984,14.556],[107.9966,14.5547],[107.9952,14.5554],[107.9968,14.5494],[107.9963,14.5469],[107.9951,14.5457],[107.9952,14.5422],[107.9943,14.5391],[107.9946,14.5346],[107.994,14.5239],[107.9781,14.522],[107.9689,14.5113],[107.9699,14.5076],[107.9697,14.5061],[107.9685,14.5035],[107.9668,14.5015],[107.9661,14.499],[107.9645,14.4975],[107.9647,14.4968],[107.9642,14.4965],[107.9654,14.4912],[107.966,14.4908],[107.9671,14.4882],[107.9681,14.488],[107.9672,14.4837],[107.9674,14.4824],[107.9681,14.4817],[107.9676,14.4809],[107.9675,14.4792],[107.9664,14.4782],[107.9662,14.4773],[107.9653,14.4769],[107.9657,14.4765],[107.9663,14.4766],[107.9662,14.4761],[107.9673,14.4758],[107.9663,14.4747],[107.9665,14.4737],[107.9637,14.4733],[107.9637,14.472],[107.9646,14.4709],[107.9638,14.4694],[107.9654,14.4678],[107.9666,14.4681],[107.9685,14.4666],[107.9701,14.4662],[107.9713,14.465],[107.9726,14.4647],[107.9725,14.4634],[107.9737,14.4619],[107.9731,14.4608],[107.9761,14.4575],[107.9744,14.4558],[107.9726,14.4561],[107.9742,14.4522],[107.9738,14.451],[107.9762,14.4495],[107.9783,14.446],[107.9786,14.4419],[107.984,14.4379],[107.9871,14.4376],[107.9881,14.4383],[107.9906,14.4373],[107.9937,14.4374],[107.9953,14.4356],[107.9964,14.4359],[107.9959,14.4378],[107.9943,14.4393],[107.9943,14.4398],[107.9952,14.4404],[107.9935,14.442],[107.9948,14.4447],[107.9944,14.4456],[107.9925,14.4466],[107.9929,14.4474],[107.9941,14.4474],[107.9954,14.4464],[107.9961,14.4479],[107.9986,14.4462],[107.9995,14.4474],[108.0005,14.4468],[108.002,14.4467],[108.0024,14.4478],[108.004,14.4483],[108.005,14.4483],[108.0065,14.4472],[108.006,14.4493],[108.0063,14.4509],[108.0051,14.4533],[108.0064,14.4524],[108.0077,14.4506],[108.0087,14.4504],[108.0097,14.451],[108.0117,14.4496],[108.0142,14.4522],[108.0179,14.452],[108.0187,14.4537],[108.0197,14.4529],[108.0205,14.4511],[108.0217,14.4502],[108.0223,14.4483],[108.0257,14.443],[108.0267,14.4426],[108.0287,14.4404],[108.0298,14.438],[108.032,14.435],[108.0341,14.4343],[108.0442,14.4352],[108.0562,14.4301],[108.06,14.4236],[108.0635,14.4192],[108.0689,14.4159],[108.0806,14.4233],[108.0814,14.4245],[108.081,14.4276],[108.0833,14.4306],[108.0837,14.4323],[108.084,14.4346],[108.0832,14.4351],[108.083,14.4364],[108.0838,14.4373],[108.0839,14.4386],[108.0853,14.4393],[108.0866,14.4428],[108.0888,14.4439],[108.0896,14.4449],[108.0893,14.446],[108.0876,14.4484],[108.0858,14.4494],[108.0851,14.452],[108.0862,14.4535],[108.0867,14.4576],[108.0846,14.4611],[108.0843,14.463],[108.0872,14.4651],[108.0884,14.4687],[108.0874,14.4705],[108.0877,14.4714],[108.0865,14.4737],[108.0843,14.4746],[108.0839,14.4762],[108.0828,14.4775],[108.0835,14.4806],[108.0853,14.4817],[108.0894,14.482],[108.0911,14.4826],[108.0939,14.486],[108.0967,14.4857],[108.0996,14.4906],[108.1022,14.4915],[108.1033,14.4941],[108.1045,14.4954],[108.1075,14.4961],[108.1094,14.4976],[108.1087,14.4998],[108.1094,14.5011],[108.1076,14.5051],[108.1076,14.5066],[108.1067,14.5075],[108.1063,14.5088],[108.1085,14.5119],[108.1084,14.5129],[108.1095,14.5152],[108.1091,14.5165],[108.1102,14.5202],[108.1097,14.5238],[108.1108,14.5266],[108.109,14.5307],[108.1112,14.5332],[108.1084,14.5339],[108.1073,14.5349],[108.1048,14.5359],[108.1037,14.5373],[108.1025,14.5377],[108.0951,14.5371],[108.0949,14.5386],[108.0927,14.5396],[108.0922,14.5424],[108.088,14.5477],[108.0877,14.5494],[108.0844,14.5487],[108.0827,14.5502],[108.0802,14.5507],[108.0796,14.5522],[108.0786,14.5532],[108.0763,14.5545],[108.0733,14.5557],[108.0707,14.5556],[108.0687,14.5567],[108.0681,14.5592],[108.0649,14.5595],[108.0635,14.5589],[108.0592,14.5641]]]},"properties":{"code":"23515","name":"Ngọk Réo","nameEn":"Ngok Reo","fullName":"Xã Ngọk Réo","fullNameEn":"Ngok Reo Commune","codeName":"ngok_reo","postalCode":"60616","postalCodePrefix":"","gisServerId":"diaphanhanhchinhcapxa_2025.1734","areaKm2":170.29},"id":"23515"},
{"type":"Feature","geometry":{"type":"Polygon","coordinates":[[[107.8168,14.3889],[107.8167,14.3903],[107.818,14.3921],[107.8159,14.3913],[107.815,14.3937],[107.8123,14.3933],[107.8106,14.3946],[107.8103,14.3959],[107.8119,14.3971],[107.813,14.3988],[107.8119,14.4011],[107.8105,14.4021],[107.8063,14.4019],[107.807,14.404],[107.8032,14.4061],[107.8029,14.4084],[107.8008,14.4102],[107.8004,14.4119],[107.7989,14.414],[107.7975,14.4172],[107.7959,14.4183],[107.7957,14.4205],[107.7951,14.4214],[107.7955,14.4261],[107.7972,14.4272],[107.7995,14.4276],[107.7999,14.4289],[107.8011,14.4295],[107.8021,14.4309],[107.802,14.4331],[107.8029,14.4344],[107.8045,14.435],[107.8063,14.4365],[107.8085,14.4364],[107.8107,14.4386],[107.8119,14.4388],[107.8151,14.442],[107.8178,14.4434],[107.8181,14.4444],[107.8196,14.4451],[107.8188,14.4465],[107.8172,14.4472],[107.8157,14.4496],[107.8134,14.4507],[107.8147,14.4523],[107.8144,14.4534],[107.8132,14.4549],[107.8125,14.458],[107.8123,14.4637],[107.813,14.4653],[107.813,14.4675],[107.8133,14.4683],[107.8154,14.4694],[107.8166,14.4705],[107.8168,14.4714],[107.8175,14.4717],[107.8176,14.4729],[107.8158,14.4747],[107.815,14.4769],[107.8141,14.4793],[107.8134,14.4859],[107.811,14.4894],[107.8101,14.493],[107.8076,14.4951],[107.8067,14.4949],[107.8058,14.4965],[107.8054,14.4985],[107.8069,14.5015],[107.8055,14.5023],[107.8074,14.5049],[107.8049,14.5086],[107.8043,14.5116],[107.789,14.5046],[107.7844,14.5039],[107.7815,14.5026],[107.7806,14.5012],[107.7789,14.5012],[107.7765,14.5025],[107.773,14.5022],[107.7703,14.4995],[107.7664,14.499],[107.7652,14.4978],[107.7654,14.4963],[107.7673,14.496],[107.7681,14.4953],[107.7669,14.4953],[107.765,14.4925],[107.7661,14.4915],[107.7642,14.4907],[107.7634,14.4875],[107.76,14.4846],[107.7554,14.4819],[107.7521,14.4831],[107.7486,14.4778],[107.7463,14.4783],[107.7451,14.4795],[107.7426,14.4776],[107.74,14.4765],[107.736,14.4761],[107.7355,14.4755],[107.736,14.4709],[107.7352,14.4651],[107.7381,14.4604],[107.7384,14.4584],[107.7349,14.4618],[107.7326,14.4614],[107.7315,14.4604],[107.7308,14.4574],[107.726,14.4513],[107.7225,14.4507],[107.7217,14.4513],[107.7201,14.4534],[107.7194,14.456],[107.7178,14.4578],[107.7172,14.4598],[107.6973,14.462],[107.7004,14.4593],[107.702,14.4544],[107.7028,14.4537],[107.7025,14.4518],[107.7012,14.4494],[107.7012,14.448],[107.7006,14.447],[107.7012,14.4452],[107.7007,14.444],[107.6974,14.4418],[107.7006,14.4408],[107.7014,14.4393],[107.7031,14.4385],[107.7062,14.4335],[107.7051,14.432],[107.7049,14.4292],[107.7033,14.4268],[107.7024,14.4259],[107.6961,14.4234],[107.6962,14.4214],[107.6999,14.4203],[107.701,14.4193],[107.7039,14.4182],[107.7068,14.414],[107.7083,14.4128],[107.7081,14.4119],[107.7105,14.4094],[107.7184,14.4043],[107.7191,14.4018],[107.7192,14.3982],[107.7187,14.3964],[107.7197,14.3942],[107.7198,14.3922],[107.7193,14.3911],[107.7217,14.3869],[107.7227,14.3833],[107.7224,14.3823],[107.7212,14.3809],[107.7219,14.3795],[107.7235,14.3782],[107.7266,14.3788],[107.7331,14.3781],[107.7336,14.3762],[107.735,14.3744],[107.7355,14.3705],[107.7379,14.3685],[107.7398,14.366],[107.7421,14.367],[107.7431,14.368],[107.7451,14.369],[107.7455,14.3698],[107.7468,14.3703],[107.7545,14.3704],[107.7572,14.3718],[107.7629,14.3701],[107.7682,14.3697],[107.7724,14.3712],[107.7812,14.3732],[107.7816,14.3708],[107.7864,14.3695],[107.7903,14.3697],[107.7931,14.3684],[107.7944,14.3683],[107.8005,14.3738],[107.8024,14.3765],[107.8053,14.3757],[107.8063,14.3779],[107.8067,14.3812],[107.8092,14.3816],[107.8108,14.3829],[107.8135,14.3819],[107.815,14.3824],[107.816,14.3844],[107.8161,14.3875],[107.8168,14.3889]]]},"properties":{"code":"23527","name":"Sa Thầy","nameEn":"Sa Thay","fullName":"Xã Sa Thầy","fullNameEn":"Sa Thay Commune","codeName":"sa_thay","postalCode":"60706","postalCodePrefix":"","gisServerId":"diaphanhanhchinhcapxa_2025.544","areaKm2":137.89},"id":"23527"},
{"type":"Feature","geometry":{"type":"Polygon","coordinates":[[[107.7947,14.5413],[107.7947,14.5443],[107.7916,14.5493],[107.7912,14.5517],[107.79,14.5524],[107.7887,14.5556],[107.7888,14.5566],[107.7874,14.5576],[107.786,14.5598],[107.785,14.563],[107.7824,14.5669],[107.7796,14.5667],[107.7773,14.5685],[107.7785,14.5721],[107.7769,14.5755],[107.7775,14.5766],[107.7769,14.5772],[107.7755,14.5774],[107.7751,14.5782],[107.7753,14.5806],[107.7763,14.5819],[107.7749,14.5853],[107.7741,14.586],[107.774,14.5877],[107.7734,14.5887],[107.7737,14.5902],[107.7713,14.5926],[107.7715,14.5944],[107.7727,14.5948],[107.7755,14.5987],[107.7773,14.6026],[107.7766,14.6044],[107.7735,14.6063],[107.77,14.6093],[107.7655,14.6111],[107.7652,14.6122],[107.7636,14.6132],[107.759,14.6132],[107.7585,14.6127],[107.7572,14.6129],[107.7537,14.6121],[107.7526,14.6112],[107.7504,14.6049],[107.7508,14.6041],[107.747,14.5971],[107.7443,14.5955],[107.7429,14.5953],[107.7398,14.5963],[107.738,14.5962],[107.7366,14.595],[107.7337,14.5891],[107.7315,14.5881],[107.7297,14.5883],[107.7284,14.5866],[107.7263,14.5852],[107.7245,14.5849],[107.7239,14.5864],[107.7219,14.5847],[107.7198,14.5838],[107.7189,14.584],[107.7185,14.5847],[107.7185,14.5836],[107.717,14.5829],[107.7153,14.5834],[107.7135,14.583],[107.7092,14.5842],[107.7084,14.5851],[107.7047,14.5867],[107.7036,14.5884],[107.7024,14.5884],[107.7012,14.5894],[107.6993,14.5887],[107.6976,14.5892],[107.6934,14.587],[107.6914,14.5868],[107.6887,14.5845],[107.6875,14.5849],[107.686,14.5845],[107.6842,14.5849],[107.6827,14.5844],[107.6798,14.5855],[107.6794,14.584],[107.6782,14.583],[107.6751,14.5851],[107.6752,14.5833],[107.6732,14.5803],[107.6739,14.5781],[107.6736,14.5774],[107.6738,14.5764],[107.6728,14.5757],[107.6727,14.5746],[107.6707,14.5725],[107.6718,14.5716],[107.6715,14.5697],[107.6699,14.5689],[107.6687,14.5696],[107.6678,14.5691],[107.6677,14.5676],[107.6658,14.5658],[107.6635,14.5653],[107.6643,14.5607],[107.6606,14.5565],[107.66,14.5552],[107.6615,14.554],[107.6622,14.5524],[107.6607,14.5475],[107.6594,14.5455],[107.6596,14.5442],[107.6589,14.5423],[107.6594,14.5403],[107.6588,14.539],[107.6549,14.5357],[107.6549,14.5338],[107.6519,14.533],[107.6515,14.5319],[107.6498,14.5325],[107.6094,14.5292],[107.608,14.5281],[107.6076,14.5265],[107.6048,14.5262],[107.6037,14.5257],[107.6025,14.5237],[107.599,14.5205],[107.5952,14.5193],[107.5898,14.5196],[107.5873,14.5192],[107.5864,14.5178],[107.5863,14.5156],[107.5849,14.5146],[107.5744,14.5125],[107.562,14.5109],[107.5579,14.5122],[107.5542,14.5056],[107.5499,14.5056],[107.5476,14.5068],[107.5441,14.507],[107.5437,14.5091],[107.5433,14.5097],[107.5427,14.5097],[107.5413,14.5094],[107.5376,14.5073],[107.5336,14.5058],[107.5326,14.5063],[107.522,14.5021],[107.5233,14.5051],[107.5222,14.5065],[107.5182,14.5068],[107.5165,14.5107],[107.5148,14.512],[107.5109,14.5117],[107.5099,14.5105],[107.5067,14.5088],[107.5079,14.5073],[107.5098,14.503],[107.5116,14.5025],[107.5124,14.4977],[107.5099,14.4971],[107.5082,14.4958],[107.5089,14.4935],[107.5083,14.489],[107.5076,14.4883],[107.506,14.4879],[107.5051,14.487],[107.5033,14.4825],[107.5035,14.4814],[107.5042,14.4805],[107.5038,14.4762],[107.503,14.4757],[107.5026,14.473],[107.5029,14.4699],[107.4996,14.4662],[107.4997,14.464],[107.5011,14.463],[107.5016,14.4612],[107.5032,14.4607],[107.504,14.4598],[107.5042,14.4586],[107.5037,14.458],[107.506,14.4597],[107.5128,14.4597],[107.5139,14.4591],[107.5156,14.4594],[107.5189,14.4591],[107.5208,14.4594],[107.5226,14.459],[107.5247,14.4595],[107.5252,14.4612],[107.5271,14.462],[107.5292,14.4605],[107.5304,14.4607],[107.5324,14.46],[107.5345,14.458],[107.5359,14.4585],[107.5368,14.4578],[107.5396,14.4593],[107.5406,14.4608],[107.5418,14.4609],[107.5432,14.4596],[107.5453,14.4587],[107.5471,14.4587],[107.5494,14.4577],[107.5525,14.4576],[107.5538,14.4558],[107.5577,14.4543],[107.5605,14.4515],[107.5633,14.452],[107.5666,14.4516],[107.5693,14.4534],[107.5749,14.4494],[107.5767,14.4473],[107.5789,14.4468],[107.5794,14.4459],[107.581,14.4453],[107.5817,14.4441],[107.583,14.4436],[107.5876,14.4431],[107.5888,14.4421],[107.5903,14.4418],[107.5929,14.4418],[107.5939,14.4424],[107.5948,14.4449],[107.5959,14.4459],[107.5975,14.4465],[107.599,14.4458],[107.6005,14.4467],[107.6033,14.4432],[107.6069,14.441],[107.6089,14.4413],[107.61,14.4429],[107.6175,14.4435],[107.6185,14.4441],[107.6197,14.4442],[107.6197,14.4448],[107.621,14.4456],[107.6221,14.4478],[107.6256,14.452],[107.6251,14.4544],[107.6269,14.4574],[107.6292,14.459],[107.6306,14.4594],[107.6345,14.4596],[107.6357,14.4575],[107.6371,14.458],[107.6382,14.4577],[107.6389,14.4568],[107.6449,14.4567],[107.6459,14.4582],[107.6502,14.4596],[107.6514,14.4612],[107.6508,14.4619],[107.6504,14.464],[107.6523,14.4658],[107.6534,14.4659],[107.6548,14.4654],[107.656,14.4669],[107.6573,14.4667],[107.6595,14.4654],[107.6612,14.4654],[107.6637,14.4639],[107.6665,14.4657],[107.6698,14.4667],[107.6704,14.4685],[107.6725,14.4704],[107.676,14.4707],[107.6784,14.4715],[107.6802,14.4738],[107.6804,14.4751],[107.6856,14.4727],[107.6861,14.4715],[107.6893,14.4689],[107.6929,14.4675],[107.6963,14.4644],[107.6973,14.462],[107.7172,14.4598],[107.7178,14.4578],[107.7194,14.456],[107.7201,14.4534],[107.7217,14.4513],[107.7225,14.4507],[107.726,14.4513],[107.7308,14.4574],[107.7315,14.4604],[107.7326,14.4614],[107.7349,14.4618],[107.7384,14.4584],[107.7381,14.4604],[107.7352,14.4651],[107.736,14.4709],[107.7355,14.4755],[107.736,14.4761],[107.74,14.4765],[107.7426,14.4776],[107.7451,14.4795],[107.7463,14.4783],[107.7486,14.4778],[107.7521,14.4831],[107.7554,14.4819],[107.76,14.4846],[107.7634,14.4875],[107.7642,14.4907],[107.7661,14.4915],[107.765,14.4925],[107.7669,14.4953],[107.7681,14.4953],[107.7673,14.496],[107.7654,14.4963],[107.7652,14.4978],[107.7664,14.499],[107.7703,14.4995],[107.773,14.5022],[107.7765,14.5025],[107.7789,14.5012],[107.7806,14.5012],[107.7815,14.5026],[107.7844,14.5039],[107.789,14.5046],[107.8043,14.5116],[107.802,14.5143],[107.8035,14.5157],[107.8022,14.5165],[107.8021,14.5174],[107.7977,14.5178],[107.7992,14.5185],[107.8,14.5216],[107.8014,14.5224],[107.8018,14.5234],[107.8008,14.5249],[107.7981,14.5264],[107.8,14.5314],[107.7972,14.5364],[107.7966,14.5389],[107.7947,14.5413]]]},"properties":{"code":"23530","name":"Rờ Kơi","nameEn":"Ro Koi","fullName":"Xã Rờ Kơi","fullNameEn":"Ro Koi Commune","codeName":"ro_koi","postalCode":"60710","postalCodePrefix":"","gisServerId":"diaphanhanhchinhcapxa_2025.545","areaKm2":298.29},"id":"23530"},
{"type":"Feature","geometry":{"type":"Polygon","coordinates":[[[107.8856,14.4869],[107.883,14.4898],[107.8722,14.4914],[107.8692,14.4924],[107.8682,14.4973],[107.8649,14.4993],[107.8614,14.5054],[107.8608,14.5162],[107.8617,14.5202],[107.8602,14.5213],[107.8504,14.5247],[107.8508,14.5264],[107.8494,14.5276],[107.8498,14.5296],[107.8432,14.5334],[107.8417,14.5325],[107.8421,14.5332],[107.8416,14.5343],[107.8418,14.5348],[107.8412,14.5353],[107.8405,14.5376],[107.8386,14.5377],[107.8378,14.5371],[107.8366,14.5383],[107.8356,14.5384],[107.8356,14.5392],[107.8339,14.5387],[107.8322,14.541],[107.8324,14.5415],[107.832,14.542],[107.8312,14.5412],[107.8305,14.5415],[107.8307,14.5419],[107.8297,14.5415],[107.8289,14.5423],[107.8288,14.5409],[107.8271,14.5397],[107.8271,14.5386],[107.8262,14.5384],[107.8245,14.5401],[107.8239,14.54],[107.824,14.5407],[107.8228,14.5414],[107.8224,14.5409],[107.8212,14.5422],[107.8193,14.5421],[107.8188,14.5432],[107.8182,14.5431],[107.8172,14.5442],[107.8159,14.5469],[107.8151,14.5463],[107.8128,14.5463],[107.8119,14.5455],[107.8087,14.546],[107.8065,14.5456],[107.8021,14.5431],[107.8005,14.543],[107.7976,14.5415],[107.7947,14.5413],[107.7966,14.5389],[107.7972,14.5364],[107.8,14.5314],[107.7981,14.5264],[107.8008,14.5249],[107.8018,14.5234],[107.8014,14.5224],[107.8,14.5216],[107.7992,14.5185],[107.7977,14.5178],[107.8021,14.5174],[107.8022,14.5165],[107.8035,14.5157],[107.802,14.5143],[107.8043,14.5116],[107.8049,14.5086],[107.8074,14.5049],[107.8055,14.5023],[107.8069,14.5015],[107.8054,14.4985],[107.8058,14.4965],[107.8067,14.4949],[107.8076,14.4951],[107.8101,14.493],[107.811,14.4894],[107.8134,14.4859],[107.8141,14.4793],[107.815,14.4769],[107.8158,14.4747],[107.8176,14.4729],[107.8175,14.4717],[107.8168,14.4714],[107.8166,14.4705],[107.8154,14.4694],[107.8133,14.4683],[107.813,14.4675],[107.813,14.4653],[107.8123,14.4637],[107.8125,14.458],[107.8132,14.4549],[107.8144,14.4534],[107.8147,14.4523],[107.8134,14.4507],[107.8157,14.4496],[107.8172,14.4472],[107.8188,14.4465],[107.8196,14.4451],[107.8181,14.4444],[107.8178,14.4434],[107.8151,14.442],[107.8119,14.4388],[107.8107,14.4386],[107.8085,14.4364],[107.8063,14.4365],[107.8045,14.435],[107.8029,14.4344],[107.802,14.4331],[107.8021,14.4309],[107.8011,14.4295],[107.7999,14.4289],[107.7995,14.4276],[107.7972,14.4272],[107.7955,14.4261],[107.7951,14.4214],[107.7957,14.4205],[107.7959,14.4183],[107.7975,14.4172],[107.7989,14.414],[107.8004,14.4119],[107.8008,14.4102],[107.8029,14.4084],[107.8032,14.4061],[107.807,14.404],[107.8063,14.4019],[107.8105,14.4021],[107.8119,14.4011],[107.813,14.3988],[107.8119,14.3971],[107.8103,14.3959],[107.8106,14.3946],[107.8123,14.3933],[107.815,14.3937],[107.8159,14.3913],[107.818,14.3921],[107.8167,14.3903],[107.8168,14.3889],[107.8173,14.3894],[107.8182,14.3891],[107.8187,14.3897],[107.8193,14.3888],[107.8207,14.3889],[107.8208,14.3874],[107.8231,14.3879],[107.8228,14.387],[107.8289,14.3824],[107.8297,14.381],[107.831,14.3806],[107.8319,14.3791],[107.8352,14.3771],[107.8366,14.3748],[107.8365,14.3728],[107.8379,14.3653],[107.8342,14.3601],[107.8339,14.3558],[107.833,14.3542],[107.8307,14.3522],[107.8301,14.348],[107.8319,14.347],[107.836,14.3477],[107.8362,14.3459],[107.8351,14.3416],[107.8355,14.3363],[107.8369,14.3346],[107.8366,14.3331],[107.8377,14.3322],[107.8379,14.3301],[107.8471,14.3288],[107.8531,14.3243],[107.858,14.3214],[107.8606,14.3249],[107.8666,14.3311],[107.8706,14.3344],[107.8737,14.3362],[107.8751,14.3399],[107.8785,14.3442],[107.8795,14.3509],[107.8817,14.3541],[107.8835,14.3589],[107.8832,14.3611],[107.8802,14.3629],[107.8787,14.3649],[107.8751,14.3702],[107.8701,14.3804],[107.8698,14.3864],[107.8712,14.3896],[107.8712,14.3911],[107.8696,14.3923],[107.8669,14.3927],[107.8651,14.3947],[107.8621,14.3959],[107.8617,14.397],[107.8627,14.401],[107.8642,14.4132],[107.8676,14.42],[107.8681,14.4215],[107.868,14.4236],[107.8687,14.4246],[107.8717,14.4251],[107.8744,14.4245],[107.8756,14.4262],[107.8794,14.4367],[107.8807,14.4427],[107.8827,14.4642],[107.8865,14.4677],[107.8877,14.4703],[107.8868,14.4782],[107.8848,14.4839],[107.8848,14.4854],[107.8856,14.4869]]]},"properties":{"code":"23534","name":"Sa Bình","nameEn":"Sa Binh","fullName":"Xã Sa Bình","fullNameEn":"Sa Binh Commune","codeName":"sa_binh","postalCode":"60714","postalCodePrefix":"","gisServerId":"diaphanhanhchinhcapxa_2025.549","areaKm2":140.32},"id":"23534"},
{"type":"Feature","geometry":{"type":"Polygon","coordinates":[[[107.3818,14.0799],[107.3853,14.0867],[107.399,14.0911],[107.4028,14.0913],[107.4069,14.0935],[107.4141,14.095],[107.414,14.0917],[107.4223,14.0842],[107.4244,14.0848],[107.4368,14.0776],[107.4382,14.0812],[107.4373,14.0852],[107.4375,14.0913],[107.4383,14.0935],[107.437,14.0975],[107.4372,14.0993],[107.4381,14.1006],[107.4375,14.1049],[107.4381,14.1059],[107.4405,14.1073],[107.4416,14.109],[107.4409,14.1102],[107.4388,14.1124],[107.4385,14.1146],[107.442,14.1174],[107.4425,14.1182],[107.4399,14.121],[107.4413,14.1271],[107.4417,14.128],[107.4426,14.1282],[107.4466,14.126],[107.4472,14.126],[107.4483,14.1268],[107.4498,14.1289],[107.4505,14.1324],[107.4498,14.1349],[107.4486,14.1371],[107.4485,14.1386],[107.4494,14.1407],[107.4518,14.1437],[107.4522,14.1454],[107.4518,14.1476],[107.4529,14.1482],[107.4561,14.1468],[107.4571,14.148],[107.4567,14.1531],[107.4564,14.1538],[107.455,14.1541],[107.4546,14.1548],[107.4555,14.1584],[107.4547,14.1626],[107.4572,14.1643],[107.4575,14.165],[107.4575,14.1674],[107.4565,14.1701],[107.4575,14.1755],[107.4569,14.1779],[107.4552,14.1805],[107.4549,14.1822],[107.4554,14.1829],[107.4589,14.1844],[107.4591,14.1849],[107.4588,14.1856],[107.458,14.1859],[107.4546,14.1857],[107.4541,14.187],[107.4574,14.1901],[107.4596,14.1912],[107.4612,14.1913],[107.4671,14.1956],[107.4674,14.1974],[107.4713,14.2],[107.472,14.2048],[107.4744,14.202],[107.4805,14.2084],[107.478,14.2108],[107.4809,14.2156],[107.4834,14.2271],[107.4887,14.2274],[107.4978,14.2297],[107.5024,14.2331],[107.5059,14.2375],[107.5094,14.2402],[107.5297,14.2393],[107.5325,14.2413],[107.5325,14.2445],[107.5323,14.2441],[107.5314,14.2433],[107.53,14.2437],[107.5271,14.2468],[107.5271,14.2477],[107.5258,14.2502],[107.5235,14.2515],[107.523,14.2528],[107.5209,14.2554],[107.5203,14.2586],[107.5187,14.2625],[107.519,14.265],[107.5202,14.2666],[107.5207,14.2703],[107.5216,14.2723],[107.5213,14.2755],[107.5219,14.278],[107.5205,14.2819],[107.5184,14.283],[107.5159,14.283],[107.5149,14.2836],[107.5152,14.2885],[107.5117,14.2958],[107.5119,14.301],[107.5125,14.302],[107.5122,14.3032],[107.513,14.3078],[107.514,14.308],[107.5149,14.31],[107.5158,14.3102],[107.5163,14.3112],[107.5172,14.3111],[107.5169,14.3124],[107.5186,14.3153],[107.517,14.3165],[107.5155,14.3207],[107.5134,14.321],[107.5118,14.3194],[107.509,14.3191],[107.5074,14.318],[107.5054,14.318],[107.5038,14.3164],[107.5015,14.3184],[107.4995,14.3172],[107.4951,14.3162],[107.4921,14.3151],[107.4913,14.3141],[107.4913,14.3108],[107.4891,14.3106],[107.488,14.3099],[107.4881,14.307],[107.4876,14.3061],[107.4868,14.3057],[107.4853,14.3069],[107.4823,14.3079],[107.4809,14.3078],[107.4796,14.3064],[107.4795,14.3044],[107.4816,14.3022],[107.4818,14.3011],[107.4786,14.3001],[107.4777,14.3012],[107.4767,14.2986],[107.4748,14.2993],[107.4738,14.3006],[107.4739,14.3017],[107.4724,14.3032],[107.4721,14.305],[107.4702,14.3051],[107.469,14.3044],[107.4683,14.3048],[107.4689,14.3062],[107.4687,14.3075],[107.4634,14.31],[107.4605,14.3134],[107.4612,14.3149],[107.4586,14.318],[107.4568,14.3189],[107.4558,14.3186],[107.4554,14.3193],[107.4538,14.3196],[107.4531,14.3208],[107.4509,14.3221],[107.4495,14.3237],[107.4477,14.324],[107.4471,14.3245],[107.4468,14.3271],[107.4457,14.328],[107.4456,14.3287],[107.4462,14.3307],[107.4475,14.3318],[107.4467,14.3348],[107.4483,14.3364],[107.448,14.3374],[107.4493,14.3394],[107.4492,14.3402],[107.4477,14.3418],[107.4481,14.3427],[107.4465,14.3439],[107.4457,14.3432],[107.4437,14.3452],[107.44,14.3463],[107.4395,14.3481],[107.4371,14.3493],[107.4358,14.3522],[107.4343,14.3532],[107.4354,14.3561],[107.4363,14.3566],[107.4369,14.3583],[107.4382,14.359],[107.4384,14.3602],[107.4378,14.3611],[107.4387,14.3615],[107.4377,14.3622],[107.4393,14.3639],[107.4381,14.3649],[107.4365,14.3652],[107.4356,14.3663],[107.4328,14.3667],[107.4241,14.3737],[107.4215,14.3705],[107.4205,14.3676],[107.4168,14.3644],[107.416,14.3631],[107.4117,14.3613],[107.4105,14.3633],[107.4084,14.3637],[107.4083,14.3622],[107.4103,14.3604],[107.4106,14.3564],[107.4103,14.3542],[107.4088,14.3526],[107.4085,14.3516],[107.4085,14.3465],[107.4073,14.345],[107.4047,14.3444],[107.4016,14.3417],[107.401,14.3405],[107.4019,14.3388],[107.4004,14.3353],[107.4005,14.3339],[107.3997,14.3327],[107.3968,14.3304],[107.3962,14.3292],[107.3951,14.3289],[107.3925,14.3271],[107.3903,14.3273],[107.389,14.3263],[107.3914,14.3237],[107.3917,14.3214],[107.3907,14.3185],[107.3909,14.316],[107.3935,14.3136],[107.3972,14.3126],[107.3976,14.3115],[107.3968,14.3075],[107.3979,14.3065],[107.4001,14.3058],[107.401,14.3032],[107.4047,14.3029],[107.4072,14.2975],[107.4066,14.296],[107.4064,14.291],[107.4054,14.2883],[107.4061,14.2876],[107.406,14.2857],[107.4075,14.2841],[107.4074,14.2818],[107.4085,14.2778],[107.4096,14.2766],[107.4096,14.2755],[107.4084,14.2747],[107.408,14.2736],[107.4081,14.2726],[107.4098,14.2705],[107.4085,14.2681],[107.4094,14.2645],[107.4081,14.2628],[107.4082,14.2613],[107.4067,14.2604],[107.4049,14.2601],[107.4045,14.2588],[107.4019,14.2553],[107.4012,14.2523],[107.3993,14.2493],[107.4013,14.2449],[107.4031,14.2439],[107.4042,14.2407],[107.4051,14.2397],[107.4052,14.2386],[107.4061,14.2376],[107.4062,14.2337],[107.4057,14.2331],[107.404,14.233],[107.4029,14.2323],[107.4019,14.2295],[107.3978,14.2268],[107.3954,14.2227],[107.3955,14.2177],[107.3935,14.2128],[107.3936,14.2113],[107.3929,14.2107],[107.3926,14.2094],[107.3891,14.2105],[107.3883,14.2095],[107.3857,14.204],[107.3861,14.2027],[107.3857,14.2002],[107.3838,14.199],[107.3831,14.1954],[107.3815,14.1929],[107.3815,14.1877],[107.3807,14.1866],[107.3788,14.1858],[107.3794,14.1839],[107.3781,14.182],[107.3775,14.1801],[107.3762,14.1789],[107.3749,14.1787],[107.3685,14.1805],[107.3676,14.1791],[107.3657,14.1785],[107.3656,14.1767],[107.3637,14.1742],[107.3605,14.1712],[107.358,14.1697],[107.3589,14.1674],[107.3608,14.1648],[107.3623,14.1635],[107.3616,14.16],[107.3598,14.159],[107.3595,14.1583],[107.3582,14.1574],[107.3578,14.156],[107.355,14.1559],[107.3525,14.1542],[107.3524,14.1533],[107.3531,14.1526],[107.3532,14.1508],[107.3539,14.1496],[107.3522,14.149],[107.3508,14.1473],[107.3508,14.1454],[107.3484,14.144],[107.3476,14.143],[107.3463,14.1403],[107.3454,14.1397],[107.345,14.1364],[107.3404,14.133],[107.3376,14.1265],[107.3375,14.1248],[107.3383,14.1236],[107.3376,14.1205],[107.3359,14.1172],[107.3341,14.115],[107.3346,14.1139],[107.3362,14.1125],[107.3361,14.1117],[107.3347,14.1091],[107.3345,14.1067],[107.3322,14.1046],[107.3337,14.102],[107.3387,14.0986],[107.3402,14.0959],[107.3435,14.0954],[107.3453,14.0967],[107.3465,14.0941],[107.3478,14.0934],[107.3486,14.0912],[107.3519,14.0916],[107.3555,14.0909],[107.3574,14.0891],[107.3605,14.0839],[107.3615,14.0853],[107.364,14.0858],[107.3646,14.0849],[107.3733,14.0833],[107.3746,14.0824],[107.3789,14.0815],[107.3818,14.0799]]]},"properties":{"code":"23535","name":"Ia Đal","nameEn":"Ia Dal","fullName":"Xã Ia Đal","fullNameEn":"Ia Dal Commune","codeName":"ia_dal","postalCode":"60808","postalCodePrefix":"","gisServerId":"diaphanhanhchinhcapxa_2025.546","areaKm2":218.11},"id":"23535"},
{"type":"Feature","geometry":{"type":"Polygon","coordinates":[[[107.4241,14.3737],[107.4328,14.3667],[107.4356,14.3663],[107.4365,14.3652],[107.4381,14.3649],[107.4393,14.3639],[107.4377,14.3622],[107.4387,14.3615],[107.4378,14.3611],[107.4384,14.3602],[107.4382,14.359],[107.4369,14.3583],[107.4363,14.3566],[107.4354,14.3561],[107.4343,14.3532],[107.4358,14.3522],[107.4371,14.3493],[107.4395,14.3481],[107.44,14.3463],[107.4437,14.3452],[107.4457,14.3432],[107.4465,14.3439],[107.4481,14.3427],[107.4477,14.3418],[107.4492,14.3402],[107.4493,14.3394],[107.448,14.3374],[107.4483,14.3364],[107.4467,14.3348],[107.4475,14.3318],[107.4462,14.3307],[107.4456,14.3287],[107.4457,14.328],[107.4468,14.3271],[107.4471,14.3245],[107.4477,14.324],[107.4495,14.3237],[107.4509,14.3221],[107.4531,14.3208],[107.4538,14.3196],[107.4554,14.3193],[107.4558,14.3186],[107.4568,14.3189],[107.4586,14.318],[107.4612,14.3149],[107.4605,14.3134],[107.4634,14.31],[107.4687,14.3075],[107.4689,14.3062],[107.4683,14.3048],[107.469,14.3044],[107.4702,14.3051],[107.4721,14.305],[107.4724,14.3032],[107.4739,14.3017],[107.4738,14.3006],[107.4748,14.2993],[107.4767,14.2986],[107.4777,14.3012],[107.4786,14.3001],[107.4818,14.3011],[107.4816,14.3022],[107.4795,14.3044],[107.4796,14.3064],[107.4809,14.3078],[107.4823,14.3079],[107.4853,14.3069],[107.4868,14.3057],[107.4876,14.3061],[107.4881,14.307],[107.488,14.3099],[107.4891,14.3106],[107.4913,14.3108],[107.4913,14.3141],[107.4921,14.3151],[107.4951,14.3162],[107.4995,14.3172],[107.5015,14.3184],[107.5038,14.3164],[107.5054,14.318],[107.5074,14.318],[107.509,14.3191],[107.5118,14.3194],[107.5134,14.321],[107.5155,14.3207],[107.517,14.3165],[107.5186,14.3153],[107.5169,14.3124],[107.5172,14.3111],[107.5163,14.3112],[107.5158,14.3102],[107.5149,14.31],[107.514,14.308],[107.513,14.3078],[107.5122,14.3032],[107.5125,14.302],[107.5119,14.301],[107.5117,14.2958],[107.5152,14.2885],[107.5149,14.2836],[107.5159,14.283],[107.5184,14.283],[107.5205,14.2819],[107.5219,14.278],[107.5213,14.2755],[107.5216,14.2723],[107.5207,14.2703],[107.5202,14.2666],[107.519,14.265],[107.5187,14.2625],[107.5203,14.2586],[107.5209,14.2554],[107.523,14.2528],[107.5235,14.2515],[107.5258,14.2502],[107.5271,14.2477],[107.5271,14.2468],[107.53,14.2437],[107.5314,14.2433],[107.5323,14.2441],[107.5325,14.2445],[107.5333,14.2452],[107.5353,14.2454],[107.5352,14.2472],[107.5345,14.2483],[107.5338,14.2486],[107.5331,14.2504],[107.5342,14.2524],[107.5348,14.2526],[107.5351,14.2541],[107.5362,14.2549],[107.5364,14.2567],[107.5413,14.2589],[107.5439,14.2614],[107.5485,14.2591],[107.5526,14.2606],[107.5536,14.2605],[107.5574,14.2607],[107.5594,14.2603],[107.5652,14.2621],[107.567,14.2619],[107.5696,14.2634],[107.5706,14.265],[107.5724,14.2628],[107.5709,14.2603],[107.5698,14.2572],[107.5686,14.2581],[107.568,14.2576],[107.5672,14.2584],[107.5662,14.2578],[107.5681,14.2557],[107.5714,14.2529],[107.5747,14.2512],[107.576,14.2499],[107.5813,14.2514],[107.5864,14.2488],[107.587,14.248],[107.5907,14.248],[107.5917,14.2465],[107.5933,14.2464],[107.5945,14.2454],[107.596,14.2432],[107.5962,14.2416],[107.5981,14.2397],[107.603,14.2438],[107.605,14.2443],[107.6059,14.2469],[107.6064,14.2471],[107.608,14.2471],[107.6105,14.245],[107.6169,14.2445],[107.622,14.2446],[107.627,14.2453],[107.628,14.247],[107.6281,14.2481],[107.6305,14.2458],[107.6339,14.2453],[107.6363,14.2463],[107.6382,14.2457],[107.6394,14.2464],[107.639,14.2477],[107.6401,14.2489],[107.64,14.2493],[107.6424,14.2492],[107.6455,14.248],[107.6469,14.2445],[107.6502,14.243],[107.6515,14.2415],[107.6542,14.2422],[107.6577,14.2416],[107.6605,14.2427],[107.6643,14.2421],[107.6667,14.2408],[107.6706,14.241],[107.6725,14.2375],[107.6752,14.2349],[107.6768,14.2346],[107.6808,14.235],[107.6815,14.2319],[107.6834,14.2301],[107.683,14.2292],[107.6833,14.2274],[107.6849,14.2264],[107.6858,14.2246],[107.6857,14.2233],[107.6879,14.2223],[107.6895,14.2241],[107.6934,14.227],[107.6939,14.231],[107.6929,14.2324],[107.6936,14.2339],[107.6927,14.2358],[107.6926,14.2378],[107.6937,14.243],[107.6946,14.2447],[107.694,14.247],[107.6915,14.2516],[107.6907,14.2527],[107.6894,14.253],[107.689,14.2537],[107.6891,14.2554],[107.6899,14.256],[107.6906,14.2585],[107.6913,14.2649],[107.6908,14.2658],[107.6915,14.2663],[107.6908,14.2708],[107.6895,14.2738],[107.6897,14.2749],[107.6878,14.2778],[107.6878,14.2787],[107.6859,14.2785],[107.6855,14.2789],[107.6857,14.2797],[107.6838,14.2801],[107.6839,14.2834],[107.6823,14.2846],[107.6807,14.2845],[107.6805,14.2856],[107.6795,14.2859],[107.6794,14.2874],[107.6801,14.2879],[107.6809,14.2929],[107.6803,14.2938],[107.6821,14.2964],[107.6827,14.2989],[107.6829,14.3019],[107.6824,14.305],[107.683,14.3067],[107.6839,14.3077],[107.6836,14.3088],[107.6824,14.3087],[107.6821,14.3115],[107.6839,14.3128],[107.6844,14.3138],[107.6844,14.3161],[107.6834,14.3169],[107.6835,14.3177],[107.6847,14.3195],[107.6892,14.3233],[107.6909,14.323],[107.6918,14.3236],[107.6939,14.3241],[107.6959,14.3254],[107.6972,14.3273],[107.7002,14.3271],[107.7012,14.3282],[107.704,14.3271],[107.7048,14.3279],[107.7065,14.328],[107.7076,14.3286],[107.7093,14.3283],[107.7107,14.3292],[107.7197,14.326],[107.7198,14.3273],[107.7188,14.3283],[107.7193,14.331],[107.7187,14.3329],[107.7192,14.3374],[107.7212,14.3397],[107.7227,14.3396],[107.728,14.3415],[107.728,14.3447],[107.7291,14.3466],[107.7309,14.3474],[107.7323,14.3518],[107.7321,14.3527],[107.7344,14.3547],[107.735,14.3568],[107.7363,14.3581],[107.7372,14.3613],[107.7396,14.3638],[107.7398,14.366],[107.7379,14.3685],[107.7355,14.3705],[107.735,14.3744],[107.7336,14.3762],[107.7331,14.3781],[107.7266,14.3788],[107.7235,14.3782],[107.7219,14.3795],[107.7212,14.3809],[107.7224,14.3823],[107.7227,14.3833],[107.7217,14.3869],[107.7193,14.3911],[107.7198,14.3922],[107.7197,14.3942],[107.7187,14.3964],[107.7192,14.3982],[107.7191,14.4018],[107.7184,14.4043],[107.7105,14.4094],[107.7081,14.4119],[107.7083,14.4128],[107.7068,14.414],[107.7039,14.4182],[107.701,14.4193],[107.6999,14.4203],[107.6962,14.4214],[107.6961,14.4234],[107.7024,14.4259],[107.7033,14.4268],[107.7049,14.4292],[107.7051,14.432],[107.7062,14.4335],[107.7031,14.4385],[107.7014,14.4393],[107.7006,14.4408],[107.6974,14.4418],[107.7007,14.444],[107.7012,14.4452],[107.7006,14.447],[107.7012,14.448],[107.7012,14.4494],[107.7025,14.4518],[107.7028,14.4537],[107.702,14.4544],[107.7004,14.4593],[107.6973,14.462],[107.6963,14.4644],[107.6929,14.4675],[107.6893,14.4689],[107.6861,14.4715],[107.6856,14.4727],[107.6804,14.4751],[107.6802,14.4738],[107.6784,14.4715],[107.676,14.4707],[107.6725,14.4704],[107.6704,14.4685],[107.6698,14.4667],[107.6665,14.4657],[107.6637,14.4639],[107.6612,14.4654],[107.6595,14.4654],[107.6573,14.4667],[107.656,14.4669],[107.6548,14.4654],[107.6534,14.4659],[107.6523,14.4658],[107.6504,14.464],[107.6508,14.4619],[107.6514,14.4612],[107.6502,14.4596],[107.6459,14.4582],[107.6449,14.4567],[107.6389,14.4568],[107.6382,14.4577],[107.6371,14.458],[107.6357,14.4575],[107.6345,14.4596],[107.6306,14.4594],[107.6292,14.459],[107.6269,14.4574],[107.6251,14.4544],[107.6256,14.452],[107.6221,14.4478],[107.621,14.4456],[107.6197,14.4448],[107.6197,14.4442],[107.6185,14.4441],[107.6175,14.4435],[107.61,14.4429],[107.6089,14.4413],[107.6069,14.441],[107.6033,14.4432],[107.6005,14.4467],[107.599,14.4458],[107.5975,14.4465],[107.5959,14.4459],[107.5948,14.4449],[107.5939,14.4424],[107.5929,14.4418],[107.5903,14.4418],[107.5888,14.4421],[107.5876,14.4431],[107.583,14.4436],[107.5817,14.4441],[107.581,14.4453],[107.5794,14.4459],[107.5789,14.4468],[107.5767,14.4473],[107.5749,14.4494],[107.5693,14.4534],[107.5666,14.4516],[107.5633,14.452],[107.5605,14.4515],[107.5577,14.4543],[107.5538,14.4558],[107.5525,14.4576],[107.5494,14.4577],[107.5471,14.4587],[107.5453,14.4587],[107.5432,14.4596],[107.5418,14.4609],[107.5406,14.4608],[107.5396,14.4593],[107.5368,14.4578],[107.5359,14.4585],[107.5345,14.458],[107.5324,14.46],[107.5304,14.4607],[107.5292,14.4605],[107.5271,14.462],[107.5252,14.4612],[107.5247,14.4595],[107.5226,14.459],[107.5208,14.4594],[107.5189,14.4591],[107.5156,14.4594],[107.5139,14.4591],[107.5128,14.4597],[107.506,14.4597],[107.5037,14.458],[107.5031,14.4566],[107.5018,14.4558],[107.5008,14.4525],[107.5016,14.4501],[107.4995,14.4479],[107.4995,14.4445],[107.4972,14.4412],[107.4962,14.4383],[107.4965,14.4359],[107.4925,14.4339],[107.4897,14.4299],[107.4894,14.427],[107.49,14.426],[107.4896,14.4248],[107.4899,14.4234],[107.4908,14.4223],[107.4904,14.4196],[107.4892,14.4179],[107.4888,14.4159],[107.4906,14.4142],[107.4895,14.4118],[107.4886,14.4065],[107.4852,14.4053],[107.484,14.4036],[107.4815,14.4035],[107.4759,14.4056],[107.4761,14.4073],[107.4738,14.4082],[107.4714,14.4083],[107.4697,14.4056],[107.468,14.4054],[107.4669,14.4047],[107.4613,14.4063],[107.4601,14.4063],[107.4591,14.4073],[107.4581,14.4098],[107.4582,14.413],[107.4577,14.4137],[107.4568,14.414],[107.456,14.4167],[107.456,14.4183],[107.4573,14.42],[107.4571,14.4203],[107.4519,14.4224],[107.4505,14.4244],[107.4488,14.4249],[107.4484,14.4261],[107.4455,14.4251],[107.4412,14.4224],[107.4406,14.4214],[107.4391,14.4215],[107.4378,14.4187],[107.4355,14.4158],[107.4327,14.4159],[107.4297,14.4143],[107.4291,14.4133],[107.4277,14.4127],[107.4258,14.4099],[107.4242,14.4046],[107.4243,14.4033],[107.4237,14.4023],[107.4239,14.4005],[107.4247,14.4007],[107.4253,14.4],[107.4262,14.4006],[107.4273,14.3998],[107.4281,14.3998],[107.4288,14.3972],[107.4281,14.3932],[107.4296,14.3928],[107.4302,14.3921],[107.4301,14.3913],[107.431,14.3912],[107.4315,14.3896],[107.4312,14.3888],[107.4333,14.387],[107.4324,14.3848],[107.4334,14.381],[107.4241,14.3737]]]},"properties":{"code":"23536","name":"Mô Rai","nameEn":"Mo Rai","fullName":"Xã Mô Rai","fullNameEn":"Mo Rai Commune","codeName":"mo_rai","postalCode":"60711","postalCodePrefix":"","gisServerId":"diaphanhanhchinhcapxa_2025.547","areaKm2":583.92},"id":"23536"},
{"type":"Feature","geometry":{"type":"Polygon","coordinates":[[[107.6879,14.2223],[107.6857,14.2233],[107.6858,14.2246],[107.6849,14.2264],[107.6833,14.2274],[107.683,14.2292],[107.6834,14.2301],[107.6815,14.2319],[107.6808,14.235],[107.6768,14.2346],[107.6752,14.2349],[107.6725,14.2375],[107.6706,14.241],[107.6667,14.2408],[107.6643,14.2421],[107.6605,14.2427],[107.6577,14.2416],[107.6542,14.2422],[107.6515,14.2415],[107.6502,14.243],[107.6469,14.2445],[107.6455,14.248],[107.6424,14.2492],[107.64,14.2493],[107.6401,14.2489],[107.639,14.2477],[107.6394,14.2464],[107.6382,14.2457],[107.6363,14.2463],[107.6339,14.2453],[107.6305,14.2458],[107.6281,14.2481],[107.628,14.247],[107.627,14.2453],[107.622,14.2446],[107.6169,14.2445],[107.6105,14.245],[107.608,14.2471],[107.6064,14.2471],[107.6059,14.2469],[107.605,14.2443],[107.603,14.2438],[107.5981,14.2397],[107.5962,14.2416],[107.596,14.2432],[107.5945,14.2454],[107.5933,14.2464],[107.5917,14.2465],[107.5907,14.248],[107.587,14.248],[107.5864,14.2488],[107.5813,14.2514],[107.576,14.2499],[107.5747,14.2512],[107.5714,14.2529],[107.5681,14.2557],[107.5662,14.2578],[107.5672,14.2584],[107.568,14.2576],[107.5686,14.2581],[107.5698,14.2572],[107.5709,14.2603],[107.5724,14.2628],[107.5706,14.265],[107.5696,14.2634],[107.567,14.2619],[107.5652,14.2621],[107.5594,14.2603],[107.5574,14.2607],[107.5536,14.2605],[107.5526,14.2606],[107.5485,14.2591],[107.5439,14.2614],[107.5413,14.2589],[107.5364,14.2567],[107.5362,14.2549],[107.5351,14.2541],[107.5348,14.2526],[107.5342,14.2524],[107.5331,14.2504],[107.5338,14.2486],[107.5345,14.2483],[107.5352,14.2472],[107.5353,14.2454],[107.5333,14.2452],[107.5325,14.2445],[107.5325,14.2413],[107.5297,14.2393],[107.5094,14.2402],[107.5059,14.2375],[107.5024,14.2331],[107.4978,14.2297],[107.4887,14.2274],[107.4834,14.2271],[107.4809,14.2156],[107.478,14.2108],[107.4805,14.2084],[107.4744,14.202],[107.472,14.2048],[107.4713,14.2],[107.4674,14.1974],[107.4671,14.1956],[107.4612,14.1913],[107.4596,14.1912],[107.4574,14.1901],[107.4541,14.187],[107.4546,14.1857],[107.458,14.1859],[107.4588,14.1856],[107.4591,14.1849],[107.4589,14.1844],[107.4554,14.1829],[107.4549,14.1822],[107.4552,14.1805],[107.4569,14.1779],[107.4575,14.1755],[107.4565,14.1701],[107.4575,14.1674],[107.4575,14.165],[107.4572,14.1643],[107.4547,14.1626],[107.4555,14.1584],[107.4546,14.1548],[107.455,14.1541],[107.4564,14.1538],[107.4567,14.1531],[107.4571,14.148],[107.4561,14.1468],[107.4529,14.1482],[107.4518,14.1476],[107.4522,14.1454],[107.4518,14.1437],[107.4494,14.1407],[107.4485,14.1386],[107.4486,14.1371],[107.4498,14.1349],[107.4505,14.1324],[107.4498,14.1289],[107.4483,14.1268],[107.4472,14.126],[107.4466,14.126],[107.4426,14.1282],[107.4417,14.128],[107.4413,14.1271],[107.4399,14.121],[107.4425,14.1182],[107.442,14.1174],[107.4385,14.1146],[107.4388,14.1124],[107.4409,14.1102],[107.4416,14.109],[107.4405,14.1073],[107.4381,14.1059],[107.4375,14.1049],[107.4381,14.1006],[107.4372,14.0993],[107.437,14.0975],[107.4383,14.0935],[107.4375,14.0913],[107.4373,14.0852],[107.4382,14.0812],[107.4368,14.0776],[107.4244,14.0848],[107.4223,14.0842],[107.414,14.0917],[107.4141,14.095],[107.4069,14.0935],[107.4028,14.0913],[107.399,14.0911],[107.3853,14.0867],[107.3818,14.0799],[107.3827,14.0785],[107.3834,14.0756],[107.3834,14.0736],[107.3816,14.0702],[107.3811,14.0675],[107.3814,14.0669],[107.3802,14.0654],[107.378,14.0642],[107.3692,14.0666],[107.3666,14.0655],[107.3649,14.0635],[107.3647,14.0604],[107.3651,14.0583],[107.3662,14.0569],[107.3662,14.056],[107.3635,14.0503],[107.3656,14.0442],[107.3658,14.0355],[107.364,14.0319],[107.3566,14.0272],[107.3565,14.0261],[107.3576,14.0245],[107.3576,14.0224],[107.358,14.0216],[107.3569,14.0178],[107.3655,14.013],[107.3667,14.0119],[107.3739,14.0032],[107.3779,13.9974],[107.3807,13.9956],[107.3824,13.9934],[107.3847,13.989],[107.3856,13.9898],[107.3871,13.9898],[107.3877,13.9908],[107.3889,13.9902],[107.3902,13.9905],[107.3908,13.9899],[107.3919,13.99],[107.3945,13.9913],[107.3957,13.993],[107.3967,13.9927],[107.3974,13.9916],[107.3997,13.9908],[107.3996,13.9901],[107.4008,13.9897],[107.4018,13.9902],[107.4034,13.9888],[107.4039,13.9895],[107.4047,13.9895],[107.4052,13.991],[107.4067,13.9897],[107.4081,13.9903],[107.4103,13.9942],[107.4115,13.994],[107.4123,13.9931],[107.4142,13.9939],[107.4156,13.993],[107.4166,13.9941],[107.4196,13.9952],[107.4204,13.994],[107.4212,13.994],[107.422,13.995],[107.4238,13.9956],[107.4242,13.9971],[107.4262,13.9977],[107.4261,13.9985],[107.427,13.9993],[107.428,13.999],[107.4287,13.9978],[107.4282,13.9962],[107.4301,13.9958],[107.431,13.9934],[107.4327,13.9946],[107.4345,13.9949],[107.4353,13.9962],[107.4366,13.9969],[107.4388,13.9969],[107.4428,13.9979],[107.4436,13.9971],[107.4444,13.9952],[107.4447,13.99],[107.4457,13.9878],[107.4478,13.9867],[107.4526,13.9806],[107.4552,13.9805],[107.4558,13.9799],[107.4543,13.9709],[107.4545,13.9656],[107.4554,13.9623],[107.4533,13.949],[107.4536,13.9349],[107.4532,13.931],[107.4537,13.9293],[107.4581,13.9267],[107.4578,13.9237],[107.4611,13.926],[107.4614,13.9293],[107.4629,13.9313],[107.4649,13.9324],[107.4688,13.9334],[107.4702,13.9354],[107.4706,13.9374],[107.4699,13.9457],[107.4687,13.952],[107.4695,13.9536],[107.4717,13.9546],[107.4772,13.9592],[107.4834,13.9601],[107.4881,13.9617],[107.4981,13.9697],[107.5025,13.9712],[107.5049,13.9732],[107.5063,13.975],[107.5118,13.9839],[107.5142,13.984],[107.5234,13.982],[107.525,13.9822],[107.5258,13.9827],[107.5264,13.9842],[107.5262,13.9863],[107.5229,13.999],[107.5223,14.0028],[107.5222,14.0085],[107.5228,14.0104],[107.5238,14.0116],[107.526,14.0129],[107.5306,14.0138],[107.5426,14.0124],[107.5438,14.0133],[107.5448,14.0148],[107.5472,14.0226],[107.5488,14.0245],[107.5523,14.0257],[107.5571,14.0261],[107.5589,14.0259],[107.5655,14.0232],[107.5705,14.0203],[107.5745,14.0193],[107.5793,14.0197],[107.5863,14.0222],[107.5958,14.0265],[107.5998,14.0297],[107.6004,14.0319],[107.6,14.0352],[107.6002,14.04],[107.6014,14.0459],[107.6024,14.0475],[107.6049,14.0498],[107.6097,14.0518],[107.6119,14.0532],[107.6126,14.0551],[107.6133,14.0621],[107.6149,14.064],[107.6165,14.0641],[107.6183,14.063],[107.6258,14.0556],[107.6301,14.0542],[107.6328,14.0538],[107.6353,14.0548],[107.6394,14.0601],[107.6427,14.0632],[107.6488,14.0654],[107.6501,14.0666],[107.6508,14.0695],[107.6507,14.0754],[107.6534,14.0796],[107.6562,14.0817],[107.6576,14.0849],[107.6572,14.0866],[107.6555,14.0893],[107.6503,14.0947],[107.6482,14.0981],[107.6498,14.1014],[107.6523,14.1021],[107.656,14.1022],[107.6577,14.1034],[107.6576,14.1096],[107.6587,14.1163],[107.6612,14.124],[107.661,14.1279],[107.6615,14.1318],[107.6645,14.136],[107.6651,14.1377],[107.6647,14.1394],[107.6608,14.1461],[107.6596,14.1495],[107.6592,14.1535],[107.6599,14.1581],[107.658,14.1626],[107.6581,14.1652],[107.6595,14.168],[107.6624,14.1711],[107.6705,14.1767],[107.672,14.1788],[107.6741,14.1836],[107.6772,14.1876],[107.6786,14.1918],[107.678,14.1993],[107.6783,14.2009],[107.6801,14.2038],[107.6836,14.2067],[107.6846,14.2104],[107.6864,14.2139],[107.6869,14.2195],[107.6877,14.221],[107.6879,14.2223]]]},"properties":{"code":"23538","name":"Ia Tơi","nameEn":"Ia Toi","fullName":"Xã Ia Tơi","fullNameEn":"Ia Toi Commune","codeName":"ia_toi","postalCode":"60806","postalCodePrefix":"","gisServerId":"diaphanhanhchinhcapxa_2025.548","areaKm2":762.1},"id":"23538"},
{"type":"Feature","geometry":{"type":"Polygon","coordinates":[[[107.6877,14.221],[107.6889,14.2213],[107.6907,14.2209],[107.6965,14.2164],[107.6995,14.2155],[107.7071,14.217],[107.714,14.2137],[107.7166,14.2138],[107.7217,14.2154],[107.7291,14.2143],[107.7316,14.2134],[107.7398,14.2084],[107.7433,14.2071],[107.7472,14.2069],[107.7575,14.2025],[107.7601,14.2018],[107.762,14.2021],[107.7631,14.2035],[107.7633,14.209],[107.7627,14.2114],[107.7634,14.2131],[107.7642,14.2136],[107.7688,14.214],[107.7708,14.2148],[107.7728,14.2183],[107.7737,14.2189],[107.7755,14.2184],[107.7777,14.216],[107.7783,14.216],[107.7807,14.2193],[107.7827,14.2247],[107.7841,14.2256],[107.7869,14.2246],[107.7886,14.2213],[107.7911,14.2208],[107.7945,14.2218],[107.7968,14.22],[107.7991,14.2197],[107.8068,14.2126],[107.8129,14.2131],[107.8144,14.2143],[107.8173,14.2136],[107.821,14.2182],[107.82,14.2214],[107.8213,14.2245],[107.8221,14.225],[107.823,14.2241],[107.8235,14.2243],[107.8266,14.2272],[107.8287,14.2331],[107.8303,14.2332],[107.8346,14.2319],[107.8354,14.2321],[107.8363,14.2331],[107.8377,14.2371],[107.8407,14.2555],[107.8384,14.2622],[107.8385,14.266],[107.8408,14.2689],[107.8453,14.2713],[107.8534,14.2826],[107.8545,14.2937],[107.8549,14.2953],[107.8569,14.2991],[107.8571,14.3026],[107.856,14.3059],[107.8511,14.3118],[107.8518,14.3131],[107.856,14.3164],[107.858,14.3214],[107.8531,14.3243],[107.8471,14.3288],[107.8379,14.3301],[107.8377,14.3322],[107.8366,14.3331],[107.8369,14.3346],[107.8355,14.3363],[107.8351,14.3416],[107.8362,14.3459],[107.836,14.3477],[107.8319,14.347],[107.8301,14.348],[107.8307,14.3522],[107.833,14.3542],[107.8339,14.3558],[107.8342,14.3601],[107.8379,14.3653],[107.8365,14.3728],[107.8366,14.3748],[107.8352,14.3771],[107.8319,14.3791],[107.831,14.3806],[107.8297,14.381],[107.8289,14.3824],[107.8228,14.387],[107.8231,14.3879],[107.8208,14.3874],[107.8207,14.3889],[107.8193,14.3888],[107.8187,14.3897],[107.8182,14.3891],[107.8173,14.3894],[107.8168,14.3889],[107.8161,14.3875],[107.816,14.3844],[107.815,14.3824],[107.8135,14.3819],[107.8108,14.3829],[107.8092,14.3816],[107.8067,14.3812],[107.8063,14.3779],[107.8053,14.3757],[107.8024,14.3765],[107.8005,14.3738],[107.7944,14.3683],[107.7931,14.3684],[107.7903,14.3697],[107.7864,14.3695],[107.7816,14.3708],[107.7812,14.3732],[107.7724,14.3712],[107.7682,14.3697],[107.7629,14.3701],[107.7572,14.3718],[107.7545,14.3704],[107.7468,14.3703],[107.7455,14.3698],[107.7451,14.369],[107.7431,14.368],[107.7421,14.367],[107.7398,14.366],[107.7396,14.3638],[107.7372,14.3613],[107.7363,14.3581],[107.735,14.3568],[107.7344,14.3547],[107.7321,14.3527],[107.7323,14.3518],[107.7309,14.3474],[107.7291,14.3466],[107.728,14.3447],[107.728,14.3415],[107.7227,14.3396],[107.7212,14.3397],[107.7192,14.3374],[107.7187,14.3329],[107.7193,14.331],[107.7188,14.3283],[107.7198,14.3273],[107.7197,14.326],[107.7107,14.3292],[107.7093,14.3283],[107.7076,14.3286],[107.7065,14.328],[107.7048,14.3279],[107.704,14.3271],[107.7012,14.3282],[107.7002,14.3271],[107.6972,14.3273],[107.6959,14.3254],[107.6939,14.3241],[107.6918,14.3236],[107.6909,14.323],[107.6892,14.3233],[107.6847,14.3195],[107.6835,14.3177],[107.6834,14.3169],[107.6844,14.3161],[107.6844,14.3138],[107.6839,14.3128],[107.6821,14.3115],[107.6824,14.3087],[107.6836,14.3088],[107.6839,14.3077],[107.683,14.3067],[107.6824,14.305],[107.6829,14.3019],[107.6827,14.2989],[107.6821,14.2964],[107.6803,14.2938],[107.6809,14.2929],[107.6801,14.2879],[107.6794,14.2874],[107.6795,14.2859],[107.6805,14.2856],[107.6807,14.2845],[107.6823,14.2846],[107.6839,14.2834],[107.6838,14.2801],[107.6857,14.2797],[107.6855,14.2789],[107.6859,14.2785],[107.6878,14.2787],[107.6878,14.2778],[107.6897,14.2749],[107.6895,14.2738],[107.6908,14.2708],[107.6915,14.2663],[107.6908,14.2658],[107.6913,14.2649],[107.6906,14.2585],[107.6899,14.256],[107.6891,14.2554],[107.689,14.2537],[107.6894,14.253],[107.6907,14.2527],[107.6915,14.2516],[107.694,14.247],[107.6946,14.2447],[107.6937,14.243],[107.6926,14.2378],[107.6927,14.2358],[107.6936,14.2339],[107.6929,14.2324],[107.6939,14.231],[107.6934,14.227],[107.6895,14.2241],[107.6879,14.2223],[107.6877,14.221]]]},"properties":{"code":"23548","name":"Ya Ly","nameEn":"Ya Ly","fullName":"Xã Ya Ly","fullNameEn":"Ya Ly Commune","codeName":"ya_ly","postalCode":"60715","postalCodePrefix":"","gisServerId":"diaphanhanhchinhcapxa_2025.550","areaKm2":271.31},"id":"23548"}
]}