{"type":"FeatureCollection", "features": [
{"type":"Feature","geometry":{"type":"Polygon","coordinates":[[[109.2046,13.7869],[109.1935,13.79],[109.1894,13.7933],[109.1898,13.7935],[109.1894,13.7941],[109.1896,13.795],[109.1881,13.7967],[109.1871,13.7999],[109.187,13.8015],[109.1862,13.8033],[109.1852,13.8051],[109.1822,13.8077],[109.1804,13.8127],[109.1797,13.8179],[109.1789,13.8186],[109.1778,13.8187],[109.1778,13.8182],[109.1788,13.8184],[109.1796,13.8178],[109.1787,13.816],[109.1786,13.8147],[109.1782,13.8149],[109.1775,13.8145],[109.1751,13.8154],[109.1721,13.8154],[109.1715,13.8141],[109.1723,13.8118],[109.1702,13.8091],[109.1689,13.8086],[109.1675,13.8093],[109.1663,13.8093],[109.1647,13.8078],[109.1641,13.8066],[109.1626,13.807],[109.1618,13.8066],[109.1623,13.8057],[109.1617,13.8054],[109.1607,13.8053],[109.1586,13.8061],[109.158,13.8054],[109.1575,13.8034],[109.1561,13.8018],[109.1547,13.8021],[109.1525,13.8014],[109.1432,13.7975],[109.136,13.7954],[109.1314,13.7912],[109.133,13.7898],[109.1334,13.7856],[109.1331,13.7852],[109.1332,13.7825],[109.1337,13.7812],[109.133,13.7806],[109.1329,13.7796],[109.1341,13.7768],[109.134,13.7757],[109.1345,13.7746],[109.1352,13.7743],[109.1358,13.773],[109.1371,13.7717],[109.1403,13.7715],[109.1419,13.7719],[109.1427,13.7728],[109.1494,13.773],[109.1494,13.7733],[109.1507,13.7733],[109.1515,13.7725],[109.1538,13.7721],[109.1539,13.7724],[109.1558,13.7722],[109.1629,13.773],[109.1653,13.7747],[109.1657,13.7747],[109.1665,13.7737],[109.1682,13.7741],[109.1701,13.773],[109.1755,13.7757],[109.1761,13.7746],[109.1758,13.7739],[109.176,13.7732],[109.1791,13.7718],[109.1781,13.7699],[109.1812,13.7677],[109.1819,13.7661],[109.1898,13.7658],[109.1905,13.7671],[109.1905,13.7683],[109.1912,13.7683],[109.1919,13.77],[109.198,13.7777],[109.1955,13.7803],[109.1962,13.7815],[109.1967,13.7831],[109.1999,13.7842],[109.2046,13.7869]]]},"properties":{"code":"21553","name":"Quy Nhơn Bắc","nameEn":"Quy Nhon Bac","fullName":"Phường Quy Nhơn Bắc","fullNameEn":"Quy Nhon Bac Ward","codeName":"quy_nhon_bac","postalCode":"55129","postalCodePrefix":"","gisServerId":"diaphanhanhchinhcapxa_2025.3007","areaKm2":23.7},"id":"21553"},
{"type":"Feature","geometry":{"type":"Polygon","coordinates":[[[109.2605,13.7572],[109.2601,13.7587],[109.2606,13.7597],[109.2604,13.7608],[109.2632,13.7632],[109.2647,13.7655],[109.2676,13.7674],[109.2667,13.77],[109.2674,13.7722],[109.267,13.776],[109.2673,13.7775],[109.2683,13.7784],[109.2695,13.781],[109.2686,13.7826],[109.266,13.7836],[109.2652,13.7845],[109.2641,13.7848],[109.264,13.7867],[109.2636,13.7873],[109.2636,13.788],[109.2626,13.7887],[109.2621,13.7915],[109.2627,13.7958],[109.2395,13.7969],[109.2283,13.8023],[109.2249,13.8015],[109.2215,13.8032],[109.2187,13.8019],[109.2185,13.8008],[109.2159,13.8002],[109.2153,13.7989],[109.2133,13.7963],[109.21,13.7935],[109.2092,13.7921],[109.2091,13.7904],[109.207,13.7896],[109.2046,13.7869],[109.1999,13.7842],[109.1967,13.7831],[109.1962,13.7815],[109.1966,13.7806],[109.1976,13.78],[109.1992,13.7806],[109.2006,13.7799],[109.2018,13.7811],[109.2043,13.7815],[109.2049,13.7811],[109.2053,13.7814],[109.206,13.7807],[109.2079,13.78],[109.209,13.779],[109.2094,13.7779],[109.2105,13.7767],[109.2132,13.7753],[109.2136,13.7745],[109.2156,13.7734],[109.2159,13.7728],[109.2175,13.7728],[109.2205,13.7719],[109.2205,13.7679],[109.2195,13.766],[109.2201,13.7656],[109.2206,13.7611],[109.2219,13.7606],[109.2226,13.7613],[109.2231,13.7608],[109.2278,13.765],[109.2311,13.7674],[109.2376,13.7706],[109.2399,13.7714],[109.2416,13.7715],[109.2467,13.7704],[109.251,13.7679],[109.2518,13.7629],[109.2505,13.7615],[109.2513,13.7606],[109.2521,13.7605],[109.2529,13.7595],[109.2548,13.7594],[109.2549,13.7585],[109.256,13.7586],[109.2562,13.759],[109.2571,13.7583],[109.2587,13.7582],[109.2605,13.7572]]]},"properties":{"code":"21583","name":"Quy Nhơn","nameEn":"Quy Nhon","fullName":"Phường Quy Nhơn","fullNameEn":"Quy Nhon Ward","codeName":"quy_nhon","postalCode":"55127","postalCodePrefix":"","gisServerId":"diaphanhanhchinhcapxa_2025.3008","areaKm2":21.78},"id":"21583"},
{"type":"Feature","geometry":{"type":"Polygon","coordinates":[[[109.1819,13.7661],[109.1812,13.7677],[109.1781,13.7699],[109.1791,13.7718],[109.176,13.7732],[109.1758,13.7739],[109.1761,13.7746],[109.1755,13.7757],[109.1701,13.773],[109.1682,13.7741],[109.1665,13.7737],[109.1657,13.7747],[109.1653,13.7747],[109.1629,13.773],[109.1558,13.7722],[109.1539,13.7724],[109.1538,13.7721],[109.1515,13.7725],[109.1507,13.7733],[109.1494,13.7733],[109.1494,13.773],[109.1427,13.7728],[109.1419,13.7719],[109.1403,13.7715],[109.1371,13.7717],[109.1358,13.773],[109.1352,13.7743],[109.1345,13.7746],[109.134,13.7737],[109.1342,13.7725],[109.1337,13.7719],[109.1346,13.7698],[109.1342,13.7686],[109.1346,13.7676],[109.1343,13.7655],[109.1349,13.7626],[109.1346,13.7612],[109.1346,13.7579],[109.1349,13.7555],[109.136,13.7543],[109.132,13.7469],[109.13,13.7445],[109.13,13.7432],[109.1266,13.7449],[109.126,13.7459],[109.1262,13.7471],[109.1256,13.748],[109.1255,13.7494],[109.1246,13.7502],[109.1238,13.7541],[109.1235,13.7544],[109.1224,13.754],[109.1204,13.7546],[109.1208,13.7573],[109.1203,13.7581],[109.1187,13.7577],[109.117,13.7566],[109.1165,13.755],[109.1151,13.753],[109.1147,13.7506],[109.1117,13.7474],[109.1105,13.7448],[109.1112,13.7437],[109.1112,13.7427],[109.1121,13.7409],[109.111,13.7398],[109.1138,13.7376],[109.1133,13.7366],[109.1134,13.7358],[109.1149,13.735],[109.1143,13.7321],[109.115,13.7309],[109.1149,13.7295],[109.1155,13.7291],[109.1152,13.7279],[109.1164,13.7273],[109.1158,13.7263],[109.1164,13.7235],[109.116,13.7229],[109.1152,13.7228],[109.1104,13.7231],[109.1069,13.7219],[109.1031,13.7195],[109.1014,13.7168],[109.0989,13.7158],[109.0986,13.7125],[109.0977,13.7112],[109.0962,13.71],[109.0966,13.7073],[109.0953,13.7047],[109.0939,13.7031],[109.0926,13.6999],[109.0925,13.6965],[109.0905,13.6949],[109.0894,13.6948],[109.0902,13.6932],[109.0913,13.6924],[109.0911,13.6914],[109.0914,13.6906],[109.0932,13.691],[109.0939,13.6898],[109.0943,13.688],[109.0965,13.6869],[109.0962,13.6851],[109.0965,13.6839],[109.0954,13.6812],[109.0945,13.6803],[109.0945,13.6786],[109.0928,13.6781],[109.0933,13.6771],[109.0934,13.6751],[109.0943,13.6735],[109.094,13.6706],[109.0951,13.6687],[109.0951,13.6677],[109.0964,13.6675],[109.0978,13.666],[109.0989,13.6659],[109.101,13.6642],[109.1053,13.6598],[109.1056,13.6572],[109.1052,13.6548],[109.1032,13.6534],[109.1021,13.6512],[109.1029,13.6498],[109.1034,13.6474],[109.1013,13.6456],[109.0986,13.6421],[109.097,13.6375],[109.0969,13.6357],[109.0988,13.6307],[109.0992,13.6291],[109.0991,13.6267],[109.1005,13.6244],[109.1009,13.6217],[109.1153,13.6083],[109.115,13.6106],[109.1159,13.6116],[109.1151,13.6144],[109.1164,13.6152],[109.1173,13.6174],[109.1188,13.6187],[109.1198,13.619],[109.1208,13.6187],[109.1213,13.6193],[109.1227,13.6195],[109.1233,13.6202],[109.1264,13.6202],[109.1265,13.6229],[109.1272,13.6233],[109.1266,13.6249],[109.1267,13.6266],[109.1237,13.6294],[109.1236,13.6303],[109.123,13.6308],[109.123,13.6319],[109.122,13.6326],[109.1218,13.6338],[109.1212,13.6342],[109.1193,13.6344],[109.1188,13.635],[109.1192,13.6385],[109.1199,13.6395],[109.1197,13.6408],[109.1223,13.6442],[109.1225,13.6449],[109.1232,13.6445],[109.1242,13.6446],[109.1258,13.6432],[109.1268,13.6436],[109.1277,13.6432],[109.1285,13.6417],[109.1308,13.6404],[109.1317,13.6407],[109.1326,13.6389],[109.1348,13.638],[109.1357,13.6364],[109.1367,13.6363],[109.1403,13.6351],[109.1406,13.6344],[109.1406,13.6336],[109.1448,13.6304],[109.1459,13.6306],[109.1466,13.6325],[109.1497,13.6321],[109.1509,13.6326],[109.1527,13.634],[109.1534,13.636],[109.1527,13.6398],[109.1541,13.6461],[109.1539,13.6473],[109.1525,13.6497],[109.1512,13.6554],[109.1517,13.6566],[109.1527,13.6563],[109.1528,13.6569],[109.1535,13.6573],[109.1532,13.6594],[109.1553,13.6633],[109.1547,13.6649],[109.1558,13.6658],[109.156,13.6671],[109.157,13.6689],[109.1567,13.6728],[109.155,13.6746],[109.1556,13.6748],[109.1561,13.6756],[109.1564,13.6777],[109.1562,13.6784],[109.1597,13.6766],[109.1605,13.6763],[109.162,13.6767],[109.1629,13.6764],[109.1638,13.6768],[109.164,13.6775],[109.1651,13.6775],[109.1676,13.6788],[109.1675,13.6801],[109.1683,13.6816],[109.1691,13.6822],[109.1694,13.6831],[109.1707,13.6835],[109.1717,13.6826],[109.1773,13.6823],[109.1827,13.6835],[109.1837,13.6859],[109.1847,13.6872],[109.1859,13.6883],[109.1873,13.6881],[109.1866,13.6892],[109.187,13.6905],[109.1904,13.6936],[109.1917,13.6959],[109.1915,13.6967],[109.1928,13.6968],[109.1933,13.6972],[109.1926,13.6984],[109.1925,13.7008],[109.1926,13.7026],[109.1933,13.7042],[109.1933,13.706],[109.1924,13.7079],[109.1932,13.712],[109.1898,13.7148],[109.1873,13.7208],[109.1866,13.7215],[109.1865,13.7238],[109.1837,13.7294],[109.1834,13.7317],[109.1839,13.7329],[109.1837,13.7342],[109.184,13.7359],[109.1856,13.7372],[109.1867,13.7373],[109.1905,13.7397],[109.1924,13.7442],[109.1925,13.7467],[109.1917,13.7487],[109.1896,13.7504],[109.1886,13.7519],[109.1868,13.7535],[109.1849,13.7542],[109.1838,13.7552],[109.1839,13.756],[109.1833,13.7576],[109.1819,13.76],[109.1818,13.7616],[109.1808,13.7629],[109.1819,13.7642],[109.1819,13.7661]]]},"properties":{"code":"21589","name":"Quy Nhơn Tây","nameEn":"Quy Nhon Tay","fullName":"Phường Quy Nhơn Tây","fullNameEn":"Quy Nhon Tay Ward","codeName":"quy_nhon_tay","postalCode":"55130","postalCodePrefix":"","gisServerId":"diaphanhanhchinhcapxa_2025.3018","areaKm2":118.63},"id":"21589"},
{"type":"Feature","geometry":{"type":"MultiPolygon","coordinates":[[[[109.2395,13.6687],[109.2392,13.669],[109.2391,13.6683],[109.24,13.6676],[109.2401,13.6682],[109.2395,13.6687]]],[[[109.2479,13.6789],[109.2478,13.6792],[109.248,13.6782],[109.2479,13.6789]]],[[[109.2553,13.6783],[109.2557,13.6789],[109.2555,13.6797],[109.2528,13.6838],[109.2522,13.6844],[109.2516,13.6842],[109.2504,13.6806],[109.2508,13.6793],[109.252,13.6787],[109.2553,13.6783]]],[[[109.24,13.685],[109.2395,13.6851],[109.239,13.6846],[109.2383,13.6849],[109.2381,13.6843],[109.2379,13.6844],[109.2382,13.6833],[109.2378,13.6835],[109.2377,13.6826],[109.2382,13.6818],[109.2391,13.6828],[109.2407,13.682],[109.2411,13.6822],[109.241,13.6832],[109.24,13.6843],[109.24,13.685]]],[[[109.2406,13.6847],[109.2405,13.6854],[109.2402,13.6855],[109.2401,13.685],[109.2406,13.6847]]],[[[109.2416,13.6932],[109.2413,13.6939],[109.2413,13.6934],[109.2416,13.6932]]],[[[109.2231,13.7608],[109.2226,13.7613],[109.2219,13.7606],[109.2206,13.7611],[109.2201,13.7656],[109.2195,13.766],[109.2205,13.7679],[109.2205,13.7719],[109.2175,13.7728],[109.2159,13.7728],[109.2156,13.7734],[109.2136,13.7745],[109.2132,13.7753],[109.2105,13.7767],[109.2094,13.7779],[109.209,13.779],[109.2079,13.78],[109.206,13.7807],[109.2053,13.7814],[109.2049,13.7811],[109.2043,13.7815],[109.2018,13.7811],[109.2006,13.7799],[109.1992,13.7806],[109.1976,13.78],[109.1966,13.7806],[109.1962,13.7815],[109.1955,13.7803],[109.198,13.7777],[109.1919,13.77],[109.1912,13.7683],[109.1905,13.7683],[109.1905,13.7671],[109.1898,13.7658],[109.1819,13.7661],[109.1819,13.7642],[109.1808,13.7629],[109.1818,13.7616],[109.1819,13.76],[109.1833,13.7576],[109.1839,13.756],[109.1838,13.7552],[109.1849,13.7542],[109.1868,13.7535],[109.1886,13.7519],[109.1896,13.7504],[109.1917,13.7487],[109.1925,13.7467],[109.1924,13.7442],[109.1905,13.7397],[109.1867,13.7373],[109.1856,13.7372],[109.184,13.7359],[109.1837,13.7342],[109.1839,13.7329],[109.1834,13.7317],[109.1837,13.7294],[109.1865,13.7238],[109.1866,13.7215],[109.1873,13.7208],[109.1898,13.7148],[109.1932,13.712],[109.1924,13.7079],[109.1933,13.706],[109.1933,13.7042],[109.1926,13.7026],[109.1925,13.7008],[109.1926,13.6984],[109.1933,13.6972],[109.1928,13.6968],[109.1915,13.6967],[109.1917,13.6959],[109.1904,13.6936],[109.1913,13.6941],[109.1969,13.6944],[109.1995,13.6953],[109.2,13.6942],[109.2032,13.6937],[109.2035,13.691],[109.2052,13.6883],[109.205,13.6858],[109.2076,13.6811],[109.2124,13.679],[109.2143,13.6795],[109.216,13.6815],[109.2186,13.6815],[109.2212,13.6796],[109.2273,13.6777],[109.229,13.6761],[109.2303,13.6732],[109.2323,13.6722],[109.2338,13.6709],[109.234,13.6719],[109.2338,13.6725],[109.2342,13.673],[109.234,13.674],[109.2335,13.6742],[109.234,13.6745],[109.2339,13.6776],[109.2335,13.6785],[109.2337,13.6812],[109.2335,13.6821],[109.2313,13.6851],[109.2314,13.6856],[109.232,13.6857],[109.2318,13.6865],[109.2328,13.6869],[109.233,13.6873],[109.232,13.6886],[109.2312,13.6886],[109.2308,13.6883],[109.2309,13.6876],[109.2295,13.6875],[109.2278,13.6888],[109.2275,13.6899],[109.2268,13.6905],[109.2265,13.6928],[109.2252,13.6967],[109.2254,13.6974],[109.225,13.6994],[109.2241,13.7002],[109.2241,13.7026],[109.2229,13.7033],[109.2225,13.7062],[109.2228,13.7064],[109.2218,13.7076],[109.2216,13.709],[109.2223,13.7104],[109.222,13.7118],[109.2216,13.7124],[109.2196,13.714],[109.218,13.7141],[109.2178,13.7146],[109.2182,13.7259],[109.2191,13.7299],[109.2189,13.7311],[109.2195,13.7336],[109.2189,13.7354],[109.2192,13.7357],[109.2188,13.7362],[109.2191,13.7364],[109.2177,13.7393],[109.2179,13.74],[109.2157,13.7424],[109.2154,13.7438],[109.2143,13.7451],[109.2143,13.7456],[109.2176,13.7536],[109.2206,13.7582],[109.2231,13.7608]]]]},"properties":{"code":"21592","name":"Quy Nhơn Nam","nameEn":"Quy Nhon Nam","fullName":"Phường Quy Nhơn Nam","fullNameEn":"Quy Nhon Nam Ward","codeName":"quy_nhon_nam","postalCode":"55131","postalCodePrefix":"","gisServerId":"diaphanhanhchinhcapxa_2025.3022","areaKm2":36.36},"id":"21592"},
{"type":"Feature","geometry":{"type":"MultiPolygon","coordinates":[[[[109.2972,13.7666],[109.2969,13.7676],[109.2962,13.7673],[109.2964,13.7657],[109.2969,13.7651],[109.298,13.7646],[109.2985,13.7629],[109.2996,13.7615],[109.3001,13.7614],[109.3005,13.7622],[109.3008,13.7615],[109.3009,13.7642],[109.3002,13.7639],[109.3003,13.7645],[109.2996,13.7652],[109.2995,13.7664],[109.2993,13.7665],[109.2988,13.7657],[109.2984,13.7657],[109.2972,13.7666]]],[[[109.2961,13.7702],[109.2957,13.7707],[109.296,13.7699],[109.2956,13.7691],[109.2962,13.7681],[109.2962,13.7689],[109.2967,13.769],[109.2968,13.7696],[109.2965,13.7702],[109.2961,13.7702]]],[[[109.2914,13.7893],[109.291,13.7902],[109.291,13.7894],[109.2914,13.7893]]],[[[109.304,13.8778],[109.3042,13.8783],[109.3035,13.8781],[109.304,13.8778]]],[[[109.3045,13.8822],[109.3042,13.8827],[109.3039,13.8822],[109.3032,13.8823],[109.3028,13.8812],[109.3025,13.8812],[109.3028,13.8807],[109.3021,13.8799],[109.3025,13.8795],[109.3023,13.8792],[109.303,13.878],[109.3035,13.8782],[109.3036,13.8792],[109.3042,13.8796],[109.304,13.88],[109.3045,13.8802],[109.3038,13.8814],[109.3044,13.8815],[109.3045,13.8822]]],[[[109.3052,13.8839],[109.3049,13.8843],[109.3041,13.8839],[109.3045,13.8831],[109.3058,13.8821],[109.3059,13.883],[109.3052,13.8839]]],[[[109.2936,13.8947],[109.2931,13.8961],[109.293,13.8952],[109.2936,13.8947]]],[[[109.2936,13.8958],[109.2938,13.8966],[109.2934,13.8963],[109.2936,13.8958]]],[[[109.2605,13.7572],[109.2616,13.7577],[109.2636,13.7574],[109.2656,13.7578],[109.2675,13.7571],[109.2679,13.7578],[109.2694,13.7577],[109.2697,13.758],[109.2696,13.7584],[109.2741,13.7611],[109.2781,13.7623],[109.2803,13.7623],[109.2817,13.762],[109.2828,13.7612],[109.2849,13.7568],[109.287,13.7543],[109.2884,13.7538],[109.2884,13.7553],[109.2893,13.7547],[109.2884,13.7558],[109.2887,13.7562],[109.2897,13.7561],[109.2885,13.757],[109.2882,13.7578],[109.2887,13.758],[109.2884,13.7583],[109.2889,13.7591],[109.2885,13.7604],[109.2894,13.7614],[109.2897,13.7641],[109.2912,13.766],[109.2932,13.7672],[109.2931,13.7678],[109.2917,13.7687],[109.2912,13.7703],[109.2914,13.7713],[109.2924,13.7721],[109.2932,13.772],[109.2937,13.7713],[109.294,13.7716],[109.2938,13.7727],[109.2932,13.7726],[109.293,13.773],[109.2935,13.7732],[109.294,13.7745],[109.2932,13.7754],[109.2934,13.7761],[109.2927,13.7788],[109.2933,13.78],[109.2937,13.7798],[109.2941,13.7805],[109.2927,13.7826],[109.292,13.7847],[109.2914,13.7854],[109.2915,13.7864],[109.2907,13.787],[109.2907,13.7875],[109.2913,13.7875],[109.2915,13.7889],[109.2908,13.7892],[109.2902,13.7905],[109.2899,13.7902],[109.2891,13.7908],[109.2891,13.7939],[109.2893,13.7942],[109.2895,13.7939],[109.2897,13.7947],[109.289,13.7952],[109.2886,13.7952],[109.2867,13.7977],[109.2862,13.7996],[109.2867,13.8006],[109.286,13.8007],[109.2856,13.8016],[109.2861,13.8025],[109.2866,13.8024],[109.2866,13.8036],[109.2857,13.8039],[109.2855,13.8044],[109.2862,13.8091],[109.288,13.8109],[109.2899,13.8176],[109.2937,13.8212],[109.2952,13.8216],[109.2961,13.8214],[109.2965,13.8233],[109.2973,13.8241],[109.2976,13.8238],[109.2977,13.8244],[109.2979,13.824],[109.2981,13.8242],[109.2985,13.8249],[109.2976,13.8259],[109.2983,13.8267],[109.2991,13.8266],[109.2988,13.828],[109.2992,13.8285],[109.2994,13.83],[109.2981,13.8296],[109.2977,13.8315],[109.2982,13.8315],[109.298,13.8336],[109.2977,13.8334],[109.2961,13.835],[109.2959,13.8359],[109.2968,13.8371],[109.2976,13.8372],[109.2975,13.8378],[109.298,13.8378],[109.2979,13.8385],[109.2985,13.8388],[109.2986,13.8393],[109.298,13.8393],[109.2981,13.8403],[109.2982,13.8407],[109.2988,13.8407],[109.2985,13.8412],[109.2992,13.8415],[109.2991,13.8422],[109.2985,13.8425],[109.2985,13.8433],[109.2975,13.8444],[109.2974,13.8452],[109.2968,13.8451],[109.2956,13.8467],[109.2957,13.8474],[109.2951,13.8475],[109.2949,13.848],[109.2939,13.848],[109.2924,13.8517],[109.2925,13.8532],[109.2935,13.854],[109.2942,13.8539],[109.2942,13.855],[109.2949,13.8553],[109.2946,13.856],[109.2951,13.8558],[109.2943,13.8575],[109.2949,13.8588],[109.2939,13.8597],[109.2935,13.8607],[109.2938,13.861],[109.2932,13.8618],[109.2933,13.8635],[109.2937,13.8636],[109.2936,13.864],[109.2939,13.864],[109.2924,13.867],[109.2921,13.8701],[109.2926,13.8714],[109.292,13.8728],[109.2934,13.8762],[109.2949,13.8781],[109.2955,13.8778],[109.2957,13.8781],[109.2956,13.8777],[109.2961,13.8774],[109.2981,13.877],[109.2977,13.878],[109.2979,13.8785],[109.2972,13.8809],[109.2971,13.8828],[109.2966,13.8834],[109.2966,13.8844],[109.2962,13.8846],[109.2965,13.8854],[109.2957,13.8851],[109.294,13.8856],[109.2939,13.8861],[109.2928,13.8859],[109.2924,13.8863],[109.292,13.89],[109.2925,13.8904],[109.2928,13.8918],[109.2935,13.8921],[109.2936,13.8929],[109.2939,13.8928],[109.294,13.8939],[109.2937,13.8936],[109.2938,13.8942],[109.2931,13.895],[109.2925,13.8934],[109.2919,13.8933],[109.2904,13.8919],[109.2902,13.8915],[109.2911,13.8891],[109.2909,13.8881],[109.288,13.8866],[109.2865,13.8865],[109.2839,13.8869],[109.2795,13.8887],[109.2769,13.8904],[109.2695,13.8975],[109.2664,13.9013],[109.2596,13.9016],[109.2594,13.9009],[109.2568,13.8932],[109.2489,13.8935],[109.2483,13.8911],[109.2471,13.8895],[109.2462,13.8893],[109.2475,13.8832],[109.2477,13.8769],[109.2488,13.875],[109.2497,13.8711],[109.2494,13.8689],[109.248,13.8659],[109.2477,13.8641],[109.2518,13.8541],[109.2531,13.8495],[109.2518,13.8404],[109.2487,13.8349],[109.2396,13.8175],[109.2291,13.8191],[109.225,13.8189],[109.2238,13.8183],[109.2198,13.8125],[109.2185,13.8115],[109.2164,13.8113],[109.2148,13.8118],[109.2146,13.8148],[109.2138,13.8163],[109.2107,13.8162],[109.2068,13.8167],[109.2054,13.8163],[109.2014,13.8126],[109.1998,13.8122],[109.1996,13.8134],[109.2,13.8149],[109.1991,13.8173],[109.1972,13.8175],[109.1927,13.8171],[109.1902,13.818],[109.1858,13.8232],[109.1828,13.8244],[109.1786,13.8252],[109.1781,13.8256],[109.1778,13.8273],[109.1766,13.8283],[109.1754,13.8226],[109.1759,13.8216],[109.1772,13.8206],[109.178,13.8211],[109.177,13.8188],[109.1778,13.8187],[109.1789,13.8186],[109.1797,13.8179],[109.1804,13.8127],[109.1822,13.8077],[109.1852,13.8051],[109.1862,13.8033],[109.187,13.8015],[109.1871,13.7999],[109.1881,13.7967],[109.1896,13.795],[109.1894,13.7941],[109.1898,13.7935],[109.1894,13.7933],[109.1935,13.79],[109.2046,13.7869],[109.207,13.7896],[109.2091,13.7904],[109.2092,13.7921],[109.21,13.7935],[109.2133,13.7963],[109.2153,13.7989],[109.2159,13.8002],[109.2185,13.8008],[109.2187,13.8019],[109.2215,13.8032],[109.2249,13.8015],[109.2283,13.8023],[109.2395,13.7969],[109.2627,13.7958],[109.2621,13.7915],[109.2626,13.7887],[109.2636,13.788],[109.2636,13.7873],[109.264,13.7867],[109.2641,13.7848],[109.2652,13.7845],[109.266,13.7836],[109.2686,13.7826],[109.2695,13.781],[109.2683,13.7784],[109.2673,13.7775],[109.267,13.776],[109.2674,13.7722],[109.2667,13.77],[109.2676,13.7674],[109.2647,13.7655],[109.2632,13.7632],[109.2604,13.7608],[109.2606,13.7597],[109.2601,13.7587],[109.2605,13.7572]]],[[[109.3488,13.8955],[109.3495,13.8956],[109.3508,13.8976],[109.3522,13.8985],[109.3526,13.8999],[109.352,13.9003],[109.3475,13.8982],[109.3471,13.8966],[109.3475,13.8957],[109.3488,13.8955]]],[[[109.3174,13.9],[109.3185,13.901],[109.3184,13.9029],[109.3179,13.9037],[109.3171,13.902],[109.3174,13.9]]]]},"properties":{"code":"21601","name":"Quy Nhơn Đông","nameEn":"Quy Nhon Dong","fullName":"Phường Quy Nhơn Đông","fullNameEn":"Quy Nhon Dong Ward","codeName":"quy_nhon_dong","postalCode":"55128","postalCodePrefix":"","gisServerId":"diaphanhanhchinhcapxa_2025.3009","areaKm2":81.97},"id":"21601"},
{"type":"Feature","geometry":{"type":"MultiPolygon","coordinates":[[[[109.3701,13.5929],[109.3709,13.5934],[109.3696,13.5948],[109.3691,13.594],[109.3696,13.5929],[109.3701,13.5929]]],[[[109.364,13.6025],[109.3638,13.6031],[109.3635,13.6031],[109.3635,13.6027],[109.364,13.6025]]],[[[109.3418,13.635],[109.3379,13.6342],[109.3376,13.6331],[109.3387,13.6303],[109.3386,13.6291],[109.3381,13.6278],[109.3375,13.6274],[109.3375,13.6268],[109.3401,13.6223],[109.3408,13.6198],[109.3452,13.6154],[109.3475,13.6116],[109.3494,13.6105],[109.3517,13.6102],[109.3527,13.6117],[109.3537,13.6123],[109.3549,13.6124],[109.3565,13.6113],[109.3582,13.609],[109.3587,13.6075],[109.3599,13.6065],[109.3607,13.605],[109.3616,13.6045],[109.362,13.6048],[109.363,13.6069],[109.363,13.6088],[109.3636,13.6096],[109.3629,13.6119],[109.3621,13.6131],[109.3587,13.6161],[109.3586,13.6172],[109.3571,13.6183],[109.3561,13.6204],[109.3551,13.6209],[109.3542,13.6205],[109.353,13.6207],[109.3524,13.6205],[109.3522,13.6198],[109.3518,13.6197],[109.3501,13.6249],[109.3492,13.626],[109.3481,13.6285],[109.3466,13.6303],[109.3462,13.6326],[109.3446,13.6342],[109.3418,13.635]]]]},"properties":{"code":"21607","name":"Nhơn Châu","nameEn":"Nhon Chau","fullName":"Xã Nhơn Châu","fullNameEn":"Nhon Chau Commune","codeName":"nhon_chau","postalCode":"55126","postalCodePrefix":"","gisServerId":"diaphanhanhchinhcapxa_2025.3286","areaKm2":3.62},"id":"21607"},
{"type":"Feature","geometry":{"type":"Polygon","coordinates":[[[108.8934,14.6859],[108.8943,14.6812],[108.8935,14.6781],[108.894,14.6757],[108.8935,14.6751],[108.891,14.6749],[108.8869,14.6733],[108.8873,14.6726],[108.8862,14.6709],[108.8863,14.6659],[108.8849,14.6646],[108.8853,14.6625],[108.8875,14.6606],[108.888,14.6584],[108.8877,14.657],[108.8884,14.657],[108.8901,14.6555],[108.8894,14.6532],[108.8893,14.6509],[108.8912,14.6487],[108.8927,14.6482],[108.8929,14.6473],[108.8877,14.6403],[108.8852,14.6379],[108.8866,14.6355],[108.8872,14.6324],[108.8893,14.628],[108.889,14.6266],[108.8894,14.626],[108.8889,14.6252],[108.8889,14.6235],[108.8878,14.6232],[108.8865,14.6216],[108.8848,14.6211],[108.8848,14.6195],[108.8853,14.618],[108.8843,14.6159],[108.8828,14.615],[108.8798,14.614],[108.8777,14.614],[108.8757,14.6135],[108.8734,14.6137],[108.8724,14.6141],[108.8706,14.6128],[108.869,14.6125],[108.8672,14.6151],[108.8658,14.616],[108.8657,14.615],[108.8648,14.614],[108.8642,14.6119],[108.8623,14.6102],[108.8582,14.6039],[108.8605,14.5997],[108.8627,14.5978],[108.8626,14.5964],[108.8632,14.5936],[108.8618,14.5911],[108.8615,14.5884],[108.863,14.5873],[108.8644,14.5843],[108.8668,14.5817],[108.8685,14.581],[108.8687,14.58],[108.8683,14.579],[108.8667,14.577],[108.8664,14.5757],[108.865,14.5744],[108.8644,14.5715],[108.8633,14.5707],[108.8617,14.5706],[108.8604,14.5677],[108.8592,14.5675],[108.8582,14.5668],[108.857,14.5613],[108.855,14.5586],[108.8561,14.5592],[108.8594,14.5594],[108.8606,14.5601],[108.8633,14.5599],[108.8648,14.5592],[108.8689,14.5601],[108.8703,14.5584],[108.8721,14.5582],[108.8757,14.5592],[108.8789,14.5614],[108.8823,14.5615],[108.8855,14.564],[108.8868,14.5639],[108.8882,14.5625],[108.8871,14.5621],[108.8861,14.5597],[108.8876,14.5597],[108.8888,14.5586],[108.8893,14.5568],[108.8889,14.5558],[108.8896,14.5563],[108.8927,14.5561],[108.8931,14.5564],[108.8945,14.5558],[108.8949,14.556],[108.8971,14.5557],[108.8959,14.5632],[108.895,14.5642],[108.8943,14.5661],[108.8945,14.5675],[108.8957,14.57],[108.8992,14.5718],[108.9012,14.5718],[108.9044,14.5737],[108.9098,14.5793],[108.912,14.5825],[108.9124,14.5845],[108.9128,14.5846],[108.9136,14.5864],[108.9134,14.5878],[108.9166,14.5885],[108.9186,14.5857],[108.9204,14.585],[108.9225,14.5853],[108.923,14.5849],[108.9248,14.5849],[108.9263,14.5857],[108.9288,14.5854],[108.9331,14.5866],[108.9354,14.589],[108.9389,14.59],[108.9389,14.5917],[108.9416,14.594],[108.9426,14.5955],[108.9441,14.5954],[108.9457,14.597],[108.9454,14.598],[108.9457,14.6],[108.9474,14.6037],[108.9478,14.6055],[108.9477,14.6075],[108.9467,14.6086],[108.9472,14.6088],[108.9478,14.6105],[108.9498,14.6101],[108.9504,14.6112],[108.9512,14.6114],[108.9513,14.6145],[108.9521,14.6156],[108.9542,14.6165],[108.954,14.6173],[108.953,14.6191],[108.9527,14.621],[108.9521,14.6217],[108.9525,14.6231],[108.9517,14.6248],[108.953,14.6312],[108.9536,14.6328],[108.9512,14.6369],[108.951,14.6385],[108.9504,14.6395],[108.9508,14.6402],[108.9521,14.6412],[108.9525,14.6427],[108.953,14.6432],[108.954,14.6435],[108.9549,14.6433],[108.9561,14.6438],[108.9574,14.6472],[108.957,14.648],[108.9571,14.6494],[108.9543,14.653],[108.9549,14.6539],[108.9583,14.6546],[108.9593,14.6556],[108.9609,14.6558],[108.9616,14.6563],[108.9629,14.6582],[108.9627,14.6596],[108.9631,14.6607],[108.9646,14.6624],[108.9659,14.6631],[108.9662,14.6642],[108.9673,14.6655],[108.9682,14.6688],[108.9691,14.6688],[108.9698,14.6694],[108.9717,14.67],[108.9729,14.6712],[108.9732,14.6729],[108.9732,14.6761],[108.9706,14.6782],[108.9681,14.6814],[108.9669,14.6819],[108.966,14.6829],[108.9643,14.6835],[108.9627,14.6848],[108.9614,14.6849],[108.9609,14.686],[108.9593,14.6866],[108.9593,14.6853],[108.9582,14.6835],[108.9571,14.6837],[108.9563,14.6823],[108.9547,14.681],[108.954,14.6822],[108.9547,14.6836],[108.9535,14.6842],[108.9499,14.6851],[108.9505,14.687],[108.9498,14.6882],[108.9483,14.6884],[108.9468,14.6874],[108.9467,14.6884],[108.9456,14.6895],[108.9445,14.6885],[108.9436,14.6892],[108.9425,14.6895],[108.9416,14.6908],[108.9415,14.6923],[108.9398,14.6953],[108.9379,14.6953],[108.9369,14.6957],[108.9361,14.6966],[108.9348,14.6965],[108.9336,14.6974],[108.9317,14.6974],[108.9311,14.6979],[108.9292,14.6971],[108.9285,14.6987],[108.9289,14.7008],[108.9285,14.7031],[108.9274,14.7023],[108.9264,14.7007],[108.9253,14.7],[108.925,14.698],[108.9238,14.6979],[108.9228,14.6974],[108.9214,14.6981],[108.9186,14.6961],[108.9178,14.695],[108.9166,14.6944],[108.9141,14.6942],[108.909,14.6918],[108.9068,14.6913],[108.9059,14.6896],[108.9064,14.6885],[108.9048,14.687],[108.9033,14.6865],[108.9003,14.6864],[108.8975,14.687],[108.8934,14.6859]]]},"properties":{"code":"21609","name":"An Lão","nameEn":"An Lao","fullName":"Xã An Lão","fullNameEn":"An Lao Commune","codeName":"an_lao","postalCode":"55506","postalCodePrefix":"","gisServerId":"diaphanhanhchinhcapxa_2025.2968","areaKm2":103.87},"id":"21609"},
{"type":"Feature","geometry":{"type":"Polygon","coordinates":[[[108.855,14.5586],[108.857,14.5613],[108.8582,14.5668],[108.8592,14.5675],[108.8604,14.5677],[108.8617,14.5706],[108.8633,14.5707],[108.8644,14.5715],[108.865,14.5744],[108.8664,14.5757],[108.8667,14.577],[108.8683,14.579],[108.8687,14.58],[108.8685,14.581],[108.8668,14.5817],[108.8644,14.5843],[108.863,14.5873],[108.8615,14.5884],[108.8618,14.5911],[108.8632,14.5936],[108.8626,14.5964],[108.8627,14.5978],[108.8605,14.5997],[108.8582,14.6039],[108.8623,14.6102],[108.8642,14.6119],[108.8648,14.614],[108.8657,14.615],[108.8658,14.616],[108.8672,14.6151],[108.869,14.6125],[108.8706,14.6128],[108.8724,14.6141],[108.8734,14.6137],[108.8757,14.6135],[108.8777,14.614],[108.8798,14.614],[108.8828,14.615],[108.8843,14.6159],[108.8853,14.618],[108.8848,14.6195],[108.8848,14.6211],[108.8865,14.6216],[108.8878,14.6232],[108.8889,14.6235],[108.8889,14.6252],[108.8894,14.626],[108.889,14.6266],[108.8893,14.628],[108.8872,14.6324],[108.8866,14.6355],[108.8852,14.6379],[108.8877,14.6403],[108.8929,14.6473],[108.8927,14.6482],[108.8912,14.6487],[108.8893,14.6509],[108.8894,14.6532],[108.8901,14.6555],[108.8884,14.657],[108.8877,14.657],[108.888,14.6584],[108.8875,14.6606],[108.8853,14.6625],[108.8849,14.6646],[108.8863,14.6659],[108.8862,14.6709],[108.8873,14.6726],[108.8869,14.6733],[108.891,14.6749],[108.8935,14.6751],[108.894,14.6757],[108.8935,14.6781],[108.8943,14.6812],[108.8934,14.6859],[108.8921,14.6861],[108.8906,14.6846],[108.8902,14.6833],[108.8892,14.6822],[108.8879,14.6839],[108.8867,14.6833],[108.8842,14.6846],[108.8796,14.6852],[108.8768,14.6866],[108.8756,14.688],[108.8743,14.6875],[108.8742,14.6888],[108.8734,14.6905],[108.8724,14.6909],[108.8709,14.6905],[108.87,14.6907],[108.869,14.692],[108.8655,14.6931],[108.8634,14.6953],[108.8613,14.6946],[108.8606,14.6929],[108.86,14.6925],[108.8583,14.6923],[108.8563,14.6911],[108.8548,14.6917],[108.853,14.6913],[108.8517,14.6891],[108.8519,14.6868],[108.8505,14.686],[108.8517,14.6843],[108.8517,14.6834],[108.8512,14.683],[108.8497,14.6833],[108.8467,14.682],[108.8455,14.6842],[108.8462,14.685],[108.8462,14.6869],[108.8427,14.6922],[108.8414,14.6934],[108.8388,14.6944],[108.8375,14.6938],[108.8368,14.6922],[108.8352,14.6912],[108.8341,14.6892],[108.834,14.6876],[108.8321,14.6854],[108.8307,14.6814],[108.829,14.6801],[108.8286,14.6784],[108.8278,14.6774],[108.826,14.6765],[108.8255,14.6758],[108.8246,14.676],[108.8239,14.6768],[108.8223,14.6767],[108.8212,14.6753],[108.8201,14.6752],[108.8193,14.6742],[108.8179,14.674],[108.8162,14.6727],[108.815,14.6725],[108.8131,14.6704],[108.8099,14.6712],[108.8068,14.6692],[108.8052,14.6701],[108.8018,14.6708],[108.7996,14.6696],[108.7987,14.6687],[108.7921,14.6697],[108.7885,14.6695],[108.7868,14.6709],[108.7831,14.6702],[108.7818,14.6704],[108.7804,14.6709],[108.7791,14.6726],[108.7774,14.6741],[108.7756,14.6747],[108.7731,14.6765],[108.7724,14.6776],[108.7715,14.678],[108.7688,14.6779],[108.7673,14.6762],[108.7673,14.6746],[108.7647,14.6742],[108.7639,14.6748],[108.7628,14.6708],[108.7613,14.6685],[108.7598,14.6674],[108.7594,14.6668],[108.76,14.6643],[108.7613,14.6629],[108.7622,14.6555],[108.7639,14.6542],[108.7636,14.6525],[108.7644,14.6516],[108.7647,14.6476],[108.7638,14.6461],[108.7649,14.6444],[108.7655,14.6422],[108.7643,14.6376],[108.7647,14.6353],[108.7661,14.6324],[108.7666,14.6278],[108.7657,14.6246],[108.7657,14.6226],[108.7645,14.6216],[108.7617,14.6202],[108.7619,14.6183],[108.761,14.6159],[108.7616,14.6124],[108.7614,14.6105],[108.7619,14.6093],[108.7615,14.606],[108.7634,14.6027],[108.7635,14.5998],[108.7611,14.5994],[108.7592,14.5982],[108.7592,14.5969],[108.7569,14.5931],[108.7537,14.5932],[108.7484,14.5919],[108.7472,14.5924],[108.7453,14.5924],[108.7441,14.5945],[108.743,14.5944],[108.7419,14.5952],[108.741,14.5951],[108.7406,14.5948],[108.7409,14.5938],[108.7402,14.5932],[108.7406,14.591],[108.7389,14.5899],[108.7379,14.5888],[108.734,14.5895],[108.7331,14.5913],[108.7312,14.5918],[108.7304,14.5909],[108.7301,14.589],[108.7308,14.5881],[108.7323,14.5876],[108.7328,14.5868],[108.7333,14.5851],[108.7327,14.5836],[108.7354,14.5833],[108.7365,14.5819],[108.7364,14.5783],[108.7357,14.5772],[108.7366,14.5739],[108.7373,14.5737],[108.7377,14.5721],[108.7357,14.5657],[108.7355,14.5637],[108.737,14.5603],[108.7375,14.5546],[108.7384,14.5531],[108.7389,14.5509],[108.74,14.5494],[108.7408,14.5451],[108.7421,14.5428],[108.7437,14.5415],[108.7438,14.5407],[108.7432,14.5397],[108.7445,14.538],[108.7449,14.5364],[108.7466,14.5374],[108.7494,14.5374],[108.7498,14.5364],[108.7513,14.5362],[108.7514,14.5349],[108.7509,14.5332],[108.7516,14.5339],[108.7531,14.5345],[108.7557,14.5328],[108.7563,14.5321],[108.758,14.5319],[108.7585,14.5307],[108.7614,14.5306],[108.7623,14.5316],[108.7627,14.5341],[108.7642,14.5352],[108.7653,14.5373],[108.7674,14.5392],[108.7686,14.5419],[108.775,14.5418],[108.781,14.5444],[108.7828,14.5438],[108.7843,14.5437],[108.7863,14.5423],[108.7867,14.5412],[108.7881,14.5404],[108.7908,14.5418],[108.7927,14.5422],[108.7949,14.5455],[108.796,14.546],[108.7971,14.5459],[108.7985,14.5453],[108.8008,14.5426],[108.802,14.5404],[108.805,14.5394],[108.8078,14.5426],[108.8122,14.543],[108.8147,14.5422],[108.8154,14.5424],[108.8164,14.5431],[108.8168,14.544],[108.818,14.5446],[108.8188,14.5461],[108.8199,14.5465],[108.8222,14.546],[108.8229,14.5449],[108.8239,14.5457],[108.8246,14.5472],[108.8263,14.5478],[108.8265,14.5504],[108.8294,14.5515],[108.8311,14.5534],[108.8324,14.5577],[108.8365,14.5592],[108.839,14.5609],[108.8418,14.5607],[108.8436,14.5594],[108.8486,14.5598],[108.8494,14.5592],[108.8504,14.5591],[108.8516,14.5576],[108.8528,14.5572],[108.855,14.5586]]]},"properties":{"code":"21616","name":"An Vinh","nameEn":"An Vinh","fullName":"Xã An Vinh","fullNameEn":"An Vinh Commune","codeName":"an_vinh","postalCode":"55510","postalCodePrefix":"","gisServerId":"diaphanhanhchinhcapxa_2025.2969","areaKm2":196.19},"id":"21616"},
{"type":"Feature","geometry":{"type":"Polygon","coordinates":[[[108.774,14.3639],[108.7776,14.3686],[108.7783,14.3707],[108.7784,14.3719],[108.7796,14.3724],[108.78,14.3731],[108.7797,14.375],[108.7803,14.3804],[108.7781,14.3886],[108.78,14.389],[108.7821,14.3888],[108.7829,14.3898],[108.7844,14.3906],[108.7857,14.3931],[108.7858,14.3945],[108.7851,14.3951],[108.7848,14.3969],[108.7836,14.3983],[108.7826,14.3988],[108.782,14.4003],[108.7822,14.4026],[108.7818,14.4048],[108.7829,14.4067],[108.7821,14.4112],[108.7829,14.4137],[108.783,14.4153],[108.7842,14.4196],[108.7862,14.4213],[108.7869,14.423],[108.7862,14.4241],[108.7848,14.4289],[108.7868,14.4331],[108.7841,14.4376],[108.7845,14.4405],[108.7835,14.4421],[108.7819,14.443],[108.7838,14.4479],[108.7844,14.4523],[108.7855,14.4543],[108.7837,14.4543],[108.7829,14.4585],[108.7818,14.4598],[108.7814,14.4611],[108.7772,14.462],[108.7777,14.4628],[108.7769,14.4638],[108.7776,14.4653],[108.7776,14.4675],[108.7766,14.4701],[108.7756,14.4717],[108.776,14.4727],[108.7779,14.4748],[108.7763,14.4796],[108.7767,14.481],[108.7765,14.4819],[108.7778,14.4831],[108.7801,14.4829],[108.7801,14.4847],[108.7805,14.4852],[108.7814,14.4854],[108.7831,14.4871],[108.7836,14.4895],[108.784,14.4892],[108.7843,14.4881],[108.7853,14.4883],[108.7862,14.488],[108.789,14.4854],[108.7886,14.4845],[108.7892,14.4825],[108.79,14.4823],[108.791,14.4814],[108.7918,14.4814],[108.7921,14.4805],[108.7931,14.481],[108.7951,14.4803],[108.7965,14.4807],[108.7976,14.4794],[108.7982,14.4792],[108.7985,14.4797],[108.798,14.4811],[108.7981,14.4821],[108.7992,14.4831],[108.8006,14.483],[108.8004,14.4807],[108.8013,14.4809],[108.8018,14.4799],[108.8035,14.4792],[108.804,14.4783],[108.8055,14.4787],[108.8069,14.477],[108.8078,14.4767],[108.8081,14.4752],[108.8079,14.4729],[108.8094,14.4723],[108.8105,14.4727],[108.8107,14.4737],[108.8118,14.4743],[108.8128,14.4755],[108.813,14.478],[108.8145,14.4798],[108.8154,14.4855],[108.8167,14.4885],[108.8173,14.4888],[108.8192,14.487],[108.8199,14.487],[108.8242,14.4908],[108.8272,14.492],[108.8331,14.4935],[108.834,14.489],[108.8378,14.4859],[108.8398,14.4801],[108.8465,14.481],[108.8485,14.4786],[108.851,14.4799],[108.8523,14.4928],[108.8544,14.4938],[108.862,14.493],[108.8627,14.4886],[108.8631,14.4735],[108.8689,14.4692],[108.8723,14.4698],[108.8749,14.4703],[108.8752,14.4724],[108.8766,14.4726],[108.8768,14.4723],[108.878,14.472],[108.8791,14.4731],[108.8801,14.4733],[108.8805,14.4733],[108.8814,14.4718],[108.8833,14.4716],[108.8852,14.4705],[108.8862,14.4704],[108.8871,14.4725],[108.8864,14.4736],[108.8865,14.4747],[108.8876,14.4776],[108.889,14.4829],[108.8895,14.4835],[108.8903,14.487],[108.8874,14.4878],[108.8867,14.4894],[108.8845,14.4902],[108.8806,14.5003],[108.8802,14.5004],[108.8796,14.4997],[108.8754,14.4999],[108.8739,14.4995],[108.8723,14.4978],[108.8715,14.4983],[108.8706,14.4982],[108.8681,14.5003],[108.8679,14.5],[108.8659,14.4999],[108.8632,14.4992],[108.864,14.5019],[108.8636,14.5032],[108.8542,14.5075],[108.8533,14.5086],[108.8523,14.5089],[108.8483,14.5074],[108.8409,14.508],[108.8401,14.5087],[108.8398,14.5107],[108.839,14.5125],[108.8388,14.5142],[108.8374,14.515],[108.8368,14.5149],[108.835,14.5129],[108.8342,14.5131],[108.8326,14.5147],[108.8318,14.5141],[108.831,14.5124],[108.8293,14.5114],[108.8292,14.5138],[108.8272,14.5133],[108.8264,14.5143],[108.8259,14.5144],[108.825,14.5134],[108.8245,14.5119],[108.8234,14.5115],[108.8222,14.5125],[108.8219,14.5148],[108.8194,14.5147],[108.8177,14.5132],[108.818,14.51],[108.8193,14.5072],[108.8187,14.5055],[108.8161,14.5046],[108.8139,14.5052],[108.8121,14.5052],[108.8094,14.5016],[108.8076,14.5021],[108.8021,14.5065],[108.7949,14.5033],[108.7867,14.5063],[108.7834,14.5091],[108.7817,14.5099],[108.7804,14.5097],[108.7794,14.5079],[108.7764,14.5078],[108.7745,14.5085],[108.7733,14.5095],[108.7724,14.5091],[108.7725,14.5113],[108.7718,14.5121],[108.7723,14.5128],[108.7699,14.5135],[108.7686,14.5143],[108.7682,14.513],[108.7668,14.5139],[108.7667,14.5145],[108.766,14.5149],[108.7667,14.5153],[108.7668,14.516],[108.7652,14.5165],[108.7647,14.5173],[108.7641,14.5172],[108.7642,14.5176],[108.7657,14.5184],[108.7646,14.5193],[108.7657,14.5213],[108.7648,14.5211],[108.7644,14.522],[108.7624,14.5226],[108.7613,14.5248],[108.7605,14.5255],[108.7613,14.5271],[108.7598,14.5272],[108.7585,14.5261],[108.7576,14.5265],[108.7566,14.5245],[108.7561,14.5243],[108.7554,14.5258],[108.7547,14.5264],[108.7554,14.528],[108.7538,14.5312],[108.7509,14.5332],[108.7514,14.5349],[108.7513,14.5362],[108.7498,14.5364],[108.7494,14.5374],[108.7466,14.5374],[108.7449,14.5364],[108.7445,14.538],[108.7432,14.5397],[108.7438,14.5407],[108.7437,14.5415],[108.7421,14.5428],[108.7408,14.5451],[108.74,14.5494],[108.7389,14.5509],[108.7384,14.5531],[108.7375,14.5546],[108.737,14.5603],[108.7355,14.5637],[108.7357,14.5657],[108.7377,14.5721],[108.7373,14.5737],[108.7366,14.5739],[108.7357,14.5772],[108.7364,14.5783],[108.7365,14.5819],[108.7354,14.5833],[108.7327,14.5836],[108.7333,14.5851],[108.7328,14.5868],[108.7323,14.5876],[108.7308,14.5881],[108.7301,14.589],[108.7304,14.5909],[108.7312,14.5918],[108.7296,14.5927],[108.7289,14.5939],[108.7279,14.5936],[108.7271,14.5941],[108.7258,14.5964],[108.725,14.5964],[108.7239,14.5953],[108.7224,14.5961],[108.72,14.5981],[108.7181,14.5984],[108.7183,14.5999],[108.7164,14.6019],[108.7152,14.6024],[108.7143,14.6021],[108.7128,14.6024],[108.7106,14.6041],[108.71,14.6051],[108.7088,14.605],[108.7085,14.606],[108.7069,14.6072],[108.7069,14.6087],[108.7059,14.6097],[108.7066,14.6114],[108.708,14.6131],[108.7079,14.6135],[108.7068,14.6138],[108.7052,14.6149],[108.7046,14.6148],[108.7033,14.6135],[108.7016,14.6139],[108.7009,14.6129],[108.7025,14.61],[108.7027,14.6086],[108.702,14.6075],[108.7028,14.606],[108.7011,14.6041],[108.7009,14.6022],[108.6991,14.6015],[108.6994,14.5999],[108.6981,14.5994],[108.6977,14.5981],[108.6981,14.5967],[108.6948,14.5945],[108.6921,14.5937],[108.6913,14.5938],[108.6905,14.5927],[108.6892,14.5927],[108.6878,14.5918],[108.6865,14.5922],[108.6862,14.5936],[108.6831,14.5959],[108.6815,14.5957],[108.6812,14.5972],[108.6802,14.5969],[108.6775,14.5923],[108.6765,14.5919],[108.6761,14.591],[108.6752,14.5905],[108.6768,14.5885],[108.6773,14.5846],[108.6741,14.5815],[108.6717,14.5799],[108.6698,14.5797],[108.6677,14.5801],[108.6636,14.5775],[108.6627,14.5778],[108.6598,14.5768],[108.6578,14.5739],[108.6546,14.5718],[108.6537,14.57],[108.6524,14.5694],[108.6451,14.568],[108.6446,14.567],[108.6409,14.5654],[108.6404,14.5648],[108.6446,14.5586],[108.644,14.5561],[108.6421,14.5541],[108.6432,14.5502],[108.6429,14.5492],[108.6418,14.5485],[108.6415,14.5476],[108.6399,14.5494],[108.6367,14.5504],[108.6358,14.5512],[108.6339,14.5512],[108.6326,14.5524],[108.6295,14.552],[108.6278,14.5505],[108.6281,14.5491],[108.6271,14.5479],[108.6283,14.5468],[108.6285,14.5451],[108.628,14.5436],[108.6288,14.5412],[108.6281,14.54],[108.6287,14.5373],[108.6284,14.5367],[108.6299,14.5337],[108.6301,14.5306],[108.6312,14.5305],[108.6317,14.5292],[108.6339,14.5276],[108.6351,14.5255],[108.635,14.5247],[108.6344,14.524],[108.6337,14.5235],[108.6323,14.5232],[108.6314,14.5225],[108.6315,14.5207],[108.6299,14.5188],[108.6296,14.5175],[108.6304,14.5161],[108.6328,14.5138],[108.6328,14.5108],[108.6336,14.5102],[108.6348,14.508],[108.6368,14.5063],[108.6361,14.5038],[108.633,14.5026],[108.6324,14.502],[108.6324,14.4993],[108.6318,14.4983],[108.632,14.496],[108.6326,14.495],[108.634,14.4946],[108.6351,14.4938],[108.6349,14.4918],[108.6345,14.4913],[108.6373,14.4895],[108.6395,14.4861],[108.6395,14.484],[108.6387,14.4822],[108.6367,14.4809],[108.6389,14.4807],[108.6397,14.4803],[108.6419,14.4769],[108.6441,14.4755],[108.6433,14.4737],[108.6425,14.4733],[108.6419,14.472],[108.6407,14.4713],[108.6407,14.4693],[108.6402,14.4684],[108.6408,14.4667],[108.6395,14.4639],[108.6406,14.4622],[108.6397,14.4596],[108.64,14.4573],[108.6405,14.4566],[108.6399,14.4553],[108.6404,14.4545],[108.6404,14.4533],[108.6384,14.4512],[108.6407,14.4482],[108.6412,14.4444],[108.6418,14.444],[108.6428,14.4442],[108.6453,14.4399],[108.6469,14.4396],[108.6499,14.4397],[108.6511,14.4409],[108.6526,14.4417],[108.655,14.4398],[108.6562,14.4405],[108.6574,14.4406],[108.6579,14.4413],[108.6607,14.4416],[108.6616,14.442],[108.6653,14.4426],[108.6664,14.4422],[108.6685,14.4396],[108.6735,14.4422],[108.6749,14.4453],[108.6759,14.4491],[108.6775,14.4505],[108.6785,14.4506],[108.6801,14.4471],[108.6808,14.4432],[108.6818,14.4412],[108.6838,14.4399],[108.6843,14.4389],[108.6853,14.4383],[108.6854,14.4366],[108.6867,14.4355],[108.687,14.4343],[108.6883,14.4339],[108.6888,14.4328],[108.6929,14.4323],[108.6941,14.4312],[108.695,14.4314],[108.6992,14.4282],[108.7027,14.4265],[108.7137,14.4284],[108.7147,14.4266],[108.7175,14.4256],[108.7202,14.424],[108.7207,14.4219],[108.7222,14.4206],[108.7227,14.4196],[108.725,14.4194],[108.7249,14.4167],[108.7233,14.4161],[108.7243,14.4136],[108.7212,14.4113],[108.7215,14.409],[108.722,14.4082],[108.7235,14.4075],[108.7239,14.4056],[108.7237,14.4048],[108.7224,14.4041],[108.7222,14.4034],[108.723,14.4016],[108.7224,14.3996],[108.7226,14.398],[108.7217,14.3967],[108.7217,14.3956],[108.7228,14.3961],[108.7254,14.3963],[108.7301,14.3975],[108.7367,14.3986],[108.738,14.3983],[108.7384,14.3987],[108.7391,14.3983],[108.7428,14.3979],[108.7438,14.3965],[108.7442,14.395],[108.7463,14.3922],[108.7479,14.3914],[108.7498,14.391],[108.7494,14.39],[108.7541,14.3891],[108.756,14.3898],[108.757,14.389],[108.7582,14.3888],[108.7599,14.3875],[108.7607,14.3862],[108.7595,14.3812],[108.7607,14.3757],[108.7644,14.374],[108.7648,14.3729],[108.7648,14.3711],[108.7689,14.3723],[108.7731,14.3729],[108.7734,14.3704],[108.7728,14.3674],[108.7738,14.366],[108.774,14.3639]]]},"properties":{"code":"21622","name":"An Toàn","nameEn":"An Toan","fullName":"Xã An Toàn","fullNameEn":"An Toan Commune","codeName":"an_toan","postalCode":"55514","postalCodePrefix":"","gisServerId":"diaphanhanhchinhcapxa_2025.2970","areaKm2":295.34},"id":"21622"},
{"type":"Feature","geometry":{"type":"Polygon","coordinates":[[[108.8681,14.5003],[108.8686,14.5018],[108.8718,14.5043],[108.8754,14.5046],[108.8788,14.5068],[108.88,14.5086],[108.8812,14.5092],[108.8817,14.5099],[108.8827,14.5103],[108.8845,14.51],[108.8863,14.5115],[108.8862,14.5129],[108.8868,14.514],[108.8897,14.5168],[108.8905,14.5181],[108.8917,14.5184],[108.8928,14.5199],[108.8941,14.5201],[108.8943,14.5197],[108.8957,14.5196],[108.8959,14.5192],[108.8979,14.5197],[108.9005,14.5177],[108.919,14.5176],[108.9227,14.5208],[108.9241,14.5189],[108.9246,14.5188],[108.9253,14.5192],[108.9259,14.5205],[108.9246,14.5217],[108.9222,14.5229],[108.9224,14.5244],[108.9235,14.5247],[108.9249,14.5244],[108.9266,14.5249],[108.9268,14.5258],[108.9257,14.5275],[108.9266,14.5292],[108.927,14.5295],[108.9276,14.529],[108.9291,14.5288],[108.9308,14.5302],[108.9312,14.5318],[108.9319,14.5325],[108.9339,14.5317],[108.9346,14.5307],[108.9354,14.5309],[108.9361,14.5322],[108.9357,14.5343],[108.9362,14.5354],[108.937,14.536],[108.937,14.5376],[108.938,14.5387],[108.9382,14.5397],[108.9396,14.5408],[108.9396,14.5424],[108.9391,14.5437],[108.9399,14.5442],[108.9403,14.5456],[108.9391,14.5484],[108.9402,14.5495],[108.9401,14.5511],[108.9408,14.5543],[108.9402,14.5565],[108.9404,14.5576],[108.94,14.5578],[108.9399,14.5591],[108.9406,14.5618],[108.9401,14.564],[108.9407,14.565],[108.9389,14.5679],[108.9389,14.5686],[108.9392,14.5697],[108.94,14.5704],[108.9414,14.5704],[108.9441,14.5736],[108.9436,14.5748],[108.9445,14.5778],[108.9424,14.5797],[108.9437,14.5818],[108.9428,14.5833],[108.9439,14.584],[108.9448,14.5855],[108.9448,14.5877],[108.9458,14.5889],[108.9455,14.5896],[108.9466,14.5919],[108.9465,14.5932],[108.9478,14.5947],[108.9486,14.5949],[108.95,14.5973],[108.9503,14.5988],[108.9495,14.6008],[108.9498,14.602],[108.9494,14.6029],[108.9487,14.6055],[108.9497,14.6079],[108.9467,14.6086],[108.9477,14.6075],[108.9478,14.6055],[108.9474,14.6037],[108.9457,14.6],[108.9454,14.598],[108.9457,14.597],[108.9441,14.5954],[108.9426,14.5955],[108.9416,14.594],[108.9389,14.5917],[108.9389,14.59],[108.9354,14.589],[108.9331,14.5866],[108.9288,14.5854],[108.9263,14.5857],[108.9248,14.5849],[108.923,14.5849],[108.9225,14.5853],[108.9204,14.585],[108.9186,14.5857],[108.9166,14.5885],[108.9134,14.5878],[108.9136,14.5864],[108.9128,14.5846],[108.9124,14.5845],[108.912,14.5825],[108.9098,14.5793],[108.9044,14.5737],[108.9012,14.5718],[108.8992,14.5718],[108.8957,14.57],[108.8945,14.5675],[108.8943,14.5661],[108.895,14.5642],[108.8959,14.5632],[108.8971,14.5557],[108.8949,14.556],[108.8945,14.5558],[108.8931,14.5564],[108.8927,14.5561],[108.8896,14.5563],[108.8889,14.5558],[108.8893,14.5568],[108.8888,14.5586],[108.8876,14.5597],[108.8861,14.5597],[108.8871,14.5621],[108.8882,14.5625],[108.8868,14.5639],[108.8855,14.564],[108.8823,14.5615],[108.8789,14.5614],[108.8757,14.5592],[108.8721,14.5582],[108.8703,14.5584],[108.8689,14.5601],[108.8648,14.5592],[108.8633,14.5599],[108.8606,14.5601],[108.8594,14.5594],[108.8561,14.5592],[108.855,14.5586],[108.8528,14.5572],[108.8516,14.5576],[108.8504,14.5591],[108.8494,14.5592],[108.8486,14.5598],[108.8436,14.5594],[108.8418,14.5607],[108.839,14.5609],[108.8365,14.5592],[108.8324,14.5577],[108.8311,14.5534],[108.8294,14.5515],[108.8265,14.5504],[108.8263,14.5478],[108.8246,14.5472],[108.8239,14.5457],[108.8229,14.5449],[108.8222,14.546],[108.8199,14.5465],[108.8188,14.5461],[108.818,14.5446],[108.8168,14.544],[108.8164,14.5431],[108.8154,14.5424],[108.8147,14.5422],[108.8122,14.543],[108.8078,14.5426],[108.805,14.5394],[108.802,14.5404],[108.8008,14.5426],[108.7985,14.5453],[108.7971,14.5459],[108.796,14.546],[108.7949,14.5455],[108.7927,14.5422],[108.7908,14.5418],[108.7881,14.5404],[108.7867,14.5412],[108.7863,14.5423],[108.7843,14.5437],[108.7828,14.5438],[108.781,14.5444],[108.775,14.5418],[108.7686,14.5419],[108.7674,14.5392],[108.7653,14.5373],[108.7642,14.5352],[108.7627,14.5341],[108.7623,14.5316],[108.7614,14.5306],[108.7585,14.5307],[108.758,14.5319],[108.7563,14.5321],[108.7557,14.5328],[108.7531,14.5345],[108.7516,14.5339],[108.7509,14.5332],[108.7538,14.5312],[108.7554,14.528],[108.7547,14.5264],[108.7554,14.5258],[108.7561,14.5243],[108.7566,14.5245],[108.7576,14.5265],[108.7585,14.5261],[108.7598,14.5272],[108.7613,14.5271],[108.7605,14.5255],[108.7613,14.5248],[108.7624,14.5226],[108.7644,14.522],[108.7648,14.5211],[108.7657,14.5213],[108.7646,14.5193],[108.7657,14.5184],[108.7642,14.5176],[108.7641,14.5172],[108.7647,14.5173],[108.7652,14.5165],[108.7668,14.516],[108.7667,14.5153],[108.766,14.5149],[108.7667,14.5145],[108.7668,14.5139],[108.7682,14.513],[108.7686,14.5143],[108.7699,14.5135],[108.7723,14.5128],[108.7718,14.5121],[108.7725,14.5113],[108.7724,14.5091],[108.7733,14.5095],[108.7745,14.5085],[108.7764,14.5078],[108.7794,14.5079],[108.7804,14.5097],[108.7817,14.5099],[108.7834,14.5091],[108.7867,14.5063],[108.7949,14.5033],[108.8021,14.5065],[108.8076,14.5021],[108.8094,14.5016],[108.8121,14.5052],[108.8139,14.5052],[108.8161,14.5046],[108.8187,14.5055],[108.8193,14.5072],[108.818,14.51],[108.8177,14.5132],[108.8194,14.5147],[108.8219,14.5148],[108.8222,14.5125],[108.8234,14.5115],[108.8245,14.5119],[108.825,14.5134],[108.8259,14.5144],[108.8264,14.5143],[108.8272,14.5133],[108.8292,14.5138],[108.8293,14.5114],[108.831,14.5124],[108.8318,14.5141],[108.8326,14.5147],[108.8342,14.5131],[108.835,14.5129],[108.8368,14.5149],[108.8374,14.515],[108.8388,14.5142],[108.839,14.5125],[108.8398,14.5107],[108.8401,14.5087],[108.8409,14.508],[108.8483,14.5074],[108.8523,14.5089],[108.8533,14.5086],[108.8542,14.5075],[108.8636,14.5032],[108.864,14.5019],[108.8632,14.4992],[108.8659,14.4999],[108.8679,14.5],[108.8681,14.5003]]]},"properties":{"code":"21628","name":"An Hoà","nameEn":"An Hoa","fullName":"Xã An Hoà","fullNameEn":"An Hoa Commune","codeName":"an_hoa","postalCode":"55513","postalCodePrefix":"","gisServerId":"diaphanhanhchinhcapxa_2025.2971","areaKm2":101.48},"id":"21628"},
{"type":"Feature","geometry":{"type":"Polygon","coordinates":[[[109.0621,14.5566],[109.0599,14.5579],[109.0584,14.5582],[109.0568,14.5579],[109.0543,14.5556],[109.053,14.5551],[109.0514,14.5553],[109.05,14.5542],[109.0476,14.5552],[109.0486,14.5566],[109.0494,14.5689],[109.048,14.5696],[109.0484,14.5716],[109.0459,14.5721],[109.0448,14.5732],[109.0447,14.5761],[109.0443,14.5763],[109.0447,14.5772],[109.0425,14.5782],[109.0403,14.5787],[109.0415,14.5811],[109.0392,14.5807],[109.0356,14.5786],[109.0329,14.5786],[109.033,14.5776],[109.0321,14.5772],[109.0318,14.5775],[109.0298,14.5778],[109.0287,14.5774],[109.0287,14.5782],[109.0222,14.5777],[109.0178,14.5793],[109.0169,14.58],[109.017,14.5817],[109.0165,14.5818],[109.0161,14.5812],[109.0136,14.5809],[109.0138,14.582],[109.0124,14.5826],[109.0125,14.5831],[109.0118,14.5831],[109.0117,14.5835],[109.0091,14.5837],[109.0099,14.5845],[109.0095,14.5848],[109.0085,14.5845],[109.0084,14.5854],[109.0077,14.586],[109.0071,14.5857],[109.006,14.5863],[109.0054,14.5855],[109.0042,14.586],[109.0032,14.587],[109.0016,14.587],[109.0008,14.5877],[108.9986,14.5881],[108.9972,14.5888],[108.9946,14.589],[108.9919,14.5881],[108.9906,14.589],[108.9902,14.5901],[108.9886,14.5919],[108.9865,14.5933],[108.9847,14.5939],[108.9832,14.5936],[108.9824,14.5939],[108.9803,14.5958],[108.9795,14.5972],[108.9781,14.5979],[108.9778,14.5989],[108.9748,14.6011],[108.9734,14.6027],[108.971,14.6026],[108.9686,14.6035],[108.9668,14.6057],[108.9638,14.6059],[108.9624,14.6078],[108.96,14.609],[108.9578,14.6143],[108.9565,14.6149],[108.9554,14.617],[108.954,14.6173],[108.9542,14.6165],[108.9521,14.6156],[108.9513,14.6145],[108.9512,14.6114],[108.9504,14.6112],[108.9498,14.6101],[108.9478,14.6105],[108.9472,14.6088],[108.9467,14.6086],[108.9497,14.6079],[108.9487,14.6055],[108.9494,14.6029],[108.952,14.6012],[108.9525,14.6013],[108.9532,14.6026],[108.9544,14.6023],[108.956,14.5997],[108.9563,14.5979],[108.9585,14.597],[108.9608,14.5951],[108.9608,14.593],[108.9616,14.5914],[108.9617,14.5903],[108.964,14.5891],[108.9662,14.5859],[108.9667,14.5858],[108.9673,14.5836],[108.9687,14.584],[108.9703,14.5832],[108.9715,14.583],[108.9729,14.5809],[108.9745,14.5798],[108.9759,14.5799],[108.9767,14.5796],[108.9783,14.5766],[108.9801,14.5754],[108.9817,14.5769],[108.9829,14.5761],[108.9863,14.5767],[108.9876,14.5757],[108.9895,14.573],[108.9906,14.5727],[108.9929,14.5692],[108.9942,14.5684],[108.9973,14.5671],[108.9967,14.5661],[108.9966,14.5644],[108.9981,14.5646],[108.9981,14.5643],[108.999,14.564],[109.0007,14.5639],[109.0033,14.5629],[109.0039,14.5622],[109.0065,14.562],[109.0065,14.5611],[109.0118,14.5602],[109.0118,14.5598],[109.0131,14.5596],[109.013,14.5587],[109.0135,14.5583],[109.0136,14.5577],[109.0158,14.5566],[109.0171,14.5566],[109.0172,14.5556],[109.0164,14.5541],[109.0174,14.5542],[109.0175,14.5552],[109.0191,14.5552],[109.0195,14.5545],[109.0206,14.5541],[109.0209,14.5552],[109.0222,14.5551],[109.0225,14.5547],[109.0239,14.5544],[109.0238,14.5536],[109.0249,14.5535],[109.0246,14.5528],[109.0252,14.5526],[109.0271,14.5538],[109.0277,14.5549],[109.0281,14.5548],[109.0289,14.5558],[109.0296,14.5557],[109.0294,14.555],[109.0323,14.5549],[109.0345,14.5542],[109.0334,14.5509],[109.032,14.5494],[109.0311,14.5496],[109.0306,14.5482],[109.0332,14.5475],[109.0329,14.546],[109.0323,14.545],[109.0338,14.5447],[109.0346,14.5437],[109.0355,14.5433],[109.04,14.5423],[109.039,14.5368],[109.0416,14.5371],[109.0428,14.536],[109.0442,14.536],[109.0469,14.537],[109.0471,14.5376],[109.0464,14.5376],[109.0465,14.5385],[109.0481,14.5396],[109.0486,14.5388],[109.0491,14.5393],[109.0495,14.5391],[109.0492,14.5385],[109.0495,14.5382],[109.0508,14.5385],[109.0512,14.5391],[109.051,14.5397],[109.05,14.5395],[109.0492,14.5407],[109.0494,14.5411],[109.0506,14.5416],[109.0524,14.5394],[109.0558,14.5373],[109.0562,14.5361],[109.0562,14.5342],[109.0569,14.5331],[109.0578,14.533],[109.0583,14.5338],[109.0591,14.5342],[109.0609,14.5339],[109.0615,14.5368],[109.0612,14.539],[109.0604,14.5398],[109.06,14.5419],[109.0592,14.543],[109.0586,14.5432],[109.0583,14.5428],[109.0572,14.5438],[109.0571,14.5452],[109.0557,14.5465],[109.0553,14.548],[109.0556,14.549],[109.0575,14.5487],[109.0575,14.5496],[109.0584,14.5504],[109.058,14.5506],[109.0583,14.5512],[109.0592,14.5506],[109.0596,14.5526],[109.0609,14.5536],[109.0607,14.5544],[109.0616,14.5547],[109.0621,14.5566]]]},"properties":{"code":"21637","name":"Tam Quan","nameEn":"Tam Quan","fullName":"Phường Tam Quan","fullNameEn":"Tam Quan Ward","codeName":"tam_quan","postalCode":"55417","postalCodePrefix":"","gisServerId":"diaphanhanhchinhcapxa_2025.2972","areaKm2":29.82},"id":"21637"},
{"type":"Feature","geometry":{"type":"Polygon","coordinates":[[[109.0409,14.4305],[109.0398,14.4298],[109.0385,14.4299],[109.0358,14.4312],[109.0348,14.4322],[109.0325,14.4335],[109.0311,14.4338],[109.0308,14.4358],[109.0302,14.4366],[109.0261,14.4378],[109.0253,14.4388],[109.0234,14.4396],[109.0221,14.4413],[109.0198,14.4406],[109.0179,14.4409],[109.0169,14.4399],[109.0132,14.4401],[109.0117,14.4414],[109.0109,14.4433],[109.0064,14.4456],[109.004,14.4474],[109.0006,14.4479],[108.9998,14.4492],[108.9965,14.4468],[108.9948,14.4474],[108.9934,14.4487],[108.9909,14.4486],[108.9886,14.4494],[108.9887,14.4504],[108.986,14.4517],[108.986,14.4524],[108.9855,14.4528],[108.9846,14.4555],[108.9834,14.4562],[108.9816,14.4598],[108.9817,14.4633],[108.9828,14.464],[108.983,14.4648],[108.9826,14.4655],[108.9783,14.4644],[108.9775,14.4637],[108.9762,14.4632],[108.9755,14.462],[108.9749,14.4599],[108.9737,14.4589],[108.9736,14.4549],[108.9723,14.4521],[108.9727,14.4507],[108.9717,14.4493],[108.9709,14.4452],[108.9703,14.4439],[108.9682,14.4418],[108.9678,14.4405],[108.9694,14.4391],[108.9691,14.4369],[108.9693,14.4357],[108.9704,14.4346],[108.9729,14.4342],[108.9742,14.4335],[108.9742,14.4321],[108.9754,14.4312],[108.9753,14.4288],[108.9756,14.4282],[108.9768,14.4289],[108.979,14.4286],[108.9795,14.4281],[108.9797,14.4265],[108.981,14.4261],[108.9835,14.4274],[108.988,14.4288],[108.9906,14.4291],[108.9913,14.4255],[108.99,14.4245],[108.99,14.4239],[108.9916,14.4241],[108.9918,14.4236],[108.9954,14.4214],[108.9975,14.4206],[108.997,14.4193],[108.996,14.419],[108.9953,14.418],[108.9931,14.4176],[108.9931,14.4147],[108.9979,14.4139],[109,14.4124],[109.0018,14.4118],[109.0028,14.4121],[109.0024,14.4112],[109.0012,14.4102],[108.9992,14.4099],[108.9985,14.4092],[108.9956,14.4082],[108.994,14.4056],[108.9924,14.4041],[108.9905,14.4034],[108.9857,14.4033],[108.9825,14.4027],[108.9816,14.3984],[108.9808,14.3966],[108.9791,14.3963],[108.9781,14.3968],[108.9765,14.3968],[108.975,14.3964],[108.9738,14.3956],[108.9732,14.3944],[108.9733,14.393],[108.9784,14.3906],[108.9827,14.3878],[108.9846,14.3884],[108.9899,14.3874],[108.9902,14.3868],[108.9901,14.3852],[108.9924,14.3831],[108.9934,14.3809],[108.995,14.3797],[108.996,14.3769],[108.9969,14.3765],[108.9978,14.375],[108.9993,14.3753],[109,14.3766],[109.004,14.3762],[109.006,14.3765],[109.0065,14.3751],[109.008,14.3746],[109.0088,14.372],[109.0118,14.3707],[109.0133,14.3697],[109.0135,14.3691],[109.0158,14.3689],[109.0176,14.3676],[109.0185,14.3674],[109.0212,14.3654],[109.0238,14.3626],[109.0258,14.3569],[109.0266,14.3558],[109.0278,14.3559],[109.0285,14.3568],[109.0301,14.3577],[109.0332,14.3568],[109.0359,14.3586],[109.0383,14.3586],[109.0428,14.3577],[109.044,14.359],[109.0441,14.3612],[109.0465,14.3642],[109.0468,14.3652],[109.0496,14.3651],[109.0533,14.3634],[109.0537,14.3629],[109.0558,14.3616],[109.0584,14.3611],[109.0604,14.3617],[109.0651,14.3644],[109.067,14.3666],[109.0698,14.3675],[109.0728,14.3701],[109.076,14.3715],[109.0779,14.3733],[109.0776,14.3747],[109.0755,14.3779],[109.0755,14.3788],[109.0766,14.3801],[109.0782,14.38],[109.0805,14.381],[109.0811,14.3817],[109.0828,14.3822],[109.084,14.384],[109.0847,14.3844],[109.0849,14.385],[109.0862,14.3857],[109.0859,14.3875],[109.0863,14.3887],[109.086,14.3931],[109.0848,14.3944],[109.0836,14.3981],[109.0873,14.4004],[109.0891,14.4047],[109.092,14.4071],[109.0908,14.4093],[109.0881,14.4111],[109.0876,14.4119],[109.0865,14.4183],[109.0841,14.4196],[109.0815,14.4196],[109.0788,14.4205],[109.0747,14.4225],[109.0739,14.4226],[109.0724,14.4241],[109.0704,14.4231],[109.0695,14.4209],[109.0633,14.4209],[109.0621,14.4194],[109.0602,14.4192],[109.057,14.4212],[109.0531,14.4213],[109.0516,14.4224],[109.0506,14.422],[109.0484,14.4227],[109.0477,14.4238],[109.0465,14.4246],[109.0466,14.4257],[109.045,14.428],[109.0434,14.4282],[109.0431,14.4289],[109.0409,14.4305]]]},"properties":{"code":"21640","name":"Bồng Sơn","nameEn":"Bong Son","fullName":"Phường Bồng Sơn","fullNameEn":"Bong Son Ward","codeName":"bong_son","postalCode":"55406","postalCodePrefix":"","gisServerId":"diaphanhanhchinhcapxa_2025.2973","areaKm2":81.11},"id":"21640"},
{"type":"Feature","geometry":{"type":"Polygon","coordinates":[[[109.0681,14.5602],[109.067,14.5649],[109.067,14.5688],[109.0682,14.573],[109.0695,14.5752],[109.0711,14.5766],[109.0773,14.5748],[109.0701,14.5771],[109.0707,14.5783],[109.0715,14.5779],[109.0725,14.5784],[109.0748,14.5771],[109.0758,14.577],[109.0789,14.5789],[109.0812,14.5783],[109.0821,14.5776],[109.0821,14.5779],[109.0825,14.5778],[109.0817,14.5782],[109.0819,14.5784],[109.0815,14.579],[109.0794,14.581],[109.074,14.5822],[109.073,14.5836],[109.0717,14.5837],[109.0667,14.5905],[109.0619,14.592],[109.0612,14.5912],[109.0598,14.5911],[109.0589,14.5932],[109.0555,14.5983],[109.0555,14.6],[109.0541,14.602],[109.0542,14.6029],[109.0509,14.6031],[109.0482,14.6039],[109.0487,14.6052],[109.0482,14.6067],[109.0485,14.6083],[109.0468,14.6089],[109.0461,14.6086],[109.0451,14.6092],[109.0441,14.6113],[109.0452,14.6137],[109.0463,14.6152],[109.0466,14.6176],[109.0457,14.6198],[109.0424,14.623],[109.0425,14.6248],[109.0445,14.6251],[109.0455,14.626],[109.0459,14.6273],[109.0458,14.6302],[109.0429,14.6352],[109.043,14.636],[109.0401,14.6382],[109.0395,14.6399],[109.0366,14.6407],[109.0358,14.6414],[109.0372,14.6418],[109.0389,14.6413],[109.037,14.645],[109.0356,14.6453],[109.0349,14.6479],[109.0317,14.6488],[109.0312,14.6483],[109.0308,14.6464],[109.027,14.6474],[109.0278,14.65],[109.0276,14.6508],[109.0245,14.6524],[109.0231,14.6571],[109.0203,14.6574],[109.0177,14.6603],[109.0166,14.6644],[109.0171,14.6664],[109.0157,14.6663],[109.0141,14.6666],[109.0096,14.6699],[109.0076,14.6704],[109.0043,14.6683],[109.0013,14.6685],[108.9996,14.6695],[108.9976,14.67],[108.9964,14.6708],[108.996,14.6719],[108.9941,14.6743],[108.9882,14.672],[108.9865,14.6717],[108.9851,14.672],[108.9829,14.6715],[108.9811,14.6722],[108.9798,14.6708],[108.978,14.6706],[108.9774,14.671],[108.9768,14.6722],[108.976,14.6726],[108.9732,14.6729],[108.9729,14.6712],[108.9717,14.67],[108.9698,14.6694],[108.9691,14.6688],[108.9682,14.6688],[108.9673,14.6655],[108.9662,14.6642],[108.9659,14.6631],[108.9646,14.6624],[108.9631,14.6607],[108.9627,14.6596],[108.9629,14.6582],[108.9616,14.6563],[108.9609,14.6558],[108.9593,14.6556],[108.9583,14.6546],[108.9549,14.6539],[108.9543,14.653],[108.9571,14.6494],[108.957,14.648],[108.9574,14.6472],[108.9561,14.6438],[108.9549,14.6433],[108.954,14.6435],[108.953,14.6432],[108.9525,14.6427],[108.9521,14.6412],[108.9508,14.6402],[108.9504,14.6395],[108.951,14.6385],[108.9512,14.6369],[108.9536,14.6328],[108.953,14.6312],[108.9517,14.6248],[108.9525,14.6231],[108.9521,14.6217],[108.9527,14.621],[108.953,14.6191],[108.954,14.6173],[108.9554,14.617],[108.9565,14.6149],[108.9578,14.6143],[108.96,14.609],[108.9624,14.6078],[108.9638,14.6059],[108.9668,14.6057],[108.9686,14.6035],[108.971,14.6026],[108.9734,14.6027],[108.9748,14.6011],[108.9778,14.5989],[108.9781,14.5979],[108.9795,14.5972],[108.9803,14.5958],[108.9824,14.5939],[108.9832,14.5936],[108.9847,14.5939],[108.9865,14.5933],[108.9886,14.5919],[108.9902,14.5901],[108.9906,14.589],[108.9919,14.5881],[108.9946,14.589],[108.9972,14.5888],[108.9986,14.5881],[109.0008,14.5877],[109.0016,14.587],[109.0032,14.587],[109.0042,14.586],[109.0054,14.5855],[109.006,14.5863],[109.0071,14.5857],[109.0077,14.586],[109.0084,14.5854],[109.0085,14.5845],[109.0095,14.5848],[109.0099,14.5845],[109.0091,14.5837],[109.0117,14.5835],[109.0118,14.5831],[109.0125,14.5831],[109.0124,14.5826],[109.0138,14.582],[109.0136,14.5809],[109.0161,14.5812],[109.0165,14.5818],[109.017,14.5817],[109.0169,14.58],[109.0178,14.5793],[109.0222,14.5777],[109.0287,14.5782],[109.0287,14.5774],[109.0298,14.5778],[109.0318,14.5775],[109.0321,14.5772],[109.033,14.5776],[109.0329,14.5786],[109.0356,14.5786],[109.0392,14.5807],[109.0415,14.5811],[109.0403,14.5787],[109.0425,14.5782],[109.0447,14.5772],[109.0443,14.5763],[109.0447,14.5761],[109.0448,14.5732],[109.0459,14.5721],[109.0484,14.5716],[109.048,14.5696],[109.0494,14.5689],[109.0486,14.5566],[109.0476,14.5552],[109.05,14.5542],[109.0514,14.5553],[109.053,14.5551],[109.0543,14.5556],[109.0568,14.5579],[109.0584,14.5582],[109.0599,14.5579],[109.0621,14.5566],[109.0633,14.557],[109.0681,14.5602]]]},"properties":{"code":"21655","name":"Hoài Nhơn Bắc","nameEn":"Hoai Nhon Bac","fullName":"Phường Hoài Nhơn Bắc","fullNameEn":"Hoai Nhon Bac Ward","codeName":"hoai_nhon_bac","postalCode":"55425","postalCodePrefix":"","gisServerId":"diaphanhanhchinhcapxa_2025.2974","areaKm2":89.45},"id":"21655"},
{"type":"Feature","geometry":{"type":"Polygon","coordinates":[[[109.0428,14.536],[109.0416,14.5371],[109.039,14.5368],[109.04,14.5423],[109.0355,14.5433],[109.0346,14.5437],[109.0338,14.5447],[109.0323,14.545],[109.0329,14.546],[109.0332,14.5475],[109.0306,14.5482],[109.0311,14.5496],[109.032,14.5494],[109.0334,14.5509],[109.0345,14.5542],[109.0323,14.5549],[109.0294,14.555],[109.0296,14.5557],[109.0289,14.5558],[109.0281,14.5548],[109.0277,14.5549],[109.0271,14.5538],[109.0252,14.5526],[109.0246,14.5528],[109.0249,14.5535],[109.0238,14.5536],[109.0239,14.5544],[109.0225,14.5547],[109.0222,14.5551],[109.0209,14.5552],[109.0206,14.5541],[109.0195,14.5545],[109.0191,14.5552],[109.0175,14.5552],[109.0174,14.5542],[109.0164,14.5541],[109.0172,14.5556],[109.0171,14.5566],[109.0158,14.5566],[109.0136,14.5577],[109.0135,14.5583],[109.013,14.5587],[109.0131,14.5596],[109.0118,14.5598],[109.0118,14.5602],[109.0065,14.5611],[109.0065,14.562],[109.0039,14.5622],[109.0033,14.5629],[109.0007,14.5639],[108.999,14.564],[108.9981,14.5643],[108.9981,14.5646],[108.9966,14.5644],[108.9967,14.5661],[108.9973,14.5671],[108.9942,14.5684],[108.9929,14.5692],[108.9906,14.5727],[108.9895,14.573],[108.9876,14.5757],[108.9863,14.5767],[108.9829,14.5761],[108.9817,14.5769],[108.9801,14.5754],[108.9783,14.5766],[108.9767,14.5796],[108.9759,14.5799],[108.9745,14.5798],[108.9729,14.5809],[108.9715,14.583],[108.9703,14.5832],[108.9687,14.584],[108.9673,14.5836],[108.9667,14.5858],[108.9662,14.5859],[108.964,14.5891],[108.9617,14.5903],[108.9616,14.5914],[108.9608,14.593],[108.9608,14.5951],[108.9585,14.597],[108.9563,14.5979],[108.956,14.5997],[108.9544,14.6023],[108.9532,14.6026],[108.9525,14.6013],[108.952,14.6012],[108.9494,14.6029],[108.9498,14.602],[108.9495,14.6008],[108.9503,14.5988],[108.95,14.5973],[108.9486,14.5949],[108.9478,14.5947],[108.9465,14.5932],[108.9466,14.5919],[108.9455,14.5896],[108.9458,14.5889],[108.9448,14.5877],[108.9448,14.5855],[108.9439,14.584],[108.9428,14.5833],[108.9437,14.5818],[108.9424,14.5797],[108.9445,14.5778],[108.9436,14.5748],[108.9441,14.5736],[108.9414,14.5704],[108.94,14.5704],[108.9392,14.5697],[108.9389,14.5686],[108.9389,14.5679],[108.9407,14.565],[108.9401,14.564],[108.9406,14.5618],[108.9399,14.5591],[108.94,14.5578],[108.9404,14.5576],[108.9402,14.5565],[108.9408,14.5543],[108.9401,14.5511],[108.9402,14.5495],[108.9422,14.5487],[108.9438,14.5492],[108.945,14.5491],[108.9458,14.5498],[108.9463,14.5509],[108.9481,14.5506],[108.9492,14.5494],[108.9493,14.5485],[108.9485,14.5482],[108.9491,14.5471],[108.949,14.5459],[108.95,14.5444],[108.9505,14.542],[108.9512,14.5417],[108.9517,14.5406],[108.9522,14.5407],[108.9533,14.5402],[108.9536,14.5386],[108.9567,14.5393],[108.9582,14.5401],[108.9591,14.5414],[108.9585,14.5403],[108.9584,14.5389],[108.9577,14.5379],[108.9581,14.534],[108.9591,14.5321],[108.9589,14.5309],[108.9574,14.5294],[108.9578,14.5285],[108.9575,14.5275],[108.9581,14.5272],[108.9564,14.5246],[108.9571,14.5215],[108.9551,14.5167],[108.9554,14.5152],[108.9541,14.5115],[108.9548,14.5091],[108.9536,14.5083],[108.9531,14.5072],[108.9515,14.5063],[108.9511,14.5051],[108.9497,14.5035],[108.9482,14.503],[108.9464,14.5005],[108.947,14.499],[108.9477,14.4985],[108.9488,14.4966],[108.9507,14.4898],[108.9526,14.4888],[108.954,14.4898],[108.958,14.4896],[108.9592,14.4918],[108.9606,14.4927],[108.9612,14.4936],[108.9613,14.4931],[108.9626,14.4922],[108.9638,14.492],[108.9648,14.4899],[108.9657,14.4893],[108.9659,14.4872],[108.9673,14.486],[108.9697,14.4857],[108.9706,14.4837],[108.9714,14.4829],[108.974,14.4817],[108.9757,14.4824],[108.9777,14.4812],[108.9796,14.4816],[108.9799,14.4826],[108.9815,14.484],[108.9823,14.4837],[108.9834,14.4844],[108.9853,14.4847],[108.9873,14.4874],[108.99,14.4885],[108.9909,14.4909],[108.9923,14.4923],[108.9936,14.4929],[108.9947,14.4927],[108.9966,14.4946],[108.9984,14.4949],[108.9997,14.4967],[109.0004,14.4986],[109.002,14.4987],[109.0036,14.4993],[109.0047,14.5007],[109.0067,14.5018],[109.0077,14.5029],[109.008,14.5048],[109.0077,14.5061],[109.0093,14.5086],[109.0092,14.5111],[109.0089,14.5117],[109.0103,14.5146],[109.0111,14.5151],[109.0139,14.5143],[109.0156,14.5162],[109.0163,14.5177],[109.0185,14.5165],[109.0188,14.5143],[109.0196,14.5139],[109.0208,14.5149],[109.0208,14.5162],[109.0214,14.5171],[109.0243,14.5186],[109.0241,14.5189],[109.0246,14.5195],[109.027,14.5187],[109.0293,14.5157],[109.0298,14.5161],[109.0302,14.5157],[109.0307,14.5158],[109.0309,14.5152],[109.0318,14.5147],[109.0329,14.5147],[109.0327,14.5168],[109.0324,14.5169],[109.0329,14.5192],[109.0339,14.5188],[109.0339,14.5196],[109.0345,14.52],[109.0379,14.5206],[109.0402,14.5206],[109.0405,14.5207],[109.0407,14.5219],[109.0429,14.5222],[109.0449,14.5256],[109.0475,14.5284],[109.0472,14.5291],[109.0464,14.5294],[109.0462,14.5291],[109.0442,14.5313],[109.0448,14.5323],[109.0426,14.5336],[109.0412,14.5324],[109.0407,14.5329],[109.0405,14.5337],[109.0419,14.5345],[109.0421,14.5354],[109.0428,14.536]]]},"properties":{"code":"21661","name":"Hoài Nhơn Tây","nameEn":"Hoai Nhon Tay","fullName":"Phường Hoài Nhơn Tây","fullNameEn":"Hoai Nhon Tay Ward","codeName":"hoai_nhon_tay","postalCode":"55426","postalCodePrefix":"","gisServerId":"diaphanhanhchinhcapxa_2025.2975","areaKm2":78.15},"id":"21661"},
{"type":"Feature","geometry":{"type":"Polygon","coordinates":[[[109.0889,14.5094],[109.0855,14.5148],[109.0854,14.5157],[109.0766,14.5351],[109.0738,14.5418],[109.0681,14.5602],[109.0633,14.557],[109.0621,14.5566],[109.0616,14.5547],[109.0607,14.5544],[109.0609,14.5536],[109.0596,14.5526],[109.0592,14.5506],[109.0583,14.5512],[109.058,14.5506],[109.0584,14.5504],[109.0575,14.5496],[109.0575,14.5487],[109.0556,14.549],[109.0553,14.548],[109.0557,14.5465],[109.0571,14.5452],[109.0572,14.5438],[109.0583,14.5428],[109.0586,14.5432],[109.0592,14.543],[109.06,14.5419],[109.0604,14.5398],[109.0612,14.539],[109.0615,14.5368],[109.0609,14.5339],[109.0591,14.5342],[109.0583,14.5338],[109.0578,14.533],[109.0569,14.5331],[109.0562,14.5342],[109.0562,14.5361],[109.0558,14.5373],[109.0524,14.5394],[109.0506,14.5416],[109.0494,14.5411],[109.0492,14.5407],[109.05,14.5395],[109.051,14.5397],[109.0512,14.5391],[109.0508,14.5385],[109.0495,14.5382],[109.0492,14.5385],[109.0495,14.5391],[109.0491,14.5393],[109.0486,14.5388],[109.0481,14.5396],[109.0465,14.5385],[109.0464,14.5376],[109.0471,14.5376],[109.0469,14.537],[109.0442,14.536],[109.0428,14.536],[109.0421,14.5354],[109.0419,14.5345],[109.0405,14.5337],[109.0407,14.5329],[109.0412,14.5324],[109.0426,14.5336],[109.0448,14.5323],[109.0442,14.5313],[109.0462,14.5291],[109.0464,14.5294],[109.0472,14.5291],[109.0475,14.5284],[109.0449,14.5256],[109.0429,14.5222],[109.0407,14.5219],[109.0405,14.5207],[109.0402,14.5206],[109.0379,14.5206],[109.0345,14.52],[109.0339,14.5196],[109.0339,14.5188],[109.0329,14.5192],[109.0324,14.5169],[109.0327,14.5168],[109.0329,14.5147],[109.0318,14.5147],[109.0309,14.5152],[109.0307,14.5158],[109.0302,14.5157],[109.0298,14.5161],[109.0293,14.5157],[109.027,14.5187],[109.0246,14.5195],[109.0241,14.5189],[109.0243,14.5186],[109.0214,14.5171],[109.0208,14.5162],[109.0208,14.5149],[109.0196,14.5139],[109.0188,14.5143],[109.0185,14.5165],[109.0163,14.5177],[109.0156,14.5162],[109.0139,14.5143],[109.0111,14.5151],[109.0103,14.5146],[109.0089,14.5117],[109.0092,14.5111],[109.0093,14.5086],[109.0077,14.5061],[109.008,14.5048],[109.0077,14.5029],[109.0067,14.5018],[109.0047,14.5007],[109.0036,14.4993],[109.0056,14.4985],[109.0084,14.4989],[109.0093,14.4979],[109.011,14.498],[109.0123,14.4972],[109.0116,14.4953],[109.0124,14.4935],[109.012,14.4928],[109.0125,14.4904],[109.0119,14.4885],[109.0119,14.4845],[109.0122,14.4841],[109.0149,14.4843],[109.0174,14.485],[109.0241,14.4833],[109.0301,14.4838],[109.0308,14.4845],[109.0314,14.4842],[109.0323,14.4826],[109.0333,14.4823],[109.0341,14.4824],[109.0343,14.4847],[109.0365,14.4847],[109.0363,14.4857],[109.0371,14.4859],[109.0384,14.4842],[109.0383,14.4836],[109.037,14.4821],[109.0379,14.4806],[109.0376,14.4787],[109.0378,14.4762],[109.0386,14.474],[109.0385,14.4724],[109.039,14.4699],[109.0447,14.4693],[109.0455,14.4709],[109.0469,14.47],[109.0475,14.47],[109.0486,14.4709],[109.0491,14.4707],[109.0501,14.4719],[109.0532,14.4731],[109.055,14.4776],[109.0571,14.4793],[109.0581,14.4811],[109.0599,14.4816],[109.0609,14.4823],[109.0627,14.483],[109.0633,14.4838],[109.066,14.4844],[109.0663,14.4851],[109.066,14.4867],[109.0648,14.4881],[109.0646,14.4904],[109.0656,14.4909],[109.0655,14.492],[109.0658,14.4939],[109.0665,14.4948],[109.0663,14.4954],[109.0672,14.4971],[109.0683,14.4981],[109.0684,14.5],[109.0695,14.5014],[109.0704,14.5013],[109.0708,14.5023],[109.0719,14.5031],[109.0729,14.5014],[109.0736,14.5011],[109.0755,14.5037],[109.0756,14.5055],[109.0764,14.5066],[109.0779,14.5071],[109.0797,14.5064],[109.0809,14.5067],[109.0818,14.5064],[109.0816,14.5078],[109.0889,14.5094]]]},"properties":{"code":"21664","name":"Hoài Nhơn","nameEn":"Hoai Nhon","fullName":"Phường Hoài Nhơn","fullNameEn":"Hoai Nhon Ward","codeName":"hoai_nhon","postalCode":"55423","postalCodePrefix":"","gisServerId":"diaphanhanhchinhcapxa_2025.2976","areaKm2":40.32},"id":"21664"},
{"type":"Feature","geometry":{"type":"Polygon","coordinates":[[[109.127,14.3953],[109.1263,14.3951],[109.1265,14.3958],[109.126,14.3959],[109.1254,14.397],[109.1251,14.3995],[109.1243,14.3999],[109.1242,14.4006],[109.1237,14.4009],[109.1212,14.4065],[109.1163,14.4192],[109.1154,14.4232],[109.1155,14.4255],[109.1164,14.428],[109.1173,14.429],[109.1194,14.4297],[109.1187,14.4306],[109.1184,14.4321],[109.1183,14.4348],[109.1188,14.4367],[109.1196,14.4374],[109.1224,14.4376],[109.123,14.439],[109.1222,14.4392],[109.1221,14.4397],[109.1234,14.4411],[109.123,14.442],[109.1239,14.4439],[109.1247,14.4444],[109.1245,14.4453],[109.1235,14.4459],[109.123,14.4454],[109.1223,14.4459],[109.1206,14.4495],[109.1204,14.4505],[109.1208,14.4515],[109.1191,14.4525],[109.1183,14.4544],[109.108,14.4715],[109.1009,14.4842],[109.0912,14.5031],[109.0894,14.5051],[109.0889,14.507],[109.0898,14.5078],[109.0889,14.5094],[109.0816,14.5078],[109.0818,14.5064],[109.0809,14.5067],[109.0797,14.5064],[109.0779,14.5071],[109.0764,14.5066],[109.0756,14.5055],[109.0755,14.5037],[109.0736,14.5011],[109.0729,14.5014],[109.0719,14.5031],[109.0708,14.5023],[109.0704,14.5013],[109.0695,14.5014],[109.0684,14.5],[109.0683,14.4981],[109.0672,14.4971],[109.0663,14.4954],[109.0665,14.4948],[109.0658,14.4939],[109.0655,14.492],[109.0656,14.4909],[109.0646,14.4904],[109.0648,14.4881],[109.066,14.4867],[109.0663,14.4851],[109.066,14.4844],[109.0633,14.4838],[109.0627,14.483],[109.0623,14.48],[109.0632,14.4789],[109.0624,14.4762],[109.0634,14.4742],[109.0642,14.4737],[109.0586,14.471],[109.0565,14.4692],[109.0547,14.4667],[109.0536,14.4593],[109.0512,14.4537],[109.0497,14.4512],[109.0479,14.4426],[109.0484,14.4402],[109.048,14.4388],[109.0452,14.4348],[109.0409,14.4305],[109.0431,14.4289],[109.0434,14.4282],[109.045,14.428],[109.0466,14.4257],[109.0465,14.4246],[109.0477,14.4238],[109.0484,14.4227],[109.0506,14.422],[109.0516,14.4224],[109.0531,14.4213],[109.057,14.4212],[109.0602,14.4192],[109.0621,14.4194],[109.0633,14.4209],[109.0695,14.4209],[109.0704,14.4231],[109.0724,14.4241],[109.0739,14.4226],[109.0747,14.4225],[109.0788,14.4205],[109.0815,14.4196],[109.0841,14.4196],[109.0865,14.4183],[109.0876,14.4119],[109.0881,14.4111],[109.0908,14.4093],[109.092,14.4071],[109.0926,14.4071],[109.0939,14.4033],[109.0952,14.402],[109.0954,14.3999],[109.096,14.3985],[109.0977,14.398],[109.099,14.3986],[109.0996,14.3978],[109.1034,14.3969],[109.1038,14.3954],[109.1067,14.3934],[109.1073,14.3923],[109.1087,14.3911],[109.1094,14.3893],[109.1124,14.389],[109.1166,14.3899],[109.118,14.3895],[109.1201,14.3916],[109.1265,14.3938],[109.1271,14.3946],[109.127,14.3953]]]},"properties":{"code":"21670","name":"Hoài Nhơn Đông","nameEn":"Hoai Nhon Dong","fullName":"Phường Hoài Nhơn Đông","fullNameEn":"Hoai Nhon Dong Ward","codeName":"hoai_nhon_dong","postalCode":"55424","postalCodePrefix":"","gisServerId":"diaphanhanhchinhcapxa_2025.2977","areaKm2":64.36},"id":"21670"},
{"type":"Feature","geometry":{"type":"Polygon","coordinates":[[[109.0627,14.483],[109.0609,14.4823],[109.0599,14.4816],[109.0581,14.4811],[109.0571,14.4793],[109.055,14.4776],[109.0532,14.4731],[109.0501,14.4719],[109.0491,14.4707],[109.0486,14.4709],[109.0475,14.47],[109.0469,14.47],[109.0455,14.4709],[109.0447,14.4693],[109.039,14.4699],[109.0385,14.4724],[109.0386,14.474],[109.0378,14.4762],[109.0376,14.4787],[109.0379,14.4806],[109.037,14.4821],[109.0383,14.4836],[109.0384,14.4842],[109.0371,14.4859],[109.0363,14.4857],[109.0365,14.4847],[109.0343,14.4847],[109.0341,14.4824],[109.0333,14.4823],[109.0323,14.4826],[109.0314,14.4842],[109.0308,14.4845],[109.0301,14.4838],[109.0241,14.4833],[109.0174,14.485],[109.0149,14.4843],[109.0122,14.4841],[109.0119,14.4845],[109.0119,14.4885],[109.0125,14.4904],[109.012,14.4928],[109.0124,14.4935],[109.0116,14.4953],[109.0123,14.4972],[109.011,14.498],[109.0093,14.4979],[109.0084,14.4989],[109.0056,14.4985],[109.0036,14.4993],[109.002,14.4987],[109.0004,14.4986],[108.9997,14.4967],[108.9984,14.4949],[108.9966,14.4946],[108.9947,14.4927],[108.9936,14.4929],[108.9923,14.4923],[108.9909,14.4909],[108.99,14.4885],[108.9873,14.4874],[108.9853,14.4847],[108.9834,14.4844],[108.9823,14.4837],[108.9815,14.484],[108.9799,14.4826],[108.9796,14.4816],[108.9806,14.4764],[108.9793,14.4729],[108.9813,14.4718],[108.9819,14.4711],[108.9832,14.4666],[108.9826,14.4655],[108.983,14.4648],[108.9828,14.464],[108.9817,14.4633],[108.9816,14.4598],[108.9834,14.4562],[108.9846,14.4555],[108.9855,14.4528],[108.986,14.4524],[108.986,14.4517],[108.9887,14.4504],[108.9886,14.4494],[108.9909,14.4486],[108.9934,14.4487],[108.9948,14.4474],[108.9965,14.4468],[108.9998,14.4492],[109.0006,14.4479],[109.004,14.4474],[109.0064,14.4456],[109.0109,14.4433],[109.0117,14.4414],[109.0132,14.4401],[109.0169,14.4399],[109.0179,14.4409],[109.0198,14.4406],[109.0221,14.4413],[109.0234,14.4396],[109.0253,14.4388],[109.0261,14.4378],[109.0302,14.4366],[109.0308,14.4358],[109.0311,14.4338],[109.0325,14.4335],[109.0348,14.4322],[109.0358,14.4312],[109.0385,14.4299],[109.0398,14.4298],[109.0409,14.4305],[109.0452,14.4348],[109.048,14.4388],[109.0484,14.4402],[109.0479,14.4426],[109.0497,14.4512],[109.0512,14.4537],[109.0536,14.4593],[109.0547,14.4667],[109.0565,14.4692],[109.0586,14.471],[109.0642,14.4737],[109.0634,14.4742],[109.0624,14.4762],[109.0632,14.4789],[109.0623,14.48],[109.0627,14.483]]]},"properties":{"code":"21673","name":"Hoài Nhơn Nam","nameEn":"Hoai Nhon Nam","fullName":"Phường Hoài Nhơn Nam","fullNameEn":"Hoai Nhon Nam Ward","codeName":"hoai_nhon_nam","postalCode":"55427","postalCodePrefix":"","gisServerId":"diaphanhanhchinhcapxa_2025.2978","areaKm2":37.67},"id":"21673"},
{"type":"Feature","geometry":{"type":"Polygon","coordinates":[[[109.0266,14.3558],[109.0258,14.3569],[109.0238,14.3626],[109.0212,14.3654],[109.0185,14.3674],[109.0176,14.3676],[109.0158,14.3689],[109.0135,14.3691],[109.0133,14.3697],[109.0118,14.3707],[109.0088,14.372],[109.008,14.3746],[109.0065,14.3751],[109.006,14.3765],[109.004,14.3762],[109,14.3766],[108.9993,14.3753],[108.9978,14.375],[108.9969,14.3765],[108.996,14.3769],[108.995,14.3797],[108.9934,14.3809],[108.9924,14.3831],[108.9901,14.3852],[108.9902,14.3868],[108.9899,14.3874],[108.9846,14.3884],[108.9827,14.3878],[108.9784,14.3906],[108.9793,14.388],[108.9789,14.3862],[108.9771,14.3851],[108.9741,14.3849],[108.9726,14.3835],[108.9718,14.3809],[108.9714,14.3754],[108.9706,14.3745],[108.9692,14.3742],[108.9667,14.3757],[108.9649,14.3782],[108.9639,14.3787],[108.9617,14.381],[108.9617,14.3819],[108.9601,14.3844],[108.9589,14.3851],[108.9547,14.3853],[108.9509,14.3838],[108.9486,14.3816],[108.9477,14.3798],[108.9478,14.379],[108.946,14.3783],[108.9442,14.3788],[108.9432,14.3786],[108.9413,14.3795],[108.9409,14.3802],[108.9413,14.3811],[108.9397,14.3823],[108.939,14.3823],[108.9386,14.3816],[108.938,14.3814],[108.9361,14.3818],[108.9296,14.3814],[108.929,14.3812],[108.9279,14.38],[108.9272,14.3775],[108.9261,14.3777],[108.9245,14.3775],[108.9236,14.3769],[108.9225,14.3756],[108.9219,14.3728],[108.922,14.3717],[108.9213,14.3702],[108.9196,14.3683],[108.9191,14.3653],[108.9169,14.3642],[108.914,14.364],[108.9124,14.3617],[108.9174,14.3578],[108.9185,14.3562],[108.9201,14.3556],[108.9219,14.3521],[108.9208,14.3506],[108.9184,14.349],[108.9163,14.347],[108.9139,14.3458],[108.9133,14.3449],[108.9132,14.3437],[108.9115,14.343],[108.9096,14.3429],[108.9075,14.3421],[108.9077,14.3405],[108.911,14.3383],[108.9109,14.3363],[108.9121,14.3354],[108.9133,14.3364],[108.9142,14.3365],[108.9151,14.336],[108.9152,14.335],[108.916,14.3342],[108.9174,14.3339],[108.921,14.3344],[108.9219,14.3355],[108.923,14.336],[108.9256,14.3344],[108.9305,14.3333],[108.9354,14.3324],[108.938,14.3328],[108.9414,14.3296],[108.9419,14.3275],[108.9432,14.3267],[108.9443,14.3254],[108.9442,14.3239],[108.9448,14.3235],[108.9461,14.3247],[108.9465,14.3245],[108.9461,14.3236],[108.9469,14.3244],[108.9478,14.3238],[108.949,14.3262],[108.9499,14.3273],[108.9556,14.3268],[108.9573,14.3276],[108.9579,14.3287],[108.9567,14.3323],[108.9595,14.3329],[108.9603,14.3325],[108.9618,14.3301],[108.9619,14.3294],[108.9624,14.3292],[108.9662,14.3312],[108.9685,14.3302],[108.971,14.3308],[108.9713,14.33],[108.9703,14.3261],[108.9711,14.3248],[108.9701,14.3228],[108.9711,14.3219],[108.9716,14.3203],[108.9708,14.3172],[108.9701,14.3161],[108.9693,14.3156],[108.9678,14.3163],[108.9676,14.3176],[108.9669,14.3175],[108.9653,14.3166],[108.9649,14.3167],[108.9645,14.3153],[108.9652,14.3143],[108.9631,14.3116],[108.9631,14.3111],[108.9635,14.3111],[108.9636,14.3108],[108.9632,14.3106],[108.9631,14.31],[108.9612,14.3089],[108.9614,14.3076],[108.9607,14.3073],[108.9615,14.3063],[108.9625,14.3063],[108.9642,14.3051],[108.9665,14.3054],[108.967,14.3048],[108.9669,14.3031],[108.9673,14.3017],[108.9686,14.3003],[108.9697,14.2994],[108.9714,14.2997],[108.9722,14.299],[108.9728,14.2951],[108.9719,14.2932],[108.9707,14.2924],[108.97,14.2905],[108.9689,14.2903],[108.968,14.2892],[108.9681,14.2876],[108.9691,14.2846],[108.9693,14.278],[108.9664,14.2741],[108.9663,14.2701],[108.9669,14.2672],[108.9659,14.2648],[108.9644,14.2631],[108.9634,14.2604],[108.9652,14.2578],[108.9668,14.257],[108.9674,14.256],[108.9687,14.2554],[108.9694,14.2545],[108.9725,14.2543],[108.9762,14.2531],[108.9759,14.2499],[108.9762,14.2483],[108.9769,14.2474],[108.9783,14.2434],[108.9793,14.2428],[108.9804,14.2411],[108.9815,14.2379],[108.9829,14.2376],[108.9864,14.2383],[108.9879,14.2378],[108.9895,14.2384],[108.9921,14.2386],[108.9942,14.2381],[108.9963,14.2382],[108.9989,14.2392],[108.9995,14.2401],[109.0013,14.2409],[109.0033,14.2432],[109.0052,14.2435],[109.0067,14.2431],[109.0088,14.2434],[109.0092,14.2446],[109.0107,14.2463],[109.0133,14.2506],[109.013,14.2511],[109.0133,14.2523],[109.014,14.2546],[109.0152,14.2562],[109.0141,14.2585],[109.0153,14.2589],[109.0164,14.2602],[109.0181,14.2597],[109.0191,14.2599],[109.0207,14.2596],[109.0218,14.2604],[109.0235,14.263],[109.0238,14.2665],[109.0248,14.2688],[109.0264,14.2693],[109.0264,14.2705],[109.0252,14.2725],[109.0242,14.2734],[109.0241,14.2743],[109.0221,14.2762],[109.0217,14.279],[109.0187,14.2821],[109.0157,14.2828],[109.0155,14.2844],[109.0161,14.2873],[109.0152,14.2911],[109.0185,14.2961],[109.0187,14.2984],[109.0183,14.2999],[109.0191,14.3017],[109.0172,14.3038],[109.0181,14.3113],[109.0168,14.3131],[109.0158,14.3158],[109.0161,14.3166],[109.0146,14.3191],[109.0143,14.321],[109.0165,14.3226],[109.0177,14.325],[109.0193,14.3262],[109.0207,14.3284],[109.0231,14.3291],[109.0263,14.3313],[109.0275,14.3312],[109.0312,14.3328],[109.0294,14.337],[109.0297,14.3386],[109.0323,14.3426],[109.0311,14.3433],[109.0303,14.3445],[109.0291,14.3451],[109.0271,14.3492],[109.027,14.3523],[109.0278,14.3541],[109.0275,14.355],[109.0266,14.3558]]]},"properties":{"code":"21688","name":"Hoài Ân","nameEn":"Hoai An","fullName":"Xã Hoài Ân","fullNameEn":"Hoai An Commune","codeName":"hoai_an","postalCode":"55621","postalCodePrefix":"","gisServerId":"diaphanhanhchinhcapxa_2025.2981","areaKm2":115.72},"id":"21688"},
{"type":"Feature","geometry":{"type":"Polygon","coordinates":[[[108.9402,14.5495],[108.9391,14.5484],[108.9403,14.5456],[108.9399,14.5442],[108.9391,14.5437],[108.9396,14.5424],[108.9396,14.5408],[108.9382,14.5397],[108.938,14.5387],[108.937,14.5376],[108.937,14.536],[108.9362,14.5354],[108.9357,14.5343],[108.9361,14.5322],[108.9354,14.5309],[108.9346,14.5307],[108.9339,14.5317],[108.9319,14.5325],[108.9312,14.5318],[108.9308,14.5302],[108.9291,14.5288],[108.9276,14.529],[108.927,14.5295],[108.9266,14.5292],[108.9257,14.5275],[108.9268,14.5258],[108.9266,14.5249],[108.9249,14.5244],[108.9235,14.5247],[108.9224,14.5244],[108.9222,14.5229],[108.9246,14.5217],[108.9259,14.5205],[108.9253,14.5192],[108.9246,14.5188],[108.9241,14.5189],[108.9227,14.5208],[108.919,14.5176],[108.9005,14.5177],[108.8979,14.5197],[108.8959,14.5192],[108.8957,14.5196],[108.8943,14.5197],[108.8941,14.5201],[108.8928,14.5199],[108.8917,14.5184],[108.8905,14.5181],[108.8897,14.5168],[108.8868,14.514],[108.8862,14.5129],[108.8863,14.5115],[108.8845,14.51],[108.8827,14.5103],[108.8817,14.5099],[108.8812,14.5092],[108.88,14.5086],[108.8788,14.5068],[108.8754,14.5046],[108.8718,14.5043],[108.8686,14.5018],[108.8681,14.5003],[108.8706,14.4982],[108.8715,14.4983],[108.8723,14.4978],[108.8739,14.4995],[108.8754,14.4999],[108.8796,14.4997],[108.8802,14.5004],[108.8806,14.5003],[108.8845,14.4902],[108.8867,14.4894],[108.8874,14.4878],[108.8903,14.487],[108.8895,14.4835],[108.889,14.4829],[108.8876,14.4776],[108.8865,14.4747],[108.8864,14.4736],[108.8871,14.4725],[108.8862,14.4704],[108.8864,14.4693],[108.8874,14.4676],[108.8868,14.4624],[108.8869,14.461],[108.8894,14.4589],[108.8901,14.4587],[108.8914,14.4566],[108.8915,14.4551],[108.8933,14.454],[108.8936,14.4534],[108.8938,14.4509],[108.8932,14.4482],[108.8919,14.4459],[108.8921,14.4447],[108.8932,14.4428],[108.8932,14.441],[108.8938,14.4399],[108.8956,14.4392],[108.8961,14.4371],[108.8979,14.4368],[108.9005,14.4344],[108.9007,14.4354],[108.9016,14.4364],[108.9044,14.4364],[108.9057,14.4361],[108.908,14.4369],[108.9107,14.4356],[108.9116,14.4355],[108.9154,14.437],[108.9161,14.4378],[108.9176,14.4385],[108.9211,14.4385],[108.926,14.4345],[108.9301,14.4334],[108.9315,14.4322],[108.9347,14.4303],[108.9371,14.4266],[108.9398,14.4203],[108.942,14.4187],[108.9429,14.4187],[108.9457,14.4205],[108.9485,14.4218],[108.9499,14.4233],[108.9511,14.4258],[108.9531,14.4252],[108.9541,14.424],[108.9555,14.4249],[108.9561,14.4238],[108.9575,14.4247],[108.959,14.4216],[108.9595,14.4218],[108.9604,14.4209],[108.9597,14.4199],[108.9596,14.4183],[108.9587,14.4182],[108.9588,14.4179],[108.9584,14.4178],[108.9583,14.4173],[108.9587,14.4167],[108.9579,14.4155],[108.9588,14.4148],[108.9598,14.4127],[108.9613,14.413],[108.9613,14.4135],[108.9641,14.4155],[108.9624,14.4171],[108.9622,14.4209],[108.9623,14.4216],[108.9629,14.4213],[108.9631,14.4221],[108.9625,14.4222],[108.9625,14.4228],[108.9639,14.4249],[108.9667,14.4231],[108.9722,14.4218],[108.9741,14.4217],[108.9771,14.4207],[108.9816,14.4168],[108.9848,14.4149],[108.9878,14.4143],[108.9931,14.4147],[108.9931,14.4176],[108.9953,14.418],[108.996,14.419],[108.997,14.4193],[108.9975,14.4206],[108.9954,14.4214],[108.9918,14.4236],[108.9916,14.4241],[108.99,14.4239],[108.99,14.4245],[108.9913,14.4255],[108.9906,14.4291],[108.988,14.4288],[108.9835,14.4274],[108.981,14.4261],[108.9797,14.4265],[108.9795,14.4281],[108.979,14.4286],[108.9768,14.4289],[108.9756,14.4282],[108.9753,14.4288],[108.9754,14.4312],[108.9742,14.4321],[108.9742,14.4335],[108.9729,14.4342],[108.9704,14.4346],[108.9693,14.4357],[108.9691,14.4369],[108.9694,14.4391],[108.9678,14.4405],[108.9682,14.4418],[108.9703,14.4439],[108.9709,14.4452],[108.9717,14.4493],[108.9727,14.4507],[108.9723,14.4521],[108.9736,14.4549],[108.9737,14.4589],[108.9749,14.4599],[108.9755,14.462],[108.9762,14.4632],[108.9775,14.4637],[108.9783,14.4644],[108.9826,14.4655],[108.9832,14.4666],[108.9819,14.4711],[108.9813,14.4718],[108.9793,14.4729],[108.9806,14.4764],[108.9796,14.4816],[108.9777,14.4812],[108.9757,14.4824],[108.974,14.4817],[108.9714,14.4829],[108.9706,14.4837],[108.9697,14.4857],[108.9673,14.486],[108.9659,14.4872],[108.9657,14.4893],[108.9648,14.4899],[108.9638,14.492],[108.9626,14.4922],[108.9613,14.4931],[108.9612,14.4936],[108.9606,14.4927],[108.9592,14.4918],[108.958,14.4896],[108.954,14.4898],[108.9526,14.4888],[108.9507,14.4898],[108.9488,14.4966],[108.9477,14.4985],[108.947,14.499],[108.9464,14.5005],[108.9482,14.503],[108.9497,14.5035],[108.9511,14.5051],[108.9515,14.5063],[108.9531,14.5072],[108.9536,14.5083],[108.9548,14.5091],[108.9541,14.5115],[108.9554,14.5152],[108.9551,14.5167],[108.9571,14.5215],[108.9564,14.5246],[108.9581,14.5272],[108.9575,14.5275],[108.9578,14.5285],[108.9574,14.5294],[108.9589,14.5309],[108.9591,14.5321],[108.9581,14.534],[108.9577,14.5379],[108.9584,14.5389],[108.9585,14.5403],[108.9591,14.5414],[108.9582,14.5401],[108.9567,14.5393],[108.9536,14.5386],[108.9533,14.5402],[108.9522,14.5407],[108.9517,14.5406],[108.9512,14.5417],[108.9505,14.542],[108.95,14.5444],[108.949,14.5459],[108.9491,14.5471],[108.9485,14.5482],[108.9493,14.5485],[108.9492,14.5494],[108.9481,14.5506],[108.9463,14.5509],[108.9458,14.5498],[108.945,14.5491],[108.9438,14.5492],[108.9422,14.5487],[108.9402,14.5495]]]},"properties":{"code":"21697","name":"Ân Hảo","nameEn":"An Hao","fullName":"Xã Ân Hảo","fullNameEn":"An Hao Commune","codeName":"an_hao","postalCode":"55625","postalCodePrefix":"","gisServerId":"diaphanhanhchinhcapxa_2025.2979","areaKm2":95.46},"id":"21697"},
{"type":"Feature","geometry":{"type":"Polygon","coordinates":[[[108.8723,14.4698],[108.8689,14.4692],[108.8631,14.4735],[108.8627,14.4886],[108.862,14.493],[108.8544,14.4938],[108.8523,14.4928],[108.851,14.4799],[108.8485,14.4786],[108.8465,14.481],[108.8398,14.4801],[108.8378,14.4859],[108.834,14.489],[108.8331,14.4935],[108.8272,14.492],[108.8279,14.4917],[108.8279,14.4898],[108.8307,14.4845],[108.8309,14.481],[108.8325,14.4766],[108.8331,14.4755],[108.8361,14.4733],[108.8361,14.4716],[108.8356,14.4702],[108.836,14.4691],[108.8387,14.4675],[108.8389,14.466],[108.8396,14.4659],[108.8403,14.4644],[108.8404,14.4637],[108.8397,14.4627],[108.84,14.4615],[108.8407,14.4607],[108.8399,14.4591],[108.8402,14.4578],[108.8415,14.4561],[108.8423,14.4557],[108.8423,14.4545],[108.843,14.453],[108.8416,14.4507],[108.8423,14.4486],[108.8429,14.4482],[108.8437,14.4466],[108.843,14.445],[108.844,14.4426],[108.8456,14.4406],[108.8454,14.4376],[108.8451,14.4366],[108.8459,14.4348],[108.8444,14.4337],[108.8438,14.4327],[108.8424,14.4328],[108.8419,14.4321],[108.8424,14.4315],[108.8426,14.4303],[108.8441,14.4289],[108.8453,14.4271],[108.8453,14.4257],[108.8474,14.4244],[108.8474,14.423],[108.8461,14.4217],[108.8474,14.42],[108.8479,14.4172],[108.8488,14.4169],[108.8482,14.4154],[108.8484,14.4141],[108.8471,14.413],[108.8468,14.4115],[108.8485,14.4078],[108.8486,14.4057],[108.8491,14.4046],[108.8489,14.4036],[108.85,14.4016],[108.8527,14.399],[108.8556,14.3979],[108.8571,14.397],[108.8607,14.3984],[108.8622,14.3998],[108.8636,14.3987],[108.8642,14.3973],[108.8644,14.3962],[108.8638,14.3935],[108.8648,14.3922],[108.8664,14.3919],[108.8672,14.3909],[108.8711,14.3913],[108.8716,14.3903],[108.8717,14.389],[108.8731,14.3885],[108.8734,14.3875],[108.875,14.3878],[108.8756,14.3885],[108.8774,14.3892],[108.879,14.3863],[108.8789,14.3846],[108.8823,14.38],[108.8838,14.3792],[108.8857,14.3788],[108.8839,14.3768],[108.8837,14.3758],[108.8841,14.3746],[108.8862,14.373],[108.8865,14.3708],[108.8865,14.3674],[108.8854,14.3668],[108.8849,14.365],[108.8868,14.3643],[108.8883,14.3643],[108.8894,14.3633],[108.8885,14.359],[108.8906,14.3583],[108.8912,14.3576],[108.8912,14.356],[108.8924,14.3559],[108.8934,14.3565],[108.8948,14.3582],[108.8964,14.3584],[108.8979,14.3576],[108.8993,14.3593],[108.9014,14.3592],[108.9023,14.3587],[108.906,14.3599],[108.9092,14.3616],[108.9124,14.3617],[108.914,14.364],[108.9169,14.3642],[108.9191,14.3653],[108.9196,14.3683],[108.9213,14.3702],[108.922,14.3717],[108.9219,14.3728],[108.9225,14.3756],[108.9236,14.3769],[108.9245,14.3775],[108.9261,14.3777],[108.9272,14.3775],[108.9279,14.38],[108.929,14.3812],[108.9296,14.3814],[108.9361,14.3818],[108.938,14.3814],[108.9386,14.3816],[108.939,14.3823],[108.9397,14.3823],[108.9413,14.3811],[108.9409,14.3802],[108.9413,14.3795],[108.9432,14.3786],[108.9442,14.3788],[108.946,14.3783],[108.9478,14.379],[108.9477,14.3798],[108.9486,14.3816],[108.9509,14.3838],[108.9547,14.3853],[108.9589,14.3851],[108.9601,14.3844],[108.9617,14.3819],[108.9617,14.381],[108.9639,14.3787],[108.9649,14.3782],[108.9667,14.3757],[108.9692,14.3742],[108.9706,14.3745],[108.9714,14.3754],[108.9718,14.3809],[108.9726,14.3835],[108.9741,14.3849],[108.9771,14.3851],[108.9789,14.3862],[108.9793,14.388],[108.9784,14.3906],[108.9733,14.393],[108.9732,14.3944],[108.9738,14.3956],[108.975,14.3964],[108.9765,14.3968],[108.9781,14.3968],[108.9791,14.3963],[108.9808,14.3966],[108.9816,14.3984],[108.9825,14.4027],[108.9857,14.4033],[108.9905,14.4034],[108.9924,14.4041],[108.994,14.4056],[108.9956,14.4082],[108.9985,14.4092],[108.9992,14.4099],[109.0012,14.4102],[109.0024,14.4112],[109.0028,14.4121],[109.0018,14.4118],[109,14.4124],[108.9979,14.4139],[108.9931,14.4147],[108.9878,14.4143],[108.9848,14.4149],[108.9816,14.4168],[108.9771,14.4207],[108.9741,14.4217],[108.9722,14.4218],[108.9667,14.4231],[108.9639,14.4249],[108.9625,14.4228],[108.9625,14.4222],[108.9631,14.4221],[108.9629,14.4213],[108.9623,14.4216],[108.9622,14.4209],[108.9624,14.4171],[108.9641,14.4155],[108.9613,14.4135],[108.9613,14.413],[108.9598,14.4127],[108.9588,14.4148],[108.9579,14.4155],[108.9587,14.4167],[108.9583,14.4173],[108.9584,14.4178],[108.9588,14.4179],[108.9587,14.4182],[108.9596,14.4183],[108.9597,14.4199],[108.9604,14.4209],[108.9595,14.4218],[108.959,14.4216],[108.9575,14.4247],[108.9561,14.4238],[108.9555,14.4249],[108.9541,14.424],[108.9531,14.4252],[108.9511,14.4258],[108.9499,14.4233],[108.9485,14.4218],[108.9457,14.4205],[108.9429,14.4187],[108.942,14.4187],[108.9398,14.4203],[108.9371,14.4266],[108.9347,14.4303],[108.9315,14.4322],[108.9301,14.4334],[108.926,14.4345],[108.9211,14.4385],[108.9176,14.4385],[108.9161,14.4378],[108.9154,14.437],[108.9116,14.4355],[108.9107,14.4356],[108.908,14.4369],[108.9057,14.4361],[108.9044,14.4364],[108.9016,14.4364],[108.9007,14.4354],[108.9005,14.4344],[108.8979,14.4368],[108.8961,14.4371],[108.8956,14.4392],[108.8938,14.4399],[108.8932,14.441],[108.8932,14.4428],[108.8921,14.4447],[108.8919,14.4459],[108.8932,14.4482],[108.8938,14.4509],[108.8936,14.4534],[108.8933,14.454],[108.8915,14.4551],[108.8914,14.4566],[108.8901,14.4587],[108.8894,14.4589],[108.8869,14.461],[108.8868,14.4624],[108.8874,14.4676],[108.8864,14.4693],[108.8862,14.4704],[108.8852,14.4705],[108.8833,14.4716],[108.8814,14.4718],[108.8805,14.4733],[108.8801,14.4733],[108.8791,14.4731],[108.878,14.472],[108.8768,14.4723],[108.8766,14.4726],[108.8752,14.4724],[108.8749,14.4703],[108.8723,14.4698]]]},"properties":{"code":"21703","name":"Vạn Đức","nameEn":"Van Duc","fullName":"Xã Vạn Đức","fullNameEn":"Van Duc Commune","codeName":"van_duc","postalCode":"55624","postalCodePrefix":"","gisServerId":"diaphanhanhchinhcapxa_2025.2980","areaKm2":111.88},"id":"21703"},
{"type":"Feature","geometry":{"type":"Polygon","coordinates":[[[108.8272,14.492],[108.8242,14.4908],[108.8199,14.487],[108.8192,14.487],[108.8173,14.4888],[108.8167,14.4885],[108.8154,14.4855],[108.8145,14.4798],[108.813,14.478],[108.8128,14.4755],[108.8118,14.4743],[108.8107,14.4737],[108.8105,14.4727],[108.8094,14.4723],[108.8079,14.4729],[108.8081,14.4752],[108.8078,14.4767],[108.8069,14.477],[108.8055,14.4787],[108.804,14.4783],[108.8035,14.4792],[108.8018,14.4799],[108.8013,14.4809],[108.8004,14.4807],[108.8006,14.483],[108.7992,14.4831],[108.7981,14.4821],[108.798,14.4811],[108.7985,14.4797],[108.7982,14.4792],[108.7976,14.4794],[108.7965,14.4807],[108.7951,14.4803],[108.7931,14.481],[108.7921,14.4805],[108.7918,14.4814],[108.791,14.4814],[108.79,14.4823],[108.7892,14.4825],[108.7886,14.4845],[108.789,14.4854],[108.7862,14.488],[108.7853,14.4883],[108.7843,14.4881],[108.784,14.4892],[108.7836,14.4895],[108.7831,14.4871],[108.7814,14.4854],[108.7805,14.4852],[108.7801,14.4847],[108.7801,14.4829],[108.7778,14.4831],[108.7765,14.4819],[108.7767,14.481],[108.7763,14.4796],[108.7779,14.4748],[108.776,14.4727],[108.7756,14.4717],[108.7766,14.4701],[108.7776,14.4675],[108.7776,14.4653],[108.7769,14.4638],[108.7777,14.4628],[108.7772,14.462],[108.7814,14.4611],[108.7818,14.4598],[108.7829,14.4585],[108.7837,14.4543],[108.7855,14.4543],[108.7844,14.4523],[108.7838,14.4479],[108.7819,14.443],[108.7835,14.4421],[108.7845,14.4405],[108.7841,14.4376],[108.7868,14.4331],[108.7848,14.4289],[108.7862,14.4241],[108.7869,14.423],[108.7862,14.4213],[108.7842,14.4196],[108.783,14.4153],[108.7829,14.4137],[108.7821,14.4112],[108.7829,14.4067],[108.7818,14.4048],[108.7822,14.4026],[108.782,14.4003],[108.7826,14.3988],[108.7836,14.3983],[108.7848,14.3969],[108.7851,14.3951],[108.7858,14.3945],[108.7857,14.3931],[108.7844,14.3906],[108.7829,14.3898],[108.7821,14.3888],[108.78,14.389],[108.7781,14.3886],[108.7803,14.3804],[108.7797,14.375],[108.78,14.3731],[108.7796,14.3724],[108.7784,14.3719],[108.7783,14.3707],[108.7776,14.3686],[108.774,14.3639],[108.7752,14.3623],[108.7752,14.3614],[108.7757,14.36],[108.7755,14.3582],[108.7764,14.3549],[108.7785,14.352],[108.7784,14.3508],[108.7792,14.348],[108.7818,14.3475],[108.7833,14.3484],[108.7841,14.3466],[108.7862,14.346],[108.7859,14.3472],[108.7884,14.3484],[108.7903,14.3499],[108.7912,14.3516],[108.7921,14.3518],[108.7925,14.3524],[108.7941,14.3528],[108.7962,14.3513],[108.7979,14.3522],[108.801,14.3522],[108.8029,14.3518],[108.8047,14.3532],[108.8076,14.3534],[108.8086,14.3527],[108.8115,14.3529],[108.8139,14.3519],[108.8159,14.3502],[108.8175,14.3508],[108.8178,14.3502],[108.8192,14.3498],[108.8222,14.3516],[108.8227,14.3512],[108.8245,14.3517],[108.8267,14.3535],[108.8316,14.3538],[108.8328,14.353],[108.8377,14.3541],[108.8407,14.3518],[108.8417,14.352],[108.8422,14.3513],[108.8445,14.3501],[108.8444,14.3491],[108.8449,14.3483],[108.8445,14.3469],[108.8454,14.3459],[108.8466,14.3451],[108.8489,14.3453],[108.8496,14.3449],[108.8516,14.3404],[108.8538,14.3377],[108.8545,14.3357],[108.8522,14.333],[108.8526,14.3314],[108.8519,14.3298],[108.8523,14.3281],[108.8503,14.3256],[108.8508,14.3239],[108.8524,14.3226],[108.8542,14.3227],[108.8537,14.3192],[108.8531,14.3184],[108.8538,14.3168],[108.8569,14.3146],[108.8574,14.3139],[108.8603,14.3123],[108.8625,14.3097],[108.8646,14.31],[108.8666,14.3091],[108.8682,14.3089],[108.8694,14.3067],[108.8722,14.306],[108.873,14.3039],[108.8764,14.3031],[108.8787,14.302],[108.8822,14.3013],[108.8848,14.302],[108.884,14.2995],[108.8842,14.2976],[108.885,14.2976],[108.8854,14.2972],[108.8847,14.2968],[108.8875,14.2955],[108.889,14.2953],[108.8907,14.2943],[108.8912,14.2934],[108.893,14.2931],[108.8939,14.2934],[108.8953,14.2934],[108.8998,14.2917],[108.9055,14.2918],[108.903,14.2893],[108.9025,14.2877],[108.9007,14.285],[108.9001,14.2834],[108.8992,14.2828],[108.8994,14.2814],[108.9009,14.2791],[108.901,14.2783],[108.9041,14.2763],[108.9071,14.2788],[108.9085,14.2783],[108.9096,14.276],[108.9097,14.2739],[108.9102,14.2727],[108.9111,14.2718],[108.9114,14.2702],[108.914,14.2688],[108.9144,14.2679],[108.9146,14.266],[108.9169,14.2633],[108.9186,14.2606],[108.9182,14.2589],[108.9186,14.2546],[108.9237,14.2535],[108.9246,14.2526],[108.9267,14.2527],[108.9285,14.2513],[108.9287,14.2479],[108.9301,14.2466],[108.9309,14.2439],[108.932,14.2428],[108.9333,14.2429],[108.9336,14.24],[108.9351,14.2394],[108.9365,14.2342],[108.9384,14.2329],[108.939,14.2319],[108.9407,14.2316],[108.9417,14.232],[108.9437,14.2319],[108.9446,14.2297],[108.9468,14.2281],[108.9476,14.2269],[108.95,14.2221],[108.9519,14.2223],[108.9526,14.222],[108.9558,14.2165],[108.9604,14.2172],[108.9648,14.216],[108.9674,14.2166],[108.9703,14.2166],[108.9712,14.2197],[108.9712,14.2219],[108.9736,14.2235],[108.9748,14.2247],[108.9764,14.2252],[108.978,14.2262],[108.9765,14.2302],[108.977,14.2316],[108.9781,14.2325],[108.9783,14.2344],[108.98,14.2356],[108.9808,14.2376],[108.9815,14.2379],[108.9804,14.2411],[108.9793,14.2428],[108.9783,14.2434],[108.9769,14.2474],[108.9762,14.2483],[108.9759,14.2499],[108.9762,14.2531],[108.9725,14.2543],[108.9694,14.2545],[108.9687,14.2554],[108.9674,14.256],[108.9668,14.257],[108.9652,14.2578],[108.9634,14.2604],[108.9644,14.2631],[108.9659,14.2648],[108.9669,14.2672],[108.9663,14.2701],[108.9664,14.2741],[108.9693,14.278],[108.9691,14.2846],[108.9681,14.2876],[108.968,14.2892],[108.9689,14.2903],[108.97,14.2905],[108.9707,14.2924],[108.9719,14.2932],[108.9728,14.2951],[108.9722,14.299],[108.9714,14.2997],[108.9697,14.2994],[108.9686,14.3003],[108.9673,14.3017],[108.9669,14.3031],[108.967,14.3048],[108.9665,14.3054],[108.9642,14.3051],[108.9625,14.3063],[108.9615,14.3063],[108.9607,14.3073],[108.9614,14.3076],[108.9612,14.3089],[108.9631,14.31],[108.9632,14.3106],[108.9636,14.3108],[108.9635,14.3111],[108.9631,14.3111],[108.9631,14.3116],[108.9652,14.3143],[108.9645,14.3153],[108.9649,14.3167],[108.9653,14.3166],[108.9669,14.3175],[108.9676,14.3176],[108.9678,14.3163],[108.9693,14.3156],[108.9701,14.3161],[108.9708,14.3172],[108.9716,14.3203],[108.9711,14.3219],[108.9701,14.3228],[108.9711,14.3248],[108.9703,14.3261],[108.9713,14.33],[108.971,14.3308],[108.9685,14.3302],[108.9662,14.3312],[108.9624,14.3292],[108.9619,14.3294],[108.9618,14.3301],[108.9603,14.3325],[108.9595,14.3329],[108.9567,14.3323],[108.9579,14.3287],[108.9573,14.3276],[108.9556,14.3268],[108.9499,14.3273],[108.949,14.3262],[108.9478,14.3238],[108.9469,14.3244],[108.9461,14.3236],[108.9465,14.3245],[108.9461,14.3247],[108.9448,14.3235],[108.9442,14.3239],[108.9443,14.3254],[108.9432,14.3267],[108.9419,14.3275],[108.9414,14.3296],[108.938,14.3328],[108.9354,14.3324],[108.9305,14.3333],[108.9256,14.3344],[108.923,14.336],[108.9219,14.3355],[108.921,14.3344],[108.9174,14.3339],[108.916,14.3342],[108.9152,14.335],[108.9151,14.336],[108.9142,14.3365],[108.9133,14.3364],[108.9121,14.3354],[108.9109,14.3363],[108.911,14.3383],[108.9077,14.3405],[108.9075,14.3421],[108.9096,14.3429],[108.9115,14.343],[108.9132,14.3437],[108.9133,14.3449],[108.9139,14.3458],[108.9163,14.347],[108.9184,14.349],[108.9208,14.3506],[108.9219,14.3521],[108.9201,14.3556],[108.9185,14.3562],[108.9174,14.3578],[108.9124,14.3617],[108.9092,14.3616],[108.906,14.3599],[108.9023,14.3587],[108.9014,14.3592],[108.8993,14.3593],[108.8979,14.3576],[108.8964,14.3584],[108.8948,14.3582],[108.8934,14.3565],[108.8924,14.3559],[108.8912,14.356],[108.8912,14.3576],[108.8906,14.3583],[108.8885,14.359],[108.8894,14.3633],[108.8883,14.3643],[108.8868,14.3643],[108.8849,14.365],[108.8854,14.3668],[108.8865,14.3674],[108.8865,14.3708],[108.8862,14.373],[108.8841,14.3746],[108.8837,14.3758],[108.8839,14.3768],[108.8857,14.3788],[108.8838,14.3792],[108.8823,14.38],[108.8789,14.3846],[108.879,14.3863],[108.8774,14.3892],[108.8756,14.3885],[108.875,14.3878],[108.8734,14.3875],[108.8731,14.3885],[108.8717,14.389],[108.8716,14.3903],[108.8711,14.3913],[108.8672,14.3909],[108.8664,14.3919],[108.8648,14.3922],[108.8638,14.3935],[108.8644,14.3962],[108.8642,14.3973],[108.8636,14.3987],[108.8622,14.3998],[108.8607,14.3984],[108.8571,14.397],[108.8556,14.3979],[108.8527,14.399],[108.85,14.4016],[108.8489,14.4036],[108.8491,14.4046],[108.8486,14.4057],[108.8485,14.4078],[108.8468,14.4115],[108.8471,14.413],[108.8484,14.4141],[108.8482,14.4154],[108.8488,14.4169],[108.8479,14.4172],[108.8474,14.42],[108.8461,14.4217],[108.8474,14.423],[108.8474,14.4244],[108.8453,14.4257],[108.8453,14.4271],[108.8441,14.4289],[108.8426,14.4303],[108.8424,14.4315],[108.8419,14.4321],[108.8424,14.4328],[108.8438,14.4327],[108.8444,14.4337],[108.8459,14.4348],[108.8451,14.4366],[108.8454,14.4376],[108.8456,14.4406],[108.844,14.4426],[108.843,14.445],[108.8437,14.4466],[108.8429,14.4482],[108.8423,14.4486],[108.8416,14.4507],[108.843,14.453],[108.8423,14.4545],[108.8423,14.4557],[108.8415,14.4561],[108.8402,14.4578],[108.8399,14.4591],[108.8407,14.4607],[108.84,14.4615],[108.8397,14.4627],[108.8404,14.4637],[108.8403,14.4644],[108.8396,14.4659],[108.8389,14.466],[108.8387,14.4675],[108.836,14.4691],[108.8356,14.4702],[108.8361,14.4716],[108.8361,14.4733],[108.8331,14.4755],[108.8325,14.4766],[108.8309,14.481],[108.8307,14.4845],[108.8279,14.4898],[108.8279,14.4917],[108.8272,14.492]]]},"properties":{"code":"21715","name":"Ân Tường","nameEn":"An Tuong","fullName":"Xã Ân Tường","fullNameEn":"An Tuong Commune","codeName":"an_tuong","postalCode":"55622","postalCodePrefix":"","gisServerId":"diaphanhanhchinhcapxa_2025.2983","areaKm2":227.45},"id":"21715"},
{"type":"Feature","geometry":{"type":"Polygon","coordinates":[[[108.7862,14.346],[108.7887,14.3458],[108.7896,14.3462],[108.792,14.3444],[108.7928,14.3445],[108.7938,14.3396],[108.7951,14.3376],[108.7954,14.3361],[108.795,14.3341],[108.7967,14.3309],[108.7978,14.3299],[108.8005,14.329],[108.8019,14.3273],[108.8026,14.3251],[108.8048,14.3245],[108.8053,14.3237],[108.8053,14.3189],[108.8047,14.3168],[108.8024,14.2949],[108.8051,14.2907],[108.8065,14.287],[108.8081,14.2854],[108.808,14.2845],[108.8067,14.2825],[108.8066,14.2808],[108.806,14.2805],[108.8054,14.2789],[108.8057,14.2772],[108.805,14.2759],[108.8068,14.2719],[108.8058,14.2694],[108.8063,14.2655],[108.8076,14.2651],[108.8077,14.2631],[108.8094,14.2617],[108.8106,14.2601],[108.8106,14.2592],[108.8097,14.2569],[108.8106,14.2541],[108.8109,14.2486],[108.8117,14.2476],[108.8118,14.2463],[108.8113,14.2458],[108.8103,14.2457],[108.8099,14.245],[108.8107,14.2433],[108.8107,14.2422],[108.8111,14.2413],[108.8132,14.2411],[108.8165,14.2393],[108.818,14.2378],[108.8176,14.2369],[108.8158,14.2359],[108.8159,14.2349],[108.8174,14.2335],[108.8165,14.2321],[108.8153,14.2312],[108.8159,14.2302],[108.8153,14.2288],[108.8147,14.2263],[108.8158,14.2258],[108.8171,14.2241],[108.8179,14.224],[108.8194,14.2228],[108.8207,14.2208],[108.8228,14.2194],[108.8237,14.2178],[108.8261,14.2129],[108.8249,14.2114],[108.8247,14.2082],[108.8253,14.2077],[108.8263,14.205],[108.8286,14.2034],[108.8292,14.2016],[108.8291,14.2005],[108.8251,14.1994],[108.825,14.1989],[108.8255,14.1984],[108.8256,14.1976],[108.8251,14.1953],[108.8236,14.1948],[108.8236,14.1943],[108.8255,14.1918],[108.8277,14.1903],[108.8292,14.1897],[108.8295,14.1885],[108.829,14.1867],[108.8316,14.1849],[108.8332,14.185],[108.8336,14.1826],[108.8358,14.1812],[108.8364,14.1802],[108.838,14.1809],[108.8389,14.1822],[108.8404,14.1828],[108.8407,14.1811],[108.8423,14.1793],[108.8421,14.1786],[108.8406,14.1774],[108.84,14.1757],[108.8406,14.1729],[108.8402,14.1721],[108.8391,14.1717],[108.8399,14.1671],[108.8381,14.1651],[108.8385,14.1637],[108.8383,14.1623],[108.8392,14.1618],[108.8407,14.1601],[108.841,14.1592],[108.8436,14.157],[108.8452,14.1567],[108.8478,14.1544],[108.8497,14.1544],[108.8506,14.1532],[108.8523,14.1529],[108.8531,14.1514],[108.8561,14.15],[108.857,14.1486],[108.8571,14.1459],[108.8583,14.1441],[108.8606,14.143],[108.8616,14.143],[108.8633,14.1453],[108.8655,14.1437],[108.8661,14.1442],[108.8668,14.1441],[108.8682,14.1429],[108.8689,14.1429],[108.873,14.1473],[108.8724,14.1484],[108.8724,14.1495],[108.8732,14.153],[108.873,14.1534],[108.8711,14.1541],[108.872,14.1553],[108.8725,14.1577],[108.8703,14.1591],[108.8703,14.1598],[108.8682,14.1596],[108.8702,14.1619],[108.8711,14.1619],[108.8726,14.1634],[108.8743,14.167],[108.8745,14.166],[108.8777,14.1624],[108.8779,14.1616],[108.8799,14.1605],[108.8807,14.1605],[108.8806,14.1591],[108.8811,14.1583],[108.884,14.1556],[108.8845,14.1556],[108.8845,14.1567],[108.885,14.1575],[108.8845,14.1591],[108.8861,14.1609],[108.8878,14.1615],[108.8882,14.1622],[108.8881,14.1646],[108.8888,14.1656],[108.8887,14.1669],[108.8916,14.1698],[108.8918,14.172],[108.8915,14.1732],[108.8921,14.1754],[108.894,14.1771],[108.8945,14.1797],[108.8953,14.1805],[108.8972,14.1807],[108.8979,14.1818],[108.899,14.1818],[108.9003,14.1888],[108.9,14.1916],[108.9016,14.1926],[108.9038,14.1927],[108.9048,14.1937],[108.9059,14.194],[108.9071,14.1942],[108.9081,14.1935],[108.9096,14.1941],[108.9151,14.1936],[108.9174,14.1943],[108.9188,14.194],[108.9205,14.1955],[108.9226,14.1959],[108.9242,14.1957],[108.9274,14.1941],[108.9278,14.1953],[108.9316,14.1968],[108.9325,14.1978],[108.9342,14.2018],[108.9356,14.2029],[108.9359,14.2046],[108.939,14.2062],[108.9392,14.2071],[108.9385,14.209],[108.9389,14.2104],[108.9399,14.2109],[108.9413,14.2109],[108.9424,14.2117],[108.9442,14.2147],[108.9443,14.2157],[108.945,14.2165],[108.946,14.2194],[108.9482,14.2203],[108.95,14.2221],[108.9476,14.2269],[108.9468,14.2281],[108.9446,14.2297],[108.9437,14.2319],[108.9417,14.232],[108.9407,14.2316],[108.939,14.2319],[108.9384,14.2329],[108.9365,14.2342],[108.9351,14.2394],[108.9336,14.24],[108.9333,14.2429],[108.932,14.2428],[108.9309,14.2439],[108.9301,14.2466],[108.9287,14.2479],[108.9285,14.2513],[108.9267,14.2527],[108.9246,14.2526],[108.9237,14.2535],[108.9186,14.2546],[108.9182,14.2589],[108.9186,14.2606],[108.9169,14.2633],[108.9146,14.266],[108.9144,14.2679],[108.914,14.2688],[108.9114,14.2702],[108.9111,14.2718],[108.9102,14.2727],[108.9097,14.2739],[108.9096,14.276],[108.9085,14.2783],[108.9071,14.2788],[108.9041,14.2763],[108.901,14.2783],[108.9009,14.2791],[108.8994,14.2814],[108.8992,14.2828],[108.9001,14.2834],[108.9007,14.285],[108.9025,14.2877],[108.903,14.2893],[108.9055,14.2918],[108.8998,14.2917],[108.8953,14.2934],[108.8939,14.2934],[108.893,14.2931],[108.8912,14.2934],[108.8907,14.2943],[108.889,14.2953],[108.8875,14.2955],[108.8847,14.2968],[108.8854,14.2972],[108.885,14.2976],[108.8842,14.2976],[108.884,14.2995],[108.8848,14.302],[108.8822,14.3013],[108.8787,14.302],[108.8764,14.3031],[108.873,14.3039],[108.8722,14.306],[108.8694,14.3067],[108.8682,14.3089],[108.8666,14.3091],[108.8646,14.31],[108.8625,14.3097],[108.8603,14.3123],[108.8574,14.3139],[108.8569,14.3146],[108.8538,14.3168],[108.8531,14.3184],[108.8537,14.3192],[108.8542,14.3227],[108.8524,14.3226],[108.8508,14.3239],[108.8503,14.3256],[108.8523,14.3281],[108.8519,14.3298],[108.8526,14.3314],[108.8522,14.333],[108.8545,14.3357],[108.8538,14.3377],[108.8516,14.3404],[108.8496,14.3449],[108.8489,14.3453],[108.8466,14.3451],[108.8454,14.3459],[108.8445,14.3469],[108.8449,14.3483],[108.8444,14.3491],[108.8445,14.3501],[108.8422,14.3513],[108.8417,14.352],[108.8407,14.3518],[108.8377,14.3541],[108.8328,14.353],[108.8316,14.3538],[108.8267,14.3535],[108.8245,14.3517],[108.8227,14.3512],[108.8222,14.3516],[108.8192,14.3498],[108.8178,14.3502],[108.8175,14.3508],[108.8159,14.3502],[108.8139,14.3519],[108.8115,14.3529],[108.8086,14.3527],[108.8076,14.3534],[108.8047,14.3532],[108.8029,14.3518],[108.801,14.3522],[108.7979,14.3522],[108.7962,14.3513],[108.7941,14.3528],[108.7925,14.3524],[108.7921,14.3518],[108.7912,14.3516],[108.7903,14.3499],[108.7884,14.3484],[108.7859,14.3472],[108.7862,14.346]]]},"properties":{"code":"21727","name":"Kim Sơn","nameEn":"Kim Son","fullName":"Xã Kim Sơn","fullNameEn":"Kim Son Commune","codeName":"kim_son","postalCode":"55623","postalCodePrefix":"","gisServerId":"diaphanhanhchinhcapxa_2025.2982","areaKm2":202.7},"id":"21727"},
{"type":"Feature","geometry":{"type":"Polygon","coordinates":[[[109.1316,14.1949],[109.132,14.1955],[109.1317,14.1969],[109.1295,14.1978],[109.1285,14.1989],[109.1247,14.2081],[109.1219,14.2085],[109.1191,14.2098],[109.1184,14.211],[109.1161,14.2125],[109.1145,14.2125],[109.1142,14.2137],[109.113,14.2131],[109.1108,14.213],[109.1106,14.2123],[109.1089,14.2108],[109.1046,14.2097],[109.1036,14.2091],[109.1028,14.21],[109.0984,14.2104],[109.0969,14.2099],[109.0959,14.2087],[109.0939,14.2096],[109.0924,14.2111],[109.0909,14.2115],[109.0901,14.2123],[109.089,14.2125],[109.0887,14.2123],[109.0892,14.2118],[109.0889,14.2111],[109.0885,14.2106],[109.0874,14.2105],[109.0864,14.2081],[109.0859,14.2077],[109.0825,14.2079],[109.081,14.2075],[109.0786,14.2076],[109.0779,14.2069],[109.076,14.2062],[109.0746,14.2065],[109.0713,14.2097],[109.0645,14.2119],[109.0652,14.2139],[109.0635,14.2132],[109.0622,14.2121],[109.0605,14.212],[109.0589,14.2112],[109.057,14.2111],[109.0557,14.2094],[109.0559,14.2093],[109.0559,14.2081],[109.0564,14.2067],[109.0564,14.2046],[109.0561,14.2043],[109.0556,14.2044],[109.0548,14.2029],[109.0538,14.2025],[109.0534,14.2005],[109.0528,14.2001],[109.0524,14.1976],[109.052,14.197],[109.0529,14.1957],[109.0517,14.1945],[109.0522,14.1943],[109.0521,14.1932],[109.0516,14.192],[109.0512,14.1918],[109.0501,14.1921],[109.0487,14.1916],[109.0485,14.1912],[109.0473,14.1924],[109.0453,14.1922],[109.0452,14.1926],[109.0447,14.192],[109.0431,14.1929],[109.0421,14.1928],[109.0415,14.1919],[109.0401,14.1917],[109.0393,14.1586],[109.0392,14.1529],[109.0459,14.1522],[109.0459,14.1532],[109.0466,14.1535],[109.0469,14.1532],[109.0474,14.1553],[109.0494,14.1554],[109.0505,14.1547],[109.0523,14.1543],[109.0537,14.1525],[109.0536,14.1504],[109.055,14.1496],[109.055,14.1488],[109.0554,14.1486],[109.0549,14.1483],[109.0552,14.1477],[109.0538,14.1483],[109.0526,14.1469],[109.0529,14.1464],[109.0545,14.1457],[109.0585,14.1425],[109.0598,14.1448],[109.0608,14.1436],[109.0652,14.1419],[109.0712,14.1373],[109.0708,14.1405],[109.0719,14.1438],[109.0719,14.1465],[109.0732,14.1486],[109.0737,14.1534],[109.0752,14.1554],[109.075,14.1568],[109.0757,14.1584],[109.0782,14.1621],[109.0791,14.1624],[109.0814,14.1619],[109.0818,14.163],[109.0848,14.1664],[109.087,14.165],[109.0856,14.1628],[109.0858,14.1617],[109.0864,14.1611],[109.0876,14.161],[109.088,14.1599],[109.0885,14.1596],[109.0886,14.1585],[109.0901,14.1574],[109.0901,14.1549],[109.0921,14.1545],[109.0931,14.1533],[109.0943,14.1535],[109.0945,14.1527],[109.0957,14.1519],[109.097,14.1523],[109.0974,14.1515],[109.0989,14.1521],[109.1015,14.1541],[109.1027,14.152],[109.1041,14.1522],[109.1051,14.151],[109.1059,14.1511],[109.1063,14.1504],[109.1086,14.1497],[109.1096,14.1479],[109.1099,14.149],[109.1096,14.1502],[109.1103,14.1512],[109.1102,14.1518],[109.1089,14.1534],[109.1077,14.154],[109.1078,14.1552],[109.1073,14.1557],[109.1119,14.1584],[109.1127,14.1615],[109.114,14.163],[109.1142,14.1644],[109.1153,14.1643],[109.1148,14.1663],[109.1149,14.1686],[109.1156,14.1688],[109.1159,14.1685],[109.1176,14.1687],[109.1177,14.1681],[109.1169,14.1674],[109.1165,14.1663],[109.1167,14.166],[109.1174,14.166],[109.1172,14.1656],[109.1177,14.1656],[109.1179,14.1651],[109.1184,14.1679],[109.1195,14.1676],[109.1202,14.1667],[109.1224,14.166],[109.1228,14.1671],[109.1232,14.1671],[109.1227,14.1678],[109.1235,14.1706],[109.1233,14.1732],[109.1227,14.1745],[109.1228,14.1775],[109.1245,14.181],[109.1253,14.1816],[109.1243,14.1838],[109.1245,14.1884],[109.1251,14.1891],[109.1252,14.1901],[109.126,14.1907],[109.1262,14.1914],[109.1279,14.1923],[109.1285,14.1936],[109.1303,14.1947],[109.1316,14.1949]]]},"properties":{"code":"21730","name":"Phù Mỹ","nameEn":"Phu My","fullName":"Xã Phù Mỹ","fullNameEn":"Phu My Commune","codeName":"phu_my","postalCode":"55356","postalCodePrefix":"","gisServerId":"diaphanhanhchinhcapxa_2025.3006","areaKm2":54.47},"id":"21730"},
{"type":"Feature","geometry":{"type":"Polygon","coordinates":[[[109.1142,14.2137],[109.1158,14.2157],[109.1148,14.2174],[109.116,14.2206],[109.1151,14.2252],[109.1153,14.2271],[109.1175,14.2301],[109.1189,14.2348],[109.1186,14.2373],[109.1179,14.2381],[109.1197,14.2405],[109.1221,14.2464],[109.1224,14.2467],[109.1274,14.2463],[109.1305,14.2443],[109.1344,14.2452],[109.1346,14.2464],[109.1362,14.249],[109.1377,14.2502],[109.1385,14.2515],[109.1394,14.2517],[109.1397,14.2527],[109.1404,14.2528],[109.1411,14.2544],[109.1421,14.2549],[109.1422,14.2587],[109.1419,14.26],[109.14,14.2612],[109.1411,14.2629],[109.1403,14.2642],[109.1407,14.2663],[109.1403,14.2726],[109.1416,14.2741],[109.1405,14.2774],[109.1387,14.2795],[109.1397,14.2801],[109.1389,14.2806],[109.1379,14.2826],[109.1377,14.2839],[109.1366,14.2846],[109.1366,14.2858],[109.1333,14.2876],[109.1337,14.2884],[109.1333,14.2886],[109.1333,14.291],[109.1148,14.3169],[109.1012,14.3167],[109.0986,14.3161],[109.0979,14.3167],[109.0964,14.3167],[109.0962,14.316],[109.0948,14.3161],[109.0943,14.3158],[109.094,14.3166],[109.0922,14.3163],[109.0915,14.3166],[109.0876,14.3161],[109.0872,14.3156],[109.0865,14.3156],[109.0863,14.3142],[109.0858,14.3143],[109.0852,14.3138],[109.0846,14.3143],[109.0835,14.3143],[109.0836,14.3134],[109.0845,14.3124],[109.0846,14.3118],[109.0838,14.3108],[109.0843,14.3101],[109.0834,14.3092],[109.0822,14.3088],[109.0822,14.3075],[109.0815,14.3069],[109.0792,14.3064],[109.0764,14.3049],[109.077,14.3021],[109.0787,14.3007],[109.0781,14.3002],[109.0781,14.2995],[109.0774,14.2994],[109.0755,14.2971],[109.0752,14.2961],[109.0758,14.295],[109.0752,14.2943],[109.0758,14.2934],[109.0758,14.2923],[109.0763,14.292],[109.0749,14.2912],[109.0751,14.2907],[109.0747,14.2902],[109.0741,14.2903],[109.0745,14.289],[109.0741,14.288],[109.0745,14.2873],[109.0742,14.2859],[109.0726,14.2852],[109.0724,14.2846],[109.0715,14.2844],[109.0715,14.2839],[109.0706,14.2834],[109.0709,14.2827],[109.0696,14.281],[109.0698,14.2793],[109.0702,14.2789],[109.0692,14.278],[109.069,14.2772],[109.0683,14.2769],[109.0677,14.2772],[109.0665,14.2765],[109.0669,14.2757],[109.0663,14.2743],[109.0653,14.2734],[109.0649,14.2733],[109.0647,14.2737],[109.0636,14.2728],[109.0623,14.2725],[109.062,14.2723],[109.0623,14.2718],[109.0612,14.271],[109.0607,14.2697],[109.0596,14.2693],[109.059,14.2685],[109.0578,14.2685],[109.0558,14.267],[109.0551,14.2673],[109.0525,14.2669],[109.0503,14.2655],[109.0476,14.2657],[109.046,14.2639],[109.0474,14.2619],[109.0464,14.2606],[109.0474,14.259],[109.0478,14.2561],[109.0492,14.2539],[109.052,14.2548],[109.0533,14.2545],[109.055,14.2553],[109.0581,14.2551],[109.0591,14.2555],[109.0595,14.2552],[109.061,14.256],[109.0646,14.2551],[109.0659,14.2544],[109.0677,14.2529],[109.0683,14.2507],[109.0706,14.2493],[109.0709,14.2481],[109.0726,14.2472],[109.0738,14.2434],[109.0753,14.2428],[109.0766,14.2413],[109.0771,14.2383],[109.0763,14.2372],[109.0798,14.2371],[109.0818,14.2361],[109.0826,14.2345],[109.0828,14.2331],[109.0848,14.2306],[109.0858,14.2301],[109.0882,14.2301],[109.0882,14.2286],[109.0891,14.2277],[109.0894,14.2262],[109.0929,14.2236],[109.0938,14.2223],[109.0972,14.2219],[109.0978,14.2213],[109.0984,14.2215],[109.1032,14.2195],[109.1055,14.2197],[109.1071,14.2195],[109.1074,14.2188],[109.1081,14.2188],[109.1142,14.2137]]]},"properties":{"code":"21733","name":"Bình Dương","nameEn":"Binh Duong","fullName":"Xã Bình Dương","fullNameEn":"Binh Duong Commune","codeName":"binh_duong","postalCode":"55372","postalCodePrefix":"","gisServerId":"diaphanhanhchinhcapxa_2025.2985","areaKm2":65.81},"id":"21733"},
{"type":"Feature","geometry":{"type":"MultiPolygon","coordinates":[[[[109.1874,14.3615],[109.1878,14.362],[109.1875,14.3628],[109.1862,14.3632],[109.1864,14.3622],[109.1874,14.3615]]],[[[109.127,14.3953],[109.1271,14.3946],[109.1265,14.3938],[109.1201,14.3916],[109.118,14.3895],[109.1166,14.3899],[109.1124,14.389],[109.1094,14.3893],[109.1087,14.3911],[109.1073,14.3923],[109.1067,14.3934],[109.1038,14.3954],[109.1034,14.3969],[109.0996,14.3978],[109.099,14.3986],[109.0977,14.398],[109.096,14.3985],[109.0954,14.3999],[109.0952,14.402],[109.0939,14.4033],[109.0926,14.4071],[109.092,14.4071],[109.0891,14.4047],[109.0873,14.4004],[109.0836,14.3981],[109.0848,14.3944],[109.086,14.3931],[109.0863,14.3887],[109.0859,14.3875],[109.0862,14.3857],[109.0849,14.385],[109.0847,14.3844],[109.084,14.384],[109.0828,14.3822],[109.0811,14.3817],[109.0805,14.381],[109.0782,14.38],[109.0766,14.3801],[109.0755,14.3788],[109.0755,14.3779],[109.0776,14.3747],[109.0779,14.3733],[109.076,14.3715],[109.0728,14.3701],[109.0698,14.3675],[109.067,14.3666],[109.0651,14.3644],[109.0604,14.3617],[109.0584,14.3611],[109.0558,14.3616],[109.0537,14.3629],[109.0533,14.3634],[109.0496,14.3651],[109.0468,14.3652],[109.0465,14.3642],[109.0441,14.3612],[109.044,14.359],[109.0428,14.3577],[109.0383,14.3586],[109.0359,14.3586],[109.0332,14.3568],[109.0301,14.3577],[109.0285,14.3568],[109.0278,14.3559],[109.0266,14.3558],[109.0275,14.355],[109.0278,14.3541],[109.027,14.3523],[109.0271,14.3492],[109.0291,14.3451],[109.0303,14.3445],[109.0311,14.3433],[109.0323,14.3426],[109.0297,14.3386],[109.0294,14.337],[109.0312,14.3328],[109.0275,14.3312],[109.0263,14.3313],[109.0231,14.3291],[109.0207,14.3284],[109.0193,14.3262],[109.0177,14.325],[109.0165,14.3226],[109.0143,14.321],[109.0146,14.3191],[109.0161,14.3166],[109.0158,14.3158],[109.0168,14.3131],[109.0181,14.3113],[109.0172,14.3038],[109.0191,14.3017],[109.0183,14.2999],[109.0187,14.2984],[109.0185,14.2961],[109.0152,14.2911],[109.0161,14.2873],[109.0155,14.2844],[109.0157,14.2828],[109.0187,14.2821],[109.0217,14.279],[109.0221,14.2762],[109.0241,14.2743],[109.0242,14.2734],[109.0252,14.2725],[109.0264,14.2705],[109.0264,14.2693],[109.0268,14.2684],[109.0289,14.2671],[109.0295,14.2677],[109.0308,14.268],[109.0315,14.269],[109.0334,14.269],[109.0348,14.2678],[109.0352,14.2669],[109.0374,14.2674],[109.0388,14.2669],[109.0399,14.2649],[109.0416,14.265],[109.0449,14.2637],[109.046,14.2639],[109.0476,14.2657],[109.0503,14.2655],[109.0525,14.2669],[109.0551,14.2673],[109.0558,14.267],[109.0578,14.2685],[109.059,14.2685],[109.0596,14.2693],[109.0607,14.2697],[109.0612,14.271],[109.0623,14.2718],[109.062,14.2723],[109.0623,14.2725],[109.0636,14.2728],[109.0647,14.2737],[109.0649,14.2733],[109.0653,14.2734],[109.0663,14.2743],[109.0669,14.2757],[109.0665,14.2765],[109.0677,14.2772],[109.0683,14.2769],[109.069,14.2772],[109.0692,14.278],[109.0702,14.2789],[109.0698,14.2793],[109.0696,14.281],[109.0709,14.2827],[109.0706,14.2834],[109.0715,14.2839],[109.0715,14.2844],[109.0724,14.2846],[109.0726,14.2852],[109.0742,14.2859],[109.0745,14.2873],[109.0741,14.288],[109.0745,14.289],[109.0741,14.2903],[109.0747,14.2902],[109.0751,14.2907],[109.0749,14.2912],[109.0763,14.292],[109.0758,14.2923],[109.0758,14.2934],[109.0752,14.2943],[109.0758,14.295],[109.0752,14.2961],[109.0755,14.2971],[109.0774,14.2994],[109.0781,14.2995],[109.0781,14.3002],[109.0787,14.3007],[109.077,14.3021],[109.0764,14.3049],[109.0792,14.3064],[109.0815,14.3069],[109.0822,14.3075],[109.0822,14.3088],[109.0834,14.3092],[109.0843,14.3101],[109.0838,14.3108],[109.0846,14.3118],[109.0845,14.3124],[109.0836,14.3134],[109.0835,14.3143],[109.0846,14.3143],[109.0852,14.3138],[109.0858,14.3143],[109.0863,14.3142],[109.0865,14.3156],[109.0872,14.3156],[109.0876,14.3161],[109.0915,14.3166],[109.0922,14.3163],[109.094,14.3166],[109.0943,14.3158],[109.0948,14.3161],[109.0962,14.316],[109.0964,14.3167],[109.0979,14.3167],[109.0986,14.3161],[109.1012,14.3167],[109.1148,14.3169],[109.1057,14.3305],[109.1097,14.3321],[109.1137,14.3348],[109.1191,14.3372],[109.1201,14.3381],[109.1194,14.3402],[109.1162,14.3429],[109.1157,14.3445],[109.1163,14.3457],[109.1179,14.3469],[109.1191,14.3488],[109.1206,14.35],[109.1337,14.3513],[109.1241,14.3695],[109.1222,14.3744],[109.122,14.3762],[109.1209,14.3794],[109.1208,14.3801],[109.1212,14.3803],[109.1215,14.3816],[109.1232,14.3828],[109.1237,14.3847],[109.1243,14.385],[109.1242,14.3855],[109.1236,14.3855],[109.1234,14.3862],[109.1231,14.3862],[109.1232,14.3868],[109.1227,14.3872],[109.123,14.3889],[109.1243,14.3901],[109.1257,14.3902],[109.1262,14.3913],[109.126,14.3919],[109.1275,14.3936],[109.1276,14.3947],[109.127,14.3953]]]]},"properties":{"code":"21739","name":"Phù Mỹ Bắc","nameEn":"Phu My Bac","fullName":"Xã Phù Mỹ Bắc","fullNameEn":"Phu My Bac Commune","codeName":"phu_my_bac","postalCode":"55377","postalCodePrefix":"","gisServerId":"diaphanhanhchinhcapxa_2025.2986","areaKm2":100.98},"id":"21739"},
{"type":"Feature","geometry":{"type":"MultiPolygon","coordinates":[[[[109.2009,14.2334],[109.1997,14.2333],[109.1994,14.2327],[109.201,14.2315],[109.2021,14.2322],[109.2009,14.2334]]],[[[109.2107,14.2454],[109.2108,14.2458],[109.21,14.2467],[109.2094,14.2472],[109.2091,14.2471],[109.2091,14.2463],[109.2101,14.2454],[109.2107,14.2454]]],[[[109.2103,14.2519],[109.21,14.2527],[109.2094,14.2529],[109.2087,14.2516],[109.2075,14.2514],[109.2075,14.2503],[109.208,14.2501],[109.2099,14.2504],[109.2103,14.2519]]],[[[109.2161,14.2818],[109.216,14.283],[109.2153,14.2832],[109.2151,14.2829],[109.2154,14.282],[109.2161,14.2818]]],[[[109.182,14.211],[109.1815,14.2136],[109.1814,14.2195],[109.182,14.2235],[109.1839,14.2272],[109.1855,14.2287],[109.1869,14.2295],[109.1897,14.2297],[109.1902,14.2296],[109.1911,14.2278],[109.1923,14.2271],[109.1935,14.2271],[109.1938,14.2268],[109.1946,14.2282],[109.1974,14.2313],[109.1981,14.2325],[109.1979,14.2338],[109.1982,14.2343],[109.1978,14.2345],[109.198,14.2356],[109.1969,14.2371],[109.1954,14.2419],[109.1945,14.2438],[109.195,14.245],[109.1942,14.2466],[109.1949,14.2467],[109.1944,14.2479],[109.1946,14.2484],[109.1918,14.2516],[109.1891,14.2531],[109.1801,14.2678],[109.1786,14.2724],[109.1786,14.2751],[109.1793,14.2769],[109.1805,14.2781],[109.1819,14.2788],[109.182,14.2785],[109.1846,14.2786],[109.186,14.2818],[109.1851,14.2824],[109.1835,14.2815],[109.1828,14.2818],[109.1729,14.294],[109.1528,14.3218],[109.1394,14.3417],[109.1337,14.3513],[109.1206,14.35],[109.1191,14.3488],[109.1179,14.3469],[109.1163,14.3457],[109.1157,14.3445],[109.1162,14.3429],[109.1194,14.3402],[109.1201,14.3381],[109.1191,14.3372],[109.1137,14.3348],[109.1097,14.3321],[109.1057,14.3305],[109.1148,14.3169],[109.1333,14.291],[109.1333,14.2886],[109.1337,14.2884],[109.1333,14.2876],[109.1366,14.2858],[109.1366,14.2846],[109.1377,14.2839],[109.1379,14.2826],[109.1389,14.2806],[109.1397,14.2801],[109.1387,14.2795],[109.1405,14.2774],[109.1416,14.2741],[109.1403,14.2726],[109.1407,14.2663],[109.1403,14.2642],[109.1411,14.2629],[109.14,14.2612],[109.1419,14.26],[109.1422,14.2587],[109.1421,14.2549],[109.1411,14.2544],[109.1404,14.2528],[109.1397,14.2527],[109.1394,14.2517],[109.1385,14.2515],[109.1377,14.2502],[109.1362,14.249],[109.1346,14.2464],[109.1344,14.2452],[109.1305,14.2443],[109.1274,14.2463],[109.1224,14.2467],[109.1221,14.2464],[109.1197,14.2405],[109.1179,14.2381],[109.1186,14.2373],[109.1189,14.2348],[109.1175,14.2301],[109.1153,14.2271],[109.1151,14.2252],[109.116,14.2206],[109.1148,14.2174],[109.1158,14.2157],[109.1142,14.2137],[109.1145,14.2125],[109.1161,14.2125],[109.1184,14.211],[109.1191,14.2098],[109.1219,14.2085],[109.1247,14.2081],[109.1285,14.1989],[109.1295,14.1978],[109.1317,14.1969],[109.132,14.1955],[109.1316,14.1949],[109.1346,14.193],[109.1395,14.193],[109.1422,14.1925],[109.1446,14.1911],[109.1488,14.1953],[109.1526,14.1957],[109.1534,14.1979],[109.1543,14.1983],[109.1551,14.1994],[109.1563,14.2031],[109.1578,14.2034],[109.1605,14.2033],[109.1611,14.2042],[109.1621,14.2039],[109.1628,14.2049],[109.1651,14.2034],[109.1666,14.203],[109.1675,14.2053],[109.1677,14.2077],[109.1675,14.2096],[109.1666,14.2097],[109.1667,14.2103],[109.1661,14.2104],[109.1666,14.2127],[109.1672,14.2125],[109.1674,14.2128],[109.1693,14.2129],[109.1696,14.2133],[109.1685,14.2136],[109.1686,14.2139],[109.1704,14.2141],[109.1723,14.2163],[109.1758,14.2154],[109.1755,14.2144],[109.1766,14.2138],[109.1769,14.2124],[109.182,14.211]]]]},"properties":{"code":"21751","name":"Phù Mỹ Đông","nameEn":"Phu My Dong","fullName":"Xã Phù Mỹ Đông","fullNameEn":"Phu My Dong Commune","codeName":"phu_my_dong","postalCode":"55376","postalCodePrefix":"","gisServerId":"diaphanhanhchinhcapxa_2025.2988","areaKm2":85.62},"id":"21751"},
{"type":"Feature","geometry":{"type":"Polygon","coordinates":[[[109.046,14.2639],[109.0449,14.2637],[109.0416,14.265],[109.0399,14.2649],[109.0388,14.2669],[109.0374,14.2674],[109.0352,14.2669],[109.0348,14.2678],[109.0334,14.269],[109.0315,14.269],[109.0308,14.268],[109.0295,14.2677],[109.0289,14.2671],[109.0268,14.2684],[109.0264,14.2693],[109.0248,14.2688],[109.0238,14.2665],[109.0235,14.263],[109.0218,14.2604],[109.0207,14.2596],[109.0191,14.2599],[109.0181,14.2597],[109.0164,14.2602],[109.0153,14.2589],[109.0141,14.2585],[109.0152,14.2562],[109.014,14.2546],[109.0133,14.2523],[109.013,14.2511],[109.0133,14.2506],[109.0107,14.2463],[109.0092,14.2446],[109.0088,14.2434],[109.0067,14.2431],[109.0052,14.2435],[109.0033,14.2432],[109.0013,14.2409],[108.9995,14.2401],[108.9989,14.2392],[108.9963,14.2382],[108.9942,14.2381],[108.9921,14.2386],[108.9895,14.2384],[108.9879,14.2378],[108.9864,14.2383],[108.9829,14.2376],[108.9815,14.2379],[108.9808,14.2376],[108.98,14.2356],[108.9783,14.2344],[108.9781,14.2325],[108.977,14.2316],[108.9765,14.2302],[108.978,14.2262],[108.9764,14.2252],[108.9748,14.2247],[108.9736,14.2235],[108.9712,14.2219],[108.9712,14.2197],[108.9703,14.2166],[108.9718,14.2145],[108.9705,14.209],[108.9672,14.2006],[108.9644,14.1979],[108.9661,14.1954],[108.9661,14.1941],[108.9644,14.1913],[108.9644,14.1899],[108.9654,14.1861],[108.9679,14.1837],[108.9688,14.1818],[108.9705,14.1798],[108.972,14.1795],[108.9741,14.1784],[108.9777,14.1758],[108.9794,14.1754],[108.981,14.1755],[108.9823,14.1725],[108.9841,14.17],[108.9856,14.1689],[108.9859,14.1675],[108.988,14.1649],[108.9884,14.164],[108.9939,14.1676],[108.9965,14.1663],[108.9987,14.1662],[108.9999,14.167],[109.0038,14.166],[109.0079,14.1659],[109.0089,14.1669],[109.0117,14.1681],[109.0132,14.1697],[109.0207,14.1692],[109.0221,14.1692],[109.0221,14.17],[109.023,14.1699],[109.0232,14.1694],[109.0249,14.17],[109.0259,14.1687],[109.0263,14.1658],[109.0269,14.1654],[109.0269,14.163],[109.0273,14.1615],[109.0253,14.1611],[109.0251,14.1607],[109.0265,14.1604],[109.0268,14.1598],[109.0279,14.1607],[109.0287,14.16],[109.0327,14.1603],[109.0332,14.1602],[109.0334,14.1594],[109.0352,14.159],[109.0357,14.1584],[109.0373,14.1577],[109.0386,14.1587],[109.0393,14.1586],[109.0401,14.1917],[109.0415,14.1919],[109.0421,14.1928],[109.0431,14.1929],[109.0447,14.192],[109.0452,14.1926],[109.0453,14.1922],[109.0473,14.1924],[109.0485,14.1912],[109.0487,14.1916],[109.0501,14.1921],[109.0512,14.1918],[109.0516,14.192],[109.0521,14.1932],[109.0522,14.1943],[109.0517,14.1945],[109.0529,14.1957],[109.052,14.197],[109.0524,14.1976],[109.0528,14.2001],[109.0534,14.2005],[109.0538,14.2025],[109.0548,14.2029],[109.0556,14.2044],[109.0561,14.2043],[109.0564,14.2046],[109.0564,14.2067],[109.0559,14.2081],[109.0559,14.2093],[109.0557,14.2094],[109.057,14.2111],[109.0589,14.2112],[109.0605,14.212],[109.0622,14.2121],[109.0635,14.2132],[109.0652,14.2139],[109.0645,14.2119],[109.0713,14.2097],[109.0746,14.2065],[109.076,14.2062],[109.0779,14.2069],[109.0786,14.2076],[109.081,14.2075],[109.0825,14.2079],[109.0859,14.2077],[109.0864,14.2081],[109.0874,14.2105],[109.0885,14.2106],[109.0889,14.2111],[109.0892,14.2118],[109.0887,14.2123],[109.089,14.2125],[109.0901,14.2123],[109.0909,14.2115],[109.0924,14.2111],[109.0939,14.2096],[109.0959,14.2087],[109.0969,14.2099],[109.0984,14.2104],[109.1028,14.21],[109.1036,14.2091],[109.1046,14.2097],[109.1089,14.2108],[109.1106,14.2123],[109.1108,14.213],[109.113,14.2131],[109.1142,14.2137],[109.1081,14.2188],[109.1074,14.2188],[109.1071,14.2195],[109.1055,14.2197],[109.1032,14.2195],[109.0984,14.2215],[109.0978,14.2213],[109.0972,14.2219],[109.0938,14.2223],[109.0929,14.2236],[109.0894,14.2262],[109.0891,14.2277],[109.0882,14.2286],[109.0882,14.2301],[109.0858,14.2301],[109.0848,14.2306],[109.0828,14.2331],[109.0826,14.2345],[109.0818,14.2361],[109.0798,14.2371],[109.0763,14.2372],[109.0771,14.2383],[109.0766,14.2413],[109.0753,14.2428],[109.0738,14.2434],[109.0726,14.2472],[109.0709,14.2481],[109.0706,14.2493],[109.0683,14.2507],[109.0677,14.2529],[109.0659,14.2544],[109.0646,14.2551],[109.061,14.256],[109.0595,14.2552],[109.0591,14.2555],[109.0581,14.2551],[109.055,14.2553],[109.0533,14.2545],[109.052,14.2548],[109.0492,14.2539],[109.0478,14.2561],[109.0474,14.259],[109.0464,14.2606],[109.0474,14.2619],[109.046,14.2639]]]},"properties":{"code":"21757","name":"Phù Mỹ Tây","nameEn":"Phu My Tay","fullName":"Xã Phù Mỹ Tây","fullNameEn":"Phu My Tay Commune","codeName":"phu_my_tay","postalCode":"55378","postalCodePrefix":"","gisServerId":"diaphanhanhchinhcapxa_2025.2987","areaKm2":97.53},"id":"21757"},
{"type":"Feature","geometry":{"type":"MultiPolygon","coordinates":[[[[109.2936,14.1364],[109.295,14.1372],[109.2945,14.1379],[109.2934,14.1382],[109.2922,14.1365],[109.2936,14.1364]]],[[[109.182,14.211],[109.1769,14.2124],[109.1766,14.2138],[109.1755,14.2144],[109.1758,14.2154],[109.1723,14.2163],[109.1704,14.2141],[109.1686,14.2139],[109.1685,14.2136],[109.1696,14.2133],[109.1693,14.2129],[109.1674,14.2128],[109.1672,14.2125],[109.1666,14.2127],[109.1661,14.2104],[109.1667,14.2103],[109.1666,14.2097],[109.1675,14.2096],[109.1677,14.2077],[109.1675,14.2053],[109.1666,14.203],[109.1651,14.2034],[109.1628,14.2049],[109.1621,14.2039],[109.1611,14.2042],[109.1605,14.2033],[109.1578,14.2034],[109.1563,14.2031],[109.1551,14.1994],[109.1543,14.1983],[109.1534,14.1979],[109.1526,14.1957],[109.1488,14.1953],[109.1446,14.1911],[109.1422,14.1925],[109.1395,14.193],[109.1346,14.193],[109.1316,14.1949],[109.1303,14.1947],[109.1285,14.1936],[109.1279,14.1923],[109.1262,14.1914],[109.126,14.1907],[109.1252,14.1901],[109.1251,14.1891],[109.1245,14.1884],[109.1243,14.1838],[109.1253,14.1816],[109.1245,14.181],[109.1228,14.1775],[109.1227,14.1745],[109.1233,14.1732],[109.1235,14.1706],[109.1227,14.1678],[109.1232,14.1671],[109.1228,14.1671],[109.1224,14.166],[109.1202,14.1667],[109.1195,14.1676],[109.1184,14.1679],[109.1179,14.1651],[109.1177,14.1656],[109.1172,14.1656],[109.1174,14.166],[109.1167,14.166],[109.1165,14.1663],[109.1169,14.1674],[109.1177,14.1681],[109.1176,14.1687],[109.1159,14.1685],[109.1156,14.1688],[109.1149,14.1686],[109.1148,14.1663],[109.1153,14.1643],[109.1142,14.1644],[109.114,14.163],[109.1127,14.1615],[109.1119,14.1584],[109.1073,14.1557],[109.1078,14.1552],[109.1077,14.154],[109.1089,14.1534],[109.1102,14.1518],[109.1103,14.1512],[109.1096,14.1502],[109.1099,14.149],[109.1096,14.1479],[109.1114,14.1465],[109.1125,14.1429],[109.1117,14.1388],[109.1112,14.1384],[109.1099,14.1387],[109.1092,14.1379],[109.1094,14.1365],[109.11,14.1359],[109.1105,14.1337],[109.1111,14.1328],[109.113,14.1319],[109.1132,14.1304],[109.1144,14.1301],[109.1156,14.1275],[109.1184,14.1277],[109.1191,14.127],[109.1209,14.1274],[109.1226,14.127],[109.1248,14.1273],[109.1247,14.1257],[109.1274,14.1255],[109.1329,14.127],[109.1322,14.1283],[109.1333,14.1293],[109.1338,14.1286],[109.1349,14.1282],[109.1358,14.1286],[109.1364,14.1294],[109.1374,14.1284],[109.1421,14.13],[109.1445,14.1298],[109.1447,14.1303],[109.1441,14.1313],[109.1445,14.1326],[109.1457,14.1326],[109.1484,14.1316],[109.1491,14.1337],[109.1498,14.1345],[109.1507,14.135],[109.1529,14.1351],[109.1519,14.1363],[109.1502,14.1373],[109.1488,14.1392],[109.1469,14.1391],[109.1458,14.1396],[109.1455,14.1401],[109.1458,14.1407],[109.1465,14.1411],[109.1487,14.1411],[109.1486,14.143],[109.1509,14.1434],[109.153,14.1452],[109.1536,14.1453],[109.1554,14.1446],[109.1583,14.1457],[109.1603,14.1506],[109.1626,14.1517],[109.1639,14.1535],[109.1664,14.1551],[109.17,14.1567],[109.1732,14.1574],[109.176,14.1575],[109.1848,14.1419],[109.1901,14.1355],[109.1946,14.1321],[109.1997,14.1296],[109.203,14.1275],[109.2053,14.1268],[109.2083,14.1277],[109.2118,14.1252],[109.2204,14.1264],[109.2219,14.1272],[109.2226,14.1286],[109.2251,14.1309],[109.2258,14.1311],[109.2252,14.1337],[109.2258,14.1347],[109.2275,14.1356],[109.2277,14.1376],[109.2273,14.139],[109.2259,14.1391],[109.2238,14.1372],[109.2223,14.1375],[109.2211,14.1384],[109.2184,14.1417],[109.2118,14.1517],[109.2106,14.1529],[109.2042,14.163],[109.1958,14.1774],[109.1882,14.193],[109.1833,14.2052],[109.182,14.211]]]]},"properties":{"code":"21769","name":"An Lương","nameEn":"An Luong","fullName":"Xã An Lương","fullNameEn":"An Luong Commune","codeName":"an_luong","postalCode":"55375","postalCodePrefix":"","gisServerId":"diaphanhanhchinhcapxa_2025.2989","areaKm2":66.57},"id":"21769"},
{"type":"Feature","geometry":{"type":"Polygon","coordinates":[[[109.0629,14.088],[109.0665,14.0885],[109.0699,14.091],[109.0723,14.0919],[109.0739,14.0918],[109.0761,14.0904],[109.0783,14.0921],[109.0819,14.0929],[109.0831,14.0936],[109.0847,14.0958],[109.0861,14.1015],[109.088,14.1052],[109.0912,14.108],[109.095,14.1105],[109.0975,14.1111],[109.1003,14.1112],[109.1015,14.1117],[109.1033,14.1141],[109.1078,14.1161],[109.1084,14.1172],[109.1089,14.1193],[109.1142,14.124],[109.1156,14.1275],[109.1144,14.1301],[109.1132,14.1304],[109.113,14.1319],[109.1111,14.1328],[109.1105,14.1337],[109.11,14.1359],[109.1094,14.1365],[109.1092,14.1379],[109.1099,14.1387],[109.1112,14.1384],[109.1117,14.1388],[109.1125,14.1429],[109.1114,14.1465],[109.1096,14.1479],[109.1086,14.1497],[109.1063,14.1504],[109.1059,14.1511],[109.1051,14.151],[109.1041,14.1522],[109.1027,14.152],[109.1015,14.1541],[109.0989,14.1521],[109.0974,14.1515],[109.097,14.1523],[109.0957,14.1519],[109.0945,14.1527],[109.0943,14.1535],[109.0931,14.1533],[109.0921,14.1545],[109.0901,14.1549],[109.0901,14.1574],[109.0886,14.1585],[109.0885,14.1596],[109.088,14.1599],[109.0876,14.161],[109.0864,14.1611],[109.0858,14.1617],[109.0856,14.1628],[109.087,14.165],[109.0848,14.1664],[109.0818,14.163],[109.0814,14.1619],[109.0791,14.1624],[109.0782,14.1621],[109.0757,14.1584],[109.075,14.1568],[109.0752,14.1554],[109.0737,14.1534],[109.0732,14.1486],[109.0719,14.1465],[109.0719,14.1438],[109.0708,14.1405],[109.0712,14.1373],[109.0652,14.1419],[109.0608,14.1436],[109.0598,14.1448],[109.0585,14.1425],[109.0545,14.1457],[109.0529,14.1464],[109.0526,14.1469],[109.0538,14.1483],[109.0552,14.1477],[109.0549,14.1483],[109.0554,14.1486],[109.055,14.1488],[109.055,14.1496],[109.0536,14.1504],[109.0537,14.1525],[109.0523,14.1543],[109.0505,14.1547],[109.0494,14.1554],[109.0474,14.1553],[109.0469,14.1532],[109.0466,14.1535],[109.0459,14.1532],[109.0459,14.1522],[109.0392,14.1529],[109.0393,14.1586],[109.0386,14.1587],[109.0373,14.1577],[109.0357,14.1584],[109.0352,14.159],[109.0334,14.1594],[109.0332,14.1602],[109.0327,14.1603],[109.0287,14.16],[109.0279,14.1607],[109.0268,14.1598],[109.0265,14.1604],[109.0251,14.1607],[109.0253,14.1611],[109.0273,14.1615],[109.0269,14.163],[109.0269,14.1654],[109.0263,14.1658],[109.0259,14.1687],[109.0249,14.17],[109.0232,14.1694],[109.023,14.1699],[109.0221,14.17],[109.0221,14.1692],[109.0207,14.1692],[109.0132,14.1697],[109.0117,14.1681],[109.0089,14.1669],[109.0079,14.1659],[109.0038,14.166],[108.9999,14.167],[108.9987,14.1662],[108.9965,14.1663],[108.9939,14.1676],[108.9884,14.164],[108.9901,14.16],[108.9906,14.157],[108.9894,14.1552],[108.9872,14.1536],[108.9856,14.1514],[108.987,14.1505],[108.9879,14.1488],[108.9882,14.145],[108.9898,14.1438],[108.9908,14.1418],[108.99,14.1355],[108.9918,14.1328],[108.9938,14.1312],[108.9946,14.1283],[108.9977,14.1241],[108.9978,14.1227],[108.9968,14.121],[108.9964,14.1194],[108.9971,14.1177],[108.9974,14.1156],[109.0003,14.1108],[109.0002,14.1087],[109.0013,14.1066],[109.0012,14.1036],[109.0035,14.1044],[109.0033,14.1037],[109.0037,14.1026],[109.0034,14.1019],[109.0028,14.1019],[109.0019,14.1011],[109.0017,14.0989],[109.0054,14.097],[109.0073,14.0968],[109.0087,14.096],[109.01,14.0957],[109.0104,14.0951],[109.0149,14.0928],[109.0159,14.0895],[109.0114,14.0886],[109.0119,14.0875],[109.0114,14.0863],[109.012,14.0857],[109.0139,14.0855],[109.0151,14.0866],[109.0172,14.0863],[109.0196,14.0854],[109.0207,14.0855],[109.0223,14.0839],[109.0245,14.0828],[109.0257,14.0817],[109.0271,14.0818],[109.0282,14.084],[109.0276,14.0852],[109.0264,14.0859],[109.0259,14.0867],[109.0265,14.0882],[109.0306,14.0891],[109.0358,14.0927],[109.0373,14.0929],[109.0416,14.0919],[109.0422,14.0925],[109.0437,14.0957],[109.0449,14.0963],[109.0456,14.0961],[109.0461,14.0954],[109.0458,14.092],[109.0467,14.0906],[109.0475,14.0906],[109.0481,14.0912],[109.0481,14.0937],[109.049,14.0954],[109.0499,14.096],[109.0509,14.096],[109.0523,14.0956],[109.0554,14.0929],[109.0588,14.0918],[109.0618,14.0884],[109.0629,14.088]]]},"properties":{"code":"21775","name":"Phù Mỹ Nam","nameEn":"Phu My Nam","fullName":"Xã Phù Mỹ Nam","fullNameEn":"Phu My Nam Commune","codeName":"phu_my_nam","postalCode":"55379","postalCodePrefix":"","gisServerId":"diaphanhanhchinhcapxa_2025.2984","areaKm2":85.1},"id":"21775"},
{"type":"Feature","geometry":{"type":"Polygon","coordinates":[[[108.6654,14.2516],[108.6646,14.2461],[108.6648,14.2456],[108.6676,14.244],[108.6679,14.243],[108.6673,14.2389],[108.666,14.2372],[108.6649,14.2341],[108.6681,14.2321],[108.6699,14.2304],[108.6702,14.2251],[108.6718,14.2246],[108.6756,14.2243],[108.6761,14.2238],[108.6765,14.2195],[108.6773,14.2166],[108.6763,14.2147],[108.6763,14.2126],[108.6748,14.2096],[108.6744,14.2075],[108.6747,14.2069],[108.6755,14.207],[108.6758,14.2063],[108.6774,14.2054],[108.678,14.2033],[108.6804,14.2025],[108.6804,14.2009],[108.6798,14.1998],[108.681,14.1979],[108.6803,14.1963],[108.6817,14.1941],[108.6814,14.1916],[108.6806,14.1903],[108.6799,14.1898],[108.6798,14.1889],[108.6788,14.1889],[108.6782,14.1884],[108.6771,14.1884],[108.6768,14.1867],[108.6758,14.1853],[108.676,14.1846],[108.6767,14.1841],[108.6756,14.1833],[108.6742,14.1833],[108.6744,14.181],[108.6767,14.18],[108.6769,14.1775],[108.6752,14.1766],[108.6727,14.1744],[108.6671,14.1665],[108.6651,14.165],[108.6688,14.1609],[108.6697,14.1603],[108.6706,14.1601],[108.6727,14.1608],[108.6781,14.1608],[108.6787,14.1611],[108.6791,14.157],[108.6781,14.1541],[108.6781,14.1519],[108.6767,14.1501],[108.6833,14.141],[108.6847,14.1313],[108.6855,14.1297],[108.6869,14.1286],[108.6934,14.1208],[108.6924,14.1187],[108.6922,14.117],[108.6929,14.1148],[108.695,14.1149],[108.699,14.1138],[108.6992,14.1104],[108.6993,14.1102],[108.7347,14.1173],[108.737,14.1185],[108.7422,14.118],[108.7458,14.1198],[108.7468,14.1184],[108.7468,14.1157],[108.7576,14.1166],[108.7599,14.1091],[108.7596,14.1079],[108.7609,14.1053],[108.7619,14.1045],[108.7623,14.1038],[108.7623,14.0997],[108.7608,14.0986],[108.7594,14.0961],[108.7602,14.0943],[108.76,14.0928],[108.7605,14.0925],[108.7606,14.0919],[108.764,14.091],[108.7673,14.0912],[108.7685,14.0909],[108.7792,14.0844],[108.7833,14.0831],[108.7847,14.0822],[108.786,14.0811],[108.7868,14.0778],[108.7872,14.0776],[108.7878,14.0779],[108.7874,14.0786],[108.7877,14.0822],[108.7873,14.0856],[108.7862,14.0869],[108.7861,14.0882],[108.787,14.0947],[108.788,14.0982],[108.7878,14.1],[108.7886,14.1005],[108.7887,14.1056],[108.7904,14.1108],[108.7874,14.1148],[108.7857,14.1183],[108.7858,14.1228],[108.7852,14.1258],[108.7869,14.1287],[108.7919,14.1351],[108.7927,14.138],[108.7935,14.1443],[108.7924,14.145],[108.7828,14.1476],[108.7748,14.1512],[108.7737,14.1526],[108.7734,14.155],[108.7718,14.1588],[108.7661,14.1635],[108.7635,14.1669],[108.7595,14.177],[108.7586,14.183],[108.759,14.1884],[108.7601,14.1927],[108.7623,14.1992],[108.7649,14.2035],[108.7655,14.2053],[108.7652,14.2069],[108.7631,14.21],[108.7631,14.2116],[108.764,14.2128],[108.7684,14.2145],[108.7699,14.2155],[108.7709,14.2173],[108.7705,14.2209],[108.7688,14.2248],[108.7648,14.2292],[108.7642,14.232],[108.7645,14.235],[108.7655,14.2369],[108.7679,14.2389],[108.769,14.242],[108.7687,14.2443],[108.7667,14.2464],[108.7597,14.2495],[108.7584,14.2512],[108.7577,14.2535],[108.7546,14.2542],[108.7524,14.2555],[108.7518,14.2567],[108.7521,14.2577],[108.7514,14.2589],[108.7458,14.2587],[108.7451,14.2597],[108.7442,14.2629],[108.7427,14.2643],[108.7415,14.2645],[108.7402,14.2625],[108.7389,14.2625],[108.7374,14.2615],[108.7345,14.261],[108.7332,14.2592],[108.7287,14.2572],[108.7284,14.2571],[108.7277,14.2564],[108.7271,14.2549],[108.7264,14.2544],[108.725,14.2543],[108.7232,14.2557],[108.7216,14.2555],[108.7212,14.2552],[108.7206,14.2532],[108.719,14.2521],[108.7183,14.2512],[108.7153,14.2499],[108.7082,14.2482],[108.7063,14.2485],[108.7046,14.2497],[108.7031,14.2499],[108.7003,14.2494],[108.692,14.251],[108.6654,14.2516]]]},"properties":{"code":"21786","name":"Vĩnh Thạnh","nameEn":"Vinh Thanh","fullName":"Xã Vĩnh Thạnh","fullNameEn":"Vinh Thanh Commune","codeName":"vinh_thanh","postalCode":"55706","postalCodePrefix":"","gisServerId":"diaphanhanhchinhcapxa_2025.2990","areaKm2":164.76},"id":"21786"},
{"type":"Feature","geometry":{"type":"Polygon","coordinates":[[[108.774,14.3639],[108.7738,14.366],[108.7728,14.3674],[108.7734,14.3704],[108.7731,14.3729],[108.7689,14.3723],[108.7648,14.3711],[108.7648,14.3729],[108.7644,14.374],[108.7607,14.3757],[108.7595,14.3812],[108.7607,14.3862],[108.7599,14.3875],[108.7582,14.3888],[108.757,14.389],[108.756,14.3898],[108.7541,14.3891],[108.7494,14.39],[108.7498,14.391],[108.7479,14.3914],[108.7463,14.3922],[108.7442,14.395],[108.7438,14.3965],[108.7428,14.3979],[108.7391,14.3983],[108.7384,14.3987],[108.738,14.3983],[108.7367,14.3986],[108.7301,14.3975],[108.7254,14.3963],[108.7228,14.3961],[108.7217,14.3956],[108.7217,14.3967],[108.7226,14.398],[108.7224,14.3996],[108.723,14.4016],[108.7222,14.4034],[108.7224,14.4041],[108.7237,14.4048],[108.7239,14.4056],[108.7235,14.4075],[108.722,14.4082],[108.7215,14.409],[108.7212,14.4113],[108.7243,14.4136],[108.7233,14.4161],[108.7249,14.4167],[108.725,14.4194],[108.7227,14.4196],[108.7222,14.4206],[108.7207,14.4219],[108.7202,14.424],[108.7175,14.4256],[108.7147,14.4266],[108.7137,14.4284],[108.7027,14.4265],[108.6992,14.4282],[108.695,14.4314],[108.6941,14.4312],[108.6929,14.4323],[108.6888,14.4328],[108.6883,14.4339],[108.687,14.4343],[108.6867,14.4355],[108.6854,14.4366],[108.6853,14.4383],[108.6843,14.4389],[108.6838,14.4399],[108.6818,14.4412],[108.6808,14.4432],[108.6801,14.4471],[108.6785,14.4506],[108.6775,14.4505],[108.6759,14.4491],[108.6749,14.4453],[108.6735,14.4422],[108.6685,14.4396],[108.6664,14.4422],[108.6653,14.4426],[108.6616,14.442],[108.6607,14.4416],[108.6579,14.4413],[108.6574,14.4406],[108.6562,14.4405],[108.655,14.4398],[108.6526,14.4417],[108.6511,14.4409],[108.6499,14.4397],[108.6469,14.4396],[108.6453,14.4399],[108.6428,14.4442],[108.6418,14.444],[108.6412,14.4444],[108.6407,14.4482],[108.6384,14.4512],[108.6354,14.4494],[108.634,14.4476],[108.6329,14.4477],[108.6321,14.447],[108.6314,14.447],[108.6261,14.4495],[108.6222,14.4494],[108.6201,14.4501],[108.6194,14.4519],[108.6174,14.4539],[108.6174,14.4558],[108.6169,14.4565],[108.6152,14.457],[108.6131,14.4567],[108.6101,14.4547],[108.6093,14.455],[108.6052,14.4584],[108.6011,14.4597],[108.6014,14.459],[108.6033,14.4571],[108.607,14.4491],[108.6106,14.4439],[108.6136,14.4383],[108.6131,14.4372],[108.6092,14.4348],[108.611,14.4317],[108.6113,14.4303],[108.6131,14.4289],[108.6129,14.4278],[108.611,14.4253],[108.6141,14.424],[108.6159,14.4224],[108.6177,14.419],[108.6197,14.4167],[108.6186,14.4151],[108.6135,14.4126],[108.6133,14.4119],[108.6139,14.4112],[108.6164,14.4112],[108.6175,14.4107],[108.6177,14.4102],[108.6174,14.4083],[108.6195,14.4077],[108.6292,14.3886],[108.6254,14.3863],[108.6309,14.3771],[108.6342,14.3725],[108.6333,14.3705],[108.6316,14.3692],[108.6301,14.3652],[108.6287,14.364],[108.6244,14.3574],[108.6261,14.3557],[108.6264,14.3538],[108.6282,14.3519],[108.6319,14.3504],[108.6339,14.3482],[108.6361,14.3398],[108.6369,14.3386],[108.6375,14.3361],[108.6384,14.335],[108.6405,14.331],[108.6407,14.3284],[108.6418,14.3268],[108.645,14.3239],[108.6478,14.3201],[108.6478,14.3181],[108.6457,14.3167],[108.6454,14.3153],[108.6429,14.3123],[108.6437,14.3107],[108.6439,14.3086],[108.6462,14.3063],[108.6463,14.3021],[108.6468,14.3004],[108.6466,14.2974],[108.6489,14.2955],[108.6537,14.2928],[108.6539,14.2913],[108.6553,14.2909],[108.656,14.2901],[108.6563,14.2896],[108.6559,14.2875],[108.6571,14.2859],[108.6572,14.2833],[108.6605,14.2808],[108.6596,14.2789],[108.6599,14.2782],[108.6594,14.2757],[108.659,14.2751],[108.6584,14.2748],[108.6557,14.2754],[108.6546,14.2747],[108.655,14.2718],[108.6537,14.2693],[108.6543,14.2662],[108.6558,14.2653],[108.656,14.2641],[108.6553,14.2598],[108.6568,14.2579],[108.657,14.2567],[108.6596,14.2541],[108.6654,14.2516],[108.692,14.251],[108.7003,14.2494],[108.7031,14.2499],[108.7046,14.2497],[108.7063,14.2485],[108.7082,14.2482],[108.7153,14.2499],[108.7183,14.2512],[108.719,14.2521],[108.7206,14.2532],[108.7212,14.2552],[108.7216,14.2555],[108.7232,14.2557],[108.725,14.2543],[108.7264,14.2544],[108.7271,14.2549],[108.7277,14.2564],[108.7284,14.2571],[108.7287,14.2572],[108.7332,14.2592],[108.7345,14.261],[108.7374,14.2615],[108.7389,14.2625],[108.7402,14.2625],[108.7415,14.2645],[108.7427,14.2643],[108.7442,14.2629],[108.7451,14.2597],[108.7458,14.2587],[108.7514,14.2589],[108.7521,14.2577],[108.7518,14.2567],[108.7524,14.2555],[108.7546,14.2542],[108.7577,14.2535],[108.7584,14.2512],[108.7597,14.2495],[108.7667,14.2464],[108.7687,14.2443],[108.769,14.242],[108.7679,14.2389],[108.7655,14.2369],[108.7645,14.235],[108.7642,14.232],[108.7648,14.2292],[108.7688,14.2248],[108.7705,14.2209],[108.7726,14.2216],[108.7737,14.2216],[108.7751,14.2205],[108.7783,14.2198],[108.7811,14.2211],[108.7847,14.2207],[108.7879,14.2197],[108.79,14.2169],[108.7924,14.2172],[108.7944,14.2186],[108.796,14.2178],[108.7992,14.2174],[108.8053,14.2203],[108.8054,14.2231],[108.8065,14.2234],[108.8073,14.2248],[108.8101,14.2256],[108.8096,14.2286],[108.8153,14.2288],[108.8159,14.2302],[108.8153,14.2312],[108.8165,14.2321],[108.8174,14.2335],[108.8159,14.2349],[108.8158,14.2359],[108.8176,14.2369],[108.818,14.2378],[108.8165,14.2393],[108.8132,14.2411],[108.8111,14.2413],[108.8107,14.2422],[108.8107,14.2433],[108.8099,14.245],[108.8103,14.2457],[108.8113,14.2458],[108.8118,14.2463],[108.8117,14.2476],[108.8109,14.2486],[108.8106,14.2541],[108.8097,14.2569],[108.8106,14.2592],[108.8106,14.2601],[108.8094,14.2617],[108.8077,14.2631],[108.8076,14.2651],[108.8063,14.2655],[108.8058,14.2694],[108.8068,14.2719],[108.805,14.2759],[108.8057,14.2772],[108.8054,14.2789],[108.806,14.2805],[108.8066,14.2808],[108.8067,14.2825],[108.808,14.2845],[108.8081,14.2854],[108.8065,14.287],[108.8051,14.2907],[108.8024,14.2949],[108.8047,14.3168],[108.8053,14.3189],[108.8053,14.3237],[108.8048,14.3245],[108.8026,14.3251],[108.8019,14.3273],[108.8005,14.329],[108.7978,14.3299],[108.7967,14.3309],[108.795,14.3341],[108.7954,14.3361],[108.7951,14.3376],[108.7938,14.3396],[108.7928,14.3445],[108.792,14.3444],[108.7896,14.3462],[108.7887,14.3458],[108.7862,14.346],[108.7841,14.3466],[108.7833,14.3484],[108.7818,14.3475],[108.7792,14.348],[108.7784,14.3508],[108.7785,14.352],[108.7764,14.3549],[108.7755,14.3582],[108.7757,14.36],[108.7752,14.3614],[108.7752,14.3623],[108.774,14.3639]]]},"properties":{"code":"21787","name":"Vĩnh Sơn","nameEn":"Vinh Son","fullName":"Xã Vĩnh Sơn","fullNameEn":"Vinh Son Commune","codeName":"vinh_son","postalCode":"55714","postalCodePrefix":"","gisServerId":"diaphanhanhchinhcapxa_2025.2991","areaKm2":328.89},"id":"21787"},
{"type":"Feature","geometry":{"type":"Polygon","coordinates":[[[108.8689,14.1429],[108.8682,14.1429],[108.8668,14.1441],[108.8661,14.1442],[108.8655,14.1437],[108.8633,14.1453],[108.8616,14.143],[108.8606,14.143],[108.8583,14.1441],[108.8571,14.1459],[108.857,14.1486],[108.8561,14.15],[108.8531,14.1514],[108.8523,14.1529],[108.8506,14.1532],[108.8497,14.1544],[108.8478,14.1544],[108.8452,14.1567],[108.8436,14.157],[108.841,14.1592],[108.8407,14.1601],[108.8392,14.1618],[108.8383,14.1623],[108.8385,14.1637],[108.8381,14.1651],[108.8399,14.1671],[108.8391,14.1717],[108.8402,14.1721],[108.8406,14.1729],[108.84,14.1757],[108.8406,14.1774],[108.8421,14.1786],[108.8423,14.1793],[108.8407,14.1811],[108.8404,14.1828],[108.8389,14.1822],[108.838,14.1809],[108.8364,14.1802],[108.8358,14.1812],[108.8336,14.1826],[108.8332,14.185],[108.8316,14.1849],[108.829,14.1867],[108.8295,14.1885],[108.8292,14.1897],[108.8277,14.1903],[108.8255,14.1918],[108.8236,14.1943],[108.8236,14.1948],[108.8251,14.1953],[108.8256,14.1976],[108.8255,14.1984],[108.825,14.1989],[108.8251,14.1994],[108.8291,14.2005],[108.8292,14.2016],[108.8286,14.2034],[108.8263,14.205],[108.8253,14.2077],[108.8247,14.2082],[108.8249,14.2114],[108.8261,14.2129],[108.8237,14.2178],[108.8228,14.2194],[108.8207,14.2208],[108.8194,14.2228],[108.8179,14.224],[108.8171,14.2241],[108.8158,14.2258],[108.8147,14.2263],[108.8153,14.2288],[108.8096,14.2286],[108.8101,14.2256],[108.8073,14.2248],[108.8065,14.2234],[108.8054,14.2231],[108.8053,14.2203],[108.7992,14.2174],[108.796,14.2178],[108.7944,14.2186],[108.7924,14.2172],[108.79,14.2169],[108.7879,14.2197],[108.7847,14.2207],[108.7811,14.2211],[108.7783,14.2198],[108.7751,14.2205],[108.7737,14.2216],[108.7726,14.2216],[108.7705,14.2209],[108.7709,14.2173],[108.7699,14.2155],[108.7684,14.2145],[108.764,14.2128],[108.7631,14.2116],[108.7631,14.21],[108.7652,14.2069],[108.7655,14.2053],[108.7649,14.2035],[108.7623,14.1992],[108.7601,14.1927],[108.759,14.1884],[108.7586,14.183],[108.7595,14.177],[108.7635,14.1669],[108.7661,14.1635],[108.7718,14.1588],[108.7734,14.155],[108.7737,14.1526],[108.7748,14.1512],[108.7828,14.1476],[108.7924,14.145],[108.7935,14.1443],[108.7927,14.138],[108.7919,14.1351],[108.7869,14.1287],[108.7852,14.1258],[108.7858,14.1228],[108.7857,14.1183],[108.7874,14.1148],[108.7904,14.1108],[108.7887,14.1056],[108.7886,14.1005],[108.7878,14.1],[108.788,14.0982],[108.787,14.0947],[108.7861,14.0882],[108.7862,14.0869],[108.7873,14.0856],[108.7877,14.0822],[108.7874,14.0786],[108.7878,14.0779],[108.7877,14.075],[108.788,14.0725],[108.7916,14.0682],[108.793,14.0675],[108.8004,14.0653],[108.8047,14.0655],[108.8058,14.0659],[108.8083,14.0652],[108.8097,14.0658],[108.8108,14.0646],[108.8099,14.0632],[108.8102,14.0624],[108.8101,14.0617],[108.8119,14.06],[108.8124,14.0603],[108.8126,14.0617],[108.8139,14.0632],[108.8145,14.0635],[108.8156,14.0633],[108.8174,14.0646],[108.8197,14.0647],[108.8222,14.0643],[108.8248,14.0651],[108.8263,14.0649],[108.829,14.066],[108.8305,14.0651],[108.834,14.0663],[108.8357,14.0678],[108.8352,14.0705],[108.8366,14.0709],[108.837,14.072],[108.8376,14.0725],[108.8392,14.0728],[108.8429,14.0716],[108.8455,14.0718],[108.8463,14.0703],[108.8458,14.069],[108.8472,14.0682],[108.8476,14.0675],[108.8485,14.0675],[108.8497,14.0649],[108.8505,14.0645],[108.8529,14.0649],[108.8535,14.0646],[108.8537,14.0625],[108.8526,14.0611],[108.8555,14.059],[108.8565,14.0588],[108.8589,14.0574],[108.8617,14.0572],[108.8625,14.0565],[108.8646,14.0558],[108.8654,14.0564],[108.8651,14.0581],[108.8656,14.0609],[108.8634,14.0619],[108.8615,14.0615],[108.8609,14.0623],[108.8601,14.062],[108.8581,14.0627],[108.8572,14.0641],[108.8568,14.0676],[108.8575,14.0697],[108.8586,14.0707],[108.8597,14.0707],[108.8629,14.0725],[108.8642,14.0727],[108.8643,14.0737],[108.8635,14.0759],[108.8641,14.0804],[108.8628,14.0816],[108.861,14.0811],[108.8596,14.0828],[108.8575,14.083],[108.8563,14.0838],[108.853,14.0878],[108.8554,14.0875],[108.8597,14.0891],[108.8605,14.09],[108.8618,14.0907],[108.8631,14.0931],[108.8616,14.0969],[108.86,14.0997],[108.8624,14.1024],[108.8621,14.1036],[108.8626,14.1042],[108.8628,14.1061],[108.8633,14.1068],[108.8633,14.1078],[108.8627,14.1092],[108.8619,14.1099],[108.8618,14.1113],[108.8599,14.1126],[108.8585,14.1153],[108.8583,14.1167],[108.8594,14.1178],[108.8623,14.1191],[108.8622,14.1213],[108.8662,14.1221],[108.8671,14.1229],[108.8672,14.1237],[108.868,14.1237],[108.8687,14.1261],[108.8699,14.1265],[108.8718,14.1264],[108.8723,14.1274],[108.8739,14.1282],[108.8753,14.1302],[108.8751,14.1353],[108.8736,14.1368],[108.8718,14.137],[108.8698,14.1366],[108.8684,14.1403],[108.8692,14.1417],[108.8689,14.1429]]]},"properties":{"code":"21796","name":"Vĩnh Thịnh","nameEn":"Vinh Thinh","fullName":"Xã Vĩnh Thịnh","fullNameEn":"Vinh Thinh Commune","codeName":"vinh_thinh","postalCode":"55707","postalCodePrefix":"","gisServerId":"diaphanhanhchinhcapxa_2025.2992","areaKm2":133.91},"id":"21796"},
{"type":"Feature","geometry":{"type":"Polygon","coordinates":[[[108.7878,14.0779],[108.7872,14.0776],[108.7868,14.0778],[108.786,14.0811],[108.7847,14.0822],[108.7833,14.0831],[108.7792,14.0844],[108.7685,14.0909],[108.7673,14.0912],[108.764,14.091],[108.7606,14.0919],[108.7605,14.0925],[108.76,14.0928],[108.7602,14.0943],[108.7594,14.0961],[108.7608,14.0986],[108.7623,14.0997],[108.7623,14.1038],[108.7619,14.1045],[108.7609,14.1053],[108.7596,14.1079],[108.7599,14.1091],[108.7576,14.1166],[108.7468,14.1157],[108.7468,14.1184],[108.7458,14.1198],[108.7422,14.118],[108.737,14.1185],[108.7347,14.1173],[108.6993,14.1102],[108.6994,14.11],[108.6998,14.1077],[108.7009,14.1061],[108.7055,14.103],[108.707,14.1033],[108.7107,14.0976],[108.712,14.0968],[108.7145,14.0942],[108.7157,14.0908],[108.7152,14.0896],[108.7204,14.0728],[108.722,14.0659],[108.7336,14.0529],[108.755,14.0456],[108.7564,14.0454],[108.7589,14.0463],[108.7626,14.0471],[108.7643,14.0484],[108.7674,14.0487],[108.7687,14.0479],[108.7705,14.0478],[108.7722,14.047],[108.774,14.0472],[108.7751,14.0462],[108.7777,14.0457],[108.7793,14.0448],[108.7809,14.0451],[108.7841,14.0433],[108.7854,14.0417],[108.7849,14.041],[108.7849,14.0404],[108.7877,14.0384],[108.7881,14.0373],[108.7892,14.0364],[108.7893,14.0336],[108.7917,14.0317],[108.7905,14.0303],[108.7916,14.0278],[108.791,14.0269],[108.792,14.0254],[108.7944,14.0236],[108.7948,14.0222],[108.7958,14.0213],[108.7959,14.0202],[108.7982,14.0219],[108.7992,14.0221],[108.8005,14.0215],[108.8023,14.022],[108.8052,14.0234],[108.8056,14.0244],[108.8074,14.0255],[108.81,14.0256],[108.8101,14.0271],[108.8127,14.0295],[108.8131,14.0281],[108.8131,14.0247],[108.8127,14.0244],[108.8133,14.023],[108.8166,14.0209],[108.8171,14.0221],[108.8176,14.022],[108.8187,14.0197],[108.8187,14.0181],[108.8216,14.0167],[108.8235,14.0185],[108.8233,14.0206],[108.8237,14.0212],[108.8235,14.0222],[108.8245,14.0233],[108.8233,14.0236],[108.8233,14.0241],[108.8253,14.0252],[108.828,14.022],[108.8336,14.0166],[108.8347,14.0176],[108.8372,14.018],[108.8376,14.0186],[108.84,14.019],[108.844,14.0173],[108.8454,14.0172],[108.8476,14.0185],[108.8494,14.0181],[108.8502,14.0186],[108.8506,14.0193],[108.8521,14.0192],[108.8535,14.0204],[108.8548,14.02],[108.8551,14.0195],[108.8563,14.0196],[108.8568,14.0216],[108.8583,14.0222],[108.8591,14.0231],[108.8614,14.0229],[108.8643,14.0243],[108.8662,14.0234],[108.8664,14.0244],[108.8654,14.0277],[108.8655,14.0292],[108.8668,14.0329],[108.8651,14.0358],[108.8652,14.0372],[108.8671,14.0382],[108.8675,14.0391],[108.8688,14.0397],[108.8686,14.0407],[108.8692,14.0418],[108.8688,14.0431],[108.8698,14.0445],[108.8689,14.0453],[108.8672,14.0462],[108.8672,14.0479],[108.8664,14.0483],[108.8656,14.0498],[108.8652,14.0526],[108.8625,14.0565],[108.8617,14.0572],[108.8589,14.0574],[108.8565,14.0588],[108.8555,14.059],[108.8526,14.0611],[108.8537,14.0625],[108.8535,14.0646],[108.8529,14.0649],[108.8505,14.0645],[108.8497,14.0649],[108.8485,14.0675],[108.8476,14.0675],[108.8472,14.0682],[108.8458,14.069],[108.8463,14.0703],[108.8455,14.0718],[108.8429,14.0716],[108.8392,14.0728],[108.8376,14.0725],[108.837,14.072],[108.8366,14.0709],[108.8352,14.0705],[108.8357,14.0678],[108.834,14.0663],[108.8305,14.0651],[108.829,14.066],[108.8263,14.0649],[108.8248,14.0651],[108.8222,14.0643],[108.8197,14.0647],[108.8174,14.0646],[108.8156,14.0633],[108.8145,14.0635],[108.8139,14.0632],[108.8126,14.0617],[108.8124,14.0603],[108.8119,14.06],[108.8101,14.0617],[108.8102,14.0624],[108.8099,14.0632],[108.8108,14.0646],[108.8097,14.0658],[108.8083,14.0652],[108.8058,14.0659],[108.8047,14.0655],[108.8004,14.0653],[108.793,14.0675],[108.7916,14.0682],[108.788,14.0725],[108.7877,14.075],[108.7878,14.0779]]]},"properties":{"code":"21805","name":"Vĩnh Quang","nameEn":"Vinh Quang","fullName":"Xã Vĩnh Quang","fullNameEn":"Vinh Quang Commune","codeName":"vinh_quang","postalCode":"55711","postalCodePrefix":"","gisServerId":"diaphanhanhchinhcapxa_2025.3005","areaKm2":89.35},"id":"21805"},
{"type":"Feature","geometry":{"type":"Polygon","coordinates":[[[108.9969,13.9063],[108.9927,13.9067],[108.9891,13.9085],[108.9847,13.9084],[108.9835,13.9077],[108.9787,13.9083],[108.9636,13.9077],[108.9556,13.9084],[108.9493,13.9074],[108.9422,13.9082],[108.9428,13.911],[108.9442,13.9122],[108.9447,13.9138],[108.9444,13.9187],[108.9449,13.9217],[108.9413,13.9219],[108.9413,13.9232],[108.9407,13.9236],[108.94,13.9236],[108.939,13.9234],[108.9386,13.9213],[108.9373,13.9213],[108.9351,13.9206],[108.9341,13.9208],[108.9329,13.9217],[108.931,13.9222],[108.9304,13.9232],[108.9288,13.9233],[108.9268,13.9244],[108.9286,13.9289],[108.9256,13.9291],[108.9251,13.9296],[108.9139,13.9303],[108.914,13.9294],[108.9132,13.9275],[108.9127,13.9243],[108.9121,13.9237],[108.9115,13.9218],[108.9129,13.9195],[108.9116,13.9187],[108.9126,13.9176],[108.9134,13.9149],[108.9108,13.9154],[108.9083,13.915],[108.9071,13.9152],[108.9025,13.9182],[108.9011,13.9162],[108.9011,13.9151],[108.9002,13.9141],[108.8993,13.9139],[108.8974,13.9127],[108.8961,13.9125],[108.8935,13.9106],[108.8924,13.9107],[108.8907,13.9095],[108.8879,13.9088],[108.8874,13.9078],[108.8877,13.9067],[108.8872,13.9053],[108.8879,13.904],[108.8937,13.8987],[108.895,13.9006],[108.8961,13.901],[108.8978,13.9009],[108.8995,13.8998],[108.9016,13.8997],[108.904,13.9008],[108.9048,13.9039],[108.9047,13.9054],[108.9065,13.9078],[108.9082,13.9062],[108.9104,13.906],[108.9109,13.9072],[108.9131,13.9064],[108.9138,13.905],[108.9156,13.9031],[108.9163,13.9009],[108.9176,13.9015],[108.9176,13.9021],[108.919,13.9029],[108.9192,13.9034],[108.923,13.904],[108.9248,13.9001],[108.9245,13.898],[108.9257,13.8943],[108.9253,13.894],[108.9253,13.8935],[108.9264,13.8935],[108.9283,13.892],[108.9298,13.8864],[108.9313,13.883],[108.93,13.8805],[108.929,13.8797],[108.9265,13.8787],[108.9245,13.8785],[108.9224,13.8764],[108.9219,13.8744],[108.921,13.8733],[108.9204,13.8713],[108.9194,13.8709],[108.9184,13.8683],[108.9165,13.867],[108.9157,13.8644],[108.9148,13.8645],[108.9138,13.866],[108.911,13.8678],[108.9103,13.8689],[108.9091,13.8726],[108.9037,13.8697],[108.9031,13.8685],[108.9022,13.8679],[108.9034,13.8647],[108.904,13.8616],[108.9036,13.8591],[108.905,13.8575],[108.9061,13.855],[108.9065,13.8528],[108.9073,13.8515],[108.9081,13.8482],[108.907,13.8459],[108.907,13.8426],[108.9066,13.8408],[108.9058,13.8397],[108.9035,13.8391],[108.9032,13.8369],[108.9061,13.8338],[108.9096,13.8338],[108.911,13.8342],[108.9132,13.8337],[108.9158,13.8325],[108.9197,13.8317],[108.9221,13.8315],[108.924,13.8304],[108.9246,13.8294],[108.929,13.8285],[108.9322,13.8281],[108.9332,13.8284],[108.9364,13.8278],[108.9399,13.8297],[108.9455,13.83],[108.9472,13.8308],[108.9497,13.8306],[108.951,13.8283],[108.9528,13.8284],[108.955,13.8273],[108.9557,13.8267],[108.9583,13.8265],[108.9608,13.8226],[108.9624,13.8217],[108.9623,13.8204],[108.9634,13.8195],[108.9667,13.8195],[108.9681,13.8199],[108.9709,13.8215],[108.973,13.8236],[108.9737,13.8239],[108.9756,13.8241],[108.9776,13.8226],[108.9789,13.8222],[108.9807,13.8257],[108.9862,13.8264],[108.9872,13.827],[108.9907,13.8275],[108.9912,13.8291],[108.9902,13.8333],[108.9904,13.8339],[108.9928,13.8347],[108.9936,13.8357],[108.9947,13.8363],[108.9959,13.8383],[108.9985,13.8392],[108.9994,13.839],[109.0022,13.8407],[109.0034,13.8403],[109.0039,13.8423],[109.0068,13.8425],[109.0078,13.8443],[109.0084,13.8462],[109.0084,13.8488],[109.0089,13.8504],[109.0088,13.8517],[109.008,13.8534],[109.0086,13.8563],[109.0084,13.8581],[109.0094,13.8597],[109.0096,13.8628],[109.0122,13.8662],[109.0139,13.8694],[109.014,13.8705],[109.013,13.874],[109.0135,13.8759],[109.0134,13.8776],[109.0143,13.8791],[109.0136,13.8801],[109.0138,13.8811],[109.0145,13.882],[109.0148,13.8837],[109.0133,13.8833],[109.0119,13.8835],[109.0099,13.8825],[109.0078,13.8841],[109.0074,13.8854],[109.0059,13.8874],[109.0059,13.8907],[109.0039,13.8929],[109.0042,13.8934],[109.0057,13.8933],[109.0053,13.8949],[109.0065,13.8974],[109.0062,13.8991],[109.0054,13.9003],[109.0038,13.9002],[109.0011,13.9008],[108.999,13.9022],[108.9968,13.9046],[108.9969,13.9063]]]},"properties":{"code":"21808","name":"Tây Sơn","nameEn":"Tay Son","fullName":"Xã Tây Sơn","fullNameEn":"Tay Son Commune","codeName":"tay_son","postalCode":"55821","postalCodePrefix":"","gisServerId":"diaphanhanhchinhcapxa_2025.2993","areaKm2":97.7},"id":"21808"},
{"type":"Feature","geometry":{"type":"Polygon","coordinates":[[[108.9283,14.0338],[108.9271,14.0328],[108.9249,14.0293],[108.925,14.0307],[108.924,14.0319],[108.9239,14.033],[108.9213,14.0334],[108.9193,14.0377],[108.9187,14.0379],[108.9148,14.0533],[108.9121,14.058],[108.9113,14.0587],[108.9111,14.0594],[108.9094,14.0601],[108.9074,14.063],[108.9076,14.064],[108.9069,14.0648],[108.907,14.067],[108.9057,14.0687],[108.9053,14.0732],[108.9036,14.0758],[108.9033,14.0777],[108.9022,14.0803],[108.9014,14.0812],[108.899,14.0821],[108.8969,14.0837],[108.8954,14.0855],[108.8953,14.0867],[108.8963,14.0881],[108.8964,14.0898],[108.8977,14.092],[108.8957,14.0945],[108.8959,14.0959],[108.897,14.0972],[108.8968,14.0984],[108.896,14.0992],[108.8958,14.1013],[108.8945,14.1031],[108.8935,14.1072],[108.8915,14.1113],[108.8952,14.1154],[108.8958,14.1179],[108.9003,14.1183],[108.901,14.1191],[108.9004,14.1215],[108.8996,14.1228],[108.8991,14.1255],[108.8984,14.1258],[108.8982,14.1264],[108.8981,14.129],[108.8989,14.1301],[108.8988,14.1327],[108.8973,14.1329],[108.8961,14.1341],[108.8951,14.1324],[108.8936,14.1316],[108.8913,14.1319],[108.8905,14.1328],[108.8892,14.1333],[108.8875,14.1321],[108.8864,14.134],[108.8824,14.1348],[108.8812,14.1332],[108.8799,14.1325],[108.8779,14.1323],[108.8757,14.131],[108.8753,14.1302],[108.8739,14.1282],[108.8723,14.1274],[108.8718,14.1264],[108.8699,14.1265],[108.8687,14.1261],[108.868,14.1237],[108.8672,14.1237],[108.8671,14.1229],[108.8662,14.1221],[108.8622,14.1213],[108.8623,14.1191],[108.8594,14.1178],[108.8583,14.1167],[108.8585,14.1153],[108.8599,14.1126],[108.8618,14.1113],[108.8619,14.1099],[108.8627,14.1092],[108.8633,14.1078],[108.8633,14.1068],[108.8628,14.1061],[108.8626,14.1042],[108.8621,14.1036],[108.8624,14.1024],[108.86,14.0997],[108.8616,14.0969],[108.8631,14.0931],[108.8618,14.0907],[108.8605,14.09],[108.8597,14.0891],[108.8554,14.0875],[108.853,14.0878],[108.8563,14.0838],[108.8575,14.083],[108.8596,14.0828],[108.861,14.0811],[108.8628,14.0816],[108.8641,14.0804],[108.8635,14.0759],[108.8643,14.0737],[108.8642,14.0727],[108.8629,14.0725],[108.8597,14.0707],[108.8586,14.0707],[108.8575,14.0697],[108.8568,14.0676],[108.8572,14.0641],[108.8581,14.0627],[108.8601,14.062],[108.8609,14.0623],[108.8615,14.0615],[108.8634,14.0619],[108.8656,14.0609],[108.8651,14.0581],[108.8654,14.0564],[108.8646,14.0558],[108.8625,14.0565],[108.8652,14.0526],[108.8656,14.0498],[108.8664,14.0483],[108.8672,14.0479],[108.8672,14.0462],[108.8689,14.0453],[108.8698,14.0445],[108.8688,14.0431],[108.8692,14.0418],[108.8686,14.0407],[108.8688,14.0397],[108.8675,14.0391],[108.8671,14.0382],[108.8652,14.0372],[108.8651,14.0358],[108.8668,14.0329],[108.8655,14.0292],[108.8654,14.0277],[108.8664,14.0244],[108.8662,14.0234],[108.8648,14.0191],[108.866,14.0173],[108.8643,14.0148],[108.8658,14.0125],[108.8648,14.0093],[108.8653,14.0077],[108.868,14.0059],[108.8699,14.004],[108.8713,14.0038],[108.8716,14.0023],[108.8729,14.0015],[108.8753,14.0011],[108.8786,13.9989],[108.8803,13.9983],[108.8832,13.9985],[108.8839,13.9987],[108.8843,13.9995],[108.8855,13.9999],[108.8869,13.9984],[108.891,13.9961],[108.8925,13.9939],[108.8946,13.9924],[108.896,13.9922],[108.8978,13.9908],[108.8991,13.9891],[108.9007,13.9882],[108.9046,13.9895],[108.9064,13.9882],[108.9079,13.9883],[108.9087,13.9887],[108.9096,13.9901],[108.9116,13.9912],[108.9145,13.9847],[108.9165,13.9826],[108.9167,13.9818],[108.9161,13.9805],[108.9174,13.9792],[108.9174,13.9784],[108.918,13.9781],[108.9183,13.9761],[108.9209,13.9727],[108.9232,13.9724],[108.9237,13.9732],[108.9246,13.9733],[108.9258,13.9721],[108.9283,13.9714],[108.9296,13.9719],[108.9308,13.9717],[108.9329,13.9728],[108.9366,13.9708],[108.9376,13.971],[108.9374,13.9684],[108.9384,13.9663],[108.9383,13.9646],[108.9404,13.9621],[108.9429,13.9615],[108.9437,13.9558],[108.9448,13.9558],[108.9452,13.9553],[108.9446,13.9536],[108.9476,13.953],[108.9468,13.9506],[108.9491,13.9502],[108.9491,13.9496],[108.9498,13.9488],[108.9522,13.9471],[108.9525,13.9463],[108.9535,13.9461],[108.9537,13.9451],[108.9545,13.9451],[108.9555,13.9436],[108.9569,13.944],[108.9572,13.9444],[108.9585,13.9443],[108.9585,13.944],[108.959,13.944],[108.9592,13.9431],[108.9618,13.9419],[108.9635,13.9418],[108.9649,13.9408],[108.9649,13.9403],[108.9663,13.9412],[108.9653,13.9387],[108.9663,13.9352],[108.9675,13.9352],[108.9679,13.9361],[108.9686,13.9364],[108.9693,13.936],[108.9696,13.9352],[108.9704,13.9356],[108.9709,13.9367],[108.9723,13.9362],[108.9729,13.9351],[108.9754,13.9351],[108.9756,13.9374],[108.9789,13.9359],[108.9818,13.9363],[108.9814,13.9375],[108.9815,13.9412],[108.982,13.9417],[108.9826,13.9414],[108.9837,13.9418],[108.9851,13.9406],[108.9872,13.9408],[108.9882,13.9402],[108.9953,13.9414],[108.9976,13.9411],[108.9983,13.9425],[108.9993,13.9419],[108.9998,13.9428],[109.0005,13.9418],[109.0016,13.9416],[109.0013,13.9404],[109.0016,13.9401],[109.0014,13.9373],[109.0007,13.9366],[108.9983,13.937],[108.9976,13.9363],[108.9987,13.9362],[108.9983,13.9349],[108.9987,13.9344],[108.9983,13.9343],[108.9983,13.9327],[109.0006,13.9325],[109.0006,13.9328],[109.001,13.9328],[109.0017,13.9324],[109.0018,13.9311],[109.0051,13.9311],[109.005,13.93],[109.0062,13.9301],[109.0061,13.9297],[109.0055,13.9297],[109.0053,13.9273],[109.006,13.9273],[109.0069,13.9275],[109.0072,13.9284],[109.0083,13.9284],[109.0095,13.9304],[109.0109,13.9301],[109.0122,13.9319],[109.0128,13.9322],[109.0121,13.9328],[109.0114,13.937],[109.0108,13.9379],[109.0108,13.9386],[109.0118,13.9389],[109.011,13.9392],[109.0106,13.9403],[109.0126,13.942],[109.013,13.9428],[109.0128,13.9431],[109.015,13.9432],[109.0153,13.944],[109.0148,13.9445],[109.0146,13.9459],[109.0157,13.9463],[109.0194,13.9459],[109.02,13.9464],[109.0223,13.9448],[109.0225,13.944],[109.0255,13.9537],[109.026,13.9583],[109.0223,13.9598],[109.0209,13.9599],[109.0203,13.9604],[109.0204,13.961],[109.0186,13.9632],[109.0184,13.9654],[109.0179,13.9663],[109.0159,13.9665],[109.0146,13.9676],[109.0143,13.9698],[109.0197,13.974],[109.0189,13.9757],[109.0195,13.9765],[109.0207,13.9775],[109.0231,13.9784],[109.0231,13.9789],[109.0216,13.981],[109.0216,13.9826],[109.0218,13.984],[109.0234,13.9846],[109.0241,13.9853],[109.023,13.9871],[109.0233,13.9893],[109.0255,13.9902],[109.0265,13.9897],[109.0276,13.9934],[109.0284,13.9933],[109.0295,13.9947],[109.0298,13.996],[109.0292,13.9961],[109.0294,13.9976],[109.0266,13.9978],[109.0264,13.9988],[109.0254,13.9986],[109.024,13.9989],[109.0228,13.9996],[109.0226,13.9991],[109.0221,13.9994],[109.0213,14.0011],[109.0215,14.0038],[109.0208,14.0035],[109.0207,14.0044],[109.0188,14.0069],[109.0132,14.0095],[109.0114,14.0108],[109.0094,14.0104],[109.0083,14.0106],[109.0063,14.0117],[109.005,14.0118],[109.0033,14.0126],[109.0031,14.0122],[109.0014,14.013],[108.9991,14.0089],[108.9936,14.0063],[108.9932,14.0067],[108.9923,14.0068],[108.9924,14.0079],[108.9919,14.0086],[108.9907,14.0083],[108.9899,14.009],[108.9902,14.0097],[108.9884,14.0101],[108.9836,14.0127],[108.9806,14.0134],[108.9809,14.0141],[108.9643,14.0147],[108.9616,14.0169],[108.9602,14.0167],[108.9587,14.017],[108.9581,14.0184],[108.9574,14.0191],[108.9573,14.022],[108.9566,14.0233],[108.9565,14.0244],[108.9555,14.0253],[108.955,14.0271],[108.9542,14.028],[108.9517,14.0273],[108.9496,14.0278],[108.9492,14.0288],[108.9475,14.0283],[108.9436,14.0335],[108.9427,14.0342],[108.9405,14.0346],[108.9394,14.0353],[108.9382,14.0354],[108.9374,14.035],[108.9363,14.0362],[108.9347,14.037],[108.9305,14.0349],[108.9294,14.0349],[108.9283,14.0338]]]},"properties":{"code":"21817","name":"Bình Hiệp","nameEn":"Binh Hiep","fullName":"Xã Bình Hiệp","fullNameEn":"Binh Hiep Commune","codeName":"binh_hiep","postalCode":"55824","postalCodePrefix":"","gisServerId":"diaphanhanhchinhcapxa_2025.2994","areaKm2":161.23},"id":"21817"},
{"type":"Feature","geometry":{"type":"Polygon","coordinates":[[[108.8662,14.0234],[108.8643,14.0243],[108.8614,14.0229],[108.8591,14.0231],[108.8583,14.0222],[108.8568,14.0216],[108.8563,14.0196],[108.8551,14.0195],[108.8548,14.02],[108.8535,14.0204],[108.8521,14.0192],[108.8506,14.0193],[108.8502,14.0186],[108.8494,14.0181],[108.8476,14.0185],[108.8454,14.0172],[108.844,14.0173],[108.84,14.019],[108.8376,14.0186],[108.8372,14.018],[108.8347,14.0176],[108.8336,14.0166],[108.828,14.022],[108.8253,14.0252],[108.8233,14.0241],[108.8233,14.0236],[108.8245,14.0233],[108.8235,14.0222],[108.8237,14.0212],[108.8233,14.0206],[108.8235,14.0185],[108.8216,14.0167],[108.8187,14.0181],[108.8187,14.0197],[108.8176,14.022],[108.8171,14.0221],[108.8166,14.0209],[108.8133,14.023],[108.8127,14.0244],[108.8131,14.0247],[108.8131,14.0281],[108.8127,14.0295],[108.8101,14.0271],[108.81,14.0256],[108.8074,14.0255],[108.8056,14.0244],[108.8052,14.0234],[108.8023,14.022],[108.8005,14.0215],[108.7992,14.0221],[108.7982,14.0219],[108.7959,14.0202],[108.7958,14.0213],[108.7948,14.0222],[108.7944,14.0236],[108.792,14.0254],[108.791,14.0269],[108.7916,14.0278],[108.7905,14.0303],[108.7917,14.0317],[108.7893,14.0336],[108.7892,14.0364],[108.7881,14.0373],[108.7877,14.0384],[108.7849,14.0404],[108.7849,14.041],[108.7854,14.0417],[108.7841,14.0433],[108.7809,14.0451],[108.7793,14.0448],[108.7777,14.0457],[108.7751,14.0462],[108.774,14.0472],[108.7722,14.047],[108.7705,14.0478],[108.7687,14.0479],[108.7674,14.0487],[108.7643,14.0484],[108.7626,14.0471],[108.7589,14.0463],[108.7564,14.0454],[108.755,14.0456],[108.7536,14.0425],[108.7557,14.0394],[108.7559,14.0382],[108.7568,14.0378],[108.7579,14.0362],[108.7574,14.0346],[108.7578,14.0323],[108.7573,14.0286],[108.7581,14.0262],[108.7574,14.0255],[108.7574,14.0233],[108.7565,14.021],[108.7522,14.0188],[108.7529,14.0163],[108.7547,14.0146],[108.7538,14.013],[108.7552,14.0111],[108.7547,14.0098],[108.7548,14.0086],[108.7568,14.0081],[108.7566,14.0057],[108.7577,14.0021],[108.7594,14],[108.7596,13.9991],[108.7609,13.9971],[108.7622,13.9966],[108.7631,13.9955],[108.764,13.9934],[108.7637,13.9928],[108.7629,13.9922],[108.7626,13.991],[108.7603,13.9889],[108.7599,13.9872],[108.7585,13.9866],[108.7574,13.9852],[108.7547,13.9838],[108.7535,13.9823],[108.752,13.9817],[108.7526,13.9789],[108.7524,13.9778],[108.7535,13.9762],[108.7542,13.974],[108.755,13.9732],[108.7559,13.9706],[108.7569,13.9693],[108.7566,13.9682],[108.7567,13.9661],[108.7559,13.9658],[108.7561,13.9647],[108.7554,13.9647],[108.7558,13.9628],[108.7547,13.9619],[108.7534,13.9581],[108.752,13.9571],[108.7521,13.9563],[108.7529,13.9557],[108.7532,13.9541],[108.7536,13.9538],[108.7542,13.9512],[108.7558,13.9493],[108.7561,13.9482],[108.7552,13.9463],[108.7548,13.9461],[108.7539,13.9463],[108.7526,13.9475],[108.7516,13.9471],[108.7498,13.9478],[108.748,13.9392],[108.748,13.9376],[108.7453,13.9365],[108.7443,13.9356],[108.7447,13.9339],[108.7443,13.9319],[108.7447,13.9305],[108.7446,13.9296],[108.7455,13.9281],[108.7444,13.927],[108.7447,13.9259],[108.7457,13.9247],[108.7456,13.923],[108.7461,13.9217],[108.7488,13.9231],[108.7504,13.9234],[108.7515,13.9197],[108.7521,13.919],[108.7534,13.9187],[108.7698,13.9209],[108.7889,13.9099],[108.7906,13.9098],[108.7913,13.9106],[108.7917,13.9091],[108.7923,13.9084],[108.7948,13.9082],[108.7959,13.9087],[108.7984,13.9091],[108.7997,13.9082],[108.801,13.9089],[108.8024,13.9082],[108.8038,13.9081],[108.8061,13.9096],[108.807,13.9109],[108.8103,13.9121],[108.8113,13.9133],[108.8133,13.9129],[108.8158,13.9135],[108.8177,13.9135],[108.8199,13.9132],[108.8231,13.9117],[108.8281,13.9136],[108.8264,13.9158],[108.8377,13.9227],[108.8392,13.923],[108.8407,13.924],[108.8438,13.9251],[108.846,13.9251],[108.8482,13.9266],[108.8513,13.9254],[108.8519,13.9255],[108.855,13.9278],[108.8572,13.9325],[108.8581,13.9328],[108.8592,13.9342],[108.8607,13.9381],[108.8625,13.9403],[108.8626,13.9419],[108.86,13.9485],[108.8622,13.9504],[108.8659,13.9525],[108.8717,13.9722],[108.8728,13.9733],[108.8739,13.9733],[108.8744,13.9737],[108.8753,13.976],[108.8765,13.9767],[108.8768,13.98],[108.8776,13.9801],[108.8785,13.9812],[108.8787,13.9826],[108.8749,13.9847],[108.8758,13.9854],[108.8759,13.9872],[108.8766,13.9879],[108.8758,13.9904],[108.8763,13.9924],[108.8758,13.9927],[108.8753,13.9947],[108.8781,13.9964],[108.879,13.9983],[108.8786,13.9989],[108.8753,14.0011],[108.8729,14.0015],[108.8716,14.0023],[108.8713,14.0038],[108.8699,14.004],[108.868,14.0059],[108.8653,14.0077],[108.8648,14.0093],[108.8658,14.0125],[108.8643,14.0148],[108.866,14.0173],[108.8648,14.0191],[108.8662,14.0234]]]},"properties":{"code":"21820","name":"Bình Khê","nameEn":"Binh Khe","fullName":"Xã Bình Khê","fullNameEn":"Binh Khe Commune","codeName":"binh_khe","postalCode":"55822","postalCodePrefix":"","gisServerId":"diaphanhanhchinhcapxa_2025.2995","areaKm2":151.83},"id":"21820"},
{"type":"Feature","geometry":{"type":"Polygon","coordinates":[[[109.0225,13.944],[109.0223,13.9448],[109.02,13.9464],[109.0194,13.9459],[109.0157,13.9463],[109.0146,13.9459],[109.0148,13.9445],[109.0153,13.944],[109.015,13.9432],[109.0128,13.9431],[109.013,13.9428],[109.0126,13.942],[109.0106,13.9403],[109.011,13.9392],[109.0118,13.9389],[109.0108,13.9386],[109.0108,13.9379],[109.0114,13.937],[109.0121,13.9328],[109.0128,13.9322],[109.0122,13.9319],[109.0109,13.9301],[109.0095,13.9304],[109.0083,13.9284],[109.0072,13.9284],[109.0069,13.9275],[109.006,13.9273],[109.0053,13.9273],[109.0055,13.9297],[109.0061,13.9297],[109.0062,13.9301],[109.005,13.93],[109.0051,13.9311],[109.0018,13.9311],[109.0017,13.9324],[109.001,13.9328],[109.0006,13.9328],[109.0006,13.9325],[108.9983,13.9327],[108.9983,13.9343],[108.9987,13.9344],[108.9983,13.9349],[108.9987,13.9362],[108.9976,13.9363],[108.9983,13.937],[109.0007,13.9366],[109.0014,13.9373],[109.0016,13.9401],[109.0013,13.9404],[109.0016,13.9416],[109.0005,13.9418],[108.9998,13.9428],[108.9993,13.9419],[108.9983,13.9425],[108.9976,13.9411],[108.9953,13.9414],[108.9882,13.9402],[108.9872,13.9408],[108.9851,13.9406],[108.9837,13.9418],[108.9826,13.9414],[108.982,13.9417],[108.9815,13.9412],[108.9814,13.9375],[108.9818,13.9363],[108.9789,13.9359],[108.9756,13.9374],[108.9754,13.9351],[108.9729,13.9351],[108.9723,13.9362],[108.9709,13.9367],[108.9704,13.9356],[108.9696,13.9352],[108.9693,13.936],[108.9686,13.9364],[108.9679,13.9361],[108.9675,13.9352],[108.9663,13.9352],[108.9653,13.9387],[108.9663,13.9412],[108.9649,13.9403],[108.9649,13.9408],[108.9635,13.9418],[108.9618,13.9419],[108.9592,13.9431],[108.959,13.944],[108.9585,13.944],[108.9585,13.9443],[108.9572,13.9444],[108.9569,13.944],[108.9555,13.9436],[108.9545,13.9451],[108.9537,13.9451],[108.9535,13.9461],[108.9525,13.9463],[108.9522,13.9471],[108.9498,13.9488],[108.9491,13.9496],[108.9491,13.9502],[108.9468,13.9506],[108.9476,13.953],[108.9446,13.9536],[108.9452,13.9553],[108.9448,13.9558],[108.9437,13.9558],[108.9429,13.9615],[108.9404,13.9621],[108.9383,13.9646],[108.9384,13.9663],[108.9374,13.9684],[108.9376,13.971],[108.9366,13.9708],[108.9329,13.9728],[108.9308,13.9717],[108.9296,13.9719],[108.9283,13.9714],[108.9258,13.9721],[108.9246,13.9733],[108.9237,13.9732],[108.9232,13.9724],[108.9209,13.9727],[108.9183,13.9761],[108.918,13.9781],[108.9174,13.9784],[108.9174,13.9792],[108.9161,13.9805],[108.9167,13.9818],[108.9165,13.9826],[108.9145,13.9847],[108.9116,13.9912],[108.9096,13.9901],[108.9087,13.9887],[108.9079,13.9883],[108.9064,13.9882],[108.9046,13.9895],[108.9007,13.9882],[108.8991,13.9891],[108.8978,13.9908],[108.896,13.9922],[108.8946,13.9924],[108.8925,13.9939],[108.891,13.9961],[108.8869,13.9984],[108.8855,13.9999],[108.8843,13.9995],[108.8839,13.9987],[108.8832,13.9985],[108.8803,13.9983],[108.8786,13.9989],[108.879,13.9983],[108.8781,13.9964],[108.8753,13.9947],[108.8758,13.9927],[108.8763,13.9924],[108.8758,13.9904],[108.8766,13.9879],[108.8759,13.9872],[108.8758,13.9854],[108.8749,13.9847],[108.8787,13.9826],[108.8785,13.9812],[108.8776,13.9801],[108.8768,13.98],[108.8765,13.9767],[108.8753,13.976],[108.8744,13.9737],[108.8739,13.9733],[108.8728,13.9733],[108.8717,13.9722],[108.8659,13.9525],[108.8622,13.9504],[108.86,13.9485],[108.8625,13.9453],[108.8649,13.9437],[108.8704,13.941],[108.8746,13.9399],[108.8769,13.9376],[108.8785,13.9367],[108.8812,13.9367],[108.8829,13.9357],[108.8869,13.9304],[108.8923,13.9267],[108.897,13.923],[108.8995,13.922],[108.9012,13.9205],[108.9025,13.9182],[108.9071,13.9152],[108.9083,13.915],[108.9108,13.9154],[108.9134,13.9149],[108.9126,13.9176],[108.9116,13.9187],[108.9129,13.9195],[108.9115,13.9218],[108.9121,13.9237],[108.9127,13.9243],[108.9132,13.9275],[108.914,13.9294],[108.9139,13.9303],[108.9251,13.9296],[108.9256,13.9291],[108.9286,13.9289],[108.9268,13.9244],[108.9288,13.9233],[108.9304,13.9232],[108.931,13.9222],[108.9329,13.9217],[108.9341,13.9208],[108.9351,13.9206],[108.9373,13.9213],[108.9386,13.9213],[108.939,13.9234],[108.94,13.9236],[108.9407,13.9236],[108.9413,13.9232],[108.9413,13.9219],[108.9449,13.9217],[108.9444,13.9187],[108.9447,13.9138],[108.9442,13.9122],[108.9428,13.911],[108.9422,13.9082],[108.9493,13.9074],[108.9556,13.9084],[108.9636,13.9077],[108.9787,13.9083],[108.9835,13.9077],[108.9847,13.9084],[108.9891,13.9085],[108.9927,13.9067],[108.9969,13.9063],[109.0029,13.9064],[109.0086,13.9075],[109.0136,13.9103],[109.0143,13.9129],[109.0157,13.9136],[109.02,13.914],[109.0218,13.9163],[109.0221,13.9175],[109.0218,13.9192],[109.0234,13.92],[109.025,13.9199],[109.0257,13.9205],[109.0268,13.9199],[109.0274,13.9216],[109.0272,13.9223],[109.0277,13.9231],[109.0277,13.9242],[109.0287,13.9252],[109.0297,13.9296],[109.0297,13.9303],[109.0233,13.9314],[109.0236,13.9331],[109.0221,13.934],[109.024,13.9376],[109.0227,13.9376],[109.0232,13.9403],[109.0219,13.9414],[109.0225,13.944]]]},"properties":{"code":"21829","name":"Bình An","nameEn":"Binh An","fullName":"Xã Bình An","fullNameEn":"Binh An Commune","codeName":"binh_an","postalCode":"55825","postalCodePrefix":"","gisServerId":"diaphanhanhchinhcapxa_2025.2996","areaKm2":80.97},"id":"21829"},
{"type":"Feature","geometry":{"type":"Polygon","coordinates":[[[108.9025,13.9182],[108.9012,13.9205],[108.8995,13.922],[108.897,13.923],[108.8923,13.9267],[108.8869,13.9304],[108.8829,13.9357],[108.8812,13.9367],[108.8785,13.9367],[108.8769,13.9376],[108.8746,13.9399],[108.8704,13.941],[108.8649,13.9437],[108.8625,13.9453],[108.86,13.9485],[108.8626,13.9419],[108.8625,13.9403],[108.8607,13.9381],[108.8592,13.9342],[108.8581,13.9328],[108.8572,13.9325],[108.855,13.9278],[108.8519,13.9255],[108.8513,13.9254],[108.8482,13.9266],[108.846,13.9251],[108.8438,13.9251],[108.8407,13.924],[108.8392,13.923],[108.8377,13.9227],[108.8264,13.9158],[108.8281,13.9136],[108.8231,13.9117],[108.8199,13.9132],[108.8177,13.9135],[108.8158,13.9135],[108.8133,13.9129],[108.8113,13.9133],[108.8103,13.9121],[108.807,13.9109],[108.8061,13.9096],[108.8038,13.9081],[108.8024,13.9082],[108.801,13.9089],[108.7997,13.9082],[108.7984,13.9091],[108.7959,13.9087],[108.7948,13.9082],[108.7923,13.9084],[108.7917,13.9091],[108.7913,13.9106],[108.7906,13.9098],[108.7889,13.9099],[108.7698,13.9209],[108.7534,13.9187],[108.7521,13.919],[108.7515,13.9197],[108.7504,13.9234],[108.7488,13.9231],[108.7461,13.9217],[108.7465,13.9198],[108.7454,13.9182],[108.7453,13.9175],[108.7429,13.9175],[108.7424,13.9165],[108.7417,13.9148],[108.7427,13.9121],[108.7424,13.9109],[108.7437,13.9092],[108.7449,13.906],[108.7463,13.9055],[108.7485,13.9012],[108.7507,13.9011],[108.7524,13.9003],[108.7545,13.9006],[108.756,13.8995],[108.7569,13.8996],[108.7584,13.8985],[108.7593,13.8972],[108.7598,13.8961],[108.7598,13.8947],[108.7611,13.8936],[108.7626,13.8937],[108.7639,13.8929],[108.7648,13.8913],[108.7644,13.8886],[108.7658,13.8802],[108.768,13.876],[108.7688,13.8732],[108.7687,13.8718],[108.7725,13.8656],[108.7755,13.8634],[108.7757,13.8626],[108.7772,13.8616],[108.7777,13.8604],[108.7807,13.8573],[108.7842,13.8551],[108.7856,13.8527],[108.7866,13.8527],[108.7885,13.8547],[108.7893,13.8546],[108.7901,13.853],[108.7912,13.8538],[108.7918,13.8526],[108.7924,13.8531],[108.7934,13.8512],[108.7931,13.8497],[108.7948,13.849],[108.797,13.8456],[108.797,13.8441],[108.7942,13.845],[108.7942,13.8429],[108.7935,13.8422],[108.7928,13.8423],[108.7928,13.8418],[108.7933,13.8404],[108.7933,13.8376],[108.7953,13.8369],[108.7955,13.8361],[108.7963,13.8357],[108.7972,13.8342],[108.7963,13.8337],[108.7948,13.8346],[108.7943,13.8345],[108.7949,13.8314],[108.7957,13.8307],[108.7949,13.8285],[108.7958,13.8283],[108.796,13.8278],[108.7958,13.8264],[108.7962,13.8254],[108.7964,13.823],[108.7969,13.8218],[108.7967,13.8215],[108.7967,13.8196],[108.7958,13.8173],[108.796,13.8154],[108.7967,13.8136],[108.7978,13.8133],[108.7983,13.8122],[108.8006,13.8112],[108.801,13.8102],[108.8009,13.8079],[108.8013,13.8069],[108.803,13.8054],[108.8045,13.8055],[108.8048,13.8043],[108.8065,13.8037],[108.8073,13.8031],[108.8097,13.8025],[108.813,13.8041],[108.8147,13.8035],[108.8181,13.8001],[108.8203,13.8006],[108.8214,13.8005],[108.8227,13.7996],[108.823,13.7989],[108.823,13.7983],[108.8224,13.7977],[108.8231,13.796],[108.8228,13.795],[108.8239,13.7942],[108.8258,13.7943],[108.8281,13.7913],[108.8283,13.7882],[108.8276,13.7872],[108.8275,13.7858],[108.8282,13.7854],[108.8277,13.7818],[108.8269,13.7813],[108.8265,13.7801],[108.8248,13.7784],[108.825,13.7776],[108.8244,13.7762],[108.8245,13.774],[108.8254,13.773],[108.8257,13.7715],[108.8254,13.7699],[108.8264,13.7691],[108.827,13.7678],[108.8275,13.766],[108.8265,13.7655],[108.8268,13.7647],[108.8278,13.764],[108.8277,13.7621],[108.8286,13.7613],[108.8284,13.7599],[108.8323,13.7597],[108.8337,13.7587],[108.8342,13.7571],[108.8372,13.7582],[108.8372,13.7597],[108.838,13.7599],[108.8393,13.7635],[108.8418,13.7648],[108.8417,13.7663],[108.8457,13.7662],[108.8475,13.7669],[108.848,13.7677],[108.8496,13.7682],[108.8508,13.7696],[108.8521,13.77],[108.8543,13.7737],[108.8557,13.7744],[108.8555,13.7765],[108.8547,13.7792],[108.8549,13.7803],[108.8564,13.7811],[108.858,13.7829],[108.859,13.785],[108.8611,13.7864],[108.8609,13.7871],[108.8615,13.7882],[108.8614,13.7889],[108.8633,13.791],[108.8637,13.7922],[108.8655,13.7935],[108.8683,13.793],[108.8701,13.7935],[108.8709,13.7976],[108.8728,13.7998],[108.8731,13.8019],[108.8748,13.8034],[108.8741,13.8046],[108.875,13.8074],[108.8751,13.8088],[108.8747,13.8095],[108.877,13.8084],[108.8791,13.8087],[108.8817,13.8129],[108.8826,13.8165],[108.8846,13.8161],[108.8872,13.8139],[108.8878,13.8139],[108.8895,13.8144],[108.8913,13.8162],[108.8927,13.8165],[108.8946,13.8163],[108.8969,13.817],[108.8981,13.8179],[108.8992,13.8201],[108.8996,13.8238],[108.8994,13.8255],[108.8985,13.827],[108.8982,13.8292],[108.8991,13.8308],[108.9023,13.8337],[108.9024,13.8357],[108.9032,13.8369],[108.9035,13.8391],[108.9058,13.8397],[108.9066,13.8408],[108.907,13.8426],[108.907,13.8459],[108.9081,13.8482],[108.9073,13.8515],[108.9065,13.8528],[108.9061,13.855],[108.905,13.8575],[108.9036,13.8591],[108.904,13.8616],[108.9034,13.8647],[108.9022,13.8679],[108.9031,13.8685],[108.9037,13.8697],[108.9091,13.8726],[108.9103,13.8689],[108.911,13.8678],[108.9138,13.866],[108.9148,13.8645],[108.9157,13.8644],[108.9165,13.867],[108.9184,13.8683],[108.9194,13.8709],[108.9204,13.8713],[108.921,13.8733],[108.9219,13.8744],[108.9224,13.8764],[108.9245,13.8785],[108.9265,13.8787],[108.929,13.8797],[108.93,13.8805],[108.9313,13.883],[108.9298,13.8864],[108.9283,13.892],[108.9264,13.8935],[108.9253,13.8935],[108.9253,13.894],[108.9257,13.8943],[108.9245,13.898],[108.9248,13.9001],[108.923,13.904],[108.9192,13.9034],[108.919,13.9029],[108.9176,13.9021],[108.9176,13.9015],[108.9163,13.9009],[108.9156,13.9031],[108.9138,13.905],[108.9131,13.9064],[108.9109,13.9072],[108.9104,13.906],[108.9082,13.9062],[108.9065,13.9078],[108.9047,13.9054],[108.9048,13.9039],[108.904,13.9008],[108.9016,13.8997],[108.8995,13.8998],[108.8978,13.9009],[108.8961,13.901],[108.895,13.9006],[108.8937,13.8987],[108.8879,13.904],[108.8872,13.9053],[108.8877,13.9067],[108.8874,13.9078],[108.8879,13.9088],[108.8907,13.9095],[108.8924,13.9107],[108.8935,13.9106],[108.8961,13.9125],[108.8974,13.9127],[108.8993,13.9139],[108.9002,13.9141],[108.9011,13.9151],[108.9011,13.9162],[108.9025,13.9182]]]},"properties":{"code":"21835","name":"Bình Phú","nameEn":"Binh Phu","fullName":"Xã Bình Phú","fullNameEn":"Binh Phu Commune","codeName":"binh_phu","postalCode":"55823","postalCodePrefix":"","gisServerId":"diaphanhanhchinhcapxa_2025.2997","areaKm2":200.46},"id":"21835"},
{"type":"Feature","geometry":{"type":"Polygon","coordinates":[[[109.1208,14.0545],[109.1197,14.055],[109.1188,14.0563],[109.1166,14.0566],[109.115,14.0576],[109.1114,14.0588],[109.1099,14.0585],[109.1093,14.0594],[109.1093,14.0609],[109.1085,14.0616],[109.1078,14.0621],[109.1063,14.0621],[109.1037,14.0635],[109.1027,14.0619],[109.1017,14.0615],[109.1,14.0599],[109.0985,14.0595],[109.0947,14.0565],[109.0901,14.0567],[109.0893,14.057],[109.0897,14.0535],[109.0894,14.0518],[109.0907,14.0503],[109.0902,14.0491],[109.0893,14.0486],[109.0886,14.047],[109.0888,14.0451],[109.0868,14.0428],[109.0821,14.0421],[109.0782,14.0424],[109.0765,14.0411],[109.0747,14.0405],[109.0743,14.0393],[109.0732,14.0388],[109.0722,14.0375],[109.0671,14.036],[109.0663,14.0335],[109.0646,14.0332],[109.0634,14.0326],[109.0623,14.031],[109.062,14.0299],[109.0563,14.0299],[109.0566,14.028],[109.0528,14.0279],[109.0503,14.0273],[109.049,14.0265],[109.0471,14.0263],[109.0454,14.026],[109.0437,14.0263],[109.0437,14.0254],[109.0418,14.026],[109.0413,14.025],[109.0407,14.0251],[109.0386,14.0206],[109.0396,14.0203],[109.0394,14.0196],[109.0359,14.0134],[109.0351,14.0137],[109.0347,14.0122],[109.0365,14.0091],[109.0398,14.0075],[109.0385,14.0041],[109.0381,14.0034],[109.034,14.0055],[109.0338,14.0052],[109.0309,14.0057],[109.0308,14.0047],[109.0299,14.0036],[109.0279,14.0029],[109.0267,14.0035],[109.0254,13.9986],[109.0264,13.9988],[109.0266,13.9978],[109.0294,13.9976],[109.0292,13.9961],[109.0298,13.996],[109.0295,13.9947],[109.0284,13.9933],[109.0276,13.9934],[109.0265,13.9897],[109.0255,13.9902],[109.0233,13.9893],[109.023,13.9871],[109.0241,13.9853],[109.0234,13.9846],[109.0218,13.984],[109.0216,13.9826],[109.0216,13.981],[109.0231,13.9789],[109.0231,13.9784],[109.0207,13.9775],[109.0195,13.9765],[109.0189,13.9757],[109.0197,13.974],[109.0143,13.9698],[109.0146,13.9676],[109.0159,13.9665],[109.0179,13.9663],[109.0184,13.9654],[109.0186,13.9632],[109.0204,13.961],[109.0208,13.9627],[109.0214,13.9631],[109.023,13.9631],[109.0269,13.962],[109.0282,13.9623],[109.0282,13.9619],[109.0297,13.9612],[109.0315,13.961],[109.032,13.9602],[109.0326,13.96],[109.0328,13.9586],[109.0338,13.9578],[109.0354,13.9578],[109.0357,13.9571],[109.0392,13.9578],[109.0477,13.9452],[109.051,13.9402],[109.0508,13.9391],[109.0511,13.9385],[109.0519,13.9381],[109.053,13.9388],[109.0535,13.9397],[109.0572,13.9398],[109.0582,13.9405],[109.0593,13.9422],[109.0589,13.9441],[109.0595,13.9452],[109.0607,13.9449],[109.0616,13.9469],[109.0643,13.9469],[109.0644,13.9457],[109.0667,13.9452],[109.0667,13.9455],[109.067,13.9454],[109.0679,13.9461],[109.0682,13.9439],[109.0689,13.9431],[109.0716,13.9439],[109.0742,13.9441],[109.074,13.9455],[109.0733,13.946],[109.0732,13.947],[109.0723,13.9473],[109.0722,13.9488],[109.0711,13.9487],[109.0707,13.9508],[109.0704,13.9506],[109.0693,13.9508],[109.0685,13.952],[109.0709,13.9535],[109.0718,13.9536],[109.072,13.9542],[109.0718,13.9546],[109.0725,13.9549],[109.0731,13.9536],[109.0735,13.9537],[109.0736,13.9542],[109.0744,13.9542],[109.0747,13.9532],[109.0757,13.9534],[109.0756,13.9527],[109.0773,13.9528],[109.0776,13.952],[109.0782,13.9521],[109.0784,13.9534],[109.0806,13.9534],[109.082,13.9528],[109.0832,13.9542],[109.0832,13.9549],[109.0836,13.9549],[109.0842,13.9567],[109.0854,13.9578],[109.0853,13.9599],[109.0813,13.9602],[109.0836,13.9664],[109.0831,13.9664],[109.0835,13.968],[109.0826,13.9686],[109.084,13.9712],[109.0838,13.9739],[109.0859,13.9768],[109.0862,13.9781],[109.0871,13.9789],[109.0881,13.9807],[109.087,13.9823],[109.0859,13.9824],[109.0859,13.9832],[109.0844,13.9841],[109.0847,13.9849],[109.0824,13.986],[109.0833,13.987],[109.0829,13.9879],[109.084,13.9888],[109.0839,13.9897],[109.0857,13.9917],[109.0879,13.9914],[109.0893,13.9921],[109.0897,13.9921],[109.0907,13.9897],[109.0912,13.9899],[109.0927,13.9923],[109.093,13.992],[109.0935,13.9928],[109.0944,13.993],[109.0956,13.9944],[109.0965,13.9943],[109.0973,13.995],[109.0978,13.9949],[109.0988,13.9966],[109.0994,13.9993],[109.1009,14.0007],[109.1025,14.0012],[109.1035,14.0011],[109.1047,14.0018],[109.1067,14.004],[109.1113,14.0078],[109.1167,14.0102],[109.118,14.0114],[109.1188,14.014],[109.1196,14.0153],[109.1211,14.0156],[109.1221,14.0152],[109.1242,14.0151],[109.1254,14.0144],[109.1272,14.015],[109.1282,14.0158],[109.1321,14.0171],[109.1314,14.0197],[109.1342,14.0219],[109.1349,14.0238],[109.1368,14.0251],[109.1374,14.0267],[109.1392,14.0288],[109.1339,14.0348],[109.1337,14.0359],[109.1338,14.0366],[109.1358,14.0388],[109.136,14.04],[109.1352,14.0427],[109.1382,14.0446],[109.1387,14.0445],[109.1375,14.0455],[109.1342,14.045],[109.1331,14.0444],[109.1283,14.0445],[109.1268,14.0439],[109.1243,14.0435],[109.1237,14.0428],[109.1165,14.0459],[109.1155,14.0471],[109.1152,14.0489],[109.1154,14.0497],[109.1161,14.0505],[109.1196,14.052],[109.1208,14.0545]]]},"properties":{"code":"21853","name":"Phù Cát","nameEn":"Phu Cat","fullName":"Xã Phù Cát","fullNameEn":"Phu Cat Commune","codeName":"phu_cat","postalCode":"55324","postalCodePrefix":"","gisServerId":"diaphanhanhchinhcapxa_2025.2998","areaKm2":83.96},"id":"21853"},
{"type":"Feature","geometry":{"type":"Polygon","coordinates":[[[109.1156,14.1275],[109.1142,14.124],[109.1089,14.1193],[109.1084,14.1172],[109.1078,14.1161],[109.1033,14.1141],[109.1015,14.1117],[109.1003,14.1112],[109.0975,14.1111],[109.095,14.1105],[109.0912,14.108],[109.088,14.1052],[109.0861,14.1015],[109.0847,14.0958],[109.0831,14.0936],[109.0819,14.0929],[109.0783,14.0921],[109.0761,14.0904],[109.0739,14.0918],[109.0723,14.0919],[109.0699,14.091],[109.0665,14.0885],[109.0629,14.088],[109.0613,14.0861],[109.0613,14.0858],[109.0625,14.0855],[109.0619,14.0848],[109.0626,14.0836],[109.0612,14.0833],[109.0615,14.083],[109.0612,14.0819],[109.0604,14.0808],[109.0613,14.0802],[109.0608,14.0776],[109.0613,14.0766],[109.0597,14.0756],[109.0605,14.0744],[109.0607,14.0725],[109.0601,14.0707],[109.0609,14.0696],[109.0669,14.0655],[109.0712,14.0635],[109.0735,14.0643],[109.0755,14.0628],[109.0801,14.0625],[109.0832,14.0616],[109.0868,14.059],[109.0872,14.058],[109.0879,14.0574],[109.0893,14.057],[109.0901,14.0567],[109.0947,14.0565],[109.0985,14.0595],[109.1,14.0599],[109.1017,14.0615],[109.1027,14.0619],[109.1037,14.0635],[109.1063,14.0621],[109.1078,14.0621],[109.1085,14.0616],[109.1093,14.0609],[109.1093,14.0594],[109.1099,14.0585],[109.1114,14.0588],[109.115,14.0576],[109.1166,14.0566],[109.1188,14.0563],[109.1197,14.055],[109.1208,14.0545],[109.1227,14.0557],[109.1228,14.0571],[109.1233,14.0575],[109.1259,14.0572],[109.1281,14.0578],[109.1314,14.0609],[109.1342,14.0611],[109.1363,14.0624],[109.1395,14.0629],[109.1458,14.0654],[109.1513,14.066],[109.153,14.0666],[109.1559,14.0691],[109.1583,14.0698],[109.1612,14.0715],[109.1615,14.0719],[109.1614,14.0763],[109.1635,14.0772],[109.1642,14.0781],[109.1669,14.079],[109.1685,14.0811],[109.169,14.0824],[109.1731,14.0841],[109.1759,14.088],[109.1764,14.0883],[109.1791,14.0881],[109.1791,14.0868],[109.18,14.0859],[109.1811,14.086],[109.1813,14.0867],[109.1821,14.0869],[109.1823,14.0899],[109.1854,14.0899],[109.1855,14.092],[109.1863,14.0958],[109.1903,14.0961],[109.1903,14.0956],[109.195,14.0955],[109.196,14.0969],[109.2093,14.0974],[109.2075,14.1024],[109.2056,14.11],[109.2052,14.1158],[109.2058,14.1204],[109.2074,14.1244],[109.2118,14.1252],[109.2083,14.1277],[109.2053,14.1268],[109.203,14.1275],[109.1997,14.1296],[109.1946,14.1321],[109.1901,14.1355],[109.1848,14.1419],[109.176,14.1575],[109.1732,14.1574],[109.17,14.1567],[109.1664,14.1551],[109.1639,14.1535],[109.1626,14.1517],[109.1603,14.1506],[109.1583,14.1457],[109.1554,14.1446],[109.1536,14.1453],[109.153,14.1452],[109.1509,14.1434],[109.1486,14.143],[109.1487,14.1411],[109.1465,14.1411],[109.1458,14.1407],[109.1455,14.1401],[109.1458,14.1396],[109.1469,14.1391],[109.1488,14.1392],[109.1502,14.1373],[109.1519,14.1363],[109.1529,14.1351],[109.1507,14.135],[109.1498,14.1345],[109.1491,14.1337],[109.1484,14.1316],[109.1457,14.1326],[109.1445,14.1326],[109.1441,14.1313],[109.1447,14.1303],[109.1445,14.1298],[109.1421,14.13],[109.1374,14.1284],[109.1364,14.1294],[109.1358,14.1286],[109.1349,14.1282],[109.1338,14.1286],[109.1333,14.1293],[109.1322,14.1283],[109.1329,14.127],[109.1274,14.1255],[109.1247,14.1257],[109.1248,14.1273],[109.1226,14.127],[109.1209,14.1274],[109.1191,14.127],[109.1184,14.1277],[109.1156,14.1275]]]},"properties":{"code":"21859","name":"Đề Gi","nameEn":"De Gi","fullName":"Xã Đề Gi","fullNameEn":"De Gi Commune","codeName":"de_gi","postalCode":"55327","postalCodePrefix":"","gisServerId":"diaphanhanhchinhcapxa_2025.3000","areaKm2":94.97},"id":"21859"},
{"type":"Feature","geometry":{"type":"Polygon","coordinates":[[[108.9283,14.0338],[108.9286,14.0347],[108.9282,14.0364],[108.9289,14.0369],[108.928,14.0384],[108.9277,14.0406],[108.9331,14.0449],[108.9402,14.0461],[108.9415,14.0467],[108.9423,14.0461],[108.9467,14.0459],[108.9481,14.0471],[108.9514,14.0474],[108.9548,14.0411],[108.9568,14.0466],[108.9603,14.0463],[108.9619,14.0467],[108.9644,14.0438],[108.9681,14.043],[108.9677,14.0479],[108.9708,14.0489],[108.9713,14.0479],[108.9869,14.0478],[108.9869,14.0561],[108.9919,14.057],[108.9969,14.0617],[108.9989,14.0643],[109.0033,14.0675],[109.0034,14.0683],[109.0041,14.0684],[109.0043,14.069],[109.0051,14.0692],[109.0052,14.0698],[109.0082,14.0702],[109.0081,14.0709],[109.0093,14.0717],[109.0099,14.0744],[109.0111,14.0754],[109.0124,14.0759],[109.011,14.0786],[109.0126,14.0792],[109.0124,14.0801],[109.0106,14.0796],[109.0087,14.0805],[109.0086,14.0822],[109.0077,14.0833],[109.0084,14.0836],[109.0077,14.0844],[109.007,14.0839],[109.0047,14.0854],[109.0043,14.087],[109.003,14.0897],[109.0026,14.0903],[109.0008,14.0912],[109.0018,14.0939],[109.0008,14.097],[109.0017,14.0989],[109.0019,14.1011],[109.0028,14.1019],[109.0034,14.1019],[109.0037,14.1026],[109.0033,14.1037],[109.0035,14.1044],[109.0012,14.1036],[109.0013,14.1066],[109.0002,14.1087],[109.0003,14.1108],[108.9974,14.1156],[108.9971,14.1177],[108.9964,14.1194],[108.9968,14.121],[108.9978,14.1227],[108.9977,14.1241],[108.9946,14.1283],[108.9938,14.1312],[108.9918,14.1328],[108.99,14.1355],[108.9908,14.1418],[108.9898,14.1438],[108.9882,14.145],[108.9879,14.1488],[108.987,14.1505],[108.9856,14.1514],[108.9872,14.1536],[108.9894,14.1552],[108.9906,14.157],[108.9901,14.16],[108.9884,14.164],[108.988,14.1649],[108.9859,14.1675],[108.9856,14.1689],[108.9841,14.17],[108.9823,14.1725],[108.981,14.1755],[108.9794,14.1754],[108.9777,14.1758],[108.9741,14.1784],[108.972,14.1795],[108.9705,14.1798],[108.9688,14.1818],[108.9679,14.1837],[108.9654,14.1861],[108.9644,14.1899],[108.9644,14.1913],[108.9661,14.1941],[108.9661,14.1954],[108.9644,14.1979],[108.9672,14.2006],[108.9705,14.209],[108.9718,14.2145],[108.9703,14.2166],[108.9674,14.2166],[108.9648,14.216],[108.9604,14.2172],[108.9558,14.2165],[108.9526,14.222],[108.9519,14.2223],[108.95,14.2221],[108.9482,14.2203],[108.946,14.2194],[108.945,14.2165],[108.9443,14.2157],[108.9442,14.2147],[108.9424,14.2117],[108.9413,14.2109],[108.9399,14.2109],[108.9389,14.2104],[108.9385,14.209],[108.9392,14.2071],[108.939,14.2062],[108.9359,14.2046],[108.9356,14.2029],[108.9342,14.2018],[108.9325,14.1978],[108.9316,14.1968],[108.9278,14.1953],[108.9274,14.1941],[108.9242,14.1957],[108.9226,14.1959],[108.9205,14.1955],[108.9188,14.194],[108.9174,14.1943],[108.9151,14.1936],[108.9096,14.1941],[108.9081,14.1935],[108.9071,14.1942],[108.9059,14.194],[108.9048,14.1937],[108.9038,14.1927],[108.9016,14.1926],[108.9,14.1916],[108.9003,14.1888],[108.899,14.1818],[108.8979,14.1818],[108.8972,14.1807],[108.8953,14.1805],[108.8945,14.1797],[108.894,14.1771],[108.8921,14.1754],[108.8915,14.1732],[108.8918,14.172],[108.8916,14.1698],[108.8887,14.1669],[108.8888,14.1656],[108.8881,14.1646],[108.8882,14.1622],[108.8878,14.1615],[108.8861,14.1609],[108.8845,14.1591],[108.885,14.1575],[108.8845,14.1567],[108.8845,14.1556],[108.884,14.1556],[108.8811,14.1583],[108.8806,14.1591],[108.8807,14.1605],[108.8799,14.1605],[108.8779,14.1616],[108.8777,14.1624],[108.8745,14.166],[108.8743,14.167],[108.8726,14.1634],[108.8711,14.1619],[108.8702,14.1619],[108.8682,14.1596],[108.8703,14.1598],[108.8703,14.1591],[108.8725,14.1577],[108.872,14.1553],[108.8711,14.1541],[108.873,14.1534],[108.8732,14.153],[108.8724,14.1495],[108.8724,14.1484],[108.873,14.1473],[108.8689,14.1429],[108.8692,14.1417],[108.8684,14.1403],[108.8698,14.1366],[108.8718,14.137],[108.8736,14.1368],[108.8751,14.1353],[108.8753,14.1302],[108.8757,14.131],[108.8779,14.1323],[108.8799,14.1325],[108.8812,14.1332],[108.8824,14.1348],[108.8864,14.134],[108.8875,14.1321],[108.8892,14.1333],[108.8905,14.1328],[108.8913,14.1319],[108.8936,14.1316],[108.8951,14.1324],[108.8961,14.1341],[108.8973,14.1329],[108.8988,14.1327],[108.8989,14.1301],[108.8981,14.129],[108.8982,14.1264],[108.8984,14.1258],[108.8991,14.1255],[108.8996,14.1228],[108.9004,14.1215],[108.901,14.1191],[108.9003,14.1183],[108.8958,14.1179],[108.8952,14.1154],[108.8915,14.1113],[108.8935,14.1072],[108.8945,14.1031],[108.8958,14.1013],[108.896,14.0992],[108.8968,14.0984],[108.897,14.0972],[108.8959,14.0959],[108.8957,14.0945],[108.8977,14.092],[108.8964,14.0898],[108.8963,14.0881],[108.8953,14.0867],[108.8954,14.0855],[108.8969,14.0837],[108.899,14.0821],[108.9014,14.0812],[108.9022,14.0803],[108.9033,14.0777],[108.9036,14.0758],[108.9053,14.0732],[108.9057,14.0687],[108.907,14.067],[108.9069,14.0648],[108.9076,14.064],[108.9074,14.063],[108.9094,14.0601],[108.9111,14.0594],[108.9113,14.0587],[108.9121,14.058],[108.9148,14.0533],[108.9187,14.0379],[108.9193,14.0377],[108.9213,14.0334],[108.9239,14.033],[108.924,14.0319],[108.925,14.0307],[108.9249,14.0293],[108.9271,14.0328],[108.9283,14.0338]]]},"properties":{"code":"21868","name":"Hội Sơn","nameEn":"Hoi Son","fullName":"Xã Hội Sơn","fullNameEn":"Hoi Son Commune","codeName":"hoi_son","postalCode":"55329","postalCodePrefix":"","gisServerId":"diaphanhanhchinhcapxa_2025.2999","areaKm2":182.34},"id":"21868"},
{"type":"Feature","geometry":{"type":"Polygon","coordinates":[[[109.0017,14.0989],[109.0008,14.097],[109.0018,14.0939],[109.0008,14.0912],[109.0026,14.0903],[109.003,14.0897],[109.0043,14.087],[109.0047,14.0854],[109.007,14.0839],[109.0077,14.0844],[109.0084,14.0836],[109.0077,14.0833],[109.0086,14.0822],[109.0087,14.0805],[109.0106,14.0796],[109.0124,14.0801],[109.0126,14.0792],[109.011,14.0786],[109.0124,14.0759],[109.0111,14.0754],[109.0099,14.0744],[109.0093,14.0717],[109.0081,14.0709],[109.0082,14.0702],[109.0052,14.0698],[109.0051,14.0692],[109.0043,14.069],[109.0041,14.0684],[109.0034,14.0683],[109.0033,14.0675],[108.9989,14.0643],[108.9969,14.0617],[108.9919,14.057],[108.9869,14.0561],[108.9869,14.0478],[108.9713,14.0479],[108.9708,14.0489],[108.9677,14.0479],[108.9681,14.043],[108.9644,14.0438],[108.9619,14.0467],[108.9603,14.0463],[108.9568,14.0466],[108.9548,14.0411],[108.9514,14.0474],[108.9481,14.0471],[108.9467,14.0459],[108.9423,14.0461],[108.9415,14.0467],[108.9402,14.0461],[108.9331,14.0449],[108.9277,14.0406],[108.928,14.0384],[108.9289,14.0369],[108.9282,14.0364],[108.9286,14.0347],[108.9283,14.0338],[108.9294,14.0349],[108.9305,14.0349],[108.9347,14.037],[108.9363,14.0362],[108.9374,14.035],[108.9382,14.0354],[108.9394,14.0353],[108.9405,14.0346],[108.9427,14.0342],[108.9436,14.0335],[108.9475,14.0283],[108.9492,14.0288],[108.9496,14.0278],[108.9517,14.0273],[108.9542,14.028],[108.955,14.0271],[108.9555,14.0253],[108.9565,14.0244],[108.9566,14.0233],[108.9573,14.022],[108.9574,14.0191],[108.9581,14.0184],[108.9587,14.017],[108.9602,14.0167],[108.9616,14.0169],[108.9643,14.0147],[108.9809,14.0141],[108.9806,14.0134],[108.9836,14.0127],[108.9884,14.0101],[108.9902,14.0097],[108.9899,14.009],[108.9907,14.0083],[108.9919,14.0086],[108.9924,14.0079],[108.9923,14.0068],[108.9932,14.0067],[108.9936,14.0063],[108.9991,14.0089],[109.0014,14.013],[109.0031,14.0122],[109.0033,14.0126],[109.005,14.0118],[109.0063,14.0117],[109.0083,14.0106],[109.0094,14.0104],[109.0114,14.0108],[109.0132,14.0095],[109.0188,14.0069],[109.0207,14.0044],[109.0208,14.0035],[109.0215,14.0038],[109.0213,14.0011],[109.0221,13.9994],[109.0226,13.9991],[109.0228,13.9996],[109.024,13.9989],[109.0254,13.9986],[109.0267,14.0035],[109.0279,14.0029],[109.0299,14.0036],[109.0308,14.0047],[109.0309,14.0057],[109.0338,14.0052],[109.034,14.0055],[109.0381,14.0034],[109.0385,14.0041],[109.0398,14.0075],[109.0365,14.0091],[109.0347,14.0122],[109.0351,14.0137],[109.0359,14.0134],[109.0394,14.0196],[109.0396,14.0203],[109.0386,14.0206],[109.0407,14.0251],[109.0413,14.025],[109.0418,14.026],[109.0437,14.0254],[109.0437,14.0263],[109.0454,14.026],[109.0471,14.0263],[109.049,14.0265],[109.0503,14.0273],[109.0528,14.0279],[109.0566,14.028],[109.0563,14.0299],[109.062,14.0299],[109.0623,14.031],[109.0634,14.0326],[109.0646,14.0332],[109.0663,14.0335],[109.0671,14.036],[109.0722,14.0375],[109.0732,14.0388],[109.0743,14.0393],[109.0747,14.0405],[109.0765,14.0411],[109.0782,14.0424],[109.0821,14.0421],[109.0868,14.0428],[109.0888,14.0451],[109.0886,14.047],[109.0893,14.0486],[109.0902,14.0491],[109.0907,14.0503],[109.0894,14.0518],[109.0897,14.0535],[109.0893,14.057],[109.0879,14.0574],[109.0872,14.058],[109.0868,14.059],[109.0832,14.0616],[109.0801,14.0625],[109.0755,14.0628],[109.0735,14.0643],[109.0712,14.0635],[109.0669,14.0655],[109.0609,14.0696],[109.0601,14.0707],[109.0607,14.0725],[109.0605,14.0744],[109.0597,14.0756],[109.0613,14.0766],[109.0608,14.0776],[109.0613,14.0802],[109.0604,14.0808],[109.0612,14.0819],[109.0615,14.083],[109.0612,14.0833],[109.0626,14.0836],[109.0619,14.0848],[109.0625,14.0855],[109.0613,14.0858],[109.0613,14.0861],[109.0629,14.088],[109.0618,14.0884],[109.0588,14.0918],[109.0554,14.0929],[109.0523,14.0956],[109.0509,14.096],[109.0499,14.096],[109.049,14.0954],[109.0481,14.0937],[109.0481,14.0912],[109.0475,14.0906],[109.0467,14.0906],[109.0458,14.092],[109.0461,14.0954],[109.0456,14.0961],[109.0449,14.0963],[109.0437,14.0957],[109.0422,14.0925],[109.0416,14.0919],[109.0373,14.0929],[109.0358,14.0927],[109.0306,14.0891],[109.0265,14.0882],[109.0259,14.0867],[109.0264,14.0859],[109.0276,14.0852],[109.0282,14.084],[109.0271,14.0818],[109.0257,14.0817],[109.0245,14.0828],[109.0223,14.0839],[109.0207,14.0855],[109.0196,14.0854],[109.0172,14.0863],[109.0151,14.0866],[109.0139,14.0855],[109.012,14.0857],[109.0114,14.0863],[109.0119,14.0875],[109.0114,14.0886],[109.0159,14.0895],[109.0149,14.0928],[109.0104,14.0951],[109.01,14.0957],[109.0087,14.096],[109.0073,14.0968],[109.0054,14.097],[109.0017,14.0989]]]},"properties":{"code":"21871","name":"Hoà Hội","nameEn":"Hoa Hoi","fullName":"Xã Hoà Hội","fullNameEn":"Hoa Hoi Commune","codeName":"hoa_hoi","postalCode":"55328","postalCodePrefix":"","gisServerId":"diaphanhanhchinhcapxa_2025.3001","areaKm2":87.06},"id":"21871"},
{"type":"Feature","geometry":{"type":"Polygon","coordinates":[[[109.2093,14.0974],[109.196,14.0969],[109.195,14.0955],[109.1903,14.0956],[109.1903,14.0961],[109.1863,14.0958],[109.1855,14.092],[109.1854,14.0899],[109.1823,14.0899],[109.1821,14.0869],[109.1813,14.0867],[109.1811,14.086],[109.18,14.0859],[109.1791,14.0868],[109.1791,14.0881],[109.1764,14.0883],[109.1759,14.088],[109.1731,14.0841],[109.169,14.0824],[109.1685,14.0811],[109.1669,14.079],[109.1642,14.0781],[109.1635,14.0772],[109.1614,14.0763],[109.1615,14.0719],[109.1612,14.0715],[109.1583,14.0698],[109.1559,14.0691],[109.153,14.0666],[109.1513,14.066],[109.1458,14.0654],[109.1395,14.0629],[109.1363,14.0624],[109.1342,14.0611],[109.1314,14.0609],[109.1281,14.0578],[109.1259,14.0572],[109.1233,14.0575],[109.1228,14.0571],[109.1227,14.0557],[109.1208,14.0545],[109.1196,14.052],[109.1161,14.0505],[109.1154,14.0497],[109.1152,14.0489],[109.1155,14.0471],[109.1165,14.0459],[109.1237,14.0428],[109.1243,14.0435],[109.1268,14.0439],[109.1283,14.0445],[109.1331,14.0444],[109.1342,14.045],[109.1375,14.0455],[109.1387,14.0445],[109.1423,14.0381],[109.1422,14.0374],[109.1446,14.038],[109.1454,14.0379],[109.1458,14.0364],[109.147,14.0352],[109.1482,14.0353],[109.1498,14.0372],[109.151,14.0377],[109.152,14.0386],[109.153,14.0382],[109.1536,14.0373],[109.1544,14.0375],[109.1545,14.0367],[109.1553,14.036],[109.1574,14.0356],[109.1581,14.0349],[109.162,14.036],[109.1681,14.0347],[109.1685,14.0334],[109.1714,14.032],[109.1736,14.0307],[109.1746,14.0311],[109.1763,14.0304],[109.1771,14.0308],[109.179,14.0306],[109.1813,14.0329],[109.1812,14.0338],[109.1823,14.0338],[109.1844,14.0331],[109.1899,14.0346],[109.1922,14.0347],[109.1932,14.0344],[109.1943,14.0361],[109.1955,14.0361],[109.1965,14.0351],[109.198,14.0312],[109.1991,14.0303],[109.2033,14.0284],[109.2051,14.0258],[109.2051,14.024],[109.2063,14.0245],[109.2068,14.0226],[109.2065,14.0214],[109.2067,14.0172],[109.2091,14.0158],[109.2097,14.0133],[109.2115,14.0122],[109.2141,14.0094],[109.2145,14.007],[109.2158,14.006],[109.2154,14.0051],[109.2155,14.0039],[109.2169,14.0013],[109.2173,13.9997],[109.2185,13.9993],[109.2202,14],[109.2214,13.9993],[109.222,13.9983],[109.2213,13.9941],[109.222,13.9937],[109.2223,13.9926],[109.2216,13.99],[109.2218,13.9894],[109.2212,13.9882],[109.2201,13.9874],[109.2208,13.9853],[109.2179,13.9809],[109.2181,13.9765],[109.219,13.9754],[109.2191,13.9739],[109.2196,13.9727],[109.218,13.9722],[109.2191,13.9692],[109.2182,13.9687],[109.2177,13.968],[109.2186,13.9657],[109.2181,13.9658],[109.217,13.9643],[109.2159,13.9643],[109.2149,13.9636],[109.2123,13.9647],[109.2107,13.964],[109.209,13.9643],[109.206,13.9635],[109.2044,13.9635],[109.2031,13.9643],[109.2025,13.9651],[109.2008,13.9644],[109.1973,13.96],[109.1969,13.9588],[109.1954,13.9574],[109.1939,13.9582],[109.1932,13.958],[109.193,13.9571],[109.1939,13.9562],[109.1936,13.9551],[109.1943,13.9521],[109.193,13.9472],[109.1974,13.946],[109.1991,13.9442],[109.203,13.9432],[109.2049,13.9433],[109.2076,13.9428],[109.2115,13.9407],[109.2137,13.9384],[109.2147,13.9348],[109.2166,13.9336],[109.2176,13.9318],[109.2188,13.9324],[109.2189,13.9332],[109.2206,13.9344],[109.2316,13.9326],[109.2319,13.9317],[109.2337,13.9304],[109.2345,13.9275],[109.236,13.9276],[109.2398,13.9268],[109.25,13.927],[109.2458,13.9358],[109.2438,13.9414],[109.2424,13.9477],[109.2421,13.953],[109.2423,13.9548],[109.2436,13.9565],[109.2461,13.9584],[109.2485,13.9588],[109.2494,13.9583],[109.2494,13.9577],[109.2501,13.9578],[109.2502,13.9581],[109.2491,13.9588],[109.2497,13.9598],[109.2522,13.959],[109.2535,13.9592],[109.2545,13.9599],[109.2554,13.9613],[109.2563,13.9615],[109.2566,13.9625],[109.2588,13.9627],[109.2595,13.9634],[109.2592,13.965],[109.2582,13.9653],[109.2561,13.9645],[109.2549,13.9658],[109.2513,13.973],[109.2493,13.9796],[109.2493,13.9831],[109.2504,13.9853],[109.2513,13.9856],[109.2536,13.9849],[109.2539,13.9844],[109.2547,13.9845],[109.2558,13.9866],[109.2567,13.9872],[109.257,13.9891],[109.2554,13.9931],[109.2533,13.9949],[109.2527,13.9946],[109.2519,13.9951],[109.2473,14.0061],[109.2468,14.009],[109.2472,14.0101],[109.2484,14.0101],[109.2485,14.0104],[109.2495,14.0105],[109.25,14.012],[109.2509,14.0118],[109.2509,14.0124],[109.2502,14.0127],[109.2509,14.0128],[109.2509,14.0141],[109.2526,14.0148],[109.2528,14.0158],[109.2538,14.0162],[109.2534,14.0172],[109.2537,14.018],[109.2534,14.0184],[109.253,14.0182],[109.2522,14.0188],[109.2526,14.0191],[109.2525,14.0197],[109.2517,14.0195],[109.2524,14.0209],[109.2526,14.0222],[109.2522,14.022],[109.2514,14.0228],[109.2514,14.0234],[109.2509,14.0236],[109.2493,14.023],[109.2482,14.0244],[109.2393,14.0387],[109.2259,14.0617],[109.2168,14.0794],[109.2128,14.0883],[109.2093,14.0974]]]},"properties":{"code":"21880","name":"Cát Tiến","nameEn":"Cat Tien","fullName":"Xã Cát Tiến","fullNameEn":"Cat Tien Commune","codeName":"cat_tien","postalCode":"55319","postalCodePrefix":"","gisServerId":"diaphanhanhchinhcapxa_2025.3004","areaKm2":103.36},"id":"21880"},
{"type":"Feature","geometry":{"type":"Polygon","coordinates":[[[109.0853,13.9599],[109.0875,13.9595],[109.0896,13.9608],[109.0908,13.9611],[109.0926,13.9609],[109.0937,13.9601],[109.0951,13.9598],[109.0958,13.9604],[109.097,13.96],[109.0973,13.9593],[109.0981,13.9593],[109.0983,13.9587],[109.0975,13.9581],[109.098,13.9572],[109.0982,13.9547],[109.1002,13.9549],[109.1031,13.9528],[109.1021,13.9467],[109.1051,13.9467],[109.1088,13.9455],[109.1096,13.9457],[109.1114,13.9451],[109.1128,13.9454],[109.1165,13.9445],[109.1174,13.9445],[109.1174,13.9448],[109.1185,13.9453],[109.1186,13.9461],[109.1193,13.9449],[109.1207,13.9447],[109.1239,13.9427],[109.1238,13.9395],[109.1263,13.9391],[109.1259,13.94],[109.1268,13.94],[109.1269,13.9405],[109.1274,13.9405],[109.1274,13.9385],[109.1279,13.9387],[109.1303,13.9385],[109.1313,13.94],[109.134,13.9403],[109.1346,13.941],[109.1348,13.9421],[109.1363,13.9439],[109.1377,13.9432],[109.1381,13.9439],[109.1441,13.9414],[109.1442,13.9417],[109.1449,13.9413],[109.1454,13.9415],[109.1463,13.9409],[109.1458,13.9425],[109.1461,13.9429],[109.1459,13.9441],[109.1462,13.9447],[109.1475,13.9449],[109.1475,13.9452],[109.1502,13.9455],[109.1506,13.9458],[109.1505,13.9468],[109.1511,13.9471],[109.1526,13.9469],[109.1533,13.9466],[109.1531,13.9463],[109.1543,13.946],[109.1554,13.9452],[109.1564,13.9456],[109.1563,13.9462],[109.1576,13.9486],[109.1568,13.9488],[109.1559,13.9485],[109.1552,13.9491],[109.1548,13.9506],[109.1552,13.9511],[109.1573,13.9506],[109.1568,13.9502],[109.1575,13.9497],[109.1581,13.9503],[109.1599,13.9501],[109.1621,13.9522],[109.1634,13.9523],[109.164,13.953],[109.1664,13.9533],[109.1663,13.9577],[109.164,13.9604],[109.1627,13.9613],[109.163,13.9619],[109.1655,13.9626],[109.1671,13.964],[109.1672,13.9646],[109.1671,13.9656],[109.1656,13.9653],[109.1642,13.9758],[109.1642,13.9774],[109.1633,13.9786],[109.1631,13.9803],[109.1641,13.9834],[109.1671,13.9878],[109.1674,13.9891],[109.1669,13.9903],[109.1652,13.991],[109.1639,13.9909],[109.1618,13.993],[109.1603,13.9931],[109.1597,13.9939],[109.16,13.995],[109.1587,13.9949],[109.1576,13.9943],[109.1578,13.9949],[109.1572,13.9958],[109.1575,13.9977],[109.1571,13.9985],[109.1585,13.9995],[109.1597,14.0012],[109.1612,14.0022],[109.1625,14.004],[109.1624,14.005],[109.1649,14.0076],[109.1641,14.0091],[109.1648,14.011],[109.1687,14.0137],[109.1693,14.015],[109.1705,14.015],[109.1711,14.0154],[109.1713,14.0227],[109.1722,14.0239],[109.1718,14.0266],[109.1706,14.0287],[109.1714,14.032],[109.1685,14.0334],[109.1681,14.0347],[109.162,14.036],[109.1581,14.0349],[109.1574,14.0356],[109.1553,14.036],[109.1545,14.0367],[109.1544,14.0375],[109.1536,14.0373],[109.153,14.0382],[109.152,14.0386],[109.151,14.0377],[109.1498,14.0372],[109.1482,14.0353],[109.147,14.0352],[109.1458,14.0364],[109.1454,14.0379],[109.1446,14.038],[109.1422,14.0374],[109.1423,14.0381],[109.1387,14.0445],[109.1382,14.0446],[109.1352,14.0427],[109.136,14.04],[109.1358,14.0388],[109.1338,14.0366],[109.1337,14.0359],[109.1339,14.0348],[109.1392,14.0288],[109.1374,14.0267],[109.1368,14.0251],[109.1349,14.0238],[109.1342,14.0219],[109.1314,14.0197],[109.1321,14.0171],[109.1282,14.0158],[109.1272,14.015],[109.1254,14.0144],[109.1242,14.0151],[109.1221,14.0152],[109.1211,14.0156],[109.1196,14.0153],[109.1188,14.014],[109.118,14.0114],[109.1167,14.0102],[109.1113,14.0078],[109.1067,14.004],[109.1047,14.0018],[109.1035,14.0011],[109.1025,14.0012],[109.1009,14.0007],[109.0994,13.9993],[109.0988,13.9966],[109.0978,13.9949],[109.0973,13.995],[109.0965,13.9943],[109.0956,13.9944],[109.0944,13.993],[109.0935,13.9928],[109.093,13.992],[109.0927,13.9923],[109.0912,13.9899],[109.0907,13.9897],[109.0897,13.9921],[109.0893,13.9921],[109.0879,13.9914],[109.0857,13.9917],[109.0839,13.9897],[109.084,13.9888],[109.0829,13.9879],[109.0833,13.987],[109.0824,13.986],[109.0847,13.9849],[109.0844,13.9841],[109.0859,13.9832],[109.0859,13.9824],[109.087,13.9823],[109.0881,13.9807],[109.0871,13.9789],[109.0862,13.9781],[109.0859,13.9768],[109.0838,13.9739],[109.084,13.9712],[109.0826,13.9686],[109.0835,13.968],[109.0831,13.9664],[109.0836,13.9664],[109.0813,13.9602],[109.0853,13.9599]]]},"properties":{"code":"21892","name":"Xuân An","nameEn":"Xuan An","fullName":"Xã Xuân An","fullNameEn":"Xuan An Commune","codeName":"xuan_an","postalCode":"55325","postalCodePrefix":"","gisServerId":"diaphanhanhchinhcapxa_2025.3003","areaKm2":67.61},"id":"21892"},
{"type":"Feature","geometry":{"type":"Polygon","coordinates":[[[109.25,13.927],[109.2398,13.9268],[109.236,13.9276],[109.2345,13.9275],[109.2337,13.9304],[109.2319,13.9317],[109.2316,13.9326],[109.2206,13.9344],[109.2189,13.9332],[109.2188,13.9324],[109.2176,13.9318],[109.2166,13.9336],[109.2147,13.9348],[109.2137,13.9384],[109.2115,13.9407],[109.2076,13.9428],[109.2049,13.9433],[109.203,13.9432],[109.1991,13.9442],[109.1974,13.946],[109.193,13.9472],[109.1943,13.9521],[109.1936,13.9551],[109.1939,13.9562],[109.193,13.9571],[109.1932,13.958],[109.1939,13.9582],[109.1954,13.9574],[109.1969,13.9588],[109.1973,13.96],[109.2008,13.9644],[109.2025,13.9651],[109.2031,13.9643],[109.2044,13.9635],[109.206,13.9635],[109.209,13.9643],[109.2107,13.964],[109.2123,13.9647],[109.2149,13.9636],[109.2159,13.9643],[109.217,13.9643],[109.2181,13.9658],[109.2186,13.9657],[109.2177,13.968],[109.2182,13.9687],[109.2191,13.9692],[109.218,13.9722],[109.2196,13.9727],[109.2191,13.9739],[109.219,13.9754],[109.2181,13.9765],[109.2179,13.9809],[109.2208,13.9853],[109.2201,13.9874],[109.2212,13.9882],[109.2218,13.9894],[109.2216,13.99],[109.2223,13.9926],[109.222,13.9937],[109.2213,13.9941],[109.222,13.9983],[109.2214,13.9993],[109.2202,14],[109.2185,13.9993],[109.2173,13.9997],[109.2169,14.0013],[109.2155,14.0039],[109.2154,14.0051],[109.2158,14.006],[109.2145,14.007],[109.2141,14.0094],[109.2115,14.0122],[109.2097,14.0133],[109.2091,14.0158],[109.2067,14.0172],[109.2065,14.0214],[109.2068,14.0226],[109.2063,14.0245],[109.2051,14.024],[109.2051,14.0258],[109.2033,14.0284],[109.1991,14.0303],[109.198,14.0312],[109.1965,14.0351],[109.1955,14.0361],[109.1943,14.0361],[109.1932,14.0344],[109.1922,14.0347],[109.1899,14.0346],[109.1844,14.0331],[109.1823,14.0338],[109.1812,14.0338],[109.1813,14.0329],[109.179,14.0306],[109.1771,14.0308],[109.1763,14.0304],[109.1746,14.0311],[109.1736,14.0307],[109.1714,14.032],[109.1706,14.0287],[109.1718,14.0266],[109.1722,14.0239],[109.1713,14.0227],[109.1711,14.0154],[109.1705,14.015],[109.1693,14.015],[109.1687,14.0137],[109.1648,14.011],[109.1641,14.0091],[109.1649,14.0076],[109.1624,14.005],[109.1625,14.004],[109.1612,14.0022],[109.1597,14.0012],[109.1585,13.9995],[109.1571,13.9985],[109.1575,13.9977],[109.1572,13.9958],[109.1578,13.9949],[109.1576,13.9943],[109.1587,13.9949],[109.16,13.995],[109.1597,13.9939],[109.1603,13.9931],[109.1618,13.993],[109.1639,13.9909],[109.1652,13.991],[109.1669,13.9903],[109.1674,13.9891],[109.1671,13.9878],[109.1641,13.9834],[109.1631,13.9803],[109.1633,13.9786],[109.1642,13.9774],[109.1642,13.9758],[109.1656,13.9653],[109.1671,13.9656],[109.1672,13.9646],[109.1671,13.964],[109.1655,13.9626],[109.163,13.9619],[109.1627,13.9613],[109.164,13.9604],[109.1663,13.9577],[109.1664,13.9533],[109.164,13.953],[109.1634,13.9523],[109.1635,13.952],[109.1641,13.9519],[109.1652,13.9499],[109.1657,13.9498],[109.1664,13.9505],[109.1684,13.9498],[109.1694,13.9487],[109.1693,13.9477],[109.1702,13.9471],[109.1709,13.9459],[109.172,13.9457],[109.1716,13.9464],[109.1729,13.9465],[109.173,13.9473],[109.1742,13.9481],[109.175,13.9476],[109.1759,13.9466],[109.1766,13.9429],[109.1785,13.9418],[109.1773,13.9406],[109.1769,13.9376],[109.1787,13.9376],[109.1833,13.9357],[109.1872,13.9334],[109.1957,13.9305],[109.1964,13.9296],[109.1965,13.9263],[109.1969,13.9263],[109.197,13.9266],[109.1974,13.9264],[109.198,13.9259],[109.1979,13.9255],[109.1985,13.9254],[109.1985,13.9249],[109.199,13.9247],[109.1991,13.9252],[109.2,13.9251],[109.2004,13.9259],[109.2014,13.9251],[109.2039,13.9256],[109.2044,13.9247],[109.2049,13.9247],[109.2045,13.9242],[109.2052,13.9231],[109.2066,13.9232],[109.2071,13.922],[109.2085,13.9218],[109.2088,13.9208],[109.2108,13.9199],[109.2115,13.9198],[109.2126,13.9206],[109.2116,13.9226],[109.2122,13.923],[109.2123,13.924],[109.2163,13.9231],[109.2189,13.925],[109.2192,13.9258],[109.2201,13.9256],[109.2201,13.9272],[109.221,13.9275],[109.2218,13.926],[109.2218,13.9243],[109.2226,13.9243],[109.2224,13.9273],[109.2265,13.9277],[109.2262,13.9263],[109.2278,13.926],[109.2281,13.925],[109.2308,13.9241],[109.2305,13.9231],[109.2327,13.9227],[109.2326,13.9215],[109.2331,13.9205],[109.2355,13.9188],[109.2343,13.9177],[109.2336,13.9153],[109.2326,13.9141],[109.2322,13.9126],[109.2318,13.9125],[109.233,13.912],[109.2338,13.913],[109.2339,13.9125],[109.2349,13.912],[109.236,13.9099],[109.2381,13.9071],[109.2387,13.9055],[109.2385,13.9049],[109.2401,13.9057],[109.2452,13.905],[109.2468,13.9036],[109.2594,13.9009],[109.2596,13.9016],[109.2664,13.9013],[109.2591,13.9113],[109.2536,13.9203],[109.25,13.927]]]},"properties":{"code":"21901","name":"Ngô Mây","nameEn":"Ngo May","fullName":"Xã Ngô Mây","fullNameEn":"Ngo May Commune","codeName":"ngo_may","postalCode":"55326","postalCodePrefix":"","gisServerId":"diaphanhanhchinhcapxa_2025.3002","areaKm2":61.42},"id":"21901"},
{"type":"Feature","geometry":{"type":"Polygon","coordinates":[[[109.0869,13.895],[109.0838,13.8956],[109.0811,13.8942],[109.0777,13.8933],[109.0751,13.8932],[109.0733,13.8936],[109.0712,13.8954],[109.0692,13.8988],[109.0639,13.9002],[109.0625,13.9009],[109.0606,13.9025],[109.0549,13.9051],[109.0494,13.9035],[109.0472,13.9013],[109.0416,13.8998],[109.0407,13.899],[109.0401,13.8989],[109.0379,13.901],[109.0373,13.9026],[109.036,13.9035],[109.0335,13.9085],[109.0311,13.9117],[109.0309,13.9127],[109.0276,13.9143],[109.0261,13.9146],[109.02,13.914],[109.0157,13.9136],[109.0143,13.9129],[109.0136,13.9103],[109.0086,13.9075],[109.0029,13.9064],[108.9969,13.9063],[108.9968,13.9046],[108.999,13.9022],[109.0011,13.9008],[109.0038,13.9002],[109.0054,13.9003],[109.0062,13.8991],[109.0065,13.8974],[109.0053,13.8949],[109.0057,13.8933],[109.0042,13.8934],[109.0039,13.8929],[109.0059,13.8907],[109.0059,13.8874],[109.0074,13.8854],[109.0078,13.8841],[109.0099,13.8825],[109.0119,13.8835],[109.0133,13.8833],[109.0148,13.8837],[109.0165,13.8835],[109.0169,13.8844],[109.0184,13.8856],[109.0198,13.885],[109.0213,13.8852],[109.0213,13.8858],[109.0254,13.888],[109.0303,13.8887],[109.0304,13.8892],[109.0323,13.889],[109.0324,13.8894],[109.0331,13.8893],[109.0342,13.8901],[109.0366,13.8895],[109.0369,13.892],[109.0373,13.8923],[109.0383,13.8922],[109.0388,13.8917],[109.0392,13.8921],[109.0396,13.8913],[109.0403,13.8917],[109.0455,13.8916],[109.0498,13.8898],[109.0539,13.8861],[109.0583,13.8846],[109.0606,13.8825],[109.0633,13.8818],[109.068,13.8819],[109.0696,13.8827],[109.0709,13.8826],[109.0745,13.8855],[109.0755,13.8857],[109.0763,13.8853],[109.0772,13.884],[109.0781,13.8819],[109.0784,13.8792],[109.0797,13.8774],[109.0822,13.8777],[109.0825,13.8786],[109.082,13.8815],[109.0836,13.8835],[109.0851,13.8843],[109.0856,13.8838],[109.0855,13.8819],[109.0859,13.8811],[109.0868,13.8808],[109.0915,13.8812],[109.0966,13.8769],[109.0987,13.878],[109.1025,13.8809],[109.1044,13.8813],[109.1057,13.8806],[109.111,13.8754],[109.1131,13.8742],[109.1147,13.8745],[109.1164,13.8766],[109.1182,13.8772],[109.1231,13.8747],[109.1253,13.8745],[109.127,13.8749],[109.1265,13.8761],[109.126,13.8762],[109.1267,13.8797],[109.126,13.8797],[109.1258,13.88],[109.1268,13.8804],[109.1287,13.8851],[109.1284,13.8849],[109.1275,13.8856],[109.1259,13.8858],[109.1247,13.8865],[109.1249,13.8869],[109.1218,13.8873],[109.1209,13.889],[109.1208,13.8915],[109.1202,13.8918],[109.121,13.8939],[109.1235,13.8936],[109.1236,13.8958],[109.1195,13.8948],[109.1154,13.896],[109.1154,13.8954],[109.114,13.8954],[109.114,13.895],[109.1149,13.8948],[109.1142,13.8939],[109.114,13.8928],[109.1134,13.8933],[109.1121,13.8932],[109.109,13.8908],[109.1074,13.8916],[109.1072,13.8906],[109.1052,13.8913],[109.1055,13.8926],[109.103,13.8945],[109.1025,13.8944],[109.1021,13.8928],[109.1005,13.8933],[109.0995,13.893],[109.0987,13.8936],[109.0985,13.893],[109.0972,13.8931],[109.096,13.8919],[109.0956,13.8925],[109.0955,13.8911],[109.0943,13.8914],[109.0939,13.891],[109.0933,13.891],[109.0907,13.8934],[109.0874,13.8937],[109.0869,13.895]]]},"properties":{"code":"21907","name":"Bình Định","nameEn":"Binh Dinh","fullName":"Phường Bình Định","fullNameEn":"Binh Dinh Ward","codeName":"binh_dinh","postalCode":"55256","postalCodePrefix":"","gisServerId":"diaphanhanhchinhcapxa_2025.3010","areaKm2":25.16},"id":"21907"},
{"type":"Feature","geometry":{"type":"Polygon","coordinates":[[[109.0477,13.9452],[109.0392,13.9578],[109.0357,13.9571],[109.0354,13.9578],[109.0338,13.9578],[109.0328,13.9586],[109.0326,13.96],[109.032,13.9602],[109.0315,13.961],[109.0297,13.9612],[109.0282,13.9619],[109.0282,13.9623],[109.0269,13.962],[109.023,13.9631],[109.0214,13.9631],[109.0208,13.9627],[109.0204,13.961],[109.0203,13.9604],[109.0209,13.9599],[109.0223,13.9598],[109.026,13.9583],[109.0255,13.9537],[109.0225,13.944],[109.0219,13.9414],[109.0232,13.9403],[109.0227,13.9376],[109.024,13.9376],[109.0221,13.934],[109.0236,13.9331],[109.0233,13.9314],[109.0297,13.9303],[109.0297,13.9296],[109.0287,13.9252],[109.0277,13.9242],[109.0277,13.9231],[109.0272,13.9223],[109.0274,13.9216],[109.0268,13.9199],[109.0257,13.9205],[109.025,13.9199],[109.0234,13.92],[109.0218,13.9192],[109.0221,13.9175],[109.0218,13.9163],[109.02,13.914],[109.0261,13.9146],[109.0276,13.9143],[109.0309,13.9127],[109.0311,13.9117],[109.0335,13.9085],[109.036,13.9035],[109.0373,13.9026],[109.0379,13.901],[109.0401,13.8989],[109.0407,13.899],[109.0416,13.8998],[109.0472,13.9013],[109.0494,13.9035],[109.0549,13.9051],[109.0606,13.9025],[109.0625,13.9009],[109.0639,13.9002],[109.0692,13.8988],[109.0712,13.8954],[109.0733,13.8936],[109.0751,13.8932],[109.0777,13.8933],[109.0811,13.8942],[109.0838,13.8956],[109.0869,13.895],[109.0891,13.8949],[109.0896,13.8952],[109.0919,13.8982],[109.0898,13.9006],[109.09,13.9009],[109.0905,13.9006],[109.0912,13.9008],[109.0914,13.9012],[109.091,13.9016],[109.0903,13.9022],[109.088,13.902],[109.0865,13.9031],[109.0867,13.9034],[109.0862,13.9038],[109.0848,13.908],[109.0887,13.9119],[109.0896,13.9143],[109.0896,13.9163],[109.0904,13.9172],[109.0915,13.9178],[109.0947,13.9184],[109.0949,13.9193],[109.0932,13.9211],[109.0929,13.9219],[109.0933,13.9245],[109.0947,13.927],[109.0995,13.9316],[109.1009,13.9318],[109.1032,13.9316],[109.1063,13.9335],[109.1034,13.9358],[109.103,13.9356],[109.1024,13.9363],[109.1018,13.9364],[109.102,13.9368],[109.1015,13.9373],[109.1017,13.9378],[109.1014,13.9381],[109.0998,13.9379],[109.0999,13.9386],[109.0983,13.9398],[109.0968,13.9402],[109.0951,13.94],[109.0939,13.9391],[109.0915,13.9392],[109.0909,13.9357],[109.0871,13.9364],[109.0865,13.9368],[109.0863,13.9377],[109.0845,13.938],[109.0654,13.936],[109.0637,13.9343],[109.0589,13.9339],[109.0571,13.9333],[109.0568,13.9335],[109.0561,13.9333],[109.0553,13.9339],[109.0552,13.9352],[109.0537,13.9376],[109.0498,13.9358],[109.0484,13.9359],[109.0482,13.9381],[109.0456,13.9401],[109.0449,13.9412],[109.046,13.9442],[109.0477,13.9452]]]},"properties":{"code":"21910","name":"An Nhơn","nameEn":"An Nhon","fullName":"Phường An Nhơn","fullNameEn":"An Nhon Ward","codeName":"an_nhon","postalCode":"55271","postalCodePrefix":"","gisServerId":"diaphanhanhchinhcapxa_2025.3011","areaKm2":34.62},"id":"21910"},
{"type":"Feature","geometry":{"type":"Polygon","coordinates":[[[109.1634,13.9523],[109.1621,13.9522],[109.1599,13.9501],[109.1581,13.9503],[109.1575,13.9497],[109.1568,13.9502],[109.1573,13.9506],[109.1552,13.9511],[109.1548,13.9506],[109.1552,13.9491],[109.1559,13.9485],[109.1568,13.9488],[109.1576,13.9486],[109.1563,13.9462],[109.1564,13.9456],[109.1554,13.9452],[109.1543,13.946],[109.1531,13.9463],[109.1533,13.9466],[109.1526,13.9469],[109.1511,13.9471],[109.1505,13.9468],[109.1506,13.9458],[109.1502,13.9455],[109.1475,13.9452],[109.1475,13.9449],[109.1462,13.9447],[109.1459,13.9441],[109.1461,13.9429],[109.1458,13.9425],[109.1463,13.9409],[109.1454,13.9415],[109.1449,13.9413],[109.1442,13.9417],[109.1441,13.9414],[109.1381,13.9439],[109.1377,13.9432],[109.1363,13.9439],[109.1348,13.9421],[109.1346,13.941],[109.134,13.9403],[109.1313,13.94],[109.1303,13.9385],[109.1279,13.9387],[109.1274,13.9385],[109.1274,13.9405],[109.1269,13.9405],[109.1268,13.94],[109.1259,13.94],[109.1263,13.9391],[109.1238,13.9395],[109.1239,13.9427],[109.1207,13.9447],[109.1193,13.9449],[109.1186,13.9461],[109.1185,13.9453],[109.1174,13.9448],[109.1174,13.9445],[109.1165,13.9445],[109.1128,13.9454],[109.1114,13.9451],[109.1096,13.9457],[109.1088,13.9455],[109.1051,13.9467],[109.1021,13.9467],[109.1031,13.9528],[109.1002,13.9549],[109.0982,13.9547],[109.098,13.9572],[109.0975,13.9581],[109.0983,13.9587],[109.0981,13.9593],[109.0973,13.9593],[109.097,13.96],[109.0958,13.9604],[109.0951,13.9598],[109.0937,13.9601],[109.0926,13.9609],[109.0908,13.9611],[109.0896,13.9608],[109.0875,13.9595],[109.0853,13.9599],[109.0854,13.9578],[109.0842,13.9567],[109.0836,13.9549],[109.0832,13.9549],[109.0832,13.9542],[109.082,13.9528],[109.0806,13.9534],[109.0784,13.9534],[109.0782,13.9521],[109.0776,13.952],[109.0773,13.9528],[109.0756,13.9527],[109.0757,13.9534],[109.0747,13.9532],[109.0744,13.9542],[109.0736,13.9542],[109.0735,13.9537],[109.0731,13.9536],[109.0725,13.9549],[109.0718,13.9546],[109.072,13.9542],[109.0718,13.9536],[109.0709,13.9535],[109.0685,13.952],[109.0693,13.9508],[109.0704,13.9506],[109.0707,13.9508],[109.0711,13.9487],[109.0722,13.9488],[109.0723,13.9473],[109.0732,13.947],[109.0733,13.946],[109.074,13.9455],[109.0742,13.9441],[109.0716,13.9439],[109.0689,13.9431],[109.0682,13.9439],[109.0679,13.9461],[109.067,13.9454],[109.0667,13.9455],[109.0667,13.9452],[109.0644,13.9457],[109.0643,13.9469],[109.0616,13.9469],[109.0607,13.9449],[109.0595,13.9452],[109.0589,13.9441],[109.0593,13.9422],[109.0582,13.9405],[109.0572,13.9398],[109.0535,13.9397],[109.053,13.9388],[109.0519,13.9381],[109.0511,13.9385],[109.0508,13.9391],[109.051,13.9402],[109.0477,13.9452],[109.046,13.9442],[109.0449,13.9412],[109.0456,13.9401],[109.0482,13.9381],[109.0484,13.9359],[109.0498,13.9358],[109.0537,13.9376],[109.0552,13.9352],[109.0553,13.9339],[109.0561,13.9333],[109.0568,13.9335],[109.0571,13.9333],[109.0589,13.9339],[109.0637,13.9343],[109.0654,13.936],[109.0845,13.938],[109.0863,13.9377],[109.0865,13.9368],[109.0871,13.9364],[109.0909,13.9357],[109.0915,13.9392],[109.0939,13.9391],[109.0951,13.94],[109.0968,13.9402],[109.0983,13.9398],[109.0999,13.9386],[109.0998,13.9379],[109.1014,13.9381],[109.1017,13.9378],[109.1015,13.9373],[109.102,13.9368],[109.1018,13.9364],[109.1024,13.9363],[109.103,13.9356],[109.1034,13.9358],[109.1063,13.9335],[109.1072,13.9329],[109.1077,13.9319],[109.1087,13.9317],[109.1111,13.9298],[109.1132,13.9297],[109.1161,13.9312],[109.1164,13.9298],[109.1157,13.9278],[109.115,13.9213],[109.1194,13.921],[109.1192,13.9169],[109.1216,13.9169],[109.1217,13.9165],[109.1238,13.9169],[109.1239,13.9151],[109.1245,13.9151],[109.1247,13.9142],[109.1261,13.915],[109.128,13.915],[109.1291,13.9162],[109.1315,13.9158],[109.1321,13.9162],[109.1317,13.9168],[109.133,13.9174],[109.1334,13.9171],[109.1342,13.9187],[109.1359,13.9184],[109.137,13.9193],[109.1368,13.9201],[109.1397,13.9206],[109.1409,13.9205],[109.1417,13.9187],[109.143,13.9184],[109.1437,13.9176],[109.1438,13.9165],[109.1457,13.9163],[109.1484,13.9172],[109.1499,13.9182],[109.1514,13.9173],[109.1527,13.9176],[109.1528,13.9183],[109.1563,13.9191],[109.1564,13.9195],[109.1592,13.9195],[109.1596,13.92],[109.161,13.9193],[109.1617,13.9195],[109.1628,13.9211],[109.1648,13.9217],[109.169,13.921],[109.1686,13.9201],[109.1691,13.9201],[109.1691,13.9193],[109.1685,13.9187],[109.1692,13.9181],[109.17,13.9183],[109.1709,13.9179],[109.1708,13.9174],[109.1713,13.917],[109.172,13.9173],[109.1728,13.9169],[109.1729,13.9176],[109.1741,13.9172],[109.174,13.9167],[109.1749,13.9168],[109.1756,13.9167],[109.1759,13.9161],[109.1767,13.9162],[109.1767,13.9157],[109.1782,13.9162],[109.1792,13.9197],[109.1841,13.919],[109.1858,13.9182],[109.186,13.9195],[109.188,13.92],[109.1888,13.9225],[109.1873,13.9229],[109.1883,13.9259],[109.1843,13.9264],[109.1843,13.9276],[109.1839,13.9271],[109.1833,13.9272],[109.1834,13.9278],[109.1828,13.9279],[109.1828,13.9294],[109.1776,13.9309],[109.1773,13.9304],[109.1759,13.9305],[109.1758,13.9301],[109.1743,13.9298],[109.1738,13.9294],[109.1722,13.9299],[109.1721,13.9313],[109.1738,13.932],[109.1739,13.9323],[109.1748,13.9346],[109.1751,13.9372],[109.1769,13.9376],[109.1773,13.9406],[109.1785,13.9418],[109.1766,13.9429],[109.1759,13.9466],[109.175,13.9476],[109.1742,13.9481],[109.173,13.9473],[109.1729,13.9465],[109.1716,13.9464],[109.172,13.9457],[109.1709,13.9459],[109.1702,13.9471],[109.1693,13.9477],[109.1694,13.9487],[109.1684,13.9498],[109.1664,13.9505],[109.1657,13.9498],[109.1652,13.9499],[109.1641,13.9519],[109.1635,13.952],[109.1634,13.9523]]]},"properties":{"code":"21925","name":"An Nhơn Bắc","nameEn":"An Nhon Bac","fullName":"Phường An Nhơn Bắc","fullNameEn":"An Nhon Bac Ward","codeName":"an_nhon_bac","postalCode":"55273","postalCodePrefix":"","gisServerId":"diaphanhanhchinhcapxa_2025.3012","areaKm2":31.95},"id":"21925"},
{"type":"Feature","geometry":{"type":"Polygon","coordinates":[[[109.1484,13.9172],[109.1457,13.9163],[109.1438,13.9165],[109.1437,13.9176],[109.143,13.9184],[109.1417,13.9187],[109.1409,13.9205],[109.1397,13.9206],[109.1368,13.9201],[109.137,13.9193],[109.1359,13.9184],[109.1342,13.9187],[109.1334,13.9171],[109.133,13.9174],[109.1317,13.9168],[109.1321,13.9162],[109.1315,13.9158],[109.1291,13.9162],[109.128,13.915],[109.1261,13.915],[109.1247,13.9142],[109.1245,13.9151],[109.1239,13.9151],[109.1238,13.9169],[109.1217,13.9165],[109.1216,13.9169],[109.1192,13.9169],[109.1194,13.921],[109.115,13.9213],[109.1157,13.9278],[109.1164,13.9298],[109.1161,13.9312],[109.1132,13.9297],[109.1111,13.9298],[109.1087,13.9317],[109.1077,13.9319],[109.1072,13.9329],[109.1063,13.9335],[109.1032,13.9316],[109.1009,13.9318],[109.0995,13.9316],[109.0947,13.927],[109.0933,13.9245],[109.0929,13.9219],[109.0932,13.9211],[109.0949,13.9193],[109.0947,13.9184],[109.0915,13.9178],[109.0904,13.9172],[109.0896,13.9163],[109.0896,13.9143],[109.0887,13.9119],[109.0848,13.908],[109.0862,13.9038],[109.0867,13.9034],[109.0865,13.9031],[109.088,13.902],[109.0903,13.9022],[109.091,13.9016],[109.0914,13.9012],[109.0912,13.9008],[109.0905,13.9006],[109.09,13.9009],[109.0898,13.9006],[109.0919,13.8982],[109.0896,13.8952],[109.0891,13.8949],[109.0869,13.895],[109.0874,13.8937],[109.0907,13.8934],[109.0933,13.891],[109.0939,13.891],[109.0943,13.8914],[109.0955,13.8911],[109.0956,13.8925],[109.096,13.8919],[109.0972,13.8931],[109.0985,13.893],[109.0987,13.8936],[109.0995,13.893],[109.1005,13.8933],[109.1021,13.8928],[109.1025,13.8944],[109.103,13.8945],[109.1055,13.8926],[109.1052,13.8913],[109.1072,13.8906],[109.1074,13.8916],[109.109,13.8908],[109.1121,13.8932],[109.1134,13.8933],[109.114,13.8928],[109.1142,13.8939],[109.1149,13.8948],[109.114,13.895],[109.114,13.8954],[109.1154,13.8954],[109.1154,13.896],[109.1195,13.8948],[109.1236,13.8958],[109.1235,13.8936],[109.1247,13.8942],[109.1259,13.8943],[109.126,13.8958],[109.1264,13.8963],[109.126,13.8972],[109.1266,13.8972],[109.1267,13.8977],[109.1266,13.898],[109.1261,13.8981],[109.126,13.8988],[109.1264,13.9001],[109.1249,13.9006],[109.1235,13.8999],[109.1219,13.901],[109.1218,13.9023],[109.1208,13.9029],[109.121,13.904],[109.1225,13.9056],[109.1232,13.9071],[109.1238,13.9073],[109.1262,13.9062],[109.129,13.9068],[109.1301,13.9064],[109.1312,13.9068],[109.1324,13.9068],[109.1342,13.9063],[109.1359,13.9053],[109.1366,13.9062],[109.1382,13.9074],[109.1425,13.9075],[109.1447,13.907],[109.1461,13.9076],[109.1477,13.9076],[109.1484,13.9081],[109.1487,13.9104],[109.1495,13.9108],[109.1506,13.9101],[109.1514,13.9103],[109.154,13.9129],[109.1535,13.9137],[109.1522,13.9136],[109.1496,13.9149],[109.1494,13.9151],[109.15,13.9154],[109.1501,13.9158],[109.1495,13.9159],[109.1492,13.9165],[109.1483,13.9166],[109.1484,13.9172]]]},"properties":{"code":"21934","name":"An Nhơn Đông","nameEn":"An Nhon Dong","fullName":"Phường An Nhơn Đông","fullNameEn":"An Nhon Dong Ward","codeName":"an_nhon_dong","postalCode":"55272","postalCodePrefix":"","gisServerId":"diaphanhanhchinhcapxa_2025.3013","areaKm2":17.21},"id":"21934"},
{"type":"Feature","geometry":{"type":"Polygon","coordinates":[[[109.068,13.8819],[109.0633,13.8818],[109.0606,13.8825],[109.0583,13.8846],[109.0539,13.8861],[109.0498,13.8898],[109.0455,13.8916],[109.0403,13.8917],[109.0396,13.8913],[109.0392,13.8921],[109.0388,13.8917],[109.0383,13.8922],[109.0373,13.8923],[109.0369,13.892],[109.0366,13.8895],[109.0342,13.8901],[109.0331,13.8893],[109.0324,13.8894],[109.0323,13.889],[109.0304,13.8892],[109.0303,13.8887],[109.0254,13.888],[109.0213,13.8858],[109.0213,13.8852],[109.0198,13.885],[109.0184,13.8856],[109.0169,13.8844],[109.0165,13.8835],[109.0148,13.8837],[109.0145,13.882],[109.0138,13.8811],[109.0136,13.8801],[109.0143,13.8791],[109.0134,13.8776],[109.0135,13.8759],[109.013,13.874],[109.014,13.8705],[109.0139,13.8694],[109.0122,13.8662],[109.0096,13.8628],[109.0094,13.8597],[109.0084,13.8581],[109.0086,13.8563],[109.008,13.8534],[109.0088,13.8517],[109.0089,13.8504],[109.0084,13.8488],[109.0084,13.8462],[109.0078,13.8443],[109.0068,13.8425],[109.0039,13.8423],[109.0034,13.8403],[109.0022,13.8407],[108.9994,13.839],[108.9985,13.8392],[108.9959,13.8383],[108.9947,13.8363],[108.9936,13.8357],[108.9928,13.8347],[108.9904,13.8339],[108.9902,13.8333],[108.9912,13.8291],[108.9907,13.8275],[108.9872,13.827],[108.9862,13.8264],[108.9807,13.8257],[108.9789,13.8222],[108.9776,13.8226],[108.9756,13.8241],[108.9737,13.8239],[108.973,13.8236],[108.9709,13.8215],[108.9681,13.8199],[108.9667,13.8195],[108.9634,13.8195],[108.9623,13.8204],[108.9624,13.8217],[108.9608,13.8226],[108.9583,13.8265],[108.9557,13.8267],[108.955,13.8273],[108.9528,13.8284],[108.951,13.8283],[108.9508,13.826],[108.9516,13.8222],[108.9528,13.8207],[108.9544,13.8196],[108.9559,13.8192],[108.9573,13.818],[108.957,13.8172],[108.9574,13.8159],[108.9564,13.8153],[108.9562,13.8147],[108.9576,13.813],[108.9585,13.8092],[108.9596,13.8075],[108.9628,13.8055],[108.9638,13.8058],[108.9642,13.8065],[108.9652,13.8062],[108.9681,13.8047],[108.9683,13.8038],[108.9692,13.8033],[108.9704,13.8035],[108.971,13.8027],[108.972,13.8031],[108.9739,13.8031],[108.9728,13.799],[108.9723,13.7985],[108.9725,13.7963],[108.9727,13.7959],[108.9759,13.7953],[108.9801,13.7917],[108.9826,13.7889],[108.9833,13.7871],[108.9841,13.7862],[108.9845,13.7857],[108.9849,13.7853],[108.9862,13.7851],[108.9888,13.7821],[108.9901,13.7821],[108.9919,13.7809],[108.9937,13.7807],[108.9984,13.7817],[108.9992,13.7793],[108.9987,13.7767],[108.9996,13.7754],[108.9979,13.7737],[108.9986,13.7733],[108.9995,13.7716],[108.9996,13.7684],[109,13.767],[109.0006,13.766],[109.0018,13.7651],[109.0014,13.7634],[109.003,13.762],[109.0036,13.7598],[109.0061,13.7574],[109.0059,13.7557],[109.0068,13.7541],[109.0088,13.7531],[109.0103,13.7531],[109.0137,13.7543],[109.0159,13.7562],[109.0164,13.7572],[109.0184,13.7579],[109.0194,13.758],[109.0216,13.7565],[109.0228,13.7577],[109.0243,13.7579],[109.027,13.7574],[109.0294,13.7589],[109.0294,13.7614],[109.0312,13.7649],[109.0323,13.7691],[109.0331,13.7706],[109.0329,13.7724],[109.0312,13.7749],[109.0296,13.7787],[109.0283,13.78],[109.0297,13.786],[109.0301,13.7866],[109.0312,13.7872],[109.0317,13.7883],[109.0327,13.7892],[109.0337,13.7897],[109.0351,13.7895],[109.0403,13.7932],[109.0423,13.7927],[109.0456,13.7926],[109.0474,13.7936],[109.0463,13.7951],[109.0461,13.7962],[109.0441,13.7984],[109.0441,13.7993],[109.043,13.801],[109.0422,13.8016],[109.0423,13.8035],[109.0439,13.8057],[109.0421,13.8077],[109.0416,13.8103],[109.0398,13.8122],[109.0386,13.8123],[109.0376,13.8134],[109.038,13.8155],[109.0356,13.817],[109.0346,13.8189],[109.0328,13.8196],[109.0293,13.8223],[109.0292,13.8234],[109.0276,13.8242],[109.0268,13.8256],[109.0244,13.827],[109.0239,13.8284],[109.0256,13.829],[109.0257,13.8303],[109.0265,13.8305],[109.0266,13.8309],[109.0281,13.8309],[109.0283,13.8305],[109.0295,13.8307],[109.0301,13.83],[109.031,13.8303],[109.0315,13.8309],[109.0309,13.8318],[109.0313,13.8324],[109.0326,13.8325],[109.034,13.8338],[109.0361,13.8336],[109.0365,13.8345],[109.0374,13.8346],[109.038,13.8383],[109.0374,13.839],[109.0375,13.8415],[109.037,13.8437],[109.0374,13.8445],[109.0386,13.8451],[109.0391,13.8473],[109.039,13.8508],[109.0396,13.8548],[109.0406,13.8567],[109.0406,13.858],[109.0418,13.8579],[109.0426,13.8572],[109.0427,13.8577],[109.0434,13.8578],[109.0448,13.8587],[109.045,13.8591],[109.044,13.8597],[109.0435,13.8611],[109.0443,13.8622],[109.0459,13.8627],[109.0473,13.862],[109.0532,13.8654],[109.0535,13.866],[109.055,13.866],[109.0561,13.8666],[109.0569,13.8665],[109.0571,13.8673],[109.058,13.8676],[109.0584,13.8682],[109.0587,13.8692],[109.0584,13.871],[109.0589,13.8716],[109.0598,13.8718],[109.0594,13.8721],[109.0604,13.875],[109.0622,13.8747],[109.0637,13.8749],[109.0671,13.8739],[109.0673,13.8734],[109.0678,13.8737],[109.0682,13.8733],[109.0684,13.8736],[109.0731,13.8734],[109.0734,13.8751],[109.0739,13.8756],[109.0763,13.8767],[109.0729,13.8808],[109.068,13.8819]]]},"properties":{"code":"21940","name":"An Nhơn Tây","nameEn":"An Nhon Tay","fullName":"Xã An Nhơn Tây","fullNameEn":"An Nhon Tay Commune","codeName":"an_nhon_tay","postalCode":"55274","postalCodePrefix":"","gisServerId":"diaphanhanhchinhcapxa_2025.3024","areaKm2":75.5},"id":"21940"},
{"type":"Feature","geometry":{"type":"Polygon","coordinates":[[[109.0552,13.7869],[109.0556,13.7871],[109.0572,13.7878],[109.0577,13.7891],[109.0619,13.7898],[109.0633,13.7904],[109.0636,13.7911],[109.0642,13.7912],[109.0625,13.7957],[109.0634,13.7964],[109.0634,13.7979],[109.0643,13.7974],[109.0671,13.7989],[109.0696,13.799],[109.0702,13.7994],[109.069,13.8022],[109.0683,13.8056],[109.0704,13.8079],[109.0714,13.8082],[109.0712,13.8089],[109.0723,13.8097],[109.0731,13.8124],[109.0728,13.8145],[109.0717,13.8163],[109.0719,13.817],[109.0703,13.821],[109.0716,13.8212],[109.0726,13.8224],[109.0729,13.8243],[109.0739,13.8259],[109.0774,13.8267],[109.0798,13.8248],[109.0817,13.8247],[109.0826,13.8237],[109.0853,13.8243],[109.0894,13.8236],[109.09,13.8239],[109.0896,13.8248],[109.0901,13.8261],[109.0911,13.8266],[109.0923,13.8281],[109.0955,13.8288],[109.0966,13.8285],[109.0976,13.8303],[109.0989,13.8296],[109.1,13.8285],[109.102,13.8292],[109.1031,13.8293],[109.104,13.8288],[109.1073,13.8309],[109.1068,13.8325],[109.1078,13.8338],[109.1078,13.8346],[109.1065,13.8364],[109.1061,13.8377],[109.107,13.8406],[109.1077,13.8412],[109.1077,13.842],[109.1107,13.8426],[109.1135,13.846],[109.115,13.8467],[109.1161,13.8463],[109.1164,13.8483],[109.1174,13.8491],[109.1184,13.8491],[109.1189,13.85],[109.1198,13.8508],[109.1205,13.851],[109.121,13.8519],[109.1225,13.8509],[109.1233,13.8521],[109.1236,13.8539],[109.1249,13.8555],[109.1253,13.8593],[109.1275,13.8598],[109.1277,13.8608],[109.1283,13.8613],[109.1284,13.8619],[109.1298,13.8622],[109.1294,13.8659],[109.1308,13.8662],[109.1315,13.8669],[109.131,13.8672],[109.1311,13.8674],[109.1323,13.8672],[109.133,13.8677],[109.1329,13.8683],[109.1334,13.8686],[109.1347,13.8701],[109.1362,13.871],[109.1372,13.8708],[109.1374,13.8716],[109.136,13.8713],[109.1356,13.8721],[109.1358,13.8728],[109.1339,13.8734],[109.1317,13.8751],[109.1288,13.8754],[109.127,13.8749],[109.1253,13.8745],[109.1231,13.8747],[109.1182,13.8772],[109.1164,13.8766],[109.1147,13.8745],[109.1131,13.8742],[109.111,13.8754],[109.1057,13.8806],[109.1044,13.8813],[109.1025,13.8809],[109.0987,13.878],[109.0966,13.8769],[109.0915,13.8812],[109.0868,13.8808],[109.0859,13.8811],[109.0855,13.8819],[109.0856,13.8838],[109.0851,13.8843],[109.0836,13.8835],[109.082,13.8815],[109.0825,13.8786],[109.0822,13.8777],[109.0797,13.8774],[109.0784,13.8792],[109.0781,13.8819],[109.0772,13.884],[109.0763,13.8853],[109.0755,13.8857],[109.0745,13.8855],[109.0709,13.8826],[109.0696,13.8827],[109.068,13.8819],[109.0729,13.8808],[109.0763,13.8767],[109.0739,13.8756],[109.0734,13.8751],[109.0731,13.8734],[109.0684,13.8736],[109.0682,13.8733],[109.0678,13.8737],[109.0673,13.8734],[109.0671,13.8739],[109.0637,13.8749],[109.0622,13.8747],[109.0604,13.875],[109.0594,13.8721],[109.0598,13.8718],[109.0589,13.8716],[109.0584,13.871],[109.0587,13.8692],[109.0584,13.8682],[109.058,13.8676],[109.0571,13.8673],[109.0569,13.8665],[109.0561,13.8666],[109.055,13.866],[109.0535,13.866],[109.0532,13.8654],[109.0473,13.862],[109.0459,13.8627],[109.0443,13.8622],[109.0435,13.8611],[109.044,13.8597],[109.045,13.8591],[109.0448,13.8587],[109.0434,13.8578],[109.0427,13.8577],[109.0426,13.8572],[109.0418,13.8579],[109.0406,13.858],[109.0406,13.8567],[109.0396,13.8548],[109.039,13.8508],[109.0391,13.8473],[109.0386,13.8451],[109.0374,13.8445],[109.037,13.8437],[109.0375,13.8415],[109.0374,13.839],[109.038,13.8383],[109.0374,13.8346],[109.0365,13.8345],[109.0361,13.8336],[109.034,13.8338],[109.0326,13.8325],[109.0313,13.8324],[109.0309,13.8318],[109.0315,13.8309],[109.031,13.8303],[109.0301,13.83],[109.0295,13.8307],[109.0283,13.8305],[109.0281,13.8309],[109.0266,13.8309],[109.0265,13.8305],[109.0257,13.8303],[109.0256,13.829],[109.0239,13.8284],[109.0244,13.827],[109.0268,13.8256],[109.0276,13.8242],[109.0292,13.8234],[109.0293,13.8223],[109.0328,13.8196],[109.0346,13.8189],[109.0356,13.817],[109.038,13.8155],[109.0376,13.8134],[109.0386,13.8123],[109.0398,13.8122],[109.0416,13.8103],[109.0421,13.8077],[109.0439,13.8057],[109.0423,13.8035],[109.0422,13.8016],[109.043,13.801],[109.0441,13.7993],[109.0441,13.7984],[109.0461,13.7962],[109.0463,13.7951],[109.0474,13.7936],[109.047,13.7923],[109.0489,13.7904],[109.0501,13.7877],[109.0515,13.7873],[109.053,13.7876],[109.0552,13.7869]]]},"properties":{"code":"21943","name":"An Nhơn Nam","nameEn":"An Nhon Nam","fullName":"Phường An Nhơn Nam","fullNameEn":"An Nhon Nam Ward","codeName":"an_nhon_nam","postalCode":"55275","postalCodePrefix":"","gisServerId":"diaphanhanhchinhcapxa_2025.3023","areaKm2":60.05},"id":"21943"},
{"type":"Feature","geometry":{"type":"Polygon","coordinates":[[[109.1803,13.859],[109.1798,13.853],[109.1777,13.8504],[109.179,13.849],[109.1792,13.8477],[109.1788,13.8473],[109.1772,13.8475],[109.1768,13.8471],[109.1738,13.8471],[109.1719,13.8485],[109.1716,13.8482],[109.1669,13.8505],[109.1668,13.8519],[109.1659,13.8536],[109.166,13.8559],[109.1665,13.857],[109.1661,13.8593],[109.1655,13.8598],[109.1647,13.8594],[109.164,13.8607],[109.1613,13.8601],[109.1611,13.8578],[109.1599,13.8583],[109.1599,13.8588],[109.1592,13.8594],[109.1572,13.8597],[109.157,13.8589],[109.1565,13.8587],[109.1552,13.8565],[109.1553,13.8559],[109.1543,13.8558],[109.1543,13.8555],[109.1504,13.8554],[109.1495,13.8557],[109.1498,13.8565],[109.1485,13.8585],[109.1491,13.8587],[109.1471,13.8599],[109.1445,13.8603],[109.1445,13.8614],[109.1415,13.8606],[109.1394,13.8604],[109.1378,13.8614],[109.135,13.8644],[109.1349,13.865],[109.1362,13.8663],[109.135,13.8669],[109.1334,13.8686],[109.1329,13.8683],[109.133,13.8677],[109.1323,13.8672],[109.1311,13.8674],[109.131,13.8672],[109.1315,13.8669],[109.1308,13.8662],[109.1294,13.8659],[109.1298,13.8622],[109.1284,13.8619],[109.1283,13.8613],[109.1277,13.8608],[109.1275,13.8598],[109.1253,13.8593],[109.1249,13.8555],[109.1236,13.8539],[109.1233,13.8521],[109.1225,13.8509],[109.121,13.8519],[109.1205,13.851],[109.1198,13.8508],[109.1189,13.85],[109.1184,13.8491],[109.1174,13.8491],[109.1164,13.8483],[109.1161,13.8463],[109.1176,13.8438],[109.1212,13.8425],[109.1214,13.8414],[109.1226,13.8404],[109.1237,13.8409],[109.1258,13.8392],[109.1284,13.8386],[109.128,13.8373],[109.1291,13.837],[109.1283,13.8349],[109.1297,13.8344],[109.1294,13.8337],[109.131,13.8331],[109.1318,13.8337],[109.1336,13.8327],[109.1337,13.8339],[109.1374,13.8332],[109.1387,13.8324],[109.1393,13.8298],[109.1393,13.8275],[109.1405,13.8259],[109.1408,13.8244],[109.1417,13.8235],[109.1417,13.8214],[109.143,13.819],[109.1419,13.8155],[109.1419,13.8125],[109.1429,13.8115],[109.1438,13.8078],[109.1414,13.8049],[109.141,13.8034],[109.1424,13.8014],[109.1432,13.7975],[109.1525,13.8014],[109.1547,13.8021],[109.1561,13.8018],[109.1575,13.8034],[109.158,13.8054],[109.1586,13.8061],[109.1607,13.8053],[109.1617,13.8054],[109.1623,13.8057],[109.1618,13.8066],[109.1626,13.807],[109.1641,13.8066],[109.1647,13.8078],[109.1663,13.8093],[109.1675,13.8093],[109.1689,13.8086],[109.1702,13.8091],[109.1723,13.8118],[109.1715,13.8141],[109.1721,13.8154],[109.1751,13.8154],[109.1775,13.8145],[109.1782,13.8149],[109.1786,13.8147],[109.1787,13.816],[109.1796,13.8178],[109.1788,13.8184],[109.1778,13.8182],[109.1778,13.8187],[109.177,13.8188],[109.178,13.8211],[109.1772,13.8206],[109.1759,13.8216],[109.1754,13.8226],[109.1766,13.8283],[109.1778,13.8273],[109.1781,13.8256],[109.1786,13.8252],[109.1828,13.8244],[109.1858,13.8232],[109.1902,13.818],[109.1927,13.8171],[109.1972,13.8175],[109.1991,13.8173],[109.2,13.8149],[109.1996,13.8134],[109.1998,13.8122],[109.2014,13.8126],[109.2054,13.8163],[109.2068,13.8167],[109.2107,13.8162],[109.2138,13.8163],[109.2146,13.8148],[109.2148,13.8118],[109.2164,13.8113],[109.2185,13.8115],[109.2198,13.8125],[109.2238,13.8183],[109.225,13.8189],[109.2291,13.8191],[109.2396,13.8175],[109.2487,13.8349],[109.2269,13.8492],[109.2238,13.8508],[109.2225,13.8509],[109.2217,13.8519],[109.22,13.8522],[109.2186,13.8543],[109.218,13.8537],[109.2166,13.8539],[109.2166,13.8554],[109.2169,13.8559],[109.2161,13.8565],[109.2141,13.8562],[109.2127,13.8567],[109.2116,13.8549],[109.2108,13.8518],[109.1929,13.8497],[109.1938,13.8464],[109.1906,13.8465],[109.1876,13.8452],[109.187,13.8471],[109.1874,13.8477],[109.1872,13.8485],[109.1868,13.8487],[109.1847,13.8514],[109.1843,13.8514],[109.1833,13.8523],[109.1816,13.8577],[109.181,13.8589],[109.1803,13.859]]]},"properties":{"code":"21952","name":"Tuy Phước","nameEn":"Tuy Phuoc","fullName":"Xã Tuy Phước","fullNameEn":"Tuy Phuoc Commune","codeName":"tuy_phuoc","postalCode":"55206","postalCodePrefix":"","gisServerId":"diaphanhanhchinhcapxa_2025.3014","areaKm2":53.37},"id":"21952"},
{"type":"Feature","geometry":{"type":"Polygon","coordinates":[[[109.1782,13.9162],[109.1767,13.9157],[109.1767,13.9162],[109.1759,13.9161],[109.1756,13.9167],[109.1749,13.9168],[109.174,13.9167],[109.1741,13.9172],[109.1729,13.9176],[109.1728,13.9169],[109.172,13.9173],[109.1713,13.917],[109.1708,13.9174],[109.1709,13.9179],[109.17,13.9183],[109.1692,13.9181],[109.1685,13.9187],[109.1691,13.9193],[109.1691,13.9201],[109.1686,13.9201],[109.169,13.921],[109.1648,13.9217],[109.1628,13.9211],[109.1617,13.9195],[109.161,13.9193],[109.1596,13.92],[109.1592,13.9195],[109.1564,13.9195],[109.1563,13.9191],[109.1528,13.9183],[109.1527,13.9176],[109.1514,13.9173],[109.1499,13.9182],[109.1484,13.9172],[109.1483,13.9166],[109.1492,13.9165],[109.1495,13.9159],[109.1501,13.9158],[109.15,13.9154],[109.1494,13.9151],[109.1496,13.9149],[109.1522,13.9136],[109.1535,13.9137],[109.154,13.9129],[109.1514,13.9103],[109.1506,13.9101],[109.1495,13.9108],[109.1487,13.9104],[109.1484,13.9081],[109.1477,13.9076],[109.1461,13.9076],[109.1447,13.907],[109.1425,13.9075],[109.1382,13.9074],[109.1366,13.9062],[109.1359,13.9053],[109.1342,13.9063],[109.1324,13.9068],[109.1312,13.9068],[109.1301,13.9064],[109.129,13.9068],[109.1262,13.9062],[109.1238,13.9073],[109.1232,13.9071],[109.1225,13.9056],[109.121,13.904],[109.1208,13.9029],[109.1218,13.9023],[109.1219,13.901],[109.1235,13.8999],[109.1249,13.9006],[109.1264,13.9001],[109.126,13.8988],[109.1261,13.8981],[109.1266,13.898],[109.1267,13.8977],[109.1266,13.8972],[109.126,13.8972],[109.1264,13.8963],[109.126,13.8958],[109.1259,13.8943],[109.1247,13.8942],[109.1235,13.8936],[109.121,13.8939],[109.1202,13.8918],[109.1208,13.8915],[109.1209,13.889],[109.1218,13.8873],[109.1249,13.8869],[109.1247,13.8865],[109.1259,13.8858],[109.1275,13.8856],[109.1284,13.8849],[109.1287,13.8851],[109.1268,13.8804],[109.1258,13.88],[109.126,13.8797],[109.1267,13.8797],[109.126,13.8762],[109.1265,13.8761],[109.127,13.8749],[109.1288,13.8754],[109.1317,13.8751],[109.1339,13.8734],[109.1358,13.8728],[109.1356,13.8721],[109.136,13.8713],[109.1374,13.8716],[109.1372,13.8708],[109.1362,13.871],[109.1347,13.8701],[109.1334,13.8686],[109.135,13.8669],[109.1362,13.8663],[109.1349,13.865],[109.135,13.8644],[109.1378,13.8614],[109.1394,13.8604],[109.1415,13.8606],[109.1445,13.8614],[109.1445,13.8603],[109.1471,13.8599],[109.1491,13.8587],[109.1485,13.8585],[109.1498,13.8565],[109.1495,13.8557],[109.1504,13.8554],[109.1543,13.8555],[109.1543,13.8558],[109.1553,13.8559],[109.1552,13.8565],[109.1565,13.8587],[109.157,13.8589],[109.1572,13.8597],[109.1592,13.8594],[109.1599,13.8588],[109.1599,13.8583],[109.1611,13.8578],[109.1613,13.8601],[109.164,13.8607],[109.1647,13.8594],[109.1655,13.8598],[109.1661,13.8593],[109.1665,13.857],[109.166,13.8559],[109.1659,13.8536],[109.1668,13.8519],[109.1669,13.8505],[109.1716,13.8482],[109.1719,13.8485],[109.1738,13.8471],[109.1768,13.8471],[109.1772,13.8475],[109.1788,13.8473],[109.1792,13.8477],[109.179,13.849],[109.1777,13.8504],[109.1798,13.853],[109.1803,13.859],[109.1809,13.8605],[109.1834,13.8628],[109.1849,13.865],[109.1847,13.8663],[109.185,13.8672],[109.1836,13.8698],[109.1841,13.8701],[109.1836,13.871],[109.1838,13.8726],[109.1852,13.8728],[109.186,13.8781],[109.1867,13.8779],[109.1877,13.8783],[109.188,13.8778],[109.1892,13.8779],[109.1898,13.8802],[109.1906,13.8803],[109.1908,13.882],[109.1915,13.8821],[109.1919,13.8836],[109.1912,13.8853],[109.1916,13.8874],[109.1921,13.8876],[109.1914,13.8882],[109.19,13.8884],[109.1899,13.8878],[109.1906,13.8869],[109.19,13.8866],[109.1886,13.8878],[109.1875,13.888],[109.187,13.8858],[109.184,13.8853],[109.1836,13.8839],[109.1832,13.8836],[109.1822,13.884],[109.1813,13.8868],[109.1803,13.8864],[109.1807,13.8853],[109.1795,13.8845],[109.1778,13.8842],[109.1755,13.885],[109.1747,13.8856],[109.1742,13.8844],[109.1735,13.8837],[109.1713,13.8839],[109.1693,13.8857],[109.169,13.8863],[109.17,13.8867],[109.1708,13.8877],[109.1712,13.8905],[109.1721,13.8907],[109.1706,13.8912],[109.1707,13.8923],[109.1714,13.8936],[109.1722,13.8937],[109.1722,13.8943],[109.1728,13.8949],[109.175,13.8948],[109.1756,13.895],[109.1759,13.8956],[109.1773,13.8958],[109.1778,13.896],[109.1781,13.8976],[109.1789,13.8975],[109.1788,13.8964],[109.1792,13.8955],[109.1801,13.8951],[109.1811,13.8952],[109.1818,13.8959],[109.1832,13.8965],[109.184,13.8963],[109.1852,13.8975],[109.1851,13.8984],[109.1845,13.899],[109.1836,13.899],[109.1832,13.8995],[109.1831,13.9001],[109.1838,13.9006],[109.1836,13.9014],[109.1838,13.9019],[109.183,13.9036],[109.1836,13.9043],[109.1826,13.9051],[109.1826,13.9059],[109.1831,13.9058],[109.1835,13.9064],[109.1836,13.908],[109.1844,13.9086],[109.1853,13.9085],[109.1857,13.9096],[109.1843,13.9105],[109.1832,13.9099],[109.1825,13.91],[109.1812,13.9117],[109.1805,13.9117],[109.1795,13.9145],[109.1798,13.9154],[109.1784,13.9158],[109.1782,13.9162]]]},"properties":{"code":"21964","name":"Tuy Phước Bắc","nameEn":"Tuy Phuoc Bac","fullName":"Xã Tuy Phước Bắc","fullNameEn":"Tuy Phuoc Bac Commune","codeName":"tuy_phuoc_bac","postalCode":"55220","postalCodePrefix":"","gisServerId":"diaphanhanhchinhcapxa_2025.3016","areaKm2":37.03},"id":"21964"},
{"type":"Feature","geometry":{"type":"Polygon","coordinates":[[[109.2594,13.9009],[109.2468,13.9036],[109.2452,13.905],[109.2401,13.9057],[109.2385,13.9049],[109.2387,13.9055],[109.2381,13.9071],[109.236,13.9099],[109.2349,13.912],[109.2339,13.9125],[109.2338,13.913],[109.233,13.912],[109.2318,13.9125],[109.2322,13.9126],[109.2326,13.9141],[109.2336,13.9153],[109.2343,13.9177],[109.2355,13.9188],[109.2331,13.9205],[109.2326,13.9215],[109.2327,13.9227],[109.2305,13.9231],[109.2308,13.9241],[109.2281,13.925],[109.2278,13.926],[109.2262,13.9263],[109.2265,13.9277],[109.2224,13.9273],[109.2226,13.9243],[109.2218,13.9243],[109.2218,13.926],[109.221,13.9275],[109.2201,13.9272],[109.2201,13.9256],[109.2192,13.9258],[109.2189,13.925],[109.2163,13.9231],[109.2123,13.924],[109.2122,13.923],[109.2116,13.9226],[109.2126,13.9206],[109.2115,13.9198],[109.2108,13.9199],[109.2088,13.9208],[109.2085,13.9218],[109.2071,13.922],[109.2066,13.9232],[109.2052,13.9231],[109.2045,13.9242],[109.2049,13.9247],[109.2044,13.9247],[109.2039,13.9256],[109.2014,13.9251],[109.2004,13.9259],[109.2,13.9251],[109.1991,13.9252],[109.199,13.9247],[109.1985,13.9249],[109.1985,13.9254],[109.1979,13.9255],[109.198,13.9259],[109.1974,13.9264],[109.197,13.9266],[109.1969,13.9263],[109.1965,13.9263],[109.1964,13.9296],[109.1957,13.9305],[109.1872,13.9334],[109.1833,13.9357],[109.1787,13.9376],[109.1769,13.9376],[109.1751,13.9372],[109.1748,13.9346],[109.1739,13.9323],[109.1738,13.932],[109.1721,13.9313],[109.1722,13.9299],[109.1738,13.9294],[109.1743,13.9298],[109.1758,13.9301],[109.1759,13.9305],[109.1773,13.9304],[109.1776,13.9309],[109.1828,13.9294],[109.1828,13.9279],[109.1834,13.9278],[109.1833,13.9272],[109.1839,13.9271],[109.1843,13.9276],[109.1843,13.9264],[109.1883,13.9259],[109.1873,13.9229],[109.1888,13.9225],[109.188,13.92],[109.186,13.9195],[109.1858,13.9182],[109.1841,13.919],[109.1792,13.9197],[109.1782,13.9162],[109.1784,13.9158],[109.1798,13.9154],[109.1795,13.9145],[109.1805,13.9117],[109.1812,13.9117],[109.1825,13.91],[109.1832,13.9099],[109.1843,13.9105],[109.1857,13.9096],[109.1853,13.9085],[109.1844,13.9086],[109.1836,13.908],[109.1835,13.9064],[109.1831,13.9058],[109.1826,13.9059],[109.1826,13.9051],[109.1836,13.9043],[109.183,13.9036],[109.1838,13.9019],[109.1836,13.9014],[109.1838,13.9006],[109.1831,13.9001],[109.1832,13.8995],[109.1836,13.899],[109.1845,13.899],[109.1851,13.8984],[109.1852,13.8975],[109.184,13.8963],[109.1832,13.8965],[109.1818,13.8959],[109.1811,13.8952],[109.1801,13.8951],[109.1792,13.8955],[109.1788,13.8964],[109.1789,13.8975],[109.1781,13.8976],[109.1778,13.896],[109.1773,13.8958],[109.1759,13.8956],[109.1756,13.895],[109.175,13.8948],[109.1728,13.8949],[109.1722,13.8943],[109.1722,13.8937],[109.1714,13.8936],[109.1707,13.8923],[109.1706,13.8912],[109.1721,13.8907],[109.1712,13.8905],[109.1708,13.8877],[109.17,13.8867],[109.169,13.8863],[109.1693,13.8857],[109.1713,13.8839],[109.1735,13.8837],[109.1742,13.8844],[109.1747,13.8856],[109.1755,13.885],[109.1778,13.8842],[109.1795,13.8845],[109.1807,13.8853],[109.1803,13.8864],[109.1813,13.8868],[109.1822,13.884],[109.1832,13.8836],[109.1836,13.8839],[109.184,13.8853],[109.187,13.8858],[109.1875,13.888],[109.1886,13.8878],[109.19,13.8866],[109.1906,13.8869],[109.1899,13.8878],[109.19,13.8884],[109.1914,13.8882],[109.1921,13.8876],[109.1916,13.8874],[109.1912,13.8853],[109.1919,13.8836],[109.1915,13.8821],[109.1908,13.882],[109.1906,13.8803],[109.1898,13.8802],[109.1892,13.8779],[109.188,13.8778],[109.1877,13.8783],[109.1867,13.8779],[109.186,13.8781],[109.1852,13.8728],[109.1838,13.8726],[109.1836,13.871],[109.1841,13.8701],[109.1836,13.8698],[109.185,13.8672],[109.1847,13.8663],[109.1849,13.865],[109.1834,13.8628],[109.1809,13.8605],[109.1803,13.859],[109.181,13.8589],[109.1816,13.8577],[109.1833,13.8523],[109.1843,13.8514],[109.1847,13.8514],[109.1868,13.8487],[109.1872,13.8485],[109.1874,13.8477],[109.187,13.8471],[109.1876,13.8452],[109.1906,13.8465],[109.1938,13.8464],[109.1929,13.8497],[109.2108,13.8518],[109.2116,13.8549],[109.2127,13.8567],[109.2141,13.8562],[109.2161,13.8565],[109.2169,13.8559],[109.2166,13.8554],[109.2166,13.8539],[109.218,13.8537],[109.2186,13.8543],[109.22,13.8522],[109.2217,13.8519],[109.2225,13.8509],[109.2238,13.8508],[109.2269,13.8492],[109.2487,13.8349],[109.2518,13.8404],[109.2531,13.8495],[109.2518,13.8541],[109.2477,13.8641],[109.248,13.8659],[109.2494,13.8689],[109.2497,13.8711],[109.2488,13.875],[109.2477,13.8769],[109.2475,13.8832],[109.2462,13.8893],[109.2471,13.8895],[109.2483,13.8911],[109.2489,13.8935],[109.2568,13.8932],[109.2594,13.9009]]]},"properties":{"code":"21970","name":"Tuy Phước Đông","nameEn":"Tuy Phuoc Dong","fullName":"Xã Tuy Phước Đông","fullNameEn":"Tuy Phuoc Dong Commune","codeName":"tuy_phuoc_dong","postalCode":"55219","postalCodePrefix":"","gisServerId":"diaphanhanhchinhcapxa_2025.3015","areaKm2":60.66},"id":"21970"},
{"type":"Feature","geometry":{"type":"Polygon","coordinates":[[[109.1161,13.8463],[109.115,13.8467],[109.1135,13.846],[109.1107,13.8426],[109.1077,13.842],[109.1077,13.8412],[109.107,13.8406],[109.1061,13.8377],[109.1065,13.8364],[109.1078,13.8346],[109.1078,13.8338],[109.1068,13.8325],[109.1073,13.8309],[109.104,13.8288],[109.1031,13.8293],[109.102,13.8292],[109.1,13.8285],[109.0989,13.8296],[109.0976,13.8303],[109.0966,13.8285],[109.0955,13.8288],[109.0923,13.8281],[109.0911,13.8266],[109.0901,13.8261],[109.0896,13.8248],[109.09,13.8239],[109.0894,13.8236],[109.0853,13.8243],[109.0826,13.8237],[109.0817,13.8247],[109.0798,13.8248],[109.0774,13.8267],[109.0739,13.8259],[109.0729,13.8243],[109.0726,13.8224],[109.0716,13.8212],[109.0703,13.821],[109.0719,13.817],[109.0717,13.8163],[109.0728,13.8145],[109.0731,13.8124],[109.0723,13.8097],[109.0712,13.8089],[109.0714,13.8082],[109.0704,13.8079],[109.0683,13.8056],[109.069,13.8022],[109.0702,13.7994],[109.0696,13.799],[109.0671,13.7989],[109.0643,13.7974],[109.0634,13.7979],[109.0634,13.7964],[109.0625,13.7957],[109.0642,13.7912],[109.0636,13.7911],[109.0633,13.7904],[109.0619,13.7898],[109.0577,13.7891],[109.0572,13.7878],[109.0556,13.7871],[109.0552,13.7869],[109.0549,13.7849],[109.0552,13.7844],[109.0549,13.784],[109.0561,13.7818],[109.056,13.7809],[109.058,13.7794],[109.0586,13.7785],[109.0576,13.7735],[109.0588,13.773],[109.0582,13.7715],[109.059,13.7697],[109.0609,13.7687],[109.061,13.7678],[109.0616,13.7671],[109.061,13.7655],[109.0612,13.7628],[109.0632,13.7608],[109.0639,13.7586],[109.0635,13.7577],[109.0626,13.7572],[109.064,13.756],[109.0671,13.7549],[109.0716,13.7559],[109.074,13.7559],[109.0761,13.757],[109.0814,13.7554],[109.0823,13.7567],[109.0843,13.7566],[109.0908,13.7585],[109.0919,13.7578],[109.093,13.7579],[109.0942,13.7572],[109.1011,13.7517],[109.1028,13.7528],[109.1033,13.7517],[109.1054,13.7519],[109.1069,13.7527],[109.1104,13.7495],[109.1117,13.7474],[109.1147,13.7506],[109.1151,13.753],[109.1165,13.755],[109.117,13.7566],[109.1187,13.7577],[109.1203,13.7581],[109.1208,13.7573],[109.1204,13.7546],[109.1224,13.754],[109.1235,13.7544],[109.1238,13.7541],[109.1246,13.7502],[109.1255,13.7494],[109.1256,13.748],[109.1262,13.7471],[109.126,13.7459],[109.1266,13.7449],[109.13,13.7432],[109.13,13.7445],[109.132,13.7469],[109.136,13.7543],[109.1349,13.7555],[109.1346,13.7579],[109.1346,13.7612],[109.1349,13.7626],[109.1343,13.7655],[109.1346,13.7676],[109.1342,13.7686],[109.1346,13.7698],[109.1337,13.7719],[109.1342,13.7725],[109.134,13.7737],[109.1345,13.7746],[109.134,13.7757],[109.1341,13.7768],[109.1329,13.7796],[109.133,13.7806],[109.1337,13.7812],[109.1332,13.7825],[109.1331,13.7852],[109.1334,13.7856],[109.133,13.7898],[109.1314,13.7912],[109.136,13.7954],[109.1432,13.7975],[109.1424,13.8014],[109.141,13.8034],[109.1414,13.8049],[109.1438,13.8078],[109.1429,13.8115],[109.1419,13.8125],[109.1419,13.8155],[109.143,13.819],[109.1417,13.8214],[109.1417,13.8235],[109.1408,13.8244],[109.1405,13.8259],[109.1393,13.8275],[109.1393,13.8298],[109.1387,13.8324],[109.1374,13.8332],[109.1337,13.8339],[109.1336,13.8327],[109.1318,13.8337],[109.131,13.8331],[109.1294,13.8337],[109.1297,13.8344],[109.1283,13.8349],[109.1291,13.837],[109.128,13.8373],[109.1284,13.8386],[109.1258,13.8392],[109.1237,13.8409],[109.1226,13.8404],[109.1214,13.8414],[109.1212,13.8425],[109.1176,13.8438],[109.1161,13.8463]]]},"properties":{"code":"21985","name":"Tuy Phước Tây","nameEn":"Tuy Phuoc Tay","fullName":"Xã Tuy Phước Tây","fullNameEn":"Tuy Phuoc Tay Commune","codeName":"tuy_phuoc_tay","postalCode":"55221","postalCodePrefix":"","gisServerId":"diaphanhanhchinhcapxa_2025.3017","areaKm2":68.81},"id":"21985"},
{"type":"Feature","geometry":{"type":"Polygon","coordinates":[[[109.1053,13.6598],[109.0971,13.6633],[109.0933,13.6633],[109.0927,13.6647],[109.0898,13.6653],[109.0886,13.6662],[109.0858,13.6657],[109.0778,13.6658],[109.077,13.6666],[109.0768,13.6675],[109.0752,13.669],[109.0733,13.6696],[109.0725,13.6705],[109.0721,13.6732],[109.0716,13.6719],[109.0689,13.6684],[109.0671,13.6647],[109.0603,13.6545],[109.061,13.6521],[109.0619,13.6507],[109.0682,13.6437],[109.072,13.6379],[109.0713,13.6331],[109.0722,13.6291],[109.0712,13.6285],[109.056,13.6231],[109.0474,13.6203],[109.0435,13.6194],[109.0429,13.6099],[109.0448,13.6073],[109.0443,13.6039],[109.045,13.6011],[109.0441,13.6001],[109.0443,13.5969],[109.0426,13.5941],[109.0377,13.5948],[109.0357,13.5955],[109.0344,13.5968],[109.0329,13.5971],[109.0305,13.5996],[109.0289,13.5991],[109.0281,13.5995],[109.0274,13.5989],[109.0263,13.5997],[109.0268,13.6011],[109.0268,13.6026],[109.0262,13.6037],[109.0265,13.6058],[109.0257,13.6061],[109.0252,13.609],[109.0242,13.611],[109.0239,13.6137],[109.0241,13.6148],[109.0221,13.6175],[109.023,13.6197],[109.0235,13.6202],[109.0236,13.6217],[109.024,13.6225],[109.0233,13.6228],[109.0233,13.6242],[109.024,13.6248],[109.0236,13.6258],[109.0225,13.6268],[109.022,13.6302],[109.0212,13.6304],[109.0183,13.6349],[109.0177,13.6351],[109.0156,13.6349],[109.0126,13.6341],[109.0106,13.6331],[109.0095,13.6308],[109.007,13.6296],[109.0027,13.6317],[109.0019,13.6331],[109.0023,13.6341],[109.0059,13.6359],[109.0082,13.6384],[109.0086,13.6442],[109.0093,13.6463],[109.0085,13.6465],[109.0079,13.6458],[109.007,13.646],[109.0063,13.6465],[109.0059,13.6474],[109.0048,13.6471],[109.0038,13.648],[109.0034,13.6476],[109.0035,13.647],[109.0027,13.6465],[109.0026,13.6457],[109.002,13.6458],[109.0014,13.6454],[108.9999,13.6456],[108.9994,13.6447],[108.9986,13.6449],[108.9982,13.6441],[108.9975,13.6438],[108.9971,13.644],[108.9969,13.6446],[108.9959,13.6449],[108.9955,13.6447],[108.9946,13.6454],[108.9939,13.6452],[108.9933,13.6457],[108.991,13.6453],[108.99,13.6464],[108.9877,13.6454],[108.9866,13.6442],[108.9846,13.6439],[108.9838,13.6443],[108.9825,13.6463],[108.9816,13.6468],[108.9812,13.6481],[108.9796,13.649],[108.9792,13.6501],[108.9773,13.65],[108.9765,13.6491],[108.9754,13.6487],[108.972,13.649],[108.9714,13.6494],[108.9711,13.65],[108.9698,13.6502],[108.9687,13.6516],[108.9687,13.6523],[108.9679,13.6535],[108.9666,13.6571],[108.9646,13.6599],[108.9637,13.6631],[108.963,13.6643],[108.9624,13.6663],[108.9626,13.6675],[108.9594,13.6691],[108.9581,13.6704],[108.9554,13.6697],[108.9539,13.6683],[108.9533,13.6635],[108.9524,13.6622],[108.9505,13.663],[108.9497,13.6628],[108.9497,13.6606],[108.9489,13.659],[108.9483,13.6594],[108.9476,13.6589],[108.9464,13.6598],[108.945,13.6602],[108.9434,13.6596],[108.9432,13.6589],[108.9387,13.6589],[108.9394,13.6566],[108.9393,13.6546],[108.9375,13.6514],[108.9371,13.6497],[108.9382,13.6475],[108.9379,13.6458],[108.9373,13.6444],[108.9371,13.6424],[108.9362,13.6423],[108.9333,13.6404],[108.9331,13.6352],[108.9326,13.6316],[108.933,13.6308],[108.9317,13.6296],[108.9295,13.6293],[108.9283,13.6276],[108.9269,13.6231],[108.9266,13.62],[108.9224,13.619],[108.9222,13.617],[108.9204,13.6154],[108.9207,13.6138],[108.9202,13.6116],[108.9184,13.6093],[108.9189,13.6079],[108.9216,13.6055],[108.9215,13.6033],[108.9234,13.5998],[108.9232,13.599],[108.9244,13.5947],[108.9243,13.5934],[108.925,13.5922],[108.9248,13.5893],[108.9256,13.5875],[108.926,13.585],[108.9277,13.5858],[108.9283,13.5851],[108.9313,13.5847],[108.9321,13.584],[108.9322,13.5835],[108.93,13.582],[108.9298,13.5812],[108.9303,13.5799],[108.9288,13.5781],[108.9286,13.5757],[108.9292,13.5729],[108.9301,13.5711],[108.9298,13.5702],[108.9312,13.5698],[108.9321,13.5705],[108.9332,13.5705],[108.9339,13.5709],[108.9352,13.5708],[108.9357,13.5702],[108.9363,13.5681],[108.9396,13.5674],[108.9399,13.5665],[108.9397,13.5644],[108.94,13.5632],[108.9395,13.5594],[108.9405,13.5564],[108.9412,13.5554],[108.941,13.5548],[108.9411,13.5539],[108.9424,13.5532],[108.9419,13.5522],[108.9418,13.5505],[108.9412,13.5498],[108.9416,13.5417],[108.944,13.529],[108.9444,13.5288],[108.9447,13.527],[108.9473,13.5276],[108.9488,13.5265],[108.9719,13.526],[108.9729,13.5261],[108.9737,13.5269],[108.9741,13.5282],[108.9747,13.5285],[108.9763,13.5281],[108.9781,13.5283],[108.9813,13.5259],[108.9822,13.5261],[108.9837,13.5276],[108.9844,13.5276],[108.9858,13.5267],[108.9874,13.5267],[108.9886,13.5286],[108.9894,13.5277],[108.9928,13.5261],[108.9939,13.526],[108.999,13.5227],[108.9998,13.523],[109.0035,13.5229],[109.005,13.5239],[109.0061,13.523],[109.0071,13.5228],[109.0076,13.5236],[109.0095,13.5239],[109.0101,13.5248],[109.0098,13.5265],[109.0123,13.5278],[109.0132,13.5268],[109.0144,13.5263],[109.0154,13.526],[109.0162,13.5263],[109.0175,13.5257],[109.0179,13.5279],[109.0191,13.5301],[109.0208,13.5303],[109.0219,13.5294],[109.0242,13.529],[109.0252,13.5292],[109.0256,13.5299],[109.0275,13.5302],[109.0283,13.531],[109.0296,13.5316],[109.0297,13.533],[109.0302,13.5336],[109.032,13.5342],[109.0318,13.535],[109.0324,13.5366],[109.0329,13.5369],[109.0336,13.5394],[109.0329,13.542],[109.0336,13.5427],[109.0341,13.5451],[109.0367,13.5464],[109.0385,13.5461],[109.041,13.548],[109.0415,13.549],[109.0413,13.5503],[109.0417,13.5509],[109.0418,13.5536],[109.043,13.556],[109.0445,13.5574],[109.0446,13.5593],[109.0452,13.5592],[109.0472,13.5607],[109.0502,13.5616],[109.0511,13.5647],[109.0525,13.5668],[109.053,13.5693],[109.0843,13.5671],[109.0886,13.5722],[109.0893,13.5722],[109.0911,13.5716],[109.0926,13.5717],[109.0943,13.5726],[109.0947,13.5737],[109.0959,13.5741],[109.0967,13.5775],[109.0991,13.5783],[109.1003,13.5834],[109.1027,13.5835],[109.1041,13.5843],[109.1058,13.5845],[109.1114,13.5875],[109.1133,13.5863],[109.1148,13.5845],[109.1166,13.5842],[109.1174,13.5845],[109.1182,13.5857],[109.1183,13.587],[109.1166,13.5882],[109.1138,13.5913],[109.1133,13.5937],[109.1135,13.5965],[109.1154,13.5986],[109.1153,13.6005],[109.117,13.6017],[109.1181,13.6037],[109.1171,13.6045],[109.1153,13.6083],[109.1009,13.6217],[109.1005,13.6244],[109.0991,13.6267],[109.0992,13.6291],[109.0988,13.6307],[109.0969,13.6357],[109.097,13.6375],[109.0986,13.6421],[109.1013,13.6456],[109.1034,13.6474],[109.1029,13.6498],[109.1021,13.6512],[109.1032,13.6534],[109.1052,13.6548],[109.1056,13.6572],[109.1053,13.6598]]]},"properties":{"code":"21994","name":"Vân Canh","nameEn":"Van Canh","fullName":"Xã Vân Canh","fullNameEn":"Van Canh Commune","codeName":"van_canh","postalCode":"55906","postalCodePrefix":"","gisServerId":"diaphanhanhchinhcapxa_2025.3019","areaKm2":208.75},"id":"21994"},
{"type":"Feature","geometry":{"type":"Polygon","coordinates":[[[108.8342,13.7571],[108.8335,13.7541],[108.834,13.7535],[108.8347,13.7507],[108.8329,13.7483],[108.8327,13.7466],[108.8331,13.7458],[108.8332,13.7431],[108.8356,13.7409],[108.8356,13.7378],[108.8345,13.7373],[108.8338,13.7361],[108.8344,13.734],[108.8341,13.7325],[108.8332,13.7318],[108.8333,13.7286],[108.8318,13.727],[108.8309,13.7253],[108.8312,13.7151],[108.8319,13.7136],[108.8316,13.7123],[108.8319,13.7105],[108.8328,13.7087],[108.8325,13.7058],[108.8314,13.7041],[108.8274,13.7019],[108.826,13.7017],[108.8239,13.6998],[108.8176,13.6995],[108.8165,13.6982],[108.8154,13.6979],[108.8144,13.6965],[108.8135,13.6964],[108.814,13.6947],[108.815,13.6937],[108.8154,13.6926],[108.8166,13.6919],[108.8169,13.69],[108.818,13.6884],[108.818,13.6864],[108.8187,13.6856],[108.8183,13.6807],[108.8202,13.6777],[108.8208,13.6759],[108.8207,13.6751],[108.8215,13.6737],[108.8215,13.6724],[108.8207,13.6711],[108.8208,13.6692],[108.8202,13.6684],[108.8204,13.6665],[108.821,13.6657],[108.8213,13.6636],[108.8217,13.6633],[108.8195,13.6617],[108.8193,13.6611],[108.8196,13.6595],[108.8194,13.6576],[108.8208,13.6537],[108.8215,13.6499],[108.822,13.6493],[108.8236,13.6486],[108.8252,13.6437],[108.8253,13.6403],[108.8269,13.6392],[108.8285,13.637],[108.8284,13.6354],[108.8295,13.6336],[108.8285,13.6315],[108.8288,13.6302],[108.8308,13.6276],[108.8317,13.6273],[108.8319,13.6256],[108.8331,13.6244],[108.8344,13.624],[108.835,13.6216],[108.8342,13.6202],[108.8371,13.6149],[108.8394,13.6136],[108.8411,13.6103],[108.8413,13.6094],[108.84,13.6061],[108.8383,13.6038],[108.8386,13.6015],[108.8392,13.5998],[108.8402,13.5985],[108.8428,13.5974],[108.8438,13.5965],[108.8447,13.5949],[108.8462,13.5938],[108.8479,13.5901],[108.8489,13.5887],[108.8492,13.5867],[108.8505,13.5844],[108.8509,13.5795],[108.8513,13.578],[108.852,13.5774],[108.8521,13.5749],[108.8502,13.5707],[108.8504,13.5687],[108.8514,13.5678],[108.8524,13.5622],[108.8533,13.5603],[108.8548,13.5595],[108.8553,13.5586],[108.856,13.5581],[108.856,13.5541],[108.8575,13.552],[108.858,13.5505],[108.858,13.5482],[108.8599,13.5446],[108.8616,13.5449],[108.862,13.5443],[108.864,13.5433],[108.8648,13.5434],[108.8676,13.5401],[108.8677,13.5391],[108.8663,13.538],[108.8673,13.5349],[108.8886,13.537],[108.8917,13.5368],[108.8933,13.5378],[108.8941,13.5409],[108.8946,13.5411],[108.8963,13.5412],[108.8967,13.5406],[108.8986,13.5405],[108.8996,13.5394],[108.9007,13.5392],[108.9032,13.5381],[108.9062,13.5392],[108.9066,13.5398],[108.9073,13.5401],[108.9075,13.5407],[108.9067,13.542],[108.9088,13.5416],[108.912,13.5402],[108.9139,13.5413],[108.9179,13.5401],[108.919,13.5403],[108.9202,13.5411],[108.9225,13.5401],[108.9241,13.5368],[108.9272,13.535],[108.9294,13.5341],[108.9305,13.5341],[108.9316,13.5333],[108.9323,13.5317],[108.9327,13.5319],[108.9328,13.5334],[108.9332,13.5337],[108.9341,13.5325],[108.9364,13.5325],[108.9367,13.531],[108.9382,13.5304],[108.9406,13.5285],[108.944,13.529],[108.9416,13.5417],[108.9412,13.5498],[108.9418,13.5505],[108.9419,13.5522],[108.9424,13.5532],[108.9411,13.5539],[108.941,13.5548],[108.9412,13.5554],[108.9405,13.5564],[108.9395,13.5594],[108.94,13.5632],[108.9397,13.5644],[108.9399,13.5665],[108.9396,13.5674],[108.9363,13.5681],[108.9357,13.5702],[108.9352,13.5708],[108.9339,13.5709],[108.9332,13.5705],[108.9321,13.5705],[108.9312,13.5698],[108.9298,13.5702],[108.9301,13.5711],[108.9292,13.5729],[108.9286,13.5757],[108.9288,13.5781],[108.9303,13.5799],[108.9298,13.5812],[108.93,13.582],[108.9322,13.5835],[108.9321,13.584],[108.9313,13.5847],[108.9283,13.5851],[108.9277,13.5858],[108.926,13.585],[108.9256,13.5875],[108.9248,13.5893],[108.925,13.5922],[108.9243,13.5934],[108.9244,13.5947],[108.9232,13.599],[108.9234,13.5998],[108.9215,13.6033],[108.9216,13.6055],[108.9189,13.6079],[108.9184,13.6093],[108.9202,13.6116],[108.9207,13.6138],[108.9204,13.6154],[108.9222,13.617],[108.9224,13.619],[108.9266,13.62],[108.9269,13.6231],[108.9283,13.6276],[108.9295,13.6293],[108.9317,13.6296],[108.933,13.6308],[108.9326,13.6316],[108.9331,13.6352],[108.9333,13.6404],[108.9362,13.6423],[108.9371,13.6424],[108.9373,13.6444],[108.9379,13.6458],[108.9382,13.6475],[108.9371,13.6497],[108.9375,13.6514],[108.9393,13.6546],[108.9394,13.6566],[108.9387,13.6589],[108.9432,13.6589],[108.9434,13.6596],[108.945,13.6602],[108.9464,13.6598],[108.9476,13.6589],[108.9483,13.6594],[108.9489,13.659],[108.9497,13.6606],[108.9497,13.6628],[108.9505,13.663],[108.9524,13.6622],[108.9533,13.6635],[108.9539,13.6683],[108.9554,13.6697],[108.9581,13.6704],[108.9581,13.6731],[108.9591,13.6756],[108.9593,13.6774],[108.9475,13.6824],[108.9434,13.6825],[108.9391,13.6875],[108.9317,13.6914],[108.9294,13.7152],[108.9305,13.7591],[108.9359,13.7758],[108.9447,13.7898],[108.9473,13.8058],[108.9502,13.8157],[108.9528,13.8207],[108.9516,13.8222],[108.9508,13.826],[108.951,13.8283],[108.9497,13.8306],[108.9472,13.8308],[108.9455,13.83],[108.9399,13.8297],[108.9364,13.8278],[108.9332,13.8284],[108.9322,13.8281],[108.929,13.8285],[108.9246,13.8294],[108.924,13.8304],[108.9221,13.8315],[108.9197,13.8317],[108.9158,13.8325],[108.9132,13.8337],[108.911,13.8342],[108.9096,13.8338],[108.9061,13.8338],[108.9032,13.8369],[108.9024,13.8357],[108.9023,13.8337],[108.8991,13.8308],[108.8982,13.8292],[108.8985,13.827],[108.8994,13.8255],[108.8996,13.8238],[108.8992,13.8201],[108.8981,13.8179],[108.8969,13.817],[108.8946,13.8163],[108.8927,13.8165],[108.8913,13.8162],[108.8895,13.8144],[108.8878,13.8139],[108.8872,13.8139],[108.8846,13.8161],[108.8826,13.8165],[108.8817,13.8129],[108.8791,13.8087],[108.877,13.8084],[108.8747,13.8095],[108.8751,13.8088],[108.875,13.8074],[108.8741,13.8046],[108.8748,13.8034],[108.8731,13.8019],[108.8728,13.7998],[108.8709,13.7976],[108.8701,13.7935],[108.8683,13.793],[108.8655,13.7935],[108.8637,13.7922],[108.8633,13.791],[108.8614,13.7889],[108.8615,13.7882],[108.8609,13.7871],[108.8611,13.7864],[108.859,13.785],[108.858,13.7829],[108.8564,13.7811],[108.8549,13.7803],[108.8547,13.7792],[108.8555,13.7765],[108.8557,13.7744],[108.8543,13.7737],[108.8521,13.77],[108.8508,13.7696],[108.8496,13.7682],[108.848,13.7677],[108.8475,13.7669],[108.8457,13.7662],[108.8417,13.7663],[108.8418,13.7648],[108.8393,13.7635],[108.838,13.7599],[108.8372,13.7597],[108.8372,13.7582],[108.8342,13.7571]]]},"properties":{"code":"21997","name":"Canh Liên","nameEn":"Canh Lien","fullName":"Xã Canh Liên","fullNameEn":"Canh Lien Commune","codeName":"canh_lien","postalCode":"55912","postalCodePrefix":"","gisServerId":"diaphanhanhchinhcapxa_2025.3020","areaKm2":331.67},"id":"21997"},
{"type":"Feature","geometry":{"type":"Polygon","coordinates":[[[108.9841,13.7862],[108.9833,13.7871],[108.9826,13.7889],[108.9801,13.7917],[108.9759,13.7953],[108.9727,13.7959],[108.9725,13.7963],[108.9723,13.7985],[108.9728,13.799],[108.9739,13.8031],[108.972,13.8031],[108.971,13.8027],[108.9704,13.8035],[108.9692,13.8033],[108.9683,13.8038],[108.9681,13.8047],[108.9652,13.8062],[108.9642,13.8065],[108.9638,13.8058],[108.9628,13.8055],[108.9596,13.8075],[108.9585,13.8092],[108.9576,13.813],[108.9562,13.8147],[108.9564,13.8153],[108.9574,13.8159],[108.957,13.8172],[108.9573,13.818],[108.9559,13.8192],[108.9544,13.8196],[108.9528,13.8207],[108.9502,13.8157],[108.9473,13.8058],[108.9447,13.7898],[108.9359,13.7758],[108.9305,13.7591],[108.9294,13.7152],[108.9317,13.6914],[108.9391,13.6875],[108.9434,13.6825],[108.9475,13.6824],[108.9593,13.6774],[108.9591,13.6756],[108.9581,13.6731],[108.9581,13.6704],[108.9594,13.6691],[108.9626,13.6675],[108.9624,13.6663],[108.963,13.6643],[108.9637,13.6631],[108.9646,13.6599],[108.9666,13.6571],[108.9679,13.6535],[108.9687,13.6523],[108.9687,13.6516],[108.9698,13.6502],[108.9711,13.65],[108.9714,13.6494],[108.972,13.649],[108.9754,13.6487],[108.9765,13.6491],[108.9773,13.65],[108.9792,13.6501],[108.9796,13.649],[108.9812,13.6481],[108.9816,13.6468],[108.9825,13.6463],[108.9838,13.6443],[108.9846,13.6439],[108.9866,13.6442],[108.9877,13.6454],[108.99,13.6464],[108.991,13.6453],[108.9933,13.6457],[108.9939,13.6452],[108.9946,13.6454],[108.9955,13.6447],[108.9959,13.6449],[108.9969,13.6446],[108.9971,13.644],[108.9975,13.6438],[108.9982,13.6441],[108.9986,13.6449],[108.9994,13.6447],[108.9999,13.6456],[109.0014,13.6454],[109.002,13.6458],[109.0026,13.6457],[109.0027,13.6465],[109.0035,13.647],[109.0034,13.6476],[109.0038,13.648],[109.0048,13.6471],[109.0059,13.6474],[109.0063,13.6465],[109.007,13.646],[109.0079,13.6458],[109.0085,13.6465],[109.0093,13.6463],[109.0086,13.6442],[109.0082,13.6384],[109.0059,13.6359],[109.0023,13.6341],[109.0019,13.6331],[109.0027,13.6317],[109.007,13.6296],[109.0095,13.6308],[109.0106,13.6331],[109.0126,13.6341],[109.0156,13.6349],[109.0177,13.6351],[109.0183,13.6349],[109.0212,13.6304],[109.022,13.6302],[109.0225,13.6268],[109.0236,13.6258],[109.024,13.6248],[109.0233,13.6242],[109.0233,13.6228],[109.024,13.6225],[109.0236,13.6217],[109.0235,13.6202],[109.023,13.6197],[109.0221,13.6175],[109.0241,13.6148],[109.0239,13.6137],[109.0242,13.611],[109.0252,13.609],[109.0257,13.6061],[109.0265,13.6058],[109.0262,13.6037],[109.0268,13.6026],[109.0268,13.6011],[109.0263,13.5997],[109.0274,13.5989],[109.0281,13.5995],[109.0289,13.5991],[109.0305,13.5996],[109.0329,13.5971],[109.0344,13.5968],[109.0357,13.5955],[109.0377,13.5948],[109.0426,13.5941],[109.0443,13.5969],[109.0441,13.6001],[109.045,13.6011],[109.0443,13.6039],[109.0448,13.6073],[109.0429,13.6099],[109.0435,13.6194],[109.0474,13.6203],[109.056,13.6231],[109.0712,13.6285],[109.0722,13.6291],[109.0713,13.6331],[109.072,13.6379],[109.0682,13.6437],[109.0619,13.6507],[109.061,13.6521],[109.0603,13.6545],[109.0671,13.6647],[109.0689,13.6684],[109.0716,13.6719],[109.0721,13.6732],[109.0725,13.6705],[109.0733,13.6696],[109.0752,13.669],[109.0768,13.6675],[109.077,13.6666],[109.0778,13.6658],[109.0858,13.6657],[109.0886,13.6662],[109.0898,13.6653],[109.0927,13.6647],[109.0933,13.6633],[109.0971,13.6633],[109.1053,13.6598],[109.101,13.6642],[109.0989,13.6659],[109.0978,13.666],[109.0964,13.6675],[109.0951,13.6677],[109.0951,13.6687],[109.094,13.6706],[109.0943,13.6735],[109.0934,13.6751],[109.0933,13.6771],[109.0928,13.6781],[109.0945,13.6786],[109.0945,13.6803],[109.0954,13.6812],[109.0965,13.6839],[109.0962,13.6851],[109.0965,13.6869],[109.0943,13.688],[109.0939,13.6898],[109.0932,13.691],[109.0914,13.6906],[109.0911,13.6914],[109.0913,13.6924],[109.0902,13.6932],[109.0894,13.6948],[109.0905,13.6949],[109.0925,13.6965],[109.0926,13.6999],[109.0939,13.7031],[109.0953,13.7047],[109.0966,13.7073],[109.0962,13.71],[109.0977,13.7112],[109.0986,13.7125],[109.0989,13.7158],[109.1014,13.7168],[109.1031,13.7195],[109.1069,13.7219],[109.1104,13.7231],[109.1152,13.7228],[109.116,13.7229],[109.1164,13.7235],[109.1158,13.7263],[109.1164,13.7273],[109.1152,13.7279],[109.1155,13.7291],[109.1149,13.7295],[109.115,13.7309],[109.1143,13.7321],[109.1149,13.735],[109.1134,13.7358],[109.1133,13.7366],[109.1138,13.7376],[109.111,13.7398],[109.1121,13.7409],[109.1112,13.7427],[109.1112,13.7437],[109.1105,13.7448],[109.1117,13.7474],[109.1104,13.7495],[109.1069,13.7527],[109.1054,13.7519],[109.1033,13.7517],[109.1028,13.7528],[109.1011,13.7517],[109.0942,13.7572],[109.093,13.7579],[109.0919,13.7578],[109.0908,13.7585],[109.0843,13.7566],[109.0823,13.7567],[109.0814,13.7554],[109.0761,13.757],[109.074,13.7559],[109.0716,13.7559],[109.0671,13.7549],[109.064,13.756],[109.0626,13.7572],[109.0635,13.7577],[109.0639,13.7586],[109.0632,13.7608],[109.0612,13.7628],[109.061,13.7655],[109.0616,13.7671],[109.061,13.7678],[109.0609,13.7687],[109.059,13.7697],[109.0582,13.7715],[109.0588,13.773],[109.0576,13.7735],[109.0586,13.7785],[109.058,13.7794],[109.056,13.7809],[109.0561,13.7818],[109.0549,13.784],[109.0552,13.7844],[109.0549,13.7849],[109.0552,13.7869],[109.053,13.7876],[109.0515,13.7873],[109.0501,13.7877],[109.0489,13.7904],[109.047,13.7923],[109.0474,13.7936],[109.0456,13.7926],[109.0423,13.7927],[109.0403,13.7932],[109.0351,13.7895],[109.0337,13.7897],[109.0327,13.7892],[109.0317,13.7883],[109.0312,13.7872],[109.0301,13.7866],[109.0297,13.786],[109.0283,13.78],[109.0296,13.7787],[109.0312,13.7749],[109.0329,13.7724],[109.0331,13.7706],[109.0323,13.7691],[109.0312,13.7649],[109.0294,13.7614],[109.0294,13.7589],[109.027,13.7574],[109.0243,13.7579],[109.0228,13.7577],[109.0216,13.7565],[109.0194,13.758],[109.0184,13.7579],[109.0164,13.7572],[109.0159,13.7562],[109.0137,13.7543],[109.0103,13.7531],[109.0088,13.7531],[109.0068,13.7541],[109.0059,13.7557],[109.0061,13.7574],[109.0036,13.7598],[109.003,13.762],[109.0014,13.7634],[109.0018,13.7651],[109.0006,13.766],[109,13.767],[108.9996,13.7684],[108.9995,13.7716],[108.9986,13.7733],[108.9979,13.7737],[108.9996,13.7754],[108.9987,13.7767],[108.9992,13.7793],[108.9984,13.7817],[108.9937,13.7807],[108.9919,13.7809],[108.9901,13.7821],[108.9888,13.7821],[108.9862,13.7851],[108.9849,13.7853],[108.9845,13.7857],[108.9841,13.7862]]]},"properties":{"code":"22006","name":"Canh Vinh","nameEn":"Canh Vinh","fullName":"Xã Canh Vinh","fullNameEn":"Canh Vinh Commune","codeName":"canh_vinh","postalCode":"55911","postalCodePrefix":"","gisServerId":"diaphanhanhchinhcapxa_2025.3021","areaKm2":258.72},"id":"22006"},
{"type":"Feature","geometry":{"type":"Polygon","coordinates":[[[107.9965,13.9902],[107.9943,13.9919],[107.9932,13.995],[107.9921,13.9962],[107.9918,13.9964],[107.9903,13.9958],[107.9904,13.9956],[107.9889,13.9954],[107.9891,13.9937],[107.9886,13.9927],[107.9888,13.9919],[107.9876,13.989],[107.9873,13.9869],[107.9863,13.9856],[107.9832,13.9788],[107.983,13.9759],[107.9834,13.9746],[107.9829,13.9739],[107.9833,13.9722],[107.9825,13.9719],[107.9823,13.9713],[107.9824,13.97],[107.9827,13.9701],[107.9828,13.9695],[107.982,13.9694],[107.9814,13.9701],[107.9811,13.97],[107.9813,13.9678],[107.9811,13.9669],[107.979,13.9675],[107.9772,13.9671],[107.976,13.968],[107.9741,13.9662],[107.9699,13.9657],[107.9682,13.9643],[107.9672,13.965],[107.9656,13.9651],[107.9625,13.9627],[107.9605,13.9631],[107.9586,13.9626],[107.957,13.9631],[107.9533,13.9613],[107.9522,13.9597],[107.9521,13.9579],[107.9532,13.9573],[107.9546,13.9559],[107.9563,13.955],[107.9572,13.9535],[107.9573,13.9517],[107.9548,13.95],[107.9537,13.9479],[107.953,13.9474],[107.9519,13.9471],[107.9486,13.948],[107.9462,13.9471],[107.9437,13.9442],[107.9423,13.9416],[107.9403,13.9405],[107.94,13.9389],[107.9412,13.9356],[107.94,13.9321],[107.9405,13.9315],[107.9412,13.9285],[107.94,13.9279],[107.9406,13.9279],[107.9406,13.9271],[107.9416,13.9268],[107.9421,13.9257],[107.9426,13.9257],[107.9431,13.9266],[107.9436,13.9266],[107.9463,13.9242],[107.9471,13.9241],[107.9473,13.9236],[107.9481,13.9236],[107.9492,13.9245],[107.9496,13.9241],[107.951,13.9244],[107.951,13.9251],[107.9526,13.9263],[107.9566,13.9285],[107.9633,13.927],[107.9687,13.9276],[107.9718,13.9269],[107.9735,13.9269],[107.9758,13.9275],[107.9762,13.9281],[107.9789,13.9294],[107.9818,13.9301],[107.9839,13.9303],[107.9839,13.9301],[107.9857,13.9291],[107.9854,13.9296],[107.9859,13.9302],[107.9882,13.931],[107.9891,13.9309],[107.9896,13.9333],[107.9913,13.9333],[107.992,13.9329],[107.9921,13.9332],[107.9933,13.9335],[107.9935,13.9339],[107.9938,13.9338],[107.9947,13.9348],[107.9942,13.9354],[107.9951,13.9365],[107.9944,13.9381],[107.9948,13.9386],[107.9943,13.939],[107.9944,13.9394],[107.9965,13.9408],[107.9992,13.9413],[108.0006,13.9418],[108.0012,13.9424],[108.0018,13.9445],[108.0009,13.9458],[108.0003,13.9479],[108.001,13.9488],[108.0016,13.9486],[108.0018,13.9496],[108.001,13.9499],[108.0014,13.9504],[107.9966,13.9528],[107.9915,13.9617],[107.9934,13.9621],[107.9941,13.9626],[107.9967,13.9625],[107.9983,13.9632],[108.0008,13.9626],[108.002,13.9627],[108.0035,13.9653],[108.003,13.9657],[108.0036,13.9659],[108.0032,13.9663],[108.0036,13.9691],[108.0025,13.9713],[108.0033,13.9745],[108.0024,13.9752],[107.9999,13.975],[108.001,13.9759],[108.0016,13.977],[107.9998,13.9771],[107.9988,13.9791],[107.9992,13.9805],[107.9972,13.9801],[107.9966,13.9833],[107.9952,13.9844],[107.9951,13.9859],[107.9966,13.9859],[107.9965,13.9875],[107.9972,13.9876],[107.9965,13.9902]]]},"properties":{"code":"23563","name":"Diên Hồng","nameEn":"Dien Hong","fullName":"Phường Diên Hồng","fullNameEn":"Dien Hong Ward","codeName":"dien_hong","postalCode":"61112","postalCodePrefix":"","gisServerId":"diaphanhanhchinhcapxa_2025.3041","areaKm2":26.71},"id":"23563"},
{"type":"Feature","geometry":{"type":"Polygon","coordinates":[[[108.0628,14.0056],[108.062,14.0064],[108.0593,14.0073],[108.0598,14.0076],[108.0596,14.0084],[108.058,14.0103],[108.0575,14.0141],[108.0568,14.0154],[108.0574,14.0197],[108.0566,14.0221],[108.0565,14.0251],[108.054,14.0273],[108.052,14.0302],[108.0523,14.032],[108.0534,14.0332],[108.0529,14.0329],[108.0512,14.0336],[108.0489,14.0335],[108.0467,14.0324],[108.0475,14.0305],[108.047,14.0293],[108.0341,14.0288],[108.0341,14.0249],[108.0329,14.0249],[108.0323,14.0218],[108.0295,14.022],[108.0288,14.0167],[108.0299,14.0105],[108.0315,14.0069],[108.0313,14.0064],[108.0302,14.0059],[108.029,14.0041],[108.0289,14.0033],[108.0279,14.0028],[108.0278,14.0016],[108.0271,14.0014],[108.0264,14.0017],[108.0258,14.0015],[108.0213,14.0019],[108.0199,14.0015],[108.0197,14.002],[108.0189,14.0017],[108.0186,14.0021],[108.0155,14.0022],[108.0136,14.0016],[108.009,14.0026],[108.008,14.0018],[108.0083,14.0015],[108.005,13.998],[108.0043,13.9962],[107.9981,13.9909],[107.9965,13.9902],[107.9972,13.9876],[107.9965,13.9875],[107.9966,13.9859],[107.9951,13.9859],[107.9952,13.9844],[107.9966,13.9833],[107.9972,13.9801],[107.9992,13.9805],[107.9988,13.9791],[107.9998,13.9771],[108.0016,13.977],[108.001,13.9759],[107.9999,13.975],[108.0024,13.9752],[108.0033,13.9745],[108.0025,13.9713],[108.0036,13.9691],[108.0032,13.9663],[108.0036,13.9659],[108.0054,13.9677],[108.0064,13.9728],[108.0069,13.9738],[108.0077,13.9741],[108.0093,13.9741],[108.0103,13.973],[108.0106,13.9715],[108.0088,13.9703],[108.0084,13.9694],[108.0097,13.9668],[108.0109,13.9677],[108.0118,13.9663],[108.017,13.9657],[108.017,13.9661],[108.0209,13.9656],[108.0211,13.9703],[108.0236,13.9703],[108.0293,13.9719],[108.0315,13.9716],[108.0316,13.9734],[108.0331,13.9758],[108.036,13.9789],[108.0373,13.9842],[108.0367,13.9853],[108.0374,13.9855],[108.0375,13.9864],[108.0374,13.9867],[108.0363,13.9866],[108.0362,13.9877],[108.0367,13.9877],[108.0372,13.9886],[108.0377,13.9886],[108.0373,13.9891],[108.0376,13.9896],[108.0373,13.9903],[108.0385,13.9906],[108.038,13.9886],[108.039,13.9856],[108.04,13.9859],[108.0412,13.9872],[108.0415,13.987],[108.0422,13.9874],[108.0438,13.987],[108.0469,13.9871],[108.0506,13.9881],[108.0549,13.9902],[108.0558,13.9913],[108.0553,13.9921],[108.0541,13.9913],[108.0532,13.9914],[108.0511,13.9909],[108.0491,13.9912],[108.0474,13.9921],[108.0469,13.9933],[108.0477,13.994],[108.0472,13.9947],[108.0475,13.9952],[108.047,13.9954],[108.0472,13.9973],[108.0478,13.998],[108.0489,13.9985],[108.0508,13.9985],[108.0535,13.9973],[108.0551,13.9972],[108.0552,13.9967],[108.0562,13.9965],[108.0588,13.9949],[108.0593,13.9952],[108.06,13.9949],[108.0603,13.9956],[108.0626,13.9962],[108.0634,13.9969],[108.0634,13.9979],[108.0625,13.9992],[108.0618,13.9993],[108.0618,13.9999],[108.0618,14.0004],[108.0627,14.0007],[108.0626,14.0036],[108.063,14.0041],[108.0628,14.0056]]]},"properties":{"code":"23575","name":"Pleiku","nameEn":"Pleiku","fullName":"Phường Pleiku","fullNameEn":"Pleiku Ward","codeName":"pleiku","postalCode":"61129","postalCodePrefix":"","gisServerId":"diaphanhanhchinhcapxa_2025.2947","areaKm2":25},"id":"23575"},
{"type":"Feature","geometry":{"type":"Polygon","coordinates":[[[108.0302,14.0059],[108.0281,14.0084],[108.0253,14.0101],[108.0209,14.0083],[108.0183,14.0086],[108.0167,14.0069],[108.0149,14.0071],[108.013,14.0092],[108.0116,14.0128],[108.0097,14.0133],[108.009,14.0142],[108.0077,14.0184],[108.0074,14.0209],[108.0058,14.0239],[108.0037,14.0257],[108.0001,14.026],[107.9985,14.027],[107.9979,14.027],[107.9976,14.0276],[107.9972,14.0277],[107.997,14.0291],[107.9974,14.0305],[107.997,14.0312],[107.9974,14.0344],[107.9947,14.036],[107.9942,14.0379],[107.9928,14.0386],[107.9912,14.0409],[107.9914,14.0463],[107.9895,14.05],[107.9907,14.0532],[107.9914,14.0537],[107.9929,14.0544],[107.9953,14.0543],[107.9985,14.0564],[107.9983,14.0575],[107.9998,14.0578],[108.0012,14.0576],[108.0031,14.0567],[108.0032,14.0582],[108.002,14.0584],[108.0009,14.0612],[107.9997,14.0615],[107.9996,14.0623],[107.9981,14.062],[107.9965,14.0625],[107.9949,14.0618],[107.9943,14.062],[107.993,14.0617],[107.9919,14.0621],[107.9912,14.0617],[107.9902,14.0626],[107.9899,14.0635],[107.9891,14.0636],[107.9881,14.0632],[107.9869,14.0637],[107.9867,14.0629],[107.9854,14.0618],[107.9858,14.0597],[107.9855,14.0592],[107.9857,14.0584],[107.985,14.0558],[107.9855,14.0546],[107.9839,14.0523],[107.9853,14.0502],[107.9851,14.0487],[107.9834,14.0458],[107.984,14.045],[107.9842,14.0433],[107.9839,14.04],[107.9771,14.0419],[107.9629,14.0391],[107.9648,14.0288],[107.961,14.0233],[107.9616,14.0219],[107.9636,14.0221],[107.9638,14.0198],[107.9596,14.0183],[107.961,14.0097],[107.9641,14.0106],[107.9647,14.0093],[107.9661,14.0103],[107.9696,14.0115],[107.9711,14.0116],[107.9713,14.0106],[107.9728,14.01],[107.9733,14.0107],[107.9758,14.0111],[107.9763,14.0116],[107.982,14.0112],[107.9822,14.007],[107.9811,14.007],[107.9814,14.006],[107.9825,14.0054],[107.9831,14.0035],[107.9854,14.0038],[107.9862,14.0031],[107.9857,14.0027],[107.9853,14.0008],[107.9855,13.998],[107.9864,13.9981],[107.9865,13.9971],[107.9874,13.9972],[107.9875,13.9966],[107.988,13.9967],[107.9881,13.9953],[107.9889,13.9954],[107.9904,13.9956],[107.9903,13.9958],[107.9918,13.9964],[107.9921,13.9962],[107.9932,13.995],[107.9943,13.9919],[107.9965,13.9902],[107.9981,13.9909],[108.0043,13.9962],[108.005,13.998],[108.0083,14.0015],[108.008,14.0018],[108.009,14.0026],[108.0136,14.0016],[108.0155,14.0022],[108.0186,14.0021],[108.0189,14.0017],[108.0197,14.002],[108.0199,14.0015],[108.0213,14.0019],[108.0258,14.0015],[108.0264,14.0017],[108.0271,14.0014],[108.0278,14.0016],[108.0279,14.0028],[108.0289,14.0033],[108.029,14.0041],[108.0302,14.0059]]]},"properties":{"code":"23584","name":"Thống Nhất","nameEn":"Thong Nhat","fullName":"Phường Thống Nhất","fullNameEn":"Thong Nhat Ward","codeName":"thong_nhat","postalCode":"61110","postalCodePrefix":"","gisServerId":"diaphanhanhchinhcapxa_2025.3043","areaKm2":22.92},"id":"23584"},
{"type":"Feature","geometry":{"type":"Polygon","coordinates":[[[108.0467,13.9368],[108.046,13.9378],[108.0453,13.9367],[108.0455,13.9359],[108.0447,13.9364],[108.0442,13.9363],[108.0436,13.9357],[108.0437,13.9348],[108.0432,13.9343],[108.0411,13.9356],[108.041,13.9362],[108.042,13.9368],[108.0421,13.9374],[108.0418,13.9379],[108.0412,13.9377],[108.0411,13.9382],[108.04,13.939],[108.0399,13.9414],[108.0414,13.9435],[108.0417,13.9456],[108.0425,13.947],[108.0417,13.95],[108.0429,13.9513],[108.0419,13.9523],[108.0416,13.9558],[108.0408,13.9561],[108.0411,13.957],[108.0421,13.9574],[108.0417,13.9583],[108.0421,13.9589],[108.0411,13.9595],[108.0412,13.9605],[108.0415,13.9606],[108.0405,13.9619],[108.0396,13.9624],[108.039,13.9621],[108.0387,13.9625],[108.0373,13.9654],[108.034,13.9668],[108.0321,13.9667],[108.0317,13.9681],[108.0325,13.9714],[108.0315,13.9716],[108.0293,13.9719],[108.0236,13.9703],[108.0211,13.9703],[108.0209,13.9656],[108.017,13.9661],[108.017,13.9657],[108.0118,13.9663],[108.0109,13.9677],[108.0097,13.9668],[108.0084,13.9694],[108.0088,13.9703],[108.0106,13.9715],[108.0103,13.973],[108.0093,13.9741],[108.0077,13.9741],[108.0069,13.9738],[108.0064,13.9728],[108.0054,13.9677],[108.0036,13.9659],[108.003,13.9657],[108.0035,13.9653],[108.002,13.9627],[108.0008,13.9626],[107.9983,13.9632],[107.9967,13.9625],[107.9941,13.9626],[107.9934,13.9621],[107.9915,13.9617],[107.9966,13.9528],[108.0014,13.9504],[108.001,13.9499],[108.0018,13.9496],[108.0016,13.9486],[108.001,13.9488],[108.0003,13.9479],[108.0009,13.9458],[108.0018,13.9445],[108.0012,13.9424],[108.0006,13.9418],[107.9992,13.9413],[107.9965,13.9408],[107.9944,13.9394],[107.9943,13.939],[107.9948,13.9386],[107.9944,13.9381],[107.9951,13.9365],[107.9942,13.9354],[107.9947,13.9348],[107.9938,13.9338],[107.9935,13.9339],[107.9933,13.9335],[107.9921,13.9332],[107.992,13.9329],[107.9954,13.9307],[107.9995,13.929],[108.0015,13.9271],[108.0061,13.9248],[108.0053,13.9208],[108.0052,13.9154],[107.9993,13.9144],[107.9961,13.9128],[107.9967,13.9118],[107.9962,13.9115],[107.9967,13.9107],[107.997,13.911],[107.9972,13.9106],[107.9984,13.9115],[107.9994,13.911],[108.0004,13.911],[108.0006,13.9106],[108.0031,13.9103],[108.0057,13.9071],[108.0062,13.9055],[108.0057,13.9054],[108.0059,13.9044],[108.0071,13.9045],[108.0076,13.9031],[108.0086,13.9034],[108.009,13.9017],[108.0087,13.9014],[108.0115,13.901],[108.0122,13.9003],[108.0122,13.8992],[108.0126,13.8992],[108.0129,13.8969],[108.0121,13.8959],[108.0121,13.8923],[108.0125,13.8915],[108.0113,13.8911],[108.0112,13.8891],[108.0104,13.8886],[108.0102,13.8877],[108.0108,13.8874],[108.0104,13.8867],[108.0109,13.8863],[108.0108,13.8857],[108.0125,13.8825],[108.0124,13.8807],[108.0134,13.8804],[108.0137,13.8811],[108.015,13.8812],[108.015,13.8816],[108.0181,13.8821],[108.0184,13.8831],[108.0191,13.8836],[108.0196,13.8855],[108.0196,13.887],[108.0182,13.8891],[108.0184,13.8894],[108.0174,13.8898],[108.0189,13.8924],[108.0193,13.893],[108.0196,13.8928],[108.0208,13.8948],[108.0219,13.895],[108.0229,13.8962],[108.0257,13.8965],[108.0268,13.8972],[108.0282,13.8971],[108.0293,13.8977],[108.0293,13.9],[108.0287,13.9021],[108.0302,13.9039],[108.0294,13.9072],[108.0286,13.9084],[108.0291,13.9101],[108.031,13.9116],[108.0319,13.9113],[108.0334,13.912],[108.0366,13.912],[108.0383,13.9132],[108.0412,13.9164],[108.0446,13.9181],[108.0464,13.9204],[108.0481,13.922],[108.0483,13.924],[108.047,13.9274],[108.0473,13.9286],[108.0463,13.9295],[108.0461,13.931],[108.0456,13.9318],[108.045,13.9319],[108.0457,13.9344],[108.0466,13.9356],[108.0467,13.9368]]]},"properties":{"code":"23586","name":"Hội Phú","nameEn":"Hoi Phu","fullName":"Phường Hội Phú","fullNameEn":"Hoi Phu Ward","codeName":"hoi_phu","postalCode":"61114","postalCodePrefix":"","gisServerId":"diaphanhanhchinhcapxa_2025.3042","areaKm2":34.86},"id":"23586"},
{"type":"Feature","geometry":{"type":"Polygon","coordinates":[[[108.0852,14.1448],[108.0836,14.1432],[108.0826,14.1433],[108.0813,14.1439],[108.0794,14.1441],[108.076,14.1474],[108.0751,14.1494],[108.0747,14.1513],[108.0729,14.1531],[108.0706,14.1537],[108.0676,14.1559],[108.067,14.157],[108.067,14.1581],[108.0656,14.1607],[108.0647,14.1611],[108.0632,14.1636],[108.0621,14.1638],[108.0615,14.1644],[108.0607,14.1661],[108.0609,14.1696],[108.0604,14.1717],[108.059,14.1726],[108.0574,14.1759],[108.0551,14.1787],[108.0525,14.1734],[108.0513,14.1716],[108.0506,14.169],[108.0491,14.1659],[108.0487,14.1656],[108.0469,14.1658],[108.0459,14.1652],[108.0456,14.1636],[108.045,14.1626],[108.0427,14.1605],[108.041,14.1595],[108.0387,14.1569],[108.0389,14.1556],[108.0382,14.153],[108.039,14.1515],[108.0387,14.1496],[108.0381,14.149],[108.0361,14.149],[108.0337,14.1475],[108.0301,14.1464],[108.0297,14.1449],[108.0286,14.1444],[108.0202,14.1438],[108.0185,14.1446],[108.0169,14.1439],[108.0141,14.1441],[108.0125,14.1444],[108.0113,14.1458],[108.0102,14.1449],[108.0085,14.1441],[108.0061,14.144],[108.0059,14.1413],[108.0041,14.1378],[108.0028,14.1367],[108.0012,14.133],[108.001,14.1319],[108.0004,14.1311],[107.9998,14.1271],[108.0004,14.1233],[108.0021,14.1208],[108.0025,14.1151],[108.0049,14.1116],[108.0052,14.11],[108.0038,14.1069],[107.9978,14.1009],[107.996,14.1004],[107.9935,14.102],[107.9889,14.1012],[107.9867,14.0996],[107.9841,14.0955],[107.9834,14.0959],[107.9794,14.0954],[107.9787,14.0952],[107.9784,14.0944],[107.9774,14.0947],[107.9759,14.0943],[107.9757,14.095],[107.9753,14.0949],[107.9743,14.094],[107.9753,14.0925],[107.9751,14.092],[107.973,14.0933],[107.9723,14.0919],[107.9712,14.0915],[107.9709,14.0901],[107.9704,14.09],[107.97,14.0907],[107.9689,14.0897],[107.9693,14.0891],[107.968,14.0883],[107.9676,14.0888],[107.9666,14.0893],[107.9662,14.0902],[107.965,14.0896],[107.9639,14.0896],[107.9621,14.0912],[107.9593,14.0919],[107.9576,14.0938],[107.9558,14.0946],[107.9547,14.0932],[107.9526,14.0933],[107.9517,14.0927],[107.9527,14.0927],[107.9525,14.0902],[107.9522,14.0905],[107.9514,14.0903],[107.9497,14.0885],[107.9482,14.0882],[107.9472,14.0875],[107.9437,14.087],[107.9416,14.0879],[107.941,14.0887],[107.9393,14.0897],[107.9375,14.0885],[107.9374,14.0879],[107.9388,14.0868],[107.9382,14.0857],[107.9384,14.0851],[107.9395,14.0852],[107.9417,14.0827],[107.9437,14.0821],[107.944,14.0807],[107.9454,14.08],[107.9458,14.0793],[107.9461,14.0792],[107.9463,14.0801],[107.9469,14.0799],[107.9489,14.0774],[107.9501,14.0773],[107.9512,14.0777],[107.9517,14.0775],[107.9506,14.0751],[107.9516,14.075],[107.9525,14.0741],[107.9532,14.0743],[107.9551,14.0734],[107.9562,14.075],[107.9569,14.0744],[107.958,14.0752],[107.9586,14.0748],[107.9583,14.073],[107.9595,14.0727],[107.9585,14.0709],[107.96,14.0685],[107.9607,14.0681],[107.9609,14.0676],[107.9618,14.0673],[107.9621,14.064],[107.9627,14.0626],[107.9628,14.0605],[107.963,14.0596],[107.9639,14.0588],[107.9642,14.0559],[107.9623,14.0526],[107.9623,14.0516],[107.9635,14.0523],[107.9637,14.0519],[107.9648,14.0521],[107.9665,14.0536],[107.9695,14.0528],[107.9713,14.053],[107.9721,14.0525],[107.9728,14.0526],[107.9733,14.0532],[107.9766,14.0531],[107.9786,14.0516],[107.9807,14.0516],[107.9821,14.0524],[107.9839,14.0523],[107.9855,14.0546],[107.985,14.0558],[107.9857,14.0584],[107.9855,14.0592],[107.9858,14.0597],[107.9854,14.0618],[107.9867,14.0629],[107.9869,14.0637],[107.9881,14.0632],[107.9891,14.0636],[107.9899,14.0635],[107.9902,14.0626],[107.9912,14.0617],[107.9919,14.0621],[107.993,14.0617],[107.9943,14.062],[107.9949,14.0618],[107.9965,14.0625],[107.9981,14.062],[107.9996,14.0623],[107.9997,14.0615],[108.0009,14.0612],[108.002,14.0584],[108.0032,14.0582],[108.0031,14.0567],[108.0012,14.0576],[107.9998,14.0578],[107.9983,14.0575],[107.9985,14.0564],[107.9953,14.0543],[107.9929,14.0544],[107.9914,14.0537],[107.9907,14.0532],[107.9895,14.05],[107.9914,14.0463],[107.9912,14.0409],[107.9928,14.0386],[107.9942,14.0379],[107.9947,14.036],[107.9974,14.0344],[107.997,14.0312],[107.9974,14.0305],[107.997,14.0291],[107.9972,14.0277],[107.9976,14.0276],[107.9979,14.027],[107.9985,14.027],[108.0001,14.026],[108.0037,14.0257],[108.0058,14.0239],[108.0074,14.0209],[108.0077,14.0184],[108.009,14.0142],[108.0097,14.0133],[108.0116,14.0128],[108.013,14.0092],[108.0149,14.0071],[108.0167,14.0069],[108.0183,14.0086],[108.0209,14.0083],[108.0253,14.0101],[108.0281,14.0084],[108.0302,14.0059],[108.0313,14.0064],[108.0315,14.0069],[108.0299,14.0105],[108.0288,14.0167],[108.0295,14.022],[108.0323,14.0218],[108.0329,14.0249],[108.0341,14.0249],[108.0341,14.0288],[108.047,14.0293],[108.0475,14.0305],[108.0467,14.0324],[108.0489,14.0335],[108.0512,14.0336],[108.0529,14.0329],[108.0534,14.0332],[108.0523,14.032],[108.052,14.0302],[108.054,14.0273],[108.0565,14.0251],[108.0566,14.0221],[108.0574,14.0197],[108.0568,14.0154],[108.0575,14.0141],[108.058,14.0103],[108.0596,14.0084],[108.0598,14.0076],[108.0593,14.0073],[108.062,14.0064],[108.0628,14.0056],[108.0633,14.0066],[108.0647,14.0067],[108.0662,14.0052],[108.0665,14.0041],[108.0678,14.0062],[108.0688,14.0059],[108.0685,14.005],[108.0678,14.005],[108.0682,14.0041],[108.0674,14.0039],[108.0671,14.0027],[108.0684,14.0021],[108.0688,13.9999],[108.0693,14.0001],[108.0693,14.0005],[108.0701,14.0009],[108.0698,14.0019],[108.0703,14.003],[108.0725,14.0025],[108.0731,14.0013],[108.0741,14.0008],[108.0742,14.0003],[108.0748,14.0009],[108.0747,14.0018],[108.0762,14.0014],[108.0773,14.0026],[108.0782,14.0028],[108.0776,14.0046],[108.0767,14.0056],[108.0784,14.0072],[108.0758,14.0087],[108.0755,14.0103],[108.0733,14.01],[108.0733,14.0115],[108.0737,14.0121],[108.075,14.0118],[108.0755,14.0121],[108.075,14.0148],[108.0753,14.0176],[108.0775,14.0175],[108.079,14.0167],[108.0832,14.0207],[108.0813,14.0216],[108.0817,14.0222],[108.0815,14.0224],[108.0807,14.0221],[108.0805,14.0215],[108.0799,14.0217],[108.0796,14.0229],[108.0786,14.0217],[108.077,14.0229],[108.0764,14.024],[108.0751,14.024],[108.0754,14.0249],[108.0751,14.026],[108.0756,14.0263],[108.0761,14.0278],[108.0785,14.0281],[108.0792,14.0293],[108.0798,14.0292],[108.0812,14.0301],[108.0816,14.0309],[108.083,14.0293],[108.0835,14.0292],[108.0844,14.0301],[108.0839,14.0309],[108.0852,14.0304],[108.086,14.0316],[108.087,14.0322],[108.0877,14.0322],[108.0879,14.0328],[108.089,14.0319],[108.0893,14.0323],[108.0887,14.0333],[108.0898,14.0334],[108.0902,14.0345],[108.0888,14.0358],[108.0893,14.0375],[108.0876,14.0394],[108.0886,14.0403],[108.0882,14.0413],[108.0895,14.0419],[108.0895,14.0429],[108.0886,14.0434],[108.088,14.0451],[108.0866,14.0456],[108.0877,14.0476],[108.0866,14.0485],[108.0854,14.0488],[108.085,14.0499],[108.0857,14.0526],[108.0841,14.0529],[108.0843,14.0548],[108.0848,14.0548],[108.0849,14.0554],[108.0837,14.0556],[108.0839,14.0578],[108.0825,14.0579],[108.0828,14.0614],[108.0815,14.0616],[108.0817,14.0648],[108.0854,14.0694],[108.0869,14.0694],[108.087,14.0707],[108.0874,14.0712],[108.0933,14.0758],[108.0937,14.0771],[108.0951,14.078],[108.0961,14.0796],[108.1011,14.0854],[108.1035,14.0865],[108.1055,14.0887],[108.1075,14.0909],[108.1098,14.0968],[108.1089,14.0972],[108.109,14.0978],[108.1081,14.098],[108.108,14.099],[108.1066,14.1004],[108.1054,14.1003],[108.1049,14.1014],[108.1043,14.1012],[108.1039,14.1027],[108.1027,14.1025],[108.0979,14.1094],[108.0973,14.11],[108.0954,14.1108],[108.0941,14.1141],[108.0921,14.1165],[108.0901,14.1222],[108.0899,14.1241],[108.0888,14.1252],[108.0884,14.1287],[108.0872,14.1304],[108.087,14.1334],[108.0861,14.1363],[108.0865,14.1383],[108.0848,14.1428],[108.0852,14.1448]]]},"properties":{"code":"23590","name":"Biển Hồ","nameEn":"Bien Ho","fullName":"Xã Biển Hồ","fullNameEn":"Bien Ho Commune","codeName":"bien_ho","postalCode":"61121","postalCodePrefix":"","gisServerId":"diaphanhanhchinhcapxa_2025.3044","areaKm2":170.44},"id":"23590"},
{"type":"Feature","geometry":{"type":"Polygon","coordinates":[[[108.0989,13.9811],[108.0978,13.9845],[108.097,13.9851],[108.0973,13.9857],[108.0968,13.9874],[108.0972,13.9882],[108.0966,13.9891],[108.0971,13.9892],[108.0971,13.9899],[108.0965,13.9899],[108.0965,13.9941],[108.0953,13.9943],[108.0945,13.9939],[108.0946,13.9949],[108.0929,13.9958],[108.0904,13.9979],[108.0895,14.0008],[108.0892,14.0043],[108.0844,14.0037],[108.0836,14.0042],[108.0828,14.0041],[108.0826,14.0029],[108.0814,14.0027],[108.0812,14.0031],[108.0792,14.0027],[108.0782,14.0028],[108.0773,14.0026],[108.0762,14.0014],[108.0747,14.0018],[108.0748,14.0009],[108.0742,14.0003],[108.0741,14.0008],[108.0731,14.0013],[108.0725,14.0025],[108.0703,14.003],[108.0698,14.0019],[108.0701,14.0009],[108.0693,14.0005],[108.0693,14.0001],[108.0688,13.9999],[108.0684,14.0021],[108.0671,14.0027],[108.0674,14.0039],[108.0682,14.0041],[108.0678,14.005],[108.0685,14.005],[108.0688,14.0059],[108.0678,14.0062],[108.0665,14.0041],[108.0662,14.0052],[108.0647,14.0067],[108.0633,14.0066],[108.0628,14.0056],[108.063,14.0041],[108.0626,14.0036],[108.0627,14.0007],[108.0618,14.0004],[108.0618,13.9999],[108.0618,13.9993],[108.0625,13.9992],[108.0634,13.9979],[108.0634,13.9969],[108.0626,13.9962],[108.0603,13.9956],[108.06,13.9949],[108.0593,13.9952],[108.0588,13.9949],[108.0562,13.9965],[108.0552,13.9967],[108.0551,13.9972],[108.0535,13.9973],[108.0508,13.9985],[108.0489,13.9985],[108.0478,13.998],[108.0472,13.9973],[108.047,13.9954],[108.0475,13.9952],[108.0472,13.9947],[108.0477,13.994],[108.0469,13.9933],[108.0474,13.9921],[108.0491,13.9912],[108.0511,13.9909],[108.0532,13.9914],[108.0541,13.9913],[108.0553,13.9921],[108.0558,13.9913],[108.0549,13.9902],[108.0506,13.9881],[108.0469,13.9871],[108.0438,13.987],[108.0422,13.9874],[108.0415,13.987],[108.0412,13.9872],[108.04,13.9859],[108.039,13.9856],[108.038,13.9886],[108.0385,13.9906],[108.0373,13.9903],[108.0376,13.9896],[108.0373,13.9891],[108.0377,13.9886],[108.0372,13.9886],[108.0367,13.9877],[108.0362,13.9877],[108.0363,13.9866],[108.0374,13.9867],[108.0375,13.9864],[108.0374,13.9855],[108.0367,13.9853],[108.0373,13.9842],[108.036,13.9789],[108.0331,13.9758],[108.0316,13.9734],[108.0315,13.9716],[108.0325,13.9714],[108.0317,13.9681],[108.0321,13.9667],[108.034,13.9668],[108.0373,13.9654],[108.0387,13.9625],[108.039,13.9621],[108.0396,13.9624],[108.0405,13.9619],[108.0415,13.9606],[108.0412,13.9605],[108.0411,13.9595],[108.0421,13.9589],[108.0417,13.9583],[108.0421,13.9574],[108.0411,13.957],[108.0408,13.9561],[108.0416,13.9558],[108.0419,13.9523],[108.0429,13.9513],[108.0417,13.95],[108.0425,13.947],[108.0417,13.9456],[108.0414,13.9435],[108.0399,13.9414],[108.04,13.939],[108.0411,13.9382],[108.0412,13.9377],[108.0418,13.9379],[108.0421,13.9374],[108.042,13.9368],[108.041,13.9362],[108.0411,13.9356],[108.0432,13.9343],[108.0437,13.9348],[108.0436,13.9357],[108.0442,13.9363],[108.0447,13.9364],[108.0455,13.9359],[108.0453,13.9367],[108.046,13.9378],[108.0467,13.9368],[108.0471,13.9373],[108.0463,13.9393],[108.0467,13.9403],[108.0468,13.9417],[108.0476,13.9421],[108.0476,13.9428],[108.0483,13.9432],[108.0486,13.9433],[108.0488,13.943],[108.0505,13.9439],[108.0508,13.9433],[108.0524,13.9452],[108.06,13.9471],[108.0607,13.9471],[108.061,13.9462],[108.0615,13.9469],[108.0627,13.947],[108.0624,13.9485],[108.0643,13.9489],[108.0645,13.9493],[108.0668,13.9486],[108.0668,13.9481],[108.0685,13.9482],[108.0693,13.9488],[108.0705,13.9487],[108.0729,13.9494],[108.0747,13.9513],[108.0774,13.9527],[108.0782,13.9536],[108.0782,13.9551],[108.0778,13.9554],[108.0784,13.9563],[108.079,13.9561],[108.0792,13.9553],[108.0801,13.9556],[108.0796,13.9575],[108.0792,13.9609],[108.0794,13.9613],[108.0792,13.9619],[108.0776,13.9632],[108.0772,13.9641],[108.0774,13.9645],[108.0785,13.965],[108.0789,13.9635],[108.0797,13.9635],[108.08,13.9625],[108.0822,13.9622],[108.0828,13.9608],[108.0849,13.9614],[108.0864,13.9614],[108.0865,13.9618],[108.0873,13.9621],[108.0874,13.9619],[108.0885,13.9626],[108.0892,13.9636],[108.0896,13.9637],[108.0897,13.9633],[108.0901,13.9634],[108.09,13.9638],[108.0904,13.9639],[108.0901,13.9645],[108.091,13.9652],[108.0911,13.9662],[108.0921,13.9666],[108.0921,13.9669],[108.0916,13.9669],[108.0917,13.9672],[108.0926,13.9671],[108.0927,13.9676],[108.0932,13.9677],[108.0931,13.9683],[108.0937,13.9685],[108.0936,13.9692],[108.0928,13.9696],[108.0924,13.9707],[108.0909,13.9716],[108.0911,13.9721],[108.0905,13.9725],[108.09,13.9734],[108.0893,13.9736],[108.0893,13.9749],[108.0906,13.9749],[108.0909,13.9755],[108.0902,13.9753],[108.0895,13.9756],[108.0903,13.976],[108.0906,13.9768],[108.0945,13.978],[108.0947,13.9789],[108.0981,13.9796],[108.0989,13.9811]]]},"properties":{"code":"23602","name":"An Phú","nameEn":"An Phu","fullName":"Phường An Phú","fullNameEn":"An Phu Ward","codeName":"an_phu","postalCode":"61118","postalCodePrefix":"","gisServerId":"diaphanhanhchinhcapxa_2025.3045","areaKm2":32.49},"id":"23602"},
{"type":"Feature","geometry":{"type":"Polygon","coordinates":[[[107.9628,13.8341],[107.9721,13.8411],[107.9783,13.8471],[107.9798,13.8477],[107.9797,13.8483],[107.9816,13.8488],[107.9814,13.8496],[107.9828,13.85],[107.9826,13.8504],[107.9844,13.8517],[107.9848,13.8521],[107.9848,13.8532],[107.986,13.855],[107.9863,13.8563],[107.988,13.8578],[107.9884,13.8598],[107.9902,13.862],[107.9898,13.8624],[107.9903,13.8632],[107.9888,13.8645],[107.9895,13.8649],[107.9892,13.8655],[107.9915,13.8664],[107.9925,13.868],[107.9934,13.8684],[107.9943,13.8696],[107.9961,13.8699],[107.998,13.8718],[108,13.8728],[108.0003,13.874],[107.9995,13.875],[107.9997,13.8759],[108.0004,13.8761],[108.0022,13.8758],[108.0026,13.876],[108.0029,13.8773],[108.0051,13.8777],[108.0056,13.8784],[108.0069,13.8785],[108.0113,13.8808],[108.0124,13.8807],[108.0125,13.8825],[108.0108,13.8857],[108.0109,13.8863],[108.0104,13.8867],[108.0108,13.8874],[108.0102,13.8877],[108.0104,13.8886],[108.0112,13.8891],[108.0113,13.8911],[108.0125,13.8915],[108.0121,13.8923],[108.0121,13.8959],[108.0129,13.8969],[108.0126,13.8992],[108.0122,13.8992],[108.0122,13.9003],[108.0115,13.901],[108.0087,13.9014],[108.009,13.9017],[108.0086,13.9034],[108.0076,13.9031],[108.0071,13.9045],[108.0059,13.9044],[108.0057,13.9054],[108.0062,13.9055],[108.0057,13.9071],[108.0031,13.9103],[108.0006,13.9106],[108.0004,13.911],[107.9994,13.911],[107.9984,13.9115],[107.9972,13.9106],[107.997,13.911],[107.9967,13.9107],[107.9962,13.9115],[107.9967,13.9118],[107.9961,13.9128],[107.9993,13.9144],[108.0052,13.9154],[108.0053,13.9208],[108.0061,13.9248],[108.0015,13.9271],[107.9995,13.929],[107.9954,13.9307],[107.992,13.9329],[107.9913,13.9333],[107.9896,13.9333],[107.9891,13.9309],[107.9882,13.931],[107.9859,13.9302],[107.9854,13.9296],[107.9857,13.9291],[107.9839,13.9301],[107.9839,13.9303],[107.9818,13.9301],[107.9789,13.9294],[107.9762,13.9281],[107.9758,13.9275],[107.9735,13.9269],[107.9718,13.9269],[107.9687,13.9276],[107.9633,13.927],[107.9566,13.9285],[107.9526,13.9263],[107.951,13.9251],[107.951,13.9244],[107.9496,13.9241],[107.9492,13.9245],[107.9481,13.9236],[107.9473,13.9236],[107.9471,13.9241],[107.9463,13.9242],[107.9436,13.9266],[107.9431,13.9266],[107.9426,13.9257],[107.9421,13.9257],[107.9416,13.9268],[107.9406,13.9271],[107.9406,13.9279],[107.94,13.9279],[107.9412,13.9285],[107.9405,13.9315],[107.94,13.9321],[107.9412,13.9356],[107.94,13.9389],[107.9394,13.9386],[107.9391,13.939],[107.9388,13.9386],[107.9383,13.9392],[107.9373,13.9387],[107.9364,13.9391],[107.9338,13.9413],[107.933,13.9433],[107.932,13.9441],[107.9307,13.9446],[107.9291,13.9442],[107.9282,13.9446],[107.9273,13.9445],[107.9256,13.9454],[107.9245,13.9468],[107.9224,13.9479],[107.9208,13.9481],[107.9199,13.9476],[107.9181,13.949],[107.9162,13.9493],[107.9154,13.9503],[107.9135,13.9512],[107.9127,13.9511],[107.9119,13.9502],[107.9114,13.9505],[107.9113,13.951],[107.9102,13.9514],[107.907,13.9512],[107.9071,13.9509],[107.9047,13.9499],[107.9042,13.9515],[107.9031,13.9514],[107.9022,13.9519],[107.9019,13.953],[107.8985,13.9542],[107.8979,13.9548],[107.8971,13.9583],[107.898,13.959],[107.898,13.9614],[107.9003,13.9651],[107.8999,13.9655],[107.9001,13.9658],[107.8984,13.9671],[107.8992,13.9678],[107.8986,13.9689],[107.8983,13.9687],[107.8963,13.9728],[107.8958,13.9721],[107.892,13.9701],[107.8915,13.9687],[107.8904,13.9684],[107.8894,13.967],[107.8852,13.9658],[107.8852,13.9665],[107.8844,13.9664],[107.88,13.9631],[107.8782,13.9626],[107.877,13.9616],[107.8762,13.9619],[107.8726,13.9607],[107.8715,13.9594],[107.869,13.9578],[107.8679,13.9551],[107.8669,13.9539],[107.8628,13.9535],[107.8614,13.9545],[107.8607,13.9536],[107.8589,13.9529],[107.8579,13.9515],[107.8552,13.951],[107.8553,13.9502],[107.8564,13.9498],[107.8552,13.9478],[107.8557,13.9475],[107.8556,13.9442],[107.856,13.9414],[107.8538,13.9406],[107.8531,13.9411],[107.8521,13.94],[107.8506,13.9422],[107.8497,13.9426],[107.8491,13.941],[107.8499,13.9397],[107.848,13.9395],[107.8478,13.9386],[107.8483,13.9383],[107.8484,13.9378],[107.8479,13.9381],[107.8464,13.9372],[107.846,13.9374],[107.8461,13.9381],[107.8441,13.9378],[107.8401,13.9356],[107.8399,13.9361],[107.8389,13.9361],[107.8383,13.9354],[107.8371,13.9356],[107.8355,13.9345],[107.8354,13.9349],[107.8363,13.9358],[107.835,13.9372],[107.8355,13.9375],[107.8354,13.9381],[107.8358,13.9387],[107.8327,13.9398],[107.8322,13.9397],[107.8313,13.9384],[107.8303,13.9383],[107.8301,13.9368],[107.8277,13.9362],[107.8271,13.9367],[107.8266,13.9381],[107.8243,13.9366],[107.824,13.9374],[107.823,13.938],[107.8205,13.9383],[107.8194,13.9391],[107.8185,13.9381],[107.8178,13.938],[107.8171,13.9395],[107.8162,13.9395],[107.8162,13.9408],[107.8153,13.9412],[107.8152,13.9422],[107.8166,13.9428],[107.8161,13.9436],[107.8126,13.9423],[107.8109,13.9426],[107.808,13.9422],[107.8078,13.9423],[107.8093,13.939],[107.8093,13.9353],[107.8068,13.934],[107.8067,13.9294],[107.8049,13.9258],[107.8037,13.9251],[107.8015,13.9239],[107.7994,13.9216],[107.7993,13.9206],[107.8027,13.9181],[107.8039,13.9142],[107.8028,13.9109],[107.799,13.9083],[107.7969,13.9054],[107.8019,13.9003],[107.7999,13.8973],[107.7971,13.8778],[107.8004,13.8783],[107.802,13.8776],[107.8027,13.8779],[107.8036,13.8776],[107.8044,13.878],[107.8053,13.8793],[107.8059,13.8794],[107.8086,13.8778],[107.811,13.8788],[107.8134,13.878],[107.8173,13.8797],[107.8205,13.8765],[107.819,13.8747],[107.8184,13.8724],[107.8185,13.8708],[107.8194,13.8686],[107.8204,13.8672],[107.8219,13.8664],[107.8244,13.8634],[107.8243,13.8561],[107.8238,13.8549],[107.8245,13.8538],[107.8244,13.8523],[107.8263,13.8524],[107.8276,13.853],[107.8328,13.8539],[107.8328,13.8558],[107.8341,13.857],[107.8349,13.857],[107.8357,13.8562],[107.8364,13.8562],[107.8397,13.8584],[107.839,13.8627],[107.8373,13.8644],[107.8379,13.8674],[107.8384,13.8685],[107.8391,13.8689],[107.8389,13.8717],[107.8401,13.8752],[107.8403,13.8777],[107.8396,13.8789],[107.8405,13.8782],[107.8433,13.8786],[107.8438,13.8781],[107.8493,13.8779],[107.854,13.8787],[107.8567,13.8784],[107.8581,13.8787],[107.8604,13.8779],[107.8609,13.8766],[107.8614,13.8775],[107.8622,13.8773],[107.8621,13.8782],[107.8631,13.8786],[107.8633,13.8779],[107.8648,13.8788],[107.8647,13.8794],[107.8655,13.8795],[107.8654,13.8789],[107.8662,13.879],[107.8659,13.8784],[107.8667,13.8778],[107.8673,13.8783],[107.8678,13.8778],[107.8684,13.8785],[107.8689,13.8785],[107.8702,13.8764],[107.8717,13.8761],[107.8717,13.8757],[107.8723,13.8758],[107.8718,13.8748],[107.8726,13.8751],[107.8722,13.8745],[107.8736,13.8741],[107.8733,13.873],[107.8751,13.8739],[107.8754,13.873],[107.8761,13.8727],[107.8764,13.8744],[107.8775,13.8726],[107.8786,13.8726],[107.8791,13.8734],[107.8799,13.8735],[107.88,13.8732],[107.8794,13.8725],[107.8805,13.8726],[107.8819,13.8717],[107.8823,13.8717],[107.8822,13.8731],[107.8828,13.8735],[107.8839,13.8727],[107.8843,13.8733],[107.8851,13.8734],[107.8859,13.8722],[107.8871,13.8726],[107.8878,13.8725],[107.8878,13.873],[107.8885,13.8739],[107.8882,13.8745],[107.8886,13.875],[107.8894,13.8748],[107.8902,13.8755],[107.8913,13.8746],[107.8922,13.8753],[107.8927,13.8762],[107.8938,13.8758],[107.8943,13.8765],[107.8942,13.8771],[107.8946,13.8773],[107.895,13.8764],[107.8962,13.8757],[107.896,13.8734],[107.895,13.8725],[107.8955,13.872],[107.8952,13.8717],[107.8957,13.8707],[107.8954,13.87],[107.896,13.8699],[107.8961,13.8692],[107.9037,13.8684],[107.9147,13.8682],[107.9154,13.8648],[107.9175,13.8616],[107.9186,13.8616],[107.9225,13.8632],[107.9232,13.8631],[107.9231,13.8636],[107.9259,13.8632],[107.926,13.8638],[107.9291,13.8641],[107.9307,13.8638],[107.9313,13.8647],[107.9325,13.8645],[107.9326,13.8663],[107.9353,13.8664],[107.9365,13.8673],[107.9371,13.8671],[107.938,13.8675],[107.942,13.8705],[107.9428,13.8702],[107.9441,13.8667],[107.9463,13.8655],[107.9479,13.8635],[107.9487,13.8636],[107.9508,13.8654],[107.954,13.866],[107.955,13.8647],[107.9575,13.8629],[107.9586,13.8626],[107.9586,13.863],[107.9626,13.8644],[107.9625,13.8649],[107.9631,13.8653],[107.9658,13.8657],[107.9659,13.8653],[107.9687,13.8666],[107.9698,13.8645],[107.9704,13.8627],[107.9717,13.8632],[107.9743,13.8588],[107.9742,13.8583],[107.9717,13.8581],[107.9702,13.8568],[107.9691,13.8529],[107.9664,13.8487],[107.9654,13.8478],[107.9646,13.8461],[107.9637,13.8453],[107.9643,13.8449],[107.9641,13.8445],[107.965,13.8438],[107.9652,13.844],[107.9663,13.8427],[107.9658,13.8418],[107.9651,13.8414],[107.9649,13.84],[107.9641,13.8392],[107.9628,13.8341]]]},"properties":{"code":"23611","name":"Gào","nameEn":"Gao","fullName":"Xã Gào","fullNameEn":"Gao Commune","codeName":"gao","postalCode":"61126","postalCodePrefix":"","gisServerId":"diaphanhanhchinhcapxa_2025.2948","areaKm2":182.47},"id":"23611"},
{"type":"Feature","geometry":{"type":"Polygon","coordinates":[[[108.6235,14.0173],[108.6215,14.0182],[108.6204,14.0177],[108.62,14.0188],[108.6191,14.0192],[108.6194,14.0174],[108.6191,14.0161],[108.6179,14.0159],[108.6167,14.0142],[108.6137,14.0139],[108.6122,14.0133],[108.6111,14.0135],[108.6098,14.0129],[108.6088,14.0124],[108.6073,14.0097],[108.6058,14.0089],[108.6048,14.0099],[108.6054,14.0115],[108.604,14.012],[108.602,14.0137],[108.6015,14.0148],[108.6021,14.0152],[108.6016,14.0161],[108.6005,14.0164],[108.5991,14.0162],[108.5987,14.0173],[108.5978,14.0177],[108.5978,14.0192],[108.5971,14.0192],[108.5952,14.0181],[108.5949,14.0169],[108.5952,14.0156],[108.5947,14.0156],[108.5943,14.0142],[108.5932,14.0147],[108.5937,14.0131],[108.5924,14.013],[108.5927,14.0109],[108.5919,14.0104],[108.592,14.0095],[108.5926,14.009],[108.5917,14.0078],[108.5909,14.0079],[108.5909,14.0072],[108.5904,14.0072],[108.5897,14.0043],[108.5898,14.0028],[108.5892,14.0027],[108.5885,14.0009],[108.5873,14.0001],[108.5874,13.9996],[108.5859,13.9992],[108.5841,13.9994],[108.5838,14.001],[108.5832,14.0009],[108.5833,14.002],[108.5827,14.0025],[108.5829,14.0033],[108.5826,14.0033],[108.5828,14.0045],[108.5814,14.0065],[108.5815,14.0093],[108.58,14.0098],[108.5805,14.0116],[108.5795,14.0122],[108.5805,14.0138],[108.5785,14.0146],[108.5778,14.0138],[108.578,14.0129],[108.5771,14.013],[108.5771,14.0123],[108.575,14.012],[108.575,14.0111],[108.5741,14.0106],[108.5741,14.0098],[108.5733,14.01],[108.5733,14.0087],[108.5711,14.0083],[108.5711,14.007],[108.5688,14.0061],[108.5687,14.0067],[108.5671,14.0071],[108.5659,14.0082],[108.5654,14.008],[108.5651,14.0086],[108.5643,14.0088],[108.5643,14.0092],[108.5635,14.0087],[108.5619,14.0092],[108.559,14.0088],[108.5581,14.0082],[108.5572,14.0083],[108.5567,14.0071],[108.5543,14.0058],[108.5563,14.0064],[108.558,14.0058],[108.5586,14.0051],[108.5597,14.0056],[108.5605,14.005],[108.562,14.0055],[108.5619,14.0052],[108.5634,14.0046],[108.5634,14.0052],[108.564,14.0057],[108.5645,14.0045],[108.5654,14.0046],[108.5658,14.0042],[108.5666,14.0045],[108.5668,14.0042],[108.5671,14.0047],[108.5678,14.0046],[108.5689,14.0041],[108.5702,13.9995],[108.5721,13.9987],[108.5757,13.9983],[108.5758,13.9966],[108.5766,13.9954],[108.5755,13.9933],[108.5763,13.9927],[108.5768,13.9913],[108.5765,13.9902],[108.5767,13.9887],[108.5761,13.9879],[108.577,13.9859],[108.576,13.9832],[108.5763,13.9823],[108.5773,13.9824],[108.578,13.981],[108.5774,13.9784],[108.5768,13.9783],[108.5771,13.9778],[108.5752,13.9772],[108.5744,13.9745],[108.5744,13.9723],[108.5734,13.9715],[108.5728,13.9704],[108.5708,13.9691],[108.5694,13.9705],[108.5687,13.9689],[108.5664,13.9684],[108.5665,13.968],[108.5634,13.9678],[108.5621,13.9664],[108.5644,13.9622],[108.5658,13.9612],[108.5663,13.9594],[108.5708,13.9583],[108.5709,13.9544],[108.5723,13.953],[108.5717,13.9517],[108.571,13.9513],[108.5712,13.9507],[108.5732,13.9508],[108.5762,13.9495],[108.5748,13.9475],[108.576,13.9473],[108.5776,13.9479],[108.5795,13.9478],[108.5806,13.9471],[108.581,13.9464],[108.5815,13.9466],[108.5817,13.9461],[108.582,13.9462],[108.5822,13.9451],[108.5837,13.9453],[108.584,13.9441],[108.5851,13.9436],[108.5857,13.9437],[108.5859,13.9427],[108.5868,13.9423],[108.5872,13.9416],[108.5869,13.941],[108.5871,13.94],[108.5866,13.9397],[108.5868,13.9391],[108.5862,13.9376],[108.5853,13.9364],[108.585,13.9344],[108.5867,13.9316],[108.5879,13.9306],[108.5878,13.9301],[108.5867,13.9285],[108.5842,13.9274],[108.5847,13.9248],[108.5838,13.9245],[108.5837,13.9237],[108.5884,13.9236],[108.5888,13.9224],[108.5895,13.9223],[108.5893,13.9212],[108.5881,13.9204],[108.5879,13.9192],[108.5887,13.9179],[108.5892,13.9153],[108.5952,13.9165],[108.5991,13.918],[108.6022,13.9187],[108.6182,13.9235],[108.6235,13.9227],[108.6249,13.9232],[108.6255,13.9238],[108.6263,13.9254],[108.6259,13.9286],[108.6264,13.9307],[108.6305,13.936],[108.6373,13.9404],[108.6407,13.9435],[108.6416,13.9438],[108.6448,13.9434],[108.6461,13.9439],[108.6473,13.9451],[108.6488,13.9459],[108.6494,13.947],[108.6506,13.9518],[108.6535,13.9597],[108.6539,13.9635],[108.6582,13.9674],[108.6604,13.9682],[108.661,13.9691],[108.6613,13.9704],[108.6609,13.9754],[108.6616,13.9769],[108.663,13.9778],[108.6619,13.9786],[108.6616,13.9806],[108.6585,13.983],[108.6578,13.9842],[108.6573,13.9837],[108.6558,13.9835],[108.6546,13.9844],[108.6543,13.9836],[108.6536,13.9852],[108.6509,13.9847],[108.6509,13.984],[108.6487,13.9845],[108.6485,13.9834],[108.6466,13.9834],[108.6463,13.9827],[108.6456,13.9828],[108.6457,13.9819],[108.6435,13.9814],[108.6409,13.9829],[108.6385,13.9826],[108.638,13.983],[108.6366,13.9831],[108.6326,13.9822],[108.6301,13.9837],[108.6318,13.9874],[108.6319,13.9885],[108.6354,13.9974],[108.6356,13.9985],[108.6346,13.9999],[108.6321,13.9989],[108.6314,13.9993],[108.6315,13.9999],[108.6308,14.0009],[108.6304,14.0011],[108.6299,14.0007],[108.6297,14.0011],[108.6291,14.0011],[108.6292,14.0018],[108.6296,14.0032],[108.6312,14.0038],[108.6365,14.0084],[108.6355,14.011],[108.636,14.0111],[108.6358,14.0121],[108.6334,14.0136],[108.6354,14.0136],[108.6351,14.0152],[108.6358,14.0157],[108.6356,14.0163],[108.6351,14.0159],[108.6348,14.0169],[108.6341,14.017],[108.6342,14.0176],[108.6281,14.0168],[108.6235,14.0173]]]},"properties":{"code":"23614","name":"An Bình","nameEn":"An Binh","fullName":"Phường An Bình","fullNameEn":"An Binh Ward","codeName":"an_binh","postalCode":"62516","postalCodePrefix":"","gisServerId":"diaphanhanhchinhcapxa_2025.3035","areaKm2":73.13},"id":"23614"},
{"type":"Feature","geometry":{"type":"Polygon","coordinates":[[[108.6958,13.9481],[108.7014,13.9485],[108.7009,13.9525],[108.7024,13.958],[108.7024,13.9603],[108.7034,13.9611],[108.7038,13.9619],[108.7034,13.9627],[108.7037,13.9633],[108.7029,13.9646],[108.7034,13.9656],[108.7031,13.966],[108.7044,13.9674],[108.703,13.9681],[108.7035,13.9692],[108.7021,13.9713],[108.7023,13.9722],[108.7029,13.9727],[108.7028,13.9755],[108.7007,13.9771],[108.7007,13.9786],[108.6982,13.9795],[108.6969,13.9809],[108.6973,13.9817],[108.6968,13.9823],[108.6971,13.9829],[108.695,13.9873],[108.6959,13.9885],[108.7011,13.9903],[108.7033,13.9915],[108.7053,13.9932],[108.7056,13.9942],[108.7066,13.9947],[108.7048,13.9974],[108.706,13.9984],[108.7065,13.9997],[108.7073,14.0001],[108.7079,13.9999],[108.7103,14.0027],[108.712,14.0032],[108.7149,14.0068],[108.7137,14.0083],[108.7144,14.0094],[108.7124,14.0111],[108.7124,14.0128],[108.7112,14.0133],[108.7103,14.018],[108.7092,14.0204],[108.7083,14.021],[108.7091,14.0228],[108.7096,14.0266],[108.709,14.0286],[108.7092,14.0305],[108.7087,14.0312],[108.7085,14.0328],[108.7076,14.0339],[108.707,14.0364],[108.7063,14.0366],[108.7044,14.0362],[108.7045,14.0354],[108.7039,14.0349],[108.7035,14.0336],[108.7025,14.0334],[108.7026,14.0326],[108.7018,14.0314],[108.7009,14.0313],[108.6987,14.03],[108.6979,14.0301],[108.6968,14.0311],[108.6943,14.0305],[108.6937,14.0297],[108.6925,14.0251],[108.6918,14.0238],[108.6903,14.023],[108.6885,14.0228],[108.6839,14.0172],[108.681,14.0164],[108.681,14.0189],[108.6775,14.0235],[108.6751,14.0245],[108.6688,14.0252],[108.6672,14.0265],[108.6644,14.0281],[108.6631,14.0294],[108.6615,14.0327],[108.6609,14.032],[108.659,14.032],[108.6558,14.031],[108.6547,14.0302],[108.6543,14.0291],[108.6529,14.0276],[108.6517,14.0269],[108.6496,14.0271],[108.648,14.0285],[108.6426,14.0291],[108.6418,14.0284],[108.6416,14.0272],[108.6403,14.0268],[108.6382,14.0267],[108.6382,14.0262],[108.6378,14.0261],[108.6363,14.0261],[108.6363,14.0247],[108.6356,14.0248],[108.6356,14.0245],[108.6347,14.0244],[108.6347,14.0239],[108.6318,14.0213],[108.6279,14.0207],[108.627,14.0195],[108.6254,14.0193],[108.6249,14.0181],[108.6238,14.0181],[108.6235,14.0173],[108.6281,14.0168],[108.6342,14.0176],[108.6341,14.017],[108.6348,14.0169],[108.6351,14.0159],[108.6356,14.0163],[108.6358,14.0157],[108.6351,14.0152],[108.6354,14.0136],[108.6334,14.0136],[108.6358,14.0121],[108.636,14.0111],[108.6355,14.011],[108.6365,14.0084],[108.6312,14.0038],[108.6296,14.0032],[108.6292,14.0018],[108.6291,14.0011],[108.6297,14.0011],[108.6299,14.0007],[108.6304,14.0011],[108.6308,14.0009],[108.6315,13.9999],[108.6314,13.9993],[108.6321,13.9989],[108.6346,13.9999],[108.6356,13.9985],[108.6354,13.9974],[108.6319,13.9885],[108.6318,13.9874],[108.6301,13.9837],[108.6326,13.9822],[108.6366,13.9831],[108.638,13.983],[108.6385,13.9826],[108.6409,13.9829],[108.6435,13.9814],[108.6457,13.9819],[108.6456,13.9828],[108.6463,13.9827],[108.6466,13.9834],[108.6485,13.9834],[108.6487,13.9845],[108.6509,13.984],[108.6509,13.9847],[108.6536,13.9852],[108.6543,13.9836],[108.6546,13.9844],[108.6558,13.9835],[108.6573,13.9837],[108.6578,13.9842],[108.6585,13.983],[108.6616,13.9806],[108.6619,13.9786],[108.663,13.9778],[108.6616,13.9769],[108.6609,13.9754],[108.6613,13.9704],[108.661,13.9691],[108.6604,13.9682],[108.6582,13.9674],[108.6539,13.9635],[108.6535,13.9597],[108.6506,13.9518],[108.6494,13.947],[108.6488,13.9459],[108.6473,13.9451],[108.6461,13.9439],[108.6473,13.9437],[108.648,13.9424],[108.6489,13.9425],[108.6488,13.9419],[108.6494,13.9416],[108.6495,13.941],[108.6499,13.9412],[108.6501,13.9418],[108.6516,13.9419],[108.6523,13.9411],[108.6531,13.9412],[108.655,13.9406],[108.6555,13.9398],[108.6571,13.94],[108.6574,13.9391],[108.6586,13.9391],[108.6589,13.9396],[108.66,13.9394],[108.6599,13.9408],[108.6604,13.9407],[108.6611,13.9414],[108.6611,13.942],[108.6661,13.9446],[108.6662,13.945],[108.6685,13.9458],[108.6707,13.9456],[108.6705,13.9461],[108.6712,13.9472],[108.6709,13.948],[108.6718,13.9485],[108.6717,13.9494],[108.6722,13.9493],[108.6723,13.9483],[108.6732,13.9493],[108.6735,13.9498],[108.6736,13.9512],[108.674,13.9512],[108.6743,13.9519],[108.6751,13.9522],[108.6759,13.9517],[108.6764,13.9521],[108.6769,13.9515],[108.6773,13.952],[108.6776,13.9517],[108.6783,13.9524],[108.6788,13.9535],[108.6799,13.9538],[108.6799,13.9542],[108.6807,13.9543],[108.6812,13.9552],[108.6832,13.9553],[108.6845,13.9564],[108.6867,13.9567],[108.6871,13.9578],[108.6879,13.9585],[108.6892,13.9586],[108.6905,13.9595],[108.6921,13.9662],[108.6936,13.965],[108.6944,13.9616],[108.6943,13.9604],[108.6958,13.9588],[108.6964,13.9552],[108.6962,13.9534],[108.6965,13.9517],[108.6964,13.9494],[108.6958,13.9481]]]},"properties":{"code":"23617","name":"An Khê","nameEn":"An Khe","fullName":"Phường An Khê","fullNameEn":"An Khe Ward","codeName":"an_khe","postalCode":"62517","postalCodePrefix":"","gisServerId":"diaphanhanhchinhcapxa_2025.3036","areaKm2":57.44},"id":"23617"},
{"type":"Feature","geometry":{"type":"Polygon","coordinates":[[[108.6992,14.1104],[108.699,14.1138],[108.695,14.1149],[108.6929,14.1148],[108.6922,14.117],[108.6924,14.1187],[108.6934,14.1208],[108.6869,14.1286],[108.6864,14.1282],[108.6821,14.1278],[108.6817,14.1268],[108.6824,14.1254],[108.6823,14.1248],[108.6818,14.1244],[108.68,14.1244],[108.6805,14.1218],[108.6794,14.1213],[108.6773,14.1214],[108.6763,14.1208],[108.6756,14.1214],[108.6754,14.1206],[108.6751,14.1208],[108.6745,14.1204],[108.6751,14.1185],[108.6742,14.118],[108.6743,14.1171],[108.6737,14.1161],[108.6733,14.1159],[108.6727,14.1164],[108.6721,14.1164],[108.672,14.1167],[108.6713,14.1166],[108.6706,14.1144],[108.6696,14.1143],[108.6697,14.1137],[108.6684,14.1134],[108.6682,14.1128],[108.6685,14.1115],[108.6677,14.1117],[108.6672,14.1111],[108.6672,14.1098],[108.6665,14.1097],[108.6665,14.1102],[108.6647,14.1094],[108.6641,14.1099],[108.6641,14.1094],[108.6634,14.1092],[108.663,14.1075],[108.662,14.1073],[108.6615,14.1077],[108.6612,14.1066],[108.6614,14.1062],[108.6603,14.1051],[108.66,14.1026],[108.6587,14.1],[108.6594,14.0985],[108.659,14.0965],[108.6595,14.096],[108.6593,14.0946],[108.6597,14.0936],[108.658,14.0928],[108.6576,14.0908],[108.658,14.0904],[108.6575,14.0898],[108.6581,14.0893],[108.6577,14.0891],[108.6576,14.0881],[108.6572,14.088],[108.657,14.0873],[108.6566,14.0876],[108.6557,14.0865],[108.6547,14.0861],[108.6548,14.0857],[108.6544,14.0856],[108.6545,14.0851],[108.6539,14.0846],[108.6536,14.0831],[108.6524,14.0825],[108.6521,14.0811],[108.6513,14.0812],[108.6513,14.0804],[108.6504,14.0806],[108.6504,14.0798],[108.6501,14.08],[108.649,14.0791],[108.6486,14.0797],[108.6476,14.0787],[108.6475,14.0794],[108.6471,14.0796],[108.647,14.0782],[108.6474,14.0768],[108.6502,14.0729],[108.6532,14.0661],[108.6532,14.065],[108.6519,14.0618],[108.6519,14.06],[108.6548,14.0559],[108.6556,14.0503],[108.6568,14.0482],[108.6586,14.042],[108.6606,14.0377],[108.6604,14.0363],[108.6615,14.0337],[108.6615,14.0327],[108.6631,14.0294],[108.6644,14.0281],[108.6672,14.0265],[108.6688,14.0252],[108.6751,14.0245],[108.6775,14.0235],[108.681,14.0189],[108.681,14.0164],[108.6839,14.0172],[108.6885,14.0228],[108.6903,14.023],[108.6918,14.0238],[108.6925,14.0251],[108.6937,14.0297],[108.6943,14.0305],[108.6968,14.0311],[108.6979,14.0301],[108.6987,14.03],[108.7009,14.0313],[108.7018,14.0314],[108.7026,14.0326],[108.7025,14.0334],[108.7035,14.0336],[108.7039,14.0349],[108.7045,14.0354],[108.7044,14.0362],[108.7063,14.0366],[108.707,14.0364],[108.7076,14.0339],[108.7085,14.0328],[108.7087,14.0312],[108.7092,14.0305],[108.709,14.0286],[108.7096,14.0266],[108.7091,14.0228],[108.7083,14.021],[108.7092,14.0204],[108.7103,14.018],[108.7112,14.0133],[108.7124,14.0128],[108.7124,14.0111],[108.7144,14.0094],[108.7137,14.0083],[108.7149,14.0068],[108.712,14.0032],[108.7103,14.0027],[108.7079,13.9999],[108.7073,14.0001],[108.7065,13.9997],[108.706,13.9984],[108.7048,13.9974],[108.7066,13.9947],[108.7056,13.9942],[108.7053,13.9932],[108.7033,13.9915],[108.7011,13.9903],[108.6959,13.9885],[108.695,13.9873],[108.6971,13.9829],[108.6968,13.9823],[108.6973,13.9817],[108.6969,13.9809],[108.6982,13.9795],[108.7007,13.9786],[108.7007,13.9771],[108.7028,13.9755],[108.7029,13.9727],[108.7023,13.9722],[108.7021,13.9713],[108.7035,13.9692],[108.703,13.9681],[108.7044,13.9674],[108.7031,13.966],[108.7034,13.9656],[108.7029,13.9646],[108.7037,13.9633],[108.7034,13.9627],[108.7038,13.9619],[108.7034,13.9611],[108.7024,13.9603],[108.7024,13.958],[108.7009,13.9525],[108.7014,13.9485],[108.6958,13.9481],[108.6971,13.9457],[108.6993,13.9439],[108.7024,13.9444],[108.7043,13.9454],[108.7052,13.9425],[108.7066,13.9416],[108.7082,13.941],[108.7089,13.9413],[108.7109,13.9407],[108.7123,13.9406],[108.7135,13.9389],[108.7126,13.9365],[108.7163,13.9342],[108.7193,13.9329],[108.7211,13.9315],[108.7224,13.9311],[108.7234,13.9312],[108.7237,13.9315],[108.7248,13.9313],[108.7251,13.932],[108.7256,13.9321],[108.726,13.934],[108.7265,13.9338],[108.7272,13.9331],[108.7273,13.9315],[108.7307,13.9303],[108.7358,13.9247],[108.7358,13.9241],[108.7364,13.9239],[108.7365,13.9225],[108.7374,13.9216],[108.738,13.92],[108.7408,13.9171],[108.7424,13.9165],[108.7429,13.9175],[108.7453,13.9175],[108.7454,13.9182],[108.7465,13.9198],[108.7461,13.9217],[108.7456,13.923],[108.7457,13.9247],[108.7447,13.9259],[108.7444,13.927],[108.7455,13.9281],[108.7446,13.9296],[108.7447,13.9305],[108.7443,13.9319],[108.7447,13.9339],[108.7443,13.9356],[108.7453,13.9365],[108.748,13.9376],[108.748,13.9392],[108.7498,13.9478],[108.7516,13.9471],[108.7526,13.9475],[108.7539,13.9463],[108.7548,13.9461],[108.7552,13.9463],[108.7561,13.9482],[108.7558,13.9493],[108.7542,13.9512],[108.7536,13.9538],[108.7532,13.9541],[108.7529,13.9557],[108.7521,13.9563],[108.752,13.9571],[108.7534,13.9581],[108.7547,13.9619],[108.7558,13.9628],[108.7554,13.9647],[108.7561,13.9647],[108.7559,13.9658],[108.7567,13.9661],[108.7566,13.9682],[108.7569,13.9693],[108.7559,13.9706],[108.755,13.9732],[108.7542,13.974],[108.7535,13.9762],[108.7524,13.9778],[108.7526,13.9789],[108.752,13.9817],[108.7535,13.9823],[108.7547,13.9838],[108.7574,13.9852],[108.7585,13.9866],[108.7599,13.9872],[108.7603,13.9889],[108.7626,13.991],[108.7629,13.9922],[108.7637,13.9928],[108.764,13.9934],[108.7631,13.9955],[108.7622,13.9966],[108.7609,13.9971],[108.7596,13.9991],[108.7594,14],[108.7577,14.0021],[108.7566,14.0057],[108.7568,14.0081],[108.7548,14.0086],[108.7547,14.0098],[108.7552,14.0111],[108.7538,14.013],[108.7547,14.0146],[108.7529,14.0163],[108.7522,14.0188],[108.7565,14.021],[108.7574,14.0233],[108.7574,14.0255],[108.7581,14.0262],[108.7573,14.0286],[108.7578,14.0323],[108.7574,14.0346],[108.7579,14.0362],[108.7568,14.0378],[108.7559,14.0382],[108.7557,14.0394],[108.7536,14.0425],[108.755,14.0456],[108.7336,14.0529],[108.722,14.0659],[108.7204,14.0728],[108.7152,14.0896],[108.7157,14.0908],[108.7145,14.0942],[108.712,14.0968],[108.7107,14.0976],[108.707,14.1033],[108.7055,14.103],[108.7009,14.1061],[108.6998,14.1077],[108.6994,14.11],[108.6992,14.1104]]]},"properties":{"code":"23629","name":"Cửu An","nameEn":"Cuu An","fullName":"Xã Cửu An","fullNameEn":"Cuu An Commune","codeName":"cuu_an","postalCode":"62511","postalCodePrefix":"","gisServerId":"diaphanhanhchinhcapxa_2025.3037","areaKm2":132.96},"id":"23629"},
{"type":"Feature","geometry":{"type":"Polygon","coordinates":[[[108.6742,14.1833],[108.6756,14.1833],[108.6767,14.1841],[108.676,14.1846],[108.6758,14.1853],[108.6768,14.1867],[108.6771,14.1884],[108.6782,14.1884],[108.6788,14.1889],[108.6798,14.1889],[108.6799,14.1898],[108.6806,14.1903],[108.6814,14.1916],[108.6817,14.1941],[108.6803,14.1963],[108.681,14.1979],[108.6798,14.1998],[108.6804,14.2009],[108.6804,14.2025],[108.678,14.2033],[108.6774,14.2054],[108.6758,14.2063],[108.6755,14.207],[108.6747,14.2069],[108.6744,14.2075],[108.6748,14.2096],[108.6763,14.2126],[108.6763,14.2147],[108.6773,14.2166],[108.6765,14.2195],[108.6761,14.2238],[108.6756,14.2243],[108.6718,14.2246],[108.6702,14.2251],[108.6699,14.2304],[108.6681,14.2321],[108.6649,14.2341],[108.666,14.2372],[108.6673,14.2389],[108.6679,14.243],[108.6676,14.244],[108.6648,14.2456],[108.6646,14.2461],[108.6654,14.2516],[108.6617,14.2491],[108.6583,14.25],[108.6554,14.2492],[108.6526,14.249],[108.6437,14.2438],[108.6411,14.2432],[108.6396,14.2433],[108.6376,14.242],[108.6352,14.2418],[108.6327,14.243],[108.6315,14.2419],[108.6299,14.2416],[108.625,14.2423],[108.6244,14.2416],[108.6222,14.241],[108.621,14.2389],[108.6171,14.2387],[108.6166,14.238],[108.6156,14.2382],[108.6156,14.2377],[108.6147,14.2378],[108.6141,14.2374],[108.6117,14.2379],[108.6098,14.2392],[108.6096,14.2386],[108.6089,14.2389],[108.6084,14.2384],[108.6078,14.2391],[108.6071,14.2382],[108.6061,14.2387],[108.6041,14.2385],[108.604,14.2375],[108.6023,14.2372],[108.602,14.2349],[108.6001,14.2348],[108.5994,14.236],[108.598,14.2364],[108.5968,14.2357],[108.5961,14.2343],[108.5945,14.2342],[108.5933,14.2335],[108.5925,14.2346],[108.5938,14.2369],[108.5933,14.2377],[108.5944,14.2398],[108.5939,14.2402],[108.5932,14.2402],[108.5921,14.2391],[108.5883,14.2419],[108.5878,14.2434],[108.585,14.243],[108.5846,14.242],[108.5836,14.2421],[108.5829,14.2412],[108.582,14.2416],[108.5811,14.2412],[108.5787,14.2424],[108.5783,14.242],[108.5769,14.2421],[108.5762,14.241],[108.5758,14.2423],[108.5748,14.2428],[108.5748,14.2438],[108.5741,14.2439],[108.5737,14.2447],[108.5732,14.2447],[108.5735,14.2455],[108.5724,14.2454],[108.5702,14.2464],[108.5676,14.2488],[108.566,14.2488],[108.5653,14.2502],[108.5642,14.2504],[108.5633,14.25],[108.5617,14.2502],[108.5611,14.2511],[108.5603,14.2516],[108.5588,14.2512],[108.5582,14.2516],[108.5572,14.2509],[108.5571,14.2515],[108.5574,14.2518],[108.5568,14.2518],[108.556,14.2526],[108.5556,14.2512],[108.554,14.2501],[108.5544,14.2493],[108.553,14.2492],[108.5523,14.2462],[108.5502,14.2462],[108.5482,14.2455],[108.5475,14.2459],[108.5464,14.2456],[108.546,14.2463],[108.5455,14.2462],[108.5451,14.2457],[108.5455,14.244],[108.544,14.2425],[108.5402,14.2431],[108.5396,14.2459],[108.5382,14.2462],[108.5378,14.2457],[108.5382,14.2442],[108.532,14.2423],[108.5311,14.2416],[108.5299,14.2395],[108.5285,14.2384],[108.5266,14.2388],[108.5237,14.2352],[108.5228,14.2348],[108.5223,14.2331],[108.5213,14.2326],[108.5203,14.2348],[108.5195,14.2385],[108.5204,14.2402],[108.5221,14.2411],[108.52,14.2422],[108.5177,14.2424],[108.5148,14.2436],[108.5138,14.2428],[108.5123,14.2439],[108.5127,14.2447],[108.5123,14.2455],[108.5118,14.2452],[108.5116,14.2456],[108.5093,14.2451],[108.5114,14.2408],[108.5107,14.237],[108.5113,14.2361],[108.5099,14.2357],[108.5093,14.2361],[108.5088,14.2358],[108.5088,14.2363],[108.5085,14.2365],[108.5083,14.2363],[108.5081,14.2369],[108.5054,14.2352],[108.5055,14.2348],[108.5042,14.2353],[108.5041,14.2362],[108.5027,14.2364],[108.5025,14.2369],[108.5006,14.2377],[108.4985,14.2393],[108.4962,14.2423],[108.4961,14.2458],[108.4953,14.2464],[108.494,14.2467],[108.4938,14.2452],[108.4928,14.2441],[108.4931,14.2427],[108.4882,14.2413],[108.4884,14.2393],[108.4879,14.2377],[108.4834,14.2364],[108.4841,14.2333],[108.4822,14.2325],[108.4782,14.2319],[108.4752,14.2295],[108.4737,14.2265],[108.4703,14.224],[108.4684,14.2212],[108.4688,14.2184],[108.468,14.2175],[108.464,14.2158],[108.4623,14.2156],[108.461,14.2142],[108.4595,14.2142],[108.4578,14.2129],[108.4561,14.2127],[108.456,14.2121],[108.4543,14.2118],[108.4534,14.2118],[108.4518,14.2128],[108.4501,14.2123],[108.4457,14.2135],[108.4432,14.2125],[108.4411,14.2132],[108.4392,14.2121],[108.4392,14.2106],[108.4384,14.2097],[108.4378,14.2077],[108.4404,14.2013],[108.4398,14.2002],[108.4402,14.1957],[108.4418,14.1919],[108.4444,14.1881],[108.4455,14.1875],[108.4474,14.1877],[108.4475,14.1865],[108.4461,14.1832],[108.4431,14.1798],[108.4426,14.1774],[108.4409,14.1756],[108.439,14.1746],[108.4383,14.1732],[108.4361,14.1711],[108.4355,14.1688],[108.4348,14.1667],[108.4387,14.1645],[108.4395,14.1627],[108.4396,14.1606],[108.4406,14.1584],[108.4401,14.1566],[108.4422,14.1553],[108.4428,14.154],[108.4434,14.1485],[108.4441,14.1477],[108.4428,14.1453],[108.4431,14.1442],[108.4441,14.1433],[108.446,14.1382],[108.4461,14.1365],[108.4481,14.1355],[108.4502,14.135],[108.4507,14.1335],[108.4518,14.1323],[108.4519,14.1312],[108.4531,14.1302],[108.453,14.1288],[108.4584,14.1302],[108.4604,14.13],[108.4615,14.129],[108.4625,14.1271],[108.4624,14.1261],[108.4642,14.123],[108.467,14.122],[108.4683,14.1224],[108.4721,14.1221],[108.4728,14.1195],[108.4766,14.1153],[108.4797,14.1155],[108.4804,14.1141],[108.4813,14.1136],[108.4833,14.1135],[108.4838,14.1152],[108.4847,14.1165],[108.4899,14.1188],[108.4917,14.1181],[108.494,14.116],[108.4987,14.115],[108.5012,14.1119],[108.5022,14.1124],[108.5036,14.1119],[108.5037,14.1132],[108.5052,14.1153],[108.5063,14.1154],[108.5075,14.1144],[108.5094,14.1161],[108.5106,14.1163],[108.5116,14.1175],[108.5133,14.1181],[108.5153,14.1193],[108.5184,14.1197],[108.5197,14.1193],[108.5226,14.1201],[108.5243,14.1194],[108.5253,14.1185],[108.5305,14.1174],[108.5315,14.1161],[108.5328,14.1174],[108.5354,14.119],[108.5366,14.1205],[108.539,14.121],[108.5417,14.1229],[108.5459,14.1227],[108.5475,14.1222],[108.5482,14.1214],[108.5491,14.1217],[108.552,14.1216],[108.5544,14.1236],[108.5542,14.1241],[108.5559,14.1244],[108.5562,14.1258],[108.558,14.1257],[108.5574,14.1265],[108.5576,14.1274],[108.5594,14.1283],[108.5608,14.1285],[108.5616,14.1349],[108.5616,14.1388],[108.5612,14.1394],[108.5618,14.1414],[108.5616,14.1427],[108.5628,14.1445],[108.5638,14.1442],[108.5645,14.145],[108.5659,14.1454],[108.5682,14.1485],[108.5685,14.1501],[108.5692,14.1504],[108.5691,14.1515],[108.5694,14.1524],[108.5728,14.1518],[108.5741,14.1502],[108.5765,14.1495],[108.5758,14.1455],[108.5762,14.145],[108.5781,14.1448],[108.5774,14.1441],[108.5775,14.1432],[108.5792,14.1435],[108.5804,14.1426],[108.5802,14.1416],[108.5789,14.1395],[108.5787,14.1373],[108.5779,14.1363],[108.5776,14.1353],[108.578,14.1343],[108.5791,14.134],[108.5802,14.1327],[108.5817,14.1331],[108.5846,14.1326],[108.5871,14.1343],[108.5873,14.1291],[108.5882,14.129],[108.5886,14.1284],[108.5899,14.1281],[108.5904,14.127],[108.5919,14.1274],[108.5924,14.1271],[108.5943,14.1279],[108.5974,14.1274],[108.5982,14.1268],[108.6001,14.1269],[108.6012,14.1263],[108.6017,14.1265],[108.6043,14.1247],[108.6061,14.1242],[108.6067,14.1245],[108.6076,14.1242],[108.6082,14.1255],[108.6079,14.1258],[108.6088,14.1261],[108.6126,14.1255],[108.6158,14.1274],[108.6157,14.1291],[108.6165,14.1294],[108.616,14.1307],[108.6178,14.1321],[108.6167,14.1329],[108.6183,14.1346],[108.6211,14.1395],[108.6235,14.1495],[108.625,14.1496],[108.6254,14.1492],[108.6262,14.1499],[108.6274,14.1493],[108.6275,14.1499],[108.6281,14.1493],[108.6292,14.1497],[108.6297,14.1506],[108.6305,14.1509],[108.6304,14.1529],[108.631,14.1535],[108.631,14.1545],[108.6328,14.1544],[108.6328,14.1551],[108.6333,14.1555],[108.6351,14.1553],[108.6357,14.1565],[108.6365,14.1572],[108.6376,14.1571],[108.6381,14.1581],[108.6394,14.1575],[108.6397,14.158],[108.6408,14.1577],[108.6421,14.1583],[108.6431,14.1602],[108.6475,14.1617],[108.648,14.1623],[108.6468,14.1635],[108.6459,14.1639],[108.6456,14.1652],[108.6471,14.1657],[108.6491,14.1652],[108.6494,14.1669],[108.6499,14.1656],[108.6506,14.1656],[108.651,14.1666],[108.6508,14.1678],[108.6523,14.1683],[108.6531,14.17],[108.6525,14.1709],[108.6538,14.1712],[108.6549,14.172],[108.655,14.1726],[108.6563,14.1722],[108.6565,14.1713],[108.6572,14.1708],[108.6574,14.1714],[108.658,14.171],[108.6611,14.1728],[108.663,14.1727],[108.6635,14.1753],[108.6655,14.1758],[108.6672,14.1776],[108.6686,14.1777],[108.6718,14.1817],[108.6732,14.1819],[108.6738,14.1834],[108.6742,14.1833]]]},"properties":{"code":"23638","name":"Kbang","nameEn":"Kbang","fullName":"Xã Kbang","fullNameEn":"Kbang Commune","codeName":"kbang","postalCode":"62606","postalCodePrefix":"","gisServerId":"diaphanhanhchinhcapxa_2025.3046","areaKm2":288.83},"id":"23638"},
{"type":"Feature","geometry":{"type":"Polygon","coordinates":[[[108.5305,14.5603],[108.5288,14.5587],[108.5291,14.5581],[108.5289,14.5564],[108.5266,14.5556],[108.5242,14.5561],[108.5228,14.5528],[108.5201,14.5511],[108.518,14.5503],[108.5167,14.5514],[108.5144,14.5509],[108.5132,14.5514],[108.5121,14.5511],[108.5118,14.5502],[108.5126,14.5491],[108.5118,14.5476],[108.5116,14.5461],[108.5096,14.5464],[108.5091,14.5455],[108.5077,14.5448],[108.5064,14.5459],[108.5041,14.5468],[108.5039,14.5459],[108.5014,14.5454],[108.4959,14.5427],[108.4951,14.543],[108.4934,14.5449],[108.4867,14.5463],[108.4848,14.5474],[108.4829,14.5491],[108.4822,14.5507],[108.4801,14.5497],[108.4761,14.5496],[108.474,14.5502],[108.4727,14.5495],[108.4706,14.5496],[108.4696,14.5509],[108.4653,14.5511],[108.4643,14.5516],[108.4636,14.553],[108.4612,14.5538],[108.4586,14.5517],[108.456,14.5533],[108.4558,14.5543],[108.4544,14.5552],[108.4531,14.5553],[108.4524,14.5562],[108.4512,14.5559],[108.4503,14.5566],[108.4487,14.5562],[108.4474,14.5565],[108.4455,14.5563],[108.4451,14.5569],[108.4443,14.5566],[108.4433,14.5555],[108.4413,14.555],[108.4407,14.5558],[108.439,14.5561],[108.4377,14.5568],[108.4373,14.5578],[108.4363,14.5587],[108.4344,14.5588],[108.431,14.56],[108.43,14.5598],[108.4292,14.5601],[108.426,14.5603],[108.425,14.5615],[108.4243,14.5633],[108.4243,14.5649],[108.4233,14.5656],[108.4236,14.5674],[108.4212,14.5677],[108.4202,14.5686],[108.419,14.5683],[108.4186,14.5686],[108.4187,14.5693],[108.4169,14.5713],[108.416,14.571],[108.4151,14.5712],[108.4146,14.5722],[108.4149,14.5736],[108.4145,14.5747],[108.4136,14.5747],[108.4127,14.5758],[108.4135,14.576],[108.4139,14.5767],[108.4137,14.5781],[108.4124,14.5793],[108.4128,14.5804],[108.4123,14.5825],[108.4131,14.5845],[108.4123,14.5858],[108.4106,14.5874],[108.4095,14.5902],[108.4098,14.5916],[108.4096,14.5922],[108.4085,14.5922],[108.4074,14.5915],[108.406,14.5921],[108.4053,14.593],[108.4048,14.595],[108.4037,14.5949],[108.4033,14.5953],[108.403,14.5983],[108.3996,14.5995],[108.3992,14.6015],[108.3975,14.6033],[108.3969,14.6036],[108.3944,14.6031],[108.3945,14.6021],[108.3953,14.6009],[108.3938,14.6002],[108.3918,14.6003],[108.3902,14.6018],[108.3889,14.6019],[108.3879,14.6004],[108.3874,14.5984],[108.3856,14.598],[108.3843,14.597],[108.3824,14.5987],[108.3784,14.5993],[108.3768,14.6005],[108.3755,14.6006],[108.3755,14.5995],[108.3751,14.5986],[108.3713,14.5961],[108.3717,14.5942],[108.3699,14.5937],[108.3695,14.5923],[108.3685,14.5908],[108.3683,14.5888],[108.3676,14.5882],[108.367,14.5843],[108.3643,14.5825],[108.3634,14.5824],[108.3628,14.5817],[108.3584,14.5811],[108.3584,14.5797],[108.3569,14.5787],[108.3576,14.5757],[108.357,14.5705],[108.3595,14.566],[108.3589,14.5649],[108.3593,14.5634],[108.3624,14.561],[108.3663,14.5587],[108.3678,14.5582],[108.3711,14.5521],[108.3748,14.5473],[108.3748,14.5458],[108.3743,14.5442],[108.3748,14.5431],[108.3745,14.5409],[108.3713,14.5385],[108.3711,14.5367],[108.3718,14.5358],[108.3705,14.5353],[108.3695,14.5342],[108.3697,14.533],[108.3711,14.5313],[108.3737,14.5303],[108.3755,14.5311],[108.3765,14.5307],[108.3774,14.5301],[108.378,14.5287],[108.3828,14.527],[108.3837,14.5259],[108.3835,14.521],[108.3824,14.5171],[108.3825,14.5156],[108.3812,14.514],[108.3818,14.5131],[108.3814,14.5116],[108.3801,14.5107],[108.3764,14.5108],[108.3753,14.5099],[108.3742,14.5083],[108.3726,14.5075],[108.3722,14.5066],[108.37,14.5047],[108.3695,14.5034],[108.3683,14.503],[108.3677,14.5016],[108.3658,14.5008],[108.3655,14.4979],[108.364,14.4973],[108.3633,14.4963],[108.3634,14.4942],[108.3605,14.4949],[108.3592,14.4949],[108.3575,14.4939],[108.3571,14.4924],[108.3561,14.4915],[108.3554,14.4932],[108.3532,14.4945],[108.3513,14.4942],[108.3503,14.4932],[108.3488,14.4929],[108.3482,14.4915],[108.3457,14.4882],[108.3464,14.4862],[108.3444,14.4834],[108.3434,14.4811],[108.3413,14.4787],[108.3385,14.4771],[108.3379,14.4763],[108.3376,14.4747],[108.3359,14.4725],[108.3356,14.4712],[108.3333,14.4701],[108.3317,14.4675],[108.3314,14.4664],[108.3321,14.4656],[108.3316,14.4614],[108.3306,14.46],[108.3287,14.4585],[108.3274,14.4583],[108.3265,14.4585],[108.3257,14.4563],[108.3242,14.4547],[108.3235,14.4502],[108.3238,14.4488],[108.3233,14.4464],[108.3229,14.4452],[108.3221,14.4447],[108.3231,14.4423],[108.3219,14.4416],[108.3206,14.4394],[108.3193,14.4391],[108.3183,14.4383],[108.3173,14.4357],[108.3165,14.4348],[108.3122,14.4326],[108.3118,14.4308],[108.308,14.4246],[108.3076,14.4233],[108.3047,14.422],[108.3028,14.4201],[108.302,14.4199],[108.3002,14.4212],[108.2985,14.4198],[108.2976,14.417],[108.2959,14.4147],[108.2954,14.4126],[108.2941,14.41],[108.2916,14.4073],[108.2919,14.4046],[108.2937,14.4029],[108.2944,14.401],[108.2955,14.4005],[108.2963,14.3993],[108.2963,14.3983],[108.2968,14.3974],[108.2966,14.3955],[108.2972,14.3946],[108.2966,14.3938],[108.2966,14.392],[108.2974,14.3911],[108.2981,14.3877],[108.2986,14.3869],[108.2972,14.3855],[108.2976,14.3844],[108.2996,14.3825],[108.3023,14.3807],[108.3033,14.3806],[108.3047,14.3798],[108.3058,14.3774],[108.3074,14.3756],[108.3087,14.3723],[108.3101,14.3711],[108.308,14.3681],[108.3071,14.3674],[108.3086,14.3633],[108.3083,14.3617],[108.3095,14.361],[108.308,14.36],[108.3087,14.3594],[108.3088,14.3577],[108.3094,14.3572],[108.309,14.356],[108.3094,14.3541],[108.3103,14.3527],[108.3124,14.3515],[108.3125,14.3511],[108.3117,14.3498],[108.3118,14.3479],[108.3123,14.3465],[108.3118,14.3449],[108.312,14.3426],[108.311,14.339],[108.3112,14.3377],[108.3095,14.335],[108.3083,14.3343],[108.3116,14.3299],[108.3122,14.3263],[108.3144,14.3248],[108.3141,14.3237],[108.3145,14.3225],[108.3147,14.3162],[108.3147,14.3148],[108.3127,14.3115],[108.3109,14.3047],[108.3119,14.3011],[108.3118,14.2999],[108.3124,14.297],[108.3143,14.2958],[108.3151,14.2945],[108.3152,14.2911],[108.3145,14.2896],[108.3158,14.2892],[108.317,14.2884],[108.3191,14.2882],[108.3207,14.2873],[108.3204,14.2855],[108.3218,14.2821],[108.322,14.2798],[108.3215,14.2787],[108.3224,14.2782],[108.3229,14.2772],[108.3228,14.2764],[108.3216,14.2747],[108.3224,14.2726],[108.3227,14.2704],[108.322,14.2668],[108.3216,14.2661],[108.32,14.2651],[108.3193,14.2635],[108.3202,14.2605],[108.3198,14.2551],[108.318,14.2527],[108.3199,14.251],[108.3199,14.2501],[108.3195,14.2496],[108.3185,14.2498],[108.3179,14.2494],[108.3176,14.2452],[108.3191,14.2426],[108.3193,14.2409],[108.3209,14.2403],[108.3215,14.2376],[108.323,14.2359],[108.3238,14.2342],[108.3247,14.2349],[108.3269,14.2355],[108.3262,14.2366],[108.3261,14.238],[108.327,14.2393],[108.3307,14.2407],[108.3324,14.2418],[108.3358,14.242],[108.3363,14.2426],[108.3364,14.2444],[108.3391,14.2429],[108.3423,14.2442],[108.3426,14.2447],[108.3411,14.2457],[108.3398,14.2481],[108.3389,14.2486],[108.3415,14.2504],[108.3421,14.2516],[108.3423,14.2545],[108.3416,14.2562],[108.3427,14.2569],[108.3435,14.2586],[108.3442,14.259],[108.3457,14.2583],[108.3502,14.2586],[108.3524,14.2573],[108.3537,14.2576],[108.3551,14.2569],[108.356,14.2594],[108.357,14.2605],[108.3569,14.2615],[108.3588,14.2628],[108.3592,14.2641],[108.3605,14.2645],[108.3632,14.2641],[108.366,14.2654],[108.3663,14.2659],[108.3661,14.267],[108.3704,14.2719],[108.3706,14.2721],[108.3691,14.2731],[108.3679,14.273],[108.3671,14.2738],[108.3668,14.2748],[108.3677,14.2762],[108.3676,14.2774],[108.3665,14.2784],[108.3683,14.2795],[108.3696,14.2811],[108.3695,14.2839],[108.3714,14.2854],[108.3708,14.286],[108.3706,14.2873],[108.3742,14.2909],[108.3741,14.2932],[108.3734,14.2948],[108.3749,14.2961],[108.3747,14.2974],[108.3807,14.3032],[108.3815,14.305],[108.3812,14.3064],[108.3816,14.3074],[108.3815,14.3087],[108.3826,14.31],[108.3824,14.3132],[108.3834,14.3158],[108.3824,14.3218],[108.3827,14.3246],[108.382,14.327],[108.3825,14.3274],[108.3832,14.3274],[108.3843,14.3284],[108.386,14.3284],[108.3861,14.3293],[108.3845,14.3305],[108.385,14.3313],[108.3865,14.3321],[108.385,14.3365],[108.385,14.3387],[108.3845,14.3399],[108.3844,14.3413],[108.3852,14.3449],[108.3864,14.3485],[108.388,14.3491],[108.3897,14.3492],[108.3904,14.3505],[108.3919,14.3514],[108.3929,14.3503],[108.3937,14.3507],[108.3933,14.3534],[108.3948,14.3542],[108.3945,14.3556],[108.3948,14.3572],[108.3963,14.3589],[108.3963,14.3599],[108.3971,14.3614],[108.3967,14.3632],[108.3972,14.365],[108.399,14.3662],[108.3989,14.3671],[108.3994,14.3685],[108.3987,14.3693],[108.396,14.3703],[108.4007,14.371],[108.4026,14.3689],[108.4076,14.3689],[108.4097,14.3677],[108.4124,14.3686],[108.4157,14.368],[108.4171,14.3682],[108.42,14.3668],[108.422,14.3677],[108.4246,14.3677],[108.426,14.3694],[108.4277,14.3704],[108.4292,14.3693],[108.4321,14.3696],[108.4322,14.3683],[108.4355,14.3693],[108.4378,14.3689],[108.4393,14.3683],[108.4399,14.3692],[108.4424,14.3687],[108.4429,14.3696],[108.4442,14.3695],[108.4446,14.369],[108.4498,14.3688],[108.4504,14.3695],[108.4507,14.3712],[108.4504,14.3732],[108.4533,14.3733],[108.4562,14.373],[108.4562,14.3744],[108.4572,14.3751],[108.4587,14.3744],[108.4601,14.3744],[108.4612,14.3759],[108.4631,14.3768],[108.4649,14.3762],[108.4654,14.3755],[108.4694,14.3732],[108.4715,14.3733],[108.4747,14.3741],[108.4764,14.3765],[108.478,14.3775],[108.4796,14.3779],[108.4806,14.3794],[108.4811,14.3785],[108.4811,14.3759],[108.4838,14.3759],[108.4864,14.3764],[108.4864,14.3773],[108.4879,14.3777],[108.4894,14.3787],[108.4909,14.3787],[108.4948,14.3814],[108.4986,14.3822],[108.4993,14.3827],[108.5013,14.3862],[108.5014,14.3878],[108.4993,14.4033],[108.5016,14.4041],[108.5029,14.4056],[108.5051,14.4067],[108.5099,14.4116],[108.5109,14.412],[108.5138,14.4121],[108.5157,14.4138],[108.5178,14.4147],[108.5186,14.4161],[108.5175,14.4194],[108.5176,14.4212],[108.5187,14.4225],[108.5197,14.4224],[108.5197,14.4235],[108.5213,14.4242],[108.5218,14.4251],[108.5219,14.4262],[108.5212,14.4263],[108.5212,14.4271],[108.5202,14.4285],[108.5205,14.4291],[108.5202,14.4305],[108.5211,14.432],[108.5205,14.4331],[108.5202,14.4367],[108.5205,14.4379],[108.5221,14.4391],[108.5229,14.4405],[108.5215,14.4413],[108.5199,14.4431],[108.5221,14.4449],[108.5255,14.4458],[108.5256,14.4468],[108.5266,14.4485],[108.5255,14.4493],[108.5236,14.4498],[108.5239,14.4521],[108.5232,14.4532],[108.523,14.4545],[108.5238,14.4572],[108.5215,14.4612],[108.5227,14.4628],[108.5248,14.4626],[108.5247,14.4635],[108.5256,14.4652],[108.5256,14.4695],[108.5289,14.4722],[108.5289,14.4725],[108.5279,14.4743],[108.5262,14.475],[108.5246,14.4772],[108.5244,14.4782],[108.5233,14.4786],[108.5231,14.4795],[108.5217,14.4802],[108.5214,14.4813],[108.5207,14.4819],[108.5192,14.4817],[108.5177,14.4835],[108.5169,14.4861],[108.5153,14.4878],[108.5135,14.4919],[108.5103,14.4937],[108.5076,14.4937],[108.5062,14.4959],[108.5057,14.4986],[108.5062,14.5003],[108.5055,14.5015],[108.5072,14.5049],[108.5096,14.5066],[108.5103,14.508],[108.514,14.5095],[108.5166,14.5116],[108.5183,14.5118],[108.523,14.51],[108.5268,14.5105],[108.5274,14.511],[108.5306,14.5157],[108.5332,14.5167],[108.5349,14.5164],[108.5369,14.5155],[108.5379,14.5166],[108.5383,14.519],[108.5378,14.521],[108.5361,14.5217],[108.5336,14.525],[108.5331,14.5267],[108.5345,14.528],[108.5353,14.53],[108.5337,14.5314],[108.5339,14.5332],[108.5326,14.5351],[108.5329,14.5366],[108.5323,14.5371],[108.5317,14.5392],[108.5307,14.5407],[108.5313,14.5418],[108.5314,14.5441],[108.5278,14.5482],[108.5286,14.5507],[108.5306,14.5526],[108.5299,14.5544],[108.531,14.5554],[108.5317,14.5568],[108.5314,14.5588],[108.5305,14.5603]]]},"properties":{"code":"23644","name":"Đak Rong","nameEn":"Dak Rong","fullName":"Xã Đak Rong","fullNameEn":"Dak Rong Commune","codeName":"dak_rong","postalCode":"62610","postalCodePrefix":"","gisServerId":"diaphanhanhchinhcapxa_2025.3047","areaKm2":516.25},"id":"23644"},
{"type":"Feature","geometry":{"type":"Polygon","coordinates":[[[108.6285,14.5451],[108.6257,14.5441],[108.6249,14.5432],[108.6235,14.5431],[108.6216,14.5421],[108.6211,14.5425],[108.6211,14.5431],[108.6202,14.543],[108.6187,14.5436],[108.6182,14.5423],[108.6176,14.5423],[108.6173,14.5418],[108.6183,14.5399],[108.6176,14.5362],[108.6159,14.5354],[108.6131,14.5324],[108.6115,14.5349],[108.6099,14.5347],[108.6084,14.5336],[108.6042,14.5363],[108.6023,14.5389],[108.6024,14.54],[108.6007,14.5424],[108.5998,14.5432],[108.5984,14.5437],[108.5959,14.5472],[108.5965,14.5493],[108.5965,14.5522],[108.5976,14.5565],[108.5958,14.5566],[108.5955,14.5591],[108.5945,14.5598],[108.5951,14.5608],[108.5961,14.5612],[108.5966,14.5624],[108.5946,14.5638],[108.5941,14.565],[108.5922,14.5661],[108.5888,14.5667],[108.5876,14.5665],[108.5864,14.5675],[108.5862,14.5681],[108.5852,14.5678],[108.5837,14.568],[108.583,14.5684],[108.5819,14.5702],[108.5808,14.5711],[108.5769,14.5708],[108.5762,14.5716],[108.5741,14.5725],[108.5729,14.5735],[108.5727,14.5751],[108.5732,14.5762],[108.5722,14.5779],[108.5699,14.5795],[108.5664,14.5799],[108.5659,14.5809],[108.5642,14.5821],[108.5639,14.5834],[108.5602,14.5861],[108.559,14.5853],[108.5568,14.5855],[108.5555,14.586],[108.5526,14.5852],[108.5508,14.5854],[108.5495,14.5881],[108.5472,14.5894],[108.5447,14.5878],[108.543,14.5875],[108.5416,14.5859],[108.5407,14.584],[108.5386,14.5826],[108.5381,14.5825],[108.5375,14.5831],[108.5358,14.5826],[108.5317,14.578],[108.5319,14.576],[108.5313,14.5755],[108.5316,14.5735],[108.5306,14.5722],[108.5309,14.5693],[108.5303,14.5673],[108.5309,14.5661],[108.5292,14.5625],[108.5298,14.5609],[108.5305,14.5603],[108.5314,14.5588],[108.5317,14.5568],[108.531,14.5554],[108.5299,14.5544],[108.5306,14.5526],[108.5286,14.5507],[108.5278,14.5482],[108.5314,14.5441],[108.5313,14.5418],[108.5307,14.5407],[108.5317,14.5392],[108.5323,14.5371],[108.5329,14.5366],[108.5326,14.5351],[108.5339,14.5332],[108.5337,14.5314],[108.5353,14.53],[108.5345,14.528],[108.5331,14.5267],[108.5336,14.525],[108.5361,14.5217],[108.5378,14.521],[108.5383,14.519],[108.5379,14.5166],[108.5369,14.5155],[108.5349,14.5164],[108.5332,14.5167],[108.5306,14.5157],[108.5274,14.511],[108.5268,14.5105],[108.523,14.51],[108.5183,14.5118],[108.5166,14.5116],[108.514,14.5095],[108.5103,14.508],[108.5096,14.5066],[108.5072,14.5049],[108.5055,14.5015],[108.5062,14.5003],[108.5057,14.4986],[108.5062,14.4959],[108.5076,14.4937],[108.5103,14.4937],[108.5135,14.4919],[108.5153,14.4878],[108.5169,14.4861],[108.5177,14.4835],[108.5192,14.4817],[108.5207,14.4819],[108.5214,14.4813],[108.5217,14.4802],[108.5231,14.4795],[108.5233,14.4786],[108.5244,14.4782],[108.5246,14.4772],[108.5262,14.475],[108.5279,14.4743],[108.5289,14.4725],[108.5289,14.4722],[108.5256,14.4695],[108.5256,14.4652],[108.5247,14.4635],[108.5248,14.4626],[108.5227,14.4628],[108.5215,14.4612],[108.5238,14.4572],[108.523,14.4545],[108.5232,14.4532],[108.5239,14.4521],[108.5236,14.4498],[108.5255,14.4493],[108.5266,14.4485],[108.5256,14.4468],[108.5255,14.4458],[108.5221,14.4449],[108.5199,14.4431],[108.5215,14.4413],[108.5229,14.4405],[108.5221,14.4391],[108.5205,14.4379],[108.5202,14.4367],[108.5205,14.4331],[108.5211,14.432],[108.5202,14.4305],[108.5205,14.4291],[108.5202,14.4285],[108.5212,14.4271],[108.5212,14.4263],[108.5219,14.4262],[108.5218,14.4251],[108.5213,14.4242],[108.5197,14.4235],[108.5197,14.4224],[108.5187,14.4225],[108.5176,14.4212],[108.5175,14.4194],[108.5186,14.4161],[108.5178,14.4147],[108.5157,14.4138],[108.5138,14.4121],[108.5109,14.412],[108.5099,14.4116],[108.5051,14.4067],[108.5029,14.4056],[108.5016,14.4041],[108.4993,14.4033],[108.5014,14.3878],[108.5013,14.3862],[108.4993,14.3827],[108.4986,14.3822],[108.4948,14.3814],[108.4909,14.3787],[108.4894,14.3787],[108.4879,14.3777],[108.4864,14.3773],[108.4864,14.3764],[108.4918,14.374],[108.4896,14.3709],[108.493,14.3708],[108.4943,14.3715],[108.4955,14.3698],[108.4965,14.3672],[108.4987,14.3653],[108.4989,14.3632],[108.4981,14.3616],[108.4982,14.3602],[108.4989,14.3583],[108.5006,14.3558],[108.5014,14.3522],[108.5025,14.3518],[108.5036,14.3488],[108.5085,14.3478],[108.5097,14.3461],[108.5091,14.3449],[108.5095,14.3437],[108.511,14.3446],[108.5132,14.3446],[108.5154,14.3433],[108.5156,14.3411],[108.5165,14.3412],[108.52,14.3428],[108.5207,14.3427],[108.5241,14.3406],[108.5254,14.3384],[108.5281,14.3365],[108.5283,14.3354],[108.5278,14.3342],[108.5278,14.3328],[108.5287,14.3308],[108.5306,14.3297],[108.5319,14.3281],[108.533,14.3277],[108.5334,14.3265],[108.5365,14.3268],[108.5369,14.3244],[108.5385,14.3236],[108.5396,14.3221],[108.5394,14.3203],[108.5403,14.319],[108.5408,14.3175],[108.5387,14.3157],[108.536,14.3155],[108.5352,14.3147],[108.5364,14.3136],[108.5371,14.3071],[108.5366,14.3077],[108.5361,14.3076],[108.5347,14.3065],[108.5328,14.307],[108.5333,14.3055],[108.5324,14.3037],[108.5318,14.3035],[108.5307,14.3047],[108.5294,14.3048],[108.5279,14.3039],[108.5269,14.3012],[108.524,14.3013],[108.5218,14.3009],[108.5208,14.2993],[108.5192,14.2985],[108.5178,14.2986],[108.517,14.2981],[108.5154,14.298],[108.5135,14.2987],[108.5124,14.2982],[108.5121,14.2962],[108.5123,14.2949],[108.5118,14.2924],[108.5124,14.2872],[108.5121,14.2858],[108.5124,14.2847],[108.514,14.2827],[108.5122,14.2768],[108.513,14.2756],[108.513,14.2741],[108.5117,14.2653],[108.512,14.2641],[108.5144,14.2635],[108.5146,14.263],[108.5143,14.2607],[108.5154,14.2565],[108.515,14.2541],[108.514,14.2527],[108.5143,14.2508],[108.5139,14.249],[108.515,14.248],[108.5151,14.2467],[108.5156,14.2455],[108.5148,14.2436],[108.5177,14.2424],[108.52,14.2422],[108.5221,14.2411],[108.5204,14.2402],[108.5195,14.2385],[108.5203,14.2348],[108.5213,14.2326],[108.5223,14.2331],[108.5228,14.2348],[108.5237,14.2352],[108.5266,14.2388],[108.5285,14.2384],[108.5299,14.2395],[108.5311,14.2416],[108.532,14.2423],[108.5382,14.2442],[108.5378,14.2457],[108.5382,14.2462],[108.5396,14.2459],[108.5402,14.2431],[108.544,14.2425],[108.5455,14.244],[108.5451,14.2457],[108.5455,14.2462],[108.546,14.2463],[108.5464,14.2456],[108.5475,14.2459],[108.5482,14.2455],[108.5502,14.2462],[108.5523,14.2462],[108.553,14.2492],[108.5544,14.2493],[108.554,14.2501],[108.5556,14.2512],[108.556,14.2526],[108.5568,14.2518],[108.5574,14.2518],[108.5571,14.2515],[108.5572,14.2509],[108.5582,14.2516],[108.5588,14.2512],[108.5603,14.2516],[108.5611,14.2511],[108.5617,14.2502],[108.5633,14.25],[108.5642,14.2504],[108.5653,14.2502],[108.566,14.2488],[108.5676,14.2488],[108.5702,14.2464],[108.5724,14.2454],[108.5735,14.2455],[108.5732,14.2447],[108.5737,14.2447],[108.5741,14.2439],[108.5748,14.2438],[108.5748,14.2428],[108.5758,14.2423],[108.5762,14.241],[108.5769,14.2421],[108.5783,14.242],[108.5787,14.2424],[108.5811,14.2412],[108.582,14.2416],[108.5829,14.2412],[108.5836,14.2421],[108.5846,14.242],[108.585,14.243],[108.5878,14.2434],[108.5883,14.2419],[108.5921,14.2391],[108.5932,14.2402],[108.5939,14.2402],[108.5944,14.2398],[108.5933,14.2377],[108.5938,14.2369],[108.5925,14.2346],[108.5933,14.2335],[108.5945,14.2342],[108.5961,14.2343],[108.5968,14.2357],[108.598,14.2364],[108.5994,14.236],[108.6001,14.2348],[108.602,14.2349],[108.6023,14.2372],[108.604,14.2375],[108.6041,14.2385],[108.6061,14.2387],[108.6071,14.2382],[108.6078,14.2391],[108.6084,14.2384],[108.6089,14.2389],[108.6096,14.2386],[108.6098,14.2392],[108.6117,14.2379],[108.6141,14.2374],[108.6147,14.2378],[108.6156,14.2377],[108.6156,14.2382],[108.6166,14.238],[108.6171,14.2387],[108.621,14.2389],[108.6222,14.241],[108.6244,14.2416],[108.625,14.2423],[108.6299,14.2416],[108.6315,14.2419],[108.6327,14.243],[108.6352,14.2418],[108.6376,14.242],[108.6396,14.2433],[108.6411,14.2432],[108.6437,14.2438],[108.6526,14.249],[108.6554,14.2492],[108.6583,14.25],[108.6617,14.2491],[108.6654,14.2516],[108.6596,14.2541],[108.657,14.2567],[108.6568,14.2579],[108.6553,14.2598],[108.656,14.2641],[108.6558,14.2653],[108.6543,14.2662],[108.6537,14.2693],[108.655,14.2718],[108.6546,14.2747],[108.6557,14.2754],[108.6584,14.2748],[108.659,14.2751],[108.6594,14.2757],[108.6599,14.2782],[108.6596,14.2789],[108.6605,14.2808],[108.6572,14.2833],[108.6571,14.2859],[108.6559,14.2875],[108.6563,14.2896],[108.656,14.2901],[108.6553,14.2909],[108.6539,14.2913],[108.6537,14.2928],[108.6489,14.2955],[108.6466,14.2974],[108.6468,14.3004],[108.6463,14.3021],[108.6462,14.3063],[108.6439,14.3086],[108.6437,14.3107],[108.6429,14.3123],[108.6454,14.3153],[108.6457,14.3167],[108.6478,14.3181],[108.6478,14.3201],[108.645,14.3239],[108.6418,14.3268],[108.6407,14.3284],[108.6405,14.331],[108.6384,14.335],[108.6375,14.3361],[108.6369,14.3386],[108.6361,14.3398],[108.6339,14.3482],[108.6319,14.3504],[108.6282,14.3519],[108.6264,14.3538],[108.6261,14.3557],[108.6244,14.3574],[108.6287,14.364],[108.6301,14.3652],[108.6316,14.3692],[108.6333,14.3705],[108.6342,14.3725],[108.6309,14.3771],[108.6254,14.3863],[108.6292,14.3886],[108.6195,14.4077],[108.6174,14.4083],[108.6177,14.4102],[108.6175,14.4107],[108.6164,14.4112],[108.6139,14.4112],[108.6133,14.4119],[108.6135,14.4126],[108.6186,14.4151],[108.6197,14.4167],[108.6177,14.419],[108.6159,14.4224],[108.6141,14.424],[108.611,14.4253],[108.6129,14.4278],[108.6131,14.4289],[108.6113,14.4303],[108.611,14.4317],[108.6092,14.4348],[108.6131,14.4372],[108.6136,14.4383],[108.6106,14.4439],[108.607,14.4491],[108.6033,14.4571],[108.6014,14.459],[108.6011,14.4597],[108.6052,14.4584],[108.6093,14.455],[108.6101,14.4547],[108.6131,14.4567],[108.6152,14.457],[108.6169,14.4565],[108.6174,14.4558],[108.6174,14.4539],[108.6194,14.4519],[108.6201,14.4501],[108.6222,14.4494],[108.6261,14.4495],[108.6314,14.447],[108.6321,14.447],[108.6329,14.4477],[108.634,14.4476],[108.6354,14.4494],[108.6384,14.4512],[108.6404,14.4533],[108.6404,14.4545],[108.6399,14.4553],[108.6405,14.4566],[108.64,14.4573],[108.6397,14.4596],[108.6406,14.4622],[108.6395,14.4639],[108.6408,14.4667],[108.6402,14.4684],[108.6407,14.4693],[108.6407,14.4713],[108.6419,14.472],[108.6425,14.4733],[108.6433,14.4737],[108.6441,14.4755],[108.6419,14.4769],[108.6397,14.4803],[108.6389,14.4807],[108.6367,14.4809],[108.6387,14.4822],[108.6395,14.484],[108.6395,14.4861],[108.6373,14.4895],[108.6345,14.4913],[108.6349,14.4918],[108.6351,14.4938],[108.634,14.4946],[108.6326,14.495],[108.632,14.496],[108.6318,14.4983],[108.6324,14.4993],[108.6324,14.502],[108.633,14.5026],[108.6361,14.5038],[108.6368,14.5063],[108.6348,14.508],[108.6336,14.5102],[108.6328,14.5108],[108.6328,14.5138],[108.6304,14.5161],[108.6296,14.5175],[108.6299,14.5188],[108.6315,14.5207],[108.6314,14.5225],[108.6323,14.5232],[108.6337,14.5235],[108.6344,14.524],[108.635,14.5247],[108.6351,14.5255],[108.6339,14.5276],[108.6317,14.5292],[108.6312,14.5305],[108.6301,14.5306],[108.6299,14.5337],[108.6284,14.5367],[108.6287,14.5373],[108.6281,14.54],[108.6288,14.5412],[108.628,14.5436],[108.6285,14.5451]]]},"properties":{"code":"23647","name":"Sơn Lang","nameEn":"Son Lang","fullName":"Xã Sơn Lang","fullNameEn":"Son Lang Commune","codeName":"son_lang","postalCode":"62609","postalCodePrefix":"","gisServerId":"diaphanhanhchinhcapxa_2025.3048","areaKm2":451.01},"id":"23647"},
{"type":"Feature","geometry":{"type":"Polygon","coordinates":[[[108.4864,14.3764],[108.4838,14.3759],[108.4811,14.3759],[108.4811,14.3785],[108.4806,14.3794],[108.4796,14.3779],[108.478,14.3775],[108.4764,14.3765],[108.4747,14.3741],[108.4715,14.3733],[108.4694,14.3732],[108.4654,14.3755],[108.4649,14.3762],[108.4631,14.3768],[108.4612,14.3759],[108.4601,14.3744],[108.4587,14.3744],[108.4572,14.3751],[108.4562,14.3744],[108.4562,14.373],[108.4533,14.3733],[108.4504,14.3732],[108.4507,14.3712],[108.4504,14.3695],[108.4498,14.3688],[108.4446,14.369],[108.4442,14.3695],[108.4429,14.3696],[108.4424,14.3687],[108.4399,14.3692],[108.4393,14.3683],[108.4378,14.3689],[108.4355,14.3693],[108.4322,14.3683],[108.4321,14.3696],[108.4292,14.3693],[108.4277,14.3704],[108.426,14.3694],[108.4246,14.3677],[108.422,14.3677],[108.42,14.3668],[108.4171,14.3682],[108.4157,14.368],[108.4124,14.3686],[108.4097,14.3677],[108.4076,14.3689],[108.4026,14.3689],[108.4007,14.371],[108.396,14.3703],[108.3987,14.3693],[108.3994,14.3685],[108.3989,14.3671],[108.399,14.3662],[108.3972,14.365],[108.3967,14.3632],[108.3971,14.3614],[108.3963,14.3599],[108.3963,14.3589],[108.3948,14.3572],[108.3945,14.3556],[108.3948,14.3542],[108.3933,14.3534],[108.3937,14.3507],[108.3929,14.3503],[108.3919,14.3514],[108.3904,14.3505],[108.3897,14.3492],[108.388,14.3491],[108.3864,14.3485],[108.3852,14.3449],[108.3844,14.3413],[108.3845,14.3399],[108.385,14.3387],[108.385,14.3365],[108.3865,14.3321],[108.385,14.3313],[108.3845,14.3305],[108.3861,14.3293],[108.386,14.3284],[108.3843,14.3284],[108.3832,14.3274],[108.3825,14.3274],[108.382,14.327],[108.3827,14.3246],[108.3824,14.3218],[108.3834,14.3158],[108.3824,14.3132],[108.3826,14.31],[108.3815,14.3087],[108.3816,14.3074],[108.3812,14.3064],[108.3815,14.305],[108.3807,14.3032],[108.3747,14.2974],[108.3749,14.2961],[108.3734,14.2948],[108.3741,14.2932],[108.3742,14.2909],[108.3706,14.2873],[108.3708,14.286],[108.3714,14.2854],[108.3695,14.2839],[108.3696,14.2811],[108.3683,14.2795],[108.3665,14.2784],[108.3676,14.2774],[108.3677,14.2762],[108.3668,14.2748],[108.3671,14.2738],[108.3679,14.273],[108.3691,14.2731],[108.3706,14.2721],[108.3704,14.2719],[108.3661,14.267],[108.3663,14.2659],[108.366,14.2654],[108.3632,14.2641],[108.3605,14.2645],[108.3592,14.2641],[108.3588,14.2628],[108.3569,14.2615],[108.357,14.2605],[108.356,14.2594],[108.3551,14.2569],[108.3537,14.2576],[108.3524,14.2573],[108.3502,14.2586],[108.3457,14.2583],[108.3442,14.259],[108.3435,14.2586],[108.3427,14.2569],[108.3416,14.2562],[108.3423,14.2545],[108.3421,14.2516],[108.3415,14.2504],[108.3389,14.2486],[108.3398,14.2481],[108.3411,14.2457],[108.3426,14.2447],[108.3423,14.2442],[108.3391,14.2429],[108.3364,14.2444],[108.3363,14.2426],[108.3358,14.242],[108.3324,14.2418],[108.3307,14.2407],[108.327,14.2393],[108.3261,14.238],[108.3262,14.2366],[108.3269,14.2355],[108.3247,14.2349],[108.3238,14.2342],[108.3234,14.2331],[108.3237,14.2322],[108.3261,14.2313],[108.3272,14.23],[108.3304,14.2299],[108.3321,14.2293],[108.3338,14.2301],[108.3353,14.2291],[108.3372,14.2289],[108.3387,14.2251],[108.3388,14.224],[108.3381,14.2226],[108.3388,14.222],[108.3401,14.2214],[108.3401,14.22],[108.3411,14.2196],[108.3447,14.2157],[108.346,14.216],[108.346,14.2135],[108.3473,14.2097],[108.3483,14.2083],[108.3495,14.2084],[108.3512,14.21],[108.3524,14.2097],[108.3533,14.2099],[108.3546,14.2079],[108.3569,14.2061],[108.3579,14.2057],[108.3613,14.2079],[108.3621,14.2075],[108.3624,14.2069],[108.3619,14.2056],[108.3626,14.203],[108.3625,14.2009],[108.3634,14.1995],[108.363,14.1973],[108.3646,14.1936],[108.3659,14.1943],[108.367,14.1935],[108.367,14.1916],[108.3676,14.19],[108.3675,14.1869],[108.3682,14.1848],[108.3682,14.1826],[108.3677,14.1816],[108.3689,14.1807],[108.3704,14.1783],[108.3702,14.177],[108.3705,14.1761],[108.3699,14.1752],[108.3704,14.174],[108.3732,14.1731],[108.3737,14.1717],[108.3749,14.1711],[108.3759,14.1713],[108.3771,14.1723],[108.3787,14.1719],[108.3792,14.1696],[108.3813,14.1695],[108.3822,14.1675],[108.3821,14.1671],[108.3796,14.166],[108.3789,14.1652],[108.38,14.1651],[108.3811,14.1642],[108.3831,14.1641],[108.3838,14.1635],[108.3842,14.1602],[108.385,14.1598],[108.3854,14.1599],[108.3861,14.1592],[108.3861,14.1567],[108.3872,14.156],[108.3872,14.1554],[108.3904,14.1558],[108.3912,14.155],[108.3935,14.1552],[108.3933,14.1589],[108.3948,14.1593],[108.3962,14.1604],[108.3979,14.1605],[108.3985,14.1609],[108.3999,14.1611],[108.4013,14.1624],[108.4022,14.1641],[108.4024,14.1668],[108.4037,14.1672],[108.4049,14.1684],[108.4057,14.1684],[108.4068,14.1675],[108.4087,14.1644],[108.4103,14.1638],[108.4126,14.1637],[108.4149,14.1645],[108.4156,14.1657],[108.4168,14.1665],[108.4172,14.1678],[108.4192,14.1691],[108.4212,14.1692],[108.4226,14.1681],[108.4234,14.1686],[108.4272,14.1697],[108.4306,14.1679],[108.4315,14.1688],[108.4355,14.1688],[108.4361,14.1711],[108.4383,14.1732],[108.439,14.1746],[108.4409,14.1756],[108.4426,14.1774],[108.4431,14.1798],[108.4461,14.1832],[108.4475,14.1865],[108.4474,14.1877],[108.4455,14.1875],[108.4444,14.1881],[108.4418,14.1919],[108.4402,14.1957],[108.4398,14.2002],[108.4404,14.2013],[108.4378,14.2077],[108.4384,14.2097],[108.4392,14.2106],[108.4392,14.2121],[108.4411,14.2132],[108.4432,14.2125],[108.4457,14.2135],[108.4501,14.2123],[108.4518,14.2128],[108.4534,14.2118],[108.4543,14.2118],[108.456,14.2121],[108.4561,14.2127],[108.4578,14.2129],[108.4595,14.2142],[108.461,14.2142],[108.4623,14.2156],[108.464,14.2158],[108.468,14.2175],[108.4688,14.2184],[108.4684,14.2212],[108.4703,14.224],[108.4737,14.2265],[108.4752,14.2295],[108.4782,14.2319],[108.4822,14.2325],[108.4841,14.2333],[108.4834,14.2364],[108.4879,14.2377],[108.4884,14.2393],[108.4882,14.2413],[108.4931,14.2427],[108.4928,14.2441],[108.4938,14.2452],[108.494,14.2467],[108.4953,14.2464],[108.4961,14.2458],[108.4962,14.2423],[108.4985,14.2393],[108.5006,14.2377],[108.5025,14.2369],[108.5027,14.2364],[108.5041,14.2362],[108.5042,14.2353],[108.5055,14.2348],[108.5054,14.2352],[108.5081,14.2369],[108.5083,14.2363],[108.5085,14.2365],[108.5088,14.2363],[108.5088,14.2358],[108.5093,14.2361],[108.5099,14.2357],[108.5113,14.2361],[108.5107,14.237],[108.5114,14.2408],[108.5093,14.2451],[108.5116,14.2456],[108.5118,14.2452],[108.5123,14.2455],[108.5127,14.2447],[108.5123,14.2439],[108.5138,14.2428],[108.5148,14.2436],[108.5156,14.2455],[108.5151,14.2467],[108.515,14.248],[108.5139,14.249],[108.5143,14.2508],[108.514,14.2527],[108.515,14.2541],[108.5154,14.2565],[108.5143,14.2607],[108.5146,14.263],[108.5144,14.2635],[108.512,14.2641],[108.5117,14.2653],[108.513,14.2741],[108.513,14.2756],[108.5122,14.2768],[108.514,14.2827],[108.5124,14.2847],[108.5121,14.2858],[108.5124,14.2872],[108.5118,14.2924],[108.5123,14.2949],[108.5121,14.2962],[108.5124,14.2982],[108.5135,14.2987],[108.5154,14.298],[108.517,14.2981],[108.5178,14.2986],[108.5192,14.2985],[108.5208,14.2993],[108.5218,14.3009],[108.524,14.3013],[108.5269,14.3012],[108.5279,14.3039],[108.5294,14.3048],[108.5307,14.3047],[108.5318,14.3035],[108.5324,14.3037],[108.5333,14.3055],[108.5328,14.307],[108.5347,14.3065],[108.5361,14.3076],[108.5366,14.3077],[108.5371,14.3071],[108.5364,14.3136],[108.5352,14.3147],[108.536,14.3155],[108.5387,14.3157],[108.5408,14.3175],[108.5403,14.319],[108.5394,14.3203],[108.5396,14.3221],[108.5385,14.3236],[108.5369,14.3244],[108.5365,14.3268],[108.5334,14.3265],[108.533,14.3277],[108.5319,14.3281],[108.5306,14.3297],[108.5287,14.3308],[108.5278,14.3328],[108.5278,14.3342],[108.5283,14.3354],[108.5281,14.3365],[108.5254,14.3384],[108.5241,14.3406],[108.5207,14.3427],[108.52,14.3428],[108.5165,14.3412],[108.5156,14.3411],[108.5154,14.3433],[108.5132,14.3446],[108.511,14.3446],[108.5095,14.3437],[108.5091,14.3449],[108.5097,14.3461],[108.5085,14.3478],[108.5036,14.3488],[108.5025,14.3518],[108.5014,14.3522],[108.5006,14.3558],[108.4989,14.3583],[108.4982,14.3602],[108.4981,14.3616],[108.4989,14.3632],[108.4987,14.3653],[108.4965,14.3672],[108.4955,14.3698],[108.4943,14.3715],[108.493,14.3708],[108.4896,14.3709],[108.4918,14.374],[108.4864,14.3764]]]},"properties":{"code":"23650","name":"Krong","nameEn":"Krong","fullName":"Xã Krong","fullNameEn":"Krong Commune","codeName":"krong","postalCode":"62612","postalCodePrefix":"","gisServerId":"diaphanhanhchinhcapxa_2025.3049","areaKm2":311.58},"id":"23650"},
{"type":"Feature","geometry":{"type":"Polygon","coordinates":[[[108.552,14.1216],[108.5491,14.1217],[108.5482,14.1214],[108.5475,14.1222],[108.5459,14.1227],[108.5417,14.1229],[108.539,14.121],[108.5366,14.1205],[108.5354,14.119],[108.5328,14.1174],[108.5315,14.1161],[108.5305,14.1174],[108.5253,14.1185],[108.5243,14.1194],[108.5226,14.1201],[108.5197,14.1193],[108.5184,14.1197],[108.5153,14.1193],[108.5133,14.1181],[108.5116,14.1175],[108.5106,14.1163],[108.5094,14.1161],[108.5075,14.1144],[108.5063,14.1154],[108.5052,14.1153],[108.5037,14.1132],[108.5036,14.1119],[108.5022,14.1124],[108.5012,14.1119],[108.4987,14.115],[108.494,14.116],[108.4917,14.1181],[108.4899,14.1188],[108.4847,14.1165],[108.4838,14.1152],[108.4833,14.1135],[108.4813,14.1136],[108.4804,14.1141],[108.4797,14.1155],[108.4766,14.1153],[108.4728,14.1195],[108.4721,14.1221],[108.4683,14.1224],[108.467,14.122],[108.4642,14.123],[108.4624,14.1261],[108.4625,14.1271],[108.4615,14.129],[108.4604,14.13],[108.4584,14.1302],[108.453,14.1288],[108.4534,14.1275],[108.4547,14.1269],[108.4546,14.1254],[108.4576,14.1201],[108.4584,14.1194],[108.4604,14.119],[108.4614,14.1166],[108.4615,14.1124],[108.4604,14.1103],[108.4602,14.109],[108.4611,14.1053],[108.461,14.1008],[108.4637,14.0916],[108.4634,14.0905],[108.4615,14.0886],[108.4611,14.0873],[108.4576,14.0841],[108.4559,14.0795],[108.4537,14.0791],[108.4521,14.0782],[108.446,14.0729],[108.4452,14.071],[108.4456,14.0687],[108.4445,14.0678],[108.4457,14.0636],[108.4474,14.0643],[108.4491,14.0638],[108.4505,14.0642],[108.4527,14.0637],[108.4536,14.0602],[108.4563,14.0569],[108.4629,14.0557],[108.4648,14.0582],[108.4669,14.0584],[108.47,14.0569],[108.472,14.0549],[108.4722,14.0524],[108.4734,14.051],[108.4739,14.0495],[108.4754,14.0486],[108.4776,14.0463],[108.4796,14.0421],[108.4816,14.0415],[108.4869,14.043],[108.4881,14.0414],[108.49,14.0365],[108.4929,14.0348],[108.4933,14.0341],[108.494,14.034],[108.4952,14.0346],[108.4959,14.0335],[108.4971,14.0339],[108.4983,14.0329],[108.4991,14.0315],[108.5013,14.0312],[108.5011,14.0305],[108.502,14.0293],[108.5067,14.0277],[108.5086,14.0261],[108.5101,14.0262],[108.5114,14.0253],[108.5118,14.0241],[108.5128,14.0236],[108.5132,14.0224],[108.5153,14.0214],[108.5158,14.0205],[108.5164,14.0204],[108.5166,14.0195],[108.5174,14.0193],[108.5183,14.018],[108.5188,14.0161],[108.5194,14.0156],[108.5191,14.0153],[108.5196,14.0147],[108.5194,14.0144],[108.5197,14.0133],[108.5205,14.0132],[108.5205,14.0112],[108.521,14.0107],[108.5218,14.0106],[108.5218,14.0116],[108.5222,14.0121],[108.5232,14.0118],[108.5233,14.0112],[108.5263,14.0116],[108.5274,14.0116],[108.528,14.0112],[108.5279,14.012],[108.5285,14.0122],[108.5291,14.0118],[108.5303,14.0119],[108.531,14.0108],[108.5318,14.0113],[108.5335,14.0115],[108.5338,14.0132],[108.5353,14.0136],[108.5375,14.0136],[108.5375,14.0132],[108.5384,14.0128],[108.5399,14.013],[108.5407,14.012],[108.5414,14.0119],[108.5415,14.0113],[108.5422,14.0115],[108.5429,14.0108],[108.5435,14.0111],[108.5445,14.0109],[108.545,14.0119],[108.5459,14.0117],[108.5466,14.0125],[108.5474,14.0115],[108.5493,14.0111],[108.5502,14.0106],[108.5508,14.0097],[108.5515,14.0097],[108.552,14.0088],[108.5527,14.0087],[108.5529,14.0073],[108.5534,14.0074],[108.5536,14.0067],[108.5543,14.0058],[108.5567,14.0071],[108.5572,14.0083],[108.5581,14.0082],[108.559,14.0088],[108.5619,14.0092],[108.5635,14.0087],[108.5643,14.0092],[108.5643,14.0088],[108.5651,14.0086],[108.5654,14.008],[108.5659,14.0082],[108.5671,14.0071],[108.5687,14.0067],[108.5688,14.0061],[108.5711,14.007],[108.5711,14.0083],[108.5733,14.0087],[108.5733,14.01],[108.5741,14.0098],[108.5741,14.0106],[108.575,14.0111],[108.575,14.012],[108.5771,14.0123],[108.5771,14.013],[108.578,14.0129],[108.5778,14.0138],[108.5785,14.0146],[108.5805,14.0138],[108.5795,14.0122],[108.5805,14.0116],[108.58,14.0098],[108.5815,14.0093],[108.5814,14.0065],[108.5828,14.0045],[108.5826,14.0033],[108.5829,14.0033],[108.5827,14.0025],[108.5833,14.002],[108.5832,14.0009],[108.5838,14.001],[108.5841,13.9994],[108.5859,13.9992],[108.5874,13.9996],[108.5873,14.0001],[108.5885,14.0009],[108.5892,14.0027],[108.5898,14.0028],[108.5897,14.0043],[108.5904,14.0072],[108.5909,14.0072],[108.5909,14.0079],[108.5917,14.0078],[108.5926,14.009],[108.592,14.0095],[108.5919,14.0104],[108.5927,14.0109],[108.5924,14.013],[108.5937,14.0131],[108.5932,14.0147],[108.5943,14.0142],[108.5947,14.0156],[108.5952,14.0156],[108.5949,14.0169],[108.5934,14.0165],[108.5919,14.017],[108.591,14.0165],[108.5909,14.0173],[108.5889,14.0183],[108.588,14.0181],[108.5874,14.0188],[108.5875,14.0194],[108.5868,14.0199],[108.5869,14.0213],[108.5875,14.0213],[108.5875,14.0219],[108.5878,14.022],[108.5878,14.0238],[108.5884,14.0239],[108.5888,14.0248],[108.5883,14.0272],[108.5874,14.0279],[108.5881,14.0296],[108.5877,14.0309],[108.5885,14.0314],[108.589,14.0328],[108.5903,14.0332],[108.59,14.0344],[108.5892,14.0354],[108.5901,14.0362],[108.5897,14.0374],[108.5902,14.039],[108.5885,14.042],[108.5896,14.0425],[108.5899,14.043],[108.5899,14.0446],[108.5894,14.0457],[108.5897,14.0469],[108.5895,14.0479],[108.5871,14.0495],[108.5872,14.0503],[108.5866,14.0512],[108.5867,14.0519],[108.5875,14.0525],[108.5867,14.0541],[108.5872,14.0545],[108.5863,14.0551],[108.5865,14.0554],[108.5854,14.0572],[108.5855,14.0577],[108.5848,14.058],[108.5849,14.0599],[108.5836,14.0603],[108.5835,14.0618],[108.5823,14.0626],[108.5833,14.0642],[108.5834,14.0657],[108.5847,14.067],[108.5859,14.0701],[108.586,14.0705],[108.585,14.0704],[108.5854,14.0708],[108.5852,14.072],[108.5865,14.0729],[108.5858,14.0731],[108.5856,14.0741],[108.5865,14.0744],[108.5872,14.0752],[108.5865,14.0766],[108.5867,14.0781],[108.5861,14.0788],[108.5877,14.0807],[108.5883,14.0809],[108.5885,14.082],[108.5892,14.0829],[108.5891,14.0837],[108.5901,14.0849],[108.5903,14.0864],[108.5914,14.0872],[108.5919,14.0868],[108.5933,14.0869],[108.5936,14.0862],[108.5946,14.0869],[108.5945,14.088],[108.5932,14.0886],[108.5932,14.0897],[108.5903,14.0904],[108.5903,14.0911],[108.5897,14.0915],[108.5873,14.0908],[108.5869,14.0916],[108.5862,14.0912],[108.5859,14.0923],[108.5851,14.0923],[108.5847,14.0917],[108.5843,14.0919],[108.5827,14.0937],[108.5806,14.0951],[108.58,14.0938],[108.5789,14.0937],[108.5789,14.0932],[108.5773,14.0927],[108.5768,14.0942],[108.5771,14.0949],[108.5754,14.096],[108.5714,14.0971],[108.5714,14.098],[108.5704,14.0982],[108.5704,14.0999],[108.5693,14.0995],[108.5684,14.1028],[108.5667,14.1027],[108.5662,14.1031],[108.5657,14.1013],[108.5644,14.1009],[108.5632,14.1014],[108.5633,14.101],[108.5624,14.1006],[108.5623,14.0999],[108.5604,14.1019],[108.5597,14.1032],[108.5597,14.1042],[108.5588,14.1055],[108.5585,14.1078],[108.5575,14.1096],[108.5533,14.1116],[108.5546,14.1166],[108.5543,14.1179],[108.5522,14.1194],[108.552,14.1216]]]},"properties":{"code":"23668","name":"Tơ Tung","nameEn":"To Tung","fullName":"Xã Tơ Tung","fullNameEn":"To Tung Commune","codeName":"to_tung","postalCode":"62614","postalCodePrefix":"","gisServerId":"diaphanhanhchinhcapxa_2025.3050","areaKm2":141.35},"id":"23668"},
{"type":"Feature","geometry":{"type":"Polygon","coordinates":[[[108.6742,14.1833],[108.6738,14.1834],[108.6732,14.1819],[108.6718,14.1817],[108.6686,14.1777],[108.6672,14.1776],[108.6655,14.1758],[108.6635,14.1753],[108.663,14.1727],[108.6611,14.1728],[108.658,14.171],[108.6574,14.1714],[108.6572,14.1708],[108.6565,14.1713],[108.6563,14.1722],[108.655,14.1726],[108.6549,14.172],[108.6538,14.1712],[108.6525,14.1709],[108.6531,14.17],[108.6523,14.1683],[108.6508,14.1678],[108.651,14.1666],[108.6506,14.1656],[108.6499,14.1656],[108.6494,14.1669],[108.6491,14.1652],[108.6471,14.1657],[108.6456,14.1652],[108.6459,14.1639],[108.6468,14.1635],[108.648,14.1623],[108.6475,14.1617],[108.6431,14.1602],[108.6421,14.1583],[108.6408,14.1577],[108.6397,14.158],[108.6394,14.1575],[108.6381,14.1581],[108.6376,14.1571],[108.6365,14.1572],[108.6357,14.1565],[108.6351,14.1553],[108.6333,14.1555],[108.6328,14.1551],[108.6328,14.1544],[108.631,14.1545],[108.631,14.1535],[108.6304,14.1529],[108.6305,14.1509],[108.6297,14.1506],[108.6292,14.1497],[108.6281,14.1493],[108.6275,14.1499],[108.6274,14.1493],[108.6262,14.1499],[108.6254,14.1492],[108.625,14.1496],[108.6235,14.1495],[108.6211,14.1395],[108.6183,14.1346],[108.6167,14.1329],[108.6178,14.1321],[108.616,14.1307],[108.6165,14.1294],[108.6157,14.1291],[108.6158,14.1274],[108.6126,14.1255],[108.6088,14.1261],[108.6079,14.1258],[108.6082,14.1255],[108.6076,14.1242],[108.6067,14.1245],[108.6061,14.1242],[108.6043,14.1247],[108.6017,14.1265],[108.6012,14.1263],[108.6001,14.1269],[108.5982,14.1268],[108.5974,14.1274],[108.5943,14.1279],[108.5924,14.1271],[108.5919,14.1274],[108.5904,14.127],[108.5899,14.1281],[108.5886,14.1284],[108.5882,14.129],[108.5873,14.1291],[108.5871,14.1343],[108.5846,14.1326],[108.5817,14.1331],[108.5802,14.1327],[108.5791,14.134],[108.578,14.1343],[108.5776,14.1353],[108.5779,14.1363],[108.5787,14.1373],[108.5789,14.1395],[108.5802,14.1416],[108.5804,14.1426],[108.5792,14.1435],[108.5775,14.1432],[108.5774,14.1441],[108.5781,14.1448],[108.5762,14.145],[108.5758,14.1455],[108.5765,14.1495],[108.5741,14.1502],[108.5728,14.1518],[108.5694,14.1524],[108.5691,14.1515],[108.5692,14.1504],[108.5685,14.1501],[108.5682,14.1485],[108.5659,14.1454],[108.5645,14.145],[108.5638,14.1442],[108.5628,14.1445],[108.5616,14.1427],[108.5618,14.1414],[108.5612,14.1394],[108.5616,14.1388],[108.5616,14.1349],[108.5608,14.1285],[108.5594,14.1283],[108.5576,14.1274],[108.5574,14.1265],[108.558,14.1257],[108.5562,14.1258],[108.5559,14.1244],[108.5542,14.1241],[108.5544,14.1236],[108.552,14.1216],[108.5522,14.1194],[108.5543,14.1179],[108.5546,14.1166],[108.5533,14.1116],[108.5575,14.1096],[108.5585,14.1078],[108.5588,14.1055],[108.5597,14.1042],[108.5597,14.1032],[108.5604,14.1019],[108.5623,14.0999],[108.5624,14.1006],[108.5633,14.101],[108.5632,14.1014],[108.5644,14.1009],[108.5657,14.1013],[108.5662,14.1031],[108.5667,14.1027],[108.5684,14.1028],[108.5693,14.0995],[108.5704,14.0999],[108.5704,14.0982],[108.5714,14.098],[108.5714,14.0971],[108.5754,14.096],[108.5771,14.0949],[108.5768,14.0942],[108.5773,14.0927],[108.5789,14.0932],[108.5789,14.0937],[108.58,14.0938],[108.5806,14.0951],[108.5827,14.0937],[108.5843,14.0919],[108.5847,14.0917],[108.5851,14.0923],[108.5859,14.0923],[108.5862,14.0912],[108.5869,14.0916],[108.5873,14.0908],[108.5897,14.0915],[108.5903,14.0911],[108.5903,14.0904],[108.5932,14.0897],[108.5932,14.0886],[108.5945,14.088],[108.5946,14.0869],[108.5936,14.0862],[108.5933,14.0869],[108.5919,14.0868],[108.5914,14.0872],[108.5903,14.0864],[108.5901,14.0849],[108.5891,14.0837],[108.5892,14.0829],[108.5885,14.082],[108.5883,14.0809],[108.5877,14.0807],[108.5861,14.0788],[108.5867,14.0781],[108.5865,14.0766],[108.5872,14.0752],[108.5865,14.0744],[108.5856,14.0741],[108.5858,14.0731],[108.5865,14.0729],[108.5852,14.072],[108.5854,14.0708],[108.585,14.0704],[108.586,14.0705],[108.5859,14.0701],[108.5847,14.067],[108.5834,14.0657],[108.5833,14.0642],[108.5823,14.0626],[108.5835,14.0618],[108.5836,14.0603],[108.5849,14.0599],[108.5848,14.058],[108.5855,14.0577],[108.5854,14.0572],[108.5865,14.0554],[108.5863,14.0551],[108.5872,14.0545],[108.5867,14.0541],[108.5875,14.0525],[108.5867,14.0519],[108.5866,14.0512],[108.5872,14.0503],[108.5871,14.0495],[108.5895,14.0479],[108.5897,14.0469],[108.5894,14.0457],[108.5899,14.0446],[108.5899,14.043],[108.5896,14.0425],[108.5885,14.042],[108.5902,14.039],[108.5897,14.0374],[108.5901,14.0362],[108.5892,14.0354],[108.59,14.0344],[108.5903,14.0332],[108.589,14.0328],[108.5885,14.0314],[108.5877,14.0309],[108.5881,14.0296],[108.5874,14.0279],[108.5883,14.0272],[108.5888,14.0248],[108.5884,14.0239],[108.5878,14.0238],[108.5878,14.022],[108.5875,14.0219],[108.5875,14.0213],[108.5869,14.0213],[108.5868,14.0199],[108.5875,14.0194],[108.5874,14.0188],[108.588,14.0181],[108.5889,14.0183],[108.5909,14.0173],[108.591,14.0165],[108.5919,14.017],[108.5934,14.0165],[108.5949,14.0169],[108.5952,14.0181],[108.5971,14.0192],[108.5978,14.0192],[108.5978,14.0177],[108.5987,14.0173],[108.5991,14.0162],[108.6005,14.0164],[108.6016,14.0161],[108.6021,14.0152],[108.6015,14.0148],[108.602,14.0137],[108.604,14.012],[108.6054,14.0115],[108.6048,14.0099],[108.6058,14.0089],[108.6073,14.0097],[108.6088,14.0124],[108.6098,14.0129],[108.6111,14.0135],[108.6122,14.0133],[108.6137,14.0139],[108.6167,14.0142],[108.6179,14.0159],[108.6191,14.0161],[108.6194,14.0174],[108.6191,14.0192],[108.62,14.0188],[108.6204,14.0177],[108.6215,14.0182],[108.6235,14.0173],[108.6238,14.0181],[108.6249,14.0181],[108.6254,14.0193],[108.627,14.0195],[108.6279,14.0207],[108.6318,14.0213],[108.6347,14.0239],[108.6347,14.0244],[108.6356,14.0245],[108.6356,14.0248],[108.6363,14.0247],[108.6363,14.0261],[108.6378,14.0261],[108.6382,14.0262],[108.6382,14.0267],[108.6403,14.0268],[108.6416,14.0272],[108.6418,14.0284],[108.6426,14.0291],[108.648,14.0285],[108.6496,14.0271],[108.6517,14.0269],[108.6529,14.0276],[108.6543,14.0291],[108.6547,14.0302],[108.6558,14.031],[108.659,14.032],[108.6609,14.032],[108.6615,14.0327],[108.6615,14.0337],[108.6604,14.0363],[108.6606,14.0377],[108.6586,14.042],[108.6568,14.0482],[108.6556,14.0503],[108.6548,14.0559],[108.6519,14.06],[108.6519,14.0618],[108.6532,14.065],[108.6532,14.0661],[108.6502,14.0729],[108.6474,14.0768],[108.647,14.0782],[108.6471,14.0796],[108.6475,14.0794],[108.6476,14.0787],[108.6486,14.0797],[108.649,14.0791],[108.6501,14.08],[108.6504,14.0798],[108.6504,14.0806],[108.6513,14.0804],[108.6513,14.0812],[108.6521,14.0811],[108.6524,14.0825],[108.6536,14.0831],[108.6539,14.0846],[108.6545,14.0851],[108.6544,14.0856],[108.6548,14.0857],[108.6547,14.0861],[108.6557,14.0865],[108.6566,14.0876],[108.657,14.0873],[108.6572,14.088],[108.6576,14.0881],[108.6577,14.0891],[108.6581,14.0893],[108.6575,14.0898],[108.658,14.0904],[108.6576,14.0908],[108.658,14.0928],[108.6597,14.0936],[108.6593,14.0946],[108.6595,14.096],[108.659,14.0965],[108.6594,14.0985],[108.6587,14.1],[108.66,14.1026],[108.6603,14.1051],[108.6614,14.1062],[108.6612,14.1066],[108.6615,14.1077],[108.662,14.1073],[108.663,14.1075],[108.6634,14.1092],[108.6641,14.1094],[108.6641,14.1099],[108.6647,14.1094],[108.6665,14.1102],[108.6665,14.1097],[108.6672,14.1098],[108.6672,14.1111],[108.6677,14.1117],[108.6685,14.1115],[108.6682,14.1128],[108.6684,14.1134],[108.6697,14.1137],[108.6696,14.1143],[108.6706,14.1144],[108.6713,14.1166],[108.672,14.1167],[108.6721,14.1164],[108.6727,14.1164],[108.6733,14.1159],[108.6737,14.1161],[108.6743,14.1171],[108.6742,14.118],[108.6751,14.1185],[108.6745,14.1204],[108.6751,14.1208],[108.6754,14.1206],[108.6756,14.1214],[108.6763,14.1208],[108.6773,14.1214],[108.6794,14.1213],[108.6805,14.1218],[108.68,14.1244],[108.6818,14.1244],[108.6823,14.1248],[108.6824,14.1254],[108.6817,14.1268],[108.6821,14.1278],[108.6864,14.1282],[108.6869,14.1286],[108.6855,14.1297],[108.6847,14.1313],[108.6833,14.141],[108.6767,14.1501],[108.6781,14.1519],[108.6781,14.1541],[108.6791,14.157],[108.6787,14.1611],[108.6781,14.1608],[108.6727,14.1608],[108.6706,14.1601],[108.6697,14.1603],[108.6688,14.1609],[108.6651,14.165],[108.6671,14.1665],[108.6727,14.1744],[108.6752,14.1766],[108.6769,14.1775],[108.6767,14.18],[108.6744,14.181],[108.6742,14.1833]]]},"properties":{"code":"23674","name":"Kông Bơ La","nameEn":"Kong Bo La","fullName":"Xã Kông Bơ La","fullNameEn":"Kong Bo La Commune","codeName":"kong_bo_la","postalCode":"62617","postalCodePrefix":"","gisServerId":"diaphanhanhchinhcapxa_2025.3051","areaKm2":133.42},"id":"23674"},
{"type":"Feature","geometry":{"type":"Polygon","coordinates":[[[108.1601,14.0211],[108.1603,14.0222],[108.1529,14.0227],[108.1444,14.0208],[108.1349,14.0225],[108.133,14.0174],[108.1337,14.0169],[108.1302,14.0116],[108.1348,14.0085],[108.1292,14.0024],[108.1306,14],[108.1289,13.9972],[108.12,14.0061],[108.1163,14.0069],[108.1181,14.0115],[108.1045,14.0162],[108.1058,14.0193],[108.1037,14.0206],[108.1007,14.0204],[108.1004,14.028],[108.0952,14.0223],[108.089,14.0319],[108.0879,14.0328],[108.0877,14.0322],[108.087,14.0322],[108.086,14.0316],[108.0852,14.0304],[108.0839,14.0309],[108.0844,14.0301],[108.0835,14.0292],[108.083,14.0293],[108.0816,14.0309],[108.0812,14.0301],[108.0798,14.0292],[108.0792,14.0293],[108.0785,14.0281],[108.0761,14.0278],[108.0756,14.0263],[108.0751,14.026],[108.0754,14.0249],[108.0751,14.024],[108.0764,14.024],[108.077,14.0229],[108.0786,14.0217],[108.0796,14.0229],[108.0799,14.0217],[108.0805,14.0215],[108.0807,14.0221],[108.0815,14.0224],[108.0817,14.0222],[108.0813,14.0216],[108.0832,14.0207],[108.079,14.0167],[108.0775,14.0175],[108.0753,14.0176],[108.075,14.0148],[108.0755,14.0121],[108.075,14.0118],[108.0737,14.0121],[108.0733,14.0115],[108.0733,14.01],[108.0755,14.0103],[108.0758,14.0087],[108.0784,14.0072],[108.0767,14.0056],[108.0776,14.0046],[108.0782,14.0028],[108.0792,14.0027],[108.0812,14.0031],[108.0814,14.0027],[108.0826,14.0029],[108.0828,14.0041],[108.0836,14.0042],[108.0844,14.0037],[108.0892,14.0043],[108.0895,14.0008],[108.0904,13.9979],[108.0929,13.9958],[108.0946,13.9949],[108.0945,13.9939],[108.0953,13.9943],[108.0965,13.9941],[108.0965,13.9899],[108.0971,13.9899],[108.0971,13.9892],[108.0966,13.9891],[108.0972,13.9882],[108.0968,13.9874],[108.0973,13.9857],[108.097,13.9851],[108.0978,13.9845],[108.0989,13.9811],[108.1005,13.9764],[108.1001,13.9754],[108.1005,13.9737],[108.1001,13.9709],[108.1008,13.9699],[108.0996,13.9652],[108.1002,13.9638],[108.1015,13.9625],[108.1017,13.9582],[108.1039,13.9542],[108.1016,13.9459],[108.102,13.9437],[108.1027,13.9424],[108.1041,13.9432],[108.1044,13.9418],[108.105,13.9419],[108.1052,13.9415],[108.1064,13.9414],[108.1067,13.9389],[108.1102,13.9383],[108.11,13.9376],[108.1106,13.9362],[108.1106,13.9348],[108.1112,13.9347],[108.1113,13.9336],[108.1108,13.9335],[108.111,13.9317],[108.1106,13.9316],[108.1109,13.93],[108.112,13.9305],[108.113,13.9301],[108.1134,13.9307],[108.1144,13.9308],[108.1167,13.9304],[108.1191,13.9278],[108.1203,13.9272],[108.1213,13.924],[108.1242,13.9215],[108.1239,13.9185],[108.1244,13.9177],[108.1247,13.9164],[108.1224,13.9141],[108.121,13.9137],[108.1202,13.9125],[108.1177,13.9111],[108.1168,13.9098],[108.1154,13.9092],[108.1206,13.9086],[108.1206,13.9077],[108.126,13.9048],[108.13,13.9131],[108.1398,13.9073],[108.1476,13.9033],[108.1526,13.9026],[108.1531,13.9075],[108.1567,13.911],[108.158,13.9116],[108.1595,13.9129],[108.1611,13.9162],[108.161,13.9174],[108.1615,13.9191],[108.1646,13.9252],[108.1655,13.93],[108.1656,13.9327],[108.1651,13.936],[108.1656,13.9385],[108.1663,13.9393],[108.1711,13.9419],[108.1726,13.9438],[108.1729,13.945],[108.1738,13.9454],[108.1749,13.945],[108.1746,13.9468],[108.1729,13.9473],[108.1731,13.9477],[108.1754,13.9525],[108.1767,13.9521],[108.1779,13.9526],[108.1595,13.9889],[108.1612,13.9896],[108.1582,13.9935],[108.1558,14.0187],[108.1601,14.0211]]]},"properties":{"code":"23677","name":"Đak Đoa","nameEn":"Dak Doa","fullName":"Xã Đak Đoa","fullNameEn":"Dak Doa Commune","codeName":"dak_doa","postalCode":"61206","postalCodePrefix":"","gisServerId":"diaphanhanhchinhcapxa_2025.3052","areaKm2":83.37},"id":"23677"},
{"type":"Feature","geometry":{"type":"Polygon","coordinates":[[[108.2966,14.392],[108.2921,14.3899],[108.2898,14.3893],[108.2876,14.3896],[108.2855,14.3888],[108.2832,14.3888],[108.2808,14.3894],[108.2783,14.3876],[108.2746,14.3864],[108.2702,14.3885],[108.2678,14.3879],[108.2665,14.3882],[108.2645,14.3875],[108.2602,14.3905],[108.258,14.3909],[108.2518,14.3909],[108.251,14.3925],[108.2482,14.3937],[108.2477,14.3959],[108.2454,14.3964],[108.2441,14.3979],[108.2438,14.396],[108.242,14.3954],[108.2396,14.3929],[108.238,14.3926],[108.2368,14.3916],[108.2353,14.3912],[108.2325,14.3898],[108.2322,14.388],[108.2298,14.3834],[108.2298,14.3823],[108.2286,14.3816],[108.2281,14.3775],[108.226,14.3755],[108.2262,14.3735],[108.2284,14.3718],[108.2277,14.3688],[108.2256,14.368],[108.2239,14.3653],[108.2238,14.3638],[108.2218,14.3637],[108.2203,14.3622],[108.2176,14.3613],[108.2167,14.3614],[108.2157,14.3596],[108.2167,14.3571],[108.2163,14.3554],[108.2143,14.3547],[108.2129,14.3529],[108.2116,14.3525],[108.209,14.3535],[108.2065,14.3531],[108.2052,14.3493],[108.2038,14.3482],[108.2029,14.3465],[108.2009,14.3468],[108.2007,14.346],[108.1996,14.345],[108.1984,14.3418],[108.1954,14.338],[108.1944,14.3348],[108.1951,14.3336],[108.1949,14.3325],[108.1954,14.3317],[108.1945,14.3291],[108.1947,14.3273],[108.1937,14.3256],[108.1952,14.3244],[108.1949,14.3229],[108.1963,14.322],[108.1967,14.3213],[108.1997,14.3197],[108.2039,14.324],[108.2049,14.3266],[108.2062,14.3262],[108.2073,14.3244],[108.2116,14.3218],[108.2105,14.3194],[108.2093,14.3178],[108.2077,14.3168],[108.2062,14.3138],[108.2065,14.3112],[108.2062,14.3066],[108.2067,14.3049],[108.2063,14.3024],[108.2076,14.3006],[108.2077,14.2991],[108.2063,14.2971],[108.2065,14.2914],[108.2053,14.2879],[108.2055,14.2864],[108.2038,14.2853],[108.2025,14.2851],[108.2019,14.2833],[108.202,14.2817],[108.2086,14.2751],[108.2091,14.274],[108.2125,14.2727],[108.2133,14.269],[108.2117,14.2678],[108.2123,14.2654],[108.2111,14.2633],[108.211,14.2606],[108.2101,14.26],[108.2063,14.2592],[108.2069,14.2578],[108.206,14.2556],[108.2067,14.2542],[108.2065,14.2535],[108.2057,14.2527],[108.2048,14.25],[108.2026,14.247],[108.2021,14.2433],[108.2008,14.2419],[108.2004,14.241],[108.1984,14.2396],[108.1977,14.2374],[108.1967,14.2364],[108.1959,14.2335],[108.1955,14.2285],[108.1944,14.2232],[108.1938,14.2216],[108.1932,14.2209],[108.1934,14.2196],[108.1949,14.2188],[108.1941,14.2181],[108.1938,14.2171],[108.1928,14.2163],[108.1905,14.2157],[108.1881,14.2156],[108.1855,14.2139],[108.1832,14.215],[108.1817,14.2152],[108.1799,14.2169],[108.1788,14.2199],[108.1768,14.2215],[108.1759,14.223],[108.1741,14.2242],[108.1711,14.2254],[108.1681,14.2256],[108.166,14.2266],[108.1654,14.2272],[108.1652,14.2293],[108.1643,14.2299],[108.1636,14.2312],[108.1637,14.2323],[108.1623,14.2333],[108.1612,14.2329],[108.1605,14.2318],[108.159,14.2314],[108.1569,14.2301],[108.1538,14.229],[108.1522,14.2292],[108.151,14.2275],[108.1497,14.2271],[108.1495,14.2265],[108.1485,14.2274],[108.1474,14.2277],[108.1465,14.2286],[108.1467,14.2295],[108.1461,14.2293],[108.1461,14.2298],[108.1453,14.2302],[108.1445,14.2301],[108.1416,14.2279],[108.14,14.2282],[108.139,14.2276],[108.1386,14.2287],[108.1378,14.2288],[108.1342,14.2276],[108.1335,14.2264],[108.1321,14.2257],[108.1322,14.2247],[108.1315,14.2236],[108.1308,14.2241],[108.1297,14.223],[108.1272,14.2248],[108.1259,14.2252],[108.1246,14.2244],[108.1232,14.2242],[108.1223,14.2237],[108.122,14.2229],[108.1224,14.2225],[108.1211,14.2204],[108.1191,14.2191],[108.1182,14.22],[108.1174,14.2188],[108.116,14.2181],[108.1163,14.2162],[108.1155,14.2158],[108.1153,14.2139],[108.1141,14.2139],[108.1138,14.2134],[108.114,14.2128],[108.1132,14.2127],[108.1128,14.2112],[108.1117,14.2102],[108.11,14.21],[108.1098,14.2068],[108.111,14.2064],[108.1111,14.2054],[108.1099,14.2042],[108.1095,14.206],[108.1083,14.2063],[108.1076,14.2039],[108.106,14.2037],[108.1076,14.2025],[108.1079,14.2005],[108.1065,14.2],[108.1054,14.2001],[108.1045,14.1996],[108.1028,14.1947],[108.1017,14.1946],[108.0991,14.1959],[108.0984,14.1957],[108.0981,14.1929],[108.097,14.1926],[108.0965,14.1917],[108.0965,14.1908],[108.0952,14.1903],[108.0945,14.1896],[108.0943,14.1888],[108.0922,14.1868],[108.0922,14.1841],[108.0907,14.1834],[108.0884,14.1835],[108.0861,14.1824],[108.0856,14.1814],[108.085,14.1812],[108.0846,14.179],[108.0825,14.1777],[108.082,14.1766],[108.0794,14.1763],[108.0785,14.1756],[108.0793,14.1714],[108.0792,14.1695],[108.08,14.1664],[108.08,14.165],[108.0808,14.1631],[108.0812,14.1594],[108.0819,14.1573],[108.0829,14.1562],[108.0839,14.1564],[108.0857,14.1555],[108.0867,14.1557],[108.0889,14.1541],[108.0903,14.1521],[108.0904,14.1509],[108.0926,14.1524],[108.0925,14.1545],[108.0954,14.1587],[108.0999,14.1625],[108.0996,14.1628],[108.1008,14.1635],[108.1011,14.1632],[108.1021,14.1636],[108.1017,14.1645],[108.102,14.1647],[108.1028,14.1644],[108.1034,14.1634],[108.1044,14.1626],[108.1064,14.16],[108.1066,14.1588],[108.1093,14.1567],[108.1108,14.1568],[108.112,14.1561],[108.1165,14.1563],[108.1171,14.1575],[108.1172,14.1604],[108.119,14.1581],[108.1215,14.156],[108.128,14.1542],[108.1295,14.1549],[108.1305,14.1559],[108.1343,14.1575],[108.1353,14.1572],[108.1362,14.1574],[108.1368,14.1567],[108.1392,14.156],[108.1428,14.1536],[108.1465,14.1529],[108.1489,14.154],[108.1506,14.1571],[108.1548,14.1584],[108.157,14.1606],[108.1583,14.1612],[108.1604,14.161],[108.1606,14.1606],[108.1626,14.1603],[108.1629,14.1606],[108.1635,14.1603],[108.1632,14.1597],[108.1639,14.1596],[108.1645,14.1604],[108.1655,14.1598],[108.1685,14.1607],[108.1705,14.1597],[108.1718,14.1598],[108.1721,14.1586],[108.1745,14.1585],[108.1756,14.1589],[108.176,14.1586],[108.1769,14.1589],[108.1779,14.1579],[108.179,14.1577],[108.1805,14.1582],[108.1814,14.1572],[108.1834,14.1581],[108.1852,14.1599],[108.1866,14.1599],[108.1879,14.1592],[108.1882,14.1586],[108.1888,14.1585],[108.1889,14.1579],[108.1904,14.1567],[108.1913,14.1573],[108.1936,14.1577],[108.1965,14.156],[108.1977,14.1559],[108.1995,14.1575],[108.2013,14.1578],[108.2016,14.1576],[108.2014,14.1567],[108.2017,14.1567],[108.2031,14.1571],[108.2127,14.1572],[108.2183,14.1438],[108.2288,14.1343],[108.2317,14.1357],[108.2336,14.1375],[108.2371,14.1381],[108.2397,14.1395],[108.2413,14.142],[108.242,14.142],[108.2433,14.1429],[108.2442,14.1462],[108.2462,14.1473],[108.246,14.1482],[108.2465,14.1493],[108.2486,14.1498],[108.249,14.1503],[108.2501,14.1529],[108.2525,14.1535],[108.2532,14.1566],[108.2547,14.1585],[108.2558,14.1593],[108.257,14.1593],[108.2577,14.1586],[108.2605,14.1586],[108.2616,14.1575],[108.265,14.1566],[108.2658,14.1574],[108.2658,14.1608],[108.2664,14.162],[108.2661,14.164],[108.2672,14.1653],[108.2674,14.1669],[108.2679,14.1677],[108.2666,14.1706],[108.2668,14.1723],[108.2639,14.1749],[108.2634,14.1773],[108.2618,14.1787],[108.2618,14.1802],[108.2602,14.1805],[108.2599,14.1809],[108.2612,14.1838],[108.2605,14.1842],[108.2602,14.1857],[108.2608,14.1867],[108.2619,14.187],[108.2629,14.1877],[108.2621,14.1907],[108.2653,14.1938],[108.2644,14.1965],[108.2654,14.2001],[108.2648,14.2017],[108.2635,14.2017],[108.2625,14.2025],[108.2613,14.2025],[108.2593,14.2056],[108.2602,14.2074],[108.2606,14.2107],[108.2619,14.2125],[108.2633,14.2128],[108.2642,14.2137],[108.265,14.2158],[108.2664,14.2177],[108.2662,14.2188],[108.2678,14.2194],[108.2688,14.2216],[108.2696,14.2238],[108.2691,14.2247],[108.2683,14.2253],[108.2669,14.2251],[108.2659,14.2259],[108.2686,14.2272],[108.2691,14.2285],[108.2691,14.2305],[108.2698,14.2314],[108.2742,14.2319],[108.2756,14.2328],[108.2763,14.2339],[108.2763,14.235],[108.2772,14.2367],[108.2817,14.2389],[108.284,14.2373],[108.2856,14.237],[108.2878,14.2353],[108.2898,14.2343],[108.292,14.2316],[108.2928,14.2311],[108.2946,14.2308],[108.2961,14.229],[108.2972,14.2297],[108.2996,14.2295],[108.3011,14.2301],[108.3067,14.2312],[108.3077,14.2339],[108.309,14.235],[108.3095,14.2392],[108.3118,14.2382],[108.3152,14.2358],[108.3172,14.2348],[108.3198,14.2352],[108.3218,14.235],[108.3238,14.2342],[108.323,14.2359],[108.3215,14.2376],[108.3209,14.2403],[108.3193,14.2409],[108.3191,14.2426],[108.3176,14.2452],[108.3179,14.2494],[108.3185,14.2498],[108.3195,14.2496],[108.3199,14.2501],[108.3199,14.251],[108.318,14.2527],[108.3198,14.2551],[108.3202,14.2605],[108.3193,14.2635],[108.32,14.2651],[108.3216,14.2661],[108.322,14.2668],[108.3227,14.2704],[108.3224,14.2726],[108.3216,14.2747],[108.3228,14.2764],[108.3229,14.2772],[108.3224,14.2782],[108.3215,14.2787],[108.322,14.2798],[108.3218,14.2821],[108.3204,14.2855],[108.3207,14.2873],[108.3191,14.2882],[108.317,14.2884],[108.3158,14.2892],[108.3145,14.2896],[108.3152,14.2911],[108.3151,14.2945],[108.3143,14.2958],[108.3124,14.297],[108.3118,14.2999],[108.3119,14.3011],[108.3109,14.3047],[108.3127,14.3115],[108.3147,14.3148],[108.3147,14.3162],[108.3145,14.3225],[108.3141,14.3237],[108.3144,14.3248],[108.3122,14.3263],[108.3116,14.3299],[108.3083,14.3343],[108.3095,14.335],[108.3112,14.3377],[108.311,14.339],[108.312,14.3426],[108.3118,14.3449],[108.3123,14.3465],[108.3118,14.3479],[108.3117,14.3498],[108.3125,14.3511],[108.3124,14.3515],[108.3103,14.3527],[108.3094,14.3541],[108.309,14.356],[108.3094,14.3572],[108.3088,14.3577],[108.3087,14.3594],[108.308,14.36],[108.3095,14.361],[108.3083,14.3617],[108.3086,14.3633],[108.3071,14.3674],[108.308,14.3681],[108.3101,14.3711],[108.3087,14.3723],[108.3074,14.3756],[108.3058,14.3774],[108.3047,14.3798],[108.3033,14.3806],[108.3023,14.3807],[108.2996,14.3825],[108.2976,14.3844],[108.2972,14.3855],[108.2986,14.3869],[108.2981,14.3877],[108.2974,14.3911],[108.2966,14.392]]]},"properties":{"code":"23683","name":"Đak Sơmei","nameEn":"Dak Somei","fullName":"Xã Đak Sơmei","fullNameEn":"Dak Somei Commune","codeName":"dak_somei","postalCode":"61212","postalCodePrefix":"","gisServerId":"diaphanhanhchinhcapxa_2025.3053","areaKm2":344.24},"id":"23683"},
{"type":"Feature","geometry":{"type":"Polygon","coordinates":[[[108.089,14.0319],[108.0952,14.0223],[108.1004,14.028],[108.1007,14.0204],[108.1037,14.0206],[108.1058,14.0193],[108.1045,14.0162],[108.1181,14.0115],[108.1163,14.0069],[108.12,14.0061],[108.1289,13.9972],[108.1306,14],[108.1292,14.0024],[108.1348,14.0085],[108.1302,14.0116],[108.1337,14.0169],[108.133,14.0174],[108.1349,14.0225],[108.1444,14.0208],[108.1529,14.0227],[108.1603,14.0222],[108.1601,14.0211],[108.1625,14.0226],[108.1639,14.0243],[108.1646,14.0263],[108.1639,14.0319],[108.1629,14.0334],[108.1645,14.0397],[108.1685,14.0388],[108.1698,14.0394],[108.1747,14.0643],[108.1755,14.0662],[108.1772,14.0687],[108.1766,14.0697],[108.1773,14.0715],[108.1801,14.0732],[108.1814,14.0731],[108.1828,14.0725],[108.1841,14.0731],[108.1872,14.0724],[108.1879,14.0727],[108.19,14.072],[108.1908,14.0728],[108.192,14.0718],[108.1936,14.0723],[108.1948,14.0733],[108.1972,14.0733],[108.198,14.0729],[108.1987,14.0731],[108.199,14.0724],[108.2,14.072],[108.2005,14.0748],[108.2013,14.0752],[108.2019,14.0764],[108.2028,14.0766],[108.202,14.0781],[108.2024,14.0787],[108.2021,14.079],[108.2037,14.0812],[108.2032,14.0816],[108.2033,14.0827],[108.2011,14.0837],[108.2009,14.0866],[108.199,14.087],[108.1987,14.0883],[108.1964,14.0903],[108.1957,14.0898],[108.1944,14.0915],[108.1938,14.093],[108.1915,14.0957],[108.1893,14.1009],[108.1903,14.1013],[108.1913,14.1029],[108.1909,14.1052],[108.1915,14.1064],[108.1916,14.1083],[108.1923,14.1095],[108.192,14.1106],[108.1912,14.1113],[108.1912,14.113],[108.192,14.1138],[108.1924,14.1162],[108.1873,14.1174],[108.187,14.1196],[108.1816,14.1217],[108.1806,14.1233],[108.1805,14.1248],[108.1801,14.1257],[108.1793,14.1259],[108.1787,14.1253],[108.1775,14.1249],[108.1764,14.125],[108.1747,14.1242],[108.1735,14.1245],[108.1728,14.1266],[108.1724,14.1296],[108.1698,14.1319],[108.1688,14.1333],[108.1682,14.1357],[108.1668,14.1373],[108.1669,14.139],[108.1662,14.1409],[108.1666,14.1427],[108.1675,14.1432],[108.1693,14.1428],[108.1712,14.1441],[108.1701,14.1448],[108.1702,14.1459],[108.1691,14.1495],[108.1672,14.1502],[108.1663,14.1498],[108.1658,14.1505],[108.167,14.1518],[108.1677,14.1535],[108.1676,14.1539],[108.1682,14.1547],[108.1675,14.1553],[108.1676,14.1561],[108.1693,14.1585],[108.1733,14.158],[108.1754,14.1587],[108.176,14.1586],[108.1756,14.1589],[108.1745,14.1585],[108.1721,14.1586],[108.1718,14.1598],[108.1705,14.1597],[108.1685,14.1607],[108.1655,14.1598],[108.1645,14.1604],[108.1639,14.1596],[108.1632,14.1597],[108.1635,14.1603],[108.1629,14.1606],[108.1626,14.1603],[108.1606,14.1606],[108.1604,14.161],[108.1583,14.1612],[108.157,14.1606],[108.1548,14.1584],[108.1506,14.1571],[108.1489,14.154],[108.1465,14.1529],[108.1428,14.1536],[108.1392,14.156],[108.1368,14.1567],[108.1362,14.1574],[108.1353,14.1572],[108.1343,14.1575],[108.1305,14.1559],[108.1295,14.1549],[108.128,14.1542],[108.1215,14.156],[108.119,14.1581],[108.1172,14.1604],[108.1171,14.1575],[108.1165,14.1563],[108.112,14.1561],[108.1108,14.1568],[108.1093,14.1567],[108.1066,14.1588],[108.1064,14.16],[108.1044,14.1626],[108.1034,14.1634],[108.1028,14.1644],[108.102,14.1647],[108.1017,14.1645],[108.1021,14.1636],[108.1011,14.1632],[108.1008,14.1635],[108.0996,14.1628],[108.0999,14.1625],[108.0954,14.1587],[108.0925,14.1545],[108.0926,14.1524],[108.0904,14.1509],[108.0914,14.1489],[108.0908,14.1467],[108.0896,14.1459],[108.0852,14.1448],[108.0848,14.1428],[108.0865,14.1383],[108.0861,14.1363],[108.087,14.1334],[108.0872,14.1304],[108.0884,14.1287],[108.0888,14.1252],[108.0899,14.1241],[108.0901,14.1222],[108.0921,14.1165],[108.0941,14.1141],[108.0954,14.1108],[108.0973,14.11],[108.0979,14.1094],[108.1027,14.1025],[108.1039,14.1027],[108.1043,14.1012],[108.1049,14.1014],[108.1054,14.1003],[108.1066,14.1004],[108.108,14.099],[108.1081,14.098],[108.109,14.0978],[108.1089,14.0972],[108.1098,14.0968],[108.1075,14.0909],[108.1055,14.0887],[108.1035,14.0865],[108.1011,14.0854],[108.0961,14.0796],[108.0951,14.078],[108.0937,14.0771],[108.0933,14.0758],[108.0874,14.0712],[108.087,14.0707],[108.0869,14.0694],[108.0854,14.0694],[108.0817,14.0648],[108.0815,14.0616],[108.0828,14.0614],[108.0825,14.0579],[108.0839,14.0578],[108.0837,14.0556],[108.0849,14.0554],[108.0848,14.0548],[108.0843,14.0548],[108.0841,14.0529],[108.0857,14.0526],[108.085,14.0499],[108.0854,14.0488],[108.0866,14.0485],[108.0877,14.0476],[108.0866,14.0456],[108.088,14.0451],[108.0886,14.0434],[108.0895,14.0429],[108.0895,14.0419],[108.0882,14.0413],[108.0886,14.0403],[108.0876,14.0394],[108.0893,14.0375],[108.0888,14.0358],[108.0902,14.0345],[108.0898,14.0334],[108.0887,14.0333],[108.0893,14.0323],[108.089,14.0319]]]},"properties":{"code":"23701","name":"Kon Gang","nameEn":"Kon Gang","fullName":"Xã Kon Gang","fullNameEn":"Kon Gang Commune","codeName":"kon_gang","postalCode":"61210","postalCodePrefix":"","gisServerId":"diaphanhanhchinhcapxa_2025.3054","areaKm2":145.84},"id":"23701"},
{"type":"Feature","geometry":{"type":"Polygon","coordinates":[[[108.1224,13.8614],[108.1231,13.8623],[108.1239,13.8623],[108.1247,13.8637],[108.1248,13.8646],[108.1259,13.8649],[108.126,13.8659],[108.1264,13.8662],[108.1269,13.8664],[108.1272,13.8661],[108.1275,13.8664],[108.135,13.8678],[108.1381,13.8757],[108.1522,13.8994],[108.1526,13.9026],[108.1476,13.9033],[108.1398,13.9073],[108.13,13.9131],[108.126,13.9048],[108.1206,13.9077],[108.1206,13.9086],[108.1154,13.9092],[108.1168,13.9098],[108.1177,13.9111],[108.1202,13.9125],[108.121,13.9137],[108.1224,13.9141],[108.1247,13.9164],[108.1244,13.9177],[108.1239,13.9185],[108.1242,13.9215],[108.1213,13.924],[108.1203,13.9272],[108.1191,13.9278],[108.1167,13.9304],[108.1144,13.9308],[108.1134,13.9307],[108.113,13.9301],[108.112,13.9305],[108.1109,13.93],[108.1106,13.9316],[108.111,13.9317],[108.1108,13.9335],[108.1113,13.9336],[108.1112,13.9347],[108.1106,13.9348],[108.1106,13.9362],[108.11,13.9376],[108.1102,13.9383],[108.1067,13.9389],[108.1064,13.9414],[108.1052,13.9415],[108.105,13.9419],[108.1044,13.9418],[108.1041,13.9432],[108.1027,13.9424],[108.102,13.9437],[108.1016,13.9459],[108.1039,13.9542],[108.1017,13.9582],[108.1015,13.9625],[108.1002,13.9638],[108.0996,13.9652],[108.1008,13.9699],[108.1001,13.9709],[108.1005,13.9737],[108.1001,13.9754],[108.1005,13.9764],[108.0989,13.9811],[108.0981,13.9796],[108.0947,13.9789],[108.0945,13.978],[108.0906,13.9768],[108.0903,13.976],[108.0895,13.9756],[108.0902,13.9753],[108.0909,13.9755],[108.0906,13.9749],[108.0893,13.9749],[108.0893,13.9736],[108.09,13.9734],[108.0905,13.9725],[108.0911,13.9721],[108.0909,13.9716],[108.0924,13.9707],[108.0928,13.9696],[108.0936,13.9692],[108.0937,13.9685],[108.0931,13.9683],[108.0932,13.9677],[108.0927,13.9676],[108.0926,13.9671],[108.0917,13.9672],[108.0916,13.9669],[108.0921,13.9669],[108.0921,13.9666],[108.0911,13.9662],[108.091,13.9652],[108.0901,13.9645],[108.0904,13.9639],[108.09,13.9638],[108.0901,13.9634],[108.0897,13.9633],[108.0896,13.9637],[108.0892,13.9636],[108.0885,13.9626],[108.0874,13.9619],[108.0873,13.9621],[108.0865,13.9618],[108.0864,13.9614],[108.0849,13.9614],[108.0828,13.9608],[108.0822,13.9622],[108.08,13.9625],[108.0797,13.9635],[108.0789,13.9635],[108.0785,13.965],[108.0774,13.9645],[108.0772,13.9641],[108.0776,13.9632],[108.0792,13.9619],[108.0794,13.9613],[108.0792,13.9609],[108.0796,13.9575],[108.0801,13.9556],[108.0792,13.9553],[108.079,13.9561],[108.0784,13.9563],[108.0778,13.9554],[108.0782,13.9551],[108.0782,13.9536],[108.0774,13.9527],[108.0747,13.9513],[108.0729,13.9494],[108.0705,13.9487],[108.0693,13.9488],[108.0685,13.9482],[108.0668,13.9481],[108.0668,13.9486],[108.0645,13.9493],[108.0643,13.9489],[108.0624,13.9485],[108.0627,13.947],[108.0615,13.9469],[108.061,13.9462],[108.0607,13.9471],[108.06,13.9471],[108.0524,13.9452],[108.0508,13.9433],[108.0505,13.9439],[108.0488,13.943],[108.0486,13.9433],[108.0483,13.9432],[108.0476,13.9428],[108.0476,13.9421],[108.0468,13.9417],[108.0467,13.9403],[108.0463,13.9393],[108.0471,13.9373],[108.0467,13.9368],[108.0466,13.9356],[108.0457,13.9344],[108.045,13.9319],[108.0456,13.9318],[108.0461,13.931],[108.0463,13.9295],[108.0473,13.9286],[108.047,13.9274],[108.0483,13.924],[108.0481,13.922],[108.0464,13.9204],[108.0446,13.9181],[108.0412,13.9164],[108.0383,13.9132],[108.0366,13.912],[108.0334,13.912],[108.0319,13.9113],[108.031,13.9116],[108.0291,13.9101],[108.0286,13.9084],[108.0294,13.9072],[108.0302,13.9039],[108.0287,13.9021],[108.0293,13.9],[108.0293,13.8977],[108.0282,13.8971],[108.0268,13.8972],[108.0257,13.8965],[108.0229,13.8962],[108.0219,13.895],[108.0208,13.8948],[108.0196,13.8928],[108.0193,13.893],[108.0189,13.8924],[108.0174,13.8898],[108.0184,13.8894],[108.0182,13.8891],[108.0196,13.887],[108.0196,13.8855],[108.0191,13.8836],[108.0184,13.8831],[108.0181,13.8821],[108.015,13.8816],[108.015,13.8812],[108.0137,13.8811],[108.0134,13.8804],[108.0124,13.8807],[108.0068,13.8727],[107.9989,13.8664],[107.9985,13.8564],[108.0014,13.8544],[108.0031,13.8545],[108.0054,13.8517],[108.0071,13.8513],[108.0077,13.8494],[108.0081,13.8493],[108.0102,13.8538],[108.0129,13.8556],[108.0134,13.8581],[108.0151,13.8572],[108.0203,13.8566],[108.0213,13.8558],[108.0259,13.8542],[108.0293,13.8525],[108.0303,13.8535],[108.0302,13.8548],[108.0332,13.8545],[108.0336,13.8551],[108.04,13.8571],[108.0403,13.8549],[108.0434,13.8547],[108.0435,13.8539],[108.0442,13.8539],[108.0443,13.8533],[108.0455,13.8537],[108.0457,13.853],[108.0466,13.8533],[108.0472,13.8526],[108.0483,13.853],[108.0493,13.8521],[108.0502,13.8525],[108.0493,13.8536],[108.0522,13.8549],[108.0546,13.854],[108.0553,13.8522],[108.0565,13.8516],[108.059,13.8544],[108.07,13.8569],[108.0749,13.8599],[108.0757,13.8599],[108.0771,13.8613],[108.0812,13.8606],[108.0824,13.8609],[108.0825,13.8616],[108.0841,13.8617],[108.0843,13.861],[108.0868,13.8612],[108.0881,13.8598],[108.0897,13.86],[108.0927,13.8592],[108.093,13.8597],[108.0937,13.8595],[108.0955,13.8605],[108.097,13.8607],[108.0985,13.8603],[108.099,13.8586],[108.1001,13.8596],[108.1007,13.8592],[108.1011,13.8595],[108.1019,13.8593],[108.1031,13.8599],[108.1042,13.8613],[108.1043,13.8621],[108.1063,13.8627],[108.1105,13.8612],[108.1113,13.8618],[108.1137,13.8623],[108.1183,13.8621],[108.1206,13.8613],[108.1224,13.8614]]]},"properties":{"code":"23710","name":"Ia Băng","nameEn":"Ia Bang","fullName":"Xã Ia Băng","fullNameEn":"Ia Bang Commune","codeName":"ia_bang","postalCode":"61222","postalCodePrefix":"","gisServerId":"diaphanhanhchinhcapxa_2025.3056","areaKm2":116.24},"id":"23710"},
{"type":"Feature","geometry":{"type":"Polygon","coordinates":[[[108.1526,13.9026],[108.1522,13.8994],[108.1381,13.8757],[108.135,13.8678],[108.1275,13.8664],[108.1272,13.8661],[108.1269,13.8664],[108.1264,13.8662],[108.126,13.8659],[108.1259,13.8649],[108.1248,13.8646],[108.1247,13.8637],[108.1239,13.8623],[108.1231,13.8623],[108.1224,13.8614],[108.1225,13.86],[108.1235,13.8589],[108.1246,13.8558],[108.1262,13.8544],[108.1283,13.8488],[108.1303,13.8486],[108.1319,13.8477],[108.1395,13.8451],[108.1439,13.845],[108.1514,13.8485],[108.1528,13.8483],[108.1546,13.8499],[108.1563,13.8506],[108.1577,13.8506],[108.1581,13.8496],[108.1594,13.8498],[108.1611,13.8479],[108.1618,13.8456],[108.1628,13.8453],[108.1643,13.844],[108.1656,13.8442],[108.1655,13.8436],[108.1648,13.8431],[108.1655,13.8419],[108.166,13.8393],[108.1669,13.8382],[108.167,13.8368],[108.168,13.837],[108.1724,13.8364],[108.1743,13.8368],[108.1759,13.836],[108.1755,13.8344],[108.1775,13.8355],[108.1793,13.8357],[108.1796,13.8361],[108.1797,13.8369],[108.1779,13.8406],[108.178,13.8416],[108.1788,13.8432],[108.1799,13.8434],[108.1809,13.8431],[108.1869,13.8398],[108.1883,13.8398],[108.1885,13.8412],[108.1877,13.8419],[108.1876,13.8424],[108.1893,13.8452],[108.1889,13.8459],[108.1861,13.8475],[108.1859,13.8481],[108.1893,13.8512],[108.1908,13.8514],[108.1918,13.8496],[108.1927,13.8488],[108.1965,13.8486],[108.1994,13.8498],[108.2037,13.8504],[108.2054,13.8511],[108.2067,13.8526],[108.2077,13.8553],[108.2096,13.8571],[108.2113,13.857],[108.2121,13.8565],[108.2125,13.8553],[108.2146,13.8546],[108.2155,13.8547],[108.2164,13.8553],[108.2173,13.8564],[108.2189,13.8603],[108.2203,13.8616],[108.2222,13.8624],[108.2238,13.8635],[108.2249,13.8651],[108.2239,13.8669],[108.219,13.8687],[108.2185,13.8701],[108.2199,13.8704],[108.2233,13.87],[108.2256,13.8708],[108.2269,13.8722],[108.2287,13.8752],[108.2309,13.8813],[108.233,13.8839],[108.2328,13.8873],[108.2332,13.8883],[108.2359,13.8894],[108.2374,13.8891],[108.2398,13.8912],[108.2433,13.8918],[108.2445,13.8929],[108.2451,13.8952],[108.244,13.8981],[108.2371,13.9052],[108.2361,13.9055],[108.2348,13.905],[108.2329,13.9064],[108.2322,13.9073],[108.2324,13.9081],[108.2344,13.9098],[108.2372,13.9133],[108.2372,13.9152],[108.2361,13.917],[108.2341,13.9179],[108.2319,13.9176],[108.2291,13.9134],[108.2279,13.9125],[108.2237,13.9128],[108.2229,13.9134],[108.2223,13.9145],[108.2228,13.9161],[108.2242,13.917],[108.2269,13.9177],[108.2304,13.9176],[108.2311,13.9185],[108.2312,13.9194],[108.2307,13.9201],[108.2279,13.9208],[108.2263,13.9221],[108.2258,13.9235],[108.2258,13.9274],[108.2269,13.9287],[108.2278,13.929],[108.229,13.9289],[108.2314,13.9277],[108.2325,13.9281],[108.2329,13.9298],[108.2308,13.9374],[108.2308,13.9391],[108.2315,13.9402],[108.2347,13.9411],[108.2354,13.9416],[108.2358,13.9425],[108.2355,13.9436],[108.2344,13.9439],[108.23,13.9423],[108.2266,13.9423],[108.2236,13.9432],[108.2228,13.9444],[108.223,13.9456],[108.2238,13.9461],[108.2254,13.9459],[108.2267,13.9452],[108.2274,13.9453],[108.2278,13.9459],[108.228,13.9486],[108.227,13.9494],[108.2273,13.9505],[108.2267,13.9522],[108.2267,13.954],[108.227,13.9545],[108.2251,13.9573],[108.2255,13.9587],[108.226,13.959],[108.2289,13.9584],[108.2301,13.9578],[108.2308,13.9579],[108.2329,13.9568],[108.234,13.959],[108.2331,13.9611],[108.2344,13.9616],[108.234,13.9618],[108.2335,13.9638],[108.2324,13.9645],[108.2325,13.9651],[108.2331,13.9653],[108.2331,13.9663],[108.2317,13.967],[108.231,13.9683],[108.2305,13.9683],[108.2298,13.969],[108.2294,13.9688],[108.2284,13.9691],[108.2282,13.9704],[108.2277,13.9704],[108.2261,13.9712],[108.2262,13.9729],[108.2256,13.9735],[108.2255,13.9743],[108.2263,13.9764],[108.2263,13.9789],[108.2272,13.9819],[108.227,13.9832],[108.2251,13.9863],[108.2251,13.9877],[108.2244,13.9894],[108.2247,13.9906],[108.2236,13.9919],[108.2232,13.9937],[108.2236,13.9943],[108.2234,13.9972],[108.2218,14.0003],[108.2193,14.0024],[108.2188,14.0037],[108.219,14.0063],[108.2202,14.0111],[108.2201,14.0121],[108.2195,14.0122],[108.2197,14.0129],[108.2235,14.0143],[108.225,14.0145],[108.225,14.0154],[108.2243,14.0155],[108.224,14.0174],[108.2225,14.0169],[108.2225,14.0183],[108.2218,14.0182],[108.2219,14.0195],[108.221,14.0194],[108.2205,14.021],[108.2192,14.0203],[108.2189,14.0216],[108.2183,14.0215],[108.2178,14.0237],[108.2164,14.0231],[108.2165,14.0241],[108.2159,14.0272],[108.2146,14.0282],[108.2128,14.0282],[108.2121,14.03],[108.2126,14.0306],[108.2128,14.0328],[108.2124,14.0334],[108.2134,14.0347],[108.2136,14.0357],[108.2145,14.0362],[108.2137,14.0366],[108.2139,14.0376],[108.2144,14.0378],[108.2142,14.0391],[108.2148,14.0405],[108.2139,14.042],[108.2134,14.0421],[108.2131,14.0431],[108.2131,14.0456],[108.2123,14.0479],[108.2123,14.0495],[108.2106,14.0536],[108.2111,14.0551],[108.2103,14.0558],[108.2123,14.058],[108.2127,14.0591],[108.2126,14.0631],[108.2137,14.0638],[108.2145,14.0652],[108.2151,14.0651],[108.2152,14.0654],[108.2156,14.0687],[108.216,14.0694],[108.2156,14.0697],[108.2155,14.072],[108.2161,14.0735],[108.2148,14.0746],[108.2136,14.0745],[108.2124,14.0751],[108.2094,14.0734],[108.2081,14.0735],[108.2057,14.0729],[108.2045,14.0732],[108.2063,14.075],[108.2044,14.0766],[108.204,14.0775],[108.2034,14.0796],[108.2037,14.0812],[108.2021,14.079],[108.2024,14.0787],[108.202,14.0781],[108.2028,14.0766],[108.2019,14.0764],[108.2013,14.0752],[108.2005,14.0748],[108.2,14.072],[108.199,14.0724],[108.1987,14.0731],[108.198,14.0729],[108.1972,14.0733],[108.1948,14.0733],[108.1936,14.0723],[108.192,14.0718],[108.1908,14.0728],[108.19,14.072],[108.1879,14.0727],[108.1872,14.0724],[108.1841,14.0731],[108.1828,14.0725],[108.1814,14.0731],[108.1801,14.0732],[108.1773,14.0715],[108.1766,14.0697],[108.1772,14.0687],[108.1755,14.0662],[108.1747,14.0643],[108.1698,14.0394],[108.1685,14.0388],[108.1645,14.0397],[108.1629,14.0334],[108.1639,14.0319],[108.1646,14.0263],[108.1639,14.0243],[108.1625,14.0226],[108.1601,14.0211],[108.1558,14.0187],[108.1582,13.9935],[108.1612,13.9896],[108.1595,13.9889],[108.1779,13.9526],[108.1767,13.9521],[108.1754,13.9525],[108.1731,13.9477],[108.1729,13.9473],[108.1746,13.9468],[108.1749,13.945],[108.1738,13.9454],[108.1729,13.945],[108.1726,13.9438],[108.1711,13.9419],[108.1663,13.9393],[108.1656,13.9385],[108.1651,13.936],[108.1656,13.9327],[108.1655,13.93],[108.1646,13.9252],[108.1615,13.9191],[108.161,13.9174],[108.1611,13.9162],[108.1595,13.9129],[108.158,13.9116],[108.1567,13.911],[108.1531,13.9075],[108.1526,13.9026]]]},"properties":{"code":"23714","name":"KDang","nameEn":"KDang","fullName":"Xã KDang","fullNameEn":"KDang Commune","codeName":"kdang","postalCode":"61208","postalCodePrefix":"","gisServerId":"diaphanhanhchinhcapxa_2025.3055","areaKm2":178.88},"id":"23714"},
{"type":"Feature","geometry":{"type":"Polygon","coordinates":[[[108.0459,14.1652],[108.045,14.1674],[108.0438,14.1682],[108.0425,14.1701],[108.0403,14.1691],[108.0376,14.1664],[108.0361,14.1655],[108.0349,14.1656],[108.0333,14.1665],[108.0309,14.1663],[108.0273,14.1673],[108.0176,14.1668],[108.0085,14.1648],[108.0075,14.1657],[108.0078,14.1666],[108.0075,14.1681],[108.0064,14.1692],[108.0054,14.1723],[108.0042,14.1719],[108.0019,14.173],[108.0013,14.1752],[107.9994,14.1757],[107.9971,14.1756],[107.9972,14.1804],[107.9957,14.183],[107.9941,14.1841],[107.9933,14.1838],[107.9921,14.1812],[107.9906,14.1809],[107.9902,14.1801],[107.9896,14.1797],[107.9892,14.1798],[107.9884,14.179],[107.9869,14.1788],[107.9866,14.178],[107.9859,14.1776],[107.9833,14.1768],[107.9816,14.1776],[107.9793,14.1768],[107.9775,14.1776],[107.9766,14.1775],[107.975,14.178],[107.9727,14.1797],[107.9722,14.181],[107.9707,14.1815],[107.9705,14.1819],[107.9692,14.1816],[107.9669,14.1837],[107.966,14.1835],[107.9634,14.1864],[107.9628,14.1879],[107.9617,14.1882],[107.9616,14.1888],[107.9582,14.1891],[107.9565,14.1878],[107.9543,14.1877],[107.9532,14.1883],[107.9523,14.1874],[107.9513,14.1872],[107.9498,14.1879],[107.948,14.1898],[107.9476,14.1894],[107.9471,14.19],[107.9464,14.1893],[107.9454,14.1892],[107.9451,14.1897],[107.9439,14.1897],[107.9427,14.1905],[107.9419,14.1917],[107.9408,14.1918],[107.9402,14.1926],[107.9382,14.1924],[107.9373,14.1931],[107.9352,14.1931],[107.9353,14.1926],[107.9359,14.1925],[107.9375,14.191],[107.9398,14.19],[107.9402,14.1891],[107.9397,14.1879],[107.94,14.1861],[107.9391,14.1853],[107.9381,14.1833],[107.9374,14.1806],[107.9345,14.1779],[107.935,14.1748],[107.9323,14.1684],[107.9311,14.1666],[107.929,14.1647],[107.9268,14.1619],[107.9267,14.161],[107.9275,14.159],[107.9274,14.1566],[107.927,14.1555],[107.9273,14.1549],[107.9272,14.1526],[107.9255,14.1489],[107.9269,14.1456],[107.9266,14.1423],[107.9274,14.1415],[107.9278,14.1395],[107.9274,14.1377],[107.9258,14.1339],[107.9269,14.1331],[107.9253,14.1324],[107.9233,14.1309],[107.9231,14.1292],[107.9235,14.1277],[107.9184,14.1275],[107.9149,14.1314],[107.9148,14.1303],[107.9142,14.1293],[107.9128,14.129],[107.9122,14.1283],[107.9108,14.1291],[107.9097,14.1277],[107.9047,14.129],[107.903,14.1286],[107.9003,14.126],[107.8978,14.1249],[107.8903,14.1149],[107.889,14.1147],[107.8859,14.1129],[107.8856,14.1106],[107.8864,14.1073],[107.8862,14.1063],[107.8856,14.1061],[107.8853,14.1053],[107.8877,14.1054],[107.888,14.1038],[107.8872,14.1031],[107.8889,14.1019],[107.8882,14.1006],[107.8885,14.1],[107.8893,14.1008],[107.8908,14.0998],[107.8931,14.1002],[107.8939,14.0992],[107.895,14.0992],[107.8955,14.0989],[107.8974,14.1],[107.8988,14.1022],[107.9,14.1018],[107.8999,14.1006],[107.9003,14.1003],[107.9028,14.1008],[107.9038,14.1001],[107.9052,14.1016],[107.906,14.1006],[107.9061,14.099],[107.9074,14.0984],[107.9096,14.0985],[107.9106,14.0972],[107.9107,14.0962],[107.912,14.0965],[107.9121,14.0956],[107.9127,14.0951],[107.9137,14.0953],[107.9147,14.0946],[107.9165,14.0946],[107.9185,14.0933],[107.9209,14.0944],[107.9226,14.0934],[107.9258,14.0923],[107.9281,14.0909],[107.9278,14.0898],[107.9272,14.0893],[107.9276,14.0877],[107.927,14.0871],[107.9308,14.0839],[107.9335,14.0834],[107.9373,14.0803],[107.9378,14.0808],[107.9376,14.0829],[107.9382,14.0838],[107.9377,14.0845],[107.9384,14.0851],[107.9382,14.0857],[107.9388,14.0868],[107.9374,14.0879],[107.9375,14.0885],[107.9393,14.0897],[107.941,14.0887],[107.9416,14.0879],[107.9437,14.087],[107.9472,14.0875],[107.9482,14.0882],[107.9497,14.0885],[107.9514,14.0903],[107.9522,14.0905],[107.9525,14.0902],[107.9527,14.0927],[107.9517,14.0927],[107.9526,14.0933],[107.9547,14.0932],[107.9558,14.0946],[107.9576,14.0938],[107.9593,14.0919],[107.9621,14.0912],[107.9639,14.0896],[107.965,14.0896],[107.9662,14.0902],[107.9666,14.0893],[107.9676,14.0888],[107.968,14.0883],[107.9693,14.0891],[107.9689,14.0897],[107.97,14.0907],[107.9704,14.09],[107.9709,14.0901],[107.9712,14.0915],[107.9723,14.0919],[107.973,14.0933],[107.9751,14.092],[107.9753,14.0925],[107.9743,14.094],[107.9753,14.0949],[107.9757,14.095],[107.9759,14.0943],[107.9774,14.0947],[107.9784,14.0944],[107.9787,14.0952],[107.9794,14.0954],[107.9834,14.0959],[107.9841,14.0955],[107.9867,14.0996],[107.9889,14.1012],[107.9935,14.102],[107.996,14.1004],[107.9978,14.1009],[108.0038,14.1069],[108.0052,14.11],[108.0049,14.1116],[108.0025,14.1151],[108.0021,14.1208],[108.0004,14.1233],[107.9998,14.1271],[108.0004,14.1311],[108.001,14.1319],[108.0012,14.133],[108.0028,14.1367],[108.0041,14.1378],[108.0059,14.1413],[108.0061,14.144],[108.0085,14.1441],[108.0102,14.1449],[108.0113,14.1458],[108.0125,14.1444],[108.0141,14.1441],[108.0169,14.1439],[108.0185,14.1446],[108.0202,14.1438],[108.0286,14.1444],[108.0297,14.1449],[108.0301,14.1464],[108.0337,14.1475],[108.0361,14.149],[108.0381,14.149],[108.0387,14.1496],[108.039,14.1515],[108.0382,14.153],[108.0389,14.1556],[108.0387,14.1569],[108.041,14.1595],[108.0427,14.1605],[108.045,14.1626],[108.0456,14.1636],[108.0459,14.1652]]]},"properties":{"code":"23722","name":"Chư Păh","nameEn":"Chu Pah","fullName":"Xã Chư Păh","fullNameEn":"Chu Pah Commune","codeName":"chu_pah","postalCode":"61321","postalCodePrefix":"","gisServerId":"diaphanhanhchinhcapxa_2025.2949","areaKm2":103.58},"id":"23722"},
{"type":"Feature","geometry":{"type":"Polygon","coordinates":[[[108.2325,14.3898],[108.2295,14.3924],[108.228,14.3922],[108.2251,14.3911],[108.2215,14.3916],[108.2196,14.3909],[108.2178,14.3891],[108.2137,14.3872],[108.2096,14.3874],[108.2089,14.3869],[108.2062,14.3818],[108.2044,14.3805],[108.205,14.3779],[108.2038,14.3769],[108.2028,14.3767],[108.2036,14.3756],[108.2035,14.3747],[108.2007,14.3753],[108.1984,14.3768],[108.1982,14.3764],[108.1991,14.3754],[108.199,14.373],[108.1983,14.3727],[108.1963,14.3731],[108.1952,14.3727],[108.1944,14.3735],[108.1926,14.3738],[108.1921,14.3731],[108.1919,14.3715],[108.1895,14.3686],[108.1884,14.3693],[108.1879,14.3681],[108.1872,14.3686],[108.1858,14.3688],[108.1838,14.368],[108.1833,14.3682],[108.183,14.369],[108.1823,14.3693],[108.1809,14.368],[108.1803,14.3682],[108.1787,14.3678],[108.1773,14.368],[108.1762,14.3665],[108.1755,14.3669],[108.1727,14.3669],[108.1699,14.3681],[108.1662,14.3644],[108.1636,14.3644],[108.1637,14.3628],[108.1632,14.3622],[108.1623,14.3618],[108.1609,14.3629],[108.1605,14.3629],[108.1582,14.3583],[108.1572,14.3574],[108.158,14.3561],[108.1567,14.3551],[108.1564,14.3538],[108.1557,14.3534],[108.154,14.3533],[108.1517,14.3536],[108.1513,14.3514],[108.1521,14.3505],[108.1538,14.3508],[108.1544,14.3502],[108.1545,14.3493],[108.1537,14.3488],[108.1519,14.3486],[108.149,14.349],[108.1485,14.3489],[108.1475,14.3476],[108.146,14.3477],[108.1453,14.3488],[108.145,14.3503],[108.1436,14.3521],[108.142,14.3533],[108.1431,14.3545],[108.1451,14.3547],[108.1462,14.3562],[108.1481,14.3557],[108.1476,14.3576],[108.1496,14.3595],[108.1494,14.3603],[108.1427,14.3595],[108.1396,14.3602],[108.1393,14.3592],[108.1395,14.3569],[108.1385,14.3564],[108.1366,14.3566],[108.1361,14.3558],[108.1351,14.3552],[108.1329,14.3561],[108.127,14.3566],[108.1234,14.3587],[108.1199,14.362],[108.1182,14.3631],[108.1165,14.3635],[108.1148,14.3632],[108.1128,14.3611],[108.112,14.3581],[108.1086,14.3533],[108.1119,14.3483],[108.1124,14.3459],[108.1109,14.3446],[108.109,14.3452],[108.1077,14.3442],[108.1046,14.3435],[108.1039,14.3421],[108.1048,14.3389],[108.1045,14.3376],[108.1026,14.3375],[108.1013,14.3365],[108.1004,14.3351],[108.0988,14.3352],[108.0956,14.3346],[108.0939,14.3349],[108.0825,14.3344],[108.0802,14.3338],[108.0786,14.3324],[108.078,14.3309],[108.0781,14.3299],[108.0794,14.328],[108.0826,14.3261],[108.0866,14.3249],[108.0881,14.3232],[108.0883,14.3205],[108.0873,14.3174],[108.0881,14.3167],[108.0882,14.3152],[108.0848,14.3133],[108.081,14.3136],[108.0811,14.3119],[108.0818,14.3107],[108.0815,14.3102],[108.0803,14.3101],[108.0775,14.309],[108.0758,14.3075],[108.0747,14.3076],[108.0737,14.3066],[108.0722,14.3038],[108.0734,14.3009],[108.0706,14.299],[108.0704,14.2986],[108.072,14.2965],[108.0721,14.2946],[108.0705,14.2933],[108.0677,14.289],[108.0682,14.2879],[108.067,14.2872],[108.0669,14.2855],[108.0685,14.2838],[108.066,14.2812],[108.0666,14.2777],[108.0648,14.2765],[108.0646,14.2758],[108.0626,14.2752],[108.0625,14.2742],[108.0629,14.2736],[108.0626,14.2729],[108.0615,14.2716],[108.061,14.2716],[108.0599,14.2707],[108.0588,14.2687],[108.0603,14.2654],[108.0595,14.2658],[108.057,14.2654],[108.0552,14.2663],[108.0541,14.2673],[108.0529,14.2696],[108.0494,14.2732],[108.0456,14.2731],[108.0453,14.274],[108.0433,14.2769],[108.04,14.2773],[108.037,14.2746],[108.0348,14.2741],[108.0341,14.2689],[108.0333,14.2673],[108.0326,14.2667],[108.0307,14.2663],[108.0311,14.265],[108.0299,14.2642],[108.0276,14.2604],[108.0245,14.2568],[108.0246,14.2562],[108.0221,14.2543],[108.0215,14.2528],[108.0194,14.2511],[108.0167,14.2496],[108.0171,14.246],[108.0167,14.2445],[108.0155,14.2439],[108.0154,14.2426],[108.015,14.2419],[108.0151,14.2407],[108.0115,14.2408],[108.0101,14.2396],[108.0081,14.2396],[108.0072,14.2399],[108.0046,14.2426],[108.0018,14.2444],[107.9999,14.245],[107.9981,14.2443],[107.9956,14.245],[107.9929,14.2449],[107.9922,14.2455],[107.9887,14.244],[107.9866,14.2452],[107.9834,14.2444],[107.9821,14.2448],[107.9799,14.243],[107.9798,14.2421],[107.9779,14.2414],[107.9778,14.2394],[107.977,14.2394],[107.9749,14.238],[107.974,14.2382],[107.9715,14.2359],[107.9704,14.2358],[107.9701,14.2347],[107.9691,14.2345],[107.968,14.2336],[107.9678,14.2324],[107.9613,14.2274],[107.9593,14.2282],[107.9583,14.2295],[107.9569,14.2297],[107.9561,14.2306],[107.9551,14.2309],[107.953,14.2363],[107.9496,14.2416],[107.9494,14.2425],[107.9467,14.2429],[107.9484,14.2401],[107.9484,14.2389],[107.9489,14.2375],[107.9477,14.2365],[107.9484,14.2353],[107.9471,14.2326],[107.9455,14.2317],[107.9449,14.2296],[107.944,14.2286],[107.9453,14.2247],[107.9472,14.2214],[107.9468,14.2153],[107.947,14.2135],[107.9476,14.2129],[107.9448,14.2112],[107.9448,14.2106],[107.9436,14.21],[107.9413,14.2077],[107.9403,14.206],[107.9409,14.2043],[107.9397,14.204],[107.9396,14.2026],[107.9377,14.2028],[107.9379,14.1982],[107.9373,14.1969],[107.9367,14.1969],[107.9366,14.1964],[107.9361,14.1965],[107.9359,14.1951],[107.9349,14.195],[107.9347,14.1935],[107.9352,14.1931],[107.9373,14.1931],[107.9382,14.1924],[107.9402,14.1926],[107.9408,14.1918],[107.9419,14.1917],[107.9427,14.1905],[107.9439,14.1897],[107.9451,14.1897],[107.9454,14.1892],[107.9464,14.1893],[107.9471,14.19],[107.9476,14.1894],[107.948,14.1898],[107.9498,14.1879],[107.9513,14.1872],[107.9523,14.1874],[107.9532,14.1883],[107.9543,14.1877],[107.9565,14.1878],[107.9582,14.1891],[107.9616,14.1888],[107.9617,14.1882],[107.9628,14.1879],[107.9634,14.1864],[107.966,14.1835],[107.9669,14.1837],[107.9692,14.1816],[107.9705,14.1819],[107.9707,14.1815],[107.9722,14.181],[107.9727,14.1797],[107.975,14.178],[107.9766,14.1775],[107.9775,14.1776],[107.9793,14.1768],[107.9816,14.1776],[107.9833,14.1768],[107.9859,14.1776],[107.9866,14.178],[107.9869,14.1788],[107.9884,14.179],[107.9892,14.1798],[107.9896,14.1797],[107.9902,14.1801],[107.9906,14.1809],[107.9921,14.1812],[107.9933,14.1838],[107.9941,14.1841],[107.9957,14.183],[107.9972,14.1804],[107.9971,14.1756],[107.9994,14.1757],[108.0013,14.1752],[108.0019,14.173],[108.0042,14.1719],[108.0054,14.1723],[108.0064,14.1692],[108.0075,14.1681],[108.0078,14.1666],[108.0075,14.1657],[108.0085,14.1648],[108.0176,14.1668],[108.0273,14.1673],[108.0309,14.1663],[108.0333,14.1665],[108.0349,14.1656],[108.0361,14.1655],[108.0376,14.1664],[108.0403,14.1691],[108.0425,14.1701],[108.0438,14.1682],[108.045,14.1674],[108.0459,14.1652],[108.0469,14.1658],[108.0487,14.1656],[108.0491,14.1659],[108.0506,14.169],[108.0513,14.1716],[108.0525,14.1734],[108.0551,14.1787],[108.0574,14.1759],[108.059,14.1726],[108.0604,14.1717],[108.0609,14.1696],[108.0607,14.1661],[108.0615,14.1644],[108.0621,14.1638],[108.0632,14.1636],[108.0647,14.1611],[108.0656,14.1607],[108.067,14.1581],[108.067,14.157],[108.0676,14.1559],[108.0706,14.1537],[108.0729,14.1531],[108.0747,14.1513],[108.0751,14.1494],[108.076,14.1474],[108.0794,14.1441],[108.0813,14.1439],[108.0826,14.1433],[108.0836,14.1432],[108.0852,14.1448],[108.0896,14.1459],[108.0908,14.1467],[108.0914,14.1489],[108.0904,14.1509],[108.0903,14.1521],[108.0889,14.1541],[108.0867,14.1557],[108.0857,14.1555],[108.0839,14.1564],[108.0829,14.1562],[108.0819,14.1573],[108.0812,14.1594],[108.0808,14.1631],[108.08,14.165],[108.08,14.1664],[108.0792,14.1695],[108.0793,14.1714],[108.0785,14.1756],[108.0794,14.1763],[108.082,14.1766],[108.0825,14.1777],[108.0846,14.179],[108.085,14.1812],[108.0856,14.1814],[108.0861,14.1824],[108.0884,14.1835],[108.0907,14.1834],[108.0922,14.1841],[108.0922,14.1868],[108.0943,14.1888],[108.0945,14.1896],[108.0952,14.1903],[108.0965,14.1908],[108.0965,14.1917],[108.097,14.1926],[108.0981,14.1929],[108.0984,14.1957],[108.0991,14.1959],[108.1017,14.1946],[108.1028,14.1947],[108.1045,14.1996],[108.1054,14.2001],[108.1065,14.2],[108.1079,14.2005],[108.1076,14.2025],[108.106,14.2037],[108.1076,14.2039],[108.1083,14.2063],[108.1095,14.206],[108.1099,14.2042],[108.1111,14.2054],[108.111,14.2064],[108.1098,14.2068],[108.11,14.21],[108.1117,14.2102],[108.1128,14.2112],[108.1132,14.2127],[108.114,14.2128],[108.1138,14.2134],[108.1141,14.2139],[108.1153,14.2139],[108.1155,14.2158],[108.1163,14.2162],[108.116,14.2181],[108.1174,14.2188],[108.1182,14.22],[108.1191,14.2191],[108.1211,14.2204],[108.1224,14.2225],[108.122,14.2229],[108.1223,14.2237],[108.1232,14.2242],[108.1246,14.2244],[108.1259,14.2252],[108.1272,14.2248],[108.1297,14.223],[108.1308,14.2241],[108.1315,14.2236],[108.1322,14.2247],[108.1321,14.2257],[108.1335,14.2264],[108.1342,14.2276],[108.1378,14.2288],[108.1386,14.2287],[108.139,14.2276],[108.14,14.2282],[108.1416,14.2279],[108.1445,14.2301],[108.1453,14.2302],[108.1461,14.2298],[108.1461,14.2293],[108.1467,14.2295],[108.1465,14.2286],[108.1474,14.2277],[108.1485,14.2274],[108.1495,14.2265],[108.1497,14.2271],[108.151,14.2275],[108.1522,14.2292],[108.1538,14.229],[108.1569,14.2301],[108.159,14.2314],[108.1605,14.2318],[108.1612,14.2329],[108.1623,14.2333],[108.1637,14.2323],[108.1636,14.2312],[108.1643,14.2299],[108.1652,14.2293],[108.1654,14.2272],[108.166,14.2266],[108.1681,14.2256],[108.1711,14.2254],[108.1741,14.2242],[108.1759,14.223],[108.1768,14.2215],[108.1788,14.2199],[108.1799,14.2169],[108.1817,14.2152],[108.1832,14.215],[108.1855,14.2139],[108.1881,14.2156],[108.1905,14.2157],[108.1928,14.2163],[108.1938,14.2171],[108.1941,14.2181],[108.1949,14.2188],[108.1934,14.2196],[108.1932,14.2209],[108.1938,14.2216],[108.1944,14.2232],[108.1955,14.2285],[108.1959,14.2335],[108.1967,14.2364],[108.1977,14.2374],[108.1984,14.2396],[108.2004,14.241],[108.2008,14.2419],[108.2021,14.2433],[108.2026,14.247],[108.2048,14.25],[108.2057,14.2527],[108.2065,14.2535],[108.2067,14.2542],[108.206,14.2556],[108.2069,14.2578],[108.2063,14.2592],[108.2101,14.26],[108.211,14.2606],[108.2111,14.2633],[108.2123,14.2654],[108.2117,14.2678],[108.2133,14.269],[108.2125,14.2727],[108.2091,14.274],[108.2086,14.2751],[108.202,14.2817],[108.2019,14.2833],[108.2025,14.2851],[108.2038,14.2853],[108.2055,14.2864],[108.2053,14.2879],[108.2065,14.2914],[108.2063,14.2971],[108.2077,14.2991],[108.2076,14.3006],[108.2063,14.3024],[108.2067,14.3049],[108.2062,14.3066],[108.2065,14.3112],[108.2062,14.3138],[108.2077,14.3168],[108.2093,14.3178],[108.2105,14.3194],[108.2116,14.3218],[108.2073,14.3244],[108.2062,14.3262],[108.2049,14.3266],[108.2039,14.324],[108.1997,14.3197],[108.1967,14.3213],[108.1963,14.322],[108.1949,14.3229],[108.1952,14.3244],[108.1937,14.3256],[108.1947,14.3273],[108.1945,14.3291],[108.1954,14.3317],[108.1949,14.3325],[108.1951,14.3336],[108.1944,14.3348],[108.1954,14.338],[108.1984,14.3418],[108.1996,14.345],[108.2007,14.346],[108.2009,14.3468],[108.2029,14.3465],[108.2038,14.3482],[108.2052,14.3493],[108.2065,14.3531],[108.209,14.3535],[108.2116,14.3525],[108.2129,14.3529],[108.2143,14.3547],[108.2163,14.3554],[108.2167,14.3571],[108.2157,14.3596],[108.2167,14.3614],[108.2176,14.3613],[108.2203,14.3622],[108.2218,14.3637],[108.2238,14.3638],[108.2239,14.3653],[108.2256,14.368],[108.2277,14.3688],[108.2284,14.3718],[108.2262,14.3735],[108.226,14.3755],[108.2281,14.3775],[108.2286,14.3816],[108.2298,14.3823],[108.2298,14.3834],[108.2322,14.388],[108.2325,14.3898]]]},"properties":{"code":"23728","name":"Ia Khươl","nameEn":"Ia Khuol","fullName":"Xã Ia Khươl","fullNameEn":"Ia Khuol Commune","codeName":"ia_khuol","postalCode":"61312","postalCodePrefix":"","gisServerId":"diaphanhanhchinhcapxa_2025.3057","areaKm2":351.97},"id":"23728"},
{"type":"Feature","geometry":{"type":"Polygon","coordinates":[[[107.8633,14.2746],[107.8608,14.2733],[107.8528,14.2758],[107.8517,14.2734],[107.8504,14.2722],[107.8445,14.2711],[107.8408,14.2689],[107.8393,14.2672],[107.8384,14.2653],[107.8384,14.2622],[107.8407,14.2555],[107.8399,14.249],[107.8372,14.235],[107.8363,14.2331],[107.8351,14.2319],[107.8303,14.2332],[107.8287,14.2331],[107.8276,14.2308],[107.8266,14.2272],[107.8251,14.2261],[107.8235,14.2243],[107.823,14.2241],[107.8221,14.225],[107.8213,14.2245],[107.82,14.2214],[107.8211,14.2189],[107.821,14.2182],[107.8173,14.2136],[107.8144,14.2143],[107.8129,14.2131],[107.8068,14.2126],[107.7991,14.2197],[107.7968,14.22],[107.7945,14.2218],[107.7911,14.2208],[107.7886,14.2213],[107.7879,14.2221],[107.7869,14.2246],[107.7841,14.2256],[107.7827,14.2247],[107.7807,14.2193],[107.7783,14.216],[107.7777,14.216],[107.7755,14.2184],[107.7737,14.2189],[107.7728,14.2183],[107.7715,14.2156],[107.7708,14.2148],[107.7688,14.214],[107.7642,14.2136],[107.7634,14.2131],[107.7627,14.2114],[107.7633,14.209],[107.7631,14.2035],[107.762,14.2021],[107.7601,14.2018],[107.7575,14.2025],[107.7472,14.2069],[107.7433,14.2071],[107.7398,14.2084],[107.7369,14.2099],[107.7316,14.2134],[107.7291,14.2143],[107.7238,14.2154],[107.7217,14.2154],[107.7166,14.2138],[107.714,14.2137],[107.7071,14.217],[107.6995,14.2155],[107.6965,14.2164],[107.6907,14.2209],[107.6889,14.2213],[107.6877,14.221],[107.6869,14.2195],[107.6864,14.2139],[107.6846,14.2104],[107.6836,14.2067],[107.6826,14.2055],[107.6801,14.2038],[107.6783,14.2009],[107.678,14.1993],[107.6786,14.1918],[107.6784,14.1902],[107.6772,14.1876],[107.6741,14.1836],[107.672,14.1788],[107.6705,14.1767],[107.6689,14.1753],[107.6624,14.1711],[107.6595,14.168],[107.6581,14.1652],[107.658,14.1626],[107.6599,14.1581],[107.6592,14.1535],[107.6596,14.1495],[107.6608,14.1461],[107.6639,14.1409],[107.6651,14.138],[107.6675,14.1401],[107.6686,14.1406],[107.6735,14.1391],[107.6755,14.138],[107.6786,14.1345],[107.6793,14.1342],[107.6817,14.1342],[107.6821,14.1333],[107.6811,14.1319],[107.6814,14.1307],[107.6821,14.1308],[107.684,14.132],[107.6844,14.1317],[107.6847,14.1308],[107.6863,14.1299],[107.6891,14.1311],[107.6905,14.1294],[107.6935,14.1289],[107.696,14.1296],[107.6974,14.1306],[107.6989,14.1301],[107.7005,14.1286],[107.7023,14.1282],[107.704,14.1291],[107.707,14.1278],[107.708,14.128],[107.7086,14.1274],[107.7136,14.1274],[107.7153,14.1279],[107.7206,14.1266],[107.7226,14.1273],[107.727,14.1238],[107.7293,14.1239],[107.7311,14.1225],[107.7388,14.1228],[107.7383,14.1236],[107.7374,14.1241],[107.7369,14.1253],[107.7376,14.1266],[107.7383,14.1296],[107.7394,14.1307],[107.7393,14.1317],[107.7398,14.1326],[107.739,14.1338],[107.7402,14.1355],[107.7434,14.1372],[107.7464,14.1367],[107.7503,14.1373],[107.751,14.1377],[107.7508,14.1391],[107.7519,14.14],[107.7531,14.1391],[107.7546,14.1387],[107.7573,14.1388],[107.758,14.1415],[107.7598,14.1411],[107.7619,14.1415],[107.7643,14.1408],[107.7661,14.1411],[107.7687,14.1397],[107.77,14.1405],[107.7731,14.1403],[107.7749,14.142],[107.7793,14.1415],[107.7818,14.1429],[107.7838,14.143],[107.7857,14.1419],[107.7896,14.1423],[107.7903,14.1427],[107.7918,14.1428],[107.795,14.1456],[107.796,14.146],[107.7975,14.1448],[107.7984,14.1434],[107.8,14.1432],[107.8006,14.1435],[107.8008,14.1445],[107.8025,14.1458],[107.8033,14.1478],[107.8039,14.1479],[107.8051,14.1478],[107.806,14.1455],[107.8078,14.1433],[107.8092,14.1441],[107.8098,14.1459],[107.8106,14.146],[107.8112,14.1467],[107.8126,14.1468],[107.8134,14.1473],[107.8188,14.1466],[107.8215,14.147],[107.8225,14.146],[107.8245,14.1457],[107.8251,14.1452],[107.8254,14.1453],[107.8254,14.1463],[107.8275,14.1472],[107.8303,14.1463],[107.8324,14.1491],[107.8321,14.1501],[107.8328,14.15],[107.8333,14.1504],[107.8334,14.15],[107.8338,14.1499],[107.834,14.1509],[107.8338,14.1521],[107.8352,14.153],[107.8355,14.1538],[107.836,14.1536],[107.8362,14.1528],[107.836,14.1523],[107.8368,14.1531],[107.8372,14.1525],[107.8384,14.1528],[107.8389,14.1534],[107.8393,14.1531],[107.8398,14.1521],[107.8395,14.1517],[107.8402,14.1512],[107.8399,14.1486],[107.8414,14.1481],[107.8427,14.1483],[107.8455,14.1497],[107.8464,14.1525],[107.848,14.1537],[107.8495,14.1534],[107.8506,14.1538],[107.8512,14.1535],[107.8511,14.1531],[107.8524,14.1525],[107.8535,14.15],[107.8554,14.1484],[107.8561,14.15],[107.8546,14.1517],[107.8545,14.1526],[107.8552,14.1534],[107.858,14.1533],[107.8619,14.1512],[107.8619,14.1524],[107.8636,14.1526],[107.8624,14.1537],[107.8636,14.156],[107.8629,14.1563],[107.863,14.1566],[107.8637,14.1562],[107.8659,14.1564],[107.8661,14.1578],[107.8661,14.158],[107.8651,14.1579],[107.8647,14.1586],[107.8646,14.1603],[107.8654,14.1606],[107.8646,14.1607],[107.8647,14.1623],[107.8659,14.1623],[107.8671,14.1628],[107.8666,14.1634],[107.8676,14.1644],[107.8682,14.1675],[107.869,14.1676],[107.8692,14.1685],[107.871,14.1684],[107.8708,14.1688],[107.8708,14.1705],[107.873,14.1699],[107.8741,14.1691],[107.8754,14.1702],[107.8754,14.1738],[107.8758,14.1744],[107.8778,14.1757],[107.8783,14.1754],[107.8806,14.1758],[107.881,14.1797],[107.8815,14.1801],[107.881,14.1814],[107.8821,14.1842],[107.8816,14.1855],[107.8819,14.1883],[107.8802,14.1889],[107.8773,14.1885],[107.8783,14.1914],[107.8762,14.1921],[107.8759,14.1931],[107.8725,14.1943],[107.8727,14.1975],[107.8718,14.1983],[107.8729,14.2005],[107.8724,14.2029],[107.8707,14.202],[107.8683,14.2027],[107.8666,14.2025],[107.8651,14.2033],[107.8636,14.2035],[107.8634,14.204],[107.8639,14.2059],[107.8619,14.2071],[107.862,14.2107],[107.8633,14.2112],[107.8646,14.213],[107.8661,14.2138],[107.8678,14.2142],[107.8688,14.214],[107.8701,14.2144],[107.8705,14.2152],[107.872,14.2158],[107.8749,14.2163],[107.875,14.2188],[107.8768,14.2184],[107.8775,14.2186],[107.8781,14.2197],[107.8787,14.2201],[107.8791,14.2213],[107.8806,14.2225],[107.8818,14.2248],[107.8842,14.2265],[107.8844,14.2278],[107.8839,14.2291],[107.8827,14.2292],[107.8806,14.2311],[107.8808,14.2318],[107.8831,14.2326],[107.8831,14.2341],[107.8825,14.2351],[107.8829,14.2363],[107.8824,14.2381],[107.883,14.2407],[107.8808,14.241],[107.8806,14.2425],[107.8809,14.2431],[107.8796,14.2435],[107.8793,14.2442],[107.88,14.2449],[107.881,14.2446],[107.8814,14.2454],[107.8822,14.2446],[107.8823,14.2453],[107.883,14.2456],[107.8842,14.244],[107.8848,14.2445],[107.8855,14.2476],[107.8864,14.2494],[107.8848,14.2521],[107.8854,14.2527],[107.885,14.2535],[107.8853,14.2549],[107.8859,14.2548],[107.8874,14.2536],[107.8904,14.2525],[107.8911,14.251],[107.893,14.2489],[107.8945,14.2487],[107.8953,14.2491],[107.8954,14.2512],[107.894,14.2533],[107.8946,14.2546],[107.8943,14.2557],[107.892,14.2597],[107.8925,14.2608],[107.8923,14.2614],[107.8934,14.2621],[107.8952,14.2622],[107.8966,14.2617],[107.8971,14.2608],[107.897,14.262],[107.8958,14.2624],[107.8945,14.264],[107.8935,14.2642],[107.8932,14.2637],[107.8929,14.2639],[107.8919,14.2634],[107.8911,14.264],[107.8908,14.2633],[107.8898,14.2637],[107.8894,14.2634],[107.8896,14.2627],[107.889,14.2607],[107.8882,14.2596],[107.8872,14.2594],[107.8862,14.2607],[107.8858,14.2603],[107.885,14.2606],[107.8856,14.2594],[107.8836,14.2583],[107.8828,14.2569],[107.8809,14.2591],[107.8805,14.2582],[107.8797,14.258],[107.8793,14.2561],[107.8786,14.2551],[107.8798,14.2543],[107.8797,14.2538],[107.8776,14.2539],[107.8777,14.2532],[107.8773,14.2526],[107.8754,14.252],[107.8773,14.2507],[107.877,14.2485],[107.8762,14.2482],[107.8747,14.2485],[107.8741,14.2496],[107.8744,14.2505],[107.8732,14.2506],[107.8733,14.2514],[107.8727,14.2514],[107.8724,14.2519],[107.8726,14.2534],[107.8719,14.2533],[107.8719,14.2538],[107.8704,14.2547],[107.8697,14.2556],[107.8706,14.2567],[107.87,14.2572],[107.8702,14.258],[107.872,14.2584],[107.8721,14.2587],[107.87,14.259],[107.8698,14.2607],[107.8693,14.2611],[107.87,14.2629],[107.8683,14.2631],[107.8678,14.2647],[107.8662,14.2656],[107.8667,14.2672],[107.8665,14.2684],[107.866,14.2682],[107.8651,14.2686],[107.8642,14.2709],[107.8645,14.2725],[107.864,14.2741],[107.8633,14.2746]]]},"properties":{"code":"23734","name":"Ia Ly","nameEn":"Ia Ly","fullName":"Xã Ia Ly","fullNameEn":"Ia Ly Commune","codeName":"ia_ly","postalCode":"61315","postalCodePrefix":"","gisServerId":"diaphanhanhchinhcapxa_2025.2945","areaKm2":210.56},"id":"23734"},
{"type":"Feature","geometry":{"type":"Polygon","coordinates":[[[107.9467,14.2429],[107.945,14.2415],[107.9433,14.2392],[107.9413,14.2397],[107.9403,14.2393],[107.9376,14.2392],[107.9331,14.2407],[107.9319,14.2405],[107.9319,14.2408],[107.9314,14.2412],[107.9314,14.2424],[107.9281,14.2461],[107.9277,14.2483],[107.927,14.2488],[107.9268,14.2497],[107.9232,14.2528],[107.9222,14.2555],[107.9207,14.2573],[107.9176,14.258],[107.9169,14.259],[107.9158,14.2617],[107.914,14.2612],[107.9105,14.2614],[107.9072,14.2634],[107.9047,14.263],[107.9047,14.2648],[107.9028,14.2663],[107.8958,14.2732],[107.8945,14.2738],[107.8923,14.2731],[107.8912,14.2742],[107.8889,14.2721],[107.8876,14.2717],[107.8807,14.2737],[107.8786,14.2749],[107.8792,14.2763],[107.8783,14.2768],[107.8773,14.2791],[107.8767,14.283],[107.8759,14.2809],[107.8742,14.2791],[107.8738,14.2773],[107.8731,14.2766],[107.873,14.2757],[107.8678,14.277],[107.8633,14.2746],[107.864,14.2741],[107.8645,14.2725],[107.8642,14.2709],[107.8651,14.2686],[107.866,14.2682],[107.8665,14.2684],[107.8667,14.2672],[107.8662,14.2656],[107.8678,14.2647],[107.8683,14.2631],[107.87,14.2629],[107.8693,14.2611],[107.8698,14.2607],[107.87,14.259],[107.8721,14.2587],[107.872,14.2584],[107.8702,14.258],[107.87,14.2572],[107.8706,14.2567],[107.8697,14.2556],[107.8704,14.2547],[107.8719,14.2538],[107.8719,14.2533],[107.8726,14.2534],[107.8724,14.2519],[107.8727,14.2514],[107.8733,14.2514],[107.8732,14.2506],[107.8744,14.2505],[107.8741,14.2496],[107.8747,14.2485],[107.8762,14.2482],[107.877,14.2485],[107.8773,14.2507],[107.8754,14.252],[107.8773,14.2526],[107.8777,14.2532],[107.8776,14.2539],[107.8797,14.2538],[107.8798,14.2543],[107.8786,14.2551],[107.8793,14.2561],[107.8797,14.258],[107.8805,14.2582],[107.8809,14.2591],[107.8828,14.2569],[107.8836,14.2583],[107.8856,14.2594],[107.885,14.2606],[107.8858,14.2603],[107.8862,14.2607],[107.8872,14.2594],[107.8882,14.2596],[107.889,14.2607],[107.8896,14.2627],[107.8894,14.2634],[107.8898,14.2637],[107.8908,14.2633],[107.8911,14.264],[107.8919,14.2634],[107.8929,14.2639],[107.8932,14.2637],[107.8935,14.2642],[107.8945,14.264],[107.8958,14.2624],[107.897,14.262],[107.8971,14.2608],[107.8966,14.2617],[107.8952,14.2622],[107.8934,14.2621],[107.8923,14.2614],[107.8925,14.2608],[107.892,14.2597],[107.8943,14.2557],[107.8946,14.2546],[107.894,14.2533],[107.8954,14.2512],[107.8953,14.2491],[107.8945,14.2487],[107.893,14.2489],[107.8911,14.251],[107.8904,14.2525],[107.8874,14.2536],[107.8859,14.2548],[107.8853,14.2549],[107.885,14.2535],[107.8854,14.2527],[107.8848,14.2521],[107.8864,14.2494],[107.8855,14.2476],[107.8848,14.2445],[107.8842,14.244],[107.883,14.2456],[107.8823,14.2453],[107.8822,14.2446],[107.8814,14.2454],[107.881,14.2446],[107.88,14.2449],[107.8793,14.2442],[107.8796,14.2435],[107.8809,14.2431],[107.8806,14.2425],[107.8808,14.241],[107.883,14.2407],[107.8824,14.2381],[107.8829,14.2363],[107.8825,14.2351],[107.8831,14.2341],[107.8831,14.2326],[107.8808,14.2318],[107.8806,14.2311],[107.8827,14.2292],[107.8839,14.2291],[107.8844,14.2278],[107.8842,14.2265],[107.8818,14.2248],[107.8806,14.2225],[107.8791,14.2213],[107.8787,14.2201],[107.8781,14.2197],[107.8775,14.2186],[107.8768,14.2184],[107.875,14.2188],[107.8749,14.2163],[107.872,14.2158],[107.8705,14.2152],[107.8701,14.2144],[107.8688,14.214],[107.8678,14.2142],[107.8661,14.2138],[107.8646,14.213],[107.8633,14.2112],[107.862,14.2107],[107.8619,14.2071],[107.8639,14.2059],[107.8634,14.204],[107.8636,14.2035],[107.8651,14.2033],[107.8666,14.2025],[107.8683,14.2027],[107.8707,14.202],[107.8724,14.2029],[107.8729,14.2005],[107.8718,14.1983],[107.8727,14.1975],[107.8725,14.1943],[107.8759,14.1931],[107.8762,14.1921],[107.8783,14.1914],[107.8773,14.1885],[107.8802,14.1889],[107.8819,14.1883],[107.8816,14.1855],[107.8821,14.1842],[107.881,14.1814],[107.8815,14.1801],[107.881,14.1797],[107.8806,14.1758],[107.8783,14.1754],[107.8778,14.1757],[107.8758,14.1744],[107.8754,14.1738],[107.8754,14.1702],[107.8741,14.1691],[107.873,14.1699],[107.8708,14.1705],[107.8708,14.1688],[107.871,14.1684],[107.8692,14.1685],[107.869,14.1676],[107.8682,14.1675],[107.8676,14.1644],[107.8666,14.1634],[107.8671,14.1628],[107.8659,14.1623],[107.8647,14.1623],[107.8646,14.1607],[107.8654,14.1606],[107.8646,14.1603],[107.8647,14.1586],[107.8651,14.1579],[107.8661,14.158],[107.8661,14.1578],[107.8659,14.1564],[107.8637,14.1562],[107.863,14.1566],[107.8629,14.1563],[107.8636,14.156],[107.8624,14.1537],[107.8636,14.1526],[107.8619,14.1524],[107.8619,14.1512],[107.858,14.1533],[107.8552,14.1534],[107.8545,14.1526],[107.8546,14.1517],[107.8561,14.15],[107.8554,14.1484],[107.8535,14.15],[107.8524,14.1525],[107.8511,14.1531],[107.8512,14.1535],[107.8506,14.1538],[107.8495,14.1534],[107.848,14.1537],[107.8464,14.1525],[107.8455,14.1497],[107.8427,14.1483],[107.8414,14.1481],[107.8399,14.1486],[107.8402,14.1512],[107.8395,14.1517],[107.8398,14.1521],[107.8393,14.1531],[107.8389,14.1534],[107.8384,14.1528],[107.8372,14.1525],[107.8368,14.1531],[107.836,14.1523],[107.8362,14.1528],[107.836,14.1536],[107.8355,14.1538],[107.8352,14.153],[107.8338,14.1521],[107.834,14.1509],[107.8338,14.1499],[107.8334,14.15],[107.8333,14.1504],[107.8328,14.15],[107.8321,14.1501],[107.8324,14.1491],[107.8303,14.1463],[107.8275,14.1472],[107.8254,14.1463],[107.8254,14.1453],[107.8251,14.1452],[107.8245,14.1457],[107.8225,14.146],[107.8215,14.147],[107.8188,14.1466],[107.8134,14.1473],[107.8126,14.1468],[107.8112,14.1467],[107.8106,14.146],[107.8098,14.1459],[107.8092,14.1441],[107.8078,14.1433],[107.806,14.1455],[107.8051,14.1478],[107.8039,14.1479],[107.8033,14.1478],[107.8025,14.1458],[107.8008,14.1445],[107.8006,14.1435],[107.8,14.1432],[107.7984,14.1434],[107.7975,14.1448],[107.796,14.146],[107.795,14.1456],[107.7918,14.1428],[107.7903,14.1427],[107.7896,14.1423],[107.7857,14.1419],[107.7838,14.143],[107.7818,14.1429],[107.7793,14.1415],[107.7749,14.142],[107.7731,14.1403],[107.77,14.1405],[107.7687,14.1397],[107.7661,14.1411],[107.7643,14.1408],[107.7619,14.1415],[107.7598,14.1411],[107.758,14.1415],[107.7573,14.1388],[107.7546,14.1387],[107.7531,14.1391],[107.7519,14.14],[107.7508,14.1391],[107.751,14.1377],[107.7503,14.1373],[107.7464,14.1367],[107.7434,14.1372],[107.7402,14.1355],[107.739,14.1338],[107.7398,14.1326],[107.7393,14.1317],[107.7394,14.1307],[107.7383,14.1296],[107.7376,14.1266],[107.7369,14.1253],[107.7374,14.1241],[107.7383,14.1236],[107.7388,14.1228],[107.7364,14.121],[107.7357,14.1187],[107.7349,14.1183],[107.7361,14.1174],[107.7363,14.1164],[107.736,14.1151],[107.7345,14.1146],[107.7345,14.1121],[107.7334,14.1117],[107.734,14.1079],[107.7364,14.1071],[107.7389,14.1069],[107.7412,14.1059],[107.7435,14.1054],[107.7447,14.1045],[107.7463,14.1038],[107.7457,14.1021],[107.7464,14.1009],[107.7489,14.1],[107.7498,14.0952],[107.7502,14.0853],[107.7509,14.0841],[107.7501,14.0831],[107.7503,14.0812],[107.7492,14.0801],[107.749,14.0785],[107.7483,14.0778],[107.7492,14.0762],[107.751,14.0763],[107.7518,14.0769],[107.7529,14.0765],[107.7564,14.0763],[107.759,14.0779],[107.7617,14.0786],[107.7623,14.0796],[107.7649,14.0814],[107.7654,14.0781],[107.7664,14.0784],[107.7674,14.0792],[107.769,14.079],[107.7706,14.0774],[107.7719,14.0771],[107.7728,14.0785],[107.7726,14.0816],[107.7732,14.0819],[107.7747,14.0844],[107.7761,14.0839],[107.7771,14.0822],[107.7789,14.0816],[107.7794,14.0809],[107.7806,14.0801],[107.7822,14.08],[107.7834,14.0822],[107.7841,14.0814],[107.7856,14.081],[107.7876,14.0798],[107.7899,14.0774],[107.7916,14.0767],[107.793,14.075],[107.7938,14.0748],[107.7973,14.0746],[107.7998,14.078],[107.8006,14.076],[107.803,14.0761],[107.8052,14.0747],[107.806,14.0746],[107.8087,14.0756],[107.8101,14.0776],[107.8143,14.0784],[107.8148,14.0772],[107.8162,14.0754],[107.8211,14.0739],[107.8236,14.0749],[107.8253,14.0746],[107.8265,14.0743],[107.8274,14.0731],[107.838,14.0756],[107.8494,14.0773],[107.8514,14.078],[107.8565,14.0785],[107.8622,14.0784],[107.864,14.0789],[107.8671,14.0799],[107.8702,14.0816],[107.876,14.0828],[107.8754,14.0868],[107.8746,14.0873],[107.8766,14.0915],[107.8779,14.0914],[107.878,14.0912],[107.879,14.0923],[107.8788,14.0924],[107.8808,14.0953],[107.8802,14.0966],[107.8853,14.1053],[107.8856,14.1061],[107.8862,14.1063],[107.8864,14.1073],[107.8856,14.1106],[107.8859,14.1129],[107.889,14.1147],[107.8903,14.1149],[107.8978,14.1249],[107.9003,14.126],[107.903,14.1286],[107.9047,14.129],[107.9097,14.1277],[107.9108,14.1291],[107.9122,14.1283],[107.9128,14.129],[107.9142,14.1293],[107.9148,14.1303],[107.9149,14.1314],[107.9184,14.1275],[107.9235,14.1277],[107.9231,14.1292],[107.9233,14.1309],[107.9253,14.1324],[107.9269,14.1331],[107.9258,14.1339],[107.9274,14.1377],[107.9278,14.1395],[107.9274,14.1415],[107.9266,14.1423],[107.9269,14.1456],[107.9255,14.1489],[107.9272,14.1526],[107.9273,14.1549],[107.927,14.1555],[107.9274,14.1566],[107.9275,14.159],[107.9267,14.161],[107.9268,14.1619],[107.929,14.1647],[107.9311,14.1666],[107.9323,14.1684],[107.935,14.1748],[107.9345,14.1779],[107.9374,14.1806],[107.9381,14.1833],[107.9391,14.1853],[107.94,14.1861],[107.9397,14.1879],[107.9402,14.1891],[107.9398,14.19],[107.9375,14.191],[107.9359,14.1925],[107.9353,14.1926],[107.9352,14.1931],[107.9347,14.1935],[107.9349,14.195],[107.9359,14.1951],[107.9361,14.1965],[107.9366,14.1964],[107.9367,14.1969],[107.9373,14.1969],[107.9379,14.1982],[107.9377,14.2028],[107.9396,14.2026],[107.9397,14.204],[107.9409,14.2043],[107.9403,14.206],[107.9413,14.2077],[107.9436,14.21],[107.9448,14.2106],[107.9448,14.2112],[107.9476,14.2129],[107.947,14.2135],[107.9468,14.2153],[107.9472,14.2214],[107.9453,14.2247],[107.944,14.2286],[107.9449,14.2296],[107.9455,14.2317],[107.9471,14.2326],[107.9484,14.2353],[107.9477,14.2365],[107.9489,14.2375],[107.9484,14.2389],[107.9484,14.2401],[107.9467,14.2429]]]},"properties":{"code":"23749","name":"Ia Phí","nameEn":"Ia Phi","fullName":"Xã Ia Phí","fullNameEn":"Ia Phi Commune","codeName":"ia_phi","postalCode":"61314","postalCodePrefix":"","gisServerId":"diaphanhanhchinhcapxa_2025.2946","areaKm2":212.03},"id":"23749"},
{"type":"Feature","geometry":{"type":"Polygon","coordinates":[[[107.8963,13.9728],[107.8965,13.9736],[107.8963,13.9746],[107.8974,13.9765],[107.8966,13.9772],[107.8959,13.9803],[107.8879,13.9844],[107.8863,13.9831],[107.883,13.9828],[107.881,13.9816],[107.8785,13.9814],[107.8739,13.983],[107.8684,13.9834],[107.8657,13.984],[107.8633,13.9859],[107.861,13.9843],[107.8608,13.9834],[107.8612,13.9828],[107.8608,13.9827],[107.8531,13.9862],[107.8539,13.9871],[107.8525,13.9885],[107.8485,13.9881],[107.8486,13.9876],[107.8468,13.988],[107.8447,13.988],[107.8452,13.9936],[107.8474,14.0042],[107.8562,14.0112],[107.856,14.0256],[107.8568,14.0262],[107.8564,14.0276],[107.8573,14.0279],[107.857,14.0285],[107.8575,14.0306],[107.8585,14.0319],[107.8585,14.0342],[107.8581,14.0349],[107.8587,14.0355],[107.8585,14.0368],[107.8597,14.0387],[107.8595,14.0401],[107.8602,14.0402],[107.8604,14.0394],[107.8612,14.039],[107.8638,14.0405],[107.8642,14.0401],[107.8636,14.0393],[107.8641,14.0383],[107.8646,14.0384],[107.8658,14.0397],[107.8665,14.0387],[107.8679,14.0385],[107.8694,14.0369],[107.8709,14.0371],[107.8714,14.036],[107.8731,14.0362],[107.8727,14.0355],[107.873,14.0348],[107.8722,14.0329],[107.873,14.032],[107.879,14.0377],[107.8783,14.0385],[107.8792,14.0399],[107.8789,14.0429],[107.8804,14.0439],[107.8793,14.0449],[107.8783,14.0453],[107.8783,14.0463],[107.8791,14.0468],[107.879,14.0477],[107.8783,14.0479],[107.8782,14.0483],[107.8766,14.0481],[107.8753,14.049],[107.874,14.0517],[107.8737,14.0535],[107.8721,14.0537],[107.8725,14.0541],[107.872,14.055],[107.8707,14.0565],[107.8702,14.0564],[107.8692,14.0573],[107.8673,14.0575],[107.8675,14.0597],[107.8672,14.0597],[107.8668,14.0588],[107.8657,14.0592],[107.8648,14.0589],[107.8648,14.0593],[107.8657,14.06],[107.8665,14.0622],[107.8687,14.0637],[107.8694,14.0637],[107.8704,14.0652],[107.8705,14.0667],[107.87,14.0676],[107.8711,14.0698],[107.8708,14.0713],[107.8711,14.072],[107.8647,14.0761],[107.864,14.0789],[107.8622,14.0784],[107.8565,14.0785],[107.8514,14.078],[107.8494,14.0773],[107.838,14.0756],[107.8274,14.0731],[107.8265,14.0743],[107.8253,14.0746],[107.8236,14.0749],[107.8211,14.0739],[107.8162,14.0754],[107.8148,14.0772],[107.8143,14.0784],[107.8101,14.0776],[107.8087,14.0756],[107.806,14.0746],[107.8052,14.0747],[107.803,14.0761],[107.8006,14.076],[107.7998,14.078],[107.7973,14.0746],[107.7938,14.0748],[107.793,14.075],[107.7916,14.0767],[107.7899,14.0774],[107.7876,14.0798],[107.7856,14.081],[107.7841,14.0814],[107.7834,14.0822],[107.7822,14.08],[107.7806,14.0801],[107.7794,14.0809],[107.7789,14.0816],[107.7771,14.0822],[107.7761,14.0839],[107.7747,14.0844],[107.7732,14.0819],[107.7726,14.0816],[107.7728,14.0785],[107.7719,14.0771],[107.7706,14.0774],[107.769,14.079],[107.7674,14.0792],[107.7664,14.0784],[107.7654,14.0781],[107.7649,14.0814],[107.7623,14.0796],[107.7617,14.0786],[107.759,14.0779],[107.7564,14.0763],[107.7529,14.0765],[107.7518,14.0769],[107.751,14.0763],[107.7492,14.0762],[107.7472,14.0748],[107.7454,14.0749],[107.7437,14.0739],[107.7432,14.0729],[107.7421,14.0722],[107.7403,14.0721],[107.738,14.0714],[107.7361,14.0717],[107.7354,14.0715],[107.734,14.0685],[107.7345,14.0674],[107.7327,14.0664],[107.7325,14.0651],[107.7315,14.0629],[107.7297,14.0608],[107.7295,14.059],[107.7277,14.0567],[107.7277,14.0557],[107.7291,14.0544],[107.7287,14.0537],[107.7273,14.0528],[107.7261,14.0492],[107.7256,14.0497],[107.7245,14.0492],[107.7235,14.0495],[107.7189,14.0477],[107.7141,14.0474],[107.7124,14.046],[107.7113,14.0428],[107.7096,14.0431],[107.7061,14.043],[107.7069,14.0422],[107.7069,14.0408],[107.7053,14.0401],[107.7039,14.0368],[107.7045,14.0337],[107.7027,14.0332],[107.7005,14.0337],[107.6984,14.0327],[107.6989,14.0303],[107.6974,14.0282],[107.6963,14.0276],[107.6976,14.0266],[107.698,14.0253],[107.6988,14.0247],[107.6987,14.0233],[107.6995,14.022],[107.6993,14.0206],[107.7002,14.0187],[107.6999,14.0166],[107.7002,14.015],[107.7015,14.0136],[107.7013,14.0103],[107.7046,14.0056],[107.7052,14.0034],[107.7061,14.0031],[107.7075,14.0004],[107.7097,13.9991],[107.709,13.9981],[107.7087,13.9966],[107.7106,13.9937],[107.709,13.991],[107.7086,13.9893],[107.7075,13.9884],[107.7078,13.986],[107.7075,13.9848],[107.706,13.9846],[107.7025,13.9821],[107.7021,13.9806],[107.6996,13.9781],[107.6987,13.9763],[107.6964,13.9754],[107.6953,13.9762],[107.6944,13.9762],[107.6929,13.9737],[107.6912,13.9725],[107.6948,13.9718],[107.6972,13.9719],[107.6979,13.9684],[107.6988,13.9683],[107.7004,13.9692],[107.7016,13.9693],[107.7025,13.9687],[107.7027,13.9679],[107.7023,13.9674],[107.7029,13.9669],[107.7042,13.9671],[107.7063,13.9681],[107.7111,13.9667],[107.7187,13.9657],[107.7193,13.965],[107.7187,13.9635],[107.7179,13.9626],[107.7178,13.9614],[107.7216,13.9631],[107.7237,13.9625],[107.725,13.9627],[107.7268,13.9615],[107.7288,13.9613],[107.7298,13.9594],[107.7298,13.9579],[107.7314,13.9587],[107.7331,13.9587],[107.7334,13.9594],[107.7343,13.9601],[107.7335,13.9613],[107.7337,13.9619],[107.7353,13.9628],[107.737,13.9623],[107.737,13.964],[107.7375,13.9646],[107.7405,13.9655],[107.7402,13.964],[107.7412,13.9638],[107.7418,13.963],[107.7425,13.9615],[107.7423,13.9605],[107.7429,13.9603],[107.7441,13.9608],[107.7448,13.96],[107.7473,13.9593],[107.7476,13.958],[107.7489,13.9577],[107.7504,13.9551],[107.7507,13.9538],[107.7515,13.9531],[107.7509,13.9499],[107.7503,13.9496],[107.7496,13.9499],[107.7494,13.9496],[107.7497,13.9488],[107.751,13.9479],[107.7506,13.9465],[107.7533,13.9457],[107.7536,13.9442],[107.7544,13.9441],[107.7566,13.9425],[107.7584,13.9429],[107.7588,13.9457],[107.7594,13.9457],[107.7614,13.9443],[107.7623,13.9455],[107.7656,13.9468],[107.7669,13.9488],[107.7678,13.9486],[107.768,13.9464],[107.7691,13.946],[107.7696,13.947],[107.7716,13.9485],[107.7716,13.951],[107.7738,13.9511],[107.7742,13.9522],[107.7747,13.9523],[107.7752,13.9521],[107.7759,13.95],[107.7773,13.9483],[107.7778,13.9484],[107.7791,13.9502],[107.7795,13.9499],[107.7792,13.9489],[107.7806,13.9483],[107.781,13.9485],[107.7809,13.9495],[107.7813,13.9498],[107.783,13.9505],[107.7836,13.9494],[107.7845,13.9505],[107.7853,13.9507],[107.7871,13.9473],[107.7876,13.9475],[107.7873,13.9485],[107.7876,13.9488],[107.79,13.9479],[107.7914,13.9491],[107.7909,13.9474],[107.7925,13.946],[107.793,13.9477],[107.7944,13.9464],[107.7954,13.9463],[107.7973,13.9474],[107.8026,13.9471],[107.8032,13.9484],[107.8042,13.9486],[107.8044,13.9482],[107.8036,13.9468],[107.8049,13.9464],[107.8056,13.9455],[107.807,13.9461],[107.8075,13.9452],[107.8091,13.9443],[107.809,13.9436],[107.8077,13.9432],[107.8078,13.9423],[107.808,13.9422],[107.8109,13.9426],[107.8126,13.9423],[107.8161,13.9436],[107.8166,13.9428],[107.8152,13.9422],[107.8153,13.9412],[107.8162,13.9408],[107.8162,13.9395],[107.8171,13.9395],[107.8178,13.938],[107.8185,13.9381],[107.8194,13.9391],[107.8205,13.9383],[107.823,13.938],[107.824,13.9374],[107.8243,13.9366],[107.8266,13.9381],[107.8271,13.9367],[107.8277,13.9362],[107.8301,13.9368],[107.8303,13.9383],[107.8313,13.9384],[107.8322,13.9397],[107.8327,13.9398],[107.8358,13.9387],[107.8354,13.9381],[107.8355,13.9375],[107.835,13.9372],[107.8363,13.9358],[107.8354,13.9349],[107.8355,13.9345],[107.8371,13.9356],[107.8383,13.9354],[107.8389,13.9361],[107.8399,13.9361],[107.8401,13.9356],[107.8441,13.9378],[107.8461,13.9381],[107.846,13.9374],[107.8464,13.9372],[107.8479,13.9381],[107.8484,13.9378],[107.8483,13.9383],[107.8478,13.9386],[107.848,13.9395],[107.8499,13.9397],[107.8491,13.941],[107.8497,13.9426],[107.8506,13.9422],[107.8521,13.94],[107.8531,13.9411],[107.8538,13.9406],[107.856,13.9414],[107.8556,13.9442],[107.8557,13.9475],[107.8552,13.9478],[107.8564,13.9498],[107.8553,13.9502],[107.8552,13.951],[107.8579,13.9515],[107.8589,13.9529],[107.8607,13.9536],[107.8614,13.9545],[107.8628,13.9535],[107.8669,13.9539],[107.8679,13.9551],[107.869,13.9578],[107.8715,13.9594],[107.8726,13.9607],[107.8762,13.9619],[107.877,13.9616],[107.8782,13.9626],[107.88,13.9631],[107.8844,13.9664],[107.8852,13.9665],[107.8852,13.9658],[107.8894,13.967],[107.8904,13.9684],[107.8915,13.9687],[107.892,13.9701],[107.8958,13.9721],[107.8963,13.9728]]]},"properties":{"code":"23764","name":"Ia Grai","nameEn":"Ia Grai","fullName":"Xã Ia Grai","fullNameEn":"Ia Grai Commune","codeName":"ia_grai","postalCode":"61419","postalCodePrefix":"","gisServerId":"diaphanhanhchinhcapxa_2025.2932","areaKm2":239.84},"id":"23764"},
{"type":"Feature","geometry":{"type":"Polygon","coordinates":[[[107.9839,14.0523],[107.9821,14.0524],[107.9807,14.0516],[107.9786,14.0516],[107.9766,14.0531],[107.9733,14.0532],[107.9728,14.0526],[107.9721,14.0525],[107.9713,14.053],[107.9695,14.0528],[107.9665,14.0536],[107.9648,14.0521],[107.9637,14.0519],[107.9635,14.0523],[107.9623,14.0516],[107.9623,14.0526],[107.9642,14.0559],[107.9639,14.0588],[107.963,14.0596],[107.9628,14.0605],[107.9627,14.0626],[107.9621,14.064],[107.9618,14.0673],[107.9609,14.0676],[107.9607,14.0681],[107.96,14.0685],[107.9585,14.0709],[107.9595,14.0727],[107.9583,14.073],[107.9586,14.0748],[107.958,14.0752],[107.9569,14.0744],[107.9562,14.075],[107.9551,14.0734],[107.9532,14.0743],[107.9525,14.0741],[107.9516,14.075],[107.9506,14.0751],[107.9517,14.0775],[107.9512,14.0777],[107.9501,14.0773],[107.9489,14.0774],[107.9469,14.0799],[107.9463,14.0801],[107.9461,14.0792],[107.9458,14.0793],[107.9454,14.08],[107.944,14.0807],[107.9437,14.0821],[107.9417,14.0827],[107.9395,14.0852],[107.9384,14.0851],[107.9377,14.0845],[107.9382,14.0838],[107.9376,14.0829],[107.9378,14.0808],[107.9373,14.0803],[107.9335,14.0834],[107.9308,14.0839],[107.927,14.0871],[107.9276,14.0877],[107.9272,14.0893],[107.9278,14.0898],[107.9281,14.0909],[107.9258,14.0923],[107.9226,14.0934],[107.9209,14.0944],[107.9185,14.0933],[107.9165,14.0946],[107.9147,14.0946],[107.9137,14.0953],[107.9127,14.0951],[107.9121,14.0956],[107.912,14.0965],[107.9107,14.0962],[107.9106,14.0972],[107.9096,14.0985],[107.9074,14.0984],[107.9061,14.099],[107.906,14.1006],[107.9052,14.1016],[107.9038,14.1001],[107.9028,14.1008],[107.9003,14.1003],[107.8999,14.1006],[107.9,14.1018],[107.8988,14.1022],[107.8974,14.1],[107.8955,14.0989],[107.895,14.0992],[107.8939,14.0992],[107.8931,14.1002],[107.8908,14.0998],[107.8893,14.1008],[107.8885,14.1],[107.8882,14.1006],[107.8889,14.1019],[107.8872,14.1031],[107.888,14.1038],[107.8877,14.1054],[107.8853,14.1053],[107.8802,14.0966],[107.8808,14.0953],[107.8788,14.0924],[107.879,14.0923],[107.878,14.0912],[107.8779,14.0914],[107.8766,14.0915],[107.8746,14.0873],[107.8754,14.0868],[107.876,14.0828],[107.8702,14.0816],[107.8671,14.0799],[107.864,14.0789],[107.8647,14.0761],[107.8711,14.072],[107.8708,14.0713],[107.8711,14.0698],[107.87,14.0676],[107.8705,14.0667],[107.8704,14.0652],[107.8694,14.0637],[107.8687,14.0637],[107.8665,14.0622],[107.8657,14.06],[107.8648,14.0593],[107.8648,14.0589],[107.8657,14.0592],[107.8668,14.0588],[107.8672,14.0597],[107.8675,14.0597],[107.8673,14.0575],[107.8692,14.0573],[107.8702,14.0564],[107.8707,14.0565],[107.872,14.055],[107.8725,14.0541],[107.8721,14.0537],[107.8737,14.0535],[107.874,14.0517],[107.8753,14.049],[107.8766,14.0481],[107.8782,14.0483],[107.8783,14.0479],[107.879,14.0477],[107.8791,14.0468],[107.8783,14.0463],[107.8783,14.0453],[107.8793,14.0449],[107.8804,14.0439],[107.8789,14.0429],[107.8792,14.0399],[107.8783,14.0385],[107.879,14.0377],[107.873,14.032],[107.8722,14.0329],[107.873,14.0348],[107.8727,14.0355],[107.8731,14.0362],[107.8714,14.036],[107.8709,14.0371],[107.8694,14.0369],[107.8679,14.0385],[107.8665,14.0387],[107.8658,14.0397],[107.8646,14.0384],[107.8641,14.0383],[107.8636,14.0393],[107.8642,14.0401],[107.8638,14.0405],[107.8612,14.039],[107.8604,14.0394],[107.8602,14.0402],[107.8595,14.0401],[107.8597,14.0387],[107.8585,14.0368],[107.8587,14.0355],[107.8581,14.0349],[107.8585,14.0342],[107.8585,14.0319],[107.8575,14.0306],[107.857,14.0285],[107.8573,14.0279],[107.8564,14.0276],[107.8568,14.0262],[107.856,14.0256],[107.8562,14.0112],[107.8474,14.0042],[107.8452,13.9936],[107.8447,13.988],[107.8468,13.988],[107.8486,13.9876],[107.8485,13.9881],[107.8525,13.9885],[107.8539,13.9871],[107.8531,13.9862],[107.8608,13.9827],[107.8612,13.9828],[107.8608,13.9834],[107.861,13.9843],[107.8633,13.9859],[107.8657,13.984],[107.8684,13.9834],[107.8739,13.983],[107.8785,13.9814],[107.881,13.9816],[107.883,13.9828],[107.8863,13.9831],[107.8879,13.9844],[107.8959,13.9803],[107.8966,13.9772],[107.8974,13.9765],[107.8963,13.9746],[107.8965,13.9736],[107.8963,13.9728],[107.8983,13.9687],[107.8986,13.9689],[107.8992,13.9678],[107.8984,13.9671],[107.9001,13.9658],[107.8999,13.9655],[107.9003,13.9651],[107.898,13.9614],[107.898,13.959],[107.8971,13.9583],[107.8979,13.9548],[107.8985,13.9542],[107.9019,13.953],[107.9022,13.9519],[107.9031,13.9514],[107.9042,13.9515],[107.9047,13.9499],[107.9071,13.9509],[107.907,13.9512],[107.9102,13.9514],[107.9113,13.951],[107.9114,13.9505],[107.9119,13.9502],[107.9127,13.9511],[107.9135,13.9512],[107.9154,13.9503],[107.9162,13.9493],[107.9181,13.949],[107.9199,13.9476],[107.9208,13.9481],[107.9224,13.9479],[107.9245,13.9468],[107.9256,13.9454],[107.9273,13.9445],[107.9282,13.9446],[107.9291,13.9442],[107.9307,13.9446],[107.932,13.9441],[107.933,13.9433],[107.9338,13.9413],[107.9364,13.9391],[107.9373,13.9387],[107.9383,13.9392],[107.9388,13.9386],[107.9391,13.939],[107.9394,13.9386],[107.94,13.9389],[107.9403,13.9405],[107.9423,13.9416],[107.9437,13.9442],[107.9462,13.9471],[107.9486,13.948],[107.9519,13.9471],[107.953,13.9474],[107.9537,13.9479],[107.9548,13.95],[107.9573,13.9517],[107.9572,13.9535],[107.9563,13.955],[107.9546,13.9559],[107.9532,13.9573],[107.9521,13.9579],[107.9522,13.9597],[107.9533,13.9613],[107.957,13.9631],[107.9586,13.9626],[107.9605,13.9631],[107.9625,13.9627],[107.9656,13.9651],[107.9672,13.965],[107.9682,13.9643],[107.9699,13.9657],[107.9741,13.9662],[107.976,13.968],[107.9772,13.9671],[107.979,13.9675],[107.9811,13.9669],[107.9813,13.9678],[107.9811,13.97],[107.9814,13.9701],[107.982,13.9694],[107.9828,13.9695],[107.9827,13.9701],[107.9824,13.97],[107.9823,13.9713],[107.9825,13.9719],[107.9833,13.9722],[107.9829,13.9739],[107.9834,13.9746],[107.983,13.9759],[107.9832,13.9788],[107.9863,13.9856],[107.9873,13.9869],[107.9876,13.989],[107.9888,13.9919],[107.9886,13.9927],[107.9891,13.9937],[107.9889,13.9954],[107.9881,13.9953],[107.988,13.9967],[107.9875,13.9966],[107.9874,13.9972],[107.9865,13.9971],[107.9864,13.9981],[107.9855,13.998],[107.9853,14.0008],[107.9857,14.0027],[107.9862,14.0031],[107.9854,14.0038],[107.9831,14.0035],[107.9825,14.0054],[107.9814,14.006],[107.9811,14.007],[107.9822,14.007],[107.982,14.0112],[107.9763,14.0116],[107.9758,14.0111],[107.9733,14.0107],[107.9728,14.01],[107.9713,14.0106],[107.9711,14.0116],[107.9696,14.0115],[107.9661,14.0103],[107.9647,14.0093],[107.9641,14.0106],[107.961,14.0097],[107.9596,14.0183],[107.9638,14.0198],[107.9636,14.0221],[107.9616,14.0219],[107.961,14.0233],[107.9648,14.0288],[107.9629,14.0391],[107.9771,14.0419],[107.9839,14.04],[107.9842,14.0433],[107.984,14.045],[107.9834,14.0458],[107.9851,14.0487],[107.9853,14.0502],[107.9839,14.0523]]]},"properties":{"code":"23767","name":"Ia Hrung","nameEn":"Ia Hrung","fullName":"Xã Ia Hrung","fullNameEn":"Ia Hrung Commune","codeName":"ia_hrung","postalCode":"61407","postalCodePrefix":"","gisServerId":"diaphanhanhchinhcapxa_2025.2940","areaKm2":169.15},"id":"23767"},
{"type":"Feature","geometry":{"type":"Polygon","coordinates":[[[107.6211,13.9314],[107.6213,13.9312],[107.6222,13.9317],[107.6256,13.9349],[107.6277,13.9376],[107.631,13.9393],[107.6346,13.9389],[107.6423,13.9328],[107.6412,13.9308],[107.6535,13.9325],[107.6579,13.9348],[107.6688,13.9341],[107.6716,13.932],[107.682,13.9346],[107.6843,13.9331],[107.6846,13.9332],[107.685,13.9305],[107.6847,13.9288],[107.6852,13.9288],[107.685,13.9285],[107.6854,13.9278],[107.6853,13.9269],[107.6859,13.9251],[107.6867,13.9249],[107.6864,13.9239],[107.6871,13.9232],[107.6876,13.921],[107.6882,13.9205],[107.6885,13.9207],[107.6889,13.9201],[107.6893,13.9202],[107.6897,13.9193],[107.6904,13.9188],[107.6906,13.9172],[107.6915,13.9164],[107.6918,13.9155],[107.6932,13.9147],[107.6938,13.9126],[107.6959,13.9128],[107.6965,13.9115],[107.6974,13.9114],[107.6981,13.9127],[107.6976,13.9134],[107.6986,13.9139],[107.6982,13.9142],[107.6997,13.9167],[107.7036,13.9179],[107.7036,13.9185],[107.7048,13.9188],[107.7055,13.9196],[107.7061,13.9196],[107.7066,13.9187],[107.7073,13.919],[107.7066,13.9213],[107.7074,13.9217],[107.7085,13.922],[107.7099,13.9216],[107.7101,13.9223],[107.7132,13.9216],[107.7147,13.9218],[107.7157,13.9213],[107.7159,13.9216],[107.7161,13.9206],[107.7181,13.9205],[107.7187,13.9201],[107.7201,13.9217],[107.7207,13.921],[107.7211,13.9213],[107.7213,13.9206],[107.7224,13.9205],[107.7363,13.9147],[107.7362,13.9128],[107.7357,13.9121],[107.7373,13.9115],[107.7364,13.9109],[107.7369,13.9102],[107.7358,13.9102],[107.7366,13.9091],[107.7357,13.909],[107.7362,13.9082],[107.7358,13.9085],[107.7352,13.9084],[107.7347,13.9065],[107.7352,13.9066],[107.7352,13.9062],[107.7344,13.9049],[107.7348,13.904],[107.7337,13.9038],[107.734,13.9033],[107.7337,13.9024],[107.7353,13.9018],[107.7349,13.9001],[107.7353,13.8994],[107.7361,13.9],[107.7368,13.8987],[107.7369,13.8992],[107.7376,13.8989],[107.7383,13.8994],[107.738,13.8985],[107.7389,13.8986],[107.7388,13.8981],[107.7398,13.8986],[107.7409,13.8981],[107.7408,13.8991],[107.7423,13.8998],[107.742,13.8978],[107.7431,13.8969],[107.7436,13.8969],[107.7439,13.8952],[107.746,13.8958],[107.7454,13.8946],[107.7461,13.8949],[107.7471,13.8935],[107.748,13.8935],[107.7499,13.8926],[107.7492,13.8902],[107.7504,13.8901],[107.751,13.8889],[107.752,13.8896],[107.7526,13.8891],[107.753,13.8895],[107.7541,13.8893],[107.7544,13.8887],[107.7551,13.8888],[107.7562,13.8895],[107.7571,13.8891],[107.7576,13.89],[107.758,13.8896],[107.7592,13.8901],[107.7605,13.8879],[107.7613,13.8877],[107.7624,13.8886],[107.7624,13.8877],[107.7633,13.8876],[107.7639,13.8871],[107.7643,13.8876],[107.7669,13.8876],[107.7688,13.8884],[107.7695,13.8878],[107.77,13.888],[107.7716,13.8875],[107.7726,13.888],[107.7743,13.8859],[107.7747,13.8872],[107.7758,13.8876],[107.7765,13.8874],[107.7769,13.8864],[107.7779,13.8872],[107.7786,13.8864],[107.7795,13.886],[107.7801,13.8862],[107.7792,13.8863],[107.7797,13.8867],[107.7828,13.8868],[107.7825,13.8853],[107.7832,13.8838],[107.7825,13.8829],[107.7829,13.8824],[107.7839,13.8827],[107.7854,13.8812],[107.7858,13.8816],[107.7864,13.8811],[107.7872,13.8816],[107.7875,13.8814],[107.7873,13.881],[107.7879,13.8807],[107.7887,13.8807],[107.7892,13.8816],[107.7896,13.8798],[107.7902,13.88],[107.7919,13.8792],[107.7922,13.8799],[107.7928,13.8802],[107.7933,13.8787],[107.7942,13.879],[107.7953,13.878],[107.7962,13.8784],[107.7971,13.8778],[107.7999,13.8973],[107.8019,13.9003],[107.7969,13.9054],[107.799,13.9083],[107.8028,13.9109],[107.8039,13.9142],[107.8027,13.9181],[107.7993,13.9206],[107.7994,13.9216],[107.8015,13.9239],[107.8037,13.9251],[107.8049,13.9258],[107.8067,13.9294],[107.8068,13.934],[107.8093,13.9353],[107.8093,13.939],[107.8078,13.9423],[107.8077,13.9432],[107.809,13.9436],[107.8091,13.9443],[107.8075,13.9452],[107.807,13.9461],[107.8056,13.9455],[107.8049,13.9464],[107.8036,13.9468],[107.8044,13.9482],[107.8042,13.9486],[107.8032,13.9484],[107.8026,13.9471],[107.7973,13.9474],[107.7954,13.9463],[107.7944,13.9464],[107.793,13.9477],[107.7925,13.946],[107.7909,13.9474],[107.7914,13.9491],[107.79,13.9479],[107.7876,13.9488],[107.7873,13.9485],[107.7876,13.9475],[107.7871,13.9473],[107.7853,13.9507],[107.7845,13.9505],[107.7836,13.9494],[107.783,13.9505],[107.7813,13.9498],[107.7809,13.9495],[107.781,13.9485],[107.7806,13.9483],[107.7792,13.9489],[107.7795,13.9499],[107.7791,13.9502],[107.7778,13.9484],[107.7773,13.9483],[107.7759,13.95],[107.7752,13.9521],[107.7747,13.9523],[107.7742,13.9522],[107.7738,13.9511],[107.7716,13.951],[107.7716,13.9485],[107.7696,13.947],[107.7691,13.946],[107.768,13.9464],[107.7678,13.9486],[107.7669,13.9488],[107.7656,13.9468],[107.7623,13.9455],[107.7614,13.9443],[107.7594,13.9457],[107.7588,13.9457],[107.7584,13.9429],[107.7566,13.9425],[107.7544,13.9441],[107.7536,13.9442],[107.7533,13.9457],[107.7506,13.9465],[107.751,13.9479],[107.7497,13.9488],[107.7494,13.9496],[107.7496,13.9499],[107.7503,13.9496],[107.7509,13.9499],[107.7515,13.9531],[107.7507,13.9538],[107.7504,13.9551],[107.7489,13.9577],[107.7476,13.958],[107.7473,13.9593],[107.7448,13.96],[107.7441,13.9608],[107.7429,13.9603],[107.7423,13.9605],[107.7425,13.9615],[107.7418,13.963],[107.7412,13.9638],[107.7402,13.964],[107.7405,13.9655],[107.7375,13.9646],[107.737,13.964],[107.737,13.9623],[107.7353,13.9628],[107.7337,13.9619],[107.7335,13.9613],[107.7343,13.9601],[107.7334,13.9594],[107.7331,13.9587],[107.7314,13.9587],[107.7298,13.9579],[107.7298,13.9594],[107.7288,13.9613],[107.7268,13.9615],[107.725,13.9627],[107.7237,13.9625],[107.7216,13.9631],[107.7178,13.9614],[107.7179,13.9626],[107.7187,13.9635],[107.7193,13.965],[107.7187,13.9657],[107.7111,13.9667],[107.7063,13.9681],[107.7042,13.9671],[107.7029,13.9669],[107.7023,13.9674],[107.7027,13.9679],[107.7025,13.9687],[107.7016,13.9693],[107.7004,13.9692],[107.6988,13.9683],[107.6979,13.9684],[107.6972,13.9719],[107.6948,13.9718],[107.6912,13.9725],[107.6929,13.9737],[107.6944,13.9762],[107.6953,13.9762],[107.6964,13.9754],[107.6987,13.9763],[107.6996,13.9781],[107.7021,13.9806],[107.7025,13.9821],[107.706,13.9846],[107.7075,13.9848],[107.7078,13.986],[107.7075,13.9884],[107.7086,13.9893],[107.709,13.991],[107.7106,13.9937],[107.7087,13.9966],[107.709,13.9981],[107.7097,13.9991],[107.7075,14.0004],[107.7061,14.0031],[107.7052,14.0034],[107.7046,14.0056],[107.7013,14.0103],[107.7015,14.0136],[107.7002,14.015],[107.6999,14.0166],[107.7002,14.0187],[107.6993,14.0206],[107.6995,14.022],[107.6987,14.0233],[107.6988,14.0247],[107.698,14.0253],[107.6976,14.0266],[107.6963,14.0276],[107.6974,14.0282],[107.6989,14.0303],[107.6984,14.0327],[107.7005,14.0337],[107.7027,14.0332],[107.7045,14.0337],[107.7039,14.0368],[107.7053,14.0401],[107.7069,14.0408],[107.7069,14.0422],[107.7061,14.043],[107.7096,14.0431],[107.7113,14.0428],[107.7124,14.046],[107.7141,14.0474],[107.7189,14.0477],[107.7235,14.0495],[107.7245,14.0492],[107.7256,14.0497],[107.7261,14.0492],[107.7273,14.0528],[107.7287,14.0537],[107.7291,14.0544],[107.7277,14.0557],[107.7277,14.0567],[107.7295,14.059],[107.7297,14.0608],[107.7315,14.0629],[107.7325,14.0651],[107.7327,14.0664],[107.7345,14.0674],[107.734,14.0685],[107.7354,14.0715],[107.7361,14.0717],[107.738,14.0714],[107.7403,14.0721],[107.7421,14.0722],[107.7432,14.0729],[107.7437,14.0739],[107.7454,14.0749],[107.7472,14.0748],[107.7492,14.0762],[107.7483,14.0778],[107.749,14.0785],[107.7492,14.0801],[107.7503,14.0812],[107.7501,14.0831],[107.7509,14.0841],[107.7502,14.0853],[107.7498,14.0952],[107.7489,14.1],[107.7464,14.1009],[107.7457,14.1021],[107.7463,14.1038],[107.7447,14.1045],[107.7435,14.1054],[107.7412,14.1059],[107.7389,14.1069],[107.7364,14.1071],[107.734,14.1079],[107.7334,14.1117],[107.7345,14.1121],[107.7345,14.1146],[107.736,14.1151],[107.7363,14.1164],[107.7361,14.1174],[107.7349,14.1183],[107.7357,14.1187],[107.7364,14.121],[107.7388,14.1228],[107.7311,14.1225],[107.7293,14.1239],[107.727,14.1238],[107.7226,14.1273],[107.7206,14.1266],[107.7153,14.1279],[107.7136,14.1274],[107.7086,14.1274],[107.708,14.128],[107.707,14.1278],[107.704,14.1291],[107.7023,14.1282],[107.7005,14.1286],[107.6989,14.1301],[107.6974,14.1306],[107.696,14.1296],[107.6935,14.1289],[107.6905,14.1294],[107.6891,14.1311],[107.6863,14.1299],[107.6847,14.1308],[107.6844,14.1317],[107.684,14.132],[107.6821,14.1308],[107.6814,14.1307],[107.6811,14.1319],[107.6821,14.1333],[107.6817,14.1342],[107.6793,14.1342],[107.6786,14.1345],[107.6755,14.138],[107.6735,14.1391],[107.6686,14.1406],[107.6675,14.1401],[107.6651,14.138],[107.6645,14.136],[107.6615,14.1318],[107.661,14.1279],[107.6612,14.124],[107.6587,14.1163],[107.6576,14.1096],[107.6577,14.1034],[107.656,14.1022],[107.6523,14.1021],[107.6498,14.1014],[107.6492,14.1007],[107.6482,14.0981],[107.6488,14.0967],[107.6503,14.0947],[107.6541,14.0911],[107.6555,14.0893],[107.6572,14.0866],[107.6576,14.0849],[107.6574,14.0839],[107.6562,14.0817],[107.6534,14.0796],[107.6507,14.0754],[107.6508,14.0685],[107.6501,14.0666],[107.6494,14.0659],[107.6427,14.0632],[107.6394,14.0601],[107.6353,14.0548],[107.6345,14.0542],[107.6328,14.0538],[107.6301,14.0542],[107.6258,14.0556],[107.6239,14.0571],[107.6204,14.0612],[107.6183,14.063],[107.6165,14.0641],[107.6149,14.064],[107.6133,14.0621],[107.6126,14.0551],[107.6119,14.0532],[107.6097,14.0518],[107.6049,14.0498],[107.6024,14.0475],[107.6014,14.0459],[107.6002,14.04],[107.6002,14.0303],[107.5978,14.0277],[107.5958,14.0265],[107.584,14.0213],[107.5793,14.0197],[107.5764,14.0194],[107.5745,14.0193],[107.5705,14.0203],[107.5655,14.0232],[107.5589,14.0259],[107.5571,14.0261],[107.5523,14.0257],[107.5488,14.0245],[107.5472,14.0226],[107.5464,14.0209],[107.5451,14.0156],[107.5442,14.0137],[107.5457,14.0126],[107.5484,14.0139],[107.5509,14.0134],[107.5541,14.0135],[107.5561,14.0117],[107.5571,14.0097],[107.5584,14.0091],[107.5628,14.0108],[107.5638,14.0109],[107.5655,14.0085],[107.568,14.0062],[107.5685,14.0036],[107.5703,14.0038],[107.5727,14.005],[107.5747,14.0022],[107.5756,14.0019],[107.5772,14],[107.5788,14.0001],[107.579,14.0011],[107.5801,14.0011],[107.5795,13.9997],[107.5797,13.9993],[107.5804,13.9993],[107.5807,13.9984],[107.5814,13.998],[107.5812,13.9965],[107.5822,13.9965],[107.5825,13.9938],[107.5833,13.9942],[107.5841,13.9939],[107.5858,13.9943],[107.586,13.9935],[107.5874,13.9926],[107.5869,13.9916],[107.5875,13.9917],[107.5881,13.991],[107.5892,13.9919],[107.5901,13.9917],[107.5905,13.9924],[107.5912,13.9922],[107.5909,13.9916],[107.5916,13.991],[107.5927,13.9917],[107.5932,13.9914],[107.5935,13.9917],[107.5948,13.9915],[107.5955,13.9906],[107.5956,13.9889],[107.5969,13.9883],[107.5981,13.9869],[107.5987,13.9869],[107.5984,13.9858],[107.6007,13.984],[107.6002,13.9834],[107.6009,13.9829],[107.6008,13.9822],[107.6014,13.9818],[107.6024,13.9817],[107.6025,13.9814],[107.602,13.9814],[107.6022,13.9811],[107.6029,13.9813],[107.6038,13.9802],[107.6043,13.9807],[107.605,13.9782],[107.606,13.9777],[107.6052,13.9772],[107.6058,13.9764],[107.6051,13.9765],[107.605,13.9762],[107.6068,13.9744],[107.6065,13.9732],[107.6067,13.9722],[107.6063,13.9719],[107.6067,13.9716],[107.6057,13.9715],[107.6056,13.9707],[107.6062,13.9702],[107.6061,13.9694],[107.6049,13.9686],[107.6052,13.9682],[107.6058,13.9683],[107.6059,13.9676],[107.6064,13.9675],[107.6072,13.9663],[107.607,13.9655],[107.6063,13.9657],[107.607,13.9647],[107.6074,13.965],[107.6084,13.9647],[107.6084,13.9638],[107.6091,13.9638],[107.6092,13.963],[107.6096,13.9628],[107.6094,13.9621],[107.6101,13.9622],[107.6093,13.9614],[107.6095,13.9609],[107.61,13.9607],[107.6103,13.9611],[107.6106,13.9609],[107.6099,13.9602],[107.6107,13.9597],[107.6099,13.959],[107.6103,13.9588],[107.6096,13.9579],[107.6103,13.9575],[107.6106,13.9569],[107.6111,13.9569],[107.6111,13.9565],[107.6105,13.9562],[107.6108,13.9558],[107.6105,13.9551],[107.6099,13.955],[107.6105,13.9544],[107.6103,13.9537],[107.611,13.954],[107.6111,13.9531],[107.6113,13.9536],[107.6118,13.9533],[107.6122,13.9516],[107.6113,13.9518],[107.6113,13.9512],[107.6118,13.951],[107.6116,13.95],[107.6111,13.9498],[107.6115,13.9493],[107.6109,13.9493],[107.6105,13.9488],[107.6105,13.9482],[107.6109,13.9479],[107.6104,13.9473],[107.611,13.9473],[107.6107,13.9469],[107.6119,13.9468],[107.6116,13.9456],[107.6121,13.9457],[107.6119,13.9451],[107.6123,13.945],[107.6126,13.9442],[107.6119,13.9437],[107.6129,13.9434],[107.6134,13.9424],[107.6128,13.9422],[107.6129,13.9419],[107.6137,13.9413],[107.6149,13.9411],[107.6151,13.9401],[107.6158,13.9404],[107.6163,13.9396],[107.6177,13.9394],[107.6179,13.9384],[107.6189,13.9385],[107.6183,13.9374],[107.6195,13.9359],[107.6194,13.9346],[107.6216,13.9334],[107.6211,13.9314]]]},"properties":{"code":"23776","name":"Ia Krái","nameEn":"Ia Krai","fullName":"Xã Ia Krái","fullNameEn":"Ia Krai Commune","codeName":"ia_krai","postalCode":"61414","postalCodePrefix":"","gisServerId":"diaphanhanhchinhcapxa_2025.2933","areaKm2":307.83},"id":"23776"},
{"type":"Feature","geometry":{"type":"Polygon","coordinates":[[[107.4693,13.8891],[107.4723,13.8877],[107.4736,13.8887],[107.4753,13.8892],[107.4792,13.8896],[107.4807,13.889],[107.4816,13.8902],[107.4807,13.8911],[107.4807,13.892],[107.4812,13.8922],[107.4819,13.8916],[107.4841,13.8937],[107.4848,13.8956],[107.4865,13.8955],[107.4872,13.8947],[107.488,13.8944],[107.4894,13.8952],[107.4901,13.8968],[107.4922,13.8973],[107.4944,13.8992],[107.4947,13.9008],[107.4942,13.9023],[107.4944,13.9034],[107.4954,13.9045],[107.4959,13.9058],[107.4943,13.9082],[107.4955,13.91],[107.498,13.9108],[107.4997,13.9101],[107.5006,13.9105],[107.501,13.9096],[107.5024,13.9104],[107.5033,13.9099],[107.5039,13.911],[107.5058,13.9119],[107.5063,13.9161],[107.5077,13.9165],[107.5092,13.9181],[107.5101,13.9178],[107.5109,13.919],[107.5124,13.9183],[107.513,13.9205],[107.5144,13.9222],[107.5168,13.9236],[107.5205,13.9245],[107.5211,13.9254],[107.5223,13.9252],[107.5238,13.9241],[107.5259,13.9247],[107.527,13.9246],[107.5279,13.9229],[107.5278,13.9203],[107.5294,13.9197],[107.5302,13.921],[107.5312,13.9205],[107.5324,13.9189],[107.5329,13.9169],[107.532,13.9163],[107.5337,13.9127],[107.5352,13.9123],[107.5358,13.9113],[107.5368,13.9118],[107.5376,13.9116],[107.5378,13.9104],[107.5387,13.9097],[107.5388,13.9089],[107.5384,13.9081],[107.539,13.9074],[107.5388,13.9057],[107.5399,13.9046],[107.54,13.9039],[107.5408,13.9035],[107.5405,13.9026],[107.5421,13.9022],[107.5435,13.903],[107.5439,13.9027],[107.5438,13.902],[107.5449,13.9016],[107.546,13.9021],[107.5468,13.9018],[107.547,13.9013],[107.5465,13.9],[107.5475,13.8994],[107.5491,13.8993],[107.5494,13.8983],[107.5493,13.8969],[107.5499,13.8963],[107.5502,13.8952],[107.5506,13.8949],[107.5517,13.8953],[107.5513,13.8947],[107.5519,13.8938],[107.5527,13.8942],[107.5535,13.894],[107.5537,13.8938],[107.5531,13.8936],[107.5536,13.8925],[107.5552,13.893],[107.5549,13.8948],[107.5555,13.8954],[107.5626,13.8965],[107.5648,13.9014],[107.5671,13.903],[107.5688,13.9053],[107.5704,13.9066],[107.5721,13.9095],[107.5739,13.9108],[107.5804,13.9135],[107.5812,13.9142],[107.5848,13.916],[107.5873,13.9156],[107.5977,13.917],[107.6008,13.9254],[107.6026,13.9264],[107.6028,13.9272],[107.6043,13.927],[107.6059,13.9279],[107.6102,13.9263],[107.6128,13.9239],[107.6135,13.9226],[107.6146,13.9268],[107.6184,13.9277],[107.6205,13.9313],[107.6211,13.9314],[107.6216,13.9334],[107.6194,13.9346],[107.6195,13.9359],[107.6183,13.9374],[107.6189,13.9385],[107.6179,13.9384],[107.6177,13.9394],[107.6163,13.9396],[107.6158,13.9404],[107.6151,13.9401],[107.6149,13.9411],[107.6137,13.9413],[107.6129,13.9419],[107.6128,13.9422],[107.6134,13.9424],[107.6129,13.9434],[107.6119,13.9437],[107.6126,13.9442],[107.6123,13.945],[107.6119,13.9451],[107.6121,13.9457],[107.6116,13.9456],[107.6119,13.9468],[107.6107,13.9469],[107.611,13.9473],[107.6104,13.9473],[107.6109,13.9479],[107.6105,13.9482],[107.6105,13.9488],[107.6109,13.9493],[107.6115,13.9493],[107.6111,13.9498],[107.6116,13.95],[107.6118,13.951],[107.6113,13.9512],[107.6113,13.9518],[107.6122,13.9516],[107.6118,13.9533],[107.6113,13.9536],[107.6111,13.9531],[107.611,13.954],[107.6103,13.9537],[107.6105,13.9544],[107.6099,13.955],[107.6105,13.9551],[107.6108,13.9558],[107.6105,13.9562],[107.6111,13.9565],[107.6111,13.9569],[107.6106,13.9569],[107.6103,13.9575],[107.6096,13.9579],[107.6103,13.9588],[107.6099,13.959],[107.6107,13.9597],[107.6099,13.9602],[107.6106,13.9609],[107.6103,13.9611],[107.61,13.9607],[107.6095,13.9609],[107.6093,13.9614],[107.6101,13.9622],[107.6094,13.9621],[107.6096,13.9628],[107.6092,13.963],[107.6091,13.9638],[107.6084,13.9638],[107.6084,13.9647],[107.6074,13.965],[107.607,13.9647],[107.6063,13.9657],[107.607,13.9655],[107.6072,13.9663],[107.6064,13.9675],[107.6059,13.9676],[107.6058,13.9683],[107.6052,13.9682],[107.6049,13.9686],[107.6061,13.9694],[107.6062,13.9702],[107.6056,13.9707],[107.6057,13.9715],[107.6067,13.9716],[107.6063,13.9719],[107.6067,13.9722],[107.6065,13.9732],[107.6068,13.9744],[107.605,13.9762],[107.6051,13.9765],[107.6058,13.9764],[107.6052,13.9772],[107.606,13.9777],[107.605,13.9782],[107.6043,13.9807],[107.6038,13.9802],[107.6029,13.9813],[107.6022,13.9811],[107.602,13.9814],[107.6025,13.9814],[107.6024,13.9817],[107.6014,13.9818],[107.6008,13.9822],[107.6009,13.9829],[107.6002,13.9834],[107.6007,13.984],[107.5984,13.9858],[107.5987,13.9869],[107.5981,13.9869],[107.5969,13.9883],[107.5956,13.9889],[107.5955,13.9906],[107.5948,13.9915],[107.5935,13.9917],[107.5932,13.9914],[107.5927,13.9917],[107.5916,13.991],[107.5909,13.9916],[107.5912,13.9922],[107.5905,13.9924],[107.5901,13.9917],[107.5892,13.9919],[107.5881,13.991],[107.5875,13.9917],[107.5869,13.9916],[107.5874,13.9926],[107.586,13.9935],[107.5858,13.9943],[107.5841,13.9939],[107.5833,13.9942],[107.5825,13.9938],[107.5822,13.9965],[107.5812,13.9965],[107.5814,13.998],[107.5807,13.9984],[107.5804,13.9993],[107.5797,13.9993],[107.5795,13.9997],[107.5801,14.0011],[107.579,14.0011],[107.5788,14.0001],[107.5772,14],[107.5756,14.0019],[107.5747,14.0022],[107.5727,14.005],[107.5703,14.0038],[107.5685,14.0036],[107.568,14.0062],[107.5655,14.0085],[107.5638,14.0109],[107.5628,14.0108],[107.5584,14.0091],[107.5571,14.0097],[107.5561,14.0117],[107.5541,14.0135],[107.5509,14.0134],[107.5484,14.0139],[107.5457,14.0126],[107.5442,14.0137],[107.5423,14.0124],[107.5306,14.0138],[107.526,14.0129],[107.5243,14.012],[107.523,14.0107],[107.5222,14.0085],[107.5223,14.0028],[107.5229,13.999],[107.5262,13.9863],[107.5264,13.9842],[107.5256,13.9824],[107.5234,13.982],[107.5142,13.984],[107.5118,13.9839],[107.5081,13.9784],[107.5063,13.975],[107.5049,13.9732],[107.5025,13.9712],[107.4991,13.9703],[107.4981,13.9697],[107.4903,13.9632],[107.4881,13.9617],[107.4834,13.9601],[107.4772,13.9592],[107.4717,13.9546],[107.4695,13.9536],[107.469,13.9529],[107.4687,13.952],[107.4699,13.9457],[107.4706,13.9374],[107.4702,13.9354],[107.4688,13.9334],[107.4649,13.9324],[107.4644,13.9319],[107.4629,13.9313],[107.4614,13.9293],[107.4611,13.926],[107.4599,13.9248],[107.4578,13.9237],[107.4577,13.9224],[107.4579,13.9217],[107.4594,13.9216],[107.4633,13.9218],[107.4657,13.9223],[107.4681,13.9216],[107.4735,13.9209],[107.473,13.9156],[107.4715,13.9136],[107.4696,13.9093],[107.4713,13.9072],[107.4716,13.9063],[107.4704,13.904],[107.4708,13.9028],[107.4703,13.8993],[107.4709,13.8925],[107.4706,13.8909],[107.4693,13.8891]]]},"properties":{"code":"23782","name":"Ia O","nameEn":"Ia O","fullName":"Xã Ia O","fullNameEn":"Ia O Commune","codeName":"ia_o","postalCode":"61415","postalCodePrefix":"","gisServerId":"diaphanhanhchinhcapxa_2025.2934","areaKm2":137.39},"id":"23782"},
{"type":"Feature","geometry":{"type":"Polygon","coordinates":[[[107.6211,13.9314],[107.6205,13.9313],[107.6184,13.9277],[107.6146,13.9268],[107.6135,13.9226],[107.6128,13.9239],[107.6102,13.9263],[107.6059,13.9279],[107.6043,13.927],[107.6028,13.9272],[107.6026,13.9264],[107.6008,13.9254],[107.5977,13.917],[107.5873,13.9156],[107.5848,13.916],[107.5812,13.9142],[107.5804,13.9135],[107.5739,13.9108],[107.5721,13.9095],[107.5704,13.9066],[107.5688,13.9053],[107.5671,13.903],[107.5648,13.9014],[107.5626,13.8965],[107.5555,13.8954],[107.5549,13.8948],[107.5552,13.893],[107.5536,13.8925],[107.5531,13.8936],[107.5537,13.8938],[107.5535,13.894],[107.5527,13.8942],[107.5519,13.8938],[107.5513,13.8947],[107.5517,13.8953],[107.5506,13.8949],[107.5502,13.8952],[107.5499,13.8963],[107.5493,13.8969],[107.5494,13.8983],[107.5491,13.8993],[107.5475,13.8994],[107.5465,13.9],[107.547,13.9013],[107.5468,13.9018],[107.546,13.9021],[107.5449,13.9016],[107.5438,13.902],[107.5439,13.9027],[107.5435,13.903],[107.5421,13.9022],[107.5405,13.9026],[107.5408,13.9035],[107.54,13.9039],[107.5399,13.9046],[107.5388,13.9057],[107.539,13.9074],[107.5384,13.9081],[107.5388,13.9089],[107.5387,13.9097],[107.5378,13.9104],[107.5376,13.9116],[107.5368,13.9118],[107.5358,13.9113],[107.5352,13.9123],[107.5337,13.9127],[107.532,13.9163],[107.5329,13.9169],[107.5324,13.9189],[107.5312,13.9205],[107.5302,13.921],[107.5294,13.9197],[107.5278,13.9203],[107.5279,13.9229],[107.527,13.9246],[107.5259,13.9247],[107.5238,13.9241],[107.5223,13.9252],[107.5211,13.9254],[107.5205,13.9245],[107.5168,13.9236],[107.5144,13.9222],[107.513,13.9205],[107.5124,13.9183],[107.5109,13.919],[107.5101,13.9178],[107.5092,13.9181],[107.5077,13.9165],[107.5063,13.9161],[107.5058,13.9119],[107.5039,13.911],[107.5033,13.9099],[107.5024,13.9104],[107.501,13.9096],[107.5006,13.9105],[107.4997,13.9101],[107.498,13.9108],[107.4955,13.91],[107.4943,13.9082],[107.4959,13.9058],[107.4954,13.9045],[107.4944,13.9034],[107.4942,13.9023],[107.4947,13.9008],[107.4944,13.8992],[107.4922,13.8973],[107.4901,13.8968],[107.4894,13.8952],[107.488,13.8944],[107.4872,13.8947],[107.4865,13.8955],[107.4848,13.8956],[107.4841,13.8937],[107.4819,13.8916],[107.4812,13.8922],[107.4807,13.892],[107.4807,13.8911],[107.4816,13.8902],[107.4807,13.889],[107.4792,13.8896],[107.4753,13.8892],[107.4736,13.8887],[107.4723,13.8877],[107.4693,13.8891],[107.462,13.8825],[107.4586,13.8801],[107.4574,13.8788],[107.4555,13.8755],[107.4545,13.8727],[107.4543,13.8709],[107.455,13.8691],[107.4566,13.8668],[107.4594,13.8658],[107.4672,13.8591],[107.4693,13.8592],[107.472,13.8572],[107.4749,13.858],[107.4756,13.8586],[107.474,13.861],[107.4743,13.862],[107.4751,13.8627],[107.4768,13.8621],[107.4781,13.8622],[107.4809,13.8614],[107.4819,13.8617],[107.4831,13.8611],[107.4842,13.8615],[107.4857,13.8607],[107.4867,13.8607],[107.488,13.8597],[107.4892,13.8606],[107.4913,13.8574],[107.492,13.8555],[107.493,13.8559],[107.4938,13.8548],[107.4948,13.8557],[107.4972,13.8563],[107.4984,13.8551],[107.4985,13.8542],[107.5011,13.8533],[107.5021,13.852],[107.5031,13.8523],[107.5032,13.8512],[107.5047,13.8502],[107.5062,13.8512],[107.5064,13.8519],[107.5073,13.8519],[107.5071,13.8524],[107.5079,13.8535],[107.5085,13.853],[107.5081,13.8522],[107.5083,13.8514],[107.5075,13.8506],[107.5075,13.8501],[107.5089,13.8498],[107.5114,13.8482],[107.5125,13.8485],[107.515,13.8478],[107.5164,13.8465],[107.5189,13.8453],[107.522,13.8445],[107.5254,13.8413],[107.5281,13.8422],[107.5311,13.8422],[107.5321,13.8439],[107.5324,13.845],[107.5322,13.8458],[107.5331,13.8459],[107.5344,13.8466],[107.5372,13.8489],[107.54,13.8501],[107.5426,13.8503],[107.5453,13.8497],[107.5539,13.8535],[107.5554,13.8527],[107.5579,13.8522],[107.5607,13.8522],[107.5618,13.8505],[107.5692,13.8488],[107.571,13.8473],[107.5705,13.8455],[107.5731,13.8445],[107.5749,13.8428],[107.5778,13.8418],[107.5785,13.8408],[107.5798,13.8408],[107.5828,13.8435],[107.5846,13.8437],[107.587,13.843],[107.5881,13.8436],[107.5892,13.8433],[107.591,13.8442],[107.5939,13.844],[107.5969,13.8431],[107.5987,13.8415],[107.6002,13.8435],[107.602,13.8434],[107.6074,13.8452],[107.6139,13.8461],[107.6175,13.8459],[107.6277,13.847],[107.6295,13.8469],[107.6307,13.8464],[107.6331,13.8463],[107.6341,13.8474],[107.6342,13.8498],[107.6366,13.8507],[107.6407,13.8512],[107.6418,13.8518],[107.6475,13.8531],[107.6511,13.851],[107.6525,13.8507],[107.6566,13.852],[107.657,13.8533],[107.6609,13.8546],[107.6628,13.8567],[107.663,13.8574],[107.6628,13.8582],[107.6641,13.8591],[107.6647,13.8611],[107.6667,13.8617],[107.6686,13.8629],[107.6672,13.8657],[107.6672,13.8671],[107.6648,13.8694],[107.668,13.8714],[107.6719,13.8749],[107.6742,13.8746],[107.6749,13.8749],[107.6762,13.8793],[107.6801,13.8846],[107.6803,13.8857],[107.6817,13.8877],[107.6824,13.8953],[107.683,13.8957],[107.6853,13.8962],[107.6877,13.8985],[107.6886,13.9005],[107.6901,13.9017],[107.6915,13.9045],[107.6925,13.9058],[107.6945,13.9072],[107.6941,13.9083],[107.6972,13.909],[107.6974,13.9114],[107.6965,13.9115],[107.6959,13.9128],[107.6938,13.9126],[107.6932,13.9147],[107.6918,13.9155],[107.6915,13.9164],[107.6906,13.9172],[107.6904,13.9188],[107.6897,13.9193],[107.6893,13.9202],[107.6889,13.9201],[107.6885,13.9207],[107.6882,13.9205],[107.6876,13.921],[107.6871,13.9232],[107.6864,13.9239],[107.6867,13.9249],[107.6859,13.9251],[107.6853,13.9269],[107.6854,13.9278],[107.685,13.9285],[107.6852,13.9288],[107.6847,13.9288],[107.685,13.9305],[107.6846,13.9332],[107.6843,13.9331],[107.682,13.9346],[107.6716,13.932],[107.6688,13.9341],[107.6579,13.9348],[107.6535,13.9325],[107.6412,13.9308],[107.6423,13.9328],[107.6346,13.9389],[107.631,13.9393],[107.6277,13.9376],[107.6256,13.9349],[107.6222,13.9317],[107.6213,13.9312],[107.6211,13.9314]]]},"properties":{"code":"23788","name":"Ia Chia","nameEn":"Ia Chia","fullName":"Xã Ia Chia","fullNameEn":"Ia Chia Commune","codeName":"ia_chia","postalCode":"61416","postalCodePrefix":"","gisServerId":"diaphanhanhchinhcapxa_2025.2935","areaKm2":172.86},"id":"23788"},
{"type":"Feature","geometry":{"type":"Polygon","coordinates":[[[108.249,14.1503],[108.2486,14.1498],[108.2465,14.1493],[108.246,14.1482],[108.2462,14.1473],[108.2442,14.1462],[108.2433,14.1429],[108.242,14.142],[108.2413,14.142],[108.2397,14.1395],[108.2371,14.1381],[108.2336,14.1375],[108.2317,14.1357],[108.2288,14.1343],[108.2183,14.1438],[108.2127,14.1572],[108.2031,14.1571],[108.2017,14.1567],[108.2014,14.1567],[108.2016,14.1576],[108.2013,14.1578],[108.1995,14.1575],[108.1977,14.1559],[108.1965,14.156],[108.1936,14.1577],[108.1913,14.1573],[108.1904,14.1567],[108.1889,14.1579],[108.1888,14.1585],[108.1882,14.1586],[108.1879,14.1592],[108.1866,14.1599],[108.1852,14.1599],[108.1834,14.1581],[108.1814,14.1572],[108.1805,14.1582],[108.179,14.1577],[108.1779,14.1579],[108.1769,14.1589],[108.176,14.1586],[108.1754,14.1587],[108.1733,14.158],[108.1693,14.1585],[108.1676,14.1561],[108.1675,14.1553],[108.1682,14.1547],[108.1676,14.1539],[108.1677,14.1535],[108.167,14.1518],[108.1658,14.1505],[108.1663,14.1498],[108.1672,14.1502],[108.1691,14.1495],[108.1702,14.1459],[108.1701,14.1448],[108.1712,14.1441],[108.1693,14.1428],[108.1675,14.1432],[108.1666,14.1427],[108.1662,14.1409],[108.1669,14.139],[108.1668,14.1373],[108.1682,14.1357],[108.1688,14.1333],[108.1698,14.1319],[108.1724,14.1296],[108.1728,14.1266],[108.1735,14.1245],[108.1747,14.1242],[108.1764,14.125],[108.1775,14.1249],[108.1787,14.1253],[108.1793,14.1259],[108.1801,14.1257],[108.1805,14.1248],[108.1806,14.1233],[108.1816,14.1217],[108.187,14.1196],[108.1873,14.1174],[108.1924,14.1162],[108.192,14.1138],[108.1912,14.113],[108.1912,14.1113],[108.192,14.1106],[108.1923,14.1095],[108.1916,14.1083],[108.1915,14.1064],[108.1909,14.1052],[108.1913,14.1029],[108.1903,14.1013],[108.1893,14.1009],[108.1915,14.0957],[108.1938,14.093],[108.1944,14.0915],[108.1957,14.0898],[108.1964,14.0903],[108.1987,14.0883],[108.199,14.087],[108.2009,14.0866],[108.2011,14.0837],[108.2033,14.0827],[108.2032,14.0816],[108.2037,14.0812],[108.2034,14.0796],[108.204,14.0775],[108.2044,14.0766],[108.2063,14.075],[108.2045,14.0732],[108.2057,14.0729],[108.2081,14.0735],[108.2094,14.0734],[108.2124,14.0751],[108.2136,14.0745],[108.2148,14.0746],[108.2161,14.0735],[108.2155,14.072],[108.2156,14.0697],[108.216,14.0694],[108.2156,14.0687],[108.2152,14.0654],[108.2151,14.0651],[108.2145,14.0652],[108.2137,14.0638],[108.2126,14.0631],[108.2127,14.0591],[108.2123,14.058],[108.2103,14.0558],[108.2111,14.0551],[108.2106,14.0536],[108.2123,14.0495],[108.2123,14.0479],[108.2131,14.0456],[108.2131,14.0431],[108.2134,14.0421],[108.2139,14.042],[108.2148,14.0405],[108.2142,14.0391],[108.2144,14.0378],[108.2139,14.0376],[108.2137,14.0366],[108.2145,14.0362],[108.2136,14.0357],[108.2134,14.0347],[108.2124,14.0334],[108.2128,14.0328],[108.2126,14.0306],[108.2121,14.03],[108.2128,14.0282],[108.2146,14.0282],[108.2159,14.0272],[108.2165,14.0241],[108.2164,14.0231],[108.2178,14.0237],[108.2183,14.0215],[108.2189,14.0216],[108.2192,14.0203],[108.2205,14.021],[108.221,14.0194],[108.2219,14.0195],[108.2218,14.0182],[108.2225,14.0183],[108.2225,14.0169],[108.224,14.0174],[108.2243,14.0155],[108.225,14.0154],[108.225,14.0145],[108.2235,14.0143],[108.2197,14.0129],[108.2195,14.0122],[108.2201,14.0121],[108.2202,14.0111],[108.219,14.0063],[108.2188,14.0037],[108.2193,14.0024],[108.2218,14.0003],[108.2234,13.9972],[108.2236,13.9943],[108.2232,13.9937],[108.2236,13.9919],[108.2247,13.9906],[108.2244,13.9894],[108.2251,13.9877],[108.2251,13.9863],[108.227,13.9832],[108.2272,13.9819],[108.2263,13.9789],[108.2263,13.9764],[108.2255,13.9743],[108.2256,13.9735],[108.2262,13.9729],[108.2261,13.9712],[108.2277,13.9704],[108.2282,13.9704],[108.2284,13.9691],[108.2294,13.9688],[108.2298,13.969],[108.2305,13.9683],[108.231,13.9683],[108.2317,13.967],[108.2331,13.9663],[108.2331,13.9653],[108.2325,13.9651],[108.2324,13.9645],[108.2335,13.9638],[108.234,13.9618],[108.2344,13.9616],[108.2331,13.9611],[108.234,13.959],[108.2329,13.9568],[108.2308,13.9579],[108.2301,13.9578],[108.2289,13.9584],[108.226,13.959],[108.2255,13.9587],[108.2251,13.9573],[108.227,13.9545],[108.2267,13.954],[108.2267,13.9522],[108.2273,13.9505],[108.227,13.9494],[108.228,13.9486],[108.2278,13.9459],[108.2274,13.9453],[108.2267,13.9452],[108.2278,13.9447],[108.2286,13.9447],[108.2313,13.947],[108.2344,13.9481],[108.235,13.9487],[108.2355,13.9503],[108.2357,13.9547],[108.2368,13.9562],[108.2391,13.958],[108.2395,13.9587],[108.2392,13.9608],[108.2396,13.9619],[108.241,13.9617],[108.243,13.9586],[108.2464,13.9553],[108.2486,13.9539],[108.2494,13.9538],[108.2501,13.9546],[108.2507,13.9571],[108.2493,13.9617],[108.2495,13.9637],[108.2549,13.9667],[108.2558,13.9678],[108.2562,13.9692],[108.2573,13.9703],[108.2593,13.971],[108.2668,13.9716],[108.2695,13.9709],[108.2709,13.9713],[108.2712,13.9734],[108.2702,13.9765],[108.2694,13.9777],[108.2673,13.9789],[108.2668,13.9796],[108.2667,13.9808],[108.2674,13.9823],[108.2683,13.9821],[108.2703,13.9805],[108.2715,13.9805],[108.2721,13.9815],[108.2717,13.9841],[108.2729,13.9849],[108.2745,13.9853],[108.2754,13.9848],[108.2765,13.9832],[108.2772,13.9799],[108.2787,13.9795],[108.2794,13.9805],[108.2805,13.9852],[108.2814,13.9862],[108.2828,13.9867],[108.2839,13.9864],[108.2849,13.9854],[108.286,13.9818],[108.2872,13.9812],[108.2881,13.9812],[108.2885,13.9824],[108.2874,13.9855],[108.2869,13.9891],[108.2895,13.9946],[108.2905,13.9949],[108.2924,13.9945],[108.2936,13.9938],[108.2947,13.9925],[108.2956,13.9924],[108.2981,13.9941],[108.3022,13.9954],[108.3027,13.997],[108.3044,13.9985],[108.3044,14.0007],[108.3063,14.0059],[108.3082,14.0064],[108.3116,14.0042],[108.3124,14.004],[108.3139,14.0077],[108.3149,14.0082],[108.3156,14.0095],[108.3155,14.0111],[108.3159,14.0118],[108.3158,14.0133],[108.3154,14.0138],[108.3154,14.0208],[108.3166,14.0241],[108.3169,14.027],[108.3187,14.0282],[108.3198,14.0303],[108.3204,14.0324],[108.3203,14.035],[108.3183,14.0383],[108.3176,14.041],[108.3167,14.042],[108.3155,14.0447],[108.3127,14.0467],[108.3112,14.0504],[108.3071,14.0539],[108.3069,14.0552],[108.3056,14.0558],[108.3018,14.0551],[108.2991,14.0559],[108.2948,14.0552],[108.2944,14.0559],[108.2919,14.0576],[108.2866,14.0608],[108.2829,14.0611],[108.2821,14.0635],[108.2826,14.0651],[108.282,14.0656],[108.2805,14.0658],[108.2747,14.0683],[108.2714,14.0721],[108.2667,14.0734],[108.2659,14.0745],[108.2626,14.0752],[108.2625,14.0781],[108.2602,14.0802],[108.2593,14.083],[108.2558,14.0864],[108.2546,14.0867],[108.2536,14.0885],[108.2535,14.0898],[108.2545,14.0934],[108.2561,14.0958],[108.2609,14.099],[108.2612,14.1015],[108.2625,14.103],[108.2628,14.1039],[108.2621,14.1099],[108.2584,14.1156],[108.257,14.1163],[108.258,14.1171],[108.2593,14.117],[108.2614,14.1192],[108.2649,14.1181],[108.2653,14.1191],[108.2645,14.1208],[108.2652,14.123],[108.2646,14.1239],[108.2644,14.1253],[108.2628,14.1256],[108.2622,14.127],[108.2616,14.1275],[108.2629,14.1295],[108.2609,14.1306],[108.2612,14.1312],[108.2624,14.1312],[108.2619,14.1316],[108.2624,14.132],[108.2626,14.1331],[108.2631,14.1334],[108.2628,14.1347],[108.2638,14.1345],[108.2627,14.1368],[108.2619,14.1366],[108.2608,14.1372],[108.2614,14.1382],[108.2612,14.1407],[108.2623,14.1419],[108.2624,14.1436],[108.2631,14.1446],[108.2631,14.1451],[108.2621,14.1465],[108.2597,14.1487],[108.2568,14.1504],[108.2565,14.1512],[108.2559,14.1507],[108.2547,14.1509],[108.252,14.1505],[108.2498,14.1495],[108.2493,14.1497],[108.249,14.1503]]]},"properties":{"code":"23794","name":"Mang Yang","nameEn":"Mang Yang","fullName":"Xã Mang Yang","fullNameEn":"Mang Yang Commune","codeName":"mang_yang","postalCode":"62718","postalCodePrefix":"","gisServerId":"diaphanhanhchinhcapxa_2025.3026","areaKm2":173.59},"id":"23794"},
{"type":"Feature","geometry":{"type":"Polygon","coordinates":[[[108.3238,14.2342],[108.3218,14.235],[108.3198,14.2352],[108.3172,14.2348],[108.3152,14.2358],[108.3118,14.2382],[108.3095,14.2392],[108.309,14.235],[108.3077,14.2339],[108.3067,14.2312],[108.3011,14.2301],[108.2996,14.2295],[108.2972,14.2297],[108.2961,14.229],[108.2946,14.2308],[108.2928,14.2311],[108.292,14.2316],[108.2898,14.2343],[108.2878,14.2353],[108.2856,14.237],[108.284,14.2373],[108.2817,14.2389],[108.2772,14.2367],[108.2763,14.235],[108.2763,14.2339],[108.2756,14.2328],[108.2742,14.2319],[108.2698,14.2314],[108.2691,14.2305],[108.2691,14.2285],[108.2686,14.2272],[108.2659,14.2259],[108.2669,14.2251],[108.2683,14.2253],[108.2691,14.2247],[108.2696,14.2238],[108.2688,14.2216],[108.2678,14.2194],[108.2662,14.2188],[108.2664,14.2177],[108.265,14.2158],[108.2642,14.2137],[108.2633,14.2128],[108.2619,14.2125],[108.2606,14.2107],[108.2602,14.2074],[108.2593,14.2056],[108.2613,14.2025],[108.2625,14.2025],[108.2635,14.2017],[108.2648,14.2017],[108.2654,14.2001],[108.2644,14.1965],[108.2653,14.1938],[108.2621,14.1907],[108.2629,14.1877],[108.2619,14.187],[108.2608,14.1867],[108.2602,14.1857],[108.2605,14.1842],[108.2612,14.1838],[108.2599,14.1809],[108.2602,14.1805],[108.2618,14.1802],[108.2618,14.1787],[108.2634,14.1773],[108.2639,14.1749],[108.2668,14.1723],[108.2666,14.1706],[108.2679,14.1677],[108.2674,14.1669],[108.2672,14.1653],[108.2661,14.164],[108.2664,14.162],[108.2658,14.1608],[108.2658,14.1574],[108.265,14.1566],[108.2616,14.1575],[108.2605,14.1586],[108.2577,14.1586],[108.257,14.1593],[108.2558,14.1593],[108.2547,14.1585],[108.2532,14.1566],[108.2525,14.1535],[108.2501,14.1529],[108.249,14.1503],[108.2493,14.1497],[108.2498,14.1495],[108.252,14.1505],[108.2547,14.1509],[108.2559,14.1507],[108.2565,14.1512],[108.2568,14.1504],[108.2597,14.1487],[108.2621,14.1465],[108.2631,14.1451],[108.2631,14.1446],[108.2624,14.1436],[108.2623,14.1419],[108.2612,14.1407],[108.2614,14.1382],[108.2608,14.1372],[108.2619,14.1366],[108.2627,14.1368],[108.2638,14.1345],[108.2628,14.1347],[108.2631,14.1334],[108.2626,14.1331],[108.2624,14.132],[108.2619,14.1316],[108.2624,14.1312],[108.2612,14.1312],[108.2609,14.1306],[108.2629,14.1295],[108.2616,14.1275],[108.2622,14.127],[108.2628,14.1256],[108.2644,14.1253],[108.2646,14.1239],[108.2652,14.123],[108.2645,14.1208],[108.2653,14.1191],[108.2649,14.1181],[108.2614,14.1192],[108.2593,14.117],[108.258,14.1171],[108.257,14.1163],[108.2584,14.1156],[108.2621,14.1099],[108.2628,14.1039],[108.2625,14.103],[108.2612,14.1015],[108.2609,14.099],[108.2561,14.0958],[108.2545,14.0934],[108.2535,14.0898],[108.2536,14.0885],[108.2546,14.0867],[108.2558,14.0864],[108.2593,14.083],[108.2602,14.0802],[108.2625,14.0781],[108.2626,14.0752],[108.2659,14.0745],[108.2667,14.0734],[108.2714,14.0721],[108.2747,14.0683],[108.2805,14.0658],[108.282,14.0656],[108.2826,14.0651],[108.2821,14.0635],[108.2829,14.0611],[108.2866,14.0608],[108.2919,14.0576],[108.2944,14.0559],[108.2948,14.0552],[108.2991,14.0559],[108.3018,14.0551],[108.3056,14.0558],[108.3069,14.0552],[108.3061,14.0581],[108.3062,14.0588],[108.3074,14.0584],[108.3086,14.0589],[108.3096,14.0603],[108.3125,14.0623],[108.3135,14.0619],[108.3145,14.0627],[108.3161,14.0625],[108.3164,14.0652],[108.3154,14.0672],[108.3204,14.068],[108.3198,14.0722],[108.3176,14.0727],[108.3186,14.0737],[108.3202,14.0727],[108.3226,14.0721],[108.3236,14.0725],[108.3246,14.0736],[108.3266,14.0736],[108.3296,14.0721],[108.3298,14.0717],[108.3295,14.0711],[108.3311,14.0691],[108.3312,14.0684],[108.3325,14.0675],[108.3346,14.0684],[108.3348,14.07],[108.3363,14.0709],[108.3383,14.0713],[108.3404,14.0709],[108.3408,14.0701],[108.3397,14.0694],[108.3393,14.0667],[108.3395,14.0621],[108.3411,14.0603],[108.3422,14.0595],[108.3425,14.0585],[108.3423,14.0576],[108.3444,14.0543],[108.3451,14.0542],[108.3474,14.0562],[108.3493,14.0569],[108.3494,14.0559],[108.3483,14.0538],[108.3489,14.0496],[108.3498,14.0489],[108.3496,14.0478],[108.3502,14.0479],[108.3507,14.047],[108.3537,14.0464],[108.354,14.047],[108.3531,14.0478],[108.3539,14.0479],[108.3546,14.0469],[108.3547,14.0457],[108.3553,14.0452],[108.3561,14.0468],[108.358,14.0471],[108.358,14.0485],[108.3587,14.0491],[108.3587,14.0501],[108.3591,14.0504],[108.3604,14.0501],[108.3613,14.0517],[108.3626,14.0523],[108.364,14.0516],[108.3662,14.0524],[108.3673,14.0516],[108.3674,14.0524],[108.367,14.0528],[108.3665,14.0544],[108.3669,14.0554],[108.3657,14.0557],[108.3664,14.0566],[108.3685,14.0565],[108.3704,14.056],[108.3721,14.0569],[108.3717,14.059],[108.3701,14.0594],[108.3704,14.0603],[108.3698,14.064],[108.3705,14.0665],[108.3699,14.0669],[108.3683,14.0669],[108.3684,14.0693],[108.3681,14.0695],[108.3687,14.0709],[108.3685,14.0724],[108.3677,14.0733],[108.3681,14.075],[108.3671,14.0751],[108.3676,14.0758],[108.3673,14.0766],[108.3658,14.0787],[108.3656,14.0796],[108.3661,14.0835],[108.3658,14.0851],[108.366,14.0872],[108.3668,14.0892],[108.3666,14.0924],[108.3662,14.094],[108.3666,14.0954],[108.368,14.0966],[108.3687,14.1003],[108.3692,14.1002],[108.3701,14.1008],[108.3711,14.1045],[108.3699,14.107],[108.3693,14.1075],[108.369,14.1089],[108.3662,14.1129],[108.3652,14.1132],[108.3648,14.1141],[108.3638,14.1147],[108.3623,14.115],[108.3616,14.1157],[108.3603,14.1158],[108.36,14.12],[108.3592,14.1228],[108.3595,14.1242],[108.3569,14.1307],[108.3564,14.1359],[108.3579,14.1376],[108.3574,14.1385],[108.3575,14.1397],[108.3565,14.1417],[108.3579,14.1492],[108.3579,14.1518],[108.3571,14.1531],[108.3586,14.1548],[108.3591,14.155],[108.3602,14.1545],[108.3621,14.1563],[108.3605,14.1576],[108.3596,14.1596],[108.3582,14.1606],[108.3586,14.1613],[108.3588,14.1632],[108.3595,14.1639],[108.3655,14.164],[108.3674,14.1652],[108.369,14.1654],[108.3695,14.1666],[108.3688,14.1681],[108.3698,14.1691],[108.3713,14.1698],[108.3737,14.1717],[108.3732,14.1731],[108.3704,14.174],[108.3699,14.1752],[108.3705,14.1761],[108.3702,14.177],[108.3704,14.1783],[108.3689,14.1807],[108.3677,14.1816],[108.3682,14.1826],[108.3682,14.1848],[108.3675,14.1869],[108.3676,14.19],[108.367,14.1916],[108.367,14.1935],[108.3659,14.1943],[108.3646,14.1936],[108.363,14.1973],[108.3634,14.1995],[108.3625,14.2009],[108.3626,14.203],[108.3619,14.2056],[108.3624,14.2069],[108.3621,14.2075],[108.3613,14.2079],[108.3579,14.2057],[108.3569,14.2061],[108.3546,14.2079],[108.3533,14.2099],[108.3524,14.2097],[108.3512,14.21],[108.3495,14.2084],[108.3483,14.2083],[108.3473,14.2097],[108.346,14.2135],[108.346,14.216],[108.3447,14.2157],[108.3411,14.2196],[108.3401,14.22],[108.3401,14.2214],[108.3388,14.222],[108.3381,14.2226],[108.3388,14.224],[108.3387,14.2251],[108.3372,14.2289],[108.3353,14.2291],[108.3338,14.2301],[108.3321,14.2293],[108.3304,14.2299],[108.3272,14.23],[108.3261,14.2313],[108.3237,14.2322],[108.3234,14.2331],[108.3238,14.2342]]]},"properties":{"code":"23798","name":"Ayun","nameEn":"Ayun","fullName":"Xã Ayun","fullNameEn":"Ayun Commune","codeName":"ayun","postalCode":"62711","postalCodePrefix":"","gisServerId":"diaphanhanhchinhcapxa_2025.3027","areaKm2":202.24},"id":"23798"},
{"type":"Feature","geometry":{"type":"Polygon","coordinates":[[[108.4355,14.1688],[108.4315,14.1688],[108.4306,14.1679],[108.4272,14.1697],[108.4234,14.1686],[108.4226,14.1681],[108.4212,14.1692],[108.4192,14.1691],[108.4172,14.1678],[108.4168,14.1665],[108.4156,14.1657],[108.4149,14.1645],[108.4126,14.1637],[108.4103,14.1638],[108.4087,14.1644],[108.4068,14.1675],[108.4057,14.1684],[108.4049,14.1684],[108.4037,14.1672],[108.4024,14.1668],[108.4022,14.1641],[108.4013,14.1624],[108.3999,14.1611],[108.3985,14.1609],[108.3979,14.1605],[108.3962,14.1604],[108.3948,14.1593],[108.3933,14.1589],[108.3935,14.1552],[108.3912,14.155],[108.3904,14.1558],[108.3872,14.1554],[108.3872,14.156],[108.3861,14.1567],[108.3861,14.1592],[108.3854,14.1599],[108.385,14.1598],[108.3842,14.1602],[108.3838,14.1635],[108.3831,14.1641],[108.3811,14.1642],[108.38,14.1651],[108.3789,14.1652],[108.3796,14.166],[108.3821,14.1671],[108.3822,14.1675],[108.3813,14.1695],[108.3792,14.1696],[108.3787,14.1719],[108.3771,14.1723],[108.3759,14.1713],[108.3749,14.1711],[108.3737,14.1717],[108.3713,14.1698],[108.3698,14.1691],[108.3688,14.1681],[108.3695,14.1666],[108.369,14.1654],[108.3674,14.1652],[108.3655,14.164],[108.3595,14.1639],[108.3588,14.1632],[108.3586,14.1613],[108.3582,14.1606],[108.3596,14.1596],[108.3605,14.1576],[108.3621,14.1563],[108.3602,14.1545],[108.3591,14.155],[108.3586,14.1548],[108.3571,14.1531],[108.3579,14.1518],[108.3579,14.1492],[108.3565,14.1417],[108.3575,14.1397],[108.3574,14.1385],[108.3579,14.1376],[108.3564,14.1359],[108.3569,14.1307],[108.3595,14.1242],[108.3592,14.1228],[108.36,14.12],[108.3603,14.1158],[108.3616,14.1157],[108.3623,14.115],[108.3638,14.1147],[108.3648,14.1141],[108.3652,14.1132],[108.3662,14.1129],[108.369,14.1089],[108.3693,14.1075],[108.3699,14.107],[108.3711,14.1045],[108.3701,14.1008],[108.3692,14.1002],[108.3687,14.1003],[108.368,14.0966],[108.3666,14.0954],[108.3662,14.094],[108.3666,14.0924],[108.3668,14.0892],[108.366,14.0872],[108.3658,14.0851],[108.3661,14.0835],[108.3656,14.0796],[108.3658,14.0787],[108.3673,14.0766],[108.3676,14.0758],[108.3671,14.0751],[108.3681,14.075],[108.3677,14.0733],[108.3685,14.0724],[108.3687,14.0709],[108.3681,14.0695],[108.3684,14.0693],[108.3683,14.0669],[108.3699,14.0669],[108.3705,14.0665],[108.3698,14.064],[108.3704,14.0603],[108.3701,14.0594],[108.3717,14.059],[108.3721,14.0569],[108.3704,14.056],[108.3685,14.0565],[108.3664,14.0566],[108.3657,14.0557],[108.3669,14.0554],[108.3665,14.0544],[108.367,14.0528],[108.3674,14.0524],[108.3673,14.0516],[108.3662,14.0524],[108.364,14.0516],[108.3626,14.0523],[108.3613,14.0517],[108.3604,14.0501],[108.3591,14.0504],[108.3587,14.0501],[108.3587,14.0491],[108.358,14.0485],[108.358,14.0471],[108.3561,14.0468],[108.3553,14.0452],[108.3547,14.0457],[108.3546,14.0469],[108.3539,14.0479],[108.3531,14.0478],[108.354,14.047],[108.3537,14.0464],[108.3507,14.047],[108.3502,14.0479],[108.3496,14.0478],[108.3498,14.0489],[108.3489,14.0496],[108.3483,14.0538],[108.3494,14.0559],[108.3493,14.0569],[108.3474,14.0562],[108.3451,14.0542],[108.3444,14.0543],[108.3423,14.0576],[108.3425,14.0585],[108.3422,14.0595],[108.3411,14.0603],[108.3395,14.0621],[108.3393,14.0667],[108.3397,14.0694],[108.3408,14.0701],[108.3404,14.0709],[108.3383,14.0713],[108.3363,14.0709],[108.3348,14.07],[108.3346,14.0684],[108.3325,14.0675],[108.3312,14.0684],[108.3311,14.0691],[108.3295,14.0711],[108.3298,14.0717],[108.3296,14.0721],[108.3266,14.0736],[108.3246,14.0736],[108.3236,14.0725],[108.3226,14.0721],[108.3202,14.0727],[108.3186,14.0737],[108.3176,14.0727],[108.3198,14.0722],[108.3204,14.068],[108.3154,14.0672],[108.3164,14.0652],[108.3161,14.0625],[108.3145,14.0627],[108.3135,14.0619],[108.3125,14.0623],[108.3096,14.0603],[108.3086,14.0589],[108.3074,14.0584],[108.3062,14.0588],[108.3061,14.0581],[108.3069,14.0552],[108.3071,14.0539],[108.3112,14.0504],[108.3127,14.0467],[108.3155,14.0447],[108.3167,14.042],[108.3176,14.041],[108.3183,14.0383],[108.3203,14.035],[108.3204,14.0324],[108.3198,14.0303],[108.3187,14.0282],[108.3169,14.027],[108.3166,14.0241],[108.3154,14.0208],[108.3154,14.0138],[108.3158,14.0133],[108.3159,14.0118],[108.3155,14.0111],[108.3156,14.0095],[108.3149,14.0082],[108.3139,14.0077],[108.3124,14.004],[108.3122,14.0037],[108.3131,14.0032],[108.3129,14.0028],[108.3138,14.002],[108.3136,14.0012],[108.3144,14.0009],[108.315,14],[108.3148,13.9996],[108.3153,13.9997],[108.3167,13.9981],[108.3162,13.9973],[108.3199,13.9939],[108.3209,13.9933],[108.3217,13.9923],[108.3223,13.9901],[108.3233,13.9893],[108.3252,13.9825],[108.3266,13.9821],[108.3281,13.9808],[108.328,13.9799],[108.3285,13.9788],[108.3312,13.9756],[108.3353,13.977],[108.3363,13.9786],[108.3373,13.9788],[108.3377,13.9788],[108.3382,13.9773],[108.3388,13.9767],[108.3411,13.9763],[108.3416,13.9755],[108.3428,13.9752],[108.3437,13.9746],[108.3446,13.9748],[108.3454,13.976],[108.3471,13.9763],[108.3486,13.9762],[108.3502,13.9771],[108.3527,13.9775],[108.3544,13.981],[108.3575,13.984],[108.3619,13.985],[108.3631,13.9867],[108.3636,13.9864],[108.3641,13.9877],[108.3681,13.9906],[108.369,13.9908],[108.3702,13.9903],[108.3711,13.989],[108.371,13.9884],[108.3708,13.9878],[108.3701,13.9875],[108.3697,13.985],[108.3691,13.9846],[108.3689,13.9836],[108.369,13.9824],[108.3678,13.9822],[108.3671,13.9808],[108.3666,13.9782],[108.369,13.974],[108.3682,13.9727],[108.3699,13.972],[108.3702,13.9721],[108.3704,13.9717],[108.3708,13.9719],[108.371,13.971],[108.372,13.9708],[108.3727,13.9686],[108.3721,13.9684],[108.3723,13.9674],[108.3714,13.9663],[108.3715,13.9639],[108.3711,13.9631],[108.3719,13.9615],[108.3738,13.9606],[108.3738,13.959],[108.3749,13.9561],[108.376,13.9549],[108.3768,13.9522],[108.3796,13.9474],[108.3795,13.9462],[108.3818,13.9405],[108.3818,13.9379],[108.3836,13.9331],[108.389,13.9371],[108.3902,13.9423],[108.3916,13.9442],[108.3915,13.9457],[108.3932,13.9474],[108.3944,13.9502],[108.3954,13.9507],[108.3974,13.9497],[108.3998,13.9498],[108.4024,13.9507],[108.404,13.9503],[108.4053,13.9529],[108.4062,13.9564],[108.4098,13.9577],[108.4112,13.9588],[108.4117,13.9603],[108.413,13.9621],[108.4135,13.9638],[108.4142,13.9647],[108.4143,13.9658],[108.4154,13.9676],[108.4165,13.9685],[108.4164,13.9692],[108.4161,13.9724],[108.4155,13.9731],[108.4158,13.9752],[108.4149,13.978],[108.4151,13.9801],[108.4146,13.9823],[108.4156,13.9856],[108.4153,13.9885],[108.4161,13.9907],[108.416,13.9964],[108.4177,14.0015],[108.4194,14.0029],[108.4201,14.0043],[108.4225,14.0047],[108.4225,14.0064],[108.423,14.0073],[108.4206,14.0109],[108.4201,14.0126],[108.4214,14.0153],[108.4209,14.017],[108.4211,14.0179],[108.4206,14.0214],[108.42,14.0227],[108.4207,14.0232],[108.4206,14.0244],[108.4234,14.0281],[108.4231,14.0285],[108.4339,14.0284],[108.433,14.0296],[108.4331,14.0306],[108.4321,14.0332],[108.4317,14.0356],[108.4305,14.0383],[108.4342,14.0564],[108.4357,14.0596],[108.4388,14.0623],[108.4393,14.064],[108.4404,14.0647],[108.4417,14.0662],[108.4445,14.0678],[108.4456,14.0687],[108.4452,14.071],[108.446,14.0729],[108.4521,14.0782],[108.4537,14.0791],[108.4559,14.0795],[108.4576,14.0841],[108.4611,14.0873],[108.4615,14.0886],[108.4634,14.0905],[108.4637,14.0916],[108.461,14.1008],[108.4611,14.1053],[108.4602,14.109],[108.4604,14.1103],[108.4615,14.1124],[108.4614,14.1166],[108.4604,14.119],[108.4584,14.1194],[108.4576,14.1201],[108.4546,14.1254],[108.4547,14.1269],[108.4534,14.1275],[108.453,14.1288],[108.4531,14.1302],[108.4519,14.1312],[108.4518,14.1323],[108.4507,14.1335],[108.4502,14.135],[108.4481,14.1355],[108.4461,14.1365],[108.446,14.1382],[108.4441,14.1433],[108.4431,14.1442],[108.4428,14.1453],[108.4441,14.1477],[108.4434,14.1485],[108.4428,14.154],[108.4422,14.1553],[108.4401,14.1566],[108.4406,14.1584],[108.4396,14.1606],[108.4395,14.1627],[108.4387,14.1645],[108.4348,14.1667],[108.4355,14.1688]]]},"properties":{"code":"23799","name":"Hra","nameEn":"Hra","fullName":"Xã Hra","fullNameEn":"Hra Commune","codeName":"hra","postalCode":"62709","postalCodePrefix":"","gisServerId":"diaphanhanhchinhcapxa_2025.3028","areaKm2":230.89},"id":"23799"},
{"type":"Feature","geometry":{"type":"Polygon","coordinates":[[[108.3124,14.004],[108.3116,14.0042],[108.3082,14.0064],[108.3063,14.0059],[108.3044,14.0007],[108.3044,13.9985],[108.3027,13.997],[108.3022,13.9954],[108.2981,13.9941],[108.2956,13.9924],[108.2947,13.9925],[108.2936,13.9938],[108.2924,13.9945],[108.2905,13.9949],[108.2895,13.9946],[108.2869,13.9891],[108.2874,13.9855],[108.2885,13.9824],[108.2881,13.9812],[108.2872,13.9812],[108.286,13.9818],[108.2849,13.9854],[108.2839,13.9864],[108.2828,13.9867],[108.2814,13.9862],[108.2805,13.9852],[108.2794,13.9805],[108.2787,13.9795],[108.2772,13.9799],[108.2765,13.9832],[108.2754,13.9848],[108.2745,13.9853],[108.2729,13.9849],[108.2717,13.9841],[108.2721,13.9815],[108.2715,13.9805],[108.2703,13.9805],[108.2683,13.9821],[108.2674,13.9823],[108.2667,13.9808],[108.2668,13.9796],[108.2673,13.9789],[108.2694,13.9777],[108.2702,13.9765],[108.2712,13.9734],[108.2709,13.9713],[108.2695,13.9709],[108.2668,13.9716],[108.2593,13.971],[108.2573,13.9703],[108.2562,13.9692],[108.2558,13.9678],[108.2549,13.9667],[108.2495,13.9637],[108.2493,13.9617],[108.2507,13.9571],[108.2501,13.9546],[108.2494,13.9538],[108.2486,13.9539],[108.2464,13.9553],[108.243,13.9586],[108.241,13.9617],[108.2396,13.9619],[108.2392,13.9608],[108.2395,13.9587],[108.2391,13.958],[108.2368,13.9562],[108.2357,13.9547],[108.2355,13.9503],[108.235,13.9487],[108.2344,13.9481],[108.2313,13.947],[108.2286,13.9447],[108.2278,13.9447],[108.2267,13.9452],[108.2254,13.9459],[108.2238,13.9461],[108.223,13.9456],[108.2228,13.9444],[108.2236,13.9432],[108.2266,13.9423],[108.23,13.9423],[108.2344,13.9439],[108.2355,13.9436],[108.2358,13.9425],[108.2354,13.9416],[108.2347,13.9411],[108.2315,13.9402],[108.2308,13.9391],[108.2308,13.9374],[108.2329,13.9298],[108.2325,13.9281],[108.2314,13.9277],[108.229,13.9289],[108.2278,13.929],[108.2269,13.9287],[108.2258,13.9274],[108.2258,13.9235],[108.2263,13.9221],[108.2279,13.9208],[108.2307,13.9201],[108.2312,13.9194],[108.2311,13.9185],[108.2304,13.9176],[108.2269,13.9177],[108.2242,13.917],[108.2228,13.9161],[108.2223,13.9145],[108.2229,13.9134],[108.2237,13.9128],[108.2279,13.9125],[108.2291,13.9134],[108.2319,13.9176],[108.2341,13.9179],[108.2361,13.917],[108.2372,13.9152],[108.2372,13.9133],[108.2344,13.9098],[108.2324,13.9081],[108.2322,13.9073],[108.2329,13.9064],[108.2348,13.905],[108.2361,13.9055],[108.2371,13.9052],[108.244,13.8981],[108.2451,13.8952],[108.2445,13.8929],[108.2433,13.8918],[108.2398,13.8912],[108.2374,13.8891],[108.2359,13.8894],[108.2332,13.8883],[108.2328,13.8873],[108.233,13.8839],[108.2309,13.8813],[108.2287,13.8752],[108.2269,13.8722],[108.2256,13.8708],[108.2233,13.87],[108.2199,13.8704],[108.2185,13.8701],[108.219,13.8687],[108.2239,13.8669],[108.2249,13.8651],[108.2238,13.8635],[108.2222,13.8624],[108.2203,13.8616],[108.2189,13.8603],[108.2173,13.8564],[108.2164,13.8553],[108.2155,13.8547],[108.2146,13.8546],[108.2125,13.8553],[108.2121,13.8565],[108.2113,13.857],[108.2096,13.8571],[108.2077,13.8553],[108.2067,13.8526],[108.2054,13.8511],[108.2037,13.8504],[108.1994,13.8498],[108.1965,13.8486],[108.1927,13.8488],[108.1918,13.8496],[108.1908,13.8514],[108.1893,13.8512],[108.1859,13.8481],[108.1861,13.8475],[108.1889,13.8459],[108.1893,13.8452],[108.1876,13.8424],[108.1877,13.8419],[108.1885,13.8412],[108.1883,13.8398],[108.1869,13.8398],[108.1809,13.8431],[108.1799,13.8434],[108.1788,13.8432],[108.178,13.8416],[108.1779,13.8406],[108.1797,13.8369],[108.1796,13.8361],[108.1793,13.8357],[108.1775,13.8355],[108.1755,13.8344],[108.1743,13.8334],[108.1739,13.8324],[108.1747,13.8287],[108.1741,13.8265],[108.1665,13.8159],[108.1636,13.8139],[108.1624,13.812],[108.1627,13.8113],[108.1637,13.8102],[108.1646,13.8077],[108.1656,13.8074],[108.1673,13.808],[108.168,13.8073],[108.1654,13.804],[108.1659,13.8008],[108.1649,13.7993],[108.1642,13.7966],[108.1626,13.7943],[108.1621,13.792],[108.1606,13.7896],[108.1606,13.789],[108.1619,13.7874],[108.1642,13.787],[108.1662,13.7857],[108.1689,13.787],[108.1719,13.7867],[108.1734,13.7861],[108.1742,13.7853],[108.1762,13.7801],[108.1759,13.7785],[108.174,13.7777],[108.171,13.7774],[108.1696,13.7786],[108.1672,13.777],[108.1652,13.772],[108.1696,13.7701],[108.1712,13.7701],[108.1719,13.7705],[108.1753,13.7697],[108.1762,13.7682],[108.1768,13.7646],[108.1766,13.7642],[108.175,13.7631],[108.1738,13.7614],[108.1734,13.7603],[108.1734,13.7577],[108.1723,13.7571],[108.169,13.7563],[108.1691,13.7548],[108.1698,13.7538],[108.1718,13.7522],[108.1748,13.7512],[108.1751,13.7505],[108.1757,13.7509],[108.1761,13.7505],[108.1771,13.7508],[108.1776,13.75],[108.1781,13.7502],[108.1808,13.7493],[108.1817,13.7494],[108.1834,13.7504],[108.1859,13.75],[108.1874,13.7503],[108.1901,13.7502],[108.1997,13.7562],[108.2351,13.7583],[108.2381,13.7578],[108.2392,13.7606],[108.2379,13.7619],[108.2383,13.7628],[108.2397,13.763],[108.2428,13.7618],[108.2444,13.7622],[108.2446,13.7629],[108.2436,13.765],[108.2461,13.7677],[108.2465,13.7696],[108.2463,13.7709],[108.2446,13.7719],[108.2447,13.7736],[108.2453,13.7759],[108.2473,13.7806],[108.248,13.7846],[108.2478,13.7855],[108.2456,13.7852],[108.2453,13.7858],[108.2468,13.7873],[108.2505,13.7887],[108.2534,13.7915],[108.2535,13.7925],[108.2514,13.7949],[108.2507,13.7963],[108.2509,13.7968],[108.255,13.795],[108.256,13.7974],[108.2582,13.7986],[108.2586,13.8],[108.2594,13.8006],[108.2594,13.8014],[108.2583,13.8026],[108.2611,13.8032],[108.262,13.8046],[108.2615,13.805],[108.259,13.8049],[108.258,13.8038],[108.2567,13.8033],[108.2551,13.8057],[108.2551,13.8073],[108.2524,13.8077],[108.252,13.8081],[108.2524,13.8091],[108.2536,13.8101],[108.2537,13.8113],[108.2529,13.8122],[108.2528,13.8137],[108.256,13.8149],[108.2563,13.8158],[108.2561,13.8166],[108.2543,13.817],[108.2552,13.8205],[108.2548,13.8219],[108.2541,13.8225],[108.2559,13.8244],[108.2572,13.827],[108.2586,13.8286],[108.2584,13.8317],[108.2579,13.832],[108.2569,13.8342],[108.2574,13.836],[108.2603,13.8356],[108.2606,13.8346],[108.2615,13.8336],[108.261,13.8334],[108.2609,13.8328],[108.2618,13.8325],[108.2615,13.8315],[108.2633,13.8318],[108.2642,13.8307],[108.266,13.8311],[108.2664,13.8337],[108.2666,13.8334],[108.2684,13.8334],[108.2691,13.8316],[108.2697,13.8318],[108.2716,13.8311],[108.272,13.8306],[108.2721,13.8299],[108.2729,13.8296],[108.2801,13.8318],[108.2815,13.8329],[108.2816,13.8338],[108.2826,13.8333],[108.2845,13.8335],[108.286,13.8322],[108.2871,13.8324],[108.2884,13.8313],[108.2894,13.8314],[108.2924,13.8329],[108.2929,13.8335],[108.2931,13.8358],[108.2937,13.8365],[108.2945,13.8361],[108.2961,13.8368],[108.298,13.8356],[108.2991,13.8336],[108.3003,13.8326],[108.3005,13.8333],[108.3032,13.8343],[108.3053,13.8376],[108.3075,13.8383],[108.3091,13.8397],[108.3109,13.8438],[108.3113,13.8465],[108.3126,13.8482],[108.3169,13.8504],[108.3175,13.8518],[108.3198,13.8533],[108.3209,13.8545],[108.3231,13.8547],[108.3239,13.8584],[108.3265,13.8593],[108.3255,13.8624],[108.3259,13.8627],[108.3283,13.8632],[108.3293,13.863],[108.3311,13.8636],[108.3319,13.8643],[108.3339,13.8643],[108.3349,13.8642],[108.3373,13.8625],[108.3486,13.8622],[108.351,13.8636],[108.353,13.8631],[108.3574,13.8649],[108.3595,13.8639],[108.36,13.8633],[108.362,13.8633],[108.3637,13.8642],[108.3644,13.8662],[108.3662,13.8686],[108.3691,13.8704],[108.3694,13.8716],[108.3675,13.8724],[108.3675,13.8734],[108.3693,13.8754],[108.3694,13.8775],[108.3685,13.8797],[108.3681,13.8827],[108.3664,13.8863],[108.3673,13.8874],[108.3678,13.8888],[108.3674,13.8908],[108.3661,13.8934],[108.3669,13.895],[108.3663,13.8966],[108.3656,13.8974],[108.3672,13.8994],[108.369,13.8997],[108.3705,13.9007],[108.3705,13.9021],[108.3716,13.9039],[108.3718,13.9049],[108.3725,13.9052],[108.3729,13.9058],[108.3725,13.9081],[108.3736,13.9089],[108.3735,13.9102],[108.3747,13.9151],[108.3745,13.9186],[108.3764,13.9206],[108.3767,13.9213],[108.3765,13.924],[108.376,13.9247],[108.3765,13.9268],[108.3782,13.9261],[108.3805,13.9277],[108.3819,13.9312],[108.3836,13.9331],[108.3818,13.9379],[108.3818,13.9405],[108.3795,13.9462],[108.3796,13.9474],[108.3768,13.9522],[108.376,13.9549],[108.3749,13.9561],[108.3738,13.959],[108.3738,13.9606],[108.3719,13.9615],[108.3711,13.9631],[108.3715,13.9639],[108.3714,13.9663],[108.3723,13.9674],[108.3721,13.9684],[108.3727,13.9686],[108.372,13.9708],[108.371,13.971],[108.3708,13.9719],[108.3704,13.9717],[108.3702,13.9721],[108.3699,13.972],[108.3682,13.9727],[108.369,13.974],[108.3666,13.9782],[108.3671,13.9808],[108.3678,13.9822],[108.369,13.9824],[108.3689,13.9836],[108.3691,13.9846],[108.3697,13.985],[108.3701,13.9875],[108.3708,13.9878],[108.371,13.9884],[108.3711,13.989],[108.3702,13.9903],[108.369,13.9908],[108.3681,13.9906],[108.3641,13.9877],[108.3636,13.9864],[108.3631,13.9867],[108.3619,13.985],[108.3575,13.984],[108.3544,13.981],[108.3527,13.9775],[108.3502,13.9771],[108.3486,13.9762],[108.3471,13.9763],[108.3454,13.976],[108.3446,13.9748],[108.3437,13.9746],[108.3428,13.9752],[108.3416,13.9755],[108.3411,13.9763],[108.3388,13.9767],[108.3382,13.9773],[108.3377,13.9788],[108.3373,13.9788],[108.3363,13.9786],[108.3353,13.977],[108.3312,13.9756],[108.3285,13.9788],[108.328,13.9799],[108.3281,13.9808],[108.3266,13.9821],[108.3252,13.9825],[108.3233,13.9893],[108.3223,13.9901],[108.3217,13.9923],[108.3209,13.9933],[108.3199,13.9939],[108.3162,13.9973],[108.3167,13.9981],[108.3153,13.9997],[108.3148,13.9996],[108.315,14],[108.3144,14.0009],[108.3136,14.0012],[108.3138,14.002],[108.3129,14.0028],[108.3131,14.0032],[108.3122,14.0037],[108.3124,14.004]]]},"properties":{"code":"23812","name":"Lơ Pang","nameEn":"Lo Pang","fullName":"Xã Lơ Pang","fullNameEn":"Lo Pang Commune","codeName":"lo_pang","postalCode":"62713","postalCodePrefix":"","gisServerId":"diaphanhanhchinhcapxa_2025.3029","areaKm2":316.16},"id":"23812"},
{"type":"Feature","geometry":{"type":"Polygon","coordinates":[[[108.3669,13.8342],[108.3661,13.8361],[108.366,13.8382],[108.3673,13.842],[108.3715,13.8455],[108.3729,13.8484],[108.3731,13.8503],[108.3719,13.8507],[108.3716,13.8512],[108.371,13.8536],[108.3698,13.8553],[108.3691,13.8606],[108.3676,13.8625],[108.3678,13.8643],[108.369,13.8646],[108.3696,13.8667],[108.3695,13.8674],[108.3682,13.8693],[108.3691,13.8704],[108.3662,13.8686],[108.3644,13.8662],[108.3637,13.8642],[108.362,13.8633],[108.36,13.8633],[108.3595,13.8639],[108.3574,13.8649],[108.353,13.8631],[108.351,13.8636],[108.3486,13.8622],[108.3373,13.8625],[108.3349,13.8642],[108.3339,13.8643],[108.3319,13.8643],[108.3311,13.8636],[108.3293,13.863],[108.3283,13.8632],[108.3259,13.8627],[108.3255,13.8624],[108.3265,13.8593],[108.3239,13.8584],[108.3231,13.8547],[108.3209,13.8545],[108.3198,13.8533],[108.3175,13.8518],[108.3169,13.8504],[108.3126,13.8482],[108.3113,13.8465],[108.3109,13.8438],[108.3091,13.8397],[108.3075,13.8383],[108.3053,13.8376],[108.3032,13.8343],[108.3005,13.8333],[108.3003,13.8326],[108.2991,13.8336],[108.298,13.8356],[108.2961,13.8368],[108.2945,13.8361],[108.2937,13.8365],[108.2931,13.8358],[108.2929,13.8335],[108.2924,13.8329],[108.2894,13.8314],[108.2884,13.8313],[108.2871,13.8324],[108.286,13.8322],[108.2845,13.8335],[108.2826,13.8333],[108.2816,13.8338],[108.2815,13.8329],[108.2801,13.8318],[108.2729,13.8296],[108.2721,13.8299],[108.272,13.8306],[108.2716,13.8311],[108.2697,13.8318],[108.2691,13.8316],[108.2684,13.8334],[108.2666,13.8334],[108.2664,13.8337],[108.266,13.8311],[108.2642,13.8307],[108.2633,13.8318],[108.2615,13.8315],[108.2618,13.8325],[108.2609,13.8328],[108.261,13.8334],[108.2615,13.8336],[108.2606,13.8346],[108.2603,13.8356],[108.2574,13.836],[108.2569,13.8342],[108.2579,13.832],[108.2584,13.8317],[108.2586,13.8286],[108.2572,13.827],[108.2559,13.8244],[108.2541,13.8225],[108.2548,13.8219],[108.2552,13.8205],[108.2543,13.817],[108.2561,13.8166],[108.2563,13.8158],[108.256,13.8149],[108.2528,13.8137],[108.2529,13.8122],[108.2537,13.8113],[108.2536,13.8101],[108.2524,13.8091],[108.252,13.8081],[108.2524,13.8077],[108.2551,13.8073],[108.2551,13.8057],[108.2567,13.8033],[108.258,13.8038],[108.259,13.8049],[108.2615,13.805],[108.262,13.8046],[108.2611,13.8032],[108.2583,13.8026],[108.2594,13.8014],[108.2594,13.8006],[108.2586,13.8],[108.2582,13.7986],[108.256,13.7974],[108.255,13.795],[108.2509,13.7968],[108.2507,13.7963],[108.2514,13.7949],[108.2535,13.7925],[108.2534,13.7915],[108.2505,13.7887],[108.2468,13.7873],[108.2453,13.7858],[108.2456,13.7852],[108.2478,13.7855],[108.248,13.7846],[108.2473,13.7806],[108.2453,13.7759],[108.2447,13.7736],[108.2446,13.7719],[108.2463,13.7709],[108.2465,13.7696],[108.2461,13.7677],[108.2436,13.765],[108.2446,13.7629],[108.2444,13.7622],[108.2428,13.7618],[108.2397,13.763],[108.2383,13.7628],[108.2379,13.7619],[108.2392,13.7606],[108.2381,13.7578],[108.2351,13.7583],[108.1997,13.7562],[108.1901,13.7502],[108.1887,13.7445],[108.1877,13.7428],[108.1879,13.7408],[108.1859,13.725],[108.184,13.7166],[108.1841,13.7156],[108.1837,13.7147],[108.1833,13.6972],[108.1827,13.6926],[108.183,13.6882],[108.1834,13.6865],[108.1828,13.6817],[108.1892,13.6829],[108.1991,13.6837],[108.2091,13.6876],[108.2135,13.6875],[108.2183,13.6861],[108.2334,13.684],[108.2386,13.6949],[108.2392,13.697],[108.2515,13.7066],[108.2635,13.704],[108.2757,13.6972],[108.2805,13.692],[108.2943,13.6785],[108.3054,13.6744],[108.3152,13.6764],[108.3167,13.6762],[108.3185,13.677],[108.3193,13.6762],[108.3208,13.6768],[108.3216,13.6764],[108.3223,13.6767],[108.3222,13.6775],[108.3226,13.6777],[108.324,13.6767],[108.3251,13.6773],[108.328,13.6766],[108.3283,13.6768],[108.328,13.6776],[108.3291,13.6785],[108.3307,13.6777],[108.3306,13.6788],[108.3322,13.6792],[108.3337,13.6774],[108.3333,13.6758],[108.3342,13.6754],[108.3339,13.6747],[108.3348,13.6742],[108.3352,13.6752],[108.3361,13.6742],[108.3357,13.673],[108.3363,13.6721],[108.3367,13.6725],[108.3367,13.6747],[108.3376,13.6749],[108.3382,13.6744],[108.3404,13.6762],[108.3421,13.6763],[108.3428,13.6782],[108.3419,13.6789],[108.3428,13.6798],[108.3439,13.6791],[108.3444,13.6794],[108.3445,13.6799],[108.3466,13.6802],[108.3465,13.6819],[108.3486,13.6823],[108.3487,13.6828],[108.3498,13.6825],[108.3502,13.6831],[108.3508,13.6829],[108.3545,13.6879],[108.3589,13.6899],[108.3596,13.6897],[108.3627,13.6908],[108.3638,13.6904],[108.3657,13.6905],[108.3693,13.6911],[108.3696,13.6925],[108.372,13.692],[108.3734,13.6921],[108.3752,13.6926],[108.3748,13.6931],[108.3775,13.6932],[108.3785,13.6941],[108.3782,13.6948],[108.3767,13.6961],[108.3754,13.6966],[108.3742,13.6962],[108.3734,13.6966],[108.3732,13.6972],[108.3743,13.6986],[108.3741,13.7001],[108.3746,13.7002],[108.3757,13.6991],[108.3762,13.6992],[108.378,13.7027],[108.3776,13.7057],[108.3783,13.7071],[108.3779,13.709],[108.3757,13.7097],[108.375,13.7103],[108.375,13.711],[108.3735,13.7116],[108.3724,13.7132],[108.3703,13.7148],[108.3727,13.7172],[108.3728,13.7179],[108.372,13.7192],[108.3724,13.7199],[108.3706,13.7216],[108.3697,13.7237],[108.3699,13.7256],[108.3689,13.7288],[108.3686,13.7291],[108.3673,13.7288],[108.3668,13.7293],[108.3669,13.7308],[108.366,13.7335],[108.3652,13.7344],[108.3633,13.7351],[108.363,13.7363],[108.3599,13.7402],[108.3593,13.7446],[108.3578,13.7485],[108.3577,13.7498],[108.3562,13.7526],[108.3555,13.7557],[108.3547,13.7563],[108.3535,13.7621],[108.3531,13.7734],[108.3543,13.7754],[108.3554,13.7763],[108.3598,13.7781],[108.3598,13.7791],[108.3607,13.7811],[108.362,13.7817],[108.3622,13.7829],[108.3638,13.7842],[108.3613,13.7868],[108.362,13.7881],[108.362,13.7892],[108.3641,13.7911],[108.3624,13.7949],[108.3629,13.7978],[108.3621,13.7984],[108.3628,13.799],[108.3625,13.8006],[108.3631,13.8012],[108.3673,13.8024],[108.3675,13.806],[108.3672,13.8068],[108.3664,13.8075],[108.3663,13.8097],[108.3678,13.8122],[108.3674,13.8135],[108.3683,13.8162],[108.3693,13.8168],[108.3701,13.8184],[108.3693,13.8192],[108.3699,13.8237],[108.3683,13.8246],[108.3676,13.8259],[108.3678,13.828],[108.3674,13.8286],[108.3664,13.8298],[108.365,13.8302],[108.3646,13.8308],[108.3646,13.8331],[108.3669,13.8342]]]},"properties":{"code":"23818","name":"Kon Chiêng","nameEn":"Kon Chieng","fullName":"Xã Kon Chiêng","fullNameEn":"Kon Chieng Commune","codeName":"kon_chieng","postalCode":"62717","postalCodePrefix":"","gisServerId":"diaphanhanhchinhcapxa_2025.3030","areaKm2":273.51},"id":"23818"},
{"type":"Feature","geometry":{"type":"Polygon","coordinates":[[[108.4691,13.6655],[108.4662,13.661],[108.4628,13.6497],[108.4632,13.6486],[108.4624,13.6473],[108.4628,13.6463],[108.4624,13.6448],[108.4625,13.6425],[108.4621,13.6405],[108.4629,13.6399],[108.4632,13.6384],[108.4637,13.6385],[108.4637,13.6382],[108.4642,13.638],[108.464,13.637],[108.4644,13.6363],[108.4658,13.6348],[108.4671,13.6344],[108.4676,13.6317],[108.4669,13.6311],[108.4662,13.6293],[108.4674,13.6285],[108.4677,13.6273],[108.4702,13.6253],[108.471,13.6256],[108.4714,13.6253],[108.4718,13.6261],[108.4759,13.6196],[108.4759,13.6188],[108.4791,13.6156],[108.4788,13.6148],[108.4793,13.6147],[108.4796,13.6135],[108.4801,13.6131],[108.4804,13.6129],[108.4816,13.6142],[108.4834,13.6149],[108.4862,13.6156],[108.4869,13.6152],[108.488,13.6156],[108.49,13.6149],[108.4906,13.6144],[108.4905,13.6141],[108.4922,13.6128],[108.492,13.6126],[108.4923,13.612],[108.4924,13.6123],[108.4928,13.6122],[108.4932,13.6125],[108.4934,13.6122],[108.4946,13.6129],[108.4949,13.6122],[108.4956,13.6126],[108.4965,13.6122],[108.4985,13.6093],[108.5008,13.6115],[108.5123,13.6126],[108.5154,13.6138],[108.5168,13.6133],[108.5205,13.6154],[108.5221,13.6138],[108.5222,13.6125],[108.5377,13.6254],[108.5447,13.6258],[108.5537,13.6302],[108.5543,13.6311],[108.5524,13.6331],[108.5524,13.634],[108.5535,13.6366],[108.5551,13.638],[108.5547,13.6403],[108.5537,13.6419],[108.5542,13.643],[108.5556,13.6435],[108.5559,13.6439],[108.5555,13.6446],[108.5548,13.6444],[108.5542,13.6459],[108.5545,13.6467],[108.5542,13.6475],[108.5548,13.6483],[108.5543,13.6499],[108.5537,13.6498],[108.5536,13.6491],[108.553,13.6491],[108.552,13.6503],[108.5503,13.6514],[108.5515,13.6525],[108.5524,13.6539],[108.5532,13.6609],[108.5529,13.6627],[108.5613,13.67],[108.5647,13.6741],[108.5651,13.6787],[108.564,13.6816],[108.5673,13.6883],[108.5666,13.6906],[108.5621,13.696],[108.5595,13.7006],[108.5571,13.7066],[108.5571,13.7099],[108.5575,13.7113],[108.5599,13.7135],[108.5597,13.7149],[108.5609,13.7191],[108.5609,13.7209],[108.5605,13.7228],[108.5587,13.7258],[108.5569,13.7286],[108.5524,13.7332],[108.5463,13.7407],[108.5446,13.7431],[108.5434,13.7462],[108.5427,13.7471],[108.5418,13.748],[108.5376,13.7504],[108.5371,13.752],[108.5379,13.756],[108.5375,13.757],[108.529,13.7669],[108.5294,13.7669],[108.5302,13.7663],[108.5327,13.7663],[108.5334,13.7669],[108.5366,13.7677],[108.5375,13.7675],[108.5402,13.7685],[108.5409,13.7683],[108.5424,13.7671],[108.543,13.767],[108.5452,13.7684],[108.5466,13.7725],[108.5491,13.7726],[108.5508,13.7733],[108.5528,13.7729],[108.5546,13.7731],[108.5561,13.7724],[108.5575,13.7736],[108.5575,13.7746],[108.5563,13.7758],[108.5562,13.7775],[108.5551,13.7793],[108.5539,13.7795],[108.5537,13.7785],[108.5535,13.7786],[108.5524,13.7804],[108.5515,13.7803],[108.5517,13.7816],[108.5502,13.785],[108.549,13.7851],[108.5483,13.786],[108.5471,13.7865],[108.5473,13.7872],[108.5468,13.7879],[108.5461,13.7881],[108.5459,13.7894],[108.545,13.7893],[108.5449,13.7898],[108.5439,13.7903],[108.544,13.7909],[108.5436,13.7922],[108.5444,13.7925],[108.5444,13.7928],[108.5431,13.7936],[108.542,13.7963],[108.5416,13.7962],[108.5407,13.797],[108.54,13.7968],[108.5382,13.7988],[108.5368,13.8019],[108.5362,13.8026],[108.5365,13.8042],[108.5364,13.8076],[108.538,13.8132],[108.5387,13.8187],[108.5334,13.8204],[108.5313,13.8197],[108.5298,13.8204],[108.5294,13.8211],[108.5264,13.821],[108.5235,13.8205],[108.5189,13.8188],[108.5172,13.8159],[108.5163,13.8122],[108.5153,13.8102],[108.5147,13.8099],[108.5114,13.8102],[108.5107,13.8092],[108.5101,13.8094],[108.5099,13.8101],[108.5113,13.8118],[108.5112,13.8126],[108.5117,13.813],[108.5118,13.8137],[108.5129,13.814],[108.5129,13.8144],[108.5152,13.8176],[108.5151,13.8187],[108.5139,13.8197],[108.5125,13.822],[108.5146,13.8251],[108.5128,13.8256],[108.5133,13.827],[108.5124,13.8277],[108.5132,13.8285],[108.5111,13.8309],[108.51,13.8308],[108.5096,13.8319],[108.5085,13.8316],[108.5079,13.8328],[108.5069,13.8334],[108.506,13.833],[108.5051,13.8318],[108.5037,13.8328],[108.503,13.832],[108.5021,13.8325],[108.5014,13.8323],[108.501,13.8332],[108.4992,13.8338],[108.4985,13.8337],[108.4966,13.8323],[108.4944,13.8326],[108.493,13.8319],[108.4915,13.8329],[108.4902,13.8321],[108.4894,13.8325],[108.489,13.8314],[108.4884,13.832],[108.487,13.8321],[108.4861,13.833],[108.4837,13.8336],[108.482,13.8317],[108.4807,13.8315],[108.479,13.8326],[108.4792,13.8331],[108.4784,13.8341],[108.4776,13.8337],[108.4759,13.8342],[108.4741,13.8336],[108.4735,13.8329],[108.4731,13.8331],[108.4709,13.8322],[108.4702,13.8332],[108.4692,13.8316],[108.4683,13.8317],[108.4672,13.8311],[108.4662,13.8318],[108.4655,13.8315],[108.4637,13.8331],[108.4641,13.8319],[108.4637,13.8316],[108.4635,13.8297],[108.4641,13.8277],[108.4658,13.8257],[108.4658,13.8252],[108.4672,13.8246],[108.4677,13.8248],[108.4677,13.8238],[108.4686,13.8227],[108.4696,13.8222],[108.4703,13.8226],[108.4704,13.822],[108.4699,13.8217],[108.4705,13.8211],[108.4708,13.8201],[108.4694,13.8169],[108.4708,13.816],[108.4684,13.8148],[108.469,13.8121],[108.4662,13.8102],[108.4662,13.8089],[108.4669,13.808],[108.468,13.8049],[108.4664,13.8047],[108.4662,13.8033],[108.4657,13.8029],[108.4627,13.802],[108.463,13.8009],[108.4617,13.7997],[108.4614,13.7973],[108.4607,13.7963],[108.4591,13.7956],[108.4582,13.7937],[108.4597,13.7931],[108.4601,13.7914],[108.4596,13.79],[108.46,13.7891],[108.4583,13.7856],[108.458,13.7833],[108.4584,13.7815],[108.46,13.7818],[108.4626,13.7833],[108.4631,13.7826],[108.4633,13.7807],[108.4641,13.7805],[108.4644,13.7798],[108.465,13.7795],[108.4655,13.7797],[108.4666,13.7774],[108.4648,13.7762],[108.4651,13.7758],[108.4638,13.7741],[108.4643,13.7716],[108.4654,13.771],[108.4656,13.7697],[108.4671,13.7709],[108.4676,13.7693],[108.4683,13.769],[108.4684,13.7682],[108.469,13.7681],[108.4692,13.7676],[108.4702,13.7674],[108.4701,13.7662],[108.472,13.7656],[108.4725,13.762],[108.4741,13.7618],[108.4738,13.7598],[108.4753,13.76],[108.4757,13.7585],[108.4755,13.7568],[108.4765,13.7561],[108.4758,13.7551],[108.4766,13.7534],[108.4782,13.7523],[108.4769,13.7506],[108.4779,13.7499],[108.4781,13.7504],[108.4791,13.7498],[108.4787,13.7484],[108.4791,13.7476],[108.4833,13.7492],[108.484,13.7481],[108.4848,13.7478],[108.4861,13.7478],[108.4866,13.7486],[108.4879,13.7481],[108.489,13.7487],[108.4916,13.7485],[108.4924,13.748],[108.4925,13.7494],[108.4941,13.7488],[108.4951,13.7477],[108.4964,13.7474],[108.4979,13.7489],[108.4984,13.749],[108.5,13.7481],[108.5007,13.748],[108.5008,13.7475],[108.5016,13.7483],[108.5032,13.748],[108.5023,13.7478],[108.5026,13.7468],[108.5006,13.7461],[108.4999,13.7442],[108.4991,13.7442],[108.4963,13.743],[108.497,13.7417],[108.4954,13.7413],[108.4939,13.7397],[108.4938,13.7386],[108.4921,13.7379],[108.491,13.7352],[108.4912,13.7345],[108.4905,13.7336],[108.4911,13.7331],[108.4909,13.7322],[108.4915,13.7313],[108.4932,13.731],[108.4937,13.7302],[108.4959,13.7305],[108.4961,13.7293],[108.4971,13.7284],[108.4971,13.7271],[108.4962,13.7256],[108.4954,13.7223],[108.4938,13.722],[108.4931,13.7172],[108.4904,13.7167],[108.4831,13.7162],[108.4655,13.7105],[108.4649,13.7065],[108.4655,13.7054],[108.4666,13.7046],[108.4668,13.7024],[108.4675,13.7016],[108.4666,13.6997],[108.4669,13.6984],[108.4666,13.6976],[108.4649,13.6941],[108.4645,13.6904],[108.463,13.689],[108.4624,13.6877],[108.4632,13.6865],[108.4622,13.6845],[108.4621,13.6833],[108.4638,13.6812],[108.4643,13.6794],[108.4658,13.6782],[108.4666,13.6765],[108.4676,13.6732],[108.4656,13.6704],[108.4668,13.669],[108.4668,13.6679],[108.4673,13.6671],[108.4691,13.6655]]]},"properties":{"code":"23824","name":"Kông Chro","nameEn":"Kong Chro","fullName":"Xã Kông Chro","fullNameEn":"Kong Chro Commune","codeName":"kong_chro","postalCode":"62306","postalCodePrefix":"","gisServerId":"diaphanhanhchinhcapxa_2025.3031","areaKm2":200.79},"id":"23824"},
{"type":"Feature","geometry":{"type":"Polygon","coordinates":[[[108.3691,13.8704],[108.3682,13.8693],[108.3695,13.8674],[108.3696,13.8667],[108.369,13.8646],[108.3678,13.8643],[108.3676,13.8625],[108.3691,13.8606],[108.3698,13.8553],[108.371,13.8536],[108.3716,13.8512],[108.3719,13.8507],[108.3731,13.8503],[108.3729,13.8484],[108.3715,13.8455],[108.3673,13.842],[108.366,13.8382],[108.3661,13.8361],[108.3669,13.8342],[108.3693,13.8339],[108.3735,13.8362],[108.3765,13.837],[108.3793,13.8338],[108.3816,13.8332],[108.3843,13.8317],[108.3859,13.8318],[108.3879,13.8327],[108.3887,13.8337],[108.39,13.8344],[108.392,13.8335],[108.393,13.8326],[108.3962,13.8308],[108.3978,13.8304],[108.3982,13.8297],[108.401,13.8299],[108.4027,13.8281],[108.4045,13.8294],[108.4077,13.8288],[108.4147,13.8291],[108.4192,13.8313],[108.4208,13.8309],[108.4228,13.8316],[108.428,13.8308],[108.4286,13.8322],[108.4294,13.8328],[108.4302,13.8321],[108.4311,13.8324],[108.4317,13.8318],[108.4317,13.8312],[108.4321,13.831],[108.4322,13.8317],[108.4335,13.8314],[108.4348,13.8328],[108.4359,13.833],[108.4401,13.8318],[108.4411,13.8319],[108.4421,13.8329],[108.4429,13.8333],[108.4448,13.8318],[108.4459,13.8321],[108.4471,13.8333],[108.4505,13.8329],[108.453,13.8332],[108.4546,13.8338],[108.4546,13.8315],[108.4553,13.8312],[108.4562,13.8315],[108.4563,13.831],[108.4582,13.8316],[108.4592,13.8311],[108.4602,13.8311],[108.4623,13.8326],[108.4637,13.8316],[108.4641,13.8319],[108.4637,13.8331],[108.4655,13.8315],[108.4662,13.8318],[108.4672,13.8311],[108.4683,13.8317],[108.4692,13.8316],[108.4702,13.8332],[108.4709,13.8322],[108.4731,13.8331],[108.4735,13.8329],[108.4741,13.8336],[108.4759,13.8342],[108.4776,13.8337],[108.4784,13.8341],[108.4792,13.8331],[108.479,13.8326],[108.4807,13.8315],[108.482,13.8317],[108.4837,13.8336],[108.4861,13.833],[108.487,13.8321],[108.4884,13.832],[108.489,13.8314],[108.4894,13.8325],[108.4902,13.8321],[108.4915,13.8329],[108.493,13.8319],[108.4944,13.8326],[108.4966,13.8323],[108.4985,13.8337],[108.4992,13.8338],[108.501,13.8332],[108.5014,13.8323],[108.5021,13.8325],[108.503,13.832],[108.5037,13.8328],[108.5051,13.8318],[108.506,13.833],[108.5069,13.8334],[108.5079,13.8328],[108.5085,13.8316],[108.5096,13.8319],[108.51,13.8308],[108.5111,13.8309],[108.5132,13.8285],[108.5124,13.8277],[108.5133,13.827],[108.5128,13.8256],[108.5146,13.8251],[108.5125,13.822],[108.5139,13.8197],[108.5151,13.8187],[108.5152,13.8176],[108.5129,13.8144],[108.5129,13.814],[108.5118,13.8137],[108.5117,13.813],[108.5112,13.8126],[108.5113,13.8118],[108.5099,13.8101],[108.5101,13.8094],[108.5107,13.8092],[108.5114,13.8102],[108.5147,13.8099],[108.5153,13.8102],[108.5163,13.8122],[108.5172,13.8159],[108.5189,13.8188],[108.5235,13.8205],[108.5264,13.821],[108.5307,13.8222],[108.5311,13.8229],[108.5315,13.8254],[108.5303,13.8291],[108.5271,13.832],[108.5276,13.8331],[108.5273,13.8338],[108.5277,13.8353],[108.5263,13.8354],[108.5271,13.8362],[108.5256,13.838],[108.5251,13.8379],[108.5238,13.8387],[108.5227,13.8389],[108.524,13.8396],[108.523,13.841],[108.5244,13.8415],[108.5242,13.8418],[108.5249,13.8434],[108.5244,13.8438],[108.525,13.8438],[108.5255,13.8448],[108.5255,13.8457],[108.5262,13.846],[108.5267,13.8471],[108.5263,13.848],[108.5267,13.8488],[108.526,13.8489],[108.5262,13.8493],[108.5258,13.8502],[108.5253,13.8502],[108.525,13.8506],[108.5253,13.8509],[108.5263,13.8509],[108.526,13.8518],[108.5269,13.8517],[108.5275,13.853],[108.5276,13.854],[108.5269,13.8545],[108.527,13.855],[108.5266,13.8555],[108.5273,13.8572],[108.5268,13.8582],[108.5269,13.8588],[108.5283,13.8601],[108.5278,13.8616],[108.5268,13.8617],[108.5278,13.8622],[108.5275,13.8625],[108.527,13.8623],[108.5278,13.8637],[108.5274,13.8641],[108.5278,13.8642],[108.5278,13.8647],[108.5274,13.865],[108.5285,13.866],[108.528,13.867],[108.5295,13.8685],[108.5292,13.8695],[108.5288,13.8699],[108.5287,13.8712],[108.5293,13.8729],[108.5283,13.874],[108.5281,13.8755],[108.5267,13.8771],[108.5243,13.8781],[108.5226,13.8798],[108.5181,13.8801],[108.5139,13.8814],[108.5102,13.8815],[108.5071,13.8828],[108.5067,13.8835],[108.5062,13.8871],[108.5055,13.8881],[108.5046,13.8883],[108.5059,13.8894],[108.5058,13.8907],[108.5066,13.8919],[108.5062,13.892],[108.5062,13.8928],[108.5052,13.8931],[108.5053,13.8949],[108.5043,13.8951],[108.5032,13.8965],[108.5027,13.8989],[108.5012,13.9001],[108.5014,13.9016],[108.5008,13.902],[108.5004,13.9037],[108.4996,13.9044],[108.4995,13.9075],[108.4986,13.9089],[108.4997,13.9105],[108.4991,13.9112],[108.5,13.9112],[108.4996,13.9116],[108.4997,13.9121],[108.499,13.9124],[108.4994,13.9133],[108.4999,13.9133],[108.4996,13.9139],[108.4985,13.9142],[108.4987,13.9149],[108.4983,13.9156],[108.4965,13.9161],[108.4953,13.9171],[108.4942,13.9196],[108.4927,13.9203],[108.4921,13.9211],[108.4915,13.9209],[108.4895,13.9226],[108.4869,13.9232],[108.4826,13.9234],[108.4794,13.9246],[108.4789,13.9261],[108.4781,13.9266],[108.4779,13.9273],[108.4767,13.9275],[108.4752,13.929],[108.4728,13.9298],[108.4727,13.9317],[108.4717,13.9337],[108.472,13.9358],[108.4718,13.9368],[108.4689,13.9387],[108.4655,13.9428],[108.4637,13.9462],[108.4625,13.9472],[108.4605,13.9464],[108.4589,13.9474],[108.4573,13.9473],[108.4572,13.9496],[108.4561,13.9531],[108.4543,13.9562],[108.4542,13.9585],[108.4527,13.9592],[108.4526,13.9603],[108.4471,13.9593],[108.4468,13.9602],[108.4448,13.9613],[108.4416,13.9616],[108.4406,13.9604],[108.4402,13.9585],[108.439,13.9583],[108.4384,13.9575],[108.4371,13.9572],[108.4347,13.9586],[108.4332,13.959],[108.4314,13.9589],[108.4304,13.9594],[108.4296,13.9608],[108.43,13.962],[108.4285,13.9694],[108.4276,13.9691],[108.4262,13.9675],[108.4234,13.9671],[108.4219,13.968],[108.4201,13.9702],[108.4189,13.9701],[108.4164,13.9692],[108.4165,13.9685],[108.4154,13.9676],[108.4143,13.9658],[108.4142,13.9647],[108.4135,13.9638],[108.413,13.9621],[108.4117,13.9603],[108.4112,13.9588],[108.4098,13.9577],[108.4062,13.9564],[108.4053,13.9529],[108.404,13.9503],[108.4024,13.9507],[108.3998,13.9498],[108.3974,13.9497],[108.3954,13.9507],[108.3944,13.9502],[108.3932,13.9474],[108.3915,13.9457],[108.3916,13.9442],[108.3902,13.9423],[108.389,13.9371],[108.3836,13.9331],[108.3819,13.9312],[108.3805,13.9277],[108.3782,13.9261],[108.3765,13.9268],[108.376,13.9247],[108.3765,13.924],[108.3767,13.9213],[108.3764,13.9206],[108.3745,13.9186],[108.3747,13.9151],[108.3735,13.9102],[108.3736,13.9089],[108.3725,13.9081],[108.3729,13.9058],[108.3725,13.9052],[108.3718,13.9049],[108.3716,13.9039],[108.3705,13.9021],[108.3705,13.9007],[108.369,13.8997],[108.3672,13.8994],[108.3656,13.8974],[108.3663,13.8966],[108.3669,13.895],[108.3661,13.8934],[108.3674,13.8908],[108.3678,13.8888],[108.3673,13.8874],[108.3664,13.8863],[108.3681,13.8827],[108.3685,13.8797],[108.3694,13.8775],[108.3693,13.8754],[108.3675,13.8734],[108.3675,13.8724],[108.3694,13.8716],[108.3691,13.8704]]]},"properties":{"code":"23830","name":"Chư Krey","nameEn":"Chu Krey","fullName":"Xã Chư Krey","fullNameEn":"Chu Krey Commune","codeName":"chu_krey","postalCode":"62311","postalCodePrefix":"","gisServerId":"diaphanhanhchinhcapxa_2025.3032","areaKm2":195.59},"id":"23830"},
{"type":"Feature","geometry":{"type":"Polygon","coordinates":[[[108.604,13.8792],[108.6033,13.8799],[108.6024,13.884],[108.6017,13.8853],[108.5996,13.8858],[108.5976,13.8878],[108.5966,13.8882],[108.5958,13.8882],[108.5952,13.8877],[108.5945,13.888],[108.5945,13.8872],[108.5937,13.8872],[108.5937,13.8887],[108.5926,13.8897],[108.5894,13.8901],[108.5872,13.8885],[108.5861,13.8889],[108.585,13.8883],[108.5826,13.8897],[108.5797,13.89],[108.5788,13.8908],[108.5783,13.8905],[108.5782,13.8893],[108.5764,13.8858],[108.5708,13.8842],[108.5685,13.885],[108.5645,13.8887],[108.5626,13.8898],[108.5616,13.8912],[108.5602,13.8919],[108.5567,13.8907],[108.5557,13.8897],[108.5541,13.8868],[108.5547,13.8833],[108.5542,13.8815],[108.5531,13.881],[108.5508,13.881],[108.5465,13.8846],[108.5447,13.8872],[108.5448,13.8887],[108.5459,13.8913],[108.548,13.8937],[108.5491,13.8966],[108.5478,13.9026],[108.5459,13.9042],[108.5437,13.9047],[108.5408,13.9049],[108.5305,13.9037],[108.5296,13.9039],[108.5284,13.9052],[108.5247,13.9061],[108.5226,13.9064],[108.5193,13.906],[108.5169,13.9033],[108.5166,13.9015],[108.517,13.9],[108.5219,13.8959],[108.522,13.8948],[108.5205,13.8919],[108.5148,13.8872],[108.5125,13.8867],[108.5106,13.8854],[108.5098,13.8853],[108.5078,13.8871],[108.5055,13.8881],[108.5062,13.8871],[108.5067,13.8835],[108.5071,13.8828],[108.5102,13.8815],[108.5139,13.8814],[108.5181,13.8801],[108.5226,13.8798],[108.5243,13.8781],[108.5267,13.8771],[108.5281,13.8755],[108.5283,13.874],[108.5293,13.8729],[108.5287,13.8712],[108.5288,13.8699],[108.5292,13.8695],[108.5295,13.8685],[108.528,13.867],[108.5285,13.866],[108.5274,13.865],[108.5278,13.8647],[108.5278,13.8642],[108.5274,13.8641],[108.5278,13.8637],[108.527,13.8623],[108.5275,13.8625],[108.5278,13.8622],[108.5268,13.8617],[108.5278,13.8616],[108.5283,13.8601],[108.5269,13.8588],[108.5268,13.8582],[108.5273,13.8572],[108.5266,13.8555],[108.527,13.855],[108.5269,13.8545],[108.5276,13.854],[108.5275,13.853],[108.5269,13.8517],[108.526,13.8518],[108.5263,13.8509],[108.5253,13.8509],[108.525,13.8506],[108.5253,13.8502],[108.5258,13.8502],[108.5262,13.8493],[108.526,13.8489],[108.5267,13.8488],[108.5263,13.848],[108.5267,13.8471],[108.5262,13.846],[108.5255,13.8457],[108.5255,13.8448],[108.525,13.8438],[108.5244,13.8438],[108.5249,13.8434],[108.5242,13.8418],[108.5244,13.8415],[108.523,13.841],[108.524,13.8396],[108.5227,13.8389],[108.5238,13.8387],[108.5251,13.8379],[108.5256,13.838],[108.5271,13.8362],[108.5263,13.8354],[108.5277,13.8353],[108.5273,13.8338],[108.5276,13.8331],[108.5271,13.832],[108.5303,13.8291],[108.5315,13.8254],[108.5311,13.8229],[108.5307,13.8222],[108.5264,13.821],[108.5294,13.8211],[108.5298,13.8204],[108.5313,13.8197],[108.5334,13.8204],[108.5387,13.8187],[108.538,13.8132],[108.5364,13.8076],[108.5365,13.8042],[108.5362,13.8026],[108.5368,13.8019],[108.5382,13.7988],[108.54,13.7968],[108.5407,13.797],[108.5416,13.7962],[108.542,13.7963],[108.5431,13.7936],[108.5444,13.7928],[108.5444,13.7925],[108.5436,13.7922],[108.544,13.7909],[108.5439,13.7903],[108.5449,13.7898],[108.545,13.7893],[108.5459,13.7894],[108.5461,13.7881],[108.5468,13.7879],[108.5473,13.7872],[108.5471,13.7865],[108.5483,13.786],[108.549,13.7851],[108.5502,13.785],[108.5517,13.7816],[108.5515,13.7803],[108.5524,13.7804],[108.5535,13.7786],[108.5537,13.7785],[108.5539,13.7795],[108.5551,13.7793],[108.5562,13.7775],[108.5563,13.7758],[108.5575,13.7746],[108.5575,13.7736],[108.5561,13.7724],[108.5546,13.7731],[108.5528,13.7729],[108.5508,13.7733],[108.5491,13.7726],[108.5466,13.7725],[108.5452,13.7684],[108.543,13.767],[108.5424,13.7671],[108.5409,13.7683],[108.5402,13.7685],[108.5375,13.7675],[108.5366,13.7677],[108.5334,13.7669],[108.5327,13.7663],[108.5302,13.7663],[108.5294,13.7669],[108.529,13.7669],[108.5375,13.757],[108.5379,13.756],[108.5371,13.752],[108.5376,13.7504],[108.5418,13.748],[108.5427,13.7471],[108.5434,13.7462],[108.5446,13.7431],[108.5463,13.7407],[108.5524,13.7332],[108.5569,13.7286],[108.5587,13.7258],[108.5605,13.7228],[108.5609,13.7209],[108.5609,13.7191],[108.5597,13.7149],[108.5599,13.7135],[108.5605,13.7132],[108.5615,13.7135],[108.5643,13.7148],[108.5682,13.7158],[108.5712,13.718],[108.5761,13.7253],[108.5786,13.7276],[108.5788,13.7296],[108.5775,13.7336],[108.5788,13.7376],[108.5817,13.7406],[108.582,13.7426],[108.5818,13.7466],[108.5822,13.7481],[108.583,13.749],[108.5855,13.7502],[108.5895,13.7491],[108.5909,13.75],[108.5948,13.7544],[108.595,13.7557],[108.5942,13.7573],[108.5953,13.759],[108.5953,13.7606],[108.5987,13.7621],[108.599,13.7626],[108.5985,13.7637],[108.5987,13.7646],[108.5996,13.7655],[108.601,13.7655],[108.6016,13.767],[108.6024,13.768],[108.6039,13.7679],[108.6046,13.7674],[108.6067,13.7687],[108.6106,13.7751],[108.6139,13.7741],[108.6158,13.7724],[108.6169,13.7726],[108.6191,13.7716],[108.6226,13.7719],[108.6235,13.7715],[108.6275,13.7722],[108.6287,13.769],[108.6309,13.7683],[108.6329,13.7685],[108.6338,13.7679],[108.6377,13.7691],[108.6396,13.7681],[108.6418,13.7688],[108.6432,13.7688],[108.6442,13.7706],[108.6444,13.7728],[108.6461,13.773],[108.6488,13.7803],[108.6502,13.7806],[108.6513,13.7825],[108.6506,13.784],[108.6519,13.7864],[108.6479,13.7905],[108.6485,13.7911],[108.6489,13.7927],[108.6519,13.7947],[108.6521,13.796],[108.6535,13.7975],[108.6538,13.7987],[108.6572,13.799],[108.6568,13.8004],[108.6578,13.8028],[108.6576,13.807],[108.6623,13.812],[108.6624,13.8135],[108.663,13.8146],[108.6628,13.8155],[108.6613,13.8166],[108.6618,13.8207],[108.6578,13.8241],[108.658,13.8258],[108.6575,13.8279],[108.659,13.831],[108.6553,13.8327],[108.6502,13.8344],[108.6458,13.8367],[108.6445,13.8381],[108.6432,13.8383],[108.6416,13.8402],[108.6398,13.8413],[108.6384,13.8416],[108.6371,13.8444],[108.6356,13.8442],[108.6336,13.8458],[108.6322,13.8446],[108.6322,13.8436],[108.6314,13.842],[108.6298,13.842],[108.6282,13.8429],[108.627,13.8448],[108.6263,13.8451],[108.6266,13.8469],[108.6262,13.8476],[108.6266,13.8481],[108.6267,13.8497],[108.6277,13.8507],[108.6272,13.8534],[108.6265,13.854],[108.6262,13.8551],[108.6241,13.856],[108.6245,13.8567],[108.6239,13.8573],[108.6237,13.858],[108.6241,13.8591],[108.6236,13.8598],[108.6216,13.8603],[108.6215,13.8587],[108.6209,13.8587],[108.6209,13.8592],[108.6203,13.8597],[108.6195,13.8598],[108.6177,13.8589],[108.6163,13.8591],[108.6158,13.8584],[108.6152,13.859],[108.6142,13.8586],[108.614,13.8603],[108.6125,13.861],[108.6102,13.8606],[108.6085,13.8615],[108.6059,13.8614],[108.6049,13.8608],[108.6044,13.863],[108.6034,13.8649],[108.601,13.8669],[108.6,13.87],[108.5983,13.8719],[108.5986,13.874],[108.5982,13.8757],[108.5983,13.8763],[108.5996,13.8766],[108.6007,13.8777],[108.604,13.8792]]]},"properties":{"code":"23833","name":"Ya Ma","nameEn":"Ya Ma","fullName":"Xã Ya Ma","fullNameEn":"Ya Ma Commune","codeName":"ya_ma","postalCode":"62307","postalCodePrefix":"","gisServerId":"diaphanhanhchinhcapxa_2025.3033","areaKm2":176.88},"id":"23833"},
{"type":"Feature","geometry":{"type":"Polygon","coordinates":[[[108.7744,13.7972],[108.7736,13.7982],[108.7706,13.7991],[108.7695,13.7982],[108.7686,13.7947],[108.7668,13.7924],[108.7659,13.7925],[108.7644,13.7918],[108.7579,13.7915],[108.7567,13.7905],[108.7561,13.7912],[108.755,13.7917],[108.7529,13.791],[108.7527,13.7896],[108.7518,13.7891],[108.7499,13.7896],[108.749,13.7907],[108.7486,13.7927],[108.7478,13.7937],[108.7473,13.7953],[108.7468,13.7982],[108.7468,13.8005],[108.7464,13.8012],[108.7453,13.8017],[108.7432,13.805],[108.7427,13.8047],[108.7425,13.804],[108.7405,13.8033],[108.7395,13.8034],[108.739,13.8051],[108.7373,13.8044],[108.737,13.8034],[108.7381,13.8024],[108.7382,13.8016],[108.7379,13.8013],[108.7369,13.8014],[108.7362,13.7989],[108.7336,13.8011],[108.7332,13.8009],[108.7329,13.7996],[108.7324,13.7992],[108.7304,13.7996],[108.7298,13.8007],[108.7311,13.8023],[108.7298,13.8044],[108.7309,13.8064],[108.7311,13.8086],[108.7307,13.8094],[108.7312,13.8105],[108.7273,13.8112],[108.7274,13.8137],[108.726,13.816],[108.7258,13.8176],[108.7236,13.8201],[108.7233,13.8216],[108.7224,13.8221],[108.7225,13.8241],[108.7215,13.8249],[108.7214,13.8241],[108.7205,13.824],[108.7193,13.8254],[108.7194,13.8264],[108.7199,13.8264],[108.7204,13.8259],[108.7213,13.8265],[108.7197,13.8279],[108.7198,13.8303],[108.7181,13.8314],[108.7167,13.8313],[108.7156,13.8325],[108.7133,13.8332],[108.713,13.8344],[108.7117,13.8357],[108.7109,13.8375],[108.7099,13.8384],[108.7083,13.8387],[108.7075,13.84],[108.7058,13.84],[108.705,13.8405],[108.7036,13.8404],[108.7025,13.8413],[108.7014,13.8413],[108.701,13.8419],[108.7,13.842],[108.6997,13.843],[108.6976,13.8431],[108.6966,13.8437],[108.6939,13.8425],[108.6914,13.8402],[108.6864,13.8379],[108.6846,13.8361],[108.6824,13.8376],[108.6809,13.8378],[108.6793,13.8376],[108.6787,13.8366],[108.677,13.8371],[108.6763,13.8368],[108.6755,13.8356],[108.6749,13.8336],[108.6735,13.8322],[108.6736,13.8301],[108.6743,13.828],[108.671,13.8267],[108.6714,13.8237],[108.671,13.8229],[108.6689,13.8211],[108.6681,13.8208],[108.6656,13.8208],[108.6642,13.8203],[108.6618,13.8207],[108.6613,13.8166],[108.6628,13.8155],[108.663,13.8146],[108.6624,13.8135],[108.6623,13.812],[108.6576,13.807],[108.6578,13.8028],[108.6568,13.8004],[108.6572,13.799],[108.6538,13.7987],[108.6535,13.7975],[108.6521,13.796],[108.6519,13.7947],[108.6489,13.7927],[108.6485,13.7911],[108.6479,13.7905],[108.6519,13.7864],[108.6506,13.784],[108.6513,13.7825],[108.6502,13.7806],[108.6488,13.7803],[108.6461,13.773],[108.6444,13.7728],[108.6442,13.7706],[108.6432,13.7688],[108.6418,13.7688],[108.6396,13.7681],[108.6377,13.7691],[108.6338,13.7679],[108.6329,13.7685],[108.6309,13.7683],[108.6287,13.769],[108.6275,13.7722],[108.6235,13.7715],[108.6226,13.7719],[108.6191,13.7716],[108.6169,13.7726],[108.6158,13.7724],[108.6139,13.7741],[108.6106,13.7751],[108.6067,13.7687],[108.6046,13.7674],[108.6039,13.7679],[108.6024,13.768],[108.6016,13.767],[108.601,13.7655],[108.5996,13.7655],[108.5987,13.7646],[108.5985,13.7637],[108.599,13.7626],[108.5987,13.7621],[108.5953,13.7606],[108.5953,13.759],[108.5942,13.7573],[108.595,13.7557],[108.5948,13.7544],[108.5909,13.75],[108.5895,13.7491],[108.5855,13.7502],[108.583,13.749],[108.5822,13.7481],[108.5818,13.7466],[108.582,13.7426],[108.5817,13.7406],[108.5788,13.7376],[108.5775,13.7336],[108.5788,13.7296],[108.5786,13.7276],[108.5761,13.7253],[108.5712,13.718],[108.5682,13.7158],[108.5643,13.7148],[108.5615,13.7135],[108.5605,13.7132],[108.5599,13.7135],[108.5575,13.7113],[108.5571,13.7099],[108.5571,13.7066],[108.5595,13.7006],[108.5621,13.696],[108.5666,13.6906],[108.5673,13.6883],[108.564,13.6816],[108.5651,13.6787],[108.5647,13.6741],[108.5613,13.67],[108.5529,13.6627],[108.5532,13.6609],[108.5524,13.6539],[108.5515,13.6525],[108.5503,13.6514],[108.552,13.6503],[108.553,13.6491],[108.5536,13.6491],[108.5537,13.6498],[108.5543,13.6499],[108.5548,13.6483],[108.5542,13.6475],[108.5545,13.6467],[108.5542,13.6459],[108.5548,13.6444],[108.5555,13.6446],[108.5559,13.6439],[108.5556,13.6435],[108.5542,13.643],[108.5537,13.6419],[108.5547,13.6403],[108.5551,13.638],[108.5535,13.6366],[108.5524,13.634],[108.5524,13.6331],[108.5543,13.6311],[108.5537,13.6302],[108.5683,13.6274],[108.5708,13.6245],[108.5713,13.6228],[108.5731,13.6219],[108.5742,13.6192],[108.5742,13.6184],[108.575,13.6178],[108.5753,13.6168],[108.5751,13.6161],[108.5755,13.6158],[108.6019,13.6117],[108.6174,13.6083],[108.6296,13.6081],[108.6395,13.609],[108.6554,13.5941],[108.6566,13.5898],[108.6673,13.5855],[108.6695,13.5866],[108.6707,13.5889],[108.6718,13.5896],[108.6718,13.5905],[108.6734,13.5922],[108.6743,13.5925],[108.6748,13.5934],[108.6764,13.5945],[108.6785,13.5971],[108.6789,13.5981],[108.6786,13.6],[108.6788,13.6029],[108.68,13.6061],[108.6835,13.6047],[108.6855,13.6052],[108.687,13.6083],[108.6869,13.6091],[108.6875,13.6109],[108.6901,13.6131],[108.6916,13.6159],[108.6915,13.6185],[108.6926,13.6208],[108.6925,13.624],[108.693,13.6255],[108.6925,13.6273],[108.6925,13.6299],[108.6956,13.6349],[108.6949,13.6367],[108.6951,13.6385],[108.6961,13.6398],[108.6982,13.6414],[108.698,13.6447],[108.6966,13.6493],[108.6966,13.6521],[108.6975,13.6531],[108.6973,13.6559],[108.6991,13.6574],[108.6992,13.6598],[108.7,13.6615],[108.6995,13.6635],[108.6996,13.665],[108.698,13.6681],[108.698,13.6796],[108.6973,13.6813],[108.6963,13.6823],[108.6974,13.6864],[108.6971,13.6884],[108.6982,13.6906],[108.703,13.6972],[108.7056,13.6989],[108.7083,13.6987],[108.7096,13.7004],[108.7106,13.703],[108.7126,13.7037],[108.7163,13.7068],[108.7164,13.7074],[108.7159,13.7086],[108.7163,13.7111],[108.7184,13.7144],[108.7227,13.7165],[108.7215,13.7172],[108.7222,13.7192],[108.7213,13.7211],[108.7217,13.7234],[108.7226,13.725],[108.7223,13.7259],[108.7229,13.7293],[108.721,13.7328],[108.7205,13.7348],[108.7199,13.7353],[108.72,13.7362],[108.7185,13.7401],[108.7204,13.7421],[108.7211,13.7431],[108.7213,13.7446],[108.722,13.745],[108.7242,13.7477],[108.7249,13.7492],[108.7262,13.7491],[108.7273,13.7505],[108.7296,13.7522],[108.7323,13.7518],[108.7315,13.7536],[108.7314,13.7553],[108.7332,13.7561],[108.7345,13.7547],[108.7348,13.7553],[108.7344,13.7563],[108.7358,13.7585],[108.7361,13.7585],[108.7365,13.7575],[108.7393,13.759],[108.7407,13.7579],[108.7413,13.7593],[108.746,13.7581],[108.7473,13.7591],[108.7481,13.7572],[108.7485,13.7571],[108.7503,13.7625],[108.7497,13.7641],[108.7506,13.7656],[108.7494,13.766],[108.7492,13.7673],[108.7535,13.7687],[108.7564,13.7679],[108.7582,13.7697],[108.7596,13.7692],[108.7614,13.7707],[108.7628,13.7711],[108.7646,13.7741],[108.7667,13.7722],[108.7679,13.7726],[108.7683,13.7747],[108.7682,13.7783],[108.7667,13.7793],[108.7664,13.7802],[108.7666,13.7807],[108.7673,13.7807],[108.767,13.7826],[108.7682,13.7851],[108.7661,13.7871],[108.7662,13.7875],[108.7679,13.7884],[108.7668,13.7891],[108.7665,13.7897],[108.7678,13.7905],[108.7675,13.7919],[108.7685,13.7932],[108.772,13.7943],[108.7744,13.7972]]]},"properties":{"code":"23839","name":"SRó","nameEn":"SRo","fullName":"Xã SRó","fullNameEn":"SRo Commune","codeName":"sro","postalCode":"62317","postalCodePrefix":"","gisServerId":"diaphanhanhchinhcapxa_2025.3040","areaKm2":343.88},"id":"23839"},
{"type":"Feature","geometry":{"type":"Polygon","coordinates":[[[108.8504,13.5687],[108.8502,13.5707],[108.8521,13.5749],[108.852,13.5774],[108.8513,13.578],[108.8509,13.5795],[108.8505,13.5844],[108.8492,13.5867],[108.8489,13.5887],[108.8479,13.5901],[108.8462,13.5938],[108.8447,13.5949],[108.8438,13.5965],[108.8428,13.5974],[108.8402,13.5985],[108.8392,13.5998],[108.8386,13.6015],[108.8383,13.6038],[108.84,13.6061],[108.8413,13.6094],[108.8411,13.6103],[108.8394,13.6136],[108.8371,13.6149],[108.8342,13.6202],[108.835,13.6216],[108.8344,13.624],[108.8331,13.6244],[108.8319,13.6256],[108.8317,13.6273],[108.8308,13.6276],[108.8288,13.6302],[108.8285,13.6315],[108.8295,13.6336],[108.8284,13.6354],[108.8285,13.637],[108.8269,13.6392],[108.8253,13.6403],[108.8252,13.6437],[108.8236,13.6486],[108.822,13.6493],[108.8215,13.6499],[108.8208,13.6537],[108.8194,13.6576],[108.8196,13.6595],[108.8193,13.6611],[108.8195,13.6617],[108.8217,13.6633],[108.8213,13.6636],[108.821,13.6657],[108.8204,13.6665],[108.8202,13.6684],[108.8208,13.6692],[108.8207,13.6711],[108.8215,13.6724],[108.8215,13.6737],[108.8207,13.6751],[108.8208,13.6759],[108.8202,13.6777],[108.8183,13.6807],[108.8187,13.6856],[108.818,13.6864],[108.818,13.6884],[108.8169,13.69],[108.8166,13.6919],[108.8154,13.6926],[108.815,13.6937],[108.814,13.6947],[108.8135,13.6964],[108.8144,13.6965],[108.8154,13.6979],[108.8165,13.6982],[108.8176,13.6995],[108.8239,13.6998],[108.826,13.7017],[108.8274,13.7019],[108.8314,13.7041],[108.8325,13.7058],[108.8328,13.7087],[108.8319,13.7105],[108.8316,13.7123],[108.8319,13.7136],[108.8312,13.7151],[108.8309,13.7253],[108.8318,13.727],[108.8333,13.7286],[108.8332,13.7318],[108.8341,13.7325],[108.8344,13.734],[108.8338,13.7361],[108.8345,13.7373],[108.8356,13.7378],[108.8356,13.7409],[108.8332,13.7431],[108.8331,13.7458],[108.8327,13.7466],[108.8329,13.7483],[108.8347,13.7507],[108.834,13.7535],[108.8335,13.7541],[108.8342,13.7571],[108.8337,13.7587],[108.8323,13.7597],[108.8284,13.7599],[108.8286,13.7613],[108.8277,13.7621],[108.8278,13.764],[108.8268,13.7647],[108.8265,13.7655],[108.8275,13.766],[108.827,13.7678],[108.8264,13.7691],[108.8254,13.7699],[108.8257,13.7715],[108.8254,13.773],[108.8245,13.774],[108.8244,13.7762],[108.825,13.7776],[108.8248,13.7784],[108.8265,13.7801],[108.8269,13.7813],[108.8277,13.7818],[108.8282,13.7854],[108.8275,13.7858],[108.8276,13.7872],[108.8283,13.7882],[108.8281,13.7913],[108.8258,13.7943],[108.8239,13.7942],[108.8228,13.795],[108.8231,13.796],[108.8224,13.7977],[108.823,13.7983],[108.823,13.7989],[108.8227,13.7996],[108.8214,13.8005],[108.8203,13.8006],[108.8181,13.8001],[108.8147,13.8035],[108.813,13.8041],[108.8097,13.8025],[108.8073,13.8031],[108.8065,13.8037],[108.8048,13.8043],[108.8045,13.8055],[108.803,13.8054],[108.8013,13.8069],[108.8009,13.8079],[108.801,13.8102],[108.8006,13.8112],[108.7983,13.8122],[108.7978,13.8133],[108.7967,13.8136],[108.796,13.8154],[108.7958,13.8173],[108.7967,13.8196],[108.7967,13.8215],[108.7963,13.8214],[108.7949,13.8228],[108.7931,13.8225],[108.7924,13.8221],[108.7928,13.8203],[108.7923,13.8185],[108.7914,13.8179],[108.7897,13.8183],[108.7888,13.8177],[108.7884,13.8153],[108.7875,13.8151],[108.7868,13.8143],[108.7858,13.8107],[108.7851,13.8101],[108.7842,13.8103],[108.7829,13.8097],[108.7822,13.8082],[108.7811,13.8072],[108.7808,13.8061],[108.7781,13.8055],[108.779,13.8027],[108.778,13.8014],[108.7752,13.8013],[108.7753,13.7985],[108.7744,13.7972],[108.772,13.7943],[108.7685,13.7932],[108.7675,13.7919],[108.7678,13.7905],[108.7665,13.7897],[108.7668,13.7891],[108.7679,13.7884],[108.7662,13.7875],[108.7661,13.7871],[108.7682,13.7851],[108.767,13.7826],[108.7673,13.7807],[108.7666,13.7807],[108.7664,13.7802],[108.7667,13.7793],[108.7682,13.7783],[108.7683,13.7747],[108.7679,13.7726],[108.7667,13.7722],[108.7646,13.7741],[108.7628,13.7711],[108.7614,13.7707],[108.7596,13.7692],[108.7582,13.7697],[108.7564,13.7679],[108.7535,13.7687],[108.7492,13.7673],[108.7494,13.766],[108.7506,13.7656],[108.7497,13.7641],[108.7503,13.7625],[108.7485,13.7571],[108.7481,13.7572],[108.7473,13.7591],[108.746,13.7581],[108.7413,13.7593],[108.7407,13.7579],[108.7393,13.759],[108.7365,13.7575],[108.7361,13.7585],[108.7358,13.7585],[108.7344,13.7563],[108.7348,13.7553],[108.7345,13.7547],[108.7332,13.7561],[108.7314,13.7553],[108.7315,13.7536],[108.7323,13.7518],[108.7296,13.7522],[108.7273,13.7505],[108.7262,13.7491],[108.7249,13.7492],[108.7242,13.7477],[108.722,13.745],[108.7213,13.7446],[108.7211,13.7431],[108.7204,13.7421],[108.7185,13.7401],[108.72,13.7362],[108.7199,13.7353],[108.7205,13.7348],[108.721,13.7328],[108.7229,13.7293],[108.7223,13.7259],[108.7226,13.725],[108.7217,13.7234],[108.7213,13.7211],[108.7222,13.7192],[108.7215,13.7172],[108.7227,13.7165],[108.7184,13.7144],[108.7163,13.7111],[108.7159,13.7086],[108.7164,13.7074],[108.7163,13.7068],[108.7126,13.7037],[108.7106,13.703],[108.7096,13.7004],[108.7083,13.6987],[108.7056,13.6989],[108.703,13.6972],[108.6982,13.6906],[108.6971,13.6884],[108.6974,13.6864],[108.6963,13.6823],[108.6973,13.6813],[108.698,13.6796],[108.698,13.6681],[108.6996,13.665],[108.6995,13.6635],[108.7,13.6615],[108.6992,13.6598],[108.6991,13.6574],[108.6973,13.6559],[108.6975,13.6531],[108.6966,13.6521],[108.6966,13.6493],[108.698,13.6447],[108.6982,13.6414],[108.6961,13.6398],[108.6951,13.6385],[108.6949,13.6367],[108.6956,13.6349],[108.6925,13.6299],[108.6925,13.6273],[108.693,13.6255],[108.6925,13.624],[108.6926,13.6208],[108.6915,13.6185],[108.6916,13.6159],[108.6901,13.6131],[108.6875,13.6109],[108.6869,13.6091],[108.687,13.6083],[108.6855,13.6052],[108.6835,13.6047],[108.68,13.6061],[108.6788,13.6029],[108.6786,13.6],[108.6789,13.5981],[108.6785,13.5971],[108.6764,13.5945],[108.6748,13.5934],[108.6743,13.5925],[108.6734,13.5922],[108.6718,13.5905],[108.6718,13.5896],[108.6707,13.5889],[108.6695,13.5866],[108.6673,13.5855],[108.6957,13.5833],[108.7104,13.5772],[108.7252,13.577],[108.7416,13.5569],[108.7424,13.5562],[108.7439,13.5566],[108.7451,13.5548],[108.7475,13.555],[108.7476,13.5643],[108.7479,13.5657],[108.7485,13.5663],[108.7521,13.5649],[108.7531,13.565],[108.7579,13.5626],[108.7588,13.5627],[108.7606,13.5621],[108.7623,13.5622],[108.7629,13.5618],[108.7643,13.5621],[108.766,13.5613],[108.7684,13.5619],[108.7693,13.5629],[108.7702,13.5651],[108.7745,13.5704],[108.7757,13.5705],[108.7776,13.569],[108.7796,13.5686],[108.7804,13.5688],[108.7805,13.5717],[108.7818,13.5729],[108.7845,13.5739],[108.7844,13.5744],[108.7834,13.5746],[108.7832,13.575],[108.7837,13.5761],[108.7853,13.5776],[108.7858,13.5774],[108.7894,13.5781],[108.7903,13.5774],[108.7947,13.5781],[108.8039,13.5771],[108.8144,13.577],[108.8151,13.5765],[108.8151,13.5754],[108.8159,13.5746],[108.8161,13.5729],[108.8179,13.5718],[108.8185,13.5709],[108.8201,13.5717],[108.8215,13.5728],[108.8219,13.5727],[108.8254,13.5689],[108.8266,13.5653],[108.8274,13.5649],[108.8308,13.5656],[108.8317,13.5663],[108.8331,13.5661],[108.8345,13.5663],[108.8375,13.5644],[108.8419,13.5646],[108.8444,13.5642],[108.8469,13.5656],[108.8485,13.566],[108.8487,13.5668],[108.8504,13.5687]]]},"properties":{"code":"23842","name":"Đăk Song","nameEn":"Dak Song","fullName":"Xã Đăk Song","fullNameEn":"Dak Song Commune","codeName":"dak_song","postalCode":"62318","postalCodePrefix":"","gisServerId":"diaphanhanhchinhcapxa_2025.3038","areaKm2":327.49},"id":"23842"},
{"type":"Feature","geometry":{"type":"Polygon","coordinates":[[[108.4637,13.8316],[108.4623,13.8326],[108.4602,13.8311],[108.4592,13.8311],[108.4582,13.8316],[108.4563,13.831],[108.4562,13.8315],[108.4553,13.8312],[108.4546,13.8315],[108.4546,13.8338],[108.453,13.8332],[108.4505,13.8329],[108.4471,13.8333],[108.4459,13.8321],[108.4448,13.8318],[108.4429,13.8333],[108.4421,13.8329],[108.4411,13.8319],[108.4401,13.8318],[108.4359,13.833],[108.4348,13.8328],[108.4335,13.8314],[108.4322,13.8317],[108.4321,13.831],[108.4317,13.8312],[108.4317,13.8318],[108.4311,13.8324],[108.4302,13.8321],[108.4294,13.8328],[108.4286,13.8322],[108.428,13.8308],[108.4228,13.8316],[108.4208,13.8309],[108.4192,13.8313],[108.4147,13.8291],[108.4077,13.8288],[108.4045,13.8294],[108.4027,13.8281],[108.401,13.8299],[108.3982,13.8297],[108.3978,13.8304],[108.3962,13.8308],[108.393,13.8326],[108.392,13.8335],[108.39,13.8344],[108.3887,13.8337],[108.3879,13.8327],[108.3859,13.8318],[108.3843,13.8317],[108.3816,13.8332],[108.3793,13.8338],[108.3765,13.837],[108.3735,13.8362],[108.3693,13.8339],[108.3669,13.8342],[108.3646,13.8331],[108.3646,13.8308],[108.365,13.8302],[108.3664,13.8298],[108.3674,13.8286],[108.3678,13.828],[108.3676,13.8259],[108.3683,13.8246],[108.3699,13.8237],[108.3693,13.8192],[108.3701,13.8184],[108.3693,13.8168],[108.3683,13.8162],[108.3674,13.8135],[108.3678,13.8122],[108.3663,13.8097],[108.3664,13.8075],[108.3672,13.8068],[108.3675,13.806],[108.3673,13.8024],[108.3631,13.8012],[108.3625,13.8006],[108.3628,13.799],[108.3621,13.7984],[108.3629,13.7978],[108.3624,13.7949],[108.3641,13.7911],[108.362,13.7892],[108.362,13.7881],[108.3613,13.7868],[108.3638,13.7842],[108.3622,13.7829],[108.362,13.7817],[108.3607,13.7811],[108.3598,13.7791],[108.3598,13.7781],[108.3554,13.7763],[108.3543,13.7754],[108.3531,13.7734],[108.3535,13.7621],[108.3547,13.7563],[108.3555,13.7557],[108.3562,13.7526],[108.3577,13.7498],[108.3578,13.7485],[108.3593,13.7446],[108.3599,13.7402],[108.363,13.7363],[108.3633,13.7351],[108.3652,13.7344],[108.366,13.7335],[108.3669,13.7308],[108.3668,13.7293],[108.3673,13.7288],[108.3686,13.7291],[108.3689,13.7288],[108.3699,13.7256],[108.3697,13.7237],[108.3706,13.7216],[108.3724,13.7199],[108.372,13.7192],[108.3728,13.7179],[108.3727,13.7172],[108.3703,13.7148],[108.3724,13.7132],[108.3735,13.7116],[108.375,13.711],[108.375,13.7103],[108.3757,13.7097],[108.3779,13.709],[108.3783,13.7071],[108.3776,13.7057],[108.378,13.7027],[108.3762,13.6992],[108.3757,13.6991],[108.3746,13.7002],[108.3741,13.7001],[108.3743,13.6986],[108.3732,13.6972],[108.3734,13.6966],[108.3742,13.6962],[108.3754,13.6966],[108.3767,13.6961],[108.3782,13.6948],[108.3785,13.6941],[108.384,13.6931],[108.3962,13.6933],[108.4164,13.6824],[108.4238,13.6795],[108.4345,13.6719],[108.436,13.6715],[108.4367,13.6726],[108.4379,13.6721],[108.4388,13.6701],[108.44,13.669],[108.4423,13.6703],[108.4436,13.6677],[108.4448,13.6676],[108.4465,13.6664],[108.4472,13.6664],[108.4487,13.665],[108.4507,13.6639],[108.4522,13.6641],[108.4534,13.665],[108.454,13.665],[108.4573,13.6617],[108.4587,13.6609],[108.4615,13.662],[108.4637,13.6644],[108.4639,13.6654],[108.4691,13.6655],[108.4673,13.6671],[108.4668,13.6679],[108.4668,13.669],[108.4656,13.6704],[108.4676,13.6732],[108.4666,13.6765],[108.4658,13.6782],[108.4643,13.6794],[108.4638,13.6812],[108.4621,13.6833],[108.4622,13.6845],[108.4632,13.6865],[108.4624,13.6877],[108.463,13.689],[108.4645,13.6904],[108.4649,13.6941],[108.4666,13.6976],[108.4669,13.6984],[108.4666,13.6997],[108.4675,13.7016],[108.4668,13.7024],[108.4666,13.7046],[108.4655,13.7054],[108.4649,13.7065],[108.4655,13.7105],[108.4831,13.7162],[108.4904,13.7167],[108.4931,13.7172],[108.4938,13.722],[108.4954,13.7223],[108.4962,13.7256],[108.4971,13.7271],[108.4971,13.7284],[108.4961,13.7293],[108.4959,13.7305],[108.4937,13.7302],[108.4932,13.731],[108.4915,13.7313],[108.4909,13.7322],[108.4911,13.7331],[108.4905,13.7336],[108.4912,13.7345],[108.491,13.7352],[108.4921,13.7379],[108.4938,13.7386],[108.4939,13.7397],[108.4954,13.7413],[108.497,13.7417],[108.4963,13.743],[108.4991,13.7442],[108.4999,13.7442],[108.5006,13.7461],[108.5026,13.7468],[108.5023,13.7478],[108.5032,13.748],[108.5016,13.7483],[108.5008,13.7475],[108.5007,13.748],[108.5,13.7481],[108.4984,13.749],[108.4979,13.7489],[108.4964,13.7474],[108.4951,13.7477],[108.4941,13.7488],[108.4925,13.7494],[108.4924,13.748],[108.4916,13.7485],[108.489,13.7487],[108.4879,13.7481],[108.4866,13.7486],[108.4861,13.7478],[108.4848,13.7478],[108.484,13.7481],[108.4833,13.7492],[108.4791,13.7476],[108.4787,13.7484],[108.4791,13.7498],[108.4781,13.7504],[108.4779,13.7499],[108.4769,13.7506],[108.4782,13.7523],[108.4766,13.7534],[108.4758,13.7551],[108.4765,13.7561],[108.4755,13.7568],[108.4757,13.7585],[108.4753,13.76],[108.4738,13.7598],[108.4741,13.7618],[108.4725,13.762],[108.472,13.7656],[108.4701,13.7662],[108.4702,13.7674],[108.4692,13.7676],[108.469,13.7681],[108.4684,13.7682],[108.4683,13.769],[108.4676,13.7693],[108.4671,13.7709],[108.4656,13.7697],[108.4654,13.771],[108.4643,13.7716],[108.4638,13.7741],[108.4651,13.7758],[108.4648,13.7762],[108.4666,13.7774],[108.4655,13.7797],[108.465,13.7795],[108.4644,13.7798],[108.4641,13.7805],[108.4633,13.7807],[108.4631,13.7826],[108.4626,13.7833],[108.46,13.7818],[108.4584,13.7815],[108.458,13.7833],[108.4583,13.7856],[108.46,13.7891],[108.4596,13.79],[108.4601,13.7914],[108.4597,13.7931],[108.4582,13.7937],[108.4591,13.7956],[108.4607,13.7963],[108.4614,13.7973],[108.4617,13.7997],[108.463,13.8009],[108.4627,13.802],[108.4657,13.8029],[108.4662,13.8033],[108.4664,13.8047],[108.468,13.8049],[108.4669,13.808],[108.4662,13.8089],[108.4662,13.8102],[108.469,13.8121],[108.4684,13.8148],[108.4708,13.816],[108.4694,13.8169],[108.4708,13.8201],[108.4705,13.8211],[108.4699,13.8217],[108.4704,13.822],[108.4703,13.8226],[108.4696,13.8222],[108.4686,13.8227],[108.4677,13.8238],[108.4677,13.8248],[108.4672,13.8246],[108.4658,13.8252],[108.4658,13.8257],[108.4641,13.8277],[108.4635,13.8297],[108.4637,13.8316]]]},"properties":{"code":"23851","name":"Chơ Long","nameEn":"Cho Long","fullName":"Xã Chơ Long","fullNameEn":"Cho Long Commune","codeName":"cho_long","postalCode":"62314","postalCodePrefix":"","gisServerId":"diaphanhanhchinhcapxa_2025.3025","areaKm2":195.07},"id":"23851"},
{"type":"Feature","geometry":{"type":"Polygon","coordinates":[[[107.6628,13.6809],[107.6666,13.6826],[107.6673,13.6833],[107.6681,13.683],[107.6687,13.684],[107.6694,13.6839],[107.6696,13.6853],[107.6706,13.6849],[107.6719,13.6856],[107.6725,13.6849],[107.6743,13.6857],[107.6762,13.6879],[107.6772,13.688],[107.6781,13.6889],[107.6785,13.6902],[107.6796,13.6902],[107.6804,13.6927],[107.6827,13.6927],[107.6839,13.6943],[107.6854,13.6942],[107.6864,13.6954],[107.6886,13.6951],[107.6892,13.6954],[107.6907,13.6982],[107.6943,13.7006],[107.6953,13.7032],[107.7006,13.7033],[107.702,13.7066],[107.7055,13.7065],[107.7094,13.7052],[107.7161,13.7055],[107.7198,13.7033],[107.7235,13.7025],[107.7271,13.6998],[107.7278,13.7002],[107.7285,13.7015],[107.7297,13.7011],[107.7301,13.7001],[107.7321,13.6978],[107.7325,13.6969],[107.7325,13.6944],[107.734,13.6924],[107.7352,13.6931],[107.7365,13.6947],[107.7369,13.696],[107.7389,13.6977],[107.7399,13.6994],[107.7412,13.6997],[107.7429,13.6985],[107.7453,13.6978],[107.7468,13.6964],[107.7478,13.6937],[107.7485,13.6931],[107.7533,13.6924],[107.7549,13.6934],[107.7558,13.6945],[107.7563,13.6965],[107.7583,13.6973],[107.7607,13.703],[107.7623,13.705],[107.7624,13.7066],[107.7641,13.7082],[107.7649,13.7076],[107.7661,13.7077],[107.7669,13.7072],[107.7675,13.7072],[107.7678,13.7094],[107.7669,13.7121],[107.7675,13.7142],[107.7674,13.7158],[107.767,13.7182],[107.7661,13.7189],[107.766,13.7193],[107.7673,13.7202],[107.7676,13.7213],[107.7687,13.7209],[107.7695,13.7214],[107.7697,13.7219],[107.7698,13.7224],[107.7692,13.7228],[107.7678,13.7255],[107.7697,13.725],[107.7698,13.7261],[107.7714,13.7269],[107.7703,13.7281],[107.7707,13.7295],[107.7703,13.7318],[107.7729,13.7327],[107.7749,13.7353],[107.7761,13.7359],[107.7758,13.7368],[107.7761,13.7374],[107.7764,13.7374],[107.7769,13.7393],[107.7791,13.7398],[107.7792,13.7407],[107.7783,13.7418],[107.7788,13.7432],[107.7784,13.7431],[107.7758,13.7492],[107.773,13.7498],[107.7699,13.754],[107.7669,13.7613],[107.7676,13.7618],[107.7658,13.7632],[107.7656,13.7636],[107.7662,13.7647],[107.765,13.7657],[107.7646,13.7669],[107.7642,13.7666],[107.7635,13.7666],[107.762,13.7687],[107.7576,13.7704],[107.7576,13.7708],[107.7564,13.7717],[107.7563,13.7728],[107.7555,13.774],[107.756,13.7772],[107.756,13.7789],[107.7565,13.7798],[107.7565,13.7808],[107.7553,13.7832],[107.7554,13.7871],[107.7548,13.7877],[107.7535,13.788],[107.7523,13.7902],[107.7495,13.7912],[107.7479,13.7904],[107.7464,13.7923],[107.7464,13.7937],[107.746,13.7942],[107.7464,13.7974],[107.7458,13.7988],[107.744,13.7967],[107.7426,13.7965],[107.7413,13.7972],[107.741,13.7963],[107.7408,13.7966],[107.7402,13.796],[107.74,13.7963],[107.7394,13.7951],[107.7386,13.7956],[107.7378,13.7954],[107.7376,13.7943],[107.7371,13.794],[107.7375,13.7937],[107.737,13.7933],[107.7369,13.7939],[107.7363,13.7929],[107.7358,13.793],[107.7367,13.7941],[107.7367,13.7948],[107.7362,13.7949],[107.737,13.7966],[107.7362,13.7973],[107.7376,13.7984],[107.7369,13.799],[107.7373,13.7993],[107.7374,13.8001],[107.7368,13.8005],[107.7368,13.8015],[107.7376,13.8019],[107.7377,13.8034],[107.7387,13.8042],[107.7392,13.806],[107.7397,13.8062],[107.739,13.8079],[107.7398,13.8088],[107.7406,13.8112],[107.741,13.8137],[107.7407,13.8144],[107.7383,13.8173],[107.7322,13.8167],[107.7255,13.8188],[107.7224,13.819],[107.7189,13.8179],[107.714,13.815],[107.7094,13.8129],[107.7026,13.8141],[107.7011,13.8178],[107.6967,13.8162],[107.6944,13.815],[107.6929,13.8167],[107.6918,13.8161],[107.6913,13.8151],[107.6896,13.8154],[107.6894,13.8144],[107.6808,13.8148],[107.68,13.8135],[107.6765,13.813],[107.678,13.8083],[107.6772,13.808],[107.6715,13.8075],[107.6679,13.8079],[107.6614,13.8105],[107.6586,13.8111],[107.6575,13.8111],[107.6528,13.8095],[107.6582,13.7998],[107.6598,13.7981],[107.659,13.7958],[107.6578,13.791],[107.6588,13.7886],[107.664,13.7911],[107.6667,13.7911],[107.6688,13.7871],[107.6705,13.7882],[107.6724,13.7871],[107.6731,13.7892],[107.6749,13.7889],[107.6733,13.7859],[107.6731,13.7846],[107.6773,13.7822],[107.6774,13.783],[107.6803,13.7864],[107.6855,13.7836],[107.6862,13.7846],[107.6862,13.7861],[107.6868,13.7862],[107.6874,13.7843],[107.6869,13.7828],[107.686,13.7824],[107.6851,13.7807],[107.6854,13.7798],[107.685,13.7785],[107.684,13.7766],[107.6842,13.7744],[107.6829,13.7732],[107.6823,13.7704],[107.6793,13.7658],[107.6784,13.7627],[107.6763,13.7615],[107.6765,13.7606],[107.6773,13.7605],[107.6771,13.7599],[107.6779,13.7598],[107.6768,13.7592],[107.6771,13.7575],[107.6766,13.7562],[107.6772,13.7555],[107.6771,13.7541],[107.676,13.7534],[107.6766,13.7519],[107.6759,13.749],[107.6755,13.7486],[107.6723,13.7479],[107.671,13.7461],[107.6697,13.7466],[107.6683,13.7459],[107.6685,13.7456],[107.6693,13.7455],[107.67,13.744],[107.6699,13.7422],[107.6688,13.7416],[107.6693,13.7391],[107.6682,13.7383],[107.6681,13.7378],[107.6691,13.7349],[107.6701,13.7337],[107.67,13.7316],[107.6693,13.7312],[107.6705,13.73],[107.6697,13.7278],[107.6704,13.7261],[107.6705,13.7242],[107.6718,13.7238],[107.6726,13.7205],[107.6735,13.7191],[107.6752,13.7185],[107.6766,13.7167],[107.6762,13.7148],[107.6767,13.7138],[107.6765,13.7132],[107.6778,13.7118],[107.6747,13.7085],[107.6722,13.7081],[107.6715,13.7053],[107.6707,13.7042],[107.6712,13.7027],[107.6703,13.6994],[107.6704,13.6989],[107.6717,13.698],[107.6718,13.695],[107.6714,13.6943],[107.6699,13.6939],[107.6669,13.691],[107.6643,13.6836],[107.6628,13.6809]]]},"properties":{"code":"23857","name":"Đức Cơ","nameEn":"Duc Co","fullName":"Xã Đức Cơ","fullNameEn":"Duc Co Commune","codeName":"duc_co","postalCode":"61516","postalCodePrefix":"","gisServerId":"diaphanhanhchinhcapxa_2025.2936","areaKm2":124.66},"id":"23857"},
{"type":"Feature","geometry":{"type":"Polygon","coordinates":[[[107.7971,13.8778],[107.7962,13.8784],[107.7953,13.878],[107.7942,13.879],[107.7933,13.8787],[107.7928,13.8802],[107.7922,13.8799],[107.7919,13.8792],[107.7902,13.88],[107.7896,13.8798],[107.7892,13.8816],[107.7887,13.8807],[107.7879,13.8807],[107.7873,13.881],[107.7875,13.8814],[107.7872,13.8816],[107.7864,13.8811],[107.7858,13.8816],[107.7854,13.8812],[107.7839,13.8827],[107.7829,13.8824],[107.7825,13.8829],[107.7832,13.8838],[107.7825,13.8853],[107.7828,13.8868],[107.7797,13.8867],[107.7792,13.8863],[107.7801,13.8862],[107.7795,13.886],[107.7786,13.8864],[107.7779,13.8872],[107.7769,13.8864],[107.7765,13.8874],[107.7758,13.8876],[107.7747,13.8872],[107.7743,13.8859],[107.7726,13.888],[107.7716,13.8875],[107.77,13.888],[107.7695,13.8878],[107.7688,13.8884],[107.7669,13.8876],[107.7643,13.8876],[107.7639,13.8871],[107.7633,13.8876],[107.7624,13.8877],[107.7624,13.8886],[107.7613,13.8877],[107.7605,13.8879],[107.7592,13.8901],[107.758,13.8896],[107.7576,13.89],[107.7571,13.8891],[107.7562,13.8895],[107.7551,13.8888],[107.7544,13.8887],[107.7541,13.8893],[107.753,13.8895],[107.7526,13.8891],[107.752,13.8896],[107.751,13.8889],[107.7504,13.8901],[107.7492,13.8902],[107.7499,13.8926],[107.748,13.8935],[107.7471,13.8935],[107.7461,13.8949],[107.7454,13.8946],[107.746,13.8958],[107.7439,13.8952],[107.7436,13.8969],[107.7431,13.8969],[107.742,13.8978],[107.7423,13.8998],[107.7408,13.8991],[107.7409,13.8981],[107.7398,13.8986],[107.7388,13.8981],[107.7382,13.897],[107.7388,13.895],[107.738,13.8937],[107.7381,13.8934],[107.7373,13.8929],[107.7373,13.8919],[107.7361,13.8908],[107.7355,13.8909],[107.7356,13.888],[107.7365,13.8871],[107.7337,13.8859],[107.7314,13.8837],[107.7318,13.8834],[107.731,13.882],[107.7303,13.8822],[107.73,13.8818],[107.7304,13.8816],[107.7299,13.8808],[107.7295,13.8808],[107.7295,13.8798],[107.7282,13.8796],[107.7286,13.8775],[107.7285,13.8771],[107.7282,13.8772],[107.7271,13.8765],[107.7275,13.8755],[107.7267,13.8755],[107.7269,13.8751],[107.7251,13.8737],[107.7246,13.8727],[107.7237,13.8719],[107.7258,13.8707],[107.7281,13.8683],[107.731,13.8637],[107.7343,13.8604],[107.7335,13.8563],[107.7335,13.8542],[107.7342,13.8533],[107.7349,13.853],[107.7368,13.8481],[107.7382,13.8489],[107.7386,13.8474],[107.7364,13.8471],[107.7364,13.8467],[107.7355,13.8467],[107.7346,13.8455],[107.7337,13.8456],[107.7336,13.8452],[107.7327,13.8456],[107.7308,13.8435],[107.7297,13.8431],[107.7292,13.843],[107.7286,13.8441],[107.7252,13.8428],[107.7227,13.8428],[107.7216,13.8421],[107.7205,13.842],[107.7195,13.8423],[107.7193,13.8418],[107.718,13.841],[107.7142,13.8396],[107.7097,13.8393],[107.7085,13.8397],[107.7052,13.8381],[107.7035,13.8361],[107.702,13.8352],[107.6999,13.8344],[107.6992,13.8337],[107.697,13.833],[107.6963,13.8318],[107.6983,13.829],[107.6988,13.8289],[107.699,13.8277],[107.7009,13.8257],[107.7039,13.8239],[107.704,13.8223],[107.705,13.8207],[107.7042,13.8196],[107.7011,13.8178],[107.7026,13.8141],[107.7094,13.8129],[107.714,13.815],[107.7189,13.8179],[107.7224,13.819],[107.7255,13.8188],[107.7322,13.8167],[107.7383,13.8173],[107.7407,13.8144],[107.741,13.8137],[107.7406,13.8112],[107.7398,13.8088],[107.739,13.8079],[107.7397,13.8062],[107.7392,13.806],[107.7387,13.8042],[107.7377,13.8034],[107.7376,13.8019],[107.7368,13.8015],[107.7368,13.8005],[107.7374,13.8001],[107.7373,13.7993],[107.7369,13.799],[107.7376,13.7984],[107.7362,13.7973],[107.737,13.7966],[107.7362,13.7949],[107.7367,13.7948],[107.7367,13.7941],[107.7358,13.793],[107.7363,13.7929],[107.7369,13.7939],[107.737,13.7933],[107.7375,13.7937],[107.7371,13.794],[107.7376,13.7943],[107.7378,13.7954],[107.7386,13.7956],[107.7394,13.7951],[107.74,13.7963],[107.7402,13.796],[107.7408,13.7966],[107.741,13.7963],[107.7413,13.7972],[107.7426,13.7965],[107.744,13.7967],[107.7458,13.7988],[107.7464,13.7974],[107.746,13.7942],[107.7464,13.7937],[107.7464,13.7923],[107.7479,13.7904],[107.7495,13.7912],[107.7523,13.7902],[107.7535,13.788],[107.7548,13.7877],[107.7554,13.7871],[107.7553,13.7832],[107.7565,13.7808],[107.7565,13.7798],[107.756,13.7789],[107.756,13.7772],[107.7555,13.774],[107.7563,13.7728],[107.7564,13.7717],[107.7576,13.7708],[107.7576,13.7704],[107.762,13.7687],[107.7635,13.7666],[107.7642,13.7666],[107.7646,13.7669],[107.765,13.7657],[107.7662,13.7647],[107.7656,13.7636],[107.7658,13.7632],[107.7676,13.7618],[107.7669,13.7613],[107.7699,13.754],[107.773,13.7498],[107.7758,13.7492],[107.7784,13.7431],[107.7788,13.7432],[107.7783,13.7418],[107.7792,13.7407],[107.7791,13.7398],[107.7769,13.7393],[107.7764,13.7374],[107.7761,13.7374],[107.7758,13.7368],[107.7761,13.7359],[107.7749,13.7353],[107.7729,13.7327],[107.7703,13.7318],[107.7707,13.7295],[107.7703,13.7281],[107.7714,13.7269],[107.7698,13.7261],[107.7697,13.725],[107.7678,13.7255],[107.7692,13.7228],[107.7698,13.7224],[107.7697,13.7219],[107.7695,13.7214],[107.7687,13.7209],[107.7676,13.7213],[107.7673,13.7202],[107.766,13.7193],[107.7661,13.7189],[107.7671,13.7193],[107.7696,13.7183],[107.7703,13.7201],[107.773,13.7219],[107.7762,13.7225],[107.7783,13.7234],[107.7798,13.7249],[107.7802,13.7275],[107.7854,13.7319],[107.7944,13.734],[107.797,13.7359],[107.7998,13.7395],[107.8027,13.742],[107.8053,13.7425],[107.8058,13.7424],[107.8062,13.7415],[107.8072,13.7427],[107.806,13.7437],[107.8068,13.7452],[107.8066,13.7468],[107.8073,13.7474],[107.809,13.7476],[107.8091,13.7484],[107.8068,13.7509],[107.8088,13.7521],[107.8084,13.7534],[107.8088,13.7539],[107.8114,13.754],[107.811,13.7552],[107.8119,13.7568],[107.8118,13.759],[107.8135,13.7591],[107.8126,13.7603],[107.8132,13.7618],[107.8128,13.763],[107.8121,13.7633],[107.8122,13.7636],[107.8147,13.7649],[107.8158,13.7649],[107.8165,13.7644],[107.8161,13.7628],[107.8179,13.7627],[107.8212,13.7615],[107.8239,13.7632],[107.8256,13.7634],[107.8257,13.7629],[107.8246,13.7626],[107.8243,13.7622],[107.8265,13.7609],[107.8281,13.7613],[107.8302,13.7628],[107.829,13.7649],[107.8268,13.7662],[107.8304,13.768],[107.8305,13.7688],[107.8303,13.7691],[107.8287,13.7689],[107.8286,13.7692],[107.8249,13.7695],[107.8249,13.77],[107.8231,13.7714],[107.8229,13.7779],[107.8216,13.7805],[107.825,13.7849],[107.8257,13.7863],[107.8259,13.7881],[107.8259,13.7894],[107.8248,13.7899],[107.823,13.7919],[107.8219,13.7919],[107.8222,13.7937],[107.8256,13.7937],[107.8266,13.7946],[107.8265,13.7959],[107.8256,13.7965],[107.8263,13.7974],[107.8261,13.7986],[107.8267,13.7994],[107.8277,13.8002],[107.8264,13.802],[107.8272,13.8027],[107.8289,13.8032],[107.8295,13.805],[107.8314,13.8067],[107.8332,13.81],[107.8322,13.8106],[107.8284,13.8108],[107.8271,13.8113],[107.8269,13.8121],[107.8278,13.8153],[107.8257,13.8154],[107.825,13.8161],[107.8253,13.8167],[107.8272,13.8178],[107.825,13.8191],[107.8259,13.8211],[107.8258,13.8226],[107.8253,13.8237],[107.8262,13.8244],[107.8266,13.8253],[107.826,13.8257],[107.8252,13.8253],[107.8247,13.826],[107.8247,13.8269],[107.8258,13.8297],[107.8244,13.8312],[107.8249,13.8332],[107.8246,13.8341],[107.8235,13.8342],[107.8228,13.835],[107.8231,13.8362],[107.8221,13.8365],[107.8217,13.8372],[107.8218,13.8382],[107.8211,13.8402],[107.8226,13.8411],[107.8242,13.8445],[107.8238,13.8468],[107.8241,13.8476],[107.8239,13.8495],[107.8243,13.8504],[107.8239,13.8515],[107.8244,13.8523],[107.8245,13.8538],[107.8238,13.8549],[107.8243,13.8561],[107.8244,13.8634],[107.8219,13.8664],[107.8204,13.8672],[107.8194,13.8686],[107.8185,13.8708],[107.8184,13.8724],[107.819,13.8747],[107.8205,13.8765],[107.8173,13.8797],[107.8134,13.878],[107.811,13.8788],[107.8086,13.8778],[107.8059,13.8794],[107.8053,13.8793],[107.8044,13.878],[107.8036,13.8776],[107.8027,13.8779],[107.802,13.8776],[107.8004,13.8783],[107.7971,13.8778]]]},"properties":{"code":"23866","name":"Ia Krêl","nameEn":"Ia Krel","fullName":"Xã Ia Krêl","fullNameEn":"Ia Krel Commune","codeName":"ia_krel","postalCode":"61508","postalCodePrefix":"","gisServerId":"diaphanhanhchinhcapxa_2025.2938","areaKm2":146.92},"id":"23866"},
{"type":"Feature","geometry":{"type":"Polygon","coordinates":[[[107.7388,13.8981],[107.7389,13.8986],[107.738,13.8985],[107.7383,13.8994],[107.7376,13.8989],[107.7369,13.8992],[107.7368,13.8987],[107.7361,13.9],[107.7353,13.8994],[107.7349,13.9001],[107.7353,13.9018],[107.7337,13.9024],[107.734,13.9033],[107.7337,13.9038],[107.7348,13.904],[107.7344,13.9049],[107.7352,13.9062],[107.7352,13.9066],[107.7347,13.9065],[107.7352,13.9084],[107.7358,13.9085],[107.7362,13.9082],[107.7357,13.909],[107.7366,13.9091],[107.7358,13.9102],[107.7369,13.9102],[107.7364,13.9109],[107.7373,13.9115],[107.7357,13.9121],[107.7362,13.9128],[107.7363,13.9147],[107.7224,13.9205],[107.7213,13.9206],[107.7211,13.9213],[107.7207,13.921],[107.7201,13.9217],[107.7187,13.9201],[107.7181,13.9205],[107.7161,13.9206],[107.7159,13.9216],[107.7157,13.9213],[107.7147,13.9218],[107.7132,13.9216],[107.7101,13.9223],[107.7099,13.9216],[107.7085,13.922],[107.7074,13.9217],[107.7066,13.9213],[107.7073,13.919],[107.7066,13.9187],[107.7061,13.9196],[107.7055,13.9196],[107.7048,13.9188],[107.7036,13.9185],[107.7036,13.9179],[107.6997,13.9167],[107.6982,13.9142],[107.6986,13.9139],[107.6976,13.9134],[107.6981,13.9127],[107.6974,13.9114],[107.6972,13.909],[107.6941,13.9083],[107.6945,13.9072],[107.6925,13.9058],[107.6915,13.9045],[107.6901,13.9017],[107.6886,13.9005],[107.6877,13.8985],[107.6853,13.8962],[107.683,13.8957],[107.6824,13.8953],[107.6817,13.8877],[107.6803,13.8857],[107.6801,13.8846],[107.6762,13.8793],[107.6749,13.8749],[107.6742,13.8746],[107.6719,13.8749],[107.668,13.8714],[107.6648,13.8694],[107.6672,13.8671],[107.6672,13.8657],[107.6686,13.8629],[107.6667,13.8617],[107.6647,13.8611],[107.6641,13.8591],[107.6628,13.8582],[107.663,13.8574],[107.6628,13.8567],[107.6609,13.8546],[107.657,13.8533],[107.6566,13.852],[107.6525,13.8507],[107.6511,13.851],[107.6475,13.8531],[107.6418,13.8518],[107.6407,13.8512],[107.6366,13.8507],[107.6342,13.8498],[107.6341,13.8474],[107.6331,13.8463],[107.6307,13.8464],[107.6295,13.8469],[107.6277,13.847],[107.6175,13.8459],[107.6139,13.8461],[107.6074,13.8452],[107.602,13.8434],[107.6002,13.8435],[107.5987,13.8415],[107.6002,13.8404],[107.6008,13.8391],[107.5999,13.8376],[107.5996,13.8356],[107.6003,13.8292],[107.6038,13.8251],[107.6059,13.8235],[107.6055,13.8215],[107.6062,13.8194],[107.6074,13.8182],[107.6102,13.8167],[107.6107,13.8158],[107.6102,13.8149],[107.6106,13.8141],[107.6103,13.8126],[107.6092,13.811],[107.6094,13.8105],[107.6088,13.8101],[107.6088,13.8094],[107.6095,13.8092],[107.61,13.8084],[107.6099,13.8079],[107.6127,13.806],[107.6132,13.8041],[107.6137,13.8042],[107.6138,13.8038],[107.6158,13.8029],[107.6163,13.802],[107.616,13.8016],[107.6166,13.8014],[107.6175,13.8001],[107.6173,13.7973],[107.6193,13.7955],[107.6233,13.7933],[107.6261,13.79],[107.6253,13.7887],[107.627,13.7875],[107.6377,13.7943],[107.6448,13.799],[107.6467,13.7997],[107.6484,13.7995],[107.659,13.7958],[107.6598,13.7981],[107.6582,13.7998],[107.6528,13.8095],[107.6575,13.8111],[107.6586,13.8111],[107.6614,13.8105],[107.6679,13.8079],[107.6715,13.8075],[107.6772,13.808],[107.678,13.8083],[107.6765,13.813],[107.68,13.8135],[107.6808,13.8148],[107.6894,13.8144],[107.6896,13.8154],[107.6913,13.8151],[107.6918,13.8161],[107.6929,13.8167],[107.6944,13.815],[107.6967,13.8162],[107.7011,13.8178],[107.7042,13.8196],[107.705,13.8207],[107.704,13.8223],[107.7039,13.8239],[107.7009,13.8257],[107.699,13.8277],[107.6988,13.8289],[107.6983,13.829],[107.6963,13.8318],[107.697,13.833],[107.6992,13.8337],[107.6999,13.8344],[107.702,13.8352],[107.7035,13.8361],[107.7052,13.8381],[107.7085,13.8397],[107.7097,13.8393],[107.7142,13.8396],[107.718,13.841],[107.7193,13.8418],[107.7195,13.8423],[107.7205,13.842],[107.7216,13.8421],[107.7227,13.8428],[107.7252,13.8428],[107.7286,13.8441],[107.7292,13.843],[107.7297,13.8431],[107.7308,13.8435],[107.7327,13.8456],[107.7336,13.8452],[107.7337,13.8456],[107.7346,13.8455],[107.7355,13.8467],[107.7364,13.8467],[107.7364,13.8471],[107.7386,13.8474],[107.7382,13.8489],[107.7368,13.8481],[107.7349,13.853],[107.7342,13.8533],[107.7335,13.8542],[107.7335,13.8563],[107.7343,13.8604],[107.731,13.8637],[107.7281,13.8683],[107.7258,13.8707],[107.7237,13.8719],[107.7246,13.8727],[107.7251,13.8737],[107.7269,13.8751],[107.7267,13.8755],[107.7275,13.8755],[107.7271,13.8765],[107.7282,13.8772],[107.7285,13.8771],[107.7286,13.8775],[107.7282,13.8796],[107.7295,13.8798],[107.7295,13.8808],[107.7299,13.8808],[107.7304,13.8816],[107.73,13.8818],[107.7303,13.8822],[107.731,13.882],[107.7318,13.8834],[107.7314,13.8837],[107.7337,13.8859],[107.7365,13.8871],[107.7356,13.888],[107.7355,13.8909],[107.7361,13.8908],[107.7373,13.8919],[107.7373,13.8929],[107.7381,13.8934],[107.738,13.8937],[107.7388,13.895],[107.7382,13.897],[107.7388,13.8981]]]},"properties":{"code":"23869","name":"Ia Dơk","nameEn":"Ia Dok","fullName":"Xã Ia Dơk","fullNameEn":"Ia Dok Commune","codeName":"ia_dok","postalCode":"61507","postalCodePrefix":"","gisServerId":"diaphanhanhchinhcapxa_2025.2937","areaKm2":100.53},"id":"23869"},
{"type":"Feature","geometry":{"type":"Polygon","coordinates":[[[107.5987,13.8415],[107.5969,13.8431],[107.5939,13.844],[107.591,13.8442],[107.5892,13.8433],[107.5881,13.8436],[107.587,13.843],[107.5846,13.8437],[107.5828,13.8435],[107.5798,13.8408],[107.5785,13.8408],[107.5778,13.8418],[107.5749,13.8428],[107.5731,13.8445],[107.5705,13.8455],[107.571,13.8473],[107.5692,13.8488],[107.5618,13.8505],[107.5607,13.8522],[107.5579,13.8522],[107.5554,13.8527],[107.5539,13.8535],[107.5453,13.8497],[107.5426,13.8503],[107.54,13.8501],[107.5372,13.8489],[107.5344,13.8466],[107.5331,13.8459],[107.5322,13.8458],[107.5324,13.845],[107.5321,13.8439],[107.5311,13.8422],[107.5281,13.8422],[107.5254,13.8413],[107.522,13.8445],[107.5189,13.8453],[107.5164,13.8465],[107.515,13.8478],[107.5125,13.8485],[107.5114,13.8482],[107.5089,13.8498],[107.5075,13.8501],[107.5075,13.8506],[107.5083,13.8514],[107.5081,13.8522],[107.5085,13.853],[107.5079,13.8535],[107.5071,13.8524],[107.5073,13.8519],[107.5064,13.8519],[107.5062,13.8512],[107.5047,13.8502],[107.5032,13.8512],[107.5031,13.8523],[107.5021,13.852],[107.5011,13.8533],[107.4985,13.8542],[107.4984,13.8551],[107.4972,13.8563],[107.4948,13.8557],[107.4938,13.8548],[107.493,13.8559],[107.492,13.8555],[107.4913,13.8574],[107.4892,13.8606],[107.488,13.8597],[107.4867,13.8607],[107.4857,13.8607],[107.4842,13.8615],[107.4831,13.8611],[107.4819,13.8617],[107.4809,13.8614],[107.4781,13.8622],[107.4768,13.8621],[107.4751,13.8627],[107.4743,13.862],[107.474,13.861],[107.4756,13.8586],[107.4749,13.858],[107.472,13.8572],[107.473,13.856],[107.4732,13.855],[107.4712,13.8477],[107.4688,13.844],[107.4665,13.8418],[107.4662,13.8388],[107.458,13.8326],[107.4565,13.8304],[107.4551,13.8271],[107.4549,13.8255],[107.4554,13.8236],[107.4603,13.8185],[107.4613,13.8171],[107.4614,13.8162],[107.4592,13.8072],[107.4585,13.806],[107.4552,13.8029],[107.4514,13.7953],[107.4521,13.7941],[107.4529,13.7936],[107.4559,13.7904],[107.4599,13.7882],[107.4735,13.7779],[107.4857,13.7764],[107.498,13.7678],[107.4989,13.7689],[107.4999,13.7691],[107.5019,13.7685],[107.5054,13.7663],[107.5076,13.7669],[107.5114,13.7672],[107.5152,13.767],[107.5174,13.7681],[107.5193,13.7683],[107.5225,13.767],[107.5242,13.7638],[107.5255,13.7631],[107.5294,13.7642],[107.5312,13.764],[107.5335,13.7631],[107.5371,13.7638],[107.5409,13.7628],[107.5438,13.7604],[107.5485,13.7603],[107.5512,13.7572],[107.5533,13.7563],[107.5546,13.7561],[107.5574,13.7574],[107.5712,13.761],[107.5733,13.7619],[107.5752,13.7635],[107.5822,13.7713],[107.5843,13.7726],[107.594,13.7757],[107.6056,13.7748],[107.6093,13.7758],[107.6192,13.7823],[107.6214,13.783],[107.627,13.7875],[107.6253,13.7887],[107.6261,13.79],[107.6233,13.7933],[107.6193,13.7955],[107.6173,13.7973],[107.6175,13.8001],[107.6166,13.8014],[107.616,13.8016],[107.6163,13.802],[107.6158,13.8029],[107.6138,13.8038],[107.6137,13.8042],[107.6132,13.8041],[107.6127,13.806],[107.6099,13.8079],[107.61,13.8084],[107.6095,13.8092],[107.6088,13.8094],[107.6088,13.8101],[107.6094,13.8105],[107.6092,13.811],[107.6103,13.8126],[107.6106,13.8141],[107.6102,13.8149],[107.6107,13.8158],[107.6102,13.8167],[107.6074,13.8182],[107.6062,13.8194],[107.6055,13.8215],[107.6059,13.8235],[107.6038,13.8251],[107.6003,13.8292],[107.5996,13.8356],[107.5999,13.8376],[107.6008,13.8391],[107.6002,13.8404],[107.5987,13.8415]]]},"properties":{"code":"23872","name":"Ia Dom","nameEn":"Ia Dom","fullName":"Xã Ia Dom","fullNameEn":"Ia Dom Commune","codeName":"ia_dom","postalCode":"61511","postalCodePrefix":"","gisServerId":"diaphanhanhchinhcapxa_2025.2939","areaKm2":145.43},"id":"23872"},
{"type":"Feature","geometry":{"type":"Polygon","coordinates":[[[107.659,13.7958],[107.6484,13.7995],[107.6467,13.7997],[107.6448,13.799],[107.6377,13.7943],[107.6383,13.7922],[107.635,13.7903],[107.6338,13.7873],[107.6305,13.7858],[107.6305,13.7845],[107.6295,13.7829],[107.6276,13.7818],[107.6271,13.7806],[107.6275,13.7795],[107.626,13.776],[107.6261,13.7742],[107.6253,13.7737],[107.6247,13.7717],[107.6233,13.7711],[107.6222,13.7696],[107.6199,13.7694],[107.619,13.7682],[107.618,13.7655],[107.6176,13.7652],[107.6177,13.7643],[107.6171,13.7641],[107.6165,13.7632],[107.6168,13.7623],[107.6158,13.7606],[107.6159,13.7601],[107.6152,13.7593],[107.6155,13.7592],[107.6153,13.7584],[107.6142,13.758],[107.6133,13.7589],[107.6124,13.7583],[107.612,13.7589],[107.6116,13.7583],[107.6104,13.758],[107.6106,13.7575],[107.6096,13.7566],[107.6098,13.7561],[107.609,13.7561],[107.6079,13.7553],[107.608,13.7539],[107.6069,13.7536],[107.6065,13.7526],[107.6071,13.7514],[107.6063,13.7503],[107.6067,13.7493],[107.6063,13.7487],[107.6066,13.748],[107.6066,13.7469],[107.607,13.747],[107.6066,13.7464],[107.6078,13.7447],[107.6073,13.7418],[107.6079,13.7404],[107.607,13.737],[107.6064,13.7364],[107.6079,13.7354],[107.6069,13.7344],[107.6077,13.7335],[107.6072,13.7319],[107.6078,13.7319],[107.6083,13.7311],[107.6082,13.7302],[107.6099,13.7298],[107.6104,13.7283],[107.6111,13.7287],[107.6119,13.7277],[107.6125,13.7277],[107.613,13.7267],[107.6145,13.7266],[107.6142,13.7259],[107.6145,13.7246],[107.6135,13.7231],[107.6136,13.722],[107.6129,13.7216],[107.6131,13.7208],[107.6125,13.7197],[107.6127,13.7187],[107.6139,13.7176],[107.6138,13.7161],[107.6135,13.7159],[107.6142,13.7152],[107.6136,13.7142],[107.6143,13.7138],[107.6142,13.713],[107.6136,13.7125],[107.6134,13.7105],[107.6124,13.7104],[107.6124,13.7097],[107.6137,13.709],[107.614,13.7084],[107.6149,13.7082],[107.6146,13.7078],[107.6149,13.7075],[107.6164,13.7072],[107.6156,13.7063],[107.6166,13.705],[107.6174,13.7046],[107.6188,13.705],[107.6182,13.7043],[107.6191,13.7035],[107.6192,13.704],[107.6199,13.7042],[107.6207,13.702],[107.6201,13.7014],[107.6206,13.701],[107.62,13.6996],[107.621,13.6991],[107.6215,13.698],[107.622,13.6982],[107.6218,13.6968],[107.6232,13.6965],[107.6234,13.6959],[107.6241,13.6962],[107.6245,13.6958],[107.6247,13.6946],[107.624,13.6939],[107.6246,13.6931],[107.6244,13.6917],[107.6248,13.6911],[107.6255,13.6909],[107.6252,13.6899],[107.6268,13.6889],[107.6259,13.6879],[107.6267,13.6874],[107.6268,13.6865],[107.6242,13.6863],[107.6234,13.6846],[107.6224,13.6837],[107.6195,13.6841],[107.6191,13.6827],[107.6191,13.6821],[107.6195,13.6819],[107.6192,13.6816],[107.6194,13.6813],[107.6191,13.6811],[107.6194,13.6798],[107.6186,13.6792],[107.6181,13.6794],[107.6177,13.6785],[107.6186,13.677],[107.6168,13.676],[107.617,13.6755],[107.6157,13.6751],[107.6161,13.6747],[107.6153,13.6736],[107.6156,13.6727],[107.6149,13.6726],[107.6152,13.6719],[107.6149,13.6708],[107.6145,13.6706],[107.6148,13.6702],[107.6132,13.67],[107.6125,13.6695],[107.6125,13.669],[107.6117,13.6682],[107.6103,13.6684],[107.6104,13.6661],[107.6093,13.6649],[107.6091,13.6641],[107.6083,13.6644],[107.6083,13.6637],[107.6073,13.6644],[107.6069,13.6641],[107.6069,13.663],[107.6057,13.6621],[107.6057,13.6614],[107.6065,13.6615],[107.6066,13.6612],[107.6059,13.6604],[107.6047,13.6612],[107.6044,13.6607],[107.6049,13.6603],[107.6041,13.6598],[107.6039,13.6591],[107.6032,13.6593],[107.6033,13.6584],[107.6002,13.66],[107.5994,13.66],[107.5989,13.6606],[107.598,13.6605],[107.5973,13.663],[107.5975,13.6636],[107.5966,13.6653],[107.5957,13.6654],[107.5956,13.665],[107.5937,13.6662],[107.5935,13.6658],[107.5925,13.6659],[107.5925,13.6656],[107.5916,13.6665],[107.5913,13.6661],[107.5908,13.6663],[107.5899,13.6678],[107.5903,13.6702],[107.5893,13.6699],[107.5883,13.6711],[107.5858,13.6703],[107.5813,13.6719],[107.5795,13.6715],[107.5764,13.672],[107.5728,13.6716],[107.5704,13.6722],[107.5693,13.6718],[107.5691,13.6715],[107.5696,13.6714],[107.5682,13.6706],[107.5676,13.6698],[107.5661,13.6697],[107.5662,13.669],[107.5655,13.6678],[107.5676,13.6641],[107.572,13.6229],[107.5735,13.6183],[107.5746,13.6202],[107.5747,13.6229],[107.578,13.6261],[107.5801,13.6258],[107.5885,13.6268],[107.594,13.6263],[107.5949,13.6268],[107.5956,13.6283],[107.597,13.6285],[107.5976,13.6282],[107.598,13.627],[107.5968,13.6252],[107.5966,13.6237],[107.5975,13.6226],[107.5988,13.6218],[107.6013,13.6217],[107.6041,13.6224],[107.606,13.6251],[107.6121,13.6259],[107.6145,13.628],[107.6167,13.6278],[107.617,13.6295],[107.6165,13.6319],[107.6166,13.6346],[107.6191,13.6344],[107.6196,13.6357],[107.6212,13.6361],[107.6218,13.6377],[107.6233,13.6384],[107.6238,13.6394],[107.6262,13.6402],[107.6272,13.641],[107.6281,13.6426],[107.6309,13.6438],[107.6314,13.6453],[107.6305,13.6475],[107.6312,13.6487],[107.6308,13.6504],[107.6328,13.6516],[107.6331,13.6526],[107.6329,13.6536],[107.6344,13.6543],[107.6349,13.6562],[107.6367,13.6561],[107.6371,13.6564],[107.6379,13.6594],[107.6378,13.6603],[107.6402,13.6613],[107.6408,13.6606],[107.6405,13.6594],[107.6408,13.659],[107.6428,13.6591],[107.6452,13.6584],[107.6453,13.6587],[107.6447,13.6599],[107.6487,13.6621],[107.6487,13.6634],[107.6511,13.6641],[107.6527,13.6679],[107.6541,13.6676],[107.6553,13.6686],[107.6577,13.6684],[107.6609,13.6701],[107.6617,13.6715],[107.6632,13.6714],[107.6635,13.6739],[107.6656,13.6744],[107.666,13.6749],[107.6641,13.6754],[107.6631,13.6761],[107.6635,13.6786],[107.6622,13.6786],[107.6631,13.6799],[107.6628,13.6809],[107.6643,13.6836],[107.6669,13.691],[107.6699,13.6939],[107.6714,13.6943],[107.6718,13.695],[107.6717,13.698],[107.6704,13.6989],[107.6703,13.6994],[107.6712,13.7027],[107.6707,13.7042],[107.6715,13.7053],[107.6722,13.7081],[107.6747,13.7085],[107.6778,13.7118],[107.6765,13.7132],[107.6767,13.7138],[107.6762,13.7148],[107.6766,13.7167],[107.6752,13.7185],[107.6735,13.7191],[107.6726,13.7205],[107.6718,13.7238],[107.6705,13.7242],[107.6704,13.7261],[107.6697,13.7278],[107.6705,13.73],[107.6693,13.7312],[107.67,13.7316],[107.6701,13.7337],[107.6691,13.7349],[107.6681,13.7378],[107.6682,13.7383],[107.6693,13.7391],[107.6688,13.7416],[107.6699,13.7422],[107.67,13.744],[107.6693,13.7455],[107.6685,13.7456],[107.6683,13.7459],[107.6697,13.7466],[107.671,13.7461],[107.6723,13.7479],[107.6755,13.7486],[107.6759,13.749],[107.6766,13.7519],[107.676,13.7534],[107.6771,13.7541],[107.6772,13.7555],[107.6766,13.7562],[107.6771,13.7575],[107.6768,13.7592],[107.6779,13.7598],[107.6771,13.7599],[107.6773,13.7605],[107.6765,13.7606],[107.6763,13.7615],[107.6784,13.7627],[107.6793,13.7658],[107.6823,13.7704],[107.6829,13.7732],[107.6842,13.7744],[107.684,13.7766],[107.685,13.7785],[107.6854,13.7798],[107.6851,13.7807],[107.686,13.7824],[107.6869,13.7828],[107.6874,13.7843],[107.6868,13.7862],[107.6862,13.7861],[107.6862,13.7846],[107.6855,13.7836],[107.6803,13.7864],[107.6774,13.783],[107.6773,13.7822],[107.6731,13.7846],[107.6733,13.7859],[107.6749,13.7889],[107.6731,13.7892],[107.6724,13.7871],[107.6705,13.7882],[107.6688,13.7871],[107.6667,13.7911],[107.664,13.7911],[107.6588,13.7886],[107.6578,13.791],[107.659,13.7958]]]},"properties":{"code":"23881","name":"Ia Pnôn","nameEn":"Ia Pnon","fullName":"Xã Ia Pnôn","fullNameEn":"Ia Pnon Commune","codeName":"ia_pnon","postalCode":"61514","postalCodePrefix":"","gisServerId":"diaphanhanhchinhcapxa_2025.2924","areaKm2":114.01},"id":"23881"},
{"type":"Feature","geometry":{"type":"Polygon","coordinates":[[[107.5655,13.6678],[107.5662,13.669],[107.5661,13.6697],[107.5676,13.6698],[107.5682,13.6706],[107.5696,13.6714],[107.5691,13.6715],[107.5693,13.6718],[107.5704,13.6722],[107.5728,13.6716],[107.5764,13.672],[107.5795,13.6715],[107.5813,13.6719],[107.5858,13.6703],[107.5883,13.6711],[107.5893,13.6699],[107.5903,13.6702],[107.5899,13.6678],[107.5908,13.6663],[107.5913,13.6661],[107.5916,13.6665],[107.5925,13.6656],[107.5925,13.6659],[107.5935,13.6658],[107.5937,13.6662],[107.5956,13.665],[107.5957,13.6654],[107.5966,13.6653],[107.5975,13.6636],[107.5973,13.663],[107.598,13.6605],[107.5989,13.6606],[107.5994,13.66],[107.6002,13.66],[107.6033,13.6584],[107.6032,13.6593],[107.6039,13.6591],[107.6041,13.6598],[107.6049,13.6603],[107.6044,13.6607],[107.6047,13.6612],[107.6059,13.6604],[107.6066,13.6612],[107.6065,13.6615],[107.6057,13.6614],[107.6057,13.6621],[107.6069,13.663],[107.6069,13.6641],[107.6073,13.6644],[107.6083,13.6637],[107.6083,13.6644],[107.6091,13.6641],[107.6093,13.6649],[107.6104,13.6661],[107.6103,13.6684],[107.6117,13.6682],[107.6125,13.669],[107.6125,13.6695],[107.6132,13.67],[107.6148,13.6702],[107.6145,13.6706],[107.6149,13.6708],[107.6152,13.6719],[107.6149,13.6726],[107.6156,13.6727],[107.6153,13.6736],[107.6161,13.6747],[107.6157,13.6751],[107.617,13.6755],[107.6168,13.676],[107.6186,13.677],[107.6177,13.6785],[107.6181,13.6794],[107.6186,13.6792],[107.6194,13.6798],[107.6191,13.6811],[107.6194,13.6813],[107.6192,13.6816],[107.6195,13.6819],[107.6191,13.6821],[107.6191,13.6827],[107.6195,13.6841],[107.6224,13.6837],[107.6234,13.6846],[107.6242,13.6863],[107.6268,13.6865],[107.6267,13.6874],[107.6259,13.6879],[107.6268,13.6889],[107.6252,13.6899],[107.6255,13.6909],[107.6248,13.6911],[107.6244,13.6917],[107.6246,13.6931],[107.624,13.6939],[107.6247,13.6946],[107.6245,13.6958],[107.6241,13.6962],[107.6234,13.6959],[107.6232,13.6965],[107.6218,13.6968],[107.622,13.6982],[107.6215,13.698],[107.621,13.6991],[107.62,13.6996],[107.6206,13.701],[107.6201,13.7014],[107.6207,13.702],[107.6199,13.7042],[107.6192,13.704],[107.6191,13.7035],[107.6182,13.7043],[107.6188,13.705],[107.6174,13.7046],[107.6166,13.705],[107.6156,13.7063],[107.6164,13.7072],[107.6149,13.7075],[107.6146,13.7078],[107.6149,13.7082],[107.614,13.7084],[107.6137,13.709],[107.6124,13.7097],[107.6124,13.7104],[107.6134,13.7105],[107.6136,13.7125],[107.6142,13.713],[107.6143,13.7138],[107.6136,13.7142],[107.6142,13.7152],[107.6135,13.7159],[107.6138,13.7161],[107.6139,13.7176],[107.6127,13.7187],[107.6125,13.7197],[107.6131,13.7208],[107.6129,13.7216],[107.6136,13.722],[107.6135,13.7231],[107.6145,13.7246],[107.6142,13.7259],[107.6145,13.7266],[107.613,13.7267],[107.6125,13.7277],[107.6119,13.7277],[107.6111,13.7287],[107.6104,13.7283],[107.6099,13.7298],[107.6082,13.7302],[107.6083,13.7311],[107.6078,13.7319],[107.6072,13.7319],[107.6077,13.7335],[107.6069,13.7344],[107.6079,13.7354],[107.6064,13.7364],[107.607,13.737],[107.6079,13.7404],[107.6073,13.7418],[107.6078,13.7447],[107.6066,13.7464],[107.607,13.747],[107.6066,13.7469],[107.6066,13.748],[107.6063,13.7487],[107.6067,13.7493],[107.6063,13.7503],[107.6071,13.7514],[107.6065,13.7526],[107.6069,13.7536],[107.608,13.7539],[107.6079,13.7553],[107.609,13.7561],[107.6098,13.7561],[107.6096,13.7566],[107.6106,13.7575],[107.6104,13.758],[107.6116,13.7583],[107.612,13.7589],[107.6124,13.7583],[107.6133,13.7589],[107.6142,13.758],[107.6153,13.7584],[107.6155,13.7592],[107.6152,13.7593],[107.6159,13.7601],[107.6158,13.7606],[107.6168,13.7623],[107.6165,13.7632],[107.6171,13.7641],[107.6177,13.7643],[107.6176,13.7652],[107.618,13.7655],[107.619,13.7682],[107.6199,13.7694],[107.6222,13.7696],[107.6233,13.7711],[107.6247,13.7717],[107.6253,13.7737],[107.6261,13.7742],[107.626,13.776],[107.6275,13.7795],[107.6271,13.7806],[107.6276,13.7818],[107.6295,13.7829],[107.6305,13.7845],[107.6305,13.7858],[107.6338,13.7873],[107.635,13.7903],[107.6383,13.7922],[107.6377,13.7943],[107.627,13.7875],[107.6214,13.783],[107.6192,13.7823],[107.6093,13.7758],[107.6056,13.7748],[107.594,13.7757],[107.5843,13.7726],[107.5822,13.7713],[107.5752,13.7635],[107.5733,13.7619],[107.5712,13.761],[107.5574,13.7574],[107.5546,13.7561],[107.5533,13.7563],[107.5512,13.7572],[107.5485,13.7603],[107.5438,13.7604],[107.5409,13.7628],[107.5371,13.7638],[107.5335,13.7631],[107.5312,13.764],[107.5294,13.7642],[107.5255,13.7631],[107.5242,13.7638],[107.5225,13.767],[107.5193,13.7683],[107.5174,13.7681],[107.5152,13.767],[107.5114,13.7672],[107.5076,13.7669],[107.5054,13.7663],[107.5019,13.7685],[107.4999,13.7691],[107.4989,13.7689],[107.498,13.7678],[107.5065,13.7637],[107.5123,13.7604],[107.533,13.7447],[107.551,13.6921],[107.5655,13.6678]]]},"properties":{"code":"23884","name":"Ia Nan","nameEn":"Ia Nan","fullName":"Xã Ia Nan","fullNameEn":"Ia Nan Commune","codeName":"ia_nan","postalCode":"61515","postalCodePrefix":"","gisServerId":"diaphanhanhchinhcapxa_2025.2925","areaKm2":90.31},"id":"23884"},
{"type":"Feature","geometry":{"type":"Polygon","coordinates":[[[107.9628,13.8341],[107.9626,13.833],[107.9609,13.8316],[107.9579,13.8305],[107.9565,13.8291],[107.9535,13.8246],[107.954,13.8232],[107.9534,13.8224],[107.9503,13.8217],[107.9498,13.8223],[107.9476,13.8228],[107.9475,13.8222],[107.9439,13.8225],[107.943,13.8231],[107.9416,13.8225],[107.9406,13.8229],[107.9392,13.8228],[107.938,13.8238],[107.9366,13.8227],[107.9355,13.8224],[107.9349,13.8216],[107.9342,13.8214],[107.9338,13.8219],[107.933,13.8216],[107.9322,13.822],[107.9304,13.821],[107.9297,13.8201],[107.9294,13.8176],[107.9285,13.8168],[107.928,13.8158],[107.9276,13.8141],[107.9279,13.8133],[107.9269,13.8108],[107.9265,13.8101],[107.9257,13.8098],[107.9247,13.8082],[107.924,13.8083],[107.9239,13.8072],[107.9243,13.8065],[107.9231,13.8062],[107.9189,13.8036],[107.9161,13.7995],[107.9157,13.798],[107.916,13.7961],[107.9159,13.7928],[107.9142,13.7892],[107.9123,13.7877],[107.9106,13.7874],[107.908,13.7858],[107.9081,13.7853],[107.9075,13.784],[107.9066,13.7828],[107.9049,13.7817],[107.9046,13.7801],[107.9039,13.7791],[107.9022,13.778],[107.8999,13.7751],[107.8993,13.776],[107.8982,13.7759],[107.8972,13.7751],[107.8977,13.7772],[107.8972,13.7778],[107.9013,13.7883],[107.8738,13.7916],[107.855,13.7894],[107.8435,13.7953],[107.8418,13.7952],[107.8393,13.796],[107.8366,13.7958],[107.8332,13.7973],[107.8321,13.7984],[107.8283,13.7997],[107.8267,13.7994],[107.8261,13.7986],[107.8263,13.7974],[107.8256,13.7965],[107.8265,13.7959],[107.8266,13.7946],[107.8256,13.7937],[107.8222,13.7937],[107.8219,13.7919],[107.823,13.7919],[107.8248,13.7899],[107.8259,13.7894],[107.8259,13.7881],[107.8257,13.7863],[107.825,13.7849],[107.8216,13.7805],[107.8229,13.7779],[107.8231,13.7714],[107.8249,13.77],[107.8249,13.7695],[107.8286,13.7692],[107.8287,13.7689],[107.8303,13.7691],[107.8305,13.7688],[107.8304,13.768],[107.8268,13.7662],[107.829,13.7649],[107.8302,13.7628],[107.8281,13.7613],[107.8265,13.7609],[107.8243,13.7622],[107.8246,13.7626],[107.8257,13.7629],[107.8256,13.7634],[107.8239,13.7632],[107.8212,13.7615],[107.8179,13.7627],[107.8161,13.7628],[107.8165,13.7644],[107.8158,13.7649],[107.8147,13.7649],[107.8122,13.7636],[107.8121,13.7633],[107.8128,13.763],[107.8132,13.7618],[107.8126,13.7603],[107.8135,13.7591],[107.8118,13.759],[107.8119,13.7568],[107.811,13.7552],[107.8114,13.754],[107.8088,13.7539],[107.8084,13.7534],[107.8088,13.7521],[107.8068,13.7509],[107.8091,13.7484],[107.8102,13.7482],[107.8104,13.7487],[107.8122,13.7476],[107.8149,13.7475],[107.8185,13.7453],[107.8263,13.7426],[107.8268,13.7391],[107.8267,13.7303],[107.837,13.7263],[107.8373,13.7266],[107.8367,13.7275],[107.8367,13.7283],[107.8372,13.7289],[107.8372,13.728],[107.8377,13.728],[107.8384,13.7302],[107.8382,13.7316],[107.8377,13.732],[107.8379,13.7328],[107.8368,13.734],[107.8373,13.7347],[107.8369,13.7354],[107.8379,13.7355],[107.8382,13.7361],[107.841,13.7342],[107.8427,13.735],[107.846,13.7339],[107.8485,13.7361],[107.8487,13.7383],[107.8509,13.7376],[107.8526,13.7376],[107.8548,13.7387],[107.8558,13.7399],[107.8576,13.7405],[107.8582,13.7419],[107.8607,13.7435],[107.8649,13.7427],[107.8682,13.7449],[107.8676,13.7474],[107.8717,13.7481],[107.8713,13.7438],[107.8763,13.7342],[107.8734,13.7328],[107.8765,13.7274],[107.8753,13.7166],[107.8754,13.7137],[107.8765,13.7135],[107.8774,13.7126],[107.8783,13.7127],[107.8797,13.7119],[107.8804,13.7113],[107.8808,13.7101],[107.8815,13.7097],[107.8823,13.7096],[107.8831,13.7103],[107.8831,13.7117],[107.8843,13.7126],[107.884,13.7134],[107.8834,13.7135],[107.8833,13.714],[107.8845,13.7152],[107.8843,13.7168],[107.8851,13.7181],[107.8863,13.7178],[107.8864,13.7182],[107.8869,13.7182],[107.887,13.7175],[107.8873,13.7179],[107.8876,13.7175],[107.888,13.7178],[107.8889,13.7176],[107.8896,13.7165],[107.89,13.7171],[107.8906,13.7172],[107.8905,13.7159],[107.8914,13.7159],[107.8914,13.7164],[107.8921,13.7161],[107.8926,13.7164],[107.893,13.7162],[107.8937,13.7172],[107.8943,13.7163],[107.8947,13.7168],[107.8959,13.7171],[107.8955,13.7174],[107.8962,13.7181],[107.8976,13.7175],[107.898,13.718],[107.8991,13.7177],[107.899,13.7173],[107.9,13.7169],[107.9019,13.7177],[107.9035,13.717],[107.9077,13.7173],[107.9092,13.7177],[107.9103,13.7174],[107.9113,13.716],[107.9125,13.7177],[107.9172,13.7191],[107.9175,13.7196],[107.9195,13.7204],[107.9204,13.7213],[107.9218,13.7215],[107.9237,13.7226],[107.9244,13.7244],[107.9291,13.729],[107.9303,13.7299],[107.9305,13.7296],[107.9315,13.73],[107.9325,13.7308],[107.9322,13.7312],[107.9332,13.7314],[107.9331,13.732],[107.9349,13.7318],[107.9348,13.733],[107.9354,13.7335],[107.9375,13.7332],[107.9393,13.7335],[107.9394,13.734],[107.9403,13.734],[107.9415,13.7356],[107.9424,13.7354],[107.9435,13.7362],[107.944,13.7361],[107.9442,13.7372],[107.9459,13.7384],[107.9481,13.7384],[107.9483,13.7376],[107.9492,13.7368],[107.9503,13.7378],[107.9507,13.7388],[107.9516,13.739],[107.9511,13.7398],[107.9516,13.7406],[107.9504,13.7411],[107.9501,13.7418],[107.9508,13.7421],[107.9512,13.743],[107.9519,13.7429],[107.9519,13.7422],[107.9529,13.7426],[107.9532,13.7438],[107.9558,13.747],[107.9555,13.7479],[107.9558,13.7492],[107.9553,13.7495],[107.9543,13.7491],[107.9545,13.7501],[107.9536,13.7509],[107.9536,13.7516],[107.9541,13.752],[107.9544,13.7515],[107.9556,13.7515],[107.9562,13.7527],[107.9568,13.7528],[107.9583,13.7556],[107.9591,13.7564],[107.9592,13.7575],[107.9609,13.7589],[107.9606,13.7595],[107.9569,13.7611],[107.9563,13.7622],[107.9544,13.7631],[107.955,13.7645],[107.9553,13.7688],[107.9588,13.7686],[107.9654,13.7824],[107.9684,13.7914],[107.9683,13.7927],[107.9671,13.7947],[107.9671,13.7969],[107.9675,13.7978],[107.9695,13.8006],[107.9716,13.8043],[107.9773,13.8091],[107.9816,13.8176],[107.9826,13.8182],[107.9822,13.8202],[107.9827,13.8203],[107.9807,13.8262],[107.985,13.8276],[107.9839,13.8297],[107.9835,13.8297],[107.983,13.8306],[107.9806,13.8322],[107.979,13.8321],[107.9783,13.8329],[107.977,13.8316],[107.9762,13.8325],[107.9746,13.8316],[107.9739,13.8337],[107.9719,13.832],[107.9708,13.8335],[107.9693,13.8323],[107.9676,13.835],[107.9655,13.834],[107.9635,13.8337],[107.9628,13.8341]]]},"properties":{"code":"23887","name":"Chư Prông","nameEn":"Chu Prong","fullName":"Xã Chư Prông","fullNameEn":"Chu Prong Commune","codeName":"chu_prong","postalCode":"61606","postalCodePrefix":"","gisServerId":"diaphanhanhchinhcapxa_2025.2926","areaKm2":124.77},"id":"23887"},
{"type":"Feature","geometry":{"type":"Polygon","coordinates":[[[107.8267,13.7994],[107.8283,13.7997],[107.8321,13.7984],[107.8332,13.7973],[107.8366,13.7958],[107.8393,13.796],[107.8418,13.7952],[107.8435,13.7953],[107.855,13.7894],[107.8738,13.7916],[107.9013,13.7883],[107.8972,13.7778],[107.8977,13.7772],[107.8972,13.7751],[107.8982,13.7759],[107.8993,13.776],[107.8999,13.7751],[107.9022,13.778],[107.9039,13.7791],[107.9046,13.7801],[107.9049,13.7817],[107.9066,13.7828],[107.9075,13.784],[107.9081,13.7853],[107.908,13.7858],[107.9106,13.7874],[107.9123,13.7877],[107.9142,13.7892],[107.9159,13.7928],[107.916,13.7961],[107.9157,13.798],[107.9161,13.7995],[107.9189,13.8036],[107.9231,13.8062],[107.9243,13.8065],[107.9239,13.8072],[107.924,13.8083],[107.9247,13.8082],[107.9257,13.8098],[107.9265,13.8101],[107.9269,13.8108],[107.9279,13.8133],[107.9276,13.8141],[107.928,13.8158],[107.9285,13.8168],[107.9294,13.8176],[107.9297,13.8201],[107.9304,13.821],[107.9322,13.822],[107.933,13.8216],[107.9338,13.8219],[107.9342,13.8214],[107.9349,13.8216],[107.9355,13.8224],[107.9366,13.8227],[107.938,13.8238],[107.9392,13.8228],[107.9406,13.8229],[107.9416,13.8225],[107.943,13.8231],[107.9439,13.8225],[107.9475,13.8222],[107.9476,13.8228],[107.9498,13.8223],[107.9503,13.8217],[107.9534,13.8224],[107.954,13.8232],[107.9535,13.8246],[107.9565,13.8291],[107.9579,13.8305],[107.9609,13.8316],[107.9626,13.833],[107.9628,13.8341],[107.9641,13.8392],[107.9649,13.84],[107.9651,13.8414],[107.9658,13.8418],[107.9663,13.8427],[107.9652,13.844],[107.965,13.8438],[107.9641,13.8445],[107.9643,13.8449],[107.9637,13.8453],[107.9646,13.8461],[107.9654,13.8478],[107.9664,13.8487],[107.9691,13.8529],[107.9702,13.8568],[107.9717,13.8581],[107.9742,13.8583],[107.9743,13.8588],[107.9717,13.8632],[107.9704,13.8627],[107.9698,13.8645],[107.9687,13.8666],[107.9659,13.8653],[107.9658,13.8657],[107.9631,13.8653],[107.9625,13.8649],[107.9626,13.8644],[107.9586,13.863],[107.9586,13.8626],[107.9575,13.8629],[107.955,13.8647],[107.954,13.866],[107.9508,13.8654],[107.9487,13.8636],[107.9479,13.8635],[107.9463,13.8655],[107.9441,13.8667],[107.9428,13.8702],[107.942,13.8705],[107.938,13.8675],[107.9371,13.8671],[107.9365,13.8673],[107.9353,13.8664],[107.9326,13.8663],[107.9325,13.8645],[107.9313,13.8647],[107.9307,13.8638],[107.9291,13.8641],[107.926,13.8638],[107.9259,13.8632],[107.9231,13.8636],[107.9232,13.8631],[107.9225,13.8632],[107.9186,13.8616],[107.9175,13.8616],[107.9154,13.8648],[107.9147,13.8682],[107.9037,13.8684],[107.8961,13.8692],[107.896,13.8699],[107.8954,13.87],[107.8957,13.8707],[107.8952,13.8717],[107.8955,13.872],[107.895,13.8725],[107.896,13.8734],[107.8962,13.8757],[107.895,13.8764],[107.8946,13.8773],[107.8942,13.8771],[107.8943,13.8765],[107.8938,13.8758],[107.8927,13.8762],[107.8922,13.8753],[107.8913,13.8746],[107.8902,13.8755],[107.8894,13.8748],[107.8886,13.875],[107.8882,13.8745],[107.8885,13.8739],[107.8878,13.873],[107.8878,13.8725],[107.8871,13.8726],[107.8859,13.8722],[107.8851,13.8734],[107.8843,13.8733],[107.8839,13.8727],[107.8828,13.8735],[107.8822,13.8731],[107.8823,13.8717],[107.8819,13.8717],[107.8805,13.8726],[107.8794,13.8725],[107.88,13.8732],[107.8799,13.8735],[107.8791,13.8734],[107.8786,13.8726],[107.8775,13.8726],[107.8764,13.8744],[107.8761,13.8727],[107.8754,13.873],[107.8751,13.8739],[107.8733,13.873],[107.8736,13.8741],[107.8722,13.8745],[107.8726,13.8751],[107.8718,13.8748],[107.8723,13.8758],[107.8717,13.8757],[107.8717,13.8761],[107.8702,13.8764],[107.8689,13.8785],[107.8684,13.8785],[107.8678,13.8778],[107.8673,13.8783],[107.8667,13.8778],[107.8659,13.8784],[107.8662,13.879],[107.8654,13.8789],[107.8655,13.8795],[107.8647,13.8794],[107.8648,13.8788],[107.8633,13.8779],[107.8631,13.8786],[107.8621,13.8782],[107.8622,13.8773],[107.8614,13.8775],[107.8609,13.8766],[107.8604,13.8779],[107.8581,13.8787],[107.8567,13.8784],[107.854,13.8787],[107.8493,13.8779],[107.8438,13.8781],[107.8433,13.8786],[107.8405,13.8782],[107.8396,13.8789],[107.8403,13.8777],[107.8401,13.8752],[107.8389,13.8717],[107.8391,13.8689],[107.8384,13.8685],[107.8379,13.8674],[107.8373,13.8644],[107.839,13.8627],[107.8397,13.8584],[107.8364,13.8562],[107.8357,13.8562],[107.8349,13.857],[107.8341,13.857],[107.8328,13.8558],[107.8328,13.8539],[107.8276,13.853],[107.8263,13.8524],[107.8244,13.8523],[107.8239,13.8515],[107.8243,13.8504],[107.8239,13.8495],[107.8241,13.8476],[107.8238,13.8468],[107.8242,13.8445],[107.8226,13.8411],[107.8211,13.8402],[107.8218,13.8382],[107.8217,13.8372],[107.8221,13.8365],[107.8231,13.8362],[107.8228,13.835],[107.8235,13.8342],[107.8246,13.8341],[107.8249,13.8332],[107.8244,13.8312],[107.8258,13.8297],[107.8247,13.8269],[107.8247,13.826],[107.8252,13.8253],[107.826,13.8257],[107.8266,13.8253],[107.8262,13.8244],[107.8253,13.8237],[107.8258,13.8226],[107.8259,13.8211],[107.825,13.8191],[107.8272,13.8178],[107.8253,13.8167],[107.825,13.8161],[107.8257,13.8154],[107.8278,13.8153],[107.8269,13.8121],[107.8271,13.8113],[107.8284,13.8108],[107.8322,13.8106],[107.8332,13.81],[107.8314,13.8067],[107.8295,13.805],[107.8289,13.8032],[107.8272,13.8027],[107.8264,13.802],[107.8277,13.8002],[107.8267,13.7994]]]},"properties":{"code":"23896","name":"Bàu Cạn","nameEn":"Bau Can","fullName":"Xã Bàu Cạn","fullNameEn":"Bau Can Commune","codeName":"bau_can","postalCode":"61612","postalCodePrefix":"","gisServerId":"diaphanhanhchinhcapxa_2025.2941","areaKm2":114.25},"id":"23896"},
{"type":"Feature","geometry":{"type":"Polygon","coordinates":[[[107.9388,13.6778],[107.9399,13.6772],[107.9399,13.678],[107.9408,13.678],[107.9409,13.6786],[107.9413,13.6786],[107.9443,13.6778],[107.9453,13.6787],[107.9462,13.678],[107.9469,13.679],[107.9487,13.6781],[107.9498,13.6791],[107.9516,13.6781],[107.9528,13.6781],[107.9548,13.6788],[107.9562,13.6788],[107.96,13.6803],[107.9607,13.6802],[107.9678,13.6831],[107.9735,13.6813],[107.9791,13.6807],[107.9873,13.6817],[107.9889,13.6794],[107.9916,13.6801],[107.9927,13.6808],[107.9959,13.6828],[108.0085,13.6853],[108.0084,13.6869],[108.0091,13.6875],[108.0087,13.688],[108.0091,13.6886],[108.0083,13.6917],[108.0086,13.6921],[108.0084,13.6933],[108.0093,13.6938],[108.0093,13.6945],[108.0086,13.6956],[108.0087,13.6972],[108.0082,13.6986],[108.008,13.7005],[108.0084,13.7014],[108.0082,13.7025],[108.0072,13.7035],[108.0068,13.7032],[108.0064,13.7034],[108.006,13.705],[108.0055,13.7053],[108.0053,13.7061],[108.0046,13.7066],[108.0046,13.7073],[108.0038,13.7084],[108.0037,13.7103],[108.0034,13.7116],[108.003,13.712],[108.0031,13.713],[108.0038,13.7136],[108.0034,13.7159],[108.0039,13.7165],[108.0039,13.7175],[108.0055,13.7191],[108.0067,13.7217],[108.0069,13.7242],[108.006,13.7245],[108.0057,13.7272],[108.0063,13.7282],[108.006,13.73],[108.0066,13.7307],[108.0074,13.731],[108.009,13.7342],[108.0093,13.7389],[108.0083,13.7482],[108.0076,13.7502],[108.0061,13.7511],[108.0042,13.7512],[108.0019,13.7552],[107.9983,13.758],[107.998,13.759],[107.9953,13.7621],[107.9946,13.7642],[107.9977,13.7694],[107.9976,13.7728],[107.9983,13.7748],[108.0024,13.776],[108.0049,13.7783],[108.008,13.7797],[108.0107,13.7799],[108.0136,13.7819],[108.0037,13.796],[108.0051,13.7969],[108.006,13.7972],[108.0064,13.7969],[108.0085,13.7981],[108.0161,13.7978],[108.0161,13.7986],[108.0172,13.7987],[108.0171,13.8003],[108.0169,13.8011],[108.0156,13.8022],[108.0167,13.8033],[108.0163,13.8035],[108.0178,13.8035],[108.0185,13.8071],[108.0139,13.8071],[108.0136,13.8163],[108.0123,13.8164],[108.0123,13.8178],[108.0132,13.8177],[108.0132,13.8186],[108.0125,13.8189],[108.0119,13.8199],[108.0096,13.82],[108.0106,13.8206],[108.0103,13.8238],[108.0081,13.8253],[108.0079,13.8262],[108.006,13.8262],[108.0058,13.8314],[108.0064,13.8315],[108.0063,13.832],[107.999,13.8298],[107.9981,13.8342],[107.9985,13.8564],[107.9989,13.8664],[108.0068,13.8727],[108.0124,13.8807],[108.0113,13.8808],[108.0069,13.8785],[108.0056,13.8784],[108.0051,13.8777],[108.0029,13.8773],[108.0026,13.876],[108.0022,13.8758],[108.0004,13.8761],[107.9997,13.8759],[107.9995,13.875],[108.0003,13.874],[108,13.8728],[107.998,13.8718],[107.9961,13.8699],[107.9943,13.8696],[107.9934,13.8684],[107.9925,13.868],[107.9915,13.8664],[107.9892,13.8655],[107.9895,13.8649],[107.9888,13.8645],[107.9903,13.8632],[107.9898,13.8624],[107.9902,13.862],[107.9884,13.8598],[107.988,13.8578],[107.9863,13.8563],[107.986,13.855],[107.9848,13.8532],[107.9848,13.8521],[107.9844,13.8517],[107.9826,13.8504],[107.9828,13.85],[107.9814,13.8496],[107.9816,13.8488],[107.9797,13.8483],[107.9798,13.8477],[107.9783,13.8471],[107.9721,13.8411],[107.9628,13.8341],[107.9635,13.8337],[107.9655,13.834],[107.9676,13.835],[107.9693,13.8323],[107.9708,13.8335],[107.9719,13.832],[107.9739,13.8337],[107.9746,13.8316],[107.9762,13.8325],[107.977,13.8316],[107.9783,13.8329],[107.979,13.8321],[107.9806,13.8322],[107.983,13.8306],[107.9835,13.8297],[107.9839,13.8297],[107.985,13.8276],[107.9807,13.8262],[107.9827,13.8203],[107.9822,13.8202],[107.9826,13.8182],[107.9816,13.8176],[107.9773,13.8091],[107.9716,13.8043],[107.9695,13.8006],[107.9675,13.7978],[107.9671,13.7969],[107.9671,13.7947],[107.9683,13.7927],[107.9684,13.7914],[107.9654,13.7824],[107.9588,13.7686],[107.9553,13.7688],[107.955,13.7645],[107.9544,13.7631],[107.9563,13.7622],[107.9569,13.7611],[107.9606,13.7595],[107.9609,13.7589],[107.9592,13.7575],[107.9591,13.7564],[107.9583,13.7556],[107.9568,13.7528],[107.9562,13.7527],[107.9556,13.7515],[107.9544,13.7515],[107.9541,13.752],[107.9536,13.7516],[107.9536,13.7509],[107.9545,13.7501],[107.9543,13.7491],[107.9553,13.7495],[107.9558,13.7492],[107.9555,13.7479],[107.9558,13.747],[107.9532,13.7438],[107.9529,13.7426],[107.9519,13.7422],[107.9519,13.7429],[107.9512,13.743],[107.9508,13.7421],[107.9501,13.7418],[107.9504,13.7411],[107.9516,13.7406],[107.9511,13.7398],[107.9516,13.739],[107.9507,13.7388],[107.9503,13.7378],[107.9492,13.7368],[107.9483,13.7376],[107.9481,13.7384],[107.9459,13.7384],[107.9442,13.7372],[107.944,13.7361],[107.9435,13.7362],[107.9424,13.7354],[107.9415,13.7356],[107.9403,13.734],[107.9394,13.734],[107.9393,13.7335],[107.9375,13.7332],[107.9354,13.7335],[107.9348,13.733],[107.9349,13.7318],[107.9331,13.732],[107.9332,13.7314],[107.9322,13.7312],[107.9325,13.7308],[107.9315,13.73],[107.9305,13.7296],[107.9303,13.7299],[107.9291,13.729],[107.9244,13.7244],[107.9237,13.7226],[107.9257,13.722],[107.9261,13.7207],[107.9272,13.7211],[107.9278,13.7196],[107.9299,13.7192],[107.9308,13.7183],[107.9352,13.7159],[107.9342,13.7149],[107.938,13.712],[107.9383,13.7123],[107.9394,13.7109],[107.9395,13.7105],[107.9385,13.7104],[107.9389,13.7091],[107.9382,13.708],[107.9381,13.7055],[107.9373,13.704],[107.9376,13.6989],[107.9373,13.6983],[107.9377,13.6968],[107.9381,13.6966],[107.9398,13.6939],[107.9419,13.693],[107.9422,13.6917],[107.9417,13.6908],[107.9429,13.6894],[107.9424,13.6882],[107.9414,13.6887],[107.9417,13.6874],[107.941,13.6871],[107.9417,13.6861],[107.9409,13.684],[107.9409,13.6824],[107.9417,13.6821],[107.9421,13.6814],[107.9414,13.6815],[107.9412,13.6807],[107.9421,13.6804],[107.9417,13.6799],[107.9407,13.68],[107.9401,13.6794],[107.9394,13.68],[107.9395,13.6791],[107.9388,13.6778]]]},"properties":{"code":"23908","name":"Ia Tôr","nameEn":"Ia Tor","fullName":"Xã Ia Tôr","fullNameEn":"Ia Tor Commune","codeName":"ia_tor","postalCode":"61608","postalCodePrefix":"","gisServerId":"diaphanhanhchinhcapxa_2025.2927","areaKm2":102.31},"id":"23908"},
{"type":"Feature","geometry":{"type":"Polygon","coordinates":[[[107.9237,13.7226],[107.9218,13.7215],[107.9204,13.7213],[107.9195,13.7204],[107.9175,13.7196],[107.9172,13.7191],[107.9125,13.7177],[107.9113,13.716],[107.9103,13.7174],[107.9092,13.7177],[107.9077,13.7173],[107.9035,13.717],[107.9019,13.7177],[107.9,13.7169],[107.899,13.7173],[107.8991,13.7177],[107.898,13.718],[107.8976,13.7175],[107.8962,13.7181],[107.8955,13.7174],[107.8959,13.7171],[107.8947,13.7168],[107.8943,13.7163],[107.8937,13.7172],[107.893,13.7162],[107.8926,13.7164],[107.8921,13.7161],[107.8914,13.7164],[107.8914,13.7159],[107.8905,13.7159],[107.8906,13.7172],[107.89,13.7171],[107.8896,13.7165],[107.8889,13.7176],[107.888,13.7178],[107.8876,13.7175],[107.8873,13.7179],[107.887,13.7175],[107.8869,13.7182],[107.8864,13.7182],[107.8863,13.7178],[107.8851,13.7181],[107.8843,13.7168],[107.8845,13.7152],[107.8833,13.714],[107.8834,13.7135],[107.884,13.7134],[107.8843,13.7126],[107.8831,13.7117],[107.8831,13.7103],[107.8823,13.7096],[107.8815,13.7097],[107.8808,13.7101],[107.8804,13.7113],[107.8797,13.7119],[107.8783,13.7127],[107.8774,13.7126],[107.8765,13.7135],[107.8754,13.7137],[107.8753,13.7166],[107.8765,13.7274],[107.8734,13.7328],[107.8763,13.7342],[107.8713,13.7438],[107.8717,13.7481],[107.8676,13.7474],[107.8682,13.7449],[107.8649,13.7427],[107.8607,13.7435],[107.8582,13.7419],[107.8576,13.7405],[107.8558,13.7399],[107.8548,13.7387],[107.8526,13.7376],[107.8509,13.7376],[107.8487,13.7383],[107.8485,13.7361],[107.846,13.7339],[107.8427,13.735],[107.841,13.7342],[107.8382,13.7361],[107.8379,13.7355],[107.8369,13.7354],[107.8373,13.7347],[107.8368,13.734],[107.8379,13.7328],[107.8377,13.732],[107.8382,13.7316],[107.8384,13.7302],[107.8377,13.728],[107.8372,13.728],[107.8372,13.7289],[107.8367,13.7283],[107.8367,13.7275],[107.8373,13.7266],[107.837,13.7263],[107.8267,13.7303],[107.8268,13.7391],[107.8263,13.7426],[107.8185,13.7453],[107.8149,13.7475],[107.8122,13.7476],[107.8104,13.7487],[107.8102,13.7482],[107.8091,13.7484],[107.809,13.7476],[107.8073,13.7474],[107.8066,13.7468],[107.8068,13.7452],[107.806,13.7437],[107.8072,13.7427],[107.8062,13.7415],[107.8058,13.7424],[107.8053,13.7425],[107.8027,13.742],[107.7998,13.7395],[107.797,13.7359],[107.7944,13.734],[107.7854,13.7319],[107.7802,13.7275],[107.7798,13.7249],[107.7783,13.7234],[107.7762,13.7225],[107.773,13.7219],[107.7703,13.7201],[107.7696,13.7183],[107.7671,13.7193],[107.7661,13.7189],[107.767,13.7182],[107.7674,13.7158],[107.7675,13.7142],[107.7669,13.7121],[107.7678,13.7094],[107.7675,13.7072],[107.7669,13.7072],[107.7661,13.7077],[107.7649,13.7076],[107.7641,13.7082],[107.7624,13.7066],[107.7623,13.705],[107.7607,13.703],[107.7583,13.6973],[107.7563,13.6965],[107.7558,13.6945],[107.7549,13.6934],[107.7533,13.6924],[107.7518,13.6893],[107.7525,13.6898],[107.7529,13.6888],[107.7535,13.6899],[107.7545,13.69],[107.7547,13.6894],[107.7563,13.6888],[107.7569,13.6881],[107.7581,13.688],[107.7595,13.687],[107.7644,13.6876],[107.7677,13.6805],[107.7698,13.6791],[107.771,13.6789],[107.7726,13.6776],[107.7758,13.6774],[107.7798,13.6751],[107.7759,13.6744],[107.7749,13.6739],[107.774,13.6704],[107.7728,13.6701],[107.7722,13.6695],[107.772,13.665],[107.7711,13.6647],[107.7674,13.6614],[107.7693,13.659],[107.7683,13.6584],[107.7673,13.6551],[107.7661,13.654],[107.7661,13.6531],[107.7736,13.6439],[107.7812,13.6374],[107.7805,13.6364],[107.7848,13.6343],[107.7873,13.6351],[107.7878,13.6351],[107.7884,13.6345],[107.7897,13.6347],[107.7897,13.6344],[107.7909,13.634],[107.7922,13.635],[107.793,13.6351],[107.7937,13.6343],[107.7943,13.6344],[107.7927,13.6302],[107.7931,13.6292],[107.7938,13.6292],[107.7935,13.6285],[107.7939,13.6271],[107.795,13.6266],[107.7951,13.6254],[107.7963,13.6242],[107.7961,13.6228],[107.7965,13.6217],[107.7959,13.621],[107.7943,13.621],[107.7935,13.6192],[107.7941,13.6185],[107.7946,13.6164],[107.7954,13.616],[107.7962,13.6163],[107.7979,13.6156],[107.7981,13.6146],[107.7978,13.6142],[107.7971,13.6153],[107.7955,13.6138],[107.7951,13.6129],[107.7961,13.6126],[107.7959,13.6117],[107.7948,13.6117],[107.7937,13.611],[107.794,13.6099],[107.7932,13.6095],[107.795,13.6087],[107.7953,13.6071],[107.7967,13.6051],[107.7961,13.6046],[107.7957,13.6029],[107.7959,13.599],[107.7951,13.5986],[107.7954,13.5976],[107.7946,13.5972],[107.7947,13.5968],[107.7956,13.5963],[107.7961,13.5942],[107.7938,13.594],[107.7963,13.5935],[107.7996,13.5935],[107.8052,13.5965],[107.8073,13.597],[107.8104,13.6018],[107.8129,13.6017],[107.8129,13.6036],[107.8138,13.6055],[107.8153,13.6073],[107.817,13.6069],[107.8176,13.6071],[107.8182,13.6088],[107.8195,13.6105],[107.8196,13.6125],[107.8203,13.6128],[107.822,13.6128],[107.8236,13.6146],[107.8246,13.615],[107.8267,13.6154],[107.8279,13.6143],[107.8289,13.6141],[107.8318,13.6151],[107.8336,13.6129],[107.8367,13.6128],[107.8397,13.6119],[107.8409,13.6112],[107.842,13.6096],[107.8425,13.6095],[107.8488,13.6146],[107.8508,13.6167],[107.8521,13.6173],[107.8533,13.6214],[107.8548,13.623],[107.855,13.624],[107.8562,13.6251],[107.8571,13.6249],[107.8581,13.6258],[107.8606,13.6262],[107.861,13.626],[107.8612,13.6253],[107.8636,13.6243],[107.8642,13.6246],[107.8644,13.6253],[107.8663,13.6258],[107.8681,13.6243],[107.8699,13.6218],[107.8715,13.6212],[107.8731,13.6234],[107.8725,13.6254],[107.8738,13.6275],[107.8738,13.6293],[107.8744,13.63],[107.876,13.6302],[107.8761,13.632],[107.877,13.6342],[107.8782,13.635],[107.8791,13.6363],[107.8806,13.6365],[107.881,13.6369],[107.8819,13.6404],[107.8823,13.6403],[107.8832,13.6393],[107.8841,13.6395],[107.8854,13.6391],[107.8864,13.6397],[107.889,13.6396],[107.89,13.6429],[107.8901,13.6451],[107.8916,13.6449],[107.8923,13.6459],[107.8929,13.6456],[107.8941,13.646],[107.8957,13.6477],[107.8962,13.6477],[107.8962,13.6471],[107.8967,13.6472],[107.8965,13.6467],[107.8973,13.646],[107.8994,13.6471],[107.8997,13.6466],[107.9017,13.6464],[107.9034,13.6502],[107.9043,13.6496],[107.9049,13.6498],[107.9054,13.6508],[107.9048,13.6517],[107.9056,13.6548],[107.9069,13.656],[107.907,13.6566],[107.9094,13.6579],[107.9097,13.6586],[107.9094,13.6596],[107.9104,13.6591],[107.9106,13.6609],[107.9097,13.6614],[107.9103,13.6624],[107.9101,13.663],[107.9105,13.664],[107.9102,13.6655],[107.9096,13.6663],[107.9105,13.667],[107.9103,13.6678],[107.9119,13.6688],[107.911,13.6703],[107.9115,13.6725],[107.912,13.6732],[107.9126,13.6733],[107.9132,13.675],[107.914,13.6753],[107.9157,13.6781],[107.9169,13.6786],[107.9175,13.6799],[107.9192,13.6802],[107.9198,13.6799],[107.922,13.6816],[107.923,13.6819],[107.9231,13.6826],[107.9241,13.6832],[107.9271,13.6833],[107.9274,13.6827],[107.9287,13.6831],[107.9304,13.6819],[107.9323,13.6821],[107.9349,13.6813],[107.9367,13.6803],[107.9379,13.6782],[107.9384,13.6784],[107.9388,13.6778],[107.9395,13.6791],[107.9394,13.68],[107.9401,13.6794],[107.9407,13.68],[107.9417,13.6799],[107.9421,13.6804],[107.9412,13.6807],[107.9414,13.6815],[107.9421,13.6814],[107.9417,13.6821],[107.9409,13.6824],[107.9409,13.684],[107.9417,13.6861],[107.941,13.6871],[107.9417,13.6874],[107.9414,13.6887],[107.9424,13.6882],[107.9429,13.6894],[107.9417,13.6908],[107.9422,13.6917],[107.9419,13.693],[107.9398,13.6939],[107.9381,13.6966],[107.9377,13.6968],[107.9373,13.6983],[107.9376,13.6989],[107.9373,13.704],[107.9381,13.7055],[107.9382,13.708],[107.9389,13.7091],[107.9385,13.7104],[107.9395,13.7105],[107.9394,13.7109],[107.9383,13.7123],[107.938,13.712],[107.9342,13.7149],[107.9352,13.7159],[107.9308,13.7183],[107.9299,13.7192],[107.9278,13.7196],[107.9272,13.7211],[107.9261,13.7207],[107.9257,13.722],[107.9237,13.7226]]]},"properties":{"code":"23911","name":"Ia Boòng","nameEn":"Ia Boong","fullName":"Xã Ia Boòng","fullNameEn":"Ia Boong Commune","codeName":"ia_boong","postalCode":"61617","postalCodePrefix":"","gisServerId":"diaphanhanhchinhcapxa_2025.2928","areaKm2":196.07},"id":"23911"},
{"type":"Feature","geometry":{"type":"Polygon","coordinates":[[[107.7533,13.6924],[107.7485,13.6931],[107.7478,13.6937],[107.7468,13.6964],[107.7453,13.6978],[107.7429,13.6985],[107.7412,13.6997],[107.7399,13.6994],[107.7389,13.6977],[107.7369,13.696],[107.7365,13.6947],[107.7352,13.6931],[107.734,13.6924],[107.7325,13.6944],[107.7325,13.6969],[107.7321,13.6978],[107.7301,13.7001],[107.7297,13.7011],[107.7285,13.7015],[107.7278,13.7002],[107.7271,13.6998],[107.7235,13.7025],[107.7198,13.7033],[107.7161,13.7055],[107.7094,13.7052],[107.7055,13.7065],[107.702,13.7066],[107.7006,13.7033],[107.6953,13.7032],[107.6943,13.7006],[107.6907,13.6982],[107.6892,13.6954],[107.6886,13.6951],[107.6864,13.6954],[107.6854,13.6942],[107.6839,13.6943],[107.6827,13.6927],[107.6804,13.6927],[107.6796,13.6902],[107.6785,13.6902],[107.6781,13.6889],[107.6772,13.688],[107.6762,13.6879],[107.6743,13.6857],[107.6725,13.6849],[107.6719,13.6856],[107.6706,13.6849],[107.6696,13.6853],[107.6694,13.6839],[107.6687,13.684],[107.6681,13.683],[107.6673,13.6833],[107.6666,13.6826],[107.6628,13.6809],[107.6631,13.6799],[107.6622,13.6786],[107.6635,13.6786],[107.6631,13.6761],[107.6641,13.6754],[107.666,13.6749],[107.6656,13.6744],[107.6635,13.6739],[107.6632,13.6714],[107.6617,13.6715],[107.6609,13.6701],[107.6577,13.6684],[107.6553,13.6686],[107.6541,13.6676],[107.6527,13.6679],[107.6511,13.6641],[107.6487,13.6634],[107.6487,13.6621],[107.6447,13.6599],[107.6453,13.6587],[107.6452,13.6584],[107.6428,13.6591],[107.6408,13.659],[107.6405,13.6594],[107.6408,13.6606],[107.6402,13.6613],[107.6378,13.6603],[107.6379,13.6594],[107.6371,13.6564],[107.6367,13.6561],[107.6349,13.6562],[107.6344,13.6543],[107.6329,13.6536],[107.6331,13.6526],[107.6328,13.6516],[107.6308,13.6504],[107.6312,13.6487],[107.6305,13.6475],[107.6314,13.6453],[107.6309,13.6438],[107.6281,13.6426],[107.6272,13.641],[107.6262,13.6402],[107.6238,13.6394],[107.6233,13.6384],[107.6218,13.6377],[107.6212,13.6361],[107.6196,13.6357],[107.6191,13.6344],[107.6166,13.6346],[107.6165,13.6319],[107.617,13.6295],[107.6167,13.6278],[107.6145,13.628],[107.6121,13.6259],[107.606,13.6251],[107.6041,13.6224],[107.6013,13.6217],[107.5988,13.6218],[107.5975,13.6226],[107.5966,13.6237],[107.5968,13.6252],[107.598,13.627],[107.5976,13.6282],[107.597,13.6285],[107.5956,13.6283],[107.5949,13.6268],[107.594,13.6263],[107.5885,13.6268],[107.5801,13.6258],[107.578,13.6261],[107.5747,13.6229],[107.5746,13.6202],[107.5735,13.6183],[107.5851,13.5966],[107.6084,13.5479],[107.6123,13.5491],[107.6149,13.5482],[107.6224,13.5492],[107.6236,13.5479],[107.626,13.5476],[107.6298,13.5457],[107.6332,13.5455],[107.6358,13.5436],[107.6377,13.5439],[107.6393,13.5428],[107.6425,13.5433],[107.6438,13.542],[107.6445,13.5418],[107.6459,13.5399],[107.6468,13.5397],[107.6499,13.5413],[107.6499,13.5439],[107.6509,13.5455],[107.6538,13.5459],[107.6554,13.547],[107.6568,13.5469],[107.6595,13.5493],[107.6602,13.5503],[107.6631,13.5526],[107.6641,13.5563],[107.6626,13.5596],[107.6639,13.5648],[107.6612,13.567],[107.6603,13.5709],[107.662,13.5739],[107.6639,13.5749],[107.6708,13.5703],[107.6724,13.5703],[107.6735,13.5707],[107.6742,13.5641],[107.6774,13.564],[107.6792,13.5644],[107.6801,13.5647],[107.6808,13.5656],[107.6815,13.5658],[107.6839,13.5646],[107.6842,13.564],[107.6841,13.5623],[107.6844,13.5615],[107.6861,13.5607],[107.6875,13.5605],[107.6883,13.5588],[107.6914,13.5615],[107.6933,13.5621],[107.6958,13.5607],[107.6988,13.5604],[107.6994,13.5594],[107.6999,13.5573],[107.7078,13.5605],[107.7092,13.5615],[107.7258,13.5688],[107.7544,13.5642],[107.755,13.5644],[107.7565,13.5635],[107.758,13.565],[107.7581,13.5656],[107.7577,13.5664],[107.7567,13.567],[107.7564,13.5695],[107.7575,13.5702],[107.7591,13.5702],[107.7586,13.5734],[107.7589,13.5739],[107.7607,13.5742],[107.7616,13.5738],[107.7622,13.5729],[107.7633,13.5744],[107.7638,13.5745],[107.764,13.5738],[107.7644,13.5737],[107.7658,13.5768],[107.7702,13.5795],[107.7708,13.5805],[107.7733,13.5803],[107.7738,13.5796],[107.7759,13.5807],[107.7777,13.5805],[107.7776,13.582],[107.7792,13.5824],[107.7799,13.5836],[107.7812,13.5835],[107.7818,13.5846],[107.7825,13.5845],[107.7824,13.586],[107.7842,13.5875],[107.7854,13.5876],[107.7856,13.5869],[107.7869,13.5872],[107.788,13.5868],[107.7875,13.5891],[107.7888,13.5904],[107.7902,13.5894],[107.7914,13.5901],[107.7922,13.5898],[107.793,13.5903],[107.7942,13.5899],[107.795,13.5901],[107.7955,13.5912],[107.7943,13.5923],[107.7944,13.5929],[107.7951,13.5932],[107.7938,13.5934],[107.7938,13.594],[107.7961,13.5942],[107.7956,13.5963],[107.7947,13.5968],[107.7946,13.5972],[107.7954,13.5976],[107.7951,13.5986],[107.7959,13.599],[107.7957,13.6029],[107.7961,13.6046],[107.7967,13.6051],[107.7953,13.6071],[107.795,13.6087],[107.7932,13.6095],[107.794,13.6099],[107.7937,13.611],[107.7948,13.6117],[107.7959,13.6117],[107.7961,13.6126],[107.7951,13.6129],[107.7955,13.6138],[107.7971,13.6153],[107.7978,13.6142],[107.7981,13.6146],[107.7979,13.6156],[107.7962,13.6163],[107.7954,13.616],[107.7946,13.6164],[107.7941,13.6185],[107.7935,13.6192],[107.7943,13.621],[107.7959,13.621],[107.7965,13.6217],[107.7961,13.6228],[107.7963,13.6242],[107.7951,13.6254],[107.795,13.6266],[107.7939,13.6271],[107.7935,13.6285],[107.7938,13.6292],[107.7931,13.6292],[107.7927,13.6302],[107.7943,13.6344],[107.7937,13.6343],[107.793,13.6351],[107.7922,13.635],[107.7909,13.634],[107.7897,13.6344],[107.7897,13.6347],[107.7884,13.6345],[107.7878,13.6351],[107.7873,13.6351],[107.7848,13.6343],[107.7805,13.6364],[107.7812,13.6374],[107.7736,13.6439],[107.7661,13.6531],[107.7661,13.654],[107.7673,13.6551],[107.7683,13.6584],[107.7693,13.659],[107.7674,13.6614],[107.7711,13.6647],[107.772,13.665],[107.7722,13.6695],[107.7728,13.6701],[107.774,13.6704],[107.7749,13.6739],[107.7759,13.6744],[107.7798,13.6751],[107.7758,13.6774],[107.7726,13.6776],[107.771,13.6789],[107.7698,13.6791],[107.7677,13.6805],[107.7644,13.6876],[107.7595,13.687],[107.7581,13.688],[107.7569,13.6881],[107.7563,13.6888],[107.7547,13.6894],[107.7545,13.69],[107.7535,13.6899],[107.7529,13.6888],[107.7525,13.6898],[107.7518,13.6893],[107.7533,13.6924]]]},"properties":{"code":"23917","name":"Ia Púch","nameEn":"Ia Puch","fullName":"Xã Ia Púch","fullNameEn":"Ia Puch Commune","codeName":"ia_puch","postalCode":"61623","postalCodePrefix":"","gisServerId":"diaphanhanhchinhcapxa_2025.2929","areaKm2":267.3},"id":"23917"},
{"type":"Feature","geometry":{"type":"Polygon","coordinates":[[[108.0107,13.6796],[108.01,13.6802],[108.0095,13.6799],[108.009,13.6802],[108.0086,13.6809],[108.0088,13.6812],[108.0082,13.6814],[108.0085,13.6819],[108.0075,13.6821],[108.0082,13.6834],[108.0089,13.6839],[108.0088,13.6849],[108.0085,13.6852],[108.0085,13.6853],[107.9959,13.6828],[107.9927,13.6808],[107.9916,13.6801],[107.9889,13.6794],[107.9873,13.6817],[107.9791,13.6807],[107.9735,13.6813],[107.9678,13.6831],[107.9607,13.6802],[107.96,13.6803],[107.9562,13.6788],[107.9548,13.6788],[107.9528,13.6781],[107.9516,13.6781],[107.9498,13.6791],[107.9487,13.6781],[107.9469,13.679],[107.9462,13.678],[107.9453,13.6787],[107.9443,13.6778],[107.9413,13.6786],[107.9409,13.6786],[107.9408,13.678],[107.9399,13.678],[107.9399,13.6772],[107.9388,13.6778],[107.9384,13.6784],[107.9379,13.6782],[107.9367,13.6803],[107.9349,13.6813],[107.9323,13.6821],[107.9304,13.6819],[107.9287,13.6831],[107.9274,13.6827],[107.9271,13.6833],[107.9241,13.6832],[107.9231,13.6826],[107.923,13.6819],[107.922,13.6816],[107.9198,13.6799],[107.9192,13.6802],[107.9175,13.6799],[107.9169,13.6786],[107.9157,13.6781],[107.914,13.6753],[107.9132,13.675],[107.9126,13.6733],[107.912,13.6732],[107.9115,13.6725],[107.911,13.6703],[107.9119,13.6688],[107.9103,13.6678],[107.9105,13.667],[107.9096,13.6663],[107.9102,13.6655],[107.9105,13.664],[107.9101,13.663],[107.9103,13.6624],[107.9097,13.6614],[107.9106,13.6609],[107.9104,13.6591],[107.9094,13.6596],[107.9097,13.6586],[107.9094,13.6579],[107.907,13.6566],[107.9069,13.656],[107.9056,13.6548],[107.9048,13.6517],[107.9054,13.6508],[107.9049,13.6498],[107.9043,13.6496],[107.9034,13.6502],[107.9017,13.6464],[107.8997,13.6466],[107.8994,13.6471],[107.8973,13.646],[107.8965,13.6467],[107.8967,13.6472],[107.8962,13.6471],[107.8962,13.6477],[107.8957,13.6477],[107.8941,13.646],[107.8929,13.6456],[107.8923,13.6459],[107.8916,13.6449],[107.8901,13.6451],[107.89,13.6429],[107.889,13.6396],[107.8864,13.6397],[107.8854,13.6391],[107.8841,13.6395],[107.8832,13.6393],[107.8823,13.6403],[107.8819,13.6404],[107.881,13.6369],[107.8806,13.6365],[107.8791,13.6363],[107.8782,13.635],[107.877,13.6342],[107.8761,13.632],[107.876,13.6302],[107.8744,13.63],[107.8738,13.6293],[107.8738,13.6275],[107.8725,13.6254],[107.8731,13.6234],[107.8715,13.6212],[107.8699,13.6218],[107.8681,13.6243],[107.8663,13.6258],[107.8644,13.6253],[107.8642,13.6246],[107.8636,13.6243],[107.8612,13.6253],[107.861,13.626],[107.8606,13.6262],[107.8581,13.6258],[107.8571,13.6249],[107.8562,13.6251],[107.855,13.624],[107.8548,13.623],[107.8533,13.6214],[107.8521,13.6173],[107.8508,13.6167],[107.8488,13.6146],[107.8425,13.6095],[107.842,13.6096],[107.8409,13.6112],[107.8397,13.6119],[107.8367,13.6128],[107.8336,13.6129],[107.8318,13.6151],[107.8289,13.6141],[107.8279,13.6143],[107.8267,13.6154],[107.8246,13.615],[107.8236,13.6146],[107.822,13.6128],[107.8203,13.6128],[107.8196,13.6125],[107.8195,13.6105],[107.8182,13.6088],[107.8176,13.6071],[107.817,13.6069],[107.8153,13.6073],[107.8138,13.6055],[107.8129,13.6036],[107.8129,13.6017],[107.8108,13.5967],[107.81,13.5937],[107.8094,13.5936],[107.8086,13.5948],[107.8071,13.5951],[107.8079,13.5919],[107.8076,13.5893],[107.8083,13.5879],[107.8075,13.5853],[107.8046,13.581],[107.8037,13.5788],[107.8024,13.5776],[107.8008,13.5785],[107.8,13.5778],[107.7983,13.5776],[107.7953,13.5743],[107.7924,13.575],[107.7917,13.5747],[107.7912,13.5723],[107.7894,13.5708],[107.7887,13.5697],[107.7885,13.5683],[107.7867,13.566],[107.7869,13.5647],[107.7882,13.5634],[107.7886,13.5618],[107.7888,13.5604],[107.7883,13.5584],[107.7875,13.5587],[107.7865,13.56],[107.7856,13.5601],[107.7849,13.5597],[107.7852,13.5582],[107.7866,13.5577],[107.7875,13.5569],[107.7869,13.5542],[107.7895,13.5507],[107.7891,13.5493],[107.7892,13.5478],[107.7905,13.5459],[107.7877,13.5452],[107.7832,13.5414],[107.7819,13.5371],[107.7813,13.5366],[107.7852,13.5348],[107.7875,13.5328],[107.7903,13.5325],[107.794,13.5302],[107.7938,13.5279],[107.7923,13.5261],[107.7931,13.5255],[107.796,13.5287],[107.7964,13.5291],[107.8007,13.5254],[107.8008,13.5213],[107.8078,13.5212],[107.8189,13.5182],[107.8303,13.5163],[107.8316,13.5152],[107.8381,13.5139],[107.8391,13.513],[107.8395,13.5131],[107.8403,13.5137],[107.8415,13.5156],[107.8415,13.5166],[107.8423,13.5185],[107.8449,13.5181],[107.8475,13.5165],[107.85,13.5167],[107.8497,13.5195],[107.8501,13.5222],[107.8505,13.5226],[107.8519,13.5223],[107.8536,13.5229],[107.855,13.5251],[107.8584,13.5282],[107.8595,13.5288],[107.8619,13.5289],[107.863,13.5296],[107.8631,13.5301],[107.8647,13.5309],[107.865,13.5324],[107.8654,13.5324],[107.8659,13.5316],[107.8686,13.5338],[107.8697,13.5343],[107.8697,13.5347],[107.8691,13.5348],[107.8694,13.5354],[107.8723,13.5357],[107.8725,13.5361],[107.8719,13.537],[107.8725,13.538],[107.8739,13.5369],[107.8742,13.5356],[107.8751,13.5358],[107.8759,13.5367],[107.8776,13.5342],[107.8782,13.534],[107.8799,13.5359],[107.8813,13.5364],[107.8823,13.5379],[107.8843,13.5389],[107.8858,13.5409],[107.8872,13.5416],[107.8889,13.5451],[107.9002,13.5429],[107.9019,13.5436],[107.9036,13.5469],[107.9073,13.5482],[107.9076,13.5484],[107.9077,13.5494],[107.9085,13.5486],[107.9091,13.5488],[107.9116,13.5529],[107.9135,13.554],[107.9132,13.5544],[107.914,13.5551],[107.9153,13.5539],[107.9158,13.5519],[107.9156,13.5509],[107.9162,13.5502],[107.9155,13.5478],[107.9164,13.5466],[107.9162,13.5454],[107.9164,13.5439],[107.9161,13.5431],[107.9165,13.5419],[107.9153,13.5404],[107.9171,13.5387],[107.9162,13.5368],[107.9174,13.5357],[107.918,13.534],[107.9179,13.5313],[107.9188,13.5312],[107.919,13.5328],[107.92,13.5337],[107.9207,13.534],[107.9217,13.5333],[107.9222,13.5335],[107.9218,13.5344],[107.9206,13.535],[107.921,13.5361],[107.9217,13.5368],[107.9227,13.5367],[107.9233,13.5374],[107.925,13.5381],[107.9265,13.5401],[107.9257,13.5417],[107.9263,13.5419],[107.9271,13.543],[107.9263,13.543],[107.9268,13.5441],[107.9261,13.5449],[107.928,13.5454],[107.9281,13.5478],[107.9278,13.5489],[107.929,13.55],[107.9293,13.551],[107.9291,13.5521],[107.9302,13.5535],[107.9312,13.5536],[107.9324,13.5544],[107.9334,13.5567],[107.9343,13.5575],[107.9346,13.5589],[107.9342,13.5603],[107.9347,13.5621],[107.9353,13.5628],[107.9366,13.5657],[107.9386,13.5674],[107.9411,13.5686],[107.9426,13.5697],[107.9428,13.5712],[107.9423,13.572],[107.9424,13.573],[107.9416,13.5744],[107.9423,13.5777],[107.9413,13.5781],[107.9421,13.5793],[107.9422,13.5807],[107.9448,13.5821],[107.9448,13.584],[107.9459,13.5856],[107.9455,13.5868],[107.9446,13.5868],[107.9454,13.5888],[107.9451,13.5901],[107.9456,13.5902],[107.9455,13.591],[107.9464,13.5918],[107.9473,13.5917],[107.9476,13.5922],[107.9484,13.5921],[107.9506,13.5935],[107.9511,13.5933],[107.9535,13.5933],[107.9549,13.5938],[107.9572,13.5932],[107.9571,13.5927],[107.9582,13.5922],[107.9593,13.591],[107.9598,13.5917],[107.9605,13.5911],[107.9614,13.5912],[107.9627,13.5927],[107.9637,13.5946],[107.9663,13.5955],[107.9667,13.5952],[107.9672,13.596],[107.969,13.5957],[107.97,13.5959],[107.9721,13.5952],[107.973,13.5965],[107.9731,13.5983],[107.9719,13.6037],[107.9715,13.6092],[107.9704,13.6109],[107.9726,13.6112],[107.9732,13.6143],[107.9753,13.6148],[107.9758,13.6165],[107.977,13.6175],[107.9772,13.6184],[107.9768,13.6223],[107.9782,13.6243],[107.9786,13.6243],[107.9785,13.6239],[107.9794,13.6238],[107.9796,13.6228],[107.9804,13.6231],[107.9806,13.6228],[107.9812,13.6233],[107.982,13.6226],[107.9828,13.623],[107.9823,13.6235],[107.983,13.6241],[107.9833,13.6236],[107.9844,13.6244],[107.9845,13.624],[107.9858,13.6241],[107.9865,13.6248],[107.9873,13.6248],[107.9876,13.6242],[107.988,13.6245],[107.9894,13.6243],[107.9896,13.6248],[107.9897,13.6244],[107.9906,13.6245],[107.9916,13.6254],[107.9926,13.6251],[107.9927,13.6258],[107.993,13.6252],[107.9939,13.6259],[107.9939,13.6272],[107.9944,13.6275],[107.9948,13.6271],[107.9951,13.6282],[107.9954,13.6278],[107.9966,13.6282],[107.9964,13.6286],[107.9969,13.6288],[107.9969,13.6297],[107.9975,13.6295],[107.9984,13.6303],[107.9982,13.6306],[107.9989,13.6318],[107.9983,13.6318],[107.9992,13.6326],[107.9999,13.6341],[108.0006,13.6341],[108.0026,13.6356],[108.0033,13.6355],[108.0037,13.635],[108.0046,13.6351],[108.0047,13.6355],[108.0057,13.6356],[108.006,13.6352],[108.0068,13.6363],[108.0079,13.6361],[108.0093,13.6368],[108.0105,13.6367],[108.0106,13.6372],[108.0116,13.6376],[108.0117,13.6381],[108.0133,13.639],[108.013,13.6393],[108.0136,13.6397],[108.0133,13.64],[108.0136,13.6407],[108.0132,13.6408],[108.0125,13.6435],[108.0132,13.6438],[108.0125,13.6442],[108.013,13.6445],[108.0125,13.6456],[108.0128,13.6458],[108.0123,13.6462],[108.0127,13.6471],[108.0125,13.6481],[108.0131,13.6488],[108.0125,13.6492],[108.0129,13.6491],[108.0133,13.6497],[108.0137,13.6496],[108.0139,13.6501],[108.0142,13.6498],[108.0143,13.6507],[108.0148,13.6511],[108.0145,13.6516],[108.0147,13.6519],[108.0157,13.6516],[108.0172,13.6552],[108.0162,13.657],[108.0184,13.6614],[108.0175,13.6614],[108.0173,13.6622],[108.0168,13.662],[108.0168,13.6625],[108.0164,13.6625],[108.0168,13.6634],[108.0162,13.6648],[108.0166,13.6648],[108.0165,13.6656],[108.0157,13.6665],[108.0165,13.6668],[108.0165,13.6679],[108.0154,13.6685],[108.0158,13.67],[108.0153,13.6704],[108.0153,13.671],[108.0148,13.6712],[108.0148,13.672],[108.0142,13.672],[108.0144,13.6733],[108.0134,13.6746],[108.013,13.6764],[108.0122,13.6766],[108.0122,13.6772],[108.0116,13.6771],[108.0108,13.6777],[108.0115,13.6787],[108.0108,13.6788],[108.0107,13.6796]]]},"properties":{"code":"23926","name":"Ia Pia","nameEn":"Ia Pia","fullName":"Xã Ia Pia","fullNameEn":"Ia Pia Commune","codeName":"ia_pia","postalCode":"61619","postalCodePrefix":"","gisServerId":"diaphanhanhchinhcapxa_2025.2930","areaKm2":238.59},"id":"23926"},
{"type":"Feature","geometry":{"type":"Polygon","coordinates":[[[107.9229,13.3852],[107.9263,13.402],[107.9259,13.4025],[107.9261,13.4035],[107.9307,13.4219],[107.9306,13.4228],[107.9335,13.4336],[107.931,13.4375],[107.9306,13.4391],[107.9288,13.4386],[107.9272,13.4408],[107.9254,13.4443],[107.9252,13.4465],[107.9237,13.4485],[107.9227,13.4512],[107.9266,13.455],[107.9265,13.4563],[107.9256,13.4567],[107.927,13.4581],[107.9288,13.4566],[107.9289,13.4557],[107.9311,13.4546],[107.9317,13.4584],[107.9328,13.4585],[107.9336,13.4575],[107.9344,13.4574],[107.935,13.4578],[107.9357,13.4604],[107.9393,13.4599],[107.9406,13.4601],[107.9414,13.4607],[107.9424,13.4623],[107.9447,13.4646],[107.9462,13.4647],[107.9475,13.4653],[107.9488,13.4643],[107.9492,13.4636],[107.9505,13.4633],[107.9503,13.4657],[107.9497,13.4666],[107.9499,13.4669],[107.9493,13.467],[107.9495,13.4676],[107.9491,13.4679],[107.9495,13.4695],[107.9488,13.4728],[107.9494,13.4735],[107.9492,13.4757],[107.9485,13.4757],[107.9479,13.4791],[107.9482,13.4802],[107.9473,13.48],[107.9451,13.4811],[107.9433,13.4847],[107.9366,13.4916],[107.9344,13.4931],[107.9351,13.4942],[107.9332,13.4954],[107.9332,13.4958],[107.9342,13.4961],[107.9349,13.4975],[107.9348,13.4987],[107.9359,13.4996],[107.9353,13.5011],[107.9357,13.5022],[107.9371,13.503],[107.9373,13.5042],[107.9364,13.5044],[107.9363,13.505],[107.9376,13.5059],[107.9376,13.5063],[107.9359,13.5063],[107.9344,13.5074],[107.9315,13.5086],[107.9289,13.5087],[107.9263,13.5093],[107.9251,13.5089],[107.9207,13.5104],[107.9195,13.5098],[107.92,13.5105],[107.92,13.5118],[107.9199,13.5124],[107.919,13.5129],[107.9199,13.5143],[107.9194,13.5156],[107.9207,13.516],[107.922,13.5181],[107.922,13.519],[107.9212,13.5197],[107.9222,13.5207],[107.9223,13.5216],[107.9219,13.5228],[107.9233,13.5234],[107.9225,13.5258],[107.9211,13.5261],[107.9216,13.5268],[107.9212,13.5268],[107.921,13.5271],[107.9221,13.5292],[107.9215,13.53],[107.9207,13.5302],[107.9201,13.5295],[107.9192,13.5297],[107.9188,13.5312],[107.9179,13.5313],[107.918,13.534],[107.9174,13.5357],[107.9162,13.5368],[107.9171,13.5387],[107.9153,13.5404],[107.9165,13.5419],[107.9161,13.5431],[107.9164,13.5439],[107.9162,13.5454],[107.9164,13.5466],[107.9155,13.5478],[107.9162,13.5502],[107.9156,13.5509],[107.9158,13.5519],[107.9153,13.5539],[107.914,13.5551],[107.9132,13.5544],[107.9135,13.554],[107.9116,13.5529],[107.9091,13.5488],[107.9085,13.5486],[107.9077,13.5494],[107.9076,13.5484],[107.9073,13.5482],[107.9036,13.5469],[107.9019,13.5436],[107.9002,13.5429],[107.8889,13.5451],[107.8872,13.5416],[107.8858,13.5409],[107.8843,13.5389],[107.8823,13.5379],[107.8813,13.5364],[107.8799,13.5359],[107.8782,13.534],[107.8776,13.5342],[107.8759,13.5367],[107.8751,13.5358],[107.8742,13.5356],[107.8739,13.5369],[107.8725,13.538],[107.8719,13.537],[107.8725,13.5361],[107.8723,13.5357],[107.8694,13.5354],[107.8691,13.5348],[107.8697,13.5347],[107.8697,13.5343],[107.8686,13.5338],[107.8659,13.5316],[107.8654,13.5324],[107.865,13.5324],[107.8647,13.5309],[107.8631,13.5301],[107.863,13.5296],[107.8619,13.5289],[107.8595,13.5288],[107.8584,13.5282],[107.855,13.5251],[107.8536,13.5229],[107.8519,13.5223],[107.8505,13.5226],[107.8501,13.5222],[107.8497,13.5195],[107.85,13.5167],[107.8475,13.5165],[107.8449,13.5181],[107.8423,13.5185],[107.8415,13.5166],[107.8415,13.5156],[107.8403,13.5137],[107.8395,13.5131],[107.8391,13.513],[107.8381,13.5139],[107.8316,13.5152],[107.8303,13.5163],[107.8189,13.5182],[107.8078,13.5212],[107.8008,13.5213],[107.8007,13.5254],[107.7964,13.5291],[107.796,13.5287],[107.7973,13.5279],[107.7976,13.5274],[107.7978,13.522],[107.7975,13.5207],[107.7978,13.5197],[107.7974,13.519],[107.7991,13.5181],[107.7999,13.5158],[107.7998,13.5148],[107.799,13.5143],[107.8005,13.5119],[107.8001,13.5109],[107.8005,13.5088],[107.8016,13.5078],[107.8015,13.5068],[107.8019,13.5066],[107.8018,13.5061],[107.803,13.5061],[107.8035,13.5057],[107.8035,13.505],[107.8031,13.5047],[107.8034,13.5041],[107.8031,13.5024],[107.8036,13.5022],[107.8037,13.5017],[107.8033,13.5002],[107.8025,13.4992],[107.8027,13.4983],[107.802,13.497],[107.8023,13.4961],[107.8014,13.496],[107.8008,13.4964],[107.8009,13.4958],[107.8002,13.4955],[107.7998,13.4948],[107.799,13.4943],[107.7988,13.4946],[107.7983,13.493],[107.7985,13.4902],[107.7994,13.4894],[107.8009,13.4888],[107.8021,13.4875],[107.8029,13.4855],[107.8022,13.4773],[107.7994,13.4729],[107.7995,13.4715],[107.8013,13.4677],[107.8003,13.4642],[107.8007,13.456],[107.8009,13.4553],[107.8015,13.455],[107.8034,13.4567],[107.807,13.4574],[107.8079,13.4574],[107.8091,13.4565],[107.811,13.4563],[107.8107,13.4553],[107.8112,13.4546],[107.8107,13.4541],[107.8108,13.4534],[107.8105,13.4531],[107.8107,13.4528],[107.8112,13.4529],[107.8106,13.45],[107.8111,13.4496],[107.8105,13.4493],[107.8113,13.4474],[107.8111,13.4469],[107.8101,13.4467],[107.8108,13.4456],[107.8103,13.4443],[107.8098,13.4446],[107.8089,13.4435],[107.8094,13.4419],[107.811,13.4406],[107.8109,13.4398],[107.8101,13.4396],[107.8102,13.4393],[107.8112,13.4392],[107.8106,13.439],[107.8109,13.4382],[107.8104,13.4376],[107.8124,13.4351],[107.8128,13.4333],[107.8132,13.4331],[107.8127,13.4325],[107.812,13.4329],[107.8121,13.4334],[107.8115,13.4332],[107.8114,13.4337],[107.8115,13.4325],[107.8095,13.4316],[107.8101,13.431],[107.8094,13.4306],[107.8092,13.431],[107.8083,13.431],[107.8061,13.4289],[107.8053,13.4298],[107.8044,13.4299],[107.8026,13.4291],[107.8021,13.4278],[107.8014,13.4287],[107.8014,13.4279],[107.8006,13.427],[107.8011,13.4265],[107.8001,13.426],[107.8008,13.4257],[107.8003,13.425],[107.8008,13.424],[107.8003,13.4231],[107.8005,13.4226],[107.801,13.423],[107.8014,13.4227],[107.801,13.4224],[107.8015,13.4212],[107.8012,13.4207],[107.8018,13.4201],[107.8012,13.4196],[107.8015,13.4184],[107.8008,13.4181],[107.801,13.417],[107.7995,13.4166],[107.7997,13.4159],[107.799,13.4161],[107.7984,13.4157],[107.799,13.415],[107.7983,13.4147],[107.7984,13.4143],[107.7994,13.4143],[107.7998,13.4139],[107.7989,13.4137],[107.7988,13.4129],[107.7997,13.4125],[107.8,13.4108],[107.7981,13.4108],[107.7984,13.4097],[107.7982,13.4095],[107.7978,13.4098],[107.7979,13.4089],[107.7973,13.4097],[107.7959,13.4079],[107.796,13.4076],[107.7966,13.4075],[107.7965,13.4068],[107.7971,13.4068],[107.7964,13.4064],[107.7963,13.4059],[107.7956,13.4056],[107.7952,13.4037],[107.7956,13.4027],[107.7963,13.4026],[107.7963,13.4021],[107.7968,13.4022],[107.7976,13.4017],[107.7979,13.4018],[107.7979,13.4024],[107.7989,13.4029],[107.7983,13.4011],[107.7995,13.4001],[107.7998,13.3972],[107.8013,13.3938],[107.802,13.394],[107.8039,13.3933],[107.8054,13.3945],[107.8072,13.3942],[107.8088,13.3951],[107.8099,13.3944],[107.8138,13.394],[107.8156,13.3928],[107.8175,13.3934],[107.8196,13.3925],[107.8318,13.3967],[107.8389,13.4005],[107.851,13.3896],[107.8756,13.3941],[107.8767,13.394],[107.8789,13.3927],[107.8794,13.3907],[107.8827,13.3903],[107.8832,13.3877],[107.8855,13.3885],[107.8858,13.3862],[107.8865,13.3847],[107.8982,13.3872],[107.9009,13.3885],[107.9038,13.3883],[107.9067,13.3889],[107.9078,13.3887],[107.9083,13.388],[107.9139,13.3881],[107.9189,13.386],[107.9211,13.386],[107.9229,13.3852]]]},"properties":{"code":"23935","name":"Ia Lâu","nameEn":"Ia Lau","fullName":"Xã Ia Lâu","fullNameEn":"Ia Lau Commune","codeName":"ia_lau","postalCode":"61621","postalCodePrefix":"","gisServerId":"diaphanhanhchinhcapxa_2025.2942","areaKm2":215.02},"id":"23935"},
{"type":"Feature","geometry":{"type":"Polygon","coordinates":[[[107.8129,13.6017],[107.8104,13.6018],[107.8073,13.597],[107.8052,13.5965],[107.7996,13.5935],[107.7963,13.5935],[107.7938,13.594],[107.7938,13.5934],[107.7951,13.5932],[107.7944,13.5929],[107.7943,13.5923],[107.7955,13.5912],[107.795,13.5901],[107.7942,13.5899],[107.793,13.5903],[107.7922,13.5898],[107.7914,13.5901],[107.7902,13.5894],[107.7888,13.5904],[107.7875,13.5891],[107.788,13.5868],[107.7869,13.5872],[107.7856,13.5869],[107.7854,13.5876],[107.7842,13.5875],[107.7824,13.586],[107.7825,13.5845],[107.7818,13.5846],[107.7812,13.5835],[107.7799,13.5836],[107.7792,13.5824],[107.7776,13.582],[107.7777,13.5805],[107.7759,13.5807],[107.7738,13.5796],[107.7733,13.5803],[107.7708,13.5805],[107.7702,13.5795],[107.7658,13.5768],[107.7644,13.5737],[107.764,13.5738],[107.7638,13.5745],[107.7633,13.5744],[107.7622,13.5729],[107.7616,13.5738],[107.7607,13.5742],[107.7589,13.5739],[107.7586,13.5734],[107.7591,13.5702],[107.7575,13.5702],[107.7564,13.5695],[107.7567,13.567],[107.7577,13.5664],[107.7581,13.5656],[107.758,13.565],[107.7565,13.5635],[107.755,13.5644],[107.7544,13.5642],[107.7258,13.5688],[107.7092,13.5615],[107.7078,13.5605],[107.6999,13.5573],[107.6994,13.5594],[107.6988,13.5604],[107.6958,13.5607],[107.6933,13.5621],[107.6914,13.5615],[107.6883,13.5588],[107.6875,13.5605],[107.6861,13.5607],[107.6844,13.5615],[107.6841,13.5623],[107.6842,13.564],[107.6839,13.5646],[107.6815,13.5658],[107.6808,13.5656],[107.6801,13.5647],[107.6792,13.5644],[107.6774,13.564],[107.6742,13.5641],[107.6735,13.5707],[107.6724,13.5703],[107.6708,13.5703],[107.6639,13.5749],[107.662,13.5739],[107.6603,13.5709],[107.6612,13.567],[107.6639,13.5648],[107.6626,13.5596],[107.6641,13.5563],[107.6631,13.5526],[107.6602,13.5503],[107.6595,13.5493],[107.6568,13.5469],[107.6554,13.547],[107.6538,13.5459],[107.6509,13.5455],[107.6499,13.5439],[107.6499,13.5413],[107.6468,13.5397],[107.6459,13.5399],[107.6445,13.5418],[107.6438,13.542],[107.6425,13.5433],[107.6393,13.5428],[107.6377,13.5439],[107.6358,13.5436],[107.6332,13.5455],[107.6298,13.5457],[107.626,13.5476],[107.6236,13.5479],[107.6224,13.5492],[107.6149,13.5482],[107.6123,13.5491],[107.6084,13.5479],[107.6177,13.5287],[107.6296,13.374],[107.6313,13.3599],[107.6268,13.3506],[107.6067,13.3045],[107.6147,13.3078],[107.6155,13.3112],[107.6162,13.312],[107.6196,13.3131],[107.6208,13.3128],[107.6248,13.3152],[107.626,13.3152],[107.6282,13.3142],[107.6294,13.3146],[107.63,13.3156],[107.6303,13.3203],[107.6308,13.3211],[107.6336,13.322],[107.6378,13.3218],[107.6392,13.3222],[107.6397,13.3232],[107.6398,13.3276],[107.6404,13.329],[107.6414,13.3289],[107.646,13.3259],[107.6483,13.3256],[107.6497,13.3263],[107.6502,13.3274],[107.65,13.3309],[107.6505,13.3336],[107.6504,13.337],[107.6498,13.338],[107.6497,13.3397],[107.6497,13.342],[107.65,13.3427],[107.651,13.343],[107.6544,13.3427],[107.6552,13.343],[107.6564,13.3445],[107.6573,13.3466],[107.6633,13.3505],[107.6665,13.3508],[107.6698,13.3495],[107.6713,13.3499],[107.6726,13.3518],[107.6742,13.3566],[107.6756,13.358],[107.6833,13.3618],[107.6844,13.3634],[107.6854,13.3641],[107.6865,13.3638],[107.6881,13.3621],[107.6893,13.362],[107.6897,13.3626],[107.6901,13.3658],[107.6921,13.3694],[107.6938,13.3713],[107.6961,13.3728],[107.7,13.3742],[107.7044,13.3749],[107.7056,13.3745],[107.7077,13.373],[107.7093,13.3703],[107.7101,13.3699],[107.7119,13.3705],[107.7123,13.3727],[107.7128,13.3733],[107.7147,13.3741],[107.7171,13.3743],[107.7191,13.3724],[107.7196,13.3704],[107.7202,13.3697],[107.7213,13.3693],[107.7248,13.3694],[107.7265,13.3676],[107.7293,13.3663],[107.7302,13.3661],[107.7361,13.3674],[107.7382,13.3667],[107.7404,13.3643],[107.7446,13.3647],[107.7483,13.3634],[107.7498,13.3638],[107.7513,13.3652],[107.7514,13.3689],[107.7518,13.3697],[107.7527,13.3697],[107.7557,13.3688],[107.7593,13.3697],[107.7617,13.3718],[107.7628,13.3722],[107.7632,13.372],[107.7634,13.3713],[107.7621,13.3685],[107.7621,13.3673],[107.7629,13.366],[107.7642,13.365],[107.7648,13.3649],[107.766,13.3658],[107.7673,13.3686],[107.7682,13.3694],[107.7692,13.3697],[107.771,13.3694],[107.7734,13.3698],[107.7745,13.3703],[107.7753,13.3724],[107.7795,13.3736],[107.7804,13.375],[107.7858,13.3756],[107.7876,13.3783],[107.7897,13.3797],[107.7919,13.3818],[107.794,13.3819],[107.7959,13.3825],[107.7979,13.3808],[107.7995,13.3811],[107.7998,13.3824],[107.7978,13.3863],[107.7975,13.3879],[107.7978,13.3886],[107.8008,13.3906],[107.8015,13.3924],[107.8013,13.3938],[107.7998,13.3972],[107.7995,13.4001],[107.7983,13.4011],[107.7989,13.4029],[107.7979,13.4024],[107.7979,13.4018],[107.7976,13.4017],[107.7968,13.4022],[107.7963,13.4021],[107.7963,13.4026],[107.7956,13.4027],[107.7952,13.4037],[107.7956,13.4056],[107.7963,13.4059],[107.7964,13.4064],[107.7971,13.4068],[107.7965,13.4068],[107.7966,13.4075],[107.796,13.4076],[107.7959,13.4079],[107.7973,13.4097],[107.7979,13.4089],[107.7978,13.4098],[107.7982,13.4095],[107.7984,13.4097],[107.7981,13.4108],[107.8,13.4108],[107.7997,13.4125],[107.7988,13.4129],[107.7989,13.4137],[107.7998,13.4139],[107.7994,13.4143],[107.7984,13.4143],[107.7983,13.4147],[107.799,13.415],[107.7984,13.4157],[107.799,13.4161],[107.7997,13.4159],[107.7995,13.4166],[107.801,13.417],[107.8008,13.4181],[107.8015,13.4184],[107.8012,13.4196],[107.8018,13.4201],[107.8012,13.4207],[107.8015,13.4212],[107.801,13.4224],[107.8014,13.4227],[107.801,13.423],[107.8005,13.4226],[107.8003,13.4231],[107.8008,13.424],[107.8003,13.425],[107.8008,13.4257],[107.8001,13.426],[107.8011,13.4265],[107.8006,13.427],[107.8014,13.4279],[107.8014,13.4287],[107.8021,13.4278],[107.8026,13.4291],[107.8044,13.4299],[107.8053,13.4298],[107.8061,13.4289],[107.8083,13.431],[107.8092,13.431],[107.8094,13.4306],[107.8101,13.431],[107.8095,13.4316],[107.8115,13.4325],[107.8114,13.4337],[107.8115,13.4332],[107.8121,13.4334],[107.812,13.4329],[107.8127,13.4325],[107.8132,13.4331],[107.8128,13.4333],[107.8124,13.4351],[107.8104,13.4376],[107.8109,13.4382],[107.8106,13.439],[107.8112,13.4392],[107.8102,13.4393],[107.8101,13.4396],[107.8109,13.4398],[107.811,13.4406],[107.8094,13.4419],[107.8089,13.4435],[107.8098,13.4446],[107.8103,13.4443],[107.8108,13.4456],[107.8101,13.4467],[107.8111,13.4469],[107.8113,13.4474],[107.8105,13.4493],[107.8111,13.4496],[107.8106,13.45],[107.8112,13.4529],[107.8107,13.4528],[107.8105,13.4531],[107.8108,13.4534],[107.8107,13.4541],[107.8112,13.4546],[107.8107,13.4553],[107.811,13.4563],[107.8091,13.4565],[107.8079,13.4574],[107.807,13.4574],[107.8034,13.4567],[107.8015,13.455],[107.8009,13.4553],[107.8007,13.456],[107.8003,13.4642],[107.8013,13.4677],[107.7995,13.4715],[107.7994,13.4729],[107.8022,13.4773],[107.8029,13.4855],[107.8021,13.4875],[107.8009,13.4888],[107.7994,13.4894],[107.7985,13.4902],[107.7983,13.493],[107.7988,13.4946],[107.799,13.4943],[107.7998,13.4948],[107.8002,13.4955],[107.8009,13.4958],[107.8008,13.4964],[107.8014,13.496],[107.8023,13.4961],[107.802,13.497],[107.8027,13.4983],[107.8025,13.4992],[107.8033,13.5002],[107.8037,13.5017],[107.8036,13.5022],[107.8031,13.5024],[107.8034,13.5041],[107.8031,13.5047],[107.8035,13.505],[107.8035,13.5057],[107.803,13.5061],[107.8018,13.5061],[107.8019,13.5066],[107.8015,13.5068],[107.8016,13.5078],[107.8005,13.5088],[107.8001,13.5109],[107.8005,13.5119],[107.799,13.5143],[107.7998,13.5148],[107.7999,13.5158],[107.7991,13.5181],[107.7974,13.519],[107.7978,13.5197],[107.7975,13.5207],[107.7978,13.522],[107.7976,13.5274],[107.7973,13.5279],[107.796,13.5287],[107.7931,13.5255],[107.7923,13.5261],[107.7938,13.5279],[107.794,13.5302],[107.7903,13.5325],[107.7875,13.5328],[107.7852,13.5348],[107.7813,13.5366],[107.7819,13.5371],[107.7832,13.5414],[107.7877,13.5452],[107.7905,13.5459],[107.7892,13.5478],[107.7891,13.5493],[107.7895,13.5507],[107.7869,13.5542],[107.7875,13.5569],[107.7866,13.5577],[107.7852,13.5582],[107.7849,13.5597],[107.7856,13.5601],[107.7865,13.56],[107.7875,13.5587],[107.7883,13.5584],[107.7888,13.5604],[107.7886,13.5618],[107.7882,13.5634],[107.7869,13.5647],[107.7867,13.566],[107.7885,13.5683],[107.7887,13.5697],[107.7894,13.5708],[107.7912,13.5723],[107.7917,13.5747],[107.7924,13.575],[107.7953,13.5743],[107.7983,13.5776],[107.8,13.5778],[107.8008,13.5785],[107.8024,13.5776],[107.8037,13.5788],[107.8046,13.581],[107.8075,13.5853],[107.8083,13.5879],[107.8076,13.5893],[107.8079,13.5919],[107.8071,13.5951],[107.8086,13.5948],[107.8094,13.5936],[107.81,13.5937],[107.8108,13.5967],[107.8129,13.6017]]]},"properties":{"code":"23938","name":"Ia Mơ","nameEn":"Ia Mo","fullName":"Xã Ia Mơ","fullNameEn":"Ia Mo Commune","codeName":"ia_mo","postalCode":"61624","postalCodePrefix":"","gisServerId":"diaphanhanhchinhcapxa_2025.2943","areaKm2":435.6},"id":"23938"},
{"type":"Feature","geometry":{"type":"Polygon","coordinates":[[[108.0933,13.7519],[108.0932,13.754],[108.0915,13.7538],[108.091,13.7548],[108.0895,13.7554],[108.0891,13.7565],[108.0877,13.7573],[108.0872,13.7591],[108.0877,13.7598],[108.0871,13.7604],[108.0875,13.762],[108.0861,13.762],[108.0859,13.7631],[108.0784,13.7604],[108.072,13.7597],[108.0723,13.7576],[108.0732,13.757],[108.0729,13.7562],[108.0731,13.7542],[108.074,13.7526],[108.0737,13.7514],[108.0723,13.7511],[108.0712,13.7498],[108.0672,13.7513],[108.0657,13.7504],[108.0643,13.7504],[108.0593,13.751],[108.0565,13.7521],[108.0544,13.7522],[108.0543,13.7512],[108.053,13.7511],[108.0529,13.7481],[108.0478,13.7473],[108.046,13.7507],[108.043,13.7492],[108.0418,13.7494],[108.0411,13.7502],[108.0399,13.7494],[108.039,13.7495],[108.0389,13.7511],[108.0375,13.7515],[108.0377,13.7529],[108.0367,13.7528],[108.0361,13.7534],[108.0346,13.7538],[108.0347,13.7562],[108.0338,13.7569],[108.0331,13.7598],[108.0324,13.7605],[108.0326,13.762],[108.0321,13.7635],[108.031,13.7637],[108.0313,13.7655],[108.0308,13.7658],[108.0303,13.7669],[108.0304,13.7679],[108.0298,13.7684],[108.0294,13.7706],[108.0284,13.7714],[108.0287,13.7725],[108.0297,13.7737],[108.0292,13.7746],[108.0297,13.776],[108.0296,13.7763],[108.0287,13.7764],[108.0286,13.7775],[108.0278,13.7784],[108.0284,13.7804],[108.0244,13.7827],[108.0236,13.7837],[108.0225,13.7863],[108.0176,13.7877],[108.0165,13.7892],[108.0148,13.7905],[108.0141,13.7909],[108.013,13.7908],[108.0126,13.7914],[108.011,13.7921],[108.0098,13.793],[108.0084,13.7951],[108.0051,13.7969],[108.0037,13.796],[108.0136,13.7819],[108.0107,13.7799],[108.008,13.7797],[108.0049,13.7783],[108.0024,13.776],[107.9983,13.7748],[107.9976,13.7728],[107.9977,13.7694],[107.9946,13.7642],[107.9953,13.7621],[107.998,13.759],[107.9983,13.758],[108.0019,13.7552],[108.0042,13.7512],[108.0061,13.7511],[108.0076,13.7502],[108.0083,13.7482],[108.0093,13.7389],[108.009,13.7342],[108.0074,13.731],[108.0066,13.7307],[108.006,13.73],[108.0063,13.7282],[108.0057,13.7272],[108.006,13.7245],[108.0069,13.7242],[108.0067,13.7217],[108.0055,13.7191],[108.0039,13.7175],[108.0039,13.7165],[108.0034,13.7159],[108.0038,13.7136],[108.0031,13.713],[108.003,13.712],[108.0034,13.7116],[108.0037,13.7103],[108.0066,13.7104],[108.0065,13.7094],[108.007,13.7093],[108.0069,13.7083],[108.0072,13.708],[108.0092,13.708],[108.0089,13.7068],[108.0108,13.7063],[108.0122,13.7066],[108.0125,13.7056],[108.0142,13.7063],[108.0155,13.7056],[108.0157,13.7063],[108.0168,13.7067],[108.0173,13.7061],[108.0191,13.7068],[108.0198,13.7064],[108.0226,13.7085],[108.0251,13.7065],[108.0253,13.706],[108.0266,13.7072],[108.0269,13.7068],[108.0289,13.7084],[108.0295,13.7074],[108.0299,13.7071],[108.0304,13.7073],[108.0318,13.7047],[108.0343,13.7063],[108.0353,13.7039],[108.0431,13.6987],[108.0502,13.7029],[108.0515,13.7028],[108.0515,13.7025],[108.0524,13.7021],[108.0526,13.701],[108.053,13.7014],[108.0533,13.7002],[108.0545,13.6996],[108.0545,13.6993],[108.054,13.6993],[108.0542,13.6988],[108.0549,13.6988],[108.0569,13.6976],[108.0572,13.6962],[108.0576,13.6963],[108.058,13.6954],[108.0585,13.6954],[108.0584,13.695],[108.0589,13.6948],[108.0589,13.6931],[108.0593,13.6932],[108.0594,13.6924],[108.0599,13.6925],[108.0594,13.6915],[108.06,13.6908],[108.0607,13.6908],[108.0608,13.6885],[108.0604,13.688],[108.0612,13.6876],[108.0616,13.6865],[108.0612,13.6858],[108.0612,13.6834],[108.0593,13.6813],[108.0593,13.68],[108.0585,13.6794],[108.0589,13.6788],[108.0583,13.6778],[108.0582,13.6757],[108.0586,13.6755],[108.0579,13.6741],[108.0585,13.6742],[108.0589,13.6734],[108.0594,13.6734],[108.0603,13.671],[108.0596,13.6689],[108.0591,13.6689],[108.0593,13.6677],[108.0586,13.6669],[108.0587,13.6664],[108.0593,13.6659],[108.0591,13.6651],[108.0598,13.6641],[108.059,13.6632],[108.0591,13.6628],[108.0585,13.6625],[108.0594,13.662],[108.059,13.661],[108.0594,13.6606],[108.059,13.6603],[108.0594,13.6601],[108.0592,13.6597],[108.06,13.6595],[108.0599,13.6589],[108.0604,13.659],[108.0601,13.6577],[108.0605,13.6579],[108.0608,13.6569],[108.0612,13.657],[108.0624,13.656],[108.0635,13.656],[108.0637,13.6552],[108.0644,13.6551],[108.0645,13.6538],[108.0655,13.6532],[108.0651,13.6525],[108.0653,13.6521],[108.0663,13.6516],[108.0662,13.6511],[108.0671,13.6509],[108.0676,13.6495],[108.0683,13.6487],[108.0683,13.6481],[108.0707,13.6454],[108.0703,13.6447],[108.0715,13.6437],[108.0719,13.6424],[108.0724,13.6424],[108.0731,13.6415],[108.0731,13.6398],[108.074,13.6388],[108.0742,13.6378],[108.0751,13.6373],[108.075,13.6368],[108.0768,13.6357],[108.0783,13.6359],[108.0794,13.6343],[108.0817,13.634],[108.0825,13.6335],[108.0829,13.6338],[108.0843,13.6329],[108.0853,13.6332],[108.0866,13.6326],[108.0861,13.6315],[108.0876,13.6314],[108.0877,13.6303],[108.0894,13.6305],[108.0904,13.63],[108.0906,13.6295],[108.09,13.6288],[108.091,13.6289],[108.0914,13.6277],[108.0919,13.6284],[108.0922,13.6284],[108.0919,13.6275],[108.0929,13.6262],[108.0934,13.626],[108.0933,13.6246],[108.0929,13.6242],[108.0928,13.6227],[108.0944,13.6219],[108.0948,13.621],[108.0958,13.621],[108.0964,13.6217],[108.098,13.6218],[108.0994,13.6198],[108.0999,13.6201],[108.1022,13.6192],[108.1026,13.6195],[108.1033,13.6181],[108.1042,13.6176],[108.1044,13.617],[108.1056,13.6165],[108.1065,13.6172],[108.1063,13.6178],[108.1067,13.6179],[108.107,13.6191],[108.1075,13.6192],[108.1072,13.62],[108.1076,13.6207],[108.1073,13.621],[108.1078,13.6229],[108.1074,13.6228],[108.1074,13.6245],[108.1068,13.6249],[108.1067,13.6255],[108.1063,13.6256],[108.1062,13.6273],[108.1058,13.6277],[108.1061,13.6281],[108.1055,13.6308],[108.1058,13.6314],[108.1052,13.632],[108.1046,13.6334],[108.1033,13.6346],[108.1173,13.6382],[108.1209,13.6381],[108.1282,13.6398],[108.1293,13.6406],[108.1329,13.6413],[108.1385,13.643],[108.1418,13.6441],[108.1407,13.6468],[108.1458,13.6473],[108.148,13.6439],[108.1498,13.6413],[108.1512,13.6423],[108.1535,13.644],[108.1538,13.6448],[108.157,13.6459],[108.158,13.651],[108.1591,13.6542],[108.1572,13.6559],[108.1565,13.656],[108.1531,13.6595],[108.152,13.6597],[108.1512,13.6587],[108.1507,13.6563],[108.1469,13.6556],[108.1437,13.6561],[108.1424,13.6557],[108.1416,13.6559],[108.1403,13.658],[108.1395,13.6605],[108.1389,13.6606],[108.1379,13.6594],[108.1364,13.6599],[108.1362,13.6626],[108.1356,13.6647],[108.1348,13.6647],[108.1347,13.6636],[108.1343,13.6633],[108.1313,13.6645],[108.131,13.6658],[108.1324,13.6697],[108.1305,13.6711],[108.1293,13.6715],[108.1295,13.6732],[108.1283,13.6747],[108.1295,13.676],[108.1289,13.6773],[108.1287,13.6787],[108.1265,13.6797],[108.1252,13.6792],[108.1242,13.6793],[108.1225,13.6806],[108.1205,13.6797],[108.1174,13.6806],[108.1159,13.6795],[108.1151,13.6796],[108.1143,13.6799],[108.1137,13.6812],[108.1124,13.6812],[108.1119,13.6825],[108.1107,13.6832],[108.1106,13.6843],[108.1098,13.6846],[108.1094,13.6866],[108.1099,13.687],[108.1112,13.6867],[108.1118,13.6872],[108.112,13.6882],[108.1112,13.6884],[108.1111,13.6893],[108.1102,13.6896],[108.1097,13.6907],[108.1104,13.6917],[108.1123,13.6924],[108.1125,13.694],[108.1103,13.696],[108.1086,13.6998],[108.1089,13.7027],[108.1095,13.7033],[108.1092,13.705],[108.1075,13.7075],[108.1041,13.7103],[108.1045,13.7125],[108.1039,13.715],[108.1045,13.7158],[108.1036,13.7183],[108.1039,13.7189],[108.1026,13.7212],[108.1017,13.7215],[108.1016,13.7224],[108.1006,13.7241],[108.1007,13.7247],[108.1017,13.726],[108.1008,13.7272],[108.1014,13.7279],[108.1006,13.7283],[108.1013,13.731],[108.1006,13.7322],[108.1011,13.7328],[108.1012,13.7356],[108.1033,13.7371],[108.1036,13.7378],[108.1023,13.7385],[108.1007,13.743],[108.0991,13.7433],[108.0987,13.7438],[108.0985,13.7446],[108.099,13.7454],[108.1003,13.7465],[108.0991,13.748],[108.0997,13.7496],[108.0995,13.7503],[108.0988,13.7504],[108.097,13.7495],[108.0954,13.7509],[108.0946,13.7512],[108.094,13.751],[108.0933,13.7519]]]},"properties":{"code":"23941","name":"Chư Sê","nameEn":"Chu Se","fullName":"Xã Chư Sê","fullNameEn":"Chu Se Commune","codeName":"chu_se","postalCode":"61906","postalCodePrefix":"","gisServerId":"diaphanhanhchinhcapxa_2025.2950","areaKm2":124.93},"id":"23941"},
{"type":"Feature","geometry":{"type":"Polygon","coordinates":[[[108.2329,13.5354],[108.2298,13.5346],[108.2296,13.5333],[108.229,13.5329],[108.2278,13.5332],[108.2265,13.5346],[108.2258,13.5342],[108.2248,13.5346],[108.2249,13.5357],[108.2235,13.5359],[108.2209,13.5356],[108.22,13.5346],[108.2187,13.5348],[108.2174,13.5336],[108.2169,13.5337],[108.2161,13.5327],[108.2126,13.5327],[108.2095,13.5336],[108.2088,13.5354],[108.208,13.5363],[108.2083,13.538],[108.208,13.5386],[108.2072,13.539],[108.2065,13.5384],[108.2054,13.5389],[108.2057,13.5399],[108.2049,13.5408],[108.204,13.5402],[108.2039,13.5394],[108.2028,13.5391],[108.2024,13.5399],[108.1999,13.5417],[108.1997,13.5429],[108.2009,13.544],[108.2005,13.5445],[108.197,13.5435],[108.196,13.5438],[108.1949,13.5433],[108.1931,13.5434],[108.1871,13.552],[108.1869,13.5548],[108.185,13.5556],[108.1842,13.5554],[108.184,13.5543],[108.1835,13.554],[108.1797,13.5544],[108.1777,13.5554],[108.1755,13.5549],[108.1744,13.5556],[108.1725,13.5553],[108.1724,13.5538],[108.172,13.5534],[108.1694,13.5538],[108.168,13.5514],[108.1687,13.5475],[108.1675,13.547],[108.1651,13.5471],[108.1643,13.5466],[108.165,13.5449],[108.1652,13.5436],[108.165,13.5433],[108.1635,13.5437],[108.1633,13.5443],[108.163,13.5443],[108.1623,13.5429],[108.1617,13.5427],[108.1609,13.5436],[108.1592,13.5419],[108.1585,13.5421],[108.1578,13.5432],[108.155,13.5442],[108.1536,13.5429],[108.1518,13.5433],[108.1509,13.5423],[108.1493,13.5427],[108.1474,13.5427],[108.1466,13.5433],[108.1467,13.5446],[108.1459,13.5463],[108.1432,13.5478],[108.1413,13.548],[108.1409,13.5491],[108.1386,13.5515],[108.1388,13.5532],[108.1381,13.5542],[108.138,13.5549],[108.1374,13.5554],[108.1356,13.5586],[108.1345,13.559],[108.1338,13.5598],[108.1333,13.5615],[108.1337,13.5627],[108.1325,13.5633],[108.1322,13.5656],[108.1317,13.566],[108.1313,13.5679],[108.1307,13.5683],[108.1306,13.5693],[108.1301,13.5696],[108.1304,13.5703],[108.1297,13.5718],[108.1289,13.5715],[108.1277,13.572],[108.1271,13.5718],[108.1266,13.5725],[108.1255,13.5728],[108.1249,13.5742],[108.1225,13.5744],[108.1201,13.5758],[108.1168,13.5769],[108.1152,13.5756],[108.1144,13.5763],[108.1085,13.5751],[108.1083,13.5755],[108.1059,13.575],[108.1058,13.5757],[108.103,13.5755],[108.1027,13.5751],[108.0992,13.575],[108.0969,13.5751],[108.0971,13.5756],[108.0959,13.5755],[108.0954,13.576],[108.0937,13.5757],[108.0937,13.5763],[108.0919,13.5762],[108.0906,13.5754],[108.0903,13.576],[108.0894,13.5759],[108.0894,13.5767],[108.0872,13.577],[108.087,13.5767],[108.0857,13.577],[108.084,13.5766],[108.0838,13.577],[108.0823,13.5775],[108.0827,13.5765],[108.0826,13.576],[108.0821,13.576],[108.0826,13.5756],[108.0825,13.5746],[108.0815,13.5744],[108.081,13.5749],[108.0809,13.5745],[108.0802,13.5744],[108.0803,13.5735],[108.0796,13.5723],[108.0798,13.5715],[108.0794,13.5708],[108.0788,13.5706],[108.0778,13.5711],[108.0773,13.5726],[108.076,13.5732],[108.0735,13.5715],[108.0731,13.5694],[108.0721,13.569],[108.0706,13.5696],[108.0695,13.573],[108.0687,13.5734],[108.0677,13.5746],[108.0668,13.5745],[108.0659,13.5756],[108.0645,13.5755],[108.0639,13.5764],[108.0635,13.5764],[108.0633,13.5771],[108.0624,13.5769],[108.0617,13.5773],[108.0596,13.5775],[108.0596,13.577],[108.0588,13.5767],[108.0587,13.5771],[108.0583,13.5768],[108.0568,13.5766],[108.0567,13.5778],[108.0541,13.5775],[108.0526,13.5769],[108.0525,13.5777],[108.0519,13.5776],[108.052,13.577],[108.0505,13.5766],[108.0503,13.5772],[108.0491,13.5769],[108.0478,13.5774],[108.0435,13.5765],[108.0437,13.576],[108.0443,13.5759],[108.0455,13.5749],[108.0456,13.5742],[108.0475,13.572],[108.047,13.5705],[108.048,13.5693],[108.0475,13.5684],[108.0487,13.5682],[108.0478,13.5667],[108.0481,13.5658],[108.0469,13.5644],[108.0472,13.5632],[108.0465,13.563],[108.0449,13.5614],[108.0443,13.5598],[108.046,13.5591],[108.0467,13.5569],[108.0467,13.5559],[108.0473,13.5547],[108.0467,13.5526],[108.0482,13.5491],[108.0476,13.5482],[108.0475,13.5469],[108.0472,13.5464],[108.0453,13.5452],[108.044,13.5431],[108.0437,13.5413],[108.043,13.5407],[108.0434,13.5401],[108.0433,13.5387],[108.0421,13.5365],[108.0407,13.538],[108.0396,13.5375],[108.0381,13.539],[108.037,13.5383],[108.0369,13.5375],[108.0361,13.5368],[108.0362,13.5363],[108.0383,13.5352],[108.0385,13.5346],[108.0377,13.5342],[108.0375,13.5348],[108.0366,13.5349],[108.0365,13.5323],[108.0374,13.5317],[108.0375,13.5302],[108.0373,13.5296],[108.0379,13.5288],[108.0363,13.5286],[108.0353,13.5272],[108.0355,13.5258],[108.0367,13.5242],[108.0377,13.5241],[108.0374,13.5232],[108.036,13.5229],[108.0367,13.5215],[108.0368,13.5198],[108.0363,13.5196],[108.0363,13.5186],[108.035,13.5191],[108.0341,13.5189],[108.0342,13.5177],[108.0332,13.5178],[108.0309,13.5163],[108.03,13.5166],[108.0272,13.5154],[108.0282,13.5148],[108.0278,13.5137],[108.0286,13.5125],[108.0269,13.5115],[108.027,13.51],[108.0261,13.5092],[108.0265,13.5088],[108.0274,13.5093],[108.0278,13.5091],[108.0269,13.5079],[108.0273,13.5062],[108.0279,13.5059],[108.0279,13.5045],[108.0266,13.5041],[108.0267,13.5052],[108.0258,13.5044],[108.0247,13.505],[108.0243,13.5048],[108.0249,13.5036],[108.0241,13.5033],[108.0231,13.5042],[108.0222,13.5036],[108.0217,13.5042],[108.0211,13.5036],[108.0207,13.5045],[108.02,13.5038],[108.0196,13.5024],[108.0191,13.5023],[108.0193,13.5016],[108.0198,13.5016],[108.0198,13.5009],[108.0249,13.5017],[108.0285,13.5012],[108.0305,13.502],[108.0307,13.5025],[108.0322,13.5026],[108.0329,13.5033],[108.0333,13.5026],[108.0345,13.5029],[108.0358,13.5025],[108.0361,13.5036],[108.0354,13.506],[108.0362,13.5066],[108.0353,13.507],[108.0352,13.5075],[108.0356,13.5078],[108.036,13.5074],[108.0383,13.5076],[108.0393,13.5073],[108.0397,13.5069],[108.0395,13.5064],[108.0408,13.505],[108.0416,13.5045],[108.0424,13.5049],[108.043,13.5046],[108.0429,13.5029],[108.0441,13.5033],[108.0459,13.5018],[108.0469,13.5032],[108.0481,13.503],[108.0488,13.5042],[108.0502,13.5047],[108.0502,13.5076],[108.0495,13.5086],[108.0505,13.5098],[108.0534,13.5108],[108.055,13.5097],[108.057,13.5097],[108.0588,13.51],[108.0604,13.5114],[108.0621,13.5113],[108.0623,13.5096],[108.0648,13.5087],[108.0657,13.5088],[108.0673,13.5083],[108.0689,13.5062],[108.0692,13.5062],[108.0695,13.5073],[108.0715,13.5072],[108.0722,13.5055],[108.0733,13.5051],[108.0736,13.5045],[108.0775,13.5033],[108.0787,13.5034],[108.0793,13.5024],[108.0795,13.5009],[108.0818,13.5003],[108.083,13.4991],[108.0841,13.499],[108.0847,13.4997],[108.0854,13.4997],[108.0862,13.4988],[108.0874,13.4983],[108.0899,13.4981],[108.0909,13.4975],[108.0909,13.497],[108.0924,13.4964],[108.0965,13.4968],[108.0978,13.4966],[108.099,13.4953],[108.099,13.4934],[108.0997,13.4934],[108.0997,13.4927],[108.1005,13.4928],[108.1007,13.4917],[108.1021,13.4916],[108.1023,13.4896],[108.1014,13.4878],[108.1026,13.4877],[108.1035,13.4887],[108.1073,13.4873],[108.1083,13.4875],[108.1089,13.487],[108.1111,13.487],[108.1124,13.4857],[108.113,13.4859],[108.1133,13.4864],[108.1156,13.4862],[108.1167,13.4856],[108.1169,13.485],[108.1175,13.4859],[108.1178,13.4852],[108.1186,13.4849],[108.1191,13.4849],[108.119,13.4855],[108.1198,13.4856],[108.1198,13.486],[108.1208,13.4859],[108.1208,13.4848],[108.1218,13.485],[108.122,13.4841],[108.1234,13.4845],[108.1247,13.4841],[108.1276,13.4843],[108.1278,13.4835],[108.1301,13.4841],[108.1325,13.4831],[108.1328,13.4825],[108.1387,13.4785],[108.1397,13.4773],[108.1443,13.4738],[108.145,13.4711],[108.1471,13.471],[108.1498,13.4684],[108.1515,13.4678],[108.153,13.4656],[108.154,13.463],[108.1575,13.4606],[108.1591,13.4604],[108.1609,13.4609],[108.1615,13.4597],[108.1631,13.4601],[108.1667,13.4602],[108.1669,13.4598],[108.1685,13.4595],[108.1701,13.4599],[108.171,13.4594],[108.1709,13.4584],[108.1783,13.4597],[108.1788,13.4594],[108.1789,13.4584],[108.1802,13.4587],[108.1808,13.4584],[108.1871,13.4579],[108.1875,13.4571],[108.1882,13.457],[108.1896,13.4577],[108.1911,13.4559],[108.1912,13.4551],[108.1931,13.4537],[108.1939,13.4534],[108.1981,13.4536],[108.1997,13.4532],[108.2021,13.4518],[108.2039,13.4531],[108.2072,13.4548],[108.2094,13.457],[108.2127,13.4591],[108.2129,13.4607],[108.2134,13.4615],[108.2158,13.4613],[108.2178,13.4618],[108.2211,13.465],[108.2233,13.4663],[108.2233,13.468],[108.2228,13.4692],[108.2231,13.47],[108.2241,13.4706],[108.2253,13.4707],[108.2271,13.472],[108.2285,13.4747],[108.2319,13.4745],[108.233,13.4766],[108.2356,13.4778],[108.2351,13.4786],[108.2341,13.4791],[108.2351,13.48],[108.2348,13.4811],[108.2339,13.4821],[108.2342,13.4834],[108.2337,13.4835],[108.2337,13.4843],[108.2342,13.4855],[108.2349,13.4859],[108.2351,13.4869],[108.2362,13.4875],[108.2361,13.4879],[108.2349,13.4885],[108.2342,13.4903],[108.2347,13.4907],[108.2337,13.4928],[108.2336,13.497],[108.233,13.4991],[108.2349,13.503],[108.2339,13.5043],[108.2344,13.5049],[108.2339,13.5056],[108.234,13.5068],[108.2336,13.5068],[108.2341,13.5091],[108.2336,13.5095],[108.2341,13.51],[108.2341,13.512],[108.2334,13.5119],[108.2331,13.5128],[108.2335,13.5131],[108.2335,13.5137],[108.2329,13.5137],[108.2333,13.5144],[108.2332,13.5158],[108.2338,13.5163],[108.2341,13.5176],[108.234,13.5185],[108.2333,13.5189],[108.2331,13.5196],[108.2335,13.5207],[108.2343,13.5213],[108.2334,13.5227],[108.2337,13.524],[108.2333,13.5248],[108.2343,13.5263],[108.2333,13.5267],[108.2324,13.5286],[108.2332,13.5304],[108.2339,13.5306],[108.2334,13.5318],[108.233,13.5316],[108.2328,13.5322],[108.2334,13.5324],[108.2325,13.5335],[108.2329,13.5354]]]},"properties":{"code":"23942","name":"Chư Pưh","nameEn":"Chu Puh","fullName":"Xã Chư Pưh","fullNameEn":"Chu Puh Commune","codeName":"chu_puh","postalCode":"61815","postalCodePrefix":"","gisServerId":"diaphanhanhchinhcapxa_2025.2951","areaKm2":184.44},"id":"23942"},
{"type":"Feature","geometry":{"type":"Polygon","coordinates":[[[108.0933,13.7519],[108.0951,13.7523],[108.0949,13.7534],[108.0965,13.754],[108.097,13.7557],[108.0977,13.7561],[108.0982,13.7571],[108.0978,13.7589],[108.0989,13.76],[108.0986,13.7627],[108.1016,13.7639],[108.1027,13.7671],[108.104,13.7684],[108.1049,13.7706],[108.1082,13.7696],[108.1089,13.7712],[108.113,13.7711],[108.118,13.7735],[108.1174,13.77],[108.1194,13.7693],[108.1216,13.7728],[108.1298,13.7711],[108.1309,13.7713],[108.1352,13.7708],[108.1394,13.7715],[108.1417,13.7692],[108.1428,13.77],[108.1482,13.7691],[108.1519,13.77],[108.1549,13.7686],[108.157,13.7683],[108.1575,13.7664],[108.1581,13.7663],[108.1588,13.7669],[108.1593,13.7664],[108.1603,13.7664],[108.161,13.7657],[108.161,13.7666],[108.1642,13.7676],[108.1652,13.7683],[108.1661,13.7681],[108.1666,13.7691],[108.1678,13.7693],[108.1683,13.7689],[108.1687,13.7697],[108.1696,13.7701],[108.1652,13.772],[108.1672,13.777],[108.1696,13.7786],[108.171,13.7774],[108.174,13.7777],[108.1759,13.7785],[108.1762,13.7801],[108.1742,13.7853],[108.1734,13.7861],[108.1719,13.7867],[108.1689,13.787],[108.1662,13.7857],[108.1642,13.787],[108.1619,13.7874],[108.1606,13.789],[108.1606,13.7896],[108.1621,13.792],[108.1626,13.7943],[108.1642,13.7966],[108.1649,13.7993],[108.1659,13.8008],[108.1654,13.804],[108.168,13.8073],[108.1673,13.808],[108.1656,13.8074],[108.1646,13.8077],[108.1637,13.8102],[108.1627,13.8113],[108.1624,13.812],[108.1636,13.8139],[108.1665,13.8159],[108.1741,13.8265],[108.1747,13.8287],[108.1739,13.8324],[108.1743,13.8334],[108.1755,13.8344],[108.1759,13.836],[108.1743,13.8368],[108.1724,13.8364],[108.168,13.837],[108.167,13.8368],[108.1669,13.8382],[108.166,13.8393],[108.1655,13.8419],[108.1648,13.8431],[108.1655,13.8436],[108.1656,13.8442],[108.1643,13.844],[108.1628,13.8453],[108.1618,13.8456],[108.1611,13.8479],[108.1594,13.8498],[108.1581,13.8496],[108.1577,13.8506],[108.1563,13.8506],[108.1546,13.8499],[108.1528,13.8483],[108.1514,13.8485],[108.1439,13.845],[108.1395,13.8451],[108.1319,13.8477],[108.1303,13.8486],[108.1283,13.8488],[108.1262,13.8544],[108.1246,13.8558],[108.1235,13.8589],[108.1225,13.86],[108.1224,13.8614],[108.1206,13.8613],[108.1183,13.8621],[108.1137,13.8623],[108.1113,13.8618],[108.1105,13.8612],[108.1063,13.8627],[108.1043,13.8621],[108.1042,13.8613],[108.1031,13.8599],[108.1019,13.8593],[108.1011,13.8595],[108.1007,13.8592],[108.1001,13.8596],[108.099,13.8586],[108.0985,13.8603],[108.097,13.8607],[108.0955,13.8605],[108.0937,13.8595],[108.093,13.8597],[108.0927,13.8592],[108.0897,13.86],[108.0881,13.8598],[108.0868,13.8612],[108.0843,13.861],[108.0841,13.8617],[108.0825,13.8616],[108.0824,13.8609],[108.0812,13.8606],[108.0771,13.8613],[108.0757,13.8599],[108.0749,13.8599],[108.07,13.8569],[108.059,13.8544],[108.0565,13.8516],[108.0553,13.8522],[108.0546,13.854],[108.0522,13.8549],[108.0493,13.8536],[108.0502,13.8525],[108.0493,13.8521],[108.0483,13.853],[108.0472,13.8526],[108.0466,13.8533],[108.0457,13.853],[108.0455,13.8537],[108.0443,13.8533],[108.0442,13.8539],[108.0435,13.8539],[108.0434,13.8547],[108.0403,13.8549],[108.04,13.8571],[108.0336,13.8551],[108.0332,13.8545],[108.0302,13.8548],[108.0303,13.8535],[108.0293,13.8525],[108.0259,13.8542],[108.0213,13.8558],[108.0203,13.8566],[108.0151,13.8572],[108.0134,13.8581],[108.0129,13.8556],[108.0102,13.8538],[108.0081,13.8493],[108.0077,13.8494],[108.0071,13.8513],[108.0054,13.8517],[108.0031,13.8545],[108.0014,13.8544],[107.9985,13.8564],[107.9981,13.8342],[107.999,13.8298],[108.0063,13.832],[108.0064,13.8315],[108.0058,13.8314],[108.006,13.8262],[108.0079,13.8262],[108.0081,13.8253],[108.0103,13.8238],[108.0106,13.8206],[108.0096,13.82],[108.0119,13.8199],[108.0125,13.8189],[108.0132,13.8186],[108.0132,13.8177],[108.0123,13.8178],[108.0123,13.8164],[108.0136,13.8163],[108.0139,13.8071],[108.0185,13.8071],[108.0178,13.8035],[108.0163,13.8035],[108.0167,13.8033],[108.0156,13.8022],[108.0169,13.8011],[108.0171,13.8003],[108.0172,13.7987],[108.0161,13.7986],[108.0161,13.7978],[108.0085,13.7981],[108.0064,13.7969],[108.006,13.7972],[108.0051,13.7969],[108.0084,13.7951],[108.0098,13.793],[108.011,13.7921],[108.0126,13.7914],[108.013,13.7908],[108.0141,13.7909],[108.0148,13.7905],[108.0165,13.7892],[108.0176,13.7877],[108.0225,13.7863],[108.0236,13.7837],[108.0244,13.7827],[108.0284,13.7804],[108.0278,13.7784],[108.0286,13.7775],[108.0287,13.7764],[108.0296,13.7763],[108.0297,13.776],[108.0292,13.7746],[108.0297,13.7737],[108.0287,13.7725],[108.0284,13.7714],[108.0294,13.7706],[108.0298,13.7684],[108.0304,13.7679],[108.0303,13.7669],[108.0308,13.7658],[108.0313,13.7655],[108.031,13.7637],[108.0321,13.7635],[108.0326,13.762],[108.0324,13.7605],[108.0331,13.7598],[108.0338,13.7569],[108.0347,13.7562],[108.0346,13.7538],[108.0361,13.7534],[108.0367,13.7528],[108.0377,13.7529],[108.0375,13.7515],[108.0389,13.7511],[108.039,13.7495],[108.0399,13.7494],[108.0411,13.7502],[108.0418,13.7494],[108.043,13.7492],[108.046,13.7507],[108.0478,13.7473],[108.0529,13.7481],[108.053,13.7511],[108.0543,13.7512],[108.0544,13.7522],[108.0565,13.7521],[108.0593,13.751],[108.0643,13.7504],[108.0657,13.7504],[108.0672,13.7513],[108.0712,13.7498],[108.0723,13.7511],[108.0737,13.7514],[108.074,13.7526],[108.0731,13.7542],[108.0729,13.7562],[108.0732,13.757],[108.0723,13.7576],[108.072,13.7597],[108.0784,13.7604],[108.0859,13.7631],[108.0861,13.762],[108.0875,13.762],[108.0871,13.7604],[108.0877,13.7598],[108.0872,13.7591],[108.0877,13.7573],[108.0891,13.7565],[108.0895,13.7554],[108.091,13.7548],[108.0915,13.7538],[108.0932,13.754],[108.0933,13.7519]]]},"properties":{"code":"23947","name":"Bờ Ngoong","nameEn":"Bo Ngoong","fullName":"Xã Bờ Ngoong","fullNameEn":"Bo Ngoong Commune","codeName":"bo_ngoong","postalCode":"61909","postalCodePrefix":"","gisServerId":"diaphanhanhchinhcapxa_2025.2954","areaKm2":172.11},"id":"23947"},
{"type":"Feature","geometry":{"type":"Polygon","coordinates":[[[108.1696,13.7701],[108.1687,13.7697],[108.1683,13.7689],[108.1678,13.7693],[108.1666,13.7691],[108.1661,13.7681],[108.1652,13.7683],[108.1642,13.7676],[108.161,13.7666],[108.161,13.7657],[108.1603,13.7664],[108.1593,13.7664],[108.1588,13.7669],[108.1581,13.7663],[108.1575,13.7664],[108.157,13.7683],[108.1549,13.7686],[108.1519,13.77],[108.1482,13.7691],[108.1428,13.77],[108.1417,13.7692],[108.1394,13.7715],[108.1352,13.7708],[108.1309,13.7713],[108.1298,13.7711],[108.1216,13.7728],[108.1194,13.7693],[108.1174,13.77],[108.118,13.7735],[108.113,13.7711],[108.1089,13.7712],[108.1082,13.7696],[108.1049,13.7706],[108.104,13.7684],[108.1027,13.7671],[108.1016,13.7639],[108.0986,13.7627],[108.0989,13.76],[108.0978,13.7589],[108.0982,13.7571],[108.0977,13.7561],[108.097,13.7557],[108.0965,13.754],[108.0949,13.7534],[108.0951,13.7523],[108.0933,13.7519],[108.094,13.751],[108.0946,13.7512],[108.0954,13.7509],[108.097,13.7495],[108.0988,13.7504],[108.0995,13.7503],[108.0997,13.7496],[108.0991,13.748],[108.1003,13.7465],[108.099,13.7454],[108.0985,13.7446],[108.0987,13.7438],[108.0991,13.7433],[108.1007,13.743],[108.1023,13.7385],[108.1036,13.7378],[108.1033,13.7371],[108.1012,13.7356],[108.1011,13.7328],[108.1006,13.7322],[108.1013,13.731],[108.1006,13.7283],[108.1014,13.7279],[108.1008,13.7272],[108.1017,13.726],[108.1007,13.7247],[108.1006,13.7241],[108.1016,13.7224],[108.1017,13.7215],[108.1026,13.7212],[108.1039,13.7189],[108.1036,13.7183],[108.1045,13.7158],[108.1039,13.715],[108.1045,13.7125],[108.1041,13.7103],[108.1075,13.7075],[108.1092,13.705],[108.1095,13.7033],[108.1089,13.7027],[108.1086,13.6998],[108.1103,13.696],[108.1125,13.694],[108.1123,13.6924],[108.1104,13.6917],[108.1097,13.6907],[108.1102,13.6896],[108.1111,13.6893],[108.1112,13.6884],[108.112,13.6882],[108.1118,13.6872],[108.1112,13.6867],[108.1099,13.687],[108.1094,13.6866],[108.1098,13.6846],[108.1106,13.6843],[108.1107,13.6832],[108.1119,13.6825],[108.1124,13.6812],[108.1137,13.6812],[108.1143,13.6799],[108.1151,13.6796],[108.1159,13.6795],[108.1174,13.6806],[108.1205,13.6797],[108.1225,13.6806],[108.1242,13.6793],[108.1252,13.6792],[108.1265,13.6797],[108.1287,13.6787],[108.1289,13.6773],[108.1295,13.676],[108.1283,13.6747],[108.1295,13.6732],[108.1293,13.6715],[108.1305,13.6711],[108.1324,13.6697],[108.131,13.6658],[108.1313,13.6645],[108.1343,13.6633],[108.1347,13.6636],[108.1348,13.6647],[108.1356,13.6647],[108.1362,13.6626],[108.1364,13.6599],[108.1379,13.6594],[108.1389,13.6606],[108.1395,13.6605],[108.1403,13.658],[108.1416,13.6559],[108.1424,13.6557],[108.1437,13.6561],[108.1469,13.6556],[108.1507,13.6563],[108.1512,13.6587],[108.152,13.6597],[108.1531,13.6595],[108.1565,13.656],[108.1572,13.6559],[108.1591,13.6542],[108.158,13.651],[108.157,13.6459],[108.1538,13.6448],[108.1535,13.644],[108.1512,13.6423],[108.1496,13.6411],[108.1486,13.64],[108.1493,13.6394],[108.1496,13.6386],[108.1501,13.6361],[108.1507,13.6356],[108.1504,13.6352],[108.1512,13.6336],[108.1531,13.6321],[108.1553,13.6318],[108.1578,13.6327],[108.1596,13.632],[108.1603,13.6321],[108.161,13.6316],[108.1616,13.6317],[108.1622,13.6311],[108.1627,13.6317],[108.1654,13.6326],[108.1656,13.6338],[108.1666,13.6343],[108.1669,13.6349],[108.168,13.6351],[108.1683,13.6338],[108.1704,13.6342],[108.1716,13.6335],[108.1729,13.6335],[108.1732,13.6336],[108.173,13.6342],[108.174,13.634],[108.1745,13.6352],[108.1761,13.6363],[108.1789,13.6363],[108.1795,13.637],[108.181,13.6374],[108.1821,13.6382],[108.183,13.6401],[108.1808,13.6414],[108.1802,13.6414],[108.1801,13.6428],[108.1806,13.6433],[108.1799,13.6446],[108.1847,13.6475],[108.1839,13.648],[108.1837,13.6492],[108.1861,13.6535],[108.1874,13.6575],[108.1885,13.659],[108.1887,13.6614],[108.1902,13.6635],[108.1959,13.6749],[108.1963,13.6766],[108.1951,13.6766],[108.1913,13.6788],[108.1893,13.6789],[108.1881,13.6793],[108.1876,13.68],[108.1866,13.68],[108.1828,13.6817],[108.1834,13.6865],[108.183,13.6882],[108.1827,13.6926],[108.1833,13.6972],[108.1837,13.7147],[108.1841,13.7156],[108.184,13.7166],[108.1859,13.725],[108.1879,13.7408],[108.1877,13.7428],[108.1887,13.7445],[108.1901,13.7502],[108.1874,13.7503],[108.1859,13.75],[108.1834,13.7504],[108.1817,13.7494],[108.1808,13.7493],[108.1781,13.7502],[108.1776,13.75],[108.1771,13.7508],[108.1761,13.7505],[108.1757,13.7509],[108.1751,13.7505],[108.1748,13.7512],[108.1718,13.7522],[108.1698,13.7538],[108.1691,13.7548],[108.169,13.7563],[108.1723,13.7571],[108.1734,13.7577],[108.1734,13.7603],[108.1738,13.7614],[108.175,13.7631],[108.1766,13.7642],[108.1768,13.7646],[108.1762,13.7682],[108.1753,13.7697],[108.1719,13.7705],[108.1712,13.7701],[108.1696,13.7701]]]},"properties":{"code":"23954","name":"Al Bá","nameEn":"Al Ba","fullName":"Xã Al Bá","fullNameEn":"Al Ba Commune","codeName":"al_ba","postalCode":"61908","postalCodePrefix":"","gisServerId":"diaphanhanhchinhcapxa_2025.2952","areaKm2":109.06},"id":"23954"},
{"type":"Feature","geometry":{"type":"Polygon","coordinates":[[[108.3152,13.6764],[108.3054,13.6744],[108.2943,13.6785],[108.2805,13.692],[108.2757,13.6972],[108.2635,13.704],[108.2515,13.7066],[108.2392,13.697],[108.2386,13.6949],[108.2334,13.684],[108.2183,13.6861],[108.2135,13.6875],[108.2091,13.6876],[108.1991,13.6837],[108.1892,13.6829],[108.1828,13.6817],[108.1866,13.68],[108.1876,13.68],[108.1881,13.6793],[108.1893,13.6789],[108.1913,13.6788],[108.1951,13.6766],[108.1963,13.6766],[108.1959,13.6749],[108.1902,13.6635],[108.1887,13.6614],[108.1885,13.659],[108.1874,13.6575],[108.1861,13.6535],[108.1837,13.6492],[108.1839,13.648],[108.1847,13.6475],[108.1799,13.6446],[108.1806,13.6433],[108.1801,13.6428],[108.1802,13.6414],[108.1808,13.6414],[108.183,13.6401],[108.1821,13.6382],[108.181,13.6374],[108.1795,13.637],[108.1789,13.6363],[108.1761,13.6363],[108.1745,13.6352],[108.174,13.634],[108.173,13.6342],[108.1732,13.6336],[108.1729,13.6335],[108.1716,13.6335],[108.1704,13.6342],[108.1683,13.6338],[108.168,13.6351],[108.1669,13.6349],[108.1666,13.6343],[108.1656,13.6338],[108.1654,13.6326],[108.1627,13.6317],[108.1622,13.6311],[108.1616,13.6317],[108.161,13.6316],[108.1603,13.6321],[108.1596,13.632],[108.1578,13.6327],[108.1553,13.6318],[108.1531,13.6321],[108.1512,13.6336],[108.1504,13.6352],[108.1507,13.6356],[108.1501,13.6361],[108.1496,13.6386],[108.1493,13.6394],[108.1486,13.64],[108.1496,13.6411],[108.1498,13.6413],[108.148,13.6439],[108.1458,13.6473],[108.1407,13.6468],[108.1418,13.6441],[108.1385,13.643],[108.1329,13.6413],[108.1293,13.6406],[108.1282,13.6398],[108.1209,13.6381],[108.1173,13.6382],[108.1033,13.6346],[108.1046,13.6334],[108.1052,13.632],[108.1058,13.6314],[108.1055,13.6308],[108.1061,13.6281],[108.1058,13.6277],[108.1062,13.6273],[108.1063,13.6256],[108.1067,13.6255],[108.1068,13.6249],[108.1074,13.6245],[108.1074,13.6228],[108.1078,13.6229],[108.1073,13.621],[108.1076,13.6207],[108.1072,13.62],[108.1075,13.6192],[108.107,13.6191],[108.1067,13.6179],[108.1063,13.6178],[108.1065,13.6172],[108.1056,13.6165],[108.1044,13.617],[108.1042,13.6176],[108.1033,13.6181],[108.1026,13.6195],[108.1022,13.6192],[108.0999,13.6201],[108.0994,13.6198],[108.098,13.6218],[108.0964,13.6217],[108.0958,13.621],[108.0948,13.621],[108.0944,13.6219],[108.0928,13.6227],[108.0929,13.6242],[108.0922,13.6247],[108.0911,13.6243],[108.0907,13.6247],[108.09,13.6243],[108.0894,13.6247],[108.0887,13.6243],[108.0722,13.6269],[108.0678,13.6243],[108.0675,13.6231],[108.0692,13.6205],[108.0694,13.6187],[108.0688,13.6172],[108.0679,13.6163],[108.0679,13.6153],[108.0666,13.6128],[108.0663,13.611],[108.0657,13.6097],[108.0657,13.6071],[108.0627,13.6034],[108.0601,13.602],[108.0605,13.6009],[108.0617,13.6007],[108.0621,13.5994],[108.0617,13.5984],[108.0621,13.5959],[108.0608,13.5961],[108.0564,13.595],[108.0564,13.5943],[108.0531,13.5928],[108.0532,13.5921],[108.0525,13.592],[108.0525,13.5923],[108.0518,13.5926],[108.0502,13.5913],[108.0467,13.5899],[108.046,13.5888],[108.0455,13.5867],[108.044,13.5856],[108.0432,13.5844],[108.0436,13.5832],[108.0419,13.5811],[108.0418,13.5797],[108.0427,13.5796],[108.0435,13.5765],[108.0478,13.5774],[108.0491,13.5769],[108.0503,13.5772],[108.0505,13.5766],[108.052,13.577],[108.0519,13.5776],[108.0525,13.5777],[108.0526,13.5769],[108.0541,13.5775],[108.0567,13.5778],[108.0568,13.5766],[108.0583,13.5768],[108.0587,13.5771],[108.0588,13.5767],[108.0596,13.577],[108.0596,13.5775],[108.0617,13.5773],[108.0624,13.5769],[108.0633,13.5771],[108.0635,13.5764],[108.0639,13.5764],[108.0645,13.5755],[108.0659,13.5756],[108.0668,13.5745],[108.0677,13.5746],[108.0687,13.5734],[108.0695,13.573],[108.0706,13.5696],[108.0721,13.569],[108.0731,13.5694],[108.0735,13.5715],[108.076,13.5732],[108.0773,13.5726],[108.0778,13.5711],[108.0788,13.5706],[108.0794,13.5708],[108.0798,13.5715],[108.0796,13.5723],[108.0803,13.5735],[108.0802,13.5744],[108.0809,13.5745],[108.081,13.5749],[108.0815,13.5744],[108.0825,13.5746],[108.0826,13.5756],[108.0821,13.576],[108.0826,13.576],[108.0827,13.5765],[108.0823,13.5775],[108.0838,13.577],[108.084,13.5766],[108.0857,13.577],[108.087,13.5767],[108.0872,13.577],[108.0894,13.5767],[108.0894,13.5759],[108.0903,13.576],[108.0906,13.5754],[108.0919,13.5762],[108.0937,13.5763],[108.0937,13.5757],[108.0954,13.576],[108.0959,13.5755],[108.0971,13.5756],[108.0969,13.5751],[108.0992,13.575],[108.1027,13.5751],[108.103,13.5755],[108.1058,13.5757],[108.1059,13.575],[108.1083,13.5755],[108.1085,13.5751],[108.1144,13.5763],[108.1152,13.5756],[108.1168,13.5769],[108.1201,13.5758],[108.1225,13.5744],[108.1249,13.5742],[108.1255,13.5728],[108.1266,13.5725],[108.1271,13.5718],[108.1277,13.572],[108.1289,13.5715],[108.1297,13.5718],[108.1304,13.5703],[108.1301,13.5696],[108.1306,13.5693],[108.1307,13.5683],[108.1313,13.5679],[108.1317,13.566],[108.1322,13.5656],[108.1325,13.5633],[108.1337,13.5627],[108.1333,13.5615],[108.1338,13.5598],[108.1345,13.559],[108.1356,13.5586],[108.1374,13.5554],[108.138,13.5549],[108.1381,13.5542],[108.1388,13.5532],[108.1386,13.5515],[108.1409,13.5491],[108.1413,13.548],[108.1432,13.5478],[108.1459,13.5463],[108.1467,13.5446],[108.1466,13.5433],[108.1474,13.5427],[108.1493,13.5427],[108.1509,13.5423],[108.1518,13.5433],[108.1536,13.5429],[108.155,13.5442],[108.1578,13.5432],[108.1585,13.5421],[108.1592,13.5419],[108.1609,13.5436],[108.1617,13.5427],[108.1623,13.5429],[108.163,13.5443],[108.1633,13.5443],[108.1635,13.5437],[108.165,13.5433],[108.1652,13.5436],[108.165,13.5449],[108.1643,13.5466],[108.1651,13.5471],[108.1675,13.547],[108.1687,13.5475],[108.168,13.5514],[108.1694,13.5538],[108.172,13.5534],[108.1724,13.5538],[108.1725,13.5553],[108.1744,13.5556],[108.1755,13.5549],[108.1777,13.5554],[108.1797,13.5544],[108.1835,13.554],[108.184,13.5543],[108.1842,13.5554],[108.185,13.5556],[108.1869,13.5548],[108.1871,13.552],[108.1931,13.5434],[108.1949,13.5433],[108.196,13.5438],[108.197,13.5435],[108.2005,13.5445],[108.2009,13.544],[108.1997,13.5429],[108.1999,13.5417],[108.2024,13.5399],[108.2028,13.5391],[108.2039,13.5394],[108.204,13.5402],[108.2049,13.5408],[108.2057,13.5399],[108.2054,13.5389],[108.2065,13.5384],[108.2072,13.539],[108.208,13.5386],[108.2083,13.538],[108.208,13.5363],[108.2088,13.5354],[108.2095,13.5336],[108.2126,13.5327],[108.2161,13.5327],[108.2169,13.5337],[108.2174,13.5336],[108.2187,13.5348],[108.22,13.5346],[108.2209,13.5356],[108.2235,13.5359],[108.2249,13.5357],[108.2248,13.5346],[108.2258,13.5342],[108.2265,13.5346],[108.2278,13.5332],[108.229,13.5329],[108.2296,13.5333],[108.2298,13.5346],[108.2329,13.5354],[108.2332,13.5371],[108.2341,13.539],[108.233,13.5404],[108.2336,13.5412],[108.2337,13.5422],[108.2331,13.5454],[108.2346,13.5461],[108.2348,13.5474],[108.2357,13.5491],[108.2357,13.5541],[108.236,13.555],[108.2368,13.5548],[108.2355,13.5563],[108.2361,13.5569],[108.2365,13.5583],[108.2363,13.5609],[108.2358,13.5615],[108.2365,13.5618],[108.2363,13.5627],[108.2351,13.5627],[108.2356,13.5647],[108.2353,13.5683],[108.2346,13.5695],[108.2347,13.5705],[108.2341,13.5709],[108.2343,13.5722],[108.2334,13.5727],[108.2326,13.5726],[108.2325,13.5732],[108.2322,13.5745],[108.2325,13.5761],[108.232,13.5794],[108.2329,13.5792],[108.2331,13.5805],[108.2335,13.5807],[108.2332,13.5814],[108.2339,13.5815],[108.2353,13.5826],[108.2356,13.5838],[108.2346,13.5845],[108.2353,13.5847],[108.2358,13.5858],[108.2428,13.5921],[108.2435,13.5954],[108.2437,13.5956],[108.244,13.5953],[108.2508,13.6028],[108.2544,13.6092],[108.2668,13.6244],[108.2681,13.6321],[108.2678,13.6344],[108.269,13.6373],[108.2773,13.6429],[108.277,13.6467],[108.2767,13.6467],[108.2765,13.6479],[108.2768,13.648],[108.2767,13.6487],[108.2781,13.649],[108.2779,13.6495],[108.2786,13.6502],[108.2768,13.6504],[108.2753,13.6513],[108.276,13.6521],[108.276,13.6526],[108.2769,13.6532],[108.2758,13.6541],[108.2772,13.6541],[108.2761,13.6552],[108.2756,13.6561],[108.276,13.6563],[108.2758,13.6571],[108.2764,13.658],[108.2758,13.6584],[108.2764,13.659],[108.2752,13.6605],[108.276,13.664],[108.2756,13.6664],[108.2775,13.664],[108.2809,13.663],[108.2826,13.6619],[108.2837,13.6618],[108.2854,13.6639],[108.289,13.6632],[108.2898,13.6642],[108.3064,13.6647],[108.3084,13.6659],[108.3105,13.6688],[108.3118,13.67],[108.3142,13.671],[108.3156,13.6706],[108.3167,13.6712],[108.3154,13.6736],[108.3159,13.6753],[108.3152,13.6764]]]},"properties":{"code":"23971","name":"Ia Hrú","nameEn":"Ia Hru","fullName":"Xã Ia Hrú","fullNameEn":"Ia Hru Commune","codeName":"ia_hru","postalCode":"61808","postalCodePrefix":"","gisServerId":"diaphanhanhchinhcapxa_2025.2953","areaKm2":241.8},"id":"23971"},
{"type":"Feature","geometry":{"type":"Polygon","coordinates":[[[108.0929,13.6242],[108.0933,13.6246],[108.0934,13.626],[108.0929,13.6262],[108.0919,13.6275],[108.0922,13.6284],[108.0919,13.6284],[108.0914,13.6277],[108.091,13.6289],[108.09,13.6288],[108.0906,13.6295],[108.0904,13.63],[108.0894,13.6305],[108.0877,13.6303],[108.0876,13.6314],[108.0861,13.6315],[108.0866,13.6326],[108.0853,13.6332],[108.0843,13.6329],[108.0829,13.6338],[108.0825,13.6335],[108.0817,13.634],[108.0794,13.6343],[108.0783,13.6359],[108.0768,13.6357],[108.075,13.6368],[108.0751,13.6373],[108.0742,13.6378],[108.074,13.6388],[108.0731,13.6398],[108.0731,13.6415],[108.0724,13.6424],[108.0719,13.6424],[108.0715,13.6437],[108.0703,13.6447],[108.0707,13.6454],[108.0683,13.6481],[108.0683,13.6487],[108.0676,13.6495],[108.0671,13.6509],[108.0662,13.6511],[108.0663,13.6516],[108.0653,13.6521],[108.0651,13.6525],[108.0655,13.6532],[108.0645,13.6538],[108.0644,13.6551],[108.0637,13.6552],[108.0635,13.656],[108.0624,13.656],[108.0612,13.657],[108.0608,13.6569],[108.0605,13.6579],[108.0601,13.6577],[108.0604,13.659],[108.0599,13.6589],[108.06,13.6595],[108.0592,13.6597],[108.0594,13.6601],[108.059,13.6603],[108.0594,13.6606],[108.059,13.661],[108.0594,13.662],[108.0585,13.6625],[108.0591,13.6628],[108.059,13.6632],[108.0598,13.6641],[108.0591,13.6651],[108.0593,13.6659],[108.0587,13.6664],[108.0586,13.6669],[108.0593,13.6677],[108.0591,13.6689],[108.0596,13.6689],[108.0603,13.671],[108.0594,13.6734],[108.0589,13.6734],[108.0585,13.6742],[108.0579,13.6741],[108.0586,13.6755],[108.0582,13.6757],[108.0583,13.6778],[108.0589,13.6788],[108.0585,13.6794],[108.0593,13.68],[108.0593,13.6813],[108.0612,13.6834],[108.0612,13.6858],[108.0616,13.6865],[108.0612,13.6876],[108.0604,13.688],[108.0608,13.6885],[108.0607,13.6908],[108.06,13.6908],[108.0594,13.6915],[108.0599,13.6925],[108.0594,13.6924],[108.0593,13.6932],[108.0589,13.6931],[108.0589,13.6948],[108.0584,13.695],[108.0585,13.6954],[108.058,13.6954],[108.0576,13.6963],[108.0572,13.6962],[108.0569,13.6976],[108.0549,13.6988],[108.0542,13.6988],[108.054,13.6993],[108.0545,13.6993],[108.0545,13.6996],[108.0533,13.7002],[108.053,13.7014],[108.0526,13.701],[108.0524,13.7021],[108.0515,13.7025],[108.0515,13.7028],[108.0502,13.7029],[108.0431,13.6987],[108.0353,13.7039],[108.0343,13.7063],[108.0318,13.7047],[108.0304,13.7073],[108.0299,13.7071],[108.0295,13.7074],[108.0289,13.7084],[108.0269,13.7068],[108.0266,13.7072],[108.0253,13.706],[108.0251,13.7065],[108.0226,13.7085],[108.0198,13.7064],[108.0191,13.7068],[108.0173,13.7061],[108.0168,13.7067],[108.0157,13.7063],[108.0155,13.7056],[108.0142,13.7063],[108.0125,13.7056],[108.0122,13.7066],[108.0108,13.7063],[108.0089,13.7068],[108.0092,13.708],[108.0072,13.708],[108.0069,13.7083],[108.007,13.7093],[108.0065,13.7094],[108.0066,13.7104],[108.0037,13.7103],[108.0038,13.7084],[108.0046,13.7073],[108.0046,13.7066],[108.0053,13.7061],[108.0055,13.7053],[108.006,13.705],[108.0064,13.7034],[108.0068,13.7032],[108.0072,13.7035],[108.0082,13.7025],[108.0084,13.7014],[108.008,13.7005],[108.0082,13.6986],[108.0087,13.6972],[108.0086,13.6956],[108.0093,13.6945],[108.0093,13.6938],[108.0084,13.6933],[108.0086,13.6921],[108.0083,13.6917],[108.0091,13.6886],[108.0087,13.688],[108.0091,13.6875],[108.0084,13.6869],[108.0085,13.6853],[108.0085,13.6852],[108.0088,13.6849],[108.0089,13.6839],[108.0082,13.6834],[108.0075,13.6821],[108.0085,13.6819],[108.0082,13.6814],[108.0088,13.6812],[108.0086,13.6809],[108.009,13.6802],[108.0095,13.6799],[108.01,13.6802],[108.0107,13.6796],[108.0108,13.6788],[108.0115,13.6787],[108.0108,13.6777],[108.0116,13.6771],[108.0122,13.6772],[108.0122,13.6766],[108.013,13.6764],[108.0134,13.6746],[108.0144,13.6733],[108.0142,13.672],[108.0148,13.672],[108.0148,13.6712],[108.0153,13.671],[108.0153,13.6704],[108.0158,13.67],[108.0154,13.6685],[108.0165,13.6679],[108.0165,13.6668],[108.0157,13.6665],[108.0165,13.6656],[108.0166,13.6648],[108.0162,13.6648],[108.0168,13.6634],[108.0164,13.6625],[108.0168,13.6625],[108.0168,13.662],[108.0173,13.6622],[108.0175,13.6614],[108.0184,13.6614],[108.0162,13.657],[108.0172,13.6552],[108.0157,13.6516],[108.0147,13.6519],[108.0145,13.6516],[108.0148,13.6511],[108.0143,13.6507],[108.0142,13.6498],[108.0139,13.6501],[108.0137,13.6496],[108.0133,13.6497],[108.0129,13.6491],[108.0125,13.6492],[108.0131,13.6488],[108.0125,13.6481],[108.0127,13.6471],[108.0123,13.6462],[108.0128,13.6458],[108.0125,13.6456],[108.013,13.6445],[108.0125,13.6442],[108.0132,13.6438],[108.0125,13.6435],[108.0132,13.6408],[108.0136,13.6407],[108.0133,13.64],[108.0136,13.6397],[108.013,13.6393],[108.0133,13.639],[108.0117,13.6381],[108.0116,13.6376],[108.0106,13.6372],[108.0105,13.6367],[108.0093,13.6368],[108.0079,13.6361],[108.0068,13.6363],[108.006,13.6352],[108.0057,13.6356],[108.0047,13.6355],[108.0046,13.6351],[108.0037,13.635],[108.0033,13.6355],[108.0026,13.6356],[108.0006,13.6341],[107.9999,13.6341],[107.9992,13.6326],[107.9983,13.6318],[107.9989,13.6318],[107.9982,13.6306],[107.9984,13.6303],[107.9975,13.6295],[107.9969,13.6297],[107.9969,13.6288],[107.9964,13.6286],[107.9966,13.6282],[107.9954,13.6278],[107.9951,13.6282],[107.9948,13.6271],[107.9944,13.6275],[107.9939,13.6272],[107.9939,13.6259],[107.993,13.6252],[107.9927,13.6258],[107.9926,13.6251],[107.9916,13.6254],[107.9906,13.6245],[107.9897,13.6244],[107.9896,13.6248],[107.9894,13.6243],[107.988,13.6245],[107.9876,13.6242],[107.9873,13.6248],[107.9865,13.6248],[107.9858,13.6241],[107.9845,13.624],[107.9844,13.6244],[107.9833,13.6236],[107.983,13.6241],[107.9823,13.6235],[107.9828,13.623],[107.982,13.6226],[107.9812,13.6233],[107.9806,13.6228],[107.9804,13.6231],[107.9796,13.6228],[107.9794,13.6238],[107.9785,13.6239],[107.9786,13.6243],[107.9782,13.6243],[107.9768,13.6223],[107.9772,13.6184],[107.977,13.6175],[107.9758,13.6165],[107.9753,13.6148],[107.9732,13.6143],[107.9726,13.6112],[107.9704,13.6109],[107.9715,13.6092],[107.9719,13.6037],[107.9731,13.5983],[107.973,13.5965],[107.9721,13.5952],[107.97,13.5959],[107.969,13.5957],[107.9672,13.596],[107.9667,13.5952],[107.9663,13.5955],[107.9637,13.5946],[107.9627,13.5927],[107.9614,13.5912],[107.9605,13.5911],[107.9598,13.5917],[107.9593,13.591],[107.9582,13.5922],[107.9571,13.5927],[107.9572,13.5932],[107.9549,13.5938],[107.9535,13.5933],[107.9511,13.5933],[107.9506,13.5935],[107.9484,13.5921],[107.9476,13.5922],[107.9473,13.5917],[107.9464,13.5918],[107.9455,13.591],[107.9456,13.5902],[107.9451,13.5901],[107.9454,13.5888],[107.9446,13.5868],[107.9455,13.5868],[107.9459,13.5856],[107.9448,13.584],[107.9448,13.5821],[107.9422,13.5807],[107.9421,13.5793],[107.9413,13.5781],[107.9423,13.5777],[107.9416,13.5744],[107.9424,13.573],[107.9423,13.572],[107.9428,13.5712],[107.9426,13.5697],[107.9411,13.5686],[107.9386,13.5674],[107.9366,13.5657],[107.9353,13.5628],[107.9347,13.5621],[107.9342,13.5603],[107.9346,13.5589],[107.9343,13.5575],[107.9334,13.5567],[107.9324,13.5544],[107.9312,13.5536],[107.9302,13.5535],[107.9291,13.5521],[107.9293,13.551],[107.929,13.55],[107.9278,13.5489],[107.9281,13.5478],[107.928,13.5454],[107.9261,13.5449],[107.9268,13.5441],[107.9263,13.543],[107.9271,13.543],[107.9263,13.5419],[107.9257,13.5417],[107.9265,13.5401],[107.925,13.5381],[107.9233,13.5374],[107.9227,13.5367],[107.9217,13.5368],[107.921,13.5361],[107.9206,13.535],[107.9218,13.5344],[107.9222,13.5335],[107.9217,13.5333],[107.9207,13.534],[107.92,13.5337],[107.919,13.5328],[107.9188,13.5312],[107.9192,13.5297],[107.9201,13.5295],[107.9207,13.5302],[107.9215,13.53],[107.9221,13.5292],[107.921,13.5271],[107.9212,13.5268],[107.9216,13.5268],[107.9211,13.5261],[107.9225,13.5258],[107.9233,13.5234],[107.9219,13.5228],[107.9223,13.5216],[107.9222,13.5207],[107.9212,13.5197],[107.922,13.519],[107.922,13.5181],[107.9207,13.516],[107.9194,13.5156],[107.9199,13.5143],[107.919,13.5129],[107.9199,13.5124],[107.92,13.5118],[107.92,13.5105],[107.9195,13.5098],[107.9207,13.5104],[107.9251,13.5089],[107.9263,13.5093],[107.9289,13.5087],[107.9315,13.5086],[107.9344,13.5074],[107.9359,13.5063],[107.9376,13.5063],[107.9376,13.5059],[107.9363,13.505],[107.9364,13.5044],[107.9373,13.5042],[107.9371,13.503],[107.9357,13.5022],[107.9353,13.5011],[107.9359,13.4996],[107.9348,13.4987],[107.9349,13.4975],[107.9342,13.4961],[107.9332,13.4958],[107.9332,13.4954],[107.9351,13.4942],[107.9344,13.4931],[107.9366,13.4916],[107.9433,13.4847],[107.9451,13.4811],[107.9473,13.48],[107.9482,13.4802],[107.9486,13.4821],[107.9501,13.4847],[107.95,13.4878],[107.9517,13.4889],[107.9525,13.49],[107.9538,13.4954],[107.9545,13.4959],[107.9571,13.4957],[107.9595,13.4946],[107.9617,13.4949],[107.9637,13.4941],[107.9669,13.4972],[107.9707,13.4965],[107.972,13.4968],[107.9739,13.4981],[107.9778,13.499],[107.9785,13.4994],[107.9792,13.5006],[107.981,13.5024],[107.9876,13.5039],[107.9935,13.5005],[107.9998,13.5038],[108.0018,13.5039],[108.0033,13.506],[108.0045,13.5047],[108.0151,13.5026],[108.0156,13.5034],[108.0171,13.5024],[108.018,13.5027],[108.0181,13.5023],[108.0191,13.5023],[108.0196,13.5024],[108.02,13.5038],[108.0207,13.5045],[108.0211,13.5036],[108.0217,13.5042],[108.0222,13.5036],[108.0231,13.5042],[108.0241,13.5033],[108.0249,13.5036],[108.0243,13.5048],[108.0247,13.505],[108.0258,13.5044],[108.0267,13.5052],[108.0266,13.5041],[108.0279,13.5045],[108.0279,13.5059],[108.0273,13.5062],[108.0269,13.5079],[108.0278,13.5091],[108.0274,13.5093],[108.0265,13.5088],[108.0261,13.5092],[108.027,13.51],[108.0269,13.5115],[108.0286,13.5125],[108.0278,13.5137],[108.0282,13.5148],[108.0272,13.5154],[108.03,13.5166],[108.0309,13.5163],[108.0332,13.5178],[108.0342,13.5177],[108.0341,13.5189],[108.035,13.5191],[108.0363,13.5186],[108.0363,13.5196],[108.0368,13.5198],[108.0367,13.5215],[108.036,13.5229],[108.0374,13.5232],[108.0377,13.5241],[108.0367,13.5242],[108.0355,13.5258],[108.0353,13.5272],[108.0363,13.5286],[108.0379,13.5288],[108.0373,13.5296],[108.0375,13.5302],[108.0374,13.5317],[108.0365,13.5323],[108.0366,13.5349],[108.0375,13.5348],[108.0377,13.5342],[108.0385,13.5346],[108.0383,13.5352],[108.0362,13.5363],[108.0361,13.5368],[108.0369,13.5375],[108.037,13.5383],[108.0381,13.539],[108.0396,13.5375],[108.0407,13.538],[108.0421,13.5365],[108.0433,13.5387],[108.0434,13.5401],[108.043,13.5407],[108.0437,13.5413],[108.044,13.5431],[108.0453,13.5452],[108.0472,13.5464],[108.0475,13.5469],[108.0476,13.5482],[108.0482,13.5491],[108.0467,13.5526],[108.0473,13.5547],[108.0467,13.5559],[108.0467,13.5569],[108.046,13.5591],[108.0443,13.5598],[108.0449,13.5614],[108.0465,13.563],[108.0472,13.5632],[108.0469,13.5644],[108.0481,13.5658],[108.0478,13.5667],[108.0487,13.5682],[108.0475,13.5684],[108.048,13.5693],[108.047,13.5705],[108.0475,13.572],[108.0456,13.5742],[108.0455,13.5749],[108.0443,13.5759],[108.0437,13.576],[108.0435,13.5765],[108.0427,13.5796],[108.0418,13.5797],[108.0419,13.5811],[108.0436,13.5832],[108.0432,13.5844],[108.044,13.5856],[108.0455,13.5867],[108.046,13.5888],[108.0467,13.5899],[108.0502,13.5913],[108.0518,13.5926],[108.0525,13.5923],[108.0525,13.592],[108.0532,13.5921],[108.0531,13.5928],[108.0564,13.5943],[108.0564,13.595],[108.0608,13.5961],[108.0621,13.5959],[108.0617,13.5984],[108.0621,13.5994],[108.0617,13.6007],[108.0605,13.6009],[108.0601,13.602],[108.0627,13.6034],[108.0657,13.6071],[108.0657,13.6097],[108.0663,13.611],[108.0666,13.6128],[108.0679,13.6153],[108.0679,13.6163],[108.0688,13.6172],[108.0694,13.6187],[108.0692,13.6205],[108.0675,13.6231],[108.0678,13.6243],[108.0722,13.6269],[108.0887,13.6243],[108.0894,13.6247],[108.09,13.6243],[108.0907,13.6247],[108.0911,13.6243],[108.0922,13.6247],[108.0929,13.6242]]]},"properties":{"code":"23977","name":"Ia Ko","nameEn":"Ia Ko","fullName":"Xã Ia Ko","fullNameEn":"Ia Ko Commune","codeName":"ia_ko","postalCode":"61915","postalCodePrefix":"","gisServerId":"diaphanhanhchinhcapxa_2025.2931","areaKm2":210.72},"id":"23977"},
{"type":"Feature","geometry":{"type":"Polygon","coordinates":[[[107.9482,13.4802],[107.9479,13.4791],[107.9485,13.4757],[107.9492,13.4757],[107.9494,13.4735],[107.9488,13.4728],[107.9495,13.4695],[107.9491,13.4679],[107.9495,13.4676],[107.9493,13.467],[107.9499,13.4669],[107.9497,13.4666],[107.9503,13.4657],[107.9505,13.4633],[107.9492,13.4636],[107.9488,13.4643],[107.9475,13.4653],[107.9462,13.4647],[107.9447,13.4646],[107.9424,13.4623],[107.9414,13.4607],[107.9406,13.4601],[107.9393,13.4599],[107.9357,13.4604],[107.935,13.4578],[107.9344,13.4574],[107.9336,13.4575],[107.9328,13.4585],[107.9317,13.4584],[107.9311,13.4546],[107.9289,13.4557],[107.9288,13.4566],[107.927,13.4581],[107.9256,13.4567],[107.9265,13.4563],[107.9266,13.455],[107.9227,13.4512],[107.9237,13.4485],[107.9252,13.4465],[107.9254,13.4443],[107.9272,13.4408],[107.9288,13.4386],[107.9306,13.4391],[107.931,13.4375],[107.9335,13.4336],[107.9306,13.4228],[107.9307,13.4219],[107.9261,13.4035],[107.9259,13.4025],[107.9263,13.402],[107.9229,13.3852],[107.9313,13.3771],[107.9317,13.3762],[107.9327,13.3757],[107.9336,13.3761],[107.9355,13.3756],[107.9387,13.3759],[107.9395,13.3755],[107.9404,13.3739],[107.9424,13.3736],[107.9434,13.374],[107.9438,13.3752],[107.9436,13.38],[107.945,13.3807],[107.9477,13.3797],[107.949,13.3804],[107.9495,13.3814],[107.9492,13.3849],[107.9496,13.3856],[107.9518,13.3858],[107.9547,13.3847],[107.9552,13.3839],[107.9567,13.3829],[107.9578,13.381],[107.9585,13.3806],[107.9651,13.38],[107.9663,13.3805],[107.9684,13.3825],[107.9698,13.3829],[107.9741,13.3815],[107.9752,13.3834],[107.9771,13.3842],[107.9812,13.384],[107.9815,13.3856],[107.9802,13.3873],[107.98,13.3903],[107.981,13.3917],[107.983,13.3928],[107.9868,13.3918],[107.989,13.3922],[107.9932,13.3887],[107.9963,13.3906],[107.9975,13.3905],[107.9984,13.3897],[107.9998,13.3867],[108.0059,13.3835],[108.008,13.3813],[108.0091,13.3811],[108.0122,13.3825],[108.0141,13.386],[108.0177,13.3869],[108.0187,13.3862],[108.0218,13.3871],[108.0244,13.391],[108.0257,13.3918],[108.0264,13.3946],[108.0269,13.3954],[108.0302,13.395],[108.0304,13.396],[108.0314,13.3964],[108.0332,13.3957],[108.0354,13.3998],[108.0355,13.4024],[108.0359,13.4029],[108.0384,13.4023],[108.0395,13.4003],[108.0408,13.3995],[108.0427,13.4008],[108.0439,13.4004],[108.0455,13.401],[108.0459,13.4041],[108.0471,13.405],[108.0476,13.4074],[108.0505,13.4091],[108.0519,13.4114],[108.0535,13.4123],[108.057,13.4111],[108.057,13.4104],[108.0557,13.4099],[108.0552,13.4088],[108.0556,13.4081],[108.0572,13.4074],[108.0592,13.4086],[108.0619,13.4086],[108.064,13.4093],[108.0644,13.4087],[108.0639,13.4067],[108.0646,13.4065],[108.0659,13.4076],[108.0664,13.409],[108.0688,13.4097],[108.0693,13.4093],[108.0702,13.407],[108.0705,13.4045],[108.07,13.4038],[108.0702,13.4031],[108.0716,13.4025],[108.0717,13.4011],[108.073,13.3994],[108.0735,13.3995],[108.0765,13.4037],[108.0772,13.4041],[108.0784,13.4041],[108.0791,13.4047],[108.0797,13.4043],[108.0804,13.4029],[108.0798,13.4013],[108.0797,13.4],[108.0804,13.3997],[108.0813,13.4004],[108.082,13.4021],[108.0833,13.4034],[108.0838,13.4044],[108.0882,13.4069],[108.0897,13.4092],[108.0932,13.4076],[108.0957,13.408],[108.0985,13.41],[108.1016,13.4104],[108.1022,13.4107],[108.1028,13.4105],[108.1047,13.4114],[108.1065,13.4116],[108.1082,13.4127],[108.1106,13.4161],[108.112,13.4166],[108.1145,13.4157],[108.1164,13.4154],[108.1204,13.4121],[108.1226,13.4114],[108.1252,13.4093],[108.1262,13.4092],[108.1278,13.4107],[108.1299,13.4114],[108.1309,13.4109],[108.1322,13.4089],[108.1357,13.4092],[108.1369,13.4071],[108.1386,13.4072],[108.1402,13.4067],[108.1408,13.4084],[108.1414,13.4087],[108.1437,13.4077],[108.1447,13.4076],[108.1447,13.4071],[108.144,13.4067],[108.1446,13.4057],[108.1445,13.4043],[108.1462,13.4039],[108.1476,13.4049],[108.1477,13.4042],[108.1493,13.403],[108.1493,13.4019],[108.1507,13.4007],[108.151,13.3997],[108.1513,13.3997],[108.1518,13.4011],[108.1537,13.3999],[108.1547,13.4001],[108.1555,13.3997],[108.1572,13.4015],[108.1589,13.4013],[108.1596,13.4007],[108.1601,13.4015],[108.1609,13.4013],[108.1623,13.4006],[108.1619,13.3992],[108.1633,13.3972],[108.1653,13.3958],[108.1643,13.3948],[108.1645,13.3944],[108.1655,13.394],[108.167,13.3939],[108.1668,13.393],[108.1692,13.393],[108.1697,13.3924],[108.1698,13.3914],[108.1713,13.3925],[108.1739,13.3915],[108.1744,13.391],[108.1742,13.388],[108.1757,13.3875],[108.1771,13.3878],[108.1769,13.3863],[108.1775,13.3838],[108.1782,13.3841],[108.1782,13.3834],[108.1788,13.3838],[108.1786,13.3842],[108.1808,13.3841],[108.1806,13.3837],[108.1817,13.3832],[108.1813,13.3828],[108.1826,13.3826],[108.1829,13.382],[108.1824,13.3819],[108.1836,13.3815],[108.1837,13.3811],[108.1841,13.3814],[108.1851,13.3812],[108.1853,13.3808],[108.1856,13.3809],[108.1856,13.3812],[108.1862,13.3809],[108.187,13.3812],[108.187,13.3815],[108.1878,13.3814],[108.1886,13.3823],[108.1903,13.3804],[108.1934,13.3805],[108.1951,13.379],[108.1964,13.3792],[108.1966,13.3786],[108.1977,13.3787],[108.1992,13.3777],[108.1998,13.3777],[108.2024,13.3734],[108.2041,13.373],[108.2052,13.3731],[108.2092,13.3766],[108.2089,13.3799],[108.2092,13.3812],[108.2087,13.386],[108.2097,13.3861],[108.2104,13.3872],[108.2128,13.3865],[108.2139,13.3868],[108.2169,13.3869],[108.2189,13.3865],[108.2208,13.3875],[108.2228,13.3896],[108.2233,13.3913],[108.2242,13.3916],[108.224,13.3951],[108.2247,13.3967],[108.2259,13.3973],[108.2256,13.3981],[108.2243,13.3985],[108.2237,13.4003],[108.224,13.4028],[108.223,13.4039],[108.2231,13.4051],[108.2225,13.4061],[108.2223,13.4079],[108.2239,13.4086],[108.2245,13.4095],[108.2254,13.4096],[108.2207,13.415],[108.2209,13.4165],[108.2213,13.4169],[108.2211,13.4189],[108.2206,13.4196],[108.2239,13.4236],[108.2232,13.4254],[108.2208,13.4286],[108.2202,13.4322],[108.2183,13.432],[108.218,13.4325],[108.2181,13.4348],[108.2173,13.4374],[108.2177,13.4393],[108.2173,13.4403],[108.2174,13.4421],[108.216,13.4455],[108.2165,13.4462],[108.2159,13.4486],[108.2142,13.4478],[108.2127,13.4481],[108.2115,13.4475],[108.2077,13.4493],[108.2043,13.4496],[108.2021,13.4518],[108.1997,13.4532],[108.1981,13.4536],[108.1939,13.4534],[108.1931,13.4537],[108.1912,13.4551],[108.1911,13.4559],[108.1896,13.4577],[108.1882,13.457],[108.1875,13.4571],[108.1871,13.4579],[108.1808,13.4584],[108.1802,13.4587],[108.1789,13.4584],[108.1788,13.4594],[108.1783,13.4597],[108.1709,13.4584],[108.171,13.4594],[108.1701,13.4599],[108.1685,13.4595],[108.1669,13.4598],[108.1667,13.4602],[108.1631,13.4601],[108.1615,13.4597],[108.1609,13.4609],[108.1591,13.4604],[108.1575,13.4606],[108.154,13.463],[108.153,13.4656],[108.1515,13.4678],[108.1498,13.4684],[108.1471,13.471],[108.145,13.4711],[108.1443,13.4738],[108.1397,13.4773],[108.1387,13.4785],[108.1328,13.4825],[108.1325,13.4831],[108.1301,13.4841],[108.1278,13.4835],[108.1276,13.4843],[108.1247,13.4841],[108.1234,13.4845],[108.122,13.4841],[108.1218,13.485],[108.1208,13.4848],[108.1208,13.4859],[108.1198,13.486],[108.1198,13.4856],[108.119,13.4855],[108.1191,13.4849],[108.1186,13.4849],[108.1178,13.4852],[108.1175,13.4859],[108.1169,13.485],[108.1167,13.4856],[108.1156,13.4862],[108.1133,13.4864],[108.113,13.4859],[108.1124,13.4857],[108.1111,13.487],[108.1089,13.487],[108.1083,13.4875],[108.1073,13.4873],[108.1035,13.4887],[108.1026,13.4877],[108.1014,13.4878],[108.1023,13.4896],[108.1021,13.4916],[108.1007,13.4917],[108.1005,13.4928],[108.0997,13.4927],[108.0997,13.4934],[108.099,13.4934],[108.099,13.4953],[108.0978,13.4966],[108.0965,13.4968],[108.0924,13.4964],[108.0909,13.497],[108.0909,13.4975],[108.0899,13.4981],[108.0874,13.4983],[108.0862,13.4988],[108.0854,13.4997],[108.0847,13.4997],[108.0841,13.499],[108.083,13.4991],[108.0818,13.5003],[108.0795,13.5009],[108.0793,13.5024],[108.0787,13.5034],[108.0775,13.5033],[108.0736,13.5045],[108.0733,13.5051],[108.0722,13.5055],[108.0715,13.5072],[108.0695,13.5073],[108.0692,13.5062],[108.0689,13.5062],[108.0673,13.5083],[108.0657,13.5088],[108.0648,13.5087],[108.0623,13.5096],[108.0621,13.5113],[108.0604,13.5114],[108.0588,13.51],[108.057,13.5097],[108.055,13.5097],[108.0534,13.5108],[108.0505,13.5098],[108.0495,13.5086],[108.0502,13.5076],[108.0502,13.5047],[108.0488,13.5042],[108.0481,13.503],[108.0469,13.5032],[108.0459,13.5018],[108.0441,13.5033],[108.0429,13.5029],[108.043,13.5046],[108.0424,13.5049],[108.0416,13.5045],[108.0408,13.505],[108.0395,13.5064],[108.0397,13.5069],[108.0393,13.5073],[108.0383,13.5076],[108.036,13.5074],[108.0356,13.5078],[108.0352,13.5075],[108.0353,13.507],[108.0362,13.5066],[108.0354,13.506],[108.0361,13.5036],[108.0358,13.5025],[108.0345,13.5029],[108.0333,13.5026],[108.0329,13.5033],[108.0322,13.5026],[108.0307,13.5025],[108.0305,13.502],[108.0285,13.5012],[108.0249,13.5017],[108.0198,13.5009],[108.0198,13.5016],[108.0193,13.5016],[108.0191,13.5023],[108.0181,13.5023],[108.018,13.5027],[108.0171,13.5024],[108.0156,13.5034],[108.0151,13.5026],[108.0045,13.5047],[108.0033,13.506],[108.0018,13.5039],[107.9998,13.5038],[107.9935,13.5005],[107.9876,13.5039],[107.981,13.5024],[107.9792,13.5006],[107.9785,13.4994],[107.9778,13.499],[107.9739,13.4981],[107.972,13.4968],[107.9707,13.4965],[107.9669,13.4972],[107.9637,13.4941],[107.9617,13.4949],[107.9595,13.4946],[107.9571,13.4957],[107.9545,13.4959],[107.9538,13.4954],[107.9525,13.49],[107.9517,13.4889],[107.95,13.4878],[107.9501,13.4847],[107.9486,13.4821],[107.9482,13.4802]]]},"properties":{"code":"23986","name":"Ia Le","nameEn":"Ia Le","fullName":"Xã Ia Le","fullNameEn":"Ia Le Commune","codeName":"ia_le","postalCode":"61813","postalCodePrefix":"","gisServerId":"diaphanhanhchinhcapxa_2025.2944","areaKm2":316.88},"id":"23986"},
{"type":"Feature","geometry":{"type":"Polygon","coordinates":[[[108.4445,14.0678],[108.4417,14.0662],[108.4404,14.0647],[108.4393,14.064],[108.4388,14.0623],[108.4357,14.0596],[108.4342,14.0564],[108.4305,14.0383],[108.4317,14.0356],[108.4321,14.0332],[108.4331,14.0306],[108.433,14.0296],[108.4339,14.0284],[108.4231,14.0285],[108.4234,14.0281],[108.4206,14.0244],[108.4207,14.0232],[108.42,14.0227],[108.4206,14.0214],[108.4211,14.0179],[108.4209,14.017],[108.4214,14.0153],[108.4201,14.0126],[108.4206,14.0109],[108.423,14.0073],[108.4225,14.0064],[108.4225,14.0047],[108.4201,14.0043],[108.4194,14.0029],[108.4177,14.0015],[108.416,13.9964],[108.4161,13.9907],[108.4153,13.9885],[108.4156,13.9856],[108.4146,13.9823],[108.4151,13.9801],[108.4149,13.978],[108.4158,13.9752],[108.4155,13.9731],[108.4161,13.9724],[108.4164,13.9692],[108.4189,13.9701],[108.4201,13.9702],[108.4219,13.968],[108.4234,13.9671],[108.4262,13.9675],[108.4276,13.9691],[108.4285,13.9694],[108.43,13.962],[108.4296,13.9608],[108.4304,13.9594],[108.4314,13.9589],[108.4332,13.959],[108.4347,13.9586],[108.4371,13.9572],[108.4384,13.9575],[108.439,13.9583],[108.4402,13.9585],[108.4406,13.9604],[108.4416,13.9616],[108.4448,13.9613],[108.4468,13.9602],[108.4471,13.9593],[108.4526,13.9603],[108.4527,13.9592],[108.4542,13.9585],[108.4543,13.9562],[108.4561,13.9531],[108.4572,13.9496],[108.4573,13.9473],[108.4589,13.9474],[108.4605,13.9464],[108.4625,13.9472],[108.4637,13.9462],[108.4655,13.9428],[108.4689,13.9387],[108.4718,13.9368],[108.472,13.9358],[108.4717,13.9337],[108.4727,13.9317],[108.4728,13.9298],[108.4752,13.929],[108.4767,13.9275],[108.4779,13.9273],[108.4781,13.9266],[108.4789,13.9261],[108.4794,13.9246],[108.4826,13.9234],[108.4869,13.9232],[108.4895,13.9226],[108.4915,13.9209],[108.4921,13.9211],[108.4927,13.9203],[108.4942,13.9196],[108.4953,13.9171],[108.4965,13.9161],[108.4983,13.9156],[108.4987,13.9149],[108.4985,13.9142],[108.4996,13.9139],[108.4999,13.9133],[108.4994,13.9133],[108.499,13.9124],[108.4997,13.9121],[108.4996,13.9116],[108.5,13.9112],[108.4991,13.9112],[108.4997,13.9105],[108.4986,13.9089],[108.4995,13.9075],[108.4996,13.9044],[108.5004,13.9037],[108.5008,13.902],[108.5014,13.9016],[108.5012,13.9001],[108.5027,13.8989],[108.5032,13.8965],[108.5043,13.8951],[108.5053,13.8949],[108.5052,13.8931],[108.5062,13.8928],[108.5062,13.892],[108.5066,13.8919],[108.5058,13.8907],[108.5059,13.8894],[108.5046,13.8883],[108.5055,13.8881],[108.5078,13.8871],[108.5098,13.8853],[108.5106,13.8854],[108.5125,13.8867],[108.5148,13.8872],[108.5205,13.8919],[108.522,13.8948],[108.5219,13.8959],[108.517,13.9],[108.5166,13.9015],[108.5169,13.9033],[108.5193,13.906],[108.5226,13.9064],[108.5247,13.9061],[108.5284,13.9052],[108.5296,13.9039],[108.5305,13.9037],[108.5408,13.9049],[108.5437,13.9047],[108.5459,13.9042],[108.5478,13.9026],[108.5491,13.8966],[108.548,13.8937],[108.5459,13.8913],[108.5448,13.8887],[108.5447,13.8872],[108.5465,13.8846],[108.5508,13.881],[108.5531,13.881],[108.5542,13.8815],[108.5547,13.8833],[108.5541,13.8868],[108.5557,13.8897],[108.5567,13.8907],[108.5602,13.8919],[108.5616,13.8912],[108.5626,13.8898],[108.5645,13.8887],[108.5685,13.885],[108.5708,13.8842],[108.5764,13.8858],[108.5782,13.8893],[108.5783,13.8905],[108.5788,13.8908],[108.5797,13.89],[108.5826,13.8897],[108.585,13.8883],[108.5861,13.8889],[108.5872,13.8885],[108.5894,13.8901],[108.5926,13.8897],[108.5937,13.8887],[108.5937,13.8872],[108.5945,13.8872],[108.5945,13.888],[108.5952,13.8877],[108.5958,13.8882],[108.5966,13.8882],[108.5976,13.8878],[108.5996,13.8858],[108.6017,13.8853],[108.6024,13.884],[108.6033,13.8799],[108.604,13.8792],[108.6073,13.8797],[108.6075,13.8808],[108.6086,13.8818],[108.6098,13.8806],[108.6102,13.881],[108.6109,13.8809],[108.6112,13.8814],[108.612,13.8813],[108.612,13.8802],[108.6131,13.8811],[108.6135,13.8811],[108.6136,13.8805],[108.6142,13.8808],[108.6149,13.8799],[108.6157,13.8799],[108.6162,13.8804],[108.6169,13.8801],[108.6173,13.8805],[108.6176,13.88],[108.6185,13.8801],[108.6198,13.882],[108.6199,13.8842],[108.6182,13.8849],[108.6153,13.8848],[108.6137,13.886],[108.6142,13.8864],[108.6142,13.8876],[108.6146,13.888],[108.6147,13.8889],[108.6157,13.8895],[108.6166,13.8934],[108.6165,13.8949],[108.6142,13.8982],[108.6142,13.8998],[108.6148,13.9012],[108.6141,13.9021],[108.6124,13.902],[108.6113,13.9058],[108.6086,13.9079],[108.6082,13.9104],[108.6054,13.9115],[108.6046,13.9123],[108.6036,13.9153],[108.6028,13.9159],[108.6022,13.9176],[108.6022,13.9187],[108.5991,13.918],[108.5952,13.9165],[108.5892,13.9153],[108.5887,13.9179],[108.5879,13.9192],[108.5881,13.9204],[108.5893,13.9212],[108.5895,13.9223],[108.5888,13.9224],[108.5884,13.9236],[108.5837,13.9237],[108.5838,13.9245],[108.5847,13.9248],[108.5842,13.9274],[108.5867,13.9285],[108.5878,13.9301],[108.5879,13.9306],[108.5867,13.9316],[108.585,13.9344],[108.5853,13.9364],[108.5862,13.9376],[108.5868,13.9391],[108.5866,13.9397],[108.5871,13.94],[108.5869,13.941],[108.5872,13.9416],[108.5868,13.9423],[108.5859,13.9427],[108.5857,13.9437],[108.5851,13.9436],[108.584,13.9441],[108.5837,13.9453],[108.5822,13.9451],[108.582,13.9462],[108.5817,13.9461],[108.5815,13.9466],[108.581,13.9464],[108.5806,13.9471],[108.5795,13.9478],[108.5776,13.9479],[108.576,13.9473],[108.5748,13.9475],[108.5762,13.9495],[108.5732,13.9508],[108.5712,13.9507],[108.571,13.9513],[108.5717,13.9517],[108.5723,13.953],[108.5709,13.9544],[108.5708,13.9583],[108.5663,13.9594],[108.5658,13.9612],[108.5644,13.9622],[108.5621,13.9664],[108.5634,13.9678],[108.5665,13.968],[108.5664,13.9684],[108.5687,13.9689],[108.5694,13.9705],[108.5708,13.9691],[108.5728,13.9704],[108.5734,13.9715],[108.5744,13.9723],[108.5744,13.9745],[108.5752,13.9772],[108.5771,13.9778],[108.5768,13.9783],[108.5774,13.9784],[108.578,13.981],[108.5773,13.9824],[108.5763,13.9823],[108.576,13.9832],[108.577,13.9859],[108.5761,13.9879],[108.5767,13.9887],[108.5765,13.9902],[108.5768,13.9913],[108.5763,13.9927],[108.5755,13.9933],[108.5766,13.9954],[108.5758,13.9966],[108.5757,13.9983],[108.5721,13.9987],[108.5702,13.9995],[108.5689,14.0041],[108.5678,14.0046],[108.5671,14.0047],[108.5668,14.0042],[108.5666,14.0045],[108.5658,14.0042],[108.5654,14.0046],[108.5645,14.0045],[108.564,14.0057],[108.5634,14.0052],[108.5634,14.0046],[108.5619,14.0052],[108.562,14.0055],[108.5605,14.005],[108.5597,14.0056],[108.5586,14.0051],[108.558,14.0058],[108.5563,14.0064],[108.5543,14.0058],[108.5536,14.0067],[108.5534,14.0074],[108.5529,14.0073],[108.5527,14.0087],[108.552,14.0088],[108.5515,14.0097],[108.5508,14.0097],[108.5502,14.0106],[108.5493,14.0111],[108.5474,14.0115],[108.5466,14.0125],[108.5459,14.0117],[108.545,14.0119],[108.5445,14.0109],[108.5435,14.0111],[108.5429,14.0108],[108.5422,14.0115],[108.5415,14.0113],[108.5414,14.0119],[108.5407,14.012],[108.5399,14.013],[108.5384,14.0128],[108.5375,14.0132],[108.5375,14.0136],[108.5353,14.0136],[108.5338,14.0132],[108.5335,14.0115],[108.5318,14.0113],[108.531,14.0108],[108.5303,14.0119],[108.5291,14.0118],[108.5285,14.0122],[108.5279,14.012],[108.528,14.0112],[108.5274,14.0116],[108.5263,14.0116],[108.5233,14.0112],[108.5232,14.0118],[108.5222,14.0121],[108.5218,14.0116],[108.5218,14.0106],[108.521,14.0107],[108.5205,14.0112],[108.5205,14.0132],[108.5197,14.0133],[108.5194,14.0144],[108.5196,14.0147],[108.5191,14.0153],[108.5194,14.0156],[108.5188,14.0161],[108.5183,14.018],[108.5174,14.0193],[108.5166,14.0195],[108.5164,14.0204],[108.5158,14.0205],[108.5153,14.0214],[108.5132,14.0224],[108.5128,14.0236],[108.5118,14.0241],[108.5114,14.0253],[108.5101,14.0262],[108.5086,14.0261],[108.5067,14.0277],[108.502,14.0293],[108.5011,14.0305],[108.5013,14.0312],[108.4991,14.0315],[108.4983,14.0329],[108.4971,14.0339],[108.4959,14.0335],[108.4952,14.0346],[108.494,14.034],[108.4933,14.0341],[108.4929,14.0348],[108.49,14.0365],[108.4881,14.0414],[108.4869,14.043],[108.4816,14.0415],[108.4796,14.0421],[108.4776,14.0463],[108.4754,14.0486],[108.4739,14.0495],[108.4734,14.051],[108.4722,14.0524],[108.472,14.0549],[108.47,14.0569],[108.4669,14.0584],[108.4648,14.0582],[108.4629,14.0557],[108.4563,14.0569],[108.4536,14.0602],[108.4527,14.0637],[108.4505,14.0642],[108.4491,14.0638],[108.4474,14.0643],[108.4457,14.0636],[108.4445,14.0678]]]},"properties":{"code":"23995","name":"Đak Pơ","nameEn":"Dak Po","fullName":"Xã Đak Pơ","fullNameEn":"Dak Po Commune","codeName":"dak_po","postalCode":"62406","postalCodePrefix":"","gisServerId":"diaphanhanhchinhcapxa_2025.3034","areaKm2":223.33},"id":"23995"},
{"type":"Feature","geometry":{"type":"Polygon","coordinates":[[[108.6958,13.9481],[108.6964,13.9494],[108.6965,13.9517],[108.6962,13.9534],[108.6964,13.9552],[108.6958,13.9588],[108.6943,13.9604],[108.6944,13.9616],[108.6936,13.965],[108.6921,13.9662],[108.6905,13.9595],[108.6892,13.9586],[108.6879,13.9585],[108.6871,13.9578],[108.6867,13.9567],[108.6845,13.9564],[108.6832,13.9553],[108.6812,13.9552],[108.6807,13.9543],[108.6799,13.9542],[108.6799,13.9538],[108.6788,13.9535],[108.6783,13.9524],[108.6776,13.9517],[108.6773,13.952],[108.6769,13.9515],[108.6764,13.9521],[108.6759,13.9517],[108.6751,13.9522],[108.6743,13.9519],[108.674,13.9512],[108.6736,13.9512],[108.6735,13.9498],[108.6732,13.9493],[108.6723,13.9483],[108.6722,13.9493],[108.6717,13.9494],[108.6718,13.9485],[108.6709,13.948],[108.6712,13.9472],[108.6705,13.9461],[108.6707,13.9456],[108.6685,13.9458],[108.6662,13.945],[108.6661,13.9446],[108.6611,13.942],[108.6611,13.9414],[108.6604,13.9407],[108.6599,13.9408],[108.66,13.9394],[108.6589,13.9396],[108.6586,13.9391],[108.6574,13.9391],[108.6571,13.94],[108.6555,13.9398],[108.655,13.9406],[108.6531,13.9412],[108.6523,13.9411],[108.6516,13.9419],[108.6501,13.9418],[108.6499,13.9412],[108.6495,13.941],[108.6494,13.9416],[108.6488,13.9419],[108.6489,13.9425],[108.648,13.9424],[108.6473,13.9437],[108.6461,13.9439],[108.6448,13.9434],[108.6416,13.9438],[108.6407,13.9435],[108.6373,13.9404],[108.6305,13.936],[108.6264,13.9307],[108.6259,13.9286],[108.6263,13.9254],[108.6255,13.9238],[108.6249,13.9232],[108.6235,13.9227],[108.6182,13.9235],[108.6022,13.9187],[108.6022,13.9176],[108.6028,13.9159],[108.6036,13.9153],[108.6046,13.9123],[108.6054,13.9115],[108.6082,13.9104],[108.6086,13.9079],[108.6113,13.9058],[108.6124,13.902],[108.6141,13.9021],[108.6148,13.9012],[108.6142,13.8998],[108.6142,13.8982],[108.6165,13.8949],[108.6166,13.8934],[108.6157,13.8895],[108.6147,13.8889],[108.6146,13.888],[108.6142,13.8876],[108.6142,13.8864],[108.6137,13.886],[108.6153,13.8848],[108.6182,13.8849],[108.6199,13.8842],[108.6198,13.882],[108.6185,13.8801],[108.6176,13.88],[108.6173,13.8805],[108.6169,13.8801],[108.6162,13.8804],[108.6157,13.8799],[108.6149,13.8799],[108.6142,13.8808],[108.6136,13.8805],[108.6135,13.8811],[108.6131,13.8811],[108.612,13.8802],[108.612,13.8813],[108.6112,13.8814],[108.6109,13.8809],[108.6102,13.881],[108.6098,13.8806],[108.6086,13.8818],[108.6075,13.8808],[108.6073,13.8797],[108.604,13.8792],[108.6007,13.8777],[108.5996,13.8766],[108.5983,13.8763],[108.5982,13.8757],[108.5986,13.874],[108.5983,13.8719],[108.6,13.87],[108.601,13.8669],[108.6034,13.8649],[108.6044,13.863],[108.6049,13.8608],[108.6059,13.8614],[108.6085,13.8615],[108.6102,13.8606],[108.6125,13.861],[108.614,13.8603],[108.6142,13.8586],[108.6152,13.859],[108.6158,13.8584],[108.6163,13.8591],[108.6177,13.8589],[108.6195,13.8598],[108.6203,13.8597],[108.6209,13.8592],[108.6209,13.8587],[108.6215,13.8587],[108.6216,13.8603],[108.6236,13.8598],[108.6241,13.8591],[108.6237,13.858],[108.6239,13.8573],[108.6245,13.8567],[108.6241,13.856],[108.6262,13.8551],[108.6265,13.854],[108.6272,13.8534],[108.6277,13.8507],[108.6267,13.8497],[108.6266,13.8481],[108.6262,13.8476],[108.6266,13.8469],[108.6263,13.8451],[108.627,13.8448],[108.6282,13.8429],[108.6298,13.842],[108.6314,13.842],[108.6322,13.8436],[108.6322,13.8446],[108.6336,13.8458],[108.6356,13.8442],[108.6371,13.8444],[108.6384,13.8416],[108.6398,13.8413],[108.6416,13.8402],[108.6432,13.8383],[108.6445,13.8381],[108.6458,13.8367],[108.6502,13.8344],[108.6553,13.8327],[108.659,13.831],[108.6575,13.8279],[108.658,13.8258],[108.6578,13.8241],[108.6618,13.8207],[108.6642,13.8203],[108.6656,13.8208],[108.6681,13.8208],[108.6689,13.8211],[108.671,13.8229],[108.6714,13.8237],[108.671,13.8267],[108.6743,13.828],[108.6736,13.8301],[108.6735,13.8322],[108.6749,13.8336],[108.6755,13.8356],[108.6763,13.8368],[108.677,13.8371],[108.6787,13.8366],[108.6793,13.8376],[108.6809,13.8378],[108.6824,13.8376],[108.6846,13.8361],[108.6864,13.8379],[108.6914,13.8402],[108.6939,13.8425],[108.6966,13.8437],[108.6976,13.8431],[108.6997,13.843],[108.7,13.842],[108.701,13.8419],[108.7014,13.8413],[108.7025,13.8413],[108.7036,13.8404],[108.705,13.8405],[108.7058,13.84],[108.7075,13.84],[108.7083,13.8387],[108.7099,13.8384],[108.7109,13.8375],[108.7117,13.8357],[108.713,13.8344],[108.7133,13.8332],[108.7156,13.8325],[108.7167,13.8313],[108.7181,13.8314],[108.7198,13.8303],[108.7197,13.8279],[108.7213,13.8265],[108.7204,13.8259],[108.7199,13.8264],[108.7194,13.8264],[108.7193,13.8254],[108.7205,13.824],[108.7214,13.8241],[108.7215,13.8249],[108.7225,13.8241],[108.7224,13.8221],[108.7233,13.8216],[108.7236,13.8201],[108.7258,13.8176],[108.726,13.816],[108.7274,13.8137],[108.7273,13.8112],[108.7312,13.8105],[108.7307,13.8094],[108.7311,13.8086],[108.7309,13.8064],[108.7298,13.8044],[108.7311,13.8023],[108.7298,13.8007],[108.7304,13.7996],[108.7324,13.7992],[108.7329,13.7996],[108.7332,13.8009],[108.7336,13.8011],[108.7362,13.7989],[108.7369,13.8014],[108.7379,13.8013],[108.7382,13.8016],[108.7381,13.8024],[108.737,13.8034],[108.7373,13.8044],[108.739,13.8051],[108.7395,13.8034],[108.7405,13.8033],[108.7425,13.804],[108.7427,13.8047],[108.7432,13.805],[108.7453,13.8017],[108.7464,13.8012],[108.7468,13.8005],[108.7468,13.7982],[108.7473,13.7953],[108.7478,13.7937],[108.7486,13.7927],[108.749,13.7907],[108.7499,13.7896],[108.7518,13.7891],[108.7527,13.7896],[108.7529,13.791],[108.755,13.7917],[108.7561,13.7912],[108.7567,13.7905],[108.7579,13.7915],[108.7644,13.7918],[108.7659,13.7925],[108.7668,13.7924],[108.7686,13.7947],[108.7695,13.7982],[108.7706,13.7991],[108.7736,13.7982],[108.7744,13.7972],[108.7753,13.7985],[108.7752,13.8013],[108.778,13.8014],[108.779,13.8027],[108.7781,13.8055],[108.7808,13.8061],[108.7811,13.8072],[108.7822,13.8082],[108.7829,13.8097],[108.7842,13.8103],[108.7851,13.8101],[108.7858,13.8107],[108.7868,13.8143],[108.7875,13.8151],[108.7884,13.8153],[108.7888,13.8177],[108.7897,13.8183],[108.7914,13.8179],[108.7923,13.8185],[108.7928,13.8203],[108.7924,13.8221],[108.7931,13.8225],[108.7949,13.8228],[108.7963,13.8214],[108.7967,13.8215],[108.7969,13.8218],[108.7964,13.823],[108.7962,13.8254],[108.7958,13.8264],[108.796,13.8278],[108.7958,13.8283],[108.7949,13.8285],[108.7957,13.8307],[108.7949,13.8314],[108.7943,13.8345],[108.7948,13.8346],[108.7963,13.8337],[108.7972,13.8342],[108.7963,13.8357],[108.7955,13.8361],[108.7953,13.8369],[108.7933,13.8376],[108.7933,13.8404],[108.7928,13.8418],[108.7928,13.8423],[108.7935,13.8422],[108.7942,13.8429],[108.7942,13.845],[108.797,13.8441],[108.797,13.8456],[108.7948,13.849],[108.7931,13.8497],[108.7934,13.8512],[108.7924,13.8531],[108.7918,13.8526],[108.7912,13.8538],[108.7901,13.853],[108.7893,13.8546],[108.7885,13.8547],[108.7866,13.8527],[108.7856,13.8527],[108.7842,13.8551],[108.7807,13.8573],[108.7777,13.8604],[108.7772,13.8616],[108.7757,13.8626],[108.7755,13.8634],[108.7725,13.8656],[108.7687,13.8718],[108.7688,13.8732],[108.768,13.876],[108.7658,13.8802],[108.7644,13.8886],[108.7648,13.8913],[108.7639,13.8929],[108.7626,13.8937],[108.7611,13.8936],[108.7598,13.8947],[108.7598,13.8961],[108.7593,13.8972],[108.7584,13.8985],[108.7569,13.8996],[108.756,13.8995],[108.7545,13.9006],[108.7524,13.9003],[108.7507,13.9011],[108.7485,13.9012],[108.7463,13.9055],[108.7449,13.906],[108.7437,13.9092],[108.7424,13.9109],[108.7427,13.9121],[108.7417,13.9148],[108.7424,13.9165],[108.7408,13.9171],[108.738,13.92],[108.7374,13.9216],[108.7365,13.9225],[108.7364,13.9239],[108.7358,13.9241],[108.7358,13.9247],[108.7307,13.9303],[108.7273,13.9315],[108.7272,13.9331],[108.7265,13.9338],[108.726,13.934],[108.7256,13.9321],[108.7251,13.932],[108.7248,13.9313],[108.7237,13.9315],[108.7234,13.9312],[108.7224,13.9311],[108.7211,13.9315],[108.7193,13.9329],[108.7163,13.9342],[108.7126,13.9365],[108.7135,13.9389],[108.7123,13.9406],[108.7109,13.9407],[108.7089,13.9413],[108.7082,13.941],[108.7066,13.9416],[108.7052,13.9425],[108.7043,13.9454],[108.7024,13.9444],[108.6993,13.9439],[108.6971,13.9457],[108.6958,13.9481]]]},"properties":{"code":"24007","name":"Ya Hội","nameEn":"Ya Hoi","fullName":"Xã Ya Hội","fullNameEn":"Ya Hoi Commune","codeName":"ya_hoi","postalCode":"62410","postalCodePrefix":"","gisServerId":"diaphanhanhchinhcapxa_2025.3039","areaKm2":215.75},"id":"24007"},
{"type":"Feature","geometry":{"type":"Polygon","coordinates":[[[108.3152,13.6764],[108.3159,13.6753],[108.3154,13.6736],[108.3167,13.6712],[108.3156,13.6706],[108.3142,13.671],[108.3118,13.67],[108.3105,13.6688],[108.3084,13.6659],[108.3064,13.6647],[108.2898,13.6642],[108.289,13.6632],[108.2854,13.6639],[108.2837,13.6618],[108.2826,13.6619],[108.2825,13.6614],[108.284,13.6608],[108.2849,13.659],[108.2854,13.6588],[108.2857,13.6572],[108.2853,13.6559],[108.2863,13.6557],[108.2874,13.6547],[108.2874,13.6534],[108.2865,13.6518],[108.2865,13.6513],[108.2867,13.6508],[108.2875,13.6507],[108.2883,13.6501],[108.2888,13.6484],[108.2898,13.6476],[108.2917,13.6475],[108.2921,13.6465],[108.294,13.6468],[108.2949,13.6441],[108.2962,13.6444],[108.3018,13.6412],[108.3017,13.6409],[108.3045,13.6397],[108.307,13.6369],[108.3081,13.6368],[108.3079,13.6365],[108.3094,13.635],[108.3099,13.635],[108.3101,13.6334],[108.3121,13.6319],[108.313,13.6303],[108.3144,13.6299],[108.3152,13.6283],[108.3173,13.6265],[108.321,13.6218],[108.321,13.6187],[108.3213,13.6185],[108.3229,13.6191],[108.3235,13.6188],[108.3241,13.6179],[108.3249,13.6176],[108.3249,13.6169],[108.3271,13.6171],[108.327,13.6168],[108.3274,13.6168],[108.3274,13.6165],[108.3286,13.6163],[108.3303,13.6154],[108.3307,13.6142],[108.3325,13.6142],[108.3326,13.6132],[108.3331,13.6134],[108.3337,13.6126],[108.3346,13.6128],[108.3356,13.6121],[108.3368,13.6119],[108.3365,13.611],[108.3378,13.6105],[108.3382,13.6108],[108.3418,13.6085],[108.3448,13.6078],[108.3469,13.6088],[108.3471,13.6095],[108.3505,13.6098],[108.3537,13.6096],[108.3543,13.6091],[108.3568,13.6087],[108.3594,13.6093],[108.3624,13.6077],[108.3638,13.6076],[108.3635,13.6067],[108.3664,13.6066],[108.3665,13.6055],[108.3679,13.6058],[108.3678,13.6052],[108.3683,13.6049],[108.371,13.6044],[108.371,13.6047],[108.3716,13.6044],[108.3715,13.6035],[108.3732,13.6034],[108.3753,13.6021],[108.3758,13.6025],[108.3788,13.6015],[108.3807,13.6016],[108.3829,13.6006],[108.3841,13.6008],[108.3865,13.5988],[108.387,13.5977],[108.3862,13.5972],[108.3866,13.5964],[108.3861,13.5963],[108.3865,13.5956],[108.3878,13.5959],[108.3877,13.5948],[108.3883,13.5928],[108.3862,13.5912],[108.3873,13.5905],[108.3866,13.5897],[108.388,13.589],[108.3883,13.588],[108.3862,13.5877],[108.3858,13.5869],[108.387,13.5857],[108.387,13.5842],[108.3896,13.5835],[108.3896,13.5795],[108.3889,13.5767],[108.3885,13.5762],[108.3876,13.576],[108.3878,13.5725],[108.3872,13.571],[108.3877,13.5699],[108.3912,13.5681],[108.393,13.5654],[108.395,13.5649],[108.3959,13.5641],[108.3962,13.5633],[108.3958,13.5615],[108.3963,13.5608],[108.3957,13.5549],[108.396,13.5544],[108.398,13.556],[108.3988,13.5573],[108.4,13.5572],[108.4004,13.5575],[108.4012,13.5586],[108.4019,13.5616],[108.4066,13.5619],[108.4091,13.5596],[108.4109,13.5596],[108.4116,13.5589],[108.4131,13.5597],[108.4145,13.5591],[108.4151,13.5601],[108.4183,13.559],[108.4189,13.5591],[108.4186,13.5605],[108.4189,13.5625],[108.4211,13.5644],[108.4227,13.5639],[108.4228,13.5618],[108.4241,13.561],[108.4263,13.5626],[108.4285,13.5612],[108.4295,13.5617],[108.4321,13.5618],[108.4322,13.5622],[108.4328,13.5624],[108.4331,13.564],[108.4335,13.5643],[108.4346,13.5633],[108.4364,13.5627],[108.4377,13.5618],[108.4383,13.5626],[108.4396,13.5629],[108.4413,13.5627],[108.4428,13.5632],[108.4425,13.5642],[108.4441,13.5648],[108.4454,13.5646],[108.4481,13.5676],[108.449,13.5668],[108.4508,13.5674],[108.4519,13.5685],[108.4532,13.5689],[108.4539,13.5695],[108.4534,13.5712],[108.452,13.5736],[108.4531,13.5734],[108.4543,13.5748],[108.4539,13.5752],[108.4548,13.5769],[108.4541,13.5787],[108.4543,13.5795],[108.4551,13.5813],[108.4571,13.5826],[108.4569,13.5842],[108.4573,13.5849],[108.4603,13.5845],[108.4622,13.5852],[108.4626,13.5858],[108.4637,13.5858],[108.465,13.5865],[108.4653,13.5874],[108.4651,13.589],[108.4656,13.5903],[108.4653,13.5913],[108.4645,13.592],[108.4643,13.5949],[108.4631,13.5962],[108.4641,13.5976],[108.4647,13.5998],[108.4641,13.601],[108.4645,13.6037],[108.4655,13.6068],[108.4666,13.6071],[108.4672,13.6079],[108.4683,13.6075],[108.4704,13.6089],[108.4704,13.6117],[108.4728,13.6187],[108.4739,13.6187],[108.4747,13.6166],[108.4755,13.616],[108.4759,13.615],[108.4775,13.6138],[108.4779,13.6121],[108.4792,13.6116],[108.4801,13.6131],[108.4796,13.6135],[108.4793,13.6147],[108.4788,13.6148],[108.4791,13.6156],[108.4759,13.6188],[108.4759,13.6196],[108.4718,13.6261],[108.4714,13.6253],[108.471,13.6256],[108.4702,13.6253],[108.4677,13.6273],[108.4674,13.6285],[108.4662,13.6293],[108.4669,13.6311],[108.4676,13.6317],[108.4671,13.6344],[108.4658,13.6348],[108.4644,13.6363],[108.464,13.637],[108.4642,13.638],[108.4637,13.6382],[108.4637,13.6385],[108.4632,13.6384],[108.4629,13.6399],[108.4621,13.6405],[108.4625,13.6425],[108.4624,13.6448],[108.4628,13.6463],[108.4624,13.6473],[108.4632,13.6486],[108.4628,13.6497],[108.4662,13.661],[108.4691,13.6655],[108.4639,13.6654],[108.4637,13.6644],[108.4615,13.662],[108.4587,13.6609],[108.4573,13.6617],[108.454,13.665],[108.4534,13.665],[108.4522,13.6641],[108.4507,13.6639],[108.4487,13.665],[108.4472,13.6664],[108.4465,13.6664],[108.4448,13.6676],[108.4436,13.6677],[108.4423,13.6703],[108.44,13.669],[108.4388,13.6701],[108.4379,13.6721],[108.4367,13.6726],[108.436,13.6715],[108.4345,13.6719],[108.4238,13.6795],[108.4164,13.6824],[108.3962,13.6933],[108.384,13.6931],[108.3785,13.6941],[108.3775,13.6932],[108.3748,13.6931],[108.3752,13.6926],[108.3734,13.6921],[108.372,13.692],[108.3696,13.6925],[108.3693,13.6911],[108.3657,13.6905],[108.3638,13.6904],[108.3627,13.6908],[108.3596,13.6897],[108.3589,13.6899],[108.3545,13.6879],[108.3508,13.6829],[108.3502,13.6831],[108.3498,13.6825],[108.3487,13.6828],[108.3486,13.6823],[108.3465,13.6819],[108.3466,13.6802],[108.3445,13.6799],[108.3444,13.6794],[108.3439,13.6791],[108.3428,13.6798],[108.3419,13.6789],[108.3428,13.6782],[108.3421,13.6763],[108.3404,13.6762],[108.3382,13.6744],[108.3376,13.6749],[108.3367,13.6747],[108.3367,13.6725],[108.3363,13.6721],[108.3357,13.673],[108.3361,13.6742],[108.3352,13.6752],[108.3348,13.6742],[108.3339,13.6747],[108.3342,13.6754],[108.3333,13.6758],[108.3337,13.6774],[108.3322,13.6792],[108.3306,13.6788],[108.3307,13.6777],[108.3291,13.6785],[108.328,13.6776],[108.3283,13.6768],[108.328,13.6766],[108.3251,13.6773],[108.324,13.6767],[108.3226,13.6777],[108.3222,13.6775],[108.3223,13.6767],[108.3216,13.6764],[108.3208,13.6768],[108.3193,13.6762],[108.3185,13.677],[108.3167,13.6762],[108.3152,13.6764]]]},"properties":{"code":"24013","name":"Pờ Tó","nameEn":"Po To","fullName":"Xã Pờ Tó","fullNameEn":"Po To Commune","codeName":"po_to","postalCode":"62208","postalCodePrefix":"","gisServerId":"diaphanhanhchinhcapxa_2025.2955","areaKm2":177.9},"id":"24013"},
{"type":"Feature","geometry":{"type":"Polygon","coordinates":[[[108.4801,13.6131],[108.4792,13.6116],[108.4779,13.6121],[108.4775,13.6138],[108.4759,13.615],[108.4755,13.616],[108.4747,13.6166],[108.4739,13.6187],[108.4728,13.6187],[108.4704,13.6117],[108.4704,13.6089],[108.4683,13.6075],[108.4672,13.6079],[108.4666,13.6071],[108.4655,13.6068],[108.4645,13.6037],[108.4641,13.601],[108.4647,13.5998],[108.4641,13.5976],[108.4631,13.5962],[108.4643,13.5949],[108.4645,13.592],[108.4653,13.5913],[108.4656,13.5903],[108.4651,13.589],[108.4653,13.5874],[108.465,13.5865],[108.4637,13.5858],[108.4626,13.5858],[108.4622,13.5852],[108.4603,13.5845],[108.4573,13.5849],[108.4569,13.5842],[108.4571,13.5826],[108.4551,13.5813],[108.4543,13.5795],[108.4541,13.5787],[108.4548,13.5769],[108.4539,13.5752],[108.4543,13.5748],[108.4531,13.5734],[108.452,13.5736],[108.4534,13.5712],[108.4539,13.5695],[108.4532,13.5689],[108.4519,13.5685],[108.4508,13.5674],[108.449,13.5668],[108.4481,13.5676],[108.4454,13.5646],[108.4441,13.5648],[108.4425,13.5642],[108.4428,13.5632],[108.4413,13.5627],[108.4396,13.5629],[108.4383,13.5626],[108.4377,13.5618],[108.4364,13.5627],[108.4346,13.5633],[108.4335,13.5643],[108.4331,13.564],[108.4328,13.5624],[108.4322,13.5622],[108.4321,13.5618],[108.4295,13.5617],[108.4285,13.5612],[108.4263,13.5626],[108.4241,13.561],[108.4228,13.5618],[108.4227,13.5639],[108.4211,13.5644],[108.4189,13.5625],[108.4186,13.5605],[108.4189,13.5591],[108.4183,13.559],[108.4151,13.5601],[108.4145,13.5591],[108.4131,13.5597],[108.4116,13.5589],[108.4109,13.5596],[108.4091,13.5596],[108.4066,13.5619],[108.4019,13.5616],[108.4012,13.5586],[108.4004,13.5575],[108.4,13.5572],[108.3988,13.5573],[108.398,13.556],[108.396,13.5544],[108.3964,13.5536],[108.3954,13.5475],[108.3944,13.5451],[108.3927,13.5448],[108.3921,13.5409],[108.3945,13.5407],[108.3995,13.539],[108.4145,13.5334],[108.4174,13.5315],[108.4187,13.5303],[108.4262,13.5257],[108.425,13.5239],[108.4253,13.5232],[108.4239,13.5228],[108.4243,13.5201],[108.4234,13.5186],[108.4232,13.5166],[108.4226,13.5165],[108.4224,13.5149],[108.4238,13.5147],[108.424,13.5132],[108.423,13.5123],[108.4224,13.5125],[108.4206,13.509],[108.4201,13.5093],[108.4193,13.5082],[108.4203,13.5075],[108.4198,13.5074],[108.4205,13.5064],[108.4198,13.5062],[108.4203,13.5043],[108.4181,13.5034],[108.4177,13.5012],[108.4188,13.5001],[108.417,13.4976],[108.4172,13.4974],[108.4168,13.4968],[108.4171,13.4953],[108.4162,13.4953],[108.4161,13.4937],[108.4153,13.4925],[108.4161,13.4916],[108.4166,13.4902],[108.4159,13.4892],[108.4153,13.4892],[108.4151,13.4861],[108.4143,13.486],[108.4149,13.4822],[108.4156,13.4808],[108.4163,13.4803],[108.4162,13.4794],[108.4168,13.4781],[108.4166,13.4776],[108.4149,13.4773],[108.4147,13.4765],[108.4138,13.4756],[108.4138,13.4746],[108.4149,13.4736],[108.4185,13.4735],[108.4201,13.4747],[108.4205,13.4743],[108.4209,13.4723],[108.4206,13.4717],[108.4198,13.4715],[108.4186,13.4716],[108.4175,13.4725],[108.4167,13.4727],[108.4159,13.472],[108.416,13.4707],[108.4148,13.4693],[108.4158,13.4685],[108.4159,13.4667],[108.4149,13.4655],[108.4142,13.4654],[108.4138,13.4646],[108.4121,13.4639],[108.413,13.4621],[108.4148,13.4607],[108.4149,13.4602],[108.4144,13.4599],[108.4153,13.4591],[108.4162,13.4557],[108.4175,13.4547],[108.4182,13.4549],[108.4196,13.4572],[108.4206,13.4578],[108.4231,13.4584],[108.4245,13.4579],[108.4248,13.457],[108.4247,13.4525],[108.4271,13.4479],[108.4267,13.444],[108.4275,13.443],[108.43,13.4427],[108.4306,13.447],[108.4314,13.4478],[108.4345,13.4476],[108.4368,13.4463],[108.4373,13.4441],[108.4369,13.4427],[108.4357,13.4421],[108.4331,13.4429],[108.4329,13.4411],[108.4313,13.4394],[108.431,13.4384],[108.4312,13.4357],[108.4298,13.433],[108.43,13.4309],[108.4317,13.4292],[108.437,13.429],[108.4376,13.4287],[108.4379,13.4279],[108.4376,13.4262],[108.4344,13.4248],[108.434,13.4234],[108.4347,13.4214],[108.4358,13.4208],[108.4381,13.4206],[108.4408,13.4195],[108.4415,13.4196],[108.4427,13.4207],[108.443,13.4249],[108.4446,13.4258],[108.4463,13.4255],[108.4472,13.4245],[108.4478,13.4205],[108.4487,13.4191],[108.4505,13.4184],[108.4542,13.419],[108.4553,13.4183],[108.4555,13.4175],[108.4549,13.4164],[108.4544,13.4136],[108.4575,13.4089],[108.4591,13.4057],[108.4595,13.4054],[108.4635,13.4095],[108.4646,13.4125],[108.4638,13.4148],[108.4616,13.4182],[108.4603,13.424],[108.4604,13.4275],[108.4632,13.4325],[108.4657,13.436],[108.4661,13.4377],[108.466,13.4425],[108.4672,13.4467],[108.4691,13.451],[108.4722,13.455],[108.473,13.4576],[108.4723,13.4599],[108.4684,13.4671],[108.4667,13.4681],[108.4621,13.4689],[108.4602,13.4688],[108.4563,13.4695],[108.4547,13.4705],[108.4531,13.4723],[108.4525,13.4741],[108.4523,13.4765],[108.4526,13.4777],[108.4581,13.486],[108.4627,13.4882],[108.4641,13.4894],[108.4644,13.4905],[108.4637,13.4938],[108.4643,13.4987],[108.4656,13.5013],[108.4684,13.5101],[108.4756,13.5266],[108.4755,13.5303],[108.4743,13.5316],[108.4679,13.5346],[108.4634,13.5361],[108.4631,13.5372],[108.4635,13.5405],[108.464,13.5411],[108.4655,13.541],[108.4663,13.5413],[108.4669,13.5428],[108.4676,13.5473],[108.47,13.5515],[108.4727,13.5533],[108.4782,13.5556],[108.4828,13.5592],[108.484,13.5606],[108.4846,13.5626],[108.4851,13.5632],[108.4892,13.5637],[108.49,13.5645],[108.4905,13.5667],[108.4898,13.5683],[108.4861,13.57],[108.4826,13.5704],[108.4818,13.571],[108.4813,13.5723],[108.4814,13.5766],[108.4817,13.5776],[108.4836,13.5792],[108.484,13.581],[108.4885,13.5848],[108.4918,13.5869],[108.4919,13.5885],[108.4894,13.5944],[108.4896,13.5958],[108.4936,13.6029],[108.4985,13.6093],[108.4965,13.6122],[108.4956,13.6126],[108.4949,13.6122],[108.4946,13.6129],[108.4934,13.6122],[108.4932,13.6125],[108.4928,13.6122],[108.4924,13.6123],[108.4923,13.612],[108.492,13.6126],[108.4922,13.6128],[108.4905,13.6141],[108.4906,13.6144],[108.49,13.6149],[108.488,13.6156],[108.4869,13.6152],[108.4862,13.6156],[108.4834,13.6149],[108.4816,13.6142],[108.4804,13.6129],[108.4801,13.6131]]]},"properties":{"code":"24022","name":"Ia Pa","nameEn":"Ia Pa","fullName":"Xã Ia Pa","fullNameEn":"Ia Pa Commune","codeName":"ia_pa","postalCode":"62215","postalCodePrefix":"","gisServerId":"diaphanhanhchinhcapxa_2025.2956","areaKm2":103.19},"id":"24022"},
{"type":"Feature","geometry":{"type":"Polygon","coordinates":[[[108.6673,13.5855],[108.6566,13.5898],[108.6554,13.5941],[108.6395,13.609],[108.6296,13.6081],[108.6174,13.6083],[108.6019,13.6117],[108.5755,13.6158],[108.5751,13.6161],[108.5753,13.6168],[108.575,13.6178],[108.5742,13.6184],[108.5742,13.6192],[108.5731,13.6219],[108.5713,13.6228],[108.5708,13.6245],[108.5683,13.6274],[108.5537,13.6302],[108.5447,13.6258],[108.5377,13.6254],[108.5222,13.6125],[108.5221,13.6138],[108.5205,13.6154],[108.5168,13.6133],[108.5154,13.6138],[108.5123,13.6126],[108.5008,13.6115],[108.4985,13.6093],[108.4936,13.6029],[108.4896,13.5958],[108.4894,13.5944],[108.4919,13.5885],[108.4918,13.5869],[108.4885,13.5848],[108.484,13.581],[108.4836,13.5792],[108.4817,13.5776],[108.4814,13.5766],[108.4813,13.5723],[108.4818,13.571],[108.4826,13.5704],[108.4861,13.57],[108.4898,13.5683],[108.4905,13.5667],[108.49,13.5645],[108.4892,13.5637],[108.4851,13.5632],[108.4846,13.5626],[108.484,13.5606],[108.4828,13.5592],[108.4782,13.5556],[108.4727,13.5533],[108.47,13.5515],[108.4676,13.5473],[108.4669,13.5428],[108.4663,13.5413],[108.4655,13.541],[108.464,13.5411],[108.4635,13.5405],[108.4631,13.5372],[108.4634,13.5361],[108.4679,13.5346],[108.4743,13.5316],[108.4755,13.5303],[108.4756,13.5266],[108.4684,13.5101],[108.4656,13.5013],[108.4643,13.4987],[108.4637,13.4938],[108.4644,13.4905],[108.4641,13.4894],[108.4627,13.4882],[108.4581,13.486],[108.4526,13.4777],[108.4523,13.4765],[108.4525,13.4741],[108.4531,13.4723],[108.4547,13.4705],[108.4563,13.4695],[108.4602,13.4688],[108.4621,13.4689],[108.4667,13.4681],[108.4684,13.4671],[108.4723,13.4599],[108.473,13.4576],[108.4722,13.455],[108.4691,13.451],[108.4672,13.4467],[108.466,13.4425],[108.4661,13.4377],[108.4657,13.436],[108.4632,13.4325],[108.4604,13.4275],[108.4603,13.424],[108.4616,13.4182],[108.4638,13.4148],[108.4646,13.4125],[108.4635,13.4095],[108.4595,13.4054],[108.4603,13.4048],[108.4598,13.4024],[108.4551,13.3986],[108.4543,13.3973],[108.4539,13.3935],[108.4541,13.3905],[108.4559,13.3876],[108.4578,13.3822],[108.4579,13.3812],[108.4599,13.3778],[108.4653,13.3724],[108.4672,13.3709],[108.4714,13.3684],[108.4815,13.3651],[108.4851,13.3631],[108.4866,13.3629],[108.4901,13.3638],[108.4924,13.3654],[108.4946,13.3692],[108.4947,13.3725],[108.4938,13.3752],[108.4929,13.3762],[108.4899,13.3778],[108.4847,13.3785],[108.4839,13.3794],[108.4836,13.3809],[108.4844,13.3825],[108.4859,13.3834],[108.4891,13.3834],[108.4935,13.3828],[108.4975,13.3804],[108.5018,13.3731],[108.5034,13.3729],[108.5063,13.3732],[108.5078,13.3725],[108.5105,13.3676],[108.5124,13.3615],[108.5138,13.3601],[108.5151,13.36],[108.516,13.3606],[108.5189,13.3663],[108.5205,13.3678],[108.5217,13.3683],[108.523,13.3679],[108.5243,13.3664],[108.5244,13.3624],[108.5258,13.3637],[108.5268,13.3655],[108.5274,13.3659],[108.5304,13.366],[108.5356,13.3684],[108.5362,13.3703],[108.5371,13.3711],[108.5374,13.372],[108.5401,13.3752],[108.5404,13.3777],[108.5419,13.3787],[108.5421,13.3793],[108.5431,13.3779],[108.5465,13.3783],[108.5471,13.3787],[108.5478,13.3811],[108.5507,13.3819],[108.5531,13.382],[108.5563,13.3869],[108.5582,13.3864],[108.5596,13.3883],[108.5606,13.3887],[108.561,13.3904],[108.5635,13.3937],[108.566,13.3947],[108.573,13.3994],[108.5746,13.403],[108.5766,13.4058],[108.5766,13.4092],[108.5787,13.4145],[108.5778,13.4171],[108.5791,13.4183],[108.5839,13.4202],[108.5855,13.4191],[108.5876,13.4191],[108.5903,13.4172],[108.5919,13.4189],[108.5934,13.4191],[108.5932,13.4225],[108.5952,13.4227],[108.5975,13.4219],[108.5985,13.4221],[108.6005,13.4207],[108.601,13.42],[108.6006,13.4184],[108.6059,13.4187],[108.6096,13.4179],[108.6123,13.42],[108.6151,13.4234],[108.6174,13.4243],[108.6184,13.424],[108.6186,13.4221],[108.6198,13.4209],[108.6203,13.4191],[108.6212,13.4189],[108.624,13.4201],[108.6267,13.4188],[108.6281,13.4194],[108.6293,13.4188],[108.6309,13.4186],[108.6318,13.4191],[108.6333,13.4226],[108.6335,13.4236],[108.6328,13.4251],[108.6332,13.4256],[108.6345,13.4261],[108.6363,13.4256],[108.6374,13.4241],[108.6387,13.4241],[108.6402,13.4246],[108.6421,13.4266],[108.6438,13.4309],[108.6453,13.432],[108.6462,13.432],[108.6492,13.429],[108.6505,13.4288],[108.652,13.4301],[108.6534,13.4313],[108.6529,13.4356],[108.6539,13.4385],[108.655,13.4398],[108.6562,13.44],[108.658,13.4397],[108.6608,13.4401],[108.663,13.4413],[108.6641,13.4424],[108.6662,13.4424],[108.668,13.4429],[108.6688,13.4427],[108.6706,13.4464],[108.673,13.4497],[108.6725,13.4514],[108.6758,13.4566],[108.6774,13.4576],[108.6781,13.4586],[108.6795,13.4593],[108.6847,13.461],[108.6854,13.462],[108.6859,13.464],[108.6867,13.4649],[108.6923,13.4652],[108.6949,13.4675],[108.6971,13.468],[108.6989,13.465],[108.7002,13.4648],[108.7024,13.4637],[108.7037,13.4637],[108.7082,13.4609],[108.7113,13.4607],[108.7121,13.461],[108.7128,13.4618],[108.7135,13.4638],[108.713,13.4649],[108.7131,13.4689],[108.7148,13.4705],[108.7154,13.4731],[108.7151,13.474],[108.7129,13.476],[108.7107,13.4761],[108.7097,13.4784],[108.7087,13.4794],[108.7078,13.4825],[108.7037,13.4849],[108.7029,13.4863],[108.7036,13.488],[108.7072,13.4913],[108.7086,13.4935],[108.7083,13.4958],[108.7088,13.4991],[108.7104,13.5],[108.7122,13.5004],[108.7131,13.5013],[108.7132,13.5053],[108.7123,13.5094],[108.7133,13.5106],[108.7131,13.5121],[108.7137,13.5134],[108.7137,13.5167],[108.7145,13.5182],[108.7175,13.5185],[108.7187,13.5182],[108.7235,13.5194],[108.7274,13.5195],[108.728,13.5208],[108.7274,13.5235],[108.7306,13.5252],[108.7314,13.5268],[108.7331,13.5288],[108.7335,13.5322],[108.7348,13.537],[108.7341,13.5379],[108.733,13.5381],[108.7322,13.5397],[108.7338,13.5417],[108.7358,13.5488],[108.7375,13.5504],[108.7396,13.5515],[108.7391,13.5568],[108.7416,13.5569],[108.7252,13.577],[108.7104,13.5772],[108.6957,13.5833],[108.6673,13.5855]]]},"properties":{"code":"24028","name":"Ia Tul","nameEn":"Ia Tul","fullName":"Xã Ia Tul","fullNameEn":"Ia Tul Commune","codeName":"ia_tul","postalCode":"62212","postalCodePrefix":"","gisServerId":"diaphanhanhchinhcapxa_2025.2964","areaKm2":587.51},"id":"24028"},
{"type":"Feature","geometry":{"type":"Polygon","coordinates":[[[108.396,13.5544],[108.3957,13.5549],[108.3963,13.5608],[108.3958,13.5615],[108.3962,13.5633],[108.3959,13.5641],[108.395,13.5649],[108.393,13.5654],[108.3912,13.5681],[108.3877,13.5699],[108.3872,13.571],[108.3878,13.5725],[108.3876,13.576],[108.3885,13.5762],[108.3889,13.5767],[108.3896,13.5795],[108.3896,13.5835],[108.387,13.5842],[108.387,13.5857],[108.3858,13.5869],[108.3862,13.5877],[108.3883,13.588],[108.388,13.589],[108.3866,13.5897],[108.3873,13.5905],[108.3862,13.5912],[108.3883,13.5928],[108.3877,13.5948],[108.3878,13.5959],[108.3865,13.5956],[108.3861,13.5963],[108.3866,13.5964],[108.3862,13.5972],[108.387,13.5977],[108.3865,13.5988],[108.3841,13.6008],[108.3829,13.6006],[108.3807,13.6016],[108.3788,13.6015],[108.3758,13.6025],[108.3753,13.6021],[108.3732,13.6034],[108.3715,13.6035],[108.3716,13.6044],[108.371,13.6047],[108.371,13.6044],[108.3683,13.6049],[108.3678,13.6052],[108.3679,13.6058],[108.3665,13.6055],[108.3664,13.6066],[108.3635,13.6067],[108.3638,13.6076],[108.3624,13.6077],[108.3594,13.6093],[108.3568,13.6087],[108.3543,13.6091],[108.3537,13.6096],[108.3505,13.6098],[108.3471,13.6095],[108.3469,13.6088],[108.3448,13.6078],[108.3418,13.6085],[108.3413,13.607],[108.3422,13.6064],[108.3424,13.6057],[108.3419,13.6037],[108.3408,13.6029],[108.3411,13.601],[108.3406,13.5994],[108.3409,13.5991],[108.3411,13.596],[108.3405,13.596],[108.3406,13.5945],[108.3398,13.5942],[108.3399,13.5925],[108.3403,13.5925],[108.3408,13.5919],[108.3407,13.5915],[108.3394,13.591],[108.3399,13.5904],[108.3393,13.59],[108.3399,13.5883],[108.3392,13.5882],[108.3388,13.5867],[108.3394,13.5851],[108.3376,13.5844],[108.3357,13.5847],[108.3352,13.5852],[108.3328,13.585],[108.3321,13.5844],[108.3281,13.5837],[108.3278,13.5815],[108.3266,13.5809],[108.3259,13.5798],[108.323,13.5792],[108.3214,13.5769],[108.3212,13.5753],[108.3206,13.5752],[108.3191,13.5729],[108.319,13.571],[108.3196,13.5685],[108.3199,13.5621],[108.3167,13.5569],[108.317,13.5567],[108.315,13.5538],[108.3142,13.5467],[108.3134,13.5454],[108.3129,13.542],[108.3114,13.5408],[108.3076,13.5396],[108.3069,13.5387],[108.3052,13.5393],[108.3032,13.5388],[108.3032,13.5371],[108.3026,13.5352],[108.3015,13.5357],[108.3004,13.5335],[108.3001,13.5337],[108.2981,13.5218],[108.3,13.5185],[108.3024,13.5176],[108.3013,13.5154],[108.2969,13.5131],[108.2942,13.5098],[108.2929,13.5101],[108.2913,13.5124],[108.2896,13.5126],[108.2877,13.5123],[108.2871,13.5118],[108.2862,13.5098],[108.286,13.5074],[108.2853,13.505],[108.2837,13.5046],[108.2823,13.506],[108.2814,13.5062],[108.2798,13.5058],[108.2795,13.5047],[108.2762,13.5033],[108.2737,13.4987],[108.2728,13.4989],[108.2722,13.4982],[108.2715,13.4982],[108.2711,13.497],[108.2693,13.495],[108.2684,13.4946],[108.2668,13.4909],[108.2641,13.4897],[108.2642,13.488],[108.2636,13.4874],[108.2625,13.4875],[108.2623,13.4867],[108.2608,13.4876],[108.2603,13.487],[108.2601,13.4875],[108.259,13.487],[108.2576,13.4846],[108.2568,13.484],[108.2571,13.4833],[108.2542,13.4824],[108.2535,13.4805],[108.2513,13.4798],[108.2486,13.4797],[108.2471,13.479],[108.2451,13.4792],[108.2437,13.4784],[108.24,13.4785],[108.2381,13.4775],[108.2359,13.4775],[108.2327,13.4757],[108.2319,13.4745],[108.2285,13.4747],[108.2271,13.472],[108.2253,13.4707],[108.2241,13.4706],[108.2231,13.47],[108.2228,13.4692],[108.2233,13.468],[108.2233,13.4663],[108.2211,13.465],[108.2178,13.4618],[108.2158,13.4613],[108.2134,13.4615],[108.2129,13.4607],[108.2127,13.4591],[108.2094,13.457],[108.2072,13.4548],[108.2039,13.4531],[108.2021,13.4518],[108.2043,13.4496],[108.2077,13.4493],[108.2115,13.4475],[108.2127,13.4481],[108.2142,13.4478],[108.2159,13.4486],[108.2165,13.4462],[108.216,13.4455],[108.2174,13.4421],[108.2173,13.4403],[108.2177,13.4393],[108.2173,13.4374],[108.2181,13.4348],[108.218,13.4325],[108.2183,13.432],[108.2202,13.4322],[108.2208,13.4286],[108.2232,13.4254],[108.2239,13.4236],[108.2206,13.4196],[108.2211,13.4189],[108.2213,13.4169],[108.2209,13.4165],[108.2207,13.415],[108.2254,13.4096],[108.2245,13.4095],[108.2239,13.4086],[108.2223,13.4079],[108.2225,13.4061],[108.2231,13.4051],[108.223,13.4039],[108.224,13.4028],[108.2237,13.4003],[108.2243,13.3985],[108.2256,13.3981],[108.2259,13.3973],[108.2247,13.3967],[108.224,13.3951],[108.2242,13.3916],[108.2233,13.3913],[108.2228,13.3896],[108.2208,13.3875],[108.2189,13.3865],[108.2169,13.3869],[108.2139,13.3868],[108.2128,13.3865],[108.2104,13.3872],[108.2097,13.3861],[108.2087,13.386],[108.2092,13.3812],[108.2089,13.3799],[108.2092,13.3766],[108.2131,13.3682],[108.2202,13.3725],[108.2206,13.3718],[108.2223,13.371],[108.2275,13.3701],[108.2316,13.3716],[108.2348,13.3716],[108.2358,13.3709],[108.2376,13.3736],[108.2388,13.3728],[108.2395,13.3708],[108.2416,13.3691],[108.2425,13.3679],[108.247,13.3695],[108.2495,13.3681],[108.253,13.3696],[108.2543,13.3691],[108.2557,13.3697],[108.257,13.3696],[108.2578,13.3685],[108.2581,13.369],[108.2584,13.3687],[108.2587,13.3697],[108.2591,13.3693],[108.2597,13.3694],[108.2636,13.3722],[108.2639,13.3724],[108.2638,13.3729],[108.2643,13.3738],[108.2653,13.3741],[108.2653,13.375],[108.2674,13.3765],[108.2681,13.3784],[108.2693,13.3801],[108.2695,13.3812],[108.27,13.3816],[108.2714,13.3814],[108.2701,13.3836],[108.2701,13.3852],[108.2718,13.3866],[108.2716,13.388],[108.2698,13.3893],[108.2692,13.3912],[108.2675,13.3921],[108.2672,13.3936],[108.2655,13.3962],[108.266,13.3979],[108.2668,13.3986],[108.2662,13.401],[108.2672,13.4025],[108.2682,13.4021],[108.2699,13.4024],[108.2721,13.404],[108.2723,13.4051],[108.2736,13.4047],[108.2743,13.4049],[108.2752,13.4056],[108.276,13.4083],[108.2765,13.408],[108.2776,13.4082],[108.2784,13.4091],[108.2796,13.4098],[108.2801,13.4082],[108.2814,13.4067],[108.2823,13.4073],[108.2834,13.4091],[108.2862,13.4111],[108.2894,13.4117],[108.2897,13.4129],[108.291,13.4135],[108.2946,13.4138],[108.2951,13.4143],[108.2949,13.4157],[108.2957,13.4169],[108.2973,13.4177],[108.297,13.4185],[108.299,13.4193],[108.2985,13.4199],[108.2992,13.4212],[108.301,13.422],[108.3025,13.4235],[108.3081,13.4268],[108.3085,13.4288],[108.3084,13.4305],[108.3097,13.4321],[108.3125,13.4334],[108.3121,13.4345],[108.3141,13.4358],[108.3188,13.4377],[108.3183,13.4388],[108.3186,13.4419],[108.3213,13.4446],[108.3209,13.4471],[108.3213,13.448],[108.3228,13.4502],[108.3243,13.4507],[108.3261,13.4526],[108.3265,13.4539],[108.3278,13.4547],[108.3283,13.456],[108.3283,13.4569],[108.3289,13.457],[108.3295,13.4578],[108.3301,13.4607],[108.3306,13.4609],[108.3317,13.463],[108.3322,13.4627],[108.3329,13.463],[108.3333,13.4626],[108.334,13.459],[108.3364,13.4601],[108.3404,13.4599],[108.3454,13.4625],[108.3496,13.467],[108.3508,13.4676],[108.3521,13.4694],[108.3514,13.4697],[108.3516,13.4707],[108.3529,13.4723],[108.354,13.4719],[108.3557,13.4722],[108.3574,13.4738],[108.3588,13.4743],[108.3598,13.474],[108.3575,13.4794],[108.3597,13.4797],[108.3598,13.4802],[108.361,13.4803],[108.3613,13.4807],[108.3628,13.4807],[108.3632,13.48],[108.3647,13.4801],[108.3653,13.4795],[108.3668,13.4796],[108.3659,13.4818],[108.3731,13.4822],[108.3746,13.4828],[108.3745,13.4831],[108.3756,13.4837],[108.378,13.4799],[108.3794,13.4799],[108.3803,13.4808],[108.3813,13.4806],[108.3877,13.4818],[108.3898,13.4859],[108.3913,13.487],[108.3922,13.4869],[108.393,13.4859],[108.3929,13.4844],[108.3912,13.4807],[108.39,13.48],[108.3864,13.4794],[108.3856,13.4784],[108.3854,13.4773],[108.3857,13.476],[108.387,13.4738],[108.389,13.4714],[108.3941,13.4698],[108.3948,13.4693],[108.3958,13.463],[108.3968,13.461],[108.3977,13.4606],[108.3989,13.4611],[108.3996,13.4622],[108.3988,13.464],[108.3989,13.465],[108.4015,13.4658],[108.4036,13.4645],[108.4052,13.4626],[108.405,13.4612],[108.4034,13.4593],[108.4035,13.4583],[108.404,13.4578],[108.405,13.4575],[108.4062,13.458],[108.4084,13.4607],[108.4109,13.4603],[108.4127,13.4605],[108.4144,13.4599],[108.4149,13.4602],[108.4148,13.4607],[108.413,13.4621],[108.4121,13.4639],[108.4138,13.4646],[108.4142,13.4654],[108.4149,13.4655],[108.4159,13.4667],[108.4158,13.4685],[108.4148,13.4693],[108.416,13.4707],[108.4159,13.472],[108.4167,13.4727],[108.4175,13.4725],[108.4186,13.4716],[108.4198,13.4715],[108.4206,13.4717],[108.4209,13.4723],[108.4205,13.4743],[108.4201,13.4747],[108.4185,13.4735],[108.4149,13.4736],[108.4138,13.4746],[108.4138,13.4756],[108.4147,13.4765],[108.4149,13.4773],[108.4166,13.4776],[108.4168,13.4781],[108.4162,13.4794],[108.4163,13.4803],[108.4156,13.4808],[108.4149,13.4822],[108.4143,13.486],[108.4151,13.4861],[108.4153,13.4892],[108.4159,13.4892],[108.4166,13.4902],[108.4161,13.4916],[108.4153,13.4925],[108.4161,13.4937],[108.4162,13.4953],[108.4171,13.4953],[108.4168,13.4968],[108.4172,13.4974],[108.417,13.4976],[108.4188,13.5001],[108.4177,13.5012],[108.4181,13.5034],[108.4203,13.5043],[108.4198,13.5062],[108.4205,13.5064],[108.4198,13.5074],[108.4203,13.5075],[108.4193,13.5082],[108.4201,13.5093],[108.4206,13.509],[108.4224,13.5125],[108.423,13.5123],[108.424,13.5132],[108.4238,13.5147],[108.4224,13.5149],[108.4226,13.5165],[108.4232,13.5166],[108.4234,13.5186],[108.4243,13.5201],[108.4239,13.5228],[108.4253,13.5232],[108.425,13.5239],[108.4262,13.5257],[108.4187,13.5303],[108.4174,13.5315],[108.4145,13.5334],[108.3995,13.539],[108.3945,13.5407],[108.3921,13.5409],[108.3927,13.5448],[108.3944,13.5451],[108.3954,13.5475],[108.3964,13.5536],[108.396,13.5544]]]},"properties":{"code":"24043","name":"Phú Thiện","nameEn":"Phu Thien","fullName":"Xã Phú Thiện","fullNameEn":"Phu Thien Commune","codeName":"phu_thien","postalCode":"61706","postalCodePrefix":"","gisServerId":"diaphanhanhchinhcapxa_2025.2957","areaKm2":262.87},"id":"24043"},
{"type":"Feature","geometry":{"type":"Polygon","coordinates":[[[108.4313,13.4394],[108.4301,13.4407],[108.4295,13.4405],[108.4294,13.4391],[108.429,13.439],[108.4281,13.4395],[108.4272,13.4389],[108.4271,13.4395],[108.4263,13.4398],[108.427,13.4401],[108.4265,13.4407],[108.425,13.4399],[108.4244,13.4386],[108.4245,13.4371],[108.4237,13.4332],[108.4229,13.4321],[108.4233,13.4317],[108.4231,13.4311],[108.4224,13.4303],[108.4206,13.4295],[108.4199,13.4283],[108.42,13.427],[108.4186,13.4268],[108.4184,13.4257],[108.4165,13.425],[108.416,13.4229],[108.4166,13.4224],[108.4154,13.4201],[108.4138,13.4196],[108.4118,13.4205],[108.4113,13.4186],[108.4104,13.4178],[108.4093,13.4148],[108.4086,13.4145],[108.4087,13.4139],[108.4076,13.4118],[108.4079,13.4116],[108.4074,13.4093],[108.4104,13.4099],[108.4138,13.4114],[108.4165,13.4088],[108.4158,13.4028],[108.4164,13.4008],[108.4205,13.4013],[108.4197,13.4007],[108.4184,13.4007],[108.4188,13.3987],[108.4198,13.3985],[108.4214,13.3997],[108.4221,13.3991],[108.4226,13.3991],[108.4228,13.3986],[108.4239,13.3986],[108.4245,13.3982],[108.4261,13.3983],[108.4285,13.3948],[108.4301,13.3954],[108.432,13.392],[108.4345,13.3928],[108.4349,13.3919],[108.4344,13.3912],[108.4347,13.3908],[108.436,13.3912],[108.4364,13.39],[108.4387,13.3901],[108.4404,13.3898],[108.4406,13.3895],[108.4443,13.3891],[108.444,13.3885],[108.4443,13.3879],[108.4443,13.3827],[108.4476,13.3807],[108.4494,13.3814],[108.4499,13.3819],[108.4498,13.383],[108.4475,13.3845],[108.4471,13.3855],[108.4479,13.3862],[108.4507,13.3865],[108.4567,13.3825],[108.4578,13.3822],[108.4559,13.3876],[108.4541,13.3905],[108.4539,13.3935],[108.4543,13.3973],[108.4551,13.3986],[108.4598,13.4024],[108.4603,13.4048],[108.4595,13.4054],[108.4591,13.4057],[108.4575,13.4089],[108.4544,13.4136],[108.4549,13.4164],[108.4555,13.4175],[108.4553,13.4183],[108.4542,13.419],[108.4505,13.4184],[108.4487,13.4191],[108.4478,13.4205],[108.4472,13.4245],[108.4463,13.4255],[108.4446,13.4258],[108.443,13.4249],[108.4427,13.4207],[108.4415,13.4196],[108.4408,13.4195],[108.4381,13.4206],[108.4358,13.4208],[108.4347,13.4214],[108.434,13.4234],[108.4344,13.4248],[108.4376,13.4262],[108.4379,13.4279],[108.4376,13.4287],[108.437,13.429],[108.4317,13.4292],[108.43,13.4309],[108.4298,13.433],[108.4312,13.4357],[108.431,13.4384],[108.4313,13.4394]]]},"properties":{"code":"24044","name":"Ayun Pa","nameEn":"Ayun Pa","fullName":"Phường Ayun Pa","fullNameEn":"Ayun Pa Ward","codeName":"ayun_pa","postalCode":"62014","postalCodePrefix":"","gisServerId":"diaphanhanhchinhcapxa_2025.2959","areaKm2":17.61},"id":"24044"},
{"type":"Feature","geometry":{"type":"Polygon","coordinates":[[[108.2826,13.6619],[108.2809,13.663],[108.2775,13.664],[108.2756,13.6664],[108.276,13.664],[108.2752,13.6605],[108.2764,13.659],[108.2758,13.6584],[108.2764,13.658],[108.2758,13.6571],[108.276,13.6563],[108.2756,13.6561],[108.2761,13.6552],[108.2772,13.6541],[108.2758,13.6541],[108.2769,13.6532],[108.276,13.6526],[108.276,13.6521],[108.2753,13.6513],[108.2768,13.6504],[108.2786,13.6502],[108.2779,13.6495],[108.2781,13.649],[108.2767,13.6487],[108.2768,13.648],[108.2765,13.6479],[108.2767,13.6467],[108.277,13.6467],[108.2773,13.6429],[108.269,13.6373],[108.2678,13.6344],[108.2681,13.6321],[108.2668,13.6244],[108.2544,13.6092],[108.2508,13.6028],[108.244,13.5953],[108.2437,13.5956],[108.2435,13.5954],[108.2428,13.5921],[108.2358,13.5858],[108.2353,13.5847],[108.2346,13.5845],[108.2356,13.5838],[108.2353,13.5826],[108.2339,13.5815],[108.2332,13.5814],[108.2335,13.5807],[108.2331,13.5805],[108.2329,13.5792],[108.232,13.5794],[108.2325,13.5761],[108.2322,13.5745],[108.2325,13.5732],[108.2326,13.5726],[108.2334,13.5727],[108.2343,13.5722],[108.2341,13.5709],[108.2347,13.5705],[108.2346,13.5695],[108.2353,13.5683],[108.2356,13.5647],[108.2351,13.5627],[108.2363,13.5627],[108.2365,13.5618],[108.2358,13.5615],[108.2363,13.5609],[108.2365,13.5583],[108.2361,13.5569],[108.2355,13.5563],[108.2368,13.5548],[108.236,13.555],[108.2357,13.5541],[108.2357,13.5491],[108.2348,13.5474],[108.2346,13.5461],[108.2331,13.5454],[108.2337,13.5422],[108.2336,13.5412],[108.233,13.5404],[108.2341,13.539],[108.2332,13.5371],[108.2329,13.5354],[108.2325,13.5335],[108.2334,13.5324],[108.2328,13.5322],[108.233,13.5316],[108.2334,13.5318],[108.2339,13.5306],[108.2332,13.5304],[108.2324,13.5286],[108.2333,13.5267],[108.2343,13.5263],[108.2333,13.5248],[108.2337,13.524],[108.2334,13.5227],[108.2343,13.5213],[108.2335,13.5207],[108.2331,13.5196],[108.2333,13.5189],[108.234,13.5185],[108.2341,13.5176],[108.2338,13.5163],[108.2332,13.5158],[108.2333,13.5144],[108.2329,13.5137],[108.2335,13.5137],[108.2335,13.5131],[108.2331,13.5128],[108.2334,13.5119],[108.2341,13.512],[108.2341,13.51],[108.2336,13.5095],[108.2341,13.5091],[108.2336,13.5068],[108.234,13.5068],[108.2339,13.5056],[108.2344,13.5049],[108.2339,13.5043],[108.2349,13.503],[108.233,13.4991],[108.2336,13.497],[108.2337,13.4928],[108.2347,13.4907],[108.2342,13.4903],[108.2349,13.4885],[108.2361,13.4879],[108.2362,13.4875],[108.2351,13.4869],[108.2349,13.4859],[108.2342,13.4855],[108.2337,13.4843],[108.2337,13.4835],[108.2342,13.4834],[108.2339,13.4821],[108.2348,13.4811],[108.2351,13.48],[108.2341,13.4791],[108.2351,13.4786],[108.2356,13.4778],[108.233,13.4766],[108.2319,13.4745],[108.2327,13.4757],[108.2359,13.4775],[108.2381,13.4775],[108.24,13.4785],[108.2437,13.4784],[108.2451,13.4792],[108.2471,13.479],[108.2486,13.4797],[108.2513,13.4798],[108.2535,13.4805],[108.2542,13.4824],[108.2571,13.4833],[108.2568,13.484],[108.2576,13.4846],[108.259,13.487],[108.2601,13.4875],[108.2603,13.487],[108.2608,13.4876],[108.2623,13.4867],[108.2625,13.4875],[108.2636,13.4874],[108.2642,13.488],[108.2641,13.4897],[108.2668,13.4909],[108.2684,13.4946],[108.2693,13.495],[108.2711,13.497],[108.2715,13.4982],[108.2722,13.4982],[108.2728,13.4989],[108.2737,13.4987],[108.2762,13.5033],[108.2795,13.5047],[108.2798,13.5058],[108.2814,13.5062],[108.2823,13.506],[108.2837,13.5046],[108.2853,13.505],[108.286,13.5074],[108.2862,13.5098],[108.2871,13.5118],[108.2877,13.5123],[108.2896,13.5126],[108.2913,13.5124],[108.2929,13.5101],[108.2942,13.5098],[108.2969,13.5131],[108.3013,13.5154],[108.3024,13.5176],[108.3,13.5185],[108.2981,13.5218],[108.3001,13.5337],[108.3004,13.5335],[108.3015,13.5357],[108.3026,13.5352],[108.3032,13.5371],[108.3032,13.5388],[108.3052,13.5393],[108.3069,13.5387],[108.3076,13.5396],[108.3114,13.5408],[108.3129,13.542],[108.3134,13.5454],[108.3142,13.5467],[108.315,13.5538],[108.317,13.5567],[108.3167,13.5569],[108.3199,13.5621],[108.3196,13.5685],[108.319,13.571],[108.3191,13.5729],[108.3206,13.5752],[108.3212,13.5753],[108.3214,13.5769],[108.323,13.5792],[108.3259,13.5798],[108.3266,13.5809],[108.3278,13.5815],[108.3281,13.5837],[108.3321,13.5844],[108.3328,13.585],[108.3352,13.5852],[108.3357,13.5847],[108.3376,13.5844],[108.3394,13.5851],[108.3388,13.5867],[108.3392,13.5882],[108.3399,13.5883],[108.3393,13.59],[108.3399,13.5904],[108.3394,13.591],[108.3407,13.5915],[108.3408,13.5919],[108.3403,13.5925],[108.3399,13.5925],[108.3398,13.5942],[108.3406,13.5945],[108.3405,13.596],[108.3411,13.596],[108.3409,13.5991],[108.3406,13.5994],[108.3411,13.601],[108.3408,13.6029],[108.3419,13.6037],[108.3424,13.6057],[108.3422,13.6064],[108.3413,13.607],[108.3418,13.6085],[108.3382,13.6108],[108.3378,13.6105],[108.3365,13.611],[108.3368,13.6119],[108.3356,13.6121],[108.3346,13.6128],[108.3337,13.6126],[108.3331,13.6134],[108.3326,13.6132],[108.3325,13.6142],[108.3307,13.6142],[108.3303,13.6154],[108.3286,13.6163],[108.3274,13.6165],[108.3274,13.6168],[108.327,13.6168],[108.3271,13.6171],[108.3249,13.6169],[108.3249,13.6176],[108.3241,13.6179],[108.3235,13.6188],[108.3229,13.6191],[108.3213,13.6185],[108.321,13.6187],[108.321,13.6218],[108.3173,13.6265],[108.3152,13.6283],[108.3144,13.6299],[108.313,13.6303],[108.3121,13.6319],[108.3101,13.6334],[108.3099,13.635],[108.3094,13.635],[108.3079,13.6365],[108.3081,13.6368],[108.307,13.6369],[108.3045,13.6397],[108.3017,13.6409],[108.3018,13.6412],[108.2962,13.6444],[108.2949,13.6441],[108.294,13.6468],[108.2921,13.6465],[108.2917,13.6475],[108.2898,13.6476],[108.2888,13.6484],[108.2883,13.6501],[108.2875,13.6507],[108.2867,13.6508],[108.2865,13.6513],[108.2865,13.6518],[108.2874,13.6534],[108.2874,13.6547],[108.2863,13.6557],[108.2853,13.6559],[108.2857,13.6572],[108.2854,13.6588],[108.2849,13.659],[108.284,13.6608],[108.2825,13.6614],[108.2826,13.6619]]]},"properties":{"code":"24049","name":"Chư A Thai","nameEn":"Chu A Thai","fullName":"Xã Chư A Thai","fullNameEn":"Chu A Thai Commune","codeName":"chu_a_thai","postalCode":"61707","postalCodePrefix":"","gisServerId":"diaphanhanhchinhcapxa_2025.2958","areaKm2":133.92},"id":"24049"},
{"type":"Feature","geometry":{"type":"Polygon","coordinates":[[[108.4144,13.4599],[108.4127,13.4605],[108.4109,13.4603],[108.4084,13.4607],[108.4062,13.458],[108.405,13.4575],[108.404,13.4578],[108.4035,13.4583],[108.4034,13.4593],[108.405,13.4612],[108.4052,13.4626],[108.4036,13.4645],[108.4015,13.4658],[108.3989,13.465],[108.3988,13.464],[108.3996,13.4622],[108.3989,13.4611],[108.3977,13.4606],[108.3968,13.461],[108.3958,13.463],[108.3948,13.4693],[108.3941,13.4698],[108.389,13.4714],[108.387,13.4738],[108.3857,13.476],[108.3854,13.4773],[108.3856,13.4784],[108.3864,13.4794],[108.39,13.48],[108.3912,13.4807],[108.3929,13.4844],[108.393,13.4859],[108.3922,13.4869],[108.3913,13.487],[108.3898,13.4859],[108.3877,13.4818],[108.3813,13.4806],[108.3803,13.4808],[108.3794,13.4799],[108.378,13.4799],[108.3756,13.4837],[108.3745,13.4831],[108.3746,13.4828],[108.3731,13.4822],[108.3659,13.4818],[108.3668,13.4796],[108.3653,13.4795],[108.3647,13.4801],[108.3632,13.48],[108.3628,13.4807],[108.3613,13.4807],[108.361,13.4803],[108.3598,13.4802],[108.3597,13.4797],[108.3575,13.4794],[108.3598,13.474],[108.3588,13.4743],[108.3574,13.4738],[108.3557,13.4722],[108.354,13.4719],[108.3529,13.4723],[108.3516,13.4707],[108.3514,13.4697],[108.3521,13.4694],[108.3508,13.4676],[108.3496,13.467],[108.3454,13.4625],[108.3404,13.4599],[108.3364,13.4601],[108.334,13.459],[108.3333,13.4626],[108.3329,13.463],[108.3322,13.4627],[108.3317,13.463],[108.3306,13.4609],[108.3301,13.4607],[108.3295,13.4578],[108.3289,13.457],[108.3283,13.4569],[108.3283,13.456],[108.3278,13.4547],[108.3265,13.4539],[108.3261,13.4526],[108.3243,13.4507],[108.3228,13.4502],[108.3213,13.448],[108.3209,13.4471],[108.3213,13.4446],[108.3186,13.4419],[108.3183,13.4388],[108.3188,13.4377],[108.3141,13.4358],[108.3121,13.4345],[108.3125,13.4334],[108.3097,13.4321],[108.3084,13.4305],[108.3085,13.4288],[108.3081,13.4268],[108.3025,13.4235],[108.301,13.422],[108.2992,13.4212],[108.2985,13.4199],[108.299,13.4193],[108.297,13.4185],[108.2973,13.4177],[108.2957,13.4169],[108.2949,13.4157],[108.2951,13.4143],[108.2946,13.4138],[108.291,13.4135],[108.2897,13.4129],[108.2894,13.4117],[108.2862,13.4111],[108.2834,13.4091],[108.2823,13.4073],[108.2814,13.4067],[108.2801,13.4082],[108.2796,13.4098],[108.2784,13.4091],[108.2776,13.4082],[108.2765,13.408],[108.276,13.4083],[108.2752,13.4056],[108.2743,13.4049],[108.2736,13.4047],[108.2723,13.4051],[108.2721,13.404],[108.2699,13.4024],[108.2682,13.4021],[108.2672,13.4025],[108.2662,13.401],[108.2668,13.3986],[108.266,13.3979],[108.2655,13.3962],[108.2672,13.3936],[108.2675,13.3921],[108.2692,13.3912],[108.2698,13.3893],[108.2716,13.388],[108.2718,13.3866],[108.2701,13.3852],[108.2701,13.3836],[108.2714,13.3814],[108.27,13.3816],[108.2695,13.3812],[108.2693,13.3801],[108.2681,13.3784],[108.2674,13.3765],[108.2653,13.375],[108.2653,13.3741],[108.2643,13.3738],[108.2638,13.3729],[108.2639,13.3724],[108.2636,13.3722],[108.279,13.3621],[108.2802,13.3618],[108.2808,13.3608],[108.2817,13.3605],[108.287,13.3548],[108.2877,13.3535],[108.2874,13.3521],[108.2877,13.3511],[108.2886,13.3503],[108.2896,13.3513],[108.2919,13.352],[108.2929,13.3515],[108.2946,13.3518],[108.2956,13.351],[108.3126,13.3427],[108.3123,13.3448],[108.3113,13.3464],[108.3115,13.3477],[108.3106,13.3503],[108.3115,13.3537],[108.3119,13.3543],[108.3126,13.3538],[108.3143,13.3544],[108.3144,13.3549],[108.3152,13.3546],[108.3155,13.355],[108.3162,13.3549],[108.3162,13.3564],[108.3171,13.357],[108.3176,13.3583],[108.3203,13.3582],[108.3206,13.3587],[108.3216,13.3589],[108.3216,13.3598],[108.3221,13.3602],[108.3221,13.3613],[108.3229,13.3635],[108.322,13.3679],[108.3203,13.3716],[108.3211,13.3725],[108.3212,13.3733],[108.3218,13.3743],[108.3214,13.3753],[108.3215,13.3789],[108.3227,13.3824],[108.3227,13.3844],[108.3234,13.3854],[108.3236,13.3872],[108.3248,13.3902],[108.3248,13.3938],[108.326,13.3952],[108.3278,13.3951],[108.3301,13.3956],[108.3309,13.3964],[108.3313,13.3974],[108.3331,13.3984],[108.3335,13.4004],[108.3359,13.4065],[108.3359,13.4079],[108.3367,13.41],[108.3374,13.4104],[108.3375,13.4113],[108.3379,13.4118],[108.3406,13.4126],[108.3417,13.4125],[108.3424,13.4138],[108.3442,13.4139],[108.3475,13.4154],[108.3495,13.413],[108.3523,13.4124],[108.3558,13.4134],[108.3623,13.4131],[108.3654,13.4143],[108.3664,13.413],[108.3662,13.4122],[108.3654,13.4114],[108.3659,13.4105],[108.367,13.4102],[108.3693,13.4113],[108.3711,13.4107],[108.3724,13.4109],[108.374,13.4115],[108.3734,13.416],[108.3765,13.4171],[108.3785,13.4169],[108.3787,13.4177],[108.3794,13.418],[108.3823,13.4183],[108.3835,13.4175],[108.384,13.4165],[108.3841,13.4159],[108.3832,13.4145],[108.3846,13.4138],[108.3849,13.4126],[108.3855,13.4121],[108.3864,13.4132],[108.3862,13.4148],[108.3868,13.4153],[108.3875,13.4154],[108.3897,13.4149],[108.3923,13.4156],[108.3924,13.4164],[108.3914,13.4178],[108.3924,13.419],[108.3934,13.4189],[108.3933,13.4171],[108.3942,13.4171],[108.3947,13.4175],[108.3955,13.4173],[108.3958,13.4164],[108.3975,13.4167],[108.3979,13.4176],[108.3968,13.4211],[108.3973,13.4217],[108.3998,13.4216],[108.4005,13.4201],[108.4012,13.4196],[108.4017,13.4198],[108.4024,13.4219],[108.4035,13.4221],[108.4048,13.4211],[108.4052,13.4201],[108.4068,13.4185],[108.4118,13.4205],[108.4138,13.4196],[108.4154,13.4201],[108.4166,13.4224],[108.416,13.4229],[108.4165,13.425],[108.4184,13.4257],[108.4186,13.4268],[108.42,13.427],[108.4199,13.4283],[108.4206,13.4295],[108.4224,13.4303],[108.4231,13.4311],[108.4233,13.4317],[108.4229,13.4321],[108.4237,13.4332],[108.4245,13.4371],[108.4244,13.4386],[108.425,13.4399],[108.4265,13.4407],[108.427,13.4401],[108.4263,13.4398],[108.4271,13.4395],[108.4272,13.4389],[108.4281,13.4395],[108.429,13.439],[108.4294,13.4391],[108.4295,13.4405],[108.4301,13.4407],[108.4313,13.4394],[108.4329,13.4411],[108.4331,13.4429],[108.4357,13.4421],[108.4369,13.4427],[108.4373,13.4441],[108.4368,13.4463],[108.4345,13.4476],[108.4314,13.4478],[108.4306,13.447],[108.43,13.4427],[108.4275,13.443],[108.4267,13.444],[108.4271,13.4479],[108.4247,13.4525],[108.4248,13.457],[108.4245,13.4579],[108.4231,13.4584],[108.4206,13.4578],[108.4196,13.4572],[108.4182,13.4549],[108.4175,13.4547],[108.4162,13.4557],[108.4153,13.4591],[108.4144,13.4599]]]},"properties":{"code":"24061","name":"Ia Hiao","nameEn":"Ia Hiao","fullName":"Xã Ia Hiao","fullNameEn":"Ia Hiao Commune","codeName":"ia_hiao","postalCode":"61715","postalCodePrefix":"","gisServerId":"diaphanhanhchinhcapxa_2025.2960","areaKm2":108.38},"id":"24061"},
{"type":"Feature","geometry":{"type":"Polygon","coordinates":[[[108.4118,13.4205],[108.4068,13.4185],[108.4052,13.4201],[108.4048,13.4211],[108.4035,13.4221],[108.4024,13.4219],[108.4017,13.4198],[108.4012,13.4196],[108.4005,13.4201],[108.3998,13.4216],[108.3973,13.4217],[108.3968,13.4211],[108.3979,13.4176],[108.3975,13.4167],[108.3958,13.4164],[108.3955,13.4173],[108.3947,13.4175],[108.3942,13.4171],[108.3933,13.4171],[108.3934,13.4189],[108.3924,13.419],[108.3914,13.4178],[108.3924,13.4164],[108.3923,13.4156],[108.3897,13.4149],[108.3875,13.4154],[108.3868,13.4153],[108.3862,13.4148],[108.3864,13.4132],[108.3855,13.4121],[108.3849,13.4126],[108.3846,13.4138],[108.3832,13.4145],[108.3841,13.4159],[108.384,13.4165],[108.3835,13.4175],[108.3823,13.4183],[108.3794,13.418],[108.3787,13.4177],[108.3785,13.4169],[108.3765,13.4171],[108.3734,13.416],[108.374,13.4115],[108.3724,13.4109],[108.3711,13.4107],[108.3693,13.4113],[108.367,13.4102],[108.3659,13.4105],[108.3654,13.4114],[108.3662,13.4122],[108.3664,13.413],[108.3654,13.4143],[108.3623,13.4131],[108.3558,13.4134],[108.3523,13.4124],[108.3495,13.413],[108.3475,13.4154],[108.3442,13.4139],[108.3424,13.4138],[108.3417,13.4125],[108.3406,13.4126],[108.3379,13.4118],[108.3375,13.4113],[108.3374,13.4104],[108.3367,13.41],[108.3359,13.4079],[108.3359,13.4065],[108.3335,13.4004],[108.3331,13.3984],[108.3313,13.3974],[108.3309,13.3964],[108.3301,13.3956],[108.3278,13.3951],[108.326,13.3952],[108.3248,13.3938],[108.3248,13.3902],[108.3236,13.3872],[108.3234,13.3854],[108.3227,13.3844],[108.3227,13.3824],[108.3215,13.3789],[108.3214,13.3753],[108.3218,13.3743],[108.3212,13.3733],[108.3211,13.3725],[108.3203,13.3716],[108.322,13.3679],[108.3229,13.3635],[108.3221,13.3613],[108.3221,13.3602],[108.3216,13.3598],[108.3216,13.3589],[108.3206,13.3587],[108.3203,13.3582],[108.3176,13.3583],[108.3171,13.357],[108.3162,13.3564],[108.3162,13.3549],[108.3155,13.355],[108.3152,13.3546],[108.3144,13.3549],[108.3143,13.3544],[108.3126,13.3538],[108.3119,13.3543],[108.3115,13.3537],[108.3106,13.3503],[108.3115,13.3477],[108.3113,13.3464],[108.3123,13.3448],[108.3126,13.3427],[108.3209,13.3455],[108.3224,13.3447],[108.3244,13.3429],[108.3284,13.3429],[108.3309,13.34],[108.3345,13.3391],[108.337,13.3377],[108.3377,13.3377],[108.3391,13.3385],[108.3406,13.338],[108.3441,13.3381],[108.3458,13.3391],[108.3474,13.3389],[108.3452,13.334],[108.3455,13.3329],[108.3467,13.3321],[108.3493,13.3319],[108.3513,13.3303],[108.3525,13.3301],[108.3536,13.3291],[108.3541,13.3264],[108.3527,13.3239],[108.3548,13.3214],[108.3557,13.3155],[108.3568,13.3146],[108.3598,13.3148],[108.3614,13.3154],[108.3623,13.3148],[108.3641,13.3108],[108.3661,13.3106],[108.3672,13.3101],[108.3684,13.3075],[108.3714,13.3045],[108.3726,13.3024],[108.3712,13.3018],[108.3699,13.3022],[108.3693,13.3014],[108.3696,13.2997],[108.3706,13.2979],[108.3696,13.2966],[108.3696,13.2939],[108.3712,13.2919],[108.3731,13.2819],[108.374,13.28],[108.3723,13.2782],[108.3732,13.2777],[108.3736,13.2765],[108.3744,13.2755],[108.3735,13.2745],[108.3738,13.2728],[108.3732,13.2722],[108.3732,13.2713],[108.3718,13.2704],[108.3724,13.2687],[108.3722,13.2676],[108.374,13.2667],[108.3765,13.2672],[108.3795,13.265],[108.3832,13.2601],[108.384,13.2598],[108.3853,13.2584],[108.388,13.2568],[108.3891,13.2571],[108.3934,13.2558],[108.3981,13.2556],[108.3993,13.256],[108.3998,13.2574],[108.4016,13.2577],[108.4027,13.2593],[108.4034,13.2593],[108.405,13.2605],[108.4059,13.26],[108.4068,13.2587],[108.4079,13.2581],[108.4083,13.2567],[108.4095,13.256],[108.4095,13.2577],[108.4117,13.2582],[108.4147,13.2621],[108.4149,13.2642],[108.4144,13.2693],[108.4147,13.2741],[108.415,13.2747],[108.4162,13.2748],[108.4193,13.2766],[108.4196,13.2777],[108.4193,13.2802],[108.4207,13.2824],[108.421,13.2848],[108.4218,13.287],[108.4235,13.2889],[108.4243,13.2907],[108.4235,13.2951],[108.423,13.3019],[108.4223,13.3043],[108.4226,13.3098],[108.4222,13.3155],[108.423,13.3165],[108.4262,13.3185],[108.4283,13.3192],[108.4312,13.3192],[108.4344,13.3179],[108.437,13.3182],[108.437,13.3214],[108.436,13.3221],[108.4354,13.3239],[108.4347,13.324],[108.4335,13.3277],[108.4348,13.3309],[108.4347,13.3317],[108.4351,13.3318],[108.4353,13.3325],[108.4343,13.3344],[108.4347,13.3356],[108.4342,13.3367],[108.4341,13.3403],[108.4353,13.3421],[108.4358,13.3423],[108.4375,13.342],[108.4379,13.3425],[108.4368,13.3437],[108.4368,13.345],[108.436,13.3463],[108.436,13.347],[108.4383,13.3528],[108.4381,13.3542],[108.437,13.355],[108.4385,13.3606],[108.4374,13.3611],[108.4375,13.3616],[108.4382,13.3619],[108.4383,13.3635],[108.4389,13.3653],[108.4394,13.3773],[108.4401,13.3786],[108.4397,13.3796],[108.4397,13.3816],[108.4406,13.3825],[108.4427,13.3823],[108.4443,13.3827],[108.4443,13.3879],[108.444,13.3885],[108.4443,13.3891],[108.4406,13.3895],[108.4404,13.3898],[108.4387,13.3901],[108.4364,13.39],[108.436,13.3912],[108.4347,13.3908],[108.4344,13.3912],[108.4349,13.3919],[108.4345,13.3928],[108.432,13.392],[108.4301,13.3954],[108.4285,13.3948],[108.4261,13.3983],[108.4245,13.3982],[108.4239,13.3986],[108.4228,13.3986],[108.4226,13.3991],[108.4221,13.3991],[108.4214,13.3997],[108.4198,13.3985],[108.4188,13.3987],[108.4184,13.4007],[108.4197,13.4007],[108.4205,13.4013],[108.4164,13.4008],[108.4158,13.4028],[108.4165,13.4088],[108.4138,13.4114],[108.4104,13.4099],[108.4074,13.4093],[108.4079,13.4116],[108.4076,13.4118],[108.4087,13.4139],[108.4086,13.4145],[108.4093,13.4148],[108.4104,13.4178],[108.4113,13.4186],[108.4118,13.4205]]]},"properties":{"code":"24065","name":"Ia Rbol","nameEn":"Ia Rbol","fullName":"Xã Ia Rbol","fullNameEn":"Ia Rbol Commune","codeName":"ia_rbol","postalCode":"62011","postalCodePrefix":"","gisServerId":"diaphanhanhchinhcapxa_2025.2961","areaKm2":154.97},"id":"24065"},
{"type":"Feature","geometry":{"type":"Polygon","coordinates":[[[108.4378,13.1799],[108.4369,13.1875],[108.4554,13.1931],[108.4551,13.1997],[108.4581,13.2118],[108.4592,13.2116],[108.4597,13.2123],[108.4588,13.2145],[108.4589,13.2159],[108.4576,13.2182],[108.4564,13.2187],[108.4558,13.2194],[108.4553,13.2217],[108.4577,13.2269],[108.4622,13.2281],[108.463,13.2293],[108.4655,13.2307],[108.4666,13.2319],[108.4672,13.2329],[108.4674,13.2354],[108.4681,13.2371],[108.4663,13.2385],[108.4653,13.2414],[108.464,13.2425],[108.4629,13.2446],[108.462,13.2449],[108.4609,13.246],[108.4603,13.2478],[108.4631,13.2502],[108.463,13.2529],[108.4641,13.254],[108.4642,13.2577],[108.4636,13.259],[108.4637,13.2612],[108.4633,13.2624],[108.4599,13.265],[108.4604,13.2663],[108.4598,13.267],[108.46,13.2696],[108.4591,13.2698],[108.4577,13.2729],[108.4558,13.2735],[108.4537,13.2771],[108.457,13.2803],[108.4567,13.2822],[108.4557,13.2841],[108.4578,13.2853],[108.4598,13.2885],[108.4609,13.2886],[108.4622,13.2903],[108.4629,13.2906],[108.4637,13.2923],[108.4634,13.2932],[108.4635,13.2946],[108.467,13.2969],[108.469,13.2963],[108.4695,13.2977],[108.4708,13.2989],[108.4723,13.2986],[108.4723,13.2982],[108.4733,13.2988],[108.4736,13.2984],[108.4745,13.2993],[108.475,13.299],[108.4752,13.2998],[108.4766,13.2998],[108.4768,13.3002],[108.4788,13.3001],[108.4827,13.3012],[108.4834,13.3024],[108.4886,13.3199],[108.4936,13.3299],[108.4979,13.3346],[108.5028,13.3489],[108.504,13.3495],[108.5046,13.3487],[108.5066,13.3481],[108.5074,13.3471],[108.5144,13.3528],[108.5168,13.356],[108.5199,13.3581],[108.5208,13.358],[108.5216,13.3598],[108.5224,13.3596],[108.5244,13.3624],[108.5243,13.3664],[108.523,13.3679],[108.5217,13.3683],[108.5205,13.3678],[108.5189,13.3663],[108.516,13.3606],[108.5151,13.36],[108.5138,13.3601],[108.5124,13.3615],[108.5105,13.3676],[108.5078,13.3725],[108.5063,13.3732],[108.5034,13.3729],[108.5018,13.3731],[108.4975,13.3804],[108.4935,13.3828],[108.4891,13.3834],[108.4859,13.3834],[108.4844,13.3825],[108.4836,13.3809],[108.4839,13.3794],[108.4847,13.3785],[108.4899,13.3778],[108.4929,13.3762],[108.4938,13.3752],[108.4947,13.3725],[108.4946,13.3692],[108.4924,13.3654],[108.4901,13.3638],[108.4866,13.3629],[108.4851,13.3631],[108.4815,13.3651],[108.4714,13.3684],[108.4672,13.3709],[108.4653,13.3724],[108.4599,13.3778],[108.4579,13.3812],[108.4578,13.3822],[108.4567,13.3825],[108.4507,13.3865],[108.4479,13.3862],[108.4471,13.3855],[108.4475,13.3845],[108.4498,13.383],[108.4499,13.3819],[108.4494,13.3814],[108.4476,13.3807],[108.4443,13.3827],[108.4427,13.3823],[108.4406,13.3825],[108.4397,13.3816],[108.4397,13.3796],[108.4401,13.3786],[108.4394,13.3773],[108.4389,13.3653],[108.4383,13.3635],[108.4382,13.3619],[108.4375,13.3616],[108.4374,13.3611],[108.4385,13.3606],[108.437,13.355],[108.4381,13.3542],[108.4383,13.3528],[108.436,13.347],[108.436,13.3463],[108.4368,13.345],[108.4368,13.3437],[108.4379,13.3425],[108.4375,13.342],[108.4358,13.3423],[108.4353,13.3421],[108.4341,13.3403],[108.4342,13.3367],[108.4347,13.3356],[108.4343,13.3344],[108.4353,13.3325],[108.4351,13.3318],[108.4347,13.3317],[108.4348,13.3309],[108.4335,13.3277],[108.4347,13.324],[108.4354,13.3239],[108.436,13.3221],[108.437,13.3214],[108.437,13.3182],[108.4344,13.3179],[108.4312,13.3192],[108.4283,13.3192],[108.4262,13.3185],[108.423,13.3165],[108.4222,13.3155],[108.4226,13.3098],[108.4223,13.3043],[108.423,13.3019],[108.4235,13.2951],[108.4243,13.2907],[108.4235,13.2889],[108.4218,13.287],[108.421,13.2848],[108.4207,13.2824],[108.4193,13.2802],[108.4196,13.2777],[108.4193,13.2766],[108.4162,13.2748],[108.415,13.2747],[108.4147,13.2741],[108.4144,13.2693],[108.4149,13.2642],[108.4147,13.2621],[108.4117,13.2582],[108.4095,13.2577],[108.4095,13.256],[108.4103,13.2524],[108.4105,13.248],[108.4138,13.2463],[108.4178,13.2432],[108.4189,13.243],[108.42,13.2424],[108.4215,13.2404],[108.4212,13.2396],[108.419,13.2391],[108.4181,13.2385],[108.4175,13.2333],[108.4203,13.2309],[108.4201,13.2282],[108.4222,13.2274],[108.4224,13.227],[108.4219,13.2263],[108.4181,13.2244],[108.4163,13.2214],[108.4172,13.2197],[108.4172,13.2182],[108.4182,13.2171],[108.4176,13.2149],[108.4182,13.2134],[108.4199,13.2122],[108.4201,13.2114],[108.4216,13.2114],[108.4217,13.2098],[108.4212,13.2092],[108.4226,13.2075],[108.4218,13.2064],[108.4225,13.2053],[108.4229,13.2055],[108.4235,13.2047],[108.4225,13.2037],[108.4223,13.2028],[108.4234,13.1983],[108.4242,13.1972],[108.4257,13.1963],[108.4269,13.1941],[108.427,13.1922],[108.4291,13.1905],[108.4312,13.1866],[108.4335,13.1841],[108.4352,13.1833],[108.4363,13.1817],[108.4369,13.1801],[108.4378,13.1799]]]},"properties":{"code":"24073","name":"Ia Sao","nameEn":"Ia Sao","fullName":"Xã Ia Sao","fullNameEn":"Ia Sao Commune","codeName":"ia_sao","postalCode":"62012","postalCodePrefix":"","gisServerId":"diaphanhanhchinhcapxa_2025.2962","areaKm2":114.6},"id":"24073"},
{"type":"Feature","geometry":{"type":"Polygon","coordinates":[[[108.7601,13.1153],[108.7643,13.1174],[108.7667,13.1169],[108.7684,13.1172],[108.7692,13.119],[108.769,13.121],[108.7674,13.1228],[108.7619,13.1239],[108.7606,13.1248],[108.7608,13.132],[108.7614,13.1333],[108.7635,13.1351],[108.7671,13.1344],[108.7732,13.1357],[108.7773,13.1377],[108.7776,13.1382],[108.7774,13.1395],[108.7756,13.1449],[108.7759,13.1459],[108.7764,13.1466],[108.7788,13.147],[108.7808,13.1464],[108.7816,13.1455],[108.7827,13.1424],[108.7842,13.1415],[108.7865,13.1412],[108.7902,13.147],[108.7908,13.1473],[108.7916,13.1463],[108.7929,13.142],[108.7943,13.1411],[108.7958,13.1411],[108.7961,13.1415],[108.7966,13.145],[108.797,13.1488],[108.7966,13.1516],[108.7969,13.152],[108.8025,13.1519],[108.8036,13.1515],[108.8039,13.1505],[108.803,13.1478],[108.8038,13.1457],[108.8046,13.1455],[108.8059,13.147],[108.807,13.152],[108.8078,13.1536],[108.8091,13.1547],[108.8107,13.1551],[108.8123,13.1577],[108.8137,13.1589],[108.8151,13.1591],[108.8182,13.1571],[108.8205,13.1569],[108.8224,13.1535],[108.8234,13.1532],[108.8246,13.1547],[108.8245,13.1572],[108.8253,13.1601],[108.8254,13.162],[108.827,13.1637],[108.8298,13.1651],[108.8307,13.1651],[108.833,13.1637],[108.8338,13.1626],[108.8372,13.1615],[108.8397,13.1623],[108.8424,13.1645],[108.8423,13.166],[108.8391,13.1684],[108.8385,13.1704],[108.8397,13.1716],[108.8427,13.1736],[108.8443,13.176],[108.8445,13.1775],[108.8437,13.18],[108.8441,13.1811],[108.8454,13.1825],[108.846,13.1829],[108.8467,13.1826],[108.8484,13.1795],[108.8489,13.1795],[108.8495,13.1804],[108.8498,13.1818],[108.8497,13.1862],[108.8484,13.1893],[108.8487,13.1907],[108.8499,13.1917],[108.8534,13.1922],[108.8548,13.1931],[108.8551,13.1937],[108.8539,13.1962],[108.8509,13.1991],[108.8489,13.2005],[108.8476,13.2034],[108.8476,13.205],[108.8489,13.2065],[108.8505,13.2076],[108.8517,13.2103],[108.8514,13.2139],[108.8496,13.2159],[108.8497,13.2173],[108.8517,13.2184],[108.8533,13.218],[108.854,13.2183],[108.855,13.2195],[108.8547,13.221],[108.8564,13.2236],[108.8598,13.2237],[108.8624,13.2256],[108.8647,13.2253],[108.8704,13.2466],[108.8708,13.254],[108.8704,13.2576],[108.8681,13.2615],[108.8683,13.2633],[108.8695,13.2653],[108.8698,13.267],[108.8713,13.2681],[108.8711,13.2697],[108.8715,13.2708],[108.8711,13.2724],[108.8715,13.2768],[108.8719,13.2781],[108.8731,13.2798],[108.872,13.2813],[108.8719,13.2827],[108.869,13.2867],[108.8682,13.2886],[108.8667,13.289],[108.863,13.2872],[108.8614,13.2872],[108.86,13.2879],[108.8586,13.2906],[108.8571,13.2913],[108.8561,13.2913],[108.8559,13.2925],[108.8523,13.2971],[108.8463,13.308],[108.846,13.3105],[108.8438,13.3138],[108.8437,13.3157],[108.8426,13.3172],[108.8402,13.3191],[108.8409,13.3208],[108.8409,13.3218],[108.8396,13.3249],[108.8382,13.3257],[108.8364,13.3285],[108.8343,13.3295],[108.8331,13.3316],[108.8312,13.3316],[108.8306,13.3334],[108.8276,13.3365],[108.8273,13.3401],[108.8257,13.3418],[108.8248,13.3437],[108.8229,13.3436],[108.8214,13.3441],[108.8207,13.3461],[108.8192,13.3473],[108.8179,13.3475],[108.8169,13.3497],[108.8156,13.3497],[108.8147,13.3506],[108.8147,13.3536],[108.8107,13.3544],[108.8084,13.3573],[108.8102,13.3603],[108.8093,13.3628],[108.8064,13.367],[108.8063,13.3701],[108.8068,13.3706],[108.8072,13.374],[108.8071,13.3762],[108.8052,13.3803],[108.805,13.3895],[108.8043,13.3909],[108.8066,13.393],[108.8077,13.3933],[108.8072,13.3962],[108.8075,13.3985],[108.8069,13.4004],[108.8027,13.3957],[108.7999,13.394],[108.799,13.3922],[108.7966,13.3898],[108.7955,13.3878],[108.7923,13.3868],[108.7903,13.3855],[108.7926,13.3844],[108.794,13.3823],[108.7948,13.3801],[108.794,13.3776],[108.795,13.3756],[108.7945,13.374],[108.7936,13.3733],[108.7927,13.3715],[108.7915,13.3654],[108.7891,13.3629],[108.7833,13.3594],[108.7821,13.3503],[108.7822,13.3455],[108.7838,13.3452],[108.785,13.338],[108.7851,13.3331],[108.7746,13.3273],[108.7654,13.315],[108.7575,13.3088],[108.7549,13.3042],[108.7473,13.3032],[108.7469,13.3039],[108.7455,13.3041],[108.7424,13.3027],[108.7417,13.2996],[108.7346,13.2879],[108.7261,13.2776],[108.7178,13.2699],[108.7158,13.2697],[108.7124,13.2717],[108.7097,13.2724],[108.7006,13.2736],[108.6916,13.2688],[108.6923,13.267],[108.692,13.2651],[108.6925,13.2644],[108.6926,13.2634],[108.694,13.2608],[108.6948,13.2603],[108.695,13.2557],[108.6993,13.2511],[108.6991,13.2499],[108.6999,13.249],[108.6994,13.2472],[108.6997,13.2473],[108.7001,13.2468],[108.6999,13.2465],[108.7016,13.2451],[108.7016,13.2447],[108.7011,13.2446],[108.7011,13.2436],[108.7023,13.2416],[108.702,13.2411],[108.7029,13.2408],[108.7036,13.2396],[108.7025,13.2388],[108.7025,13.2383],[108.703,13.2382],[108.7029,13.2372],[108.7043,13.2365],[108.7021,13.2356],[108.7006,13.2333],[108.6985,13.2328],[108.6944,13.2303],[108.6902,13.2303],[108.6901,13.2319],[108.6874,13.2319],[108.6867,13.2315],[108.6866,13.2321],[108.6857,13.2318],[108.6845,13.2322],[108.6832,13.2315],[108.6838,13.234],[108.6821,13.2333],[108.6804,13.2317],[108.6797,13.2322],[108.6785,13.2323],[108.6755,13.2313],[108.6756,13.2299],[108.6749,13.2288],[108.675,13.2283],[108.6742,13.2279],[108.6742,13.2266],[108.673,13.2265],[108.672,13.225],[108.6699,13.2242],[108.6696,13.2235],[108.6699,13.2219],[108.6683,13.2211],[108.6679,13.2202],[108.667,13.2204],[108.6667,13.2197],[108.6659,13.2196],[108.6664,13.2187],[108.6648,13.2191],[108.6639,13.218],[108.6628,13.2182],[108.6625,13.2173],[108.662,13.2171],[108.6612,13.2173],[108.6614,13.2181],[108.6607,13.2186],[108.6602,13.2178],[108.6592,13.2182],[108.66,13.2187],[108.66,13.2191],[108.6578,13.2194],[108.6582,13.2161],[108.6605,13.2146],[108.6606,13.2136],[108.6612,13.2133],[108.6615,13.2122],[108.6627,13.2111],[108.6629,13.2106],[108.6623,13.209],[108.6651,13.2066],[108.666,13.2037],[108.6658,13.2023],[108.6646,13.2006],[108.6614,13.1973],[108.6579,13.1948],[108.6557,13.1926],[108.6538,13.1901],[108.6536,13.1889],[108.6539,13.1876],[108.6554,13.1854],[108.6613,13.18],[108.6687,13.1764],[108.6793,13.1676],[108.6877,13.1634],[108.6894,13.163],[108.6949,13.1628],[108.6979,13.163],[108.701,13.1638],[108.7038,13.1634],[108.7052,13.1627],[108.708,13.1582],[108.7101,13.1484],[108.7108,13.1469],[108.7116,13.146],[108.7171,13.1447],[108.7215,13.145],[108.7307,13.1471],[108.7368,13.1497],[108.7401,13.1504],[108.7426,13.1502],[108.7465,13.1487],[108.7472,13.148],[108.7473,13.1465],[108.7459,13.144],[108.7432,13.142],[108.7358,13.139],[108.7318,13.1365],[108.7287,13.134],[108.724,13.1283],[108.7233,13.1262],[108.7236,13.1245],[108.7247,13.1229],[108.7259,13.1222],[108.728,13.1216],[108.7324,13.1213],[108.7353,13.122],[108.7405,13.124],[108.744,13.1256],[108.7496,13.129],[108.7518,13.1291],[108.7536,13.1285],[108.755,13.1275],[108.7588,13.124],[108.7604,13.1206],[108.7601,13.1153]]]},"properties":{"code":"24076","name":"Phú Túc","nameEn":"Phu Tuc","fullName":"Xã Phú Túc","fullNameEn":"Phu Tuc Commune","codeName":"phu_tuc","postalCode":"62106","postalCodePrefix":"","gisServerId":"diaphanhanhchinhcapxa_2025.2965","areaKm2":357.97},"id":"24076"},
{"type":"Feature","geometry":{"type":"Polygon","coordinates":[[[108.7601,13.1153],[108.7604,13.1206],[108.7588,13.124],[108.755,13.1275],[108.7536,13.1285],[108.7518,13.1291],[108.7496,13.129],[108.744,13.1256],[108.7405,13.124],[108.7353,13.122],[108.7324,13.1213],[108.728,13.1216],[108.7259,13.1222],[108.7247,13.1229],[108.7236,13.1245],[108.7233,13.1262],[108.724,13.1283],[108.7287,13.134],[108.7318,13.1365],[108.7358,13.139],[108.7432,13.142],[108.7459,13.144],[108.7473,13.1465],[108.7472,13.148],[108.7465,13.1487],[108.7426,13.1502],[108.7401,13.1504],[108.7368,13.1497],[108.7307,13.1471],[108.7215,13.145],[108.7171,13.1447],[108.7116,13.146],[108.7108,13.1469],[108.7101,13.1484],[108.708,13.1582],[108.7052,13.1627],[108.7038,13.1634],[108.701,13.1638],[108.6979,13.163],[108.6949,13.1628],[108.6894,13.163],[108.6877,13.1634],[108.6793,13.1676],[108.6687,13.1764],[108.6613,13.18],[108.6597,13.1796],[108.6599,13.1793],[108.6571,13.177],[108.6568,13.176],[108.6557,13.1758],[108.6548,13.1731],[108.6524,13.1726],[108.6516,13.1713],[108.6482,13.1729],[108.647,13.1723],[108.6449,13.1725],[108.6427,13.1745],[108.6421,13.176],[108.6407,13.1775],[108.6392,13.1787],[108.6384,13.1775],[108.6382,13.1761],[108.6373,13.176],[108.6375,13.1743],[108.6357,13.1734],[108.6352,13.1726],[108.6347,13.1724],[108.6347,13.172],[108.6335,13.1714],[108.6318,13.1693],[108.6268,13.1669],[108.6221,13.164],[108.6163,13.1602],[108.6157,13.1593],[108.6126,13.1571],[108.6058,13.153],[108.5945,13.1354],[108.5814,13.1345],[108.581,13.1334],[108.5787,13.1324],[108.5751,13.1295],[108.5738,13.13],[108.5721,13.1297],[108.5698,13.1303],[108.5692,13.1298],[108.5514,13.1283],[108.5335,13.1196],[108.5329,13.1188],[108.5292,13.1208],[108.529,13.1219],[108.5285,13.1219],[108.5284,13.1223],[108.5287,13.1235],[108.5295,13.124],[108.5277,13.1252],[108.5269,13.1249],[108.526,13.1238],[108.5255,13.1221],[108.5245,13.1224],[108.5232,13.1237],[108.5197,13.1239],[108.5185,13.1236],[108.518,13.1246],[108.5171,13.1248],[108.5148,13.124],[108.5126,13.1219],[108.5112,13.1218],[108.5121,13.1186],[108.513,13.1173],[108.5108,13.1111],[108.5079,13.1121],[108.5041,13.1125],[108.502,13.1122],[108.5014,13.1124],[108.5009,13.1133],[108.4992,13.1133],[108.495,13.1123],[108.4926,13.1112],[108.4905,13.1087],[108.4928,13.1065],[108.4932,13.1057],[108.4925,13.1026],[108.4899,13.1011],[108.4887,13.0995],[108.4884,13.0988],[108.4887,13.0984],[108.4918,13.0975],[108.4958,13.0953],[108.4976,13.093],[108.4994,13.0896],[108.5022,13.0886],[108.4995,13.0873],[108.4995,13.0864],[108.5005,13.0843],[108.5039,13.0835],[108.5055,13.0817],[108.5093,13.0801],[108.512,13.0765],[108.513,13.0758],[108.5149,13.0716],[108.516,13.073],[108.5177,13.0735],[108.5181,13.0733],[108.5182,13.0724],[108.5192,13.0718],[108.5193,13.0713],[108.5173,13.068],[108.5203,13.0651],[108.5212,13.0632],[108.519,13.0612],[108.5167,13.0607],[108.5166,13.0581],[108.5148,13.0551],[108.514,13.0518],[108.5127,13.0505],[108.5112,13.046],[108.5118,13.0446],[108.5134,13.0426],[108.5137,13.0402],[108.5108,13.0374],[108.5117,13.0357],[108.515,13.0326],[108.5157,13.0326],[108.5163,13.0334],[108.5181,13.0339],[108.5199,13.0329],[108.5225,13.0329],[108.5235,13.0323],[108.5242,13.0327],[108.5245,13.0334],[108.5269,13.0336],[108.5295,13.0345],[108.5312,13.0344],[108.5332,13.0329],[108.5361,13.0326],[108.5432,13.0298],[108.5437,13.0286],[108.5455,13.0287],[108.5457,13.0293],[108.5465,13.0283],[108.5593,13.0233],[108.5603,13.0223],[108.5614,13.0225],[108.5685,13.0196],[108.5694,13.0201],[108.5704,13.0217],[108.5723,13.0234],[108.5741,13.0238],[108.5754,13.0254],[108.5758,13.0268],[108.5778,13.0283],[108.5792,13.0287],[108.5806,13.0284],[108.5822,13.0285],[108.5852,13.0291],[108.5874,13.0287],[108.5887,13.0291],[108.5904,13.0291],[108.5917,13.0297],[108.5938,13.0265],[108.5954,13.0255],[108.597,13.0234],[108.5989,13.0223],[108.5999,13.0196],[108.5996,13.0186],[108.6001,13.0181],[108.6021,13.0178],[108.6041,13.0197],[108.606,13.0194],[108.6096,13.0137],[108.6123,13.012],[108.6145,13.0075],[108.6168,13.0088],[108.6181,13.0102],[108.6187,13.0097],[108.6206,13.0096],[108.622,13.0087],[108.627,13.0075],[108.6277,13.0079],[108.6277,13.009],[108.6297,13.01],[108.6316,13.0097],[108.6382,13.0105],[108.6389,13.0107],[108.6392,13.0112],[108.6399,13.0106],[108.6416,13.0106],[108.6425,13.0101],[108.6438,13.0103],[108.6449,13.011],[108.6453,13.0108],[108.645,13.009],[108.6457,13.0078],[108.648,13.0058],[108.6502,13.0029],[108.653,13.001],[108.6575,12.9992],[108.6584,12.9994],[108.6596,13.0008],[108.6633,13.0032],[108.6642,13.0033],[108.6676,13.0013],[108.6703,13.0019],[108.6738,12.999],[108.6744,12.9978],[108.6744,12.9968],[108.6754,12.996],[108.6764,12.9966],[108.6796,12.9971],[108.6814,12.9983],[108.682,12.9992],[108.6815,13],[108.6817,13.0012],[108.685,13.003],[108.686,13.004],[108.6894,13.009],[108.6918,13.0137],[108.6929,13.0167],[108.7138,13.0176],[108.7313,13.0232],[108.7453,13.029],[108.7565,13.0327],[108.7507,13.0918],[108.7563,13.1016],[108.757,13.1074],[108.7601,13.1153]]]},"properties":{"code":"24100","name":"Ia Dreh","nameEn":"Ia Dreh","fullName":"Xã Ia Dreh","fullNameEn":"Ia Dreh Commune","codeName":"ia_dreh","postalCode":"62118","postalCodePrefix":"","gisServerId":"diaphanhanhchinhcapxa_2025.2966","areaKm2":379.69},"id":"24100"},
{"type":"Feature","geometry":{"type":"Polygon","coordinates":[[[108.5244,13.3624],[108.5224,13.3596],[108.5216,13.3598],[108.5208,13.358],[108.5199,13.3581],[108.5168,13.356],[108.5144,13.3528],[108.5074,13.3471],[108.5066,13.3481],[108.5046,13.3487],[108.504,13.3495],[108.5028,13.3489],[108.4979,13.3346],[108.4936,13.3299],[108.4886,13.3199],[108.4834,13.3024],[108.4827,13.3012],[108.4788,13.3001],[108.4768,13.3002],[108.4766,13.2998],[108.4752,13.2998],[108.475,13.299],[108.4745,13.2993],[108.4736,13.2984],[108.4733,13.2988],[108.4723,13.2982],[108.4723,13.2986],[108.4708,13.2989],[108.4695,13.2977],[108.469,13.2963],[108.467,13.2969],[108.4635,13.2946],[108.4634,13.2932],[108.4637,13.2923],[108.4629,13.2906],[108.4622,13.2903],[108.4609,13.2886],[108.4598,13.2885],[108.4578,13.2853],[108.4557,13.2841],[108.4567,13.2822],[108.457,13.2803],[108.4537,13.2771],[108.4558,13.2735],[108.4577,13.2729],[108.4591,13.2698],[108.46,13.2696],[108.4598,13.267],[108.4604,13.2663],[108.4599,13.265],[108.4633,13.2624],[108.4637,13.2612],[108.4636,13.259],[108.4642,13.2577],[108.4641,13.254],[108.463,13.2529],[108.4631,13.2502],[108.4603,13.2478],[108.4609,13.246],[108.462,13.2449],[108.4629,13.2446],[108.464,13.2425],[108.4653,13.2414],[108.4663,13.2385],[108.4681,13.2371],[108.4674,13.2354],[108.4672,13.2329],[108.4666,13.2319],[108.4655,13.2307],[108.463,13.2293],[108.4622,13.2281],[108.4577,13.2269],[108.4553,13.2217],[108.4558,13.2194],[108.4564,13.2187],[108.4576,13.2182],[108.4589,13.2159],[108.4588,13.2145],[108.4597,13.2123],[108.4592,13.2116],[108.4581,13.2118],[108.4551,13.1997],[108.4554,13.1931],[108.4369,13.1875],[108.4378,13.1799],[108.4408,13.1794],[108.4435,13.1765],[108.444,13.1756],[108.4468,13.1745],[108.4487,13.1725],[108.453,13.1694],[108.4545,13.1677],[108.456,13.1671],[108.4566,13.1657],[108.4591,13.1658],[108.4604,13.1654],[108.4627,13.1629],[108.4639,13.1624],[108.4639,13.1614],[108.4621,13.1594],[108.4624,13.1579],[108.4617,13.1575],[108.4607,13.1558],[108.4613,13.1517],[108.462,13.1506],[108.4639,13.1496],[108.4659,13.148],[108.4643,13.1414],[108.4671,13.1401],[108.4685,13.14],[108.4697,13.1404],[108.4676,13.1357],[108.4602,13.1345],[108.4598,13.1311],[108.4572,13.1288],[108.457,13.1274],[108.4573,13.1262],[108.4597,13.1246],[108.4614,13.1203],[108.4638,13.1177],[108.4648,13.1173],[108.4672,13.1174],[108.4712,13.1184],[108.4733,13.1182],[108.477,13.1147],[108.4867,13.1119],[108.4905,13.1087],[108.4926,13.1112],[108.495,13.1123],[108.4992,13.1133],[108.5009,13.1133],[108.5014,13.1124],[108.502,13.1122],[108.5041,13.1125],[108.5079,13.1121],[108.5108,13.1111],[108.513,13.1173],[108.5121,13.1186],[108.5112,13.1218],[108.5126,13.1219],[108.5148,13.124],[108.5171,13.1248],[108.518,13.1246],[108.5185,13.1236],[108.5197,13.1239],[108.5232,13.1237],[108.5245,13.1224],[108.5255,13.1221],[108.526,13.1238],[108.5269,13.1249],[108.5277,13.1252],[108.5295,13.124],[108.5287,13.1235],[108.5284,13.1223],[108.5285,13.1219],[108.529,13.1219],[108.5292,13.1208],[108.5329,13.1188],[108.5335,13.1196],[108.5514,13.1283],[108.5692,13.1298],[108.5698,13.1303],[108.5721,13.1297],[108.5738,13.13],[108.5751,13.1295],[108.5787,13.1324],[108.581,13.1334],[108.5814,13.1345],[108.5945,13.1354],[108.6058,13.153],[108.6126,13.1571],[108.6157,13.1593],[108.6163,13.1602],[108.6221,13.164],[108.6268,13.1669],[108.6318,13.1693],[108.6335,13.1714],[108.6347,13.172],[108.6347,13.1724],[108.6352,13.1726],[108.6357,13.1734],[108.6375,13.1743],[108.6373,13.176],[108.6382,13.1761],[108.6384,13.1775],[108.6392,13.1787],[108.6407,13.1775],[108.6421,13.176],[108.6427,13.1745],[108.6449,13.1725],[108.647,13.1723],[108.6482,13.1729],[108.6516,13.1713],[108.6524,13.1726],[108.6548,13.1731],[108.6557,13.1758],[108.6568,13.176],[108.6571,13.177],[108.6599,13.1793],[108.6597,13.1796],[108.6613,13.18],[108.6554,13.1854],[108.6539,13.1876],[108.6536,13.1889],[108.6538,13.1901],[108.6557,13.1926],[108.6579,13.1948],[108.6614,13.1973],[108.6646,13.2006],[108.6658,13.2023],[108.666,13.2037],[108.6651,13.2066],[108.6623,13.209],[108.66,13.21],[108.6517,13.215],[108.6495,13.2175],[108.6474,13.2215],[108.6453,13.2241],[108.6432,13.2258],[108.636,13.2273],[108.629,13.235],[108.6229,13.2391],[108.6211,13.2373],[108.62,13.2373],[108.6191,13.2379],[108.6174,13.2409],[108.6165,13.2439],[108.6137,13.2482],[108.6134,13.2499],[108.6136,13.2554],[108.6163,13.2665],[108.6199,13.276],[108.6225,13.2792],[108.6236,13.2813],[108.6239,13.2857],[108.6225,13.2931],[108.621,13.2952],[108.6189,13.2967],[108.6168,13.2976],[108.6143,13.2979],[108.612,13.2978],[108.6092,13.2968],[108.6053,13.2934],[108.6042,13.2916],[108.6029,13.2909],[108.6002,13.292],[108.5948,13.2932],[108.5921,13.2943],[108.5912,13.2952],[108.591,13.2988],[108.5933,13.3019],[108.5969,13.3056],[108.5997,13.3115],[108.5998,13.3125],[108.5997,13.3163],[108.5986,13.3188],[108.5968,13.3227],[108.5944,13.3257],[108.5911,13.3283],[108.5864,13.3307],[108.5813,13.334],[108.5762,13.3361],[108.5708,13.3397],[108.568,13.3398],[108.5643,13.338],[108.5619,13.338],[108.5569,13.34],[108.551,13.3433],[108.5431,13.3457],[108.5372,13.3467],[108.5311,13.3491],[108.5282,13.3493],[108.524,13.3482],[108.5213,13.3489],[108.5205,13.3501],[108.5203,13.3513],[108.5209,13.3534],[108.5228,13.3569],[108.5244,13.3624]]]},"properties":{"code":"24109","name":"Uar","nameEn":"Uar","fullName":"Xã Uar","fullNameEn":"Uar Commune","codeName":"uar","postalCode":"62113","postalCodePrefix":"","gisServerId":"diaphanhanhchinhcapxa_2025.2967","areaKm2":412.31},"id":"24109"},
{"type":"Feature","geometry":{"type":"Polygon","coordinates":[[[108.8069,13.4004],[108.8076,13.4016],[108.8076,13.4027],[108.8061,13.406],[108.805,13.407],[108.8068,13.4092],[108.8071,13.4102],[108.8065,13.4125],[108.8056,13.4141],[108.8048,13.4186],[108.8051,13.4225],[108.8063,13.4238],[108.8044,13.4299],[108.8044,13.4325],[108.806,13.4342],[108.8059,13.4365],[108.8041,13.4378],[108.8038,13.4397],[108.8027,13.4403],[108.8021,13.4412],[108.8011,13.4415],[108.8001,13.4471],[108.7963,13.4473],[108.7967,13.4494],[108.7953,13.4499],[108.7951,13.4504],[108.796,13.4515],[108.7961,13.4524],[108.7941,13.4525],[108.7926,13.453],[108.7907,13.4529],[108.7898,13.4538],[108.7911,13.4554],[108.7914,13.4567],[108.7924,13.458],[108.7923,13.4626],[108.7945,13.4627],[108.7957,13.4648],[108.7955,13.4655],[108.7942,13.4663],[108.7947,13.467],[108.7961,13.4677],[108.7952,13.4688],[108.7952,13.4716],[108.7948,13.4725],[108.7933,13.4738],[108.793,13.4739],[108.7906,13.4714],[108.7899,13.4688],[108.7894,13.4684],[108.7828,13.4673],[108.7815,13.4673],[108.7796,13.466],[108.7789,13.4665],[108.7787,13.4682],[108.7782,13.4685],[108.7778,13.4682],[108.7779,13.4672],[108.7773,13.4668],[108.7726,13.4666],[108.7694,13.4645],[108.765,13.4643],[108.7635,13.4633],[108.7614,13.4646],[108.7605,13.4646],[108.7582,13.4617],[108.7578,13.4598],[108.7574,13.4595],[108.7566,13.4595],[108.7557,13.46],[108.7521,13.4638],[108.7516,13.4637],[108.7504,13.4628],[108.7488,13.4607],[108.7479,13.4587],[108.7437,13.457],[108.7429,13.4573],[108.7419,13.4571],[108.74,13.4579],[108.739,13.4575],[108.7376,13.4586],[108.735,13.458],[108.7338,13.4588],[108.7314,13.4595],[108.7308,13.4604],[108.7286,13.4615],[108.727,13.4637],[108.7241,13.4628],[108.7217,13.4643],[108.7195,13.4635],[108.7165,13.4631],[108.7146,13.4633],[108.7135,13.4638],[108.7128,13.4618],[108.7121,13.461],[108.7113,13.4607],[108.7082,13.4609],[108.7037,13.4637],[108.7024,13.4637],[108.7002,13.4648],[108.6989,13.465],[108.6971,13.468],[108.6949,13.4675],[108.6923,13.4652],[108.6867,13.4649],[108.6859,13.464],[108.6854,13.462],[108.6847,13.461],[108.6795,13.4593],[108.6781,13.4586],[108.6774,13.4576],[108.6758,13.4566],[108.6725,13.4514],[108.673,13.4497],[108.6706,13.4464],[108.6688,13.4427],[108.668,13.4429],[108.6662,13.4424],[108.6641,13.4424],[108.663,13.4413],[108.6608,13.4401],[108.658,13.4397],[108.6562,13.44],[108.655,13.4398],[108.6539,13.4385],[108.6529,13.4356],[108.6534,13.4313],[108.652,13.4301],[108.6505,13.4288],[108.6492,13.429],[108.6462,13.432],[108.6453,13.432],[108.6438,13.4309],[108.6421,13.4266],[108.6402,13.4246],[108.6387,13.4241],[108.6374,13.4241],[108.6363,13.4256],[108.6345,13.4261],[108.6332,13.4256],[108.6328,13.4251],[108.6335,13.4236],[108.6333,13.4226],[108.6318,13.4191],[108.6309,13.4186],[108.6293,13.4188],[108.6281,13.4194],[108.6267,13.4188],[108.624,13.4201],[108.6212,13.4189],[108.6203,13.4191],[108.6198,13.4209],[108.6186,13.4221],[108.6184,13.424],[108.6174,13.4243],[108.6151,13.4234],[108.6123,13.42],[108.6096,13.4179],[108.6059,13.4187],[108.6006,13.4184],[108.601,13.42],[108.6005,13.4207],[108.5985,13.4221],[108.5975,13.4219],[108.5952,13.4227],[108.5932,13.4225],[108.5934,13.4191],[108.5919,13.4189],[108.5903,13.4172],[108.5876,13.4191],[108.5855,13.4191],[108.5839,13.4202],[108.5791,13.4183],[108.5778,13.4171],[108.5787,13.4145],[108.5766,13.4092],[108.5766,13.4058],[108.5746,13.403],[108.573,13.3994],[108.566,13.3947],[108.5635,13.3937],[108.561,13.3904],[108.5606,13.3887],[108.5596,13.3883],[108.5582,13.3864],[108.5563,13.3869],[108.5531,13.382],[108.5507,13.3819],[108.5478,13.3811],[108.5471,13.3787],[108.5465,13.3783],[108.5431,13.3779],[108.5421,13.3793],[108.5419,13.3787],[108.5404,13.3777],[108.5401,13.3752],[108.5374,13.372],[108.5371,13.3711],[108.5362,13.3703],[108.5356,13.3684],[108.5304,13.366],[108.5274,13.3659],[108.5268,13.3655],[108.5258,13.3637],[108.5244,13.3624],[108.5228,13.3569],[108.5209,13.3534],[108.5203,13.3513],[108.5205,13.3501],[108.5213,13.3489],[108.524,13.3482],[108.5282,13.3493],[108.5311,13.3491],[108.5372,13.3467],[108.5431,13.3457],[108.551,13.3433],[108.5569,13.34],[108.5619,13.338],[108.5643,13.338],[108.568,13.3398],[108.5708,13.3397],[108.5762,13.3361],[108.5813,13.334],[108.5864,13.3307],[108.5911,13.3283],[108.5944,13.3257],[108.5968,13.3227],[108.5986,13.3188],[108.5997,13.3163],[108.5998,13.3125],[108.5997,13.3115],[108.5969,13.3056],[108.5933,13.3019],[108.591,13.2988],[108.5912,13.2952],[108.5921,13.2943],[108.5948,13.2932],[108.6002,13.292],[108.6029,13.2909],[108.6042,13.2916],[108.6053,13.2934],[108.6092,13.2968],[108.612,13.2978],[108.6143,13.2979],[108.6168,13.2976],[108.6189,13.2967],[108.621,13.2952],[108.6225,13.2931],[108.6239,13.2857],[108.6236,13.2813],[108.6225,13.2792],[108.6199,13.276],[108.6163,13.2665],[108.6136,13.2554],[108.6134,13.2499],[108.6137,13.2482],[108.6165,13.2439],[108.6174,13.2409],[108.6191,13.2379],[108.62,13.2373],[108.6211,13.2373],[108.6229,13.2391],[108.629,13.235],[108.636,13.2273],[108.6432,13.2258],[108.6453,13.2241],[108.6474,13.2215],[108.6495,13.2175],[108.6517,13.215],[108.66,13.21],[108.6623,13.209],[108.6629,13.2106],[108.6627,13.2111],[108.6615,13.2122],[108.6612,13.2133],[108.6606,13.2136],[108.6605,13.2146],[108.6582,13.2161],[108.6578,13.2194],[108.66,13.2191],[108.66,13.2187],[108.6592,13.2182],[108.6602,13.2178],[108.6607,13.2186],[108.6614,13.2181],[108.6612,13.2173],[108.662,13.2171],[108.6625,13.2173],[108.6628,13.2182],[108.6639,13.218],[108.6648,13.2191],[108.6664,13.2187],[108.6659,13.2196],[108.6667,13.2197],[108.667,13.2204],[108.6679,13.2202],[108.6683,13.2211],[108.6699,13.2219],[108.6696,13.2235],[108.6699,13.2242],[108.672,13.225],[108.673,13.2265],[108.6742,13.2266],[108.6742,13.2279],[108.675,13.2283],[108.6749,13.2288],[108.6756,13.2299],[108.6755,13.2313],[108.6785,13.2323],[108.6797,13.2322],[108.6804,13.2317],[108.6821,13.2333],[108.6838,13.234],[108.6832,13.2315],[108.6845,13.2322],[108.6857,13.2318],[108.6866,13.2321],[108.6867,13.2315],[108.6874,13.2319],[108.6901,13.2319],[108.6902,13.2303],[108.6944,13.2303],[108.6985,13.2328],[108.7006,13.2333],[108.7021,13.2356],[108.7043,13.2365],[108.7029,13.2372],[108.703,13.2382],[108.7025,13.2383],[108.7025,13.2388],[108.7036,13.2396],[108.7029,13.2408],[108.702,13.2411],[108.7023,13.2416],[108.7011,13.2436],[108.7011,13.2446],[108.7016,13.2447],[108.7016,13.2451],[108.6999,13.2465],[108.7001,13.2468],[108.6997,13.2473],[108.6994,13.2472],[108.6999,13.249],[108.6991,13.2499],[108.6993,13.2511],[108.695,13.2557],[108.6948,13.2603],[108.694,13.2608],[108.6926,13.2634],[108.6925,13.2644],[108.692,13.2651],[108.6923,13.267],[108.6916,13.2688],[108.7006,13.2736],[108.7097,13.2724],[108.7124,13.2717],[108.7158,13.2697],[108.7178,13.2699],[108.7261,13.2776],[108.7346,13.2879],[108.7417,13.2996],[108.7424,13.3027],[108.7455,13.3041],[108.7469,13.3039],[108.7473,13.3032],[108.7549,13.3042],[108.7575,13.3088],[108.7654,13.315],[108.7746,13.3273],[108.7851,13.3331],[108.785,13.338],[108.7838,13.3452],[108.7822,13.3455],[108.7821,13.3503],[108.7833,13.3594],[108.7891,13.3629],[108.7915,13.3654],[108.7927,13.3715],[108.7936,13.3733],[108.7945,13.374],[108.795,13.3756],[108.794,13.3776],[108.7948,13.3801],[108.794,13.3823],[108.7926,13.3844],[108.7903,13.3855],[108.7923,13.3868],[108.7955,13.3878],[108.7966,13.3898],[108.799,13.3922],[108.7999,13.394],[108.8027,13.3957],[108.8069,13.4004]]]},"properties":{"code":"24112","name":"Ia Rsai","nameEn":"Ia Rsai","fullName":"Xã Ia Rsai","fullNameEn":"Ia Rsai Commune","codeName":"ia_rsai","postalCode":"62111","postalCodePrefix":"","gisServerId":"diaphanhanhchinhcapxa_2025.2963","areaKm2":473.69},"id":"24112"}
]}