{"type":"FeatureCollection", "features": [
{"type":"Feature","geometry":{"type":"Polygon","coordinates":[[[106.9241,11.5711],[106.9241,11.5717],[106.9236,11.5717],[106.9236,11.5728],[106.923,11.5731],[106.9234,11.5738],[106.9233,11.5742],[106.924,11.5747],[106.924,11.5752],[106.9236,11.5758],[106.9228,11.5761],[106.9225,11.5757],[106.9223,11.5758],[106.9219,11.5757],[106.9218,11.5762],[106.9211,11.5763],[106.9205,11.576],[106.9197,11.5768],[106.919,11.5766],[106.9181,11.5771],[106.9176,11.5767],[106.9172,11.5772],[106.9167,11.5765],[106.9161,11.5764],[106.9159,11.5769],[106.9149,11.5772],[106.9136,11.5765],[106.9102,11.5761],[106.9095,11.5752],[106.9039,11.5734],[106.9006,11.5708],[106.9,11.5717],[106.8983,11.573],[106.8964,11.5714],[106.8961,11.5706],[106.8956,11.5705],[106.8951,11.5698],[106.8944,11.5696],[106.8942,11.569],[106.8933,11.5682],[106.8928,11.5675],[106.8882,11.5653],[106.8881,11.5649],[106.8876,11.5647],[106.8878,11.5643],[106.8864,11.5631],[106.886,11.562],[106.8853,11.5617],[106.8866,11.5571],[106.8854,11.5562],[106.8851,11.555],[106.8841,11.5546],[106.8807,11.5521],[106.8813,11.5515],[106.8811,11.5513],[106.8797,11.5504],[106.8779,11.5498],[106.8757,11.546],[106.874,11.5453],[106.8726,11.5437],[106.8741,11.5379],[106.8729,11.5371],[106.8719,11.5358],[106.8703,11.5357],[106.8701,11.5354],[106.8708,11.5344],[106.8712,11.5322],[106.8726,11.5304],[106.8729,11.5294],[106.8724,11.5292],[106.8731,11.525],[106.8708,11.5246],[106.8715,11.5238],[106.8715,11.5233],[106.871,11.5228],[106.8702,11.5202],[106.8704,11.5188],[106.8729,11.5187],[106.8728,11.516],[106.8738,11.5159],[106.8735,11.5145],[106.8724,11.5143],[106.8719,11.5136],[106.8714,11.5116],[106.871,11.5112],[106.8704,11.508],[106.8677,11.5074],[106.8663,11.5064],[106.8648,11.5059],[106.8643,11.5061],[106.8643,11.5066],[106.8638,11.5073],[106.8638,11.5079],[106.8634,11.5085],[106.8634,11.5091],[106.8615,11.509],[106.8604,11.5097],[106.8597,11.5096],[106.8583,11.5086],[106.8572,11.5081],[106.8563,11.5083],[106.8553,11.5077],[106.8551,11.507],[106.8545,11.5071],[106.8543,11.5067],[106.8539,11.5069],[106.8535,11.5065],[106.8533,11.5069],[106.853,11.5065],[106.8525,11.5067],[106.8514,11.5065],[106.8512,11.5071],[106.8507,11.5074],[106.8503,11.5073],[106.8503,11.5077],[106.8499,11.5082],[106.849,11.5083],[106.8491,11.5087],[106.8484,11.5093],[106.8475,11.5087],[106.8472,11.509],[106.8469,11.5088],[106.8465,11.5091],[106.8457,11.5089],[106.8452,11.5082],[106.8449,11.5087],[106.8438,11.5088],[106.8429,11.5086],[106.8429,11.5089],[106.8426,11.509],[106.842,11.5087],[106.8416,11.5092],[106.8416,11.5085],[106.8413,11.5088],[106.8408,11.5088],[106.8406,11.5084],[106.8398,11.5087],[106.8398,11.5083],[106.8394,11.5079],[106.8384,11.5082],[106.8383,11.5078],[106.8379,11.508],[106.838,11.5075],[106.8374,11.5073],[106.8372,11.5075],[106.8364,11.5071],[106.836,11.5073],[106.8358,11.5065],[106.8349,11.5063],[106.8349,11.5067],[106.8338,11.5062],[106.8337,11.5067],[106.8327,11.5065],[106.8326,11.507],[106.832,11.5068],[106.832,11.5076],[106.8312,11.5072],[106.8311,11.5076],[106.8308,11.5074],[106.8306,11.5077],[106.8305,11.5073],[106.8302,11.5077],[106.829,11.5072],[106.828,11.5077],[106.8274,11.5072],[106.8273,11.5078],[106.8255,11.5066],[106.8242,11.507],[106.823,11.5068],[106.8223,11.5062],[106.8222,11.5066],[106.822,11.5062],[106.8216,11.5063],[106.8214,11.506],[106.8213,11.5063],[106.8206,11.5061],[106.8203,11.5065],[106.8195,11.5066],[106.8193,11.5064],[106.819,11.5066],[106.8187,11.5063],[106.8188,11.5067],[106.8184,11.5066],[106.8174,11.507],[106.8173,11.5066],[106.8169,11.5068],[106.8159,11.5065],[106.8149,11.5055],[106.8141,11.5055],[106.8138,11.5058],[106.8129,11.5054],[106.8129,11.505],[106.8111,11.5048],[106.8108,11.505],[106.8096,11.5041],[106.8095,11.5036],[106.808,11.5029],[106.8077,11.5031],[106.8071,11.5029],[106.8072,11.5025],[106.8067,11.502],[106.8061,11.5019],[106.8059,11.5011],[106.804,11.5007],[106.804,11.4993],[106.8029,11.4987],[106.8012,11.4967],[106.8004,11.497],[106.8001,11.4963],[106.7992,11.4962],[106.7988,11.4951],[106.7992,11.4946],[106.7987,11.4937],[106.799,11.493],[106.7974,11.4919],[106.797,11.4911],[106.7981,11.4897],[106.7981,11.4891],[106.7989,11.4885],[106.7991,11.488],[106.7996,11.4881],[106.8005,11.4872],[106.8005,11.4866],[106.8028,11.4821],[106.8029,11.4767],[106.8034,11.4753],[106.8038,11.4707],[106.8056,11.4674],[106.8056,11.4665],[106.8061,11.4661],[106.8074,11.4628],[106.8087,11.4611],[106.8101,11.4619],[106.8107,11.4616],[106.8126,11.4622],[106.8141,11.4619],[106.8161,11.4621],[106.8174,11.4615],[106.8191,11.4614],[106.8221,11.4629],[106.8236,11.4646],[106.8236,11.4662],[106.8242,11.4667],[106.8247,11.4676],[106.8248,11.4701],[106.8256,11.472],[106.8264,11.4726],[106.827,11.4728],[106.8283,11.4724],[106.8294,11.4712],[106.8304,11.4695],[106.8323,11.4685],[106.8332,11.4685],[106.8347,11.4696],[106.8358,11.4695],[106.8367,11.4699],[106.8382,11.47],[106.8396,11.4704],[106.8403,11.4709],[106.8415,11.4727],[106.8414,11.476],[106.8442,11.4752],[106.8438,11.4742],[106.8443,11.4737],[106.8448,11.4742],[106.8469,11.4738],[106.848,11.4741],[106.849,11.4741],[106.8491,11.471],[106.8497,11.471],[106.8512,11.4725],[106.8519,11.4737],[106.8635,11.4739],[106.8639,11.4751],[106.8653,11.4765],[106.8668,11.4771],[106.8682,11.4772],[106.8696,11.4779],[106.8715,11.4782],[106.8759,11.4804],[106.8863,11.4803],[106.8864,11.479],[106.8875,11.4791],[106.8896,11.4802],[106.891,11.4768],[106.8908,11.4759],[106.8913,11.4758],[106.8925,11.4764],[106.8932,11.4763],[106.8954,11.4753],[106.8968,11.4719],[106.8985,11.4694],[106.899,11.4692],[106.8998,11.4699],[106.9023,11.4702],[106.9015,11.4718],[106.9018,11.4736],[106.9026,11.4735],[106.9045,11.4719],[106.905,11.4718],[106.9068,11.4734],[106.9091,11.473],[106.9102,11.4732],[106.9109,11.4736],[106.9107,11.4749],[106.9131,11.4751],[106.9132,11.4759],[106.9128,11.4768],[106.9136,11.4774],[106.9144,11.4775],[106.914,11.479],[106.9146,11.48],[106.914,11.4812],[106.9148,11.4819],[106.9159,11.4824],[106.9161,11.4831],[106.9167,11.4828],[106.918,11.4813],[106.919,11.4811],[106.9184,11.4822],[106.9191,11.4825],[106.9191,11.4839],[106.9179,11.4855],[106.9168,11.4858],[106.917,11.4874],[106.9173,11.4876],[106.9184,11.4873],[106.9198,11.4883],[106.9205,11.4876],[106.921,11.4875],[106.9218,11.4883],[106.9219,11.4888],[106.9199,11.4894],[106.9199,11.4901],[106.9224,11.4912],[106.9232,11.4904],[106.9241,11.4903],[106.9246,11.4915],[106.9256,11.4923],[106.9252,11.4928],[106.9237,11.4917],[106.9223,11.4924],[106.9221,11.4927],[106.923,11.4932],[106.9229,11.4937],[106.9212,11.4948],[106.9206,11.4957],[106.9207,11.4965],[106.9222,11.4978],[106.9224,11.4974],[106.922,11.4961],[106.9229,11.4963],[106.924,11.4959],[106.9246,11.4959],[106.925,11.4961],[106.9252,11.4968],[106.9251,11.4974],[106.9243,11.4986],[106.923,11.499],[106.9232,11.4993],[106.9244,11.4998],[106.9247,11.5014],[106.924,11.5019],[106.923,11.5016],[106.9225,11.5022],[106.9226,11.5025],[106.9241,11.5034],[106.9223,11.5045],[106.9218,11.5054],[106.9221,11.5061],[106.9225,11.5066],[106.9229,11.5065],[106.9237,11.5053],[106.9254,11.505],[106.9256,11.5057],[106.9247,11.5066],[106.9247,11.5069],[106.9251,11.507],[106.9279,11.5054],[106.9284,11.5057],[106.9279,11.5069],[106.9283,11.5074],[106.9288,11.5077],[106.9311,11.5079],[106.9315,11.5087],[106.9311,11.5091],[106.931,11.5107],[106.9301,11.5112],[106.9288,11.5109],[106.9287,11.5112],[106.9292,11.5115],[106.9291,11.5119],[106.928,11.5124],[106.9311,11.5155],[106.9285,11.5186],[106.9286,11.5196],[106.9294,11.5196],[106.9294,11.5187],[106.9297,11.5185],[106.9308,11.5188],[106.9314,11.5193],[106.9294,11.5227],[106.9285,11.5237],[106.93,11.5246],[106.9315,11.5234],[106.9322,11.5249],[106.933,11.5258],[106.9307,11.5267],[106.9312,11.5279],[106.9301,11.5289],[106.9298,11.5305],[106.9283,11.5308],[106.927,11.532],[106.9262,11.5339],[106.9263,11.5342],[106.9277,11.5343],[106.9271,11.5363],[106.9268,11.5363],[106.9258,11.5351],[106.923,11.534],[106.9234,11.5356],[106.9225,11.5374],[106.9206,11.5387],[106.9199,11.5384],[106.9196,11.5377],[106.919,11.5379],[106.9188,11.5385],[106.9191,11.5393],[106.9203,11.5397],[106.9204,11.54],[106.9195,11.5408],[106.9183,11.5412],[106.9189,11.5435],[106.9187,11.5444],[106.9181,11.5443],[106.9171,11.5429],[106.9139,11.5425],[106.9137,11.5429],[106.9143,11.5444],[106.9132,11.5454],[106.9146,11.5473],[106.9148,11.5486],[106.9157,11.5486],[106.9159,11.5479],[106.9163,11.5479],[106.9174,11.5492],[106.9173,11.5495],[106.9159,11.5503],[106.9147,11.5519],[106.9155,11.5521],[106.9159,11.5514],[106.9166,11.5522],[106.916,11.553],[106.9175,11.5528],[106.918,11.5532],[106.9179,11.5515],[106.9182,11.5515],[106.9194,11.5534],[106.9194,11.5541],[106.9188,11.5545],[106.9195,11.5563],[106.9199,11.5565],[106.9203,11.555],[106.9213,11.556],[106.9223,11.5563],[106.9212,11.5575],[106.921,11.5582],[106.9219,11.558],[106.923,11.5585],[106.9239,11.5581],[106.9243,11.5583],[106.9245,11.5594],[106.9237,11.5601],[106.9233,11.5602],[106.923,11.5596],[106.9225,11.5598],[106.9225,11.5604],[106.9232,11.5613],[106.9229,11.5619],[106.9209,11.5619],[106.9215,11.563],[106.9204,11.5644],[106.9216,11.5649],[106.9206,11.5667],[106.921,11.5671],[106.9215,11.5671],[106.9213,11.5678],[106.9204,11.5685],[106.9192,11.5683],[106.9187,11.5687],[106.9193,11.5694],[106.9204,11.5696],[106.9226,11.5683],[106.9236,11.5682],[106.9235,11.569],[106.9222,11.5697],[106.9221,11.572],[106.9223,11.5722],[106.9227,11.572],[106.9238,11.5704],[106.9241,11.5711]]]},"properties":{"code":"25195","name":"Bình Phước","nameEn":"Binh Phuoc","fullName":"Phường Bình Phước","fullNameEn":"Binh Phuoc Ward","codeName":"binh_phuoc","postalCode":"67114","postalCodePrefix":"","gisServerId":"diaphanhanhchinhcapxa_2025.2272","areaKm2":86.4},"id":"25195"},
{"type":"Feature","geometry":{"type":"Polygon","coordinates":[[[106.8933,11.5682],[106.8925,11.5685],[106.8858,11.5687],[106.8841,11.57],[106.8832,11.5696],[106.878,11.5696],[106.8737,11.5691],[106.8721,11.5686],[106.8668,11.5659],[106.8599,11.5649],[106.8547,11.5648],[106.8546,11.5593],[106.8538,11.5596],[106.8531,11.5595],[106.8523,11.5599],[106.8515,11.5597],[106.8512,11.5601],[106.85,11.56],[106.8489,11.5604],[106.8485,11.5601],[106.8464,11.5605],[106.845,11.56],[106.8422,11.56],[106.84,11.5585],[106.8388,11.558],[106.8388,11.5574],[106.8384,11.5572],[106.8378,11.556],[106.8374,11.5561],[106.8368,11.5549],[106.8362,11.5542],[106.8359,11.5542],[106.8347,11.5531],[106.8333,11.5529],[106.833,11.5524],[106.8323,11.5522],[106.8303,11.5499],[106.8302,11.5527],[106.8162,11.5524],[106.8158,11.564],[106.8154,11.5639],[106.815,11.5634],[106.8143,11.5634],[106.8132,11.5621],[106.8112,11.5615],[106.8108,11.561],[106.8093,11.5608],[106.8081,11.5611],[106.8078,11.5607],[106.8061,11.5602],[106.805,11.5605],[106.803,11.5605],[106.8024,11.561],[106.8021,11.5606],[106.8017,11.5606],[106.7995,11.5611],[106.7991,11.5609],[106.7991,11.5613],[106.7985,11.5615],[106.7979,11.5621],[106.798,11.5624],[106.7973,11.5626],[106.7967,11.5634],[106.7969,11.5638],[106.7965,11.564],[106.7964,11.5646],[106.7956,11.5641],[106.7951,11.5651],[106.7946,11.5652],[106.7941,11.5657],[106.7937,11.5654],[106.7936,11.5649],[106.7926,11.5646],[106.7918,11.5647],[106.7918,11.5636],[106.7911,11.5636],[106.7912,11.563],[106.7899,11.5632],[106.7897,11.5623],[106.7894,11.5632],[106.789,11.5635],[106.7886,11.5634],[106.7886,11.5631],[106.7892,11.5628],[106.7873,11.5611],[106.7886,11.5608],[106.7886,11.5598],[106.7891,11.5591],[106.788,11.5594],[106.7874,11.5587],[106.7876,11.5583],[106.7871,11.5581],[106.7868,11.5589],[106.7864,11.5591],[106.7861,11.5581],[106.7848,11.558],[106.7852,11.5575],[106.7852,11.5569],[106.7846,11.5567],[106.7835,11.5569],[106.7844,11.5561],[106.7844,11.555],[106.7837,11.555],[106.782,11.5558],[106.7808,11.555],[106.7804,11.5559],[106.7792,11.5559],[106.7787,11.5557],[106.7783,11.5565],[106.7778,11.556],[106.7773,11.5561],[106.7766,11.5557],[106.7748,11.5562],[106.7728,11.5562],[106.7693,11.5528],[106.7661,11.5525],[106.7637,11.5527],[106.7627,11.5523],[106.7623,11.551],[106.7625,11.5495],[106.7647,11.5457],[106.7665,11.5435],[106.7666,11.5427],[106.7662,11.5419],[106.7642,11.5408],[106.763,11.5398],[106.7602,11.537],[106.7599,11.5364],[106.7599,11.5357],[106.7603,11.5348],[106.7636,11.5318],[106.7637,11.5311],[106.7625,11.5299],[106.7588,11.528],[106.7577,11.527],[106.7575,11.5265],[106.7577,11.5258],[106.7583,11.5251],[106.7601,11.5246],[106.7621,11.5247],[106.764,11.5239],[106.7646,11.5233],[106.7647,11.5223],[106.7626,11.5182],[106.7622,11.5166],[106.7633,11.5159],[106.7678,11.5145],[106.7683,11.514],[106.7688,11.5115],[106.7682,11.5097],[106.7676,11.5088],[106.7627,11.5064],[106.7618,11.5058],[106.7605,11.504],[106.7611,11.5001],[106.7609,11.4993],[106.7596,11.4975],[106.7595,11.4967],[106.7605,11.4958],[106.7646,11.4934],[106.7653,11.4927],[106.7653,11.492],[106.7643,11.4916],[106.7615,11.4917],[106.7566,11.4911],[106.7552,11.4897],[106.7551,11.4891],[106.758,11.4868],[106.7602,11.4858],[106.7613,11.4857],[106.7621,11.4863],[106.7631,11.4865],[106.7651,11.4859],[106.7663,11.4848],[106.7664,11.482],[106.7674,11.4811],[106.7685,11.4827],[106.7689,11.4827],[106.7695,11.4822],[106.7701,11.4826],[106.7708,11.4824],[106.7719,11.4826],[106.7742,11.4825],[106.7751,11.4828],[106.7758,11.4837],[106.7783,11.4848],[106.7793,11.4864],[106.781,11.4876],[106.7838,11.4888],[106.7861,11.4889],[106.7874,11.4899],[106.7889,11.4903],[106.7893,11.491],[106.7904,11.4918],[106.7913,11.4918],[106.7936,11.4911],[106.7946,11.4913],[106.7951,11.491],[106.7965,11.4913],[106.797,11.4911],[106.7974,11.4919],[106.799,11.493],[106.7987,11.4937],[106.7992,11.4946],[106.7988,11.4951],[106.7992,11.4962],[106.8001,11.4963],[106.8004,11.497],[106.8012,11.4967],[106.8029,11.4987],[106.804,11.4993],[106.804,11.5007],[106.8059,11.5011],[106.8061,11.5019],[106.8067,11.502],[106.8072,11.5025],[106.8071,11.5029],[106.8077,11.5031],[106.808,11.5029],[106.8095,11.5036],[106.8096,11.5041],[106.8108,11.505],[106.8111,11.5048],[106.8129,11.505],[106.8129,11.5054],[106.8138,11.5058],[106.8141,11.5055],[106.8149,11.5055],[106.8159,11.5065],[106.8169,11.5068],[106.8173,11.5066],[106.8174,11.507],[106.8184,11.5066],[106.8188,11.5067],[106.8187,11.5063],[106.819,11.5066],[106.8193,11.5064],[106.8195,11.5066],[106.8203,11.5065],[106.8206,11.5061],[106.8213,11.5063],[106.8214,11.506],[106.8216,11.5063],[106.822,11.5062],[106.8222,11.5066],[106.8223,11.5062],[106.823,11.5068],[106.8242,11.507],[106.8255,11.5066],[106.8273,11.5078],[106.8274,11.5072],[106.828,11.5077],[106.829,11.5072],[106.8302,11.5077],[106.8305,11.5073],[106.8306,11.5077],[106.8308,11.5074],[106.8311,11.5076],[106.8312,11.5072],[106.832,11.5076],[106.832,11.5068],[106.8326,11.507],[106.8327,11.5065],[106.8337,11.5067],[106.8338,11.5062],[106.8349,11.5067],[106.8349,11.5063],[106.8358,11.5065],[106.836,11.5073],[106.8364,11.5071],[106.8372,11.5075],[106.8374,11.5073],[106.838,11.5075],[106.8379,11.508],[106.8383,11.5078],[106.8384,11.5082],[106.8394,11.5079],[106.8398,11.5083],[106.8398,11.5087],[106.8406,11.5084],[106.8408,11.5088],[106.8413,11.5088],[106.8416,11.5085],[106.8416,11.5092],[106.842,11.5087],[106.8426,11.509],[106.8429,11.5089],[106.8429,11.5086],[106.8438,11.5088],[106.8449,11.5087],[106.8452,11.5082],[106.8457,11.5089],[106.8465,11.5091],[106.8469,11.5088],[106.8472,11.509],[106.8475,11.5087],[106.8484,11.5093],[106.8491,11.5087],[106.849,11.5083],[106.8499,11.5082],[106.8503,11.5077],[106.8503,11.5073],[106.8507,11.5074],[106.8512,11.5071],[106.8514,11.5065],[106.8525,11.5067],[106.853,11.5065],[106.8533,11.5069],[106.8535,11.5065],[106.8539,11.5069],[106.8543,11.5067],[106.8545,11.5071],[106.8551,11.507],[106.8553,11.5077],[106.8563,11.5083],[106.8572,11.5081],[106.8583,11.5086],[106.8597,11.5096],[106.8604,11.5097],[106.8615,11.509],[106.8634,11.5091],[106.8634,11.5085],[106.8638,11.5079],[106.8638,11.5073],[106.8643,11.5066],[106.8643,11.5061],[106.8648,11.5059],[106.8663,11.5064],[106.8677,11.5074],[106.8704,11.508],[106.871,11.5112],[106.8714,11.5116],[106.8719,11.5136],[106.8724,11.5143],[106.8735,11.5145],[106.8738,11.5159],[106.8728,11.516],[106.8729,11.5187],[106.8704,11.5188],[106.8702,11.5202],[106.871,11.5228],[106.8715,11.5233],[106.8715,11.5238],[106.8708,11.5246],[106.8731,11.525],[106.8724,11.5292],[106.8729,11.5294],[106.8726,11.5304],[106.8712,11.5322],[106.8708,11.5344],[106.8701,11.5354],[106.8703,11.5357],[106.8719,11.5358],[106.8729,11.5371],[106.8741,11.5379],[106.8726,11.5437],[106.874,11.5453],[106.8757,11.546],[106.8779,11.5498],[106.8797,11.5504],[106.8811,11.5513],[106.8813,11.5515],[106.8807,11.5521],[106.8841,11.5546],[106.8851,11.555],[106.8854,11.5562],[106.8866,11.5571],[106.8853,11.5617],[106.886,11.562],[106.8864,11.5631],[106.8878,11.5643],[106.8876,11.5647],[106.8881,11.5649],[106.8882,11.5653],[106.8928,11.5675],[106.8933,11.5682]]]},"properties":{"code":"25210","name":"Đồng Xoài","nameEn":"Dong Xoai","fullName":"Phường Đồng Xoài","fullNameEn":"Dong Xoai Ward","codeName":"dong_xoai","postalCode":"67115","postalCodePrefix":"","gisServerId":"diaphanhanhchinhcapxa_2025.2273","areaKm2":81.3},"id":"25210"},
{"type":"Feature","geometry":{"type":"Polygon","coordinates":[[[107.0617,11.8349],[107.0608,11.8377],[107.0599,11.8393],[107.0573,11.8431],[107.0555,11.8447],[107.053,11.8457],[107.0464,11.8465],[107.0433,11.8464],[107.0382,11.8446],[107.0363,11.8429],[107.0345,11.8427],[107.0332,11.8431],[107.0297,11.8469],[107.0288,11.849],[107.0288,11.8536],[107.0285,11.8539],[107.0255,11.8551],[107.0234,11.8565],[107.019,11.8578],[107.0193,11.8591],[107.0184,11.86],[107.0175,11.8619],[107.014,11.8644],[107.0134,11.8658],[107.0127,11.8666],[107.0113,11.8669],[107.0104,11.8677],[107.01,11.8685],[107.0106,11.8691],[107.0104,11.8693],[107.0093,11.8693],[107.0086,11.868],[107.0075,11.8675],[107.0041,11.867],[107.0003,11.8649],[106.9953,11.8635],[106.9945,11.8625],[106.9934,11.859],[106.9912,11.858],[106.9901,11.8577],[106.9891,11.8578],[106.986,11.8613],[106.9855,11.8608],[106.9849,11.8608],[106.9841,11.8581],[106.9843,11.8579],[106.985,11.8581],[106.9863,11.8572],[106.9855,11.8566],[106.9859,11.8565],[106.9855,11.855],[106.9859,11.8543],[106.9863,11.8542],[106.9864,11.8548],[106.9874,11.8538],[106.9877,11.8522],[106.9872,11.852],[106.9872,11.8503],[106.9877,11.849],[106.9877,11.8481],[106.9885,11.848],[106.9898,11.8458],[106.9906,11.8456],[106.9897,11.8451],[106.99,11.8443],[106.9903,11.8441],[106.99,11.843],[106.9907,11.8432],[106.9901,11.8417],[106.9905,11.8411],[106.9902,11.8397],[106.9904,11.8391],[106.9897,11.8388],[106.9894,11.8383],[106.99,11.8374],[106.9895,11.837],[106.9895,11.8364],[106.9901,11.8359],[106.9899,11.8349],[106.989,11.8359],[106.9887,11.837],[106.9875,11.8382],[106.9874,11.8394],[106.9858,11.8396],[106.9857,11.8386],[106.9828,11.8386],[106.9802,11.8399],[106.9797,11.839],[106.9747,11.833],[106.9743,11.8333],[106.9735,11.8331],[106.9722,11.8332],[106.9722,11.8338],[106.9715,11.8349],[106.9705,11.836],[106.9696,11.8364],[106.969,11.8374],[106.9672,11.835],[106.965,11.8334],[106.9644,11.8325],[106.964,11.8312],[106.9635,11.8312],[106.9635,11.8315],[106.9632,11.8312],[106.961,11.8315],[106.9609,11.8311],[106.9655,11.8247],[106.9669,11.8258],[106.9689,11.823],[106.9681,11.821],[106.9718,11.8168],[106.9727,11.8155],[106.9731,11.814],[106.975,11.8135],[106.9759,11.8125],[106.9758,11.8122],[106.9742,11.8106],[106.9753,11.8106],[106.9764,11.8096],[106.9779,11.809],[106.9796,11.8091],[106.9797,11.8096],[106.9805,11.8102],[106.9809,11.8119],[106.9815,11.8127],[106.982,11.813],[106.9829,11.8125],[106.9827,11.8115],[106.9832,11.811],[106.9832,11.8105],[106.9828,11.8105],[106.9828,11.81],[106.9812,11.8095],[106.9807,11.8084],[106.982,11.8066],[106.9819,11.8059],[106.983,11.8057],[106.9832,11.805],[106.9844,11.8049],[106.9843,11.8056],[106.9847,11.8056],[106.9856,11.8037],[106.9851,11.8028],[106.9873,11.8013],[106.9882,11.8011],[106.9882,11.8005],[106.9876,11.8003],[106.9876,11.8],[106.9901,11.7981],[106.9895,11.7962],[106.9898,11.7951],[106.9906,11.795],[106.9908,11.7944],[106.9901,11.7939],[106.99,11.7934],[106.9895,11.7935],[106.9887,11.7926],[106.9891,11.7923],[106.989,11.7919],[106.9895,11.7917],[106.9893,11.7907],[106.9897,11.79],[106.989,11.7895],[106.9892,11.7892],[106.9884,11.7883],[106.9853,11.7859],[106.9837,11.7861],[106.984,11.7867],[106.9836,11.7871],[106.9838,11.7873],[106.9837,11.7875],[106.9841,11.7879],[106.984,11.7882],[106.9831,11.7882],[106.9825,11.7887],[106.9829,11.7897],[106.9799,11.7919],[106.9787,11.7922],[106.9775,11.7914],[106.9766,11.7904],[106.9757,11.7901],[106.9743,11.7884],[106.9731,11.7875],[106.9712,11.7853],[106.9703,11.7838],[106.9687,11.7822],[106.9664,11.7816],[106.9659,11.7806],[106.9647,11.7803],[106.9665,11.7791],[106.9665,11.7782],[106.9668,11.7777],[106.9686,11.7763],[106.9701,11.776],[106.9717,11.7769],[106.9729,11.7771],[106.9736,11.778],[106.9742,11.7796],[106.978,11.7813],[106.9823,11.7809],[106.9838,11.78],[106.9857,11.7802],[106.9866,11.7798],[106.9884,11.7799],[106.9896,11.7791],[106.9917,11.7784],[106.9928,11.7786],[106.9934,11.7775],[106.9939,11.777],[106.9945,11.7755],[106.9951,11.7746],[106.9961,11.7734],[106.9968,11.7735],[106.9979,11.7738],[107.0007,11.776],[107.0035,11.7775],[107.005,11.7802],[107.0065,11.7817],[107.0081,11.7848],[107.0095,11.7864],[107.0144,11.7913],[107.0187,11.7945],[107.0199,11.7946],[107.0239,11.794],[107.0268,11.7942],[107.029,11.7937],[107.0301,11.792],[107.0309,11.7891],[107.0332,11.7861],[107.0339,11.7839],[107.0344,11.7835],[107.0368,11.7833],[107.0384,11.7837],[107.0406,11.7833],[107.0434,11.7836],[107.0462,11.7828],[107.0484,11.7832],[107.05,11.7841],[107.052,11.7864],[107.0544,11.7901],[107.0575,11.7903],[107.0592,11.7924],[107.0614,11.7938],[107.0648,11.7951],[107.0681,11.7975],[107.0701,11.7985],[107.0736,11.7992],[107.0737,11.7998],[107.0767,11.8012],[107.0772,11.8017],[107.0773,11.8022],[107.0768,11.8043],[107.0741,11.8068],[107.0731,11.8086],[107.0731,11.8102],[107.0744,11.8131],[107.074,11.814],[107.0723,11.815],[107.0687,11.8141],[107.0674,11.8144],[107.0671,11.8155],[107.068,11.8172],[107.0681,11.8185],[107.0659,11.8214],[107.0655,11.8215],[107.065,11.8216],[107.0638,11.8209],[107.0622,11.8179],[107.0611,11.8166],[107.0591,11.8168],[107.0586,11.8174],[107.0587,11.8224],[107.058,11.8246],[107.0562,11.827],[107.0546,11.8308],[107.0567,11.8329],[107.0584,11.8342],[107.0617,11.8349]]]},"properties":{"code":"25217","name":"Phước Long","nameEn":"Phuoc Long","fullName":"Phường Phước Long","fullNameEn":"Phuoc Long Ward","codeName":"phuoc_long","postalCode":"67716","postalCodePrefix":"","gisServerId":"diaphanhanhchinhcapxa_2025.2274","areaKm2":71.9},"id":"25217"},
{"type":"Feature","geometry":{"type":"Polygon","coordinates":[[[106.986,11.8613],[106.9804,11.8661],[106.9815,11.8665],[106.9827,11.8679],[106.9836,11.8676],[106.9835,11.8684],[106.9838,11.8689],[106.9846,11.8689],[106.9839,11.8703],[106.9846,11.8722],[106.9853,11.8726],[106.9647,11.8726],[106.9645,11.8724],[106.9644,11.8728],[106.964,11.8725],[106.9635,11.8727],[106.9615,11.876],[106.9603,11.8773],[106.9568,11.8758],[106.9553,11.8755],[106.9551,11.875],[106.9547,11.8747],[106.9534,11.8756],[106.9533,11.8761],[106.9513,11.8767],[106.9499,11.8765],[106.9494,11.8762],[106.947,11.8766],[106.927,11.8692],[106.9267,11.8693],[106.9264,11.8703],[106.9259,11.8702],[106.9247,11.8711],[106.9248,11.8716],[106.9237,11.8715],[106.9236,11.8723],[106.9221,11.8727],[106.9222,11.8722],[106.9215,11.873],[106.9206,11.8729],[106.9199,11.8735],[106.9197,11.8728],[106.918,11.872],[106.9179,11.8728],[106.9157,11.8735],[106.9176,11.8707],[106.9185,11.8683],[106.9201,11.8661],[106.9214,11.863],[106.9213,11.8621],[106.9204,11.861],[106.9177,11.8558],[106.9147,11.8555],[106.9041,11.847],[106.9036,11.8473],[106.9027,11.847],[106.902,11.8473],[106.902,11.8469],[106.9016,11.847],[106.9011,11.8466],[106.9005,11.8467],[106.9003,11.8461],[106.8984,11.846],[106.8979,11.8462],[106.8976,11.8475],[106.8967,11.8481],[106.8963,11.8477],[106.8961,11.8479],[106.8957,11.8477],[106.8955,11.8472],[106.8942,11.8468],[106.893,11.8469],[106.8928,11.8474],[106.8918,11.8479],[106.8917,11.8483],[106.8913,11.8485],[106.8906,11.8485],[106.8905,11.8481],[106.8891,11.8479],[106.8893,11.8476],[106.8886,11.8473],[106.8884,11.8466],[106.8878,11.8463],[106.8882,11.8448],[106.8876,11.8447],[106.8885,11.8426],[106.8879,11.8425],[106.8879,11.8418],[106.8871,11.8418],[106.8869,11.8412],[106.8858,11.8415],[106.8852,11.839],[106.8852,11.8385],[106.8869,11.8377],[106.8867,11.8372],[106.8862,11.8363],[106.8858,11.8364],[106.8856,11.835],[106.8844,11.8349],[106.8841,11.8328],[106.8834,11.8329],[106.8825,11.8337],[106.8817,11.8338],[106.8793,11.8347],[106.8785,11.8337],[106.8764,11.8343],[106.8761,11.8338],[106.8751,11.834],[106.8745,11.8336],[106.8726,11.8336],[106.8717,11.8331],[106.8702,11.8319],[106.8651,11.826],[106.863,11.8246],[106.861,11.8238],[106.863,11.8233],[106.8633,11.8222],[106.865,11.8222],[106.8666,11.8217],[106.8682,11.8215],[106.8695,11.8209],[106.8697,11.819],[106.8702,11.8173],[106.8728,11.8124],[106.8738,11.8083],[106.8752,11.8092],[106.876,11.8107],[106.8763,11.8107],[106.8764,11.811],[106.8768,11.8107],[106.8775,11.8112],[106.8786,11.8112],[106.8827,11.8128],[106.8845,11.8126],[106.8849,11.813],[106.8852,11.8129],[106.8857,11.8139],[106.8866,11.8143],[106.887,11.8139],[106.8886,11.8137],[106.8893,11.8147],[106.891,11.816],[106.8916,11.8162],[106.8918,11.8168],[106.8931,11.8177],[106.894,11.8174],[106.895,11.8177],[106.8969,11.8193],[106.8978,11.8196],[106.8984,11.8209],[106.8995,11.8215],[106.9018,11.8219],[106.9035,11.8225],[106.9071,11.8211],[106.9106,11.8212],[106.9125,11.8216],[106.9137,11.823],[106.9173,11.824],[106.9188,11.825],[106.919,11.8256],[106.9201,11.8267],[106.9202,11.8265],[106.9214,11.8265],[106.9235,11.824],[106.924,11.8228],[106.9239,11.8208],[106.9242,11.8194],[106.9253,11.8184],[106.9288,11.8162],[106.9331,11.8114],[106.9333,11.8101],[106.933,11.8071],[106.9335,11.8059],[106.9335,11.8045],[106.9331,11.803],[106.9322,11.801],[106.9336,11.8013],[106.9351,11.8024],[106.9365,11.804],[106.9375,11.8045],[106.9385,11.8047],[106.9393,11.8052],[106.9404,11.8033],[106.9408,11.8035],[106.9407,11.8028],[106.9425,11.7984],[106.9425,11.7969],[106.9441,11.7946],[106.9457,11.7933],[106.9457,11.7926],[106.9461,11.7921],[106.9458,11.7911],[106.9457,11.7889],[106.9466,11.7886],[106.9465,11.788],[106.9481,11.7883],[106.9485,11.7893],[106.9503,11.7903],[106.951,11.7922],[106.9534,11.7942],[106.9542,11.7953],[106.9555,11.7955],[106.9568,11.7943],[106.9577,11.7918],[106.9609,11.7871],[106.962,11.7868],[106.9626,11.7863],[106.9629,11.7846],[106.9622,11.7829],[106.9625,11.7813],[106.9647,11.7803],[106.9659,11.7806],[106.9664,11.7816],[106.9687,11.7822],[106.9703,11.7838],[106.9712,11.7853],[106.9731,11.7875],[106.9743,11.7884],[106.9757,11.7901],[106.9766,11.7904],[106.9775,11.7914],[106.9787,11.7922],[106.9799,11.7919],[106.9829,11.7897],[106.9825,11.7887],[106.9831,11.7882],[106.984,11.7882],[106.9841,11.7879],[106.9837,11.7875],[106.9838,11.7873],[106.9836,11.7871],[106.984,11.7867],[106.9837,11.7861],[106.9853,11.7859],[106.9884,11.7883],[106.9892,11.7892],[106.989,11.7895],[106.9897,11.79],[106.9893,11.7907],[106.9895,11.7917],[106.989,11.7919],[106.9891,11.7923],[106.9887,11.7926],[106.9895,11.7935],[106.99,11.7934],[106.9901,11.7939],[106.9908,11.7944],[106.9906,11.795],[106.9898,11.7951],[106.9895,11.7962],[106.9901,11.7981],[106.9876,11.8],[106.9876,11.8003],[106.9882,11.8005],[106.9882,11.8011],[106.9873,11.8013],[106.9851,11.8028],[106.9856,11.8037],[106.9847,11.8056],[106.9843,11.8056],[106.9844,11.8049],[106.9832,11.805],[106.983,11.8057],[106.9819,11.8059],[106.982,11.8066],[106.9807,11.8084],[106.9812,11.8095],[106.9828,11.81],[106.9828,11.8105],[106.9832,11.8105],[106.9832,11.811],[106.9827,11.8115],[106.9829,11.8125],[106.982,11.813],[106.9815,11.8127],[106.9809,11.8119],[106.9805,11.8102],[106.9797,11.8096],[106.9796,11.8091],[106.9779,11.809],[106.9764,11.8096],[106.9753,11.8106],[106.9742,11.8106],[106.9758,11.8122],[106.9759,11.8125],[106.975,11.8135],[106.9731,11.814],[106.9727,11.8155],[106.9718,11.8168],[106.9681,11.821],[106.9689,11.823],[106.9669,11.8258],[106.9655,11.8247],[106.9609,11.8311],[106.961,11.8315],[106.9632,11.8312],[106.9635,11.8315],[106.9635,11.8312],[106.964,11.8312],[106.9644,11.8325],[106.965,11.8334],[106.9672,11.835],[106.969,11.8374],[106.9696,11.8364],[106.9705,11.836],[106.9715,11.8349],[106.9722,11.8338],[106.9722,11.8332],[106.9735,11.8331],[106.9743,11.8333],[106.9747,11.833],[106.9797,11.839],[106.9802,11.8399],[106.9828,11.8386],[106.9857,11.8386],[106.9858,11.8396],[106.9874,11.8394],[106.9875,11.8382],[106.9887,11.837],[106.989,11.8359],[106.9899,11.8349],[106.9901,11.8359],[106.9895,11.8364],[106.9895,11.837],[106.99,11.8374],[106.9894,11.8383],[106.9897,11.8388],[106.9904,11.8391],[106.9902,11.8397],[106.9905,11.8411],[106.9901,11.8417],[106.9907,11.8432],[106.99,11.843],[106.9903,11.8441],[106.99,11.8443],[106.9897,11.8451],[106.9906,11.8456],[106.9898,11.8458],[106.9885,11.848],[106.9877,11.8481],[106.9877,11.849],[106.9872,11.8503],[106.9872,11.852],[106.9877,11.8522],[106.9874,11.8538],[106.9864,11.8548],[106.9863,11.8542],[106.9859,11.8543],[106.9855,11.855],[106.9859,11.8565],[106.9855,11.8566],[106.9863,11.8572],[106.985,11.8581],[106.9843,11.8579],[106.9841,11.8581],[106.9849,11.8608],[106.9855,11.8608],[106.986,11.8613]]]},"properties":{"code":"25220","name":"Phước Bình","nameEn":"Phuoc Binh","fullName":"Phường Phước Bình","fullNameEn":"Phuoc Binh Ward","codeName":"phuoc_binh","postalCode":"67407","postalCodePrefix":"","gisServerId":"diaphanhanhchinhcapxa_2025.2275","areaKm2":72.6},"id":"25220"},
{"type":"Feature","geometry":{"type":"Polygon","coordinates":[[[107.0773,12.1624],[107.0774,12.162],[107.078,12.1618],[107.0799,12.1622],[107.0813,12.1638],[107.0827,12.1631],[107.0834,12.1626],[107.0833,12.1616],[107.084,12.1609],[107.0834,12.16],[107.0839,12.1592],[107.0853,12.1587],[107.0859,12.1594],[107.0869,12.1586],[107.0864,12.1572],[107.0866,12.157],[107.088,12.157],[107.0893,12.1579],[107.0916,12.1579],[107.0914,12.1565],[107.0921,12.1562],[107.0929,12.1564],[107.0927,12.1556],[107.0946,12.1545],[107.0945,12.153],[107.0952,12.153],[107.0964,12.1512],[107.0974,12.1521],[107.0978,12.1516],[107.0974,12.151],[107.0975,12.1508],[107.0992,12.1509],[107.1001,12.1506],[107.1003,12.1513],[107.1013,12.1505],[107.1023,12.1512],[107.1027,12.1509],[107.1031,12.1512],[107.1038,12.1511],[107.1044,12.1504],[107.1049,12.1507],[107.1059,12.1506],[107.107,12.1498],[107.108,12.1498],[107.1108,12.1482],[107.1126,12.1479],[107.115,12.147],[107.1175,12.1456],[107.1183,12.1444],[107.1184,12.1438],[107.1178,12.1422],[107.118,12.1406],[107.116,12.1388],[107.1156,12.1374],[107.1173,12.1362],[107.1171,12.1354],[107.1179,12.1339],[107.1195,12.1334],[107.1205,12.1323],[107.1212,12.13],[107.1224,12.1287],[107.1238,12.1284],[107.1244,12.1277],[107.1255,12.1273],[107.1265,12.1264],[107.1283,12.1255],[107.129,12.1247],[107.1298,12.1223],[107.1303,12.1175],[107.132,12.1131],[107.1333,12.1123],[107.1358,12.1125],[107.1363,12.1118],[107.1371,12.1116],[107.1374,12.1108],[107.1378,12.1107],[107.1379,12.1099],[107.1384,12.1097],[107.1388,12.1089],[107.14,12.1093],[107.1405,12.1076],[107.1403,12.1066],[107.1393,12.1055],[107.1396,12.1034],[107.1387,12.1021],[107.1388,12.1013],[107.1384,12.1008],[107.1388,12.1002],[107.1386,12.0994],[107.1391,12.0989],[107.1392,12.098],[107.1389,12.097],[107.139,12.0957],[107.1385,12.0956],[107.1385,12.0948],[107.1377,12.0948],[107.1379,12.0942],[107.1375,12.0938],[107.1377,12.0935],[107.1373,12.0926],[107.1374,12.0923],[107.1377,12.0924],[107.138,12.091],[107.1368,12.0891],[107.1363,12.0889],[107.137,12.0889],[107.1372,12.0885],[107.1362,12.0883],[107.136,12.088],[107.1358,12.0884],[107.1354,12.088],[107.1347,12.088],[107.1343,12.0873],[107.1345,12.0855],[107.1343,12.0854],[107.1341,12.0858],[107.134,12.0857],[107.1341,12.085],[107.135,12.0841],[107.1347,12.0837],[107.1342,12.0837],[107.1343,12.0828],[107.1339,12.0825],[107.134,12.0816],[107.1348,12.0811],[107.1349,12.0806],[107.1342,12.0801],[107.1332,12.0802],[107.1329,12.079],[107.1316,12.0783],[107.13,12.0791],[107.1297,12.0782],[107.1293,12.0784],[107.129,12.078],[107.1298,12.0774],[107.129,12.077],[107.1291,12.0767],[107.1284,12.0762],[107.1291,12.076],[107.1294,12.0756],[107.1295,12.0752],[107.1292,12.0747],[107.1296,12.0742],[107.1284,12.0725],[107.1292,12.072],[107.1295,12.0704],[107.1308,12.0689],[107.1292,12.0679],[107.1298,12.0675],[107.1288,12.0675],[107.1291,12.0658],[107.1272,12.0661],[107.1269,12.0637],[107.1254,12.0634],[107.1253,12.064],[107.1251,12.064],[107.1247,12.0639],[107.1245,12.0632],[107.1242,12.0638],[107.1226,12.0632],[107.1208,12.0634],[107.1215,12.0615],[107.1189,12.0605],[107.119,12.0593],[107.1184,12.0588],[107.1189,12.058],[107.1186,12.0572],[107.1193,12.0566],[107.1189,12.0564],[107.1181,12.0566],[107.1172,12.0556],[107.118,12.0541],[107.1172,12.0541],[107.1171,12.0537],[107.1176,12.0517],[107.1175,12.0507],[107.1183,12.0491],[107.1176,12.0478],[107.1175,12.0468],[107.1187,12.0456],[107.1188,12.0435],[107.1179,12.0423],[107.1181,12.0399],[107.1177,12.0398],[107.1176,12.0394],[107.1169,12.0399],[107.1167,12.0395],[107.116,12.0397],[107.1156,12.0384],[107.1152,12.0382],[107.1144,12.0383],[107.1143,12.0379],[107.1148,12.0366],[107.1161,12.035],[107.1164,12.0342],[107.1173,12.034],[107.1169,12.0333],[107.1174,12.0331],[107.1187,12.0334],[107.1191,12.0327],[107.1195,12.0331],[107.12,12.033],[107.1196,12.0317],[107.1177,12.0301],[107.1179,12.0295],[107.1194,12.0287],[107.1195,12.028],[107.1174,12.0272],[107.1164,12.0266],[107.1161,12.026],[107.1164,12.0232],[107.1179,12.023],[107.1172,12.022],[107.1169,12.0207],[107.1183,12.0204],[107.1176,12.0193],[107.118,12.0184],[107.1191,12.0178],[107.1192,12.0173],[107.119,12.0168],[107.118,12.0164],[107.1186,12.0155],[107.1178,12.0148],[107.1174,12.0138],[107.1148,12.0146],[107.1126,12.013],[107.111,12.0136],[107.1096,12.0137],[107.1086,12.0121],[107.1091,12.0109],[107.1103,12.0098],[107.1103,12.0095],[107.1087,12.0074],[107.1077,12.0072],[107.1075,12.0069],[107.1102,12.0046],[107.1093,12.004],[107.1089,12.003],[107.1083,12.0026],[107.1074,12.0027],[107.1073,12.0024],[107.1084,12.0014],[107.1092,12.001],[107.1083,11.9997],[107.108,11.9983],[107.1112,11.9987],[107.1113,11.9981],[107.1127,11.9961],[107.1123,11.9946],[107.1113,11.9944],[107.1114,11.9934],[107.1131,11.993],[107.114,11.992],[107.1162,11.9923],[107.1168,11.9939],[107.1188,11.9954],[107.1201,11.9983],[107.121,11.999],[107.1217,12.0014],[107.123,12.0028],[107.1242,12.0028],[107.1258,12.0015],[107.1279,12.0011],[107.1337,12.004],[107.1369,12.0048],[107.1381,12.0047],[107.1405,12.0031],[107.1425,12.0031],[107.1444,11.9999],[107.1447,11.9978],[107.1466,11.996],[107.1471,11.9951],[107.146,11.9927],[107.1459,11.9919],[107.1465,11.9901],[107.1466,11.9902],[107.1488,11.9914],[107.1485,11.9929],[107.1487,11.9936],[107.1515,11.9936],[107.1528,11.9949],[107.1561,11.9968],[107.158,11.9965],[107.158,11.9973],[107.1568,11.999],[107.1562,12.0002],[107.1562,12.0008],[107.1569,12.0019],[107.1581,12.002],[107.1603,12.0011],[107.1636,12.0007],[107.165,12.0017],[107.1672,12.0038],[107.1682,12.004],[107.1699,12.0033],[107.1711,12.0002],[107.1717,12.0002],[107.1722,12.0006],[107.1726,12.0012],[107.1732,12.0037],[107.1738,12.0047],[107.1749,12.0056],[107.177,12.0061],[107.1787,12.0082],[107.1788,12.009],[107.1781,12.0106],[107.1755,12.0117],[107.1741,12.0131],[107.1737,12.0165],[107.1739,12.0183],[107.173,12.0207],[107.173,12.0218],[107.1739,12.0228],[107.177,12.0234],[107.1776,12.0227],[107.1791,12.0203],[107.18,12.0199],[107.1811,12.02],[107.1822,12.0215],[107.1837,12.0247],[107.1842,12.0263],[107.1857,12.0291],[107.1882,12.0322],[107.1897,12.0331],[107.1919,12.0336],[107.1937,12.0334],[107.1957,12.0318],[107.1975,12.0298],[107.1981,12.0297],[107.1991,12.0297],[107.1999,12.03],[107.2023,12.0317],[107.2041,12.0314],[107.2066,12.0299],[107.2074,12.0297],[107.2083,12.0298],[107.2095,12.031],[107.2109,12.0314],[107.2114,12.0308],[107.2117,12.0286],[107.2174,12.0256],[107.2184,12.0258],[107.2198,12.0266],[107.22,12.0271],[107.2185,12.0283],[107.2168,12.0276],[107.2166,12.0284],[107.2203,12.0327],[107.2219,12.0335],[107.2229,12.0331],[107.2248,12.0311],[107.2275,12.0293],[107.2308,12.0286],[107.2326,12.0303],[107.2324,12.0306],[107.2318,12.0305],[107.2316,12.0315],[107.2313,12.0318],[107.2315,12.0321],[107.2321,12.0317],[107.2325,12.0322],[107.2324,12.0326],[107.2317,12.0325],[107.2315,12.0327],[107.2324,12.0332],[107.2323,12.0336],[107.2319,12.0337],[107.2319,12.0344],[107.233,12.0356],[107.232,12.0361],[107.232,12.037],[107.231,12.0372],[107.2309,12.0374],[107.2328,12.0396],[107.2319,12.041],[107.232,12.0415],[107.2328,12.0424],[107.2331,12.0433],[107.234,12.0442],[107.2331,12.0448],[107.2336,12.0457],[107.2335,12.0466],[107.2326,12.0478],[107.2331,12.0496],[107.2308,12.0522],[107.2311,12.0542],[107.2309,12.0558],[107.2317,12.0566],[107.2318,12.0577],[107.2311,12.0591],[107.232,12.0606],[107.2337,12.0611],[107.2292,12.0861],[107.2299,12.086],[107.2309,12.0865],[107.2311,12.0882],[107.2315,12.089],[107.2328,12.0888],[107.2338,12.09],[107.2345,12.0899],[107.2347,12.0902],[107.2345,12.0915],[107.2324,12.0931],[107.2334,12.0939],[107.2319,12.096],[107.2323,12.0988],[107.2328,12.0995],[107.2338,12.0996],[107.2341,12.1004],[107.2347,12.1011],[107.2342,12.1022],[107.236,12.1033],[107.2367,12.1043],[107.2382,12.1085],[107.2393,12.1103],[107.2393,12.1113],[107.2405,12.1137],[107.2402,12.1143],[107.2389,12.115],[107.2376,12.1147],[107.2352,12.1151],[107.2301,12.1149],[107.2283,12.1203],[107.2263,12.124],[107.2253,12.1251],[107.2233,12.1253],[107.2222,12.1259],[107.2224,12.1268],[107.222,12.1275],[107.2221,12.128],[107.2242,12.1284],[107.2292,12.1339],[107.223,12.1935],[107.2139,12.249],[107.2127,12.2544],[107.2118,12.262],[107.2062,12.2958],[107.2052,12.2962],[107.204,12.298],[107.203,12.2984],[107.2019,12.2982],[107.2003,12.2972],[107.1991,12.2959],[107.1983,12.2955],[107.192,12.2953],[107.1903,12.2948],[107.1902,12.2943],[107.191,12.2921],[107.191,12.2913],[107.1906,12.2911],[107.1892,12.2919],[107.1887,12.2914],[107.1884,12.2899],[107.1878,12.2894],[107.1858,12.2906],[107.1852,12.2906],[107.1856,12.2884],[107.1853,12.2863],[107.1831,12.2833],[107.1824,12.2835],[107.1813,12.285],[107.1796,12.2857],[107.1786,12.2846],[107.1786,12.2833],[107.1777,12.2831],[107.1769,12.2834],[107.1755,12.2828],[107.1763,12.2814],[107.1759,12.2808],[107.1732,12.2799],[107.1699,12.2798],[107.169,12.2794],[107.1678,12.2779],[107.1664,12.2784],[107.1638,12.2778],[107.1623,12.2785],[107.1593,12.2792],[107.1573,12.2778],[107.1555,12.2787],[107.1548,12.2754],[107.1542,12.2753],[107.1517,12.2762],[107.1516,12.2741],[107.1518,12.2735],[107.1533,12.2734],[107.1537,12.273],[107.1536,12.2724],[107.1517,12.2701],[107.1526,12.2676],[107.1527,12.2663],[107.1523,12.2659],[107.1518,12.2658],[107.1505,12.2669],[107.1498,12.267],[107.148,12.2646],[107.146,12.2645],[107.1453,12.2641],[107.1453,12.2634],[107.1466,12.2624],[107.1483,12.2604],[107.1487,12.259],[107.1473,12.2581],[107.1442,12.2589],[107.1437,12.2584],[107.1441,12.2566],[107.1456,12.2561],[107.1461,12.2551],[107.1458,12.253],[107.1443,12.2513],[107.1452,12.2504],[107.1452,12.2499],[107.1446,12.2499],[107.1435,12.2508],[107.1425,12.2503],[107.1413,12.251],[107.1407,12.2509],[107.1399,12.2493],[107.139,12.2482],[107.1394,12.2479],[107.1412,12.2474],[107.1418,12.2468],[107.1418,12.2459],[107.1412,12.2456],[107.1379,12.2451],[107.137,12.2446],[107.1367,12.2424],[107.1375,12.2422],[107.1388,12.2429],[107.1393,12.2426],[107.1393,12.2421],[107.1389,12.2409],[107.1378,12.2393],[107.1373,12.2392],[107.1363,12.2397],[107.1358,12.2396],[107.1356,12.2378],[107.1373,12.2365],[107.1378,12.2367],[107.1387,12.2379],[107.1396,12.2376],[107.14,12.2371],[107.139,12.2345],[107.1401,12.2336],[107.1402,12.2331],[107.1384,12.2315],[107.138,12.2298],[107.1361,12.2297],[107.1354,12.2286],[107.1351,12.2285],[107.1344,12.2286],[107.1337,12.2296],[107.1329,12.2295],[107.1322,12.2279],[107.1295,12.224],[107.129,12.2244],[107.1286,12.2263],[107.1259,12.2274],[107.1254,12.2263],[107.1245,12.2257],[107.1239,12.2248],[107.1241,12.2226],[107.1239,12.2221],[107.1236,12.2219],[107.1218,12.2228],[107.1209,12.2243],[107.1204,12.2244],[107.1201,12.2238],[107.1206,12.2227],[107.1205,12.2194],[107.1197,12.2193],[107.1179,12.2202],[107.1172,12.2201],[107.1166,12.2186],[107.115,12.2163],[107.1144,12.2163],[107.1135,12.2169],[107.1122,12.2182],[107.1124,12.2187],[107.1139,12.2194],[107.1139,12.22],[107.1122,12.2204],[107.1112,12.2197],[107.1105,12.2186],[107.1103,12.2174],[107.1105,12.2149],[107.11,12.2144],[107.1088,12.2145],[107.1076,12.2134],[107.1071,12.2124],[107.107,12.2102],[107.1039,12.2082],[107.1027,12.2088],[107.1016,12.2083],[107.1008,12.2061],[107.1019,12.2029],[107.102,12.2019],[107.0996,12.2013],[107.0996,12.1996],[107.0966,12.1985],[107.0967,12.1979],[107.0976,12.197],[107.0974,12.1954],[107.0985,12.1945],[107.0979,12.1933],[107.0981,12.1912],[107.0975,12.1909],[107.0962,12.1915],[107.0954,12.1916],[107.0951,12.1913],[107.0951,12.1907],[107.0959,12.1892],[107.0961,12.1878],[107.0957,12.1869],[107.0944,12.1862],[107.0934,12.1824],[107.0925,12.1812],[107.0913,12.1811],[107.0887,12.1826],[107.0878,12.1825],[107.0872,12.1817],[107.086,12.1817],[107.0858,12.1826],[107.0878,12.1852],[107.0879,12.1861],[107.0876,12.1865],[107.0857,12.1863],[107.0844,12.1866],[107.0834,12.1865],[107.0811,12.1845],[107.0802,12.1852],[107.079,12.1866],[107.077,12.1876],[107.0758,12.1886],[107.0752,12.1885],[107.0744,12.187],[107.0749,12.1852],[107.0748,12.1845],[107.0723,12.1813],[107.0726,12.1808],[107.0738,12.1806],[107.0739,12.1799],[107.0732,12.1793],[107.0706,12.1785],[107.0698,12.1775],[107.0701,12.1768],[107.071,12.1761],[107.0747,12.1752],[107.076,12.1715],[107.0779,12.1711],[107.0802,12.17],[107.0806,12.1695],[107.0807,12.1688],[107.0794,12.1665],[107.0782,12.166],[107.0779,12.1656],[107.0793,12.1637],[107.0791,12.1626],[107.0773,12.1624]]]},"properties":{"code":"25222","name":"Bù Gia Mập","nameEn":"Bu Gia Map","fullName":"Xã Bù Gia Mập","fullNameEn":"Bu Gia Map Commune","codeName":"bu_gia_map","postalCode":"67513","postalCodePrefix":"","gisServerId":"diaphanhanhchinhcapxa_2025.2306","areaKm2":342.5},"id":"25222"},
{"type":"Feature","geometry":{"type":"Polygon","coordinates":[[[106.9927,12.0934],[106.9929,12.0929],[106.9936,12.0927],[106.9941,12.0917],[106.9946,12.09],[106.9947,12.0881],[106.994,12.0875],[106.9897,12.0875],[106.989,12.0869],[106.9894,12.0858],[106.9902,12.0845],[106.9925,12.0826],[106.9927,12.0814],[106.9918,12.0802],[106.9889,12.081],[106.988,12.0808],[106.9878,12.0803],[106.9882,12.0792],[106.9903,12.0769],[106.9905,12.0758],[106.9897,12.0754],[106.9864,12.0754],[106.9827,12.0749],[106.9807,12.0737],[106.98,12.0728],[106.9798,12.0713],[106.98,12.0705],[106.9813,12.0697],[106.9831,12.0696],[106.9841,12.0717],[106.9861,12.073],[106.9893,12.0715],[106.9897,12.0707],[106.9894,12.0698],[106.9882,12.0688],[106.9833,12.0668],[106.9827,12.0664],[106.9816,12.0639],[106.9828,12.0614],[106.9829,12.0597],[106.9825,12.0583],[106.9797,12.0587],[106.9756,12.0571],[106.974,12.058],[106.9722,12.0576],[106.9717,12.057],[106.9718,12.0557],[106.9742,12.0549],[106.9755,12.0535],[106.9761,12.0523],[106.9757,12.0514],[106.975,12.051],[106.9741,12.0511],[106.9721,12.052],[106.9672,12.0532],[106.9667,12.0514],[106.9669,12.0501],[106.9637,12.0481],[106.9631,12.0473],[106.9635,12.0464],[106.965,12.0451],[106.9657,12.0451],[106.967,12.0458],[106.9673,12.0455],[106.9672,12.0449],[106.9663,12.0444],[106.9655,12.0434],[106.9633,12.0392],[106.96,12.0374],[106.9596,12.0369],[106.9598,12.036],[106.9607,12.0359],[106.9622,12.0363],[106.9633,12.0352],[106.963,12.0339],[106.9616,12.0325],[106.961,12.0311],[106.9613,12.0289],[106.9619,12.0278],[106.9646,12.0279],[106.9682,12.0274],[106.9708,12.0283],[106.9715,12.0277],[106.9715,12.0271],[106.9696,12.0221],[106.9696,12.0197],[106.9703,12.0177],[106.9702,12.017],[106.9674,12.0141],[106.9643,12.0118],[106.9647,12.0094],[106.9645,12.0068],[106.9647,12.0065],[106.9661,12.0064],[106.9664,12.0058],[106.9656,12.0047],[106.9632,12.0041],[106.963,12.0039],[106.9635,12.0031],[106.965,12.0027],[106.9656,12.0018],[106.9667,12.0022],[106.9672,12.0029],[106.9678,12.0032],[106.9701,12.0026],[106.9701,12.0004],[106.9705,11.9998],[106.9719,11.9991],[106.9729,11.9966],[106.9752,11.9958],[106.9752,11.9949],[106.9759,11.9941],[106.9749,11.9928],[106.9761,11.9917],[106.9749,11.9908],[106.9747,11.9891],[106.9761,11.9895],[106.9763,11.9881],[106.977,11.9882],[106.9779,11.9872],[106.9785,11.987],[106.9795,11.988],[106.9822,11.9892],[106.9826,11.9882],[106.9821,11.9872],[106.9835,11.9874],[106.9842,11.9884],[106.9848,11.9882],[106.9858,11.9875],[106.9843,11.9863],[106.9859,11.9855],[106.989,11.9876],[106.9885,11.9881],[106.9871,11.9887],[106.9871,11.9892],[106.9877,11.9904],[106.9887,11.9912],[106.9894,11.9901],[106.9901,11.9898],[106.9903,11.991],[106.9906,11.9912],[106.9909,11.9901],[106.9912,11.99],[106.9917,11.991],[106.992,11.9931],[106.9936,11.9943],[106.9952,11.994],[106.9968,11.995],[106.9973,11.9959],[106.9992,11.9957],[107.0004,11.9962],[107.0012,11.9973],[107.0032,11.9967],[107.0046,11.9972],[107.0066,11.9969],[107.0082,11.998],[107.0092,11.9984],[107.0098,11.9983],[107.0108,11.9968],[107.0118,11.9967],[107.0124,11.9975],[107.012,11.9996],[107.0123,12.0001],[107.0129,12.0002],[107.0139,11.9985],[107.0153,11.9986],[107.0165,11.9993],[107.0187,12.0016],[107.0191,12.0006],[107.0197,12.0004],[107.0197,12.0015],[107.0202,12.0021],[107.0213,12.0026],[107.0211,12.002],[107.0213,12.0016],[107.0224,12.0021],[107.0226,12.0013],[107.0229,12.0018],[107.0241,12.0008],[107.025,12.001],[107.0253,12.0006],[107.0258,12.0019],[107.0268,12.002],[107.0286,12.0029],[107.0292,12.0029],[107.03,12.0021],[107.0307,12.0033],[107.0327,12.0046],[107.0346,12.0044],[107.036,12.0048],[107.0358,12.0053],[107.0364,12.0053],[107.0377,12.0068],[107.0421,12.0097],[107.0421,12.0104],[107.0426,12.0106],[107.043,12.0103],[107.0431,12.0098],[107.0448,12.0092],[107.0455,12.0081],[107.0468,12.0091],[107.048,12.0085],[107.048,12.0077],[107.0486,12.0078],[107.0488,12.0069],[107.0505,12.0069],[107.0507,12.0067],[107.0505,12.0065],[107.0507,12.0059],[107.0513,12.0056],[107.0524,12.006],[107.0536,12.0047],[107.0542,12.0052],[107.0543,12.0047],[107.0552,12.0047],[107.0554,12.0039],[107.056,12.0042],[107.059,12.0015],[107.0605,12.0013],[107.0618,12.0004],[107.0625,12.0002],[107.0625,11.9996],[107.0629,11.9997],[107.0631,11.9991],[107.0644,11.9997],[107.0644,11.9994],[107.0653,11.999],[107.0651,11.9984],[107.0668,11.9982],[107.0681,11.9986],[107.0686,11.9975],[107.0677,11.997],[107.068,11.9961],[107.0691,11.9964],[107.0692,11.996],[107.0704,11.9953],[107.0711,11.9959],[107.0712,11.9957],[107.0725,11.9959],[107.0738,11.9946],[107.0753,11.9949],[107.0765,11.9935],[107.077,11.9934],[107.0775,11.994],[107.0782,11.992],[107.0805,11.9913],[107.0811,11.9907],[107.0813,11.9897],[107.0828,11.9901],[107.0828,11.9897],[107.0837,11.9903],[107.0846,11.989],[107.0861,11.9883],[107.0881,11.9877],[107.0891,11.9881],[107.0902,11.986],[107.091,11.9857],[107.0927,11.986],[107.0928,11.9865],[107.0944,11.9863],[107.0962,11.9851],[107.0977,11.9851],[107.1008,11.9845],[107.1043,11.9833],[107.1047,11.9836],[107.1054,11.9834],[107.1061,11.984],[107.1057,11.9852],[107.1066,11.9851],[107.1066,11.9858],[107.1071,11.9866],[107.1064,11.9882],[107.1074,11.9884],[107.1091,11.9881],[107.1107,11.9886],[107.1108,11.989],[107.11,11.9898],[107.1103,11.9907],[107.1118,11.9905],[107.1131,11.991],[107.1143,11.99],[107.1146,11.9914],[107.114,11.992],[107.1131,11.993],[107.1114,11.9934],[107.1113,11.9944],[107.1123,11.9946],[107.1127,11.9961],[107.1113,11.9981],[107.1112,11.9987],[107.108,11.9983],[107.1083,11.9997],[107.1092,12.001],[107.1084,12.0014],[107.1073,12.0024],[107.1074,12.0027],[107.1083,12.0026],[107.1089,12.003],[107.1093,12.004],[107.1102,12.0046],[107.1075,12.0069],[107.1077,12.0072],[107.1087,12.0074],[107.1103,12.0095],[107.1103,12.0098],[107.1091,12.0109],[107.1086,12.0121],[107.1096,12.0137],[107.111,12.0136],[107.1126,12.013],[107.1148,12.0146],[107.1174,12.0138],[107.1178,12.0148],[107.1186,12.0155],[107.118,12.0164],[107.119,12.0168],[107.1192,12.0173],[107.1191,12.0178],[107.118,12.0184],[107.1176,12.0193],[107.1183,12.0204],[107.1169,12.0207],[107.1172,12.022],[107.1179,12.023],[107.1164,12.0232],[107.1161,12.026],[107.1164,12.0266],[107.1174,12.0272],[107.1195,12.028],[107.1194,12.0287],[107.1179,12.0295],[107.1177,12.0301],[107.1196,12.0317],[107.12,12.033],[107.1195,12.0331],[107.1191,12.0327],[107.1187,12.0334],[107.1174,12.0331],[107.1169,12.0333],[107.1173,12.034],[107.1164,12.0342],[107.1161,12.035],[107.1148,12.0366],[107.1143,12.0379],[107.1144,12.0383],[107.1152,12.0382],[107.1156,12.0384],[107.116,12.0397],[107.1167,12.0395],[107.1169,12.0399],[107.1176,12.0394],[107.1177,12.0398],[107.1181,12.0399],[107.1179,12.0423],[107.1188,12.0435],[107.1187,12.0456],[107.1175,12.0468],[107.1176,12.0478],[107.1183,12.0491],[107.1175,12.0507],[107.1176,12.0517],[107.1171,12.0537],[107.1172,12.0541],[107.118,12.0541],[107.1172,12.0556],[107.1181,12.0566],[107.1189,12.0564],[107.1193,12.0566],[107.1186,12.0572],[107.1189,12.058],[107.1184,12.0588],[107.119,12.0593],[107.1189,12.0605],[107.1215,12.0615],[107.1208,12.0634],[107.1226,12.0632],[107.1242,12.0638],[107.1245,12.0632],[107.1247,12.0639],[107.1251,12.064],[107.1253,12.064],[107.1254,12.0634],[107.1269,12.0637],[107.1272,12.0661],[107.1291,12.0658],[107.1288,12.0675],[107.1298,12.0675],[107.1292,12.0679],[107.1308,12.0689],[107.1295,12.0704],[107.1292,12.072],[107.1284,12.0725],[107.1296,12.0742],[107.1292,12.0747],[107.1295,12.0752],[107.1294,12.0756],[107.1291,12.076],[107.1284,12.0762],[107.1291,12.0767],[107.129,12.077],[107.1298,12.0774],[107.129,12.078],[107.1293,12.0784],[107.1297,12.0782],[107.13,12.0791],[107.1316,12.0783],[107.1329,12.079],[107.1332,12.0802],[107.1342,12.0801],[107.1349,12.0806],[107.1348,12.0811],[107.134,12.0816],[107.1339,12.0825],[107.1343,12.0828],[107.1342,12.0837],[107.1347,12.0837],[107.135,12.0841],[107.1341,12.085],[107.134,12.0857],[107.1341,12.0858],[107.1343,12.0854],[107.1345,12.0855],[107.1343,12.0873],[107.1347,12.088],[107.1354,12.088],[107.1358,12.0884],[107.136,12.088],[107.1362,12.0883],[107.1372,12.0885],[107.137,12.0889],[107.1363,12.0889],[107.1368,12.0891],[107.138,12.091],[107.1377,12.0924],[107.1374,12.0923],[107.1373,12.0926],[107.1377,12.0935],[107.1375,12.0938],[107.1379,12.0942],[107.1377,12.0948],[107.1385,12.0948],[107.1385,12.0956],[107.139,12.0957],[107.1389,12.097],[107.1392,12.098],[107.1391,12.0989],[107.1386,12.0994],[107.1388,12.1002],[107.1384,12.1008],[107.1388,12.1013],[107.1387,12.1021],[107.1396,12.1034],[107.1393,12.1055],[107.1403,12.1066],[107.1405,12.1076],[107.14,12.1093],[107.1388,12.1089],[107.1384,12.1097],[107.1379,12.1099],[107.1378,12.1107],[107.1374,12.1108],[107.1371,12.1116],[107.1363,12.1118],[107.1358,12.1125],[107.1333,12.1123],[107.132,12.1131],[107.1303,12.1175],[107.1298,12.1223],[107.129,12.1247],[107.1283,12.1255],[107.1265,12.1264],[107.1255,12.1273],[107.1244,12.1277],[107.1238,12.1284],[107.1224,12.1287],[107.1212,12.13],[107.1205,12.1323],[107.1195,12.1334],[107.1179,12.1339],[107.1171,12.1354],[107.1173,12.1362],[107.1156,12.1374],[107.116,12.1388],[107.118,12.1406],[107.1178,12.1422],[107.1184,12.1438],[107.1183,12.1444],[107.1175,12.1456],[107.115,12.147],[107.1126,12.1479],[107.1108,12.1482],[107.108,12.1498],[107.107,12.1498],[107.1059,12.1506],[107.1049,12.1507],[107.1044,12.1504],[107.1038,12.1511],[107.1031,12.1512],[107.1027,12.1509],[107.1023,12.1512],[107.1013,12.1505],[107.1003,12.1513],[107.1001,12.1506],[107.0992,12.1509],[107.0975,12.1508],[107.0974,12.151],[107.0978,12.1516],[107.0974,12.1521],[107.0964,12.1512],[107.0952,12.153],[107.0945,12.153],[107.0946,12.1545],[107.0927,12.1556],[107.0929,12.1564],[107.0921,12.1562],[107.0914,12.1565],[107.0916,12.1579],[107.0893,12.1579],[107.088,12.157],[107.0866,12.157],[107.0864,12.1572],[107.0869,12.1586],[107.0859,12.1594],[107.0853,12.1587],[107.0839,12.1592],[107.0834,12.16],[107.084,12.1609],[107.0833,12.1616],[107.0834,12.1626],[107.0827,12.1631],[107.0813,12.1638],[107.0799,12.1622],[107.078,12.1618],[107.0774,12.162],[107.0773,12.1624],[107.0762,12.163],[107.0754,12.1641],[107.0745,12.1641],[107.0715,12.1615],[107.0696,12.1593],[107.0691,12.1594],[107.0682,12.161],[107.067,12.1614],[107.0658,12.1603],[107.0646,12.1582],[107.0635,12.1577],[107.062,12.1583],[107.0626,12.1601],[107.0623,12.1612],[107.0606,12.1616],[107.0591,12.1609],[107.0587,12.1603],[107.0592,12.1586],[107.0588,12.1572],[107.0583,12.1571],[107.0568,12.1574],[107.0564,12.1572],[107.0567,12.1564],[107.0592,12.1551],[107.0593,12.1545],[107.0586,12.1537],[107.0555,12.1521],[107.055,12.1492],[107.0552,12.1479],[107.0547,12.148],[107.0531,12.1493],[107.0522,12.1487],[107.0523,12.1477],[107.0539,12.1465],[107.0542,12.146],[107.0545,12.1445],[107.0551,12.1432],[107.055,12.1424],[107.0543,12.1421],[107.0518,12.1429],[107.05,12.1424],[107.0494,12.1412],[107.0493,12.1397],[107.0477,12.1376],[107.0479,12.137],[107.0498,12.1354],[107.05,12.135],[107.0498,12.1344],[107.0492,12.1341],[107.0481,12.1341],[107.0466,12.1347],[107.0453,12.1312],[107.0421,12.1327],[107.0412,12.1324],[107.0411,12.132],[107.0401,12.1312],[107.0394,12.1312],[107.0385,12.1316],[107.0377,12.1315],[107.0364,12.1302],[107.0358,12.1286],[107.0344,12.1268],[107.0297,12.1259],[107.0291,12.1255],[107.0283,12.1228],[107.0285,12.1217],[107.0277,12.1206],[107.0261,12.1205],[107.0248,12.1216],[107.0235,12.1239],[107.0233,12.125],[107.0238,12.1265],[107.0236,12.1269],[107.0231,12.127],[107.0208,12.1254],[107.0196,12.1239],[107.0199,12.1232],[107.0221,12.1208],[107.0211,12.1194],[107.0187,12.119],[107.0176,12.1176],[107.0169,12.1173],[107.0163,12.1182],[107.0162,12.1198],[107.0164,12.1208],[107.0159,12.1213],[107.0153,12.1213],[107.0122,12.1198],[107.0084,12.115],[107.0075,12.1148],[107.0062,12.115],[107.0054,12.1155],[107.0036,12.1152],[107.0033,12.1144],[107.006,12.1122],[107.0069,12.1117],[107.0089,12.1119],[107.0103,12.1129],[107.0129,12.1129],[107.0131,12.1117],[107.0124,12.1089],[107.0119,12.1084],[107.006,12.107],[107.0045,12.1076],[107.003,12.1092],[107.0022,12.1093],[107.0018,12.1083],[107.0017,12.1063],[107.0021,12.105],[107.003,12.1044],[107.0041,12.1041],[107.008,12.104],[107.0087,12.1032],[107.0087,12.1028],[107.0068,12.1012],[107.0048,12.1009],[107.0029,12.101],[107.0018,12.1013],[107.0009,12.1019],[106.9983,12.1024],[106.9979,12.1017],[106.9985,12.1012],[106.9999,12.1011],[107.0024,12.0996],[107.0023,12.0983],[107.0012,12.0959],[106.9999,12.0945],[106.9991,12.0947],[106.9971,12.096],[106.9945,12.0957],[106.9929,12.0947],[106.9926,12.094],[106.9927,12.0934]]]},"properties":{"code":"25225","name":"Đăk Ơ","nameEn":"Dak O","fullName":"Xã Đăk Ơ","fullNameEn":"Dak O Commune","codeName":"dak_o","postalCode":"67512","postalCodePrefix":"","gisServerId":"diaphanhanhchinhcapxa_2025.2297","areaKm2":246.5},"id":"25225"},
{"type":"Feature","geometry":{"type":"Polygon","coordinates":[[[106.8974,11.9745],[106.8906,11.9771],[106.8859,11.9785],[106.8834,11.9785],[106.8829,11.9788],[106.8825,11.9792],[106.8824,11.9802],[106.8838,11.9828],[106.8838,11.9843],[106.8832,11.9852],[106.8825,11.9856],[106.8774,11.9866],[106.8748,11.9867],[106.8704,11.9852],[106.8693,11.9855],[106.8666,11.9875],[106.8659,11.9875],[106.8656,11.9873],[106.8655,11.9862],[106.8657,11.9852],[106.8666,11.9836],[106.8663,11.9789],[106.8635,11.9757],[106.8619,11.9746],[106.858,11.9736],[106.8552,11.9732],[106.8488,11.9728],[106.8469,11.9723],[106.8452,11.9713],[106.844,11.9698],[106.8429,11.966],[106.8408,11.9622],[106.841,11.9613],[106.8424,11.9595],[106.8429,11.9581],[106.8424,11.956],[106.8428,11.9483],[106.8418,11.9452],[106.8412,11.9443],[106.8365,11.9432],[106.8352,11.942],[106.8361,11.9384],[106.8361,11.9351],[106.8391,11.9316],[106.8417,11.9297],[106.842,11.9292],[106.8418,11.927],[106.8416,11.9263],[106.8376,11.9222],[106.8347,11.917],[106.8293,11.9139],[106.8247,11.9124],[106.8238,11.9115],[106.8227,11.9099],[106.8206,11.9088],[106.8175,11.9088],[106.8139,11.9093],[106.8122,11.9085],[106.8102,11.9071],[106.8085,11.9065],[106.8054,11.9085],[106.8043,11.9086],[106.8036,11.9083],[106.8026,11.9076],[106.8016,11.906],[106.8013,11.901],[106.8006,11.8999],[106.8,11.898],[106.7993,11.8969],[106.7974,11.896],[106.7955,11.8959],[106.7941,11.8962],[106.7923,11.8969],[106.7898,11.8988],[106.7883,11.8993],[106.7855,11.8992],[106.7837,11.8981],[106.7815,11.8981],[106.7808,11.8984],[106.7798,11.8994],[106.7794,11.9004],[106.7803,11.9037],[106.7801,11.905],[106.7791,11.9054],[106.7775,11.905],[106.7753,11.9035],[106.7744,11.9024],[106.7742,11.9015],[106.7744,11.9002],[106.7755,11.8983],[106.7762,11.8962],[106.7761,11.8935],[106.7755,11.8924],[106.7735,11.8913],[106.7727,11.8896],[106.7715,11.8884],[106.7706,11.8881],[106.7684,11.8884],[106.7661,11.8898],[106.7647,11.8901],[106.7624,11.8894],[106.7597,11.8892],[106.7586,11.8884],[106.7577,11.8873],[106.7564,11.8868],[106.7552,11.8857],[106.7548,11.8851],[106.7542,11.8829],[106.7532,11.8813],[106.7513,11.8803],[106.7493,11.8799],[106.7482,11.879],[106.7481,11.8787],[106.7494,11.8758],[106.7489,11.874],[106.7495,11.8715],[106.7514,11.8697],[106.7549,11.8683],[106.7557,11.8674],[106.7557,11.8652],[106.7542,11.8624],[106.7543,11.8617],[106.7563,11.859],[106.7567,11.8576],[106.7567,11.8563],[106.7559,11.8531],[106.7571,11.8476],[106.757,11.8466],[106.7558,11.8453],[106.7554,11.8434],[106.7558,11.8421],[106.7573,11.8403],[106.7578,11.8376],[106.7586,11.8364],[106.761,11.8342],[106.7614,11.8331],[106.7607,11.8301],[106.7605,11.8274],[106.7621,11.8233],[106.7622,11.8208],[106.7656,11.8229],[106.7666,11.8243],[106.7678,11.8278],[106.7686,11.8291],[106.7733,11.8331],[106.7744,11.8335],[106.7756,11.8335],[106.7762,11.8339],[106.7771,11.8351],[106.7784,11.8359],[106.7792,11.8363],[106.781,11.8362],[106.7817,11.8366],[106.7834,11.8385],[106.7842,11.8387],[106.785,11.8398],[106.7858,11.8399],[106.7859,11.8407],[106.7865,11.8416],[106.788,11.8416],[106.7883,11.8421],[106.789,11.8424],[106.7891,11.8434],[106.7894,11.8433],[106.7897,11.8427],[106.7901,11.8434],[106.7907,11.8433],[106.7908,11.8436],[106.7905,11.8443],[106.7923,11.8455],[106.7921,11.8464],[106.7926,11.8469],[106.7922,11.8474],[106.7922,11.8485],[106.7931,11.8479],[106.7933,11.8488],[106.7941,11.8497],[106.7939,11.8508],[106.7933,11.8512],[106.7941,11.8517],[106.7936,11.8522],[106.7945,11.8526],[106.7947,11.8536],[106.7958,11.8534],[106.7959,11.8549],[106.7969,11.8553],[106.7966,11.8558],[106.7974,11.8561],[106.7974,11.8552],[106.7978,11.8551],[106.798,11.8552],[106.7979,11.8558],[106.7982,11.856],[106.7996,11.8556],[106.8008,11.856],[106.8011,11.8552],[106.8014,11.8552],[106.8016,11.8558],[106.8025,11.8554],[106.8027,11.855],[106.8031,11.8558],[106.804,11.8559],[106.8038,11.8565],[106.8045,11.8566],[106.8048,11.8573],[106.8056,11.8571],[106.8052,11.858],[106.8054,11.8587],[106.8059,11.858],[106.8066,11.858],[106.8066,11.8586],[106.8069,11.8588],[106.8078,11.8582],[106.8086,11.8581],[106.8086,11.8587],[106.8091,11.8596],[106.8096,11.8594],[106.8102,11.8601],[106.8096,11.8604],[106.8099,11.8611],[106.8096,11.8616],[106.8104,11.8615],[106.8107,11.8632],[106.8113,11.8629],[106.8124,11.8628],[106.8122,11.8636],[106.8128,11.864],[106.8135,11.863],[106.8134,11.8637],[106.8143,11.864],[106.8144,11.8648],[106.8152,11.8643],[106.8158,11.8647],[106.8169,11.8642],[106.8175,11.8646],[106.8171,11.8652],[106.8173,11.8654],[106.8195,11.8641],[106.8197,11.8647],[106.8201,11.8648],[106.8199,11.8643],[106.8202,11.864],[106.8207,11.8645],[106.82,11.8653],[106.8215,11.8659],[106.8222,11.8655],[106.8221,11.8645],[106.8233,11.8657],[106.8235,11.8649],[106.8237,11.865],[106.8238,11.8654],[106.8242,11.8653],[106.8244,11.8642],[106.8246,11.8643],[106.825,11.8651],[106.8258,11.8643],[106.8263,11.865],[106.8269,11.8652],[106.827,11.8648],[106.8279,11.8652],[106.8283,11.8649],[106.8287,11.8651],[106.8291,11.8649],[106.8294,11.8652],[106.8303,11.8648],[106.8302,11.8652],[106.8305,11.8654],[106.831,11.8646],[106.8314,11.8652],[106.8313,11.8656],[106.833,11.866],[106.8339,11.8656],[106.8339,11.865],[106.8343,11.8646],[106.8362,11.8651],[106.8358,11.8646],[106.8348,11.864],[106.8349,11.8639],[106.8381,11.8645],[106.8384,11.8651],[106.8379,11.8653],[106.8385,11.8655],[106.8393,11.8663],[106.8391,11.8647],[106.8394,11.8648],[106.84,11.8657],[106.8402,11.8651],[106.8408,11.8649],[106.8404,11.8636],[106.8415,11.8638],[106.8419,11.8633],[106.842,11.8626],[106.8428,11.8633],[106.8431,11.8631],[106.8433,11.8608],[106.8441,11.8604],[106.8445,11.8593],[106.845,11.8589],[106.8447,11.8583],[106.8452,11.8579],[106.8447,11.8575],[106.8447,11.857],[106.8454,11.8576],[106.8459,11.8569],[106.8459,11.8558],[106.845,11.8547],[106.8452,11.8544],[106.8456,11.8545],[106.8459,11.8542],[106.8455,11.8533],[106.847,11.8528],[106.847,11.8524],[106.8464,11.8524],[106.8461,11.8519],[106.8464,11.8515],[106.848,11.8515],[106.8485,11.8507],[106.8489,11.8508],[106.8496,11.8512],[106.8488,11.8514],[106.8495,11.8522],[106.8494,11.8528],[106.8497,11.8531],[106.8509,11.8525],[106.8514,11.8519],[106.852,11.8521],[106.8517,11.8514],[106.8525,11.8515],[106.8524,11.852],[106.8537,11.852],[106.8536,11.8516],[106.854,11.8512],[106.8545,11.8516],[106.8545,11.8521],[106.8557,11.8521],[106.8556,11.8528],[106.8562,11.8524],[106.8566,11.8517],[106.857,11.852],[106.8568,11.8527],[106.8573,11.8526],[106.8575,11.853],[106.8585,11.8531],[106.8588,11.8527],[106.8597,11.8535],[106.8597,11.8539],[106.859,11.8544],[106.8592,11.8549],[106.861,11.8536],[106.8611,11.8531],[106.8621,11.8541],[106.8632,11.8534],[106.8633,11.854],[106.8641,11.8536],[106.8648,11.8543],[106.8652,11.8535],[106.8657,11.854],[106.8669,11.854],[106.8671,11.8537],[106.8668,11.8525],[106.867,11.8523],[106.8686,11.8545],[106.8692,11.8538],[106.8699,11.8543],[106.8713,11.8541],[106.8719,11.8543],[106.8728,11.8553],[106.8734,11.8553],[106.8738,11.8548],[106.8749,11.8555],[106.8756,11.8551],[106.8759,11.8546],[106.8765,11.8547],[106.8763,11.8543],[106.8764,11.854],[106.8777,11.8539],[106.8776,11.8532],[106.878,11.8532],[106.8789,11.8539],[106.8793,11.8537],[106.8794,11.8532],[106.8802,11.853],[106.8805,11.8526],[106.8797,11.8528],[106.8795,11.8524],[106.8804,11.8522],[106.8802,11.8512],[106.8826,11.8517],[106.8829,11.8515],[106.883,11.8506],[106.8835,11.851],[106.884,11.8502],[106.8847,11.8506],[106.8855,11.8504],[106.8859,11.8509],[106.8864,11.8505],[106.8869,11.851],[106.8873,11.85],[106.887,11.8492],[106.888,11.8487],[106.8882,11.8481],[106.8891,11.8479],[106.8905,11.8481],[106.8906,11.8485],[106.8913,11.8485],[106.8917,11.8483],[106.8918,11.8479],[106.8928,11.8474],[106.893,11.8469],[106.8942,11.8468],[106.8955,11.8472],[106.8957,11.8477],[106.8961,11.8479],[106.8963,11.8477],[106.8967,11.8481],[106.8976,11.8475],[106.8979,11.8462],[106.8984,11.846],[106.9003,11.8461],[106.9005,11.8467],[106.9011,11.8466],[106.9016,11.847],[106.902,11.8469],[106.902,11.8473],[106.9027,11.847],[106.9036,11.8473],[106.9041,11.847],[106.9147,11.8555],[106.9177,11.8558],[106.9204,11.861],[106.9213,11.8621],[106.9214,11.863],[106.9201,11.8661],[106.9185,11.8683],[106.9176,11.8707],[106.9157,11.8735],[106.9179,11.8728],[106.918,11.872],[106.9197,11.8728],[106.9199,11.8735],[106.9206,11.8729],[106.9215,11.873],[106.9222,11.8722],[106.9221,11.8727],[106.9236,11.8723],[106.9237,11.8715],[106.9248,11.8716],[106.9247,11.8711],[106.9259,11.8702],[106.9264,11.8703],[106.9267,11.8693],[106.927,11.8692],[106.947,11.8766],[106.9494,11.8762],[106.9499,11.8765],[106.9513,11.8767],[106.9533,11.8761],[106.9534,11.8756],[106.9547,11.8747],[106.9551,11.875],[106.9553,11.8755],[106.9547,11.8759],[106.9547,11.8768],[106.9556,11.8789],[106.9575,11.8818],[106.9573,11.8836],[106.9569,11.8846],[106.9561,11.8852],[106.9549,11.8857],[106.9515,11.8863],[106.9494,11.8873],[106.9436,11.891],[106.9428,11.8919],[106.942,11.8937],[106.9417,11.8954],[106.9418,11.8963],[106.9432,11.8989],[106.9451,11.9011],[106.9465,11.9045],[106.9465,11.9058],[106.9451,11.9086],[106.9428,11.9101],[106.9417,11.9112],[106.9411,11.9127],[106.941,11.9155],[106.9406,11.9161],[106.9395,11.9163],[106.9381,11.9134],[106.9371,11.9123],[106.9359,11.9127],[106.9329,11.915],[106.9322,11.9164],[106.9314,11.9197],[106.9298,11.921],[106.9291,11.9224],[106.9294,11.9239],[106.9311,11.9256],[106.9325,11.9256],[106.9348,11.9247],[106.9364,11.9246],[106.9393,11.9248],[106.941,11.9256],[106.9416,11.9263],[106.9422,11.9294],[106.9419,11.9307],[106.9408,11.9327],[106.9411,11.934],[106.94,11.9354],[106.9385,11.936],[106.938,11.9356],[106.9374,11.9332],[106.9365,11.9329],[106.9356,11.9332],[106.935,11.9338],[106.9344,11.9353],[106.9336,11.9408],[106.9327,11.9426],[106.9322,11.9431],[106.9315,11.9432],[106.9293,11.9418],[106.928,11.9416],[106.9267,11.9419],[106.9261,11.9429],[106.9266,11.9456],[106.9271,11.9463],[106.9282,11.9468],[106.94,11.9454],[106.9416,11.9455],[106.9434,11.9465],[106.9436,11.9477],[106.9423,11.9505],[106.9424,11.9512],[106.9437,11.9529],[106.9438,11.9538],[106.9435,11.9544],[106.941,11.955],[106.939,11.9549],[106.9366,11.9543],[106.9353,11.9533],[106.9346,11.9537],[106.9338,11.9551],[106.9344,11.9565],[106.9367,11.9589],[106.9396,11.9606],[106.9419,11.9614],[106.9433,11.9615],[106.9428,11.9649],[106.9431,11.971],[106.9429,11.972],[106.9413,11.973],[106.9402,11.9726],[106.9392,11.9709],[106.9388,11.9679],[106.9378,11.9676],[106.9356,11.9693],[106.9321,11.9711],[106.9283,11.9714],[106.9254,11.9723],[106.9216,11.9719],[106.9199,11.9706],[106.9194,11.9697],[106.9194,11.9688],[106.9204,11.9681],[106.9244,11.9673],[106.9256,11.9665],[106.9259,11.9644],[106.9256,11.9635],[106.9242,11.9622],[106.9233,11.962],[106.9203,11.963],[106.9183,11.9648],[106.9165,11.9656],[106.9137,11.966],[106.9117,11.9656],[106.9111,11.9648],[106.9124,11.961],[106.9125,11.9597],[106.9112,11.9571],[106.9102,11.9569],[106.9087,11.9573],[106.9074,11.9582],[106.9071,11.959],[106.9071,11.96],[106.9082,11.9624],[106.9081,11.9627],[106.907,11.9635],[106.9061,11.9633],[106.9018,11.9598],[106.901,11.9596],[106.9004,11.9598],[106.898,11.9647],[106.8976,11.967],[106.8978,11.9722],[106.8974,11.9745]]]},"properties":{"code":"25231","name":"Đa Kia","nameEn":"Da Kia","fullName":"Xã Đa Kia","fullNameEn":"Da Kia Commune","codeName":"da_kia","postalCode":"67509","postalCodePrefix":"","gisServerId":"diaphanhanhchinhcapxa_2025.2276","areaKm2":196.3},"id":"25231"},
{"type":"Feature","geometry":{"type":"Polygon","coordinates":[[[106.8891,11.8479],[106.8882,11.8481],[106.888,11.8487],[106.887,11.8492],[106.8873,11.85],[106.8869,11.851],[106.8864,11.8505],[106.8859,11.8509],[106.8855,11.8504],[106.8847,11.8506],[106.884,11.8502],[106.8835,11.851],[106.883,11.8506],[106.8829,11.8515],[106.8826,11.8517],[106.8802,11.8512],[106.8804,11.8522],[106.8795,11.8524],[106.8797,11.8528],[106.8805,11.8526],[106.8802,11.853],[106.8794,11.8532],[106.8793,11.8537],[106.8789,11.8539],[106.878,11.8532],[106.8776,11.8532],[106.8777,11.8539],[106.8764,11.854],[106.8763,11.8543],[106.8765,11.8547],[106.8759,11.8546],[106.8756,11.8551],[106.8749,11.8555],[106.8738,11.8548],[106.8734,11.8553],[106.8728,11.8553],[106.8719,11.8543],[106.8713,11.8541],[106.8699,11.8543],[106.8692,11.8538],[106.8686,11.8545],[106.867,11.8523],[106.8668,11.8525],[106.8671,11.8537],[106.8669,11.854],[106.8657,11.854],[106.8652,11.8535],[106.8648,11.8543],[106.8641,11.8536],[106.8633,11.854],[106.8632,11.8534],[106.8621,11.8541],[106.8611,11.8531],[106.861,11.8536],[106.8592,11.8549],[106.859,11.8544],[106.8597,11.8539],[106.8597,11.8535],[106.8588,11.8527],[106.8585,11.8531],[106.8575,11.853],[106.8573,11.8526],[106.8568,11.8527],[106.857,11.852],[106.8566,11.8517],[106.8562,11.8524],[106.8556,11.8528],[106.8557,11.8521],[106.8545,11.8521],[106.8545,11.8516],[106.854,11.8512],[106.8536,11.8516],[106.8537,11.852],[106.8524,11.852],[106.8525,11.8515],[106.8517,11.8514],[106.852,11.8521],[106.8514,11.8519],[106.8509,11.8525],[106.8497,11.8531],[106.8494,11.8528],[106.8495,11.8522],[106.8488,11.8514],[106.8496,11.8512],[106.8489,11.8508],[106.8485,11.8507],[106.848,11.8515],[106.8464,11.8515],[106.8461,11.8519],[106.8464,11.8524],[106.847,11.8524],[106.847,11.8528],[106.8455,11.8533],[106.8459,11.8542],[106.8456,11.8545],[106.8452,11.8544],[106.845,11.8547],[106.8459,11.8558],[106.8459,11.8569],[106.8454,11.8576],[106.8447,11.857],[106.8447,11.8575],[106.8452,11.8579],[106.8447,11.8583],[106.845,11.8589],[106.8445,11.8593],[106.8441,11.8604],[106.8433,11.8608],[106.8431,11.8631],[106.8428,11.8633],[106.842,11.8626],[106.8419,11.8633],[106.8415,11.8638],[106.8404,11.8636],[106.8408,11.8649],[106.8402,11.8651],[106.84,11.8657],[106.8394,11.8648],[106.8391,11.8647],[106.8393,11.8663],[106.8385,11.8655],[106.8379,11.8653],[106.8384,11.8651],[106.8381,11.8645],[106.8349,11.8639],[106.8348,11.864],[106.8358,11.8646],[106.8362,11.8651],[106.8343,11.8646],[106.8339,11.865],[106.8339,11.8656],[106.833,11.866],[106.8313,11.8656],[106.8314,11.8652],[106.831,11.8646],[106.8305,11.8654],[106.8302,11.8652],[106.8303,11.8648],[106.8294,11.8652],[106.8291,11.8649],[106.8287,11.8651],[106.8283,11.8649],[106.8279,11.8652],[106.827,11.8648],[106.8269,11.8652],[106.8263,11.865],[106.8258,11.8643],[106.825,11.8651],[106.8246,11.8643],[106.8244,11.8642],[106.8242,11.8653],[106.8238,11.8654],[106.8237,11.865],[106.8235,11.8649],[106.8233,11.8657],[106.8221,11.8645],[106.8222,11.8655],[106.8215,11.8659],[106.82,11.8653],[106.8207,11.8645],[106.8202,11.864],[106.8199,11.8643],[106.8201,11.8648],[106.8197,11.8647],[106.8195,11.8641],[106.8173,11.8654],[106.8171,11.8652],[106.8175,11.8646],[106.8169,11.8642],[106.8158,11.8647],[106.8152,11.8643],[106.8144,11.8648],[106.8143,11.864],[106.8134,11.8637],[106.8135,11.863],[106.8128,11.864],[106.8122,11.8636],[106.8124,11.8628],[106.8113,11.8629],[106.8107,11.8632],[106.8104,11.8615],[106.8096,11.8616],[106.8099,11.8611],[106.8096,11.8604],[106.8102,11.8601],[106.8096,11.8594],[106.8091,11.8596],[106.8086,11.8587],[106.8086,11.8581],[106.8078,11.8582],[106.8069,11.8588],[106.8066,11.8586],[106.8066,11.858],[106.8059,11.858],[106.8054,11.8587],[106.8052,11.858],[106.8056,11.8571],[106.8048,11.8573],[106.8045,11.8566],[106.8038,11.8565],[106.804,11.8559],[106.8031,11.8558],[106.8027,11.855],[106.8025,11.8554],[106.8016,11.8558],[106.8014,11.8552],[106.8011,11.8552],[106.8008,11.856],[106.7996,11.8556],[106.7982,11.856],[106.7979,11.8558],[106.798,11.8552],[106.7978,11.8551],[106.7974,11.8552],[106.7974,11.8561],[106.7966,11.8558],[106.7969,11.8553],[106.7959,11.8549],[106.7958,11.8534],[106.7947,11.8536],[106.7945,11.8526],[106.7936,11.8522],[106.7941,11.8517],[106.7933,11.8512],[106.7939,11.8508],[106.7941,11.8497],[106.7933,11.8488],[106.7931,11.8479],[106.7922,11.8485],[106.7922,11.8474],[106.7926,11.8469],[106.7921,11.8464],[106.7923,11.8455],[106.7905,11.8443],[106.7908,11.8436],[106.7907,11.8433],[106.7901,11.8434],[106.7897,11.8427],[106.7894,11.8433],[106.7891,11.8434],[106.789,11.8424],[106.7883,11.8421],[106.788,11.8416],[106.7865,11.8416],[106.7859,11.8407],[106.7858,11.8399],[106.785,11.8398],[106.7842,11.8387],[106.7834,11.8385],[106.7817,11.8366],[106.781,11.8362],[106.7792,11.8363],[106.7784,11.8359],[106.7771,11.8351],[106.7762,11.8339],[106.7756,11.8335],[106.7744,11.8335],[106.7733,11.8331],[106.7686,11.8291],[106.7678,11.8278],[106.7666,11.8243],[106.7656,11.8229],[106.7622,11.8208],[106.7609,11.8187],[106.7585,11.8166],[106.7577,11.8148],[106.7573,11.8131],[106.7573,11.81],[106.758,11.8082],[106.76,11.8049],[106.7603,11.8039],[106.76,11.8026],[106.7584,11.8015],[106.7572,11.7997],[106.7569,11.7973],[106.7575,11.7946],[106.7576,11.7926],[106.7573,11.7876],[106.7566,11.7812],[106.7559,11.7804],[106.7533,11.7797],[106.7528,11.779],[106.7529,11.778],[106.7543,11.7749],[106.7564,11.7678],[106.7563,11.7664],[106.7576,11.7636],[106.7582,11.7594],[106.7577,11.7574],[106.7582,11.7546],[106.7592,11.7522],[106.7606,11.7499],[106.7623,11.7473],[106.764,11.7454],[106.7645,11.743],[106.7658,11.7434],[106.7654,11.7451],[106.7658,11.7456],[106.7665,11.7457],[106.7668,11.7453],[106.7667,11.7451],[106.7658,11.745],[106.766,11.7445],[106.768,11.7451],[106.7674,11.7455],[106.7679,11.7459],[106.7674,11.7469],[106.7693,11.7466],[106.7699,11.7461],[106.7699,11.7453],[106.7701,11.7451],[106.7704,11.7451],[106.7711,11.7461],[106.7725,11.7454],[106.7732,11.7463],[106.7722,11.7478],[106.7728,11.7485],[106.774,11.7474],[106.7745,11.7475],[106.7746,11.7481],[106.7741,11.7492],[106.7747,11.7495],[106.7751,11.7507],[106.7757,11.7496],[106.776,11.7502],[106.7764,11.7503],[106.7773,11.7492],[106.7798,11.7498],[106.7803,11.7503],[106.7795,11.7507],[106.781,11.7517],[106.78,11.7523],[106.7799,11.7528],[106.7811,11.7534],[106.7808,11.7537],[106.7813,11.7541],[106.7821,11.7538],[106.7832,11.7539],[106.7837,11.7526],[106.784,11.7525],[106.7844,11.7527],[106.7846,11.7533],[106.7834,11.755],[106.7836,11.7558],[106.7832,11.7564],[106.784,11.7567],[106.7837,11.7583],[106.7844,11.7584],[106.7846,11.759],[106.7853,11.7595],[106.7852,11.7603],[106.7862,11.7607],[106.7857,11.7621],[106.7872,11.7619],[106.7874,11.7621],[106.7873,11.7634],[106.7879,11.7637],[106.7881,11.765],[106.7885,11.7652],[106.7884,11.7662],[106.7887,11.7664],[106.7901,11.766],[106.7908,11.7675],[106.7923,11.7677],[106.7924,11.769],[106.7928,11.7697],[106.7941,11.7699],[106.7942,11.7706],[106.7946,11.7705],[106.7945,11.7708],[106.7951,11.7711],[106.7956,11.7711],[106.7954,11.7717],[106.796,11.7716],[106.7963,11.7721],[106.7964,11.7718],[106.7972,11.7726],[106.7974,11.7723],[106.7978,11.7725],[106.7984,11.772],[106.8002,11.7737],[106.8029,11.7751],[106.8033,11.775],[106.8048,11.774],[106.8052,11.7742],[106.8062,11.7739],[106.8068,11.7749],[106.8075,11.7752],[106.808,11.7763],[106.8094,11.7772],[106.81,11.778],[106.8121,11.7786],[106.8128,11.7795],[106.8134,11.7793],[106.8147,11.7798],[106.8172,11.7826],[106.8174,11.7815],[106.8179,11.7816],[106.818,11.782],[106.8188,11.7815],[106.8193,11.7815],[106.8197,11.7811],[106.82,11.7814],[106.82,11.7818],[106.821,11.7823],[106.8211,11.7818],[106.8216,11.7821],[106.8235,11.782],[106.8235,11.7815],[106.8251,11.7825],[106.8258,11.7826],[106.8265,11.7822],[106.8277,11.7822],[106.8282,11.7816],[106.8286,11.7799],[106.8296,11.7792],[106.8306,11.7789],[106.839,11.7799],[106.8421,11.7795],[106.8433,11.7791],[106.8439,11.7792],[106.8447,11.7786],[106.8447,11.7781],[106.8454,11.778],[106.8456,11.7759],[106.8472,11.7743],[106.8497,11.773],[106.8521,11.7725],[106.8535,11.7726],[106.8546,11.7724],[106.8557,11.7711],[106.8545,11.7696],[106.8548,11.7684],[106.8542,11.7677],[106.8546,11.7668],[106.8534,11.7656],[106.8521,11.7632],[106.851,11.7632],[106.8503,11.7628],[106.8503,11.7625],[106.8512,11.7618],[106.8503,11.7609],[106.8506,11.759],[106.8501,11.7572],[106.8512,11.7571],[106.8512,11.7563],[106.8517,11.7553],[106.8532,11.7551],[106.853,11.7529],[106.8554,11.7525],[106.8547,11.7498],[106.8579,11.7491],[106.8586,11.751],[106.8612,11.7492],[106.8608,11.7486],[106.862,11.748],[106.8626,11.7488],[106.8639,11.7481],[106.865,11.7487],[106.8667,11.7481],[106.868,11.7482],[106.8706,11.7515],[106.8724,11.753],[106.8738,11.7554],[106.8743,11.7557],[106.8751,11.7557],[106.8774,11.7548],[106.8796,11.7548],[106.8821,11.7531],[106.8829,11.753],[106.8841,11.7533],[106.8842,11.7527],[106.8852,11.7513],[106.8887,11.749],[106.8918,11.7479],[106.8928,11.7466],[106.893,11.7448],[106.8925,11.744],[106.8911,11.7432],[106.8907,11.7422],[106.8907,11.7396],[106.8912,11.7395],[106.8926,11.7401],[106.8931,11.7397],[106.8935,11.7405],[106.8942,11.741],[106.8992,11.741],[106.9008,11.7394],[106.9011,11.7387],[106.9017,11.7385],[106.9026,11.7387],[106.9033,11.7382],[106.9035,11.7371],[106.9042,11.7367],[106.904,11.7354],[106.9044,11.735],[106.9037,11.7342],[106.9038,11.7334],[106.9033,11.7332],[106.9033,11.7327],[106.9028,11.7323],[106.9033,11.7316],[106.9027,11.7303],[106.9029,11.7298],[106.9041,11.7292],[106.9045,11.7293],[106.9048,11.7296],[106.9048,11.7316],[106.9067,11.7316],[106.9074,11.7313],[106.9079,11.7318],[106.9102,11.7322],[106.911,11.7333],[106.9122,11.7334],[106.9121,11.7342],[106.9124,11.7347],[106.9135,11.7349],[106.9138,11.7353],[106.9145,11.7352],[106.9151,11.7361],[106.9168,11.736],[106.9184,11.7365],[106.9187,11.7361],[106.9183,11.7355],[106.9189,11.7352],[106.9196,11.7363],[106.9202,11.7391],[106.9199,11.7397],[106.9189,11.7406],[106.9469,11.7462],[106.95,11.7512],[106.9555,11.7548],[106.9592,11.7582],[106.9607,11.7619],[106.9612,11.7644],[106.9637,11.7686],[106.9603,11.769],[106.9589,11.7696],[106.9573,11.7719],[106.9555,11.7732],[106.9546,11.7763],[106.9538,11.7777],[106.9542,11.7783],[106.959,11.7808],[106.9625,11.7813],[106.9622,11.7829],[106.9629,11.7846],[106.9626,11.7863],[106.962,11.7868],[106.9609,11.7871],[106.9577,11.7918],[106.9568,11.7943],[106.9555,11.7955],[106.9542,11.7953],[106.9534,11.7942],[106.951,11.7922],[106.9503,11.7903],[106.9485,11.7893],[106.9481,11.7883],[106.9465,11.788],[106.9466,11.7886],[106.9457,11.7889],[106.9458,11.7911],[106.9461,11.7921],[106.9457,11.7926],[106.9457,11.7933],[106.9441,11.7946],[106.9425,11.7969],[106.9425,11.7984],[106.9407,11.8028],[106.9408,11.8035],[106.9404,11.8033],[106.9393,11.8052],[106.9385,11.8047],[106.9375,11.8045],[106.9365,11.804],[106.9351,11.8024],[106.9336,11.8013],[106.9322,11.801],[106.9331,11.803],[106.9335,11.8045],[106.9335,11.8059],[106.933,11.8071],[106.9333,11.8101],[106.9331,11.8114],[106.9288,11.8162],[106.9253,11.8184],[106.9242,11.8194],[106.9239,11.8208],[106.924,11.8228],[106.9235,11.824],[106.9214,11.8265],[106.9202,11.8265],[106.9201,11.8267],[106.919,11.8256],[106.9188,11.825],[106.9173,11.824],[106.9137,11.823],[106.9125,11.8216],[106.9106,11.8212],[106.9071,11.8211],[106.9035,11.8225],[106.9018,11.8219],[106.8995,11.8215],[106.8984,11.8209],[106.8978,11.8196],[106.8969,11.8193],[106.895,11.8177],[106.894,11.8174],[106.8931,11.8177],[106.8918,11.8168],[106.8916,11.8162],[106.891,11.816],[106.8893,11.8147],[106.8886,11.8137],[106.887,11.8139],[106.8866,11.8143],[106.8857,11.8139],[106.8852,11.8129],[106.8849,11.813],[106.8845,11.8126],[106.8827,11.8128],[106.8786,11.8112],[106.8775,11.8112],[106.8768,11.8107],[106.8764,11.811],[106.8763,11.8107],[106.876,11.8107],[106.8752,11.8092],[106.8738,11.8083],[106.8728,11.8124],[106.8702,11.8173],[106.8697,11.819],[106.8695,11.8209],[106.8682,11.8215],[106.8666,11.8217],[106.865,11.8222],[106.8633,11.8222],[106.863,11.8233],[106.861,11.8238],[106.863,11.8246],[106.8651,11.826],[106.8702,11.8319],[106.8717,11.8331],[106.8726,11.8336],[106.8745,11.8336],[106.8751,11.834],[106.8761,11.8338],[106.8764,11.8343],[106.8785,11.8337],[106.8793,11.8347],[106.8817,11.8338],[106.8825,11.8337],[106.8834,11.8329],[106.8841,11.8328],[106.8844,11.8349],[106.8856,11.835],[106.8858,11.8364],[106.8862,11.8363],[106.8867,11.8372],[106.8869,11.8377],[106.8852,11.8385],[106.8852,11.839],[106.8858,11.8415],[106.8869,11.8412],[106.8871,11.8418],[106.8879,11.8418],[106.8879,11.8425],[106.8885,11.8426],[106.8876,11.8447],[106.8882,11.8448],[106.8878,11.8463],[106.8884,11.8466],[106.8886,11.8473],[106.8893,11.8476],[106.8891,11.8479]]]},"properties":{"code":"25246","name":"Bình Tân","nameEn":"Binh Tan","fullName":"Xã Bình Tân","fullNameEn":"Binh Tan Commune","codeName":"binh_tan","postalCode":"67714","postalCodePrefix":"","gisServerId":"diaphanhanhchinhcapxa_2025.2277","areaKm2":190.9},"id":"25246"},
{"type":"Feature","geometry":{"type":"Polygon","coordinates":[[[106.9189,11.7352],[106.9183,11.7355],[106.9187,11.7361],[106.9184,11.7365],[106.9168,11.736],[106.9151,11.7361],[106.9145,11.7352],[106.9138,11.7353],[106.9135,11.7349],[106.9124,11.7347],[106.9121,11.7342],[106.9122,11.7334],[106.911,11.7333],[106.9102,11.7322],[106.9079,11.7318],[106.9074,11.7313],[106.9067,11.7316],[106.9048,11.7316],[106.9048,11.7296],[106.9045,11.7293],[106.9041,11.7292],[106.9029,11.7298],[106.9027,11.7303],[106.9033,11.7316],[106.9028,11.7323],[106.9033,11.7327],[106.9033,11.7332],[106.9038,11.7334],[106.9037,11.7342],[106.9044,11.735],[106.904,11.7354],[106.9042,11.7367],[106.9035,11.7371],[106.9033,11.7382],[106.9026,11.7387],[106.9017,11.7385],[106.9011,11.7387],[106.9008,11.7394],[106.8992,11.741],[106.8942,11.741],[106.8935,11.7405],[106.8931,11.7397],[106.8926,11.7401],[106.8912,11.7395],[106.8907,11.7396],[106.8907,11.7422],[106.8911,11.7432],[106.8925,11.744],[106.893,11.7448],[106.8928,11.7466],[106.8918,11.7479],[106.8887,11.749],[106.8852,11.7513],[106.8842,11.7527],[106.8841,11.7533],[106.8829,11.753],[106.8821,11.7531],[106.8796,11.7548],[106.8774,11.7548],[106.8751,11.7557],[106.8743,11.7557],[106.8738,11.7554],[106.8724,11.753],[106.8706,11.7515],[106.868,11.7482],[106.8667,11.7481],[106.865,11.7487],[106.8639,11.7481],[106.8626,11.7488],[106.862,11.748],[106.8608,11.7486],[106.8612,11.7492],[106.8586,11.751],[106.8579,11.7491],[106.8547,11.7498],[106.8554,11.7525],[106.853,11.7529],[106.8532,11.7551],[106.8517,11.7553],[106.8512,11.7563],[106.8512,11.7571],[106.8501,11.7572],[106.8499,11.7568],[106.8491,11.7569],[106.8483,11.7562],[106.8476,11.7541],[106.848,11.7535],[106.8474,11.7533],[106.847,11.7521],[106.8455,11.7517],[106.8456,11.7506],[106.8453,11.7502],[106.8461,11.7499],[106.8466,11.7501],[106.8468,11.7498],[106.8464,11.7497],[106.8462,11.7492],[106.8469,11.7479],[106.8462,11.7475],[106.8462,11.7472],[106.8473,11.7466],[106.8474,11.7459],[106.8478,11.7459],[106.8482,11.7453],[106.8489,11.745],[106.8489,11.7446],[106.8496,11.7443],[106.8498,11.7446],[106.8503,11.7445],[106.8502,11.744],[106.8506,11.7431],[106.8512,11.7433],[106.8518,11.7438],[106.8524,11.7434],[106.8525,11.7428],[106.8527,11.7428],[106.8538,11.743],[106.854,11.7435],[106.8544,11.7439],[106.8549,11.7431],[106.8557,11.7431],[106.8561,11.7426],[106.8573,11.7423],[106.8576,11.7413],[106.8581,11.7408],[106.8583,11.7411],[106.8587,11.7403],[106.8585,11.7399],[106.8591,11.7395],[106.8589,11.7389],[106.8596,11.7389],[106.8597,11.7385],[106.8593,11.738],[106.8597,11.7372],[106.8603,11.7371],[106.8603,11.7366],[106.8608,11.7365],[106.8614,11.7357],[106.8613,11.7346],[106.8608,11.7348],[106.8603,11.7341],[106.8601,11.7331],[106.8604,11.7329],[106.86,11.7326],[106.8606,11.7319],[106.86,11.7312],[106.8603,11.7307],[106.8598,11.7297],[106.8596,11.7298],[106.8596,11.7303],[106.8588,11.7304],[106.8589,11.7298],[106.8578,11.7295],[106.8574,11.7288],[106.8569,11.7294],[106.8553,11.7285],[106.8547,11.7265],[106.8538,11.7263],[106.8541,11.7257],[106.8541,11.7249],[106.8536,11.7244],[106.8537,11.7239],[106.8526,11.7226],[106.8522,11.7229],[106.8522,11.7219],[106.852,11.7217],[106.8515,11.7219],[106.8516,11.7213],[106.851,11.7211],[106.8501,11.7196],[106.8514,11.7183],[106.8527,11.7192],[106.8539,11.718],[106.8557,11.7195],[106.8565,11.7188],[106.8579,11.7199],[106.859,11.7193],[106.8619,11.7208],[106.8623,11.7207],[106.8627,11.7204],[106.8638,11.7215],[106.8648,11.7219],[106.865,11.7204],[106.869,11.7171],[106.8676,11.7156],[106.8682,11.7136],[106.8712,11.7094],[106.8726,11.7091],[106.8738,11.7091],[106.8748,11.7072],[106.8746,11.7063],[106.8741,11.7057],[106.8745,11.7045],[106.8743,11.7035],[106.872,11.7018],[106.8722,11.7012],[106.8718,11.7003],[106.8721,11.6987],[106.8719,11.6978],[106.8738,11.6951],[106.8747,11.695],[106.8758,11.6955],[106.8788,11.6951],[106.8786,11.6946],[106.8786,11.6935],[106.8793,11.6916],[106.8799,11.691],[106.8797,11.6901],[106.8803,11.6889],[106.8813,11.6884],[106.8818,11.6877],[106.8823,11.6859],[106.883,11.6849],[106.8829,11.6804],[106.8849,11.679],[106.885,11.6785],[106.8844,11.6773],[106.8854,11.6761],[106.885,11.6753],[106.8847,11.6734],[106.8837,11.6726],[106.8832,11.6707],[106.8846,11.6708],[106.886,11.6721],[106.886,11.6707],[106.8868,11.6693],[106.8861,11.6685],[106.8849,11.6678],[106.8823,11.6683],[106.8816,11.668],[106.8809,11.6672],[106.8798,11.665],[106.8794,11.6646],[106.8787,11.6644],[106.879,11.6636],[106.8785,11.6632],[106.8773,11.6633],[106.8766,11.6647],[106.8739,11.6646],[106.8742,11.6637],[106.875,11.6629],[106.8756,11.6629],[106.8765,11.6634],[106.8767,11.6631],[106.8766,11.6625],[106.8761,11.6621],[106.8739,11.6614],[106.8755,11.6592],[106.8755,11.6575],[106.8751,11.6569],[106.8734,11.6563],[106.8731,11.656],[106.8732,11.6554],[106.8735,11.6552],[106.8755,11.655],[106.8757,11.6542],[106.8743,11.6539],[106.8725,11.6544],[106.8712,11.6542],[106.8703,11.6546],[106.8679,11.6532],[106.8687,11.6519],[106.8698,11.6515],[106.8706,11.6519],[106.8712,11.6518],[106.8706,11.6509],[106.8707,11.6507],[106.8711,11.6507],[106.8711,11.6504],[106.8704,11.6505],[106.87,11.6502],[106.8707,11.6495],[106.8706,11.649],[106.8711,11.6486],[106.8711,11.6483],[106.8704,11.6484],[106.8708,11.648],[106.8706,11.6475],[106.8708,11.6471],[106.8714,11.6468],[106.8708,11.6455],[106.8716,11.6451],[106.8716,11.6445],[106.8723,11.6442],[106.8724,11.6433],[106.8728,11.6432],[106.8731,11.6438],[106.8734,11.6434],[106.8739,11.6437],[106.874,11.6431],[106.8747,11.6431],[106.875,11.6426],[106.8754,11.6425],[106.8754,11.6422],[106.8762,11.6422],[106.8764,11.6416],[106.8777,11.6414],[106.8784,11.6387],[106.879,11.6388],[106.8795,11.6385],[106.8796,11.6389],[106.8802,11.6388],[106.8801,11.6394],[106.8809,11.6401],[106.8808,11.641],[106.8817,11.6411],[106.8825,11.6417],[106.8817,11.6422],[106.8821,11.6424],[106.882,11.6429],[106.8826,11.6439],[106.8835,11.6443],[106.8835,11.6449],[106.884,11.6447],[106.8857,11.6461],[106.8849,11.6468],[106.8854,11.6479],[106.8852,11.6482],[106.8854,11.6492],[106.8866,11.6496],[106.8886,11.6495],[106.8903,11.6499],[106.8919,11.6495],[106.8928,11.6487],[106.8936,11.6487],[106.8944,11.6494],[106.8943,11.6503],[106.8956,11.6524],[106.8955,11.6541],[106.8967,11.6547],[106.897,11.6546],[106.8973,11.6551],[106.8977,11.655],[106.8977,11.6556],[106.8981,11.6551],[106.8991,11.6555],[106.8996,11.6554],[106.9002,11.6558],[106.9006,11.6556],[106.9021,11.6561],[106.9032,11.6553],[106.9041,11.6556],[106.9051,11.6556],[106.9052,11.6552],[106.9067,11.6556],[106.9084,11.6555],[106.9087,11.6527],[106.9107,11.6513],[106.9125,11.6506],[106.913,11.6496],[106.9131,11.6481],[106.9231,11.6477],[106.9247,11.6478],[106.9252,11.6482],[106.9276,11.6463],[106.9314,11.6462],[106.9322,11.6455],[106.933,11.6458],[106.9336,11.6465],[106.9348,11.6489],[106.9358,11.6492],[106.9358,11.6496],[106.9369,11.6507],[106.9377,11.6523],[106.9386,11.6521],[106.9394,11.6526],[106.94,11.6526],[106.9406,11.6516],[106.9412,11.6514],[106.9424,11.6522],[106.9429,11.6519],[106.944,11.652],[106.9449,11.6527],[106.9459,11.654],[106.9459,11.6556],[106.9473,11.6564],[106.9509,11.6561],[106.9513,11.6566],[106.9524,11.6566],[106.9529,11.6562],[106.9531,11.6551],[106.9542,11.655],[106.9549,11.6535],[106.9556,11.653],[106.9559,11.6523],[106.9556,11.6522],[106.9557,11.6515],[106.9566,11.6514],[106.9572,11.6508],[106.9567,11.6492],[106.9577,11.649],[106.9579,11.6485],[106.9591,11.6482],[106.9595,11.6468],[106.961,11.6466],[106.9617,11.6455],[106.9626,11.6453],[106.9626,11.6448],[106.963,11.6452],[106.9639,11.6445],[106.9639,11.6448],[106.9644,11.6449],[106.9644,11.6453],[106.9649,11.6448],[106.9656,11.6447],[106.9654,11.6443],[106.9654,11.6438],[106.9651,11.6436],[106.9653,11.6433],[106.9651,11.6428],[106.9655,11.6428],[106.9651,11.6421],[106.9656,11.6419],[106.9658,11.6423],[106.9661,11.6423],[106.9658,11.6417],[106.9664,11.6417],[106.966,11.6412],[106.9665,11.6408],[106.966,11.6402],[106.9661,11.6408],[106.9649,11.6404],[106.9649,11.6393],[106.9654,11.6391],[106.965,11.6385],[106.9645,11.6386],[106.9648,11.6375],[106.9644,11.6372],[106.9649,11.6366],[106.9652,11.637],[106.9652,11.6364],[106.9656,11.6362],[106.9656,11.6354],[106.9665,11.6354],[106.9662,11.6348],[106.967,11.6355],[106.9674,11.6354],[106.9677,11.6357],[106.9679,11.635],[106.9683,11.6349],[106.9685,11.6344],[106.9693,11.6346],[106.9693,11.6349],[106.9688,11.6349],[106.9692,11.6355],[106.9689,11.6358],[106.9702,11.6361],[106.9703,11.6364],[106.9699,11.6367],[106.9709,11.637],[106.9704,11.6376],[106.971,11.6383],[106.9705,11.6387],[106.9712,11.6391],[106.972,11.6386],[106.9725,11.6391],[106.973,11.639],[106.9733,11.6394],[106.9742,11.6385],[106.9745,11.639],[106.9747,11.6383],[106.9751,11.6385],[106.9753,11.638],[106.9757,11.638],[106.9759,11.6377],[106.9764,11.6377],[106.9768,11.6382],[106.9781,11.6376],[106.9777,11.6387],[106.9782,11.6386],[106.9779,11.6392],[106.9784,11.6393],[106.9786,11.6397],[106.9783,11.6402],[106.9779,11.6403],[106.9779,11.6416],[106.9781,11.6417],[106.9781,11.6413],[106.9784,11.6415],[106.979,11.6411],[106.9793,11.6415],[106.9794,11.6409],[106.9797,11.6413],[106.98,11.6409],[106.9802,11.6412],[106.9806,11.641],[106.9811,11.6416],[106.9811,11.6431],[106.9816,11.6424],[106.9821,11.6423],[106.9817,11.6429],[106.9821,11.6432],[106.9817,11.6436],[106.9822,11.6436],[106.9828,11.6439],[106.9826,11.6448],[106.9832,11.6449],[106.983,11.6453],[106.9832,11.6457],[106.9837,11.6459],[106.984,11.6456],[106.984,11.6463],[106.9844,11.646],[106.9846,11.6464],[106.9856,11.6467],[106.9852,11.647],[106.9847,11.6484],[106.9844,11.6483],[106.984,11.6501],[106.9845,11.6518],[106.9838,11.6519],[106.9836,11.6528],[106.9828,11.6538],[106.9825,11.6537],[106.9825,11.6548],[106.9821,11.6556],[106.9827,11.6559],[106.982,11.658],[106.9822,11.658],[106.9826,11.6596],[106.983,11.6593],[106.9842,11.6594],[106.9846,11.6598],[106.9836,11.6604],[106.9832,11.6611],[106.9836,11.6618],[106.9835,11.6631],[106.9845,11.6655],[106.9812,11.6655],[106.9814,11.6682],[106.981,11.6706],[106.9828,11.6743],[106.9823,11.6764],[106.9844,11.6767],[106.9855,11.6762],[106.9861,11.6769],[106.9869,11.6766],[106.9879,11.6778],[106.9892,11.6781],[106.9908,11.6788],[106.9918,11.68],[106.9937,11.6806],[106.9959,11.6849],[106.9983,11.6856],[106.9984,11.6866],[106.9988,11.687],[106.9984,11.6882],[106.9973,11.6882],[106.9968,11.6885],[106.9967,11.6893],[106.9947,11.6896],[106.9949,11.6904],[106.9943,11.691],[106.9934,11.6913],[106.9922,11.6912],[106.9924,11.6917],[106.9935,11.6917],[106.9932,11.6927],[106.9922,11.6927],[106.9922,11.6934],[106.9904,11.6933],[106.9899,11.6941],[106.9894,11.6939],[106.9887,11.6944],[106.9892,11.6953],[106.9896,11.6993],[106.9895,11.7055],[106.9884,11.7059],[106.9884,11.7066],[106.9877,11.7079],[106.9872,11.7081],[106.9869,11.709],[106.9856,11.7096],[106.9856,11.71],[106.9859,11.7103],[106.9852,11.7108],[106.9855,11.7113],[106.9847,11.7118],[106.9846,11.7124],[106.9849,11.7127],[106.9844,11.713],[106.9848,11.7135],[106.9836,11.7141],[106.9832,11.7149],[106.9841,11.7153],[106.9841,11.7159],[106.9832,11.7161],[106.9829,11.7152],[106.9817,11.7152],[106.981,11.7147],[106.9809,11.7163],[106.9797,11.7161],[106.9793,11.7164],[106.9793,11.7175],[106.9784,11.7174],[106.9767,11.718],[106.9767,11.7176],[106.9776,11.7165],[106.9774,11.7158],[106.9766,11.7155],[106.976,11.7165],[106.9738,11.7161],[106.9744,11.7174],[106.9738,11.7175],[106.9733,11.7171],[106.9718,11.7186],[106.9708,11.7181],[106.9708,11.7198],[106.9696,11.72],[106.9702,11.7204],[106.9701,11.7209],[106.9688,11.7211],[106.968,11.7225],[106.9676,11.7223],[106.9676,11.7215],[106.967,11.7223],[106.966,11.7226],[106.9658,11.7219],[106.9654,11.7217],[106.9651,11.7228],[106.9645,11.7233],[106.9652,11.7234],[106.9652,11.7237],[106.963,11.7239],[106.963,11.7253],[106.962,11.7255],[106.9632,11.7266],[106.9617,11.727],[106.9618,11.7288],[106.9616,11.7288],[106.9611,11.7277],[106.9607,11.7276],[106.9596,11.7296],[106.9592,11.7297],[106.9582,11.7294],[106.9581,11.7302],[106.9571,11.7305],[106.9568,11.7302],[106.9567,11.7292],[106.9573,11.7291],[106.9574,11.7288],[106.9565,11.728],[106.956,11.7272],[106.9546,11.7268],[106.9543,11.7262],[106.9549,11.7257],[106.9566,11.7262],[106.9573,11.7254],[106.9563,11.725],[106.9538,11.7245],[106.9542,11.7238],[106.954,11.7235],[106.9524,11.7237],[106.9515,11.7232],[106.9507,11.7243],[106.949,11.7247],[106.9489,11.7255],[106.9479,11.7243],[106.9475,11.7254],[106.9471,11.7255],[106.9467,11.7234],[106.9457,11.7242],[106.9447,11.7242],[106.9457,11.7231],[106.9446,11.7229],[106.9444,11.7225],[106.9447,11.7221],[106.9456,11.7218],[106.9452,11.7207],[106.9447,11.7206],[106.9442,11.722],[106.9435,11.722],[106.9434,11.7208],[106.9428,11.7204],[106.9434,11.7191],[106.942,11.7179],[106.9421,11.7173],[106.9411,11.7174],[106.9403,11.7166],[106.9393,11.7172],[106.9369,11.7174],[106.9362,11.7182],[106.9372,11.7191],[106.9371,11.7196],[106.936,11.7198],[106.9347,11.7189],[106.9353,11.7209],[106.9347,11.7212],[106.9332,11.7211],[106.9322,11.7208],[106.9311,11.7195],[106.9311,11.7192],[106.9317,11.7196],[106.932,11.7194],[106.9321,11.7187],[106.9314,11.7181],[106.9304,11.7193],[106.9295,11.7186],[106.9284,11.7194],[106.9263,11.7195],[106.9266,11.7181],[106.9266,11.7166],[106.9271,11.7158],[106.9263,11.7154],[106.9267,11.7147],[106.9263,11.7138],[106.926,11.7135],[106.9258,11.7142],[106.9243,11.7143],[106.9235,11.7134],[106.9228,11.7148],[106.9241,11.7156],[106.9226,11.7173],[106.9217,11.717],[106.9207,11.7174],[106.922,11.718],[106.9222,11.7186],[106.9233,11.7194],[106.9232,11.7209],[106.9235,11.7207],[106.924,11.7213],[106.9236,11.7219],[106.9239,11.7226],[106.9231,11.7229],[106.9236,11.7236],[106.9235,11.7243],[106.9248,11.7252],[106.9246,11.7268],[106.9251,11.7273],[106.9246,11.7279],[106.9251,11.728],[106.9252,11.7287],[106.9231,11.7294],[106.923,11.73],[106.9235,11.7312],[106.9223,11.7313],[106.9222,11.7327],[106.9214,11.7326],[106.9211,11.7333],[106.92,11.733],[106.9188,11.7346],[106.9189,11.7352]]]},"properties":{"code":"25252","name":"Phú Riềng","nameEn":"Phu Rieng","fullName":"Xã Phú Riềng","fullNameEn":"Phu Rieng Commune","codeName":"phu_rieng","postalCode":"67706","postalCodePrefix":"","gisServerId":"diaphanhanhchinhcapxa_2025.2279","areaKm2":117.4},"id":"25252"},
{"type":"Feature","geometry":{"type":"Polygon","coordinates":[[[106.8501,11.7572],[106.8506,11.759],[106.8503,11.7609],[106.8512,11.7618],[106.8503,11.7625],[106.8503,11.7628],[106.851,11.7632],[106.8521,11.7632],[106.8534,11.7656],[106.8546,11.7668],[106.8542,11.7677],[106.8548,11.7684],[106.8545,11.7696],[106.8557,11.7711],[106.8546,11.7724],[106.8535,11.7726],[106.8521,11.7725],[106.8497,11.773],[106.8472,11.7743],[106.8456,11.7759],[106.8454,11.778],[106.8447,11.7781],[106.8447,11.7786],[106.8439,11.7792],[106.8433,11.7791],[106.8421,11.7795],[106.839,11.7799],[106.8306,11.7789],[106.8296,11.7792],[106.8286,11.7799],[106.8282,11.7816],[106.8277,11.7822],[106.8265,11.7822],[106.8258,11.7826],[106.8251,11.7825],[106.8235,11.7815],[106.8235,11.782],[106.8216,11.7821],[106.8211,11.7818],[106.821,11.7823],[106.82,11.7818],[106.82,11.7814],[106.8197,11.7811],[106.8193,11.7815],[106.8188,11.7815],[106.818,11.782],[106.8179,11.7816],[106.8174,11.7815],[106.8172,11.7826],[106.8147,11.7798],[106.8134,11.7793],[106.8128,11.7795],[106.8121,11.7786],[106.81,11.778],[106.8094,11.7772],[106.808,11.7763],[106.8075,11.7752],[106.8068,11.7749],[106.8062,11.7739],[106.8052,11.7742],[106.8048,11.774],[106.8033,11.775],[106.8029,11.7751],[106.8002,11.7737],[106.7984,11.772],[106.7978,11.7725],[106.7974,11.7723],[106.7972,11.7726],[106.7964,11.7718],[106.7963,11.7721],[106.796,11.7716],[106.7954,11.7717],[106.7956,11.7711],[106.7951,11.7711],[106.7945,11.7708],[106.7946,11.7705],[106.7942,11.7706],[106.7941,11.7699],[106.7928,11.7697],[106.7924,11.769],[106.7923,11.7677],[106.7908,11.7675],[106.7901,11.766],[106.7887,11.7664],[106.7884,11.7662],[106.7885,11.7652],[106.7881,11.765],[106.7879,11.7637],[106.7873,11.7634],[106.7874,11.7621],[106.7872,11.7619],[106.7857,11.7621],[106.7862,11.7607],[106.7852,11.7603],[106.7853,11.7595],[106.7846,11.759],[106.7844,11.7584],[106.7837,11.7583],[106.784,11.7567],[106.7832,11.7564],[106.7836,11.7558],[106.7834,11.755],[106.7846,11.7533],[106.7844,11.7527],[106.784,11.7525],[106.7837,11.7526],[106.7832,11.7539],[106.7821,11.7538],[106.7813,11.7541],[106.7808,11.7537],[106.7811,11.7534],[106.7799,11.7528],[106.78,11.7523],[106.781,11.7517],[106.7795,11.7507],[106.7803,11.7503],[106.7798,11.7498],[106.7773,11.7492],[106.7764,11.7503],[106.776,11.7502],[106.7757,11.7496],[106.7751,11.7507],[106.7747,11.7495],[106.7741,11.7492],[106.7746,11.7481],[106.7745,11.7475],[106.774,11.7474],[106.7728,11.7485],[106.7722,11.7478],[106.7732,11.7463],[106.7725,11.7454],[106.7711,11.7461],[106.7704,11.7451],[106.7701,11.7451],[106.7699,11.7453],[106.7699,11.7461],[106.7693,11.7466],[106.7674,11.7469],[106.7679,11.7459],[106.7674,11.7455],[106.768,11.7451],[106.766,11.7445],[106.7658,11.745],[106.7667,11.7451],[106.7668,11.7453],[106.7665,11.7457],[106.7658,11.7456],[106.7654,11.7451],[106.7658,11.7434],[106.7645,11.743],[106.7644,11.7412],[106.7652,11.7395],[106.7689,11.7382],[106.7696,11.7371],[106.7695,11.7354],[106.7684,11.7344],[106.7671,11.7337],[106.7654,11.7333],[106.7645,11.7325],[106.7648,11.7317],[106.7677,11.7293],[106.7676,11.7277],[106.766,11.7264],[106.763,11.7257],[106.7622,11.7231],[106.7615,11.7224],[106.7607,11.7222],[106.7557,11.7223],[106.7511,11.7183],[106.7509,11.7175],[106.7513,11.7168],[106.754,11.7156],[106.7557,11.7145],[106.7561,11.7136],[106.7559,11.7128],[106.755,11.7115],[106.7536,11.7106],[106.7521,11.7087],[106.749,11.7067],[106.7476,11.7053],[106.7469,11.7037],[106.7467,11.7024],[106.746,11.7011],[106.7421,11.6998],[106.7414,11.6993],[106.7411,11.698],[106.7416,11.6967],[106.743,11.6947],[106.7448,11.6916],[106.7469,11.6896],[106.7487,11.6888],[106.7504,11.6883],[106.7574,11.6872],[106.7592,11.6857],[106.7643,11.6826],[106.7654,11.6806],[106.7688,11.6757],[106.7695,11.6739],[106.7693,11.6731],[106.7686,11.6725],[106.7675,11.672],[106.7651,11.6715],[106.7645,11.6707],[106.7646,11.6698],[106.7673,11.6684],[106.7708,11.6673],[106.772,11.6667],[106.7733,11.6646],[106.7757,11.6632],[106.7767,11.6608],[106.7773,11.66],[106.7779,11.6598],[106.7798,11.66],[106.7809,11.6599],[106.7816,11.6592],[106.7813,11.6582],[106.7789,11.6564],[106.7783,11.6551],[106.7786,11.6535],[106.782,11.651],[106.7826,11.6502],[106.7827,11.6494],[106.7816,11.6463],[106.7808,11.6457],[106.7792,11.6449],[106.7787,11.6439],[106.7787,11.6413],[106.7799,11.639],[106.7786,11.636],[106.7785,11.6331],[106.778,11.6324],[106.7772,11.6321],[106.7735,11.6323],[106.7728,11.6313],[106.7731,11.628],[106.7726,11.6243],[106.773,11.6233],[106.7748,11.6209],[106.7747,11.62],[106.7739,11.6184],[106.7741,11.6174],[106.7751,11.6164],[106.7766,11.6164],[106.7778,11.6161],[106.7785,11.6151],[106.7784,11.614],[106.776,11.6087],[106.7761,11.6073],[106.7767,11.6066],[106.777,11.6054],[106.7782,11.6051],[106.7803,11.606],[106.7808,11.6055],[106.7811,11.6056],[106.7811,11.6063],[106.7797,11.6084],[106.7798,11.609],[106.7802,11.6094],[106.7804,11.6088],[106.7821,11.6079],[106.7846,11.6083],[106.7843,11.6065],[106.7847,11.606],[106.7859,11.6076],[106.7868,11.6067],[106.7874,11.607],[106.7875,11.6074],[106.7868,11.6091],[106.7869,11.6094],[106.7882,11.6095],[106.7902,11.6103],[106.7925,11.6088],[106.7942,11.6096],[106.7943,11.6101],[106.794,11.6107],[106.7917,11.6123],[106.7918,11.6128],[106.7923,11.6135],[106.7908,11.6141],[106.7898,11.6147],[106.7902,11.6163],[106.7896,11.6172],[106.7897,11.6174],[106.7906,11.6176],[106.7913,11.6187],[106.7925,11.6184],[106.7929,11.6186],[106.7925,11.6195],[106.7912,11.6202],[106.7911,11.6205],[106.7927,11.621],[106.7942,11.6228],[106.7943,11.6233],[106.7931,11.6252],[106.7934,11.6258],[106.7952,11.6262],[106.7953,11.6258],[106.7943,11.625],[106.7954,11.6238],[106.7976,11.6246],[106.7978,11.6249],[106.7968,11.626],[106.7997,11.6283],[106.8007,11.6274],[106.8007,11.625],[106.801,11.6245],[106.8016,11.6244],[106.8022,11.6248],[106.8013,11.6266],[106.8017,11.6275],[106.8051,11.624],[106.8059,11.6238],[106.8066,11.6245],[106.8056,11.6253],[106.8052,11.6266],[106.8054,11.6274],[106.806,11.6282],[106.8072,11.6277],[106.8073,11.6289],[106.8076,11.6291],[106.8088,11.6272],[106.8092,11.6281],[106.8098,11.6284],[106.8104,11.6281],[106.811,11.6273],[106.8113,11.6273],[106.8117,11.6277],[106.811,11.6292],[106.8124,11.6308],[106.8123,11.6324],[106.8136,11.6312],[106.8143,11.6321],[106.8154,11.6324],[106.8166,11.6317],[106.8173,11.634],[106.8176,11.6339],[106.8174,11.6332],[106.8178,11.6323],[106.8189,11.6333],[106.8196,11.6334],[106.8195,11.6329],[106.8186,11.6323],[106.8186,11.6315],[106.8205,11.6311],[106.8217,11.6313],[106.8226,11.6304],[106.8234,11.6288],[106.8243,11.6288],[106.8249,11.6291],[106.8254,11.6297],[106.8244,11.6316],[106.8242,11.6337],[106.8259,11.6317],[106.8273,11.631],[106.8273,11.6314],[106.8264,11.6326],[106.8266,11.6335],[106.827,11.6337],[106.8275,11.6328],[106.828,11.6328],[106.8285,11.6332],[106.8286,11.6345],[106.8304,11.6352],[106.8296,11.636],[106.8296,11.637],[106.828,11.6368],[106.8267,11.6376],[106.8268,11.6379],[106.8279,11.638],[106.8284,11.6386],[106.8284,11.6392],[106.8278,11.6407],[106.8293,11.6408],[106.8297,11.6412],[106.8292,11.6421],[106.8285,11.6426],[106.8278,11.6427],[106.8265,11.6425],[106.8263,11.6427],[106.8262,11.6451],[106.8265,11.6461],[106.8269,11.6464],[106.8277,11.6465],[106.8284,11.6461],[106.8284,11.6456],[106.8275,11.6451],[106.8282,11.6436],[106.8288,11.6437],[106.829,11.6457],[106.8301,11.6441],[106.8316,11.6434],[106.8322,11.6437],[106.8324,11.6443],[106.8316,11.6456],[106.8326,11.6458],[106.8346,11.6472],[106.8341,11.6485],[106.8344,11.6491],[106.8348,11.6488],[106.8353,11.6476],[106.8347,11.6461],[106.8359,11.6452],[106.8366,11.6457],[106.8365,11.6476],[106.8368,11.6481],[106.8389,11.6478],[106.8396,11.6481],[106.8396,11.6489],[106.8398,11.649],[106.8404,11.6475],[106.841,11.647],[106.8415,11.6471],[106.842,11.6494],[106.8424,11.6501],[106.8432,11.6484],[106.8445,11.6474],[106.8447,11.6477],[106.844,11.6487],[106.8441,11.6499],[106.8459,11.65],[106.8464,11.6504],[106.8469,11.6514],[106.8467,11.653],[106.8477,11.6543],[106.8483,11.6538],[106.8481,11.6521],[106.8483,11.6506],[106.8494,11.6494],[106.8496,11.6498],[106.8491,11.6508],[106.8493,11.6511],[106.8501,11.6507],[106.8512,11.6507],[106.8527,11.6515],[106.8526,11.652],[106.8514,11.6527],[106.8514,11.6534],[106.8524,11.6539],[106.8544,11.6534],[106.8557,11.6548],[106.8558,11.6537],[106.8564,11.6523],[106.8574,11.6523],[106.8602,11.6512],[106.86,11.6508],[106.8584,11.6505],[106.8581,11.65],[106.8591,11.6491],[106.8593,11.6473],[106.86,11.6467],[106.8605,11.647],[106.8614,11.6482],[106.8626,11.6478],[106.8628,11.6479],[106.8627,11.6489],[106.8632,11.6505],[106.8616,11.6507],[106.8615,11.6515],[106.8622,11.6516],[106.8647,11.6508],[106.8656,11.6525],[106.8683,11.6518],[106.8687,11.6519],[106.8679,11.6532],[106.8703,11.6546],[106.8712,11.6542],[106.8725,11.6544],[106.8743,11.6539],[106.8757,11.6542],[106.8755,11.655],[106.8735,11.6552],[106.8732,11.6554],[106.8731,11.656],[106.8734,11.6563],[106.8751,11.6569],[106.8755,11.6575],[106.8755,11.6592],[106.8739,11.6614],[106.8761,11.6621],[106.8766,11.6625],[106.8767,11.6631],[106.8765,11.6634],[106.8756,11.6629],[106.875,11.6629],[106.8742,11.6637],[106.8739,11.6646],[106.8766,11.6647],[106.8773,11.6633],[106.8785,11.6632],[106.879,11.6636],[106.8787,11.6644],[106.8794,11.6646],[106.8798,11.665],[106.8809,11.6672],[106.8816,11.668],[106.8823,11.6683],[106.8849,11.6678],[106.8861,11.6685],[106.8868,11.6693],[106.886,11.6707],[106.886,11.6721],[106.8846,11.6708],[106.8832,11.6707],[106.8837,11.6726],[106.8847,11.6734],[106.885,11.6753],[106.8854,11.6761],[106.8844,11.6773],[106.885,11.6785],[106.8849,11.679],[106.8829,11.6804],[106.883,11.6849],[106.8823,11.6859],[106.8818,11.6877],[106.8813,11.6884],[106.8803,11.6889],[106.8797,11.6901],[106.8799,11.691],[106.8793,11.6916],[106.8786,11.6935],[106.8786,11.6946],[106.8788,11.6951],[106.8758,11.6955],[106.8747,11.695],[106.8738,11.6951],[106.8719,11.6978],[106.8721,11.6987],[106.8718,11.7003],[106.8722,11.7012],[106.872,11.7018],[106.8743,11.7035],[106.8745,11.7045],[106.8741,11.7057],[106.8746,11.7063],[106.8748,11.7072],[106.8738,11.7091],[106.8726,11.7091],[106.8712,11.7094],[106.8682,11.7136],[106.8676,11.7156],[106.869,11.7171],[106.865,11.7204],[106.8648,11.7219],[106.8638,11.7215],[106.8627,11.7204],[106.8623,11.7207],[106.8619,11.7208],[106.859,11.7193],[106.8579,11.7199],[106.8565,11.7188],[106.8557,11.7195],[106.8539,11.718],[106.8527,11.7192],[106.8514,11.7183],[106.8501,11.7196],[106.851,11.7211],[106.8516,11.7213],[106.8515,11.7219],[106.852,11.7217],[106.8522,11.7219],[106.8522,11.7229],[106.8526,11.7226],[106.8537,11.7239],[106.8536,11.7244],[106.8541,11.7249],[106.8541,11.7257],[106.8538,11.7263],[106.8547,11.7265],[106.8553,11.7285],[106.8569,11.7294],[106.8574,11.7288],[106.8578,11.7295],[106.8589,11.7298],[106.8588,11.7304],[106.8596,11.7303],[106.8596,11.7298],[106.8598,11.7297],[106.8603,11.7307],[106.86,11.7312],[106.8606,11.7319],[106.86,11.7326],[106.8604,11.7329],[106.8601,11.7331],[106.8603,11.7341],[106.8608,11.7348],[106.8613,11.7346],[106.8614,11.7357],[106.8608,11.7365],[106.8603,11.7366],[106.8603,11.7371],[106.8597,11.7372],[106.8593,11.738],[106.8597,11.7385],[106.8596,11.7389],[106.8589,11.7389],[106.8591,11.7395],[106.8585,11.7399],[106.8587,11.7403],[106.8583,11.7411],[106.8581,11.7408],[106.8576,11.7413],[106.8573,11.7423],[106.8561,11.7426],[106.8557,11.7431],[106.8549,11.7431],[106.8544,11.7439],[106.854,11.7435],[106.8538,11.743],[106.8527,11.7428],[106.8525,11.7428],[106.8524,11.7434],[106.8518,11.7438],[106.8512,11.7433],[106.8506,11.7431],[106.8502,11.744],[106.8503,11.7445],[106.8498,11.7446],[106.8496,11.7443],[106.8489,11.7446],[106.8489,11.745],[106.8482,11.7453],[106.8478,11.7459],[106.8474,11.7459],[106.8473,11.7466],[106.8462,11.7472],[106.8462,11.7475],[106.8469,11.7479],[106.8462,11.7492],[106.8464,11.7497],[106.8468,11.7498],[106.8466,11.7501],[106.8461,11.7499],[106.8453,11.7502],[106.8456,11.7506],[106.8455,11.7517],[106.847,11.7521],[106.8474,11.7533],[106.848,11.7535],[106.8476,11.7541],[106.8483,11.7562],[106.8491,11.7569],[106.8499,11.7568],[106.8501,11.7572]]]},"properties":{"code":"25255","name":"Long Hà","nameEn":"Long Ha","fullName":"Xã Long Hà","fullNameEn":"Long Ha Commune","codeName":"long_ha","postalCode":"67711","postalCodePrefix":"","gisServerId":"diaphanhanhchinhcapxa_2025.2278","areaKm2":168.4},"id":"25255"},
{"type":"Feature","geometry":{"type":"Polygon","coordinates":[[[107.0827,11.7866],[107.0804,11.7884],[107.0794,11.7902],[107.0788,11.7919],[107.078,11.7957],[107.0774,11.7968],[107.0758,11.7983],[107.0736,11.7992],[107.0701,11.7985],[107.0681,11.7975],[107.0648,11.7951],[107.0614,11.7938],[107.0592,11.7924],[107.0575,11.7903],[107.0544,11.7901],[107.052,11.7864],[107.05,11.7841],[107.0484,11.7832],[107.0462,11.7828],[107.0434,11.7836],[107.0406,11.7833],[107.0384,11.7837],[107.0368,11.7833],[107.0344,11.7835],[107.0339,11.7839],[107.0332,11.7861],[107.0309,11.7891],[107.0301,11.792],[107.029,11.7937],[107.0268,11.7942],[107.0239,11.794],[107.0199,11.7946],[107.0187,11.7945],[107.0144,11.7913],[107.0095,11.7864],[107.0081,11.7848],[107.0065,11.7817],[107.005,11.7802],[107.0035,11.7775],[107.0007,11.776],[106.9979,11.7738],[106.9968,11.7735],[106.9961,11.7734],[106.9951,11.7746],[106.9945,11.7755],[106.9939,11.777],[106.9934,11.7775],[106.9928,11.7786],[106.9917,11.7784],[106.9896,11.7791],[106.9884,11.7799],[106.9866,11.7798],[106.9857,11.7802],[106.9838,11.78],[106.9823,11.7809],[106.978,11.7813],[106.9742,11.7796],[106.9736,11.778],[106.9729,11.7771],[106.9717,11.7769],[106.9701,11.776],[106.9686,11.7763],[106.9668,11.7777],[106.9665,11.7782],[106.9665,11.7791],[106.9647,11.7803],[106.9625,11.7813],[106.959,11.7808],[106.9542,11.7783],[106.9538,11.7777],[106.9546,11.7763],[106.9555,11.7732],[106.9573,11.7719],[106.9589,11.7696],[106.9603,11.769],[106.9637,11.7686],[106.9612,11.7644],[106.9607,11.7619],[106.9592,11.7582],[106.9555,11.7548],[106.95,11.7512],[106.9469,11.7462],[106.9189,11.7406],[106.9199,11.7397],[106.9202,11.7391],[106.9196,11.7363],[106.9189,11.7352],[106.9188,11.7346],[106.92,11.733],[106.9211,11.7333],[106.9214,11.7326],[106.9222,11.7327],[106.9223,11.7313],[106.9235,11.7312],[106.923,11.73],[106.9231,11.7294],[106.9252,11.7287],[106.9251,11.728],[106.9246,11.7279],[106.9251,11.7273],[106.9246,11.7268],[106.9248,11.7252],[106.9235,11.7243],[106.9236,11.7236],[106.9231,11.7229],[106.9239,11.7226],[106.9236,11.7219],[106.924,11.7213],[106.9235,11.7207],[106.9232,11.7209],[106.9233,11.7194],[106.9222,11.7186],[106.922,11.718],[106.9207,11.7174],[106.9217,11.717],[106.9226,11.7173],[106.9241,11.7156],[106.9228,11.7148],[106.9235,11.7134],[106.9243,11.7143],[106.9258,11.7142],[106.926,11.7135],[106.9263,11.7138],[106.9267,11.7147],[106.9263,11.7154],[106.9271,11.7158],[106.9266,11.7166],[106.9266,11.7181],[106.9263,11.7195],[106.9284,11.7194],[106.9295,11.7186],[106.9304,11.7193],[106.9314,11.7181],[106.9321,11.7187],[106.932,11.7194],[106.9317,11.7196],[106.9311,11.7192],[106.9311,11.7195],[106.9322,11.7208],[106.9332,11.7211],[106.9347,11.7212],[106.9353,11.7209],[106.9347,11.7189],[106.936,11.7198],[106.9371,11.7196],[106.9372,11.7191],[106.9362,11.7182],[106.9369,11.7174],[106.9393,11.7172],[106.9403,11.7166],[106.9411,11.7174],[106.9421,11.7173],[106.942,11.7179],[106.9434,11.7191],[106.9428,11.7204],[106.9434,11.7208],[106.9435,11.722],[106.9442,11.722],[106.9447,11.7206],[106.9452,11.7207],[106.9456,11.7218],[106.9447,11.7221],[106.9444,11.7225],[106.9446,11.7229],[106.9457,11.7231],[106.9447,11.7242],[106.9457,11.7242],[106.9467,11.7234],[106.9471,11.7255],[106.9475,11.7254],[106.9479,11.7243],[106.9489,11.7255],[106.949,11.7247],[106.9507,11.7243],[106.9515,11.7232],[106.9524,11.7237],[106.954,11.7235],[106.9542,11.7238],[106.9538,11.7245],[106.9563,11.725],[106.9573,11.7254],[106.9566,11.7262],[106.9549,11.7257],[106.9543,11.7262],[106.9546,11.7268],[106.956,11.7272],[106.9565,11.728],[106.9574,11.7288],[106.9573,11.7291],[106.9567,11.7292],[106.9568,11.7302],[106.9571,11.7305],[106.9581,11.7302],[106.9582,11.7294],[106.9592,11.7297],[106.9596,11.7296],[106.9607,11.7276],[106.9611,11.7277],[106.9616,11.7288],[106.9618,11.7288],[106.9617,11.727],[106.9632,11.7266],[106.962,11.7255],[106.963,11.7253],[106.963,11.7239],[106.9652,11.7237],[106.9652,11.7234],[106.9645,11.7233],[106.9651,11.7228],[106.9654,11.7217],[106.9658,11.7219],[106.966,11.7226],[106.967,11.7223],[106.9676,11.7215],[106.9676,11.7223],[106.968,11.7225],[106.9688,11.7211],[106.9701,11.7209],[106.9702,11.7204],[106.9696,11.72],[106.9708,11.7198],[106.9708,11.7181],[106.9718,11.7186],[106.9733,11.7171],[106.9738,11.7175],[106.9744,11.7174],[106.9738,11.7161],[106.976,11.7165],[106.9766,11.7155],[106.9774,11.7158],[106.9776,11.7165],[106.9767,11.7176],[106.9767,11.718],[106.9784,11.7174],[106.9793,11.7175],[106.9793,11.7164],[106.9797,11.7161],[106.9809,11.7163],[106.981,11.7147],[106.9817,11.7152],[106.9829,11.7152],[106.9832,11.7161],[106.9841,11.7159],[106.9841,11.7153],[106.9832,11.7149],[106.9836,11.7141],[106.9848,11.7135],[106.9844,11.713],[106.9849,11.7127],[106.9846,11.7124],[106.9847,11.7118],[106.9855,11.7113],[106.9852,11.7108],[106.9859,11.7103],[106.9856,11.71],[106.9856,11.7096],[106.9869,11.709],[106.9872,11.7081],[106.9877,11.7079],[106.9884,11.7066],[106.9884,11.7059],[106.9895,11.7055],[106.9896,11.6993],[106.9892,11.6953],[106.9887,11.6944],[106.9894,11.6939],[106.9899,11.6941],[106.9904,11.6933],[106.9922,11.6934],[106.9922,11.6927],[106.9932,11.6927],[106.9935,11.6917],[106.9924,11.6917],[106.9922,11.6912],[106.9934,11.6913],[106.9943,11.691],[106.9949,11.6904],[106.9947,11.6896],[106.9967,11.6893],[106.9968,11.6885],[106.9973,11.6882],[106.9984,11.6882],[106.9988,11.687],[106.9984,11.6866],[106.9983,11.6856],[106.9959,11.6849],[106.9937,11.6806],[106.9918,11.68],[106.9908,11.6788],[106.9892,11.6781],[106.9879,11.6778],[106.9869,11.6766],[106.9861,11.6769],[106.9855,11.6762],[106.9844,11.6767],[106.9823,11.6764],[106.9828,11.6743],[106.981,11.6706],[106.9814,11.6682],[106.9812,11.6655],[106.9845,11.6655],[106.9835,11.6631],[106.9836,11.6618],[106.9832,11.6611],[106.9836,11.6604],[106.9846,11.6598],[106.9842,11.6594],[106.983,11.6593],[106.9826,11.6596],[106.9822,11.658],[106.982,11.658],[106.9827,11.6559],[106.9821,11.6556],[106.9825,11.6548],[106.9825,11.6537],[106.9828,11.6538],[106.9836,11.6528],[106.9838,11.6519],[106.9845,11.6518],[106.984,11.6501],[106.9844,11.6483],[106.9847,11.6484],[106.9852,11.647],[106.9856,11.6467],[106.9846,11.6464],[106.9848,11.6457],[106.9855,11.646],[106.9863,11.6458],[106.9864,11.6457],[106.9861,11.6454],[106.9868,11.6451],[106.9875,11.6458],[106.9888,11.6458],[106.9884,11.6462],[106.9887,11.647],[106.9893,11.6468],[106.9898,11.6482],[106.9906,11.6483],[106.9906,11.6481],[106.991,11.6482],[106.9914,11.6476],[106.9919,11.6482],[106.9922,11.6474],[106.9928,11.6476],[106.9924,11.6476],[106.9924,11.6479],[106.9928,11.6479],[106.9933,11.6475],[106.9954,11.6469],[106.9956,11.6472],[106.996,11.647],[106.9964,11.648],[106.997,11.6483],[106.9971,11.6488],[106.9966,11.6492],[106.9968,11.6494],[106.9971,11.6491],[106.9971,11.6502],[106.9971,11.6498],[106.9974,11.6502],[106.9978,11.6498],[106.9982,11.65],[106.9982,11.6504],[106.9989,11.6502],[106.9994,11.6512],[107.0002,11.651],[107.0002,11.6514],[107.0007,11.6512],[107.0012,11.6518],[107.002,11.6518],[107.0028,11.6515],[107.0035,11.6516],[107.0042,11.6509],[107.0052,11.6511],[107.006,11.6501],[107.0069,11.6499],[107.0074,11.6493],[107.0095,11.6488],[107.0108,11.6469],[107.0112,11.6466],[107.0111,11.6462],[107.0118,11.646],[107.0124,11.6451],[107.0141,11.6438],[107.015,11.6436],[107.0157,11.6437],[107.016,11.6432],[107.0171,11.6434],[107.0176,11.643],[107.019,11.6435],[107.0201,11.6431],[107.0222,11.6432],[107.0236,11.6418],[107.0235,11.6411],[107.0227,11.6402],[107.0234,11.6391],[107.0235,11.6372],[107.023,11.6352],[107.0221,11.6342],[107.0224,11.6336],[107.0214,11.6329],[107.0212,11.6321],[107.0218,11.6319],[107.0218,11.6314],[107.0229,11.6311],[107.0225,11.6306],[107.0229,11.6291],[107.0216,11.6294],[107.0218,11.6284],[107.0226,11.6283],[107.0223,11.6277],[107.0227,11.6279],[107.0236,11.6277],[107.0235,11.6286],[107.024,11.6284],[107.024,11.6296],[107.0246,11.6308],[107.0249,11.6309],[107.0255,11.6304],[107.0261,11.6305],[107.0265,11.6307],[107.0265,11.6313],[107.0275,11.6316],[107.0273,11.6321],[107.0296,11.6313],[107.0327,11.6309],[107.0337,11.633],[107.0353,11.6339],[107.0358,11.6344],[107.0357,11.6347],[107.0389,11.6331],[107.0403,11.6359],[107.0411,11.6406],[107.0437,11.6442],[107.0502,11.6479],[107.053,11.648],[107.0526,11.6484],[107.0531,11.6554],[107.0488,11.658],[107.0529,11.6672],[107.0566,11.6667],[107.0577,11.6668],[107.0611,11.6683],[107.062,11.6692],[107.0595,11.6696],[107.0584,11.6703],[107.0569,11.6718],[107.0546,11.6751],[107.0548,11.6794],[107.0542,11.6807],[107.0545,11.6811],[107.0536,11.6822],[107.0538,11.6835],[107.0571,11.686],[107.0586,11.6877],[107.0658,11.6885],[107.0697,11.6873],[107.0707,11.6866],[107.0714,11.687],[107.0719,11.6878],[107.0721,11.6888],[107.0707,11.6893],[107.0708,11.6902],[107.0705,11.6905],[107.0711,11.6914],[107.0712,11.6931],[107.0724,11.6943],[107.0726,11.6955],[107.0732,11.6956],[107.0736,11.6965],[107.0734,11.6976],[107.0736,11.6983],[107.0732,11.6988],[107.0736,11.7004],[107.0728,11.7032],[107.0732,11.7045],[107.0733,11.7056],[107.0746,11.7074],[107.0746,11.7078],[107.074,11.7075],[107.0742,11.7085],[107.0761,11.7103],[107.0767,11.7117],[107.0778,11.7121],[107.0794,11.7144],[107.0792,11.715],[107.0794,11.7157],[107.079,11.7172],[107.0792,11.7194],[107.0779,11.7216],[107.0772,11.7219],[107.0775,11.7226],[107.077,11.7234],[107.078,11.7258],[107.0777,11.7276],[107.0778,11.7286],[107.0766,11.7298],[107.0769,11.7307],[107.076,11.7315],[107.0761,11.7318],[107.0746,11.7322],[107.0749,11.7335],[107.074,11.7338],[107.0736,11.7349],[107.0721,11.7356],[107.0718,11.7365],[107.0714,11.7367],[107.0709,11.7366],[107.0707,11.7359],[107.0692,11.7357],[107.069,11.736],[107.0679,11.7353],[107.067,11.7351],[107.0666,11.7348],[107.0664,11.7339],[107.0652,11.7335],[107.0648,11.7339],[107.0646,11.7344],[107.0649,11.7348],[107.0647,11.7352],[107.0642,11.7351],[107.0638,11.736],[107.063,11.7363],[107.0623,11.7382],[107.0592,11.7418],[107.0595,11.7423],[107.0611,11.7429],[107.0618,11.7436],[107.0626,11.7452],[107.0629,11.7466],[107.0623,11.7528],[107.0625,11.7542],[107.0638,11.7563],[107.0645,11.7564],[107.0645,11.7553],[107.066,11.7534],[107.0681,11.7519],[107.0692,11.7538],[107.0691,11.7541],[107.0697,11.7555],[107.0698,11.7567],[107.0703,11.757],[107.0713,11.7571],[107.0715,11.7589],[107.0749,11.7607],[107.0757,11.7615],[107.0757,11.7622],[107.0767,11.764],[107.0763,11.765],[107.075,11.766],[107.0742,11.7693],[107.0742,11.7709],[107.0752,11.7721],[107.076,11.7737],[107.0769,11.7744],[107.0813,11.775],[107.083,11.7758],[107.0831,11.7766],[107.081,11.778],[107.0808,11.7801],[107.0811,11.7818],[107.0824,11.7843],[107.0827,11.7866]]]},"properties":{"code":"25261","name":"Phú Trung","nameEn":"Phu Trung","fullName":"Xã Phú Trung","fullNameEn":"Phu Trung Commune","codeName":"phu_trung","postalCode":"67707","postalCodePrefix":"","gisServerId":"diaphanhanhchinhcapxa_2025.2298","areaKm2":172},"id":"25261"},
{"type":"Feature","geometry":{"type":"Polygon","coordinates":[[[107.114,11.992],[107.1146,11.9914],[107.1143,11.99],[107.1131,11.991],[107.1118,11.9905],[107.1103,11.9907],[107.11,11.9898],[107.1108,11.989],[107.1107,11.9886],[107.1091,11.9881],[107.1074,11.9884],[107.1064,11.9882],[107.1071,11.9866],[107.1066,11.9858],[107.1066,11.9851],[107.1057,11.9852],[107.1061,11.984],[107.1054,11.9834],[107.1047,11.9836],[107.1043,11.9833],[107.1008,11.9845],[107.0977,11.9851],[107.0962,11.9851],[107.0944,11.9863],[107.0928,11.9865],[107.0927,11.986],[107.091,11.9857],[107.0902,11.986],[107.0891,11.9881],[107.0881,11.9877],[107.0861,11.9883],[107.0846,11.989],[107.0837,11.9903],[107.0828,11.9897],[107.0828,11.9901],[107.0813,11.9897],[107.0811,11.9907],[107.0805,11.9913],[107.0782,11.992],[107.0775,11.994],[107.077,11.9934],[107.0765,11.9935],[107.0753,11.9949],[107.0738,11.9946],[107.0725,11.9959],[107.0712,11.9957],[107.0711,11.9959],[107.0704,11.9953],[107.0692,11.996],[107.0691,11.9964],[107.068,11.9961],[107.0677,11.997],[107.0686,11.9975],[107.0681,11.9986],[107.0668,11.9982],[107.0651,11.9984],[107.0653,11.999],[107.0644,11.9994],[107.0644,11.9997],[107.0631,11.9991],[107.0629,11.9997],[107.0625,11.9996],[107.0625,12.0002],[107.0618,12.0004],[107.0605,12.0013],[107.059,12.0015],[107.056,12.0042],[107.0554,12.0039],[107.0552,12.0047],[107.0543,12.0047],[107.0542,12.0052],[107.0536,12.0047],[107.0524,12.006],[107.0513,12.0056],[107.0507,12.0059],[107.0505,12.0065],[107.0507,12.0067],[107.0505,12.0069],[107.0488,12.0069],[107.0486,12.0078],[107.048,12.0077],[107.048,12.0085],[107.0468,12.0091],[107.0455,12.0081],[107.0448,12.0092],[107.0431,12.0098],[107.043,12.0103],[107.0426,12.0106],[107.0421,12.0104],[107.0421,12.0097],[107.0377,12.0068],[107.0364,12.0053],[107.0358,12.0053],[107.036,12.0048],[107.0346,12.0044],[107.0327,12.0046],[107.0307,12.0033],[107.03,12.0021],[107.0292,12.0029],[107.0286,12.0029],[107.0268,12.002],[107.0258,12.0019],[107.0253,12.0006],[107.025,12.001],[107.0241,12.0008],[107.0229,12.0018],[107.0226,12.0013],[107.0224,12.0021],[107.0213,12.0016],[107.0211,12.002],[107.0213,12.0026],[107.0202,12.0021],[107.0197,12.0015],[107.0197,12.0004],[107.0191,12.0006],[107.0187,12.0016],[107.0165,11.9993],[107.0153,11.9986],[107.0139,11.9985],[107.0129,12.0002],[107.0123,12.0001],[107.012,11.9996],[107.0124,11.9975],[107.0118,11.9967],[107.0108,11.9968],[107.0098,11.9983],[107.0092,11.9984],[107.0082,11.998],[107.0066,11.9969],[107.0046,11.9972],[107.0032,11.9967],[107.0012,11.9973],[107.0004,11.9962],[106.9992,11.9957],[106.9973,11.9959],[106.9968,11.995],[106.9952,11.994],[106.9936,11.9943],[106.992,11.9931],[106.9917,11.991],[106.9912,11.99],[106.9909,11.9901],[106.9906,11.9912],[106.9903,11.991],[106.9901,11.9898],[106.9894,11.9901],[106.9887,11.9912],[106.9877,11.9904],[106.9871,11.9892],[106.9871,11.9887],[106.9885,11.9881],[106.989,11.9876],[106.9859,11.9855],[106.9843,11.9863],[106.9858,11.9875],[106.9848,11.9882],[106.9842,11.9884],[106.9835,11.9874],[106.9821,11.9872],[106.9826,11.9882],[106.9822,11.9892],[106.9795,11.988],[106.9785,11.987],[106.9779,11.9872],[106.977,11.9882],[106.9763,11.9881],[106.9761,11.9895],[106.9747,11.9891],[106.9749,11.9908],[106.9761,11.9917],[106.9749,11.9928],[106.9759,11.9941],[106.9752,11.9949],[106.9752,11.9958],[106.9729,11.9966],[106.9719,11.9991],[106.9705,11.9998],[106.9701,12.0004],[106.9701,12.0026],[106.9678,12.0032],[106.9672,12.0029],[106.9667,12.0022],[106.9656,12.0018],[106.9653,12.0005],[106.9641,11.9994],[106.9617,11.9977],[106.9591,11.997],[106.9585,11.9971],[106.9579,11.9977],[106.9575,11.999],[106.9543,12.0008],[106.9488,12.0005],[106.9461,12],[106.944,12.0001],[106.9418,12.0009],[106.9413,12.0003],[106.9418,11.9981],[106.9394,11.9981],[106.9376,11.9974],[106.9325,11.9918],[106.9313,11.9909],[106.9285,11.9901],[106.9252,11.9901],[106.922,11.9887],[106.9195,11.9888],[106.9182,11.9885],[106.9129,11.984],[106.9112,11.9829],[106.9084,11.9794],[106.9066,11.9783],[106.9037,11.9759],[106.9019,11.975],[106.8974,11.9745],[106.8978,11.9722],[106.8976,11.967],[106.898,11.9647],[106.9004,11.9598],[106.901,11.9596],[106.9018,11.9598],[106.9061,11.9633],[106.907,11.9635],[106.9081,11.9627],[106.9082,11.9624],[106.9071,11.96],[106.9071,11.959],[106.9074,11.9582],[106.9087,11.9573],[106.9102,11.9569],[106.9112,11.9571],[106.9125,11.9597],[106.9124,11.961],[106.9111,11.9648],[106.9117,11.9656],[106.9137,11.966],[106.9165,11.9656],[106.9183,11.9648],[106.9203,11.963],[106.9233,11.962],[106.9242,11.9622],[106.9256,11.9635],[106.9259,11.9644],[106.9256,11.9665],[106.9244,11.9673],[106.9204,11.9681],[106.9194,11.9688],[106.9194,11.9697],[106.9199,11.9706],[106.9216,11.9719],[106.9254,11.9723],[106.9283,11.9714],[106.9321,11.9711],[106.9356,11.9693],[106.9378,11.9676],[106.9388,11.9679],[106.9392,11.9709],[106.9402,11.9726],[106.9413,11.973],[106.9429,11.972],[106.9431,11.971],[106.9428,11.9649],[106.9433,11.9615],[106.9419,11.9614],[106.9396,11.9606],[106.9367,11.9589],[106.9344,11.9565],[106.9338,11.9551],[106.9346,11.9537],[106.9353,11.9533],[106.9366,11.9543],[106.939,11.9549],[106.941,11.955],[106.9435,11.9544],[106.9438,11.9538],[106.9437,11.9529],[106.9424,11.9512],[106.9423,11.9505],[106.9436,11.9477],[106.9434,11.9465],[106.9416,11.9455],[106.94,11.9454],[106.9282,11.9468],[106.9271,11.9463],[106.9266,11.9456],[106.9261,11.9429],[106.9267,11.9419],[106.928,11.9416],[106.9293,11.9418],[106.9315,11.9432],[106.9322,11.9431],[106.9327,11.9426],[106.9336,11.9408],[106.9344,11.9353],[106.935,11.9338],[106.9356,11.9332],[106.9365,11.9329],[106.9374,11.9332],[106.938,11.9356],[106.9385,11.936],[106.94,11.9354],[106.9411,11.934],[106.9408,11.9327],[106.9419,11.9307],[106.9422,11.9294],[106.9416,11.9263],[106.941,11.9256],[106.9393,11.9248],[106.9364,11.9246],[106.9348,11.9247],[106.9325,11.9256],[106.9311,11.9256],[106.9294,11.9239],[106.9291,11.9224],[106.9298,11.921],[106.9314,11.9197],[106.9322,11.9164],[106.9329,11.915],[106.9359,11.9127],[106.9371,11.9123],[106.9381,11.9134],[106.9395,11.9163],[106.9406,11.9161],[106.941,11.9155],[106.9411,11.9127],[106.9417,11.9112],[106.9428,11.9101],[106.9451,11.9086],[106.9465,11.9058],[106.9465,11.9045],[106.9451,11.9011],[106.9432,11.8989],[106.9418,11.8963],[106.9417,11.8954],[106.942,11.8937],[106.9428,11.8919],[106.9436,11.891],[106.9494,11.8873],[106.9515,11.8863],[106.9549,11.8857],[106.9561,11.8852],[106.9569,11.8846],[106.9573,11.8836],[106.9575,11.8818],[106.9556,11.8789],[106.9547,11.8768],[106.9547,11.8759],[106.9553,11.8755],[106.9568,11.8758],[106.9603,11.8773],[106.9615,11.876],[106.9635,11.8727],[106.964,11.8725],[106.9644,11.8728],[106.9645,11.8724],[106.9647,11.8726],[106.9853,11.8726],[106.9846,11.8722],[106.9839,11.8703],[106.9846,11.8689],[106.9838,11.8689],[106.9835,11.8684],[106.9836,11.8676],[106.9827,11.8679],[106.9815,11.8665],[106.9804,11.8661],[106.986,11.8613],[106.9891,11.8578],[106.9901,11.8577],[106.9912,11.858],[106.9934,11.859],[106.9945,11.8625],[106.9953,11.8635],[107.0003,11.8649],[107.0041,11.867],[107.0075,11.8675],[107.0086,11.868],[107.0093,11.8693],[107.0104,11.8693],[107.0106,11.8691],[107.01,11.8685],[107.0104,11.8677],[107.0113,11.8669],[107.0127,11.8666],[107.0134,11.8658],[107.014,11.8644],[107.0175,11.8619],[107.0184,11.86],[107.0193,11.8591],[107.019,11.8578],[107.0234,11.8565],[107.0255,11.8551],[107.0285,11.8539],[107.0288,11.8536],[107.0288,11.849],[107.0297,11.8469],[107.0332,11.8431],[107.0345,11.8427],[107.0363,11.8429],[107.0382,11.8446],[107.0433,11.8464],[107.0464,11.8465],[107.053,11.8457],[107.0555,11.8447],[107.0573,11.8431],[107.0599,11.8393],[107.0608,11.8377],[107.0617,11.8349],[107.0706,11.8365],[107.0754,11.8389],[107.079,11.8428],[107.0778,11.8454],[107.0746,11.8569],[107.0725,11.86],[107.0702,11.8652],[107.0675,11.8682],[107.0654,11.869],[107.0647,11.8696],[107.0652,11.8705],[107.0674,11.8713],[107.0683,11.8711],[107.0692,11.87],[107.0697,11.8698],[107.0732,11.8695],[107.0743,11.8696],[107.0748,11.8702],[107.0746,11.8708],[107.0713,11.8721],[107.0708,11.8773],[107.0694,11.8841],[107.0699,11.8853],[107.0709,11.8861],[107.075,11.8861],[107.0765,11.8865],[107.0773,11.8875],[107.0773,11.8883],[107.0767,11.8917],[107.0755,11.8957],[107.0741,11.8978],[107.0715,11.8986],[107.0713,11.8992],[107.0715,11.8999],[107.0742,11.9035],[107.0758,11.9047],[107.078,11.9057],[107.0808,11.9064],[107.0854,11.9059],[107.087,11.9065],[107.0881,11.9076],[107.0901,11.9106],[107.0923,11.9124],[107.0925,11.9132],[107.0915,11.9166],[107.0917,11.917],[107.0955,11.9188],[107.0967,11.9198],[107.0968,11.9238],[107.0978,11.9258],[107.1001,11.9267],[107.1038,11.9273],[107.1057,11.928],[107.1068,11.9293],[107.1071,11.9326],[107.1082,11.9339],[107.1089,11.9344],[107.1108,11.9342],[107.1132,11.9327],[107.1148,11.9322],[107.1161,11.9328],[107.1167,11.9348],[107.1158,11.9397],[107.1143,11.9417],[107.1137,11.9429],[107.1132,11.9473],[107.1135,11.9484],[107.1146,11.9505],[107.1188,11.9554],[107.1184,11.9566],[107.1164,11.959],[107.1186,11.9614],[107.1187,11.9625],[107.1185,11.9635],[107.117,11.9671],[107.1171,11.9678],[107.1179,11.9692],[107.1183,11.9696],[107.1212,11.9699],[107.1224,11.9703],[107.1237,11.9711],[107.1253,11.9728],[107.1256,11.974],[107.1234,11.976],[107.1236,11.9768],[107.1245,11.9774],[107.1258,11.9779],[107.1271,11.978],[107.1321,11.976],[107.1341,11.9757],[107.1359,11.9759],[107.1377,11.9764],[107.1396,11.9784],[107.1438,11.9804],[107.146,11.9832],[107.1468,11.9833],[107.1491,11.9823],[107.1498,11.9825],[107.1517,11.9837],[107.1522,11.9843],[107.1524,11.9856],[107.1521,11.9869],[107.1515,11.9879],[107.1508,11.9884],[107.1472,11.9885],[107.1463,11.9893],[107.1464,11.99],[107.1465,11.9901],[107.1459,11.9919],[107.146,11.9927],[107.1471,11.9951],[107.1466,11.996],[107.1447,11.9978],[107.1444,11.9999],[107.1425,12.0031],[107.1405,12.0031],[107.1381,12.0047],[107.1369,12.0048],[107.1337,12.004],[107.1279,12.0011],[107.1258,12.0015],[107.1242,12.0028],[107.123,12.0028],[107.1217,12.0014],[107.121,11.999],[107.1201,11.9983],[107.1188,11.9954],[107.1168,11.9939],[107.1162,11.9923],[107.114,11.992]]]},"properties":{"code":"25267","name":"Phú Nghĩa","nameEn":"Phu Nghia","fullName":"Xã Phú Nghĩa","fullNameEn":"Phu Nghia Commune","codeName":"phu_nghia","postalCode":"67506","postalCodePrefix":"","gisServerId":"diaphanhanhchinhcapxa_2025.2280","areaKm2":279.4},"id":"25267"},
{"type":"Feature","geometry":{"type":"Polygon","coordinates":[[[106.6955,11.8117],[106.6953,11.8155],[106.6959,11.8177],[106.696,11.8205],[106.6953,11.8218],[106.6925,11.8231],[106.6874,11.82],[106.6861,11.8379],[106.6874,11.8447],[106.687,11.8448],[106.6866,11.8454],[106.6863,11.8454],[106.6855,11.8463],[106.6854,11.8467],[106.6851,11.8467],[106.6853,11.8476],[106.6847,11.849],[106.6839,11.8496],[106.6835,11.8492],[106.683,11.85],[106.6833,11.8506],[106.6827,11.8506],[106.6825,11.8508],[106.6829,11.8515],[106.6824,11.8528],[106.6827,11.8557],[106.6822,11.8578],[106.6824,11.8581],[106.6821,11.8584],[106.6824,11.8594],[106.6819,11.8624],[106.6824,11.8626],[106.6826,11.8632],[106.6825,11.8645],[106.6829,11.8647],[106.6835,11.8655],[106.6833,11.8659],[106.684,11.8664],[106.6846,11.8674],[106.6837,11.8692],[106.6829,11.8696],[106.683,11.87],[106.6822,11.8697],[106.6803,11.8703],[106.6795,11.8699],[106.679,11.8702],[106.6778,11.8701],[106.6773,11.8698],[106.6751,11.8696],[106.671,11.8664],[106.6698,11.8669],[106.6671,11.8664],[106.6666,11.866],[106.6638,11.8659],[106.6609,11.8653],[106.6591,11.864],[106.6567,11.8633],[106.651,11.8628],[106.6479,11.8635],[106.6466,11.8632],[106.6454,11.8622],[106.6382,11.8596],[106.6343,11.8574],[106.6339,11.8567],[106.633,11.8567],[106.6318,11.8562],[106.6312,11.8564],[106.63,11.856],[106.6293,11.8562],[106.6225,11.8538],[106.6211,11.8543],[106.6192,11.8543],[106.6184,11.8547],[106.618,11.8553],[106.6178,11.8567],[106.6155,11.8567],[106.6154,11.8586],[106.6141,11.8586],[106.6117,11.8578],[106.6106,11.858],[106.6101,11.8578],[106.6094,11.8571],[106.6095,11.8566],[106.6092,11.8563],[106.608,11.8558],[106.6064,11.8559],[106.601,11.8517],[106.6002,11.8528],[106.5987,11.8532],[106.5904,11.8572],[106.5898,11.8579],[106.5896,11.8578],[106.589,11.8587],[106.5894,11.859],[106.5889,11.8599],[106.5882,11.8594],[106.5882,11.863],[106.5835,11.8628],[106.5834,11.8583],[106.5848,11.8583],[106.5839,11.8548],[106.5843,11.8544],[106.583,11.8538],[106.5756,11.854],[106.5753,11.8532],[106.5741,11.8524],[106.5731,11.8512],[106.5743,11.848],[106.5741,11.8421],[106.5755,11.8408],[106.5765,11.8406],[106.5765,11.8394],[106.5794,11.8372],[106.5796,11.8364],[106.5818,11.8336],[106.5808,11.8299],[106.5783,11.8314],[106.5781,11.8302],[106.5771,11.83],[106.577,11.8264],[106.5744,11.8266],[106.5744,11.8239],[106.5749,11.8218],[106.5759,11.8207],[106.5766,11.8195],[106.5776,11.8185],[106.5786,11.8181],[106.5811,11.8158],[106.5819,11.8145],[106.5836,11.8132],[106.5836,11.8123],[106.587,11.8082],[106.5873,11.8079],[106.5879,11.8081],[106.5881,11.8079],[106.5875,11.8054],[106.5871,11.805],[106.5876,11.804],[106.5872,11.803],[106.5886,11.8023],[106.5889,11.8017],[106.5897,11.8013],[106.5902,11.8013],[106.5913,11.8021],[106.5922,11.8023],[106.5927,11.8017],[106.5931,11.802],[106.5935,11.8014],[106.5932,11.801],[106.594,11.8002],[106.5956,11.7997],[106.5955,11.7994],[106.5972,11.7987],[106.5974,11.7979],[106.5996,11.7965],[106.6003,11.7954],[106.5994,11.7941],[106.5977,11.7933],[106.5975,11.7929],[106.5978,11.7919],[106.5985,11.7916],[106.5982,11.7905],[106.5986,11.7903],[106.5987,11.7897],[106.5985,11.7894],[106.5981,11.7895],[106.598,11.7891],[106.5985,11.7888],[106.5982,11.7881],[106.5984,11.7873],[106.5987,11.7866],[106.5991,11.7864],[106.5997,11.7854],[106.5991,11.7843],[106.5974,11.7824],[106.5975,11.7819],[106.599,11.7815],[106.5997,11.781],[106.5997,11.7792],[106.6002,11.7785],[106.6008,11.7785],[106.6067,11.7816],[106.6123,11.7851],[106.6141,11.7854],[106.6142,11.7867],[106.6157,11.787],[106.6149,11.7888],[106.6145,11.7891],[106.6146,11.7905],[106.6154,11.7909],[106.6174,11.7908],[106.6189,11.7921],[106.6193,11.7921],[106.6193,11.793],[106.6204,11.7934],[106.6199,11.7941],[106.6195,11.796],[106.6187,11.7965],[106.6166,11.7971],[106.6132,11.7968],[106.613,11.799],[106.6128,11.799],[106.6127,11.7997],[106.6148,11.7999],[106.6144,11.801],[106.6149,11.8009],[106.6151,11.8018],[106.6157,11.802],[106.6156,11.8025],[106.616,11.802],[106.6176,11.8018],[106.6173,11.8023],[106.6165,11.8027],[106.6165,11.8035],[106.616,11.8036],[106.6156,11.8049],[106.6165,11.8054],[106.6161,11.8086],[106.6158,11.8223],[106.6184,11.8223],[106.6189,11.8213],[106.621,11.8216],[106.6212,11.8227],[106.6207,11.8233],[106.6207,11.8254],[106.625,11.8258],[106.6252,11.83],[106.6265,11.8297],[106.627,11.8285],[106.6278,11.8285],[106.6284,11.827],[106.6302,11.8239],[106.6325,11.8222],[106.6346,11.8201],[106.6352,11.8203],[106.6353,11.8196],[106.6362,11.8182],[106.6376,11.8176],[106.6373,11.8166],[106.6379,11.8155],[106.6388,11.8149],[106.639,11.8143],[106.6396,11.8141],[106.6401,11.8145],[106.6408,11.814],[106.6408,11.8131],[106.6418,11.8128],[106.6458,11.814],[106.6485,11.8142],[106.6489,11.8149],[106.6497,11.8149],[106.6511,11.8153],[106.6524,11.8151],[106.6532,11.816],[106.6548,11.8157],[106.6564,11.8159],[106.6598,11.8156],[106.6639,11.8158],[106.6645,11.817],[106.6675,11.8156],[106.6701,11.8136],[106.6718,11.8136],[106.673,11.8133],[106.6745,11.8135],[106.6754,11.8132],[106.6753,11.8127],[106.6759,11.8104],[106.678,11.8093],[106.6803,11.8093],[106.6828,11.8099],[106.684,11.8104],[106.6863,11.8123],[106.6889,11.8136],[106.6907,11.813],[106.6914,11.8114],[106.6931,11.8115],[106.6948,11.812],[106.6955,11.8117]]]},"properties":{"code":"25270","name":"Lộc Ninh","nameEn":"Loc Ninh","fullName":"Phường Lộc Ninh","fullNameEn":"Loc Ninh Ward","codeName":"loc_ninh","postalCode":"67606","postalCodePrefix":"","gisServerId":"diaphanhanhchinhcapxa_2025.2281","areaKm2":67.4},"id":"25270"},
{"type":"Feature","geometry":{"type":"Polygon","coordinates":[[[106.6219,11.8997],[106.6158,11.8996],[106.6135,11.8998],[106.6136,11.8968],[106.6143,11.8966],[106.6151,11.8959],[106.6163,11.8937],[106.6165,11.8906],[106.6162,11.8895],[106.615,11.8903],[106.6137,11.8887],[106.6121,11.8883],[106.61,11.8891],[106.6088,11.8887],[106.6075,11.8891],[106.6042,11.8885],[106.6003,11.8886],[106.5978,11.8896],[106.595,11.8912],[106.5919,11.8957],[106.5888,11.8965],[106.5879,11.8972],[106.5854,11.8979],[106.5823,11.8981],[106.5805,11.8989],[106.5786,11.9001],[106.5785,11.9006],[106.5775,11.9014],[106.577,11.9014],[106.5766,11.9024],[106.5762,11.9024],[106.5759,11.9027],[106.5755,11.9025],[106.5756,11.9032],[106.5752,11.9032],[106.5752,11.9035],[106.5739,11.9039],[106.574,11.9048],[106.5737,11.9048],[106.5735,11.9045],[106.5731,11.9049],[106.5731,11.9047],[106.5727,11.9049],[106.5718,11.9048],[106.5718,11.9055],[106.5714,11.9057],[106.5712,11.9063],[106.5699,11.9065],[106.5698,11.907],[106.5693,11.9071],[106.5695,11.9074],[106.5692,11.9076],[106.569,11.9086],[106.5685,11.9088],[106.5686,11.9091],[106.568,11.9094],[106.5675,11.9094],[106.5674,11.9092],[106.5663,11.9102],[106.5657,11.9098],[106.5655,11.9104],[106.5643,11.9106],[106.5642,11.9113],[106.5634,11.911],[106.5618,11.9117],[106.5617,11.9114],[106.5613,11.9115],[106.5597,11.9106],[106.5585,11.9104],[106.5584,11.9101],[106.5568,11.9089],[106.5565,11.908],[106.5558,11.9079],[106.5559,11.9076],[106.5553,11.908],[106.5551,11.9078],[106.5544,11.9078],[106.554,11.9073],[106.5531,11.9076],[106.5508,11.9074],[106.5492,11.9064],[106.5489,11.9066],[106.5485,11.9063],[106.5483,11.907],[106.5478,11.9074],[106.5477,11.9073],[106.5477,11.9077],[106.5473,11.9075],[106.5468,11.9078],[106.5465,11.9075],[106.5464,11.9081],[106.5456,11.9079],[106.5454,11.9083],[106.5448,11.9077],[106.5445,11.908],[106.5437,11.9075],[106.5435,11.9077],[106.5425,11.9077],[106.5422,11.9079],[106.5422,11.9085],[106.541,11.9085],[106.5413,11.9091],[106.5406,11.9089],[106.5408,11.9097],[106.5404,11.9092],[106.5397,11.9103],[106.5392,11.9094],[106.5385,11.9098],[106.5384,11.9092],[106.5376,11.9099],[106.5375,11.909],[106.5367,11.9088],[106.536,11.9094],[106.5352,11.9091],[106.5349,11.9096],[106.5341,11.9095],[106.534,11.9101],[106.5337,11.9097],[106.5328,11.9097],[106.5326,11.9093],[106.5323,11.9095],[106.5321,11.9093],[106.5315,11.9099],[106.5318,11.9089],[106.5316,11.9089],[106.5315,11.9094],[106.531,11.9095],[106.5308,11.9091],[106.5301,11.9094],[106.5295,11.9085],[106.5293,11.9089],[106.529,11.9089],[106.5289,11.9079],[106.5285,11.9086],[106.5288,11.909],[106.5282,11.909],[106.528,11.9096],[106.5275,11.9096],[106.5274,11.9107],[106.5269,11.9107],[106.527,11.9119],[106.5265,11.912],[106.5268,11.9127],[106.5261,11.913],[106.5264,11.9135],[106.5265,11.9131],[106.5272,11.9132],[106.5273,11.9137],[106.526,11.9143],[106.5256,11.9141],[106.5255,11.9149],[106.5259,11.9148],[106.5259,11.915],[106.5253,11.9158],[106.5257,11.9164],[106.5248,11.9168],[106.5248,11.9175],[106.5242,11.9169],[106.5239,11.9175],[106.5234,11.9169],[106.5237,11.9179],[106.5218,11.9178],[106.521,11.917],[106.5212,11.9178],[106.5209,11.918],[106.5208,11.9172],[106.5203,11.917],[106.52,11.9179],[106.5196,11.9176],[106.5196,11.917],[106.5189,11.9171],[106.5189,11.9163],[106.5183,11.9167],[106.5181,11.9172],[106.5173,11.9166],[106.5174,11.9171],[106.517,11.9172],[106.5172,11.9177],[106.5168,11.9186],[106.5172,11.9191],[106.5182,11.919],[106.5186,11.9197],[106.5179,11.9204],[106.5187,11.9206],[106.5197,11.9204],[106.5195,11.9208],[106.5196,11.921],[106.5204,11.9206],[106.5209,11.9208],[106.5218,11.9203],[106.5222,11.9213],[106.5227,11.9212],[106.5231,11.921],[106.523,11.9202],[106.5234,11.92],[106.5238,11.9209],[106.5244,11.9208],[106.5247,11.9213],[106.5249,11.9209],[106.5251,11.9214],[106.5261,11.9217],[106.5272,11.9225],[106.5267,11.9225],[106.5266,11.9228],[106.5272,11.9229],[106.5272,11.9236],[106.5281,11.9237],[106.5281,11.9239],[106.5284,11.9241],[106.5283,11.9246],[106.5287,11.9244],[106.529,11.925],[106.5294,11.9246],[106.53,11.9245],[106.5298,11.925],[106.5304,11.925],[106.5311,11.926],[106.5255,11.9268],[106.504,11.9269],[106.4953,11.9336],[106.49,11.9352],[106.4869,11.9377],[106.4801,11.9398],[106.4771,11.942],[106.4715,11.945],[106.4665,11.9505],[106.4649,11.9533],[106.4606,11.956],[106.4552,11.9556],[106.4513,11.9527],[106.4477,11.9534],[106.4448,11.9551],[106.4415,11.9559],[106.4405,11.9557],[106.4376,11.9544],[106.4351,11.9545],[106.4292,11.9582],[106.4263,11.9592],[106.4232,11.9609],[106.4187,11.9639],[106.4171,11.9655],[106.4202,11.9599],[106.4654,11.8711],[106.467,11.8686],[106.4676,11.8672],[106.4668,11.8665],[106.4663,11.8671],[106.4655,11.8671],[106.4653,11.8659],[106.4645,11.8667],[106.4639,11.8659],[106.4636,11.866],[106.4632,11.8668],[106.4629,11.8668],[106.4625,11.8657],[106.4611,11.8644],[106.461,11.8623],[106.4607,11.862],[106.4602,11.8626],[106.4597,11.8627],[106.4593,11.8636],[106.4587,11.8635],[106.4582,11.8642],[106.4572,11.8638],[106.4566,11.8639],[106.4552,11.8658],[106.4545,11.8658],[106.4548,11.8666],[106.454,11.8669],[106.4534,11.8666],[106.4538,11.8658],[106.4531,11.8658],[106.4524,11.865],[106.4513,11.865],[106.4512,11.8659],[106.4506,11.8659],[106.4504,11.8654],[106.4507,11.8648],[106.4504,11.8647],[106.4497,11.8652],[106.449,11.8666],[106.4483,11.8667],[106.4481,11.8659],[106.4475,11.8656],[106.4462,11.8666],[106.446,11.8661],[106.446,11.8647],[106.4465,11.864],[106.4458,11.863],[106.4472,11.8614],[106.4467,11.8614],[106.446,11.8623],[106.4456,11.8623],[106.4455,11.8604],[106.4458,11.8592],[106.4451,11.8591],[106.4452,11.8599],[106.4449,11.8601],[106.4445,11.8598],[106.4442,11.8581],[106.4433,11.859],[106.4422,11.8586],[106.4409,11.8588],[106.4408,11.8585],[106.4414,11.8577],[106.4411,11.8569],[106.4407,11.8569],[106.4403,11.8576],[106.4399,11.8575],[106.4395,11.8539],[106.4387,11.8536],[106.4391,11.8525],[106.4383,11.8516],[106.4387,11.8508],[106.4397,11.8506],[106.4388,11.8497],[106.4389,11.8493],[106.4394,11.8493],[106.4403,11.85],[106.4411,11.85],[106.441,11.8496],[106.44,11.8489],[106.4412,11.848],[106.4399,11.8471],[106.44,11.8464],[106.4407,11.846],[106.4408,11.8456],[106.4405,11.8443],[106.4398,11.8434],[106.4417,11.8436],[106.442,11.8431],[106.4415,11.8423],[106.4391,11.8417],[106.4382,11.8409],[106.4385,11.84],[106.4381,11.8392],[106.4392,11.8386],[106.4391,11.8379],[106.4415,11.8349],[106.4417,11.8331],[106.4425,11.8329],[106.4444,11.8332],[106.4443,11.8322],[106.4451,11.8321],[106.445,11.8312],[106.4463,11.8296],[106.4464,11.8287],[106.4459,11.8275],[106.4485,11.8269],[106.4487,11.8258],[106.4475,11.8259],[106.447,11.825],[106.448,11.8242],[106.4478,11.824],[106.4483,11.8238],[106.4488,11.8246],[106.4491,11.8238],[106.4504,11.8232],[106.4515,11.8238],[106.4519,11.8232],[106.4523,11.8236],[106.4525,11.8232],[106.4528,11.8235],[106.4531,11.8232],[106.4538,11.8238],[106.4541,11.8235],[106.4547,11.8236],[106.4552,11.8242],[106.4553,11.8234],[106.4564,11.824],[106.4567,11.8236],[106.4565,11.823],[106.4572,11.823],[106.4568,11.822],[106.4579,11.8226],[106.4583,11.8223],[106.4583,11.8231],[106.4589,11.8232],[106.4586,11.8236],[106.4597,11.8236],[106.4599,11.8241],[106.4602,11.8239],[106.4611,11.8248],[106.4607,11.8251],[106.4611,11.8255],[106.4607,11.8256],[106.4601,11.8251],[106.46,11.8254],[106.4604,11.8258],[106.4599,11.8259],[106.4603,11.8266],[106.461,11.8264],[106.4609,11.8269],[106.4614,11.8272],[106.4612,11.8276],[106.4621,11.8275],[106.4624,11.8278],[106.4627,11.827],[106.4629,11.8275],[106.4627,11.8279],[106.4633,11.8282],[106.4639,11.8282],[106.464,11.8285],[106.4637,11.8292],[106.4643,11.8294],[106.4647,11.8303],[106.4654,11.8299],[106.466,11.8303],[106.4664,11.8301],[106.4664,11.8306],[106.467,11.8303],[106.4675,11.8306],[106.4675,11.8318],[106.4679,11.8319],[106.4676,11.8314],[106.4679,11.8312],[106.4686,11.8317],[106.469,11.8316],[106.4698,11.8319],[106.4706,11.8333],[106.4715,11.8328],[106.4719,11.8332],[106.473,11.8335],[106.4737,11.8326],[106.4745,11.8325],[106.4748,11.8326],[106.4749,11.8338],[106.4756,11.8334],[106.4762,11.8336],[106.4766,11.8327],[106.4781,11.8331],[106.4785,11.833],[106.4792,11.8335],[106.4792,11.833],[106.4796,11.8327],[106.4804,11.8333],[106.4807,11.8324],[106.4813,11.8327],[106.4815,11.8321],[106.4827,11.8318],[106.4828,11.8313],[106.4835,11.8324],[106.4839,11.832],[106.4843,11.8321],[106.4844,11.8317],[106.485,11.8318],[106.4853,11.831],[106.4862,11.8313],[106.4863,11.8307],[106.4867,11.8306],[106.487,11.8299],[106.4883,11.8315],[106.4888,11.8314],[106.4894,11.8319],[106.49,11.8319],[106.4904,11.8324],[106.4909,11.8325],[106.4912,11.8321],[106.4915,11.8324],[106.4917,11.832],[106.4922,11.8319],[106.4927,11.832],[106.4928,11.8327],[106.4932,11.8324],[106.4952,11.8331],[106.4951,11.8335],[106.4953,11.8338],[106.4961,11.8336],[106.4966,11.834],[106.4967,11.8337],[106.4976,11.8334],[106.498,11.834],[106.4986,11.834],[106.4997,11.8358],[106.5016,11.8365],[106.5029,11.8364],[106.5052,11.8356],[106.5058,11.8356],[106.5063,11.835],[106.5092,11.8404],[106.5105,11.8401],[106.5103,11.8386],[106.5111,11.8374],[106.512,11.8371],[106.5135,11.8371],[106.5139,11.8366],[106.5147,11.8364],[106.5161,11.8379],[106.517,11.8396],[106.518,11.8394],[106.5189,11.8397],[106.5231,11.8398],[106.5232,11.8366],[106.5251,11.8314],[106.5265,11.8293],[106.5274,11.8293],[106.5291,11.8314],[106.533,11.8322],[106.5341,11.8317],[106.5346,11.8302],[106.5352,11.8297],[106.5386,11.83],[106.5399,11.829],[106.54,11.8286],[106.5387,11.8273],[106.5385,11.8259],[106.5406,11.8262],[106.5425,11.827],[106.5442,11.8271],[106.5474,11.8288],[106.5484,11.8295],[106.5491,11.8304],[106.549,11.8329],[106.55,11.8334],[106.5519,11.8308],[106.553,11.8304],[106.5542,11.8309],[106.5544,11.8315],[106.5554,11.8321],[106.5589,11.8325],[106.5593,11.8304],[106.56,11.8296],[106.5575,11.8271],[106.5736,11.8269],[106.5744,11.8266],[106.577,11.8264],[106.5771,11.83],[106.5781,11.8302],[106.5783,11.8314],[106.5808,11.8299],[106.5818,11.8336],[106.5796,11.8364],[106.5794,11.8372],[106.5765,11.8394],[106.5765,11.8406],[106.5755,11.8408],[106.5741,11.8421],[106.5743,11.848],[106.5731,11.8512],[106.5741,11.8524],[106.5753,11.8532],[106.5756,11.854],[106.583,11.8538],[106.5843,11.8544],[106.5839,11.8548],[106.5848,11.8583],[106.5834,11.8583],[106.5835,11.8628],[106.5882,11.863],[106.5882,11.8594],[106.5889,11.8599],[106.5894,11.859],[106.589,11.8587],[106.5896,11.8578],[106.5898,11.8579],[106.5904,11.8572],[106.5987,11.8532],[106.6002,11.8528],[106.601,11.8517],[106.6064,11.8559],[106.608,11.8558],[106.6092,11.8563],[106.6095,11.8566],[106.6094,11.8571],[106.6101,11.8578],[106.6106,11.858],[106.6117,11.8578],[106.6141,11.8586],[106.6154,11.8586],[106.6155,11.8567],[106.6178,11.8567],[106.618,11.8553],[106.6184,11.8547],[106.6192,11.8543],[106.6211,11.8543],[106.6225,11.8538],[106.6293,11.8562],[106.63,11.856],[106.6312,11.8564],[106.6318,11.8562],[106.633,11.8567],[106.6339,11.8567],[106.6343,11.8574],[106.6382,11.8596],[106.6454,11.8622],[106.6466,11.8632],[106.6479,11.8635],[106.6465,11.8807],[106.6271,11.884],[106.625,11.8844],[106.6238,11.8856],[106.6212,11.8848],[106.6209,11.8873],[106.6208,11.8941],[106.6218,11.894],[106.6219,11.8997]]]},"properties":{"code":"25279","name":"Lộc Tấn","nameEn":"Loc Tan","fullName":"Xã Lộc Tấn","fullNameEn":"Loc Tan Commune","codeName":"loc_tan","postalCode":"67612","postalCodePrefix":"","gisServerId":"diaphanhanhchinhcapxa_2025.2284","areaKm2":183.36},"id":"25279"},
{"type":"Feature","geometry":{"type":"Polygon","coordinates":[[[106.6297,11.9652],[106.6295,11.966],[106.6314,11.9687],[106.6304,11.9707],[106.631,11.9717],[106.631,11.9723],[106.6306,11.9724],[106.6291,11.9708],[106.6288,11.9716],[106.6282,11.9719],[106.6275,11.9725],[106.6275,11.9741],[106.5383,11.9682],[106.5307,11.9686],[106.5304,11.9706],[106.5307,11.9717],[106.5312,11.972],[106.5315,11.9731],[106.5312,11.9742],[106.5314,11.9746],[106.5309,11.9748],[106.5302,11.9757],[106.5304,11.9763],[106.5298,11.9764],[106.5292,11.9773],[106.5281,11.977],[106.528,11.9774],[106.5277,11.9772],[106.5275,11.9774],[106.5272,11.9769],[106.5269,11.9771],[106.527,11.9774],[106.5261,11.9777],[106.526,11.9783],[106.5253,11.9779],[106.5247,11.9793],[106.5244,11.9791],[106.5243,11.9794],[106.524,11.9793],[106.524,11.9796],[106.5235,11.9797],[106.5229,11.9799],[106.5228,11.9796],[106.5219,11.9795],[106.5215,11.9803],[106.5208,11.98],[106.5206,11.9803],[106.5204,11.9799],[106.5199,11.9798],[106.5199,11.9804],[106.5191,11.9806],[106.5189,11.9803],[106.5187,11.9808],[106.5184,11.9804],[106.5182,11.9806],[106.518,11.98],[106.5174,11.9801],[106.5173,11.9798],[106.5169,11.9803],[106.5163,11.9802],[106.5162,11.9806],[106.5154,11.9807],[106.5144,11.9799],[106.5137,11.9801],[106.5135,11.9796],[106.512,11.9801],[106.512,11.9804],[106.5106,11.9805],[106.5102,11.9801],[106.5101,11.9794],[106.5096,11.9794],[106.5101,11.9785],[106.5095,11.9783],[106.5092,11.9778],[106.5097,11.9774],[106.509,11.9771],[106.509,11.9767],[106.5087,11.9768],[106.5086,11.9764],[106.5082,11.9764],[106.5084,11.9758],[106.5078,11.9756],[106.5077,11.976],[106.5073,11.9757],[106.507,11.9759],[106.5067,11.9755],[106.5066,11.976],[106.5062,11.9761],[106.5062,11.9757],[106.5057,11.9758],[106.5056,11.9755],[106.5053,11.9757],[106.5052,11.9754],[106.5047,11.9753],[106.5046,11.9749],[106.5052,11.9747],[106.5052,11.9745],[106.5039,11.9746],[106.5033,11.9742],[106.5031,11.9749],[106.5027,11.9746],[106.5023,11.975],[106.502,11.9745],[106.5012,11.9747],[106.501,11.9734],[106.5,11.973],[106.5,11.9722],[106.4995,11.9725],[106.4995,11.9715],[106.499,11.9713],[106.4988,11.9715],[106.4987,11.9709],[106.4975,11.9707],[106.4976,11.9704],[106.498,11.9702],[106.4968,11.9702],[106.4961,11.9691],[106.496,11.9697],[106.4952,11.9697],[106.4953,11.9692],[106.4945,11.9686],[106.4944,11.9681],[106.4932,11.969],[106.4924,11.9682],[106.4919,11.9686],[106.4916,11.9682],[106.4912,11.9692],[106.4907,11.9688],[106.4905,11.9692],[106.4895,11.9696],[106.489,11.9695],[106.4886,11.9698],[106.4886,11.9706],[106.4879,11.9706],[106.4877,11.9711],[106.4867,11.971],[106.4861,11.9706],[106.4854,11.971],[106.4854,11.9715],[106.4848,11.9716],[106.4847,11.9718],[106.4839,11.9717],[106.4835,11.9714],[106.4838,11.9723],[106.4832,11.9729],[106.4831,11.9722],[106.4827,11.9728],[106.4815,11.9724],[106.4814,11.9722],[106.4818,11.9721],[106.4815,11.9717],[106.48,11.9721],[106.4799,11.9717],[106.4793,11.9718],[106.479,11.9721],[106.4788,11.9716],[106.4784,11.9719],[106.4783,11.9726],[106.4774,11.972],[106.4762,11.9726],[106.4761,11.9723],[106.4755,11.9726],[106.4751,11.9724],[106.4749,11.9729],[106.4746,11.9725],[106.4744,11.9732],[106.4739,11.9732],[106.4739,11.9736],[106.4732,11.9732],[106.4732,11.9736],[106.4729,11.9736],[106.4729,11.972],[106.4725,11.9725],[106.472,11.9722],[106.4717,11.9727],[106.4712,11.9724],[106.4705,11.9732],[106.469,11.9729],[106.4688,11.9736],[106.4691,11.9743],[106.4684,11.974],[106.4681,11.9744],[106.4684,11.9752],[106.4676,11.9753],[106.467,11.976],[106.4676,11.9766],[106.4675,11.9784],[106.4671,11.9787],[106.4662,11.9786],[106.4665,11.98],[106.4656,11.9799],[106.4654,11.9805],[106.4659,11.9809],[106.4653,11.9816],[106.4657,11.9821],[106.4648,11.9832],[106.4635,11.9827],[106.4624,11.9848],[106.4616,11.9851],[106.4605,11.9847],[106.4601,11.9856],[106.458,11.9867],[106.4577,11.9864],[106.4576,11.9867],[106.4572,11.9867],[106.4572,11.9873],[106.4563,11.9879],[106.4563,11.9887],[106.4553,11.9887],[106.4549,11.9892],[106.4546,11.9881],[106.4539,11.9887],[106.4535,11.9885],[106.453,11.9876],[106.4523,11.9875],[106.4514,11.9868],[106.4507,11.9869],[106.4501,11.9866],[106.4494,11.9877],[106.449,11.9877],[106.4483,11.9867],[106.4484,11.9858],[106.4472,11.986],[106.4464,11.985],[106.4458,11.9853],[106.4455,11.986],[106.4442,11.9867],[106.4438,11.9875],[106.4435,11.9867],[106.4426,11.9869],[106.4429,11.9855],[106.4414,11.9865],[106.4411,11.9853],[106.4403,11.9845],[106.4402,11.9834],[106.4395,11.9836],[106.4389,11.9829],[106.4379,11.983],[106.4376,11.9823],[106.438,11.982],[106.4381,11.9815],[106.4368,11.9808],[106.4366,11.9804],[106.4369,11.9798],[106.436,11.9799],[106.4359,11.9794],[106.4351,11.9792],[106.4348,11.9793],[106.4348,11.9799],[106.4346,11.9799],[106.4343,11.9793],[106.4347,11.9783],[106.4334,11.979],[106.4337,11.9773],[106.4332,11.9771],[106.4329,11.9775],[106.4324,11.9775],[106.4328,11.9766],[106.4326,11.976],[106.4333,11.976],[106.4331,11.9764],[106.4334,11.9764],[106.4335,11.9752],[106.4344,11.9751],[106.4335,11.9742],[106.4346,11.9733],[106.4342,11.9731],[106.4337,11.9733],[106.4327,11.9729],[106.433,11.9722],[106.4327,11.9719],[106.4322,11.9721],[106.4322,11.9725],[106.4313,11.9722],[106.4308,11.9717],[106.4305,11.9721],[106.4305,11.9729],[106.4298,11.9725],[106.4287,11.9724],[106.4278,11.9729],[106.4274,11.9726],[106.4278,11.9719],[106.4259,11.9724],[106.4255,11.9716],[106.4244,11.9709],[106.4229,11.9719],[106.4215,11.9716],[106.4195,11.9727],[106.4177,11.9722],[106.4174,11.9718],[106.4172,11.972],[106.4181,11.973],[106.4175,11.9737],[106.4171,11.9737],[106.4167,11.9725],[106.4145,11.9739],[106.414,11.9737],[106.4139,11.9729],[106.4136,11.9728],[106.4128,11.9734],[106.4124,11.9742],[106.4116,11.9747],[106.4125,11.9731],[106.4125,11.9724],[106.4155,11.9684],[106.4171,11.9655],[106.4187,11.9639],[106.4232,11.9609],[106.4263,11.9592],[106.4292,11.9582],[106.4351,11.9545],[106.4376,11.9544],[106.4405,11.9557],[106.4415,11.9559],[106.4448,11.9551],[106.4477,11.9534],[106.4513,11.9527],[106.4552,11.9556],[106.4606,11.956],[106.4649,11.9533],[106.4665,11.9505],[106.4715,11.945],[106.4771,11.942],[106.4801,11.9398],[106.4869,11.9377],[106.49,11.9352],[106.4953,11.9336],[106.504,11.9269],[106.5255,11.9268],[106.5311,11.926],[106.5304,11.925],[106.5298,11.925],[106.53,11.9245],[106.5294,11.9246],[106.529,11.925],[106.5287,11.9244],[106.5283,11.9246],[106.5284,11.9241],[106.5281,11.9239],[106.5281,11.9237],[106.5272,11.9236],[106.5272,11.9229],[106.5266,11.9228],[106.5267,11.9225],[106.5272,11.9225],[106.5261,11.9217],[106.5251,11.9214],[106.5249,11.9209],[106.5247,11.9213],[106.5244,11.9208],[106.5238,11.9209],[106.5234,11.92],[106.523,11.9202],[106.5231,11.921],[106.5227,11.9212],[106.5222,11.9213],[106.5218,11.9203],[106.5209,11.9208],[106.5204,11.9206],[106.5196,11.921],[106.5195,11.9208],[106.5197,11.9204],[106.5187,11.9206],[106.5179,11.9204],[106.5186,11.9197],[106.5182,11.919],[106.5172,11.9191],[106.5168,11.9186],[106.5172,11.9177],[106.517,11.9172],[106.5174,11.9171],[106.5173,11.9166],[106.5181,11.9172],[106.5183,11.9167],[106.5189,11.9163],[106.5189,11.9171],[106.5196,11.917],[106.5196,11.9176],[106.52,11.9179],[106.5203,11.917],[106.5208,11.9172],[106.5209,11.918],[106.5212,11.9178],[106.521,11.917],[106.5218,11.9178],[106.5237,11.9179],[106.5234,11.9169],[106.5239,11.9175],[106.5242,11.9169],[106.5248,11.9175],[106.5248,11.9168],[106.5257,11.9164],[106.5253,11.9158],[106.5259,11.915],[106.5259,11.9148],[106.5255,11.9149],[106.5256,11.9141],[106.526,11.9143],[106.5273,11.9137],[106.5272,11.9132],[106.5265,11.9131],[106.5264,11.9135],[106.5261,11.913],[106.5268,11.9127],[106.5265,11.912],[106.527,11.9119],[106.5269,11.9107],[106.5274,11.9107],[106.5275,11.9096],[106.528,11.9096],[106.5282,11.909],[106.5288,11.909],[106.5285,11.9086],[106.5289,11.9079],[106.529,11.9089],[106.5293,11.9089],[106.5295,11.9085],[106.5301,11.9094],[106.5308,11.9091],[106.531,11.9095],[106.5315,11.9094],[106.5316,11.9089],[106.5318,11.9089],[106.5315,11.9099],[106.5321,11.9093],[106.5323,11.9095],[106.5326,11.9093],[106.5328,11.9097],[106.5337,11.9097],[106.534,11.9101],[106.5341,11.9095],[106.5349,11.9096],[106.5352,11.9091],[106.536,11.9094],[106.5367,11.9088],[106.5375,11.909],[106.5376,11.9099],[106.5384,11.9092],[106.5385,11.9098],[106.5392,11.9094],[106.5397,11.9103],[106.5404,11.9092],[106.5408,11.9097],[106.5406,11.9089],[106.5413,11.9091],[106.541,11.9085],[106.5422,11.9085],[106.5422,11.9079],[106.5425,11.9077],[106.5435,11.9077],[106.5437,11.9075],[106.5445,11.908],[106.5448,11.9077],[106.5454,11.9083],[106.5456,11.9079],[106.5464,11.9081],[106.5465,11.9075],[106.5468,11.9078],[106.5473,11.9075],[106.5477,11.9077],[106.5477,11.9073],[106.5478,11.9074],[106.5483,11.907],[106.5485,11.9063],[106.5489,11.9066],[106.5492,11.9064],[106.5508,11.9074],[106.5531,11.9076],[106.554,11.9073],[106.5544,11.9078],[106.5551,11.9078],[106.5553,11.908],[106.5559,11.9076],[106.5558,11.9079],[106.5565,11.908],[106.5568,11.9089],[106.5584,11.9101],[106.5585,11.9104],[106.5597,11.9106],[106.5613,11.9115],[106.5617,11.9114],[106.5618,11.9117],[106.5634,11.911],[106.5642,11.9113],[106.5643,11.9106],[106.5655,11.9104],[106.5657,11.9098],[106.5663,11.9102],[106.5674,11.9092],[106.5675,11.9094],[106.568,11.9094],[106.5686,11.9091],[106.5685,11.9088],[106.569,11.9086],[106.5692,11.9076],[106.5695,11.9074],[106.5693,11.9071],[106.5698,11.907],[106.5699,11.9065],[106.5712,11.9063],[106.5714,11.9057],[106.5718,11.9055],[106.5718,11.9048],[106.5727,11.9049],[106.5731,11.9047],[106.5731,11.9049],[106.5735,11.9045],[106.5737,11.9048],[106.574,11.9048],[106.5739,11.9039],[106.5752,11.9035],[106.5752,11.9032],[106.5756,11.9032],[106.5755,11.9025],[106.5759,11.9027],[106.5762,11.9024],[106.5766,11.9024],[106.577,11.9014],[106.5775,11.9014],[106.5785,11.9006],[106.5786,11.9001],[106.5805,11.8989],[106.5823,11.8981],[106.5854,11.8979],[106.5879,11.8972],[106.5888,11.8965],[106.5919,11.8957],[106.595,11.8912],[106.5978,11.8896],[106.6003,11.8886],[106.6042,11.8885],[106.6075,11.8891],[106.6088,11.8887],[106.61,11.8891],[106.6121,11.8883],[106.6137,11.8887],[106.615,11.8903],[106.6162,11.8895],[106.6165,11.8906],[106.6163,11.8937],[106.6151,11.8959],[106.6143,11.8966],[106.6136,11.8968],[106.6135,11.8998],[106.6158,11.8996],[106.6219,11.8997],[106.6227,11.9012],[106.6229,11.9072],[106.6263,11.9105],[106.6128,11.9104],[106.6127,11.914],[106.613,11.9151],[106.6116,11.917],[106.612,11.9177],[106.6116,11.918],[106.612,11.9186],[106.6118,11.9196],[106.6122,11.9203],[106.6122,11.9212],[106.6131,11.9224],[106.6136,11.9225],[106.6141,11.923],[106.6143,11.9238],[106.6155,11.9251],[106.6157,11.9261],[106.6162,11.9269],[106.6175,11.9271],[106.6184,11.9277],[106.6194,11.9277],[106.6206,11.9285],[106.6246,11.933],[106.627,11.9349],[106.6279,11.9383],[106.6275,11.9394],[106.6277,11.9413],[106.6273,11.9418],[106.6272,11.9433],[106.6267,11.944],[106.625,11.9447],[106.6237,11.9461],[106.6238,11.9472],[106.6233,11.948],[106.6227,11.9484],[106.6226,11.9493],[106.6231,11.9519],[106.6237,11.9532],[106.6243,11.9533],[106.6245,11.9538],[106.6257,11.9545],[106.6255,11.955],[106.6244,11.9555],[106.6249,11.9569],[106.6251,11.9571],[106.6254,11.957],[106.6257,11.9577],[106.6247,11.9589],[106.6246,11.9603],[106.6255,11.9614],[106.6255,11.9607],[106.6276,11.9615],[106.6288,11.9631],[106.6293,11.9651],[106.6297,11.9652]]]},"properties":{"code":"25280","name":"Lộc Thạnh","nameEn":"Loc Thanh","fullName":"Xã Lộc Thạnh","fullNameEn":"Loc Thanh Commune","codeName":"loc_thanh","postalCode":"67611","postalCodePrefix":"","gisServerId":"diaphanhanhchinhcapxa_2025.2282","areaKm2":125.5},"id":"25280"},
{"type":"Feature","geometry":{"type":"Polygon","coordinates":[[[106.7482,11.879],[106.7479,11.8791],[106.7478,11.8802],[106.7464,11.881],[106.745,11.8823],[106.7444,11.884],[106.7443,11.8856],[106.7433,11.8877],[106.7414,11.8885],[106.7404,11.8874],[106.7379,11.888],[106.7374,11.8888],[106.7362,11.889],[106.7358,11.8889],[106.7355,11.8878],[106.735,11.8877],[106.7337,11.888],[106.7331,11.8884],[106.7329,11.8887],[106.7329,11.8897],[106.7319,11.8904],[106.7309,11.89],[106.7302,11.8903],[106.729,11.8903],[106.7287,11.892],[106.7257,11.893],[106.7252,11.8938],[106.724,11.895],[106.7229,11.8949],[106.7228,11.8967],[106.7211,11.899],[106.7198,11.8987],[106.7183,11.8991],[106.7148,11.8989],[106.7148,11.8998],[106.7126,11.9005],[106.7121,11.9015],[106.711,11.9019],[106.7103,11.9028],[106.7103,11.9034],[106.7097,11.9035],[106.7074,11.9058],[106.7042,11.9053],[106.7006,11.9057],[106.7013,11.9069],[106.7003,11.908],[106.6987,11.9113],[106.698,11.912],[106.6965,11.9124],[106.6945,11.9137],[106.6842,11.8952],[106.6793,11.8948],[106.6749,11.8937],[106.6714,11.8924],[106.662,11.8904],[106.66,11.8889],[106.6566,11.8876],[106.6529,11.8837],[106.6519,11.8835],[106.6465,11.8807],[106.6479,11.8635],[106.651,11.8628],[106.6567,11.8633],[106.6591,11.864],[106.6609,11.8653],[106.6638,11.8659],[106.6666,11.866],[106.6671,11.8664],[106.6698,11.8669],[106.671,11.8664],[106.6751,11.8696],[106.6773,11.8698],[106.6778,11.8701],[106.679,11.8702],[106.6795,11.8699],[106.6803,11.8703],[106.6822,11.8697],[106.683,11.87],[106.6829,11.8696],[106.6837,11.8692],[106.6846,11.8674],[106.684,11.8664],[106.6833,11.8659],[106.6835,11.8655],[106.6829,11.8647],[106.6825,11.8645],[106.6826,11.8632],[106.6824,11.8626],[106.6819,11.8624],[106.6824,11.8594],[106.6821,11.8584],[106.6824,11.8581],[106.6822,11.8578],[106.6827,11.8557],[106.6824,11.8528],[106.6829,11.8515],[106.6825,11.8508],[106.6827,11.8506],[106.6833,11.8506],[106.683,11.85],[106.6835,11.8492],[106.6839,11.8496],[106.6847,11.849],[106.6853,11.8476],[106.6851,11.8467],[106.6854,11.8467],[106.6855,11.8463],[106.6863,11.8454],[106.6866,11.8454],[106.687,11.8448],[106.6874,11.8447],[106.6861,11.8379],[106.6874,11.82],[106.6925,11.8231],[106.6953,11.8218],[106.696,11.8205],[106.6959,11.8177],[106.6953,11.8155],[106.6955,11.8117],[106.6961,11.8097],[106.6975,11.8078],[106.6998,11.8054],[106.701,11.8025],[106.7013,11.8005],[106.6998,11.7953],[106.7018,11.7933],[106.7032,11.7937],[106.7048,11.791],[106.7046,11.7905],[106.704,11.7904],[106.7037,11.79],[106.7024,11.7868],[106.7002,11.7842],[106.6999,11.7822],[106.6992,11.7819],[106.6996,11.7811],[106.6995,11.7795],[106.6982,11.7787],[106.6982,11.777],[106.6986,11.7761],[106.7005,11.7753],[106.7006,11.7746],[106.7232,11.7786],[106.7318,11.7794],[106.7409,11.7821],[106.7427,11.7821],[106.7426,11.783],[106.7432,11.7836],[106.7496,11.7813],[106.7526,11.7811],[106.7531,11.7806],[106.7533,11.7797],[106.7559,11.7804],[106.7566,11.7812],[106.7573,11.7876],[106.7576,11.7926],[106.7575,11.7946],[106.7569,11.7973],[106.7572,11.7997],[106.7584,11.8015],[106.76,11.8026],[106.7603,11.8039],[106.76,11.8049],[106.758,11.8082],[106.7573,11.81],[106.7573,11.8131],[106.7577,11.8148],[106.7585,11.8166],[106.7609,11.8187],[106.7622,11.8208],[106.7621,11.8233],[106.7605,11.8274],[106.7607,11.8301],[106.7614,11.8331],[106.761,11.8342],[106.7586,11.8364],[106.7578,11.8376],[106.7573,11.8403],[106.7558,11.8421],[106.7554,11.8434],[106.7558,11.8453],[106.757,11.8466],[106.7571,11.8476],[106.7559,11.8531],[106.7567,11.8563],[106.7567,11.8576],[106.7563,11.859],[106.7543,11.8617],[106.7542,11.8624],[106.7557,11.8652],[106.7557,11.8674],[106.7549,11.8683],[106.7514,11.8697],[106.7495,11.8715],[106.7489,11.874],[106.7494,11.8758],[106.7481,11.8787],[106.7482,11.879]]]},"properties":{"code":"25292","name":"Lộc Quang","nameEn":"Loc Quang","fullName":"Xã Lộc Quang","fullNameEn":"Loc Quang Commune","codeName":"loc_quang","postalCode":"67620","postalCodePrefix":"","gisServerId":"diaphanhanhchinhcapxa_2025.2285","areaKm2":105},"id":"25292"},
{"type":"Feature","geometry":{"type":"Polygon","coordinates":[[[106.5744,11.8266],[106.5736,11.8269],[106.5575,11.8271],[106.56,11.8296],[106.5593,11.8304],[106.5589,11.8325],[106.5554,11.8321],[106.5544,11.8315],[106.5542,11.8309],[106.553,11.8304],[106.5519,11.8308],[106.55,11.8334],[106.549,11.8329],[106.5491,11.8304],[106.5484,11.8295],[106.5474,11.8288],[106.5442,11.8271],[106.5425,11.827],[106.5406,11.8262],[106.5385,11.8259],[106.5387,11.8273],[106.54,11.8286],[106.5399,11.829],[106.5386,11.83],[106.5352,11.8297],[106.5346,11.8302],[106.5341,11.8317],[106.533,11.8322],[106.5291,11.8314],[106.5274,11.8293],[106.5265,11.8293],[106.5251,11.8314],[106.5232,11.8366],[106.5231,11.8398],[106.5189,11.8397],[106.518,11.8394],[106.517,11.8396],[106.5161,11.8379],[106.5147,11.8364],[106.5139,11.8366],[106.5135,11.8371],[106.512,11.8371],[106.5111,11.8374],[106.5103,11.8386],[106.5105,11.8401],[106.5092,11.8404],[106.5063,11.835],[106.5058,11.8356],[106.5052,11.8356],[106.5029,11.8364],[106.5016,11.8365],[106.4997,11.8358],[106.4986,11.834],[106.498,11.834],[106.4976,11.8334],[106.4967,11.8337],[106.4966,11.834],[106.4961,11.8336],[106.4953,11.8338],[106.4951,11.8335],[106.4952,11.8331],[106.4932,11.8324],[106.4928,11.8327],[106.4927,11.832],[106.4922,11.8319],[106.4917,11.832],[106.4915,11.8324],[106.4912,11.8321],[106.4909,11.8325],[106.4904,11.8324],[106.49,11.8319],[106.4894,11.8319],[106.4888,11.8314],[106.4883,11.8315],[106.487,11.8299],[106.4867,11.8306],[106.4863,11.8307],[106.4862,11.8313],[106.4853,11.831],[106.485,11.8318],[106.4844,11.8317],[106.4843,11.8321],[106.4839,11.832],[106.4835,11.8324],[106.4828,11.8313],[106.4827,11.8318],[106.4815,11.8321],[106.4813,11.8327],[106.4807,11.8324],[106.4804,11.8333],[106.4796,11.8327],[106.4792,11.833],[106.4792,11.8335],[106.4785,11.833],[106.4781,11.8331],[106.4766,11.8327],[106.4762,11.8336],[106.4756,11.8334],[106.4749,11.8338],[106.4748,11.8326],[106.4745,11.8325],[106.4737,11.8326],[106.473,11.8335],[106.4719,11.8332],[106.4715,11.8328],[106.4706,11.8333],[106.4698,11.8319],[106.469,11.8316],[106.4686,11.8317],[106.4679,11.8312],[106.4676,11.8314],[106.4679,11.8319],[106.4675,11.8318],[106.4675,11.8306],[106.467,11.8303],[106.4664,11.8306],[106.4664,11.8301],[106.466,11.8303],[106.4654,11.8299],[106.4647,11.8303],[106.4643,11.8294],[106.4637,11.8292],[106.464,11.8285],[106.4639,11.8282],[106.4633,11.8282],[106.4627,11.8279],[106.4629,11.8275],[106.4627,11.827],[106.4624,11.8278],[106.4621,11.8275],[106.4612,11.8276],[106.4614,11.8272],[106.4609,11.8269],[106.461,11.8264],[106.4603,11.8266],[106.4599,11.8259],[106.4604,11.8258],[106.46,11.8254],[106.4601,11.8251],[106.4607,11.8256],[106.4611,11.8255],[106.4607,11.8251],[106.4611,11.8248],[106.4602,11.8239],[106.4599,11.8241],[106.4597,11.8236],[106.4586,11.8236],[106.4589,11.8232],[106.4583,11.8231],[106.4583,11.8223],[106.4579,11.8226],[106.4568,11.822],[106.4572,11.823],[106.4565,11.823],[106.4567,11.8236],[106.4564,11.824],[106.4553,11.8234],[106.4552,11.8242],[106.4547,11.8236],[106.4541,11.8235],[106.4538,11.8238],[106.4531,11.8232],[106.4528,11.8235],[106.4525,11.8232],[106.4523,11.8236],[106.4519,11.8232],[106.4515,11.8238],[106.4504,11.8232],[106.4491,11.8238],[106.4488,11.8246],[106.4483,11.8238],[106.4478,11.824],[106.4476,11.8228],[106.4464,11.8229],[106.4468,11.8215],[106.4456,11.8212],[106.4447,11.8205],[106.4449,11.8194],[106.4441,11.8184],[106.4436,11.8184],[106.4438,11.8197],[106.4433,11.8201],[106.4422,11.818],[106.4407,11.8175],[106.442,11.8152],[106.4417,11.815],[106.4405,11.8151],[106.4402,11.8147],[106.4404,11.8138],[106.4395,11.8133],[106.4386,11.8121],[106.4376,11.8123],[106.4373,11.81],[106.4369,11.8098],[106.4363,11.8103],[106.4359,11.8101],[106.4365,11.809],[106.4364,11.8084],[106.435,11.8085],[106.4337,11.808],[106.4336,11.8072],[106.4345,11.8064],[106.4346,11.806],[106.4329,11.8048],[106.4356,11.8027],[106.4349,11.8015],[106.4336,11.8008],[106.4343,11.7997],[106.4323,11.799],[106.4314,11.7989],[106.4316,11.7975],[106.4303,11.797],[106.4304,11.7954],[106.43,11.7943],[106.4281,11.7933],[106.4272,11.7925],[106.4277,11.7909],[106.4275,11.7905],[106.4263,11.7897],[106.4268,11.7884],[106.4267,11.7878],[106.4261,11.7868],[106.4245,11.7855],[106.4237,11.7843],[106.4232,11.7823],[106.4221,11.7821],[106.4212,11.7824],[106.4208,11.7807],[106.4195,11.7793],[106.4198,11.7773],[106.4182,11.7761],[106.4182,11.7746],[106.4165,11.774],[106.4163,11.7725],[106.417,11.7705],[106.4175,11.7701],[106.4191,11.7704],[106.4191,11.7698],[106.4167,11.7681],[106.4161,11.7667],[106.4156,11.7668],[106.4157,11.7679],[106.4151,11.768],[106.4144,11.7677],[106.4147,11.7669],[106.4142,11.7665],[106.415,11.7648],[106.4171,11.7649],[106.4175,11.764],[106.4175,11.7621],[106.4166,11.76],[106.4175,11.7592],[106.4171,11.7578],[106.4177,11.7576],[106.4187,11.7584],[106.4197,11.7579],[106.4201,11.755],[106.4191,11.755],[106.4186,11.7543],[106.4186,11.7535],[106.4196,11.7531],[106.4195,11.7515],[106.4206,11.7493],[106.4208,11.7474],[106.4224,11.7446],[106.4218,11.7438],[106.4239,11.7417],[106.4232,11.741],[106.4226,11.7418],[106.4221,11.7415],[106.4221,11.7386],[106.4246,11.7367],[106.4247,11.7348],[106.426,11.7342],[106.4276,11.7326],[106.4272,11.7301],[106.4272,11.7275],[106.4276,11.7271],[106.4286,11.7268],[106.4282,11.7252],[106.4296,11.7251],[106.4307,11.7243],[106.4315,11.7227],[106.4316,11.7217],[106.431,11.7208],[106.4315,11.7205],[106.4329,11.7207],[106.4332,11.7191],[106.4344,11.7195],[106.4348,11.7191],[106.4349,11.7178],[106.4343,11.7171],[106.4337,11.7147],[106.4342,11.7131],[106.4352,11.7134],[106.4371,11.7134],[106.4375,11.7116],[106.4387,11.7103],[106.4377,11.706],[106.4381,11.7048],[106.4408,11.704],[106.4413,11.7031],[106.4422,11.7024],[106.442,11.7013],[106.4422,11.701],[106.4437,11.7017],[106.4444,11.7014],[106.444,11.6999],[106.4447,11.6989],[106.4461,11.6976],[106.4484,11.6971],[106.449,11.6961],[106.4497,11.6941],[106.4514,11.6933],[106.4521,11.6919],[106.4534,11.6908],[106.4534,11.6859],[106.4527,11.6847],[106.4535,11.6823],[106.4527,11.681],[106.4529,11.6793],[106.4519,11.6781],[106.4519,11.6775],[106.4528,11.6766],[106.4526,11.6745],[106.453,11.6728],[106.4526,11.6722],[106.4504,11.6703],[106.4505,11.6698],[106.4519,11.6682],[106.4517,11.6665],[106.4496,11.6652],[106.4493,11.6646],[106.4497,11.6642],[106.452,11.663],[106.4511,11.6614],[106.4509,11.6604],[106.4524,11.66],[106.453,11.6591],[106.4543,11.6588],[106.4553,11.658],[106.4554,11.6576],[106.4569,11.6578],[106.4589,11.6591],[106.4591,11.6589],[106.4591,11.6582],[106.4593,11.6581],[106.461,11.6588],[106.4615,11.6597],[106.4619,11.6598],[106.4616,11.6602],[106.4597,11.6612],[106.4604,11.6617],[106.461,11.6617],[106.461,11.6621],[106.4587,11.6626],[106.4581,11.663],[106.4579,11.6635],[106.4587,11.6644],[106.4584,11.666],[106.459,11.667],[106.4591,11.6701],[106.4599,11.6708],[106.4608,11.6707],[106.462,11.6712],[106.4622,11.67],[106.4637,11.6706],[106.4637,11.6713],[106.4627,11.6723],[106.4629,11.6727],[106.4634,11.673],[106.4656,11.6724],[106.466,11.6725],[106.4656,11.6741],[106.4641,11.6751],[106.4634,11.6765],[106.4655,11.6784],[106.4662,11.6797],[106.4662,11.6803],[106.4645,11.6818],[106.4637,11.6831],[106.4642,11.6835],[106.4656,11.6829],[106.4666,11.6831],[106.4661,11.6842],[106.4655,11.6867],[106.4653,11.6879],[106.4656,11.6885],[106.4665,11.6891],[106.4674,11.6893],[106.4682,11.6878],[106.4691,11.6877],[106.4689,11.6895],[106.4696,11.6907],[106.4705,11.6906],[106.4714,11.6891],[106.4723,11.6889],[106.4725,11.6901],[106.4737,11.6913],[106.4726,11.6934],[106.4727,11.6939],[106.4734,11.6943],[106.4741,11.6942],[106.4746,11.6928],[106.4751,11.6924],[106.4767,11.6929],[106.4779,11.6924],[106.4791,11.6931],[106.4799,11.6923],[106.4804,11.6923],[106.4805,11.6945],[106.4809,11.6949],[106.4815,11.6947],[106.4817,11.6936],[106.483,11.6932],[106.4846,11.6921],[106.4879,11.6924],[106.4881,11.6927],[106.4872,11.6945],[106.4876,11.6956],[106.4881,11.6962],[106.4888,11.6961],[106.4903,11.6953],[106.4903,11.6968],[106.4913,11.6959],[106.4925,11.6969],[106.4945,11.6966],[106.4957,11.6973],[106.4967,11.6991],[106.496,11.7001],[106.4959,11.7009],[106.4968,11.7012],[106.4986,11.7036],[106.4984,11.7048],[106.4991,11.7056],[106.499,11.706],[106.498,11.7068],[106.4979,11.7072],[106.5,11.7082],[106.5015,11.7093],[106.5015,11.7098],[106.501,11.7101],[106.502,11.7111],[106.502,11.713],[106.5026,11.7141],[106.502,11.7153],[106.5022,11.7162],[106.5026,11.7168],[106.5036,11.7175],[106.5043,11.7189],[106.5048,11.719],[106.5059,11.7186],[106.5065,11.7191],[106.5075,11.7206],[106.5075,11.7212],[106.507,11.7215],[106.5061,11.7216],[106.506,11.722],[106.5068,11.7221],[106.5081,11.7214],[106.5089,11.7237],[106.5105,11.7231],[106.5117,11.7238],[106.5135,11.7244],[106.5146,11.7238],[106.5169,11.7253],[106.5192,11.7249],[106.5214,11.725],[106.5221,11.7254],[106.5223,11.7251],[106.5222,11.7237],[106.5226,11.7225],[106.5229,11.7224],[106.5248,11.7246],[106.5254,11.7247],[106.526,11.7242],[106.5264,11.7244],[106.5268,11.7255],[106.5262,11.7267],[106.5267,11.7274],[106.529,11.7264],[106.5315,11.7285],[106.5333,11.7285],[106.5354,11.7271],[106.537,11.7274],[106.5375,11.7263],[106.5389,11.7273],[106.542,11.7279],[106.5419,11.7295],[106.5428,11.7304],[106.5431,11.7302],[106.543,11.7288],[106.5435,11.7288],[106.5445,11.7296],[106.5451,11.728],[106.5459,11.7283],[106.5469,11.7273],[106.5477,11.7282],[106.5483,11.7269],[106.5481,11.726],[106.5491,11.7261],[106.5494,11.7267],[106.5498,11.7267],[106.5507,11.7257],[106.5516,11.7261],[106.5524,11.7257],[106.5527,11.7246],[106.5535,11.7244],[106.5542,11.7252],[106.5549,11.7252],[106.5552,11.7254],[106.5544,11.7274],[106.5551,11.7282],[106.5554,11.7289],[106.5559,11.7289],[106.5562,11.7281],[106.5574,11.7286],[106.5585,11.728],[106.5589,11.728],[106.5597,11.7291],[106.5601,11.7279],[106.561,11.7272],[106.5624,11.7285],[106.5637,11.7283],[106.5637,11.7289],[106.5628,11.73],[106.5628,11.7303],[106.5632,11.7304],[106.5636,11.7298],[106.5639,11.7298],[106.5641,11.7308],[106.5656,11.7331],[106.5666,11.7329],[106.5669,11.732],[106.5679,11.7317],[106.5685,11.7318],[106.5698,11.7329],[106.5709,11.7332],[106.5714,11.7327],[106.5709,11.7321],[106.5709,11.7315],[106.5716,11.7322],[106.5721,11.7322],[106.5724,11.7322],[106.5727,11.7314],[106.5738,11.7314],[106.5744,11.7323],[106.5752,11.7326],[106.5756,11.7335],[106.5764,11.7339],[106.5763,11.7348],[106.5769,11.7351],[106.5769,11.7356],[106.5761,11.7362],[106.576,11.7368],[106.5774,11.7377],[106.5777,11.7375],[106.5773,11.7367],[106.5786,11.737],[106.5798,11.7353],[106.58,11.7354],[106.5797,11.7361],[106.5811,11.7362],[106.5818,11.7372],[106.5823,11.7371],[106.5821,11.7366],[106.5823,11.7361],[106.5836,11.736],[106.5839,11.7371],[106.5847,11.7366],[106.5852,11.737],[106.5863,11.737],[106.5864,11.7372],[106.5859,11.7376],[106.5866,11.7386],[106.5869,11.7386],[106.587,11.738],[106.5873,11.7378],[106.5884,11.7377],[106.5887,11.7383],[106.5893,11.7379],[106.5898,11.7379],[106.59,11.7388],[106.5905,11.7391],[106.5916,11.7381],[106.5921,11.7386],[106.5925,11.7383],[106.5932,11.7387],[106.5942,11.7387],[106.5943,11.7399],[106.5949,11.7404],[106.5964,11.7395],[106.5974,11.7403],[106.5985,11.7398],[106.6,11.7403],[106.6007,11.7405],[106.6007,11.7412],[106.6014,11.7417],[106.602,11.7417],[106.6023,11.7421],[106.6022,11.7426],[106.6025,11.743],[106.6012,11.7445],[106.6018,11.7449],[106.6018,11.7461],[106.6024,11.7466],[106.602,11.7473],[106.6033,11.748],[106.6015,11.7491],[106.6027,11.7497],[106.6035,11.7508],[106.6035,11.7515],[106.6041,11.7516],[106.6047,11.7512],[106.6047,11.7521],[106.6054,11.7526],[106.605,11.7536],[106.6016,11.7541],[106.6007,11.7545],[106.6004,11.7578],[106.5987,11.7574],[106.5975,11.7567],[106.5957,11.754],[106.5935,11.7522],[106.5923,11.7519],[106.59,11.7523],[106.5874,11.7512],[106.5842,11.7524],[106.5825,11.7535],[106.5822,11.7541],[106.5759,11.7532],[106.5585,11.7586],[106.5447,11.7572],[106.5446,11.7583],[106.5416,11.7581],[106.5418,11.7585],[106.5424,11.7584],[106.5427,11.7586],[106.5426,11.7594],[106.5429,11.76],[106.5426,11.761],[106.543,11.7616],[106.5432,11.761],[106.5436,11.7609],[106.5451,11.7645],[106.546,11.7646],[106.5458,11.7652],[106.5463,11.7649],[106.5465,11.7659],[106.5471,11.7659],[106.5471,11.7664],[106.5475,11.7664],[106.5478,11.7672],[106.5489,11.7673],[106.5494,11.768],[106.5491,11.7682],[106.5495,11.7686],[106.5491,11.7688],[106.5497,11.7688],[106.5506,11.7692],[106.5506,11.7697],[106.551,11.7699],[106.5512,11.7703],[106.5519,11.7703],[106.5516,11.7706],[106.5518,11.7711],[106.5526,11.7712],[106.5529,11.7724],[106.5534,11.7721],[106.5537,11.7728],[106.5544,11.773],[106.5544,11.7734],[106.555,11.7739],[106.5548,11.7743],[106.5551,11.7749],[106.5548,11.7755],[106.555,11.776],[106.5554,11.7761],[106.5549,11.777],[106.5558,11.7773],[106.5565,11.778],[106.5562,11.7787],[106.5569,11.7787],[106.557,11.7792],[106.5578,11.78],[106.5575,11.7803],[106.5581,11.7803],[106.558,11.7807],[106.5582,11.781],[106.5578,11.7812],[106.5579,11.7819],[106.5574,11.7815],[106.5577,11.7821],[106.5573,11.7821],[106.5571,11.7824],[106.5574,11.7831],[106.557,11.784],[106.5567,11.784],[106.5567,11.7846],[106.557,11.7848],[106.5566,11.7856],[106.5569,11.7875],[106.5572,11.7879],[106.5577,11.788],[106.5581,11.7887],[106.5575,11.7897],[106.5576,11.7902],[106.558,11.7909],[106.5584,11.7906],[106.5586,11.7908],[106.5582,11.7912],[106.5587,11.7914],[106.5584,11.7918],[106.5589,11.7922],[106.5587,11.7938],[106.5592,11.7939],[106.5594,11.7943],[106.5598,11.7943],[106.5606,11.7952],[106.5606,11.7957],[106.5602,11.796],[106.5605,11.7969],[106.5608,11.7967],[106.5603,11.7973],[106.5605,11.7978],[106.5608,11.7979],[106.5609,11.7976],[106.5611,11.7979],[106.5609,11.7982],[106.5615,11.7983],[106.5618,11.7991],[106.5615,11.7994],[106.5625,11.8],[106.5626,11.8005],[106.5629,11.8005],[106.563,11.8002],[106.5632,11.8004],[106.5632,11.8018],[106.5641,11.8023],[106.564,11.803],[106.5635,11.8031],[106.564,11.8041],[106.5638,11.8046],[106.5641,11.8049],[106.5636,11.8049],[106.5635,11.8054],[106.563,11.8055],[106.5629,11.8064],[106.5624,11.8066],[106.5626,11.8072],[106.5622,11.8077],[106.5627,11.8082],[106.5626,11.8091],[106.564,11.8108],[106.5638,11.8117],[106.5643,11.8123],[106.5642,11.8128],[106.5653,11.8131],[106.5667,11.8142],[106.5678,11.816],[106.5687,11.8161],[106.5691,11.8169],[106.5688,11.817],[106.5689,11.8174],[106.5708,11.8189],[106.571,11.8199],[106.5741,11.8232],[106.5744,11.8239],[106.5744,11.8266]]]},"properties":{"code":"25294","name":"Lộc Thành","nameEn":"Loc Thanh","fullName":"Xã Lộc Thành","fullNameEn":"Loc Thanh Commune","codeName":"loc_thanh","postalCode":"67614","postalCodePrefix":"","gisServerId":"diaphanhanhchinhcapxa_2025.2286","areaKm2":206.1},"id":"25294"},
{"type":"Feature","geometry":{"type":"Polygon","coordinates":[[[106.6955,11.8117],[106.6948,11.812],[106.6931,11.8115],[106.6914,11.8114],[106.6907,11.813],[106.6889,11.8136],[106.6863,11.8123],[106.684,11.8104],[106.6828,11.8099],[106.6803,11.8093],[106.678,11.8093],[106.6759,11.8104],[106.6753,11.8127],[106.6754,11.8132],[106.6745,11.8135],[106.673,11.8133],[106.6718,11.8136],[106.6701,11.8136],[106.6675,11.8156],[106.6645,11.817],[106.6639,11.8158],[106.6598,11.8156],[106.6564,11.8159],[106.6548,11.8157],[106.6532,11.816],[106.6524,11.8151],[106.6511,11.8153],[106.6497,11.8149],[106.6489,11.8149],[106.6485,11.8142],[106.6458,11.814],[106.6418,11.8128],[106.6408,11.8131],[106.6408,11.814],[106.6401,11.8145],[106.6396,11.8141],[106.639,11.8143],[106.6388,11.8149],[106.6379,11.8155],[106.6373,11.8166],[106.6376,11.8176],[106.6362,11.8182],[106.6353,11.8196],[106.6352,11.8203],[106.6346,11.8201],[106.6325,11.8222],[106.6302,11.8239],[106.6284,11.827],[106.6278,11.8285],[106.627,11.8285],[106.6265,11.8297],[106.6252,11.83],[106.625,11.8258],[106.6207,11.8254],[106.6207,11.8233],[106.6212,11.8227],[106.621,11.8216],[106.6189,11.8213],[106.6184,11.8223],[106.6158,11.8223],[106.6161,11.8086],[106.6165,11.8054],[106.6156,11.8049],[106.616,11.8036],[106.6165,11.8035],[106.6165,11.8027],[106.6173,11.8023],[106.6176,11.8018],[106.616,11.802],[106.6156,11.8025],[106.6157,11.802],[106.6151,11.8018],[106.6149,11.8009],[106.6144,11.801],[106.6148,11.7999],[106.6127,11.7997],[106.6128,11.799],[106.613,11.799],[106.6132,11.7968],[106.6166,11.7971],[106.6187,11.7965],[106.6195,11.796],[106.6199,11.7941],[106.6204,11.7934],[106.6193,11.793],[106.6193,11.7921],[106.6189,11.7921],[106.6174,11.7908],[106.6154,11.7909],[106.6146,11.7905],[106.6145,11.7891],[106.6149,11.7888],[106.6157,11.787],[106.6142,11.7867],[106.6141,11.7854],[106.6123,11.7851],[106.6067,11.7816],[106.6008,11.7785],[106.6002,11.7785],[106.5997,11.7792],[106.5997,11.781],[106.599,11.7815],[106.5975,11.7819],[106.5974,11.7824],[106.5991,11.7843],[106.5997,11.7854],[106.5991,11.7864],[106.5987,11.7866],[106.5984,11.7873],[106.5982,11.7881],[106.5985,11.7888],[106.598,11.7891],[106.5981,11.7895],[106.5985,11.7894],[106.5987,11.7897],[106.5986,11.7903],[106.5982,11.7905],[106.5985,11.7916],[106.5978,11.7919],[106.5975,11.7929],[106.5977,11.7933],[106.5994,11.7941],[106.6003,11.7954],[106.5996,11.7965],[106.5974,11.7979],[106.5972,11.7987],[106.5955,11.7994],[106.5956,11.7997],[106.594,11.8002],[106.5932,11.801],[106.5935,11.8014],[106.5931,11.802],[106.5927,11.8017],[106.5922,11.8023],[106.5913,11.8021],[106.5902,11.8013],[106.5897,11.8013],[106.5889,11.8017],[106.5886,11.8023],[106.5872,11.803],[106.5876,11.804],[106.5871,11.805],[106.5875,11.8054],[106.5881,11.8079],[106.5879,11.8081],[106.5873,11.8079],[106.587,11.8082],[106.5836,11.8123],[106.5836,11.8132],[106.5819,11.8145],[106.5811,11.8158],[106.5786,11.8181],[106.5776,11.8185],[106.5766,11.8195],[106.5759,11.8207],[106.5749,11.8218],[106.5744,11.8239],[106.5741,11.8232],[106.571,11.8199],[106.5708,11.8189],[106.5689,11.8174],[106.5688,11.817],[106.5691,11.8169],[106.5687,11.8161],[106.5678,11.816],[106.5667,11.8142],[106.5653,11.8131],[106.5642,11.8128],[106.5643,11.8123],[106.5638,11.8117],[106.564,11.8108],[106.5626,11.8091],[106.5627,11.8082],[106.5622,11.8077],[106.5626,11.8072],[106.5624,11.8066],[106.5629,11.8064],[106.563,11.8055],[106.5635,11.8054],[106.5636,11.8049],[106.5641,11.8049],[106.5638,11.8046],[106.564,11.8041],[106.5635,11.8031],[106.564,11.803],[106.5641,11.8023],[106.5632,11.8018],[106.5632,11.8004],[106.563,11.8002],[106.5629,11.8005],[106.5626,11.8005],[106.5625,11.8],[106.5615,11.7994],[106.5618,11.7991],[106.5615,11.7983],[106.5609,11.7982],[106.5611,11.7979],[106.5609,11.7976],[106.5608,11.7979],[106.5605,11.7978],[106.5603,11.7973],[106.5608,11.7967],[106.5605,11.7969],[106.5602,11.796],[106.5606,11.7957],[106.5606,11.7952],[106.5598,11.7943],[106.5594,11.7943],[106.5592,11.7939],[106.5587,11.7938],[106.5589,11.7922],[106.5584,11.7918],[106.5587,11.7914],[106.5582,11.7912],[106.5586,11.7908],[106.5584,11.7906],[106.558,11.7909],[106.5576,11.7902],[106.5575,11.7897],[106.5581,11.7887],[106.5577,11.788],[106.5572,11.7879],[106.5569,11.7875],[106.5566,11.7856],[106.557,11.7848],[106.5567,11.7846],[106.5567,11.784],[106.557,11.784],[106.5574,11.7831],[106.5571,11.7824],[106.5573,11.7821],[106.5577,11.7821],[106.5574,11.7815],[106.5579,11.7819],[106.5578,11.7812],[106.5582,11.781],[106.558,11.7807],[106.5581,11.7803],[106.5575,11.7803],[106.5578,11.78],[106.557,11.7792],[106.5569,11.7787],[106.5562,11.7787],[106.5565,11.778],[106.5558,11.7773],[106.5549,11.777],[106.5554,11.7761],[106.555,11.776],[106.5548,11.7755],[106.5551,11.7749],[106.5548,11.7743],[106.555,11.7739],[106.5544,11.7734],[106.5544,11.773],[106.5537,11.7728],[106.5534,11.7721],[106.5529,11.7724],[106.5526,11.7712],[106.5518,11.7711],[106.5516,11.7706],[106.5519,11.7703],[106.5512,11.7703],[106.551,11.7699],[106.5506,11.7697],[106.5506,11.7692],[106.5497,11.7688],[106.5491,11.7688],[106.5495,11.7686],[106.5491,11.7682],[106.5494,11.768],[106.5489,11.7673],[106.5478,11.7672],[106.5475,11.7664],[106.5471,11.7664],[106.5471,11.7659],[106.5465,11.7659],[106.5463,11.7649],[106.5458,11.7652],[106.546,11.7646],[106.5451,11.7645],[106.5436,11.7609],[106.5432,11.761],[106.543,11.7616],[106.5426,11.761],[106.5429,11.76],[106.5426,11.7594],[106.5427,11.7586],[106.5424,11.7584],[106.5418,11.7585],[106.5416,11.7581],[106.5446,11.7583],[106.5447,11.7572],[106.5585,11.7586],[106.5759,11.7532],[106.5822,11.7541],[106.5825,11.7535],[106.5842,11.7524],[106.5874,11.7512],[106.59,11.7523],[106.5923,11.7519],[106.5935,11.7522],[106.5957,11.754],[106.5975,11.7567],[106.5987,11.7574],[106.6004,11.7578],[106.6007,11.7545],[106.6016,11.7541],[106.605,11.7536],[106.6054,11.7526],[106.6047,11.7521],[106.6047,11.7512],[106.6041,11.7516],[106.6035,11.7515],[106.6035,11.7508],[106.6027,11.7497],[106.6015,11.7491],[106.6033,11.748],[106.602,11.7473],[106.6024,11.7466],[106.6018,11.7461],[106.6018,11.7449],[106.6012,11.7445],[106.6025,11.743],[106.6022,11.7426],[106.6023,11.7421],[106.602,11.7417],[106.6014,11.7417],[106.6007,11.7412],[106.6007,11.7405],[106.6,11.7403],[106.6004,11.74],[106.6002,11.7396],[106.6008,11.7394],[106.6012,11.7385],[106.6016,11.7385],[106.602,11.7389],[106.6024,11.7387],[106.602,11.738],[106.6022,11.7376],[106.6037,11.7385],[106.6047,11.7385],[106.6048,11.7388],[106.604,11.7393],[106.6051,11.7404],[106.6056,11.7405],[106.6062,11.7393],[106.6067,11.7392],[106.6067,11.7398],[106.6073,11.7406],[106.6079,11.7401],[106.6085,11.7406],[106.6095,11.7401],[106.6099,11.7406],[106.6116,11.74],[106.612,11.739],[106.6135,11.7388],[106.614,11.7384],[106.6145,11.7394],[106.6149,11.7378],[106.6155,11.7383],[106.6156,11.7377],[106.6166,11.7369],[106.6172,11.7373],[106.6177,11.7371],[106.6184,11.7384],[106.6192,11.7384],[106.6196,11.7391],[106.6203,11.739],[106.6206,11.7398],[106.6214,11.7405],[106.6224,11.7401],[106.6233,11.7413],[106.6234,11.7419],[106.6241,11.7417],[106.6266,11.7447],[106.6273,11.7444],[106.6275,11.7448],[106.6281,11.7449],[106.6283,11.7454],[106.6296,11.7464],[106.631,11.7469],[106.6313,11.7474],[106.6317,11.7473],[106.6317,11.7479],[106.6325,11.7477],[106.6333,11.748],[106.6339,11.7477],[106.6343,11.7483],[106.6347,11.748],[106.6353,11.7484],[106.6358,11.7482],[106.6358,11.749],[106.6371,11.7484],[106.6375,11.749],[106.6383,11.7491],[106.6391,11.7497],[106.6397,11.7498],[106.6401,11.7494],[106.6403,11.7497],[106.6407,11.7498],[106.6422,11.7489],[106.6426,11.7489],[106.6427,11.7486],[106.643,11.7487],[106.6434,11.7482],[106.6439,11.7481],[106.6444,11.7475],[106.6442,11.7467],[106.6453,11.746],[106.6456,11.7455],[106.6459,11.7458],[106.6462,11.7455],[106.6463,11.7459],[106.6471,11.746],[106.6473,11.7463],[106.648,11.746],[106.648,11.7464],[106.6485,11.7463],[106.6497,11.7476],[106.6504,11.748],[106.651,11.7478],[106.6514,11.748],[106.6516,11.7476],[106.6523,11.7476],[106.6531,11.7482],[106.6536,11.7478],[106.6545,11.7482],[106.6557,11.7467],[106.6565,11.747],[106.6568,11.7466],[106.6576,11.7469],[106.6587,11.7475],[106.6595,11.7484],[106.659,11.7486],[106.6592,11.7492],[106.6597,11.7493],[106.6595,11.7498],[106.6608,11.75],[106.6619,11.7505],[106.6623,11.7513],[106.6631,11.7513],[106.6631,11.7516],[106.6623,11.7521],[106.6619,11.7538],[106.6645,11.7582],[106.6655,11.7585],[106.6661,11.758],[106.6695,11.7578],[106.6703,11.7593],[106.6711,11.7593],[106.6721,11.76],[106.6732,11.7595],[106.6742,11.7598],[106.6767,11.7614],[106.6771,11.7624],[106.6762,11.7655],[106.6776,11.7688],[106.6774,11.7689],[106.6774,11.77],[106.6785,11.7703],[106.6807,11.7702],[106.6839,11.7708],[106.6843,11.7718],[106.6855,11.7724],[106.6856,11.7729],[106.6867,11.7735],[106.687,11.7744],[106.6892,11.7742],[106.6899,11.7748],[106.6906,11.7749],[106.6908,11.7745],[106.6923,11.7749],[106.6941,11.7745],[106.6957,11.7757],[106.6967,11.7753],[106.697,11.7746],[106.6984,11.7745],[106.6991,11.775],[106.7006,11.7746],[106.7005,11.7753],[106.6986,11.7761],[106.6982,11.777],[106.6982,11.7787],[106.6995,11.7795],[106.6996,11.7811],[106.6992,11.7819],[106.6999,11.7822],[106.7002,11.7842],[106.7024,11.7868],[106.7037,11.79],[106.704,11.7904],[106.7046,11.7905],[106.7048,11.791],[106.7032,11.7937],[106.7018,11.7933],[106.6998,11.7953],[106.7013,11.8005],[106.701,11.8025],[106.6998,11.8054],[106.6975,11.8078],[106.6961,11.8097],[106.6955,11.8117]]]},"properties":{"code":"25303","name":"Lộc Hưng","nameEn":"Loc Hung","fullName":"Xã Lộc Hưng","fullNameEn":"Loc Hung Commune","codeName":"loc_hung","postalCode":"67616","postalCodePrefix":"","gisServerId":"diaphanhanhchinhcapxa_2025.2287","areaKm2":99},"id":"25303"},
{"type":"Feature","geometry":{"type":"Polygon","coordinates":[[[106.8659,11.9875],[106.8672,11.9897],[106.8703,11.9904],[106.8716,11.9912],[106.8726,11.9923],[106.8735,11.9938],[106.8733,11.9947],[106.8724,11.9961],[106.8691,11.9975],[106.8674,11.9987],[106.8667,11.9988],[106.8653,11.9985],[106.8625,11.9972],[106.8593,11.9967],[106.855,11.995],[106.8516,11.994],[106.8511,11.994],[106.8501,11.995],[106.8495,11.995],[106.8488,11.9941],[106.8481,11.9939],[106.8466,11.9943],[106.8459,11.9948],[106.8284,11.9985],[106.8162,11.9988],[106.8163,11.9971],[106.8144,11.9973],[106.8133,11.9987],[106.812,11.9995],[106.8072,11.9996],[106.8061,12.0001],[106.8053,11.999],[106.8051,11.9973],[106.7992,12.0011],[106.79,12.0128],[106.7872,12.016],[106.7865,12.019],[106.7841,12.0249],[106.7853,12.0263],[106.7854,12.0302],[106.7842,12.0306],[106.7826,12.0319],[106.7812,12.0324],[106.7797,12.0334],[106.7789,12.0337],[106.7772,12.0333],[106.7689,12.0354],[106.7665,12.0363],[106.7657,12.0364],[106.7625,12.0385],[106.7609,12.0369],[106.7609,12.0377],[106.76,12.0382],[106.7598,12.0381],[106.7602,12.0368],[106.7609,12.036],[106.7606,12.0354],[106.7622,12.0348],[106.7622,12.0343],[106.761,12.0336],[106.7605,12.0342],[106.7592,12.034],[106.7593,12.0345],[106.7591,12.0345],[106.7574,12.0327],[106.7575,12.0324],[106.7586,12.0321],[106.7589,12.0328],[106.7596,12.0328],[106.7591,12.0316],[106.7582,12.0305],[106.7584,12.0304],[106.7594,12.0311],[106.7601,12.031],[106.7599,12.0303],[106.7593,12.0301],[106.7596,12.0291],[106.7575,12.029],[106.7564,12.0294],[106.7566,12.0283],[106.7553,12.0276],[106.7563,12.0264],[106.7563,12.0254],[106.7547,12.0238],[106.752,12.0239],[106.7512,12.0246],[106.751,12.0245],[106.751,12.0235],[106.7516,12.023],[106.7529,12.023],[106.7531,12.0227],[106.7532,12.0224],[106.7526,12.0219],[106.7529,12.0211],[106.7511,12.0214],[106.7498,12.0222],[106.7499,12.021],[106.7507,12.0208],[106.7502,12.0204],[106.7489,12.021],[106.7466,12.0213],[106.7465,12.0201],[106.7478,12.0192],[106.7483,12.0183],[106.7474,12.0176],[106.7475,12.0163],[106.747,12.0155],[106.7485,12.0145],[106.7493,12.0146],[106.7498,12.0136],[106.7505,12.0134],[106.7509,12.013],[106.7501,12.0126],[106.749,12.0134],[106.7479,12.0137],[106.748,12.0127],[106.7488,12.0123],[106.7479,12.011],[106.7474,12.0098],[106.748,12.0087],[106.7464,12.0075],[106.7455,12.0079],[106.7453,12.0074],[106.7456,12.0064],[106.745,12.0055],[106.7445,12.0063],[106.744,12.0062],[106.744,12.0054],[106.7443,12.0048],[106.7464,12.0048],[106.7466,12.0045],[106.7458,12.003],[106.7458,12.0018],[106.7454,12.0013],[106.7455,12.0009],[106.7443,12.0003],[106.7432,12.0005],[106.7436,12.0014],[106.7434,12.0032],[106.7426,12.0025],[106.7412,12.0019],[106.7402,12.0005],[106.7406,12.0001],[106.7395,11.9995],[106.7387,11.9985],[106.7404,11.9969],[106.7396,11.9965],[106.7398,11.9957],[106.741,11.9954],[106.7418,11.9958],[106.7421,11.9955],[106.7423,11.9947],[106.742,11.9943],[106.7407,11.9941],[106.7398,11.9936],[106.7418,11.9928],[106.7422,11.9923],[106.7441,11.9913],[106.742,11.9884],[106.7421,11.988],[106.7442,11.9863],[106.7445,11.9856],[106.7447,11.9832],[106.7439,11.9835],[106.7428,11.9832],[106.7419,11.9836],[106.7418,11.9821],[106.7414,11.982],[106.7392,11.9847],[106.7388,11.9848],[106.7384,11.9839],[106.7383,11.9827],[106.7386,11.982],[106.7379,11.9811],[106.7375,11.9811],[106.7357,11.9833],[106.7349,11.9829],[106.7339,11.9816],[106.747,11.9698],[106.7503,11.9717],[106.753,11.9718],[106.7557,11.9724],[106.7571,11.9722],[106.7572,11.9713],[106.7569,11.9709],[106.757,11.9684],[106.7575,11.967],[106.7582,11.9662],[106.7587,11.965],[106.7621,11.9622],[106.7633,11.9618],[106.7654,11.9598],[106.7659,11.9579],[106.765,11.9567],[106.7659,11.9548],[106.7649,11.9535],[106.7639,11.9532],[106.7643,11.9525],[106.7633,11.9517],[106.7663,11.9481],[106.7661,11.9472],[106.7682,11.9462],[106.7678,11.944],[106.7686,11.9423],[106.7681,11.94],[106.7691,11.9371],[106.7707,11.9365],[106.7715,11.9366],[106.7723,11.9353],[106.7717,11.9348],[106.7723,11.934],[106.7734,11.9342],[106.7747,11.9334],[106.775,11.9343],[106.7756,11.9341],[106.7762,11.9346],[106.7766,11.9341],[106.777,11.9283],[106.7784,11.9253],[106.7785,11.9245],[106.7798,11.9227],[106.781,11.9223],[106.782,11.9214],[106.7824,11.9215],[106.7837,11.9238],[106.7862,11.9258],[106.7866,11.9254],[106.7867,11.9248],[106.7872,11.9247],[106.7875,11.924],[106.7888,11.9234],[106.7896,11.9226],[106.7904,11.9203],[106.7902,11.9192],[106.7906,11.9181],[106.7905,11.9155],[106.7897,11.9148],[106.7897,11.9141],[106.7887,11.9131],[106.7887,11.9122],[106.7864,11.9106],[106.7859,11.9107],[106.7858,11.9102],[106.7852,11.9102],[106.7848,11.9087],[106.7832,11.9082],[106.7818,11.9054],[106.7818,11.9047],[106.7801,11.905],[106.7803,11.9037],[106.7794,11.9004],[106.7798,11.8994],[106.7808,11.8984],[106.7815,11.8981],[106.7837,11.8981],[106.7855,11.8992],[106.7883,11.8993],[106.7898,11.8988],[106.7923,11.8969],[106.7941,11.8962],[106.7955,11.8959],[106.7974,11.896],[106.7993,11.8969],[106.8,11.898],[106.8006,11.8999],[106.8013,11.901],[106.8016,11.906],[106.8026,11.9076],[106.8036,11.9083],[106.8043,11.9086],[106.8054,11.9085],[106.8085,11.9065],[106.8102,11.9071],[106.8122,11.9085],[106.8139,11.9093],[106.8175,11.9088],[106.8206,11.9088],[106.8227,11.9099],[106.8238,11.9115],[106.8247,11.9124],[106.8293,11.9139],[106.8347,11.917],[106.8376,11.9222],[106.8416,11.9263],[106.8418,11.927],[106.842,11.9292],[106.8417,11.9297],[106.8391,11.9316],[106.8361,11.9351],[106.8361,11.9384],[106.8352,11.942],[106.8365,11.9432],[106.8412,11.9443],[106.8418,11.9452],[106.8428,11.9483],[106.8424,11.956],[106.8429,11.9581],[106.8424,11.9595],[106.841,11.9613],[106.8408,11.9622],[106.8429,11.966],[106.844,11.9698],[106.8452,11.9713],[106.8469,11.9723],[106.8488,11.9728],[106.8552,11.9732],[106.858,11.9736],[106.8619,11.9746],[106.8635,11.9757],[106.8663,11.9789],[106.8666,11.9836],[106.8657,11.9852],[106.8655,11.9862],[106.8656,11.9873],[106.8659,11.9875]]]},"properties":{"code":"25308","name":"Thiện Hưng","nameEn":"Thien Hung","fullName":"Xã Thiện Hưng","fullNameEn":"Thien Hung Commune","codeName":"thien_hung","postalCode":"67659","postalCodePrefix":"","gisServerId":"diaphanhanhchinhcapxa_2025.2288","areaKm2":111},"id":"25308"},
{"type":"Feature","geometry":{"type":"Polygon","coordinates":[[[106.9927,12.0934],[106.9907,12.0931],[106.9652,12.0837],[106.9657,12.0826],[106.9645,12.081],[106.9645,12.0789],[106.9636,12.079],[106.9624,12.0781],[106.9617,12.077],[106.9607,12.0772],[106.9601,12.0767],[106.9581,12.0765],[106.958,12.0761],[106.9576,12.0762],[106.957,12.076],[106.9564,12.0754],[106.9557,12.0753],[106.9552,12.0746],[106.9541,12.0749],[106.9537,12.0746],[106.9536,12.0749],[106.9529,12.0746],[106.9514,12.0745],[106.9513,12.0742],[106.9509,12.0744],[106.9505,12.0741],[106.9505,12.0739],[106.9501,12.0743],[106.9493,12.0739],[106.9488,12.0732],[106.9487,12.0723],[106.9482,12.0725],[106.9481,12.0721],[106.9476,12.0723],[106.9477,12.072],[106.9473,12.0719],[106.9468,12.0712],[106.9466,12.0707],[106.9468,12.0702],[106.946,12.0693],[106.9464,12.069],[106.9458,12.0688],[106.9461,12.0683],[106.9455,12.0681],[106.9454,12.0675],[106.9448,12.0673],[106.9449,12.0671],[106.9439,12.0673],[106.9432,12.068],[106.9432,12.0677],[106.9422,12.0678],[106.9423,12.0681],[106.9417,12.0686],[106.9413,12.0684],[106.9412,12.0686],[106.9411,12.0683],[106.9406,12.0684],[106.9407,12.0681],[106.9402,12.0678],[106.9397,12.068],[106.9396,12.0684],[106.9392,12.0681],[106.9387,12.0686],[106.9383,12.0684],[106.9378,12.0686],[106.9373,12.0681],[106.9368,12.0682],[106.9367,12.0679],[106.9362,12.0685],[106.936,12.0679],[106.9357,12.0681],[106.9357,12.0678],[106.9357,12.0675],[106.9361,12.0677],[106.9361,12.067],[106.9358,12.0663],[106.9355,12.0665],[106.9353,12.0659],[106.9345,12.0662],[106.9337,12.066],[106.9339,12.0665],[106.9335,12.067],[106.9327,12.0673],[106.9325,12.0667],[106.932,12.0666],[106.9321,12.0663],[106.9312,12.0664],[106.9308,12.0662],[106.9308,12.0658],[106.9304,12.066],[106.9303,12.0651],[106.9286,12.065],[106.9284,12.0656],[106.928,12.0652],[106.9279,12.0656],[106.9271,12.0656],[106.9276,12.0652],[106.9269,12.0651],[106.9272,12.0648],[106.9266,12.0646],[106.9263,12.0638],[106.9258,12.0641],[106.9254,12.0639],[106.925,12.0644],[106.9248,12.0637],[106.9242,12.0636],[106.9238,12.0642],[106.9234,12.0638],[106.9227,12.0645],[106.9226,12.0642],[106.9229,12.0638],[106.9226,12.0633],[106.9214,12.0631],[106.9211,12.0626],[106.9205,12.0625],[106.9207,12.062],[106.9199,12.0614],[106.9197,12.0617],[106.9201,12.0622],[106.9194,12.0627],[106.9186,12.0623],[106.9182,12.0623],[106.9181,12.0627],[106.9171,12.0623],[106.9169,12.0627],[106.9163,12.0624],[106.9167,12.0633],[106.9163,12.0641],[106.9152,12.0633],[106.9148,12.0633],[106.9148,12.0639],[106.9145,12.0644],[106.9148,12.0648],[106.914,12.0652],[106.9136,12.065],[106.9135,12.0659],[106.9128,12.0657],[106.9127,12.0666],[106.9117,12.0671],[106.9116,12.0674],[106.9106,12.0669],[106.9104,12.0676],[106.9099,12.0669],[106.9097,12.0675],[106.9093,12.0671],[106.909,12.0678],[106.9079,12.0679],[106.9076,12.0677],[106.9076,12.0681],[106.9072,12.0683],[106.9061,12.0678],[106.9063,12.0682],[106.9061,12.0686],[106.9055,12.0672],[106.9048,12.0674],[106.9049,12.0677],[106.9047,12.068],[106.9045,12.0676],[106.9037,12.0679],[106.9036,12.0674],[106.9033,12.0676],[106.9025,12.0676],[106.9025,12.0662],[106.9019,12.0669],[106.9016,12.0666],[106.9018,12.0661],[106.9012,12.0662],[106.9001,12.0657],[106.8994,12.0658],[106.8996,12.0664],[106.8988,12.0659],[106.8982,12.0663],[106.8981,12.0658],[106.8984,12.0655],[106.8982,12.0654],[106.8979,12.0656],[106.8972,12.0656],[106.8977,12.066],[106.8964,12.0663],[106.8959,12.067],[106.8953,12.0671],[106.8951,12.0677],[106.8954,12.0681],[106.8949,12.0683],[106.8946,12.0691],[106.894,12.0693],[106.8941,12.0699],[106.8935,12.0695],[106.8931,12.07],[106.8926,12.0697],[106.8923,12.0701],[106.8919,12.07],[106.8917,12.0708],[106.8911,12.0702],[106.8907,12.0706],[106.8901,12.0705],[106.8899,12.0711],[106.8892,12.071],[106.8889,12.0716],[106.8885,12.0716],[106.8888,12.0724],[106.8872,12.0724],[106.8863,12.0731],[106.8859,12.073],[106.8851,12.0737],[106.8842,12.0735],[106.884,12.0733],[106.8843,12.073],[106.8838,12.073],[106.884,12.072],[106.8835,12.0724],[106.8835,12.0729],[106.883,12.0727],[106.8827,12.0731],[106.8821,12.073],[106.8817,12.0733],[106.8814,12.0728],[106.8808,12.0737],[106.8803,12.0734],[106.8787,12.074],[106.8773,12.0731],[106.8768,12.0733],[106.8759,12.0727],[106.8752,12.0727],[106.8743,12.0732],[106.8735,12.0729],[106.8734,12.0735],[106.8729,12.0737],[106.8724,12.0726],[106.872,12.0737],[106.8706,12.0737],[106.8711,12.073],[106.87,12.0732],[106.87,12.0744],[106.8696,12.0745],[106.8689,12.0733],[106.8687,12.0721],[106.8685,12.0731],[106.8682,12.0725],[106.8682,12.0718],[106.8669,12.0717],[106.8664,12.0701],[106.8655,12.0708],[106.8648,12.0705],[106.8639,12.0708],[106.8625,12.0702],[106.8619,12.0712],[106.8609,12.0709],[106.8608,12.0703],[106.8613,12.0697],[106.8611,12.0692],[106.8605,12.0692],[106.8603,12.0688],[106.8597,12.0692],[106.8589,12.0684],[106.8584,12.0689],[106.8578,12.0687],[106.8576,12.069],[106.8581,12.0693],[106.8577,12.0694],[106.856,12.0687],[106.8562,12.0676],[106.8555,12.066],[106.8537,12.0679],[106.8527,12.0676],[106.853,12.0671],[106.8526,12.067],[106.8521,12.0693],[106.8514,12.0688],[106.851,12.0689],[106.8508,12.0696],[106.8512,12.0702],[106.8518,12.0703],[106.8518,12.0706],[106.8506,12.0705],[106.8503,12.0711],[106.8503,12.0702],[106.8498,12.0706],[106.8491,12.0706],[106.8481,12.071],[106.8483,12.0724],[106.848,12.0728],[106.8476,12.0728],[106.848,12.0725],[106.848,12.0722],[106.8471,12.0723],[106.8464,12.0733],[106.8471,12.0733],[106.8477,12.0737],[106.8477,12.0741],[106.847,12.0738],[106.846,12.0739],[106.8444,12.0749],[106.8444,12.0743],[106.8448,12.0743],[106.8451,12.074],[106.8452,12.0734],[106.8449,12.0732],[106.8438,12.0737],[106.8429,12.0744],[106.8419,12.0737],[106.8405,12.0733],[106.8403,12.0736],[106.8405,12.0742],[106.8389,12.0729],[106.8388,12.0725],[106.8394,12.0723],[106.8387,12.0718],[106.8381,12.072],[106.8382,12.0727],[106.8374,12.0734],[106.8364,12.073],[106.8359,12.0732],[106.8358,12.0745],[106.8348,12.0745],[106.8351,12.0752],[106.8345,12.0753],[106.8333,12.0747],[106.8328,12.0747],[106.8326,12.0751],[106.8331,12.0749],[106.8333,12.0756],[106.8328,12.0767],[106.8316,12.0769],[106.832,12.0774],[106.831,12.0773],[106.8308,12.0768],[106.8304,12.0768],[106.8302,12.078],[106.83,12.0781],[106.8295,12.0777],[106.8283,12.0795],[106.8286,12.08],[106.8277,12.0799],[106.8276,12.0795],[106.8273,12.0794],[106.8271,12.0802],[106.8276,12.0811],[106.8268,12.0813],[106.8267,12.0811],[106.8261,12.0818],[106.8263,12.0823],[106.8271,12.0828],[106.8262,12.0836],[106.8259,12.0843],[106.8245,12.0841],[106.8243,12.0833],[106.8251,12.0831],[106.8247,12.0825],[106.8236,12.0837],[106.8235,12.0829],[106.8217,12.0827],[106.8216,12.0832],[106.822,12.0836],[106.8216,12.0839],[106.8213,12.0829],[106.8207,12.0824],[106.8209,12.0822],[106.8202,12.0819],[106.8193,12.0822],[106.8198,12.0833],[106.8175,12.0826],[106.8161,12.0835],[106.8157,12.083],[106.8154,12.0834],[106.8148,12.0818],[106.8153,12.0814],[106.8144,12.0808],[106.8136,12.0815],[106.8133,12.0802],[106.8129,12.0797],[106.813,12.0793],[106.8119,12.0794],[106.812,12.079],[106.8113,12.079],[106.8102,12.0806],[106.8101,12.0796],[106.8087,12.0802],[106.8093,12.0811],[106.8083,12.0811],[106.8073,12.0801],[106.8066,12.0798],[106.8066,12.0793],[106.8056,12.0783],[106.8054,12.0793],[106.804,12.0796],[106.8039,12.0804],[106.8034,12.0809],[106.8032,12.0809],[106.8032,12.0801],[106.8029,12.0798],[106.8021,12.08],[106.8011,12.081],[106.8009,12.0817],[106.8002,12.0818],[106.7992,12.0831],[106.7991,12.084],[106.7987,12.0838],[106.7977,12.0823],[106.797,12.0819],[106.797,12.0825],[106.7975,12.083],[106.7973,12.0833],[106.7964,12.0832],[106.7955,12.0823],[106.7951,12.0823],[106.7948,12.082],[106.7942,12.0825],[106.7939,12.0821],[106.7934,12.0829],[106.7922,12.0821],[106.7922,12.0816],[106.7919,12.0811],[106.7923,12.081],[106.7916,12.0805],[106.7922,12.08],[106.7917,12.0797],[106.7914,12.0802],[106.7909,12.0801],[106.79,12.0804],[106.7902,12.0795],[106.7893,12.0793],[106.7894,12.0784],[106.7881,12.0777],[106.7879,12.0764],[106.7875,12.0764],[106.7874,12.0769],[106.7871,12.0766],[106.787,12.0771],[106.7865,12.0769],[106.7865,12.0751],[106.7868,12.0749],[106.7857,12.074],[106.7867,12.0738],[106.7868,12.0733],[106.7852,12.0733],[106.7845,12.0731],[106.7841,12.0726],[106.784,12.0738],[106.7835,12.0741],[106.7822,12.0735],[106.781,12.0737],[106.7815,12.0741],[106.7813,12.0743],[106.7802,12.0738],[106.7799,12.0717],[106.7818,12.0702],[106.7815,12.0698],[106.7815,12.0689],[106.7812,12.0681],[106.7791,12.0669],[106.7788,12.0664],[106.7797,12.0656],[106.7805,12.0655],[106.7816,12.0663],[106.7822,12.0656],[106.7829,12.0654],[106.7829,12.0651],[106.7823,12.0646],[106.7824,12.0635],[106.7819,12.0632],[106.7814,12.0635],[106.7812,12.063],[106.7816,12.0628],[106.7815,12.0626],[106.7801,12.0629],[106.7802,12.0624],[106.78,12.0622],[106.7792,12.0625],[106.7785,12.0617],[106.7785,12.062],[106.7783,12.062],[106.778,12.0616],[106.7784,12.0608],[106.7778,12.0599],[106.7772,12.0597],[106.7772,12.0594],[106.7757,12.06],[106.7753,12.0585],[106.7749,12.0591],[106.7742,12.0591],[106.7741,12.0582],[106.7746,12.0563],[106.7744,12.0559],[106.7739,12.0563],[106.7731,12.0557],[106.7721,12.0558],[106.7733,12.057],[106.7726,12.0576],[106.7722,12.0575],[106.7715,12.0563],[106.7716,12.0547],[106.7709,12.054],[106.7718,12.053],[106.7714,12.0517],[106.771,12.0516],[106.7706,12.0521],[106.77,12.0515],[106.77,12.0508],[106.769,12.0505],[106.769,12.0502],[106.7697,12.0501],[106.7698,12.0497],[106.7694,12.0491],[106.7686,12.0497],[106.7684,12.0485],[106.7686,12.0482],[106.7694,12.048],[106.7684,12.0463],[106.7679,12.0462],[106.7679,12.046],[106.7685,12.0457],[106.7692,12.046],[106.7695,12.0449],[106.7701,12.0447],[106.7703,12.0443],[106.7685,12.0448],[106.7682,12.0444],[106.7675,12.0446],[106.7672,12.044],[106.7677,12.0428],[106.7671,12.0427],[106.7679,12.0424],[106.7678,12.042],[106.7668,12.042],[106.7655,12.0427],[106.7654,12.0425],[106.7661,12.0417],[106.7653,12.0413],[106.7652,12.0422],[106.7645,12.0427],[106.7644,12.0415],[106.7628,12.0415],[106.763,12.0409],[106.7625,12.0409],[106.7625,12.0403],[106.7616,12.0409],[106.7618,12.0401],[106.7623,12.0395],[106.7615,12.0393],[106.7613,12.0389],[106.7625,12.0387],[106.7625,12.0385],[106.7657,12.0364],[106.7665,12.0363],[106.7689,12.0354],[106.7772,12.0333],[106.7789,12.0337],[106.7797,12.0334],[106.7812,12.0324],[106.7826,12.0319],[106.7842,12.0306],[106.7854,12.0302],[106.7853,12.0263],[106.7841,12.0249],[106.7865,12.019],[106.7872,12.016],[106.79,12.0128],[106.7992,12.0011],[106.8051,11.9973],[106.8053,11.999],[106.8061,12.0001],[106.8072,11.9996],[106.812,11.9995],[106.8133,11.9987],[106.8144,11.9973],[106.8163,11.9971],[106.8162,11.9988],[106.8284,11.9985],[106.8459,11.9948],[106.8466,11.9943],[106.8481,11.9939],[106.8488,11.9941],[106.8495,11.995],[106.8501,11.995],[106.8511,11.994],[106.8516,11.994],[106.855,11.995],[106.8593,11.9967],[106.8625,11.9972],[106.8653,11.9985],[106.8667,11.9988],[106.8674,11.9987],[106.8691,11.9975],[106.8724,11.9961],[106.8733,11.9947],[106.8735,11.9938],[106.8726,11.9923],[106.8716,11.9912],[106.8703,11.9904],[106.8672,11.9897],[106.8659,11.9875],[106.8666,11.9875],[106.8693,11.9855],[106.8704,11.9852],[106.8748,11.9867],[106.8774,11.9866],[106.8825,11.9856],[106.8832,11.9852],[106.8838,11.9843],[106.8838,11.9828],[106.8824,11.9802],[106.8825,11.9792],[106.8829,11.9788],[106.8834,11.9785],[106.8859,11.9785],[106.8906,11.9771],[106.8974,11.9745],[106.9019,11.975],[106.9037,11.9759],[106.9066,11.9783],[106.9084,11.9794],[106.9112,11.9829],[106.9129,11.984],[106.9182,11.9885],[106.9195,11.9888],[106.922,11.9887],[106.9252,11.9901],[106.9285,11.9901],[106.9313,11.9909],[106.9325,11.9918],[106.9376,11.9974],[106.9394,11.9981],[106.9418,11.9981],[106.9413,12.0003],[106.9418,12.0009],[106.944,12.0001],[106.9461,12],[106.9488,12.0005],[106.9543,12.0008],[106.9575,11.999],[106.9579,11.9977],[106.9585,11.9971],[106.9591,11.997],[106.9617,11.9977],[106.9641,11.9994],[106.9653,12.0005],[106.9656,12.0018],[106.965,12.0027],[106.9635,12.0031],[106.963,12.0039],[106.9632,12.0041],[106.9656,12.0047],[106.9664,12.0058],[106.9661,12.0064],[106.9647,12.0065],[106.9645,12.0068],[106.9647,12.0094],[106.9643,12.0118],[106.9674,12.0141],[106.9702,12.017],[106.9703,12.0177],[106.9696,12.0197],[106.9696,12.0221],[106.9715,12.0271],[106.9715,12.0277],[106.9708,12.0283],[106.9682,12.0274],[106.9646,12.0279],[106.9619,12.0278],[106.9613,12.0289],[106.961,12.0311],[106.9616,12.0325],[106.963,12.0339],[106.9633,12.0352],[106.9622,12.0363],[106.9607,12.0359],[106.9598,12.036],[106.9596,12.0369],[106.96,12.0374],[106.9633,12.0392],[106.9655,12.0434],[106.9663,12.0444],[106.9672,12.0449],[106.9673,12.0455],[106.967,12.0458],[106.9657,12.0451],[106.965,12.0451],[106.9635,12.0464],[106.9631,12.0473],[106.9637,12.0481],[106.9669,12.0501],[106.9667,12.0514],[106.9672,12.0532],[106.9721,12.052],[106.9741,12.0511],[106.975,12.051],[106.9757,12.0514],[106.9761,12.0523],[106.9755,12.0535],[106.9742,12.0549],[106.9718,12.0557],[106.9717,12.057],[106.9722,12.0576],[106.974,12.058],[106.9756,12.0571],[106.9797,12.0587],[106.9825,12.0583],[106.9829,12.0597],[106.9828,12.0614],[106.9816,12.0639],[106.9827,12.0664],[106.9833,12.0668],[106.9882,12.0688],[106.9894,12.0698],[106.9897,12.0707],[106.9893,12.0715],[106.9861,12.073],[106.9841,12.0717],[106.9831,12.0696],[106.9813,12.0697],[106.98,12.0705],[106.9798,12.0713],[106.98,12.0728],[106.9807,12.0737],[106.9827,12.0749],[106.9864,12.0754],[106.9897,12.0754],[106.9905,12.0758],[106.9903,12.0769],[106.9882,12.0792],[106.9878,12.0803],[106.988,12.0808],[106.9889,12.081],[106.9918,12.0802],[106.9927,12.0814],[106.9925,12.0826],[106.9902,12.0845],[106.9894,12.0858],[106.989,12.0869],[106.9897,12.0875],[106.994,12.0875],[106.9947,12.0881],[106.9946,12.09],[106.9941,12.0917],[106.9936,12.0927],[106.9929,12.0929],[106.9927,12.0934]]]},"properties":{"code":"25309","name":"Hưng Phước","nameEn":"Hung Phuoc","fullName":"Xã Hưng Phước","fullNameEn":"Hung Phuoc Commune","codeName":"hung_phuoc","postalCode":"67658","postalCodePrefix":"","gisServerId":"diaphanhanhchinhcapxa_2025.2289","areaKm2":187.2},"id":"25309"},
{"type":"Feature","geometry":{"type":"Polygon","coordinates":[[[106.7339,11.9816],[106.7334,11.981],[106.7331,11.981],[106.7327,11.9818],[106.7319,11.9825],[106.7323,11.9832],[106.7333,11.9835],[106.7331,11.9839],[106.7325,11.984],[106.7306,11.9827],[106.7293,11.9823],[106.7288,11.9814],[106.7273,11.9818],[106.7257,11.9804],[106.7255,11.98],[106.7258,11.9788],[106.7248,11.9781],[106.7251,11.9755],[106.7245,11.9756],[106.7235,11.9754],[106.7206,11.976],[106.7213,11.974],[106.7221,11.9736],[106.7224,11.9723],[106.7224,11.9717],[106.721,11.9685],[106.7203,11.9686],[106.7191,11.9696],[106.7199,11.9708],[106.7196,11.9727],[106.7187,11.9726],[106.7178,11.973],[106.7173,11.9725],[106.7164,11.9723],[106.7157,11.9717],[106.7149,11.9723],[106.7141,11.9711],[106.7142,11.9725],[106.7139,11.9727],[106.713,11.9715],[106.7132,11.9706],[106.7139,11.9704],[106.714,11.9699],[106.7104,11.9677],[106.7093,11.9682],[106.7078,11.9683],[106.7078,11.9696],[106.7074,11.9698],[106.7057,11.9677],[106.7057,11.9672],[106.7046,11.9674],[106.7046,11.9666],[106.704,11.966],[106.704,11.9667],[106.7035,11.9667],[106.7034,11.9657],[106.7024,11.9671],[106.7035,11.9676],[106.7033,11.9684],[106.7023,11.9685],[106.7029,11.969],[106.7012,11.9696],[106.7011,11.9687],[106.7005,11.9685],[106.6993,11.9696],[106.6988,11.9684],[106.6967,11.9663],[106.6964,11.9649],[106.6951,11.964],[106.6928,11.9638],[106.6924,11.9632],[106.6916,11.964],[106.6913,11.9633],[106.691,11.9632],[106.6896,11.964],[106.6889,11.965],[106.6877,11.9638],[106.6869,11.964],[106.6866,11.9645],[106.6875,11.9651],[106.6875,11.9655],[106.686,11.9652],[106.6854,11.9656],[106.6836,11.9645],[106.683,11.9653],[106.683,11.9664],[106.6822,11.9658],[106.6815,11.968],[106.6807,11.9684],[106.6806,11.9691],[106.6796,11.9692],[106.6792,11.9706],[106.6782,11.9716],[106.6782,11.9723],[106.6767,11.9723],[106.6768,11.9748],[106.6771,11.9755],[106.6769,11.9769],[106.6764,11.9773],[106.6778,11.977],[106.6781,11.9772],[106.6776,11.9781],[106.6768,11.9782],[106.6757,11.9798],[106.6746,11.9793],[106.6739,11.9796],[106.6736,11.9779],[106.6712,11.9767],[106.6707,11.9767],[106.6701,11.9772],[106.6698,11.9779],[106.669,11.978],[106.6687,11.9791],[106.6673,11.9792],[106.6669,11.9796],[106.6669,11.9819],[106.6657,11.9822],[106.6657,11.9838],[106.6646,11.9838],[106.6639,11.9831],[106.6634,11.9831],[106.6608,11.9858],[106.6607,11.9868],[106.6596,11.9867],[106.6589,11.9873],[106.6582,11.9872],[106.6578,11.987],[106.6579,11.9863],[106.6576,11.9861],[106.6568,11.987],[106.6569,11.9888],[106.6558,11.9892],[106.655,11.9892],[106.6543,11.9888],[106.6545,11.9875],[106.654,11.9869],[106.6535,11.9871],[106.6534,11.9886],[106.6528,11.9881],[106.6522,11.9864],[106.653,11.9845],[106.6528,11.9829],[106.6513,11.9816],[106.6494,11.9815],[106.6492,11.9792],[106.6508,11.9774],[106.6507,11.9759],[106.6509,11.9756],[106.6525,11.9746],[106.6518,11.9739],[106.6551,11.9733],[106.655,11.9727],[106.6543,11.972],[106.653,11.9723],[106.6536,11.9715],[106.6566,11.9696],[106.6586,11.9689],[106.6592,11.9684],[106.6601,11.9664],[106.6597,11.9649],[106.6577,11.9637],[106.6564,11.966],[106.656,11.9661],[106.6558,11.9656],[106.6563,11.9641],[106.6556,11.963],[106.6552,11.9629],[106.6545,11.9638],[106.6541,11.9652],[106.6532,11.9657],[106.6518,11.9651],[106.6516,11.9646],[106.6516,11.9637],[106.6513,11.9636],[106.6508,11.9647],[106.65,11.9652],[106.6507,11.9661],[106.6504,11.9662],[106.649,11.9651],[106.6483,11.9636],[106.6478,11.9636],[106.6475,11.9642],[106.6477,11.9651],[106.6467,11.9649],[106.647,11.9659],[106.6454,11.9651],[106.645,11.9657],[106.6448,11.9667],[106.6439,11.9665],[106.6435,11.9668],[106.6435,11.9673],[106.6446,11.968],[106.6446,11.9684],[106.6436,11.9689],[106.6418,11.9688],[106.6416,11.969],[106.6415,11.9707],[106.6437,11.9736],[106.6437,11.974],[106.6431,11.9744],[106.6436,11.9752],[106.6433,11.9754],[106.642,11.9739],[106.6415,11.9739],[106.6404,11.9745],[106.6399,11.9744],[106.6399,11.9737],[106.6404,11.9729],[106.6402,11.9726],[106.6393,11.973],[106.6392,11.9741],[106.6388,11.9741],[106.6379,11.971],[106.637,11.9702],[106.6371,11.9692],[106.6381,11.9687],[106.6381,11.9682],[106.6374,11.9682],[106.6361,11.9692],[106.6356,11.9691],[106.6353,11.9688],[106.6347,11.9653],[106.635,11.9645],[106.636,11.9635],[106.6357,11.9623],[106.6349,11.9619],[106.6351,11.9616],[106.6358,11.9614],[106.6357,11.9608],[106.6351,11.9606],[106.633,11.9613],[106.6317,11.9609],[106.6312,11.9617],[106.6304,11.9618],[106.6303,11.9623],[106.631,11.9628],[106.631,11.9634],[106.6297,11.9652],[106.6293,11.9651],[106.6288,11.9631],[106.6276,11.9615],[106.6255,11.9607],[106.6255,11.9614],[106.6246,11.9603],[106.6247,11.9589],[106.6257,11.9577],[106.6254,11.957],[106.6251,11.9571],[106.6249,11.9569],[106.6244,11.9555],[106.6255,11.955],[106.6257,11.9545],[106.6245,11.9538],[106.6243,11.9533],[106.6237,11.9532],[106.6231,11.9519],[106.6226,11.9493],[106.6227,11.9484],[106.6233,11.948],[106.6238,11.9472],[106.6237,11.9461],[106.625,11.9447],[106.6267,11.944],[106.6272,11.9433],[106.6273,11.9418],[106.6277,11.9413],[106.6275,11.9394],[106.6279,11.9383],[106.627,11.9349],[106.6246,11.933],[106.6206,11.9285],[106.6194,11.9277],[106.6184,11.9277],[106.6175,11.9271],[106.6162,11.9269],[106.6157,11.9261],[106.6155,11.9251],[106.6143,11.9238],[106.6141,11.923],[106.6136,11.9225],[106.6131,11.9224],[106.6122,11.9212],[106.6122,11.9203],[106.6118,11.9196],[106.612,11.9186],[106.6116,11.918],[106.612,11.9177],[106.6116,11.917],[106.613,11.9151],[106.6127,11.914],[106.6128,11.9104],[106.6263,11.9105],[106.6229,11.9072],[106.6227,11.9012],[106.6219,11.8997],[106.6218,11.894],[106.6208,11.8941],[106.6209,11.8873],[106.6212,11.8848],[106.6238,11.8856],[106.625,11.8844],[106.6271,11.884],[106.6465,11.8807],[106.6519,11.8835],[106.6529,11.8837],[106.6566,11.8876],[106.66,11.8889],[106.662,11.8904],[106.6714,11.8924],[106.6749,11.8937],[106.6793,11.8948],[106.6842,11.8952],[106.6945,11.9137],[106.6965,11.9124],[106.698,11.912],[106.6987,11.9113],[106.7003,11.908],[106.7013,11.9069],[106.7006,11.9057],[106.7042,11.9053],[106.7074,11.9058],[106.7097,11.9035],[106.7103,11.9034],[106.7103,11.9028],[106.711,11.9019],[106.7121,11.9015],[106.7126,11.9005],[106.7148,11.8998],[106.7148,11.8989],[106.7183,11.8991],[106.7198,11.8987],[106.7211,11.899],[106.7228,11.8967],[106.7229,11.8949],[106.724,11.895],[106.7252,11.8938],[106.7257,11.893],[106.7287,11.892],[106.729,11.8903],[106.7302,11.8903],[106.7309,11.89],[106.7319,11.8904],[106.7329,11.8897],[106.7329,11.8887],[106.7331,11.8884],[106.7337,11.888],[106.735,11.8877],[106.7355,11.8878],[106.7358,11.8889],[106.7362,11.889],[106.7374,11.8888],[106.7379,11.888],[106.7404,11.8874],[106.7414,11.8885],[106.7433,11.8877],[106.7443,11.8856],[106.7444,11.884],[106.745,11.8823],[106.7464,11.881],[106.7478,11.8802],[106.7479,11.8791],[106.7482,11.879],[106.7493,11.8799],[106.7513,11.8803],[106.7532,11.8813],[106.7542,11.8829],[106.7548,11.8851],[106.7552,11.8857],[106.7564,11.8868],[106.7577,11.8873],[106.7586,11.8884],[106.7597,11.8892],[106.7624,11.8894],[106.7647,11.8901],[106.7661,11.8898],[106.7684,11.8884],[106.7706,11.8881],[106.7715,11.8884],[106.7727,11.8896],[106.7735,11.8913],[106.7755,11.8924],[106.7761,11.8935],[106.7762,11.8962],[106.7755,11.8983],[106.7744,11.9002],[106.7742,11.9015],[106.7744,11.9024],[106.7753,11.9035],[106.7775,11.905],[106.7791,11.9054],[106.7801,11.905],[106.7818,11.9047],[106.7818,11.9054],[106.7832,11.9082],[106.7848,11.9087],[106.7852,11.9102],[106.7858,11.9102],[106.7859,11.9107],[106.7864,11.9106],[106.7887,11.9122],[106.7887,11.9131],[106.7897,11.9141],[106.7897,11.9148],[106.7905,11.9155],[106.7906,11.9181],[106.7902,11.9192],[106.7904,11.9203],[106.7896,11.9226],[106.7888,11.9234],[106.7875,11.924],[106.7872,11.9247],[106.7867,11.9248],[106.7866,11.9254],[106.7862,11.9258],[106.7837,11.9238],[106.7824,11.9215],[106.782,11.9214],[106.781,11.9223],[106.7798,11.9227],[106.7785,11.9245],[106.7784,11.9253],[106.777,11.9283],[106.7766,11.9341],[106.7762,11.9346],[106.7756,11.9341],[106.775,11.9343],[106.7747,11.9334],[106.7734,11.9342],[106.7723,11.934],[106.7717,11.9348],[106.7723,11.9353],[106.7715,11.9366],[106.7707,11.9365],[106.7691,11.9371],[106.7681,11.94],[106.7686,11.9423],[106.7678,11.944],[106.7682,11.9462],[106.7661,11.9472],[106.7663,11.9481],[106.7633,11.9517],[106.7643,11.9525],[106.7639,11.9532],[106.7649,11.9535],[106.7659,11.9548],[106.765,11.9567],[106.7659,11.9579],[106.7654,11.9598],[106.7633,11.9618],[106.7621,11.9622],[106.7587,11.965],[106.7582,11.9662],[106.7575,11.967],[106.757,11.9684],[106.7569,11.9709],[106.7572,11.9713],[106.7571,11.9722],[106.7557,11.9724],[106.753,11.9718],[106.7503,11.9717],[106.747,11.9698],[106.7339,11.9816]]]},"properties":{"code":"25318","name":"Tân Tiến","nameEn":"Tan Tien","fullName":"Xã Tân Tiến","fullNameEn":"Tan Tien Commune","codeName":"tan_tien","postalCode":"67662","postalCodePrefix":"","gisServerId":"diaphanhanhchinhcapxa_2025.2283","areaKm2":147.5},"id":"25318"},
{"type":"Feature","geometry":{"type":"Polygon","coordinates":[[[106.6265,11.6554],[106.6218,11.6555],[106.6206,11.6552],[106.6196,11.6546],[106.6188,11.6535],[106.6175,11.6526],[106.616,11.6508],[106.6134,11.6508],[106.6107,11.6514],[106.6082,11.6517],[106.6111,11.66],[106.6121,11.6613],[106.6119,11.6627],[106.6126,11.6643],[106.6126,11.6655],[106.6074,11.6683],[106.604,11.6682],[106.6024,11.6712],[106.6016,11.6708],[106.6013,11.671],[106.6007,11.6708],[106.6001,11.6717],[106.5982,11.672],[106.5968,11.6708],[106.5934,11.6693],[106.591,11.6697],[106.59,11.6696],[106.589,11.67],[106.5883,11.6698],[106.5877,11.6705],[106.587,11.6707],[106.5838,11.6706],[106.5834,11.6703],[106.5784,11.6703],[106.5779,11.6705],[106.5776,11.6701],[106.5771,11.6703],[106.5768,11.67],[106.5764,11.6703],[106.576,11.67],[106.574,11.6708],[106.573,11.6717],[106.5704,11.6716],[106.5691,11.6719],[106.5685,11.6727],[106.5678,11.6727],[106.5661,11.6718],[106.5655,11.6719],[106.5651,11.6715],[106.5646,11.6719],[106.5645,11.6712],[106.5634,11.6715],[106.5626,11.6708],[106.5623,11.6711],[106.5614,11.6709],[106.5608,11.6711],[106.5603,11.6709],[106.5599,11.6703],[106.5595,11.6704],[106.5589,11.6695],[106.5587,11.6698],[106.5583,11.6698],[106.5589,11.6678],[106.5593,11.6678],[106.5608,11.6617],[106.5588,11.6615],[106.5584,11.6585],[106.5581,11.658],[106.5579,11.6582],[106.5564,11.6563],[106.5575,11.6558],[106.5589,11.6559],[106.5608,11.6554],[106.5615,11.6487],[106.5687,11.6458],[106.5693,11.6416],[106.5718,11.6347],[106.5731,11.6296],[106.573,11.629],[106.5734,11.6283],[106.574,11.6282],[106.5742,11.6278],[106.5744,11.6267],[106.5739,11.6259],[106.5745,11.6233],[106.5761,11.6185],[106.5783,11.6106],[106.5854,11.608],[106.5884,11.6052],[106.5916,11.6032],[106.5914,11.601],[106.5924,11.601],[106.5924,11.5958],[106.5932,11.595],[106.5967,11.595],[106.5962,11.5784],[106.6004,11.5813],[106.6022,11.5818],[106.606,11.5806],[106.6059,11.5802],[106.609,11.5794],[106.6121,11.5794],[106.6132,11.5781],[106.6152,11.5773],[106.6168,11.5778],[106.6167,11.5783],[106.6156,11.5787],[106.6158,11.5809],[106.6148,11.582],[106.6151,11.5824],[106.6149,11.5833],[106.6152,11.5846],[106.6138,11.5842],[106.6136,11.5851],[106.6132,11.5853],[106.6132,11.5866],[106.6147,11.5869],[106.6138,11.5882],[106.6138,11.5889],[106.6143,11.5895],[106.6151,11.5894],[106.6146,11.5902],[106.6169,11.5926],[106.6179,11.5929],[106.619,11.5924],[106.6199,11.5935],[106.6216,11.5933],[106.6222,11.594],[106.6222,11.5956],[106.6218,11.596],[106.6217,11.5977],[106.6205,11.5989],[106.6205,11.5992],[106.6207,11.6003],[106.6214,11.6005],[106.6216,11.6013],[106.6215,11.6022],[106.6221,11.6029],[106.6219,11.6033],[106.6223,11.604],[106.6219,11.6043],[106.6215,11.6037],[106.6212,11.6042],[106.6204,11.6042],[106.6197,11.6052],[106.62,11.6055],[106.6205,11.605],[106.6205,11.6055],[106.6208,11.6057],[106.6207,11.6064],[106.6215,11.6064],[106.6215,11.6071],[106.6221,11.6083],[106.6217,11.6091],[106.6221,11.6096],[106.6218,11.61],[106.6219,11.6105],[106.6222,11.611],[106.623,11.6112],[106.6237,11.6128],[106.6243,11.6124],[106.6248,11.6131],[106.6259,11.6129],[106.6261,11.6136],[106.6267,11.6138],[106.627,11.6144],[106.6279,11.6143],[106.6281,11.6153],[106.6285,11.6155],[106.6286,11.6163],[106.6288,11.6164],[106.6293,11.616],[106.6301,11.6174],[106.631,11.6176],[106.633,11.6211],[106.6327,11.622],[106.6336,11.6229],[106.6334,11.6232],[106.6352,11.6276],[106.6355,11.6291],[106.6364,11.6303],[106.6374,11.6311],[106.6234,11.6318],[106.6234,11.6339],[106.6223,11.6356],[106.6224,11.6375],[106.6228,11.6395],[106.6224,11.6419],[106.6235,11.6423],[106.6236,11.6428],[106.6233,11.6438],[106.6266,11.6441],[106.6269,11.6526],[106.6264,11.6526],[106.6265,11.6554]]]},"properties":{"code":"25326","name":"Bình Long","nameEn":"Binh Long","fullName":"Phường Bình Long","fullNameEn":"Binh Long Ward","codeName":"binh_long","postalCode":"67862","postalCodePrefix":"","gisServerId":"diaphanhanhchinhcapxa_2025.2290","areaKm2":49.1},"id":"25326"},
{"type":"Feature","geometry":{"type":"Polygon","coordinates":[[[106.6156,11.7377],[106.6155,11.7383],[106.6149,11.7378],[106.6145,11.7394],[106.614,11.7384],[106.6135,11.7388],[106.612,11.739],[106.6116,11.74],[106.6099,11.7406],[106.6095,11.7401],[106.6085,11.7406],[106.6079,11.7401],[106.6073,11.7406],[106.6067,11.7398],[106.6067,11.7392],[106.6062,11.7393],[106.6056,11.7405],[106.6051,11.7404],[106.604,11.7393],[106.6048,11.7388],[106.6047,11.7385],[106.6037,11.7385],[106.6022,11.7376],[106.602,11.738],[106.6024,11.7387],[106.602,11.7389],[106.6016,11.7385],[106.6012,11.7385],[106.6008,11.7394],[106.6002,11.7396],[106.6004,11.74],[106.6,11.7403],[106.5985,11.7398],[106.5974,11.7403],[106.5964,11.7395],[106.5949,11.7404],[106.5943,11.7399],[106.5942,11.7387],[106.5932,11.7387],[106.5925,11.7383],[106.5921,11.7386],[106.5916,11.7381],[106.5905,11.7391],[106.59,11.7388],[106.5898,11.7379],[106.5893,11.7379],[106.5887,11.7383],[106.5884,11.7377],[106.5873,11.7378],[106.587,11.738],[106.5869,11.7386],[106.5866,11.7386],[106.5859,11.7376],[106.5864,11.7372],[106.5863,11.737],[106.5852,11.737],[106.5847,11.7366],[106.5839,11.7371],[106.5836,11.736],[106.5823,11.7361],[106.5821,11.7366],[106.5823,11.7371],[106.5818,11.7372],[106.5811,11.7362],[106.5797,11.7361],[106.58,11.7354],[106.5798,11.7353],[106.5786,11.737],[106.5773,11.7367],[106.5777,11.7375],[106.5774,11.7377],[106.576,11.7368],[106.5761,11.7362],[106.5769,11.7356],[106.5769,11.7351],[106.5763,11.7348],[106.5764,11.7339],[106.5756,11.7335],[106.5752,11.7326],[106.5744,11.7323],[106.5738,11.7314],[106.5727,11.7314],[106.5724,11.7322],[106.5721,11.7322],[106.5716,11.7322],[106.5709,11.7315],[106.5709,11.7321],[106.5714,11.7327],[106.5709,11.7332],[106.5698,11.7329],[106.5685,11.7318],[106.5679,11.7317],[106.5669,11.732],[106.5666,11.7329],[106.5656,11.7331],[106.5641,11.7308],[106.5639,11.7298],[106.5636,11.7298],[106.5632,11.7304],[106.5628,11.7303],[106.5628,11.73],[106.5637,11.7289],[106.5637,11.7283],[106.5624,11.7285],[106.561,11.7272],[106.5601,11.7279],[106.5597,11.7291],[106.5589,11.728],[106.5585,11.728],[106.5574,11.7286],[106.5562,11.7281],[106.5559,11.7289],[106.5554,11.7289],[106.5551,11.7282],[106.5544,11.7274],[106.5552,11.7254],[106.5549,11.7252],[106.5542,11.7252],[106.5535,11.7244],[106.5527,11.7246],[106.5524,11.7257],[106.5516,11.7261],[106.5507,11.7257],[106.5498,11.7267],[106.5494,11.7267],[106.5491,11.7261],[106.5481,11.726],[106.5483,11.7269],[106.5477,11.7282],[106.5469,11.7273],[106.5459,11.7283],[106.5451,11.728],[106.5445,11.7296],[106.5435,11.7288],[106.543,11.7288],[106.5431,11.7302],[106.5428,11.7304],[106.5419,11.7295],[106.542,11.7279],[106.5389,11.7273],[106.5375,11.7263],[106.537,11.7274],[106.5354,11.7271],[106.5333,11.7285],[106.5315,11.7285],[106.529,11.7264],[106.5267,11.7274],[106.5262,11.7267],[106.5268,11.7255],[106.5264,11.7244],[106.526,11.7242],[106.5254,11.7247],[106.5248,11.7246],[106.5229,11.7224],[106.5226,11.7225],[106.5222,11.7237],[106.5223,11.7251],[106.5221,11.7254],[106.5214,11.725],[106.5192,11.7249],[106.5169,11.7253],[106.5146,11.7238],[106.5135,11.7244],[106.5117,11.7238],[106.5105,11.7231],[106.5089,11.7237],[106.5081,11.7214],[106.5068,11.7221],[106.506,11.722],[106.5061,11.7216],[106.507,11.7215],[106.5075,11.7212],[106.5075,11.7206],[106.5065,11.7191],[106.5059,11.7186],[106.5048,11.719],[106.5043,11.7189],[106.5036,11.7175],[106.5026,11.7168],[106.5022,11.7162],[106.502,11.7153],[106.5026,11.7141],[106.502,11.713],[106.502,11.7111],[106.501,11.7101],[106.5015,11.7098],[106.5015,11.7093],[106.5,11.7082],[106.4979,11.7072],[106.498,11.7068],[106.499,11.706],[106.4991,11.7056],[106.4984,11.7048],[106.4986,11.7036],[106.4968,11.7012],[106.4959,11.7009],[106.496,11.7001],[106.4967,11.6991],[106.4981,11.6999],[106.4986,11.6993],[106.5,11.699],[106.5008,11.6983],[106.5023,11.6987],[106.5028,11.6983],[106.5035,11.6984],[106.5038,11.6976],[106.5048,11.698],[106.5049,11.6984],[106.5063,11.6988],[106.5066,11.6987],[106.5069,11.6977],[106.5079,11.6978],[106.5083,11.6976],[106.5088,11.6978],[106.5112,11.6969],[106.5119,11.6974],[106.5127,11.697],[106.5131,11.696],[106.5137,11.6959],[106.5137,11.6964],[106.514,11.6964],[106.5142,11.6963],[106.5142,11.6958],[106.5148,11.6957],[106.5159,11.696],[106.5162,11.6958],[106.5172,11.6961],[106.5177,11.6959],[106.5178,11.6964],[106.5191,11.6969],[106.5204,11.6963],[106.5208,11.6967],[106.5211,11.6964],[106.5219,11.6966],[106.5223,11.6962],[106.5224,11.6957],[106.5235,11.6952],[106.5242,11.6954],[106.5248,11.695],[106.5255,11.6953],[106.5261,11.695],[106.5285,11.6957],[106.5303,11.6942],[106.5305,11.6933],[106.5309,11.6928],[106.5317,11.6931],[106.5329,11.6922],[106.5342,11.6898],[106.5357,11.6905],[106.5369,11.6905],[106.5381,11.6899],[106.5383,11.6886],[106.5379,11.6875],[106.5384,11.6864],[106.538,11.6854],[106.5385,11.685],[106.5385,11.6839],[106.5399,11.6833],[106.5399,11.6829],[106.5404,11.6827],[106.5414,11.6825],[106.543,11.6826],[106.5437,11.6835],[106.5446,11.6829],[106.5451,11.6814],[106.5523,11.6836],[106.5545,11.6828],[106.5593,11.6843],[106.5599,11.6842],[106.5591,11.682],[106.5609,11.6761],[106.5648,11.6773],[106.5655,11.6742],[106.566,11.6732],[106.5661,11.6718],[106.5678,11.6727],[106.5685,11.6727],[106.5691,11.6719],[106.5704,11.6716],[106.573,11.6717],[106.574,11.6708],[106.576,11.67],[106.5764,11.6703],[106.5768,11.67],[106.5771,11.6703],[106.5776,11.6701],[106.5779,11.6705],[106.5784,11.6703],[106.5834,11.6703],[106.5838,11.6706],[106.587,11.6707],[106.5877,11.6705],[106.5883,11.6698],[106.589,11.67],[106.59,11.6696],[106.591,11.6697],[106.5934,11.6693],[106.5968,11.6708],[106.5982,11.672],[106.6001,11.6717],[106.6007,11.6708],[106.6013,11.671],[106.6016,11.6708],[106.6024,11.6712],[106.604,11.6682],[106.6074,11.6683],[106.6126,11.6655],[106.6126,11.6643],[106.6119,11.6627],[106.6121,11.6613],[106.6111,11.66],[106.6082,11.6517],[106.6107,11.6514],[106.6134,11.6508],[106.616,11.6508],[106.6175,11.6526],[106.6188,11.6535],[106.6196,11.6546],[106.6206,11.6552],[106.6218,11.6555],[106.6265,11.6554],[106.6279,11.6555],[106.6302,11.6564],[106.6326,11.6564],[106.6339,11.657],[106.6338,11.6583],[106.6331,11.6593],[106.6328,11.6604],[106.6338,11.6644],[106.6371,11.669],[106.6319,11.6747],[106.6318,11.6823],[106.631,11.6841],[106.6349,11.6893],[106.6359,11.6912],[106.6384,11.6928],[106.6394,11.6941],[106.6406,11.6944],[106.6404,11.6953],[106.6425,11.6966],[106.6437,11.6986],[106.644,11.6997],[106.6451,11.7],[106.6457,11.7015],[106.6456,11.7027],[106.6463,11.703],[106.6466,11.7053],[106.6463,11.7073],[106.6465,11.7077],[106.6464,11.7085],[106.6456,11.7088],[106.645,11.7086],[106.645,11.7092],[106.6422,11.7103],[106.6422,11.7106],[106.6412,11.7122],[106.6413,11.7126],[106.6408,11.7132],[106.6407,11.7145],[106.641,11.7148],[106.6416,11.7149],[106.6418,11.7159],[106.6416,11.7175],[106.6419,11.7174],[106.642,11.7179],[106.6417,11.7189],[106.6413,11.7188],[106.6405,11.7194],[106.6408,11.72],[106.6404,11.7197],[106.6401,11.7202],[106.6394,11.72],[106.6398,11.7206],[106.6388,11.7206],[106.6389,11.7209],[106.6384,11.721],[106.6383,11.7215],[106.6376,11.7214],[106.637,11.7225],[106.6361,11.7226],[106.6358,11.7232],[106.6352,11.7229],[106.6347,11.7237],[106.6339,11.7242],[106.6329,11.7244],[106.6323,11.7236],[106.632,11.7237],[106.631,11.7232],[106.6296,11.7242],[106.6286,11.7243],[106.628,11.724],[106.6282,11.7244],[106.6276,11.7248],[106.6268,11.7245],[106.6259,11.7246],[106.6261,11.7251],[106.6258,11.7254],[106.6246,11.7248],[106.6229,11.7264],[106.6234,11.7266],[106.6234,11.7269],[106.6227,11.7269],[106.6221,11.7274],[106.6218,11.727],[106.6211,11.7279],[106.6212,11.729],[106.6204,11.7288],[106.6199,11.7294],[106.6197,11.7286],[106.6181,11.7286],[106.618,11.7288],[106.6187,11.7299],[106.618,11.7298],[106.618,11.7306],[106.6172,11.7312],[106.6166,11.7308],[106.6158,11.731],[106.6162,11.7315],[106.616,11.7322],[106.615,11.7332],[106.615,11.7337],[106.6153,11.734],[106.6163,11.7339],[106.6153,11.7348],[106.6156,11.7377]]]},"properties":{"code":"25333","name":"An Lộc","nameEn":"An Loc","fullName":"Phường An Lộc","fullNameEn":"An Loc Ward","codeName":"an_loc","postalCode":"67863","postalCodePrefix":"","gisServerId":"diaphanhanhchinhcapxa_2025.2291","areaKm2":88.7},"id":"25333"},
{"type":"Feature","geometry":{"type":"Polygon","coordinates":[[[106.7533,11.7797],[106.7531,11.7806],[106.7526,11.7811],[106.7496,11.7813],[106.7432,11.7836],[106.7426,11.783],[106.7427,11.7821],[106.7409,11.7821],[106.7318,11.7794],[106.7232,11.7786],[106.7006,11.7746],[106.6991,11.775],[106.6984,11.7745],[106.697,11.7746],[106.6967,11.7753],[106.6957,11.7757],[106.6941,11.7745],[106.6923,11.7749],[106.6908,11.7745],[106.6906,11.7749],[106.6899,11.7748],[106.6892,11.7742],[106.687,11.7744],[106.6867,11.7735],[106.6856,11.7729],[106.6855,11.7724],[106.6843,11.7718],[106.6839,11.7708],[106.6807,11.7702],[106.6785,11.7703],[106.6774,11.77],[106.6774,11.7689],[106.6776,11.7688],[106.6762,11.7655],[106.6771,11.7624],[106.6767,11.7614],[106.6742,11.7598],[106.6732,11.7595],[106.6721,11.76],[106.6711,11.7593],[106.6703,11.7593],[106.6695,11.7578],[106.6661,11.758],[106.6655,11.7585],[106.6645,11.7582],[106.6619,11.7538],[106.6623,11.7521],[106.6631,11.7516],[106.6631,11.7513],[106.6623,11.7513],[106.6619,11.7505],[106.6608,11.75],[106.6595,11.7498],[106.6597,11.7493],[106.6592,11.7492],[106.659,11.7486],[106.6595,11.7484],[106.6587,11.7475],[106.6576,11.7469],[106.6568,11.7466],[106.6565,11.747],[106.6557,11.7467],[106.6545,11.7482],[106.6536,11.7478],[106.6531,11.7482],[106.6523,11.7476],[106.6516,11.7476],[106.6514,11.748],[106.651,11.7478],[106.6504,11.748],[106.6497,11.7476],[106.6485,11.7463],[106.648,11.7464],[106.648,11.746],[106.6473,11.7463],[106.6471,11.746],[106.6463,11.7459],[106.6462,11.7455],[106.6459,11.7458],[106.6456,11.7455],[106.6453,11.746],[106.6442,11.7467],[106.6444,11.7475],[106.6439,11.7481],[106.6434,11.7482],[106.643,11.7487],[106.6427,11.7486],[106.6426,11.7489],[106.6422,11.7489],[106.6407,11.7498],[106.6403,11.7497],[106.6401,11.7494],[106.6397,11.7498],[106.6391,11.7497],[106.6383,11.7491],[106.6375,11.749],[106.6371,11.7484],[106.6358,11.749],[106.6358,11.7482],[106.6353,11.7484],[106.6347,11.748],[106.6343,11.7483],[106.6339,11.7477],[106.6333,11.748],[106.6325,11.7477],[106.6317,11.7479],[106.6317,11.7473],[106.6313,11.7474],[106.631,11.7469],[106.6296,11.7464],[106.6283,11.7454],[106.6281,11.7449],[106.6275,11.7448],[106.6273,11.7444],[106.6266,11.7447],[106.6241,11.7417],[106.6234,11.7419],[106.6233,11.7413],[106.6224,11.7401],[106.6214,11.7405],[106.6206,11.7398],[106.6203,11.739],[106.6196,11.7391],[106.6192,11.7384],[106.6184,11.7384],[106.6177,11.7371],[106.6172,11.7373],[106.6166,11.7369],[106.6156,11.7377],[106.6153,11.7348],[106.6163,11.7339],[106.6153,11.734],[106.615,11.7337],[106.615,11.7332],[106.616,11.7322],[106.6162,11.7315],[106.6158,11.731],[106.6166,11.7308],[106.6172,11.7312],[106.618,11.7306],[106.618,11.7298],[106.6187,11.7299],[106.618,11.7288],[106.6181,11.7286],[106.6197,11.7286],[106.6199,11.7294],[106.6204,11.7288],[106.6212,11.729],[106.6211,11.7279],[106.6218,11.727],[106.6221,11.7274],[106.6227,11.7269],[106.6234,11.7269],[106.6234,11.7266],[106.6229,11.7264],[106.6246,11.7248],[106.6258,11.7254],[106.6261,11.7251],[106.6259,11.7246],[106.6268,11.7245],[106.6276,11.7248],[106.6282,11.7244],[106.628,11.724],[106.6286,11.7243],[106.6296,11.7242],[106.631,11.7232],[106.632,11.7237],[106.6323,11.7236],[106.6329,11.7244],[106.6339,11.7242],[106.6347,11.7237],[106.6352,11.7229],[106.6358,11.7232],[106.6361,11.7226],[106.637,11.7225],[106.6376,11.7214],[106.6383,11.7215],[106.6384,11.721],[106.6389,11.7209],[106.6388,11.7206],[106.6398,11.7206],[106.6394,11.72],[106.6401,11.7202],[106.6404,11.7197],[106.6408,11.72],[106.6405,11.7194],[106.6413,11.7188],[106.6417,11.7189],[106.642,11.7179],[106.6419,11.7174],[106.6416,11.7175],[106.6418,11.7159],[106.6416,11.7149],[106.641,11.7148],[106.6407,11.7145],[106.6408,11.7132],[106.6413,11.7126],[106.6412,11.7122],[106.6422,11.7106],[106.6422,11.7103],[106.645,11.7092],[106.645,11.7086],[106.6456,11.7088],[106.6464,11.7085],[106.6465,11.7077],[106.6463,11.7073],[106.6466,11.7053],[106.6463,11.703],[106.6456,11.7027],[106.6457,11.7015],[106.6451,11.7],[106.644,11.6997],[106.6437,11.6986],[106.6425,11.6966],[106.6447,11.6953],[106.6569,11.6953],[106.6567,11.6766],[106.6571,11.6762],[106.6584,11.6773],[106.6612,11.6812],[106.6622,11.6821],[106.662,11.6826],[106.6625,11.6826],[106.6629,11.6832],[106.6635,11.6835],[106.6658,11.6836],[106.6667,11.684],[106.6685,11.6863],[106.6704,11.6878],[106.6723,11.6884],[106.6728,11.6882],[106.6741,11.6888],[106.6758,11.6888],[106.6761,11.6892],[106.6776,11.6895],[106.6791,11.6902],[106.6793,11.6907],[106.6798,11.6906],[106.6805,11.6921],[106.6815,11.6927],[106.6817,11.6932],[106.6822,11.6932],[106.6822,11.6937],[106.6827,11.6937],[106.6826,11.694],[106.683,11.694],[106.6828,11.6944],[106.6832,11.6946],[106.6832,11.6952],[106.6846,11.6955],[106.6846,11.6962],[106.6855,11.6971],[106.6856,11.6975],[106.6853,11.698],[106.6857,11.6982],[106.6851,11.6983],[106.6854,11.6993],[106.6848,11.6998],[106.6851,11.7],[106.6852,11.7005],[106.685,11.7018],[106.6857,11.7018],[106.6859,11.7027],[106.6863,11.7024],[106.6864,11.703],[106.6868,11.7034],[106.6871,11.7031],[106.688,11.7034],[106.6886,11.7029],[106.6888,11.7035],[106.6893,11.7037],[106.6902,11.7032],[106.6907,11.7034],[106.6909,11.7029],[106.6914,11.7031],[106.6927,11.7029],[106.6936,11.7036],[106.6956,11.7032],[106.6961,11.7023],[106.697,11.7025],[106.6973,11.7021],[106.698,11.7025],[106.6987,11.7015],[106.6994,11.7016],[106.7001,11.7011],[106.7015,11.7014],[106.7013,11.6999],[106.7021,11.6998],[106.7022,11.6991],[106.7028,11.6998],[106.7034,11.6999],[106.7035,11.7005],[106.7043,11.7006],[106.7043,11.7012],[106.7049,11.7012],[106.7057,11.7023],[106.7066,11.702],[106.7073,11.7025],[106.708,11.7023],[106.7088,11.7028],[106.7096,11.7026],[106.7106,11.7017],[106.7119,11.7024],[106.7124,11.7017],[106.7129,11.7024],[106.7139,11.7029],[106.7142,11.7003],[106.7139,11.6986],[106.7115,11.6978],[106.7107,11.6969],[106.7086,11.6969],[106.708,11.6961],[106.7059,11.6948],[106.7041,11.6938],[106.7018,11.6931],[106.6999,11.6919],[106.6916,11.6722],[106.6916,11.6699],[106.6921,11.6664],[106.6904,11.6634],[106.6876,11.6619],[106.6889,11.6612],[106.6913,11.6582],[106.6913,11.6406],[106.6911,11.6401],[106.6884,11.6401],[106.688,11.6398],[106.6876,11.6393],[106.6875,11.6359],[106.6867,11.6357],[106.6869,11.6162],[106.6879,11.6161],[106.6882,11.6157],[106.6888,11.6157],[106.6891,11.6144],[106.689,11.6123],[106.6895,11.612],[106.6897,11.6115],[106.6894,11.6114],[106.6893,11.6104],[106.6899,11.6102],[106.6899,11.6098],[106.6902,11.6095],[106.6901,11.6089],[106.691,11.609],[106.6907,11.6087],[106.691,11.6084],[106.691,11.6081],[106.6919,11.6076],[106.6928,11.6066],[106.6936,11.6064],[106.6937,11.606],[106.6944,11.6056],[106.6941,11.6053],[106.6944,11.6048],[106.6948,11.6015],[106.6971,11.6004],[106.6974,11.5995],[106.698,11.5994],[106.6986,11.5989],[106.6998,11.5965],[106.701,11.5964],[106.7012,11.5959],[106.7017,11.5958],[106.7018,11.5951],[106.7021,11.5953],[106.7028,11.5953],[106.7031,11.5946],[106.7039,11.596],[106.7063,11.5955],[106.7066,11.5948],[106.7064,11.5944],[106.7069,11.5941],[106.7077,11.591],[106.7082,11.5913],[106.7084,11.5907],[106.7089,11.591],[106.7095,11.5906],[106.7099,11.591],[106.71,11.5907],[106.7109,11.5912],[106.7114,11.591],[106.7118,11.5919],[106.7134,11.5917],[106.7144,11.5909],[106.715,11.5908],[106.7154,11.5904],[106.7162,11.5908],[106.7166,11.5899],[106.7171,11.5898],[106.7176,11.5889],[106.7181,11.5888],[106.7187,11.5884],[106.7194,11.5883],[106.7198,11.5876],[106.7211,11.5871],[106.7212,11.5865],[106.7219,11.5863],[106.7235,11.587],[106.7234,11.5866],[106.7238,11.5866],[106.7241,11.586],[106.7246,11.5864],[106.7258,11.5893],[106.7268,11.5907],[106.7267,11.591],[106.7271,11.5917],[106.7281,11.5971],[106.7287,11.5984],[106.7302,11.5981],[106.7339,11.5989],[106.7357,11.599],[106.7379,11.5978],[106.7382,11.5983],[106.7386,11.5985],[106.7395,11.6006],[106.7408,11.6013],[106.7412,11.6019],[106.7416,11.602],[106.7417,11.6017],[106.7425,11.6025],[106.7441,11.6026],[106.7443,11.603],[106.7455,11.6029],[106.746,11.6037],[106.7468,11.6033],[106.7473,11.6039],[106.7475,11.6035],[106.748,11.604],[106.7483,11.6035],[106.7485,11.6034],[106.7492,11.6038],[106.7493,11.6041],[106.7503,11.6033],[106.7505,11.6029],[106.7513,11.6034],[106.7535,11.6034],[106.7537,11.6028],[106.7554,11.6023],[106.7554,11.6017],[106.7559,11.6012],[106.7567,11.6011],[106.7567,11.6007],[106.7571,11.6006],[106.7573,11.6],[106.7578,11.6],[106.7581,11.5995],[106.7587,11.6003],[106.7591,11.6],[106.7593,11.5997],[106.7592,11.599],[106.7599,11.5983],[106.7617,11.5982],[106.7621,11.5979],[106.7627,11.5984],[106.7623,11.5988],[106.7623,11.5993],[106.7627,11.5991],[106.7628,11.5987],[106.7631,11.5989],[106.7636,11.5985],[106.763,11.598],[106.7631,11.5975],[106.7644,11.5977],[106.7651,11.5973],[106.7661,11.5978],[106.7655,11.5987],[106.7658,11.5994],[106.7679,11.5999],[106.769,11.6007],[106.7689,11.602],[106.768,11.6042],[106.7681,11.605],[106.7687,11.6056],[106.7704,11.6061],[106.7716,11.6061],[106.7751,11.6043],[106.7762,11.6046],[106.777,11.6054],[106.7767,11.6066],[106.7761,11.6073],[106.776,11.6087],[106.7784,11.614],[106.7785,11.6151],[106.7778,11.6161],[106.7766,11.6164],[106.7751,11.6164],[106.7741,11.6174],[106.7739,11.6184],[106.7747,11.62],[106.7748,11.6209],[106.773,11.6233],[106.7726,11.6243],[106.7731,11.628],[106.7728,11.6313],[106.7735,11.6323],[106.7772,11.6321],[106.778,11.6324],[106.7785,11.6331],[106.7786,11.636],[106.7799,11.639],[106.7787,11.6413],[106.7787,11.6439],[106.7792,11.6449],[106.7808,11.6457],[106.7816,11.6463],[106.7827,11.6494],[106.7826,11.6502],[106.782,11.651],[106.7786,11.6535],[106.7783,11.6551],[106.7789,11.6564],[106.7813,11.6582],[106.7816,11.6592],[106.7809,11.6599],[106.7798,11.66],[106.7779,11.6598],[106.7773,11.66],[106.7767,11.6608],[106.7757,11.6632],[106.7733,11.6646],[106.772,11.6667],[106.7708,11.6673],[106.7673,11.6684],[106.7646,11.6698],[106.7645,11.6707],[106.7651,11.6715],[106.7675,11.672],[106.7686,11.6725],[106.7693,11.6731],[106.7695,11.6739],[106.7688,11.6757],[106.7654,11.6806],[106.7643,11.6826],[106.7592,11.6857],[106.7574,11.6872],[106.7504,11.6883],[106.7487,11.6888],[106.7469,11.6896],[106.7448,11.6916],[106.743,11.6947],[106.7416,11.6967],[106.7411,11.698],[106.7414,11.6993],[106.7421,11.6998],[106.746,11.7011],[106.7467,11.7024],[106.7469,11.7037],[106.7476,11.7053],[106.749,11.7067],[106.7521,11.7087],[106.7536,11.7106],[106.755,11.7115],[106.7559,11.7128],[106.7561,11.7136],[106.7557,11.7145],[106.754,11.7156],[106.7513,11.7168],[106.7509,11.7175],[106.7511,11.7183],[106.7557,11.7223],[106.7607,11.7222],[106.7615,11.7224],[106.7622,11.7231],[106.763,11.7257],[106.766,11.7264],[106.7676,11.7277],[106.7677,11.7293],[106.7648,11.7317],[106.7645,11.7325],[106.7654,11.7333],[106.7671,11.7337],[106.7684,11.7344],[106.7695,11.7354],[106.7696,11.7371],[106.7689,11.7382],[106.7652,11.7395],[106.7644,11.7412],[106.7645,11.743],[106.764,11.7454],[106.7623,11.7473],[106.7606,11.7499],[106.7592,11.7522],[106.7582,11.7546],[106.7577,11.7574],[106.7582,11.7594],[106.7576,11.7636],[106.7563,11.7664],[106.7564,11.7678],[106.7543,11.7749],[106.7529,11.778],[106.7528,11.779],[106.7533,11.7797]]]},"properties":{"code":"25345","name":"Tân Hưng","nameEn":"Tan Hung","fullName":"Xã Tân Hưng","fullNameEn":"Tan Hung Commune","codeName":"tan_hung","postalCode":"67809","postalCodePrefix":"","gisServerId":"diaphanhanhchinhcapxa_2025.2292","areaKm2":204.7},"id":"25345"},
{"type":"Feature","geometry":{"type":"Polygon","coordinates":[[[106.5661,11.6718],[106.566,11.6732],[106.5655,11.6742],[106.5648,11.6773],[106.5609,11.6761],[106.5591,11.682],[106.5599,11.6842],[106.5593,11.6843],[106.5545,11.6828],[106.5523,11.6836],[106.5451,11.6814],[106.5446,11.6829],[106.5437,11.6835],[106.543,11.6826],[106.5414,11.6825],[106.5404,11.6827],[106.5399,11.6829],[106.5399,11.6833],[106.5385,11.6839],[106.5385,11.685],[106.538,11.6854],[106.5384,11.6864],[106.5379,11.6875],[106.5383,11.6886],[106.5381,11.6899],[106.5369,11.6905],[106.5357,11.6905],[106.5342,11.6898],[106.5329,11.6922],[106.5317,11.6931],[106.5309,11.6928],[106.5305,11.6933],[106.5303,11.6942],[106.5285,11.6957],[106.5261,11.695],[106.5255,11.6953],[106.5248,11.695],[106.5242,11.6954],[106.5235,11.6952],[106.5224,11.6957],[106.5223,11.6962],[106.5219,11.6966],[106.5211,11.6964],[106.5208,11.6967],[106.5204,11.6963],[106.5191,11.6969],[106.5178,11.6964],[106.5177,11.6959],[106.5172,11.6961],[106.5162,11.6958],[106.5159,11.696],[106.5148,11.6957],[106.5142,11.6958],[106.5142,11.6963],[106.514,11.6964],[106.5137,11.6964],[106.5137,11.6959],[106.5131,11.696],[106.5127,11.697],[106.5119,11.6974],[106.5112,11.6969],[106.5088,11.6978],[106.5083,11.6976],[106.5079,11.6978],[106.5069,11.6977],[106.5066,11.6987],[106.5063,11.6988],[106.5049,11.6984],[106.5048,11.698],[106.5038,11.6976],[106.5035,11.6984],[106.5028,11.6983],[106.5023,11.6987],[106.5008,11.6983],[106.5,11.699],[106.4986,11.6993],[106.4981,11.6999],[106.4967,11.6991],[106.4957,11.6973],[106.4945,11.6966],[106.4925,11.6969],[106.4913,11.6959],[106.4903,11.6968],[106.4903,11.6953],[106.4888,11.6961],[106.4881,11.6962],[106.4876,11.6956],[106.4872,11.6945],[106.4881,11.6927],[106.4879,11.6924],[106.4846,11.6921],[106.483,11.6932],[106.4817,11.6936],[106.4815,11.6947],[106.4809,11.6949],[106.4805,11.6945],[106.4804,11.6923],[106.4799,11.6923],[106.4791,11.6931],[106.4779,11.6924],[106.4767,11.6929],[106.4751,11.6924],[106.4746,11.6928],[106.4741,11.6942],[106.4734,11.6943],[106.4727,11.6939],[106.4726,11.6934],[106.4737,11.6913],[106.4725,11.6901],[106.4723,11.6889],[106.4714,11.6891],[106.4705,11.6906],[106.4696,11.6907],[106.4689,11.6895],[106.4691,11.6877],[106.4682,11.6878],[106.4674,11.6893],[106.4665,11.6891],[106.4656,11.6885],[106.4653,11.6879],[106.4655,11.6867],[106.4661,11.6842],[106.4666,11.6831],[106.4656,11.6829],[106.4642,11.6835],[106.4637,11.6831],[106.4645,11.6818],[106.4662,11.6803],[106.4662,11.6797],[106.4655,11.6784],[106.4634,11.6765],[106.4641,11.6751],[106.4656,11.6741],[106.466,11.6725],[106.4656,11.6724],[106.4634,11.673],[106.4629,11.6727],[106.4627,11.6723],[106.4637,11.6713],[106.4637,11.6706],[106.4622,11.67],[106.462,11.6712],[106.4608,11.6707],[106.4599,11.6708],[106.4591,11.6701],[106.459,11.667],[106.4584,11.666],[106.4587,11.6644],[106.4579,11.6635],[106.4581,11.663],[106.4587,11.6626],[106.461,11.6621],[106.461,11.6617],[106.4604,11.6617],[106.4597,11.6612],[106.4616,11.6602],[106.4619,11.6598],[106.4615,11.6597],[106.461,11.6588],[106.4593,11.6581],[106.4591,11.6582],[106.4591,11.6589],[106.4589,11.6591],[106.4569,11.6578],[106.4554,11.6576],[106.455,11.6571],[106.4543,11.6546],[106.4531,11.6541],[106.4531,11.6538],[106.4555,11.6524],[106.4578,11.6519],[106.4593,11.6506],[106.4598,11.6498],[106.46,11.6487],[106.4584,11.6457],[106.4585,11.6448],[106.4612,11.642],[106.4646,11.6394],[106.4639,11.6371],[106.4618,11.6338],[106.4624,11.6334],[106.4651,11.6335],[106.4659,11.633],[106.466,11.6317],[106.4651,11.6295],[106.4664,11.6269],[106.466,11.6259],[106.4638,11.6243],[106.4634,11.6236],[106.4643,11.6225],[106.466,11.6227],[106.4665,11.6214],[106.4664,11.6198],[106.4686,11.619],[106.4696,11.6152],[106.4688,11.6141],[106.4694,11.6137],[106.4726,11.6138],[106.475,11.6127],[106.4764,11.6137],[106.4769,11.6136],[106.477,11.6132],[106.4758,11.612],[106.4758,11.6106],[106.4765,11.6102],[106.4778,11.6108],[106.479,11.6107],[106.4815,11.61],[106.4817,11.6098],[106.4814,11.6081],[106.4818,11.6062],[106.4843,11.6053],[106.4866,11.6036],[106.4865,11.603],[106.4857,11.6021],[106.4851,11.6004],[106.4841,11.5988],[106.4838,11.5976],[106.4826,11.5974],[106.4825,11.5964],[106.483,11.5943],[106.4845,11.593],[106.4859,11.5907],[106.4866,11.5883],[106.4868,11.5846],[106.4878,11.5838],[106.4894,11.5832],[106.4891,11.5816],[106.4905,11.5799],[106.4901,11.5791],[106.489,11.5786],[106.4886,11.5786],[106.4876,11.5796],[106.4868,11.5796],[106.4862,11.5792],[106.4858,11.578],[106.4865,11.5771],[106.4884,11.5762],[106.489,11.5745],[106.4901,11.5731],[106.4904,11.5705],[106.4893,11.569],[106.4881,11.5683],[106.4878,11.5655],[106.4857,11.5647],[106.4858,11.5617],[106.4824,11.5601],[106.4824,11.5595],[106.4827,11.5591],[106.4843,11.558],[106.4837,11.5571],[106.4824,11.5573],[106.4818,11.557],[106.4823,11.5555],[106.4823,11.5548],[106.4816,11.5546],[106.4811,11.5558],[106.4807,11.556],[106.4804,11.5559],[106.4805,11.5509],[106.48,11.5488],[106.4808,11.5473],[106.4824,11.5479],[106.4834,11.5495],[106.485,11.5499],[106.4865,11.5493],[106.4876,11.5484],[106.4896,11.5483],[106.4903,11.5475],[106.4913,11.5478],[106.4928,11.546],[106.4936,11.5461],[106.4943,11.5469],[106.4951,11.5467],[106.4957,11.5459],[106.4962,11.5459],[106.4969,11.5465],[106.4977,11.5465],[106.4993,11.5475],[106.5002,11.5473],[106.5029,11.5474],[106.5037,11.5478],[106.5039,11.5474],[106.5044,11.5473],[106.5059,11.5485],[106.5067,11.5485],[106.5078,11.5477],[106.5081,11.548],[106.5088,11.548],[106.5087,11.5483],[106.5092,11.5486],[106.5101,11.5478],[106.5122,11.5475],[106.5136,11.5466],[106.5146,11.5466],[106.5149,11.5472],[106.5171,11.5472],[106.5183,11.5476],[106.5189,11.5473],[106.5194,11.5491],[106.5203,11.5492],[106.5204,11.5504],[106.521,11.5504],[106.5214,11.5509],[106.5218,11.5508],[106.5219,11.5512],[106.5215,11.5514],[106.5224,11.5517],[106.5229,11.5522],[106.5226,11.5526],[106.5229,11.5533],[106.5238,11.5533],[106.524,11.5539],[106.5251,11.5538],[106.5258,11.554],[106.5263,11.5551],[106.5268,11.5547],[106.5282,11.5551],[106.5284,11.5554],[106.5288,11.5551],[106.5302,11.5562],[106.5305,11.556],[106.5328,11.5576],[106.5325,11.5581],[106.5328,11.5586],[106.5327,11.5592],[106.5335,11.5596],[106.5332,11.5611],[106.5336,11.5629],[106.5349,11.5642],[106.5359,11.5645],[106.5371,11.5656],[106.5373,11.5669],[106.538,11.5674],[106.5412,11.5678],[106.5435,11.5662],[106.5444,11.5661],[106.5462,11.5664],[106.548,11.5661],[106.5506,11.5653],[106.5534,11.564],[106.5576,11.5638],[106.5594,11.5628],[106.5619,11.5621],[106.5615,11.568],[106.5626,11.5675],[106.5646,11.5676],[106.5662,11.5689],[106.5669,11.5691],[106.5675,11.5698],[106.5699,11.5707],[106.5711,11.5714],[106.5712,11.5717],[106.5753,11.5723],[106.577,11.5719],[106.5784,11.5719],[106.5821,11.5699],[106.5821,11.5716],[106.5842,11.5704],[106.5865,11.5695],[106.5962,11.5784],[106.5967,11.595],[106.5932,11.595],[106.5924,11.5958],[106.5924,11.601],[106.5914,11.601],[106.5916,11.6032],[106.5884,11.6052],[106.5854,11.608],[106.5783,11.6106],[106.5761,11.6185],[106.5745,11.6233],[106.5739,11.6259],[106.5744,11.6267],[106.5742,11.6278],[106.574,11.6282],[106.5734,11.6283],[106.573,11.629],[106.5731,11.6296],[106.5718,11.6347],[106.5693,11.6416],[106.5687,11.6458],[106.5615,11.6487],[106.5608,11.6554],[106.5589,11.6559],[106.5575,11.6558],[106.5564,11.6563],[106.5579,11.6582],[106.5581,11.658],[106.5584,11.6585],[106.5588,11.6615],[106.5608,11.6617],[106.5593,11.6678],[106.5589,11.6678],[106.5583,11.6698],[106.5587,11.6698],[106.5589,11.6695],[106.5595,11.6704],[106.5599,11.6703],[106.5603,11.6709],[106.5608,11.6711],[106.5614,11.6709],[106.5623,11.6711],[106.5626,11.6708],[106.5634,11.6715],[106.5645,11.6712],[106.5646,11.6719],[106.5651,11.6715],[106.5655,11.6719],[106.5661,11.6718]]]},"properties":{"code":"25349","name":"Minh Đức","nameEn":"Minh Duc","fullName":"Xã Minh Đức","fullNameEn":"Minh Duc Commune","codeName":"minh_duc","postalCode":"67816","postalCodePrefix":"","gisServerId":"diaphanhanhchinhcapxa_2025.2293","areaKm2":167.1},"id":"25349"},
{"type":"Feature","geometry":{"type":"Polygon","coordinates":[[[106.7241,11.586],[106.7238,11.5866],[106.7234,11.5866],[106.7235,11.587],[106.7219,11.5863],[106.7212,11.5865],[106.7211,11.5871],[106.7198,11.5876],[106.7194,11.5883],[106.7187,11.5884],[106.7181,11.5888],[106.7176,11.5889],[106.7171,11.5898],[106.7166,11.5899],[106.7162,11.5908],[106.7154,11.5904],[106.715,11.5908],[106.7144,11.5909],[106.7134,11.5917],[106.7118,11.5919],[106.7114,11.591],[106.7109,11.5912],[106.71,11.5907],[106.7099,11.591],[106.7095,11.5906],[106.7089,11.591],[106.7084,11.5907],[106.7082,11.5913],[106.7077,11.591],[106.7069,11.5941],[106.7064,11.5944],[106.7066,11.5948],[106.7063,11.5955],[106.7039,11.596],[106.7031,11.5946],[106.7028,11.5953],[106.7021,11.5953],[106.7018,11.5951],[106.7017,11.5958],[106.7012,11.5959],[106.701,11.5964],[106.6998,11.5965],[106.6986,11.5989],[106.698,11.5994],[106.6974,11.5995],[106.6971,11.6004],[106.6948,11.6015],[106.6944,11.6048],[106.6941,11.6053],[106.6944,11.6056],[106.6937,11.606],[106.6936,11.6064],[106.6928,11.6066],[106.6919,11.6076],[106.691,11.6081],[106.691,11.6084],[106.6907,11.6087],[106.691,11.609],[106.6901,11.6089],[106.6902,11.6095],[106.6899,11.6098],[106.6899,11.6102],[106.6893,11.6104],[106.6894,11.6114],[106.6897,11.6115],[106.6895,11.612],[106.689,11.6123],[106.6891,11.6144],[106.6888,11.6157],[106.6882,11.6157],[106.6879,11.6161],[106.6869,11.6162],[106.6867,11.6357],[106.6875,11.6359],[106.6876,11.6393],[106.688,11.6398],[106.6884,11.6401],[106.6911,11.6401],[106.6913,11.6406],[106.6913,11.6582],[106.6889,11.6612],[106.6876,11.6619],[106.6904,11.6634],[106.6921,11.6664],[106.6916,11.6699],[106.6916,11.6722],[106.6999,11.6919],[106.7018,11.6931],[106.7041,11.6938],[106.7059,11.6948],[106.708,11.6961],[106.7086,11.6969],[106.7107,11.6969],[106.7115,11.6978],[106.7139,11.6986],[106.7142,11.7003],[106.7139,11.7029],[106.7129,11.7024],[106.7124,11.7017],[106.7119,11.7024],[106.7106,11.7017],[106.7096,11.7026],[106.7088,11.7028],[106.708,11.7023],[106.7073,11.7025],[106.7066,11.702],[106.7057,11.7023],[106.7049,11.7012],[106.7043,11.7012],[106.7043,11.7006],[106.7035,11.7005],[106.7034,11.6999],[106.7028,11.6998],[106.7022,11.6991],[106.7021,11.6998],[106.7013,11.6999],[106.7015,11.7014],[106.7001,11.7011],[106.6994,11.7016],[106.6987,11.7015],[106.698,11.7025],[106.6973,11.7021],[106.697,11.7025],[106.6961,11.7023],[106.6956,11.7032],[106.6936,11.7036],[106.6927,11.7029],[106.6914,11.7031],[106.6909,11.7029],[106.6907,11.7034],[106.6902,11.7032],[106.6893,11.7037],[106.6888,11.7035],[106.6886,11.7029],[106.688,11.7034],[106.6871,11.7031],[106.6868,11.7034],[106.6864,11.703],[106.6863,11.7024],[106.6859,11.7027],[106.6857,11.7018],[106.685,11.7018],[106.6852,11.7005],[106.6851,11.7],[106.6848,11.6998],[106.6854,11.6993],[106.6851,11.6983],[106.6857,11.6982],[106.6853,11.698],[106.6856,11.6975],[106.6855,11.6971],[106.6846,11.6962],[106.6846,11.6955],[106.6832,11.6952],[106.6832,11.6946],[106.6828,11.6944],[106.683,11.694],[106.6826,11.694],[106.6827,11.6937],[106.6822,11.6937],[106.6822,11.6932],[106.6817,11.6932],[106.6815,11.6927],[106.6805,11.6921],[106.6798,11.6906],[106.6793,11.6907],[106.6791,11.6902],[106.6776,11.6895],[106.6761,11.6892],[106.6758,11.6888],[106.6741,11.6888],[106.6728,11.6882],[106.6723,11.6884],[106.6704,11.6878],[106.6685,11.6863],[106.6667,11.684],[106.6658,11.6836],[106.6635,11.6835],[106.6629,11.6832],[106.6625,11.6826],[106.662,11.6826],[106.6622,11.6821],[106.6612,11.6812],[106.6584,11.6773],[106.6571,11.6762],[106.6567,11.6766],[106.6569,11.6953],[106.6447,11.6953],[106.6425,11.6966],[106.6404,11.6953],[106.6406,11.6944],[106.6394,11.6941],[106.6384,11.6928],[106.6359,11.6912],[106.6349,11.6893],[106.631,11.6841],[106.6318,11.6823],[106.6319,11.6747],[106.6371,11.669],[106.6338,11.6644],[106.6328,11.6604],[106.6331,11.6593],[106.6338,11.6583],[106.6339,11.657],[106.6326,11.6564],[106.6302,11.6564],[106.6279,11.6555],[106.6265,11.6554],[106.6264,11.6526],[106.6269,11.6526],[106.6266,11.6441],[106.6233,11.6438],[106.6236,11.6428],[106.6235,11.6423],[106.6224,11.6419],[106.6228,11.6395],[106.6224,11.6375],[106.6223,11.6356],[106.6234,11.6339],[106.6234,11.6318],[106.6374,11.6311],[106.6364,11.6303],[106.6355,11.6291],[106.6352,11.6276],[106.6334,11.6232],[106.6336,11.6229],[106.6327,11.622],[106.633,11.6211],[106.631,11.6176],[106.6301,11.6174],[106.6293,11.616],[106.6288,11.6164],[106.6286,11.6163],[106.6285,11.6155],[106.6281,11.6153],[106.6279,11.6143],[106.627,11.6144],[106.6267,11.6138],[106.6261,11.6136],[106.6259,11.6129],[106.6248,11.6131],[106.6243,11.6124],[106.6237,11.6128],[106.623,11.6112],[106.6222,11.611],[106.6219,11.6105],[106.6218,11.61],[106.6221,11.6096],[106.6217,11.6091],[106.6221,11.6083],[106.6215,11.6071],[106.6215,11.6064],[106.6207,11.6064],[106.6208,11.6057],[106.6205,11.6055],[106.6205,11.605],[106.62,11.6055],[106.6197,11.6052],[106.6204,11.6042],[106.6212,11.6042],[106.6215,11.6037],[106.6219,11.6043],[106.6223,11.604],[106.6219,11.6033],[106.6221,11.6029],[106.6215,11.6022],[106.6216,11.6013],[106.6214,11.6005],[106.6207,11.6003],[106.6205,11.5992],[106.6205,11.5989],[106.6217,11.5977],[106.6218,11.596],[106.6222,11.5956],[106.6222,11.594],[106.6216,11.5933],[106.6199,11.5935],[106.619,11.5924],[106.6179,11.5929],[106.6169,11.5926],[106.6146,11.5902],[106.6151,11.5894],[106.6143,11.5895],[106.6138,11.5889],[106.6138,11.5882],[106.6147,11.5869],[106.6132,11.5866],[106.6132,11.5853],[106.6136,11.5851],[106.6138,11.5842],[106.6152,11.5846],[106.6149,11.5833],[106.6151,11.5824],[106.6148,11.582],[106.6158,11.5809],[106.6156,11.5787],[106.6167,11.5783],[106.6168,11.5778],[106.6174,11.5787],[106.6178,11.5779],[106.6183,11.5778],[106.6187,11.5787],[106.6184,11.5792],[106.6184,11.5796],[106.6193,11.5803],[106.6201,11.5802],[106.6211,11.5813],[106.6221,11.5815],[106.622,11.5809],[106.623,11.5807],[106.6233,11.5809],[106.6228,11.5815],[106.6247,11.5813],[106.6253,11.5803],[106.6253,11.5794],[106.6258,11.5797],[106.626,11.579],[106.627,11.5785],[106.626,11.5782],[106.6267,11.5774],[106.6266,11.5772],[106.626,11.5772],[106.6264,11.5766],[106.6261,11.5761],[106.6272,11.5751],[106.627,11.5744],[106.6274,11.5731],[106.6272,11.5728],[106.6278,11.5729],[106.628,11.5725],[106.6276,11.5716],[106.6287,11.5712],[106.6283,11.5703],[106.6286,11.5699],[106.6293,11.5698],[106.629,11.569],[106.6292,11.5686],[106.6299,11.5681],[106.6304,11.5672],[106.6303,11.5655],[106.6311,11.5651],[106.6309,11.5645],[106.6317,11.563],[106.6325,11.563],[106.6329,11.5624],[106.6324,11.561],[106.6328,11.5608],[106.6328,11.5613],[106.6336,11.5614],[106.6343,11.5605],[106.635,11.5606],[106.6349,11.5601],[106.6346,11.5598],[106.6348,11.5595],[106.6342,11.5593],[106.6349,11.5584],[106.6344,11.5579],[106.634,11.5583],[106.6337,11.5573],[106.6342,11.557],[106.6343,11.5564],[106.635,11.5561],[106.6345,11.5556],[106.6346,11.5552],[106.635,11.5549],[106.6359,11.5548],[106.6365,11.5542],[106.6368,11.5544],[106.6371,11.5539],[106.6377,11.5542],[106.6382,11.5541],[106.6387,11.5545],[106.6392,11.5544],[106.64,11.554],[106.6395,11.5537],[106.6403,11.5528],[106.6407,11.5531],[106.6414,11.553],[106.6423,11.5524],[106.6422,11.553],[106.6424,11.5531],[106.6427,11.5523],[106.6433,11.5524],[106.644,11.5506],[106.6444,11.551],[106.6447,11.551],[106.6446,11.5499],[106.6457,11.5499],[106.6465,11.5494],[106.6465,11.5483],[106.6462,11.548],[106.6464,11.5474],[106.6467,11.5475],[106.6468,11.5481],[106.6474,11.5483],[106.6474,11.5473],[106.6482,11.5472],[106.6479,11.5455],[106.6483,11.5447],[106.6475,11.544],[106.6476,11.5434],[106.6473,11.5432],[106.6485,11.5419],[106.6493,11.5425],[106.6491,11.5416],[106.6487,11.5413],[106.6488,11.5411],[106.65,11.5412],[106.6484,11.5392],[106.6494,11.5382],[106.6483,11.5367],[106.6487,11.5356],[106.6479,11.5357],[106.6475,11.5344],[106.6468,11.5343],[106.6471,11.5337],[106.6482,11.5333],[106.6488,11.5327],[106.6484,11.5322],[106.647,11.5319],[106.6461,11.5302],[106.647,11.5303],[106.6471,11.5296],[106.6467,11.5294],[106.647,11.5291],[106.6472,11.5291],[106.6474,11.5297],[106.6479,11.5296],[106.6477,11.5275],[106.6482,11.5276],[106.6487,11.5282],[106.6494,11.5277],[106.6498,11.528],[106.6506,11.5279],[106.6511,11.5274],[106.6513,11.5266],[106.6518,11.5264],[106.6516,11.5256],[106.6536,11.5259],[106.654,11.5257],[106.6542,11.5249],[106.6532,11.5247],[106.6525,11.5236],[106.6528,11.5232],[106.6543,11.523],[106.6537,11.5214],[106.6565,11.5189],[106.6563,11.5173],[106.6566,11.5168],[106.6584,11.5178],[106.659,11.5176],[106.6598,11.5168],[106.6588,11.5151],[106.6586,11.5138],[106.658,11.5135],[106.6576,11.5138],[106.6579,11.5156],[106.6564,11.5153],[106.6564,11.5137],[106.6557,11.5123],[106.6574,11.5119],[106.658,11.5107],[106.6592,11.51],[106.6605,11.51],[106.6613,11.5104],[106.6617,11.5102],[106.6619,11.5098],[106.6613,11.5089],[106.6616,11.5084],[106.6617,11.5074],[106.6619,11.5073],[106.6625,11.5079],[106.6619,11.5082],[106.662,11.5085],[106.6632,11.5088],[106.6642,11.5071],[106.664,11.5058],[106.6653,11.5063],[106.665,11.5074],[106.6651,11.5087],[106.6643,11.5116],[106.6643,11.514],[106.664,11.5149],[106.6635,11.5152],[106.6636,11.5161],[106.6627,11.5179],[106.665,11.5192],[106.6685,11.5228],[106.6711,11.5244],[106.6721,11.5258],[106.6714,11.5277],[106.6715,11.5284],[106.6728,11.5292],[106.6752,11.5297],[106.6765,11.5306],[106.6764,11.5312],[106.677,11.5316],[106.6773,11.5338],[106.6781,11.536],[106.6807,11.5359],[106.6824,11.535],[106.6828,11.5345],[106.6849,11.5353],[106.6871,11.535],[106.6898,11.5314],[106.6936,11.5347],[106.6969,11.5362],[106.697,11.5356],[106.7001,11.5358],[106.7015,11.5343],[106.7074,11.5369],[106.7078,11.5359],[106.7096,11.5356],[106.7155,11.5379],[106.7156,11.5376],[106.7169,11.5378],[106.7174,11.5362],[106.7238,11.5375],[106.7241,11.5368],[106.7258,11.5372],[106.726,11.5369],[106.7282,11.5369],[106.73,11.5365],[106.7287,11.5393],[106.7277,11.5404],[106.7267,11.5406],[106.725,11.5416],[106.7241,11.5431],[106.724,11.5437],[106.7267,11.5461],[106.727,11.5502],[106.7288,11.5534],[106.7289,11.5546],[106.7295,11.5549],[106.73,11.5546],[106.7308,11.5548],[106.7319,11.5555],[106.7336,11.5573],[106.7341,11.558],[106.7339,11.5585],[106.7361,11.5615],[106.7394,11.5676],[106.7388,11.5684],[106.7384,11.5685],[106.7385,11.5689],[106.7375,11.5689],[106.7373,11.5697],[106.7368,11.5704],[106.7366,11.5702],[106.7357,11.5705],[106.7355,11.5702],[106.7353,11.5705],[106.735,11.5702],[106.735,11.5705],[106.7346,11.5706],[106.7344,11.5711],[106.7336,11.5716],[106.7336,11.5711],[106.7333,11.5713],[106.7329,11.571],[106.7329,11.5715],[106.7326,11.5718],[106.7323,11.5715],[106.7321,11.5716],[106.7322,11.5719],[106.7316,11.5718],[106.7312,11.5721],[106.7311,11.5717],[106.7307,11.572],[106.7304,11.5719],[106.7305,11.5714],[106.7301,11.5716],[106.7298,11.571],[106.7292,11.5714],[106.7288,11.5707],[106.7276,11.5715],[106.7272,11.571],[106.7263,11.5717],[106.7265,11.5712],[106.7263,11.5712],[106.7261,11.5716],[106.7258,11.5713],[106.7252,11.5715],[106.7251,11.5722],[106.7249,11.572],[106.7248,11.5724],[106.7239,11.5723],[106.724,11.5727],[106.7234,11.573],[106.7233,11.5738],[106.7229,11.574],[106.7231,11.5746],[106.7235,11.5751],[106.723,11.5756],[106.7232,11.5759],[106.7228,11.5765],[106.723,11.5769],[106.7226,11.5774],[106.7224,11.5784],[106.7227,11.5802],[106.7231,11.5801],[106.723,11.5806],[106.7234,11.5808],[106.7231,11.581],[106.7234,11.5816],[106.723,11.5818],[106.7239,11.5828],[106.7244,11.5828],[106.7253,11.5839],[106.7249,11.5842],[106.725,11.5848],[106.7246,11.5846],[106.7246,11.5853],[106.7241,11.586]]]},"properties":{"code":"25351","name":"Tân Quan","nameEn":"Tan Quan","fullName":"Xã Tân Quan","fullNameEn":"Tan Quan Commune","codeName":"tan_quan","postalCode":"67807","postalCodePrefix":"","gisServerId":"diaphanhanhchinhcapxa_2025.2294","areaKm2":148.3},"id":"25351"},
{"type":"Feature","geometry":{"type":"Polygon","coordinates":[[[106.6168,11.5778],[106.6152,11.5773],[106.6132,11.5781],[106.6121,11.5794],[106.609,11.5794],[106.6059,11.5802],[106.606,11.5806],[106.6022,11.5818],[106.6004,11.5813],[106.5962,11.5784],[106.5865,11.5695],[106.5842,11.5704],[106.5821,11.5716],[106.5821,11.5699],[106.5784,11.5719],[106.577,11.5719],[106.5753,11.5723],[106.5712,11.5717],[106.5711,11.5714],[106.5699,11.5707],[106.5675,11.5698],[106.5669,11.5691],[106.5662,11.5689],[106.5646,11.5676],[106.5626,11.5675],[106.5615,11.568],[106.5619,11.5621],[106.5594,11.5628],[106.5576,11.5638],[106.5534,11.564],[106.5506,11.5653],[106.548,11.5661],[106.5462,11.5664],[106.5444,11.5661],[106.5435,11.5662],[106.5412,11.5678],[106.538,11.5674],[106.5373,11.5669],[106.5371,11.5656],[106.5359,11.5645],[106.5349,11.5642],[106.5336,11.5629],[106.5332,11.5611],[106.5335,11.5596],[106.5327,11.5592],[106.5328,11.5586],[106.5325,11.5581],[106.5328,11.5576],[106.5305,11.556],[106.5302,11.5562],[106.5288,11.5551],[106.5284,11.5554],[106.5282,11.5551],[106.5268,11.5547],[106.5263,11.5551],[106.5258,11.554],[106.5251,11.5538],[106.524,11.5539],[106.5238,11.5533],[106.5229,11.5533],[106.5226,11.5526],[106.5229,11.5522],[106.5224,11.5517],[106.5215,11.5514],[106.5219,11.5512],[106.5218,11.5508],[106.5214,11.5509],[106.521,11.5504],[106.5204,11.5504],[106.5203,11.5492],[106.5194,11.5491],[106.5189,11.5473],[106.5183,11.5476],[106.5171,11.5472],[106.5149,11.5472],[106.5146,11.5466],[106.5136,11.5466],[106.5122,11.5475],[106.5101,11.5478],[106.5092,11.5486],[106.5087,11.5483],[106.5088,11.548],[106.5081,11.548],[106.5078,11.5477],[106.5067,11.5485],[106.5059,11.5485],[106.5044,11.5473],[106.5039,11.5474],[106.5037,11.5478],[106.5029,11.5474],[106.5002,11.5473],[106.4993,11.5475],[106.4977,11.5465],[106.4969,11.5465],[106.4962,11.5459],[106.4957,11.5459],[106.4951,11.5467],[106.4943,11.5469],[106.4936,11.5461],[106.4928,11.546],[106.4913,11.5478],[106.4903,11.5475],[106.4896,11.5483],[106.4876,11.5484],[106.4865,11.5493],[106.485,11.5499],[106.4834,11.5495],[106.4824,11.5479],[106.4808,11.5473],[106.4804,11.5468],[106.4796,11.5468],[106.4776,11.5476],[106.4758,11.5489],[106.4746,11.549],[106.4723,11.5481],[106.4722,11.5473],[106.4729,11.5461],[106.4728,11.5457],[106.4721,11.5459],[106.471,11.5474],[106.4699,11.5471],[106.4694,11.5465],[106.4691,11.5446],[106.4679,11.5454],[106.4676,11.5454],[106.467,11.5434],[106.4657,11.5421],[106.4648,11.5423],[106.4625,11.5448],[106.4617,11.5452],[106.4555,11.5426],[106.4536,11.5424],[106.4531,11.5425],[106.4509,11.5442],[106.4487,11.5443],[106.4477,11.5458],[106.445,11.5463],[106.4445,11.5469],[106.4439,11.547],[106.4423,11.5465],[106.4403,11.544],[106.4395,11.5435],[106.4388,11.5435],[106.4387,11.5447],[106.4381,11.5448],[106.4369,11.5432],[106.4372,11.5411],[106.4369,11.5401],[106.4343,11.54],[106.4339,11.5398],[106.4334,11.5392],[106.4339,11.538],[106.4336,11.5372],[106.433,11.5371],[106.4317,11.5378],[106.4314,11.5378],[106.4309,11.5372],[106.4308,11.5356],[106.4284,11.5355],[106.4272,11.5338],[106.4271,11.5318],[106.4284,11.5276],[106.429,11.5249],[106.429,11.5239],[106.4282,11.5211],[106.4283,11.5181],[106.4289,11.5151],[106.4298,11.5135],[106.4292,11.513],[106.4286,11.5117],[106.4286,11.5101],[106.4272,11.5103],[106.4264,11.5099],[106.4236,11.5072],[106.4235,11.5068],[106.4245,11.5049],[106.424,11.5044],[106.4235,11.5049],[106.4231,11.5046],[106.4217,11.4978],[106.4232,11.4956],[106.4278,11.4963],[106.4289,11.4967],[106.4324,11.5001],[106.4346,11.501],[106.4374,11.5006],[106.4416,11.4988],[106.4439,11.4984],[106.445,11.4987],[106.4465,11.4996],[106.4474,11.4998],[106.4538,11.4983],[106.4554,11.4986],[106.4606,11.4987],[106.4619,11.4985],[106.4626,11.4988],[106.465,11.4989],[106.468,11.4979],[106.4687,11.4976],[106.4691,11.4967],[106.4704,11.4962],[106.4731,11.4964],[106.4749,11.4958],[106.4758,11.4961],[106.4767,11.4956],[106.4791,11.4974],[106.4807,11.4973],[106.4811,11.4986],[106.482,11.4993],[106.4832,11.499],[106.484,11.4981],[106.4849,11.4979],[106.4863,11.498],[106.4891,11.4996],[106.4896,11.4993],[106.4901,11.4978],[106.4917,11.4981],[106.4924,11.4976],[106.4931,11.4976],[106.4933,11.497],[106.4939,11.497],[106.4947,11.4962],[106.4958,11.4964],[106.4976,11.4957],[106.4984,11.4948],[106.4986,11.4941],[106.5006,11.4925],[106.5009,11.492],[106.5014,11.492],[106.502,11.4915],[106.5025,11.4904],[106.5035,11.4891],[106.506,11.488],[106.5087,11.4882],[106.5089,11.4874],[106.5099,11.4871],[106.5106,11.4857],[106.5115,11.4854],[106.5123,11.4842],[106.5133,11.4838],[106.5142,11.4824],[106.5162,11.4823],[106.5169,11.4815],[106.5184,11.4817],[106.5192,11.4826],[106.5246,11.48],[106.5289,11.4755],[106.5306,11.475],[106.5311,11.4736],[106.5327,11.4737],[106.5349,11.4714],[106.5373,11.4704],[106.5381,11.4692],[106.5401,11.4678],[106.5416,11.4683],[106.5428,11.4679],[106.5444,11.4684],[106.5461,11.4691],[106.5475,11.4706],[106.5482,11.4707],[106.55,11.4728],[106.5504,11.4748],[106.5514,11.4765],[106.5515,11.4772],[106.5522,11.4773],[106.5527,11.4779],[106.5537,11.4781],[106.5543,11.4785],[106.5545,11.4799],[106.5549,11.4802],[106.5546,11.4815],[106.5558,11.4825],[106.5563,11.4848],[106.5571,11.4855],[106.5571,11.4862],[106.5595,11.4871],[106.5601,11.4882],[106.5612,11.4884],[106.5622,11.4892],[106.5629,11.4891],[106.564,11.4884],[106.5644,11.4888],[106.5651,11.4888],[106.5654,11.4891],[106.5656,11.4902],[106.5696,11.491],[106.57,11.4915],[106.5716,11.4918],[106.5738,11.4932],[106.5744,11.4944],[106.5741,11.4952],[106.5744,11.4959],[106.5742,11.4963],[106.5746,11.4967],[106.574,11.4977],[106.5744,11.4995],[106.5744,11.5028],[106.574,11.504],[106.5745,11.5053],[106.5744,11.5064],[106.575,11.508],[106.5746,11.5104],[106.5749,11.5107],[106.5755,11.5109],[106.5755,11.5116],[106.5762,11.5123],[106.5766,11.5131],[106.5801,11.5165],[106.5808,11.5179],[106.5821,11.5195],[106.5846,11.5181],[106.5849,11.5187],[106.5899,11.5172],[106.5945,11.5166],[106.606,11.5162],[106.6057,11.5174],[106.6078,11.5163],[106.6095,11.5159],[106.6137,11.5135],[106.6144,11.5126],[106.6173,11.5124],[106.6202,11.5137],[106.6217,11.514],[106.6225,11.5136],[106.6237,11.5134],[106.6262,11.512],[106.6288,11.5115],[106.632,11.5126],[106.6372,11.5158],[106.6387,11.5157],[106.6399,11.5171],[106.6419,11.518],[106.6458,11.5173],[106.6504,11.5185],[106.6523,11.5179],[106.6532,11.5172],[106.6551,11.5175],[106.6563,11.5173],[106.6565,11.5189],[106.6537,11.5214],[106.6543,11.523],[106.6528,11.5232],[106.6525,11.5236],[106.6532,11.5247],[106.6542,11.5249],[106.654,11.5257],[106.6536,11.5259],[106.6516,11.5256],[106.6518,11.5264],[106.6513,11.5266],[106.6511,11.5274],[106.6506,11.5279],[106.6498,11.528],[106.6494,11.5277],[106.6487,11.5282],[106.6482,11.5276],[106.6477,11.5275],[106.6479,11.5296],[106.6474,11.5297],[106.6472,11.5291],[106.647,11.5291],[106.6467,11.5294],[106.6471,11.5296],[106.647,11.5303],[106.6461,11.5302],[106.647,11.5319],[106.6484,11.5322],[106.6488,11.5327],[106.6482,11.5333],[106.6471,11.5337],[106.6468,11.5343],[106.6475,11.5344],[106.6479,11.5357],[106.6487,11.5356],[106.6483,11.5367],[106.6494,11.5382],[106.6484,11.5392],[106.65,11.5412],[106.6488,11.5411],[106.6487,11.5413],[106.6491,11.5416],[106.6493,11.5425],[106.6485,11.5419],[106.6473,11.5432],[106.6476,11.5434],[106.6475,11.544],[106.6483,11.5447],[106.6479,11.5455],[106.6482,11.5472],[106.6474,11.5473],[106.6474,11.5483],[106.6468,11.5481],[106.6467,11.5475],[106.6464,11.5474],[106.6462,11.548],[106.6465,11.5483],[106.6465,11.5494],[106.6457,11.5499],[106.6446,11.5499],[106.6447,11.551],[106.6444,11.551],[106.644,11.5506],[106.6433,11.5524],[106.6427,11.5523],[106.6424,11.5531],[106.6422,11.553],[106.6423,11.5524],[106.6414,11.553],[106.6407,11.5531],[106.6403,11.5528],[106.6395,11.5537],[106.64,11.554],[106.6392,11.5544],[106.6387,11.5545],[106.6382,11.5541],[106.6377,11.5542],[106.6371,11.5539],[106.6368,11.5544],[106.6365,11.5542],[106.6359,11.5548],[106.635,11.5549],[106.6346,11.5552],[106.6345,11.5556],[106.635,11.5561],[106.6343,11.5564],[106.6342,11.557],[106.6337,11.5573],[106.634,11.5583],[106.6344,11.5579],[106.6349,11.5584],[106.6342,11.5593],[106.6348,11.5595],[106.6346,11.5598],[106.6349,11.5601],[106.635,11.5606],[106.6343,11.5605],[106.6336,11.5614],[106.6328,11.5613],[106.6328,11.5608],[106.6324,11.561],[106.6329,11.5624],[106.6325,11.563],[106.6317,11.563],[106.6309,11.5645],[106.6311,11.5651],[106.6303,11.5655],[106.6304,11.5672],[106.6299,11.5681],[106.6292,11.5686],[106.629,11.569],[106.6293,11.5698],[106.6286,11.5699],[106.6283,11.5703],[106.6287,11.5712],[106.6276,11.5716],[106.628,11.5725],[106.6278,11.5729],[106.6272,11.5728],[106.6274,11.5731],[106.627,11.5744],[106.6272,11.5751],[106.6261,11.5761],[106.6264,11.5766],[106.626,11.5772],[106.6266,11.5772],[106.6267,11.5774],[106.626,11.5782],[106.627,11.5785],[106.626,11.579],[106.6258,11.5797],[106.6253,11.5794],[106.6253,11.5803],[106.6247,11.5813],[106.6228,11.5815],[106.6233,11.5809],[106.623,11.5807],[106.622,11.5809],[106.6221,11.5815],[106.6211,11.5813],[106.6201,11.5802],[106.6193,11.5803],[106.6184,11.5796],[106.6184,11.5792],[106.6187,11.5787],[106.6183,11.5778],[106.6178,11.5779],[106.6174,11.5787],[106.6168,11.5778]]]},"properties":{"code":"25357","name":"Tân Khai","nameEn":"Tan Khai","fullName":"Phường Tân Khai","fullNameEn":"Tan Khai Ward","codeName":"tan_khai","postalCode":"67806","postalCodePrefix":"","gisServerId":"diaphanhanhchinhcapxa_2025.2295","areaKm2":161.8},"id":"25357"},
{"type":"Feature","geometry":{"type":"Polygon","coordinates":[[[106.899,11.4692],[106.8985,11.4694],[106.8968,11.4719],[106.8954,11.4753],[106.8932,11.4763],[106.8925,11.4764],[106.8913,11.4758],[106.8908,11.4759],[106.891,11.4768],[106.8896,11.4802],[106.8875,11.4791],[106.8864,11.479],[106.8863,11.4803],[106.8759,11.4804],[106.8715,11.4782],[106.8696,11.4779],[106.8682,11.4772],[106.8668,11.4771],[106.8653,11.4765],[106.8639,11.4751],[106.8635,11.4739],[106.8519,11.4737],[106.8512,11.4725],[106.8497,11.471],[106.8491,11.471],[106.849,11.4741],[106.848,11.4741],[106.8469,11.4738],[106.8448,11.4742],[106.8443,11.4737],[106.8438,11.4742],[106.8442,11.4752],[106.8414,11.476],[106.8415,11.4727],[106.8403,11.4709],[106.8396,11.4704],[106.8382,11.47],[106.8367,11.4699],[106.8358,11.4695],[106.8347,11.4696],[106.8332,11.4685],[106.8323,11.4685],[106.8304,11.4695],[106.8294,11.4712],[106.8283,11.4724],[106.827,11.4728],[106.8264,11.4726],[106.8256,11.472],[106.8248,11.4701],[106.8247,11.4676],[106.8242,11.4667],[106.8236,11.4662],[106.8236,11.4646],[106.8221,11.4629],[106.8191,11.4614],[106.8174,11.4615],[106.8161,11.4621],[106.8141,11.4619],[106.8126,11.4622],[106.8107,11.4616],[106.8101,11.4619],[106.8087,11.4611],[106.8067,11.4594],[106.8062,11.458],[106.806,11.4572],[106.8062,11.4525],[106.8058,11.4513],[106.805,11.4501],[106.8022,11.4474],[106.7999,11.4461],[106.7983,11.4441],[106.7967,11.4427],[106.7955,11.4409],[106.7943,11.4396],[106.7922,11.4361],[106.7911,11.4349],[106.7891,11.4337],[106.7885,11.4321],[106.7865,11.4317],[106.7851,11.431],[106.7845,11.4302],[106.7844,11.4285],[106.7837,11.4284],[106.7833,11.429],[106.7829,11.429],[106.7818,11.4278],[106.777,11.4265],[106.7761,11.4266],[106.7756,11.427],[106.7742,11.4265],[106.7721,11.4271],[106.7705,11.4266],[106.7711,11.412],[106.7695,11.4041],[106.7744,11.4021],[106.7754,11.4019],[106.7809,11.4012],[106.789,11.4012],[106.7884,11.3859],[106.7893,11.3859],[106.7894,11.3829],[106.7936,11.3829],[106.7936,11.3795],[106.7962,11.3795],[106.7966,11.3805],[106.7975,11.3816],[106.7986,11.3816],[106.7985,11.3826],[106.8003,11.3826],[106.8001,11.3819],[106.8005,11.3814],[106.8003,11.381],[106.8013,11.381],[106.8025,11.3804],[106.804,11.3791],[106.8079,11.3777],[106.8103,11.376],[106.8117,11.3758],[106.8147,11.377],[106.8166,11.3773],[106.8181,11.3772],[106.8185,11.3787],[106.8218,11.381],[106.8237,11.3832],[106.825,11.3841],[106.8254,11.3829],[106.8267,11.3806],[106.8343,11.3805],[106.8357,11.3793],[106.8355,11.3772],[106.8382,11.3769],[106.8393,11.3763],[106.8399,11.3754],[106.8412,11.3751],[106.8435,11.3751],[106.8465,11.3757],[106.8476,11.3761],[106.8504,11.376],[106.8528,11.3768],[106.854,11.3765],[106.8547,11.3767],[106.8549,11.3758],[106.8554,11.3756],[106.8555,11.375],[106.8567,11.3749],[106.8567,11.3741],[106.8572,11.3732],[106.857,11.3722],[106.8558,11.3707],[106.8555,11.3696],[106.857,11.3691],[106.8573,11.3686],[106.8572,11.3658],[106.858,11.3645],[106.8577,11.3629],[106.8585,11.362],[106.8585,11.3614],[106.8582,11.3605],[106.8571,11.36],[106.8566,11.36],[106.8547,11.3615],[106.8544,11.3613],[106.8544,11.3608],[106.8552,11.3578],[106.8556,11.3577],[106.8565,11.3584],[106.8567,11.3581],[106.8558,11.3536],[106.8559,11.3528],[106.8582,11.35],[106.8586,11.3499],[106.8594,11.3508],[106.8602,11.3501],[106.8605,11.3492],[106.8602,11.3487],[106.8587,11.3487],[106.8572,11.3474],[106.8568,11.3468],[106.8567,11.3459],[106.8573,11.3454],[106.8591,11.3455],[106.8615,11.3444],[106.863,11.3424],[106.8633,11.34],[106.8631,11.3384],[106.8616,11.3356],[106.8613,11.3354],[106.8595,11.3358],[106.8586,11.3354],[106.8568,11.3308],[106.8559,11.3301],[106.8554,11.3292],[106.8555,11.3283],[106.8563,11.3271],[106.8567,11.3246],[106.8555,11.3219],[106.8571,11.3171],[106.857,11.3148],[106.8572,11.3144],[106.8593,11.3152],[106.8603,11.3147],[106.8623,11.3142],[106.8635,11.3143],[106.8654,11.3149],[106.8663,11.3147],[106.8666,11.3145],[106.8665,11.3136],[106.8653,11.312],[106.8651,11.3108],[106.8661,11.3106],[106.8668,11.3117],[106.8675,11.3113],[106.8691,11.311],[106.8703,11.3097],[106.8718,11.3098],[106.874,11.3089],[106.8749,11.3073],[106.8751,11.3074],[106.8754,11.3084],[106.875,11.3089],[106.8746,11.3104],[106.8743,11.3125],[106.8729,11.3138],[106.8723,11.3176],[106.8713,11.3181],[106.8699,11.3209],[106.8711,11.3252],[106.8725,11.3274],[106.8754,11.3293],[106.8785,11.3327],[106.8804,11.334],[106.8813,11.3357],[106.8836,11.3382],[106.8844,11.3397],[106.8892,11.3407],[106.9004,11.3404],[106.8997,11.3413],[106.8988,11.3418],[106.8989,11.3431],[106.8985,11.3438],[106.8992,11.3438],[106.8992,11.3441],[106.8989,11.3443],[106.8975,11.3443],[106.8974,11.3451],[106.8968,11.3456],[106.8972,11.3463],[106.8973,11.3474],[106.8965,11.3484],[106.8967,11.349],[106.8959,11.349],[106.8953,11.3501],[106.8956,11.3514],[106.8964,11.3511],[106.897,11.3513],[106.8967,11.3523],[106.8974,11.3532],[106.8979,11.3528],[106.8986,11.3528],[106.899,11.3531],[106.899,11.3541],[106.8997,11.3536],[106.9,11.3547],[106.9017,11.355],[106.9022,11.3555],[106.903,11.3558],[106.903,11.3564],[106.9023,11.3564],[106.9019,11.3571],[106.9024,11.3579],[106.9023,11.3584],[106.9019,11.3585],[106.9015,11.3583],[106.9011,11.3588],[106.9017,11.3596],[106.9016,11.3601],[106.9006,11.3606],[106.9013,11.3619],[106.9003,11.3619],[106.9003,11.3633],[106.8997,11.3641],[106.9003,11.365],[106.9,11.3657],[106.9006,11.3654],[106.9007,11.3659],[106.9012,11.3664],[106.9003,11.3676],[106.901,11.3677],[106.9025,11.3693],[106.9036,11.3688],[106.9036,11.3706],[106.9039,11.3707],[106.9043,11.3702],[106.9047,11.3709],[106.9052,11.3708],[106.9057,11.371],[106.9057,11.3714],[106.9054,11.3717],[106.9041,11.372],[106.9021,11.3706],[106.9007,11.3717],[106.8987,11.3706],[106.8983,11.3709],[106.8976,11.3709],[106.8971,11.3706],[106.8965,11.3694],[106.8946,11.3672],[106.8936,11.3663],[106.8932,11.3673],[106.893,11.3698],[106.8924,11.3706],[106.8926,11.3712],[106.8935,11.3721],[106.8943,11.3737],[106.8925,11.3775],[106.8908,11.379],[106.8891,11.3798],[106.8875,11.3813],[106.8865,11.3832],[106.8858,11.3834],[106.885,11.383],[106.8844,11.383],[106.884,11.3825],[106.8831,11.3822],[106.883,11.3829],[106.8818,11.383],[106.882,11.3843],[106.881,11.3843],[106.88,11.385],[106.8802,11.3856],[106.8796,11.3865],[106.8794,11.3863],[106.8778,11.3877],[106.8781,11.3881],[106.878,11.3902],[106.8787,11.3912],[106.8793,11.3931],[106.8771,11.3933],[106.8765,11.3938],[106.877,11.3943],[106.878,11.3943],[106.8792,11.3965],[106.8791,11.3969],[106.8779,11.3979],[106.8778,11.3983],[106.8782,11.3985],[106.8798,11.3982],[106.8798,11.3956],[106.8804,11.3945],[106.8821,11.3944],[106.8822,11.3948],[106.8816,11.3958],[106.8814,11.398],[106.8808,11.3995],[106.8812,11.4005],[106.8821,11.4006],[106.8819,11.3997],[106.8826,11.399],[106.8845,11.4009],[106.8857,11.3996],[106.8864,11.3995],[106.8866,11.4],[106.8863,11.4022],[106.8889,11.4027],[106.8894,11.4034],[106.8902,11.4056],[106.8897,11.4062],[106.8894,11.4063],[106.889,11.406],[106.8889,11.4049],[106.8884,11.4043],[106.8879,11.4045],[106.887,11.4055],[106.8887,11.4067],[106.8893,11.4079],[106.8877,11.4093],[106.8876,11.411],[106.8888,11.4108],[106.8895,11.4112],[106.89,11.4108],[106.8904,11.4118],[106.8913,11.4119],[106.8913,11.4126],[106.8906,11.4124],[106.891,11.4138],[106.8912,11.4141],[106.8918,11.4142],[106.8924,11.4136],[106.8925,11.4144],[106.892,11.4149],[106.8929,11.4155],[106.8917,11.417],[106.8921,11.4169],[106.8923,11.4172],[106.8929,11.4173],[106.8924,11.418],[106.893,11.4194],[106.8937,11.4195],[106.8937,11.42],[106.8943,11.42],[106.8956,11.4211],[106.8955,11.4218],[106.8966,11.4232],[106.8978,11.4234],[106.8989,11.4241],[106.8995,11.4248],[106.8997,11.4244],[106.9004,11.4239],[106.9016,11.4236],[106.9013,11.4228],[106.9021,11.4226],[106.9025,11.422],[106.9031,11.4219],[106.9037,11.4224],[106.9051,11.4224],[106.9046,11.4217],[106.9046,11.4214],[106.9054,11.4216],[106.9062,11.4214],[106.9071,11.4223],[106.9082,11.4221],[106.9088,11.4226],[106.9096,11.4222],[106.9103,11.4223],[106.9106,11.4231],[106.9112,11.4233],[106.9117,11.4252],[106.9121,11.4253],[106.9125,11.4249],[106.9129,11.4254],[106.9134,11.4253],[106.913,11.4262],[106.9136,11.4265],[106.914,11.4278],[106.9137,11.4288],[106.9142,11.4293],[106.914,11.4307],[106.9145,11.4312],[106.9144,11.4319],[106.9148,11.4331],[106.9142,11.4334],[106.9143,11.4344],[106.9141,11.4349],[106.9145,11.4353],[106.9145,11.4365],[106.914,11.4369],[106.9131,11.4369],[106.9098,11.4364],[106.9087,11.4345],[106.9082,11.434],[106.9072,11.434],[106.9062,11.4341],[106.9051,11.4353],[106.9045,11.4352],[106.9043,11.436],[106.9021,11.4358],[106.9005,11.4367],[106.8988,11.4361],[106.8958,11.4358],[106.892,11.4349],[106.8892,11.4324],[106.8878,11.4315],[106.8866,11.4315],[106.8831,11.4325],[106.8819,11.4319],[106.8817,11.4322],[106.8808,11.4322],[106.8797,11.4314],[106.8791,11.4316],[106.879,11.4322],[106.8796,11.434],[106.8802,11.4348],[106.8812,11.4353],[106.8828,11.4349],[106.8834,11.4375],[106.8798,11.4381],[106.8786,11.4379],[106.8777,11.4388],[106.8768,11.4388],[106.8764,11.4398],[106.8745,11.4404],[106.8742,11.4407],[106.8744,11.4411],[106.8768,11.4423],[106.8768,11.4432],[106.8758,11.444],[106.8761,11.4447],[106.879,11.4449],[106.8793,11.4452],[106.8789,11.4461],[106.8767,11.4477],[106.876,11.4488],[106.8762,11.4492],[106.8775,11.4484],[106.8779,11.4484],[106.8779,11.4488],[106.8767,11.4496],[106.877,11.4503],[106.879,11.4505],[106.8802,11.4522],[106.883,11.4506],[106.8838,11.4512],[106.8871,11.452],[106.8875,11.4527],[106.8874,11.453],[106.885,11.4537],[106.8855,11.4541],[106.8869,11.4541],[106.8871,11.455],[106.8863,11.4566],[106.8869,11.4575],[106.8872,11.4574],[106.8877,11.4562],[106.8882,11.4557],[106.8887,11.4557],[106.8894,11.4565],[106.8911,11.4547],[106.8922,11.4542],[106.8926,11.4547],[106.8913,11.4576],[106.8921,11.4585],[106.8927,11.4587],[106.8931,11.4585],[106.8935,11.4569],[106.8938,11.4567],[106.8953,11.4567],[106.8967,11.4576],[106.897,11.4587],[106.8969,11.46],[106.8957,11.4604],[106.8947,11.4603],[106.8942,11.4616],[106.8945,11.4622],[106.8959,11.4621],[106.8967,11.4632],[106.8991,11.4627],[106.8995,11.4628],[106.9004,11.4652],[106.9006,11.4663],[106.9001,11.4677],[106.899,11.4692]]]},"properties":{"code":"25363","name":"Đồng Phú","nameEn":"Dong Phu","fullName":"Phường Đồng Phú","fullNameEn":"Dong Phu Ward","codeName":"dong_phu","postalCode":"67217","postalCodePrefix":"","gisServerId":"diaphanhanhchinhcapxa_2025.2308","areaKm2":138.7},"id":"25363"},
{"type":"Feature","geometry":{"type":"Polygon","coordinates":[[[107.1295,11.498],[107.1289,11.499],[107.1268,11.4998],[107.1246,11.5011],[107.1222,11.5046],[107.1196,11.5062],[107.1179,11.5084],[107.1165,11.5114],[107.117,11.5131],[107.1166,11.5155],[107.1149,11.5201],[107.1142,11.5236],[107.0991,11.5259],[107.0878,11.5242],[107.0848,11.5265],[107.0845,11.5263],[107.0845,11.5256],[107.0853,11.5246],[107.0851,11.5237],[107.0843,11.5231],[107.0833,11.5229],[107.084,11.5224],[107.0839,11.5222],[107.0826,11.5221],[107.0823,11.521],[107.0837,11.5207],[107.084,11.5201],[107.0831,11.5197],[107.0831,11.5205],[107.0829,11.5205],[107.0819,11.5198],[107.0825,11.5191],[107.0819,11.5174],[107.0817,11.5177],[107.0819,11.5185],[107.0811,11.5188],[107.081,11.5203],[107.0799,11.5204],[107.0787,11.5212],[107.0778,11.5234],[107.0751,11.5256],[107.0738,11.5254],[107.0715,11.5262],[107.0688,11.5262],[107.0678,11.525],[107.0667,11.5243],[107.0659,11.5224],[107.0648,11.5217],[107.0617,11.5216],[107.0602,11.5221],[107.0595,11.5219],[107.0583,11.5227],[107.058,11.5233],[107.0582,11.5238],[107.0582,11.5247],[107.0562,11.526],[107.0556,11.527],[107.053,11.5282],[107.0506,11.5285],[107.0476,11.5281],[107.0433,11.5284],[107.0434,11.5268],[107.0426,11.5266],[107.0427,11.5259],[107.0423,11.5259],[107.0422,11.5266],[107.0419,11.5264],[107.0417,11.5259],[107.0419,11.5253],[107.0399,11.5243],[107.0397,11.5252],[107.0389,11.526],[107.0379,11.5255],[107.0369,11.5254],[107.0366,11.5239],[107.0351,11.5237],[107.0341,11.5227],[107.031,11.5224],[107.0309,11.5206],[107.03,11.521],[107.0258,11.5205],[107.0256,11.5209],[107.0239,11.5205],[107.0225,11.5204],[107.0195,11.5208],[107.0167,11.5201],[107.0158,11.5208],[107.0148,11.5205],[107.0112,11.5206],[107.0112,11.5199],[107.0102,11.5201],[107.0095,11.5195],[107.0094,11.5198],[107.0086,11.5196],[107.0076,11.5192],[107.0063,11.5182],[107.0056,11.5183],[107.0046,11.5179],[107.0043,11.5182],[107.0037,11.5183],[107.0027,11.5175],[107.0009,11.5171],[106.9999,11.5166],[106.9992,11.5166],[106.9978,11.5156],[106.9962,11.5161],[106.9949,11.5157],[106.9946,11.5164],[106.9937,11.5165],[106.9932,11.516],[106.992,11.5164],[106.9919,11.5158],[106.9914,11.5156],[106.9906,11.5159],[106.9902,11.5157],[106.9902,11.5152],[106.9909,11.5149],[106.9901,11.5139],[106.9896,11.5128],[106.9858,11.511],[106.9827,11.5111],[106.9805,11.5119],[106.9787,11.5131],[106.9767,11.5133],[106.9738,11.5132],[106.9733,11.511],[106.9726,11.5109],[106.9712,11.5115],[106.9704,11.5109],[106.9697,11.5109],[106.9689,11.5101],[106.968,11.51],[106.9678,11.509],[106.9637,11.5083],[106.9629,11.5078],[106.9626,11.507],[106.9613,11.5068],[106.9605,11.5064],[106.9602,11.5066],[106.9593,11.5063],[106.9589,11.5067],[106.9557,11.5059],[106.9531,11.5061],[106.9523,11.5065],[106.9517,11.5076],[106.9512,11.5078],[106.9508,11.5074],[106.9504,11.5074],[106.949,11.5083],[106.948,11.5078],[106.9485,11.5075],[106.9482,11.5071],[106.9482,11.5066],[106.9477,11.5067],[106.9475,11.5063],[106.9465,11.5062],[106.9454,11.5055],[106.944,11.5055],[106.9436,11.5047],[106.9418,11.504],[106.9419,11.5032],[106.9413,11.5029],[106.9388,11.5056],[106.9387,11.5073],[106.9389,11.5087],[106.9354,11.5087],[106.9345,11.5096],[106.9328,11.5104],[106.9319,11.5085],[106.9315,11.5087],[106.9311,11.5079],[106.9288,11.5077],[106.9283,11.5074],[106.9279,11.5069],[106.9284,11.5057],[106.9279,11.5054],[106.9251,11.507],[106.9247,11.5069],[106.9247,11.5066],[106.9256,11.5057],[106.9254,11.505],[106.9237,11.5053],[106.9229,11.5065],[106.9225,11.5066],[106.9221,11.5061],[106.9218,11.5054],[106.9223,11.5045],[106.9241,11.5034],[106.9226,11.5025],[106.9225,11.5022],[106.923,11.5016],[106.924,11.5019],[106.9247,11.5014],[106.9244,11.4998],[106.9232,11.4993],[106.923,11.499],[106.9243,11.4986],[106.9251,11.4974],[106.9252,11.4968],[106.925,11.4961],[106.9246,11.4959],[106.924,11.4959],[106.9229,11.4963],[106.922,11.4961],[106.9224,11.4974],[106.9222,11.4978],[106.9207,11.4965],[106.9206,11.4957],[106.9212,11.4948],[106.9229,11.4937],[106.923,11.4932],[106.9221,11.4927],[106.9223,11.4924],[106.9237,11.4917],[106.9252,11.4928],[106.9256,11.4923],[106.9246,11.4915],[106.9241,11.4903],[106.9232,11.4904],[106.9224,11.4912],[106.9199,11.4901],[106.9199,11.4894],[106.9219,11.4888],[106.9218,11.4883],[106.921,11.4875],[106.9205,11.4876],[106.9198,11.4883],[106.9184,11.4873],[106.9173,11.4876],[106.917,11.4874],[106.9168,11.4858],[106.9179,11.4855],[106.9191,11.4839],[106.9191,11.4825],[106.9184,11.4822],[106.919,11.4811],[106.918,11.4813],[106.9167,11.4828],[106.9161,11.4831],[106.9159,11.4824],[106.9148,11.4819],[106.914,11.4812],[106.9146,11.48],[106.914,11.479],[106.9144,11.4775],[106.9136,11.4774],[106.9128,11.4768],[106.9132,11.4759],[106.9131,11.4751],[106.9107,11.4749],[106.9109,11.4736],[106.9102,11.4732],[106.9091,11.473],[106.9068,11.4734],[106.905,11.4718],[106.9045,11.4719],[106.9026,11.4735],[106.9018,11.4736],[106.9015,11.4718],[106.9023,11.4702],[106.8998,11.4699],[106.899,11.4692],[106.9001,11.4677],[106.9006,11.4663],[106.9004,11.4652],[106.8995,11.4628],[106.8991,11.4627],[106.8967,11.4632],[106.8959,11.4621],[106.8945,11.4622],[106.8942,11.4616],[106.8947,11.4603],[106.8957,11.4604],[106.8969,11.46],[106.897,11.4587],[106.8967,11.4576],[106.8953,11.4567],[106.8938,11.4567],[106.8935,11.4569],[106.8931,11.4585],[106.8927,11.4587],[106.8921,11.4585],[106.8913,11.4576],[106.8926,11.4547],[106.8922,11.4542],[106.8911,11.4547],[106.8894,11.4565],[106.8887,11.4557],[106.8882,11.4557],[106.8877,11.4562],[106.8872,11.4574],[106.8869,11.4575],[106.8863,11.4566],[106.8871,11.455],[106.8869,11.4541],[106.8855,11.4541],[106.885,11.4537],[106.8874,11.453],[106.8875,11.4527],[106.8871,11.452],[106.8838,11.4512],[106.883,11.4506],[106.8802,11.4522],[106.879,11.4505],[106.877,11.4503],[106.8767,11.4496],[106.8779,11.4488],[106.8779,11.4484],[106.8775,11.4484],[106.8762,11.4492],[106.876,11.4488],[106.8767,11.4477],[106.8789,11.4461],[106.8793,11.4452],[106.879,11.4449],[106.8761,11.4447],[106.8758,11.444],[106.8768,11.4432],[106.8768,11.4423],[106.8744,11.4411],[106.8742,11.4407],[106.8745,11.4404],[106.8764,11.4398],[106.8768,11.4388],[106.8777,11.4388],[106.8786,11.4379],[106.8798,11.4381],[106.8834,11.4375],[106.8828,11.4349],[106.8812,11.4353],[106.8802,11.4348],[106.8796,11.434],[106.879,11.4322],[106.8791,11.4316],[106.8797,11.4314],[106.8808,11.4322],[106.8817,11.4322],[106.8819,11.4319],[106.8831,11.4325],[106.8866,11.4315],[106.8878,11.4315],[106.8892,11.4324],[106.892,11.4349],[106.8958,11.4358],[106.8988,11.4361],[106.9005,11.4367],[106.9021,11.4358],[106.9043,11.436],[106.9045,11.4352],[106.9051,11.4353],[106.9062,11.4341],[106.9072,11.434],[106.9082,11.434],[106.9087,11.4345],[106.9098,11.4364],[106.9131,11.4369],[106.914,11.4369],[106.9145,11.4365],[106.9145,11.4353],[106.9141,11.4349],[106.9143,11.4344],[106.9142,11.4334],[106.9148,11.4331],[106.9144,11.4319],[106.9145,11.4312],[106.914,11.4307],[106.9142,11.4293],[106.9137,11.4288],[106.914,11.4278],[106.9136,11.4265],[106.913,11.4262],[106.9134,11.4253],[106.9129,11.4254],[106.9125,11.4249],[106.9121,11.4253],[106.9117,11.4252],[106.9112,11.4233],[106.9106,11.4231],[106.9103,11.4223],[106.9096,11.4222],[106.9088,11.4226],[106.9082,11.4221],[106.9071,11.4223],[106.9062,11.4214],[106.9054,11.4216],[106.9046,11.4214],[106.9046,11.4217],[106.9051,11.4224],[106.9037,11.4224],[106.9031,11.4219],[106.9025,11.422],[106.9021,11.4226],[106.9013,11.4228],[106.9016,11.4236],[106.9004,11.4239],[106.8997,11.4244],[106.8995,11.4248],[106.8989,11.4241],[106.8978,11.4234],[106.8966,11.4232],[106.8955,11.4218],[106.8956,11.4211],[106.8943,11.42],[106.8937,11.42],[106.8937,11.4195],[106.893,11.4194],[106.8924,11.418],[106.8929,11.4173],[106.8923,11.4172],[106.8921,11.4169],[106.8917,11.417],[106.8929,11.4155],[106.892,11.4149],[106.8925,11.4144],[106.8924,11.4136],[106.8918,11.4142],[106.8912,11.4141],[106.891,11.4138],[106.8906,11.4124],[106.8913,11.4126],[106.8913,11.4119],[106.8904,11.4118],[106.89,11.4108],[106.8895,11.4112],[106.8888,11.4108],[106.8876,11.411],[106.8877,11.4093],[106.8893,11.4079],[106.8887,11.4067],[106.887,11.4055],[106.8879,11.4045],[106.8884,11.4043],[106.8889,11.4049],[106.889,11.406],[106.8894,11.4063],[106.8897,11.4062],[106.8902,11.4056],[106.8894,11.4034],[106.8889,11.4027],[106.8863,11.4022],[106.8866,11.4],[106.8864,11.3995],[106.8857,11.3996],[106.8845,11.4009],[106.8826,11.399],[106.8819,11.3997],[106.8821,11.4006],[106.8812,11.4005],[106.8808,11.3995],[106.8814,11.398],[106.8816,11.3958],[106.8822,11.3948],[106.8821,11.3944],[106.8804,11.3945],[106.8798,11.3956],[106.8798,11.3982],[106.8782,11.3985],[106.8778,11.3983],[106.8779,11.3979],[106.8791,11.3969],[106.8792,11.3965],[106.878,11.3943],[106.877,11.3943],[106.8765,11.3938],[106.8771,11.3933],[106.8793,11.3931],[106.8787,11.3912],[106.878,11.3902],[106.8781,11.3881],[106.8778,11.3877],[106.8794,11.3863],[106.8796,11.3865],[106.8802,11.3856],[106.88,11.385],[106.881,11.3843],[106.882,11.3843],[106.8818,11.383],[106.883,11.3829],[106.8831,11.3822],[106.884,11.3825],[106.8844,11.383],[106.885,11.383],[106.8858,11.3834],[106.8865,11.3832],[106.8875,11.3813],[106.8891,11.3798],[106.8908,11.379],[106.8925,11.3775],[106.8943,11.3737],[106.8935,11.3721],[106.8926,11.3712],[106.8924,11.3706],[106.893,11.3698],[106.8932,11.3673],[106.8936,11.3663],[106.8946,11.3672],[106.8965,11.3694],[106.8971,11.3706],[106.8976,11.3709],[106.8983,11.3709],[106.8987,11.3706],[106.9007,11.3717],[106.9021,11.3706],[106.9041,11.372],[106.9054,11.3717],[106.9057,11.3714],[106.9057,11.371],[106.9052,11.3708],[106.9047,11.3709],[106.9043,11.3702],[106.9039,11.3707],[106.9036,11.3706],[106.9036,11.3688],[106.9025,11.3693],[106.901,11.3677],[106.9003,11.3676],[106.9012,11.3664],[106.9007,11.3659],[106.9006,11.3654],[106.9,11.3657],[106.9003,11.365],[106.8997,11.3641],[106.9003,11.3633],[106.9003,11.3619],[106.9013,11.3619],[106.9006,11.3606],[106.9016,11.3601],[106.9017,11.3596],[106.9011,11.3588],[106.9015,11.3583],[106.9019,11.3585],[106.9023,11.3584],[106.9024,11.3579],[106.9019,11.3571],[106.9023,11.3564],[106.903,11.3564],[106.903,11.3558],[106.9022,11.3555],[106.9017,11.355],[106.9,11.3547],[106.8997,11.3536],[106.899,11.3541],[106.899,11.3531],[106.8986,11.3528],[106.8979,11.3528],[106.8974,11.3532],[106.8967,11.3523],[106.897,11.3513],[106.8964,11.3511],[106.8956,11.3514],[106.8953,11.3501],[106.8959,11.349],[106.8967,11.349],[106.8965,11.3484],[106.8973,11.3474],[106.8972,11.3463],[106.8968,11.3456],[106.8974,11.3451],[106.8975,11.3443],[106.8989,11.3443],[106.8992,11.3441],[106.8992,11.3438],[106.8985,11.3438],[106.8989,11.3431],[106.8988,11.3418],[106.8997,11.3413],[106.9004,11.3404],[106.9009,11.3407],[106.901,11.3415],[106.9018,11.3413],[106.9029,11.3421],[106.9026,11.3425],[106.9031,11.343],[106.9026,11.343],[106.9024,11.3437],[106.903,11.3439],[106.9035,11.3436],[106.9041,11.3442],[106.9038,11.3447],[106.9039,11.3464],[106.9036,11.3465],[106.904,11.347],[106.9037,11.3475],[106.9069,11.3526],[106.9084,11.3535],[106.9114,11.3541],[106.9125,11.3549],[106.9142,11.3552],[106.9148,11.3559],[106.9177,11.356],[106.9182,11.3551],[106.9193,11.3544],[106.9193,11.353],[106.9199,11.3524],[106.9205,11.3521],[106.9212,11.3524],[106.922,11.3537],[106.9233,11.3545],[106.9256,11.3543],[106.9298,11.3548],[106.9308,11.3537],[106.9315,11.3535],[106.9328,11.3541],[106.9341,11.3541],[106.9344,11.3545],[106.9344,11.3554],[106.9374,11.3554],[106.9386,11.3556],[106.9402,11.3564],[106.9408,11.3563],[106.9418,11.3556],[106.945,11.3542],[106.9444,11.3531],[106.9444,11.3525],[106.9438,11.3516],[106.9441,11.351],[106.9437,11.3505],[106.9441,11.3492],[106.9441,11.3481],[106.9449,11.3479],[106.9446,11.3471],[106.9454,11.3461],[106.9462,11.3458],[106.9464,11.3448],[106.9462,11.3441],[106.9467,11.344],[106.9464,11.3431],[106.9469,11.3422],[106.9477,11.3422],[106.9474,11.3412],[106.9484,11.3411],[106.9489,11.3399],[106.9503,11.3391],[106.951,11.3381],[106.9514,11.3354],[106.9505,11.3344],[106.9504,11.3332],[106.9515,11.3332],[106.9513,11.3324],[106.9516,11.3312],[106.952,11.3312],[106.952,11.3308],[106.9525,11.3307],[106.9523,11.3302],[106.953,11.3288],[106.9521,11.3272],[106.9528,11.3268],[106.9524,11.3256],[106.9527,11.3247],[106.9518,11.3241],[106.9523,11.3235],[106.9518,11.3231],[106.9517,11.3225],[106.9511,11.3217],[106.9502,11.322],[106.9499,11.3215],[106.9483,11.3215],[106.9476,11.3209],[106.9475,11.3205],[106.9479,11.32],[106.9474,11.3197],[106.9473,11.3189],[106.9476,11.3186],[106.9472,11.318],[106.9448,11.3173],[106.9446,11.3174],[106.9447,11.318],[106.9444,11.3181],[106.9439,11.3176],[106.9439,11.3169],[106.9431,11.3169],[106.9429,11.3158],[106.9417,11.3147],[106.9421,11.3139],[106.9409,11.3132],[106.9414,11.3124],[106.9402,11.3127],[106.9398,11.312],[106.9391,11.3126],[106.9377,11.3124],[106.9385,11.3113],[106.9384,11.3106],[106.9391,11.3103],[106.9391,11.31],[106.9382,11.3096],[106.938,11.3093],[106.9375,11.3095],[106.9364,11.3091],[106.9368,11.3082],[106.9376,11.3084],[106.9381,11.3081],[106.9384,11.3085],[106.9389,11.3084],[106.9391,11.3064],[106.9397,11.3062],[106.9402,11.3067],[106.9415,11.3094],[106.9426,11.3098],[106.9428,11.3094],[106.9425,11.3086],[106.9427,11.308],[106.9445,11.3065],[106.9465,11.3059],[106.9469,11.3061],[106.946,11.3072],[106.946,11.3081],[106.9464,11.3082],[106.9473,11.3074],[106.9481,11.308],[106.9486,11.3079],[106.9493,11.3065],[106.949,11.3048],[106.9504,11.3046],[106.9512,11.303],[106.9518,11.3023],[106.9544,11.3016],[106.9553,11.3029],[106.9566,11.3032],[106.957,11.303],[106.9575,11.3019],[106.9579,11.3018],[106.9584,11.302],[106.9586,11.3026],[106.9583,11.3033],[106.9571,11.3047],[106.9571,11.3062],[106.9578,11.3072],[106.9596,11.3067],[106.9602,11.3073],[106.9597,11.308],[106.9576,11.3092],[106.9576,11.3099],[106.959,11.3116],[106.9606,11.3113],[106.9602,11.3131],[106.9614,11.313],[106.9628,11.3152],[106.9631,11.315],[106.9631,11.3139],[106.9635,11.3136],[106.9647,11.3137],[106.9647,11.3146],[106.9652,11.3156],[106.967,11.3151],[106.9682,11.3152],[106.968,11.3158],[106.9669,11.3163],[106.9666,11.3167],[106.9667,11.3176],[106.9674,11.3182],[106.9677,11.3181],[106.968,11.3171],[106.9687,11.3168],[106.9729,11.3181],[106.973,11.3178],[106.9723,11.3169],[106.9732,11.3159],[106.974,11.3159],[106.9746,11.3167],[106.9749,11.3167],[106.9763,11.3154],[106.9773,11.3149],[106.9796,11.3158],[106.9805,11.3158],[106.9811,11.3151],[106.9803,11.3134],[106.9822,11.3138],[106.9831,11.3129],[106.9835,11.3129],[106.9837,11.3137],[106.9819,11.3151],[106.9815,11.3157],[106.9821,11.3161],[106.9851,11.317],[106.9845,11.3181],[106.9858,11.3199],[106.9855,11.3206],[106.9851,11.3207],[106.9831,11.3194],[106.9824,11.3198],[106.9833,11.3214],[106.9855,11.3223],[106.9858,11.3239],[106.985,11.3245],[106.983,11.3254],[106.9825,11.3253],[106.9821,11.3246],[106.9816,11.3245],[106.9814,11.3291],[106.9792,11.3292],[106.9783,11.3296],[106.9779,11.3307],[106.9783,11.3321],[106.9793,11.3327],[106.9807,11.3329],[106.9814,11.3326],[106.9813,11.3317],[106.9818,11.3313],[106.9836,11.3322],[106.985,11.3323],[106.9865,11.332],[106.9866,11.3315],[106.9855,11.3303],[106.9855,11.3292],[106.9859,11.3289],[106.9898,11.3319],[106.9933,11.3324],[106.9937,11.3321],[106.9937,11.3315],[106.992,11.3295],[106.9921,11.3281],[106.9926,11.3275],[106.994,11.3268],[106.9964,11.3262],[106.9964,11.3267],[106.9943,11.3276],[106.9942,11.3282],[106.9962,11.3294],[106.9979,11.3308],[106.9984,11.3305],[106.9996,11.3289],[107.0007,11.3289],[107.001,11.3296],[107.001,11.3307],[106.9992,11.3316],[106.9988,11.3331],[106.9994,11.3334],[107.0024,11.3321],[107.0036,11.3325],[107.0024,11.3348],[107.0026,11.3352],[107.004,11.3365],[107.004,11.3371],[107.0033,11.3378],[107.0038,11.3385],[107.0043,11.3386],[107.0047,11.3369],[107.0053,11.3366],[107.0093,11.3394],[107.0098,11.3408],[107.0113,11.3402],[107.0142,11.3408],[107.0128,11.3415],[107.0134,11.3424],[107.0133,11.3435],[107.011,11.3425],[107.0104,11.3428],[107.0104,11.3433],[107.011,11.3443],[107.0109,11.345],[107.0108,11.3452],[107.0096,11.3452],[107.0091,11.3462],[107.0106,11.3465],[107.0102,11.348],[107.0105,11.349],[107.0117,11.3485],[107.0132,11.3487],[107.0143,11.3496],[107.0157,11.3494],[107.0156,11.3489],[107.014,11.3484],[107.0148,11.3477],[107.0157,11.3475],[107.018,11.3487],[107.0173,11.3499],[107.0173,11.3504],[107.0179,11.3512],[107.0186,11.3515],[107.0196,11.351],[107.0197,11.3495],[107.0199,11.349],[107.0202,11.349],[107.0205,11.3493],[107.0204,11.3509],[107.0208,11.3517],[107.022,11.3526],[107.0238,11.3531],[107.0252,11.355],[107.0277,11.3538],[107.0283,11.3542],[107.0282,11.3551],[107.0292,11.3549],[107.0299,11.3541],[107.03,11.3531],[107.0308,11.3528],[107.0313,11.3534],[107.0312,11.3545],[107.0309,11.355],[107.0298,11.3557],[107.0297,11.3562],[107.0312,11.3569],[107.0319,11.3554],[107.0326,11.3553],[107.0347,11.3571],[107.0346,11.3575],[107.0339,11.3577],[107.0339,11.3588],[107.0353,11.3591],[107.0365,11.3588],[107.0365,11.3601],[107.0369,11.3608],[107.0383,11.3608],[107.0379,11.3621],[107.0373,11.362],[107.0367,11.3615],[107.0363,11.3617],[107.0369,11.3644],[107.0365,11.365],[107.0358,11.3655],[107.0358,11.3663],[107.0371,11.3669],[107.0383,11.3668],[107.0396,11.367],[107.0409,11.3666],[107.0418,11.3671],[107.0396,11.3678],[107.039,11.3685],[107.036,11.3692],[107.0356,11.3709],[107.0364,11.3713],[107.0386,11.3711],[107.0387,11.3729],[107.0411,11.372],[107.0426,11.3726],[107.0424,11.3732],[107.0412,11.3733],[107.0409,11.3737],[107.0414,11.3742],[107.0426,11.3745],[107.0429,11.3751],[107.0413,11.3753],[107.0409,11.3761],[107.0418,11.3759],[107.0429,11.3764],[107.0431,11.377],[107.0439,11.3774],[107.0444,11.3767],[107.0439,11.3756],[107.0445,11.3755],[107.0456,11.3761],[107.046,11.3748],[107.0465,11.3741],[107.0468,11.3752],[107.048,11.3746],[107.0485,11.3752],[107.0497,11.3751],[107.0511,11.3756],[107.0519,11.3748],[107.0526,11.3733],[107.053,11.3731],[107.0535,11.3742],[107.0526,11.3752],[107.0539,11.3756],[107.0541,11.3773],[107.0548,11.3765],[107.056,11.3775],[107.0578,11.3767],[107.06,11.3773],[107.0603,11.3775],[107.0602,11.3784],[107.059,11.3776],[107.0587,11.3777],[107.0583,11.3795],[107.0567,11.3801],[107.0562,11.3804],[107.0561,11.3809],[107.0565,11.3811],[107.0574,11.3806],[107.0577,11.3807],[107.0576,11.3817],[107.0582,11.3834],[107.0594,11.3834],[107.0598,11.3842],[107.0607,11.3846],[107.0606,11.3857],[107.0612,11.3858],[107.0617,11.3854],[107.062,11.386],[107.0615,11.3867],[107.0609,11.3861],[107.0605,11.3865],[107.0613,11.3877],[107.0609,11.3888],[107.0598,11.3905],[107.0604,11.3915],[107.0604,11.3922],[107.0595,11.3925],[107.0589,11.3915],[107.058,11.3916],[107.0581,11.3922],[107.0558,11.3935],[107.0556,11.3946],[107.0567,11.396],[107.0564,11.3967],[107.0594,11.3981],[107.0578,11.3984],[107.0574,11.3988],[107.0589,11.4008],[107.0602,11.4007],[107.0619,11.4023],[107.0639,11.4033],[107.0659,11.4031],[107.0673,11.4045],[107.0678,11.4036],[107.0682,11.4035],[107.0685,11.4042],[107.0695,11.4053],[107.068,11.4061],[107.0692,11.4072],[107.0691,11.4078],[107.068,11.4077],[107.0672,11.4079],[107.0672,11.4082],[107.0681,11.409],[107.0678,11.4099],[107.068,11.4109],[107.0678,11.4116],[107.0694,11.414],[107.0708,11.4154],[107.0721,11.4147],[107.0725,11.4148],[107.0726,11.4173],[107.073,11.4173],[107.0736,11.4157],[107.0742,11.4155],[107.0763,11.4183],[107.0762,11.4205],[107.0759,11.4212],[107.0754,11.4214],[107.0752,11.4202],[107.0747,11.4202],[107.0728,11.422],[107.0729,11.4223],[107.0739,11.4225],[107.0739,11.4234],[107.0707,11.426],[107.0707,11.4263],[107.0716,11.427],[107.0714,11.4277],[107.0692,11.4276],[107.0677,11.4281],[107.0661,11.4281],[107.0663,11.4295],[107.0678,11.4292],[107.0684,11.4295],[107.0685,11.4309],[107.0676,11.4323],[107.067,11.4322],[107.0657,11.4307],[107.065,11.4307],[107.0645,11.4311],[107.0653,11.4323],[107.0647,11.4337],[107.0658,11.4338],[107.0654,11.4345],[107.066,11.435],[107.0664,11.435],[107.0672,11.4341],[107.0677,11.4342],[107.0671,11.4357],[107.0687,11.4379],[107.0683,11.4382],[107.0667,11.4382],[107.0667,11.4396],[107.0662,11.4399],[107.0663,11.4404],[107.0673,11.441],[107.0668,11.4412],[107.0663,11.4423],[107.0674,11.4423],[107.068,11.4442],[107.0673,11.4456],[107.0673,11.446],[107.0679,11.4467],[107.0697,11.4476],[107.0681,11.4493],[107.0685,11.4503],[107.0691,11.4507],[107.0701,11.4508],[107.0707,11.4521],[107.0712,11.4524],[107.0716,11.4521],[107.0719,11.4513],[107.0728,11.4512],[107.0726,11.4523],[107.0729,11.4527],[107.0732,11.4522],[107.0735,11.4524],[107.0737,11.4552],[107.0747,11.4556],[107.0749,11.4561],[107.0752,11.4556],[107.075,11.4541],[107.0778,11.4552],[107.0781,11.4565],[107.0772,11.4577],[107.0772,11.4581],[107.0789,11.457],[107.0814,11.4597],[107.0823,11.4599],[107.0841,11.4597],[107.0842,11.4612],[107.0838,11.4633],[107.0832,11.4635],[107.0825,11.4629],[107.082,11.463],[107.0836,11.4645],[107.0852,11.4646],[107.0856,11.4656],[107.0854,11.4664],[107.0859,11.4669],[107.0864,11.4671],[107.086,11.4664],[107.0865,11.466],[107.0874,11.4661],[107.0883,11.4667],[107.0889,11.466],[107.09,11.4662],[107.0909,11.4674],[107.092,11.4669],[107.0926,11.4671],[107.0933,11.4677],[107.0928,11.4682],[107.093,11.4686],[107.0935,11.4688],[107.0933,11.4682],[107.0935,11.4681],[107.0939,11.4687],[107.0952,11.4693],[107.0953,11.4698],[107.095,11.4711],[107.0954,11.4713],[107.0964,11.4713],[107.0968,11.4719],[107.0966,11.4727],[107.0961,11.4732],[107.0964,11.4739],[107.0953,11.4748],[107.096,11.4759],[107.0955,11.477],[107.0959,11.4777],[107.0958,11.4783],[107.0964,11.4788],[107.0964,11.4803],[107.0974,11.4809],[107.0961,11.4821],[107.0961,11.4824],[107.0984,11.4815],[107.0991,11.4822],[107.0998,11.4825],[107.0992,11.483],[107.0993,11.4838],[107.0997,11.4842],[107.1004,11.4826],[107.1007,11.4826],[107.1015,11.4837],[107.1014,11.4829],[107.1019,11.4816],[107.1023,11.4826],[107.1028,11.4819],[107.1032,11.482],[107.1031,11.4827],[107.1034,11.483],[107.104,11.4827],[107.1047,11.4816],[107.1058,11.4809],[107.106,11.4811],[107.1057,11.4815],[107.1078,11.4822],[107.1086,11.4819],[107.109,11.4812],[107.1104,11.4816],[107.1111,11.481],[107.1129,11.4806],[107.1146,11.4814],[107.1144,11.4821],[107.1153,11.4821],[107.1156,11.4831],[107.1171,11.4833],[107.1181,11.484],[107.1183,11.4844],[107.1178,11.4849],[107.1174,11.4849],[107.1174,11.4852],[107.119,11.4859],[107.1196,11.4857],[107.1203,11.485],[107.1211,11.4854],[107.1212,11.4861],[107.1206,11.487],[107.1216,11.4879],[107.1216,11.4882],[107.1214,11.4887],[107.1208,11.4888],[107.1208,11.4892],[107.122,11.4906],[107.1234,11.4913],[107.1229,11.4923],[107.123,11.4934],[107.1256,11.4944],[107.1262,11.4951],[107.127,11.4952],[107.128,11.4962],[107.1293,11.4964],[107.1292,11.4976],[107.1295,11.498]]]},"properties":{"code":"25378","name":"Tân Lợi","nameEn":"Tan Loi","fullName":"Xã Tân Lợi","fullNameEn":"Tan Loi Commune","codeName":"tan_loi","postalCode":"67210","postalCodePrefix":"","gisServerId":"diaphanhanhchinhcapxa_2025.2309","areaKm2":379.8},"id":"25378"},
{"type":"Feature","geometry":{"type":"Polygon","coordinates":[[[106.9662,11.6348],[106.9665,11.6354],[106.9656,11.6354],[106.9656,11.6362],[106.9652,11.6364],[106.9652,11.637],[106.9649,11.6366],[106.9644,11.6372],[106.9648,11.6375],[106.9645,11.6386],[106.965,11.6385],[106.9654,11.6391],[106.9649,11.6393],[106.9649,11.6404],[106.9661,11.6408],[106.966,11.6402],[106.9665,11.6408],[106.966,11.6412],[106.9664,11.6417],[106.9658,11.6417],[106.9661,11.6423],[106.9658,11.6423],[106.9656,11.6419],[106.9651,11.6421],[106.9655,11.6428],[106.9651,11.6428],[106.9653,11.6433],[106.9651,11.6436],[106.9654,11.6438],[106.9654,11.6443],[106.9656,11.6447],[106.9649,11.6448],[106.9644,11.6453],[106.9644,11.6449],[106.9639,11.6448],[106.9639,11.6445],[106.963,11.6452],[106.9626,11.6448],[106.9626,11.6453],[106.9617,11.6455],[106.961,11.6466],[106.9595,11.6468],[106.9591,11.6482],[106.9579,11.6485],[106.9577,11.649],[106.9567,11.6492],[106.9572,11.6508],[106.9566,11.6514],[106.9557,11.6515],[106.9556,11.6522],[106.9559,11.6523],[106.9556,11.653],[106.9549,11.6535],[106.9542,11.655],[106.9531,11.6551],[106.9529,11.6562],[106.9524,11.6566],[106.9513,11.6566],[106.9509,11.6561],[106.9473,11.6564],[106.9459,11.6556],[106.9459,11.654],[106.9449,11.6527],[106.944,11.652],[106.9429,11.6519],[106.9424,11.6522],[106.9412,11.6514],[106.9406,11.6516],[106.94,11.6526],[106.9394,11.6526],[106.9386,11.6521],[106.9377,11.6523],[106.9369,11.6507],[106.9358,11.6496],[106.9358,11.6492],[106.9348,11.6489],[106.9336,11.6465],[106.933,11.6458],[106.9322,11.6455],[106.9314,11.6462],[106.9276,11.6463],[106.9252,11.6482],[106.9247,11.6478],[106.9231,11.6477],[106.9131,11.6481],[106.913,11.6496],[106.9125,11.6506],[106.9107,11.6513],[106.9087,11.6527],[106.9084,11.6555],[106.9067,11.6556],[106.9052,11.6552],[106.9051,11.6556],[106.9041,11.6556],[106.9032,11.6553],[106.9021,11.6561],[106.9006,11.6556],[106.9002,11.6558],[106.8996,11.6554],[106.8991,11.6555],[106.8981,11.6551],[106.8977,11.6556],[106.8977,11.655],[106.8973,11.6551],[106.897,11.6546],[106.8967,11.6547],[106.8955,11.6541],[106.8956,11.6524],[106.8943,11.6503],[106.8944,11.6494],[106.8936,11.6487],[106.8928,11.6487],[106.8919,11.6495],[106.8903,11.6499],[106.8886,11.6495],[106.8866,11.6496],[106.8854,11.6492],[106.8852,11.6482],[106.8854,11.6479],[106.8849,11.6468],[106.8857,11.6461],[106.884,11.6447],[106.8835,11.6449],[106.8835,11.6443],[106.8826,11.6439],[106.882,11.6429],[106.8821,11.6424],[106.8817,11.6422],[106.8825,11.6417],[106.8817,11.6411],[106.8808,11.641],[106.8809,11.6401],[106.8801,11.6394],[106.8802,11.6388],[106.8796,11.6389],[106.8795,11.6385],[106.879,11.6388],[106.8784,11.6387],[106.8777,11.6414],[106.8764,11.6416],[106.8762,11.6422],[106.8754,11.6422],[106.8754,11.6425],[106.875,11.6426],[106.8747,11.6431],[106.874,11.6431],[106.8739,11.6437],[106.8734,11.6434],[106.8731,11.6438],[106.8728,11.6432],[106.8724,11.6433],[106.8723,11.6442],[106.8716,11.6445],[106.8716,11.6451],[106.8708,11.6455],[106.8714,11.6468],[106.8708,11.6471],[106.8706,11.6475],[106.8708,11.648],[106.8704,11.6484],[106.8711,11.6483],[106.8711,11.6486],[106.8706,11.649],[106.8707,11.6495],[106.87,11.6502],[106.8704,11.6505],[106.8711,11.6504],[106.8711,11.6507],[106.8707,11.6507],[106.8706,11.6509],[106.8712,11.6518],[106.8706,11.6519],[106.8698,11.6515],[106.8687,11.6519],[106.8683,11.6518],[106.8656,11.6525],[106.8647,11.6508],[106.8622,11.6516],[106.8615,11.6515],[106.8616,11.6507],[106.8632,11.6505],[106.8627,11.6489],[106.8628,11.6479],[106.8626,11.6478],[106.8614,11.6482],[106.8605,11.647],[106.86,11.6467],[106.8593,11.6473],[106.8591,11.6491],[106.8581,11.65],[106.8584,11.6505],[106.86,11.6508],[106.8602,11.6512],[106.8574,11.6523],[106.8564,11.6523],[106.8558,11.6537],[106.8557,11.6548],[106.8544,11.6534],[106.8524,11.6539],[106.8514,11.6534],[106.8514,11.6527],[106.8526,11.652],[106.8527,11.6515],[106.8512,11.6507],[106.8501,11.6507],[106.8493,11.6511],[106.8491,11.6508],[106.8496,11.6498],[106.8494,11.6494],[106.8483,11.6506],[106.8481,11.6521],[106.8483,11.6538],[106.8477,11.6543],[106.8467,11.653],[106.8469,11.6514],[106.8464,11.6504],[106.8459,11.65],[106.8441,11.6499],[106.844,11.6487],[106.8447,11.6477],[106.8445,11.6474],[106.8432,11.6484],[106.8424,11.6501],[106.842,11.6494],[106.8415,11.6471],[106.841,11.647],[106.8404,11.6475],[106.8398,11.649],[106.8396,11.6489],[106.8396,11.6481],[106.8389,11.6478],[106.8368,11.6481],[106.8365,11.6476],[106.8366,11.6457],[106.8359,11.6452],[106.8347,11.6461],[106.8353,11.6476],[106.8348,11.6488],[106.8344,11.6491],[106.8341,11.6485],[106.8346,11.6472],[106.8326,11.6458],[106.8316,11.6456],[106.8324,11.6443],[106.8322,11.6437],[106.8316,11.6434],[106.8301,11.6441],[106.829,11.6457],[106.8288,11.6437],[106.8282,11.6436],[106.8275,11.6451],[106.8284,11.6456],[106.8284,11.6461],[106.8277,11.6465],[106.8269,11.6464],[106.8265,11.6461],[106.8262,11.6451],[106.8263,11.6427],[106.8265,11.6425],[106.8278,11.6427],[106.8285,11.6426],[106.8292,11.6421],[106.8297,11.6412],[106.8293,11.6408],[106.8278,11.6407],[106.8284,11.6392],[106.8284,11.6386],[106.8279,11.638],[106.8268,11.6379],[106.8267,11.6376],[106.828,11.6368],[106.8296,11.637],[106.8296,11.636],[106.8304,11.6352],[106.8286,11.6345],[106.8285,11.6332],[106.828,11.6328],[106.8275,11.6328],[106.827,11.6337],[106.8266,11.6335],[106.8264,11.6326],[106.8273,11.6314],[106.8273,11.631],[106.8259,11.6317],[106.8242,11.6337],[106.8244,11.6316],[106.8254,11.6297],[106.8249,11.6291],[106.8243,11.6288],[106.8234,11.6288],[106.8226,11.6304],[106.8217,11.6313],[106.8205,11.6311],[106.8186,11.6315],[106.8186,11.6323],[106.8195,11.6329],[106.8196,11.6334],[106.8189,11.6333],[106.8178,11.6323],[106.8174,11.6332],[106.8176,11.6339],[106.8173,11.634],[106.8166,11.6317],[106.8154,11.6324],[106.8143,11.6321],[106.8136,11.6312],[106.8123,11.6324],[106.8124,11.6308],[106.811,11.6292],[106.8117,11.6277],[106.8113,11.6273],[106.811,11.6273],[106.8104,11.6281],[106.8098,11.6284],[106.8092,11.6281],[106.8088,11.6272],[106.8076,11.6291],[106.8073,11.6289],[106.8072,11.6277],[106.806,11.6282],[106.8054,11.6274],[106.8052,11.6266],[106.8056,11.6253],[106.8066,11.6245],[106.8059,11.6238],[106.8051,11.624],[106.8017,11.6275],[106.8013,11.6266],[106.8022,11.6248],[106.8016,11.6244],[106.801,11.6245],[106.8007,11.625],[106.8007,11.6274],[106.7997,11.6283],[106.7968,11.626],[106.7978,11.6249],[106.7976,11.6246],[106.7954,11.6238],[106.7943,11.625],[106.7953,11.6258],[106.7952,11.6262],[106.7934,11.6258],[106.7931,11.6252],[106.7943,11.6233],[106.7942,11.6228],[106.7927,11.621],[106.7911,11.6205],[106.7912,11.6202],[106.7925,11.6195],[106.7929,11.6186],[106.7925,11.6184],[106.7913,11.6187],[106.7906,11.6176],[106.7897,11.6174],[106.7896,11.6172],[106.7902,11.6163],[106.7898,11.6147],[106.7908,11.6141],[106.7923,11.6135],[106.7918,11.6128],[106.7917,11.6123],[106.794,11.6107],[106.7943,11.6101],[106.7942,11.6096],[106.7925,11.6088],[106.7902,11.6103],[106.7882,11.6095],[106.7869,11.6094],[106.7868,11.6091],[106.7875,11.6074],[106.7874,11.607],[106.7868,11.6067],[106.7859,11.6076],[106.7847,11.606],[106.7843,11.6065],[106.7846,11.6083],[106.7821,11.6079],[106.7804,11.6088],[106.7802,11.6094],[106.7798,11.609],[106.7797,11.6084],[106.7811,11.6063],[106.7811,11.6056],[106.7808,11.6055],[106.7803,11.606],[106.7782,11.6051],[106.777,11.6054],[106.7762,11.6046],[106.7751,11.6043],[106.7716,11.6061],[106.7704,11.6061],[106.7687,11.6056],[106.7681,11.605],[106.768,11.6042],[106.7689,11.602],[106.769,11.6007],[106.7679,11.5999],[106.7658,11.5994],[106.7655,11.5987],[106.7661,11.5978],[106.767,11.5968],[106.7691,11.5954],[106.7708,11.5934],[106.7714,11.5926],[106.7715,11.5913],[106.7712,11.5906],[106.7696,11.5889],[106.7691,11.5878],[106.7694,11.5873],[106.7707,11.5863],[106.7703,11.5853],[106.7691,11.5846],[106.766,11.584],[106.7648,11.5832],[106.7646,11.5823],[106.7656,11.5803],[106.7663,11.5795],[106.7708,11.5785],[106.7717,11.5779],[106.7737,11.5727],[106.7737,11.572],[106.7725,11.5708],[106.77,11.5696],[106.7697,11.5687],[106.7702,11.5682],[106.7739,11.5671],[106.7746,11.5666],[106.7748,11.5609],[106.7773,11.5568],[106.7773,11.5561],[106.7778,11.556],[106.7783,11.5565],[106.7787,11.5557],[106.7792,11.5559],[106.7804,11.5559],[106.7808,11.555],[106.782,11.5558],[106.7837,11.555],[106.7844,11.555],[106.7844,11.5561],[106.7835,11.5569],[106.7846,11.5567],[106.7852,11.5569],[106.7852,11.5575],[106.7848,11.558],[106.7861,11.5581],[106.7864,11.5591],[106.7868,11.5589],[106.7871,11.5581],[106.7876,11.5583],[106.7874,11.5587],[106.788,11.5594],[106.7891,11.5591],[106.7886,11.5598],[106.7886,11.5608],[106.7873,11.5611],[106.7892,11.5628],[106.7886,11.5631],[106.7886,11.5634],[106.789,11.5635],[106.7894,11.5632],[106.7897,11.5623],[106.7899,11.5632],[106.7912,11.563],[106.7911,11.5636],[106.7918,11.5636],[106.7918,11.5647],[106.7926,11.5646],[106.7936,11.5649],[106.7937,11.5654],[106.7941,11.5657],[106.7946,11.5652],[106.7951,11.5651],[106.7956,11.5641],[106.7964,11.5646],[106.7965,11.564],[106.7969,11.5638],[106.7967,11.5634],[106.7973,11.5626],[106.798,11.5624],[106.7979,11.5621],[106.7985,11.5615],[106.7991,11.5613],[106.7991,11.5609],[106.7995,11.5611],[106.8017,11.5606],[106.8021,11.5606],[106.8024,11.561],[106.803,11.5605],[106.805,11.5605],[106.8061,11.5602],[106.8078,11.5607],[106.8081,11.5611],[106.8093,11.5608],[106.8108,11.561],[106.8112,11.5615],[106.8132,11.5621],[106.8143,11.5634],[106.815,11.5634],[106.8154,11.5639],[106.8158,11.564],[106.8162,11.5524],[106.8302,11.5527],[106.8303,11.5499],[106.8323,11.5522],[106.833,11.5524],[106.8333,11.5529],[106.8347,11.5531],[106.8359,11.5542],[106.8362,11.5542],[106.8368,11.5549],[106.8374,11.5561],[106.8378,11.556],[106.8384,11.5572],[106.8388,11.5574],[106.8388,11.558],[106.84,11.5585],[106.8422,11.56],[106.845,11.56],[106.8464,11.5605],[106.8485,11.5601],[106.8489,11.5604],[106.85,11.56],[106.8512,11.5601],[106.8515,11.5597],[106.8523,11.5599],[106.8531,11.5595],[106.8538,11.5596],[106.8546,11.5593],[106.8547,11.5648],[106.8599,11.5649],[106.8668,11.5659],[106.8721,11.5686],[106.8737,11.5691],[106.878,11.5696],[106.8832,11.5696],[106.8841,11.57],[106.8858,11.5687],[106.8925,11.5685],[106.8933,11.5682],[106.8942,11.569],[106.8944,11.5696],[106.8951,11.5698],[106.8956,11.5705],[106.8961,11.5706],[106.8964,11.5714],[106.8983,11.573],[106.9,11.5717],[106.9006,11.5708],[106.9039,11.5734],[106.9095,11.5752],[106.9102,11.5761],[106.9136,11.5765],[106.9149,11.5772],[106.9159,11.5769],[106.9161,11.5764],[106.9167,11.5765],[106.9172,11.5772],[106.9176,11.5767],[106.9181,11.5771],[106.919,11.5766],[106.9197,11.5768],[106.9205,11.576],[106.9211,11.5763],[106.9218,11.5762],[106.9219,11.5757],[106.9223,11.5758],[106.9225,11.5757],[106.9228,11.5761],[106.9236,11.5758],[106.924,11.5752],[106.924,11.5747],[106.9233,11.5742],[106.9234,11.5738],[106.923,11.5731],[106.9236,11.5728],[106.9236,11.5717],[106.9241,11.5717],[106.9241,11.5711],[106.9251,11.5725],[106.9253,11.5737],[106.9264,11.5744],[106.9268,11.5743],[106.927,11.5738],[106.9255,11.5727],[106.9251,11.5719],[106.9252,11.5717],[106.9267,11.5716],[106.9271,11.5714],[106.9273,11.5707],[106.9272,11.5704],[106.9266,11.5704],[106.9267,11.5699],[106.9295,11.5705],[106.93,11.571],[106.93,11.5713],[106.9288,11.5715],[106.9288,11.5723],[106.9293,11.5727],[106.9284,11.5731],[106.9283,11.574],[106.9309,11.5752],[106.932,11.5749],[106.9326,11.5752],[106.9323,11.5755],[106.9313,11.5757],[106.9311,11.5761],[106.9316,11.5772],[106.9307,11.5782],[106.9318,11.5793],[106.9324,11.5807],[106.9312,11.5826],[106.9332,11.5825],[106.9337,11.5829],[106.9334,11.5841],[106.9345,11.5859],[106.9356,11.5858],[106.9364,11.5844],[106.9359,11.5838],[106.936,11.5835],[106.9374,11.5819],[106.9376,11.5823],[106.9378,11.5853],[106.9384,11.5853],[106.9392,11.5863],[106.9407,11.5856],[106.9406,11.587],[106.9408,11.5873],[106.943,11.587],[106.9435,11.5873],[106.9424,11.59],[106.9435,11.5904],[106.9449,11.5903],[106.9459,11.5917],[106.9458,11.5919],[106.9453,11.5919],[106.9451,11.5911],[106.9445,11.5924],[106.9436,11.5927],[106.9442,11.5935],[106.9436,11.5952],[106.9457,11.5952],[106.9469,11.5957],[106.9465,11.5978],[106.9454,11.599],[106.9469,11.5984],[106.9487,11.5987],[106.9487,11.5994],[106.9477,11.6005],[106.9478,11.6008],[106.9491,11.6012],[106.9504,11.6005],[106.95,11.6018],[106.9502,11.6023],[106.9515,11.6029],[106.9525,11.6025],[106.9532,11.6027],[106.9556,11.6045],[106.9569,11.6042],[106.9565,11.6063],[106.9574,11.6064],[106.9589,11.6079],[106.9605,11.606],[106.9609,11.6062],[106.961,11.608],[106.9634,11.6075],[106.9638,11.6082],[106.9635,11.609],[106.9642,11.6095],[106.9639,11.6103],[106.9646,11.6113],[106.9639,11.6128],[106.9642,11.6131],[106.9646,11.6132],[106.9644,11.6126],[106.9646,11.6119],[106.9667,11.6126],[106.9672,11.6125],[106.9676,11.6119],[106.9679,11.6121],[106.9679,11.6125],[106.9667,11.6131],[106.967,11.6137],[106.9669,11.6142],[106.9654,11.615],[106.9666,11.6166],[106.9668,11.62],[106.9655,11.6206],[106.9657,11.6214],[106.965,11.6209],[106.9644,11.6224],[106.9632,11.6226],[106.9645,11.6234],[106.9637,11.6238],[106.9641,11.6246],[106.964,11.625],[106.9637,11.625],[106.9632,11.6241],[106.9629,11.6248],[106.9638,11.6262],[106.9642,11.6275],[106.9648,11.6277],[106.9639,11.6284],[106.9634,11.6293],[106.9638,11.6291],[106.9647,11.63],[106.9655,11.6303],[106.9645,11.6304],[106.9647,11.6308],[106.9653,11.6311],[106.9649,11.6316],[106.9655,11.6319],[106.9645,11.6323],[106.9645,11.6325],[106.9649,11.6328],[106.9658,11.6326],[106.9657,11.6332],[106.9667,11.6344],[106.9664,11.6346],[106.966,11.6341],[106.9659,11.6345],[106.9662,11.6348]]]},"properties":{"code":"25387","name":"Thuận Lợi","nameEn":"Thuan Loi","fullName":"Xã Thuận Lợi","fullNameEn":"Thuan Loi Commune","codeName":"thuan_loi","postalCode":"67216","postalCodePrefix":"","gisServerId":"diaphanhanhchinhcapxa_2025.2296","areaKm2":167.2},"id":"25387"},
{"type":"Feature","geometry":{"type":"Polygon","coordinates":[[[107.053,11.648],[107.0502,11.6479],[107.0437,11.6442],[107.0411,11.6406],[107.0403,11.6359],[107.0389,11.6331],[107.0357,11.6347],[107.0358,11.6344],[107.0353,11.6339],[107.0337,11.633],[107.0327,11.6309],[107.0296,11.6313],[107.0273,11.6321],[107.0275,11.6316],[107.0265,11.6313],[107.0265,11.6307],[107.0261,11.6305],[107.0255,11.6304],[107.0249,11.6309],[107.0246,11.6308],[107.024,11.6296],[107.024,11.6284],[107.0235,11.6286],[107.0236,11.6277],[107.0227,11.6279],[107.0223,11.6277],[107.0226,11.6283],[107.0218,11.6284],[107.0216,11.6294],[107.0229,11.6291],[107.0225,11.6306],[107.0229,11.6311],[107.0218,11.6314],[107.0218,11.6319],[107.0212,11.6321],[107.0214,11.6329],[107.0224,11.6336],[107.0221,11.6342],[107.023,11.6352],[107.0235,11.6372],[107.0234,11.6391],[107.0227,11.6402],[107.0235,11.6411],[107.0236,11.6418],[107.0222,11.6432],[107.0201,11.6431],[107.019,11.6435],[107.0176,11.643],[107.0171,11.6434],[107.016,11.6432],[107.0157,11.6437],[107.015,11.6436],[107.0141,11.6438],[107.0124,11.6451],[107.0118,11.646],[107.0111,11.6462],[107.0112,11.6466],[107.0108,11.6469],[107.0095,11.6488],[107.0074,11.6493],[107.0069,11.6499],[107.006,11.6501],[107.0052,11.6511],[107.0042,11.6509],[107.0035,11.6516],[107.0028,11.6515],[107.002,11.6518],[107.0012,11.6518],[107.0007,11.6512],[107.0002,11.6514],[107.0002,11.651],[106.9994,11.6512],[106.9989,11.6502],[106.9982,11.6504],[106.9982,11.65],[106.9978,11.6498],[106.9974,11.6502],[106.9971,11.6498],[106.9971,11.6502],[106.9971,11.6491],[106.9968,11.6494],[106.9966,11.6492],[106.9971,11.6488],[106.997,11.6483],[106.9964,11.648],[106.996,11.647],[106.9956,11.6472],[106.9954,11.6469],[106.9933,11.6475],[106.9928,11.6479],[106.9924,11.6479],[106.9924,11.6476],[106.9928,11.6476],[106.9922,11.6474],[106.9919,11.6482],[106.9914,11.6476],[106.991,11.6482],[106.9906,11.6481],[106.9906,11.6483],[106.9898,11.6482],[106.9893,11.6468],[106.9887,11.647],[106.9884,11.6462],[106.9888,11.6458],[106.9875,11.6458],[106.9868,11.6451],[106.9861,11.6454],[106.9864,11.6457],[106.9863,11.6458],[106.9855,11.646],[106.9848,11.6457],[106.9846,11.6464],[106.9844,11.646],[106.984,11.6463],[106.984,11.6456],[106.9837,11.6459],[106.9832,11.6457],[106.983,11.6453],[106.9832,11.6449],[106.9826,11.6448],[106.9828,11.6439],[106.9822,11.6436],[106.9817,11.6436],[106.9821,11.6432],[106.9817,11.6429],[106.9821,11.6423],[106.9816,11.6424],[106.9811,11.6431],[106.9811,11.6416],[106.9806,11.641],[106.9802,11.6412],[106.98,11.6409],[106.9797,11.6413],[106.9794,11.6409],[106.9793,11.6415],[106.979,11.6411],[106.9784,11.6415],[106.9781,11.6413],[106.9781,11.6417],[106.9779,11.6416],[106.9779,11.6403],[106.9783,11.6402],[106.9786,11.6397],[106.9784,11.6393],[106.9779,11.6392],[106.9782,11.6386],[106.9777,11.6387],[106.9781,11.6376],[106.9768,11.6382],[106.9764,11.6377],[106.9759,11.6377],[106.9757,11.638],[106.9753,11.638],[106.9751,11.6385],[106.9747,11.6383],[106.9745,11.639],[106.9742,11.6385],[106.9733,11.6394],[106.973,11.639],[106.9725,11.6391],[106.972,11.6386],[106.9712,11.6391],[106.9705,11.6387],[106.971,11.6383],[106.9704,11.6376],[106.9709,11.637],[106.9699,11.6367],[106.9703,11.6364],[106.9702,11.6361],[106.9689,11.6358],[106.9692,11.6355],[106.9688,11.6349],[106.9693,11.6349],[106.9693,11.6346],[106.9685,11.6344],[106.9683,11.6349],[106.9679,11.635],[106.9677,11.6357],[106.9674,11.6354],[106.967,11.6355],[106.9662,11.6348],[106.9659,11.6345],[106.966,11.6341],[106.9664,11.6346],[106.9667,11.6344],[106.9657,11.6332],[106.9658,11.6326],[106.9649,11.6328],[106.9645,11.6325],[106.9645,11.6323],[106.9655,11.6319],[106.9649,11.6316],[106.9653,11.6311],[106.9647,11.6308],[106.9645,11.6304],[106.9655,11.6303],[106.9647,11.63],[106.9638,11.6291],[106.9634,11.6293],[106.9639,11.6284],[106.9648,11.6277],[106.9642,11.6275],[106.9638,11.6262],[106.9629,11.6248],[106.9632,11.6241],[106.9637,11.625],[106.964,11.625],[106.9641,11.6246],[106.9637,11.6238],[106.9645,11.6234],[106.9632,11.6226],[106.9644,11.6224],[106.965,11.6209],[106.9657,11.6214],[106.9655,11.6206],[106.9668,11.62],[106.9666,11.6166],[106.9654,11.615],[106.9669,11.6142],[106.967,11.6137],[106.9667,11.6131],[106.9679,11.6125],[106.9679,11.6121],[106.9676,11.6119],[106.9672,11.6125],[106.9667,11.6126],[106.9646,11.6119],[106.9644,11.6126],[106.9646,11.6132],[106.9642,11.6131],[106.9639,11.6128],[106.9646,11.6113],[106.9639,11.6103],[106.9642,11.6095],[106.9635,11.609],[106.9638,11.6082],[106.9634,11.6075],[106.961,11.608],[106.9609,11.6062],[106.9605,11.606],[106.9589,11.6079],[106.9574,11.6064],[106.9565,11.6063],[106.9569,11.6042],[106.9556,11.6045],[106.9532,11.6027],[106.9525,11.6025],[106.9515,11.6029],[106.9502,11.6023],[106.95,11.6018],[106.9504,11.6005],[106.9491,11.6012],[106.9478,11.6008],[106.9477,11.6005],[106.9487,11.5994],[106.9487,11.5987],[106.9469,11.5984],[106.9454,11.599],[106.9465,11.5978],[106.9469,11.5957],[106.9457,11.5952],[106.9436,11.5952],[106.9442,11.5935],[106.9436,11.5927],[106.9445,11.5924],[106.9451,11.5911],[106.9453,11.5919],[106.9458,11.5919],[106.9459,11.5917],[106.9449,11.5903],[106.9435,11.5904],[106.9424,11.59],[106.9435,11.5873],[106.943,11.587],[106.9408,11.5873],[106.9406,11.587],[106.9407,11.5856],[106.9392,11.5863],[106.9384,11.5853],[106.9378,11.5853],[106.9376,11.5823],[106.9374,11.5819],[106.936,11.5835],[106.9359,11.5838],[106.9364,11.5844],[106.9356,11.5858],[106.9345,11.5859],[106.9334,11.5841],[106.9337,11.5829],[106.9332,11.5825],[106.9312,11.5826],[106.9324,11.5807],[106.9318,11.5793],[106.9307,11.5782],[106.9316,11.5772],[106.9311,11.5761],[106.9313,11.5757],[106.9323,11.5755],[106.9326,11.5752],[106.932,11.5749],[106.9309,11.5752],[106.9283,11.574],[106.9284,11.5731],[106.9293,11.5727],[106.9288,11.5723],[106.9288,11.5715],[106.93,11.5713],[106.93,11.571],[106.9295,11.5705],[106.9267,11.5699],[106.9266,11.5704],[106.9272,11.5704],[106.9273,11.5707],[106.9271,11.5714],[106.9267,11.5716],[106.9252,11.5717],[106.9251,11.5719],[106.9255,11.5727],[106.927,11.5738],[106.9268,11.5743],[106.9264,11.5744],[106.9253,11.5737],[106.9251,11.5725],[106.9241,11.5711],[106.9238,11.5704],[106.9227,11.572],[106.9223,11.5722],[106.9221,11.572],[106.9222,11.5697],[106.9235,11.569],[106.9236,11.5682],[106.9226,11.5683],[106.9204,11.5696],[106.9193,11.5694],[106.9187,11.5687],[106.9192,11.5683],[106.9204,11.5685],[106.9213,11.5678],[106.9215,11.5671],[106.921,11.5671],[106.9206,11.5667],[106.9216,11.5649],[106.9204,11.5644],[106.9215,11.563],[106.9209,11.5619],[106.9229,11.5619],[106.9232,11.5613],[106.9225,11.5604],[106.9225,11.5598],[106.923,11.5596],[106.9233,11.5602],[106.9237,11.5601],[106.9245,11.5594],[106.9243,11.5583],[106.9239,11.5581],[106.923,11.5585],[106.9219,11.558],[106.921,11.5582],[106.9212,11.5575],[106.9223,11.5563],[106.9213,11.556],[106.9203,11.555],[106.9199,11.5565],[106.9195,11.5563],[106.9188,11.5545],[106.9194,11.5541],[106.9194,11.5534],[106.9182,11.5515],[106.9179,11.5515],[106.918,11.5532],[106.9175,11.5528],[106.916,11.553],[106.9166,11.5522],[106.9159,11.5514],[106.9155,11.5521],[106.9147,11.5519],[106.9159,11.5503],[106.9173,11.5495],[106.9174,11.5492],[106.9163,11.5479],[106.9159,11.5479],[106.9157,11.5486],[106.9148,11.5486],[106.9146,11.5473],[106.9132,11.5454],[106.9143,11.5444],[106.9137,11.5429],[106.9139,11.5425],[106.9171,11.5429],[106.9181,11.5443],[106.9187,11.5444],[106.9189,11.5435],[106.9183,11.5412],[106.9195,11.5408],[106.9204,11.54],[106.9203,11.5397],[106.9191,11.5393],[106.9188,11.5385],[106.919,11.5379],[106.9196,11.5377],[106.9199,11.5384],[106.9206,11.5387],[106.9225,11.5374],[106.9234,11.5356],[106.923,11.534],[106.9258,11.5351],[106.9268,11.5363],[106.9271,11.5363],[106.9277,11.5343],[106.9263,11.5342],[106.9262,11.5339],[106.927,11.532],[106.9283,11.5308],[106.9298,11.5305],[106.9301,11.5289],[106.9312,11.5279],[106.9307,11.5267],[106.933,11.5258],[106.9322,11.5249],[106.9315,11.5234],[106.93,11.5246],[106.9285,11.5237],[106.9294,11.5227],[106.9314,11.5193],[106.9308,11.5188],[106.9297,11.5185],[106.9294,11.5187],[106.9294,11.5196],[106.9286,11.5196],[106.9285,11.5186],[106.9311,11.5155],[106.928,11.5124],[106.9291,11.5119],[106.9292,11.5115],[106.9287,11.5112],[106.9288,11.5109],[106.9301,11.5112],[106.931,11.5107],[106.9311,11.5091],[106.9315,11.5087],[106.9319,11.5085],[106.9328,11.5104],[106.9345,11.5096],[106.9354,11.5087],[106.9389,11.5087],[106.9387,11.5073],[106.9388,11.5056],[106.9413,11.5029],[106.9419,11.5032],[106.9418,11.504],[106.9436,11.5047],[106.944,11.5055],[106.9454,11.5055],[106.9465,11.5062],[106.9475,11.5063],[106.9477,11.5067],[106.9482,11.5066],[106.9482,11.5071],[106.9485,11.5075],[106.948,11.5078],[106.949,11.5083],[106.9504,11.5074],[106.9508,11.5074],[106.9512,11.5078],[106.9517,11.5076],[106.9523,11.5065],[106.9531,11.5061],[106.9557,11.5059],[106.9589,11.5067],[106.9593,11.5063],[106.9602,11.5066],[106.9605,11.5064],[106.9613,11.5068],[106.9626,11.507],[106.9629,11.5078],[106.9637,11.5083],[106.9678,11.509],[106.968,11.51],[106.9689,11.5101],[106.9697,11.5109],[106.9704,11.5109],[106.9712,11.5115],[106.9726,11.5109],[106.9733,11.511],[106.9738,11.5132],[106.9767,11.5133],[106.9787,11.5131],[106.9805,11.5119],[106.9827,11.5111],[106.9858,11.511],[106.9896,11.5128],[106.9901,11.5139],[106.9909,11.5149],[106.9902,11.5152],[106.9902,11.5157],[106.9906,11.5159],[106.9914,11.5156],[106.9919,11.5158],[106.992,11.5164],[106.9932,11.516],[106.9937,11.5165],[106.9946,11.5164],[106.9949,11.5157],[106.9962,11.5161],[106.9978,11.5156],[106.9992,11.5166],[106.9999,11.5166],[107.0009,11.5171],[107.0027,11.5175],[107.0037,11.5183],[107.0043,11.5182],[107.0046,11.5179],[107.0056,11.5183],[107.0063,11.5182],[107.0076,11.5192],[107.0086,11.5196],[107.0094,11.5198],[107.0095,11.5195],[107.0102,11.5201],[107.0112,11.5199],[107.0112,11.5206],[107.0148,11.5205],[107.0158,11.5208],[107.0167,11.5201],[107.0195,11.5208],[107.0225,11.5204],[107.0239,11.5205],[107.0256,11.5209],[107.0258,11.5205],[107.03,11.521],[107.0309,11.5206],[107.031,11.5224],[107.0341,11.5227],[107.0351,11.5237],[107.0366,11.5239],[107.0369,11.5254],[107.0379,11.5255],[107.0389,11.526],[107.0397,11.5252],[107.0399,11.5243],[107.0419,11.5253],[107.0417,11.5259],[107.0419,11.5264],[107.0422,11.5266],[107.0423,11.5259],[107.0427,11.5259],[107.0426,11.5266],[107.0434,11.5268],[107.0433,11.5284],[107.0476,11.5281],[107.0506,11.5285],[107.053,11.5282],[107.0556,11.527],[107.0562,11.526],[107.0582,11.5247],[107.0582,11.5238],[107.058,11.5233],[107.0583,11.5227],[107.0595,11.5219],[107.0602,11.5221],[107.0617,11.5216],[107.0648,11.5217],[107.0659,11.5224],[107.0667,11.5243],[107.0678,11.525],[107.0688,11.5262],[107.0715,11.5262],[107.0738,11.5254],[107.0751,11.5256],[107.0778,11.5234],[107.0787,11.5212],[107.0799,11.5204],[107.081,11.5203],[107.0811,11.5188],[107.0819,11.5185],[107.0817,11.5177],[107.0819,11.5174],[107.0825,11.5191],[107.0819,11.5198],[107.0829,11.5205],[107.0831,11.5205],[107.0831,11.5197],[107.084,11.5201],[107.0837,11.5207],[107.0823,11.521],[107.0826,11.5221],[107.0839,11.5222],[107.084,11.5224],[107.0833,11.5229],[107.0843,11.5231],[107.0851,11.5237],[107.0853,11.5246],[107.0845,11.5256],[107.0845,11.5263],[107.0848,11.5265],[107.0878,11.5242],[107.0991,11.5259],[107.1142,11.5236],[107.1149,11.5201],[107.1166,11.5155],[107.117,11.5131],[107.1165,11.5114],[107.1179,11.5084],[107.1196,11.5062],[107.1222,11.5046],[107.1246,11.5011],[107.1268,11.4998],[107.1289,11.499],[107.1295,11.498],[107.1306,11.4993],[107.1313,11.4997],[107.131,11.5017],[107.1315,11.5021],[107.1319,11.5031],[107.1327,11.5037],[107.133,11.5046],[107.133,11.5066],[107.1326,11.5077],[107.1328,11.5106],[107.1289,11.5146],[107.1285,11.5166],[107.1279,11.5176],[107.1269,11.5185],[107.127,11.5192],[107.1266,11.5206],[107.1275,11.5217],[107.127,11.5225],[107.1267,11.5223],[107.1265,11.5226],[107.1281,11.5274],[107.1274,11.5293],[107.1269,11.5297],[107.1269,11.5309],[107.1251,11.5333],[107.1243,11.5353],[107.1243,11.5357],[107.1234,11.5362],[107.124,11.5371],[107.1241,11.5379],[107.1231,11.5382],[107.1224,11.5399],[107.1216,11.5406],[107.1221,11.5414],[107.1219,11.543],[107.1225,11.5444],[107.1223,11.5452],[107.1225,11.5456],[107.1221,11.5465],[107.1222,11.5477],[107.1227,11.5473],[107.1233,11.5479],[107.1237,11.5496],[107.1248,11.5508],[107.1253,11.5518],[107.126,11.5523],[107.1278,11.5558],[107.1318,11.5611],[107.1336,11.5629],[107.1336,11.5641],[107.1347,11.5679],[107.1358,11.569],[107.138,11.5705],[107.139,11.5702],[107.14,11.5704],[107.14,11.5709],[107.1421,11.5739],[107.1426,11.5761],[107.1401,11.5765],[107.1394,11.5763],[107.1312,11.5715],[107.1291,11.5711],[107.1279,11.5718],[107.1271,11.5728],[107.1238,11.5805],[107.1207,11.5824],[107.1194,11.5841],[107.1182,11.5847],[107.1165,11.5862],[107.1101,11.5866],[107.1031,11.5841],[107.1017,11.5838],[107.1,11.5838],[107.0978,11.5844],[107.0947,11.5843],[107.0938,11.5846],[107.0921,11.5877],[107.0914,11.5903],[107.0858,11.5958],[107.0853,11.5967],[107.0847,11.6007],[107.085,11.6019],[107.086,11.6037],[107.0859,11.6052],[107.0855,11.6057],[107.0837,11.6063],[107.0827,11.607],[107.0815,11.6091],[107.0816,11.6101],[107.0836,11.6119],[107.0841,11.6132],[107.0823,11.6189],[107.0828,11.6202],[107.0827,11.6208],[107.0812,11.622],[107.0713,11.6265],[107.0684,11.6258],[107.0675,11.626],[107.0596,11.6317],[107.0593,11.6328],[107.0592,11.6393],[107.0563,11.6459],[107.0551,11.6473],[107.053,11.648]]]},"properties":{"code":"25390","name":"Đồng Tâm","nameEn":"Dong Tam","fullName":"Xã Đồng Tâm","fullNameEn":"Dong Tam Commune","codeName":"dong_tam","postalCode":"67213","postalCodePrefix":"","gisServerId":"diaphanhanhchinhcapxa_2025.2299","areaKm2":248.8},"id":"25390"},
{"type":"Feature","geometry":{"type":"Polygon","coordinates":[[[107.2851,11.7786],[107.2852,11.7796],[107.2858,11.7799],[107.2854,11.7805],[107.2862,11.7814],[107.2861,11.7818],[107.2828,11.7839],[107.282,11.7841],[107.2829,11.7845],[107.2832,11.7852],[107.2839,11.7851],[107.2839,11.786],[107.2852,11.7869],[107.2851,11.7876],[107.2853,11.7896],[107.2861,11.7902],[107.2862,11.7906],[107.2869,11.7911],[107.2863,11.7918],[107.2863,11.7925],[107.286,11.7928],[107.2865,11.7934],[107.286,11.7935],[107.2855,11.7942],[107.2857,11.7944],[107.2847,11.7955],[107.2847,11.7972],[107.2854,11.7986],[107.2852,11.7993],[107.2856,11.8002],[107.2851,11.801],[107.2853,11.8023],[107.285,11.8035],[107.2851,11.8043],[107.2873,11.8057],[107.2876,11.8072],[107.2883,11.8079],[107.2893,11.8078],[107.2905,11.8086],[107.2917,11.8089],[107.2924,11.8111],[107.2941,11.8122],[107.2941,11.8142],[107.2945,11.8145],[107.2947,11.8155],[107.2958,11.8158],[107.2971,11.8173],[107.2963,11.8197],[107.2967,11.8211],[107.2956,11.8239],[107.2972,11.8265],[107.3005,11.8293],[107.3001,11.8317],[107.2999,11.8322],[107.2984,11.8324],[107.2978,11.8331],[107.2962,11.833],[107.2954,11.8342],[107.2943,11.8349],[107.2934,11.8363],[107.2947,11.8365],[107.2963,11.8373],[107.2971,11.8381],[107.2982,11.8404],[107.3,11.8421],[107.299,11.8455],[107.2998,11.8475],[107.2998,11.8495],[107.299,11.8504],[107.2979,11.8509],[107.2972,11.8509],[107.2962,11.8517],[107.2949,11.8522],[107.2941,11.8531],[107.2929,11.8533],[107.2923,11.8538],[107.2913,11.8532],[107.2912,11.8529],[107.2908,11.8531],[107.2906,11.8526],[107.2896,11.8517],[107.2887,11.8516],[107.2879,11.8505],[107.2874,11.8505],[107.287,11.8496],[107.2864,11.8494],[107.2856,11.8484],[107.2846,11.8483],[107.2845,11.8469],[107.2837,11.8465],[107.2829,11.8453],[107.2826,11.8454],[107.2819,11.8445],[107.281,11.8449],[107.2804,11.8449],[107.28,11.8453],[107.2798,11.845],[107.2792,11.8451],[107.2791,11.8457],[107.2788,11.8455],[107.2787,11.8458],[107.2762,11.8457],[107.2758,11.8467],[107.2752,11.8471],[107.2746,11.8469],[107.2745,11.8481],[107.2736,11.848],[107.2731,11.8494],[107.2733,11.8501],[107.274,11.8494],[107.2745,11.8496],[107.2754,11.8512],[107.2744,11.8518],[107.2744,11.852],[107.2765,11.8545],[107.2755,11.8547],[107.2758,11.8565],[107.2748,11.8572],[107.2743,11.8573],[107.2737,11.859],[107.2723,11.8579],[107.2712,11.8588],[107.2703,11.8587],[107.2699,11.8598],[107.268,11.8598],[107.2684,11.8605],[107.266,11.8611],[107.2656,11.8605],[107.265,11.861],[107.2643,11.8603],[107.2638,11.8606],[107.2632,11.8596],[107.2612,11.8602],[107.2604,11.8609],[107.2601,11.8604],[107.2593,11.8605],[107.259,11.8596],[107.2579,11.8595],[107.2572,11.8597],[107.2567,11.8603],[107.2567,11.862],[107.2559,11.8622],[107.2548,11.8622],[107.2538,11.8639],[107.2535,11.8655],[107.2527,11.8669],[107.2528,11.8684],[107.2514,11.8705],[107.249,11.8716],[107.249,11.8719],[107.2496,11.8723],[107.2504,11.872],[107.2506,11.8725],[107.2492,11.8745],[107.2482,11.8748],[107.2481,11.8758],[107.2467,11.875],[107.2459,11.8757],[107.2455,11.8753],[107.2456,11.8744],[107.2445,11.8746],[107.2444,11.8742],[107.2452,11.8737],[107.245,11.8729],[107.2453,11.8724],[107.2452,11.8715],[107.2438,11.8698],[107.2425,11.8692],[107.2416,11.868],[107.2403,11.8675],[107.2393,11.869],[107.2376,11.8679],[107.2361,11.8658],[107.2353,11.8655],[107.2339,11.8656],[107.2342,11.8649],[107.2354,11.8642],[107.2357,11.8636],[107.2351,11.8625],[107.2336,11.8629],[107.2332,11.8626],[107.2332,11.8586],[107.2336,11.8583],[107.2363,11.8582],[107.2365,11.8576],[107.2363,11.8568],[107.2353,11.8555],[107.2334,11.8544],[107.2322,11.853],[107.23,11.8541],[107.2271,11.8528],[107.2271,11.8519],[107.2283,11.8495],[107.2285,11.8481],[107.2279,11.8474],[107.2268,11.8484],[107.2265,11.8484],[107.2252,11.8467],[107.225,11.8461],[107.2263,11.8452],[107.2278,11.8451],[107.2279,11.8448],[107.2262,11.8418],[107.2254,11.8416],[107.2233,11.8422],[107.2219,11.8413],[107.2209,11.839],[107.2203,11.8365],[107.2194,11.8347],[107.2184,11.8348],[107.2171,11.8337],[107.2161,11.8337],[107.2154,11.8342],[107.2168,11.8354],[107.2161,11.8358],[107.2154,11.8359],[107.2146,11.8353],[107.2133,11.8329],[107.2121,11.8342],[107.2091,11.8351],[107.2085,11.835],[107.2083,11.8344],[107.209,11.8336],[107.2113,11.8319],[107.2133,11.831],[107.2144,11.8299],[107.2158,11.8278],[107.2155,11.8272],[107.2145,11.8268],[107.2125,11.8267],[107.2104,11.8257],[107.2059,11.8291],[107.2056,11.8287],[107.2057,11.8271],[107.2056,11.8267],[107.2048,11.8268],[107.2033,11.8277],[107.203,11.8275],[107.2025,11.8261],[107.1995,11.8269],[107.1989,11.8267],[107.1989,11.8261],[107.1993,11.8253],[107.2012,11.8233],[107.201,11.8212],[107.1994,11.821],[107.1979,11.8203],[107.1971,11.8203],[107.1937,11.8228],[107.1931,11.8229],[107.1926,11.8226],[107.1921,11.8206],[107.1924,11.8181],[107.193,11.8169],[107.1948,11.8151],[107.195,11.8144],[107.1947,11.8139],[107.1927,11.8145],[107.1901,11.8161],[107.1872,11.816],[107.1869,11.8158],[107.187,11.8143],[107.1861,11.8132],[107.1854,11.8115],[107.1844,11.8103],[107.1833,11.81],[107.1808,11.8097],[107.1787,11.8109],[107.1774,11.8107],[107.1735,11.8073],[107.173,11.8045],[107.1727,11.804],[107.1715,11.8039],[107.1685,11.8046],[107.1655,11.8047],[107.1632,11.8053],[107.1624,11.8053],[107.1615,11.8044],[107.1614,11.8021],[107.1599,11.8007],[107.1604,11.7989],[107.1598,11.7981],[107.1555,11.798],[107.1507,11.7988],[107.1475,11.7996],[107.1475,11.7969],[107.1478,11.7948],[107.1475,11.7942],[107.1468,11.7939],[107.1458,11.7943],[107.1443,11.7967],[107.1428,11.7972],[107.1405,11.7991],[107.1391,11.7994],[107.1336,11.799],[107.1309,11.7972],[107.1277,11.7965],[107.1268,11.7955],[107.1254,11.7956],[107.1232,11.7973],[107.1217,11.7996],[107.1195,11.8041],[107.1164,11.8043],[107.1136,11.8033],[107.1116,11.803],[107.1095,11.8037],[107.1082,11.8038],[107.1068,11.8034],[107.1061,11.8029],[107.1055,11.802],[107.1046,11.7995],[107.103,11.7977],[107.0977,11.7956],[107.0966,11.7939],[107.0958,11.791],[107.1017,11.7902],[107.1022,11.7898],[107.1027,11.788],[107.1028,11.7855],[107.1045,11.7824],[107.1039,11.7784],[107.1049,11.7782],[107.1068,11.7784],[107.1075,11.7782],[107.1081,11.7776],[107.108,11.7768],[107.1062,11.7746],[107.106,11.7726],[107.1063,11.7714],[107.107,11.7703],[107.1097,11.7685],[107.1119,11.7676],[107.1155,11.7671],[107.1162,11.7668],[107.1188,11.7633],[107.1197,11.7607],[107.1202,11.7604],[107.121,11.7609],[107.1212,11.7615],[107.1217,11.764],[107.1217,11.7659],[107.1224,11.7662],[107.1253,11.7663],[107.1254,11.7679],[107.1257,11.7683],[107.1264,11.7683],[107.1269,11.767],[107.1279,11.7664],[107.1288,11.7665],[107.13,11.7684],[107.1306,11.7687],[107.1314,11.7687],[107.1338,11.7684],[107.1344,11.7681],[107.136,11.7666],[107.1372,11.7664],[107.1407,11.767],[107.1429,11.7682],[107.1454,11.7675],[107.1469,11.7697],[107.1477,11.7703],[107.1499,11.7699],[107.154,11.7717],[107.1566,11.7721],[107.1576,11.772],[107.1591,11.7714],[107.16,11.77],[107.1603,11.7688],[107.1603,11.7675],[107.1594,11.7645],[107.1594,11.7637],[107.1615,11.7598],[107.1619,11.7596],[107.1646,11.7605],[107.168,11.7609],[107.1687,11.7608],[107.1692,11.759],[107.1718,11.7578],[107.1718,11.7573],[107.1703,11.7558],[107.1702,11.755],[107.1709,11.7541],[107.172,11.7531],[107.1717,11.7503],[107.1727,11.7478],[107.1742,11.7463],[107.1741,11.7454],[107.175,11.7452],[107.1762,11.7457],[107.1769,11.7456],[107.1771,11.7453],[107.1773,11.7437],[107.1765,11.7431],[107.1758,11.7429],[107.1759,11.7422],[107.1766,11.7423],[107.1777,11.7412],[107.1773,11.7396],[107.1776,11.7393],[107.179,11.7396],[107.1793,11.7408],[107.1798,11.741],[107.1807,11.7406],[107.1815,11.7395],[107.1822,11.7391],[107.1864,11.7393],[107.1864,11.738],[107.1869,11.7372],[107.1882,11.7379],[107.1884,11.739],[107.1889,11.7395],[107.1899,11.7393],[107.1917,11.74],[107.1932,11.7398],[107.1936,11.7404],[107.1953,11.7401],[107.198,11.7414],[107.1984,11.7422],[107.1976,11.7428],[107.1977,11.7438],[107.1985,11.7444],[107.1994,11.7447],[107.2001,11.7438],[107.2025,11.7438],[107.2031,11.7435],[107.2034,11.7426],[107.2031,11.7413],[107.2034,11.7408],[107.2052,11.7394],[107.2074,11.7391],[107.2075,11.7389],[107.2069,11.7381],[107.2068,11.7373],[107.2077,11.7353],[107.2094,11.7349],[107.2101,11.7354],[107.2107,11.7355],[107.2111,11.7352],[107.211,11.7345],[107.2113,11.7343],[107.2127,11.7359],[107.213,11.7369],[107.215,11.7367],[107.2147,11.7358],[107.2152,11.736],[107.2156,11.7356],[107.2163,11.7357],[107.219,11.7346],[107.2193,11.7336],[107.2205,11.7341],[107.2209,11.7322],[107.2214,11.7321],[107.2217,11.7323],[107.2216,11.733],[107.222,11.7343],[107.2227,11.7339],[107.2224,11.7332],[107.2234,11.733],[107.2237,11.7333],[107.2235,11.7352],[107.2228,11.7355],[107.2225,11.736],[107.2237,11.7363],[107.2232,11.7377],[107.2221,11.737],[107.2202,11.7383],[107.22,11.7387],[107.2215,11.7392],[107.2223,11.74],[107.2235,11.74],[107.2228,11.741],[107.2218,11.7403],[107.2215,11.7408],[107.2226,11.7413],[107.2226,11.7445],[107.2232,11.7439],[107.2232,11.7457],[107.2256,11.7455],[107.2265,11.745],[107.2267,11.7454],[107.2261,11.7463],[107.2263,11.7466],[107.2273,11.7463],[107.2286,11.7455],[107.2298,11.7457],[107.2311,11.7447],[107.2323,11.7448],[107.232,11.7458],[107.2308,11.7464],[107.2319,11.7465],[107.2311,11.7472],[107.2318,11.7473],[107.2322,11.7477],[107.2313,11.7494],[107.2324,11.7491],[107.2327,11.7492],[107.2319,11.75],[107.232,11.7505],[107.2326,11.751],[107.2324,11.7523],[107.233,11.752],[107.2334,11.7506],[107.2339,11.752],[107.2336,11.7526],[107.2348,11.7542],[107.2349,11.7557],[107.2362,11.7562],[107.2356,11.7568],[107.2368,11.7562],[107.2369,11.7567],[107.2373,11.7567],[107.2381,11.7573],[107.2391,11.7574],[107.2385,11.7584],[107.2397,11.7585],[107.2403,11.7598],[107.2403,11.7607],[107.2396,11.7619],[107.2407,11.7616],[107.2412,11.7618],[107.2406,11.7622],[107.2417,11.7627],[107.2411,11.7632],[107.2424,11.7659],[107.2461,11.7648],[107.2461,11.7644],[107.2457,11.7642],[107.2466,11.7638],[107.2472,11.7643],[107.2474,11.765],[107.2479,11.765],[107.2482,11.7655],[107.2487,11.7652],[107.2493,11.7654],[107.2494,11.7661],[107.2506,11.7656],[107.2505,11.7665],[107.2523,11.7659],[107.2529,11.7664],[107.2536,11.7666],[107.254,11.7659],[107.2542,11.7664],[107.2545,11.7665],[107.2555,11.7661],[107.256,11.7648],[107.2568,11.7649],[107.258,11.7645],[107.259,11.7649],[107.2589,11.7645],[107.2597,11.764],[107.26,11.7646],[107.2594,11.7649],[107.2599,11.7651],[107.2602,11.7649],[107.2602,11.7642],[107.2607,11.7641],[107.2607,11.7637],[107.2616,11.763],[107.2623,11.7631],[107.2637,11.7623],[107.2648,11.7634],[107.2647,11.7642],[107.2655,11.7648],[107.2655,11.7652],[107.2663,11.7653],[107.267,11.7666],[107.2678,11.7672],[107.2687,11.7669],[107.2696,11.7677],[107.2692,11.7693],[107.2695,11.7701],[107.269,11.7711],[107.269,11.7721],[107.27,11.7739],[107.2727,11.7748],[107.2724,11.7757],[107.2726,11.7766],[107.2741,11.7764],[107.275,11.776],[107.2762,11.7762],[107.2788,11.7779],[107.2806,11.7782],[107.2811,11.7789],[107.2823,11.7793],[107.2835,11.7803],[107.2843,11.78],[107.2847,11.7791],[107.2851,11.7786]]]},"properties":{"code":"25396","name":"Bù Đăng","nameEn":"Bu Dang","fullName":"Xã Bù Đăng","fullNameEn":"Bu Dang Commune","codeName":"bu_dang","postalCode":"67322","postalCodePrefix":"","gisServerId":"diaphanhanhchinhcapxa_2025.2300","areaKm2":156.1},"id":"25396"},
{"type":"Feature","geometry":{"type":"Polygon","coordinates":[[[107.3166,12.0063],[107.3156,12.0076],[107.3152,12.0074],[107.3137,12.0082],[107.3128,12.0073],[107.3115,12.0074],[107.3109,12.0063],[107.3099,12.0057],[107.3075,12.0057],[107.3063,12.0063],[107.3055,12.0071],[107.3063,12.0082],[107.3063,12.0087],[107.3037,12.0105],[107.3029,12.0102],[107.3015,12.0082],[107.299,12.009],[107.2969,12.0102],[107.2947,12.0093],[107.2941,12.0094],[107.2939,12.0098],[107.2953,12.0111],[107.2947,12.012],[107.2947,12.0128],[107.2961,12.0157],[107.2954,12.0163],[107.2946,12.0162],[107.2935,12.0166],[107.2911,12.0185],[107.2909,12.0192],[107.2921,12.0211],[107.2917,12.0215],[107.2898,12.0203],[107.2889,12.0188],[107.289,12.0179],[107.2909,12.0165],[107.2908,12.0161],[107.2898,12.0155],[107.2854,12.0167],[107.2839,12.0181],[107.2808,12.0142],[107.2803,12.0128],[107.2799,12.0126],[107.2794,12.0131],[107.2793,12.0154],[107.2788,12.0172],[107.2784,12.0177],[107.2767,12.0176],[107.2766,12.017],[107.2769,12.0142],[107.2758,12.0132],[107.275,12.0134],[107.2732,12.0146],[107.2707,12.0172],[107.2704,12.0169],[107.2699,12.0159],[107.2696,12.0137],[107.2692,12.0134],[107.2685,12.0134],[107.2671,12.0151],[107.2679,12.0161],[107.2674,12.0168],[107.2651,12.0175],[107.2627,12.0173],[107.262,12.0175],[107.2611,12.0204],[107.2603,12.0197],[107.2602,12.0186],[107.2594,12.0185],[107.2565,12.0189],[107.2542,12.0204],[107.2522,12.0209],[107.2496,12.0241],[107.2498,12.0255],[107.2494,12.026],[107.2461,12.0269],[107.243,12.0256],[107.2426,12.0257],[107.2425,12.0261],[107.2434,12.0282],[107.2437,12.0299],[107.2453,12.0315],[107.245,12.0326],[107.2456,12.0342],[107.2444,12.0364],[107.2431,12.0376],[107.2429,12.0387],[107.2423,12.039],[107.2417,12.0387],[107.241,12.0374],[107.2406,12.0364],[107.2406,12.034],[107.2404,12.0336],[107.2397,12.0335],[107.239,12.0341],[107.2394,12.0363],[107.2378,12.0369],[107.2368,12.0368],[107.236,12.0362],[107.2338,12.0301],[107.234,12.0284],[107.2335,12.0274],[107.2328,12.0271],[107.2316,12.0276],[107.2308,12.0286],[107.2275,12.0293],[107.2248,12.0311],[107.2229,12.0331],[107.2219,12.0335],[107.2203,12.0327],[107.2166,12.0284],[107.2168,12.0276],[107.2185,12.0283],[107.22,12.0271],[107.2198,12.0266],[107.2184,12.0258],[107.2174,12.0256],[107.2117,12.0286],[107.2114,12.0308],[107.2109,12.0314],[107.2095,12.031],[107.2083,12.0298],[107.2074,12.0297],[107.2066,12.0299],[107.2041,12.0314],[107.2023,12.0317],[107.1999,12.03],[107.1991,12.0297],[107.1981,12.0297],[107.1975,12.0298],[107.1957,12.0318],[107.1937,12.0334],[107.1919,12.0336],[107.1897,12.0331],[107.1882,12.0322],[107.1857,12.0291],[107.1842,12.0263],[107.1837,12.0247],[107.1822,12.0215],[107.1811,12.02],[107.18,12.0199],[107.1791,12.0203],[107.1776,12.0227],[107.177,12.0234],[107.1739,12.0228],[107.173,12.0218],[107.173,12.0207],[107.1739,12.0183],[107.1737,12.0165],[107.1741,12.0131],[107.1755,12.0117],[107.1781,12.0106],[107.1788,12.009],[107.1787,12.0082],[107.177,12.0061],[107.1749,12.0056],[107.1738,12.0047],[107.1732,12.0037],[107.1726,12.0012],[107.1722,12.0006],[107.1717,12.0002],[107.1711,12.0002],[107.1699,12.0033],[107.1682,12.004],[107.1672,12.0038],[107.165,12.0017],[107.1636,12.0007],[107.1603,12.0011],[107.1581,12.002],[107.1569,12.0019],[107.1562,12.0008],[107.1562,12.0002],[107.1568,11.999],[107.158,11.9973],[107.158,11.9965],[107.1561,11.9968],[107.1528,11.9949],[107.1515,11.9936],[107.1487,11.9936],[107.1485,11.9929],[107.1488,11.9914],[107.1466,11.9902],[107.1464,11.99],[107.1463,11.9893],[107.1472,11.9885],[107.1508,11.9884],[107.1515,11.9879],[107.1521,11.9869],[107.1524,11.9856],[107.1522,11.9843],[107.1517,11.9837],[107.1498,11.9825],[107.1491,11.9823],[107.1468,11.9833],[107.146,11.9832],[107.1438,11.9804],[107.1396,11.9784],[107.1377,11.9764],[107.1359,11.9759],[107.1341,11.9757],[107.1321,11.976],[107.1271,11.978],[107.1258,11.9779],[107.1245,11.9774],[107.1236,11.9768],[107.1234,11.976],[107.1256,11.974],[107.1253,11.9728],[107.1237,11.9711],[107.1224,11.9703],[107.1212,11.9699],[107.1183,11.9696],[107.1179,11.9692],[107.1171,11.9678],[107.117,11.9671],[107.1185,11.9635],[107.1187,11.9625],[107.1186,11.9614],[107.1164,11.959],[107.1184,11.9566],[107.1188,11.9554],[107.1146,11.9505],[107.1135,11.9484],[107.1132,11.9473],[107.1137,11.9429],[107.1143,11.9417],[107.1158,11.9397],[107.1191,11.9411],[107.12,11.941],[107.1215,11.9401],[107.1231,11.9403],[107.1245,11.9395],[107.1258,11.9399],[107.1268,11.9407],[107.1278,11.9401],[107.1282,11.9403],[107.1291,11.9398],[107.1295,11.9386],[107.1311,11.9384],[107.1325,11.9398],[107.1335,11.9402],[107.1342,11.9397],[107.1346,11.9398],[107.1349,11.941],[107.1358,11.9415],[107.1359,11.943],[107.1366,11.9436],[107.1375,11.9432],[107.1376,11.9423],[107.1381,11.9421],[107.1385,11.9413],[107.14,11.9409],[107.1431,11.9395],[107.1443,11.9399],[107.1452,11.9398],[107.1455,11.9402],[107.1469,11.94],[107.1474,11.9396],[107.1479,11.9401],[107.1501,11.9408],[107.1506,11.9403],[107.1525,11.94],[107.1548,11.941],[107.1568,11.9413],[107.1581,11.9423],[107.1582,11.9426],[107.1639,11.9397],[107.1659,11.9403],[107.1671,11.9411],[107.1689,11.9397],[107.1693,11.9385],[107.1707,11.9395],[107.1758,11.9404],[107.1768,11.9409],[107.18,11.9431],[107.1824,11.946],[107.1838,11.945],[107.1848,11.9464],[107.1847,11.9474],[107.1857,11.9479],[107.1876,11.9473],[107.1876,11.947],[107.1918,11.9482],[107.1911,11.9476],[107.1912,11.9469],[107.192,11.9472],[107.1945,11.9462],[107.1976,11.9439],[107.1985,11.944],[107.1996,11.9447],[107.1997,11.9443],[107.2,11.9443],[107.2,11.9436],[107.1997,11.9434],[107.2016,11.9404],[107.2016,11.9413],[107.2021,11.9415],[107.2034,11.9411],[107.2054,11.9411],[107.2061,11.9407],[107.206,11.9396],[107.2063,11.9389],[107.2079,11.9376],[107.2089,11.9357],[107.2101,11.9344],[107.2099,11.9339],[107.2095,11.934],[107.2091,11.9332],[107.2091,11.9324],[107.2078,11.9315],[107.2078,11.9311],[107.2074,11.931],[107.2076,11.9304],[107.2072,11.93],[107.2069,11.93],[107.2067,11.929],[107.2063,11.9291],[107.2065,11.9277],[107.2081,11.929],[107.2104,11.9285],[107.2111,11.9288],[107.2119,11.9286],[107.2133,11.9275],[107.2146,11.9275],[107.2162,11.9269],[107.2179,11.9268],[107.2194,11.9257],[107.2203,11.924],[107.2219,11.9241],[107.2219,11.9221],[107.2216,11.9214],[107.2226,11.921],[107.223,11.9203],[107.2229,11.9196],[107.2233,11.9192],[107.2231,11.9181],[107.2237,11.9172],[107.2234,11.9168],[107.2225,11.917],[107.2218,11.9164],[107.2231,11.9154],[107.2229,11.9152],[107.2215,11.9154],[107.2211,11.9151],[107.2216,11.9149],[107.2215,11.9141],[107.2219,11.9134],[107.2215,11.9136],[107.2202,11.9132],[107.2195,11.9127],[107.2191,11.913],[107.2192,11.9137],[107.2188,11.9138],[107.2188,11.9132],[107.2179,11.9123],[107.218,11.912],[107.2189,11.9117],[107.2204,11.9119],[107.2215,11.9113],[107.2221,11.9106],[107.2231,11.9108],[107.2237,11.9102],[107.2246,11.9112],[107.2251,11.9107],[107.2254,11.9108],[107.2258,11.9106],[107.2278,11.9106],[107.2302,11.9086],[107.231,11.9075],[107.2319,11.907],[107.2336,11.9046],[107.2355,11.9028],[107.2363,11.9023],[107.2387,11.9028],[107.2415,11.9028],[107.2438,11.9003],[107.2454,11.8998],[107.2461,11.8998],[107.2487,11.8987],[107.2497,11.8988],[107.2506,11.8978],[107.2514,11.8979],[107.253,11.8972],[107.2538,11.8976],[107.2556,11.9003],[107.2575,11.8999],[107.2594,11.9013],[107.2613,11.9021],[107.2617,11.9036],[107.2599,11.9064],[107.2599,11.9071],[107.2602,11.9074],[107.2615,11.9075],[107.263,11.9081],[107.2638,11.9079],[107.2648,11.9066],[107.266,11.9038],[107.267,11.9034],[107.2675,11.9036],[107.2671,11.9066],[107.2672,11.9073],[107.2676,11.9075],[107.2673,11.9085],[107.2677,11.9087],[107.2679,11.9082],[107.2687,11.9081],[107.2706,11.9104],[107.2708,11.9115],[107.2713,11.9126],[107.27,11.9135],[107.2715,11.9144],[107.2718,11.915],[107.2687,11.9183],[107.2673,11.9192],[107.2675,11.9211],[107.2669,11.9226],[107.2679,11.925],[107.2675,11.9258],[107.2663,11.9267],[107.2664,11.9275],[107.2693,11.9294],[107.2701,11.9281],[107.2721,11.9273],[107.2727,11.9281],[107.2734,11.9285],[107.2734,11.9292],[107.2732,11.9292],[107.2714,11.9286],[107.2707,11.9308],[107.2694,11.9317],[107.2692,11.9321],[107.2698,11.9331],[107.2713,11.9332],[107.2715,11.9341],[107.2725,11.9345],[107.2726,11.9354],[107.2732,11.9352],[107.2736,11.9361],[107.2747,11.9361],[107.2751,11.9366],[107.2756,11.9368],[107.2751,11.9375],[107.2751,11.9381],[107.2761,11.9383],[107.2765,11.9389],[107.2752,11.9392],[107.2753,11.941],[107.2772,11.9412],[107.2779,11.9407],[107.2776,11.9421],[107.2766,11.9429],[107.2775,11.9434],[107.2777,11.9439],[107.2783,11.9436],[107.2789,11.9437],[107.2787,11.9456],[107.2789,11.9458],[107.28,11.9458],[107.2802,11.946],[107.2796,11.9468],[107.2795,11.9479],[107.2778,11.9487],[107.2783,11.9496],[107.2807,11.9495],[107.2811,11.9512],[107.2822,11.9515],[107.2823,11.953],[107.2833,11.9528],[107.2846,11.9535],[107.2851,11.9532],[107.2853,11.9524],[107.286,11.9524],[107.2868,11.9537],[107.2862,11.9545],[107.2868,11.9554],[107.2868,11.956],[107.287,11.9561],[107.2875,11.9556],[107.2878,11.9557],[107.2879,11.9565],[107.2894,11.9569],[107.2894,11.9575],[107.29,11.9577],[107.2899,11.9582],[107.2912,11.9579],[107.2916,11.9576],[107.2925,11.9582],[107.2932,11.9576],[107.2947,11.9588],[107.2967,11.9589],[107.2968,11.9602],[107.2972,11.9605],[107.2974,11.9611],[107.2978,11.9607],[107.2982,11.9609],[107.2978,11.9614],[107.2983,11.9615],[107.2985,11.9622],[107.2992,11.9627],[107.2993,11.9638],[107.3003,11.9636],[107.3004,11.9641],[107.3014,11.9644],[107.3015,11.9649],[107.3012,11.9651],[107.303,11.9661],[107.3035,11.968],[107.3033,11.9687],[107.3039,11.9702],[107.3036,11.9728],[107.3039,11.9735],[107.3032,11.9752],[107.3037,11.9776],[107.3044,11.979],[107.304,11.9805],[107.3046,11.9822],[107.3054,11.9825],[107.3059,11.983],[107.3058,11.9837],[107.3063,11.984],[107.3066,11.9848],[107.3066,11.9857],[107.3076,11.9875],[107.3097,11.9896],[107.3117,11.9906],[107.3132,11.9911],[107.3143,11.9907],[107.3154,11.9907],[107.318,11.9914],[107.3173,11.9938],[107.3184,11.9956],[107.3185,11.9975],[107.3191,11.999],[107.3188,12.0006],[107.3183,12.0015],[107.318,12.0026],[107.3172,12.0036],[107.3166,12.0063]]]},"properties":{"code":"25399","name":"Đak Nhau","nameEn":"Dak Nhau","fullName":"Xã Đak Nhau","fullNameEn":"Dak Nhau Commune","codeName":"dak_nhau","postalCode":"67310","postalCodePrefix":"","gisServerId":"diaphanhanhchinhcapxa_2025.2301","areaKm2":182.5},"id":"25399"},
{"type":"Feature","geometry":{"type":"Polygon","coordinates":[[[107.3017,11.7395],[107.3039,11.7401],[107.3091,11.7396],[107.3117,11.7398],[107.3157,11.7406],[107.3166,11.7411],[107.3176,11.7424],[107.3188,11.7425],[107.3194,11.7429],[107.3208,11.7447],[107.3231,11.746],[107.3233,11.7471],[107.3244,11.7483],[107.3272,11.7494],[107.3313,11.7479],[107.3355,11.7478],[107.3383,11.7484],[107.3401,11.75],[107.3437,11.751],[107.345,11.7501],[107.3478,11.7503],[107.3503,11.7515],[107.3512,11.7523],[107.353,11.7525],[107.355,11.7542],[107.3556,11.7557],[107.3565,11.7568],[107.356,11.7591],[107.3563,11.7611],[107.3567,11.7621],[107.3577,11.7623],[107.3594,11.7613],[107.3605,11.7614],[107.3628,11.7608],[107.3632,11.7609],[107.3645,11.7627],[107.3645,11.7647],[107.3651,11.7658],[107.3664,11.7668],[107.3683,11.7675],[107.3709,11.7694],[107.3738,11.7708],[107.3755,11.7704],[107.3767,11.7708],[107.3779,11.7707],[107.3798,11.7714],[107.3833,11.7718],[107.3859,11.7728],[107.3866,11.7727],[107.3876,11.7723],[107.3886,11.7713],[107.3883,11.7692],[107.3903,11.767],[107.3909,11.7667],[107.3912,11.7672],[107.3924,11.7675],[107.3934,11.7681],[107.3935,11.7694],[107.3942,11.7703],[107.3956,11.7707],[107.3957,11.772],[107.3961,11.7733],[107.3977,11.7732],[107.3968,11.7749],[107.3971,11.7764],[107.3977,11.7768],[107.3993,11.777],[107.3983,11.7788],[107.3953,11.7807],[107.3956,11.7812],[107.3972,11.7818],[107.3967,11.7834],[107.3972,11.7849],[107.3961,11.7861],[107.3952,11.7881],[107.3946,11.7883],[107.3931,11.7883],[107.3928,11.7889],[107.3927,11.7898],[107.3935,11.7924],[107.3933,11.7951],[107.3953,11.7954],[107.396,11.7958],[107.396,11.7962],[107.3946,11.7964],[107.3943,11.7967],[107.3945,11.7971],[107.3957,11.7976],[107.3957,11.7997],[107.3974,11.8011],[107.3986,11.8006],[107.4003,11.7979],[107.4013,11.7977],[107.4018,11.7981],[107.4028,11.8004],[107.4045,11.801],[107.4074,11.8036],[107.4091,11.8057],[107.4094,11.8069],[107.4074,11.8082],[107.4081,11.8095],[107.4075,11.8107],[107.4069,11.8114],[107.4055,11.812],[107.4047,11.8129],[107.4045,11.8148],[107.4053,11.8169],[107.4053,11.8187],[107.4061,11.8192],[107.4066,11.8202],[107.4086,11.8206],[107.4087,11.8213],[107.4083,11.8222],[107.4083,11.8234],[107.4096,11.824],[107.4103,11.8255],[107.4112,11.8255],[107.4122,11.8265],[107.413,11.8262],[107.4134,11.8264],[107.4134,11.8286],[107.414,11.8303],[107.4147,11.8308],[107.4143,11.8341],[107.4151,11.8342],[107.416,11.8323],[107.4172,11.8312],[107.4177,11.8312],[107.4181,11.8315],[107.4181,11.8321],[107.4175,11.8325],[107.4175,11.8343],[107.4171,11.8346],[107.4157,11.8349],[107.4156,11.8352],[107.4164,11.8357],[107.4165,11.838],[107.4172,11.838],[107.4181,11.839],[107.419,11.8404],[107.419,11.8416],[107.4205,11.8421],[107.422,11.8445],[107.4252,11.8448],[107.4265,11.8454],[107.427,11.8459],[107.4272,11.8472],[107.4264,11.8504],[107.4266,11.852],[107.426,11.8589],[107.4255,11.8599],[107.4241,11.8607],[107.4236,11.862],[107.4225,11.8633],[107.4217,11.8636],[107.4205,11.8633],[107.4205,11.8641],[107.4184,11.8654],[107.4172,11.8644],[107.4161,11.8645],[107.4154,11.865],[107.4128,11.864],[107.409,11.865],[107.4068,11.8676],[107.4063,11.8693],[107.4057,11.8695],[107.4061,11.87],[107.4064,11.8714],[107.406,11.8723],[107.4059,11.874],[107.4059,11.8745],[107.4062,11.8747],[107.4061,11.8755],[107.4045,11.8768],[107.4041,11.8787],[107.4037,11.879],[107.4036,11.8795],[107.4031,11.8796],[107.4027,11.88],[107.4028,11.8804],[107.4032,11.8806],[107.4031,11.8813],[107.4025,11.8817],[107.4016,11.8819],[107.4011,11.8834],[107.4013,11.8837],[107.4005,11.8844],[107.4004,11.885],[107.401,11.8855],[107.4009,11.8859],[107.4013,11.886],[107.4012,11.8867],[107.4015,11.8867],[107.4016,11.8871],[107.4016,11.8875],[107.4013,11.8875],[107.4012,11.8879],[107.4007,11.8881],[107.4007,11.8906],[107.395,11.8963],[107.3943,11.8953],[107.3941,11.8956],[107.386,11.9124],[107.3867,11.9145],[107.3864,11.915],[107.3869,11.9156],[107.386,11.9163],[107.3855,11.9162],[107.3851,11.9165],[107.3848,11.9178],[107.3851,11.9178],[107.3853,11.9186],[107.3839,11.9189],[107.3836,11.9194],[107.3839,11.9202],[107.3824,11.921],[107.3812,11.9222],[107.3813,11.9226],[107.3807,11.9229],[107.3798,11.9229],[107.3789,11.9234],[107.378,11.9229],[107.3775,11.923],[107.3771,11.9227],[107.3768,11.923],[107.3753,11.9234],[107.3748,11.9238],[107.3744,11.9262],[107.3718,11.927],[107.3708,11.9269],[107.37,11.9274],[107.3692,11.9285],[107.3692,11.9296],[107.3686,11.9318],[107.3679,11.9321],[107.3676,11.9327],[107.3669,11.9325],[107.367,11.9332],[107.3663,11.9333],[107.3642,11.9328],[107.3635,11.9337],[107.3627,11.9333],[107.3615,11.9342],[107.3593,11.9341],[107.3587,11.9352],[107.357,11.9359],[107.3556,11.9387],[107.3534,11.9387],[107.3528,11.9391],[107.3534,11.9401],[107.3553,11.94],[107.3564,11.9393],[107.3569,11.9398],[107.3568,11.9402],[107.3541,11.942],[107.354,11.9423],[107.3547,11.9429],[107.3546,11.9434],[107.353,11.9437],[107.353,11.9443],[107.3545,11.9446],[107.3546,11.9449],[107.352,11.9464],[107.3519,11.9467],[107.3525,11.9477],[107.3539,11.9468],[107.3551,11.947],[107.3552,11.9475],[107.3541,11.9483],[107.3539,11.9491],[107.3542,11.9493],[107.3553,11.949],[107.3558,11.9492],[107.356,11.9504],[107.3569,11.9519],[107.3566,11.9522],[107.356,11.9523],[107.3549,11.952],[107.3523,11.9539],[107.3534,11.9554],[107.3534,11.9564],[107.3528,11.9577],[107.3533,11.9585],[107.3518,11.9599],[107.353,11.9615],[107.3517,11.9615],[107.3512,11.9619],[107.3517,11.964],[107.3495,11.966],[107.3489,11.9658],[107.3483,11.9644],[107.3476,11.9643],[107.3478,11.9656],[107.3486,11.9665],[107.3505,11.9671],[107.3513,11.9681],[107.3478,11.9698],[107.3478,11.9704],[107.3467,11.9721],[107.3452,11.9736],[107.3444,11.9754],[107.3442,11.9764],[107.3446,11.9784],[107.3444,11.9797],[107.3412,11.9834],[107.3378,11.9882],[107.3303,11.9975],[107.3284,11.9982],[107.3278,11.9981],[107.3273,11.9985],[107.3267,11.9983],[107.3266,11.9988],[107.3259,11.9992],[107.3258,11.9996],[107.3247,12.0002],[107.3246,12.0028],[107.3241,12.0041],[107.3242,12.005],[107.3229,12.0051],[107.3229,12.0055],[107.3225,12.0058],[107.3223,12.0054],[107.3215,12.0053],[107.3215,12.005],[107.3209,12.0047],[107.3201,12.0048],[107.3193,12.0055],[107.3182,12.0051],[107.3172,12.0056],[107.3166,12.0063],[107.3172,12.0036],[107.318,12.0026],[107.3183,12.0015],[107.3188,12.0006],[107.3191,11.999],[107.3185,11.9975],[107.3184,11.9956],[107.3173,11.9938],[107.318,11.9914],[107.3154,11.9907],[107.3143,11.9907],[107.3132,11.9911],[107.3117,11.9906],[107.3097,11.9896],[107.3076,11.9875],[107.3066,11.9857],[107.3066,11.9848],[107.3063,11.984],[107.3058,11.9837],[107.3059,11.983],[107.3054,11.9825],[107.3046,11.9822],[107.304,11.9805],[107.3044,11.979],[107.3037,11.9776],[107.3032,11.9752],[107.3039,11.9735],[107.3036,11.9728],[107.3039,11.9702],[107.3033,11.9687],[107.3035,11.968],[107.303,11.9661],[107.3012,11.9651],[107.3015,11.9649],[107.3014,11.9644],[107.3004,11.9641],[107.3003,11.9636],[107.2993,11.9638],[107.2992,11.9627],[107.2985,11.9622],[107.2983,11.9615],[107.2978,11.9614],[107.2982,11.9609],[107.2978,11.9607],[107.2974,11.9611],[107.2972,11.9605],[107.2968,11.9602],[107.2967,11.9589],[107.2947,11.9588],[107.2932,11.9576],[107.2925,11.9582],[107.2916,11.9576],[107.2912,11.9579],[107.2899,11.9582],[107.29,11.9577],[107.2894,11.9575],[107.2894,11.9569],[107.2879,11.9565],[107.2878,11.9557],[107.2875,11.9556],[107.287,11.9561],[107.2868,11.956],[107.2868,11.9554],[107.2862,11.9545],[107.2868,11.9537],[107.286,11.9524],[107.2853,11.9524],[107.2851,11.9532],[107.2846,11.9535],[107.2833,11.9528],[107.2823,11.953],[107.2822,11.9515],[107.2811,11.9512],[107.2807,11.9495],[107.2783,11.9496],[107.2778,11.9487],[107.2795,11.9479],[107.2796,11.9468],[107.2802,11.946],[107.28,11.9458],[107.2789,11.9458],[107.2787,11.9456],[107.2789,11.9437],[107.2783,11.9436],[107.2777,11.9439],[107.2775,11.9434],[107.2766,11.9429],[107.2776,11.9421],[107.2779,11.9407],[107.2772,11.9412],[107.2753,11.941],[107.2752,11.9392],[107.2765,11.9389],[107.2761,11.9383],[107.2751,11.9381],[107.2751,11.9375],[107.2756,11.9368],[107.2751,11.9366],[107.2747,11.9361],[107.2736,11.9361],[107.2732,11.9352],[107.2726,11.9354],[107.2725,11.9345],[107.2715,11.9341],[107.2713,11.9332],[107.2698,11.9331],[107.2692,11.9321],[107.2694,11.9317],[107.2707,11.9308],[107.2714,11.9286],[107.2732,11.9292],[107.2734,11.9292],[107.2734,11.9285],[107.2727,11.9281],[107.2721,11.9273],[107.2701,11.9281],[107.2693,11.9294],[107.2664,11.9275],[107.2663,11.9267],[107.2675,11.9258],[107.2679,11.925],[107.2669,11.9226],[107.2675,11.9211],[107.2673,11.9192],[107.2687,11.9183],[107.2718,11.915],[107.2715,11.9144],[107.27,11.9135],[107.2713,11.9126],[107.2708,11.9115],[107.2706,11.9104],[107.2687,11.9081],[107.2679,11.9082],[107.2677,11.9087],[107.2673,11.9085],[107.2676,11.9075],[107.2672,11.9073],[107.2671,11.9066],[107.2675,11.9036],[107.267,11.9034],[107.266,11.9038],[107.2648,11.9066],[107.2638,11.9079],[107.263,11.9081],[107.2615,11.9075],[107.2602,11.9074],[107.2599,11.9071],[107.2599,11.9064],[107.2617,11.9036],[107.2613,11.9021],[107.2594,11.9013],[107.2575,11.8999],[107.2556,11.9003],[107.2538,11.8976],[107.253,11.8972],[107.2514,11.8979],[107.2506,11.8978],[107.2498,11.8972],[107.2497,11.8967],[107.2515,11.8944],[107.2516,11.893],[107.251,11.8925],[107.2476,11.8916],[107.2471,11.8911],[107.2472,11.8882],[107.2478,11.8866],[107.247,11.8833],[107.2469,11.881],[107.2463,11.8809],[107.244,11.8817],[107.2432,11.8815],[107.2433,11.8749],[107.2431,11.874],[107.2423,11.8724],[107.2437,11.8711],[107.2445,11.8728],[107.245,11.8729],[107.2452,11.8737],[107.2444,11.8742],[107.2445,11.8746],[107.2456,11.8744],[107.2455,11.8753],[107.2459,11.8757],[107.2467,11.875],[107.2481,11.8758],[107.2482,11.8748],[107.2492,11.8745],[107.2506,11.8725],[107.2504,11.872],[107.2496,11.8723],[107.249,11.8719],[107.249,11.8716],[107.2514,11.8705],[107.2528,11.8684],[107.2527,11.8669],[107.2535,11.8655],[107.2538,11.8639],[107.2548,11.8622],[107.2559,11.8622],[107.2567,11.862],[107.2567,11.8603],[107.2572,11.8597],[107.2579,11.8595],[107.259,11.8596],[107.2593,11.8605],[107.2601,11.8604],[107.2604,11.8609],[107.2612,11.8602],[107.2632,11.8596],[107.2638,11.8606],[107.2643,11.8603],[107.265,11.861],[107.2656,11.8605],[107.266,11.8611],[107.2684,11.8605],[107.268,11.8598],[107.2699,11.8598],[107.2703,11.8587],[107.2712,11.8588],[107.2723,11.8579],[107.2737,11.859],[107.2743,11.8573],[107.2748,11.8572],[107.2758,11.8565],[107.2755,11.8547],[107.2765,11.8545],[107.2744,11.852],[107.2744,11.8518],[107.2754,11.8512],[107.2745,11.8496],[107.274,11.8494],[107.2733,11.8501],[107.2731,11.8494],[107.2736,11.848],[107.2745,11.8481],[107.2746,11.8469],[107.2752,11.8471],[107.2758,11.8467],[107.2762,11.8457],[107.2787,11.8458],[107.2788,11.8455],[107.2791,11.8457],[107.2792,11.8451],[107.2798,11.845],[107.28,11.8453],[107.2804,11.8449],[107.281,11.8449],[107.2819,11.8445],[107.2826,11.8454],[107.2829,11.8453],[107.2837,11.8465],[107.2845,11.8469],[107.2846,11.8483],[107.2856,11.8484],[107.2864,11.8494],[107.287,11.8496],[107.2874,11.8505],[107.2879,11.8505],[107.2887,11.8516],[107.2896,11.8517],[107.2906,11.8526],[107.2908,11.8531],[107.2912,11.8529],[107.2913,11.8532],[107.2923,11.8538],[107.2929,11.8533],[107.2941,11.8531],[107.2949,11.8522],[107.2962,11.8517],[107.2972,11.8509],[107.2979,11.8509],[107.299,11.8504],[107.2998,11.8495],[107.2998,11.8475],[107.299,11.8455],[107.3,11.8421],[107.2982,11.8404],[107.2971,11.8381],[107.2963,11.8373],[107.2947,11.8365],[107.2934,11.8363],[107.2943,11.8349],[107.2954,11.8342],[107.2962,11.833],[107.2978,11.8331],[107.2984,11.8324],[107.2999,11.8322],[107.3001,11.8317],[107.3005,11.8293],[107.2972,11.8265],[107.2956,11.8239],[107.2967,11.8211],[107.2963,11.8197],[107.2971,11.8173],[107.2958,11.8158],[107.2947,11.8155],[107.2945,11.8145],[107.2941,11.8142],[107.2941,11.8122],[107.2924,11.8111],[107.2917,11.8089],[107.2905,11.8086],[107.2893,11.8078],[107.2883,11.8079],[107.2876,11.8072],[107.2873,11.8057],[107.2851,11.8043],[107.285,11.8035],[107.2853,11.8023],[107.2851,11.801],[107.2856,11.8002],[107.2852,11.7993],[107.2854,11.7986],[107.2847,11.7972],[107.2847,11.7955],[107.2857,11.7944],[107.2855,11.7942],[107.286,11.7935],[107.2865,11.7934],[107.286,11.7928],[107.2863,11.7925],[107.2863,11.7918],[107.2869,11.7911],[107.2862,11.7906],[107.2861,11.7902],[107.2853,11.7896],[107.2851,11.7876],[107.2852,11.7869],[107.2839,11.786],[107.2839,11.7851],[107.2832,11.7852],[107.2829,11.7845],[107.282,11.7841],[107.2828,11.7839],[107.2861,11.7818],[107.2862,11.7814],[107.2854,11.7805],[107.2858,11.7799],[107.2852,11.7796],[107.2851,11.7786],[107.2856,11.778],[107.2871,11.7773],[107.2883,11.7755],[107.2879,11.7751],[107.2865,11.7759],[107.2862,11.7757],[107.2873,11.7743],[107.2887,11.7735],[107.2886,11.7725],[107.2892,11.7712],[107.2886,11.771],[107.2878,11.7712],[107.2877,11.7707],[107.2883,11.7696],[107.2888,11.7694],[107.2895,11.7678],[107.2909,11.7682],[107.2916,11.768],[107.2937,11.7651],[107.3044,11.756],[107.3052,11.7547],[107.3047,11.7533],[107.3044,11.7508],[107.3059,11.7492],[107.3059,11.7487],[107.3058,11.7483],[107.3049,11.7476],[107.3046,11.7468],[107.305,11.7464],[107.305,11.7457],[107.3037,11.7454],[107.3028,11.7442],[107.3027,11.7437],[107.3032,11.7432],[107.3032,11.7427],[107.3027,11.7422],[107.3017,11.7418],[107.3016,11.7413],[107.3023,11.7409],[107.3012,11.7402],[107.3017,11.7395]]]},"properties":{"code":"25402","name":"Thọ Sơn","nameEn":"Tho Son","fullName":"Xã Thọ Sơn","fullNameEn":"Tho Son Commune","codeName":"tho_son","postalCode":"67308","postalCodePrefix":"","gisServerId":"diaphanhanhchinhcapxa_2025.2302","areaKm2":307.7},"id":"25402"},
{"type":"Feature","geometry":{"type":"Polygon","coordinates":[[[107.2506,11.8978],[107.2497,11.8988],[107.2487,11.8987],[107.2461,11.8998],[107.2454,11.8998],[107.2438,11.9003],[107.2415,11.9028],[107.2387,11.9028],[107.2363,11.9023],[107.2355,11.9028],[107.2336,11.9046],[107.2319,11.907],[107.231,11.9075],[107.2302,11.9086],[107.2278,11.9106],[107.2258,11.9106],[107.2254,11.9108],[107.2251,11.9107],[107.2246,11.9112],[107.2237,11.9102],[107.2231,11.9108],[107.2221,11.9106],[107.2215,11.9113],[107.2204,11.9119],[107.2189,11.9117],[107.218,11.912],[107.2179,11.9123],[107.2188,11.9132],[107.2188,11.9138],[107.2192,11.9137],[107.2191,11.913],[107.2195,11.9127],[107.2202,11.9132],[107.2215,11.9136],[107.2219,11.9134],[107.2215,11.9141],[107.2216,11.9149],[107.2211,11.9151],[107.2215,11.9154],[107.2229,11.9152],[107.2231,11.9154],[107.2218,11.9164],[107.2225,11.917],[107.2234,11.9168],[107.2237,11.9172],[107.2231,11.9181],[107.2233,11.9192],[107.2229,11.9196],[107.223,11.9203],[107.2226,11.921],[107.2216,11.9214],[107.2219,11.9221],[107.2219,11.9241],[107.2203,11.924],[107.2194,11.9257],[107.2179,11.9268],[107.2162,11.9269],[107.2146,11.9275],[107.2133,11.9275],[107.2119,11.9286],[107.2111,11.9288],[107.2104,11.9285],[107.2081,11.929],[107.2065,11.9277],[107.2063,11.9291],[107.2067,11.929],[107.2069,11.93],[107.2072,11.93],[107.2076,11.9304],[107.2074,11.931],[107.2078,11.9311],[107.2078,11.9315],[107.2091,11.9324],[107.2091,11.9332],[107.2095,11.934],[107.2099,11.9339],[107.2101,11.9344],[107.2089,11.9357],[107.2079,11.9376],[107.2063,11.9389],[107.206,11.9396],[107.2061,11.9407],[107.2054,11.9411],[107.2034,11.9411],[107.2021,11.9415],[107.2016,11.9413],[107.2016,11.9404],[107.1997,11.9434],[107.2,11.9436],[107.2,11.9443],[107.1997,11.9443],[107.1996,11.9447],[107.1985,11.944],[107.1976,11.9439],[107.1945,11.9462],[107.192,11.9472],[107.1912,11.9469],[107.1911,11.9476],[107.1918,11.9482],[107.1876,11.947],[107.1876,11.9473],[107.1857,11.9479],[107.1847,11.9474],[107.1848,11.9464],[107.1838,11.945],[107.1824,11.946],[107.18,11.9431],[107.1768,11.9409],[107.1758,11.9404],[107.1707,11.9395],[107.1693,11.9385],[107.1689,11.9397],[107.1671,11.9411],[107.1659,11.9403],[107.1639,11.9397],[107.1582,11.9426],[107.1581,11.9423],[107.1568,11.9413],[107.1548,11.941],[107.1525,11.94],[107.1506,11.9403],[107.1501,11.9408],[107.1479,11.9401],[107.1474,11.9396],[107.1469,11.94],[107.1455,11.9402],[107.1452,11.9398],[107.1443,11.9399],[107.1431,11.9395],[107.14,11.9409],[107.1385,11.9413],[107.1381,11.9421],[107.1376,11.9423],[107.1375,11.9432],[107.1366,11.9436],[107.1359,11.943],[107.1358,11.9415],[107.1349,11.941],[107.1346,11.9398],[107.1342,11.9397],[107.1335,11.9402],[107.1325,11.9398],[107.1311,11.9384],[107.1295,11.9386],[107.1291,11.9398],[107.1282,11.9403],[107.1278,11.9401],[107.1268,11.9407],[107.1258,11.9399],[107.1245,11.9395],[107.1231,11.9403],[107.1215,11.9401],[107.12,11.941],[107.1191,11.9411],[107.1158,11.9397],[107.1167,11.9348],[107.1161,11.9328],[107.1148,11.9322],[107.1132,11.9327],[107.1108,11.9342],[107.1089,11.9344],[107.1082,11.9339],[107.1071,11.9326],[107.1068,11.9293],[107.1057,11.928],[107.1038,11.9273],[107.1001,11.9267],[107.0978,11.9258],[107.0968,11.9238],[107.0967,11.9198],[107.0955,11.9188],[107.0917,11.917],[107.0915,11.9166],[107.0925,11.9132],[107.0923,11.9124],[107.0901,11.9106],[107.0881,11.9076],[107.087,11.9065],[107.0854,11.9059],[107.0808,11.9064],[107.078,11.9057],[107.0758,11.9047],[107.0742,11.9035],[107.0715,11.8999],[107.0713,11.8992],[107.0715,11.8986],[107.0741,11.8978],[107.0755,11.8957],[107.0767,11.8917],[107.0773,11.8883],[107.0773,11.8875],[107.0765,11.8865],[107.075,11.8861],[107.0709,11.8861],[107.0699,11.8853],[107.0694,11.8841],[107.0708,11.8773],[107.0713,11.8721],[107.0746,11.8708],[107.0748,11.8702],[107.0743,11.8696],[107.0732,11.8695],[107.0697,11.8698],[107.0692,11.87],[107.0683,11.8711],[107.0674,11.8713],[107.0652,11.8705],[107.0647,11.8696],[107.0654,11.869],[107.0675,11.8682],[107.0702,11.8652],[107.0725,11.86],[107.0746,11.8569],[107.0778,11.8454],[107.079,11.8428],[107.0754,11.8389],[107.0706,11.8365],[107.0617,11.8349],[107.0584,11.8342],[107.0567,11.8329],[107.0546,11.8308],[107.0562,11.827],[107.058,11.8246],[107.0587,11.8224],[107.0586,11.8174],[107.0591,11.8168],[107.0611,11.8166],[107.0622,11.8179],[107.0638,11.8209],[107.065,11.8216],[107.0655,11.8215],[107.0659,11.8214],[107.0681,11.8185],[107.068,11.8172],[107.0671,11.8155],[107.0674,11.8144],[107.0687,11.8141],[107.0723,11.815],[107.074,11.814],[107.0744,11.8131],[107.0731,11.8102],[107.0731,11.8086],[107.0741,11.8068],[107.0768,11.8043],[107.0773,11.8022],[107.0772,11.8017],[107.0767,11.8012],[107.0737,11.7998],[107.0736,11.7992],[107.0758,11.7983],[107.0774,11.7968],[107.078,11.7957],[107.0788,11.7919],[107.0794,11.7902],[107.0804,11.7884],[107.0827,11.7866],[107.085,11.7865],[107.0861,11.7871],[107.0867,11.788],[107.087,11.7906],[107.088,11.7932],[107.0918,11.7924],[107.0958,11.791],[107.0966,11.7939],[107.0977,11.7956],[107.103,11.7977],[107.1046,11.7995],[107.1055,11.802],[107.1061,11.8029],[107.1068,11.8034],[107.1082,11.8038],[107.1095,11.8037],[107.1116,11.803],[107.1136,11.8033],[107.1164,11.8043],[107.1195,11.8041],[107.1217,11.7996],[107.1232,11.7973],[107.1254,11.7956],[107.1268,11.7955],[107.1277,11.7965],[107.1309,11.7972],[107.1336,11.799],[107.1391,11.7994],[107.1405,11.7991],[107.1428,11.7972],[107.1443,11.7967],[107.1458,11.7943],[107.1468,11.7939],[107.1475,11.7942],[107.1478,11.7948],[107.1475,11.7969],[107.1475,11.7996],[107.1507,11.7988],[107.1555,11.798],[107.1598,11.7981],[107.1604,11.7989],[107.1599,11.8007],[107.1614,11.8021],[107.1615,11.8044],[107.1624,11.8053],[107.1632,11.8053],[107.1655,11.8047],[107.1685,11.8046],[107.1715,11.8039],[107.1727,11.804],[107.173,11.8045],[107.1735,11.8073],[107.1774,11.8107],[107.1787,11.8109],[107.1808,11.8097],[107.1833,11.81],[107.1844,11.8103],[107.1854,11.8115],[107.1861,11.8132],[107.187,11.8143],[107.1869,11.8158],[107.1872,11.816],[107.1901,11.8161],[107.1927,11.8145],[107.1947,11.8139],[107.195,11.8144],[107.1948,11.8151],[107.193,11.8169],[107.1924,11.8181],[107.1921,11.8206],[107.1926,11.8226],[107.1931,11.8229],[107.1937,11.8228],[107.1971,11.8203],[107.1979,11.8203],[107.1994,11.821],[107.201,11.8212],[107.2012,11.8233],[107.1993,11.8253],[107.1989,11.8261],[107.1989,11.8267],[107.1995,11.8269],[107.2025,11.8261],[107.203,11.8275],[107.2033,11.8277],[107.2048,11.8268],[107.2056,11.8267],[107.2057,11.8271],[107.2056,11.8287],[107.2059,11.8291],[107.2104,11.8257],[107.2125,11.8267],[107.2145,11.8268],[107.2155,11.8272],[107.2158,11.8278],[107.2144,11.8299],[107.2133,11.831],[107.2113,11.8319],[107.209,11.8336],[107.2083,11.8344],[107.2085,11.835],[107.2091,11.8351],[107.2121,11.8342],[107.2133,11.8329],[107.2146,11.8353],[107.2154,11.8359],[107.2161,11.8358],[107.2168,11.8354],[107.2154,11.8342],[107.2161,11.8337],[107.2171,11.8337],[107.2184,11.8348],[107.2194,11.8347],[107.2203,11.8365],[107.2209,11.839],[107.2219,11.8413],[107.2233,11.8422],[107.2254,11.8416],[107.2262,11.8418],[107.2279,11.8448],[107.2278,11.8451],[107.2263,11.8452],[107.225,11.8461],[107.2252,11.8467],[107.2265,11.8484],[107.2268,11.8484],[107.2279,11.8474],[107.2285,11.8481],[107.2283,11.8495],[107.2271,11.8519],[107.2271,11.8528],[107.23,11.8541],[107.2322,11.853],[107.2334,11.8544],[107.2353,11.8555],[107.2363,11.8568],[107.2365,11.8576],[107.2363,11.8582],[107.2336,11.8583],[107.2332,11.8586],[107.2332,11.8626],[107.2336,11.8629],[107.2351,11.8625],[107.2357,11.8636],[107.2354,11.8642],[107.2342,11.8649],[107.2339,11.8656],[107.2353,11.8655],[107.2361,11.8658],[107.2376,11.8679],[107.2393,11.869],[107.2403,11.8675],[107.2416,11.868],[107.2425,11.8692],[107.2438,11.8698],[107.2452,11.8715],[107.2453,11.8724],[107.245,11.8729],[107.2445,11.8728],[107.2437,11.8711],[107.2423,11.8724],[107.2431,11.874],[107.2433,11.8749],[107.2432,11.8815],[107.244,11.8817],[107.2463,11.8809],[107.2469,11.881],[107.247,11.8833],[107.2478,11.8866],[107.2472,11.8882],[107.2471,11.8911],[107.2476,11.8916],[107.251,11.8925],[107.2516,11.893],[107.2515,11.8944],[107.2497,11.8967],[107.2498,11.8972],[107.2506,11.8978]]]},"properties":{"code":"25405","name":"Bom Bo","nameEn":"Bom Bo","fullName":"Xã Bom Bo","fullNameEn":"Bom Bo Commune","codeName":"bom_bo","postalCode":"67312","postalCodePrefix":"","gisServerId":"diaphanhanhchinhcapxa_2025.2303","areaKm2":245.9},"id":"25405"},
{"type":"Feature","geometry":{"type":"Polygon","coordinates":[[[107.1759,11.7422],[107.1758,11.7429],[107.1765,11.7431],[107.1773,11.7437],[107.1771,11.7453],[107.1769,11.7456],[107.1762,11.7457],[107.175,11.7452],[107.1741,11.7454],[107.1742,11.7463],[107.1727,11.7478],[107.1717,11.7503],[107.172,11.7531],[107.1709,11.7541],[107.1702,11.755],[107.1703,11.7558],[107.1718,11.7573],[107.1718,11.7578],[107.1692,11.759],[107.1687,11.7608],[107.168,11.7609],[107.1646,11.7605],[107.1619,11.7596],[107.1615,11.7598],[107.1594,11.7637],[107.1594,11.7645],[107.1603,11.7675],[107.1603,11.7688],[107.16,11.77],[107.1591,11.7714],[107.1576,11.772],[107.1566,11.7721],[107.154,11.7717],[107.1499,11.7699],[107.1477,11.7703],[107.1469,11.7697],[107.1454,11.7675],[107.1429,11.7682],[107.1407,11.767],[107.1372,11.7664],[107.136,11.7666],[107.1344,11.7681],[107.1338,11.7684],[107.1314,11.7687],[107.1306,11.7687],[107.13,11.7684],[107.1288,11.7665],[107.1279,11.7664],[107.1269,11.767],[107.1264,11.7683],[107.1257,11.7683],[107.1254,11.7679],[107.1253,11.7663],[107.1224,11.7662],[107.1217,11.7659],[107.1217,11.764],[107.1212,11.7615],[107.121,11.7609],[107.1202,11.7604],[107.1197,11.7607],[107.1188,11.7633],[107.1162,11.7668],[107.1155,11.7671],[107.1119,11.7676],[107.1097,11.7685],[107.107,11.7703],[107.1063,11.7714],[107.106,11.7726],[107.1062,11.7746],[107.108,11.7768],[107.1081,11.7776],[107.1075,11.7782],[107.1068,11.7784],[107.1049,11.7782],[107.1039,11.7784],[107.1045,11.7824],[107.1028,11.7855],[107.1027,11.788],[107.1022,11.7898],[107.1017,11.7902],[107.0958,11.791],[107.0918,11.7924],[107.088,11.7932],[107.087,11.7906],[107.0867,11.788],[107.0861,11.7871],[107.085,11.7865],[107.0827,11.7866],[107.0824,11.7843],[107.0811,11.7818],[107.0808,11.7801],[107.081,11.778],[107.0831,11.7766],[107.083,11.7758],[107.0813,11.775],[107.0769,11.7744],[107.076,11.7737],[107.0752,11.7721],[107.0742,11.7709],[107.0742,11.7693],[107.075,11.766],[107.0763,11.765],[107.0767,11.764],[107.0757,11.7622],[107.0757,11.7615],[107.0749,11.7607],[107.0715,11.7589],[107.0713,11.7571],[107.0703,11.757],[107.0698,11.7567],[107.0697,11.7555],[107.0691,11.7541],[107.0692,11.7538],[107.0681,11.7519],[107.066,11.7534],[107.0645,11.7553],[107.0645,11.7564],[107.0638,11.7563],[107.0625,11.7542],[107.0623,11.7528],[107.0629,11.7466],[107.0626,11.7452],[107.0618,11.7436],[107.0611,11.7429],[107.0595,11.7423],[107.0592,11.7418],[107.0623,11.7382],[107.063,11.7363],[107.0638,11.736],[107.0642,11.7351],[107.0647,11.7352],[107.0649,11.7348],[107.0646,11.7344],[107.0648,11.7339],[107.0652,11.7335],[107.0664,11.7339],[107.0666,11.7348],[107.067,11.7351],[107.0679,11.7353],[107.069,11.736],[107.0692,11.7357],[107.0707,11.7359],[107.0709,11.7366],[107.0714,11.7367],[107.0718,11.7365],[107.0721,11.7356],[107.0736,11.7349],[107.074,11.7338],[107.0749,11.7335],[107.0746,11.7322],[107.0761,11.7318],[107.076,11.7315],[107.0769,11.7307],[107.0766,11.7298],[107.0778,11.7286],[107.0777,11.7276],[107.078,11.7258],[107.077,11.7234],[107.0775,11.7226],[107.0772,11.7219],[107.0779,11.7216],[107.0792,11.7194],[107.079,11.7172],[107.0794,11.7157],[107.0792,11.715],[107.0794,11.7144],[107.0778,11.7121],[107.0767,11.7117],[107.0761,11.7103],[107.0742,11.7085],[107.074,11.7075],[107.0746,11.7078],[107.0746,11.7074],[107.0733,11.7056],[107.0732,11.7045],[107.0728,11.7032],[107.0736,11.7004],[107.0732,11.6988],[107.0736,11.6983],[107.0734,11.6976],[107.0736,11.6965],[107.0732,11.6956],[107.0726,11.6955],[107.0724,11.6943],[107.0712,11.6931],[107.0711,11.6914],[107.0705,11.6905],[107.0708,11.6902],[107.0707,11.6893],[107.0721,11.6888],[107.0719,11.6878],[107.0714,11.687],[107.0707,11.6866],[107.0697,11.6873],[107.0658,11.6885],[107.0586,11.6877],[107.0571,11.686],[107.0538,11.6835],[107.0536,11.6822],[107.0545,11.6811],[107.0542,11.6807],[107.0548,11.6794],[107.0546,11.6751],[107.0569,11.6718],[107.0584,11.6703],[107.0595,11.6696],[107.062,11.6692],[107.0611,11.6683],[107.0577,11.6668],[107.0566,11.6667],[107.0529,11.6672],[107.0488,11.658],[107.0531,11.6554],[107.0526,11.6484],[107.053,11.648],[107.0551,11.6473],[107.0563,11.6459],[107.0592,11.6393],[107.0593,11.6328],[107.0596,11.6317],[107.0675,11.626],[107.0684,11.6258],[107.0713,11.6265],[107.0812,11.622],[107.0827,11.6208],[107.0828,11.6202],[107.0823,11.6189],[107.0841,11.6132],[107.0836,11.6119],[107.0816,11.6101],[107.0815,11.6091],[107.0827,11.607],[107.0837,11.6063],[107.0855,11.6057],[107.0859,11.6052],[107.086,11.6037],[107.085,11.6019],[107.0847,11.6007],[107.0853,11.5967],[107.0858,11.5958],[107.0914,11.5903],[107.0921,11.5877],[107.0938,11.5846],[107.0947,11.5843],[107.0978,11.5844],[107.1,11.5838],[107.1017,11.5838],[107.1031,11.5841],[107.1101,11.5866],[107.1165,11.5862],[107.1182,11.5847],[107.1194,11.5841],[107.1207,11.5824],[107.1238,11.5805],[107.1271,11.5728],[107.1279,11.5718],[107.1291,11.5711],[107.1312,11.5715],[107.1394,11.5763],[107.1401,11.5765],[107.1426,11.5761],[107.1434,11.5759],[107.145,11.5766],[107.1465,11.5785],[107.1465,11.58],[107.1456,11.5813],[107.145,11.583],[107.1464,11.5849],[107.1473,11.5868],[107.1478,11.5883],[107.1475,11.5894],[107.1488,11.5909],[107.1492,11.5919],[107.1487,11.5929],[107.149,11.5941],[107.1493,11.5949],[107.1499,11.5951],[107.1503,11.5955],[107.1511,11.5984],[107.1518,11.5993],[107.1536,11.6005],[107.1551,11.6023],[107.1572,11.6059],[107.1577,11.608],[107.1576,11.6122],[107.1579,11.6153],[107.1581,11.6161],[107.159,11.6164],[107.1581,11.6184],[107.158,11.6203],[107.1572,11.6202],[107.1564,11.6213],[107.1561,11.6232],[107.1562,11.6247],[107.1557,11.6265],[107.155,11.627],[107.1536,11.6274],[107.1531,11.6273],[107.1529,11.628],[107.1535,11.6287],[107.1536,11.6296],[107.154,11.6295],[107.1542,11.6301],[107.1548,11.6302],[107.1554,11.6312],[107.1566,11.6318],[107.1581,11.6356],[107.1588,11.6363],[107.1582,11.6405],[107.1571,11.6428],[107.1558,11.6443],[107.1552,11.6446],[107.1543,11.6446],[107.1536,11.645],[107.1527,11.6477],[107.152,11.6479],[107.1517,11.6484],[107.1512,11.648],[107.1508,11.6486],[107.1502,11.6489],[107.1496,11.651],[107.1502,11.652],[107.149,11.6535],[107.1484,11.6538],[107.1481,11.653],[107.148,11.6534],[107.1483,11.654],[107.159,11.6633],[107.1681,11.6716],[107.1775,11.6784],[107.1757,11.6986],[107.1762,11.6991],[107.1763,11.7006],[107.1773,11.7019],[107.177,11.7026],[107.1774,11.7026],[107.1774,11.7032],[107.1776,11.7035],[107.1784,11.7036],[107.1791,11.7041],[107.1802,11.7061],[107.1815,11.7075],[107.182,11.7093],[107.1812,11.7101],[107.1812,11.711],[107.1808,11.7109],[107.1807,11.7116],[107.1802,11.7119],[107.1798,11.7128],[107.179,11.7129],[107.1788,11.7127],[107.1788,11.713],[107.178,11.7134],[107.1777,11.7132],[107.177,11.714],[107.1768,11.7147],[107.1771,11.715],[107.1777,11.7148],[107.1792,11.7154],[107.181,11.7168],[107.1818,11.7169],[107.1822,11.7176],[107.1826,11.7178],[107.182,11.7192],[107.1815,11.7195],[107.181,11.7205],[107.1804,11.7208],[107.1809,11.7213],[107.1804,11.7219],[107.1807,11.7228],[107.182,11.7238],[107.1825,11.7246],[107.1824,11.7255],[107.182,11.7262],[107.1802,11.7283],[107.1805,11.7297],[107.1791,11.7294],[107.1779,11.73],[107.176,11.7301],[107.1755,11.7307],[107.1752,11.7335],[107.1737,11.736],[107.1744,11.7377],[107.1732,11.7384],[107.1736,11.7391],[107.1735,11.74],[107.1747,11.7408],[107.1751,11.7418],[107.1759,11.7422]]]},"properties":{"code":"25417","name":"Nghĩa Trung","nameEn":"Nghia Trung","fullName":"Xã Nghĩa Trung","fullNameEn":"Nghia Trung Commune","codeName":"nghia_trung","postalCode":"67317","postalCodePrefix":"","gisServerId":"diaphanhanhchinhcapxa_2025.2304","areaKm2":222},"id":"25417"},
{"type":"Feature","geometry":{"type":"Polygon","coordinates":[[[107.3017,11.7395],[107.3012,11.7402],[107.3023,11.7409],[107.3016,11.7413],[107.3017,11.7418],[107.3027,11.7422],[107.3032,11.7427],[107.3032,11.7432],[107.3027,11.7437],[107.3028,11.7442],[107.3037,11.7454],[107.305,11.7457],[107.305,11.7464],[107.3046,11.7468],[107.3049,11.7476],[107.3058,11.7483],[107.3059,11.7487],[107.3059,11.7492],[107.3044,11.7508],[107.3047,11.7533],[107.3052,11.7547],[107.3044,11.756],[107.2937,11.7651],[107.2916,11.768],[107.2909,11.7682],[107.2895,11.7678],[107.2888,11.7694],[107.2883,11.7696],[107.2877,11.7707],[107.2878,11.7712],[107.2886,11.771],[107.2892,11.7712],[107.2886,11.7725],[107.2887,11.7735],[107.2873,11.7743],[107.2862,11.7757],[107.2865,11.7759],[107.2879,11.7751],[107.2883,11.7755],[107.2871,11.7773],[107.2856,11.778],[107.2851,11.7786],[107.2847,11.7791],[107.2843,11.78],[107.2835,11.7803],[107.2823,11.7793],[107.2811,11.7789],[107.2806,11.7782],[107.2788,11.7779],[107.2762,11.7762],[107.275,11.776],[107.2741,11.7764],[107.2726,11.7766],[107.2724,11.7757],[107.2727,11.7748],[107.27,11.7739],[107.269,11.7721],[107.269,11.7711],[107.2695,11.7701],[107.2692,11.7693],[107.2696,11.7677],[107.2687,11.7669],[107.2678,11.7672],[107.267,11.7666],[107.2663,11.7653],[107.2655,11.7652],[107.2655,11.7648],[107.2647,11.7642],[107.2648,11.7634],[107.2637,11.7623],[107.2623,11.7631],[107.2616,11.763],[107.2607,11.7637],[107.2607,11.7641],[107.2602,11.7642],[107.2602,11.7649],[107.2599,11.7651],[107.2594,11.7649],[107.26,11.7646],[107.2597,11.764],[107.2589,11.7645],[107.259,11.7649],[107.258,11.7645],[107.2568,11.7649],[107.256,11.7648],[107.2555,11.7661],[107.2545,11.7665],[107.2542,11.7664],[107.254,11.7659],[107.2536,11.7666],[107.2529,11.7664],[107.2523,11.7659],[107.2505,11.7665],[107.2506,11.7656],[107.2494,11.7661],[107.2493,11.7654],[107.2487,11.7652],[107.2482,11.7655],[107.2479,11.765],[107.2474,11.765],[107.2472,11.7643],[107.2466,11.7638],[107.2457,11.7642],[107.2461,11.7644],[107.2461,11.7648],[107.2424,11.7659],[107.2411,11.7632],[107.2417,11.7627],[107.2406,11.7622],[107.2412,11.7618],[107.2407,11.7616],[107.2396,11.7619],[107.2403,11.7607],[107.2403,11.7598],[107.2397,11.7585],[107.2385,11.7584],[107.2391,11.7574],[107.2381,11.7573],[107.2373,11.7567],[107.2369,11.7567],[107.2368,11.7562],[107.2356,11.7568],[107.2362,11.7562],[107.2349,11.7557],[107.2348,11.7542],[107.2336,11.7526],[107.2339,11.752],[107.2334,11.7506],[107.233,11.752],[107.2324,11.7523],[107.2326,11.751],[107.232,11.7505],[107.2319,11.75],[107.2327,11.7492],[107.2324,11.7491],[107.2313,11.7494],[107.2322,11.7477],[107.2318,11.7473],[107.2311,11.7472],[107.2319,11.7465],[107.2308,11.7464],[107.232,11.7458],[107.2323,11.7448],[107.2311,11.7447],[107.2298,11.7457],[107.2286,11.7455],[107.2273,11.7463],[107.2263,11.7466],[107.2261,11.7463],[107.2267,11.7454],[107.2265,11.745],[107.2256,11.7455],[107.2232,11.7457],[107.2232,11.7439],[107.2226,11.7445],[107.2226,11.7413],[107.2215,11.7408],[107.2218,11.7403],[107.2228,11.741],[107.2235,11.74],[107.2223,11.74],[107.2215,11.7392],[107.22,11.7387],[107.2202,11.7383],[107.2221,11.737],[107.2232,11.7377],[107.2237,11.7363],[107.2225,11.736],[107.2228,11.7355],[107.2235,11.7352],[107.2237,11.7333],[107.2234,11.733],[107.2224,11.7332],[107.2227,11.7339],[107.222,11.7343],[107.2216,11.733],[107.2217,11.7323],[107.2214,11.7321],[107.2209,11.7322],[107.2205,11.7341],[107.2193,11.7336],[107.219,11.7346],[107.2163,11.7357],[107.2156,11.7356],[107.2152,11.736],[107.2147,11.7358],[107.215,11.7367],[107.213,11.7369],[107.2127,11.7359],[107.2113,11.7343],[107.211,11.7345],[107.2111,11.7352],[107.2107,11.7355],[107.2101,11.7354],[107.2094,11.7349],[107.2077,11.7353],[107.2068,11.7373],[107.2069,11.7381],[107.2075,11.7389],[107.2074,11.7391],[107.2052,11.7394],[107.2034,11.7408],[107.2031,11.7413],[107.2034,11.7426],[107.2031,11.7435],[107.2025,11.7438],[107.2001,11.7438],[107.1994,11.7447],[107.1985,11.7444],[107.1977,11.7438],[107.1976,11.7428],[107.1984,11.7422],[107.198,11.7414],[107.1953,11.7401],[107.1936,11.7404],[107.1932,11.7398],[107.1917,11.74],[107.1899,11.7393],[107.1889,11.7395],[107.1884,11.739],[107.1882,11.7379],[107.1869,11.7372],[107.1864,11.738],[107.1864,11.7393],[107.1822,11.7391],[107.1815,11.7395],[107.1807,11.7406],[107.1798,11.741],[107.1793,11.7408],[107.179,11.7396],[107.1776,11.7393],[107.1773,11.7396],[107.1777,11.7412],[107.1766,11.7423],[107.1759,11.7422],[107.1751,11.7418],[107.1747,11.7408],[107.1735,11.74],[107.1736,11.7391],[107.1732,11.7384],[107.1744,11.7377],[107.1737,11.736],[107.1752,11.7335],[107.1755,11.7307],[107.176,11.7301],[107.1779,11.73],[107.1791,11.7294],[107.1805,11.7297],[107.1802,11.7283],[107.182,11.7262],[107.1824,11.7255],[107.1825,11.7246],[107.182,11.7238],[107.1807,11.7228],[107.1804,11.7219],[107.1809,11.7213],[107.1804,11.7208],[107.181,11.7205],[107.1815,11.7195],[107.182,11.7192],[107.1826,11.7178],[107.1822,11.7176],[107.1818,11.7169],[107.181,11.7168],[107.1792,11.7154],[107.1777,11.7148],[107.1771,11.715],[107.1768,11.7147],[107.177,11.714],[107.1777,11.7132],[107.178,11.7134],[107.1788,11.713],[107.1788,11.7127],[107.179,11.7129],[107.1798,11.7128],[107.1802,11.7119],[107.1807,11.7116],[107.1808,11.7109],[107.1812,11.711],[107.1812,11.7101],[107.182,11.7093],[107.1815,11.7075],[107.1802,11.7061],[107.1791,11.7041],[107.1784,11.7036],[107.1776,11.7035],[107.1774,11.7032],[107.1774,11.7026],[107.177,11.7026],[107.1773,11.7019],[107.1763,11.7006],[107.1762,11.6991],[107.1757,11.6986],[107.1775,11.6784],[107.1681,11.6716],[107.159,11.6633],[107.1483,11.654],[107.148,11.6534],[107.1481,11.653],[107.1484,11.6538],[107.149,11.6535],[107.1502,11.652],[107.1496,11.651],[107.1502,11.6489],[107.1508,11.6486],[107.1512,11.648],[107.1517,11.6484],[107.152,11.6479],[107.1527,11.6477],[107.1536,11.645],[107.1543,11.6446],[107.1552,11.6446],[107.1558,11.6443],[107.1571,11.6428],[107.1582,11.6405],[107.1588,11.6363],[107.1581,11.6356],[107.1566,11.6318],[107.1554,11.6312],[107.1548,11.6302],[107.1542,11.6301],[107.154,11.6295],[107.1536,11.6296],[107.1535,11.6287],[107.1529,11.628],[107.1531,11.6273],[107.1536,11.6274],[107.155,11.627],[107.1557,11.6265],[107.1562,11.6247],[107.1561,11.6232],[107.1564,11.6213],[107.1572,11.6202],[107.158,11.6203],[107.1581,11.6184],[107.159,11.6164],[107.1581,11.6161],[107.1579,11.6153],[107.1576,11.6122],[107.1577,11.608],[107.1572,11.6059],[107.1551,11.6023],[107.1536,11.6005],[107.1518,11.5993],[107.1511,11.5984],[107.1503,11.5955],[107.1499,11.5951],[107.1493,11.5949],[107.149,11.5941],[107.1487,11.5929],[107.1492,11.5919],[107.1488,11.5909],[107.1475,11.5894],[107.1478,11.5883],[107.1473,11.5868],[107.1464,11.5849],[107.145,11.583],[107.1456,11.5813],[107.1465,11.58],[107.1465,11.5785],[107.145,11.5766],[107.1434,11.5759],[107.1426,11.5761],[107.1421,11.5739],[107.14,11.5709],[107.14,11.5704],[107.139,11.5702],[107.138,11.5705],[107.1358,11.569],[107.1347,11.5679],[107.1336,11.5641],[107.1336,11.5629],[107.1318,11.5611],[107.1278,11.5558],[107.126,11.5523],[107.1253,11.5518],[107.1248,11.5508],[107.1237,11.5496],[107.1233,11.5479],[107.1227,11.5473],[107.1222,11.5477],[107.1221,11.5465],[107.1225,11.5456],[107.1223,11.5452],[107.1225,11.5444],[107.1219,11.543],[107.1221,11.5414],[107.1216,11.5406],[107.1224,11.5399],[107.1231,11.5382],[107.1241,11.5379],[107.124,11.5371],[107.1234,11.5362],[107.1243,11.5357],[107.1243,11.5353],[107.1251,11.5333],[107.1269,11.5309],[107.1269,11.5297],[107.1274,11.5293],[107.1281,11.5274],[107.1265,11.5226],[107.1267,11.5223],[107.127,11.5225],[107.1275,11.5217],[107.1266,11.5206],[107.127,11.5192],[107.1269,11.5185],[107.1279,11.5176],[107.1285,11.5166],[107.1289,11.5146],[107.1328,11.5106],[107.1326,11.5077],[107.133,11.5066],[107.133,11.5046],[107.1327,11.5037],[107.1319,11.5031],[107.1315,11.5021],[107.131,11.5017],[107.1767,11.5118],[107.2844,11.5347],[107.2945,11.537],[107.2995,11.5388],[107.3177,11.5429],[107.318,11.5444],[107.3177,11.5451],[107.3181,11.5467],[107.3218,11.5524],[107.3217,11.5541],[107.3148,11.5542],[107.3141,11.5541],[107.3127,11.5532],[107.3116,11.5536],[107.3103,11.5549],[107.3055,11.5632],[107.3018,11.5706],[107.302,11.5712],[107.3026,11.5715],[107.3047,11.5717],[107.3057,11.5715],[107.3075,11.5705],[107.3099,11.5678],[107.3106,11.5681],[107.3117,11.5698],[107.3121,11.5714],[107.3112,11.5724],[107.3074,11.5745],[107.3007,11.5773],[107.2989,11.5796],[107.2978,11.5826],[107.2974,11.5846],[107.2976,11.5858],[107.3038,11.5953],[107.3068,11.5987],[107.3067,11.5994],[107.3059,11.6007],[107.3025,11.6039],[107.3007,11.6064],[107.3008,11.6081],[107.3013,11.6098],[107.3044,11.6159],[107.3043,11.6176],[107.301,11.6206],[107.2925,11.6266],[107.2869,11.6314],[107.2789,11.6343],[107.2728,11.6356],[107.271,11.6369],[107.2701,11.6381],[107.2691,11.6403],[107.2687,11.6413],[107.2687,11.6429],[107.2702,11.6458],[107.2731,11.649],[107.2731,11.65],[107.2724,11.6517],[107.2711,11.6534],[107.269,11.6554],[107.2662,11.6571],[107.2657,11.6583],[107.2658,11.6601],[107.2664,11.6619],[107.2726,11.6707],[107.2765,11.6781],[107.2778,11.6812],[107.2787,11.682],[107.2835,11.6847],[107.2846,11.6854],[107.285,11.6861],[107.285,11.687],[107.2844,11.688],[107.283,11.689],[107.2791,11.691],[107.2786,11.6916],[107.2785,11.6924],[107.2798,11.6941],[107.2828,11.6966],[107.284,11.6984],[107.284,11.7025],[107.2852,11.7079],[107.2858,11.7135],[107.2855,11.7238],[107.286,11.7257],[107.2868,11.7268],[107.2897,11.7295],[107.292,11.7296],[107.2952,11.729],[107.2961,11.7291],[107.2967,11.7295],[107.2972,11.7302],[107.298,11.7338],[107.2988,11.7357],[107.3006,11.7388],[107.3017,11.7395]]]},"properties":{"code":"25420","name":"Phước Sơn","nameEn":"Phuoc Son","fullName":"Xã Phước Sơn","fullNameEn":"Phuoc Son Commune","codeName":"phuoc_son","postalCode":"67320","postalCodePrefix":"","gisServerId":"diaphanhanhchinhcapxa_2025.2305","areaKm2":386.6},"id":"25420"},
{"type":"Feature","geometry":{"type":"Polygon","coordinates":[[[106.7203,11.423],[106.7209,11.4246],[106.7207,11.4255],[106.7193,11.4262],[106.7176,11.4261],[106.7169,11.4267],[106.7169,11.4277],[106.7181,11.4297],[106.7176,11.4304],[106.7146,11.4313],[106.7138,11.433],[106.7133,11.4335],[106.7122,11.4339],[106.7118,11.4347],[106.7099,11.4347],[106.7096,11.4349],[106.7084,11.4348],[106.7078,11.435],[106.7068,11.4362],[106.7062,11.4364],[106.7051,11.4377],[106.7042,11.4396],[106.7042,11.4414],[106.7031,11.4422],[106.7017,11.4424],[106.6971,11.4413],[106.6967,11.4417],[106.6965,11.4415],[106.6908,11.4409],[106.6903,11.4406],[106.6876,11.4411],[106.6813,11.4447],[106.6806,11.4454],[106.6807,11.446],[106.6797,11.4469],[106.6797,11.4478],[106.6791,11.4487],[106.6783,11.4494],[106.6774,11.4498],[106.6767,11.4505],[106.6757,11.4504],[106.6745,11.4493],[106.6731,11.4491],[106.6705,11.4494],[106.6697,11.4501],[106.6688,11.4503],[106.6675,11.4512],[106.6657,11.452],[106.6654,11.4524],[106.6642,11.4528],[106.6637,11.4527],[106.6621,11.4515],[106.6595,11.4595],[106.6615,11.4603],[106.6618,11.461],[106.6622,11.4612],[106.6622,11.4617],[106.6631,11.4635],[106.6633,11.4649],[106.6658,11.4668],[106.6668,11.467],[106.668,11.4697],[106.6678,11.4707],[106.6687,11.4725],[106.6688,11.4739],[106.6691,11.4743],[106.6705,11.4745],[106.6711,11.475],[106.6728,11.4754],[106.6741,11.4768],[106.6752,11.4769],[106.6763,11.4774],[106.6771,11.4767],[106.6778,11.4767],[106.6789,11.4776],[106.6784,11.4785],[106.6777,11.4788],[106.6762,11.481],[106.6767,11.4828],[106.6771,11.4833],[106.678,11.4837],[106.6781,11.4844],[106.6765,11.485],[106.6764,11.4855],[106.6768,11.4863],[106.6744,11.4871],[106.6744,11.488],[106.6753,11.4888],[106.6753,11.4891],[106.675,11.4898],[106.6737,11.4908],[106.6742,11.4913],[106.6749,11.4915],[106.6764,11.4906],[106.677,11.491],[106.6763,11.4943],[106.6742,11.496],[106.6726,11.495],[106.6721,11.4957],[106.6714,11.496],[106.6711,11.4953],[106.67,11.4953],[106.6699,11.4948],[106.6694,11.4948],[106.6674,11.4964],[106.6674,11.4968],[106.6679,11.4969],[106.668,11.4972],[106.6673,11.4985],[106.6674,11.5004],[106.6666,11.5009],[106.6646,11.5003],[106.6639,11.5005],[106.6633,11.5009],[106.6628,11.5005],[106.6633,11.5],[106.6632,11.499],[106.6619,11.4947],[106.661,11.4931],[106.6589,11.4933],[106.6587,11.4911],[106.6568,11.4871],[106.6556,11.4861],[106.6569,11.4848],[106.6564,11.4838],[106.6561,11.4822],[106.6521,11.4828],[106.6503,11.4822],[106.649,11.4804],[106.6481,11.476],[106.6472,11.4745],[106.6478,11.4734],[106.6466,11.4726],[106.6465,11.4721],[106.6449,11.4721],[106.6449,11.4707],[106.6417,11.4708],[106.6415,11.4661],[106.6417,11.462],[106.6395,11.4621],[106.6393,11.4549],[106.6155,11.4557],[106.5991,11.4553],[106.6,11.451],[106.5991,11.4508],[106.5991,11.4504],[106.5996,11.4504],[106.5996,11.4497],[106.6001,11.4497],[106.5998,11.444],[106.6005,11.4438],[106.6005,11.4434],[106.6012,11.4433],[106.6008,11.4409],[106.6008,11.4382],[106.5999,11.434],[106.6002,11.4331],[106.5998,11.4327],[106.6025,11.4274],[106.6032,11.4253],[106.6012,11.4253],[106.6013,11.4233],[106.5987,11.4226],[106.5933,11.4204],[106.5878,11.4147],[106.5791,11.4103],[106.5793,11.4044],[106.5773,11.4008],[106.5767,11.3992],[106.5747,11.3964],[106.5759,11.3918],[106.5767,11.3899],[106.5768,11.3888],[106.5744,11.3867],[106.5724,11.3829],[106.5725,11.3817],[106.5722,11.3809],[106.5729,11.3787],[106.5726,11.3762],[106.5748,11.3772],[106.5761,11.3785],[106.5776,11.3791],[106.5796,11.3792],[106.5809,11.38],[106.5847,11.38],[106.5884,11.3817],[106.5904,11.3814],[106.5921,11.3807],[106.5972,11.3852],[106.5991,11.3863],[106.6132,11.3874],[106.613,11.381],[106.6133,11.3764],[106.6161,11.3632],[106.6167,11.3631],[106.6172,11.3625],[106.6192,11.3619],[106.622,11.3623],[106.6262,11.3598],[106.6284,11.3598],[106.6294,11.3593],[106.6311,11.3595],[106.6328,11.3588],[106.6341,11.359],[106.6344,11.3594],[106.6353,11.3595],[106.6354,11.3592],[106.6358,11.3592],[106.6361,11.3596],[106.6369,11.3598],[106.6385,11.3595],[106.64,11.3597],[106.6424,11.3596],[106.6428,11.36],[106.6432,11.3599],[106.6441,11.3601],[106.6446,11.3598],[106.6454,11.3598],[106.6453,11.3595],[106.646,11.3597],[106.6462,11.3592],[106.6467,11.3592],[106.6471,11.359],[106.6486,11.3592],[106.6487,11.3596],[106.6491,11.3595],[106.6492,11.3599],[106.6502,11.3592],[106.6512,11.3595],[106.6513,11.3598],[106.6517,11.3599],[106.6519,11.3594],[106.6523,11.3594],[106.6529,11.3587],[106.654,11.3589],[106.6555,11.3568],[106.6574,11.3574],[106.6588,11.3559],[106.6598,11.3561],[106.6608,11.3556],[106.6622,11.3554],[106.6625,11.355],[106.663,11.3553],[106.6634,11.3549],[106.6649,11.3546],[106.6654,11.3541],[106.6664,11.354],[106.667,11.3549],[106.6674,11.3545],[106.6685,11.3543],[106.669,11.3539],[106.6694,11.3542],[106.6703,11.3542],[106.6713,11.3538],[106.672,11.3545],[106.6738,11.3544],[106.6742,11.3549],[106.6736,11.3553],[106.674,11.356],[106.674,11.3567],[106.6748,11.3573],[106.675,11.3579],[106.6756,11.358],[106.6751,11.3587],[106.6751,11.3592],[106.6752,11.3593],[106.6755,11.3591],[106.6757,11.3595],[106.6758,11.3606],[106.6762,11.3611],[106.676,11.3621],[106.6771,11.3627],[106.677,11.3634],[106.6775,11.3642],[106.6771,11.3644],[106.6768,11.3653],[106.6774,11.3657],[106.6772,11.3662],[106.6777,11.3672],[106.6778,11.3692],[106.6782,11.37],[106.6775,11.3712],[106.6777,11.3717],[106.6775,11.3729],[106.678,11.3732],[106.6781,11.3735],[106.6778,11.3738],[106.6786,11.3746],[106.6789,11.3755],[106.6785,11.3762],[106.6787,11.3769],[106.6782,11.3777],[106.6779,11.3802],[106.6774,11.3801],[106.6774,11.3809],[106.6769,11.3808],[106.6759,11.3814],[106.6757,11.3822],[106.6776,11.3834],[106.679,11.385],[106.6733,11.4012],[106.6758,11.4018],[106.6774,11.3979],[106.68,11.3983],[106.6803,11.3976],[106.6839,11.3985],[106.6855,11.397],[106.6864,11.3955],[106.6878,11.3962],[106.6898,11.3979],[106.6915,11.3985],[106.693,11.3995],[106.6931,11.4018],[106.6974,11.403],[106.6976,11.4029],[106.6978,11.4022],[106.6986,11.4011],[106.7001,11.3995],[106.7001,11.3985],[106.7025,11.3979],[106.7043,11.3962],[106.705,11.3974],[106.7087,11.3992],[106.7102,11.4007],[106.7102,11.4018],[106.7088,11.4043],[106.7095,11.4064],[106.7116,11.4085],[106.7148,11.4107],[106.7187,11.4145],[106.719,11.4173],[106.7203,11.4215],[106.7203,11.423]]]},"properties":{"code":"25432","name":"Chơn Thành","nameEn":"Chon Thanh","fullName":"Phường Chơn Thành","fullNameEn":"Chon Thanh Ward","codeName":"chon_thanh","postalCode":"67915","postalCodePrefix":"","gisServerId":"diaphanhanhchinhcapxa_2025.2310","areaKm2":124.4},"id":"25432"},
{"type":"Feature","geometry":{"type":"Polygon","coordinates":[[[106.6563,11.5173],[106.6551,11.5175],[106.6532,11.5172],[106.6523,11.5179],[106.6504,11.5185],[106.6458,11.5173],[106.6419,11.518],[106.6399,11.5171],[106.6387,11.5157],[106.6372,11.5158],[106.632,11.5126],[106.6288,11.5115],[106.6262,11.512],[106.6237,11.5134],[106.6225,11.5136],[106.6217,11.514],[106.6202,11.5137],[106.6173,11.5124],[106.6144,11.5126],[106.6137,11.5135],[106.6095,11.5159],[106.6078,11.5163],[106.6057,11.5174],[106.606,11.5162],[106.5945,11.5166],[106.5899,11.5172],[106.5849,11.5187],[106.5846,11.5181],[106.5821,11.5195],[106.5808,11.5179],[106.5801,11.5165],[106.5766,11.5131],[106.5762,11.5123],[106.5755,11.5116],[106.5755,11.5109],[106.5749,11.5107],[106.5746,11.5104],[106.575,11.508],[106.5744,11.5064],[106.5745,11.5053],[106.574,11.504],[106.5744,11.5028],[106.5744,11.4995],[106.574,11.4977],[106.5746,11.4967],[106.5742,11.4963],[106.5744,11.4959],[106.5741,11.4952],[106.5744,11.4944],[106.5738,11.4932],[106.5716,11.4918],[106.57,11.4915],[106.5696,11.491],[106.5656,11.4902],[106.5654,11.4891],[106.5651,11.4888],[106.5644,11.4888],[106.564,11.4884],[106.5629,11.4891],[106.5622,11.4892],[106.5612,11.4884],[106.5601,11.4882],[106.5595,11.4871],[106.5571,11.4862],[106.5571,11.4855],[106.5563,11.4848],[106.5602,11.4721],[106.5665,11.4651],[106.5674,11.4646],[106.5687,11.4629],[106.569,11.4618],[106.5712,11.4594],[106.5728,11.4565],[106.5732,11.4564],[106.573,11.4552],[106.5719,11.4529],[106.5694,11.4498],[106.5679,11.4491],[106.5658,11.4465],[106.5655,11.4453],[106.5625,11.4428],[106.561,11.4421],[106.5599,11.4411],[106.559,11.4396],[106.5574,11.4396],[106.5554,11.4401],[106.5544,11.4393],[106.5535,11.4391],[106.5526,11.4381],[106.5512,11.4376],[106.5498,11.4366],[106.5487,11.4363],[106.5469,11.4345],[106.5463,11.4335],[106.5459,11.4335],[106.5454,11.431],[106.5436,11.4281],[106.5432,11.4269],[106.5416,11.4266],[106.5411,11.4239],[106.5428,11.4224],[106.5448,11.4196],[106.5446,11.4181],[106.547,11.415],[106.5474,11.4125],[106.5478,11.4122],[106.5478,11.4107],[106.5473,11.41],[106.5475,11.4085],[106.5481,11.4072],[106.548,11.4066],[106.5475,11.4059],[106.548,11.4033],[106.5461,11.4009],[106.5459,11.3969],[106.5454,11.3955],[106.5447,11.3953],[106.5444,11.3947],[106.5446,11.3932],[106.544,11.3929],[106.5436,11.3921],[106.5412,11.3903],[106.5408,11.3894],[106.5397,11.389],[106.5396,11.3884],[106.5391,11.3879],[106.5412,11.3871],[106.5426,11.3852],[106.5439,11.3851],[106.5451,11.3838],[106.5468,11.3829],[106.547,11.3819],[106.549,11.3798],[106.5502,11.3779],[106.5509,11.3758],[106.5526,11.3736],[106.5532,11.3731],[106.5544,11.373],[106.5545,11.3724],[106.5551,11.3718],[106.5555,11.3719],[106.5555,11.3716],[106.5576,11.3709],[106.558,11.3711],[106.5582,11.3709],[106.559,11.371],[106.5596,11.3704],[106.5601,11.3706],[106.5611,11.3704],[106.5619,11.3702],[106.5621,11.3698],[106.563,11.37],[106.563,11.3707],[106.5634,11.3709],[106.5638,11.3708],[106.5651,11.3712],[106.5661,11.3709],[106.5664,11.3715],[106.5684,11.3725],[106.5686,11.373],[106.5696,11.3735],[106.5702,11.3734],[106.5707,11.3737],[106.5711,11.3747],[106.5726,11.3762],[106.5729,11.3787],[106.5722,11.3809],[106.5725,11.3817],[106.5724,11.3829],[106.5744,11.3867],[106.5768,11.3888],[106.5767,11.3899],[106.5759,11.3918],[106.5747,11.3964],[106.5767,11.3992],[106.5773,11.4008],[106.5793,11.4044],[106.5791,11.4103],[106.5878,11.4147],[106.5933,11.4204],[106.5987,11.4226],[106.6013,11.4233],[106.6012,11.4253],[106.6032,11.4253],[106.6025,11.4274],[106.5998,11.4327],[106.6002,11.4331],[106.5999,11.434],[106.6008,11.4382],[106.6008,11.4409],[106.6012,11.4433],[106.6005,11.4434],[106.6005,11.4438],[106.5998,11.444],[106.6001,11.4497],[106.5996,11.4497],[106.5996,11.4504],[106.5991,11.4504],[106.5991,11.4508],[106.6,11.451],[106.5991,11.4553],[106.6155,11.4557],[106.6393,11.4549],[106.6395,11.4621],[106.6417,11.462],[106.6415,11.4661],[106.6417,11.4708],[106.6449,11.4707],[106.6449,11.4721],[106.6465,11.4721],[106.6466,11.4726],[106.6478,11.4734],[106.6472,11.4745],[106.6481,11.476],[106.649,11.4804],[106.6503,11.4822],[106.6521,11.4828],[106.6561,11.4822],[106.6564,11.4838],[106.6569,11.4848],[106.6556,11.4861],[106.6568,11.4871],[106.6587,11.4911],[106.6589,11.4933],[106.661,11.4931],[106.6619,11.4947],[106.6632,11.499],[106.6633,11.5],[106.6628,11.5005],[106.6633,11.5009],[106.6639,11.5005],[106.6657,11.5034],[106.6654,11.5035],[106.6644,11.5031],[106.6639,11.504],[106.664,11.5043],[106.6643,11.5043],[106.6643,11.5036],[106.6648,11.5036],[106.6647,11.5044],[106.6658,11.5063],[106.6654,11.5086],[106.6651,11.5087],[106.665,11.5074],[106.6653,11.5063],[106.664,11.5058],[106.6642,11.5071],[106.6632,11.5088],[106.662,11.5085],[106.6619,11.5082],[106.6625,11.5079],[106.6619,11.5073],[106.6617,11.5074],[106.6616,11.5084],[106.6613,11.5089],[106.6619,11.5098],[106.6617,11.5102],[106.6613,11.5104],[106.6605,11.51],[106.6592,11.51],[106.658,11.5107],[106.6574,11.5119],[106.6557,11.5123],[106.6564,11.5137],[106.6564,11.5153],[106.6579,11.5156],[106.6576,11.5138],[106.658,11.5135],[106.6586,11.5138],[106.6588,11.5151],[106.6598,11.5168],[106.659,11.5176],[106.6584,11.5178],[106.6566,11.5168],[106.6563,11.5173]]]},"properties":{"code":"25441","name":"Minh Hưng","nameEn":"Minh Hung","fullName":"Phường Minh Hưng","fullNameEn":"Minh Hung Ward","codeName":"minh_hung","postalCode":"67912","postalCodePrefix":"","gisServerId":"diaphanhanhchinhcapxa_2025.2311","areaKm2":99.7},"id":"25441"},
{"type":"Feature","geometry":{"type":"Polygon","coordinates":[[[106.7661,11.5978],[106.7651,11.5973],[106.7644,11.5977],[106.7631,11.5975],[106.763,11.598],[106.7636,11.5985],[106.7631,11.5989],[106.7628,11.5987],[106.7627,11.5991],[106.7623,11.5993],[106.7623,11.5988],[106.7627,11.5984],[106.7621,11.5979],[106.7617,11.5982],[106.7599,11.5983],[106.7592,11.599],[106.7593,11.5997],[106.7591,11.6],[106.7587,11.6003],[106.7581,11.5995],[106.7578,11.6],[106.7573,11.6],[106.7571,11.6006],[106.7567,11.6007],[106.7567,11.6011],[106.7559,11.6012],[106.7554,11.6017],[106.7554,11.6023],[106.7537,11.6028],[106.7535,11.6034],[106.7513,11.6034],[106.7505,11.6029],[106.7503,11.6033],[106.7493,11.6041],[106.7492,11.6038],[106.7485,11.6034],[106.7483,11.6035],[106.748,11.604],[106.7475,11.6035],[106.7473,11.6039],[106.7468,11.6033],[106.746,11.6037],[106.7455,11.6029],[106.7443,11.603],[106.7441,11.6026],[106.7425,11.6025],[106.7417,11.6017],[106.7416,11.602],[106.7412,11.6019],[106.7408,11.6013],[106.7395,11.6006],[106.7386,11.5985],[106.7382,11.5983],[106.7379,11.5978],[106.7357,11.599],[106.7339,11.5989],[106.7302,11.5981],[106.7287,11.5984],[106.7281,11.5971],[106.7271,11.5917],[106.7267,11.591],[106.7268,11.5907],[106.7258,11.5893],[106.7246,11.5864],[106.7241,11.586],[106.7246,11.5853],[106.7246,11.5846],[106.725,11.5848],[106.7249,11.5842],[106.7253,11.5839],[106.7244,11.5828],[106.7239,11.5828],[106.723,11.5818],[106.7234,11.5816],[106.7231,11.581],[106.7234,11.5808],[106.723,11.5806],[106.7231,11.5801],[106.7227,11.5802],[106.7224,11.5784],[106.7226,11.5774],[106.723,11.5769],[106.7228,11.5765],[106.7232,11.5759],[106.723,11.5756],[106.7235,11.5751],[106.7231,11.5746],[106.7229,11.574],[106.7233,11.5738],[106.7234,11.573],[106.724,11.5727],[106.7239,11.5723],[106.7248,11.5724],[106.7249,11.572],[106.7251,11.5722],[106.7252,11.5715],[106.7258,11.5713],[106.7261,11.5716],[106.7263,11.5712],[106.7265,11.5712],[106.7263,11.5717],[106.7272,11.571],[106.7276,11.5715],[106.7288,11.5707],[106.7292,11.5714],[106.7298,11.571],[106.7301,11.5716],[106.7305,11.5714],[106.7304,11.5719],[106.7307,11.572],[106.7311,11.5717],[106.7312,11.5721],[106.7316,11.5718],[106.7322,11.5719],[106.7321,11.5716],[106.7323,11.5715],[106.7326,11.5718],[106.7329,11.5715],[106.7329,11.571],[106.7333,11.5713],[106.7336,11.5711],[106.7336,11.5716],[106.7344,11.5711],[106.7346,11.5706],[106.735,11.5705],[106.735,11.5702],[106.7353,11.5705],[106.7355,11.5702],[106.7357,11.5705],[106.7366,11.5702],[106.7368,11.5704],[106.7373,11.5697],[106.7375,11.5689],[106.7385,11.5689],[106.7384,11.5685],[106.7388,11.5684],[106.7394,11.5676],[106.7361,11.5615],[106.7339,11.5585],[106.7341,11.558],[106.7336,11.5573],[106.7319,11.5555],[106.7308,11.5548],[106.73,11.5546],[106.7295,11.5549],[106.7289,11.5546],[106.7288,11.5534],[106.727,11.5502],[106.7267,11.5461],[106.724,11.5437],[106.7241,11.5431],[106.725,11.5416],[106.7267,11.5406],[106.7277,11.5404],[106.7287,11.5393],[106.73,11.5365],[106.7282,11.5369],[106.726,11.5369],[106.7258,11.5372],[106.7241,11.5368],[106.7238,11.5375],[106.7174,11.5362],[106.7169,11.5378],[106.7156,11.5376],[106.7155,11.5379],[106.7096,11.5356],[106.7078,11.5359],[106.7074,11.5369],[106.7015,11.5343],[106.7001,11.5358],[106.697,11.5356],[106.6969,11.5362],[106.6936,11.5347],[106.6898,11.5314],[106.6871,11.535],[106.6849,11.5353],[106.6828,11.5345],[106.6824,11.535],[106.6807,11.5359],[106.6781,11.536],[106.6773,11.5338],[106.677,11.5316],[106.6764,11.5312],[106.6765,11.5306],[106.6752,11.5297],[106.6728,11.5292],[106.6715,11.5284],[106.6714,11.5277],[106.6721,11.5258],[106.6711,11.5244],[106.6685,11.5228],[106.665,11.5192],[106.6627,11.5179],[106.6636,11.5161],[106.6635,11.5152],[106.664,11.5149],[106.6643,11.514],[106.6643,11.5116],[106.6651,11.5087],[106.6654,11.5086],[106.6658,11.5063],[106.6647,11.5044],[106.6648,11.5036],[106.6643,11.5036],[106.6643,11.5043],[106.664,11.5043],[106.6639,11.504],[106.6644,11.5031],[106.6654,11.5035],[106.6657,11.5034],[106.6639,11.5005],[106.6646,11.5003],[106.6666,11.5009],[106.6674,11.5004],[106.6673,11.4985],[106.668,11.4972],[106.6679,11.4969],[106.6674,11.4968],[106.6674,11.4964],[106.6694,11.4948],[106.6699,11.4948],[106.67,11.4953],[106.6711,11.4953],[106.6714,11.496],[106.6721,11.4957],[106.6726,11.495],[106.6742,11.496],[106.6763,11.4943],[106.677,11.491],[106.6764,11.4906],[106.6749,11.4915],[106.6742,11.4913],[106.6737,11.4908],[106.675,11.4898],[106.6753,11.4891],[106.6753,11.4888],[106.6744,11.488],[106.6744,11.4871],[106.6768,11.4863],[106.6764,11.4855],[106.6765,11.485],[106.6781,11.4844],[106.678,11.4837],[106.6771,11.4833],[106.6767,11.4828],[106.6762,11.481],[106.6777,11.4788],[106.6784,11.4785],[106.6789,11.4776],[106.6778,11.4767],[106.6771,11.4767],[106.6763,11.4774],[106.6752,11.4769],[106.6741,11.4768],[106.6728,11.4754],[106.6711,11.475],[106.6705,11.4745],[106.6691,11.4743],[106.6688,11.4739],[106.6687,11.4725],[106.6678,11.4707],[106.668,11.4697],[106.6668,11.467],[106.6658,11.4668],[106.6633,11.4649],[106.6631,11.4635],[106.6622,11.4617],[106.6622,11.4612],[106.6618,11.461],[106.6615,11.4603],[106.6595,11.4595],[106.6621,11.4515],[106.6637,11.4527],[106.6642,11.4528],[106.6654,11.4524],[106.6657,11.452],[106.6675,11.4512],[106.6688,11.4503],[106.6697,11.4501],[106.6705,11.4494],[106.6731,11.4491],[106.6745,11.4493],[106.6757,11.4504],[106.6767,11.4505],[106.6774,11.4498],[106.6783,11.4494],[106.6791,11.4487],[106.6797,11.4478],[106.6797,11.4469],[106.6807,11.446],[106.6806,11.4454],[106.6813,11.4447],[106.6876,11.4411],[106.6903,11.4406],[106.6908,11.4409],[106.6965,11.4415],[106.6967,11.4417],[106.6971,11.4413],[106.7017,11.4424],[106.7031,11.4422],[106.7042,11.4414],[106.7042,11.4396],[106.7051,11.4377],[106.7062,11.4364],[106.7068,11.4362],[106.7078,11.435],[106.7084,11.4348],[106.7096,11.4349],[106.7099,11.4347],[106.7118,11.4347],[106.7122,11.4339],[106.7133,11.4335],[106.7138,11.433],[106.7146,11.4313],[106.7176,11.4304],[106.7181,11.4297],[106.7169,11.4277],[106.7169,11.4267],[106.7176,11.4261],[106.7193,11.4262],[106.7207,11.4255],[106.7209,11.4246],[106.7203,11.423],[106.7215,11.4226],[106.7235,11.4227],[106.7251,11.4231],[106.7262,11.4237],[106.7263,11.4254],[106.7257,11.4278],[106.7257,11.4301],[106.7265,11.4319],[106.727,11.4323],[106.7297,11.4331],[106.7376,11.4322],[106.7413,11.4335],[106.7418,11.4342],[106.7412,11.4384],[106.7415,11.4405],[106.7503,11.4445],[106.7532,11.4464],[106.7548,11.4482],[106.7562,11.4504],[106.7569,11.4528],[106.7562,11.4538],[106.7531,11.4556],[106.7526,11.4562],[106.7523,11.4593],[106.7526,11.4622],[106.7505,11.4656],[106.7499,11.4676],[106.7499,11.4684],[106.7505,11.4695],[106.7529,11.4724],[106.7537,11.4762],[106.7541,11.4767],[106.7562,11.4774],[106.7578,11.4772],[106.7586,11.4774],[106.7625,11.48],[106.7637,11.4805],[106.7652,11.4805],[106.7668,11.4798],[106.7673,11.4798],[106.7677,11.4804],[106.7674,11.4811],[106.7664,11.482],[106.7663,11.4848],[106.7651,11.4859],[106.7631,11.4865],[106.7621,11.4863],[106.7613,11.4857],[106.7602,11.4858],[106.758,11.4868],[106.7551,11.4891],[106.7552,11.4897],[106.7566,11.4911],[106.7615,11.4917],[106.7643,11.4916],[106.7653,11.492],[106.7653,11.4927],[106.7646,11.4934],[106.7605,11.4958],[106.7595,11.4967],[106.7596,11.4975],[106.7609,11.4993],[106.7611,11.5001],[106.7605,11.504],[106.7618,11.5058],[106.7627,11.5064],[106.7676,11.5088],[106.7682,11.5097],[106.7688,11.5115],[106.7683,11.514],[106.7678,11.5145],[106.7633,11.5159],[106.7622,11.5166],[106.7626,11.5182],[106.7647,11.5223],[106.7646,11.5233],[106.764,11.5239],[106.7621,11.5247],[106.7601,11.5246],[106.7583,11.5251],[106.7577,11.5258],[106.7575,11.5265],[106.7577,11.527],[106.7588,11.528],[106.7625,11.5299],[106.7637,11.5311],[106.7636,11.5318],[106.7603,11.5348],[106.7599,11.5357],[106.7599,11.5364],[106.7602,11.537],[106.763,11.5398],[106.7642,11.5408],[106.7662,11.5419],[106.7666,11.5427],[106.7665,11.5435],[106.7647,11.5457],[106.7625,11.5495],[106.7623,11.551],[106.7627,11.5523],[106.7637,11.5527],[106.7661,11.5525],[106.7693,11.5528],[106.7728,11.5562],[106.7748,11.5562],[106.7766,11.5557],[106.7773,11.5561],[106.7773,11.5568],[106.7748,11.5609],[106.7746,11.5666],[106.7739,11.5671],[106.7702,11.5682],[106.7697,11.5687],[106.77,11.5696],[106.7725,11.5708],[106.7737,11.572],[106.7737,11.5727],[106.7717,11.5779],[106.7708,11.5785],[106.7663,11.5795],[106.7656,11.5803],[106.7646,11.5823],[106.7648,11.5832],[106.766,11.584],[106.7691,11.5846],[106.7703,11.5853],[106.7707,11.5863],[106.7694,11.5873],[106.7691,11.5878],[106.7696,11.5889],[106.7712,11.5906],[106.7715,11.5913],[106.7714,11.5926],[106.7708,11.5934],[106.7691,11.5954],[106.767,11.5968],[106.7661,11.5978]]]},"properties":{"code":"25450","name":"Nha Bích","nameEn":"Nha Bich","fullName":"Xã Nha Bích","fullNameEn":"Nha Bich Commune","codeName":"nha_bich","postalCode":"67908","postalCodePrefix":"","gisServerId":"diaphanhanhchinhcapxa_2025.2307","areaKm2":137.1},"id":"25450"},
{"type":"Feature","geometry":{"type":"Polygon","coordinates":[[[106.9075,11.022],[106.9058,11.022],[106.9028,11.0236],[106.8998,11.0262],[106.898,11.0272],[106.8951,11.0278],[106.8925,11.0275],[106.8881,11.0261],[106.8762,11.0205],[106.8743,11.02],[106.8724,11.02],[106.871,11.0205],[106.8682,11.0223],[106.8617,11.0295],[106.8596,11.0317],[106.8582,11.0327],[106.8567,11.0334],[106.8512,11.0344],[106.8464,11.0358],[106.8458,11.0347],[106.8459,11.0341],[106.8456,11.0338],[106.8455,11.0325],[106.8462,11.0322],[106.8466,11.0312],[106.8484,11.0307],[106.8477,11.0293],[106.8479,11.0279],[106.8517,11.0233],[106.8527,11.0233],[106.8531,11.0221],[106.8536,11.022],[106.8554,11.0181],[106.8569,11.0139],[106.8547,11.0136],[106.8551,11.0068],[106.8524,11.003],[106.8502,11.001],[106.8465,10.9955],[106.8467,10.992],[106.8464,10.9849],[106.8476,10.9812],[106.8479,10.9785],[106.8525,10.9729],[106.854,10.9668],[106.8616,10.9687],[106.8652,10.969],[106.8686,10.9714],[106.8683,10.9718],[106.8695,10.9729],[106.8705,10.975],[106.8724,10.9765],[106.8729,10.978],[106.8723,10.9783],[106.8718,10.9792],[106.8724,10.9798],[106.8729,10.9799],[106.873,10.9809],[106.8749,10.9811],[106.8761,10.9818],[106.8768,10.9827],[106.8782,10.9829],[106.8785,10.9826],[106.8791,10.9824],[106.879,10.9821],[106.8792,10.982],[106.8799,10.9822],[106.8805,10.983],[106.8815,10.9827],[106.8824,10.9829],[106.8822,10.9844],[106.8825,10.9852],[106.8832,10.9853],[106.884,10.987],[106.884,10.9878],[106.8849,10.9884],[106.8856,10.9893],[106.8914,10.9902],[106.893,10.991],[106.8953,10.991],[106.8963,10.9916],[106.8995,10.9925],[106.9018,10.9911],[106.9018,10.9936],[106.9037,10.994],[106.905,10.9946],[106.9064,10.9942],[106.9069,10.9945],[106.9073,10.9961],[106.9092,10.9953],[106.9105,10.9957],[106.9112,10.9954],[106.9123,10.9976],[106.913,10.9977],[106.9129,10.999],[106.9135,10.9991],[106.9142,10.9987],[106.9152,10.9986],[106.9156,10.9995],[106.9163,10.9994],[106.9166,11.0001],[106.9174,11.0003],[106.9176,11.0007],[106.9183,11.0009],[106.919,10.9996],[106.9197,10.9996],[106.9213,10.9984],[106.922,10.9985],[106.9226,10.9993],[106.9227,10.9986],[106.9247,10.9987],[106.9247,10.9989],[106.9252,10.9988],[106.9274,10.9994],[106.9275,10.9991],[106.928,10.999],[106.9295,10.9992],[106.9295,10.9984],[106.9306,10.998],[106.9312,10.9984],[106.9327,10.9971],[106.9327,10.9965],[106.9332,10.9955],[106.9334,10.9944],[106.9351,10.9945],[106.9352,10.9936],[106.9368,10.9941],[106.9385,10.9941],[106.9386,10.9955],[106.9406,10.9964],[106.9427,10.9948],[106.9435,10.9945],[106.944,10.9938],[106.9457,10.9934],[106.9484,10.9933],[106.9483,10.9936],[106.9488,10.994],[106.9486,10.9945],[106.949,10.9947],[106.9483,10.9963],[106.9476,10.9969],[106.9472,10.9963],[106.9463,10.9966],[106.9453,10.9981],[106.9424,10.999],[106.9431,11.0008],[106.9428,11.0015],[106.9423,11.0014],[106.9419,11.0022],[106.9411,11.0025],[106.9411,11.0034],[106.9403,11.0037],[106.9392,11.0038],[106.939,11.0052],[106.9382,11.0056],[106.9379,11.006],[106.9362,11.007],[106.9357,11.007],[106.9356,11.0074],[106.9346,11.0082],[106.9343,11.0079],[106.933,11.0079],[106.9323,11.0074],[106.9315,11.0076],[106.931,11.0085],[106.9293,11.0086],[106.9292,11.0088],[106.9282,11.0087],[106.9277,11.01],[106.9265,11.0105],[106.9264,11.0137],[106.9259,11.0139],[106.9253,11.0146],[106.9239,11.0139],[106.9235,11.0142],[106.9228,11.0141],[106.9228,11.0145],[106.9223,11.0149],[106.9213,11.0143],[106.9209,11.0152],[106.9206,11.0151],[106.9205,11.0145],[106.9202,11.0151],[106.9192,11.0142],[106.919,11.0145],[106.9193,11.016],[106.9178,11.016],[106.9169,11.0171],[106.9169,11.0181],[106.9166,11.0184],[106.914,11.0186],[106.9137,11.0178],[106.9121,11.016],[106.9109,11.016],[106.9104,11.0168],[106.9085,11.0178],[106.9063,11.0195],[106.9062,11.0203],[106.9074,11.0204],[106.9082,11.0207],[106.9075,11.022]]]},"properties":{"code":"25993","name":"Trảng Dài","nameEn":"Trang Dai","fullName":"Phường Trảng Dài","fullNameEn":"Trang Dai Ward","codeName":"trang_dai","postalCode":"76116","postalCodePrefix":"","gisServerId":"diaphanhanhchinhcapxa_2025.3101","areaKm2":37.3},"id":"25993"},
{"type":"Feature","geometry":{"type":"Polygon","coordinates":[[[106.9484,10.9933],[106.9457,10.9934],[106.944,10.9938],[106.9435,10.9945],[106.9427,10.9948],[106.9406,10.9964],[106.9386,10.9955],[106.9385,10.9941],[106.9368,10.9941],[106.9352,10.9936],[106.9351,10.9945],[106.9334,10.9944],[106.9332,10.9955],[106.9327,10.9965],[106.9327,10.9971],[106.9312,10.9984],[106.9306,10.998],[106.9295,10.9984],[106.9295,10.9992],[106.928,10.999],[106.9275,10.9991],[106.9274,10.9994],[106.9252,10.9988],[106.9247,10.9989],[106.9247,10.9987],[106.9227,10.9986],[106.9226,10.9993],[106.922,10.9985],[106.9213,10.9984],[106.9197,10.9996],[106.919,10.9996],[106.9183,11.0009],[106.9176,11.0007],[106.9174,11.0003],[106.9166,11.0001],[106.9163,10.9994],[106.9156,10.9995],[106.9152,10.9986],[106.9142,10.9987],[106.9135,10.9991],[106.9129,10.999],[106.913,10.9977],[106.9123,10.9976],[106.9112,10.9954],[106.9105,10.9957],[106.9092,10.9953],[106.9073,10.9961],[106.9069,10.9945],[106.9064,10.9942],[106.905,10.9946],[106.9037,10.994],[106.9018,10.9936],[106.9018,10.9911],[106.9022,10.9675],[106.9024,10.9675],[106.9025,10.9665],[106.9045,10.9614],[106.9022,10.9606],[106.9029,10.9588],[106.9035,10.959],[106.9038,10.9583],[106.9046,10.9585],[106.9136,10.9628],[106.9137,10.9626],[106.9155,10.963],[106.9251,10.9635],[106.9282,10.9629],[106.9351,10.9592],[106.9344,10.955],[106.9333,10.9526],[106.933,10.9502],[106.932,10.9488],[106.9322,10.9479],[106.9317,10.9474],[106.9317,10.9457],[106.9307,10.9448],[106.9299,10.9435],[106.93,10.9421],[106.9372,10.9436],[106.9374,10.9429],[106.938,10.943],[106.9395,10.9379],[106.94,10.9372],[106.9386,10.9368],[106.9388,10.9353],[106.938,10.9339],[106.9386,10.9331],[106.9387,10.9312],[106.9394,10.9302],[106.94,10.9299],[106.9404,10.9289],[106.9413,10.9283],[106.9414,10.9273],[106.9423,10.9289],[106.943,10.9292],[106.9432,10.9302],[106.9427,10.9304],[106.9423,10.9316],[106.9425,10.9334],[106.9431,10.9342],[106.9423,10.9347],[106.9426,10.9352],[106.942,10.9355],[106.9413,10.9374],[106.9422,10.9396],[106.9422,10.9402],[106.9425,10.9404],[106.9431,10.9431],[106.9429,10.9439],[106.9425,10.9442],[106.9425,10.9448],[106.9419,10.9458],[106.9414,10.9462],[106.9418,10.9471],[106.941,10.9483],[106.9408,10.949],[106.941,10.9525],[106.942,10.9552],[106.9423,10.9551],[106.9424,10.9553],[106.9454,10.9537],[106.9465,10.9525],[106.9478,10.9547],[106.9463,10.9553],[106.9468,10.9566],[106.9463,10.9571],[106.9479,10.9609],[106.9463,10.9623],[106.9465,10.9631],[106.9478,10.9683],[106.9512,10.9719],[106.951,10.9739],[106.9489,10.9758],[106.9472,10.9781],[106.9536,10.9873],[106.9525,10.988],[106.9541,10.9903],[106.9493,10.99],[106.9484,10.9933]]]},"properties":{"code":"26005","name":"Hố Nai","nameEn":"Ho Nai","fullName":"Phường Hố Nai","fullNameEn":"Ho Nai Ward","codeName":"ho_nai","postalCode":"76138","postalCodePrefix":"","gisServerId":"diaphanhanhchinhcapxa_2025.3104","areaKm2":22.9},"id":"26005"},
{"type":"Feature","geometry":{"type":"Polygon","coordinates":[[[106.8703,10.9378],[106.8684,10.9399],[106.8685,10.9445],[106.8693,10.9474],[106.8732,10.9532],[106.8809,10.9613],[106.8754,10.9629],[106.8751,10.9645],[106.8737,10.9662],[106.8736,10.9673],[106.8732,10.968],[106.8717,10.9684],[106.8712,10.969],[106.8709,10.9688],[106.8692,10.9704],[106.8686,10.9714],[106.8652,10.969],[106.8616,10.9687],[106.854,10.9668],[106.836,10.9625],[106.8326,10.9603],[106.8306,10.9582],[106.8285,10.9568],[106.8354,10.9588],[106.8466,10.9568],[106.8456,10.9547],[106.8456,10.9538],[106.8459,10.9534],[106.8456,10.9515],[106.8445,10.9515],[106.8451,10.9505],[106.8452,10.9483],[106.8488,10.9477],[106.85,10.9467],[106.851,10.945],[106.8522,10.9404],[106.8544,10.9408],[106.8552,10.9406],[106.8546,10.9355],[106.8552,10.9331],[106.8579,10.9332],[106.8586,10.934],[106.8598,10.9343],[106.8622,10.9328],[106.8682,10.9307],[106.8683,10.9362],[106.8695,10.9375],[106.8703,10.9378]]]},"properties":{"code":"26017","name":"Tam Hiệp","nameEn":"Tam Hiep","fullName":"Phường Tam Hiệp","fullNameEn":"Tam Hiep Ward","codeName":"tam_hiep","postalCode":"76109","postalCodePrefix":"","gisServerId":"diaphanhanhchinhcapxa_2025.3105","areaKm2":10.8},"id":"26017"},
{"type":"Feature","geometry":{"type":"Polygon","coordinates":[[[106.9018,10.9911],[106.8995,10.9925],[106.8963,10.9916],[106.8953,10.991],[106.893,10.991],[106.8914,10.9902],[106.8856,10.9893],[106.8849,10.9884],[106.884,10.9878],[106.884,10.987],[106.8832,10.9853],[106.8825,10.9852],[106.8822,10.9844],[106.8824,10.9829],[106.8815,10.9827],[106.8805,10.983],[106.8799,10.9822],[106.8792,10.982],[106.879,10.9821],[106.8791,10.9824],[106.8785,10.9826],[106.8782,10.9829],[106.8768,10.9827],[106.8761,10.9818],[106.8749,10.9811],[106.873,10.9809],[106.8729,10.9799],[106.8724,10.9798],[106.8718,10.9792],[106.8723,10.9783],[106.8729,10.978],[106.8724,10.9765],[106.8705,10.975],[106.8695,10.9729],[106.8683,10.9718],[106.8686,10.9714],[106.8692,10.9704],[106.8709,10.9688],[106.8712,10.969],[106.8717,10.9684],[106.8732,10.968],[106.8736,10.9673],[106.8737,10.9662],[106.8751,10.9645],[106.8754,10.9629],[106.8809,10.9613],[106.8732,10.9532],[106.8693,10.9474],[106.8685,10.9445],[106.8684,10.9399],[106.8703,10.9378],[106.8806,10.9249],[106.8826,10.9207],[106.885,10.9156],[106.8899,10.9104],[106.8901,10.9095],[106.8895,10.9039],[106.8909,10.9004],[106.8911,10.899],[106.8942,10.901],[106.8948,10.902],[106.8977,10.9023],[106.899,10.9028],[106.9008,10.9029],[106.9041,10.9055],[106.9057,10.9056],[106.9073,10.9062],[106.9111,10.9065],[106.9152,10.9062],[106.9161,10.9054],[106.9169,10.9053],[106.9207,10.9081],[106.9206,10.9084],[106.9213,10.9114],[106.9206,10.9134],[106.9232,10.9189],[106.9233,10.9198],[106.9278,10.9242],[106.929,10.927],[106.9301,10.9284],[106.9319,10.9326],[106.9321,10.9324],[106.9327,10.9334],[106.9366,10.9427],[106.9374,10.9429],[106.9372,10.9436],[106.93,10.9421],[106.9299,10.9435],[106.9307,10.9448],[106.9317,10.9457],[106.9317,10.9474],[106.9322,10.9479],[106.932,10.9488],[106.933,10.9502],[106.9333,10.9526],[106.9344,10.955],[106.9351,10.9592],[106.9282,10.9629],[106.9251,10.9635],[106.9155,10.963],[106.9137,10.9626],[106.9136,10.9628],[106.9046,10.9585],[106.9038,10.9583],[106.9035,10.959],[106.9029,10.9588],[106.9022,10.9606],[106.9045,10.9614],[106.9025,10.9665],[106.9024,10.9675],[106.9022,10.9675],[106.9018,10.9911]]]},"properties":{"code":"26020","name":"Long Bình","nameEn":"Long Binh","fullName":"Phường Long Bình","fullNameEn":"Long Binh Ward","codeName":"long_binh","postalCode":"76134","postalCodePrefix":"","gisServerId":"diaphanhanhchinhcapxa_2025.3103","areaKm2":44.9},"id":"26020"},
{"type":"Feature","geometry":{"type":"Polygon","coordinates":[[[106.8285,10.9568],[106.8271,10.9563],[106.827,10.9584],[106.8259,10.9586],[106.8235,10.9574],[106.8207,10.9577],[106.818,10.9571],[106.8183,10.9565],[106.8179,10.9567],[106.8173,10.9585],[106.8166,10.9585],[106.8153,10.9581],[106.8124,10.9593],[106.8121,10.9596],[106.8121,10.9623],[106.8115,10.9629],[106.8111,10.9628],[106.8104,10.9639],[106.8086,10.9649],[106.8054,10.9683],[106.8032,10.9698],[106.8026,10.9707],[106.8031,10.9707],[106.8017,10.9723],[106.8015,10.9755],[106.8021,10.9769],[106.8021,10.9783],[106.8019,10.9772],[106.7993,10.9764],[106.7986,10.9756],[106.7985,10.9744],[106.7961,10.9737],[106.7963,10.9724],[106.796,10.9716],[106.7947,10.9704],[106.7923,10.9694],[106.7872,10.9681],[106.7857,10.9674],[106.7846,10.9667],[106.7827,10.9643],[106.7822,10.9626],[106.7823,10.9618],[106.7834,10.959],[106.7858,10.9556],[106.7892,10.9528],[106.7936,10.951],[106.8023,10.9487],[106.806,10.9474],[106.8159,10.9426],[106.8194,10.94],[106.8212,10.937],[106.8224,10.9334],[106.8239,10.9305],[106.8255,10.9265],[106.8271,10.9243],[106.8277,10.9219],[106.8286,10.9204],[106.8296,10.9195],[106.8308,10.9189],[106.8329,10.9183],[106.8377,10.9159],[106.8392,10.9141],[106.8398,10.912],[106.8389,10.9078],[106.8389,10.9034],[106.8394,10.9016],[106.8459,10.904],[106.8486,10.9057],[106.8628,10.9198],[106.8669,10.916],[106.8711,10.9107],[106.8701,10.9099],[106.8687,10.9079],[106.8675,10.9066],[106.8692,10.9061],[106.8697,10.9064],[106.8701,10.9063],[106.8708,10.907],[106.8713,10.9068],[106.8719,10.9076],[106.8734,10.9075],[106.8735,10.9082],[106.8741,10.9084],[106.8742,10.9088],[106.8762,10.9093],[106.8767,10.9104],[106.8775,10.9106],[106.8783,10.9116],[106.8794,10.9119],[106.8795,10.9126],[106.8799,10.9126],[106.8802,10.9142],[106.8806,10.9148],[106.8801,10.9155],[106.8812,10.9167],[106.8818,10.9196],[106.8826,10.9207],[106.8806,10.9249],[106.8703,10.9378],[106.8695,10.9375],[106.8683,10.9362],[106.8682,10.9307],[106.8622,10.9328],[106.8598,10.9343],[106.8586,10.934],[106.8579,10.9332],[106.8552,10.9331],[106.8546,10.9355],[106.8552,10.9406],[106.8544,10.9408],[106.8522,10.9404],[106.851,10.945],[106.85,10.9467],[106.8488,10.9477],[106.8452,10.9483],[106.8451,10.9505],[106.8445,10.9515],[106.8456,10.9515],[106.8459,10.9534],[106.8456,10.9538],[106.8456,10.9547],[106.8466,10.9568],[106.8354,10.9588],[106.8285,10.9568]]]},"properties":{"code":"26041","name":"Trấn Biên","nameEn":"Tran Bien","fullName":"Phường Trấn Biên","fullNameEn":"Tran Bien Ward","codeName":"tran_bien","postalCode":"76137","postalCodePrefix":"","gisServerId":"diaphanhanhchinhcapxa_2025.3106","areaKm2":31},"id":"26041"},
{"type":"Feature","geometry":{"type":"Polygon","coordinates":[[[106.7827,10.9643],[106.7809,10.9638],[106.7789,10.9628],[106.7773,10.9613],[106.776,10.9595],[106.7736,10.9592],[106.7732,10.9594],[106.7729,10.9601],[106.7729,10.9621],[106.7722,10.9629],[106.7712,10.9634],[106.7716,10.965],[106.7713,10.9653],[106.7701,10.9651],[106.7694,10.9642],[106.7678,10.9644],[106.7666,10.9635],[106.7664,10.9637],[106.7667,10.9642],[106.7665,10.9645],[106.7662,10.964],[106.7658,10.9644],[106.7643,10.9635],[106.7636,10.9648],[106.7621,10.9633],[106.7623,10.9627],[106.762,10.9619],[106.7625,10.961],[106.7648,10.9598],[106.7652,10.9585],[106.7646,10.958],[106.7648,10.957],[106.7645,10.9561],[106.764,10.956],[106.7636,10.9548],[106.7631,10.9544],[106.7627,10.9533],[106.7645,10.9522],[106.7662,10.9517],[106.7668,10.9522],[106.769,10.9518],[106.7702,10.9525],[106.7708,10.952],[106.7711,10.9513],[106.7709,10.951],[106.7704,10.9514],[106.7699,10.9509],[106.7699,10.9495],[106.7695,10.949],[106.7693,10.9477],[106.7698,10.9462],[106.7699,10.9443],[106.7707,10.9429],[106.7717,10.9424],[106.7727,10.9412],[106.7746,10.9399],[106.7749,10.9399],[106.7753,10.9404],[106.7765,10.9384],[106.7769,10.9393],[106.7783,10.9391],[106.7783,10.9385],[106.7776,10.9376],[106.7791,10.9369],[106.7797,10.9373],[106.7799,10.9372],[106.782,10.9383],[106.7824,10.937],[106.7834,10.9356],[106.7834,10.9342],[106.784,10.9326],[106.7856,10.9333],[106.7872,10.9328],[106.7887,10.9329],[106.7907,10.9319],[106.7917,10.93],[106.7914,10.9282],[106.7918,10.9267],[106.788,10.9229],[106.7881,10.9221],[106.7944,10.9237],[106.7946,10.9231],[106.7965,10.9227],[106.7971,10.9221],[106.7987,10.922],[106.801,10.9201],[106.8023,10.9197],[106.8033,10.9199],[106.8043,10.9205],[106.8051,10.9204],[106.8054,10.9207],[106.8065,10.9207],[106.8083,10.9197],[106.8091,10.9199],[106.8092,10.9193],[106.8096,10.9198],[106.8097,10.9193],[106.8104,10.9189],[106.8101,10.9187],[106.8108,10.9187],[106.8109,10.9179],[106.812,10.9176],[106.8121,10.9172],[106.8116,10.917],[106.8118,10.9164],[106.8115,10.9153],[106.8124,10.9141],[106.8138,10.913],[106.8145,10.9112],[106.815,10.9105],[106.8151,10.908],[106.814,10.9076],[106.8148,10.9062],[106.8148,10.9043],[106.8158,10.904],[106.8164,10.9029],[106.8209,10.903],[106.8217,10.9039],[106.8227,10.9029],[106.8239,10.9029],[106.8263,10.9038],[106.8283,10.904],[106.8298,10.9049],[106.8311,10.9065],[106.8323,10.9068],[106.8328,10.9065],[106.8335,10.9046],[106.8345,10.9037],[106.8368,10.9032],[106.8389,10.9034],[106.8389,10.9078],[106.8398,10.912],[106.8392,10.9141],[106.8377,10.9159],[106.8329,10.9183],[106.8308,10.9189],[106.8296,10.9195],[106.8286,10.9204],[106.8277,10.9219],[106.8271,10.9243],[106.8255,10.9265],[106.8239,10.9305],[106.8224,10.9334],[106.8212,10.937],[106.8194,10.94],[106.8159,10.9426],[106.806,10.9474],[106.8023,10.9487],[106.7936,10.951],[106.7892,10.9528],[106.7858,10.9556],[106.7834,10.959],[106.7823,10.9618],[106.7822,10.9626],[106.7827,10.9643]]]},"properties":{"code":"26068","name":"Biên Hoà","nameEn":"Bien Hoa","fullName":"Phường Biên Hoà","fullNameEn":"Bien Hoa Ward","codeName":"bien_hoa","postalCode":"76136","postalCodePrefix":"","gisServerId":"diaphanhanhchinhcapxa_2025.3108","areaKm2":21.5},"id":"26068"},
{"type":"Feature","geometry":{"type":"Polygon","coordinates":[[[107.2866,10.9329],[107.2735,10.9347],[107.2598,10.9352],[107.2593,10.9397],[107.2584,10.9424],[107.2577,10.9427],[107.2574,10.9427],[107.2575,10.9421],[107.256,10.942],[107.256,10.9425],[107.2532,10.9424],[107.253,10.9414],[107.251,10.9412],[107.2504,10.9403],[107.249,10.9399],[107.2483,10.94],[107.2471,10.9409],[107.2454,10.9433],[107.2443,10.944],[107.2433,10.9438],[107.2425,10.9427],[107.24,10.9417],[107.2388,10.9417],[107.2379,10.9414],[107.2366,10.9414],[107.2364,10.9332],[107.2361,10.9193],[107.228,10.9194],[107.2282,10.9176],[107.2277,10.9168],[107.2274,10.9148],[107.2245,10.9149],[107.2235,10.9143],[107.223,10.9134],[107.2233,10.9126],[107.2237,10.9121],[107.2243,10.9106],[107.2254,10.9108],[107.2263,10.9105],[107.2271,10.909],[107.2278,10.9091],[107.2279,10.9097],[107.2288,10.9101],[107.2299,10.9111],[107.2303,10.9109],[107.2314,10.911],[107.2315,10.9107],[107.2323,10.9116],[107.2336,10.9118],[107.2339,10.9117],[107.2339,10.9114],[107.2348,10.9104],[107.2352,10.9091],[107.2356,10.909],[107.2357,10.9087],[107.2367,10.909],[107.2371,10.9085],[107.2375,10.9089],[107.2376,10.9085],[107.2381,10.9086],[107.2386,10.9079],[107.239,10.9079],[107.2393,10.9084],[107.2399,10.9081],[107.2414,10.9089],[107.2443,10.9088],[107.2456,10.9091],[107.2457,10.9097],[107.2464,10.91],[107.2465,10.9107],[107.2478,10.9123],[107.2507,10.9138],[107.2523,10.9153],[107.2545,10.9161],[107.2553,10.9174],[107.2563,10.9181],[107.2566,10.9179],[107.2567,10.9185],[107.2576,10.919],[107.2588,10.9194],[107.2599,10.9193],[107.26,10.9181],[107.2609,10.9179],[107.2612,10.9175],[107.2616,10.9177],[107.2619,10.9173],[107.2623,10.918],[107.2633,10.9178],[107.2639,10.9181],[107.2644,10.9177],[107.2652,10.9176],[107.2653,10.9173],[107.2668,10.9171],[107.2673,10.9173],[107.2683,10.9164],[107.2701,10.916],[107.2701,10.9156],[107.2696,10.9152],[107.2695,10.9145],[107.27,10.9136],[107.2695,10.913],[107.2699,10.9125],[107.2693,10.9125],[107.2686,10.9107],[107.2689,10.9103],[107.2683,10.9098],[107.2685,10.9094],[107.2689,10.9095],[107.2694,10.9086],[107.2708,10.9088],[107.2718,10.9115],[107.2736,10.9124],[107.2742,10.9134],[107.2758,10.9146],[107.2757,10.9134],[107.2764,10.9116],[107.2771,10.9113],[107.2779,10.9101],[107.2793,10.9102],[107.2804,10.9107],[107.2814,10.9105],[107.2818,10.9089],[107.2826,10.9092],[107.2839,10.909],[107.2849,10.9106],[107.2861,10.9111],[107.2873,10.9111],[107.288,10.9108],[107.2881,10.9099],[107.2888,10.9091],[107.2893,10.9091],[107.2895,10.9086],[107.2919,10.9097],[107.2932,10.9096],[107.2936,10.9089],[107.2946,10.909],[107.2951,10.9084],[107.2958,10.9088],[107.2964,10.9081],[107.2974,10.9085],[107.2975,10.9091],[107.2982,10.9086],[107.2987,10.9092],[107.2994,10.9093],[107.3004,10.9093],[107.3004,10.9118],[107.3008,10.9127],[107.301,10.9153],[107.3019,10.9169],[107.3019,10.9177],[107.3026,10.9177],[107.3027,10.9189],[107.3021,10.9191],[107.3021,10.9197],[107.3024,10.9202],[107.302,10.922],[107.3024,10.9221],[107.3029,10.9252],[107.3032,10.9252],[107.3033,10.9258],[107.3029,10.9268],[107.3038,10.9267],[107.3051,10.9273],[107.3071,10.9276],[107.3071,10.9286],[107.3065,10.9289],[107.3064,10.9296],[107.3071,10.9299],[107.3092,10.9293],[107.3095,10.9311],[107.3096,10.9316],[107.3094,10.9322],[107.3072,10.9344],[107.3063,10.9339],[107.3051,10.9341],[107.3051,10.9367],[107.3042,10.9374],[107.3011,10.9349],[107.2926,10.9324],[107.291,10.9322],[107.2866,10.9329]]]},"properties":{"code":"26080","name":"Long Khánh","nameEn":"Long Khanh","fullName":"Phường Long Khánh","fullNameEn":"Long Khanh Ward","codeName":"long_khanh","postalCode":"76471","postalCodePrefix":"","gisServerId":"diaphanhanhchinhcapxa_2025.3109","areaKm2":21.3},"id":"26080"},
{"type":"Feature","geometry":{"type":"Polygon","coordinates":[[[107.242,11.0613],[107.2417,11.0615],[107.2414,11.0613],[107.2407,11.062],[107.24,11.0612],[107.2389,11.0604],[107.2372,11.061],[107.2367,11.0602],[107.2357,11.0597],[107.235,11.0585],[107.2339,11.0581],[107.2337,11.0582],[107.2337,11.0586],[107.2328,11.059],[107.2327,11.0587],[107.2331,11.0581],[107.2318,11.0584],[107.2315,11.0588],[107.2313,11.0582],[107.2299,11.0586],[107.2296,11.0575],[107.2286,11.0578],[107.2284,11.0571],[107.2279,11.0572],[107.2273,11.0568],[107.2272,11.056],[107.2266,11.0557],[107.2264,11.0549],[107.2252,11.0544],[107.2247,11.0533],[107.2249,11.0528],[107.2227,11.0499],[107.2216,11.0478],[107.2217,11.0471],[107.2228,11.0464],[107.223,11.0455],[107.2234,11.0453],[107.2234,11.0449],[107.2224,11.0452],[107.2216,11.0437],[107.2219,11.0435],[107.2217,11.0429],[107.2204,11.0435],[107.2202,11.0433],[107.2201,11.0351],[107.2192,11.0351],[107.218,11.0347],[107.2181,11.0344],[107.2166,11.034],[107.2176,11.0334],[107.2199,11.0313],[107.2201,11.0304],[107.22,11.0288],[107.2203,11.0279],[107.2206,11.0276],[107.2207,11.0265],[107.2213,11.0266],[107.224,11.0223],[107.2048,11.0089],[107.1898,11.009],[107.1819,11.0121],[107.1802,11.0118],[107.1796,11.0124],[107.1791,11.012],[107.1783,11.0096],[107.1785,11.0091],[107.1783,11.0085],[107.1787,11.0079],[107.1788,11.007],[107.1798,11.0071],[107.1804,11.0065],[107.1812,11.0065],[107.1827,11.0049],[107.1829,11.0043],[107.1834,11.004],[107.1834,11.0036],[107.1828,11.0032],[107.1825,11.0008],[107.183,11.0005],[107.1825,10.9997],[107.1829,10.9991],[107.1827,10.9983],[107.183,10.9971],[107.1844,10.9957],[107.1841,10.9943],[107.1851,10.9917],[107.1852,10.9925],[107.1951,10.9922],[107.1983,10.9879],[107.1972,10.9869],[107.1968,10.986],[107.1969,10.9854],[107.1955,10.9832],[107.1955,10.9824],[107.1964,10.9806],[107.1954,10.9795],[107.1952,10.9785],[107.1944,10.9778],[107.1942,10.977],[107.1928,10.976],[107.1917,10.9743],[107.1896,10.9724],[107.1899,10.9709],[107.1906,10.971],[107.1908,10.9706],[107.1903,10.9701],[107.1902,10.9696],[107.1896,10.9699],[107.1894,10.9685],[107.189,10.9682],[107.1893,10.9676],[107.188,10.9667],[107.1886,10.9661],[107.1874,10.9648],[107.1868,10.9648],[107.1866,10.9636],[107.1848,10.9625],[107.1851,10.962],[107.1846,10.9617],[107.1845,10.9605],[107.1837,10.9606],[107.1834,10.9596],[107.1826,10.9595],[107.1826,10.9588],[107.182,10.959],[107.182,10.9581],[107.1814,10.9583],[107.1814,10.9569],[107.181,10.957],[107.1806,10.9562],[107.1799,10.9563],[107.1788,10.9546],[107.1786,10.953],[107.1783,10.953],[107.1779,10.9521],[107.1767,10.9464],[107.1766,10.9458],[107.1772,10.9454],[107.1774,10.9443],[107.1768,10.9432],[107.1768,10.9424],[107.1911,10.9424],[107.191,10.9339],[107.1977,10.9337],[107.1984,10.9326],[107.2002,10.9316],[107.2022,10.9297],[107.2043,10.9304],[107.2122,10.9306],[107.2364,10.9332],[107.2366,10.9414],[107.237,10.9643],[107.2364,10.9661],[107.2367,10.9661],[107.2372,10.9656],[107.238,10.9656],[107.2388,10.9663],[107.2395,10.9663],[107.2397,10.9669],[107.2405,10.9664],[107.2414,10.9668],[107.242,10.9676],[107.2424,10.9673],[107.2431,10.9676],[107.2444,10.9672],[107.2447,10.9675],[107.2445,10.9679],[107.2451,10.9676],[107.2452,10.9683],[107.2456,10.9681],[107.2455,10.9687],[107.2457,10.9693],[107.2467,10.9693],[107.2469,10.9696],[107.2476,10.9698],[107.2476,10.9705],[107.2473,10.9709],[107.2477,10.9715],[107.2473,10.9738],[107.2478,10.974],[107.2477,10.9746],[107.2484,10.9747],[107.2484,10.9752],[107.2495,10.9761],[107.2498,10.9774],[107.2488,10.9797],[107.249,10.9806],[107.2484,10.9814],[107.2486,10.9816],[107.2467,10.9828],[107.2468,10.9845],[107.2465,10.9849],[107.2491,10.9861],[107.2491,10.989],[107.2494,10.99],[107.2492,10.9905],[107.2496,10.9912],[107.2504,10.9914],[107.251,10.992],[107.2516,10.9939],[107.253,10.9955],[107.2543,10.9977],[107.2564,10.9991],[107.2569,11.0003],[107.26,11.0014],[107.2603,11.0039],[107.2613,11.0053],[107.2614,11.0066],[107.2626,11.0069],[107.2651,11.0088],[107.2642,11.0096],[107.2644,11.01],[107.2638,11.0106],[107.264,11.012],[107.2629,11.013],[107.2633,11.0137],[107.2632,11.0142],[107.2636,11.0146],[107.263,11.0159],[107.2635,11.0163],[107.263,11.0168],[107.2631,11.0172],[107.2627,11.0173],[107.263,11.0178],[107.2628,11.0186],[107.2622,11.0189],[107.2623,11.0196],[107.262,11.0199],[107.2624,11.0203],[107.2619,11.0212],[107.2622,11.0226],[107.2619,11.0233],[107.2622,11.0246],[107.2618,11.025],[107.262,11.0255],[107.2617,11.0265],[107.2623,11.0272],[107.2623,11.028],[107.2619,11.0284],[107.2626,11.029],[107.2626,11.0294],[107.2611,11.0321],[107.2597,11.0323],[107.2594,11.0326],[107.259,11.0349],[107.258,11.0364],[107.2586,11.0376],[107.2574,11.0394],[107.2583,11.0401],[107.2583,11.0413],[107.2588,11.0426],[107.2585,11.0439],[107.2574,11.0442],[107.257,11.0438],[107.2558,11.0447],[107.2555,11.044],[107.2543,11.0443],[107.2535,11.0449],[107.2524,11.0449],[107.2514,11.0455],[107.2511,11.0468],[107.2499,11.0468],[107.2491,11.0474],[107.2489,11.0479],[107.2492,11.0486],[107.2483,11.0503],[107.2483,11.0513],[107.2475,11.0515],[107.2473,11.052],[107.2473,11.0529],[107.2478,11.0535],[107.2474,11.0544],[107.2479,11.055],[107.2477,11.0562],[107.2455,11.0572],[107.2455,11.0584],[107.2447,11.0587],[107.2439,11.0586],[107.2438,11.0598],[107.2427,11.0592],[107.2429,11.0602],[107.242,11.0605],[107.242,11.0613]]]},"properties":{"code":"26089","name":"Bình Lộc","nameEn":"Binh Loc","fullName":"Phường Bình Lộc","fullNameEn":"Binh Loc Ward","codeName":"binh_loc","postalCode":"76461","postalCodePrefix":"","gisServerId":"diaphanhanhchinhcapxa_2025.3110","areaKm2":77.2},"id":"26089"},
{"type":"Feature","geometry":{"type":"Polygon","coordinates":[[[107.3297,10.9945],[107.3297,10.9948],[107.3287,10.9948],[107.3243,10.9942],[107.3195,10.9944],[107.319,10.9942],[107.3182,10.9943],[107.3175,10.9939],[107.3168,10.9945],[107.3163,10.9937],[107.3151,10.9927],[107.3145,10.9918],[107.3128,10.9923],[107.3059,10.9922],[107.306,10.9926],[107.3035,10.9929],[107.303,10.9924],[107.301,10.9925],[107.298,10.9919],[107.296,10.9918],[107.2953,10.9921],[107.2944,10.9917],[107.2894,10.992],[107.2893,10.9926],[107.2879,10.9917],[107.2871,10.992],[107.2868,10.993],[107.2861,10.9927],[107.285,10.9926],[107.2843,10.9918],[107.2833,10.9924],[107.2822,10.9921],[107.2815,10.9925],[107.2805,10.9924],[107.2802,10.9936],[107.2797,10.9937],[107.2801,10.9947],[107.2785,11.0001],[107.278,11.0009],[107.2773,11.0012],[107.2782,11.0032],[107.2781,11.0037],[107.2786,11.005],[107.2768,11.007],[107.2764,11.0078],[107.2743,11.0073],[107.2737,11.0085],[107.2733,11.0089],[107.2729,11.0088],[107.2727,11.0083],[107.2729,11.0073],[107.2726,11.0069],[107.2723,11.0071],[107.2711,11.0057],[107.2704,11.0052],[107.2687,11.0049],[107.2683,11.0041],[107.2642,11.0063],[107.2646,11.0076],[107.2653,11.0079],[107.2651,11.0088],[107.2626,11.0069],[107.2614,11.0066],[107.2613,11.0053],[107.2603,11.0039],[107.26,11.0014],[107.2569,11.0003],[107.2564,10.9991],[107.2543,10.9977],[107.253,10.9955],[107.2516,10.9939],[107.251,10.992],[107.2504,10.9914],[107.2496,10.9912],[107.2492,10.9905],[107.2494,10.99],[107.2491,10.989],[107.2491,10.9861],[107.2465,10.9849],[107.2468,10.9845],[107.2467,10.9828],[107.2486,10.9816],[107.2484,10.9814],[107.249,10.9806],[107.2488,10.9797],[107.2498,10.9774],[107.2495,10.9761],[107.2484,10.9752],[107.2484,10.9747],[107.2477,10.9746],[107.2478,10.974],[107.2473,10.9738],[107.2477,10.9715],[107.2473,10.9709],[107.2476,10.9705],[107.2476,10.9698],[107.2469,10.9696],[107.2467,10.9693],[107.2457,10.9693],[107.2455,10.9687],[107.2456,10.9681],[107.2452,10.9683],[107.2451,10.9676],[107.2445,10.9679],[107.2447,10.9675],[107.2444,10.9672],[107.2431,10.9676],[107.2424,10.9673],[107.242,10.9676],[107.2414,10.9668],[107.2405,10.9664],[107.2397,10.9669],[107.2395,10.9663],[107.2388,10.9663],[107.238,10.9656],[107.2372,10.9656],[107.2367,10.9661],[107.2364,10.9661],[107.237,10.9643],[107.2366,10.9414],[107.2379,10.9414],[107.2388,10.9417],[107.24,10.9417],[107.2425,10.9427],[107.2433,10.9438],[107.2443,10.944],[107.2454,10.9433],[107.2471,10.9409],[107.2483,10.94],[107.249,10.9399],[107.2504,10.9403],[107.251,10.9412],[107.253,10.9414],[107.2532,10.9424],[107.256,10.9425],[107.256,10.942],[107.2575,10.9421],[107.2574,10.9427],[107.2577,10.9427],[107.2584,10.9424],[107.2593,10.9397],[107.2598,10.9352],[107.2735,10.9347],[107.2866,10.9329],[107.2871,10.9341],[107.289,10.9349],[107.2892,10.9356],[107.2903,10.9364],[107.293,10.9368],[107.2931,10.9376],[107.2935,10.9379],[107.2935,10.94],[107.2941,10.9412],[107.2958,10.9418],[107.298,10.9411],[107.2992,10.942],[107.3004,10.9419],[107.3012,10.942],[107.3022,10.9431],[107.3023,10.9439],[107.3034,10.944],[107.3043,10.9467],[107.3042,10.9478],[107.3047,10.9494],[107.3045,10.9496],[107.3051,10.9523],[107.305,10.953],[107.3056,10.9535],[107.306,10.9544],[107.3072,10.9555],[107.3082,10.9556],[107.3091,10.9561],[107.3101,10.9563],[107.3097,10.9584],[107.3105,10.9601],[107.3101,10.9603],[107.3101,10.9611],[107.311,10.9618],[107.3123,10.9616],[107.3131,10.9643],[107.3125,10.9645],[107.3124,10.9649],[107.313,10.9654],[107.3148,10.966],[107.3159,10.9674],[107.3161,10.9689],[107.3167,10.9694],[107.3165,10.9706],[107.3184,10.9732],[107.3187,10.9756],[107.3197,10.9757],[107.3194,10.977],[107.3202,10.9769],[107.3202,10.9779],[107.3208,10.9783],[107.3206,10.9797],[107.3212,10.9803],[107.3214,10.9809],[107.322,10.9811],[107.3226,10.982],[107.325,10.9827],[107.3246,10.9837],[107.3249,10.9858],[107.3243,10.989],[107.3244,10.9895],[107.3249,10.9899],[107.3249,10.9911],[107.3258,10.9923],[107.3265,10.992],[107.3274,10.9924],[107.3291,10.9944],[107.3297,10.9945]]]},"properties":{"code":"26098","name":"Bảo Vinh","nameEn":"Bao Vinh","fullName":"Phường Bảo Vinh","fullNameEn":"Bao Vinh Ward","codeName":"bao_vinh","postalCode":"76459","postalCodePrefix":"","gisServerId":"diaphanhanhchinhcapxa_2025.3111","areaKm2":50.9},"id":"26098"},
{"type":"Feature","geometry":{"type":"Polygon","coordinates":[[[107.2364,10.9332],[107.2122,10.9306],[107.2043,10.9304],[107.2022,10.9297],[107.2002,10.9316],[107.1984,10.9326],[107.1977,10.9337],[107.191,10.9339],[107.1911,10.9424],[107.1768,10.9424],[107.1766,10.9409],[107.1755,10.9397],[107.1749,10.9382],[107.1751,10.9366],[107.1747,10.9356],[107.1755,10.9345],[107.1743,10.934],[107.1744,10.9335],[107.174,10.9331],[107.174,10.9325],[107.1731,10.9318],[107.1731,10.93],[107.1722,10.9293],[107.1719,10.9281],[107.171,10.9276],[107.1713,10.9269],[107.1707,10.9248],[107.1701,10.9246],[107.1702,10.9235],[107.1691,10.923],[107.169,10.9221],[107.1694,10.9221],[107.1702,10.9205],[107.1695,10.9187],[107.1678,10.9176],[107.1682,10.9169],[107.1677,10.9167],[107.1676,10.9148],[107.1673,10.9146],[107.1681,10.9139],[107.1676,10.9128],[107.1669,10.9129],[107.1671,10.9123],[107.1665,10.912],[107.1669,10.9116],[107.167,10.9104],[107.1675,10.9102],[107.1677,10.9095],[107.1675,10.9085],[107.1678,10.9071],[107.1653,10.9068],[107.1652,10.9064],[107.1645,10.9058],[107.1628,10.9047],[107.1621,10.9047],[107.162,10.904],[107.1613,10.9039],[107.161,10.9027],[107.1605,10.9025],[107.1606,10.9022],[107.1597,10.9019],[107.1603,10.9016],[107.1602,10.9007],[107.1596,10.9004],[107.1592,10.8997],[107.1595,10.8993],[107.1605,10.8991],[107.1596,10.8975],[107.1598,10.8969],[107.1597,10.8956],[107.1591,10.8955],[107.1585,10.895],[107.1582,10.8935],[107.1595,10.8923],[107.1593,10.8917],[107.1597,10.8911],[107.1594,10.8902],[107.1597,10.8896],[107.1588,10.8888],[107.1585,10.8856],[107.1588,10.885],[107.1578,10.8837],[107.1582,10.8833],[107.1585,10.8837],[107.1591,10.8837],[107.1594,10.8827],[107.1615,10.8824],[107.1616,10.8819],[107.1624,10.8814],[107.1624,10.8806],[107.1631,10.8799],[107.1641,10.8796],[107.1643,10.8791],[107.1654,10.879],[107.1663,10.8793],[107.1668,10.8789],[107.1676,10.8792],[107.1686,10.8787],[107.1689,10.879],[107.1697,10.8788],[107.1715,10.8801],[107.173,10.8803],[107.1727,10.8811],[107.1715,10.8819],[107.1715,10.8822],[107.1725,10.8827],[107.1736,10.8838],[107.1749,10.8859],[107.1751,10.8867],[107.1749,10.8881],[107.1733,10.8919],[107.1738,10.894],[107.1735,10.8949],[107.1737,10.8954],[107.1742,10.8954],[107.174,10.8951],[107.1742,10.8948],[107.1746,10.8949],[107.1758,10.8946],[107.1764,10.8938],[107.1776,10.8942],[107.1779,10.894],[107.178,10.8943],[107.1784,10.8939],[107.1786,10.8942],[107.1787,10.8939],[107.1796,10.894],[107.1806,10.8933],[107.1809,10.8935],[107.1818,10.8927],[107.1824,10.8925],[107.1833,10.8927],[107.1837,10.8933],[107.1859,10.8938],[107.1863,10.8937],[107.1867,10.8941],[107.1872,10.8939],[107.1879,10.8941],[107.1914,10.8932],[107.1921,10.8934],[107.1928,10.8931],[107.1929,10.8927],[107.1951,10.893],[107.1958,10.8938],[107.1962,10.8953],[107.1985,10.8968],[107.2001,10.8966],[107.2005,10.8972],[107.201,10.8972],[107.2014,10.8966],[107.2019,10.8969],[107.2024,10.8964],[107.2027,10.8972],[107.202,10.898],[107.2021,10.8987],[107.2038,10.8986],[107.2064,10.8976],[107.2067,10.899],[107.2072,10.8992],[107.2068,10.9002],[107.2059,10.9],[107.205,10.9013],[107.2057,10.902],[107.2055,10.9025],[107.2066,10.903],[107.2062,10.9036],[107.2072,10.904],[107.2069,10.9046],[107.207,10.9048],[107.2097,10.9066],[107.2095,10.9071],[107.2112,10.9076],[107.2115,10.9081],[107.211,10.9087],[107.2124,10.9106],[107.2138,10.9101],[107.2148,10.9103],[107.2157,10.91],[107.2171,10.9104],[107.2177,10.9102],[107.2171,10.9112],[107.2174,10.9121],[107.2172,10.9124],[107.2177,10.9127],[107.218,10.9136],[107.2233,10.9126],[107.223,10.9134],[107.2235,10.9143],[107.2245,10.9149],[107.2274,10.9148],[107.2277,10.9168],[107.2282,10.9176],[107.228,10.9194],[107.2361,10.9193],[107.2364,10.9332]]]},"properties":{"code":"26104","name":"Xuân Lập","nameEn":"Xuan Lap","fullName":"Phường Xuân Lập","fullNameEn":"Xuan Lap Ward","codeName":"xuan_lap","postalCode":"76468","postalCodePrefix":"","gisServerId":"diaphanhanhchinhcapxa_2025.3138","areaKm2":29.2},"id":"26104"},
{"type":"Feature","geometry":{"type":"Polygon","coordinates":[[[107.2641,10.8566],[107.2633,10.8567],[107.2631,10.8572],[107.2615,10.8577],[107.2611,10.8585],[107.2611,10.8596],[107.2607,10.8601],[107.2614,10.8612],[107.2614,10.8621],[107.2603,10.8626],[107.2595,10.864],[107.259,10.8642],[107.2511,10.8814],[107.2498,10.8809],[107.2476,10.8854],[107.2384,10.881],[107.2377,10.882],[107.241,10.8846],[107.2412,10.8869],[107.241,10.8876],[107.2411,10.8901],[107.242,10.8926],[107.2421,10.895],[107.244,10.8985],[107.2439,10.8995],[107.2459,10.9006],[107.2464,10.9005],[107.2472,10.9013],[107.2478,10.9033],[107.2487,10.9035],[107.2488,10.9046],[107.2492,10.9049],[107.2497,10.9045],[107.2504,10.9048],[107.2506,10.906],[107.2524,10.9067],[107.2522,10.9076],[107.2528,10.9079],[107.2532,10.9087],[107.2574,10.9092],[107.2569,10.9125],[107.2571,10.9151],[107.2581,10.9172],[107.26,10.9181],[107.2599,10.9193],[107.2588,10.9194],[107.2576,10.919],[107.2567,10.9185],[107.2566,10.9179],[107.2563,10.9181],[107.2553,10.9174],[107.2545,10.9161],[107.2523,10.9153],[107.2507,10.9138],[107.2478,10.9123],[107.2465,10.9107],[107.2464,10.91],[107.2457,10.9097],[107.2456,10.9091],[107.2443,10.9088],[107.2414,10.9089],[107.2399,10.9081],[107.2393,10.9084],[107.239,10.9079],[107.2386,10.9079],[107.2381,10.9086],[107.2376,10.9085],[107.2375,10.9089],[107.2371,10.9085],[107.2367,10.909],[107.2357,10.9087],[107.2356,10.909],[107.2352,10.9091],[107.2348,10.9104],[107.2339,10.9114],[107.2339,10.9117],[107.2336,10.9118],[107.2323,10.9116],[107.2315,10.9107],[107.2314,10.911],[107.2303,10.9109],[107.2299,10.9111],[107.2288,10.9101],[107.2279,10.9097],[107.2278,10.9091],[107.2271,10.909],[107.2263,10.9105],[107.2254,10.9108],[107.2243,10.9106],[107.2237,10.9121],[107.2233,10.9126],[107.218,10.9136],[107.2177,10.9127],[107.2172,10.9124],[107.2174,10.9121],[107.2171,10.9112],[107.2177,10.9102],[107.2171,10.9104],[107.2157,10.91],[107.2148,10.9103],[107.2138,10.9101],[107.2124,10.9106],[107.211,10.9087],[107.2115,10.9081],[107.2112,10.9076],[107.2095,10.9071],[107.2097,10.9066],[107.207,10.9048],[107.2069,10.9046],[107.2072,10.904],[107.2062,10.9036],[107.2066,10.903],[107.2055,10.9025],[107.2057,10.902],[107.205,10.9013],[107.2059,10.9],[107.2068,10.9002],[107.2072,10.8992],[107.2067,10.899],[107.2064,10.8976],[107.2038,10.8986],[107.2021,10.8987],[107.202,10.898],[107.2027,10.8972],[107.2024,10.8964],[107.2019,10.8969],[107.2014,10.8966],[107.201,10.8972],[107.2005,10.8972],[107.2001,10.8966],[107.1985,10.8968],[107.1962,10.8953],[107.1958,10.8938],[107.1951,10.893],[107.1929,10.8927],[107.1928,10.8931],[107.1921,10.8934],[107.1914,10.8932],[107.1879,10.8941],[107.1872,10.8939],[107.1867,10.8941],[107.1863,10.8937],[107.1859,10.8938],[107.1837,10.8933],[107.1833,10.8927],[107.1824,10.8925],[107.1818,10.8927],[107.1809,10.8935],[107.1806,10.8933],[107.1796,10.894],[107.1787,10.8939],[107.1786,10.8942],[107.1784,10.8939],[107.178,10.8943],[107.1779,10.894],[107.1776,10.8942],[107.1764,10.8938],[107.1758,10.8946],[107.1746,10.8949],[107.1742,10.8948],[107.174,10.8951],[107.1742,10.8954],[107.1737,10.8954],[107.1735,10.8949],[107.1738,10.894],[107.1733,10.8919],[107.1749,10.8881],[107.1751,10.8867],[107.1749,10.8859],[107.1736,10.8838],[107.1725,10.8827],[107.1715,10.8822],[107.1715,10.8819],[107.1727,10.8811],[107.173,10.8803],[107.1751,10.8804],[107.1761,10.8801],[107.1777,10.8789],[107.179,10.8783],[107.1799,10.8757],[107.1803,10.8752],[107.1799,10.8749],[107.1799,10.8745],[107.1802,10.874],[107.1819,10.8727],[107.1822,10.8721],[107.1816,10.872],[107.181,10.8702],[107.1813,10.8697],[107.1806,10.8689],[107.1792,10.8681],[107.1804,10.866],[107.1798,10.8655],[107.1799,10.8646],[107.181,10.8642],[107.1804,10.8621],[107.1794,10.8613],[107.1817,10.8604],[107.1825,10.8608],[107.1843,10.857],[107.1831,10.8536],[107.1819,10.8531],[107.1822,10.8523],[107.1839,10.852],[107.1851,10.8507],[107.1861,10.8507],[107.1871,10.8502],[107.1897,10.8502],[107.1907,10.8508],[107.1921,10.8508],[107.1952,10.8517],[107.1958,10.8502],[107.1994,10.8519],[107.2025,10.8456],[107.2285,10.8576],[107.2289,10.8576],[107.2296,10.8565],[107.2342,10.8587],[107.2349,10.8536],[107.2404,10.8561],[107.2421,10.8563],[107.2429,10.8562],[107.2469,10.8581],[107.2483,10.8554],[107.2497,10.8534],[107.2505,10.8528],[107.2532,10.852],[107.2543,10.8521],[107.2564,10.8538],[107.2595,10.8537],[107.2616,10.8544],[107.2641,10.8566]]]},"properties":{"code":"26113","name":"Hàng Gòn","nameEn":"Hang Gon","fullName":"Phường Hàng Gòn","fullNameEn":"Hang Gon Ward","codeName":"hang_gon","postalCode":"76470","postalCodePrefix":"","gisServerId":"diaphanhanhchinhcapxa_2025.3112","areaKm2":45.6},"id":"26113"},
{"type":"Feature","geometry":{"type":"Polygon","coordinates":[[[107.4447,11.3392],[107.441,11.3395],[107.4397,11.3399],[107.4391,11.3381],[107.4393,11.3376],[107.4389,11.3372],[107.4384,11.3378],[107.4374,11.3381],[107.4377,11.3391],[107.4371,11.3394],[107.4368,11.3411],[107.4355,11.3407],[107.433,11.3417],[107.4323,11.3414],[107.4321,11.3409],[107.4314,11.3408],[107.4315,11.3405],[107.4309,11.3407],[107.43,11.3401],[107.4299,11.342],[107.4287,11.3432],[107.4281,11.3428],[107.4281,11.341],[107.4278,11.341],[107.4275,11.3403],[107.4264,11.3405],[107.4265,11.3417],[107.4261,11.3422],[107.4259,11.3391],[107.4261,11.3373],[107.4252,11.3344],[107.4245,11.3344],[107.4225,11.3356],[107.4216,11.3355],[107.4209,11.3362],[107.4194,11.3366],[107.4194,11.3358],[107.419,11.3355],[107.419,11.3349],[107.4199,11.3331],[107.4197,11.3318],[107.4192,11.3312],[107.4196,11.3311],[107.42,11.3302],[107.4201,11.3276],[107.4191,11.3269],[107.4185,11.3258],[107.4179,11.3263],[107.4174,11.3252],[107.4158,11.3238],[107.416,11.3233],[107.4151,11.3233],[107.4135,11.3225],[107.4139,11.3215],[107.4136,11.321],[107.4147,11.3196],[107.4149,11.3181],[107.413,11.314],[107.412,11.3111],[107.4099,11.3092],[107.4093,11.3107],[107.4069,11.3127],[107.4054,11.3123],[107.4047,11.3117],[107.4034,11.3114],[107.402,11.3106],[107.4014,11.3107],[107.4011,11.3113],[107.4001,11.3118],[107.3989,11.3117],[107.3969,11.3135],[107.3964,11.3136],[107.3951,11.3133],[107.3938,11.3119],[107.3928,11.3123],[107.3924,11.3119],[107.3919,11.3122],[107.3905,11.312],[107.3897,11.3113],[107.3894,11.3098],[107.3885,11.3105],[107.3876,11.3107],[107.3872,11.3119],[107.3863,11.3123],[107.3839,11.3112],[107.3825,11.3109],[107.38,11.3121],[107.3788,11.3132],[107.3778,11.3134],[107.3781,11.3141],[107.3777,11.3149],[107.376,11.3147],[107.3752,11.3152],[107.3743,11.3147],[107.3745,11.3143],[107.3739,11.314],[107.3729,11.3145],[107.3723,11.3131],[107.3717,11.3132],[107.3703,11.3139],[107.3686,11.3127],[107.3673,11.3126],[107.3679,11.3116],[107.3671,11.3107],[107.3675,11.3097],[107.3681,11.3095],[107.3684,11.3098],[107.3687,11.3096],[107.3692,11.3097],[107.3698,11.3089],[107.3697,11.3086],[107.37,11.3083],[107.3695,11.3076],[107.3703,11.3068],[107.3701,11.3063],[107.3707,11.3057],[107.3711,11.3038],[107.3717,11.3034],[107.3715,11.3022],[107.3707,11.3009],[107.3707,11.2993],[107.373,11.297],[107.3758,11.2963],[107.3768,11.2942],[107.379,11.2918],[107.3796,11.2915],[107.3797,11.291],[107.3802,11.2906],[107.3806,11.2897],[107.3826,11.2896],[107.3834,11.2899],[107.3839,11.2898],[107.3845,11.2883],[107.3854,11.2877],[107.3864,11.2859],[107.3871,11.286],[107.3894,11.2852],[107.3887,11.2842],[107.3882,11.2824],[107.3891,11.2807],[107.3909,11.2804],[107.3931,11.2806],[107.3926,11.2782],[107.3937,11.2776],[107.394,11.2767],[107.3947,11.2771],[107.3949,11.276],[107.3955,11.2764],[107.3961,11.2758],[107.3973,11.2756],[107.3978,11.2736],[107.3999,11.2715],[107.3992,11.2708],[107.4002,11.2694],[107.4005,11.2681],[107.4025,11.2671],[107.4033,11.2653],[107.4063,11.2627],[107.4061,11.2622],[107.4065,11.2611],[107.4079,11.2593],[107.408,11.2574],[107.4103,11.2543],[107.4104,11.2537],[107.4094,11.253],[107.4128,11.2498],[107.4129,11.2488],[107.4169,11.2442],[107.4173,11.2425],[107.419,11.2403],[107.4204,11.2395],[107.4206,11.2393],[107.4203,11.239],[107.4213,11.2381],[107.4217,11.2384],[107.4219,11.2378],[107.4217,11.2377],[107.4217,11.2368],[107.4226,11.2364],[107.4232,11.2354],[107.4238,11.235],[107.4236,11.234],[107.4239,11.2324],[107.4244,11.2322],[107.4253,11.2302],[107.4255,11.2289],[107.4266,11.2289],[107.4273,11.2282],[107.4283,11.2281],[107.4294,11.2274],[107.4297,11.2259],[107.4296,11.2227],[107.4313,11.2234],[107.4323,11.223],[107.434,11.2232],[107.4347,11.2228],[107.4347,11.2212],[107.4377,11.2207],[107.4415,11.2215],[107.4469,11.2249],[107.4507,11.2257],[107.452,11.2248],[107.4539,11.2269],[107.4575,11.2242],[107.4632,11.2191],[107.4644,11.2161],[107.4682,11.2179],[107.4794,11.2118],[107.4798,11.2113],[107.4791,11.2101],[107.4812,11.21],[107.4825,11.2104],[107.4832,11.2111],[107.4843,11.213],[107.4881,11.216],[107.4881,11.2171],[107.4863,11.2196],[107.485,11.2202],[107.4828,11.2204],[107.4826,11.2207],[107.4828,11.2211],[107.4845,11.221],[107.4853,11.2213],[107.4862,11.222],[107.4874,11.2238],[107.489,11.2248],[107.4904,11.2251],[107.4914,11.2249],[107.4929,11.2226],[107.4949,11.2207],[107.4975,11.2199],[107.4982,11.2199],[107.4986,11.2202],[107.4988,11.2208],[107.4984,11.2216],[107.495,11.2231],[107.4932,11.2248],[107.4936,11.2256],[107.4976,11.2267],[107.4987,11.2275],[107.4996,11.2288],[107.499,11.2311],[107.4975,11.2329],[107.4959,11.236],[107.4959,11.2389],[107.4967,11.2421],[107.4954,11.2476],[107.4925,11.256],[107.4926,11.2564],[107.4901,11.2572],[107.4876,11.2573],[107.485,11.2566],[107.484,11.2569],[107.4834,11.2566],[107.483,11.2568],[107.4826,11.258],[107.4832,11.2589],[107.4832,11.2595],[107.4822,11.2605],[107.4827,11.2628],[107.4822,11.2637],[107.4821,11.265],[107.4818,11.2653],[107.483,11.2661],[107.4839,11.2672],[107.4838,11.2683],[107.4843,11.2695],[107.4864,11.27],[107.4866,11.2705],[107.4862,11.2718],[107.4866,11.272],[107.4872,11.2735],[107.4881,11.2737],[107.4873,11.2743],[107.4867,11.2761],[107.4855,11.2773],[107.4859,11.2785],[107.4856,11.2789],[107.486,11.2794],[107.486,11.2812],[107.4846,11.2836],[107.4832,11.2832],[107.4829,11.2837],[107.4832,11.2844],[107.4825,11.2848],[107.4822,11.286],[107.4816,11.2865],[107.4806,11.2861],[107.48,11.2862],[107.4794,11.2869],[107.4793,11.2876],[107.4789,11.2879],[107.4765,11.2871],[107.4744,11.2892],[107.475,11.2894],[107.4749,11.2899],[107.4754,11.2901],[107.4749,11.2913],[107.4753,11.292],[107.4751,11.2924],[107.4756,11.2925],[107.4754,11.2933],[107.4759,11.2937],[107.4751,11.2946],[107.4741,11.2973],[107.4737,11.2973],[107.4735,11.2971],[107.4734,11.2974],[107.4729,11.2976],[107.4727,11.2982],[107.4722,11.2978],[107.4723,11.2982],[107.472,11.2981],[107.4716,11.2992],[107.471,11.2986],[107.4708,11.2989],[107.4709,11.2983],[107.4706,11.2983],[107.4701,11.2994],[107.4696,11.2995],[107.4689,11.299],[107.4684,11.2997],[107.4663,11.3006],[107.4667,11.3017],[107.4666,11.3027],[107.4658,11.3039],[107.4661,11.3044],[107.4657,11.3067],[107.465,11.3069],[107.4651,11.3072],[107.4646,11.3078],[107.4649,11.3083],[107.4653,11.3081],[107.4659,11.3097],[107.4652,11.3092],[107.4636,11.3089],[107.4637,11.3121],[107.4631,11.3124],[107.4636,11.3132],[107.4629,11.3137],[107.4624,11.3144],[107.4627,11.3146],[107.4608,11.3245],[107.4592,11.3261],[107.455,11.3254],[107.452,11.3238],[107.4494,11.3227],[107.4484,11.3226],[107.4471,11.3234],[107.4465,11.3244],[107.4456,11.3277],[107.4448,11.3296],[107.4443,11.3324],[107.4447,11.3392]]]},"properties":{"code":"26116","name":"Tân Phú","nameEn":"Tan Phu","fullName":"Phường Tân Phú","fullNameEn":"Tan Phu Ward","codeName":"tan_phu","postalCode":"76806","postalCodePrefix":"","gisServerId":"diaphanhanhchinhcapxa_2025.3113","areaKm2":105.8},"id":"26116"},
{"type":"Feature","geometry":{"type":"Polygon","coordinates":[[[107.4305,11.4251],[107.4298,11.428],[107.4297,11.4302],[107.4312,11.4326],[107.4313,11.4333],[107.4292,11.4356],[107.4289,11.4364],[107.4298,11.438],[107.4298,11.4391],[107.4304,11.4403],[107.4307,11.4405],[107.4312,11.4401],[107.432,11.4403],[107.4336,11.442],[107.4344,11.4425],[107.4353,11.4421],[107.4366,11.4422],[107.4393,11.4452],[107.4405,11.4461],[107.4435,11.4465],[107.4453,11.447],[107.4459,11.4475],[107.4474,11.4496],[107.4478,11.4509],[107.4485,11.4518],[107.4485,11.455],[107.4488,11.4563],[107.4503,11.4572],[107.4509,11.4585],[107.4524,11.4593],[107.4615,11.4625],[107.4627,11.4634],[107.4627,11.4645],[107.461,11.4684],[107.4608,11.4705],[107.4612,11.4722],[107.4621,11.4734],[107.4635,11.4744],[107.465,11.4765],[107.4659,11.4772],[107.4672,11.4775],[107.4683,11.4774],[107.4694,11.4769],[107.4702,11.4758],[107.471,11.4756],[107.4717,11.476],[107.4722,11.4775],[107.4717,11.4784],[107.4705,11.4798],[107.4672,11.4819],[107.4614,11.4895],[107.4589,11.4906],[107.456,11.491],[107.4553,11.4915],[107.4548,11.4925],[107.4545,11.495],[107.4533,11.5001],[107.4532,11.5017],[107.4523,11.5024],[107.4482,11.5044],[107.4429,11.5094],[107.4411,11.51],[107.4417,11.5148],[107.4415,11.5164],[107.4411,11.5165],[107.4398,11.5155],[107.4373,11.5124],[107.4363,11.5121],[107.4326,11.5123],[107.4322,11.5124],[107.4321,11.5129],[107.433,11.5148],[107.4329,11.5155],[107.4303,11.519],[107.4293,11.5191],[107.428,11.5184],[107.4256,11.5167],[107.4227,11.5137],[107.4214,11.5115],[107.4205,11.5108],[107.4142,11.5158],[107.4122,11.5184],[107.4113,11.5205],[107.4103,11.5246],[107.4099,11.5264],[107.4099,11.5282],[107.4065,11.529],[107.4018,11.5297],[107.3995,11.5278],[107.399,11.5269],[107.3983,11.5265],[107.3925,11.5269],[107.3885,11.526],[107.3866,11.5259],[107.3861,11.5248],[107.3865,11.5219],[107.3855,11.5206],[107.3839,11.5197],[107.3812,11.5196],[107.379,11.5191],[107.3771,11.5179],[107.3752,11.5157],[107.3742,11.5149],[107.3729,11.5147],[107.3715,11.515],[107.3675,11.5174],[107.3672,11.518],[107.3674,11.5184],[107.3717,11.5204],[107.3762,11.5239],[107.3763,11.5247],[107.3751,11.529],[107.3752,11.532],[107.3758,11.5337],[107.3768,11.5354],[107.3779,11.5382],[107.3791,11.5424],[107.3787,11.5437],[107.3746,11.5503],[107.374,11.5523],[107.3737,11.5555],[107.3724,11.5575],[107.369,11.5587],[107.3684,11.5584],[107.3681,11.5575],[107.3685,11.5559],[107.37,11.554],[107.3714,11.5529],[107.3727,11.551],[107.3727,11.5497],[107.3722,11.5491],[107.371,11.5485],[107.3697,11.5485],[107.3689,11.5491],[107.3667,11.5518],[107.3652,11.5531],[107.3637,11.5538],[107.361,11.5546],[107.3602,11.5552],[107.3604,11.5565],[107.3615,11.5578],[107.3661,11.5597],[107.3666,11.5602],[107.3667,11.5607],[107.3664,11.5614],[107.3633,11.5641],[107.3613,11.5671],[107.3611,11.5689],[107.3617,11.5704],[107.3623,11.571],[107.3637,11.5718],[107.3658,11.5719],[107.3662,11.5723],[107.3664,11.5729],[107.3661,11.5735],[107.3635,11.5758],[107.3631,11.5769],[107.3629,11.5801],[107.3621,11.5811],[107.361,11.5817],[107.3598,11.5819],[107.3588,11.5816],[107.3576,11.5798],[107.358,11.5756],[107.3574,11.5727],[107.3562,11.5697],[107.3557,11.5672],[107.3558,11.5651],[107.357,11.5617],[107.3567,11.5591],[107.3547,11.5555],[107.3497,11.5549],[107.3476,11.553],[107.3468,11.5516],[107.3464,11.55],[107.3467,11.5451],[107.3465,11.544],[107.346,11.5434],[107.3452,11.543],[107.3421,11.5431],[107.3396,11.5437],[107.3379,11.5445],[107.335,11.549],[107.3339,11.5533],[107.3332,11.5538],[107.3305,11.5544],[107.3276,11.5545],[107.3217,11.5541],[107.3218,11.5524],[107.3181,11.5467],[107.3177,11.5451],[107.318,11.5444],[107.3177,11.5429],[107.2995,11.5388],[107.2945,11.537],[107.2844,11.5347],[107.1767,11.5118],[107.1779,11.5102],[107.1798,11.5093],[107.1808,11.5083],[107.1824,11.5083],[107.1837,11.5058],[107.1851,11.5044],[107.186,11.5029],[107.1873,11.5025],[107.1885,11.5027],[107.1892,11.5024],[107.1905,11.5006],[107.1907,11.4993],[107.1915,11.4977],[107.1957,11.4976],[107.197,11.4971],[107.1995,11.4929],[107.2,11.4913],[107.2006,11.4908],[107.1992,11.4873],[107.2,11.4853],[107.2015,11.4831],[107.2018,11.4818],[107.2023,11.4776],[107.2031,11.4756],[107.2041,11.4714],[107.2044,11.4696],[107.2042,11.4661],[107.2013,11.4614],[107.2,11.4605],[107.1958,11.4557],[107.1956,11.4543],[107.1959,11.4533],[107.1965,11.4525],[107.1981,11.4513],[107.1991,11.4508],[107.2007,11.4506],[107.2022,11.45],[107.206,11.4477],[107.2093,11.4453],[107.2123,11.4436],[107.2151,11.4402],[107.2164,11.4396],[107.2173,11.4383],[107.218,11.4381],[107.2207,11.439],[107.2214,11.4388],[107.2228,11.4367],[107.2237,11.4361],[107.2266,11.4332],[107.2284,11.432],[107.2288,11.4314],[107.2292,11.429],[107.229,11.4268],[107.2292,11.4248],[107.2316,11.4223],[107.2324,11.4202],[107.2311,11.4194],[107.2321,11.4183],[107.2321,11.4171],[107.2301,11.4169],[107.2297,11.4166],[107.2295,11.4157],[107.2275,11.4148],[107.2253,11.4145],[107.2245,11.415],[107.2232,11.4146],[107.2228,11.414],[107.2213,11.4131],[107.2211,11.4117],[107.2199,11.4114],[107.2202,11.4103],[107.2186,11.4106],[107.2185,11.4094],[107.2178,11.4083],[107.2161,11.4075],[107.2148,11.4065],[107.2148,11.4059],[107.2154,11.4054],[107.2156,11.4045],[107.216,11.4041],[107.2159,11.4038],[107.2141,11.4037],[107.2108,11.4018],[107.2108,11.4014],[107.2116,11.4013],[107.2117,11.4009],[107.2099,11.3995],[107.2095,11.3984],[107.2096,11.3972],[107.2099,11.3969],[107.2109,11.3976],[107.2117,11.3975],[107.211,11.3961],[107.211,11.3946],[107.2107,11.3942],[107.2078,11.3938],[107.2076,11.3931],[107.2066,11.3918],[107.208,11.3908],[107.2081,11.3904],[107.2078,11.3901],[107.2067,11.3898],[107.2068,11.3887],[107.2054,11.3899],[107.2049,11.39],[107.2047,11.3898],[107.2054,11.388],[107.2047,11.387],[107.2046,11.3863],[107.2055,11.3847],[107.2053,11.3838],[107.2057,11.3817],[107.2049,11.3801],[107.2055,11.3796],[107.2063,11.3803],[107.2066,11.3802],[107.2068,11.3797],[107.2057,11.3786],[107.2068,11.3782],[107.2068,11.3774],[107.2083,11.377],[107.2072,11.3753],[107.2076,11.3743],[107.2072,11.3741],[107.2068,11.3733],[107.2063,11.3734],[107.2055,11.3726],[107.2054,11.3711],[107.2049,11.3713],[107.2048,11.3704],[107.2042,11.3707],[107.2044,11.3684],[107.204,11.3682],[107.2033,11.3688],[107.2033,11.3684],[107.2039,11.3677],[107.203,11.3663],[107.2014,11.365],[107.2022,11.3644],[107.2019,11.3618],[107.2005,11.361],[107.2002,11.3601],[107.2004,11.3597],[107.2015,11.3599],[107.2015,11.3594],[107.2008,11.359],[107.2006,11.3579],[107.1994,11.3566],[107.1994,11.3554],[107.1979,11.3543],[107.1974,11.3544],[107.197,11.3553],[107.1964,11.3553],[107.1964,11.3546],[107.1961,11.3545],[107.1952,11.3547],[107.1951,11.3553],[107.1947,11.3554],[107.1915,11.3541],[107.1911,11.3536],[107.1903,11.3538],[107.1907,11.3528],[107.1917,11.3527],[107.1917,11.3523],[107.1909,11.3519],[107.1904,11.3507],[107.1897,11.35],[107.1892,11.3499],[107.189,11.3501],[107.189,11.3514],[107.1887,11.3515],[107.188,11.3508],[107.1879,11.3504],[107.1885,11.3492],[107.1877,11.3475],[107.1873,11.3473],[107.1867,11.3477],[107.1862,11.3492],[107.186,11.3492],[107.1856,11.3484],[107.1859,11.3469],[107.1847,11.347],[107.1829,11.3462],[107.1825,11.3444],[107.1817,11.3433],[107.1819,11.3423],[107.1808,11.342],[107.1798,11.3413],[107.18,11.3398],[107.1796,11.3386],[107.1805,11.3373],[107.1792,11.3346],[107.1802,11.3349],[107.1821,11.3361],[107.1831,11.337],[107.1827,11.339],[107.1828,11.3411],[107.1862,11.3462],[107.1882,11.3474],[107.191,11.3479],[107.1921,11.3486],[107.196,11.3524],[107.199,11.3544],[107.1994,11.355],[107.1998,11.3564],[107.2033,11.3613],[107.2059,11.3627],[107.2074,11.3626],[107.2094,11.3618],[107.2101,11.3623],[107.2108,11.3622],[107.211,11.3625],[107.2106,11.3638],[107.2109,11.3649],[107.213,11.3656],[107.2152,11.3674],[107.2166,11.368],[107.2172,11.3681],[107.2182,11.3673],[107.2198,11.3677],[107.2201,11.368],[107.2196,11.3696],[107.2213,11.3705],[107.2212,11.372],[107.223,11.3731],[107.2243,11.3735],[107.2252,11.3731],[107.226,11.373],[107.2277,11.3733],[107.2282,11.3739],[107.2315,11.3752],[107.2324,11.3766],[107.2333,11.3758],[107.2339,11.3762],[107.235,11.3761],[107.2363,11.3755],[107.2371,11.3735],[107.2375,11.373],[107.2387,11.3729],[107.2398,11.3722],[107.2417,11.3719],[107.2421,11.3716],[107.2426,11.3703],[107.2438,11.3706],[107.2447,11.3704],[107.247,11.3695],[107.248,11.3687],[107.2481,11.368],[107.2486,11.3675],[107.2496,11.3675],[107.251,11.3681],[107.253,11.3673],[107.2532,11.3684],[107.2583,11.3733],[107.2592,11.3761],[107.2594,11.3785],[107.261,11.3803],[107.2609,11.3827],[107.2626,11.3872],[107.2642,11.3896],[107.2659,11.3905],[107.2671,11.3922],[107.2703,11.3912],[107.2731,11.3918],[107.2749,11.3902],[107.2761,11.3905],[107.2787,11.3897],[107.2806,11.3901],[107.283,11.3899],[107.2846,11.3906],[107.2866,11.3907],[107.2888,11.3917],[107.2907,11.3919],[107.2911,11.3925],[107.2912,11.3939],[107.2901,11.3955],[107.29,11.3962],[107.2911,11.3972],[107.2916,11.3973],[107.2935,11.396],[107.2961,11.3954],[107.2971,11.3949],[107.2975,11.394],[107.2988,11.3933],[107.3008,11.3912],[107.3044,11.3881],[107.3056,11.388],[107.3063,11.3875],[107.3072,11.3885],[107.3077,11.3887],[107.3088,11.388],[107.3114,11.3871],[107.3153,11.3871],[107.3161,11.3867],[107.3174,11.3842],[107.3202,11.3828],[107.3226,11.3827],[107.3251,11.3821],[107.3276,11.382],[107.3332,11.3795],[107.3354,11.3803],[107.3425,11.3871],[107.3513,11.3911],[107.3671,11.3977],[107.3686,11.3967],[107.3685,11.3944],[107.3695,11.3937],[107.3691,11.3927],[107.3699,11.391],[107.3724,11.3921],[107.3745,11.3925],[107.3768,11.3935],[107.3777,11.3943],[107.3779,11.396],[107.3776,11.3974],[107.3759,11.4015],[107.3754,11.4041],[107.3758,11.4058],[107.3774,11.4067],[107.3788,11.4066],[107.3805,11.4062],[107.3907,11.4022],[107.3982,11.4014],[107.4016,11.4018],[107.4111,11.4042],[107.4129,11.4042],[107.4146,11.4056],[107.416,11.4086],[107.4176,11.4094],[107.4188,11.4093],[107.42,11.4086],[107.4228,11.4054],[107.4233,11.4052],[107.4242,11.4054],[107.4251,11.4067],[107.4259,11.4121],[107.4292,11.4196],[107.4298,11.4234],[107.4305,11.4251]]]},"properties":{"code":"26119","name":"Đak Lua","nameEn":"Dak Lua","fullName":"Xã Đak Lua","fullNameEn":"Dak Lua Commune","codeName":"dak_lua","postalCode":"76814","postalCodePrefix":"","gisServerId":"diaphanhanhchinhcapxa_2025.3150","areaKm2":415.1},"id":"26119"},
{"type":"Feature","geometry":{"type":"Polygon","coordinates":[[[107.5273,11.3649],[107.5262,11.3651],[107.5258,11.366],[107.5251,11.3665],[107.5247,11.3681],[107.5252,11.3691],[107.5246,11.3699],[107.5237,11.3698],[107.5229,11.3706],[107.5189,11.3731],[107.5177,11.3744],[107.5166,11.3746],[107.5153,11.3781],[107.5158,11.3792],[107.5157,11.3807],[107.5146,11.3828],[107.5133,11.3844],[107.5127,11.3846],[107.5105,11.3839],[107.509,11.3841],[107.5074,11.3834],[107.5059,11.3833],[107.505,11.3829],[107.5022,11.383],[107.5012,11.3828],[107.5015,11.3841],[107.5015,11.387],[107.5021,11.3887],[107.5021,11.39],[107.5012,11.3897],[107.4991,11.3908],[107.498,11.391],[107.4973,11.3919],[107.4969,11.3933],[107.497,11.3942],[107.4984,11.3949],[107.4973,11.3951],[107.497,11.3949],[107.4969,11.3954],[107.4961,11.3965],[107.4959,11.396],[107.4956,11.3965],[107.4945,11.396],[107.4943,11.3966],[107.4937,11.3961],[107.4937,11.3965],[107.4933,11.3968],[107.4929,11.3968],[107.4928,11.3964],[107.492,11.3966],[107.4919,11.397],[107.4912,11.3964],[107.491,11.3969],[107.4906,11.3964],[107.4902,11.3964],[107.4892,11.3966],[107.489,11.3972],[107.4886,11.3968],[107.489,11.3963],[107.4882,11.3962],[107.4875,11.3965],[107.4874,11.3969],[107.4879,11.3971],[107.4872,11.398],[107.4879,11.3991],[107.4871,11.3994],[107.4864,11.4002],[107.4857,11.4001],[107.4852,11.401],[107.4853,11.4019],[107.4857,11.4017],[107.4858,11.4009],[107.4861,11.4007],[107.4868,11.4011],[107.4867,11.4015],[107.4872,11.4014],[107.4873,11.4017],[107.4871,11.4025],[107.4868,11.4026],[107.487,11.403],[107.4865,11.4034],[107.4864,11.4045],[107.486,11.4038],[107.4853,11.4053],[107.4855,11.4056],[107.4866,11.406],[107.4862,11.4071],[107.4867,11.4076],[107.4857,11.4078],[107.4855,11.4082],[107.4862,11.4086],[107.4858,11.4091],[107.4863,11.4096],[107.486,11.4101],[107.4864,11.41],[107.4866,11.4103],[107.4859,11.4115],[107.486,11.4119],[107.485,11.4117],[107.4852,11.4126],[107.4856,11.4128],[107.4863,11.4126],[107.4866,11.4116],[107.4872,11.4117],[107.4868,11.4122],[107.4872,11.4141],[107.4867,11.4148],[107.4873,11.4168],[107.4872,11.4176],[107.4867,11.418],[107.4876,11.4187],[107.4877,11.4197],[107.4875,11.4202],[107.4868,11.4199],[107.4866,11.4204],[107.4881,11.4215],[107.4881,11.4219],[107.4876,11.4223],[107.4888,11.4235],[107.4882,11.427],[107.4862,11.4274],[107.4862,11.4279],[107.4869,11.4287],[107.486,11.4297],[107.484,11.4305],[107.4834,11.4305],[107.4827,11.4309],[107.4818,11.4302],[107.4806,11.4311],[107.4792,11.4307],[107.4788,11.4318],[107.4779,11.4322],[107.4779,11.4331],[107.4758,11.4334],[107.4755,11.4345],[107.475,11.4349],[107.4751,11.4359],[107.4741,11.4359],[107.4734,11.4365],[107.4718,11.4365],[107.4705,11.435],[107.4693,11.4342],[107.4654,11.4343],[107.4637,11.4331],[107.4622,11.4316],[107.4584,11.4309],[107.4568,11.4302],[107.4561,11.4302],[107.4541,11.4315],[107.4534,11.4315],[107.4528,11.4308],[107.4522,11.4294],[107.4523,11.4291],[107.453,11.4288],[107.453,11.4277],[107.4523,11.4252],[107.4525,11.424],[107.4531,11.4234],[107.4544,11.4235],[107.4555,11.4233],[107.4559,11.4227],[107.4555,11.4217],[107.4535,11.4199],[107.4513,11.4203],[107.4448,11.4192],[107.4438,11.4194],[107.4434,11.4211],[107.4438,11.4238],[107.4443,11.4246],[107.4464,11.4261],[107.4469,11.4269],[107.4471,11.4282],[107.4463,11.4294],[107.4421,11.432],[107.4382,11.4311],[107.437,11.4305],[107.4348,11.4276],[107.4325,11.4259],[107.4305,11.4251],[107.4298,11.4234],[107.4292,11.4196],[107.4259,11.4121],[107.4251,11.4067],[107.4242,11.4054],[107.4233,11.4052],[107.4228,11.4054],[107.42,11.4086],[107.4188,11.4093],[107.4176,11.4094],[107.416,11.4086],[107.4146,11.4056],[107.4129,11.4042],[107.4111,11.4042],[107.4016,11.4018],[107.3982,11.4014],[107.3907,11.4022],[107.3805,11.4062],[107.3788,11.4066],[107.3774,11.4067],[107.3758,11.4058],[107.3754,11.4041],[107.3759,11.4015],[107.3776,11.3974],[107.3779,11.396],[107.3778,11.397],[107.3774,11.3979],[107.3792,11.3984],[107.3794,11.399],[107.3801,11.3992],[107.3805,11.399],[107.3806,11.3994],[107.3813,11.3995],[107.3818,11.3992],[107.382,11.3983],[107.3825,11.3976],[107.3829,11.3983],[107.3836,11.3976],[107.3837,11.398],[107.3842,11.3977],[107.3842,11.3982],[107.3848,11.3981],[107.3848,11.3943],[107.385,11.3934],[107.3856,11.3934],[107.3852,11.3916],[107.3848,11.3916],[107.3848,11.3913],[107.3857,11.3895],[107.3858,11.3882],[107.3872,11.3875],[107.389,11.3875],[107.3904,11.387],[107.3906,11.3861],[107.3912,11.386],[107.3916,11.387],[107.3925,11.3876],[107.3937,11.3874],[107.3947,11.3867],[107.395,11.387],[107.3951,11.3881],[107.3954,11.3882],[107.3958,11.3878],[107.3979,11.3876],[107.3983,11.3873],[107.3981,11.3859],[107.3993,11.385],[107.3998,11.3849],[107.4004,11.3821],[107.4017,11.3823],[107.4041,11.3833],[107.4068,11.383],[107.4085,11.3847],[107.4091,11.3858],[107.4094,11.3873],[107.4106,11.3888],[107.4112,11.3891],[107.4143,11.3892],[107.4149,11.3884],[107.4159,11.3883],[107.4167,11.3889],[107.4174,11.3901],[107.4182,11.3897],[107.4196,11.3895],[107.4202,11.3899],[107.4209,11.3898],[107.4213,11.3902],[107.4215,11.3919],[107.4225,11.3922],[107.4237,11.3921],[107.4245,11.3922],[107.4249,11.3925],[107.4265,11.3925],[107.4278,11.3939],[107.4282,11.3936],[107.4289,11.3941],[107.43,11.3942],[107.4306,11.3936],[107.4312,11.3936],[107.4314,11.393],[107.4317,11.3935],[107.432,11.3935],[107.4318,11.3929],[107.4323,11.3923],[107.4323,11.391],[107.4405,11.3985],[107.4401,11.3946],[107.4404,11.3912],[107.4397,11.3903],[107.4403,11.3872],[107.44,11.386],[107.439,11.384],[107.4397,11.3829],[107.4402,11.3808],[107.4404,11.3773],[107.441,11.377],[107.4406,11.3768],[107.4406,11.3763],[107.4411,11.3763],[107.4409,11.3748],[107.4413,11.3747],[107.4415,11.374],[107.4419,11.3734],[107.4429,11.3732],[107.4431,11.3728],[107.4427,11.3719],[107.443,11.3716],[107.443,11.371],[107.4439,11.3704],[107.4465,11.3663],[107.4465,11.3653],[107.4478,11.3636],[107.4476,11.3628],[107.4482,11.3617],[107.4479,11.3596],[107.447,11.3582],[107.4471,11.3576],[107.4461,11.3543],[107.4462,11.3511],[107.4456,11.3479],[107.4455,11.345],[107.4447,11.3392],[107.4443,11.3324],[107.4448,11.3296],[107.4456,11.3277],[107.4465,11.3244],[107.4471,11.3234],[107.4484,11.3226],[107.4494,11.3227],[107.452,11.3238],[107.455,11.3254],[107.4592,11.3261],[107.4608,11.3245],[107.4663,11.3261],[107.4667,11.3267],[107.4672,11.3342],[107.4678,11.338],[107.4677,11.3423],[107.4679,11.3455],[107.4675,11.3476],[107.4683,11.3476],[107.4805,11.3507],[107.499,11.3492],[107.4996,11.3469],[107.5016,11.3437],[107.5016,11.3403],[107.5069,11.3354],[107.5087,11.3421],[107.5126,11.3468],[107.5153,11.3492],[107.5188,11.3598],[107.5188,11.364],[107.5254,11.3607],[107.5273,11.3649]]]},"properties":{"code":"26122","name":"Nam Cát Tiên","nameEn":"Nam Cat Tien","fullName":"Xã Nam Cát Tiên","fullNameEn":"Nam Cat Tien Commune","codeName":"nam_cat_tien","postalCode":"76813","postalCodePrefix":"","gisServerId":"diaphanhanhchinhcapxa_2025.3153","areaKm2":82.9},"id":"26122"},
{"type":"Feature","geometry":{"type":"Polygon","coordinates":[[[107.4447,11.3392],[107.4455,11.345],[107.4456,11.3479],[107.4462,11.3511],[107.4461,11.3543],[107.4471,11.3576],[107.447,11.3582],[107.4479,11.3596],[107.4482,11.3617],[107.4476,11.3628],[107.4478,11.3636],[107.4465,11.3653],[107.4465,11.3663],[107.4439,11.3704],[107.443,11.371],[107.443,11.3716],[107.4427,11.3719],[107.4431,11.3728],[107.4429,11.3732],[107.4419,11.3734],[107.4415,11.374],[107.4413,11.3747],[107.4409,11.3748],[107.4411,11.3763],[107.4406,11.3763],[107.4406,11.3768],[107.441,11.377],[107.4404,11.3773],[107.4402,11.3808],[107.4397,11.3829],[107.439,11.384],[107.44,11.386],[107.4403,11.3872],[107.4397,11.3903],[107.4404,11.3912],[107.4401,11.3946],[107.4405,11.3985],[107.4323,11.391],[107.4323,11.3923],[107.4318,11.3929],[107.432,11.3935],[107.4317,11.3935],[107.4314,11.393],[107.4312,11.3936],[107.4306,11.3936],[107.43,11.3942],[107.4289,11.3941],[107.4282,11.3936],[107.4278,11.3939],[107.4265,11.3925],[107.4249,11.3925],[107.4245,11.3922],[107.4237,11.3921],[107.4225,11.3922],[107.4215,11.3919],[107.4213,11.3902],[107.4209,11.3898],[107.4202,11.3899],[107.4196,11.3895],[107.4182,11.3897],[107.4174,11.3901],[107.4167,11.3889],[107.4159,11.3883],[107.4149,11.3884],[107.4143,11.3892],[107.4112,11.3891],[107.4106,11.3888],[107.4094,11.3873],[107.4091,11.3858],[107.4085,11.3847],[107.4068,11.383],[107.4041,11.3833],[107.4017,11.3823],[107.4004,11.3821],[107.3998,11.3849],[107.3993,11.385],[107.3981,11.3859],[107.3983,11.3873],[107.3979,11.3876],[107.3958,11.3878],[107.3954,11.3882],[107.3951,11.3881],[107.395,11.387],[107.3947,11.3867],[107.3937,11.3874],[107.3925,11.3876],[107.3916,11.387],[107.3912,11.386],[107.3906,11.3861],[107.3904,11.387],[107.389,11.3875],[107.3872,11.3875],[107.3858,11.3882],[107.3857,11.3895],[107.3848,11.3913],[107.3848,11.3916],[107.3852,11.3916],[107.3856,11.3934],[107.385,11.3934],[107.3848,11.3943],[107.3848,11.3981],[107.3842,11.3982],[107.3842,11.3977],[107.3837,11.398],[107.3836,11.3976],[107.3829,11.3983],[107.3825,11.3976],[107.382,11.3983],[107.3818,11.3992],[107.3813,11.3995],[107.3806,11.3994],[107.3805,11.399],[107.3801,11.3992],[107.3794,11.399],[107.3792,11.3984],[107.3774,11.3979],[107.3778,11.397],[107.3779,11.396],[107.3777,11.3943],[107.3768,11.3935],[107.3745,11.3925],[107.3724,11.3921],[107.3699,11.391],[107.3691,11.3927],[107.3695,11.3937],[107.3685,11.3944],[107.3686,11.3967],[107.3671,11.3977],[107.3513,11.3911],[107.3425,11.3871],[107.3354,11.3803],[107.3362,11.3801],[107.3375,11.3806],[107.3398,11.3804],[107.3413,11.3809],[107.3422,11.3807],[107.3431,11.3798],[107.3445,11.3768],[107.3461,11.3755],[107.3465,11.3749],[107.3463,11.3749],[107.3468,11.374],[107.3473,11.3686],[107.3466,11.3639],[107.3473,11.359],[107.3485,11.3579],[107.3492,11.3557],[107.3504,11.3498],[107.3507,11.3466],[107.3539,11.3443],[107.355,11.3426],[107.3556,11.3405],[107.3565,11.339],[107.3567,11.3365],[107.3572,11.3356],[107.3572,11.3329],[107.3581,11.3292],[107.3552,11.3283],[107.3509,11.3259],[107.3484,11.3239],[107.3465,11.3216],[107.3444,11.3177],[107.3407,11.3138],[107.3404,11.3125],[107.3406,11.3116],[107.3407,11.3081],[107.3403,11.3064],[107.3391,11.3049],[107.3409,11.3039],[107.3423,11.3034],[107.3429,11.3035],[107.3436,11.3041],[107.3437,11.3055],[107.3444,11.3052],[107.3448,11.3055],[107.3453,11.3052],[107.3455,11.3046],[107.3476,11.3032],[107.3483,11.302],[107.349,11.3017],[107.3489,11.3011],[107.3495,11.3007],[107.3505,11.3011],[107.3507,11.3019],[107.3518,11.3026],[107.3523,11.3036],[107.3521,11.3042],[107.3528,11.3042],[107.3529,11.3051],[107.3533,11.3055],[107.3529,11.3069],[107.353,11.3081],[107.3539,11.309],[107.3541,11.3098],[107.3547,11.3102],[107.3554,11.3097],[107.3559,11.3099],[107.3562,11.3096],[107.3561,11.3088],[107.3568,11.3085],[107.3567,11.3077],[107.3575,11.3076],[107.3583,11.3071],[107.3579,11.3064],[107.3582,11.3046],[107.3597,11.304],[107.3598,11.3034],[107.3601,11.3032],[107.361,11.3035],[107.3616,11.3034],[107.3622,11.3042],[107.3631,11.3047],[107.3638,11.3048],[107.3641,11.3053],[107.365,11.3047],[107.3662,11.3054],[107.3662,11.306],[107.3675,11.3071],[107.367,11.3074],[107.3671,11.3087],[107.3668,11.3091],[107.3669,11.3094],[107.3675,11.3097],[107.3671,11.3107],[107.3679,11.3116],[107.3673,11.3126],[107.3686,11.3127],[107.3703,11.3139],[107.3717,11.3132],[107.3723,11.3131],[107.3729,11.3145],[107.3739,11.314],[107.3745,11.3143],[107.3743,11.3147],[107.3752,11.3152],[107.376,11.3147],[107.3777,11.3149],[107.3781,11.3141],[107.3778,11.3134],[107.3788,11.3132],[107.38,11.3121],[107.3825,11.3109],[107.3839,11.3112],[107.3863,11.3123],[107.3872,11.3119],[107.3876,11.3107],[107.3885,11.3105],[107.3894,11.3098],[107.3897,11.3113],[107.3905,11.312],[107.3919,11.3122],[107.3924,11.3119],[107.3928,11.3123],[107.3938,11.3119],[107.3951,11.3133],[107.3964,11.3136],[107.3969,11.3135],[107.3989,11.3117],[107.4001,11.3118],[107.4011,11.3113],[107.4014,11.3107],[107.402,11.3106],[107.4034,11.3114],[107.4047,11.3117],[107.4054,11.3123],[107.4069,11.3127],[107.4093,11.3107],[107.4099,11.3092],[107.412,11.3111],[107.413,11.314],[107.4149,11.3181],[107.4147,11.3196],[107.4136,11.321],[107.4139,11.3215],[107.4135,11.3225],[107.4151,11.3233],[107.416,11.3233],[107.4158,11.3238],[107.4174,11.3252],[107.4179,11.3263],[107.4185,11.3258],[107.4191,11.3269],[107.4201,11.3276],[107.42,11.3302],[107.4196,11.3311],[107.4192,11.3312],[107.4197,11.3318],[107.4199,11.3331],[107.419,11.3349],[107.419,11.3355],[107.4194,11.3358],[107.4194,11.3366],[107.4209,11.3362],[107.4216,11.3355],[107.4225,11.3356],[107.4245,11.3344],[107.4252,11.3344],[107.4261,11.3373],[107.4259,11.3391],[107.4261,11.3422],[107.4265,11.3417],[107.4264,11.3405],[107.4275,11.3403],[107.4278,11.341],[107.4281,11.341],[107.4281,11.3428],[107.4287,11.3432],[107.4299,11.342],[107.43,11.3401],[107.4309,11.3407],[107.4315,11.3405],[107.4314,11.3408],[107.4321,11.3409],[107.4323,11.3414],[107.433,11.3417],[107.4355,11.3407],[107.4368,11.3411],[107.4371,11.3394],[107.4377,11.3391],[107.4374,11.3381],[107.4384,11.3378],[107.4389,11.3372],[107.4393,11.3376],[107.4391,11.3381],[107.4397,11.3399],[107.441,11.3395],[107.4447,11.3392]]]},"properties":{"code":"26134","name":"Tà Lài","nameEn":"Ta Lai","fullName":"Xã Tà Lài","fullNameEn":"Ta Lai Commune","codeName":"ta_lai","postalCode":"76817","postalCodePrefix":"","gisServerId":"diaphanhanhchinhcapxa_2025.3154","areaKm2":83.3},"id":"26134"},
{"type":"Feature","geometry":{"type":"Polygon","coordinates":[[[107.4967,11.2421],[107.4973,11.2428],[107.4983,11.2432],[107.4995,11.2433],[107.5005,11.2427],[107.5011,11.2414],[107.5014,11.2366],[107.502,11.2355],[107.503,11.2355],[107.5054,11.2369],[107.5077,11.2371],[107.5082,11.2375],[107.5084,11.2379],[107.5082,11.2407],[107.5093,11.2438],[107.5098,11.2441],[107.5126,11.2438],[107.5145,11.2449],[107.5162,11.2475],[107.5161,11.2501],[107.517,11.2519],[107.5177,11.252],[107.5181,11.2516],[107.5185,11.249],[107.5191,11.2481],[107.5198,11.2485],[107.5205,11.2501],[107.5215,11.2512],[107.5229,11.2518],[107.5245,11.2517],[107.5247,11.2521],[107.5243,11.2528],[107.5242,11.2538],[107.5237,11.2543],[107.5234,11.2562],[107.5235,11.2566],[107.5244,11.2574],[107.5239,11.2585],[107.525,11.2599],[107.5252,11.2609],[107.5244,11.261],[107.5241,11.2614],[107.5244,11.2622],[107.5239,11.2629],[107.524,11.2638],[107.5238,11.2644],[107.5234,11.2646],[107.5236,11.265],[107.523,11.2656],[107.523,11.2667],[107.5234,11.2673],[107.5226,11.2677],[107.523,11.2684],[107.5239,11.2689],[107.5232,11.2698],[107.5238,11.2703],[107.5231,11.2707],[107.5234,11.271],[107.5233,11.2714],[107.5237,11.2723],[107.5234,11.2731],[107.5228,11.2735],[107.522,11.2736],[107.5207,11.2752],[107.5214,11.2772],[107.5206,11.2797],[107.5208,11.2799],[107.5216,11.2797],[107.5219,11.2802],[107.521,11.2805],[107.5194,11.2819],[107.5192,11.283],[107.5185,11.284],[107.5185,11.2846],[107.5186,11.2857],[107.5194,11.2867],[107.5203,11.2874],[107.5203,11.2867],[107.5207,11.2868],[107.5205,11.288],[107.5198,11.2887],[107.5199,11.2892],[107.521,11.2894],[107.5208,11.29],[107.5213,11.2898],[107.5217,11.2902],[107.5225,11.2896],[107.5229,11.2901],[107.5223,11.2918],[107.5237,11.2943],[107.5233,11.2953],[107.5234,11.2969],[107.5229,11.2977],[107.5228,11.2982],[107.524,11.2994],[107.5228,11.3013],[107.5224,11.3028],[107.5218,11.3036],[107.5203,11.304],[107.5198,11.3049],[107.5189,11.3051],[107.5187,11.3062],[107.5192,11.3077],[107.5183,11.3082],[107.5183,11.3089],[107.5176,11.3095],[107.5183,11.3104],[107.518,11.3112],[107.5187,11.3113],[107.5185,11.3121],[107.5191,11.3138],[107.5207,11.3145],[107.5209,11.3152],[107.5214,11.3151],[107.5222,11.3156],[107.5229,11.3155],[107.5239,11.316],[107.5242,11.3166],[107.5239,11.3169],[107.524,11.3175],[107.5249,11.318],[107.5251,11.3188],[107.5256,11.3189],[107.5268,11.3186],[107.5276,11.3191],[107.5302,11.3194],[107.5307,11.3199],[107.5308,11.3214],[107.5318,11.3218],[107.5352,11.3249],[107.5354,11.3257],[107.5348,11.326],[107.5347,11.3263],[107.5355,11.3274],[107.5353,11.3284],[107.5357,11.3301],[107.5354,11.3325],[107.5356,11.3336],[107.5365,11.335],[107.5394,11.3372],[107.5388,11.3379],[107.5396,11.3382],[107.5404,11.3393],[107.5416,11.3419],[107.5421,11.3443],[107.5418,11.3461],[107.5421,11.3487],[107.5425,11.3496],[107.5437,11.3501],[107.5433,11.3525],[107.5427,11.3537],[107.5437,11.3599],[107.5447,11.3606],[107.5446,11.3615],[107.545,11.362],[107.5444,11.3666],[107.5407,11.3588],[107.5388,11.3573],[107.5382,11.3572],[107.5373,11.3564],[107.5351,11.3551],[107.5337,11.3565],[107.5325,11.3587],[107.5313,11.3596],[107.5309,11.3622],[107.5295,11.3627],[107.5284,11.3646],[107.5273,11.3649],[107.5254,11.3607],[107.5188,11.364],[107.5188,11.3598],[107.5153,11.3492],[107.5126,11.3468],[107.5087,11.3421],[107.5069,11.3354],[107.5016,11.3403],[107.5016,11.3437],[107.4996,11.3469],[107.499,11.3492],[107.4805,11.3507],[107.4683,11.3476],[107.4675,11.3476],[107.4679,11.3455],[107.4677,11.3423],[107.4678,11.338],[107.4672,11.3342],[107.4667,11.3267],[107.4663,11.3261],[107.4608,11.3245],[107.4627,11.3146],[107.4624,11.3144],[107.4629,11.3137],[107.4636,11.3132],[107.4631,11.3124],[107.4637,11.3121],[107.4636,11.3089],[107.4652,11.3092],[107.4659,11.3097],[107.4653,11.3081],[107.4649,11.3083],[107.4646,11.3078],[107.4651,11.3072],[107.465,11.3069],[107.4657,11.3067],[107.4661,11.3044],[107.4658,11.3039],[107.4666,11.3027],[107.4667,11.3017],[107.4663,11.3006],[107.4684,11.2997],[107.4689,11.299],[107.4696,11.2995],[107.4701,11.2994],[107.4706,11.2983],[107.4709,11.2983],[107.4708,11.2989],[107.471,11.2986],[107.4716,11.2992],[107.472,11.2981],[107.4723,11.2982],[107.4722,11.2978],[107.4727,11.2982],[107.4729,11.2976],[107.4734,11.2974],[107.4735,11.2971],[107.4737,11.2973],[107.4741,11.2973],[107.4751,11.2946],[107.4759,11.2937],[107.4754,11.2933],[107.4756,11.2925],[107.4751,11.2924],[107.4753,11.292],[107.4749,11.2913],[107.4754,11.2901],[107.4749,11.2899],[107.475,11.2894],[107.4744,11.2892],[107.4765,11.2871],[107.4789,11.2879],[107.4793,11.2876],[107.4794,11.2869],[107.48,11.2862],[107.4806,11.2861],[107.4816,11.2865],[107.4822,11.286],[107.4825,11.2848],[107.4832,11.2844],[107.4829,11.2837],[107.4832,11.2832],[107.4846,11.2836],[107.486,11.2812],[107.486,11.2794],[107.4856,11.2789],[107.4859,11.2785],[107.4855,11.2773],[107.4867,11.2761],[107.4873,11.2743],[107.4881,11.2737],[107.4872,11.2735],[107.4866,11.272],[107.4862,11.2718],[107.4866,11.2705],[107.4864,11.27],[107.4843,11.2695],[107.4838,11.2683],[107.4839,11.2672],[107.483,11.2661],[107.4818,11.2653],[107.4821,11.265],[107.4822,11.2637],[107.4827,11.2628],[107.4822,11.2605],[107.4832,11.2595],[107.4832,11.2589],[107.4826,11.258],[107.483,11.2568],[107.4834,11.2566],[107.484,11.2569],[107.485,11.2566],[107.4876,11.2573],[107.4901,11.2572],[107.4926,11.2564],[107.4925,11.256],[107.4954,11.2476],[107.4967,11.2421]]]},"properties":{"code":"26158","name":"Phú Lâm","nameEn":"Phu Lam","fullName":"Xã Phú Lâm","fullNameEn":"Phu Lam Commune","codeName":"phu_lam","postalCode":"76821","postalCodePrefix":"","gisServerId":"diaphanhanhchinhcapxa_2025.3114","areaKm2":67.4},"id":"26158"},
{"type":"Feature","geometry":{"type":"Polygon","coordinates":[[[107.06,11.3773],[107.0578,11.3767],[107.056,11.3775],[107.0548,11.3765],[107.0541,11.3773],[107.0539,11.3756],[107.0526,11.3752],[107.0535,11.3742],[107.053,11.3731],[107.0526,11.3733],[107.0519,11.3748],[107.0511,11.3756],[107.0497,11.3751],[107.0485,11.3752],[107.048,11.3746],[107.0468,11.3752],[107.0465,11.3741],[107.046,11.3748],[107.0456,11.3761],[107.0445,11.3755],[107.0439,11.3756],[107.0444,11.3767],[107.0439,11.3774],[107.0431,11.377],[107.0429,11.3764],[107.0418,11.3759],[107.0409,11.3761],[107.0413,11.3753],[107.0429,11.3751],[107.0426,11.3745],[107.0414,11.3742],[107.0409,11.3737],[107.0412,11.3733],[107.0424,11.3732],[107.0426,11.3726],[107.0411,11.372],[107.0387,11.3729],[107.0386,11.3711],[107.0364,11.3713],[107.0356,11.3709],[107.036,11.3692],[107.039,11.3685],[107.0396,11.3678],[107.0418,11.3671],[107.0409,11.3666],[107.0396,11.367],[107.0383,11.3668],[107.0371,11.3669],[107.0358,11.3663],[107.0358,11.3655],[107.0365,11.365],[107.0369,11.3644],[107.0363,11.3617],[107.0367,11.3615],[107.0373,11.362],[107.0379,11.3621],[107.0383,11.3608],[107.0369,11.3608],[107.0365,11.3601],[107.0365,11.3588],[107.0353,11.3591],[107.0339,11.3588],[107.0339,11.3577],[107.0346,11.3575],[107.0347,11.3571],[107.0326,11.3553],[107.0319,11.3554],[107.0312,11.3569],[107.0297,11.3562],[107.0298,11.3557],[107.0309,11.355],[107.0312,11.3545],[107.0313,11.3534],[107.0308,11.3528],[107.03,11.3531],[107.0299,11.3541],[107.0292,11.3549],[107.0282,11.3551],[107.0283,11.3542],[107.0277,11.3538],[107.0252,11.355],[107.0238,11.3531],[107.022,11.3526],[107.0208,11.3517],[107.0204,11.3509],[107.0205,11.3493],[107.0202,11.349],[107.0199,11.349],[107.0197,11.3495],[107.0196,11.351],[107.0186,11.3515],[107.0179,11.3512],[107.0173,11.3504],[107.0173,11.3499],[107.018,11.3487],[107.0157,11.3475],[107.0148,11.3477],[107.014,11.3484],[107.0156,11.3489],[107.0157,11.3494],[107.0143,11.3496],[107.0132,11.3487],[107.0117,11.3485],[107.0105,11.349],[107.0102,11.348],[107.0106,11.3465],[107.0091,11.3462],[107.0096,11.3452],[107.0108,11.3452],[107.0109,11.345],[107.011,11.3443],[107.0104,11.3433],[107.0104,11.3428],[107.011,11.3425],[107.0133,11.3435],[107.0134,11.3424],[107.0128,11.3415],[107.0142,11.3408],[107.0113,11.3402],[107.0098,11.3408],[107.0093,11.3394],[107.0053,11.3366],[107.0047,11.3369],[107.0043,11.3386],[107.0038,11.3385],[107.0033,11.3378],[107.004,11.3371],[107.004,11.3365],[107.0026,11.3352],[107.0024,11.3348],[107.0036,11.3325],[107.0024,11.3321],[106.9994,11.3334],[106.9988,11.3331],[106.9992,11.3316],[107.001,11.3307],[107.001,11.3296],[107.0007,11.3289],[106.9996,11.3289],[106.9984,11.3305],[106.9979,11.3308],[106.9962,11.3294],[106.9942,11.3282],[106.9943,11.3276],[106.9964,11.3267],[106.9964,11.3262],[106.994,11.3268],[106.9926,11.3275],[106.9921,11.3281],[106.992,11.3295],[106.9937,11.3315],[106.9937,11.3321],[106.9933,11.3324],[106.9898,11.3319],[106.9859,11.3289],[106.9855,11.3292],[106.9855,11.3303],[106.9866,11.3315],[106.9865,11.332],[106.985,11.3323],[106.9836,11.3322],[106.9818,11.3313],[106.9813,11.3317],[106.9814,11.3326],[106.9807,11.3329],[106.9793,11.3327],[106.9783,11.3321],[106.9779,11.3307],[106.9783,11.3296],[106.9792,11.3292],[106.9814,11.3291],[106.9816,11.3245],[106.9821,11.3246],[106.9825,11.3253],[106.983,11.3254],[106.985,11.3245],[106.9858,11.3239],[106.9855,11.3223],[106.9833,11.3214],[106.9824,11.3198],[106.9831,11.3194],[106.9851,11.3207],[106.9855,11.3206],[106.9858,11.3199],[106.9845,11.3181],[106.9851,11.317],[106.9821,11.3161],[106.9815,11.3157],[106.9819,11.3151],[106.9837,11.3137],[106.9835,11.3129],[106.9831,11.3129],[106.9822,11.3138],[106.9803,11.3134],[106.9811,11.3151],[106.9805,11.3158],[106.9796,11.3158],[106.9773,11.3149],[106.9763,11.3154],[106.9749,11.3167],[106.9746,11.3167],[106.974,11.3159],[106.9732,11.3159],[106.9723,11.3169],[106.973,11.3178],[106.9729,11.3181],[106.9687,11.3168],[106.968,11.3171],[106.9677,11.3181],[106.9674,11.3182],[106.9667,11.3176],[106.9666,11.3167],[106.9669,11.3163],[106.968,11.3158],[106.9682,11.3152],[106.967,11.3151],[106.9652,11.3156],[106.9647,11.3146],[106.9647,11.3137],[106.9635,11.3136],[106.9631,11.3139],[106.9631,11.315],[106.9628,11.3152],[106.9614,11.313],[106.9602,11.3131],[106.9606,11.3113],[106.959,11.3116],[106.9576,11.3099],[106.9576,11.3092],[106.9597,11.308],[106.9602,11.3073],[106.9596,11.3067],[106.9578,11.3072],[106.9571,11.3062],[106.9571,11.3047],[106.9583,11.3033],[106.9586,11.3026],[106.9584,11.302],[106.9579,11.3018],[106.9575,11.3019],[106.957,11.303],[106.9566,11.3032],[106.9553,11.3029],[106.9544,11.3016],[106.9518,11.3023],[106.9512,11.303],[106.9504,11.3046],[106.949,11.3048],[106.9493,11.3065],[106.9486,11.3079],[106.9481,11.308],[106.9473,11.3074],[106.9464,11.3082],[106.946,11.3081],[106.946,11.3072],[106.9469,11.3061],[106.9465,11.3059],[106.9445,11.3065],[106.9427,11.308],[106.9425,11.3086],[106.9428,11.3094],[106.9426,11.3098],[106.9415,11.3094],[106.9402,11.3067],[106.9397,11.3062],[106.9391,11.3064],[106.9389,11.3084],[106.9384,11.3085],[106.9381,11.3081],[106.9372,11.3054],[106.9392,11.3041],[106.9398,11.3034],[106.9399,11.3029],[106.9387,11.3024],[106.9384,11.3018],[106.9387,11.3013],[106.9396,11.3019],[106.9398,11.3018],[106.9392,11.2989],[106.9392,11.2983],[106.9399,11.2976],[106.9399,11.2969],[106.9397,11.2965],[106.9393,11.2963],[106.9383,11.2971],[106.9377,11.2972],[106.9374,11.2969],[106.9374,11.2965],[106.9377,11.2961],[106.9393,11.2958],[106.9415,11.2947],[106.9417,11.2943],[106.9415,11.2933],[106.9409,11.2927],[106.9391,11.2921],[106.9391,11.2897],[106.9378,11.2894],[106.9374,11.2882],[106.9362,11.2879],[106.9364,11.2873],[106.9362,11.287],[106.9341,11.2875],[106.9332,11.2874],[106.9344,11.2851],[106.9334,11.2832],[106.9333,11.2822],[106.9321,11.2817],[106.9335,11.2801],[106.9331,11.2787],[106.9328,11.2785],[106.9321,11.2791],[106.9317,11.2791],[106.9316,11.278],[106.9313,11.2777],[106.9308,11.2788],[106.9302,11.2788],[106.9297,11.2777],[106.9304,11.2753],[106.9303,11.2746],[106.9292,11.274],[106.929,11.273],[106.9283,11.2724],[106.9274,11.2721],[106.926,11.2721],[106.9245,11.2709],[106.9247,11.2705],[106.9274,11.269],[106.9273,11.2678],[106.9256,11.2676],[106.9255,11.2673],[106.9276,11.2653],[106.9279,11.2647],[106.9266,11.2643],[106.926,11.265],[106.9251,11.2652],[106.9246,11.265],[106.9237,11.2641],[106.9239,11.2637],[106.9254,11.2634],[106.9257,11.2617],[106.9271,11.2608],[106.927,11.2603],[106.9258,11.2592],[106.9261,11.2585],[106.9268,11.2588],[106.9273,11.2583],[106.927,11.2563],[106.9267,11.2561],[106.9254,11.256],[106.9253,11.2542],[106.9258,11.2527],[106.9277,11.2522],[106.9275,11.2501],[106.9281,11.2488],[106.9264,11.248],[106.9264,11.2471],[106.9268,11.2467],[106.9272,11.2467],[106.9281,11.2475],[106.9291,11.2478],[106.9302,11.2474],[106.9317,11.246],[106.9315,11.2448],[106.9308,11.2439],[106.9297,11.244],[106.9283,11.2434],[106.9273,11.2448],[106.9264,11.2448],[106.924,11.2431],[106.9236,11.2417],[106.9226,11.2414],[106.9202,11.2415],[106.9198,11.2423],[106.9191,11.2427],[106.9187,11.2422],[106.9189,11.2408],[106.9186,11.2404],[106.9179,11.2405],[106.9177,11.2408],[106.9179,11.2422],[106.9176,11.2427],[106.9153,11.2418],[106.915,11.2408],[106.9145,11.2405],[106.912,11.242],[106.9116,11.242],[106.9106,11.2412],[106.911,11.2385],[106.9132,11.2372],[106.9131,11.2369],[106.9117,11.2363],[106.9117,11.2358],[106.915,11.2358],[106.918,11.2356],[106.9184,11.2353],[106.9183,11.2349],[106.9169,11.2347],[106.9155,11.2336],[106.9137,11.2325],[106.9132,11.2315],[106.9136,11.2304],[106.9147,11.2304],[106.9152,11.2301],[106.9151,11.2288],[106.9141,11.2272],[106.9141,11.2264],[106.9144,11.2259],[106.9176,11.2235],[106.9182,11.2217],[106.918,11.2199],[106.9163,11.2157],[106.9157,11.2147],[106.9148,11.2142],[106.9118,11.2141],[106.9104,11.2135],[106.9079,11.211],[106.9037,11.2109],[106.902,11.2106],[106.9014,11.2099],[106.9012,11.209],[106.9015,11.2077],[106.9022,11.2066],[106.9032,11.2059],[106.9057,11.2049],[106.9068,11.2037],[106.9072,11.2027],[106.9076,11.2005],[106.9072,11.198],[106.9056,11.195],[106.9056,11.1942],[106.9062,11.193],[106.9075,11.1921],[106.9082,11.1919],[106.9127,11.1931],[106.9201,11.1928],[106.9209,11.192],[106.9216,11.1881],[106.9223,11.1874],[106.9235,11.1868],[106.9241,11.1869],[106.9262,11.189],[106.9275,11.1897],[106.9304,11.1898],[106.9323,11.1895],[106.9333,11.189],[106.9354,11.1866],[106.9376,11.1817],[106.9401,11.1785],[106.9424,11.1774],[106.9442,11.1776],[106.9452,11.1773],[106.946,11.1762],[106.9456,11.1743],[106.9449,11.1733],[106.9414,11.1697],[106.941,11.1685],[106.9411,11.1679],[106.9416,11.1673],[106.9441,11.1664],[106.948,11.1661],[106.9498,11.1655],[106.9533,11.1638],[106.9542,11.1625],[106.9557,11.1586],[106.9554,11.1554],[106.9558,11.1529],[106.9582,11.1514],[106.9642,11.1499],[106.9655,11.1488],[106.9667,11.1451],[106.9666,11.1441],[106.9653,11.1427],[106.9627,11.1423],[106.9553,11.1421],[106.9544,11.1414],[106.954,11.1406],[106.9542,11.1385],[106.9567,11.1366],[106.9571,11.1352],[106.9563,11.1329],[106.9536,11.1305],[106.9533,11.1299],[106.9534,11.1289],[106.9555,11.1265],[106.9564,11.124],[106.9583,11.1203],[106.9599,11.1185],[106.9626,11.1167],[106.9633,11.115],[106.9654,11.1117],[106.9658,11.1097],[106.9656,11.1081],[106.9629,11.1076],[106.9595,11.108],[106.9587,11.1078],[106.9578,11.1071],[106.9574,11.1065],[106.9574,11.1053],[106.9595,11.1022],[106.9596,11.1013],[106.9594,11.1003],[106.9578,11.0991],[106.9544,11.0983],[106.9528,11.0976],[106.9521,11.0967],[106.9502,11.0931],[106.9476,11.0904],[106.9469,11.0891],[106.9467,11.088],[106.9472,11.0844],[106.9453,11.0805],[106.945,11.079],[106.9451,11.0775],[106.9462,11.0763],[106.9499,11.0746],[106.952,11.0733],[106.9524,11.0726],[106.9525,11.0711],[106.9543,11.0715],[106.9545,11.0704],[106.9563,11.0705],[106.9567,11.0714],[106.9578,11.0712],[106.9576,11.0718],[106.958,11.0724],[106.9583,11.0721],[106.9599,11.0721],[106.9603,11.0728],[106.9608,11.0726],[106.9611,11.0734],[106.9614,11.0733],[106.9621,11.0736],[106.9624,11.0729],[106.9635,11.0734],[106.9637,11.0738],[106.964,11.0738],[106.9642,11.075],[106.965,11.0751],[106.9651,11.0756],[106.9655,11.0752],[106.9668,11.0752],[106.9692,11.0737],[106.9692,11.0724],[106.9706,11.0712],[106.9712,11.0689],[106.9717,11.0687],[106.9718,11.068],[106.9726,11.0673],[106.9727,11.067],[106.9743,11.0669],[106.9747,11.0666],[106.9753,11.0668],[106.9755,11.0652],[106.9771,11.0651],[106.9747,11.0596],[106.979,11.0589],[106.9823,11.0598],[106.9855,11.0615],[106.9867,11.0613],[106.9888,11.0614],[106.9906,11.0624],[106.9924,11.0616],[106.9937,11.0628],[106.9948,11.0631],[106.9965,11.063],[106.9984,11.0625],[106.9985,11.0621],[106.9988,11.0621],[107,11.0625],[107.0002,11.0631],[107.0012,11.0633],[107.0029,11.0623],[107.0034,11.0626],[107.0032,11.0632],[107.0037,11.0638],[107.0036,11.0642],[107.004,11.0643],[107.0056,11.0628],[107.0066,11.063],[107.0085,11.0625],[107.0086,11.0616],[107.0111,11.0613],[107.0119,11.0621],[107.0148,11.0608],[107.0161,11.0611],[107.0162,11.0617],[107.017,11.0617],[107.0179,11.0622],[107.0191,11.0625],[107.0206,11.0623],[107.0208,11.0614],[107.0225,11.0613],[107.0228,11.0608],[107.024,11.06],[107.0248,11.0598],[107.0247,11.0596],[107.026,11.0596],[107.0284,11.0585],[107.0304,11.0586],[107.0309,11.0583],[107.0315,11.0585],[107.0345,11.058],[107.0352,11.0575],[107.0359,11.0578],[107.0398,11.056],[107.0416,11.0569],[107.0421,11.0574],[107.0436,11.0578],[107.044,11.0582],[107.0456,11.0587],[107.0468,11.0597],[107.0478,11.0595],[107.0487,11.0587],[107.0496,11.0589],[107.051,11.0632],[107.0506,11.0632],[107.0505,11.0647],[107.0512,11.0648],[107.0511,11.0656],[107.0542,11.067],[107.0559,11.0683],[107.0553,11.0702],[107.0566,11.0709],[107.0585,11.071],[107.0605,11.0703],[107.0599,11.0738],[107.0589,11.0746],[107.0605,11.0784],[107.0613,11.0785],[107.0626,11.0792],[107.0634,11.0808],[107.0628,11.0814],[107.0623,11.0838],[107.0615,11.0848],[107.0621,11.0859],[107.0626,11.0859],[107.0637,11.1032],[107.0826,11.0969],[107.1133,11.0902],[107.1239,11.1721],[107.14,11.1893],[107.1957,11.2087],[107.1805,11.2465],[107.1626,11.2399],[107.1418,11.2775],[107.1406,11.2793],[107.1408,11.2799],[107.1417,11.2795],[107.1425,11.2806],[107.1425,11.281],[107.1416,11.282],[107.1416,11.2828],[107.141,11.2826],[107.1397,11.2828],[107.1369,11.2822],[107.136,11.2823],[107.1355,11.2819],[107.1346,11.2818],[107.1354,11.2852],[107.1345,11.2855],[107.134,11.2869],[107.1323,11.2871],[107.1324,11.2876],[107.132,11.288],[107.1315,11.2873],[107.1303,11.2878],[107.1305,11.2922],[107.1298,11.2984],[107.1301,11.3003],[107.1317,11.3052],[107.1304,11.3099],[107.1295,11.3161],[107.1308,11.3173],[107.1316,11.3173],[107.1316,11.3179],[107.1291,11.319],[107.1275,11.3192],[107.1268,11.3191],[107.1263,11.3186],[107.1256,11.3187],[107.1257,11.3189],[107.1245,11.3186],[107.1236,11.318],[107.123,11.3187],[107.1215,11.3194],[107.1214,11.32],[107.1215,11.3202],[107.1219,11.3201],[107.1214,11.3206],[107.1215,11.3209],[107.121,11.3211],[107.1209,11.3205],[107.1203,11.3206],[107.1199,11.3201],[107.1192,11.3204],[107.1192,11.32],[107.1185,11.3201],[107.1184,11.3193],[107.1172,11.3189],[107.1165,11.319],[107.1158,11.3195],[107.1162,11.3198],[107.116,11.3202],[107.1163,11.321],[107.116,11.3217],[107.1181,11.3232],[107.1191,11.3246],[107.1197,11.3245],[107.1186,11.3259],[107.1172,11.3266],[107.1175,11.3275],[107.1186,11.3279],[107.1186,11.3282],[107.1195,11.3282],[107.1199,11.3285],[107.1207,11.3286],[107.122,11.33],[107.1236,11.3296],[107.1234,11.3288],[107.1236,11.3292],[107.1248,11.3296],[107.1253,11.3293],[107.1253,11.3289],[107.1257,11.3293],[107.126,11.3293],[107.1261,11.3299],[107.127,11.3305],[107.127,11.331],[107.1262,11.3322],[107.1266,11.3335],[107.1262,11.3345],[107.1258,11.3349],[107.1259,11.3356],[107.1255,11.3362],[107.125,11.3363],[107.1246,11.3357],[107.1235,11.3354],[107.1236,11.3347],[107.1221,11.3343],[107.1214,11.3354],[107.1214,11.3358],[107.1222,11.337],[107.1224,11.3392],[107.123,11.3395],[107.1233,11.3391],[107.1244,11.3391],[107.1248,11.3397],[107.1229,11.3434],[107.119,11.3467],[107.1176,11.3537],[107.1146,11.3585],[107.1141,11.3603],[107.1144,11.3679],[107.114,11.369],[107.1129,11.3699],[107.1116,11.3703],[107.1059,11.3699],[107.1026,11.3682],[107.1013,11.3667],[107.0993,11.3658],[107.0983,11.3656],[107.0961,11.366],[107.0947,11.3658],[107.0891,11.3644],[107.0866,11.3631],[107.0843,11.3643],[107.0824,11.3649],[107.0805,11.366],[107.0764,11.3696],[107.0735,11.369],[107.0681,11.3698],[107.0651,11.3707],[107.0633,11.3727],[107.0617,11.3734],[107.0614,11.374],[107.0614,11.3748],[107.0621,11.3755],[107.0619,11.3759],[107.0603,11.3768],[107.06,11.3773]]]},"properties":{"code":"26170","name":"Trị An","nameEn":"Tri An","fullName":"Phường Trị An","fullNameEn":"Tri An Ward","codeName":"tri_an","postalCode":"76910","postalCodePrefix":"","gisServerId":"diaphanhanhchinhcapxa_2025.3115","areaKm2":660.5},"id":"26170"},
{"type":"Feature","geometry":{"type":"Polygon","coordinates":[[[107.1792,11.3346],[107.1805,11.3373],[107.1796,11.3386],[107.18,11.3398],[107.1798,11.3413],[107.1808,11.342],[107.1819,11.3423],[107.1817,11.3433],[107.1825,11.3444],[107.1829,11.3462],[107.1847,11.347],[107.1859,11.3469],[107.1856,11.3484],[107.186,11.3492],[107.1862,11.3492],[107.1867,11.3477],[107.1873,11.3473],[107.1877,11.3475],[107.1885,11.3492],[107.1879,11.3504],[107.188,11.3508],[107.1887,11.3515],[107.189,11.3514],[107.189,11.3501],[107.1892,11.3499],[107.1897,11.35],[107.1904,11.3507],[107.1909,11.3519],[107.1917,11.3523],[107.1917,11.3527],[107.1907,11.3528],[107.1903,11.3538],[107.1911,11.3536],[107.1915,11.3541],[107.1947,11.3554],[107.1951,11.3553],[107.1952,11.3547],[107.1961,11.3545],[107.1964,11.3546],[107.1964,11.3553],[107.197,11.3553],[107.1974,11.3544],[107.1979,11.3543],[107.1994,11.3554],[107.1994,11.3566],[107.2006,11.3579],[107.2008,11.359],[107.2015,11.3594],[107.2015,11.3599],[107.2004,11.3597],[107.2002,11.3601],[107.2005,11.361],[107.2019,11.3618],[107.2022,11.3644],[107.2014,11.365],[107.203,11.3663],[107.2039,11.3677],[107.2033,11.3684],[107.2033,11.3688],[107.204,11.3682],[107.2044,11.3684],[107.2042,11.3707],[107.2048,11.3704],[107.2049,11.3713],[107.2054,11.3711],[107.2055,11.3726],[107.2063,11.3734],[107.2068,11.3733],[107.2072,11.3741],[107.2076,11.3743],[107.2072,11.3753],[107.2083,11.377],[107.2068,11.3774],[107.2068,11.3782],[107.2057,11.3786],[107.2068,11.3797],[107.2066,11.3802],[107.2063,11.3803],[107.2055,11.3796],[107.2049,11.3801],[107.2057,11.3817],[107.2053,11.3838],[107.2055,11.3847],[107.2046,11.3863],[107.2047,11.387],[107.2054,11.388],[107.2047,11.3898],[107.2049,11.39],[107.2054,11.3899],[107.2068,11.3887],[107.2067,11.3898],[107.2078,11.3901],[107.2081,11.3904],[107.208,11.3908],[107.2066,11.3918],[107.2076,11.3931],[107.2078,11.3938],[107.2107,11.3942],[107.211,11.3946],[107.211,11.3961],[107.2117,11.3975],[107.2109,11.3976],[107.2099,11.3969],[107.2096,11.3972],[107.2095,11.3984],[107.2099,11.3995],[107.2117,11.4009],[107.2116,11.4013],[107.2108,11.4014],[107.2108,11.4018],[107.2141,11.4037],[107.2159,11.4038],[107.216,11.4041],[107.2156,11.4045],[107.2154,11.4054],[107.2148,11.4059],[107.2148,11.4065],[107.2161,11.4075],[107.2178,11.4083],[107.2185,11.4094],[107.2186,11.4106],[107.2202,11.4103],[107.2199,11.4114],[107.2211,11.4117],[107.2213,11.4131],[107.2228,11.414],[107.2232,11.4146],[107.2245,11.415],[107.2253,11.4145],[107.2275,11.4148],[107.2295,11.4157],[107.2297,11.4166],[107.2301,11.4169],[107.2321,11.4171],[107.2321,11.4183],[107.2311,11.4194],[107.2324,11.4202],[107.2316,11.4223],[107.2292,11.4248],[107.229,11.4268],[107.2292,11.429],[107.2288,11.4314],[107.2284,11.432],[107.2266,11.4332],[107.2237,11.4361],[107.2228,11.4367],[107.2214,11.4388],[107.2207,11.439],[107.218,11.4381],[107.2173,11.4383],[107.2164,11.4396],[107.2151,11.4402],[107.2123,11.4436],[107.2093,11.4453],[107.206,11.4477],[107.2022,11.45],[107.2007,11.4506],[107.1991,11.4508],[107.1981,11.4513],[107.1965,11.4525],[107.1959,11.4533],[107.1956,11.4543],[107.1958,11.4557],[107.2,11.4605],[107.2013,11.4614],[107.2042,11.4661],[107.2044,11.4696],[107.2041,11.4714],[107.2031,11.4756],[107.2023,11.4776],[107.2018,11.4818],[107.2015,11.4831],[107.2,11.4853],[107.1992,11.4873],[107.2006,11.4908],[107.2,11.4913],[107.1995,11.4929],[107.197,11.4971],[107.1957,11.4976],[107.1915,11.4977],[107.1907,11.4993],[107.1905,11.5006],[107.1892,11.5024],[107.1885,11.5027],[107.1873,11.5025],[107.186,11.5029],[107.1851,11.5044],[107.1837,11.5058],[107.1824,11.5083],[107.1808,11.5083],[107.1798,11.5093],[107.1779,11.5102],[107.1767,11.5118],[107.131,11.5017],[107.1313,11.4997],[107.1306,11.4993],[107.1295,11.498],[107.1292,11.4976],[107.1293,11.4964],[107.128,11.4962],[107.127,11.4952],[107.1262,11.4951],[107.1256,11.4944],[107.123,11.4934],[107.1229,11.4923],[107.1234,11.4913],[107.122,11.4906],[107.1208,11.4892],[107.1208,11.4888],[107.1214,11.4887],[107.1216,11.4882],[107.1216,11.4879],[107.1206,11.487],[107.1212,11.4861],[107.1211,11.4854],[107.1203,11.485],[107.1196,11.4857],[107.119,11.4859],[107.1174,11.4852],[107.1174,11.4849],[107.1178,11.4849],[107.1183,11.4844],[107.1181,11.484],[107.1171,11.4833],[107.1156,11.4831],[107.1153,11.4821],[107.1144,11.4821],[107.1146,11.4814],[107.1129,11.4806],[107.1111,11.481],[107.1104,11.4816],[107.109,11.4812],[107.1086,11.4819],[107.1078,11.4822],[107.1057,11.4815],[107.106,11.4811],[107.1058,11.4809],[107.1047,11.4816],[107.104,11.4827],[107.1034,11.483],[107.1031,11.4827],[107.1032,11.482],[107.1028,11.4819],[107.1023,11.4826],[107.1019,11.4816],[107.1014,11.4829],[107.1015,11.4837],[107.1007,11.4826],[107.1004,11.4826],[107.0997,11.4842],[107.0993,11.4838],[107.0992,11.483],[107.0998,11.4825],[107.0991,11.4822],[107.0984,11.4815],[107.0961,11.4824],[107.0961,11.4821],[107.0974,11.4809],[107.0964,11.4803],[107.0964,11.4788],[107.0958,11.4783],[107.0959,11.4777],[107.0955,11.477],[107.096,11.4759],[107.0953,11.4748],[107.0964,11.4739],[107.0961,11.4732],[107.0966,11.4727],[107.0968,11.4719],[107.0964,11.4713],[107.0954,11.4713],[107.095,11.4711],[107.0953,11.4698],[107.0952,11.4693],[107.0939,11.4687],[107.0935,11.4681],[107.0933,11.4682],[107.0935,11.4688],[107.093,11.4686],[107.0928,11.4682],[107.0933,11.4677],[107.0926,11.4671],[107.092,11.4669],[107.0909,11.4674],[107.09,11.4662],[107.0889,11.466],[107.0883,11.4667],[107.0874,11.4661],[107.0865,11.466],[107.086,11.4664],[107.0864,11.4671],[107.0859,11.4669],[107.0854,11.4664],[107.0856,11.4656],[107.0852,11.4646],[107.0836,11.4645],[107.082,11.463],[107.0825,11.4629],[107.0832,11.4635],[107.0838,11.4633],[107.0842,11.4612],[107.0841,11.4597],[107.0823,11.4599],[107.0814,11.4597],[107.0789,11.457],[107.0772,11.4581],[107.0772,11.4577],[107.0781,11.4565],[107.0778,11.4552],[107.075,11.4541],[107.0752,11.4556],[107.0749,11.4561],[107.0747,11.4556],[107.0737,11.4552],[107.0735,11.4524],[107.0732,11.4522],[107.0729,11.4527],[107.0726,11.4523],[107.0728,11.4512],[107.0719,11.4513],[107.0716,11.4521],[107.0712,11.4524],[107.0707,11.4521],[107.0701,11.4508],[107.0691,11.4507],[107.0685,11.4503],[107.0681,11.4493],[107.0697,11.4476],[107.0679,11.4467],[107.0673,11.446],[107.0673,11.4456],[107.068,11.4442],[107.0674,11.4423],[107.0663,11.4423],[107.0668,11.4412],[107.0673,11.441],[107.0663,11.4404],[107.0662,11.4399],[107.0667,11.4396],[107.0667,11.4382],[107.0683,11.4382],[107.0687,11.4379],[107.0671,11.4357],[107.0677,11.4342],[107.0672,11.4341],[107.0664,11.435],[107.066,11.435],[107.0654,11.4345],[107.0658,11.4338],[107.0647,11.4337],[107.0653,11.4323],[107.0645,11.4311],[107.065,11.4307],[107.0657,11.4307],[107.067,11.4322],[107.0676,11.4323],[107.0685,11.4309],[107.0684,11.4295],[107.0678,11.4292],[107.0663,11.4295],[107.0661,11.4281],[107.0677,11.4281],[107.0692,11.4276],[107.0714,11.4277],[107.0716,11.427],[107.0707,11.4263],[107.0707,11.426],[107.0739,11.4234],[107.0739,11.4225],[107.0729,11.4223],[107.0728,11.422],[107.0747,11.4202],[107.0752,11.4202],[107.0754,11.4214],[107.0759,11.4212],[107.0762,11.4205],[107.0763,11.4183],[107.0742,11.4155],[107.0736,11.4157],[107.073,11.4173],[107.0726,11.4173],[107.0725,11.4148],[107.0721,11.4147],[107.0708,11.4154],[107.0694,11.414],[107.0678,11.4116],[107.068,11.4109],[107.0678,11.4099],[107.0681,11.409],[107.0672,11.4082],[107.0672,11.4079],[107.068,11.4077],[107.0691,11.4078],[107.0692,11.4072],[107.068,11.4061],[107.0695,11.4053],[107.0685,11.4042],[107.0682,11.4035],[107.0678,11.4036],[107.0673,11.4045],[107.0659,11.4031],[107.0639,11.4033],[107.0619,11.4023],[107.0602,11.4007],[107.0589,11.4008],[107.0574,11.3988],[107.0578,11.3984],[107.0594,11.3981],[107.0564,11.3967],[107.0567,11.396],[107.0556,11.3946],[107.0558,11.3935],[107.0581,11.3922],[107.058,11.3916],[107.0589,11.3915],[107.0595,11.3925],[107.0604,11.3922],[107.0604,11.3915],[107.0598,11.3905],[107.0609,11.3888],[107.0613,11.3877],[107.0605,11.3865],[107.0609,11.3861],[107.0615,11.3867],[107.062,11.386],[107.0617,11.3854],[107.0612,11.3858],[107.0606,11.3857],[107.0607,11.3846],[107.0598,11.3842],[107.0594,11.3834],[107.0582,11.3834],[107.0576,11.3817],[107.0577,11.3807],[107.0574,11.3806],[107.0565,11.3811],[107.0561,11.3809],[107.0562,11.3804],[107.0567,11.3801],[107.0583,11.3795],[107.0587,11.3777],[107.059,11.3776],[107.0602,11.3784],[107.0603,11.3775],[107.06,11.3773],[107.0603,11.3768],[107.0619,11.3759],[107.0621,11.3755],[107.0614,11.3748],[107.0614,11.374],[107.0617,11.3734],[107.0633,11.3727],[107.0651,11.3707],[107.0681,11.3698],[107.0735,11.369],[107.0764,11.3696],[107.0805,11.366],[107.0824,11.3649],[107.0843,11.3643],[107.0866,11.3631],[107.0891,11.3644],[107.0947,11.3658],[107.0961,11.366],[107.0983,11.3656],[107.0993,11.3658],[107.1013,11.3667],[107.1026,11.3682],[107.1059,11.3699],[107.1116,11.3703],[107.1129,11.3699],[107.114,11.369],[107.1144,11.3679],[107.1141,11.3603],[107.1146,11.3585],[107.1176,11.3537],[107.119,11.3467],[107.1229,11.3434],[107.1248,11.3397],[107.1244,11.3391],[107.1233,11.3391],[107.123,11.3395],[107.1224,11.3392],[107.1222,11.337],[107.1214,11.3358],[107.1214,11.3354],[107.1221,11.3343],[107.1236,11.3347],[107.1235,11.3354],[107.1246,11.3357],[107.125,11.3363],[107.1255,11.3362],[107.1259,11.3356],[107.1258,11.3349],[107.1262,11.3345],[107.1266,11.3335],[107.1262,11.3322],[107.127,11.331],[107.127,11.3305],[107.1261,11.3299],[107.126,11.3293],[107.1257,11.3293],[107.1253,11.3289],[107.1253,11.3293],[107.1248,11.3296],[107.1236,11.3292],[107.1234,11.3288],[107.1236,11.3296],[107.122,11.33],[107.1207,11.3286],[107.1199,11.3285],[107.1195,11.3282],[107.1186,11.3282],[107.1186,11.3279],[107.1175,11.3275],[107.1172,11.3266],[107.1186,11.3259],[107.1197,11.3245],[107.1191,11.3246],[107.1181,11.3232],[107.116,11.3217],[107.1163,11.321],[107.116,11.3202],[107.1162,11.3198],[107.1158,11.3195],[107.1165,11.319],[107.1172,11.3189],[107.1184,11.3193],[107.1185,11.3201],[107.1192,11.32],[107.1192,11.3204],[107.1199,11.3201],[107.1203,11.3206],[107.1209,11.3205],[107.121,11.3211],[107.1215,11.3209],[107.1214,11.3206],[107.1219,11.3201],[107.1215,11.3202],[107.1214,11.32],[107.1215,11.3194],[107.123,11.3187],[107.1236,11.318],[107.1245,11.3186],[107.1257,11.3189],[107.1256,11.3187],[107.1263,11.3186],[107.1268,11.3191],[107.1275,11.3192],[107.1291,11.319],[107.1316,11.3179],[107.1316,11.3173],[107.1308,11.3173],[107.1295,11.3161],[107.1304,11.3099],[107.1317,11.3052],[107.1301,11.3003],[107.1298,11.2984],[107.1305,11.2922],[107.1303,11.2878],[107.1315,11.2873],[107.132,11.288],[107.1324,11.2876],[107.1323,11.2871],[107.134,11.2869],[107.1345,11.2855],[107.1354,11.2852],[107.1346,11.2818],[107.1355,11.2819],[107.136,11.2823],[107.1369,11.2822],[107.1397,11.2828],[107.141,11.2826],[107.1416,11.2828],[107.1416,11.282],[107.1425,11.281],[107.1425,11.2806],[107.1417,11.2795],[107.1408,11.2799],[107.1406,11.2793],[107.1418,11.2775],[107.1626,11.2399],[107.1805,11.2465],[107.1765,11.2522],[107.1754,11.2556],[107.1734,11.2641],[107.1718,11.2769],[107.1709,11.279],[107.1688,11.2808],[107.1695,11.2815],[107.169,11.2827],[107.1699,11.2829],[107.1684,11.2856],[107.1675,11.2865],[107.1667,11.2861],[107.166,11.2849],[107.1657,11.2862],[107.1645,11.2867],[107.1642,11.2872],[107.1643,11.2883],[107.1661,11.2876],[107.1665,11.2878],[107.1664,11.2881],[107.1647,11.2895],[107.1655,11.2897],[107.1657,11.292],[107.1663,11.2937],[107.1652,11.2933],[107.1648,11.2951],[107.1646,11.2956],[107.1635,11.2962],[107.1634,11.2972],[107.1626,11.297],[107.1623,11.2972],[107.1621,11.2985],[107.1633,11.2991],[107.1627,11.2997],[107.1606,11.3001],[107.1605,11.3006],[107.1609,11.3016],[107.1603,11.3018],[107.1593,11.3015],[107.1598,11.3036],[107.1588,11.3036],[107.1587,11.3039],[107.1593,11.3048],[107.1611,11.3048],[107.1613,11.3058],[107.1624,11.3066],[107.1622,11.307],[107.1612,11.3077],[107.1605,11.3076],[107.1606,11.3084],[107.1601,11.3091],[107.1603,11.3099],[107.1613,11.311],[107.1619,11.3123],[107.1619,11.3134],[107.161,11.3141],[107.1613,11.3155],[107.1625,11.3162],[107.1631,11.3156],[107.1634,11.3145],[107.1641,11.3162],[107.1655,11.3177],[107.1673,11.3179],[107.1699,11.3176],[107.1702,11.3184],[107.1712,11.3182],[107.1707,11.3189],[107.1717,11.3197],[107.1719,11.3213],[107.1717,11.3226],[107.1715,11.3229],[107.1705,11.3227],[107.1701,11.3235],[107.171,11.3249],[107.1724,11.3256],[107.1714,11.3259],[107.1712,11.3266],[107.1727,11.3276],[107.1723,11.3279],[107.1715,11.3276],[107.1705,11.3277],[107.1704,11.3281],[107.173,11.3288],[107.1734,11.33],[107.1738,11.3303],[107.1744,11.3304],[107.1754,11.3298],[107.1755,11.3303],[107.1746,11.3313],[107.1753,11.3315],[107.1766,11.3312],[107.1772,11.3313],[107.1766,11.3329],[107.1768,11.3332],[107.178,11.3333],[107.1794,11.333],[107.1795,11.3325],[107.1798,11.3336],[107.1792,11.3343],[107.1792,11.3346]]]},"properties":{"code":"26173","name":"Phú Lý","nameEn":"Phu Ly","fullName":"Xã Phú Lý","fullNameEn":"Phu Ly Commune","codeName":"phu_ly","postalCode":"76908","postalCodePrefix":"","gisServerId":"diaphanhanhchinhcapxa_2025.3151","areaKm2":279},"id":"26173"},
{"type":"Feature","geometry":{"type":"Polygon","coordinates":[[[107.0496,11.0589],[107.0487,11.0587],[107.0478,11.0595],[107.0468,11.0597],[107.0456,11.0587],[107.044,11.0582],[107.0436,11.0578],[107.0421,11.0574],[107.0416,11.0569],[107.0398,11.056],[107.0359,11.0578],[107.0352,11.0575],[107.0345,11.058],[107.0315,11.0585],[107.0309,11.0583],[107.0304,11.0586],[107.0284,11.0585],[107.026,11.0596],[107.0247,11.0596],[107.0248,11.0598],[107.024,11.06],[107.0228,11.0608],[107.0225,11.0613],[107.0208,11.0614],[107.0206,11.0623],[107.0191,11.0625],[107.0179,11.0622],[107.017,11.0617],[107.0162,11.0617],[107.0161,11.0611],[107.0148,11.0608],[107.0119,11.0621],[107.0111,11.0613],[107.0086,11.0616],[107.0085,11.0625],[107.0066,11.063],[107.0056,11.0628],[107.004,11.0643],[107.0036,11.0642],[107.0037,11.0638],[107.0032,11.0632],[107.0034,11.0626],[107.0029,11.0623],[107.0012,11.0633],[107.0002,11.0631],[107,11.0625],[106.9988,11.0621],[106.9985,11.0621],[106.9984,11.0625],[106.9965,11.063],[106.9948,11.0631],[106.9937,11.0628],[106.9924,11.0616],[106.9906,11.0624],[106.9888,11.0614],[106.9867,11.0613],[106.9855,11.0615],[106.9823,11.0598],[106.979,11.0589],[106.9747,11.0596],[106.9771,11.0651],[106.9755,11.0652],[106.9753,11.0668],[106.9747,11.0666],[106.9743,11.0669],[106.9727,11.067],[106.9726,11.0673],[106.9718,11.068],[106.9717,11.0687],[106.9712,11.0689],[106.9706,11.0712],[106.9692,11.0724],[106.9692,11.0737],[106.9668,11.0752],[106.9655,11.0752],[106.9651,11.0756],[106.965,11.0751],[106.9642,11.075],[106.964,11.0738],[106.9637,11.0738],[106.9635,11.0734],[106.9624,11.0729],[106.9621,11.0736],[106.9614,11.0733],[106.9611,11.0734],[106.9608,11.0726],[106.9603,11.0728],[106.9599,11.0721],[106.9583,11.0721],[106.958,11.0724],[106.9576,11.0718],[106.9578,11.0712],[106.9567,11.0714],[106.9563,11.0705],[106.9545,11.0704],[106.9543,11.0715],[106.9525,11.0711],[106.9522,11.0704],[106.9501,11.0685],[106.949,11.067],[106.9484,11.0647],[106.9485,11.0619],[106.9482,11.0605],[106.9471,11.0585],[106.9454,11.0573],[106.9439,11.0569],[106.9416,11.0569],[106.94,11.0582],[106.9379,11.0623],[106.937,11.0634],[106.9349,11.0646],[106.9334,11.0648],[106.9322,11.0646],[106.9309,11.0636],[106.9299,11.0625],[106.9288,11.0605],[106.9274,11.059],[106.9225,11.0562],[106.922,11.0551],[106.9232,11.0506],[106.9233,11.0489],[106.9228,11.0471],[106.9222,11.0464],[106.9213,11.0459],[106.9148,11.0432],[106.9127,11.0413],[106.912,11.0394],[106.9118,11.038],[106.9112,11.0269],[106.9103,11.0245],[106.9089,11.0229],[106.9075,11.022],[106.9082,11.0207],[106.9074,11.0204],[106.9062,11.0203],[106.9063,11.0195],[106.9085,11.0178],[106.9104,11.0168],[106.9109,11.016],[106.9121,11.016],[106.9137,11.0178],[106.914,11.0186],[106.9166,11.0184],[106.9169,11.0181],[106.9169,11.0171],[106.9178,11.016],[106.9193,11.016],[106.919,11.0145],[106.9192,11.0142],[106.9202,11.0151],[106.9205,11.0145],[106.9206,11.0151],[106.9209,11.0152],[106.9213,11.0143],[106.9223,11.0149],[106.9228,11.0145],[106.9228,11.0141],[106.9235,11.0142],[106.9239,11.0139],[106.9253,11.0146],[106.9259,11.0139],[106.9264,11.0137],[106.9265,11.0105],[106.9277,11.01],[106.9282,11.0087],[106.9292,11.0088],[106.9293,11.0086],[106.931,11.0085],[106.9315,11.0076],[106.9323,11.0074],[106.933,11.0079],[106.9343,11.0079],[106.9346,11.0082],[106.9356,11.0074],[106.9357,11.007],[106.9362,11.007],[106.9379,11.006],[106.9382,11.0056],[106.939,11.0052],[106.9392,11.0038],[106.9403,11.0037],[106.9411,11.0034],[106.9411,11.0025],[106.9419,11.0022],[106.9423,11.0014],[106.9428,11.0015],[106.9431,11.0008],[106.9424,10.999],[106.9453,10.9981],[106.9463,10.9966],[106.9472,10.9963],[106.9476,10.9969],[106.9483,10.9963],[106.949,10.9947],[106.9486,10.9945],[106.9488,10.994],[106.9483,10.9936],[106.9484,10.9933],[106.9493,10.99],[106.9541,10.9903],[106.9549,10.9915],[106.9566,10.993],[106.9566,10.9938],[106.9558,10.9951],[106.9564,10.9958],[106.9559,10.9969],[106.9559,10.9978],[106.9563,10.9981],[106.9564,10.9989],[106.9568,10.9987],[106.9572,10.9996],[106.9583,10.9995],[106.9585,10.9988],[106.9595,10.9983],[106.9611,10.9985],[106.962,10.9976],[106.9643,10.9965],[106.9648,10.9967],[106.9686,10.9967],[106.9689,10.9976],[106.9696,10.9982],[106.9718,10.9987],[106.9748,11.001],[106.9755,11.0029],[106.9766,11.004],[106.9778,11.003],[106.9782,11.0035],[106.979,11.0045],[106.9784,11.0049],[106.9776,11.0043],[106.9772,11.0044],[106.9759,11.0058],[106.976,11.0061],[106.9755,11.0064],[106.975,11.0073],[106.9754,11.0082],[106.9743,11.0085],[106.9729,11.0081],[106.9723,11.009],[106.9717,11.0094],[106.9716,11.0104],[106.9721,11.0102],[106.973,11.0117],[106.9733,11.0117],[106.9733,11.0103],[106.9737,11.0098],[106.9737,11.0113],[106.9747,11.0113],[106.9745,11.0104],[106.9748,11.0102],[106.9754,11.0104],[106.9751,11.0115],[106.9756,11.012],[106.9768,11.0121],[106.9774,11.0115],[106.9781,11.0119],[106.98,11.0122],[106.9803,11.0128],[106.9812,11.0135],[106.9825,11.0136],[106.9828,11.0143],[106.9832,11.0143],[106.9834,11.0138],[106.9843,11.014],[106.9848,11.0133],[106.9856,11.0137],[106.9862,11.0131],[106.9868,11.0132],[106.9865,11.0126],[106.9875,11.0123],[106.9871,11.012],[106.9876,11.011],[106.9878,11.0113],[106.9878,11.0122],[106.9889,11.0118],[106.9895,11.0109],[106.9892,11.0084],[106.9904,11.0079],[106.9896,11.0078],[106.9894,11.0074],[106.9901,11.0073],[106.991,11.0064],[106.9913,11.0068],[106.9915,11.0061],[106.9923,11.0069],[106.9923,11.0059],[106.9925,11.0062],[106.9929,11.0061],[106.9934,11.0067],[106.9934,11.0061],[106.9938,11.0062],[106.9947,11.0058],[106.9949,11.0045],[106.9953,11.004],[106.9956,11.0042],[106.9953,11.0048],[106.9958,11.0045],[106.9958,11.005],[106.9962,11.0048],[106.9975,11.0057],[106.9979,11.0056],[106.9986,11.0063],[106.999,11.0063],[106.9993,11.007],[107.0004,11.0071],[107.0005,11.008],[107.0014,11.0079],[107.0016,11.0081],[107.0013,11.0082],[107.0013,11.0085],[107.002,11.0089],[107.0036,11.0074],[107.0045,11.0072],[107.0057,11.0059],[107.0064,11.004],[107.0068,11.0036],[107.0101,11.0048],[107.0111,11.0058],[107.0117,11.0079],[107.013,11.0092],[107.0134,11.0106],[107.0148,11.0123],[107.015,11.0132],[107.0168,11.0143],[107.0165,11.0147],[107.0169,11.0155],[107.016,11.0166],[107.016,11.0171],[107.0152,11.0183],[107.0145,11.0186],[107.0154,11.0206],[107.0175,11.0224],[107.0179,11.0247],[107.0194,11.0269],[107.0194,11.0272],[107.0185,11.0274],[107.0174,11.0274],[107.0171,11.0279],[107.0201,11.0292],[107.0225,11.0285],[107.023,11.0279],[107.0236,11.0276],[107.0244,11.0281],[107.0255,11.0297],[107.0262,11.0298],[107.0269,11.0302],[107.027,11.0297],[107.0276,11.0291],[107.0279,11.0292],[107.0278,11.0298],[107.0289,11.0312],[107.0294,11.0314],[107.0303,11.0308],[107.0306,11.0321],[107.0321,11.0333],[107.0328,11.0335],[107.033,11.0351],[107.0337,11.0362],[107.033,11.0376],[107.0355,11.0387],[107.0356,11.0396],[107.0363,11.0402],[107.0381,11.0404],[107.0386,11.0411],[107.039,11.0411],[107.0404,11.0402],[107.041,11.0406],[107.0423,11.0403],[107.0425,11.0398],[107.0432,11.0399],[107.0442,11.0389],[107.0447,11.0398],[107.046,11.0402],[107.0449,11.0408],[107.0443,11.0425],[107.0413,11.0467],[107.0394,11.0474],[107.0398,11.048],[107.0411,11.0489],[107.0419,11.0506],[107.0432,11.0521],[107.0449,11.0526],[107.0459,11.054],[107.0507,11.0534],[107.0517,11.0535],[107.0524,11.0551],[107.0512,11.0562],[107.0496,11.0589]]]},"properties":{"code":"26179","name":"Tân An","nameEn":"Tan An","fullName":"Xã Tân An","fullNameEn":"Tan An Commune","codeName":"tan_an","postalCode":"76911","postalCodePrefix":"","gisServerId":"diaphanhanhchinhcapxa_2025.3116","areaKm2":80.2},"id":"26179"},
{"type":"Feature","geometry":{"type":"Polygon","coordinates":[[[106.854,10.9668],[106.8525,10.9729],[106.8479,10.9785],[106.8476,10.9812],[106.8464,10.9849],[106.8467,10.992],[106.8465,10.9955],[106.8502,11.001],[106.8524,11.003],[106.8551,11.0068],[106.8547,11.0136],[106.8569,11.0139],[106.8554,11.0181],[106.8536,11.022],[106.8531,11.0221],[106.8527,11.0233],[106.8517,11.0233],[106.8479,11.0279],[106.8477,11.0293],[106.8484,11.0307],[106.8466,11.0312],[106.8462,11.0322],[106.8455,11.0325],[106.8456,11.0338],[106.8459,11.0341],[106.8458,11.0347],[106.8464,11.0358],[106.842,11.0381],[106.8399,11.0398],[106.8386,11.0413],[106.8377,11.0433],[106.8355,11.0494],[106.8322,11.0556],[106.8302,11.0612],[106.8294,11.0628],[106.8277,11.0645],[106.8259,11.0652],[106.8238,11.0654],[106.8218,11.0652],[106.8166,11.0636],[106.8033,11.06],[106.8011,11.059],[106.7994,11.0576],[106.7988,11.0565],[106.7988,11.0555],[106.7992,11.0538],[106.8,11.0527],[106.8062,11.0485],[106.8091,11.0456],[106.8106,11.0433],[106.8122,11.0395],[106.8132,11.0349],[106.8132,11.0327],[106.8125,11.0305],[106.8106,11.0275],[106.809,11.0263],[106.8057,11.0254],[106.8002,11.0249],[106.7956,11.0239],[106.7923,11.0224],[106.7885,11.0189],[106.7852,11.018],[106.7844,11.0172],[106.784,11.0149],[106.783,11.0129],[106.7802,11.0104],[106.7782,11.0095],[106.7753,11.0074],[106.7748,11.0062],[106.7746,11.0047],[106.775,11.0022],[106.7765,10.9979],[106.7787,10.9929],[106.7819,10.987],[106.7827,10.986],[106.7908,10.9786],[106.7946,10.9757],[106.7955,10.9749],[106.7961,10.9737],[106.7985,10.9744],[106.7986,10.9756],[106.7993,10.9764],[106.8019,10.9772],[106.8021,10.9783],[106.8021,10.9769],[106.8015,10.9755],[106.8017,10.9723],[106.8031,10.9707],[106.8026,10.9707],[106.8032,10.9698],[106.8054,10.9683],[106.8086,10.9649],[106.8104,10.9639],[106.8111,10.9628],[106.8115,10.9629],[106.8121,10.9623],[106.8121,10.9596],[106.8124,10.9593],[106.8153,10.9581],[106.8166,10.9585],[106.8173,10.9585],[106.8179,10.9567],[106.8183,10.9565],[106.818,10.9571],[106.8207,10.9577],[106.8235,10.9574],[106.8259,10.9586],[106.827,10.9584],[106.8271,10.9563],[106.8285,10.9568],[106.8306,10.9582],[106.8326,10.9603],[106.836,10.9625],[106.854,10.9668]]]},"properties":{"code":"26188","name":"Tân Triều","nameEn":"Tan Trieu","fullName":"Phường Tân Triều","fullNameEn":"Tan Trieu Ward","codeName":"tan_trieu","postalCode":"76139","postalCodePrefix":"","gisServerId":"diaphanhanhchinhcapxa_2025.3102","areaKm2":63.3},"id":"26188"},
{"type":"Feature","geometry":{"type":"Polygon","coordinates":[[[107.3188,11.2474],[107.3175,11.246],[107.3159,11.245],[107.3134,11.2449],[107.311,11.2442],[107.3095,11.2434],[107.3081,11.2439],[107.3059,11.244],[107.3048,11.2445],[107.3037,11.2467],[107.3016,11.2475],[107.3,11.2476],[107.2986,11.2468],[107.2978,11.2459],[107.2978,11.2447],[107.2995,11.2406],[107.3003,11.2328],[107.2999,11.2299],[107.3001,11.2277],[107.2988,11.2248],[107.2974,11.2232],[107.2964,11.2231],[107.2953,11.2237],[107.2937,11.2234],[107.2905,11.2218],[107.2887,11.2201],[107.2844,11.2187],[107.2828,11.2185],[107.2804,11.2206],[107.2768,11.2204],[107.2759,11.2201],[107.2757,11.2197],[107.276,11.219],[107.2753,11.2181],[107.2751,11.2174],[107.2757,11.2164],[107.2763,11.2147],[107.2761,11.2139],[107.2764,11.2134],[107.2758,11.2126],[107.2758,11.2107],[107.2754,11.2097],[107.2753,11.2081],[107.2745,11.2063],[107.2741,11.2046],[107.272,11.2043],[107.2616,11.1922],[107.2703,11.1806],[107.2691,11.1689],[107.2692,11.1671],[107.2701,11.1639],[107.2702,11.1613],[107.2688,11.1564],[107.2685,11.1544],[107.269,11.1532],[107.2709,11.1515],[107.2721,11.1499],[107.2728,11.1467],[107.2726,11.1458],[107.2715,11.1437],[107.2687,11.1416],[107.2684,11.1404],[107.2693,11.1378],[107.2699,11.137],[107.2735,11.1345],[107.2738,11.1339],[107.2725,11.1297],[107.2712,11.128],[107.2712,11.1272],[107.2748,11.1251],[107.2755,11.124],[107.2752,11.1221],[107.2756,11.1209],[107.2776,11.1195],[107.2781,11.1188],[107.2781,11.1127],[107.2787,11.1076],[107.2795,11.106],[107.2797,11.1047],[107.2782,11.0983],[107.2784,11.0971],[107.2783,11.095],[107.2788,11.0938],[107.2786,11.0927],[107.2776,11.0912],[107.2777,11.0905],[107.2782,11.0899],[107.2795,11.0895],[107.2828,11.0893],[107.2835,11.0888],[107.2842,11.0878],[107.2853,11.0874],[107.2889,11.0879],[107.2917,11.0891],[107.2925,11.089],[107.2935,11.0882],[107.295,11.0855],[107.2953,11.084],[107.2959,11.0834],[107.2978,11.0834],[107.3012,11.084],[107.3019,11.0836],[107.303,11.0813],[107.3057,11.082],[107.3094,11.0803],[107.3103,11.0801],[107.3163,11.083],[107.3175,11.0829],[107.3198,11.0811],[107.3218,11.0823],[107.3238,11.082],[107.3252,11.0827],[107.3258,11.0826],[107.3279,11.0811],[107.3287,11.08],[107.3289,11.079],[107.3286,11.0777],[107.3291,11.0762],[107.332,11.0755],[107.333,11.074],[107.3346,11.0726],[107.3351,11.0707],[107.3392,11.0671],[107.3396,11.0664],[107.3396,11.0657],[107.3386,11.0639],[107.3391,11.0627],[107.3396,11.0623],[107.3403,11.0624],[107.3425,11.0639],[107.3437,11.0634],[107.345,11.0592],[107.346,11.0576],[107.3473,11.0565],[107.3491,11.0562],[107.3501,11.0565],[107.3513,11.0573],[107.352,11.0594],[107.3531,11.0606],[107.3542,11.0613],[107.3553,11.0612],[107.3559,11.0608],[107.3569,11.0592],[107.3577,11.056],[107.3604,11.0544],[107.3625,11.0519],[107.3665,11.0503],[107.3701,11.05],[107.3718,11.0495],[107.3726,11.0489],[107.3741,11.0465],[107.3756,11.0454],[107.3768,11.0451],[107.3779,11.0455],[107.3784,11.0461],[107.378,11.0489],[107.3784,11.0498],[107.3793,11.0503],[107.3802,11.0503],[107.3847,11.0486],[107.3892,11.0491],[107.3928,11.0487],[107.3947,11.0497],[107.3991,11.0533],[107.4002,11.0537],[107.4071,11.052],[107.4092,11.0505],[107.4113,11.0508],[107.415,11.0501],[107.4167,11.0509],[107.4169,11.0512],[107.4168,11.053],[107.4184,11.0564],[107.4191,11.057],[107.4213,11.058],[107.4243,11.0613],[107.4258,11.0639],[107.4262,11.0676],[107.4256,11.0694],[107.4226,11.074],[107.4227,11.076],[107.4237,11.0775],[107.4246,11.078],[107.4274,11.0777],[107.4281,11.078],[107.4297,11.081],[107.432,11.0824],[107.4321,11.0836],[107.4305,11.0851],[107.4303,11.0856],[107.4303,11.0865],[107.4307,11.0871],[107.4319,11.0877],[107.4358,11.0881],[107.4373,11.089],[107.4382,11.089],[107.4392,11.0875],[107.4398,11.0852],[107.4406,11.0837],[107.4412,11.0832],[107.4421,11.0831],[107.4433,11.0844],[107.4436,11.0855],[107.4434,11.0888],[107.4437,11.0901],[107.4461,11.0914],[107.4465,11.092],[107.4469,11.0953],[107.4496,11.099],[107.4493,11.1027],[107.4494,11.1042],[107.4505,11.1057],[107.4516,11.1089],[107.452,11.1093],[107.4529,11.1094],[107.4541,11.1114],[107.4533,11.1134],[107.4505,11.1155],[107.4504,11.116],[107.4509,11.1175],[107.4505,11.1187],[107.447,11.1217],[107.4449,11.1248],[107.4436,11.1253],[107.4404,11.1255],[107.4394,11.1253],[107.4391,11.1255],[107.4358,11.13],[107.4352,11.1342],[107.4345,11.1362],[107.4351,11.1375],[107.4379,11.1392],[107.4408,11.1384],[107.4421,11.1391],[107.4429,11.1393],[107.4433,11.1409],[107.4435,11.1441],[107.445,11.1471],[107.4447,11.1485],[107.4451,11.1493],[107.4466,11.1489],[107.4471,11.1481],[107.4482,11.1475],[107.4486,11.1468],[107.4494,11.1467],[107.4516,11.1475],[107.454,11.149],[107.4563,11.1496],[107.458,11.1516],[107.4582,11.1524],[107.4581,11.153],[107.4573,11.1543],[107.4558,11.1555],[107.4547,11.1597],[107.4552,11.1603],[107.4574,11.1612],[107.4588,11.1638],[107.4616,11.1666],[107.4622,11.1678],[107.4599,11.1722],[107.4599,11.1749],[107.4607,11.1767],[107.4593,11.1788],[107.4565,11.1798],[107.4559,11.1805],[107.4552,11.1806],[107.4517,11.1782],[107.4513,11.1792],[107.4512,11.181],[107.4504,11.1819],[107.4496,11.1817],[107.449,11.182],[107.449,11.1826],[107.4485,11.1832],[107.4484,11.1843],[107.4473,11.1844],[107.4477,11.185],[107.445,11.1854],[107.4449,11.1858],[107.4455,11.1863],[107.4452,11.1869],[107.4436,11.187],[107.4435,11.1878],[107.444,11.1888],[107.4434,11.1896],[107.4434,11.1904],[107.4423,11.1913],[107.4414,11.1912],[107.4408,11.1905],[107.4405,11.191],[107.4395,11.1909],[107.4386,11.19],[107.4388,11.1891],[107.4382,11.1861],[107.4364,11.1859],[107.4344,11.1845],[107.434,11.1851],[107.431,11.1858],[107.428,11.1854],[107.4269,11.1864],[107.4256,11.187],[107.4228,11.1865],[107.4208,11.1877],[107.4204,11.1882],[107.4186,11.1888],[107.4164,11.1864],[107.4168,11.1853],[107.4164,11.1814],[107.4156,11.1806],[107.4132,11.1792],[107.4127,11.1795],[107.4114,11.1792],[107.4106,11.1805],[107.4107,11.1809],[107.409,11.182],[107.4075,11.1816],[107.4063,11.1821],[107.4042,11.1817],[107.4029,11.1808],[107.4029,11.1801],[107.4022,11.1796],[107.401,11.177],[107.3992,11.1764],[107.3983,11.177],[107.3963,11.1775],[107.3962,11.1772],[107.3959,11.1773],[107.3957,11.176],[107.393,11.1748],[107.3919,11.1747],[107.3914,11.1749],[107.3905,11.1767],[107.3899,11.1771],[107.39,11.1776],[107.3887,11.181],[107.3875,11.1825],[107.3863,11.1826],[107.3854,11.1836],[107.3841,11.1826],[107.3829,11.1832],[107.3827,11.1837],[107.382,11.1835],[107.3813,11.184],[107.3802,11.1844],[107.3789,11.1866],[107.3788,11.1879],[107.3783,11.1892],[107.3772,11.1899],[107.377,11.1906],[107.376,11.1912],[107.3759,11.1933],[107.3755,11.1941],[107.3753,11.1956],[107.3741,11.1976],[107.3738,11.1989],[107.3739,11.2005],[107.3726,11.2005],[107.3715,11.1998],[107.3696,11.1998],[107.3684,11.1992],[107.3653,11.1989],[107.3646,11.2003],[107.3638,11.2011],[107.3632,11.2023],[107.3625,11.2019],[107.3599,11.2041],[107.3602,11.2044],[107.3561,11.2081],[107.3538,11.2087],[107.3538,11.2096],[107.3523,11.211],[107.3512,11.2113],[107.3499,11.2123],[107.3483,11.2128],[107.3476,11.2123],[107.347,11.2132],[107.3464,11.2133],[107.3463,11.2142],[107.3454,11.2157],[107.3444,11.2158],[107.345,11.2185],[107.3461,11.2207],[107.3461,11.2211],[107.3452,11.2216],[107.3452,11.222],[107.3442,11.2217],[107.3439,11.222],[107.3433,11.2214],[107.3431,11.2216],[107.3421,11.2214],[107.3416,11.2219],[107.3413,11.2217],[107.341,11.2222],[107.3403,11.2223],[107.3396,11.2219],[107.3394,11.2221],[107.3391,11.2219],[107.3391,11.2222],[107.3388,11.222],[107.338,11.2224],[107.3378,11.2221],[107.3374,11.2226],[107.3377,11.2249],[107.3386,11.2255],[107.3386,11.2266],[107.3378,11.2272],[107.3363,11.227],[107.336,11.2276],[107.335,11.2273],[107.3337,11.2275],[107.3338,11.2286],[107.3322,11.2309],[107.3319,11.2307],[107.3314,11.2297],[107.3307,11.2296],[107.3305,11.2303],[107.3299,11.2299],[107.3284,11.2311],[107.3271,11.2326],[107.3266,11.235],[107.3267,11.2356],[107.3259,11.2374],[107.3249,11.2379],[107.3253,11.2381],[107.3251,11.2386],[107.3254,11.2385],[107.3253,11.2389],[107.3256,11.2391],[107.3261,11.2405],[107.3252,11.241],[107.3251,11.2419],[107.3236,11.2434],[107.3233,11.2439],[107.3236,11.2447],[107.3232,11.2452],[107.3224,11.2456],[107.3218,11.2472],[107.3208,11.2474],[107.3206,11.2471],[107.3196,11.2469],[107.3188,11.2474]]]},"properties":{"code":"26206","name":"Định Quán","nameEn":"Dinh Quan","fullName":"Xã Định Quán","fullNameEn":"Dinh Quan Commune","codeName":"dinh_quan","postalCode":"76706","postalCodePrefix":"","gisServerId":"diaphanhanhchinhcapxa_2025.3152","areaKm2":295.8},"id":"26206"},
{"type":"Feature","geometry":{"type":"Polygon","coordinates":[[[107.3354,11.3803],[107.3332,11.3795],[107.3276,11.382],[107.3251,11.3821],[107.3226,11.3827],[107.3202,11.3828],[107.3174,11.3842],[107.3161,11.3867],[107.3153,11.3871],[107.3114,11.3871],[107.3088,11.388],[107.3077,11.3887],[107.3072,11.3885],[107.3063,11.3875],[107.3056,11.388],[107.3044,11.3881],[107.3008,11.3912],[107.2988,11.3933],[107.2975,11.394],[107.2971,11.3949],[107.2961,11.3954],[107.2935,11.396],[107.2916,11.3973],[107.2911,11.3972],[107.29,11.3962],[107.2901,11.3955],[107.2912,11.3939],[107.2911,11.3925],[107.2907,11.3919],[107.2888,11.3917],[107.2866,11.3907],[107.2846,11.3906],[107.283,11.3899],[107.2806,11.3901],[107.2787,11.3897],[107.2761,11.3905],[107.2749,11.3902],[107.2731,11.3918],[107.2703,11.3912],[107.2671,11.3922],[107.2659,11.3905],[107.2642,11.3896],[107.2626,11.3872],[107.2609,11.3827],[107.261,11.3803],[107.2594,11.3785],[107.2592,11.3761],[107.2583,11.3733],[107.2532,11.3684],[107.253,11.3673],[107.251,11.3681],[107.2496,11.3675],[107.2486,11.3675],[107.2481,11.368],[107.248,11.3687],[107.247,11.3695],[107.2447,11.3704],[107.2438,11.3706],[107.2426,11.3703],[107.2421,11.3716],[107.2417,11.3719],[107.2398,11.3722],[107.2387,11.3729],[107.2375,11.373],[107.2371,11.3735],[107.2363,11.3755],[107.235,11.3761],[107.2339,11.3762],[107.2333,11.3758],[107.2324,11.3766],[107.2315,11.3752],[107.2282,11.3739],[107.2277,11.3733],[107.226,11.373],[107.2252,11.3731],[107.2243,11.3735],[107.223,11.3731],[107.2212,11.372],[107.2213,11.3705],[107.2196,11.3696],[107.2201,11.368],[107.2198,11.3677],[107.2182,11.3673],[107.2172,11.3681],[107.2166,11.368],[107.2152,11.3674],[107.213,11.3656],[107.2109,11.3649],[107.2106,11.3638],[107.211,11.3625],[107.2108,11.3622],[107.2101,11.3623],[107.2094,11.3618],[107.2074,11.3626],[107.2059,11.3627],[107.2033,11.3613],[107.1998,11.3564],[107.1994,11.355],[107.199,11.3544],[107.196,11.3524],[107.1921,11.3486],[107.191,11.3479],[107.1882,11.3474],[107.1862,11.3462],[107.1828,11.3411],[107.1827,11.339],[107.1831,11.337],[107.1821,11.3361],[107.1802,11.3349],[107.1792,11.3346],[107.1792,11.3343],[107.1798,11.3336],[107.1795,11.3325],[107.1794,11.333],[107.178,11.3333],[107.1768,11.3332],[107.1766,11.3329],[107.1772,11.3313],[107.1766,11.3312],[107.1753,11.3315],[107.1746,11.3313],[107.1755,11.3303],[107.1754,11.3298],[107.1744,11.3304],[107.1738,11.3303],[107.1734,11.33],[107.173,11.3288],[107.1704,11.3281],[107.1705,11.3277],[107.1715,11.3276],[107.1723,11.3279],[107.1727,11.3276],[107.1712,11.3266],[107.1714,11.3259],[107.1724,11.3256],[107.171,11.3249],[107.1701,11.3235],[107.1705,11.3227],[107.1715,11.3229],[107.1717,11.3226],[107.1719,11.3213],[107.1717,11.3197],[107.1707,11.3189],[107.1712,11.3182],[107.1702,11.3184],[107.1699,11.3176],[107.1673,11.3179],[107.1655,11.3177],[107.1641,11.3162],[107.1634,11.3145],[107.1631,11.3156],[107.1625,11.3162],[107.1613,11.3155],[107.161,11.3141],[107.1619,11.3134],[107.1619,11.3123],[107.1613,11.311],[107.1603,11.3099],[107.1601,11.3091],[107.1606,11.3084],[107.1605,11.3076],[107.1612,11.3077],[107.1622,11.307],[107.1624,11.3066],[107.1613,11.3058],[107.1611,11.3048],[107.1593,11.3048],[107.1587,11.3039],[107.1588,11.3036],[107.1598,11.3036],[107.1593,11.3015],[107.1603,11.3018],[107.1609,11.3016],[107.1605,11.3006],[107.1606,11.3001],[107.1627,11.2997],[107.1633,11.2991],[107.1621,11.2985],[107.1623,11.2972],[107.1626,11.297],[107.1634,11.2972],[107.1635,11.2962],[107.1646,11.2956],[107.1648,11.2951],[107.1652,11.2933],[107.1663,11.2937],[107.1657,11.292],[107.1655,11.2897],[107.1647,11.2895],[107.1664,11.2881],[107.1665,11.2878],[107.1661,11.2876],[107.1643,11.2883],[107.1642,11.2872],[107.1645,11.2867],[107.1657,11.2862],[107.166,11.2849],[107.1667,11.2861],[107.1675,11.2865],[107.1684,11.2856],[107.1699,11.2829],[107.169,11.2827],[107.1695,11.2815],[107.1688,11.2808],[107.1709,11.279],[107.1718,11.2769],[107.1734,11.2641],[107.1754,11.2556],[107.1765,11.2522],[107.1805,11.2465],[107.1957,11.2087],[107.2028,11.2056],[107.2067,11.2034],[107.2101,11.2008],[107.2146,11.196],[107.2435,11.196],[107.2506,11.1931],[107.2616,11.1922],[107.272,11.2043],[107.2741,11.2046],[107.2745,11.2063],[107.2753,11.2081],[107.2754,11.2097],[107.2758,11.2107],[107.2758,11.2126],[107.2764,11.2134],[107.2761,11.2139],[107.2763,11.2147],[107.2757,11.2164],[107.2751,11.2174],[107.2753,11.2181],[107.276,11.219],[107.2757,11.2197],[107.2759,11.2201],[107.2768,11.2204],[107.2804,11.2206],[107.2828,11.2185],[107.2844,11.2187],[107.2887,11.2201],[107.2905,11.2218],[107.2937,11.2234],[107.2953,11.2237],[107.2964,11.2231],[107.2974,11.2232],[107.2988,11.2248],[107.3001,11.2277],[107.2999,11.2299],[107.3003,11.2328],[107.2995,11.2406],[107.2978,11.2447],[107.2978,11.2459],[107.2986,11.2468],[107.3,11.2476],[107.3016,11.2475],[107.3037,11.2467],[107.3048,11.2445],[107.3059,11.244],[107.3081,11.2439],[107.3095,11.2434],[107.311,11.2442],[107.3134,11.2449],[107.3159,11.245],[107.3175,11.246],[107.3188,11.2474],[107.3191,11.248],[107.3187,11.2483],[107.3186,11.249],[107.3181,11.25],[107.3166,11.2514],[107.3158,11.2535],[107.3162,11.2561],[107.3159,11.2596],[107.3156,11.2611],[107.3148,11.2625],[107.3148,11.2639],[107.3165,11.2685],[107.3171,11.269],[107.3197,11.2699],[107.3206,11.2707],[107.3217,11.2722],[107.3227,11.2744],[107.3253,11.2771],[107.3261,11.2776],[107.3266,11.2785],[107.3274,11.279],[107.3282,11.2821],[107.3294,11.2827],[107.3297,11.2881],[107.3311,11.2922],[107.332,11.2934],[107.3326,11.2954],[107.3328,11.2983],[107.3315,11.2999],[107.3318,11.3012],[107.3327,11.3024],[107.3337,11.303],[107.3391,11.3049],[107.3403,11.3064],[107.3407,11.3081],[107.3406,11.3116],[107.3404,11.3125],[107.3407,11.3138],[107.3444,11.3177],[107.3465,11.3216],[107.3484,11.3239],[107.3509,11.3259],[107.3552,11.3283],[107.3581,11.3292],[107.3572,11.3329],[107.3572,11.3356],[107.3567,11.3365],[107.3565,11.339],[107.3556,11.3405],[107.355,11.3426],[107.3539,11.3443],[107.3507,11.3466],[107.3504,11.3498],[107.3492,11.3557],[107.3485,11.3579],[107.3473,11.359],[107.3466,11.3639],[107.3473,11.3686],[107.3468,11.374],[107.3463,11.3749],[107.3465,11.3749],[107.3461,11.3755],[107.3445,11.3768],[107.3431,11.3798],[107.3422,11.3807],[107.3413,11.3809],[107.3398,11.3804],[107.3375,11.3806],[107.3362,11.3801],[107.3354,11.3803]]]},"properties":{"code":"26209","name":"Thanh Sơn","nameEn":"Thanh Son","fullName":"Xã Thanh Sơn","fullNameEn":"Thanh Son Commune","codeName":"thanh_son","postalCode":"76711","postalCodePrefix":"","gisServerId":"diaphanhanhchinhcapxa_2025.3117","areaKm2":315.4},"id":"26209"},
{"type":"Feature","geometry":{"type":"Polygon","coordinates":[[[107.3675,11.3097],[107.3669,11.3094],[107.3668,11.3091],[107.3671,11.3087],[107.367,11.3074],[107.3675,11.3071],[107.3662,11.306],[107.3662,11.3054],[107.365,11.3047],[107.3641,11.3053],[107.3638,11.3048],[107.3631,11.3047],[107.3622,11.3042],[107.3616,11.3034],[107.361,11.3035],[107.3601,11.3032],[107.3598,11.3034],[107.3597,11.304],[107.3582,11.3046],[107.3579,11.3064],[107.3583,11.3071],[107.3575,11.3076],[107.3567,11.3077],[107.3568,11.3085],[107.3561,11.3088],[107.3562,11.3096],[107.3559,11.3099],[107.3554,11.3097],[107.3547,11.3102],[107.3541,11.3098],[107.3539,11.309],[107.353,11.3081],[107.3529,11.3069],[107.3533,11.3055],[107.3529,11.3051],[107.3528,11.3042],[107.3521,11.3042],[107.3523,11.3036],[107.3518,11.3026],[107.3507,11.3019],[107.3505,11.3011],[107.3495,11.3007],[107.3489,11.3011],[107.349,11.3017],[107.3483,11.302],[107.3476,11.3032],[107.3455,11.3046],[107.3453,11.3052],[107.3448,11.3055],[107.3444,11.3052],[107.3437,11.3055],[107.3436,11.3041],[107.3429,11.3035],[107.3423,11.3034],[107.3409,11.3039],[107.3391,11.3049],[107.3337,11.303],[107.3327,11.3024],[107.3318,11.3012],[107.3315,11.2999],[107.3328,11.2983],[107.3326,11.2954],[107.332,11.2934],[107.3311,11.2922],[107.3297,11.2881],[107.3294,11.2827],[107.3282,11.2821],[107.3274,11.279],[107.3266,11.2785],[107.3261,11.2776],[107.3253,11.2771],[107.3227,11.2744],[107.3217,11.2722],[107.3206,11.2707],[107.3197,11.2699],[107.3171,11.269],[107.3165,11.2685],[107.3148,11.2639],[107.3148,11.2625],[107.3156,11.2611],[107.3159,11.2596],[107.3162,11.2561],[107.3158,11.2535],[107.3166,11.2514],[107.3181,11.25],[107.3186,11.249],[107.3187,11.2483],[107.3191,11.248],[107.3188,11.2474],[107.3196,11.2469],[107.3206,11.2471],[107.3208,11.2474],[107.3218,11.2472],[107.3224,11.2456],[107.3232,11.2452],[107.3236,11.2447],[107.3233,11.2439],[107.3236,11.2434],[107.3251,11.2419],[107.3252,11.241],[107.3261,11.2405],[107.3256,11.2391],[107.3253,11.2389],[107.3254,11.2385],[107.3251,11.2386],[107.3253,11.2381],[107.3249,11.2379],[107.3259,11.2374],[107.3267,11.2356],[107.3266,11.235],[107.3271,11.2326],[107.3284,11.2311],[107.3299,11.2299],[107.3305,11.2303],[107.3307,11.2296],[107.3314,11.2297],[107.3319,11.2307],[107.3322,11.2309],[107.3338,11.2286],[107.3337,11.2275],[107.335,11.2273],[107.336,11.2276],[107.3363,11.227],[107.3378,11.2272],[107.3386,11.2266],[107.3386,11.2255],[107.3377,11.2249],[107.3374,11.2226],[107.3378,11.2221],[107.338,11.2224],[107.3388,11.222],[107.3391,11.2222],[107.3391,11.2219],[107.3394,11.2221],[107.3396,11.2219],[107.3403,11.2223],[107.341,11.2222],[107.3413,11.2217],[107.3416,11.2219],[107.3421,11.2214],[107.3431,11.2216],[107.3433,11.2214],[107.3439,11.222],[107.3442,11.2217],[107.3452,11.222],[107.3452,11.2216],[107.3461,11.2211],[107.3461,11.2207],[107.345,11.2185],[107.3444,11.2158],[107.3454,11.2157],[107.3463,11.2142],[107.3464,11.2133],[107.347,11.2132],[107.3476,11.2123],[107.3483,11.2128],[107.3499,11.2123],[107.3512,11.2113],[107.3523,11.211],[107.3538,11.2096],[107.3538,11.2087],[107.3561,11.2081],[107.3602,11.2044],[107.3716,11.2174],[107.3856,11.2345],[107.4006,11.2472],[107.4094,11.253],[107.4104,11.2537],[107.4103,11.2543],[107.408,11.2574],[107.4079,11.2593],[107.4065,11.2611],[107.4061,11.2622],[107.4063,11.2627],[107.4033,11.2653],[107.4025,11.2671],[107.4005,11.2681],[107.4002,11.2694],[107.3992,11.2708],[107.3999,11.2715],[107.3978,11.2736],[107.3973,11.2756],[107.3961,11.2758],[107.3955,11.2764],[107.3949,11.276],[107.3947,11.2771],[107.394,11.2767],[107.3937,11.2776],[107.3926,11.2782],[107.3931,11.2806],[107.3909,11.2804],[107.3891,11.2807],[107.3882,11.2824],[107.3887,11.2842],[107.3894,11.2852],[107.3871,11.286],[107.3864,11.2859],[107.3854,11.2877],[107.3845,11.2883],[107.3839,11.2898],[107.3834,11.2899],[107.3826,11.2896],[107.3806,11.2897],[107.3802,11.2906],[107.3797,11.291],[107.3796,11.2915],[107.379,11.2918],[107.3768,11.2942],[107.3758,11.2963],[107.373,11.297],[107.3707,11.2993],[107.3707,11.3009],[107.3715,11.3022],[107.3717,11.3034],[107.3711,11.3038],[107.3707,11.3057],[107.3701,11.3063],[107.3703,11.3068],[107.3695,11.3076],[107.37,11.3083],[107.3697,11.3086],[107.3698,11.3089],[107.3692,11.3097],[107.3687,11.3096],[107.3684,11.3098],[107.3681,11.3095],[107.3675,11.3097]]]},"properties":{"code":"26215","name":"Phú Vinh","nameEn":"Phu Vinh","fullName":"Xã Phú Vinh","fullNameEn":"Phu Vinh Commune","codeName":"phu_vinh","postalCode":"76709","postalCodePrefix":"","gisServerId":"diaphanhanhchinhcapxa_2025.3118","areaKm2":69.5},"id":"26215"},
{"type":"Feature","geometry":{"type":"Polygon","coordinates":[[[107.4791,11.2101],[107.4798,11.2113],[107.4794,11.2118],[107.4682,11.2179],[107.4644,11.2161],[107.4632,11.2191],[107.4575,11.2242],[107.4539,11.2269],[107.452,11.2248],[107.4507,11.2257],[107.4469,11.2249],[107.4415,11.2215],[107.4377,11.2207],[107.4347,11.2212],[107.4347,11.2228],[107.434,11.2232],[107.4323,11.223],[107.4313,11.2234],[107.4296,11.2227],[107.4297,11.2259],[107.4294,11.2274],[107.4283,11.2281],[107.4273,11.2282],[107.4266,11.2289],[107.4255,11.2289],[107.4253,11.2302],[107.4244,11.2322],[107.4239,11.2324],[107.4236,11.234],[107.4238,11.235],[107.4232,11.2354],[107.4226,11.2364],[107.4217,11.2368],[107.4217,11.2377],[107.4219,11.2378],[107.4217,11.2384],[107.4213,11.2381],[107.4203,11.239],[107.4206,11.2393],[107.4204,11.2395],[107.419,11.2403],[107.4173,11.2425],[107.4169,11.2442],[107.4129,11.2488],[107.4128,11.2498],[107.4094,11.253],[107.4006,11.2472],[107.3856,11.2345],[107.3716,11.2174],[107.3602,11.2044],[107.3599,11.2041],[107.3625,11.2019],[107.3632,11.2023],[107.3638,11.2011],[107.3646,11.2003],[107.3653,11.1989],[107.3684,11.1992],[107.3696,11.1998],[107.3715,11.1998],[107.3726,11.2005],[107.3739,11.2005],[107.3738,11.1989],[107.3741,11.1976],[107.3753,11.1956],[107.3755,11.1941],[107.3759,11.1933],[107.376,11.1912],[107.377,11.1906],[107.3772,11.1899],[107.3783,11.1892],[107.3788,11.1879],[107.3789,11.1866],[107.3802,11.1844],[107.3813,11.184],[107.382,11.1835],[107.3827,11.1837],[107.3829,11.1832],[107.3841,11.1826],[107.3854,11.1836],[107.3863,11.1826],[107.3875,11.1825],[107.3887,11.181],[107.39,11.1776],[107.3899,11.1771],[107.3905,11.1767],[107.3914,11.1749],[107.3919,11.1747],[107.393,11.1748],[107.3957,11.176],[107.3959,11.1773],[107.3962,11.1772],[107.3963,11.1775],[107.3983,11.177],[107.3992,11.1764],[107.401,11.177],[107.4022,11.1796],[107.4029,11.1801],[107.4029,11.1808],[107.4042,11.1817],[107.4063,11.1821],[107.4075,11.1816],[107.409,11.182],[107.4107,11.1809],[107.4106,11.1805],[107.4114,11.1792],[107.4127,11.1795],[107.4132,11.1792],[107.4156,11.1806],[107.4164,11.1814],[107.4168,11.1853],[107.4164,11.1864],[107.4186,11.1888],[107.4204,11.1882],[107.4208,11.1877],[107.4228,11.1865],[107.4256,11.187],[107.4269,11.1864],[107.428,11.1854],[107.431,11.1858],[107.434,11.1851],[107.4344,11.1845],[107.4364,11.1859],[107.4382,11.1861],[107.4388,11.1891],[107.4386,11.19],[107.4395,11.1909],[107.4405,11.191],[107.4408,11.1905],[107.4414,11.1912],[107.4423,11.1913],[107.4434,11.1904],[107.4434,11.1896],[107.444,11.1888],[107.4435,11.1878],[107.4436,11.187],[107.4452,11.1869],[107.4455,11.1863],[107.4449,11.1858],[107.445,11.1854],[107.4477,11.185],[107.4473,11.1844],[107.4484,11.1843],[107.4485,11.1832],[107.449,11.1826],[107.449,11.182],[107.4496,11.1817],[107.4504,11.1819],[107.4512,11.181],[107.4513,11.1792],[107.4517,11.1782],[107.4552,11.1806],[107.4559,11.1805],[107.4565,11.1798],[107.4593,11.1788],[107.4607,11.1767],[107.4649,11.1784],[107.4654,11.1801],[107.4659,11.1804],[107.4667,11.1801],[107.4692,11.1781],[107.47,11.178],[107.4706,11.1784],[107.4709,11.1794],[107.4704,11.1815],[107.4679,11.1826],[107.4678,11.1831],[107.4682,11.1837],[107.4704,11.1844],[107.4714,11.1854],[107.4718,11.1862],[107.4719,11.1885],[107.4706,11.1919],[107.4714,11.193],[107.473,11.1938],[107.4743,11.1937],[107.4757,11.1926],[107.4771,11.1904],[107.4781,11.1901],[107.4792,11.1904],[107.4769,11.1922],[107.4761,11.1954],[107.4745,11.198],[107.4733,11.1992],[107.4731,11.2001],[107.4736,11.2016],[107.4742,11.2022],[107.4758,11.2027],[107.4782,11.2028],[107.4788,11.2023],[107.479,11.2016],[107.4787,11.1986],[107.4795,11.1981],[107.4806,11.1986],[107.4826,11.2008],[107.4842,11.2042],[107.4841,11.2051],[107.4834,11.206],[107.4783,11.2087],[107.4781,11.2095],[107.4785,11.21],[107.4791,11.2101]]]},"properties":{"code":"26221","name":"Phú Hoà","nameEn":"Phu Hoa","fullName":"Xã Phú Hoà","fullNameEn":"Phu Hoa Commune","codeName":"phu_hoa","postalCode":"76707","postalCodePrefix":"","gisServerId":"diaphanhanhchinhcapxa_2025.3119","areaKm2":61.5},"id":"26221"},
{"type":"Feature","geometry":{"type":"Polygon","coordinates":[[[107.2616,11.1922],[107.2506,11.1931],[107.2435,11.196],[107.2146,11.196],[107.2101,11.2008],[107.2067,11.2034],[107.2028,11.2056],[107.1957,11.2087],[107.14,11.1893],[107.1239,11.1721],[107.1689,11.1691],[107.1732,11.1648],[107.1727,11.1473],[107.1767,11.115],[107.1775,11.1144],[107.177,11.1138],[107.1772,11.1135],[107.1776,11.1137],[107.1776,11.1134],[107.1785,11.1136],[107.1789,11.1129],[107.1798,11.1127],[107.18,11.1113],[107.1803,11.1113],[107.1803,11.1108],[107.1821,11.1086],[107.1825,11.106],[107.183,11.1053],[107.184,11.1045],[107.1841,11.1038],[107.1846,11.1032],[107.1845,11.1014],[107.1841,11.1014],[107.184,11.1007],[107.1846,11.0998],[107.1846,11.0992],[107.1852,11.0989],[107.1863,11.0994],[107.1873,11.0989],[107.1876,11.0983],[107.1884,11.0977],[107.1885,11.0971],[107.1891,11.097],[107.1903,11.0952],[107.1907,11.0938],[107.1902,11.093],[107.1905,11.0924],[107.1911,11.0917],[107.1913,11.0918],[107.1917,11.0907],[107.1922,11.0905],[107.1927,11.091],[107.1935,11.0908],[107.1935,11.0906],[107.1942,11.0902],[107.1942,11.0893],[107.1948,11.0893],[107.1948,11.0887],[107.2128,11.0899],[107.2144,11.0903],[107.225,11.0949],[107.2261,11.0955],[107.2265,11.0962],[107.228,11.1034],[107.229,11.1034],[107.2298,11.1031],[107.2315,11.105],[107.2328,11.1054],[107.233,11.1058],[107.2339,11.1058],[107.2345,11.1052],[107.2355,11.1049],[107.2359,11.1044],[107.2372,11.1046],[107.2375,11.1037],[107.237,11.1032],[107.2376,11.103],[107.238,11.1023],[107.2387,11.1028],[107.2395,11.1028],[107.2397,11.1032],[107.2398,11.1027],[107.2406,11.1025],[107.2409,11.102],[107.2414,11.1021],[107.2421,11.101],[107.2427,11.1008],[107.2427,11.1004],[107.2446,11.1004],[107.2448,11.1007],[107.245,11.1004],[107.2457,11.1008],[107.2466,11.1005],[107.2477,11.0992],[107.2495,11.099],[107.2494,11.0983],[107.2504,11.0977],[107.2514,11.0962],[107.2511,11.0952],[107.2514,11.0944],[107.2511,11.0939],[107.2512,11.0936],[107.2516,11.0934],[107.2518,11.0937],[107.2527,11.0928],[107.2527,11.0925],[107.2534,11.0915],[107.2544,11.0914],[107.2544,11.0908],[107.2563,11.0914],[107.2568,11.091],[107.2586,11.0912],[107.2594,11.0902],[107.2605,11.0904],[107.2609,11.0901],[107.2614,11.0903],[107.2624,11.0898],[107.2633,11.0899],[107.2642,11.0894],[107.2659,11.0908],[107.268,11.0906],[107.2681,11.0911],[107.267,11.0921],[107.2673,11.0926],[107.2682,11.0929],[107.2696,11.0924],[107.27,11.0929],[107.27,11.0944],[107.272,11.0948],[107.2728,11.0966],[107.2746,11.0979],[107.2749,11.098],[107.2753,11.0965],[107.2757,11.0962],[107.2764,11.0969],[107.2767,11.0982],[107.2782,11.0983],[107.2797,11.1047],[107.2795,11.106],[107.2787,11.1076],[107.2781,11.1127],[107.2781,11.1188],[107.2776,11.1195],[107.2756,11.1209],[107.2752,11.1221],[107.2755,11.124],[107.2748,11.1251],[107.2712,11.1272],[107.2712,11.128],[107.2725,11.1297],[107.2738,11.1339],[107.2735,11.1345],[107.2699,11.137],[107.2693,11.1378],[107.2684,11.1404],[107.2687,11.1416],[107.2715,11.1437],[107.2726,11.1458],[107.2728,11.1467],[107.2721,11.1499],[107.2709,11.1515],[107.269,11.1532],[107.2685,11.1544],[107.2688,11.1564],[107.2702,11.1613],[107.2701,11.1639],[107.2692,11.1671],[107.2691,11.1689],[107.2703,11.1806],[107.2616,11.1922]]]},"properties":{"code":"26227","name":"La Ngà","nameEn":"La Nga","fullName":"Xã La Ngà","fullNameEn":"La Nga Commune","codeName":"la_nga","postalCode":"76714","postalCodePrefix":"","gisServerId":"diaphanhanhchinhcapxa_2025.3120","areaKm2":133.5},"id":"26227"},
{"type":"Feature","geometry":{"type":"Polygon","coordinates":[[[107.046,11.0402],[107.0447,11.0398],[107.0442,11.0389],[107.0432,11.0399],[107.0425,11.0398],[107.0423,11.0403],[107.041,11.0406],[107.0404,11.0402],[107.039,11.0411],[107.0386,11.0411],[107.0381,11.0404],[107.0363,11.0402],[107.0356,11.0396],[107.0355,11.0387],[107.033,11.0376],[107.0337,11.0362],[107.033,11.0351],[107.0328,11.0335],[107.0321,11.0333],[107.0306,11.0321],[107.0303,11.0308],[107.0294,11.0314],[107.0289,11.0312],[107.0278,11.0298],[107.0279,11.0292],[107.0276,11.0291],[107.027,11.0297],[107.0269,11.0302],[107.0262,11.0298],[107.0255,11.0297],[107.0244,11.0281],[107.0236,11.0276],[107.023,11.0279],[107.0225,11.0285],[107.0201,11.0292],[107.0171,11.0279],[107.0174,11.0274],[107.0185,11.0274],[107.0194,11.0272],[107.0194,11.0269],[107.0179,11.0247],[107.0175,11.0224],[107.0154,11.0206],[107.0145,11.0186],[107.0152,11.0183],[107.016,11.0171],[107.016,11.0166],[107.0169,11.0155],[107.0165,11.0147],[107.0168,11.0143],[107.015,11.0132],[107.0148,11.0123],[107.0134,11.0106],[107.013,11.0092],[107.0117,11.0079],[107.0111,11.0058],[107.0101,11.0048],[107.0096,11.0043],[107.0098,11.0038],[107.009,11.0022],[107.0068,11.0027],[107.0047,11.0015],[107.0042,11.0015],[107.0028,10.9996],[107.0001,10.9995],[106.9996,10.9983],[106.9984,10.9969],[106.9978,10.9955],[106.998,10.9938],[106.9977,10.9928],[106.9976,10.9906],[106.9973,10.9905],[106.9967,10.9891],[106.9958,10.9883],[106.9968,10.988],[106.9978,10.9881],[106.998,10.9875],[106.9947,10.9869],[106.9944,10.9865],[106.9952,10.9858],[106.998,10.9842],[106.9976,10.983],[106.9963,10.9827],[106.9957,10.9828],[106.996,10.9824],[106.9953,10.9816],[106.9954,10.9811],[106.996,10.9806],[106.9947,10.9808],[106.9946,10.9818],[106.994,10.9827],[106.9919,10.9826],[106.9913,10.982],[106.9913,10.9813],[106.9917,10.9808],[106.9912,10.9803],[106.9915,10.9795],[106.9914,10.9789],[106.9919,10.9779],[106.9928,10.9775],[106.9932,10.9766],[106.9944,10.9759],[106.9958,10.9745],[106.9956,10.9742],[106.9963,10.9738],[106.996,10.973],[106.9949,10.9729],[106.9941,10.9722],[106.9942,10.9733],[106.9936,10.9735],[106.9929,10.9725],[106.9929,10.9718],[106.9924,10.9736],[106.992,10.9726],[106.9917,10.9732],[106.9903,10.9744],[106.9896,10.9744],[106.9896,10.9753],[106.9883,10.9759],[106.9881,10.977],[106.9874,10.9779],[106.9872,10.9793],[106.9866,10.9797],[106.9862,10.9789],[106.9865,10.9778],[106.986,10.9768],[106.9862,10.9758],[106.9858,10.9756],[106.9849,10.976],[106.9846,10.9752],[106.9837,10.9759],[106.9833,10.9758],[106.9819,10.9746],[106.981,10.973],[106.9802,10.9712],[106.9801,10.97],[106.9796,10.9692],[106.9797,10.9672],[106.9794,10.9668],[106.9801,10.9665],[106.982,10.9626],[106.9828,10.9624],[106.9831,10.962],[106.9839,10.9586],[106.9837,10.958],[106.984,10.9577],[106.9849,10.9576],[106.9841,10.9567],[106.9838,10.9552],[106.9835,10.9475],[106.9839,10.9425],[106.9811,10.942],[106.9808,10.9308],[106.9795,10.9309],[106.9796,10.9275],[106.9778,10.9268],[106.978,10.9262],[106.9778,10.926],[106.9761,10.9255],[106.9761,10.9242],[106.9752,10.9241],[106.9752,10.9244],[106.9748,10.9244],[106.973,10.9231],[106.9726,10.9238],[106.9722,10.9235],[106.9716,10.924],[106.9708,10.924],[106.9708,10.9228],[106.9706,10.9226],[106.9706,10.9199],[106.9705,10.9171],[106.9686,10.9169],[106.9696,10.9153],[106.9714,10.914],[106.9694,10.9108],[106.9697,10.9106],[106.9693,10.9101],[106.9698,10.9096],[106.9699,10.9085],[106.97,10.907],[106.9696,10.9063],[106.9703,10.9054],[106.9697,10.9043],[106.9695,10.9039],[106.9698,10.9018],[106.9687,10.8997],[106.9687,10.8988],[106.9797,10.8984],[106.9805,10.8981],[106.9832,10.8983],[106.9854,10.895],[106.9887,10.8971],[106.9935,10.8971],[106.9934,10.9029],[106.9943,10.9039],[106.9951,10.9058],[106.995,10.9063],[106.9957,10.9074],[106.9956,10.909],[106.995,10.9087],[106.9946,10.909],[106.9951,10.9111],[106.9938,10.9119],[106.9939,10.9136],[106.9933,10.915],[106.9939,10.9159],[106.9949,10.9154],[106.9957,10.9154],[106.997,10.9145],[106.9981,10.9148],[106.9988,10.9145],[106.9997,10.9152],[107.0018,10.9153],[107.002,10.9165],[107.0033,10.9171],[107.0041,10.9193],[107.0048,10.9193],[107.0051,10.9438],[107.0125,10.9424],[107.0119,10.9449],[107.0216,10.9447],[107.0216,10.9546],[107.0259,10.9538],[107.0268,10.9539],[107.0318,10.9567],[107.0336,10.9569],[107.0349,10.9565],[107.0398,10.9535],[107.0404,10.9532],[107.0409,10.9538],[107.0419,10.9533],[107.0428,10.9533],[107.0428,10.9666],[107.0433,10.9681],[107.0424,10.9689],[107.0425,10.9701],[107.0451,10.9777],[107.0467,10.9778],[107.0479,10.9784],[107.0482,10.9803],[107.0493,10.9803],[107.0504,10.9808],[107.0507,10.9818],[107.0521,10.9828],[107.0523,10.9838],[107.0526,10.9841],[107.0524,10.9846],[107.053,10.9852],[107.0535,10.985],[107.0536,10.9852],[107.0541,10.9857],[107.0549,10.9855],[107.056,10.9859],[107.0565,10.9868],[107.0593,10.9866],[107.0599,10.9873],[107.0604,10.9872],[107.0616,10.9881],[107.0623,10.988],[107.0627,10.9872],[107.0657,10.9875],[107.0652,10.9881],[107.0655,10.9896],[107.0652,10.9903],[107.0659,10.9909],[107.0669,10.9906],[107.0672,10.9909],[107.0677,10.9909],[107.0686,10.9922],[107.0684,10.9927],[107.0686,10.9933],[107.0698,10.9934],[107.0707,10.9939],[107.0705,10.9951],[107.0699,10.9952],[107.0697,10.9956],[107.0706,10.9959],[107.0702,10.9963],[107.0704,10.9969],[107.07,10.997],[107.0693,10.9967],[107.0693,10.9971],[107.0686,10.9981],[107.0682,10.9978],[107.0668,10.9987],[107.066,10.9983],[107.0668,10.9997],[107.0663,11.0009],[107.0667,11.0012],[107.0667,11.0024],[107.0673,11.0024],[107.0682,11.0036],[107.0677,11.0049],[107.068,11.0054],[107.0678,11.0064],[107.068,11.0068],[107.0669,11.0067],[107.0653,11.0055],[107.0635,11.0066],[107.0608,11.0064],[107.0596,11.007],[107.0586,11.0066],[107.0568,11.0066],[107.0551,11.0072],[107.0544,11.0071],[107.0537,11.0063],[107.0524,11.0058],[107.051,11.0064],[107.0502,11.007],[107.0499,11.009],[107.0483,11.0111],[107.0482,11.013],[107.0468,11.0148],[107.0467,11.0161],[107.0456,11.0167],[107.0457,11.0179],[107.0464,11.0181],[107.0469,11.019],[107.0455,11.02],[107.0457,11.0225],[107.0462,11.0239],[107.0473,11.0249],[107.0482,11.0251],[107.0483,11.0269],[107.0493,11.0293],[107.049,11.0298],[107.049,11.0308],[107.0483,11.0317],[107.0483,11.0329],[107.0478,11.0337],[107.0478,11.0349],[107.0455,11.0381],[107.0455,11.0387],[107.0461,11.0396],[107.046,11.0402]]]},"properties":{"code":"26248","name":"Trảng Bom","nameEn":"Trang Bom","fullName":"Phường Trảng Bom","fullNameEn":"Trang Bom Ward","codeName":"trang_bom","postalCode":"76306","postalCodePrefix":"","gisServerId":"diaphanhanhchinhcapxa_2025.3122","areaKm2":68.8},"id":"26248"},
{"type":"Feature","geometry":{"type":"Polygon","coordinates":[[[107.1133,11.0902],[107.0826,11.0969],[107.0637,11.1032],[107.0626,11.0859],[107.0621,11.0859],[107.0615,11.0848],[107.0623,11.0838],[107.0628,11.0814],[107.0634,11.0808],[107.0626,11.0792],[107.0613,11.0785],[107.0605,11.0784],[107.0589,11.0746],[107.0599,11.0738],[107.0605,11.0703],[107.0585,11.071],[107.0566,11.0709],[107.0553,11.0702],[107.0559,11.0683],[107.0542,11.067],[107.0511,11.0656],[107.0512,11.0648],[107.0505,11.0647],[107.0506,11.0632],[107.051,11.0632],[107.0496,11.0589],[107.0512,11.0562],[107.0524,11.0551],[107.0517,11.0535],[107.0507,11.0534],[107.0459,11.054],[107.0449,11.0526],[107.0432,11.0521],[107.0419,11.0506],[107.0411,11.0489],[107.0398,11.048],[107.0394,11.0474],[107.0413,11.0467],[107.0443,11.0425],[107.0449,11.0408],[107.046,11.0402],[107.0461,11.0396],[107.0455,11.0387],[107.0455,11.0381],[107.0478,11.0349],[107.0478,11.0337],[107.0483,11.0329],[107.0483,11.0317],[107.049,11.0308],[107.049,11.0298],[107.0493,11.0293],[107.0483,11.0269],[107.0482,11.0251],[107.0473,11.0249],[107.0462,11.0239],[107.0457,11.0225],[107.0455,11.02],[107.0469,11.019],[107.0464,11.0181],[107.0457,11.0179],[107.0456,11.0167],[107.0467,11.0161],[107.0468,11.0148],[107.0482,11.013],[107.0483,11.0111],[107.0499,11.009],[107.0502,11.007],[107.051,11.0064],[107.0524,11.0058],[107.0537,11.0063],[107.0544,11.0071],[107.0551,11.0072],[107.0568,11.0066],[107.0586,11.0066],[107.0596,11.007],[107.0608,11.0064],[107.0635,11.0066],[107.0653,11.0055],[107.0669,11.0067],[107.068,11.0068],[107.0678,11.0064],[107.068,11.0054],[107.0677,11.0049],[107.0682,11.0036],[107.0673,11.0024],[107.0667,11.0024],[107.0667,11.0012],[107.0663,11.0009],[107.0668,10.9997],[107.066,10.9983],[107.0668,10.9987],[107.0682,10.9978],[107.0686,10.9981],[107.0693,10.9971],[107.0693,10.9967],[107.07,10.997],[107.0704,10.9969],[107.0702,10.9963],[107.0706,10.9959],[107.0697,10.9956],[107.0699,10.9952],[107.0705,10.9951],[107.0707,10.9939],[107.0698,10.9934],[107.0686,10.9933],[107.0684,10.9927],[107.0686,10.9922],[107.0677,10.9909],[107.0672,10.9909],[107.0669,10.9906],[107.0659,10.9909],[107.0652,10.9903],[107.0655,10.9896],[107.0652,10.9881],[107.0657,10.9875],[107.0627,10.9872],[107.0623,10.988],[107.0616,10.9881],[107.0604,10.9872],[107.0599,10.9873],[107.0593,10.9866],[107.0565,10.9868],[107.056,10.9859],[107.0549,10.9855],[107.0541,10.9857],[107.0536,10.9852],[107.0541,10.9855],[107.0545,10.9853],[107.0548,10.9846],[107.0547,10.9838],[107.0554,10.9825],[107.0581,10.9793],[107.0596,10.9784],[107.061,10.978],[107.0613,10.9782],[107.0619,10.9768],[107.0633,10.9758],[107.0637,10.9758],[107.0641,10.9763],[107.0666,10.9768],[107.0669,10.9762],[107.0673,10.9764],[107.0676,10.9756],[107.0684,10.9756],[107.0691,10.9762],[107.0695,10.976],[107.0698,10.9752],[107.0716,10.9751],[107.0717,10.9749],[107.0713,10.9743],[107.0716,10.974],[107.071,10.9734],[107.0699,10.9733],[107.0697,10.973],[107.0699,10.9728],[107.0687,10.9713],[107.0685,10.9702],[107.067,10.9688],[107.067,10.9677],[107.0678,10.9658],[107.0675,10.965],[107.0692,10.9653],[107.0702,10.9649],[107.0702,10.9644],[107.0706,10.9644],[107.0721,10.9635],[107.0708,10.9622],[107.0707,10.9605],[107.0712,10.9602],[107.071,10.9594],[107.0718,10.9591],[107.0733,10.9591],[107.0736,10.9585],[107.075,10.9576],[107.0754,10.9584],[107.0757,10.9584],[107.0755,10.9567],[107.076,10.9569],[107.0769,10.9563],[107.0767,10.9557],[107.0775,10.9548],[107.0788,10.9512],[107.0794,10.9511],[107.0793,10.9517],[107.0798,10.9516],[107.0802,10.9527],[107.0813,10.9524],[107.0812,10.9522],[107.0838,10.9507],[107.0863,10.95],[107.0872,10.9499],[107.0935,10.951],[107.1118,10.9537],[107.114,10.9548],[107.1162,10.9563],[107.1161,10.9572],[107.1164,10.9578],[107.116,10.9578],[107.1145,10.9589],[107.1135,10.9593],[107.1142,10.9607],[107.1137,10.9608],[107.1138,10.9616],[107.1116,10.9629],[107.1119,10.9636],[107.1113,10.9638],[107.1115,10.9644],[107.1107,10.9651],[107.1105,10.9667],[107.11,10.9677],[107.1078,10.9689],[107.1067,10.9688],[107.1069,10.9692],[107.1068,10.9705],[107.1082,10.9739],[107.1086,10.9741],[107.1089,10.974],[107.1097,10.9728],[107.1102,10.973],[107.111,10.9723],[107.1116,10.9722],[107.1123,10.9737],[107.1135,10.9734],[107.114,10.9741],[107.1151,10.9741],[107.115,10.9737],[107.1155,10.9736],[107.1158,10.9732],[107.1164,10.9739],[107.117,10.9731],[107.1176,10.9717],[107.118,10.9721],[107.1188,10.971],[107.1193,10.9712],[107.1194,10.9717],[107.1197,10.9715],[107.1196,10.9709],[107.1201,10.9713],[107.1211,10.973],[107.1224,10.9745],[107.1226,10.9752],[107.1238,10.9753],[107.1245,10.9758],[107.1252,10.9778],[107.1257,10.9781],[107.1258,10.9786],[107.1266,10.9788],[107.1275,10.9802],[107.1287,10.9809],[107.1288,10.9813],[107.1287,10.9818],[107.1266,10.9837],[107.1262,10.9851],[107.1235,10.9863],[107.1235,10.9869],[107.1228,10.9879],[107.1216,10.9879],[107.1212,10.9884],[107.1216,10.9903],[107.1211,10.9907],[107.1198,10.9906],[107.1196,10.991],[107.1197,10.9924],[107.1202,10.9935],[107.1198,10.9946],[107.1205,10.9953],[107.1201,10.996],[107.1201,10.9972],[107.1209,10.9991],[107.1216,10.9997],[107.1216,11],[107.122,11.0001],[107.1218,11.0011],[107.1215,11.0013],[107.1216,11.002],[107.1233,11.0039],[107.1228,11.0054],[107.1232,11.0069],[107.1226,11.0085],[107.1217,11.0082],[107.1194,11.0096],[107.1174,11.0079],[107.1165,11.0076],[107.1163,11.0081],[107.1171,11.0095],[107.1168,11.0113],[107.1178,11.0133],[107.1178,11.0143],[107.1171,11.0151],[107.1157,11.0156],[107.1147,11.0155],[107.1138,11.0161],[107.1137,11.0167],[107.1127,11.0168],[107.1128,11.0172],[107.1124,11.0173],[107.1126,11.0177],[107.1118,11.0179],[107.112,11.0191],[107.111,11.0205],[107.11,11.0209],[107.1092,11.0208],[107.1096,11.0225],[107.1107,11.0232],[107.1082,11.0239],[107.1081,11.0245],[107.1075,11.0248],[107.1079,11.0261],[107.1075,11.0265],[107.1076,11.0278],[107.1074,11.0284],[107.1061,11.0292],[107.1056,11.0308],[107.1057,11.0327],[107.1052,11.0345],[107.1055,11.0357],[107.1052,11.0362],[107.1053,11.0371],[107.1048,11.0383],[107.1048,11.0393],[107.1044,11.0401],[107.1046,11.0412],[107.1038,11.0423],[107.1026,11.0433],[107.1025,11.0449],[107.1032,11.0452],[107.1037,11.0459],[107.1042,11.046],[107.1047,11.0477],[107.1045,11.0484],[107.1028,11.0498],[107.1046,11.0511],[107.1042,11.0528],[107.1059,11.0534],[107.1059,11.0546],[107.1062,11.0551],[107.107,11.0554],[107.1061,11.0568],[107.1052,11.0575],[107.1054,11.0582],[107.1049,11.0584],[107.1053,11.0596],[107.1075,11.0597],[107.1085,11.0604],[107.1094,11.0616],[107.1102,11.0618],[107.11,11.063],[107.1089,11.064],[107.1093,11.0646],[107.1089,11.0647],[107.1091,11.0657],[107.1088,11.0659],[107.1087,11.0666],[107.1091,11.0672],[107.1089,11.0676],[107.1098,11.0683],[107.1093,11.0695],[107.1098,11.0702],[107.1092,11.0704],[107.1093,11.0726],[107.1099,11.0743],[107.1114,11.0747],[107.1126,11.0745],[107.1132,11.0732],[107.1134,11.0717],[107.1141,11.0727],[107.1142,11.0741],[107.1149,11.0741],[107.115,11.0747],[107.1159,11.0755],[107.1168,11.075],[107.1194,11.0748],[107.1191,11.0753],[107.1177,11.0752],[107.1172,11.0765],[107.1174,11.0775],[107.1188,11.0808],[107.1181,11.0858],[107.1157,11.0857],[107.1133,11.0902]]]},"properties":{"code":"26254","name":"Bàu Hàm","nameEn":"Bau Ham","fullName":"Xã Bàu Hàm","fullNameEn":"Bau Ham Commune","codeName":"bau_ham","postalCode":"76309","postalCodePrefix":"","gisServerId":"diaphanhanhchinhcapxa_2025.3123","areaKm2":97.5},"id":"26254"},
{"type":"Feature","geometry":{"type":"Polygon","coordinates":[[[107.0101,11.0048],[107.0068,11.0036],[107.0064,11.004],[107.0057,11.0059],[107.0045,11.0072],[107.0036,11.0074],[107.002,11.0089],[107.0013,11.0085],[107.0013,11.0082],[107.0016,11.0081],[107.0014,11.0079],[107.0005,11.008],[107.0004,11.0071],[106.9993,11.007],[106.999,11.0063],[106.9986,11.0063],[106.9979,11.0056],[106.9975,11.0057],[106.9962,11.0048],[106.9958,11.005],[106.9958,11.0045],[106.9953,11.0048],[106.9956,11.0042],[106.9953,11.004],[106.9949,11.0045],[106.9947,11.0058],[106.9938,11.0062],[106.9934,11.0061],[106.9934,11.0067],[106.9929,11.0061],[106.9925,11.0062],[106.9923,11.0059],[106.9923,11.0069],[106.9915,11.0061],[106.9913,11.0068],[106.991,11.0064],[106.9901,11.0073],[106.9894,11.0074],[106.9896,11.0078],[106.9904,11.0079],[106.9892,11.0084],[106.9895,11.0109],[106.9889,11.0118],[106.9878,11.0122],[106.9878,11.0113],[106.9876,11.011],[106.9871,11.012],[106.9875,11.0123],[106.9865,11.0126],[106.9868,11.0132],[106.9862,11.0131],[106.9856,11.0137],[106.9848,11.0133],[106.9843,11.014],[106.9834,11.0138],[106.9832,11.0143],[106.9828,11.0143],[106.9825,11.0136],[106.9812,11.0135],[106.9803,11.0128],[106.98,11.0122],[106.9781,11.0119],[106.9774,11.0115],[106.9768,11.0121],[106.9756,11.012],[106.9751,11.0115],[106.9754,11.0104],[106.9748,11.0102],[106.9745,11.0104],[106.9747,11.0113],[106.9737,11.0113],[106.9737,11.0098],[106.9733,11.0103],[106.9733,11.0117],[106.973,11.0117],[106.9721,11.0102],[106.9716,11.0104],[106.9717,11.0094],[106.9723,11.009],[106.9729,11.0081],[106.9743,11.0085],[106.9754,11.0082],[106.975,11.0073],[106.9755,11.0064],[106.976,11.0061],[106.9759,11.0058],[106.9772,11.0044],[106.9776,11.0043],[106.9784,11.0049],[106.979,11.0045],[106.9782,11.0035],[106.9778,11.003],[106.9766,11.004],[106.9755,11.0029],[106.9748,11.001],[106.9718,10.9987],[106.9696,10.9982],[106.9689,10.9976],[106.9686,10.9967],[106.9648,10.9967],[106.9643,10.9965],[106.962,10.9976],[106.9611,10.9985],[106.9595,10.9983],[106.9585,10.9988],[106.9583,10.9995],[106.9572,10.9996],[106.9568,10.9987],[106.9564,10.9989],[106.9563,10.9981],[106.9559,10.9978],[106.9559,10.9969],[106.9564,10.9958],[106.9558,10.9951],[106.9566,10.9938],[106.9566,10.993],[106.9549,10.9915],[106.9541,10.9903],[106.9525,10.988],[106.9536,10.9873],[106.9472,10.9781],[106.9489,10.9758],[106.951,10.9739],[106.9512,10.9719],[106.9478,10.9683],[106.9465,10.9631],[106.9463,10.9623],[106.9479,10.9609],[106.9463,10.9571],[106.9468,10.9566],[106.9463,10.9553],[106.9478,10.9547],[106.9465,10.9525],[106.9454,10.9537],[106.9424,10.9553],[106.9423,10.9551],[106.942,10.9552],[106.941,10.9525],[106.9408,10.949],[106.941,10.9483],[106.9418,10.9471],[106.9414,10.9462],[106.9419,10.9458],[106.9425,10.9448],[106.9425,10.9442],[106.9429,10.9439],[106.9431,10.9431],[106.9425,10.9404],[106.9422,10.9402],[106.9422,10.9396],[106.9413,10.9374],[106.942,10.9355],[106.9426,10.9352],[106.9423,10.9347],[106.9431,10.9342],[106.9446,10.9357],[106.9456,10.9364],[106.9459,10.9372],[106.9482,10.9373],[106.9478,10.9328],[106.952,10.9331],[106.9553,10.9323],[106.9646,10.9313],[106.9671,10.9302],[106.9667,10.9291],[106.9672,10.9285],[106.9686,10.9278],[106.968,10.9264],[106.968,10.9254],[106.9673,10.9239],[106.9667,10.9202],[106.9671,10.9202],[106.9673,10.9196],[106.9706,10.9199],[106.9706,10.9226],[106.9708,10.9228],[106.9708,10.924],[106.9716,10.924],[106.9722,10.9235],[106.9726,10.9238],[106.973,10.9231],[106.9748,10.9244],[106.9752,10.9244],[106.9752,10.9241],[106.9761,10.9242],[106.9761,10.9255],[106.9778,10.926],[106.978,10.9262],[106.9778,10.9268],[106.9796,10.9275],[106.9795,10.9309],[106.9808,10.9308],[106.9811,10.942],[106.9839,10.9425],[106.9835,10.9475],[106.9838,10.9552],[106.9841,10.9567],[106.9849,10.9576],[106.984,10.9577],[106.9837,10.958],[106.9839,10.9586],[106.9831,10.962],[106.9828,10.9624],[106.982,10.9626],[106.9801,10.9665],[106.9794,10.9668],[106.9797,10.9672],[106.9796,10.9692],[106.9801,10.97],[106.9802,10.9712],[106.981,10.973],[106.9819,10.9746],[106.9833,10.9758],[106.9837,10.9759],[106.9846,10.9752],[106.9849,10.976],[106.9858,10.9756],[106.9862,10.9758],[106.986,10.9768],[106.9865,10.9778],[106.9862,10.9789],[106.9866,10.9797],[106.9872,10.9793],[106.9874,10.9779],[106.9881,10.977],[106.9883,10.9759],[106.9896,10.9753],[106.9896,10.9744],[106.9903,10.9744],[106.9917,10.9732],[106.992,10.9726],[106.9924,10.9736],[106.9929,10.9718],[106.9929,10.9725],[106.9936,10.9735],[106.9942,10.9733],[106.9941,10.9722],[106.9949,10.9729],[106.996,10.973],[106.9963,10.9738],[106.9956,10.9742],[106.9958,10.9745],[106.9944,10.9759],[106.9932,10.9766],[106.9928,10.9775],[106.9919,10.9779],[106.9914,10.9789],[106.9915,10.9795],[106.9912,10.9803],[106.9917,10.9808],[106.9913,10.9813],[106.9913,10.982],[106.9919,10.9826],[106.994,10.9827],[106.9946,10.9818],[106.9947,10.9808],[106.996,10.9806],[106.9954,10.9811],[106.9953,10.9816],[106.996,10.9824],[106.9957,10.9828],[106.9963,10.9827],[106.9976,10.983],[106.998,10.9842],[106.9952,10.9858],[106.9944,10.9865],[106.9947,10.9869],[106.998,10.9875],[106.9978,10.9881],[106.9968,10.988],[106.9958,10.9883],[106.9967,10.9891],[106.9973,10.9905],[106.9976,10.9906],[106.9977,10.9928],[106.998,10.9938],[106.9978,10.9955],[106.9984,10.9969],[106.9996,10.9983],[107.0001,10.9995],[107.0028,10.9996],[107.0042,11.0015],[107.0047,11.0015],[107.0068,11.0027],[107.009,11.0022],[107.0098,11.0038],[107.0096,11.0043],[107.0101,11.0048]]]},"properties":{"code":"26278","name":"Bình Minh","nameEn":"Binh Minh","fullName":"Xã Bình Minh","fullNameEn":"Binh Minh Commune","codeName":"binh_minh","postalCode":"76315","postalCodePrefix":"","gisServerId":"diaphanhanhchinhcapxa_2025.3125","areaKm2":36.7},"id":"26278"},
{"type":"Feature","geometry":{"type":"Polygon","coordinates":[[[107.0935,10.951],[107.0872,10.9499],[107.0863,10.95],[107.0838,10.9507],[107.0812,10.9522],[107.0813,10.9524],[107.0802,10.9527],[107.0798,10.9516],[107.0793,10.9517],[107.0794,10.9511],[107.0788,10.9512],[107.0775,10.9548],[107.0767,10.9557],[107.0769,10.9563],[107.076,10.9569],[107.0755,10.9567],[107.0757,10.9584],[107.0754,10.9584],[107.075,10.9576],[107.0736,10.9585],[107.0733,10.9591],[107.0718,10.9591],[107.071,10.9594],[107.0712,10.9602],[107.0707,10.9605],[107.0708,10.9622],[107.0721,10.9635],[107.0706,10.9644],[107.0702,10.9644],[107.0702,10.9649],[107.0692,10.9653],[107.0675,10.965],[107.0678,10.9658],[107.067,10.9677],[107.067,10.9688],[107.0685,10.9702],[107.0687,10.9713],[107.0699,10.9728],[107.0697,10.973],[107.0699,10.9733],[107.071,10.9734],[107.0716,10.974],[107.0713,10.9743],[107.0717,10.9749],[107.0716,10.9751],[107.0698,10.9752],[107.0695,10.976],[107.0691,10.9762],[107.0684,10.9756],[107.0676,10.9756],[107.0673,10.9764],[107.0669,10.9762],[107.0666,10.9768],[107.0641,10.9763],[107.0637,10.9758],[107.0633,10.9758],[107.0619,10.9768],[107.0613,10.9782],[107.061,10.978],[107.0596,10.9784],[107.0581,10.9793],[107.0554,10.9825],[107.0547,10.9838],[107.0548,10.9846],[107.0545,10.9853],[107.0541,10.9855],[107.0536,10.9852],[107.0535,10.985],[107.053,10.9852],[107.0524,10.9846],[107.0526,10.9841],[107.0523,10.9838],[107.0521,10.9828],[107.0507,10.9818],[107.0504,10.9808],[107.0493,10.9803],[107.0482,10.9803],[107.0479,10.9784],[107.0467,10.9778],[107.0451,10.9777],[107.0425,10.9701],[107.0424,10.9689],[107.0433,10.9681],[107.0428,10.9666],[107.0428,10.9533],[107.0419,10.9533],[107.0409,10.9538],[107.0404,10.9532],[107.0398,10.9535],[107.0386,10.9512],[107.0382,10.9462],[107.0375,10.9449],[107.0368,10.9447],[107.037,10.9425],[107.0384,10.9424],[107.0381,10.9168],[107.0386,10.9153],[107.0392,10.9149],[107.0391,10.9142],[107.0384,10.9143],[107.0373,10.9124],[107.0363,10.9127],[107.0359,10.912],[107.0352,10.9123],[107.0346,10.9121],[107.0343,10.9112],[107.0338,10.9113],[107.0331,10.9095],[107.0325,10.9096],[107.0314,10.9106],[107.031,10.9101],[107.0293,10.911],[107.0285,10.9109],[107.028,10.9099],[107.0287,10.9082],[107.0285,10.9081],[107.0286,10.9065],[107.0309,10.9045],[107.0337,10.9034],[107.0355,10.9021],[107.0386,10.9016],[107.039,10.901],[107.0417,10.8992],[107.0426,10.8973],[107.0431,10.8968],[107.0432,10.8953],[107.0437,10.8942],[107.0441,10.8945],[107.0441,10.8952],[107.0445,10.8955],[107.0455,10.8952],[107.0466,10.8955],[107.0475,10.8951],[107.0477,10.894],[107.0475,10.8932],[107.0467,10.8919],[107.0469,10.8911],[107.0455,10.8902],[107.0453,10.8894],[107.0461,10.8891],[107.0463,10.8875],[107.046,10.8861],[107.0466,10.8843],[107.0459,10.8841],[107.0463,10.8833],[107.0469,10.8828],[107.0471,10.8816],[107.0456,10.8805],[107.0446,10.8811],[107.044,10.8809],[107.0429,10.8793],[107.0436,10.8789],[107.0443,10.879],[107.0451,10.879],[107.045,10.8786],[107.0465,10.8779],[107.0476,10.8778],[107.0484,10.878],[107.0488,10.8785],[107.0503,10.8788],[107.068,10.8785],[107.0775,10.8784],[107.0774,10.8794],[107.0781,10.8798],[107.0776,10.8816],[107.077,10.8827],[107.0784,10.8854],[107.0786,10.8891],[107.0801,10.8884],[107.0811,10.8868],[107.0819,10.8871],[107.0824,10.8865],[107.0831,10.8864],[107.0826,10.8868],[107.0825,10.8879],[107.0839,10.888],[107.0844,10.8855],[107.0853,10.8838],[107.0845,10.8819],[107.0846,10.8803],[107.0859,10.8799],[107.0862,10.8795],[107.0862,10.88],[107.0868,10.8814],[107.0872,10.8812],[107.0874,10.8818],[107.0877,10.8816],[107.0878,10.882],[107.0881,10.8818],[107.0882,10.8825],[107.0886,10.8828],[107.0887,10.8823],[107.0891,10.8825],[107.0894,10.884],[107.0898,10.8838],[107.0901,10.8841],[107.09,10.8846],[107.0903,10.8847],[107.0904,10.8853],[107.0909,10.8859],[107.0903,10.8867],[107.0906,10.8876],[107.0913,10.8879],[107.0928,10.8878],[107.0924,10.8887],[107.0928,10.8903],[107.0951,10.8901],[107.0961,10.891],[107.0971,10.8928],[107.0979,10.8932],[107.0988,10.8929],[107.0994,10.8958],[107.1004,10.8988],[107.0994,10.8992],[107.0988,10.9012],[107.0977,10.901],[107.0953,10.9019],[107.0947,10.9019],[107.0942,10.9021],[107.0941,10.9025],[107.0936,10.9026],[107.0939,10.904],[107.0941,10.904],[107.0941,10.9078],[107.0944,10.908],[107.0945,10.9088],[107.0958,10.9102],[107.0963,10.9113],[107.0957,10.9121],[107.0962,10.9122],[107.0959,10.913],[107.0962,10.9143],[107.0967,10.9148],[107.0965,10.916],[107.0976,10.9186],[107.0987,10.9196],[107.0987,10.9209],[107.097,10.9219],[107.0967,10.9232],[107.0967,10.9261],[107.0961,10.9285],[107.0923,10.9289],[107.0921,10.9292],[107.0933,10.9312],[107.0952,10.9336],[107.0931,10.9351],[107.0932,10.9354],[107.0926,10.9357],[107.0928,10.9368],[107.0935,10.9367],[107.0939,10.9402],[107.0951,10.9402],[107.0959,10.9453],[107.0948,10.9461],[107.095,10.9487],[107.0935,10.9493],[107.0935,10.951]]]},"properties":{"code":"26281","name":"Hưng Thịnh","nameEn":"Hung Thinh","fullName":"Xã Hưng Thịnh","fullNameEn":"Hung Thinh Commune","codeName":"hung_thinh","postalCode":"76322","postalCodePrefix":"","gisServerId":"diaphanhanhchinhcapxa_2025.3124","areaKm2":57.6},"id":"26281"},
{"type":"Feature","geometry":{"type":"Polygon","coordinates":[[[107.0398,10.9535],[107.0349,10.9565],[107.0336,10.9569],[107.0318,10.9567],[107.0268,10.9539],[107.0259,10.9538],[107.0216,10.9546],[107.0216,10.9447],[107.0119,10.9449],[107.0125,10.9424],[107.0051,10.9438],[107.0048,10.9193],[107.0041,10.9193],[107.0033,10.9171],[107.002,10.9165],[107.0018,10.9153],[106.9997,10.9152],[106.9988,10.9145],[106.9981,10.9148],[106.997,10.9145],[106.9957,10.9154],[106.9949,10.9154],[106.9939,10.9159],[106.9933,10.915],[106.9939,10.9136],[106.9938,10.9119],[106.9951,10.9111],[106.9946,10.909],[106.995,10.9087],[106.9956,10.909],[106.9957,10.9074],[106.995,10.9063],[106.9951,10.9058],[106.9943,10.9039],[106.9934,10.9029],[106.9935,10.8971],[106.9887,10.8971],[106.9854,10.895],[106.9872,10.8924],[106.9795,10.8874],[106.9799,10.887],[106.9779,10.8855],[106.9796,10.8834],[106.9718,10.8778],[106.9735,10.8754],[106.9738,10.8756],[106.9766,10.8716],[106.9809,10.8663],[106.9861,10.8591],[106.9978,10.8677],[107.0172,10.8677],[107.0235,10.8673],[107.029,10.8674],[107.029,10.8666],[107.0293,10.8665],[107.0445,10.8664],[107.0454,10.8675],[107.0464,10.8672],[107.0466,10.8674],[107.0463,10.8677],[107.0452,10.8679],[107.044,10.8686],[107.044,10.8693],[107.0444,10.8703],[107.0429,10.8713],[107.0439,10.8722],[107.0431,10.8733],[107.0434,10.8744],[107.0449,10.8746],[107.0444,10.8758],[107.0449,10.877],[107.0438,10.8781],[107.0444,10.8786],[107.0443,10.879],[107.0436,10.8789],[107.0429,10.8793],[107.044,10.8809],[107.0446,10.8811],[107.0456,10.8805],[107.0471,10.8816],[107.0469,10.8828],[107.0463,10.8833],[107.0459,10.8841],[107.0466,10.8843],[107.046,10.8861],[107.0463,10.8875],[107.0461,10.8891],[107.0453,10.8894],[107.0455,10.8902],[107.0469,10.8911],[107.0467,10.8919],[107.0475,10.8932],[107.0477,10.894],[107.0475,10.8951],[107.0466,10.8955],[107.0455,10.8952],[107.0445,10.8955],[107.0441,10.8952],[107.0441,10.8945],[107.0437,10.8942],[107.0432,10.8953],[107.0431,10.8968],[107.0426,10.8973],[107.0417,10.8992],[107.039,10.901],[107.0386,10.9016],[107.0355,10.9021],[107.0337,10.9034],[107.0309,10.9045],[107.0286,10.9065],[107.0285,10.9081],[107.0287,10.9082],[107.028,10.9099],[107.0285,10.9109],[107.0293,10.911],[107.031,10.9101],[107.0314,10.9106],[107.0325,10.9096],[107.0331,10.9095],[107.0338,10.9113],[107.0343,10.9112],[107.0346,10.9121],[107.0352,10.9123],[107.0359,10.912],[107.0363,10.9127],[107.0373,10.9124],[107.0384,10.9143],[107.0391,10.9142],[107.0392,10.9149],[107.0386,10.9153],[107.0381,10.9168],[107.0384,10.9424],[107.037,10.9425],[107.0368,10.9447],[107.0375,10.9449],[107.0382,10.9462],[107.0386,10.9512],[107.0398,10.9535]]]},"properties":{"code":"26296","name":"An Viễn","nameEn":"An Vien","fullName":"Xã An Viễn","fullNameEn":"An Vien Commune","codeName":"an_vien","postalCode":"76320","postalCodePrefix":"","gisServerId":"diaphanhanhchinhcapxa_2025.3126","areaKm2":47.7},"id":"26296"},
{"type":"Feature","geometry":{"type":"Polygon","coordinates":[[[107.2624,11.0898],[107.2614,11.0903],[107.2609,11.0901],[107.2605,11.0904],[107.2594,11.0902],[107.2586,11.0912],[107.2568,11.091],[107.2563,11.0914],[107.2544,11.0908],[107.2544,11.0914],[107.2534,11.0915],[107.2527,11.0925],[107.2527,11.0928],[107.2518,11.0937],[107.2516,11.0934],[107.2512,11.0936],[107.2511,11.0939],[107.2514,11.0944],[107.2511,11.0952],[107.2514,11.0962],[107.2504,11.0977],[107.2494,11.0983],[107.2495,11.099],[107.2477,11.0992],[107.2466,11.1005],[107.2457,11.1008],[107.245,11.1004],[107.2448,11.1007],[107.2446,11.1004],[107.2427,11.1004],[107.2427,11.1008],[107.2421,11.101],[107.2414,11.1021],[107.2409,11.102],[107.2406,11.1025],[107.2398,11.1027],[107.2397,11.1032],[107.2395,11.1028],[107.2387,11.1028],[107.238,11.1023],[107.2376,11.103],[107.237,11.1032],[107.2375,11.1037],[107.2372,11.1046],[107.2359,11.1044],[107.2355,11.1049],[107.2345,11.1052],[107.2339,11.1058],[107.233,11.1058],[107.2328,11.1054],[107.2315,11.105],[107.2298,11.1031],[107.229,11.1034],[107.228,11.1034],[107.2265,11.0962],[107.2261,11.0955],[107.225,11.0949],[107.2144,11.0903],[107.2128,11.0899],[107.1948,11.0887],[107.1948,11.0893],[107.1942,11.0893],[107.1942,11.0902],[107.1935,11.0906],[107.1935,11.0908],[107.1927,11.091],[107.1922,11.0905],[107.1917,11.0907],[107.1913,11.0918],[107.1911,11.0917],[107.1905,11.0924],[107.1902,11.093],[107.1907,11.0938],[107.1903,11.0952],[107.1891,11.097],[107.1885,11.0971],[107.1884,11.0977],[107.1876,11.0983],[107.1873,11.0989],[107.1863,11.0994],[107.1852,11.0989],[107.1846,11.0992],[107.1846,11.0998],[107.184,11.1007],[107.1841,11.1014],[107.1845,11.1014],[107.1846,11.1032],[107.1841,11.1038],[107.184,11.1045],[107.183,11.1053],[107.1825,11.106],[107.1821,11.1086],[107.1803,11.1108],[107.1803,11.1113],[107.18,11.1113],[107.1798,11.1127],[107.1789,11.1129],[107.1785,11.1136],[107.1776,11.1134],[107.1776,11.1137],[107.1772,11.1135],[107.177,11.1138],[107.1775,11.1144],[107.1767,11.115],[107.1727,11.1473],[107.1732,11.1648],[107.1689,11.1691],[107.1239,11.1721],[107.1133,11.0902],[107.1157,11.0857],[107.1181,11.0858],[107.1188,11.0808],[107.1174,11.0775],[107.1172,11.0765],[107.1177,11.0752],[107.1191,11.0753],[107.1194,11.0748],[107.1168,11.075],[107.1159,11.0755],[107.115,11.0747],[107.1149,11.0741],[107.1142,11.0741],[107.1141,11.0727],[107.1134,11.0717],[107.1132,11.0732],[107.1126,11.0745],[107.1114,11.0747],[107.1099,11.0743],[107.1093,11.0726],[107.1092,11.0704],[107.1098,11.0702],[107.1093,11.0695],[107.1098,11.0683],[107.1089,11.0676],[107.1091,11.0672],[107.1087,11.0666],[107.1088,11.0659],[107.1091,11.0657],[107.1089,11.0647],[107.1093,11.0646],[107.1089,11.064],[107.11,11.063],[107.1102,11.0618],[107.111,11.062],[107.1116,11.0627],[107.1187,11.0631],[107.1199,11.0624],[107.1193,11.0617],[107.1196,11.0608],[107.1209,11.061],[107.1221,11.0594],[107.1239,11.0589],[107.1253,11.0581],[107.1257,11.0575],[107.1255,11.0561],[107.1261,11.0552],[107.1269,11.0544],[107.1276,11.0541],[107.1283,11.0529],[107.1293,11.0527],[107.1297,11.0521],[107.1303,11.0519],[107.1323,11.0515],[107.1334,11.052],[107.1351,11.0517],[107.1361,11.0525],[107.1387,11.0534],[107.1399,11.0528],[107.1414,11.0515],[107.1426,11.0527],[107.1437,11.0533],[107.1462,11.0536],[107.1481,11.0533],[107.1486,11.0538],[107.1491,11.0538],[107.1501,11.0535],[107.1506,11.0537],[107.1527,11.0519],[107.1534,11.0519],[107.1545,11.0513],[107.1552,11.0516],[107.1559,11.0515],[107.1561,11.0511],[107.1565,11.0512],[107.1571,11.0501],[107.1574,11.0502],[107.1575,11.0498],[107.1583,11.0494],[107.1583,11.0491],[107.1587,11.0493],[107.1593,11.0489],[107.1593,11.0483],[107.1615,11.0493],[107.1658,11.0505],[107.1656,11.0491],[107.1637,11.044],[107.1708,11.043],[107.171,11.0427],[107.1708,11.0423],[107.1715,11.0421],[107.172,11.0413],[107.1722,11.0415],[107.1738,11.0418],[107.1743,11.0416],[107.1741,11.0421],[107.1752,11.0426],[107.175,11.0429],[107.1753,11.0432],[107.1759,11.043],[107.1762,11.0432],[107.1761,11.0442],[107.1765,11.0444],[107.1764,11.0448],[107.177,11.0447],[107.1768,11.0451],[107.1772,11.0456],[107.1773,11.0466],[107.177,11.0467],[107.1771,11.0535],[107.1768,11.0543],[107.1773,11.0544],[107.177,11.0554],[107.1772,11.0561],[107.1774,11.0562],[107.1772,11.0568],[107.1779,11.0576],[107.1793,11.0581],[107.1796,11.0577],[107.18,11.0579],[107.1808,11.0576],[107.1811,11.0581],[107.1809,11.0582],[107.1815,11.0586],[107.1825,11.0583],[107.183,11.0588],[107.1835,11.0586],[107.1841,11.0587],[107.1855,11.0593],[107.1857,11.06],[107.1864,11.06],[107.1869,11.0604],[107.1874,11.06],[107.1878,11.0606],[107.1887,11.0603],[107.1889,11.0601],[107.1894,11.0603],[107.1895,11.0611],[107.1903,11.0611],[107.1911,11.0619],[107.1917,11.062],[107.1921,11.0616],[107.1943,11.0608],[107.1964,11.0608],[107.1968,11.0602],[107.1976,11.06],[107.1976,11.0597],[107.1982,11.0596],[107.1987,11.06],[107.1993,11.0582],[107.2004,11.0571],[107.2001,11.0568],[107.2004,11.0564],[107.2004,11.055],[107.1995,11.0542],[107.1993,11.0536],[107.1997,11.0536],[107.2002,11.0529],[107.2008,11.0531],[107.2009,11.0528],[107.2017,11.0524],[107.2021,11.0527],[107.2029,11.0526],[107.2035,11.0517],[107.2035,11.0524],[107.2043,11.0522],[107.205,11.0534],[107.2055,11.0536],[107.2061,11.0517],[107.2079,11.0506],[107.21,11.0511],[107.2103,11.0517],[107.212,11.0517],[107.2123,11.052],[107.2126,11.0518],[107.2124,11.0531],[107.2138,11.0548],[107.2144,11.0551],[107.2149,11.0547],[107.2159,11.0562],[107.2162,11.0555],[107.2168,11.0558],[107.2168,11.0552],[107.2172,11.0553],[107.2177,11.056],[107.2181,11.0556],[107.22,11.0573],[107.2205,11.0581],[107.2213,11.0573],[107.2234,11.0573],[107.2246,11.057],[107.2256,11.0578],[107.226,11.0576],[107.2266,11.0581],[107.2267,11.057],[107.2269,11.0567],[107.2273,11.0568],[107.2279,11.0572],[107.2284,11.0571],[107.2286,11.0578],[107.2296,11.0575],[107.2299,11.0586],[107.2313,11.0582],[107.2315,11.0588],[107.2318,11.0584],[107.2331,11.0581],[107.2327,11.0587],[107.2328,11.059],[107.2337,11.0586],[107.2337,11.0582],[107.2339,11.0581],[107.235,11.0585],[107.2357,11.0597],[107.2367,11.0602],[107.2372,11.061],[107.2389,11.0604],[107.24,11.0612],[107.2407,11.062],[107.2414,11.0613],[107.2417,11.0615],[107.242,11.0613],[107.2431,11.0631],[107.2427,11.0647],[107.2436,11.0647],[107.2446,11.0652],[107.245,11.0658],[107.2452,11.0673],[107.246,11.0677],[107.2464,11.0683],[107.2478,11.0679],[107.2479,11.0685],[107.2474,11.0692],[107.2475,11.0695],[107.2491,11.0698],[107.2489,11.0712],[107.2481,11.0712],[107.2485,11.0729],[107.248,11.0741],[107.2486,11.0751],[107.2479,11.0758],[107.249,11.076],[107.2504,11.0748],[107.2522,11.0756],[107.2539,11.0751],[107.2549,11.0752],[107.2559,11.0765],[107.2574,11.0763],[107.2591,11.0766],[107.2591,11.0774],[107.2598,11.0779],[107.2606,11.078],[107.2616,11.0777],[107.2623,11.078],[107.2625,11.0791],[107.2632,11.0795],[107.262,11.0798],[107.2622,11.0804],[107.2627,11.0811],[107.2639,11.0814],[107.2641,11.0817],[107.2636,11.0826],[107.2621,11.0833],[107.2626,11.0849],[107.2622,11.0858],[107.2622,11.0863],[107.2637,11.0872],[107.2623,11.089],[107.2624,11.0898]]]},"properties":{"code":"26299","name":"Thống Nhất","nameEn":"Thong Nhat","fullName":"Xã Thống Nhất","fullNameEn":"Thong Nhat Commune","codeName":"thong_nhat","postalCode":"76323","postalCodePrefix":"","gisServerId":"diaphanhanhchinhcapxa_2025.3121","areaKm2":120.1},"id":"26299"},
{"type":"Feature","geometry":{"type":"Polygon","coordinates":[[[107.2273,11.0568],[107.2269,11.0567],[107.2267,11.057],[107.2266,11.0581],[107.226,11.0576],[107.2256,11.0578],[107.2246,11.057],[107.2234,11.0573],[107.2213,11.0573],[107.2205,11.0581],[107.22,11.0573],[107.2181,11.0556],[107.2177,11.056],[107.2172,11.0553],[107.2168,11.0552],[107.2168,11.0558],[107.2162,11.0555],[107.2159,11.0562],[107.2149,11.0547],[107.2144,11.0551],[107.2138,11.0548],[107.2124,11.0531],[107.2126,11.0518],[107.2123,11.052],[107.212,11.0517],[107.2103,11.0517],[107.21,11.0511],[107.2079,11.0506],[107.2061,11.0517],[107.2055,11.0536],[107.205,11.0534],[107.2043,11.0522],[107.2035,11.0524],[107.2035,11.0517],[107.2029,11.0526],[107.2021,11.0527],[107.2017,11.0524],[107.2009,11.0528],[107.2008,11.0531],[107.2002,11.0529],[107.1997,11.0536],[107.1993,11.0536],[107.1995,11.0542],[107.2004,11.055],[107.2004,11.0564],[107.2001,11.0568],[107.2004,11.0571],[107.1993,11.0582],[107.1987,11.06],[107.1982,11.0596],[107.1976,11.0597],[107.1976,11.06],[107.1968,11.0602],[107.1964,11.0608],[107.1943,11.0608],[107.1921,11.0616],[107.1917,11.062],[107.1911,11.0619],[107.1903,11.0611],[107.1895,11.0611],[107.1894,11.0603],[107.1889,11.0601],[107.1887,11.0603],[107.1878,11.0606],[107.1874,11.06],[107.1869,11.0604],[107.1864,11.06],[107.1857,11.06],[107.1855,11.0593],[107.1841,11.0587],[107.1835,11.0586],[107.183,11.0588],[107.1825,11.0583],[107.1815,11.0586],[107.1809,11.0582],[107.1811,11.0581],[107.1808,11.0576],[107.18,11.0579],[107.1796,11.0577],[107.1793,11.0581],[107.1779,11.0576],[107.1772,11.0568],[107.1774,11.0562],[107.1772,11.0561],[107.177,11.0554],[107.1773,11.0544],[107.1768,11.0543],[107.1771,11.0535],[107.177,11.0467],[107.1773,11.0466],[107.1772,11.0456],[107.1768,11.0451],[107.177,11.0447],[107.1764,11.0448],[107.1765,11.0444],[107.1761,11.0442],[107.1762,11.0432],[107.1759,11.043],[107.1753,11.0432],[107.175,11.0429],[107.1752,11.0426],[107.1741,11.0421],[107.1743,11.0416],[107.1738,11.0418],[107.1722,11.0415],[107.172,11.0413],[107.1715,11.0421],[107.1708,11.0423],[107.171,11.0427],[107.1708,11.043],[107.1637,11.044],[107.1656,11.0491],[107.1658,11.0505],[107.1615,11.0493],[107.1593,11.0483],[107.1593,11.0489],[107.1587,11.0493],[107.1583,11.0491],[107.1583,11.0494],[107.1575,11.0498],[107.1574,11.0502],[107.1571,11.0501],[107.1565,11.0512],[107.1561,11.0511],[107.1559,11.0515],[107.1552,11.0516],[107.1545,11.0513],[107.1534,11.0519],[107.1527,11.0519],[107.1506,11.0537],[107.1501,11.0535],[107.1491,11.0538],[107.1486,11.0538],[107.1481,11.0533],[107.1462,11.0536],[107.1437,11.0533],[107.1426,11.0527],[107.1414,11.0515],[107.1399,11.0528],[107.1387,11.0534],[107.1361,11.0525],[107.1351,11.0517],[107.1334,11.052],[107.1323,11.0515],[107.1303,11.0519],[107.1297,11.0521],[107.1293,11.0527],[107.1283,11.0529],[107.1276,11.0541],[107.1269,11.0544],[107.1261,11.0552],[107.1255,11.0561],[107.1257,11.0575],[107.1253,11.0581],[107.1239,11.0589],[107.1221,11.0594],[107.1209,11.061],[107.1196,11.0608],[107.1193,11.0617],[107.1199,11.0624],[107.1187,11.0631],[107.1116,11.0627],[107.111,11.062],[107.1102,11.0618],[107.1094,11.0616],[107.1085,11.0604],[107.1075,11.0597],[107.1053,11.0596],[107.1049,11.0584],[107.1054,11.0582],[107.1052,11.0575],[107.1061,11.0568],[107.107,11.0554],[107.1062,11.0551],[107.1059,11.0546],[107.1059,11.0534],[107.1042,11.0528],[107.1046,11.0511],[107.1028,11.0498],[107.1045,11.0484],[107.1047,11.0477],[107.1042,11.046],[107.1037,11.0459],[107.1032,11.0452],[107.1025,11.0449],[107.1026,11.0433],[107.1038,11.0423],[107.1046,11.0412],[107.1044,11.0401],[107.1048,11.0393],[107.1048,11.0383],[107.1053,11.0371],[107.1052,11.0362],[107.1055,11.0357],[107.1052,11.0345],[107.1057,11.0327],[107.1056,11.0308],[107.1061,11.0292],[107.1074,11.0284],[107.1076,11.0278],[107.1075,11.0265],[107.1079,11.0261],[107.1075,11.0248],[107.1081,11.0245],[107.1082,11.0239],[107.1107,11.0232],[107.1096,11.0225],[107.1092,11.0208],[107.11,11.0209],[107.111,11.0205],[107.112,11.0191],[107.1118,11.0179],[107.1126,11.0177],[107.1124,11.0173],[107.1128,11.0172],[107.1127,11.0168],[107.1137,11.0167],[107.1138,11.0161],[107.1147,11.0155],[107.1157,11.0156],[107.1171,11.0151],[107.1178,11.0143],[107.1178,11.0133],[107.1168,11.0113],[107.1171,11.0095],[107.1163,11.0081],[107.1165,11.0076],[107.1174,11.0079],[107.1194,11.0096],[107.1217,11.0082],[107.1226,11.0085],[107.1232,11.0069],[107.1228,11.0054],[107.1233,11.0039],[107.1216,11.002],[107.1215,11.0013],[107.1218,11.0011],[107.122,11.0001],[107.1216,11],[107.1216,10.9997],[107.1209,10.9991],[107.1201,10.9972],[107.1201,10.996],[107.1205,10.9953],[107.1198,10.9946],[107.1202,10.9935],[107.1197,10.9924],[107.1196,10.991],[107.1198,10.9906],[107.1211,10.9907],[107.1216,10.9903],[107.1212,10.9884],[107.1216,10.9879],[107.1228,10.9879],[107.1235,10.9869],[107.1235,10.9863],[107.1262,10.9851],[107.1266,10.9837],[107.1287,10.9818],[107.1288,10.9813],[107.1287,10.9809],[107.1275,10.9802],[107.1266,10.9788],[107.1258,10.9786],[107.1257,10.9781],[107.1252,10.9778],[107.1245,10.9758],[107.1238,10.9753],[107.1226,10.9752],[107.1224,10.9745],[107.1211,10.973],[107.1201,10.9713],[107.1209,10.9706],[107.1211,10.971],[107.1218,10.9705],[107.1224,10.9706],[107.1228,10.9704],[107.1234,10.971],[107.1242,10.9713],[107.126,10.9707],[107.1269,10.9691],[107.1276,10.9698],[107.129,10.9688],[107.1299,10.9688],[107.1302,10.9685],[107.1313,10.9699],[107.1319,10.9701],[107.1328,10.9699],[107.1341,10.9705],[107.1355,10.9718],[107.138,10.9717],[107.1381,10.9727],[107.1395,10.9742],[107.1415,10.9748],[107.1416,10.9738],[107.1421,10.9735],[107.143,10.9732],[107.1442,10.9731],[107.1448,10.9726],[107.1453,10.9729],[107.1461,10.9728],[107.1457,10.972],[107.1491,10.9709],[107.1482,10.9663],[107.1503,10.965],[107.1543,10.965],[107.1574,10.9644],[107.1585,10.9649],[107.1613,10.9647],[107.1628,10.9642],[107.1652,10.9621],[107.1679,10.9621],[107.1692,10.9629],[107.1718,10.9614],[107.1724,10.9626],[107.1723,10.9631],[107.1731,10.9643],[107.1738,10.9643],[107.1745,10.9647],[107.1741,10.9648],[107.1744,10.9661],[107.1751,10.9673],[107.1755,10.9673],[107.1746,10.9694],[107.1749,10.97],[107.1739,10.9703],[107.1741,10.9714],[107.1738,10.9717],[107.1743,10.9718],[107.175,10.9732],[107.1762,10.9736],[107.1763,10.9743],[107.1758,10.9746],[107.174,10.9774],[107.1743,10.9781],[107.1751,10.9783],[107.1751,10.9792],[107.1757,10.9797],[107.1759,10.9823],[107.1779,10.983],[107.1778,10.9834],[107.1784,10.9838],[107.1772,10.984],[107.1779,10.9867],[107.1769,10.9885],[107.1775,10.9891],[107.1777,10.9908],[107.178,10.9909],[107.1779,10.9914],[107.1784,10.9919],[107.1785,10.9933],[107.178,10.9938],[107.1795,10.9946],[107.1804,10.9958],[107.1819,10.9965],[107.1824,10.9964],[107.183,10.9971],[107.1827,10.9983],[107.1829,10.9991],[107.1825,10.9997],[107.183,11.0005],[107.1825,11.0008],[107.1828,11.0032],[107.1834,11.0036],[107.1834,11.004],[107.1829,11.0043],[107.1827,11.0049],[107.1812,11.0065],[107.1804,11.0065],[107.1798,11.0071],[107.1788,11.007],[107.1787,11.0079],[107.1783,11.0085],[107.1785,11.0091],[107.1783,11.0096],[107.1791,11.012],[107.1796,11.0124],[107.1802,11.0118],[107.1819,11.0121],[107.1898,11.009],[107.2048,11.0089],[107.224,11.0223],[107.2213,11.0266],[107.2207,11.0265],[107.2206,11.0276],[107.2203,11.0279],[107.22,11.0288],[107.2201,11.0304],[107.2199,11.0313],[107.2176,11.0334],[107.2166,11.034],[107.2181,11.0344],[107.218,11.0347],[107.2192,11.0351],[107.2201,11.0351],[107.2202,11.0433],[107.2204,11.0435],[107.2217,11.0429],[107.2219,11.0435],[107.2216,11.0437],[107.2224,11.0452],[107.2234,11.0449],[107.2234,11.0453],[107.223,11.0455],[107.2228,11.0464],[107.2217,11.0471],[107.2216,11.0478],[107.2227,11.0499],[107.2249,11.0528],[107.2247,11.0533],[107.2252,11.0544],[107.2264,11.0549],[107.2266,11.0557],[107.2272,11.056],[107.2273,11.0568]]]},"properties":{"code":"26311","name":"Gia Kiệm","nameEn":"Gia Kiem","fullName":"Xã Gia Kiệm","fullNameEn":"Gia Kiem Commune","codeName":"gia_kiem","postalCode":"76412","postalCodePrefix":"","gisServerId":"diaphanhanhchinhcapxa_2025.3127","areaKm2":82.7},"id":"26311"},
{"type":"Feature","geometry":{"type":"Polygon","coordinates":[[[107.1768,10.9424],[107.1768,10.9432],[107.1774,10.9443],[107.1772,10.9454],[107.1766,10.9458],[107.1767,10.9464],[107.1779,10.9521],[107.1783,10.953],[107.1786,10.953],[107.1788,10.9546],[107.1799,10.9563],[107.1806,10.9562],[107.181,10.957],[107.1814,10.9569],[107.1814,10.9583],[107.182,10.9581],[107.182,10.959],[107.1826,10.9588],[107.1826,10.9595],[107.1834,10.9596],[107.1837,10.9606],[107.1845,10.9605],[107.1846,10.9617],[107.1851,10.962],[107.1848,10.9625],[107.1866,10.9636],[107.1868,10.9648],[107.1874,10.9648],[107.1886,10.9661],[107.188,10.9667],[107.1893,10.9676],[107.189,10.9682],[107.1894,10.9685],[107.1896,10.9699],[107.1902,10.9696],[107.1903,10.9701],[107.1908,10.9706],[107.1906,10.971],[107.1899,10.9709],[107.1896,10.9724],[107.1917,10.9743],[107.1928,10.976],[107.1942,10.977],[107.1944,10.9778],[107.1952,10.9785],[107.1954,10.9795],[107.1964,10.9806],[107.1955,10.9824],[107.1955,10.9832],[107.1969,10.9854],[107.1968,10.986],[107.1972,10.9869],[107.1983,10.9879],[107.1951,10.9922],[107.1852,10.9925],[107.1851,10.9917],[107.1841,10.9943],[107.1844,10.9957],[107.183,10.9971],[107.1824,10.9964],[107.1819,10.9965],[107.1804,10.9958],[107.1795,10.9946],[107.178,10.9938],[107.1785,10.9933],[107.1784,10.9919],[107.1779,10.9914],[107.178,10.9909],[107.1777,10.9908],[107.1775,10.9891],[107.1769,10.9885],[107.1779,10.9867],[107.1772,10.984],[107.1784,10.9838],[107.1778,10.9834],[107.1779,10.983],[107.1759,10.9823],[107.1757,10.9797],[107.1751,10.9792],[107.1751,10.9783],[107.1743,10.9781],[107.174,10.9774],[107.1758,10.9746],[107.1763,10.9743],[107.1762,10.9736],[107.175,10.9732],[107.1743,10.9718],[107.1738,10.9717],[107.1741,10.9714],[107.1739,10.9703],[107.1749,10.97],[107.1746,10.9694],[107.1755,10.9673],[107.1751,10.9673],[107.1744,10.9661],[107.1741,10.9648],[107.1745,10.9647],[107.1738,10.9643],[107.1731,10.9643],[107.1723,10.9631],[107.1724,10.9626],[107.1718,10.9614],[107.1692,10.9629],[107.1679,10.9621],[107.1652,10.9621],[107.1628,10.9642],[107.1613,10.9647],[107.1585,10.9649],[107.1574,10.9644],[107.1543,10.965],[107.1503,10.965],[107.1482,10.9663],[107.1491,10.9709],[107.1457,10.972],[107.1461,10.9728],[107.1453,10.9729],[107.1448,10.9726],[107.1442,10.9731],[107.143,10.9732],[107.1421,10.9735],[107.1416,10.9738],[107.1415,10.9748],[107.1395,10.9742],[107.1381,10.9727],[107.138,10.9717],[107.1355,10.9718],[107.1341,10.9705],[107.1328,10.9699],[107.1319,10.9701],[107.1313,10.9699],[107.1302,10.9685],[107.1299,10.9688],[107.129,10.9688],[107.1276,10.9698],[107.1269,10.9691],[107.126,10.9707],[107.1242,10.9713],[107.1234,10.971],[107.1228,10.9704],[107.1224,10.9706],[107.1218,10.9705],[107.1211,10.971],[107.1209,10.9706],[107.1201,10.9713],[107.1196,10.9709],[107.1197,10.9715],[107.1194,10.9717],[107.1193,10.9712],[107.1188,10.971],[107.118,10.9721],[107.1176,10.9717],[107.117,10.9731],[107.1164,10.9739],[107.1158,10.9732],[107.1155,10.9736],[107.115,10.9737],[107.1151,10.9741],[107.114,10.9741],[107.1135,10.9734],[107.1123,10.9737],[107.1116,10.9722],[107.111,10.9723],[107.1102,10.973],[107.1097,10.9728],[107.1089,10.974],[107.1086,10.9741],[107.1082,10.9739],[107.1068,10.9705],[107.1069,10.9692],[107.1067,10.9688],[107.1078,10.9689],[107.11,10.9677],[107.1105,10.9667],[107.1107,10.9651],[107.1115,10.9644],[107.1113,10.9638],[107.1119,10.9636],[107.1116,10.9629],[107.1138,10.9616],[107.1137,10.9608],[107.1142,10.9607],[107.1135,10.9593],[107.1145,10.9589],[107.116,10.9578],[107.1164,10.9578],[107.1161,10.9572],[107.1162,10.9563],[107.114,10.9548],[107.1118,10.9537],[107.0935,10.951],[107.0935,10.9493],[107.095,10.9487],[107.0948,10.9461],[107.0959,10.9453],[107.0951,10.9402],[107.0939,10.9402],[107.0935,10.9367],[107.0928,10.9368],[107.0926,10.9357],[107.0932,10.9354],[107.0931,10.9351],[107.0952,10.9336],[107.0933,10.9312],[107.0921,10.9292],[107.0923,10.9289],[107.0961,10.9285],[107.0967,10.9261],[107.0967,10.9232],[107.097,10.9219],[107.0987,10.9209],[107.0987,10.9196],[107.0976,10.9186],[107.0965,10.916],[107.0967,10.9148],[107.0962,10.9143],[107.0959,10.913],[107.0962,10.9122],[107.0957,10.9121],[107.0963,10.9113],[107.0958,10.9102],[107.0945,10.9088],[107.0944,10.908],[107.0941,10.9078],[107.0941,10.904],[107.0939,10.904],[107.0936,10.9026],[107.0941,10.9025],[107.0942,10.9021],[107.0947,10.9019],[107.0953,10.9019],[107.0977,10.901],[107.0988,10.9012],[107.0994,10.8992],[107.1004,10.8988],[107.0994,10.8958],[107.0988,10.8929],[107.0979,10.8932],[107.0971,10.8928],[107.0961,10.891],[107.0951,10.8901],[107.0928,10.8903],[107.0924,10.8887],[107.0928,10.8878],[107.0913,10.8879],[107.0906,10.8876],[107.0903,10.8867],[107.0909,10.8859],[107.0904,10.8853],[107.0903,10.8847],[107.09,10.8846],[107.0901,10.8841],[107.0898,10.8838],[107.0894,10.884],[107.0891,10.8825],[107.0887,10.8823],[107.0886,10.8828],[107.0882,10.8825],[107.0881,10.8818],[107.0878,10.882],[107.0877,10.8816],[107.0874,10.8818],[107.0872,10.8812],[107.0868,10.8814],[107.0862,10.88],[107.0862,10.8795],[107.0859,10.8799],[107.0846,10.8803],[107.0845,10.8819],[107.0853,10.8838],[107.0844,10.8855],[107.0839,10.888],[107.0825,10.8879],[107.0826,10.8868],[107.0831,10.8864],[107.0824,10.8865],[107.0819,10.8871],[107.0811,10.8868],[107.0801,10.8884],[107.0786,10.8891],[107.0784,10.8854],[107.077,10.8827],[107.0776,10.8816],[107.0781,10.8798],[107.0774,10.8794],[107.0775,10.8784],[107.068,10.8785],[107.0679,10.8726],[107.0675,10.8723],[107.0677,10.8721],[107.0678,10.8712],[107.0675,10.8712],[107.0678,10.8708],[107.0673,10.8651],[107.0675,10.8645],[107.0681,10.8646],[107.0681,10.8642],[107.0679,10.8641],[107.0681,10.8638],[107.0683,10.8639],[107.0682,10.8636],[107.0685,10.8632],[107.0676,10.8623],[107.0667,10.8619],[107.0667,10.8616],[107.0659,10.8618],[107.0664,10.8613],[107.066,10.8612],[107.0659,10.8605],[107.0651,10.8604],[107.0648,10.8593],[107.0644,10.8592],[107.0643,10.8582],[107.0638,10.8577],[107.0639,10.8567],[107.0647,10.8567],[107.0647,10.8564],[107.0641,10.8561],[107.0634,10.8563],[107.0628,10.8557],[107.0619,10.8559],[107.0616,10.8551],[107.0617,10.8535],[107.0614,10.8533],[107.0601,10.8532],[107.06,10.8515],[107.0597,10.8514],[107.059,10.8519],[107.0592,10.8507],[107.0602,10.85],[107.0602,10.8493],[107.0621,10.8496],[107.0618,10.8488],[107.0629,10.849],[107.063,10.8495],[107.0627,10.8498],[107.0634,10.8507],[107.0638,10.8503],[107.0642,10.8506],[107.0649,10.8502],[107.0651,10.8506],[107.0655,10.8504],[107.0659,10.851],[107.0668,10.8514],[107.0667,10.852],[107.0672,10.8525],[107.0673,10.8532],[107.0677,10.8533],[107.0683,10.8529],[107.0686,10.8522],[107.0694,10.8515],[107.0701,10.852],[107.0701,10.8526],[107.0711,10.8529],[107.0711,10.8523],[107.0725,10.8521],[107.0729,10.8514],[107.073,10.8521],[107.0737,10.8517],[107.0743,10.852],[107.0761,10.8515],[107.077,10.8517],[107.077,10.8513],[107.0774,10.8509],[107.078,10.8515],[107.0788,10.8513],[107.0794,10.8502],[107.0807,10.8504],[107.0803,10.8499],[107.0808,10.8499],[107.0808,10.8494],[107.0812,10.8496],[107.0815,10.8494],[107.0816,10.8497],[107.0819,10.8497],[107.0827,10.8497],[107.083,10.8501],[107.0834,10.8498],[107.0834,10.8503],[107.0839,10.8502],[107.084,10.8508],[107.0843,10.8505],[107.086,10.8508],[107.0867,10.8504],[107.087,10.8516],[107.088,10.8519],[107.0882,10.8525],[107.0893,10.8523],[107.0895,10.8519],[107.0901,10.8518],[107.0901,10.8525],[107.0911,10.8523],[107.0909,10.8527],[107.0912,10.853],[107.0918,10.8529],[107.0923,10.8535],[107.0928,10.8533],[107.0933,10.8542],[107.0932,10.8548],[107.0943,10.8554],[107.0953,10.855],[107.0966,10.8539],[107.0969,10.8532],[107.0976,10.8532],[107.0978,10.8528],[107.0983,10.8532],[107.099,10.8525],[107.0997,10.8526],[107.1,10.8531],[107.1005,10.8531],[107.1009,10.8536],[107.1009,10.8539],[107.1012,10.8538],[107.1018,10.8547],[107.1042,10.8553],[107.1043,10.8555],[107.1052,10.8558],[107.1054,10.8556],[107.1063,10.856],[107.1076,10.8561],[107.1083,10.8565],[107.1089,10.8564],[107.1108,10.8547],[107.1112,10.8539],[107.1126,10.8538],[107.1129,10.854],[107.1135,10.8552],[107.1134,10.8564],[107.1141,10.8583],[107.1141,10.8592],[107.1126,10.8622],[107.1111,10.8623],[107.1095,10.8645],[107.1089,10.8662],[107.108,10.867],[107.1078,10.8681],[107.1087,10.8687],[107.11,10.8689],[107.1105,10.8682],[107.1096,10.8681],[107.1089,10.8684],[107.1088,10.8676],[107.1109,10.8675],[107.1112,10.8669],[107.1104,10.8663],[107.1119,10.8667],[107.1126,10.866],[107.1133,10.8665],[107.1135,10.8656],[107.1139,10.8653],[107.1147,10.8654],[107.1162,10.8666],[107.1159,10.8674],[107.1167,10.8688],[107.1158,10.87],[107.1176,10.8704],[107.1175,10.871],[107.1179,10.8713],[107.1176,10.872],[107.1177,10.8729],[107.1173,10.8731],[107.1171,10.8726],[107.1167,10.8727],[107.1169,10.8737],[107.1173,10.8738],[107.118,10.8728],[107.1185,10.8728],[107.1185,10.8731],[107.1181,10.8735],[107.1188,10.8741],[107.1182,10.8748],[107.1193,10.875],[107.1198,10.8745],[107.1203,10.8754],[107.1194,10.8755],[107.1194,10.8762],[107.1205,10.8759],[107.121,10.8765],[107.1208,10.8775],[107.1203,10.8778],[107.1204,10.8787],[107.1198,10.8788],[107.1199,10.8795],[107.1192,10.8798],[107.1199,10.8804],[107.1205,10.8805],[107.1205,10.8813],[107.1195,10.882],[107.12,10.8826],[107.1198,10.8843],[107.1207,10.8851],[107.1206,10.8863],[107.1212,10.8873],[107.1232,10.8885],[107.1235,10.8896],[107.1251,10.8903],[107.1257,10.8901],[107.1272,10.8906],[107.1269,10.8914],[107.1276,10.8915],[107.1278,10.892],[107.1267,10.8927],[107.1264,10.8924],[107.1267,10.8917],[107.1262,10.8921],[107.126,10.8928],[107.1264,10.8943],[107.1272,10.8952],[107.128,10.8956],[107.1292,10.8955],[107.1299,10.896],[107.131,10.8961],[107.1314,10.897],[107.133,10.8971],[107.1336,10.8986],[107.135,10.8995],[107.1356,10.8993],[107.1359,10.8988],[107.1351,10.8986],[107.135,10.8984],[107.1359,10.8983],[107.1363,10.8987],[107.1368,10.8982],[107.1378,10.8983],[107.1384,10.897],[107.1394,10.897],[107.1397,10.896],[107.1585,10.895],[107.1591,10.8955],[107.1597,10.8956],[107.1598,10.8969],[107.1596,10.8975],[107.1605,10.8991],[107.1595,10.8993],[107.1592,10.8997],[107.1596,10.9004],[107.1602,10.9007],[107.1603,10.9016],[107.1597,10.9019],[107.1606,10.9022],[107.1605,10.9025],[107.161,10.9027],[107.1613,10.9039],[107.162,10.904],[107.1621,10.9047],[107.1628,10.9047],[107.1645,10.9058],[107.1652,10.9064],[107.1653,10.9068],[107.1678,10.9071],[107.1675,10.9085],[107.1677,10.9095],[107.1675,10.9102],[107.167,10.9104],[107.1669,10.9116],[107.1665,10.912],[107.1671,10.9123],[107.1669,10.9129],[107.1676,10.9128],[107.1681,10.9139],[107.1673,10.9146],[107.1676,10.9148],[107.1677,10.9167],[107.1682,10.9169],[107.1678,10.9176],[107.1695,10.9187],[107.1702,10.9205],[107.1694,10.9221],[107.169,10.9221],[107.1691,10.923],[107.1702,10.9235],[107.1701,10.9246],[107.1707,10.9248],[107.1713,10.9269],[107.171,10.9276],[107.1719,10.9281],[107.1722,10.9293],[107.1731,10.93],[107.1731,10.9318],[107.174,10.9325],[107.174,10.9331],[107.1744,10.9335],[107.1743,10.934],[107.1755,10.9345],[107.1747,10.9356],[107.1751,10.9366],[107.1749,10.9382],[107.1755,10.9397],[107.1766,10.9409],[107.1768,10.9424]]]},"properties":{"code":"26326","name":"Dầu Giây","nameEn":"Dau Giay","fullName":"Phường Dầu Giây","fullNameEn":"Dau Giay Ward","codeName":"dau_giay","postalCode":"76406","postalCodePrefix":"","gisServerId":"diaphanhanhchinhcapxa_2025.3128","areaKm2":98.9},"id":"26326"},
{"type":"Feature","geometry":{"type":"Polygon","coordinates":[[[107.1585,10.895],[107.1397,10.896],[107.1394,10.897],[107.1384,10.897],[107.1378,10.8983],[107.1368,10.8982],[107.1363,10.8987],[107.1359,10.8983],[107.135,10.8984],[107.1351,10.8986],[107.1359,10.8988],[107.1356,10.8993],[107.135,10.8995],[107.1336,10.8986],[107.133,10.8971],[107.1314,10.897],[107.131,10.8961],[107.1299,10.896],[107.1292,10.8955],[107.128,10.8956],[107.1272,10.8952],[107.1264,10.8943],[107.126,10.8928],[107.1262,10.8921],[107.1267,10.8917],[107.1264,10.8924],[107.1267,10.8927],[107.1278,10.892],[107.1276,10.8915],[107.1269,10.8914],[107.1272,10.8906],[107.1257,10.8901],[107.1251,10.8903],[107.1235,10.8896],[107.1232,10.8885],[107.1212,10.8873],[107.1206,10.8863],[107.1207,10.8851],[107.1198,10.8843],[107.12,10.8826],[107.1195,10.882],[107.1205,10.8813],[107.1205,10.8805],[107.1199,10.8804],[107.1192,10.8798],[107.1199,10.8795],[107.1198,10.8788],[107.1204,10.8787],[107.1203,10.8778],[107.1208,10.8775],[107.121,10.8765],[107.1205,10.8759],[107.1194,10.8762],[107.1194,10.8755],[107.1203,10.8754],[107.1198,10.8745],[107.1193,10.875],[107.1182,10.8748],[107.1188,10.8741],[107.1181,10.8735],[107.1185,10.8731],[107.1185,10.8728],[107.118,10.8728],[107.1173,10.8738],[107.1169,10.8737],[107.1167,10.8727],[107.1171,10.8726],[107.1173,10.8731],[107.1177,10.8729],[107.1176,10.872],[107.1179,10.8713],[107.1175,10.871],[107.1176,10.8704],[107.1158,10.87],[107.1167,10.8688],[107.1159,10.8674],[107.1162,10.8666],[107.1147,10.8654],[107.1139,10.8653],[107.1135,10.8656],[107.1133,10.8665],[107.1126,10.866],[107.1119,10.8667],[107.1104,10.8663],[107.1112,10.8669],[107.1109,10.8675],[107.1088,10.8676],[107.1089,10.8684],[107.1096,10.8681],[107.1105,10.8682],[107.11,10.8689],[107.1087,10.8687],[107.1078,10.8681],[107.108,10.867],[107.1089,10.8662],[107.1095,10.8645],[107.1111,10.8623],[107.1126,10.8622],[107.1141,10.8592],[107.1141,10.8583],[107.1134,10.8564],[107.1135,10.8552],[107.1129,10.854],[107.1126,10.8538],[107.1112,10.8539],[107.1108,10.8547],[107.1089,10.8564],[107.1083,10.8565],[107.1076,10.8561],[107.1063,10.856],[107.1054,10.8556],[107.1052,10.8558],[107.1043,10.8555],[107.1042,10.8553],[107.1018,10.8547],[107.1012,10.8538],[107.1009,10.8539],[107.1009,10.8536],[107.1005,10.8531],[107.1,10.8531],[107.0997,10.8526],[107.099,10.8525],[107.0983,10.8532],[107.0978,10.8528],[107.0976,10.8532],[107.0969,10.8532],[107.0966,10.8539],[107.0953,10.855],[107.0943,10.8554],[107.0932,10.8548],[107.0933,10.8542],[107.0928,10.8533],[107.0923,10.8535],[107.0918,10.8529],[107.0912,10.853],[107.0909,10.8527],[107.0911,10.8523],[107.0901,10.8525],[107.0901,10.8518],[107.0895,10.8519],[107.0893,10.8523],[107.0882,10.8525],[107.088,10.8519],[107.087,10.8516],[107.0867,10.8504],[107.086,10.8508],[107.0843,10.8505],[107.084,10.8508],[107.0839,10.8502],[107.0834,10.8503],[107.0834,10.8498],[107.083,10.8501],[107.0827,10.8497],[107.0819,10.8497],[107.0818,10.8489],[107.0824,10.8489],[107.0822,10.8484],[107.0827,10.8483],[107.0852,10.8452],[107.0849,10.845],[107.0847,10.8444],[107.0852,10.8431],[107.0856,10.843],[107.0834,10.8424],[107.0834,10.8427],[107.0825,10.8426],[107.0825,10.8421],[107.0821,10.842],[107.0811,10.8422],[107.0795,10.8404],[107.0793,10.8407],[107.0788,10.8406],[107.0777,10.8395],[107.077,10.8395],[107.0767,10.8393],[107.0766,10.8395],[107.0755,10.8379],[107.0754,10.8382],[107.0741,10.8374],[107.0729,10.8371],[107.0726,10.8297],[107.073,10.8286],[107.073,10.8261],[107.0739,10.8259],[107.0735,10.8216],[107.0717,10.8197],[107.0724,10.82],[107.0728,10.8194],[107.0729,10.8198],[107.0735,10.8197],[107.0744,10.8197],[107.0748,10.819],[107.0754,10.819],[107.0758,10.8183],[107.0763,10.8182],[107.0765,10.8179],[107.0762,10.8177],[107.0764,10.8172],[107.0774,10.8173],[107.0775,10.8163],[107.0779,10.8163],[107.0783,10.8154],[107.0787,10.8153],[107.0785,10.8133],[107.0793,10.813],[107.08,10.8132],[107.0804,10.8128],[107.0811,10.813],[107.0813,10.8119],[107.082,10.812],[107.0821,10.8117],[107.0825,10.8119],[107.0828,10.8109],[107.0837,10.8108],[107.0842,10.8103],[107.085,10.8103],[107.0853,10.8107],[107.0863,10.8107],[107.0867,10.8113],[107.0872,10.8117],[107.0874,10.8114],[107.0876,10.8117],[107.088,10.8113],[107.0896,10.8107],[107.0892,10.8098],[107.0892,10.8089],[107.0898,10.8086],[107.0898,10.8078],[107.0902,10.8073],[107.0909,10.8069],[107.092,10.8069],[107.0927,10.8055],[107.0931,10.8053],[107.093,10.8048],[107.0936,10.804],[107.0935,10.8036],[107.094,10.803],[107.0951,10.8028],[107.0953,10.8031],[107.0957,10.8031],[107.0962,10.8037],[107.0968,10.8035],[107.0968,10.8038],[107.0978,10.8042],[107.0981,10.804],[107.0983,10.8043],[107.0989,10.8041],[107.0988,10.8035],[107.0995,10.8032],[107.0999,10.8022],[107.1007,10.8018],[107.1011,10.801],[107.1016,10.8014],[107.1018,10.8011],[107.1023,10.8014],[107.1024,10.8009],[107.1029,10.8011],[107.1031,10.8006],[107.1032,10.8011],[107.1036,10.8013],[107.1036,10.8008],[107.104,10.801],[107.104,10.8006],[107.1045,10.8007],[107.1052,10.8003],[107.1056,10.8006],[107.1067,10.7998],[107.1084,10.7994],[107.1089,10.8006],[107.1096,10.8008],[107.1099,10.8015],[107.1108,10.8018],[107.1111,10.8015],[107.111,10.8019],[107.1115,10.8017],[107.1129,10.8023],[107.113,10.8026],[107.1133,10.8024],[107.1138,10.8025],[107.1141,10.8032],[107.1145,10.8033],[107.1147,10.803],[107.1155,10.8028],[107.1157,10.8031],[107.1162,10.8028],[107.1164,10.8031],[107.1174,10.8027],[107.1181,10.8029],[107.1181,10.8033],[107.1184,10.8035],[107.1189,10.8032],[107.1192,10.8036],[107.1195,10.8033],[107.1206,10.8041],[107.121,10.8039],[107.1223,10.8044],[107.1237,10.804],[107.1238,10.8043],[107.1244,10.8046],[107.1245,10.8051],[107.1249,10.8049],[107.126,10.8051],[107.1271,10.8059],[107.1277,10.8058],[107.1277,10.8062],[107.1285,10.8068],[107.1285,10.8073],[107.1291,10.8072],[107.1291,10.8075],[107.1299,10.8073],[107.1311,10.8075],[107.1313,10.8077],[107.1317,10.8077],[107.1318,10.8081],[107.1325,10.8082],[107.1327,10.8086],[107.1333,10.8084],[107.1337,10.8086],[107.135,10.808],[107.1356,10.8074],[107.1365,10.8077],[107.1382,10.8066],[107.1389,10.8068],[107.1398,10.8065],[107.1409,10.807],[107.1419,10.8068],[107.1431,10.8078],[107.1443,10.8068],[107.1452,10.8071],[107.1459,10.8069],[107.1466,10.807],[107.1467,10.8064],[107.1473,10.8061],[107.1479,10.8061],[107.1482,10.8065],[107.1486,10.8062],[107.1501,10.8063],[107.1507,10.8059],[107.1512,10.8061],[107.1517,10.8065],[107.1524,10.8065],[107.1532,10.807],[107.1536,10.8078],[107.1534,10.809],[107.1536,10.8094],[107.1543,10.8093],[107.1545,10.8102],[107.1557,10.8107],[107.156,10.8104],[107.1567,10.8106],[107.1578,10.8115],[107.1582,10.8112],[107.1581,10.8119],[107.1592,10.8119],[107.1598,10.813],[107.1608,10.8139],[107.1623,10.8138],[107.164,10.8151],[107.1666,10.8155],[107.1674,10.8159],[107.1677,10.8162],[107.1678,10.8171],[107.1681,10.8174],[107.1724,10.8163],[107.1723,10.8171],[107.1725,10.8178],[107.1729,10.8177],[107.1734,10.818],[107.1742,10.8175],[107.1758,10.8191],[107.1762,10.819],[107.1761,10.8196],[107.1767,10.8193],[107.1771,10.8196],[107.1781,10.8186],[107.1785,10.819],[107.1788,10.8188],[107.1792,10.8194],[107.1802,10.8198],[107.181,10.8205],[107.1821,10.8203],[107.1835,10.822],[107.1845,10.8218],[107.1868,10.8221],[107.1881,10.8226],[107.1895,10.8235],[107.1917,10.8233],[107.1929,10.8222],[107.1952,10.822],[107.1959,10.8215],[107.1979,10.8219],[107.2023,10.8217],[107.2033,10.8227],[107.2031,10.823],[107.2029,10.8227],[107.2021,10.8226],[107.2015,10.8229],[107.2016,10.8247],[107.2114,10.8294],[107.2134,10.8303],[107.2134,10.8314],[107.2129,10.8347],[107.2135,10.835],[107.2114,10.8354],[107.2094,10.8393],[107.2083,10.8388],[107.2074,10.839],[107.2061,10.8388],[107.2054,10.8391],[107.2043,10.8387],[107.2038,10.8381],[107.2015,10.8378],[107.1997,10.836],[107.1982,10.8359],[107.1976,10.8354],[107.1976,10.8351],[107.1969,10.8347],[107.1936,10.8415],[107.2025,10.8456],[107.1994,10.8519],[107.1958,10.8502],[107.1952,10.8517],[107.1921,10.8508],[107.1907,10.8508],[107.1897,10.8502],[107.1871,10.8502],[107.1861,10.8507],[107.1851,10.8507],[107.1839,10.852],[107.1822,10.8523],[107.1819,10.8531],[107.1831,10.8536],[107.1843,10.857],[107.1825,10.8608],[107.1817,10.8604],[107.1794,10.8613],[107.1804,10.8621],[107.181,10.8642],[107.1799,10.8646],[107.1798,10.8655],[107.1804,10.866],[107.1792,10.8681],[107.1806,10.8689],[107.1813,10.8697],[107.181,10.8702],[107.1816,10.872],[107.1822,10.8721],[107.1819,10.8727],[107.1802,10.874],[107.1799,10.8745],[107.1799,10.8749],[107.1803,10.8752],[107.1799,10.8757],[107.179,10.8783],[107.1777,10.8789],[107.1761,10.8801],[107.1751,10.8804],[107.173,10.8803],[107.1715,10.8801],[107.1697,10.8788],[107.1689,10.879],[107.1686,10.8787],[107.1676,10.8792],[107.1668,10.8789],[107.1663,10.8793],[107.1654,10.879],[107.1643,10.8791],[107.1641,10.8796],[107.1631,10.8799],[107.1624,10.8806],[107.1624,10.8814],[107.1616,10.8819],[107.1615,10.8824],[107.1594,10.8827],[107.1591,10.8837],[107.1585,10.8837],[107.1582,10.8833],[107.1578,10.8837],[107.1588,10.885],[107.1585,10.8856],[107.1588,10.8888],[107.1597,10.8896],[107.1594,10.8902],[107.1597,10.8911],[107.1593,10.8917],[107.1595,10.8923],[107.1582,10.8935],[107.1585,10.895]]]},"properties":{"code":"26332","name":"Xuân Quế","nameEn":"Xuan Que","fullName":"Xã Xuân Quế","fullNameEn":"Xuan Que Commune","codeName":"xuan_que","postalCode":"76507","postalCodePrefix":"","gisServerId":"diaphanhanhchinhcapxa_2025.3129","areaKm2":92.9},"id":"26332"},
{"type":"Feature","geometry":{"type":"Polygon","coordinates":[[[107.2641,10.8566],[107.2616,10.8544],[107.2595,10.8537],[107.2564,10.8538],[107.2543,10.8521],[107.2532,10.852],[107.2505,10.8528],[107.2497,10.8534],[107.2483,10.8554],[107.2469,10.8581],[107.2429,10.8562],[107.2421,10.8563],[107.2404,10.8561],[107.2349,10.8536],[107.2342,10.8587],[107.2296,10.8565],[107.2289,10.8576],[107.2285,10.8576],[107.2025,10.8456],[107.1936,10.8415],[107.1969,10.8347],[107.1976,10.8351],[107.1976,10.8354],[107.1982,10.8359],[107.1997,10.836],[107.2015,10.8378],[107.2038,10.8381],[107.2043,10.8387],[107.2054,10.8391],[107.2061,10.8388],[107.2074,10.839],[107.2083,10.8388],[107.2094,10.8393],[107.2114,10.8354],[107.2135,10.835],[107.2129,10.8347],[107.2134,10.8314],[107.2134,10.8303],[107.2114,10.8294],[107.2104,10.7939],[107.2116,10.7938],[107.2119,10.7936],[107.2118,10.7933],[107.211,10.7917],[107.21,10.7909],[107.2093,10.7908],[107.2085,10.7899],[107.2083,10.7885],[107.2077,10.788],[107.2074,10.7872],[107.2075,10.7865],[107.208,10.7861],[107.208,10.7859],[107.2068,10.7859],[107.2067,10.7851],[107.2063,10.7849],[107.2061,10.7844],[107.2054,10.7844],[107.205,10.784],[107.205,10.7833],[107.2046,10.7835],[107.2042,10.7822],[107.2037,10.7821],[107.2038,10.7804],[107.2034,10.7801],[107.2034,10.7795],[107.2039,10.7779],[107.2032,10.7773],[107.2026,10.7774],[107.2005,10.7766],[107.2003,10.7767],[107.2005,10.7773],[107.1996,10.7773],[107.199,10.7777],[107.1982,10.7772],[107.1975,10.7772],[107.1971,10.7768],[107.1963,10.7771],[107.1963,10.7767],[107.196,10.7767],[107.196,10.777],[107.1957,10.7772],[107.1947,10.7758],[107.1938,10.7752],[107.1942,10.7748],[107.1941,10.7736],[107.1947,10.7734],[107.194,10.7726],[107.1941,10.7722],[107.1931,10.7722],[107.1934,10.7718],[107.1938,10.7714],[107.1946,10.7717],[107.1951,10.7716],[107.1955,10.7718],[107.198,10.7716],[107.2037,10.7745],[107.2048,10.7745],[107.2052,10.7748],[107.2066,10.7745],[107.2068,10.7738],[107.2065,10.758],[107.2068,10.7588],[107.2074,10.7589],[107.2082,10.7596],[107.2159,10.7593],[107.2174,10.7574],[107.2188,10.7577],[107.2196,10.7572],[107.2214,10.757],[107.2222,10.7577],[107.2237,10.7577],[107.2245,10.7581],[107.2256,10.7595],[107.2261,10.7596],[107.2266,10.7593],[107.2273,10.7593],[107.2278,10.7606],[107.2277,10.7618],[107.2287,10.7622],[107.2287,10.763],[107.2294,10.7635],[107.2313,10.7642],[107.2321,10.7639],[107.2322,10.7634],[107.2334,10.7623],[107.2345,10.7619],[107.235,10.7614],[107.2363,10.7611],[107.2367,10.7607],[107.2372,10.7607],[107.2386,10.7616],[107.2404,10.7618],[107.242,10.7592],[107.2443,10.7597],[107.2444,10.7584],[107.2441,10.7562],[107.3005,10.755],[107.3014,10.7593],[107.3017,10.7642],[107.3018,10.7703],[107.3012,10.7707],[107.2994,10.7698],[107.2979,10.77],[107.2954,10.769],[107.2948,10.7696],[107.295,10.7703],[107.2942,10.7716],[107.2919,10.7722],[107.2903,10.7739],[107.2896,10.7741],[107.2884,10.7751],[107.2869,10.7756],[107.2877,10.7757],[107.288,10.778],[107.2873,10.7799],[107.2892,10.7815],[107.2908,10.7822],[107.2915,10.783],[107.2931,10.7835],[107.2941,10.7844],[107.2961,10.7846],[107.2978,10.7853],[107.2988,10.786],[107.2999,10.7864],[107.3007,10.788],[107.3015,10.7877],[107.3015,10.7886],[107.3008,10.7886],[107.3011,10.7891],[107.2991,10.7903],[107.3,10.7911],[107.2999,10.7914],[107.3004,10.7918],[107.3003,10.7945],[107.2998,10.7955],[107.3013,10.7956],[107.302,10.7951],[107.3024,10.7942],[107.3036,10.7936],[107.3038,10.7942],[107.303,10.7949],[107.3029,10.7957],[107.3026,10.7962],[107.304,10.7978],[107.3024,10.8003],[107.3013,10.8013],[107.3014,10.8034],[107.3006,10.8042],[107.3008,10.8044],[107.3012,10.8044],[107.302,10.8037],[107.3031,10.8037],[107.3044,10.8043],[107.3058,10.8054],[107.3073,10.8049],[107.3081,10.8052],[107.3087,10.8045],[107.3122,10.8024],[107.313,10.8022],[107.3145,10.8024],[107.3146,10.8019],[107.3153,10.8014],[107.3167,10.8021],[107.3179,10.802],[107.3183,10.8026],[107.3194,10.8028],[107.3213,10.8025],[107.3222,10.8029],[107.322,10.8031],[107.3225,10.8036],[107.3236,10.8043],[107.3243,10.8041],[107.3243,10.8044],[107.323,10.8049],[107.3232,10.8058],[107.3226,10.8073],[107.3235,10.808],[107.3237,10.8086],[107.3231,10.8086],[107.3234,10.8092],[107.3218,10.8093],[107.3214,10.8101],[107.3208,10.8104],[107.3211,10.811],[107.3201,10.8117],[107.3201,10.8127],[107.3194,10.8134],[107.3199,10.8139],[107.3195,10.8142],[107.3197,10.8145],[107.3193,10.8147],[107.3194,10.815],[107.3191,10.8153],[107.319,10.8162],[107.3179,10.8165],[107.3184,10.8169],[107.318,10.8202],[107.3198,10.8228],[107.3191,10.8236],[107.3179,10.8238],[107.3184,10.8254],[107.3176,10.8257],[107.3179,10.8266],[107.3186,10.8264],[107.3188,10.8272],[107.3186,10.8276],[107.3178,10.828],[107.3184,10.8292],[107.3188,10.8292],[107.3191,10.8287],[107.3197,10.8284],[107.32,10.8292],[107.3177,10.8315],[107.3183,10.8323],[107.3162,10.8334],[107.3169,10.8347],[107.3186,10.8354],[107.3191,10.8364],[107.3215,10.8383],[107.3213,10.8384],[107.3215,10.8387],[107.3211,10.8391],[107.3215,10.8393],[107.3213,10.8419],[107.3208,10.8417],[107.3193,10.8419],[107.3197,10.8423],[107.3198,10.8432],[107.3205,10.8437],[107.3204,10.8443],[107.3215,10.8454],[107.3222,10.8456],[107.3214,10.847],[107.3219,10.8483],[107.3224,10.8482],[107.3226,10.8486],[107.3224,10.8487],[107.3218,10.8482],[107.3204,10.848],[107.3204,10.849],[107.3194,10.8498],[107.3195,10.8501],[107.3176,10.8509],[107.3166,10.8498],[107.3158,10.8505],[107.3156,10.8497],[107.3133,10.8494],[107.313,10.8488],[107.3126,10.849],[107.3116,10.8476],[107.3111,10.8475],[107.3107,10.848],[107.3106,10.8474],[107.31,10.8469],[107.3097,10.8472],[107.3071,10.8479],[107.3066,10.8472],[107.3057,10.8479],[107.3055,10.8476],[107.3047,10.8479],[107.3044,10.8474],[107.3036,10.8471],[107.304,10.8462],[107.3034,10.8461],[107.3034,10.8455],[107.3029,10.8448],[107.3028,10.8438],[107.3014,10.8428],[107.302,10.8424],[107.302,10.8416],[107.301,10.8418],[107.3002,10.8409],[107.2976,10.8403],[107.2944,10.8411],[107.2934,10.8404],[107.2925,10.8403],[107.2913,10.8407],[107.2911,10.8412],[107.2907,10.8409],[107.2902,10.8412],[107.2896,10.84],[107.2886,10.8398],[107.2883,10.8393],[107.2875,10.8396],[107.2863,10.8386],[107.2865,10.8383],[107.2863,10.8378],[107.2855,10.8374],[107.2852,10.8376],[107.2841,10.8369],[107.2837,10.836],[107.2839,10.8351],[107.2837,10.8348],[107.2834,10.835],[107.2834,10.836],[107.2839,10.8372],[107.2838,10.8377],[107.2847,10.8379],[107.2855,10.8385],[107.2854,10.839],[107.2849,10.8394],[107.2834,10.8393],[107.2798,10.8369],[107.2788,10.8364],[107.2781,10.8364],[107.2787,10.8367],[107.279,10.8376],[107.2797,10.8378],[107.2804,10.8377],[107.2809,10.838],[107.281,10.8383],[107.2807,10.8384],[107.2806,10.8389],[107.2823,10.8401],[107.2822,10.841],[107.2815,10.8414],[107.281,10.8413],[107.2796,10.8421],[107.2786,10.8423],[107.2764,10.8434],[107.2763,10.8444],[107.2756,10.8442],[107.2734,10.8453],[107.2734,10.8455],[107.2743,10.8457],[107.2725,10.8467],[107.2719,10.8465],[107.2701,10.8469],[107.2705,10.8469],[107.2699,10.8473],[107.2693,10.8484],[107.2698,10.8503],[107.271,10.8511],[107.2707,10.8517],[107.2681,10.8528],[107.2674,10.8535],[107.2668,10.8549],[107.266,10.8559],[107.2641,10.8566]]]},"properties":{"code":"26341","name":"Cẩm Mỹ","nameEn":"Cam My","fullName":"Xã Cẩm Mỹ","fullNameEn":"Cam My Commune","codeName":"cam_my","postalCode":"76519","postalCodePrefix":"","gisServerId":"diaphanhanhchinhcapxa_2025.3100","areaKm2":113.1},"id":"26341"},
{"type":"Feature","geometry":{"type":"Polygon","coordinates":[[[107.1934,10.7718],[107.1931,10.7722],[107.1941,10.7722],[107.194,10.7726],[107.1947,10.7734],[107.1941,10.7736],[107.1942,10.7748],[107.1938,10.7752],[107.1947,10.7758],[107.1957,10.7772],[107.196,10.777],[107.196,10.7767],[107.1963,10.7767],[107.1963,10.7771],[107.1971,10.7768],[107.1975,10.7772],[107.1982,10.7772],[107.199,10.7777],[107.1996,10.7773],[107.2005,10.7773],[107.2003,10.7767],[107.2005,10.7766],[107.2026,10.7774],[107.2032,10.7773],[107.2039,10.7779],[107.2034,10.7795],[107.2034,10.7801],[107.2038,10.7804],[107.2037,10.7821],[107.2042,10.7822],[107.2046,10.7835],[107.205,10.7833],[107.205,10.784],[107.2054,10.7844],[107.2061,10.7844],[107.2063,10.7849],[107.2067,10.7851],[107.2068,10.7859],[107.208,10.7859],[107.208,10.7861],[107.2075,10.7865],[107.2074,10.7872],[107.2077,10.788],[107.2083,10.7885],[107.2085,10.7899],[107.2093,10.7908],[107.21,10.7909],[107.211,10.7917],[107.2118,10.7933],[107.2119,10.7936],[107.2116,10.7938],[107.2104,10.7939],[107.2114,10.8294],[107.2016,10.8247],[107.2015,10.8229],[107.2021,10.8226],[107.2029,10.8227],[107.2031,10.823],[107.2033,10.8227],[107.2023,10.8217],[107.1979,10.8219],[107.1959,10.8215],[107.1952,10.822],[107.1929,10.8222],[107.1917,10.8233],[107.1895,10.8235],[107.1881,10.8226],[107.1868,10.8221],[107.1845,10.8218],[107.1835,10.822],[107.1821,10.8203],[107.181,10.8205],[107.1802,10.8198],[107.1792,10.8194],[107.1788,10.8188],[107.1785,10.819],[107.1781,10.8186],[107.1771,10.8196],[107.1767,10.8193],[107.1761,10.8196],[107.1762,10.819],[107.1758,10.8191],[107.1742,10.8175],[107.1734,10.818],[107.1729,10.8177],[107.1725,10.8178],[107.1723,10.8171],[107.1724,10.8163],[107.1681,10.8174],[107.1678,10.8171],[107.1677,10.8162],[107.1674,10.8159],[107.1666,10.8155],[107.164,10.8151],[107.1623,10.8138],[107.1608,10.8139],[107.1598,10.813],[107.1592,10.8119],[107.1581,10.8119],[107.1582,10.8112],[107.1578,10.8115],[107.1567,10.8106],[107.156,10.8104],[107.1557,10.8107],[107.1545,10.8102],[107.1543,10.8093],[107.1536,10.8094],[107.1534,10.809],[107.1536,10.8078],[107.1532,10.807],[107.1524,10.8065],[107.1517,10.8065],[107.1512,10.8061],[107.1507,10.8059],[107.1501,10.8063],[107.1486,10.8062],[107.1482,10.8065],[107.1479,10.8061],[107.1473,10.8061],[107.1467,10.8064],[107.1466,10.807],[107.1459,10.8069],[107.1452,10.8071],[107.1443,10.8068],[107.1431,10.8078],[107.1419,10.8068],[107.1409,10.807],[107.1398,10.8065],[107.1389,10.8068],[107.1382,10.8066],[107.1365,10.8077],[107.1356,10.8074],[107.135,10.808],[107.1337,10.8086],[107.1333,10.8084],[107.1327,10.8086],[107.1325,10.8082],[107.1318,10.8081],[107.1317,10.8077],[107.1313,10.8077],[107.1311,10.8075],[107.1299,10.8073],[107.1291,10.8075],[107.1291,10.8072],[107.1285,10.8073],[107.1285,10.8068],[107.1277,10.8062],[107.1277,10.8058],[107.1271,10.8059],[107.126,10.8051],[107.1249,10.8049],[107.1245,10.8051],[107.1244,10.8046],[107.1238,10.8043],[107.1237,10.804],[107.1223,10.8044],[107.121,10.8039],[107.1206,10.8041],[107.1195,10.8033],[107.1192,10.8036],[107.1189,10.8032],[107.1184,10.8035],[107.1181,10.8033],[107.1181,10.8029],[107.1174,10.8027],[107.1164,10.8031],[107.1162,10.8028],[107.1157,10.8031],[107.1155,10.8028],[107.1147,10.803],[107.1145,10.8033],[107.1141,10.8032],[107.1138,10.8025],[107.1133,10.8024],[107.113,10.8026],[107.1129,10.8023],[107.1115,10.8017],[107.111,10.8019],[107.1111,10.8015],[107.1108,10.8018],[107.1099,10.8015],[107.1096,10.8008],[107.1089,10.8006],[107.1084,10.7994],[107.1067,10.7998],[107.1056,10.8006],[107.1052,10.8003],[107.1045,10.8007],[107.104,10.8006],[107.104,10.801],[107.1036,10.8008],[107.1036,10.8013],[107.1032,10.8011],[107.1031,10.8006],[107.1029,10.8011],[107.1024,10.8009],[107.1023,10.8014],[107.1018,10.8011],[107.1016,10.8014],[107.1011,10.801],[107.1007,10.8018],[107.0999,10.8022],[107.0995,10.8032],[107.0988,10.8035],[107.0989,10.8041],[107.0983,10.8043],[107.0981,10.804],[107.0978,10.8042],[107.0968,10.8038],[107.0968,10.8035],[107.0962,10.8037],[107.0957,10.8031],[107.0953,10.8031],[107.0951,10.8028],[107.094,10.803],[107.0935,10.8036],[107.0936,10.804],[107.093,10.8048],[107.0931,10.8053],[107.0927,10.8055],[107.092,10.8069],[107.0909,10.8069],[107.0902,10.8073],[107.0898,10.8078],[107.0898,10.8086],[107.0892,10.8089],[107.0892,10.8098],[107.0896,10.8107],[107.088,10.8113],[107.0876,10.8117],[107.0874,10.8114],[107.0872,10.8117],[107.0867,10.8113],[107.0863,10.8107],[107.0853,10.8107],[107.085,10.8103],[107.0842,10.8103],[107.0837,10.8108],[107.0828,10.8109],[107.0825,10.8119],[107.0821,10.8117],[107.082,10.812],[107.0813,10.8119],[107.0811,10.813],[107.0804,10.8128],[107.08,10.8132],[107.0793,10.813],[107.0785,10.8133],[107.0787,10.8153],[107.0783,10.8154],[107.0779,10.8163],[107.0775,10.8163],[107.0774,10.8173],[107.0764,10.8172],[107.0762,10.8177],[107.0765,10.8179],[107.0763,10.8182],[107.0758,10.8183],[107.0754,10.819],[107.0748,10.819],[107.0744,10.8197],[107.0735,10.8197],[107.1019,10.7824],[107.0822,10.7679],[107.0832,10.7669],[107.0829,10.7661],[107.0835,10.7663],[107.0849,10.7676],[107.0856,10.7675],[107.086,10.7671],[107.0854,10.7672],[107.0853,10.7663],[107.0869,10.7664],[107.0878,10.7654],[107.089,10.7654],[107.0887,10.7647],[107.0891,10.7637],[107.0895,10.7638],[107.0897,10.7646],[107.09,10.7646],[107.0909,10.7631],[107.0903,10.7629],[107.0904,10.7626],[107.0917,10.7618],[107.0912,10.7613],[107.0914,10.7596],[107.0925,10.7593],[107.0927,10.7583],[107.0935,10.758],[107.0935,10.7573],[107.0943,10.7578],[107.095,10.7576],[107.0951,10.7568],[107.0946,10.7566],[107.0953,10.7561],[107.0954,10.7555],[107.0948,10.7546],[107.0955,10.7544],[107.0952,10.7539],[107.0959,10.7532],[107.0963,10.7533],[107.0965,10.7539],[107.097,10.7536],[107.097,10.7531],[107.0964,10.753],[107.097,10.7514],[107.097,10.7509],[107.0968,10.7506],[107.0959,10.7507],[107.096,10.75],[107.0969,10.7497],[107.0972,10.7487],[107.0977,10.7483],[107.0982,10.7488],[107.0988,10.7478],[107.0989,10.7471],[107.0994,10.7475],[107.1003,10.7467],[107.1012,10.7464],[107.1006,10.7455],[107.1016,10.7454],[107.1012,10.7445],[107.1014,10.7441],[107.1017,10.7442],[107.1019,10.7447],[107.1037,10.7446],[107.104,10.7442],[107.1044,10.7445],[107.1043,10.7441],[107.1047,10.7437],[107.1052,10.7437],[107.1055,10.7443],[107.106,10.7443],[107.1071,10.7436],[107.1074,10.7443],[107.108,10.7444],[107.1086,10.7441],[107.1096,10.7446],[107.1099,10.7439],[107.1104,10.7446],[107.1114,10.7449],[107.112,10.7444],[107.1124,10.7449],[107.1131,10.7447],[107.1134,10.7454],[107.1149,10.7458],[107.1153,10.7455],[107.115,10.7449],[107.1163,10.7448],[107.1169,10.7455],[107.1171,10.7446],[107.1182,10.7444],[107.1184,10.7448],[107.1182,10.7456],[107.1205,10.7451],[107.1207,10.7453],[107.1205,10.7459],[107.1216,10.7456],[107.1224,10.7466],[107.123,10.7459],[107.1236,10.746],[107.1241,10.7471],[107.1243,10.7472],[107.1252,10.7467],[107.1265,10.7466],[107.1274,10.747],[107.1301,10.7448],[107.1347,10.744],[107.1384,10.745],[107.1447,10.7446],[107.1459,10.7441],[107.148,10.7447],[107.1494,10.744],[107.1495,10.7445],[107.1502,10.7443],[107.1509,10.7444],[107.1514,10.7439],[107.1522,10.7446],[107.1525,10.7443],[107.1528,10.7446],[107.153,10.7442],[107.1538,10.7441],[107.1541,10.7444],[107.1543,10.7441],[107.1551,10.7453],[107.1558,10.7456],[107.1562,10.7461],[107.1568,10.7461],[107.1573,10.7457],[107.1573,10.7466],[107.158,10.7475],[107.1586,10.7478],[107.1589,10.7483],[107.1602,10.7482],[107.1607,10.7486],[107.1607,10.7493],[107.1615,10.7493],[107.162,10.7498],[107.1628,10.7495],[107.1631,10.7498],[107.1636,10.7496],[107.1639,10.7507],[107.1645,10.7508],[107.1648,10.752],[107.1657,10.7525],[107.1665,10.754],[107.1669,10.754],[107.1668,10.7527],[107.1675,10.7533],[107.1675,10.753],[107.1678,10.7532],[107.1683,10.7527],[107.1684,10.7533],[107.1696,10.7538],[107.1715,10.7559],[107.1711,10.7565],[107.1717,10.7579],[107.1728,10.7584],[107.1737,10.7592],[107.1741,10.7606],[107.1747,10.7606],[107.1749,10.761],[107.1758,10.7615],[107.1774,10.7618],[107.1778,10.7616],[107.178,10.7619],[107.1784,10.7617],[107.1786,10.7621],[107.1793,10.7622],[107.1798,10.7631],[107.1793,10.7632],[107.1798,10.7641],[107.1797,10.7646],[107.1808,10.7646],[107.1809,10.7651],[107.1805,10.766],[107.1808,10.767],[107.1823,10.7677],[107.1822,10.7682],[107.1835,10.768],[107.1837,10.7684],[107.1851,10.7686],[107.1873,10.7701],[107.1874,10.7711],[107.1894,10.772],[107.1903,10.7713],[107.1906,10.7717],[107.1914,10.7714],[107.1914,10.7723],[107.1919,10.7716],[107.1923,10.7718],[107.1929,10.7715],[107.1934,10.7718]]]},"properties":{"code":"26347","name":"Xuân Đường","nameEn":"Xuan Duong","fullName":"Xã Xuân Đường","fullNameEn":"Xuan Duong Commune","codeName":"xuan_duong","postalCode":"76516","postalCodePrefix":"","gisServerId":"diaphanhanhchinhcapxa_2025.3130","areaKm2":82.1},"id":"26347"},
{"type":"Feature","geometry":{"type":"Polygon","coordinates":[[[107.4224,10.7792],[107.4182,10.7813],[107.4203,10.7842],[107.4203,10.786],[107.4183,10.7852],[107.4173,10.7855],[107.4169,10.7859],[107.4166,10.7875],[107.4155,10.7875],[107.4151,10.7885],[107.4153,10.7897],[107.4149,10.791],[107.4142,10.7911],[107.4138,10.7915],[107.4137,10.7925],[107.4131,10.793],[107.4125,10.7942],[107.4109,10.7956],[107.4102,10.7954],[107.4088,10.7957],[107.408,10.7966],[107.4068,10.7996],[107.4041,10.8],[107.4035,10.8012],[107.4031,10.8014],[107.403,10.8022],[107.4038,10.8039],[107.4052,10.8053],[107.4049,10.8069],[107.4059,10.8077],[107.4057,10.8085],[107.406,10.8091],[107.4058,10.8099],[107.407,10.8126],[107.4081,10.8134],[107.4086,10.8142],[107.4097,10.8151],[107.4108,10.8152],[107.4126,10.8197],[107.4133,10.8203],[107.4137,10.8212],[107.4146,10.8211],[107.4155,10.8214],[107.4151,10.8228],[107.416,10.823],[107.4164,10.8235],[107.4162,10.8246],[107.4169,10.8263],[107.4165,10.8285],[107.4174,10.8297],[107.4167,10.8309],[107.4176,10.8311],[107.4181,10.8316],[107.418,10.832],[107.4172,10.8323],[107.4175,10.8332],[107.4169,10.8337],[107.4175,10.8347],[107.4182,10.8348],[107.418,10.8357],[107.4187,10.8362],[107.4179,10.8364],[107.4183,10.8373],[107.4179,10.8376],[107.418,10.8383],[107.4175,10.8392],[107.4177,10.8394],[107.4187,10.8394],[107.4191,10.8397],[107.4186,10.841],[107.4192,10.8415],[107.4189,10.8442],[107.4196,10.8448],[107.4187,10.8457],[107.4192,10.8465],[107.419,10.847],[107.4173,10.8473],[107.416,10.8464],[107.4146,10.8474],[107.4142,10.8469],[107.4132,10.8475],[107.4127,10.847],[107.4123,10.8471],[107.4121,10.8466],[107.4109,10.8466],[107.4093,10.8467],[107.4094,10.8469],[107.4087,10.8472],[107.4085,10.8468],[107.4023,10.8471],[107.4022,10.8468],[107.4014,10.847],[107.4012,10.8475],[107.3996,10.8472],[107.3931,10.8473],[107.393,10.8467],[107.3908,10.8464],[107.3908,10.8468],[107.3903,10.847],[107.3838,10.8485],[107.3753,10.8491],[107.374,10.8485],[107.3723,10.8491],[107.3716,10.8497],[107.3709,10.8494],[107.3707,10.8486],[107.3698,10.8479],[107.3695,10.848],[107.3697,10.8493],[107.3571,10.8499],[107.3563,10.8495],[107.3558,10.8501],[107.3555,10.85],[107.3556,10.8496],[107.3554,10.8492],[107.355,10.8496],[107.3546,10.8495],[107.3544,10.8502],[107.3541,10.8503],[107.3527,10.8496],[107.3523,10.8502],[107.3516,10.8497],[107.3513,10.8502],[107.3386,10.8508],[107.3385,10.8502],[107.3378,10.8509],[107.3364,10.8509],[107.3336,10.851],[107.3336,10.8506],[107.3312,10.8519],[107.331,10.851],[107.3268,10.8511],[107.3232,10.8527],[107.3215,10.8529],[107.3204,10.8515],[107.3205,10.8511],[107.321,10.8508],[107.3209,10.8497],[107.3215,10.8496],[107.3214,10.849],[107.3224,10.8487],[107.3226,10.8486],[107.3224,10.8482],[107.3219,10.8483],[107.3214,10.847],[107.3222,10.8456],[107.3215,10.8454],[107.3204,10.8443],[107.3205,10.8437],[107.3198,10.8432],[107.3197,10.8423],[107.3193,10.8419],[107.3208,10.8417],[107.3213,10.8419],[107.3215,10.8393],[107.3211,10.8391],[107.3215,10.8387],[107.3213,10.8384],[107.3215,10.8383],[107.3191,10.8364],[107.3186,10.8354],[107.3169,10.8347],[107.3162,10.8334],[107.3183,10.8323],[107.3177,10.8315],[107.32,10.8292],[107.3197,10.8284],[107.3191,10.8287],[107.3188,10.8292],[107.3184,10.8292],[107.3178,10.828],[107.3186,10.8276],[107.3188,10.8272],[107.3186,10.8264],[107.3179,10.8266],[107.3176,10.8257],[107.3184,10.8254],[107.3179,10.8238],[107.3191,10.8236],[107.3198,10.8228],[107.318,10.8202],[107.3184,10.8169],[107.3179,10.8165],[107.319,10.8162],[107.3191,10.8153],[107.3194,10.815],[107.3193,10.8147],[107.3197,10.8145],[107.3195,10.8142],[107.3199,10.8139],[107.3194,10.8134],[107.3201,10.8127],[107.3201,10.8117],[107.3211,10.811],[107.3208,10.8104],[107.3214,10.8101],[107.3218,10.8093],[107.3234,10.8092],[107.3231,10.8086],[107.3237,10.8086],[107.3235,10.808],[107.3226,10.8073],[107.3232,10.8058],[107.323,10.8049],[107.3243,10.8044],[107.3243,10.8041],[107.3236,10.8043],[107.3225,10.8036],[107.322,10.8031],[107.3222,10.8029],[107.3213,10.8025],[107.3194,10.8028],[107.3183,10.8026],[107.3179,10.802],[107.3167,10.8021],[107.3153,10.8014],[107.3146,10.8019],[107.3145,10.8024],[107.313,10.8022],[107.3122,10.8024],[107.3087,10.8045],[107.3081,10.8052],[107.3073,10.8049],[107.3058,10.8054],[107.3044,10.8043],[107.3031,10.8037],[107.302,10.8037],[107.3012,10.8044],[107.3008,10.8044],[107.3006,10.8042],[107.3014,10.8034],[107.3013,10.8013],[107.3024,10.8003],[107.304,10.7978],[107.3026,10.7962],[107.3029,10.7957],[107.303,10.7949],[107.3038,10.7942],[107.3036,10.7936],[107.3024,10.7942],[107.302,10.7951],[107.3013,10.7956],[107.2998,10.7955],[107.3003,10.7945],[107.3004,10.7918],[107.2999,10.7914],[107.3,10.7911],[107.2991,10.7903],[107.3011,10.7891],[107.3008,10.7886],[107.3015,10.7886],[107.3015,10.7877],[107.3007,10.788],[107.2999,10.7864],[107.2988,10.786],[107.2978,10.7853],[107.2961,10.7846],[107.2941,10.7844],[107.2931,10.7835],[107.2915,10.783],[107.2908,10.7822],[107.2892,10.7815],[107.2873,10.7799],[107.288,10.778],[107.2877,10.7757],[107.2869,10.7756],[107.2884,10.7751],[107.2896,10.7741],[107.2903,10.7739],[107.2919,10.7722],[107.2942,10.7716],[107.295,10.7703],[107.2948,10.7696],[107.2954,10.769],[107.2979,10.77],[107.2994,10.7698],[107.3012,10.7707],[107.3018,10.7703],[107.3017,10.7642],[107.3241,10.7639],[107.3263,10.7629],[107.3891,10.7625],[107.3899,10.7624],[107.3913,10.7613],[107.3924,10.7604],[107.3927,10.7602],[107.3939,10.7615],[107.3938,10.7624],[107.394,10.7629],[107.3949,10.7631],[107.3973,10.763],[107.3983,10.7648],[107.3989,10.7652],[107.399,10.7659],[107.4,10.766],[107.3999,10.7668],[107.4004,10.7675],[107.4,10.7681],[107.4006,10.7684],[107.4008,10.769],[107.4025,10.769],[107.4028,10.7698],[107.4034,10.7693],[107.404,10.7698],[107.4045,10.7696],[107.4046,10.7698],[107.4041,10.7703],[107.4043,10.7706],[107.4053,10.7708],[107.4058,10.7703],[107.4059,10.7713],[107.4067,10.7713],[107.4075,10.7723],[107.4076,10.7729],[107.4079,10.773],[107.4079,10.7737],[107.4087,10.7738],[107.4083,10.7742],[107.4094,10.774],[107.4097,10.7747],[107.4103,10.7743],[107.4105,10.7749],[107.4107,10.7744],[107.4112,10.7742],[107.412,10.7749],[107.4118,10.7741],[107.412,10.774],[107.4124,10.7744],[107.4126,10.7741],[107.4124,10.7736],[107.413,10.7737],[107.413,10.7732],[107.4138,10.7733],[107.4151,10.7726],[107.4153,10.7728],[107.415,10.7731],[107.4154,10.7734],[107.4161,10.7723],[107.4166,10.7726],[107.417,10.7722],[107.4185,10.7724],[107.4191,10.771],[107.4196,10.7719],[107.4202,10.7722],[107.4202,10.7734],[107.4192,10.774],[107.4195,10.7744],[107.4194,10.775],[107.4203,10.776],[107.421,10.776],[107.4209,10.7764],[107.4215,10.7767],[107.4215,10.7772],[107.4205,10.7776],[107.4213,10.7776],[107.4216,10.7783],[107.4218,10.7778],[107.4223,10.778],[107.4224,10.7792]]]},"properties":{"code":"26359","name":"Xuân Đông","nameEn":"Xuan Dong","fullName":"Xã Xuân Đông","fullNameEn":"Xuan Dong Commune","codeName":"xuan_dong","postalCode":"76513","postalCodePrefix":"","gisServerId":"diaphanhanhchinhcapxa_2025.3131","areaKm2":108},"id":"26359"},
{"type":"Feature","geometry":{"type":"Polygon","coordinates":[[[107.3913,10.7613],[107.3899,10.7624],[107.3891,10.7625],[107.3263,10.7629],[107.3241,10.7639],[107.3017,10.7642],[107.3014,10.7593],[107.3005,10.755],[107.2995,10.7504],[107.3041,10.7493],[107.3039,10.7486],[107.3034,10.7484],[107.3017,10.7454],[107.3025,10.7375],[107.3031,10.7349],[107.3029,10.7325],[107.3043,10.7303],[107.3039,10.73],[107.3051,10.7291],[107.3053,10.7285],[107.3051,10.7282],[107.303,10.7283],[107.3032,10.7274],[107.3039,10.7274],[107.3044,10.7279],[107.3046,10.7276],[107.3037,10.7264],[107.3039,10.7259],[107.3037,10.725],[107.303,10.7244],[107.303,10.7232],[107.302,10.7216],[107.301,10.7208],[107.3011,10.7195],[107.3009,10.719],[107.302,10.718],[107.3013,10.7178],[107.3042,10.7151],[107.3053,10.7146],[107.3054,10.7131],[107.3011,10.7079],[107.3007,10.7046],[107.3004,10.704],[107.2999,10.704],[107.3009,10.7018],[107.3019,10.7016],[107.3024,10.7008],[107.3033,10.7004],[107.3036,10.6998],[107.3056,10.6992],[107.3058,10.698],[107.3064,10.6975],[107.3071,10.6963],[107.3074,10.6962],[107.3068,10.6953],[107.3067,10.6946],[107.3078,10.6941],[107.3073,10.6936],[107.3046,10.6925],[107.3049,10.6918],[107.3036,10.6911],[107.3047,10.6885],[107.2994,10.6863],[107.3,10.6855],[107.2995,10.6851],[107.2999,10.6848],[107.2998,10.6838],[107.3,10.6835],[107.3005,10.6837],[107.3013,10.6834],[107.3017,10.6827],[107.3028,10.6821],[107.3026,10.6815],[107.3062,10.6787],[107.3069,10.6777],[107.308,10.6775],[107.3083,10.6767],[107.3091,10.6766],[107.3093,10.6759],[107.3101,10.6757],[107.3105,10.675],[107.3103,10.6744],[107.3105,10.6741],[107.3105,10.6736],[107.3109,10.6735],[107.311,10.6728],[107.3114,10.6726],[107.3115,10.6729],[107.3119,10.673],[107.312,10.6724],[107.3129,10.6719],[107.3135,10.6708],[107.3153,10.6701],[107.3159,10.6692],[107.317,10.6692],[107.318,10.6687],[107.3192,10.6694],[107.3216,10.6699],[107.3227,10.6705],[107.3231,10.6722],[107.3246,10.6735],[107.3252,10.6735],[107.3259,10.6741],[107.3271,10.6744],[107.3281,10.6763],[107.3296,10.6765],[107.3309,10.6762],[107.3317,10.6774],[107.3383,10.6779],[107.3442,10.6754],[107.3486,10.6768],[107.3522,10.6785],[107.3507,10.6843],[107.3529,10.6971],[107.3494,10.7065],[107.3514,10.7105],[107.3564,10.7129],[107.3599,10.7198],[107.3593,10.7218],[107.3612,10.7248],[107.3612,10.7261],[107.3608,10.7275],[107.3611,10.7282],[107.3637,10.7298],[107.3635,10.7309],[107.3637,10.7311],[107.3643,10.7312],[107.3656,10.7305],[107.3662,10.7306],[107.3683,10.7332],[107.3698,10.7326],[107.3702,10.7318],[107.3708,10.7313],[107.3716,10.7316],[107.3718,10.7324],[107.3709,10.7335],[107.371,10.7343],[107.3716,10.7347],[107.3736,10.735],[107.3743,10.7357],[107.3749,10.7368],[107.3763,10.7376],[107.378,10.7404],[107.3783,10.7422],[107.3789,10.7421],[107.3794,10.7411],[107.3798,10.7412],[107.3801,10.7428],[107.3794,10.7442],[107.3805,10.7465],[107.3804,10.7476],[107.3812,10.7481],[107.3824,10.748],[107.3829,10.7477],[107.3832,10.7479],[107.3828,10.7488],[107.383,10.7511],[107.3837,10.7516],[107.3852,10.7521],[107.3858,10.7534],[107.3868,10.7539],[107.3875,10.7546],[107.3886,10.7549],[107.3889,10.7562],[107.3892,10.7567],[107.3899,10.7567],[107.391,10.7554],[107.3915,10.7555],[107.3928,10.757],[107.3932,10.7583],[107.3925,10.7597],[107.3927,10.7602],[107.3924,10.7604],[107.3913,10.7613]]]},"properties":{"code":"26362","name":"Sông Ray","nameEn":"Song Ray","fullName":"Xã Sông Ray","fullNameEn":"Song Ray Commune","codeName":"song_ray","postalCode":"76509","postalCodePrefix":"","gisServerId":"diaphanhanhchinhcapxa_2025.3132","areaKm2":65.6},"id":"26362"},
{"type":"Feature","geometry":{"type":"Polygon","coordinates":[[[107.0717,10.8197],[107.0713,10.8195],[107.0706,10.8196],[107.0688,10.822],[107.0662,10.8245],[107.0653,10.8252],[107.0634,10.826],[107.0615,10.8256],[107.0603,10.826],[107.0587,10.8251],[107.0579,10.8249],[107.0578,10.8242],[107.0193,10.8227],[107.0197,10.8349],[107.0155,10.8349],[107.0153,10.8342],[107.0127,10.8325],[107.008,10.8325],[107.0075,10.8329],[107.0063,10.8324],[106.9999,10.8327],[107.0003,10.8311],[106.9966,10.8293],[106.9931,10.8285],[106.9923,10.8279],[106.99,10.8276],[106.9883,10.8267],[106.9874,10.8256],[106.9864,10.827],[106.9842,10.8286],[106.9832,10.8299],[106.9829,10.8292],[106.9828,10.8271],[106.9806,10.8271],[106.9804,10.8198],[106.9803,10.8195],[106.9786,10.8195],[106.9784,10.8127],[106.978,10.8104],[106.9774,10.8105],[106.9767,10.8094],[106.9729,10.8059],[106.9722,10.8061],[106.9695,10.8061],[106.9679,10.8025],[106.9668,10.8017],[106.9676,10.8006],[106.9592,10.7925],[106.9549,10.7913],[106.9538,10.7931],[106.9523,10.7947],[106.9522,10.796],[106.9478,10.7947],[106.9459,10.7933],[106.947,10.7905],[106.9459,10.7901],[106.946,10.7894],[106.9454,10.7892],[106.946,10.7881],[106.944,10.7869],[106.9442,10.7864],[106.9439,10.7862],[106.9395,10.7851],[106.9394,10.7839],[106.9363,10.7839],[106.9351,10.7852],[106.9344,10.785],[106.9326,10.7857],[106.9258,10.7861],[106.925,10.7862],[106.9251,10.7867],[106.9247,10.787],[106.9239,10.787],[106.924,10.7862],[106.9208,10.7854],[106.9209,10.7835],[106.9184,10.7824],[106.9197,10.7808],[106.9197,10.7803],[106.9205,10.7794],[106.9226,10.7794],[106.9232,10.7791],[106.9243,10.7777],[106.924,10.7774],[106.9243,10.7763],[106.9362,10.7739],[106.9366,10.7737],[106.9365,10.7733],[106.9376,10.7731],[106.9376,10.7728],[106.9383,10.7728],[106.9386,10.7713],[106.9419,10.7717],[106.9422,10.7707],[106.9417,10.7695],[106.9423,10.7682],[106.9423,10.7664],[106.9419,10.7653],[106.9418,10.7639],[106.9408,10.7629],[106.9419,10.7624],[106.9425,10.7628],[106.9435,10.7621],[106.9443,10.7625],[106.9446,10.761],[106.9478,10.7624],[106.9481,10.7618],[106.9496,10.7615],[106.9509,10.7608],[106.9529,10.7613],[106.9532,10.7611],[106.9559,10.7568],[106.9581,10.7516],[106.959,10.751],[106.9583,10.7497],[106.9579,10.7482],[106.9565,10.7461],[106.9562,10.7452],[106.9561,10.7421],[106.9571,10.7384],[106.958,10.7372],[106.9597,10.7336],[106.9619,10.7324],[106.9637,10.7318],[106.9652,10.7308],[106.9653,10.7317],[106.9687,10.7323],[106.9709,10.731],[106.9716,10.7317],[106.9746,10.7333],[106.9748,10.7338],[106.975,10.7364],[106.9758,10.7371],[106.977,10.7374],[106.9778,10.7388],[106.9778,10.7396],[106.9788,10.7398],[106.979,10.7405],[106.9798,10.7406],[106.98,10.7412],[106.9808,10.7412],[106.9816,10.742],[106.9817,10.7426],[106.9832,10.7427],[106.9853,10.7424],[106.9862,10.7428],[106.9872,10.7425],[106.9883,10.7428],[106.9886,10.7432],[106.9902,10.7433],[106.9905,10.7429],[106.9912,10.743],[106.993,10.7409],[106.9939,10.7409],[106.9965,10.7416],[106.9979,10.7425],[106.9979,10.7427],[106.9997,10.7433],[107.001,10.7443],[107.0032,10.7442],[107.0062,10.7445],[107.0067,10.7448],[107.0104,10.7453],[107.012,10.7452],[107.0129,10.7464],[107.0141,10.7472],[107.0271,10.7301],[107.0822,10.7679],[107.1019,10.7824],[107.0735,10.8197],[107.0729,10.8198],[107.0728,10.8194],[107.0724,10.82],[107.0717,10.8197]]]},"properties":{"code":"26368","name":"Long Thành","nameEn":"Long Thanh","fullName":"Phường Long Thành","fullNameEn":"Long Thanh Ward","codeName":"long_thanh","postalCode":"76206","postalCodePrefix":"","gisServerId":"diaphanhanhchinhcapxa_2025.3133","areaKm2":130.1},"id":"26368"},
{"type":"Feature","geometry":{"type":"Polygon","coordinates":[[[106.9697,10.9043],[106.9676,10.9038],[106.9668,10.904],[106.9644,10.904],[106.964,10.9039],[106.9637,10.9041],[106.9635,10.9052],[106.9623,10.905],[106.9616,10.903],[106.9602,10.9028],[106.9602,10.9017],[106.9592,10.9023],[106.9578,10.9024],[106.9571,10.9009],[106.9567,10.9005],[106.9564,10.9006],[106.9557,10.8983],[106.9555,10.8983],[106.9543,10.8957],[106.9522,10.8967],[106.9515,10.8965],[106.9508,10.8971],[106.9508,10.8954],[106.9497,10.8951],[106.9469,10.8929],[106.9443,10.8884],[106.9423,10.8891],[106.9398,10.8893],[106.9366,10.8903],[106.9356,10.8894],[106.9336,10.8893],[106.9326,10.8899],[106.9313,10.8892],[106.9312,10.8896],[106.9305,10.8892],[106.9307,10.8884],[106.9285,10.8877],[106.9291,10.8853],[106.927,10.8836],[106.9267,10.8841],[106.9263,10.8831],[106.9247,10.8832],[106.9247,10.8824],[106.9242,10.8818],[106.9242,10.8799],[106.9256,10.8788],[106.9247,10.8781],[106.9242,10.8772],[106.9231,10.8769],[106.9228,10.8759],[106.9214,10.876],[106.9166,10.8729],[106.9149,10.8735],[106.912,10.8704],[106.9123,10.8697],[106.9108,10.8678],[106.9101,10.8663],[106.9101,10.865],[106.9089,10.8649],[106.9089,10.8644],[106.9079,10.8639],[106.9074,10.864],[106.907,10.8636],[106.9063,10.8636],[106.9059,10.8642],[106.9056,10.864],[106.9053,10.8633],[106.9053,10.8627],[106.9049,10.8624],[106.9044,10.8615],[106.9049,10.8612],[106.9044,10.8605],[106.9049,10.8602],[106.9049,10.8597],[106.9048,10.8594],[106.9043,10.8596],[106.9038,10.8583],[106.9041,10.8579],[106.904,10.8575],[106.9044,10.8573],[106.9042,10.8565],[106.9046,10.8554],[106.9021,10.8551],[106.9007,10.8544],[106.9003,10.8538],[106.8989,10.8542],[106.8976,10.8534],[106.8968,10.852],[106.8976,10.8511],[106.8981,10.8484],[106.8985,10.848],[106.8995,10.8478],[106.8998,10.8471],[106.8973,10.8432],[106.8966,10.8416],[106.8959,10.8409],[106.8939,10.8405],[106.8918,10.8429],[106.8888,10.8439],[106.8881,10.8451],[106.8842,10.8466],[106.884,10.8474],[106.8857,10.8492],[106.8862,10.8503],[106.8852,10.8527],[106.8852,10.8548],[106.8848,10.8551],[106.8836,10.855],[106.8827,10.856],[106.8808,10.8568],[106.8793,10.8564],[106.8793,10.8555],[106.879,10.855],[106.8746,10.8524],[106.8737,10.8516],[106.8741,10.8507],[106.877,10.8497],[106.8777,10.8492],[106.8779,10.8487],[106.8777,10.848],[106.8767,10.8476],[106.875,10.8476],[106.8734,10.8481],[106.8712,10.8494],[106.8701,10.8492],[106.8695,10.8481],[106.869,10.8461],[106.8691,10.8424],[106.8701,10.8399],[106.8712,10.8388],[106.8724,10.8383],[106.8755,10.8378],[106.8785,10.8353],[106.8802,10.8352],[106.8835,10.8365],[106.8844,10.8363],[106.8846,10.8356],[106.8832,10.8333],[106.8822,10.8328],[106.8805,10.8326],[106.8764,10.8333],[106.8744,10.8326],[106.8731,10.8314],[106.8708,10.8267],[106.8726,10.8247],[106.8782,10.8265],[106.8805,10.8285],[106.8813,10.8287],[106.882,10.8284],[106.8825,10.8273],[106.8824,10.8242],[106.8831,10.8238],[106.8836,10.8238],[106.8856,10.8244],[106.8872,10.8278],[106.8872,10.8281],[106.8869,10.8285],[106.8874,10.8293],[106.902,10.8225],[106.9024,10.824],[106.9046,10.8249],[106.9041,10.8261],[106.9047,10.8265],[106.9058,10.8268],[106.9071,10.8268],[106.9081,10.826],[106.908,10.8254],[106.9097,10.8257],[106.9123,10.8254],[106.9132,10.8256],[106.9131,10.8261],[106.9175,10.8292],[106.9209,10.8245],[106.927,10.826],[106.9329,10.8321],[106.9354,10.8337],[106.9332,10.8377],[106.9302,10.8412],[106.9294,10.8427],[106.9292,10.8444],[106.9293,10.8486],[106.9284,10.8533],[106.9338,10.8543],[106.9429,10.8569],[106.9598,10.861],[106.9662,10.8635],[106.9764,10.8712],[106.9766,10.8716],[106.9738,10.8756],[106.9735,10.8754],[106.9718,10.8778],[106.9796,10.8834],[106.9779,10.8855],[106.9799,10.887],[106.9795,10.8874],[106.9872,10.8924],[106.9854,10.895],[106.9832,10.8983],[106.9805,10.8981],[106.9797,10.8984],[106.9687,10.8988],[106.9687,10.8997],[106.9698,10.9018],[106.9695,10.9039],[106.9697,10.9043]]]},"properties":{"code":"26374","name":"Tam Phước","nameEn":"Tam Phuoc","fullName":"Phường Tam Phước","fullNameEn":"Tam Phuoc Ward","codeName":"tam_phuoc","postalCode":"76133","postalCodePrefix":"","gisServerId":"diaphanhanhchinhcapxa_2025.3134","areaKm2":45.1},"id":"26374"},
{"type":"Feature","geometry":{"type":"Polygon","coordinates":[[[106.9431,10.9342],[106.9425,10.9334],[106.9423,10.9316],[106.9427,10.9304],[106.9432,10.9302],[106.943,10.9292],[106.9423,10.9289],[106.9414,10.9273],[106.9413,10.9283],[106.9404,10.9289],[106.94,10.9299],[106.9394,10.9302],[106.9387,10.9312],[106.9386,10.9331],[106.938,10.9339],[106.9388,10.9353],[106.9386,10.9368],[106.94,10.9372],[106.9395,10.9379],[106.938,10.943],[106.9374,10.9429],[106.9366,10.9427],[106.9327,10.9334],[106.9321,10.9324],[106.9319,10.9326],[106.9301,10.9284],[106.929,10.927],[106.9278,10.9242],[106.9233,10.9198],[106.9232,10.9189],[106.9206,10.9134],[106.9213,10.9114],[106.9206,10.9084],[106.9207,10.9081],[106.9169,10.9053],[106.9161,10.9054],[106.9152,10.9062],[106.9111,10.9065],[106.9073,10.9062],[106.9057,10.9056],[106.9041,10.9055],[106.9008,10.9029],[106.899,10.9028],[106.8977,10.9023],[106.8948,10.902],[106.8942,10.901],[106.8911,10.899],[106.8916,10.8964],[106.8924,10.8953],[106.8942,10.8939],[106.8963,10.8903],[106.8956,10.89],[106.8939,10.89],[106.8936,10.8898],[106.8933,10.8891],[106.8925,10.8894],[106.8918,10.8885],[106.8906,10.8879],[106.8907,10.8874],[106.8913,10.8872],[106.8909,10.8861],[106.8909,10.8842],[106.8904,10.8839],[106.8898,10.8839],[106.8895,10.8835],[106.889,10.8835],[106.8886,10.8826],[106.8888,10.8814],[106.8878,10.8801],[106.8878,10.8794],[106.8887,10.8792],[106.8892,10.8786],[106.8881,10.8761],[106.8855,10.8751],[106.8818,10.8746],[106.8802,10.874],[106.8799,10.8735],[106.8799,10.8729],[106.8815,10.8714],[106.8816,10.871],[106.8811,10.8704],[106.8791,10.87],[106.8757,10.8705],[106.8748,10.8699],[106.8746,10.8693],[106.8748,10.8682],[106.8759,10.8659],[106.875,10.8624],[106.8741,10.8605],[106.8727,10.8597],[106.8697,10.8604],[106.8686,10.8595],[106.8689,10.8585],[106.8729,10.855],[106.8744,10.855],[106.878,10.8567],[106.8793,10.8564],[106.8808,10.8568],[106.8827,10.856],[106.8836,10.855],[106.8848,10.8551],[106.8852,10.8548],[106.8852,10.8527],[106.8862,10.8503],[106.8857,10.8492],[106.884,10.8474],[106.8842,10.8466],[106.8881,10.8451],[106.8888,10.8439],[106.8918,10.8429],[106.8939,10.8405],[106.8959,10.8409],[106.8966,10.8416],[106.8973,10.8432],[106.8998,10.8471],[106.8995,10.8478],[106.8985,10.848],[106.8981,10.8484],[106.8976,10.8511],[106.8968,10.852],[106.8976,10.8534],[106.8989,10.8542],[106.9003,10.8538],[106.9007,10.8544],[106.9021,10.8551],[106.9046,10.8554],[106.9042,10.8565],[106.9044,10.8573],[106.904,10.8575],[106.9041,10.8579],[106.9038,10.8583],[106.9043,10.8596],[106.9048,10.8594],[106.9049,10.8597],[106.9049,10.8602],[106.9044,10.8605],[106.9049,10.8612],[106.9044,10.8615],[106.9049,10.8624],[106.9053,10.8627],[106.9053,10.8633],[106.9056,10.864],[106.9059,10.8642],[106.9063,10.8636],[106.907,10.8636],[106.9074,10.864],[106.9079,10.8639],[106.9089,10.8644],[106.9089,10.8649],[106.9101,10.865],[106.9101,10.8663],[106.9108,10.8678],[106.9123,10.8697],[106.912,10.8704],[106.9149,10.8735],[106.9166,10.8729],[106.9214,10.876],[106.9228,10.8759],[106.9231,10.8769],[106.9242,10.8772],[106.9247,10.8781],[106.9256,10.8788],[106.9242,10.8799],[106.9242,10.8818],[106.9247,10.8824],[106.9247,10.8832],[106.9263,10.8831],[106.9267,10.8841],[106.927,10.8836],[106.9291,10.8853],[106.9285,10.8877],[106.9307,10.8884],[106.9305,10.8892],[106.9312,10.8896],[106.9313,10.8892],[106.9326,10.8899],[106.9336,10.8893],[106.9356,10.8894],[106.9366,10.8903],[106.9398,10.8893],[106.9423,10.8891],[106.9443,10.8884],[106.9469,10.8929],[106.9497,10.8951],[106.9508,10.8954],[106.9508,10.8971],[106.9515,10.8965],[106.9522,10.8967],[106.9543,10.8957],[106.9555,10.8983],[106.9557,10.8983],[106.9564,10.9006],[106.9567,10.9005],[106.9571,10.9009],[106.9578,10.9024],[106.9592,10.9023],[106.9602,10.9017],[106.9602,10.9028],[106.9616,10.903],[106.9623,10.905],[106.9635,10.9052],[106.9637,10.9041],[106.964,10.9039],[106.9644,10.904],[106.9668,10.904],[106.9676,10.9038],[106.9697,10.9043],[106.9703,10.9054],[106.9696,10.9063],[106.97,10.907],[106.9699,10.9085],[106.9698,10.9096],[106.9693,10.9101],[106.9697,10.9106],[106.9694,10.9108],[106.9714,10.914],[106.9696,10.9153],[106.9686,10.9169],[106.9705,10.9171],[106.9706,10.9199],[106.9673,10.9196],[106.9671,10.9202],[106.9667,10.9202],[106.9673,10.9239],[106.968,10.9254],[106.968,10.9264],[106.9686,10.9278],[106.9672,10.9285],[106.9667,10.9291],[106.9671,10.9302],[106.9646,10.9313],[106.9553,10.9323],[106.952,10.9331],[106.9478,10.9328],[106.9482,10.9373],[106.9459,10.9372],[106.9456,10.9364],[106.9446,10.9357],[106.9431,10.9342]]]},"properties":{"code":"26377","name":"Phước Tân","nameEn":"Phuoc Tan","fullName":"Phường Phước Tân","fullNameEn":"Phuoc Tan Ward","codeName":"phuoc_tan","postalCode":"76132","postalCodePrefix":"","gisServerId":"diaphanhanhchinhcapxa_2025.3135","areaKm2":42.8},"id":"26377"},
{"type":"Feature","geometry":{"type":"Polygon","coordinates":[[[106.8911,10.899],[106.8909,10.9004],[106.8895,10.9039],[106.8901,10.9095],[106.8899,10.9104],[106.885,10.9156],[106.8826,10.9207],[106.8818,10.9196],[106.8812,10.9167],[106.8801,10.9155],[106.8806,10.9148],[106.8802,10.9142],[106.8799,10.9126],[106.8795,10.9126],[106.8794,10.9119],[106.8783,10.9116],[106.8775,10.9106],[106.8767,10.9104],[106.8762,10.9093],[106.8742,10.9088],[106.8741,10.9084],[106.8735,10.9082],[106.8734,10.9075],[106.8719,10.9076],[106.8713,10.9068],[106.8708,10.907],[106.8701,10.9063],[106.8697,10.9064],[106.8692,10.9061],[106.8675,10.9066],[106.8687,10.9079],[106.8701,10.9099],[106.8711,10.9107],[106.8669,10.916],[106.8628,10.9198],[106.8486,10.9057],[106.8459,10.904],[106.8394,10.9016],[106.8424,10.8925],[106.8437,10.8844],[106.8441,10.8835],[106.8479,10.8804],[106.8512,10.8759],[106.8507,10.8731],[106.8467,10.8655],[106.8468,10.8642],[106.8486,10.8587],[106.8512,10.854],[106.8536,10.8483],[106.8564,10.8427],[106.8639,10.8349],[106.8708,10.8267],[106.8731,10.8314],[106.8744,10.8326],[106.8764,10.8333],[106.8805,10.8326],[106.8822,10.8328],[106.8832,10.8333],[106.8846,10.8356],[106.8844,10.8363],[106.8835,10.8365],[106.8802,10.8352],[106.8785,10.8353],[106.8755,10.8378],[106.8724,10.8383],[106.8712,10.8388],[106.8701,10.8399],[106.8691,10.8424],[106.869,10.8461],[106.8695,10.8481],[106.8701,10.8492],[106.8712,10.8494],[106.8734,10.8481],[106.875,10.8476],[106.8767,10.8476],[106.8777,10.848],[106.8779,10.8487],[106.8777,10.8492],[106.877,10.8497],[106.8741,10.8507],[106.8737,10.8516],[106.8746,10.8524],[106.879,10.855],[106.8793,10.8555],[106.8793,10.8564],[106.878,10.8567],[106.8744,10.855],[106.8729,10.855],[106.8689,10.8585],[106.8686,10.8595],[106.8697,10.8604],[106.8727,10.8597],[106.8741,10.8605],[106.875,10.8624],[106.8759,10.8659],[106.8748,10.8682],[106.8746,10.8693],[106.8748,10.8699],[106.8757,10.8705],[106.8791,10.87],[106.8811,10.8704],[106.8816,10.871],[106.8815,10.8714],[106.8799,10.8729],[106.8799,10.8735],[106.8802,10.874],[106.8818,10.8746],[106.8855,10.8751],[106.8881,10.8761],[106.8892,10.8786],[106.8887,10.8792],[106.8878,10.8794],[106.8878,10.8801],[106.8888,10.8814],[106.8886,10.8826],[106.889,10.8835],[106.8895,10.8835],[106.8898,10.8839],[106.8904,10.8839],[106.8909,10.8842],[106.8909,10.8861],[106.8913,10.8872],[106.8907,10.8874],[106.8906,10.8879],[106.8918,10.8885],[106.8925,10.8894],[106.8933,10.8891],[106.8936,10.8898],[106.8939,10.89],[106.8956,10.89],[106.8963,10.8903],[106.8942,10.8939],[106.8924,10.8953],[106.8916,10.8964],[106.8911,10.899]]]},"properties":{"code":"26380","name":"Long Hưng","nameEn":"Long Hung","fullName":"Phường Long Hưng","fullNameEn":"Long Hung Ward","codeName":"long_hung","postalCode":"76131","postalCodePrefix":"","gisServerId":"diaphanhanhchinhcapxa_2025.3107","areaKm2":32.4},"id":"26380"},
{"type":"Feature","geometry":{"type":"Polygon","coordinates":[[[106.9861,10.8591],[106.9809,10.8663],[106.9766,10.8716],[106.9764,10.8712],[106.9662,10.8635],[106.9598,10.861],[106.9429,10.8569],[106.9338,10.8543],[106.9284,10.8533],[106.9293,10.8486],[106.9292,10.8444],[106.9294,10.8427],[106.9302,10.8412],[106.9332,10.8377],[106.9354,10.8337],[106.9329,10.8321],[106.927,10.826],[106.9209,10.8245],[106.9175,10.8292],[106.9131,10.8261],[106.9132,10.8256],[106.9123,10.8254],[106.9097,10.8257],[106.908,10.8254],[106.9081,10.826],[106.9071,10.8268],[106.9058,10.8268],[106.9047,10.8265],[106.9041,10.8261],[106.9046,10.8249],[106.9024,10.824],[106.902,10.8225],[106.8874,10.8293],[106.8869,10.8285],[106.8872,10.8281],[106.8872,10.8278],[106.8856,10.8244],[106.8836,10.8238],[106.8831,10.8238],[106.8824,10.8242],[106.8825,10.8273],[106.882,10.8284],[106.8813,10.8287],[106.8805,10.8285],[106.8782,10.8265],[106.8726,10.8247],[106.8775,10.8196],[106.8786,10.8181],[106.8814,10.8131],[106.882,10.8101],[106.8819,10.8077],[106.8816,10.806],[106.8796,10.8023],[106.8782,10.8007],[106.8702,10.7942],[106.8658,10.7899],[106.8653,10.7887],[106.8651,10.7872],[106.8655,10.7848],[106.8671,10.7823],[106.8697,10.7797],[106.8713,10.7768],[106.8764,10.7794],[106.877,10.7799],[106.8774,10.7809],[106.8772,10.7832],[106.8774,10.7838],[106.8782,10.7839],[106.8802,10.7823],[106.8812,10.7821],[106.8824,10.783],[106.884,10.7847],[106.8868,10.7842],[106.8898,10.7853],[106.8912,10.7847],[106.8919,10.7828],[106.8928,10.7828],[106.8938,10.7832],[106.896,10.7819],[106.8976,10.7796],[106.898,10.7776],[106.8993,10.7766],[106.9003,10.7774],[106.9012,10.7766],[106.9025,10.777],[106.9088,10.7767],[106.9107,10.7756],[106.9127,10.7773],[106.914,10.7744],[106.9151,10.7749],[106.9154,10.7765],[106.9168,10.7788],[106.9187,10.7802],[106.9197,10.7803],[106.9197,10.7808],[106.9184,10.7824],[106.9209,10.7835],[106.9208,10.7854],[106.924,10.7862],[106.9239,10.787],[106.9247,10.787],[106.9251,10.7867],[106.925,10.7862],[106.9258,10.7861],[106.9326,10.7857],[106.9344,10.785],[106.9351,10.7852],[106.9363,10.7839],[106.9394,10.7839],[106.9395,10.7851],[106.9439,10.7862],[106.9442,10.7864],[106.944,10.7869],[106.946,10.7881],[106.9454,10.7892],[106.946,10.7894],[106.9459,10.7901],[106.947,10.7905],[106.9459,10.7933],[106.945,10.7961],[106.9443,10.801],[106.9443,10.8045],[106.945,10.8109],[106.9425,10.8195],[106.9445,10.8203],[106.9505,10.8201],[106.9505,10.825],[106.957,10.8266],[106.9599,10.8281],[106.96,10.829],[106.9737,10.8287],[106.9739,10.8377],[106.9822,10.8375],[106.9759,10.8459],[106.9781,10.8475],[106.9787,10.8467],[106.9894,10.8548],[106.9861,10.8591]]]},"properties":{"code":"26383","name":"An Phước","nameEn":"An Phuoc","fullName":"Xã An Phước","fullNameEn":"An Phuoc Commune","codeName":"an_phuoc","postalCode":"76210","postalCodePrefix":"","gisServerId":"diaphanhanhchinhcapxa_2025.3136","areaKm2":58.3},"id":"26383"},
{"type":"Feature","geometry":{"type":"Polygon","coordinates":[[[107.068,10.8785],[107.0503,10.8788],[107.0488,10.8785],[107.0484,10.878],[107.0476,10.8778],[107.0465,10.8779],[107.045,10.8786],[107.0451,10.879],[107.0443,10.879],[107.0444,10.8786],[107.0438,10.8781],[107.0449,10.877],[107.0444,10.8758],[107.0449,10.8746],[107.0434,10.8744],[107.0431,10.8733],[107.0439,10.8722],[107.0429,10.8713],[107.0444,10.8703],[107.044,10.8693],[107.044,10.8686],[107.0452,10.8679],[107.0463,10.8677],[107.0466,10.8674],[107.0464,10.8672],[107.0454,10.8675],[107.0445,10.8664],[107.0293,10.8665],[107.029,10.8666],[107.029,10.8674],[107.0235,10.8673],[107.0172,10.8677],[106.9978,10.8677],[106.9861,10.8591],[106.9894,10.8548],[106.9787,10.8467],[106.9781,10.8475],[106.9759,10.8459],[106.9822,10.8375],[106.9739,10.8377],[106.9737,10.8287],[106.96,10.829],[106.9599,10.8281],[106.957,10.8266],[106.9505,10.825],[106.9505,10.8201],[106.9445,10.8203],[106.9425,10.8195],[106.945,10.8109],[106.9443,10.8045],[106.9443,10.801],[106.945,10.7961],[106.9459,10.7933],[106.9478,10.7947],[106.9522,10.796],[106.9523,10.7947],[106.9538,10.7931],[106.9549,10.7913],[106.9592,10.7925],[106.9676,10.8006],[106.9668,10.8017],[106.9679,10.8025],[106.9695,10.8061],[106.9722,10.8061],[106.9729,10.8059],[106.9767,10.8094],[106.9774,10.8105],[106.978,10.8104],[106.9784,10.8127],[106.9786,10.8195],[106.9803,10.8195],[106.9804,10.8198],[106.9806,10.8271],[106.9828,10.8271],[106.9829,10.8292],[106.9832,10.8299],[106.9842,10.8286],[106.9864,10.827],[106.9874,10.8256],[106.9883,10.8267],[106.99,10.8276],[106.9923,10.8279],[106.9931,10.8285],[106.9966,10.8293],[107.0003,10.8311],[106.9999,10.8327],[107.0063,10.8324],[107.0075,10.8329],[107.008,10.8325],[107.0127,10.8325],[107.0153,10.8342],[107.0155,10.8349],[107.0197,10.8349],[107.0193,10.8227],[107.0578,10.8242],[107.0579,10.8249],[107.0587,10.8251],[107.0603,10.826],[107.0615,10.8256],[107.0634,10.826],[107.0653,10.8252],[107.0662,10.8245],[107.0688,10.822],[107.0706,10.8196],[107.0713,10.8195],[107.0717,10.8197],[107.0735,10.8216],[107.0739,10.8259],[107.073,10.8261],[107.073,10.8286],[107.0726,10.8297],[107.0729,10.8371],[107.0741,10.8374],[107.0754,10.8382],[107.0755,10.8379],[107.0766,10.8395],[107.0767,10.8393],[107.077,10.8395],[107.0777,10.8395],[107.0788,10.8406],[107.0793,10.8407],[107.0795,10.8404],[107.0811,10.8422],[107.0821,10.842],[107.0825,10.8421],[107.0825,10.8426],[107.0834,10.8427],[107.0834,10.8424],[107.0856,10.843],[107.0852,10.8431],[107.0847,10.8444],[107.0849,10.845],[107.0852,10.8452],[107.0827,10.8483],[107.0822,10.8484],[107.0824,10.8489],[107.0818,10.8489],[107.0819,10.8497],[107.0816,10.8497],[107.0815,10.8494],[107.0812,10.8496],[107.0808,10.8494],[107.0808,10.8499],[107.0803,10.8499],[107.0807,10.8504],[107.0794,10.8502],[107.0788,10.8513],[107.078,10.8515],[107.0774,10.8509],[107.077,10.8513],[107.077,10.8517],[107.0761,10.8515],[107.0743,10.852],[107.0737,10.8517],[107.073,10.8521],[107.0729,10.8514],[107.0725,10.8521],[107.0711,10.8523],[107.0711,10.8529],[107.0701,10.8526],[107.0701,10.852],[107.0694,10.8515],[107.0686,10.8522],[107.0683,10.8529],[107.0677,10.8533],[107.0673,10.8532],[107.0672,10.8525],[107.0667,10.852],[107.0668,10.8514],[107.0659,10.851],[107.0655,10.8504],[107.0651,10.8506],[107.0649,10.8502],[107.0642,10.8506],[107.0638,10.8503],[107.0634,10.8507],[107.0627,10.8498],[107.063,10.8495],[107.0629,10.849],[107.0618,10.8488],[107.0621,10.8496],[107.0602,10.8493],[107.0602,10.85],[107.0592,10.8507],[107.059,10.8519],[107.0597,10.8514],[107.06,10.8515],[107.0601,10.8532],[107.0614,10.8533],[107.0617,10.8535],[107.0616,10.8551],[107.0619,10.8559],[107.0628,10.8557],[107.0634,10.8563],[107.0641,10.8561],[107.0647,10.8564],[107.0647,10.8567],[107.0639,10.8567],[107.0638,10.8577],[107.0643,10.8582],[107.0644,10.8592],[107.0648,10.8593],[107.0651,10.8604],[107.0659,10.8605],[107.066,10.8612],[107.0664,10.8613],[107.0659,10.8618],[107.0667,10.8616],[107.0667,10.8619],[107.0676,10.8623],[107.0685,10.8632],[107.0682,10.8636],[107.0683,10.8639],[107.0681,10.8638],[107.0679,10.8641],[107.0681,10.8642],[107.0681,10.8646],[107.0675,10.8645],[107.0673,10.8651],[107.0678,10.8708],[107.0675,10.8712],[107.0678,10.8712],[107.0677,10.8721],[107.0675,10.8723],[107.0679,10.8726],[107.068,10.8785]]]},"properties":{"code":"26389","name":"Bình An","nameEn":"Binh An","fullName":"Xã Bình An","fullNameEn":"Binh An Commune","codeName":"binh_an","postalCode":"76208","postalCodePrefix":"","gisServerId":"diaphanhanhchinhcapxa_2025.3137","areaKm2":59.4},"id":"26389"},
{"type":"Feature","geometry":{"type":"Polygon","coordinates":[[[107.1384,10.745],[107.1347,10.744],[107.1301,10.7448],[107.1274,10.747],[107.1265,10.7466],[107.1252,10.7467],[107.1243,10.7472],[107.1241,10.7471],[107.1236,10.746],[107.123,10.7459],[107.1224,10.7466],[107.1216,10.7456],[107.1205,10.7459],[107.1207,10.7453],[107.1205,10.7451],[107.1182,10.7456],[107.1184,10.7448],[107.1182,10.7444],[107.1171,10.7446],[107.1169,10.7455],[107.1163,10.7448],[107.115,10.7449],[107.1153,10.7455],[107.1149,10.7458],[107.1134,10.7454],[107.1131,10.7447],[107.1124,10.7449],[107.112,10.7444],[107.1114,10.7449],[107.1104,10.7446],[107.1099,10.7439],[107.1096,10.7446],[107.1086,10.7441],[107.108,10.7444],[107.1074,10.7443],[107.1071,10.7436],[107.106,10.7443],[107.1055,10.7443],[107.1052,10.7437],[107.1047,10.7437],[107.1043,10.7441],[107.1044,10.7445],[107.104,10.7442],[107.1037,10.7446],[107.1019,10.7447],[107.1017,10.7442],[107.1014,10.7441],[107.1012,10.7445],[107.1016,10.7454],[107.1006,10.7455],[107.1012,10.7464],[107.1003,10.7467],[107.0994,10.7475],[107.0989,10.7471],[107.0988,10.7478],[107.0982,10.7488],[107.0977,10.7483],[107.0972,10.7487],[107.0969,10.7497],[107.096,10.75],[107.0959,10.7507],[107.0968,10.7506],[107.097,10.7509],[107.097,10.7514],[107.0964,10.753],[107.097,10.7531],[107.097,10.7536],[107.0965,10.7539],[107.0963,10.7533],[107.0959,10.7532],[107.0952,10.7539],[107.0955,10.7544],[107.0948,10.7546],[107.0954,10.7555],[107.0953,10.7561],[107.0946,10.7566],[107.0951,10.7568],[107.095,10.7576],[107.0943,10.7578],[107.0935,10.7573],[107.0935,10.758],[107.0927,10.7583],[107.0925,10.7593],[107.0914,10.7596],[107.0912,10.7613],[107.0917,10.7618],[107.0904,10.7626],[107.0903,10.7629],[107.0909,10.7631],[107.09,10.7646],[107.0897,10.7646],[107.0895,10.7638],[107.0891,10.7637],[107.0887,10.7647],[107.089,10.7654],[107.0878,10.7654],[107.0869,10.7664],[107.0853,10.7663],[107.0854,10.7672],[107.086,10.7671],[107.0856,10.7675],[107.0849,10.7676],[107.0835,10.7663],[107.0829,10.7661],[107.0832,10.7669],[107.0822,10.7679],[107.0271,10.7301],[107.0141,10.7472],[107.0129,10.7464],[107.012,10.7452],[107.0104,10.7453],[107.0067,10.7448],[107.0062,10.7445],[107.0032,10.7442],[107.001,10.7443],[106.9997,10.7433],[106.9979,10.7427],[106.9979,10.7425],[106.9965,10.7416],[106.9939,10.7409],[106.993,10.7409],[106.9912,10.743],[106.9905,10.7429],[106.9902,10.7433],[106.9886,10.7432],[106.9883,10.7428],[106.9872,10.7425],[106.9862,10.7428],[106.9853,10.7424],[106.9832,10.7427],[106.9817,10.7426],[106.9816,10.742],[106.9808,10.7412],[106.98,10.7412],[106.9798,10.7406],[106.979,10.7405],[106.9788,10.7398],[106.9778,10.7396],[106.9778,10.7388],[106.977,10.7374],[106.9758,10.7371],[106.975,10.7364],[106.9748,10.7338],[106.9746,10.7333],[106.9716,10.7317],[106.9709,10.731],[106.9687,10.7323],[106.9653,10.7317],[106.9652,10.7308],[106.965,10.7304],[106.9653,10.7284],[106.9651,10.7277],[106.9655,10.7271],[106.9657,10.7254],[106.9651,10.7246],[106.9661,10.7238],[106.9671,10.7239],[106.9696,10.7227],[106.9714,10.721],[106.9718,10.7199],[106.9736,10.7197],[106.9735,10.7176],[106.9716,10.7175],[106.971,10.716],[106.9713,10.7151],[106.9722,10.7147],[106.9716,10.7139],[106.9716,10.7135],[106.9728,10.7128],[106.9732,10.7121],[106.9731,10.7108],[106.9736,10.7103],[106.9743,10.7103],[106.9752,10.7118],[106.9764,10.7122],[106.9769,10.7118],[106.9772,10.71],[106.9771,10.7093],[106.9747,10.708],[106.974,10.7067],[106.9746,10.7056],[106.9779,10.7015],[106.9783,10.7003],[106.9781,10.6997],[106.9759,10.6982],[106.975,10.697],[106.9743,10.6948],[106.9739,10.6927],[106.9716,10.6921],[106.9709,10.6915],[106.9707,10.691],[106.9708,10.6897],[106.9713,10.6894],[106.9736,10.6894],[106.9746,10.6891],[106.98,10.6855],[106.9813,10.684],[106.9832,10.6832],[106.9852,10.6828],[106.9863,10.6822],[106.9872,10.6812],[106.9871,10.6775],[106.9874,10.6759],[106.9894,10.674],[106.9907,10.6722],[106.9921,10.6684],[106.9927,10.6677],[106.9933,10.6674],[106.9944,10.6676],[106.9969,10.6704],[106.9982,10.6711],[106.9984,10.6729],[107.0001,10.6772],[107.0002,10.6785],[106.9997,10.6796],[106.9998,10.6802],[107.0018,10.6806],[107.0045,10.682],[107.005,10.6816],[107.0062,10.6819],[107.0064,10.6822],[107.0073,10.6817],[107.0087,10.6831],[107.009,10.6825],[107.0112,10.683],[107.0116,10.6823],[107.0127,10.6822],[107.0128,10.6814],[107.0134,10.6817],[107.0138,10.683],[107.0142,10.6831],[107.0142,10.6834],[107.0136,10.6841],[107.0136,10.6849],[107.0128,10.6861],[107.0124,10.6874],[107.0111,10.6889],[107.0102,10.6914],[107.0106,10.6925],[107.0111,10.6924],[107.0115,10.6931],[107.0136,10.6986],[107.0164,10.7003],[107.0176,10.7018],[107.0174,10.702],[107.0186,10.7045],[107.0186,10.7049],[107.018,10.7051],[107.0188,10.7073],[107.0191,10.7075],[107.0193,10.7072],[107.0196,10.7073],[107.0195,10.7077],[107.0204,10.7079],[107.0212,10.7078],[107.0217,10.7081],[107.0223,10.7092],[107.0222,10.7107],[107.0226,10.7111],[107.0225,10.7113],[107.0248,10.7134],[107.0247,10.714],[107.025,10.7142],[107.0252,10.7165],[107.027,10.7162],[107.0301,10.7164],[107.0304,10.7181],[107.0722,10.7154],[107.0727,10.7149],[107.0736,10.7148],[107.0743,10.7151],[107.0751,10.7151],[107.0753,10.7155],[107.0765,10.7159],[107.0769,10.7166],[107.0774,10.7165],[107.0786,10.7173],[107.0794,10.7168],[107.0806,10.7169],[107.0814,10.7167],[107.0892,10.7164],[107.0918,10.7183],[107.0927,10.7186],[107.0939,10.718],[107.0945,10.7171],[107.0952,10.7168],[107.0954,10.7163],[107.0963,10.716],[107.0969,10.7161],[107.0971,10.7162],[107.0969,10.7169],[107.0973,10.718],[107.098,10.7184],[107.0986,10.7194],[107.0996,10.7194],[107.1,10.7196],[107.1,10.7192],[107.1007,10.7191],[107.1011,10.7185],[107.1023,10.7177],[107.1031,10.7178],[107.1048,10.7172],[107.1052,10.7178],[107.1064,10.7176],[107.1074,10.7182],[107.1092,10.7168],[107.1095,10.7151],[107.1091,10.7145],[107.1101,10.7134],[107.1086,10.7114],[107.1091,10.7109],[107.1091,10.7103],[107.11,10.7099],[107.1101,10.7091],[107.1107,10.7089],[107.1109,10.7095],[107.1111,10.7092],[107.1117,10.7092],[107.1118,10.7098],[107.1125,10.7098],[107.1128,10.7095],[107.1131,10.71],[107.1133,10.7096],[107.1142,10.7105],[107.1146,10.7121],[107.1153,10.7123],[107.1157,10.7118],[107.1157,10.7122],[107.1168,10.7125],[107.1174,10.7134],[107.1185,10.7137],[107.1189,10.7135],[107.1191,10.714],[107.1199,10.7135],[107.1203,10.7136],[107.1209,10.7126],[107.1221,10.7125],[107.1226,10.7122],[107.1229,10.7123],[107.1231,10.7119],[107.1236,10.7119],[107.1236,10.7123],[107.1242,10.7123],[107.1242,10.7117],[107.1247,10.7116],[107.125,10.712],[107.1259,10.7118],[107.1258,10.7124],[107.126,10.7125],[107.1265,10.7125],[107.1266,10.7121],[107.1272,10.713],[107.1279,10.7129],[107.1283,10.7133],[107.1288,10.7131],[107.1313,10.7138],[107.1317,10.7141],[107.1318,10.7157],[107.1333,10.7174],[107.1333,10.7178],[107.1352,10.7193],[107.1359,10.7193],[107.1368,10.7198],[107.1389,10.7196],[107.1396,10.7204],[107.1391,10.7218],[107.139,10.7277],[107.1397,10.7276],[107.1408,10.7268],[107.1424,10.7248],[107.1424,10.7243],[107.143,10.724],[107.1437,10.7242],[107.1448,10.7247],[107.1454,10.7258],[107.1448,10.7269],[107.1436,10.7281],[107.1436,10.7297],[107.1444,10.7302],[107.1464,10.73],[107.1467,10.7311],[107.1451,10.7318],[107.1443,10.7326],[107.1391,10.7325],[107.1388,10.7409],[107.1384,10.745]]]},"properties":{"code":"26413","name":"Long Phước","nameEn":"Long Phuoc","fullName":"Xã Long Phước","fullNameEn":"Long Phuoc Commune","codeName":"long_phuoc","postalCode":"76213","postalCodePrefix":"","gisServerId":"diaphanhanhchinhcapxa_2025.3139","areaKm2":81.8},"id":"26413"},
{"type":"Feature","geometry":{"type":"Polygon","coordinates":[[[107.0134,10.6437],[107.0191,10.6454],[107.0192,10.6469],[107.0199,10.6473],[107.0207,10.6474],[107.0212,10.6467],[107.0241,10.648],[107.0386,10.6549],[107.0383,10.6557],[107.0444,10.6574],[107.0465,10.6577],[107.0544,10.6582],[107.0581,10.6569],[107.0618,10.6574],[107.0632,10.6573],[107.0646,10.6568],[107.0656,10.6545],[107.0668,10.6535],[107.0747,10.6538],[107.0778,10.6534],[107.0816,10.6536],[107.088,10.6532],[107.0905,10.6532],[107.0939,10.653],[107.0965,10.652],[107.0991,10.6572],[107.1007,10.6589],[107.1012,10.6609],[107.1011,10.6623],[107.1019,10.6633],[107.1023,10.6632],[107.1034,10.6639],[107.105,10.6639],[107.1054,10.6645],[107.1059,10.6644],[107.1064,10.6649],[107.1071,10.6651],[107.1077,10.6663],[107.1098,10.6681],[107.11,10.6687],[107.1109,10.6693],[107.111,10.6697],[107.1131,10.6698],[107.1144,10.6704],[107.1153,10.6703],[107.1154,10.6707],[107.116,10.671],[107.1166,10.6704],[107.118,10.6718],[107.118,10.6723],[107.1193,10.6722],[107.1196,10.6732],[107.1202,10.6734],[107.1203,10.6732],[107.1213,10.6732],[107.1216,10.6741],[107.1213,10.6742],[107.1224,10.6756],[107.1229,10.6773],[107.1227,10.6777],[107.123,10.6787],[107.1226,10.6793],[107.1231,10.6796],[107.1235,10.6794],[107.1234,10.6798],[107.1238,10.6799],[107.1241,10.6809],[107.1246,10.6809],[107.1243,10.6813],[107.1252,10.6816],[107.125,10.6818],[107.1251,10.6825],[107.1261,10.6823],[107.1282,10.6829],[107.1296,10.6838],[107.1311,10.6835],[107.1318,10.6839],[107.1325,10.684],[107.1338,10.6851],[107.1337,10.6897],[107.1344,10.6932],[107.1342,10.6949],[107.1368,10.7004],[107.137,10.7035],[107.1377,10.7056],[107.1377,10.7067],[107.1384,10.708],[107.1397,10.7096],[107.1394,10.7179],[107.1406,10.7189],[107.1406,10.7199],[107.1398,10.72],[107.1396,10.7204],[107.1389,10.7196],[107.1368,10.7198],[107.1359,10.7193],[107.1352,10.7193],[107.1333,10.7178],[107.1333,10.7174],[107.1318,10.7157],[107.1317,10.7141],[107.1313,10.7138],[107.1288,10.7131],[107.1283,10.7133],[107.1279,10.7129],[107.1272,10.713],[107.1266,10.7121],[107.1265,10.7125],[107.126,10.7125],[107.1258,10.7124],[107.1259,10.7118],[107.125,10.712],[107.1247,10.7116],[107.1242,10.7117],[107.1242,10.7123],[107.1236,10.7123],[107.1236,10.7119],[107.1231,10.7119],[107.1229,10.7123],[107.1226,10.7122],[107.1221,10.7125],[107.1209,10.7126],[107.1203,10.7136],[107.1199,10.7135],[107.1191,10.714],[107.1189,10.7135],[107.1185,10.7137],[107.1174,10.7134],[107.1168,10.7125],[107.1157,10.7122],[107.1157,10.7118],[107.1153,10.7123],[107.1146,10.7121],[107.1142,10.7105],[107.1133,10.7096],[107.1131,10.71],[107.1128,10.7095],[107.1125,10.7098],[107.1118,10.7098],[107.1117,10.7092],[107.1111,10.7092],[107.1109,10.7095],[107.1107,10.7089],[107.1101,10.7091],[107.11,10.7099],[107.1091,10.7103],[107.1091,10.7109],[107.1086,10.7114],[107.1101,10.7134],[107.1091,10.7145],[107.1095,10.7151],[107.1092,10.7168],[107.1074,10.7182],[107.1064,10.7176],[107.1052,10.7178],[107.1048,10.7172],[107.1031,10.7178],[107.1023,10.7177],[107.1011,10.7185],[107.1007,10.7191],[107.1,10.7192],[107.1,10.7196],[107.0996,10.7194],[107.0986,10.7194],[107.098,10.7184],[107.0973,10.718],[107.0969,10.7169],[107.0971,10.7162],[107.0969,10.7161],[107.0963,10.716],[107.0954,10.7163],[107.0952,10.7168],[107.0945,10.7171],[107.0939,10.718],[107.0927,10.7186],[107.0918,10.7183],[107.0892,10.7164],[107.0814,10.7167],[107.0806,10.7169],[107.0794,10.7168],[107.0786,10.7173],[107.0774,10.7165],[107.0769,10.7166],[107.0765,10.7159],[107.0753,10.7155],[107.0751,10.7151],[107.0743,10.7151],[107.0736,10.7148],[107.0727,10.7149],[107.0722,10.7154],[107.0304,10.7181],[107.0301,10.7164],[107.027,10.7162],[107.0252,10.7165],[107.025,10.7142],[107.0247,10.714],[107.0248,10.7134],[107.0225,10.7113],[107.0226,10.7111],[107.0222,10.7107],[107.0223,10.7092],[107.0217,10.7081],[107.0212,10.7078],[107.0204,10.7079],[107.0195,10.7077],[107.0196,10.7073],[107.0193,10.7072],[107.0191,10.7075],[107.0188,10.7073],[107.018,10.7051],[107.0186,10.7049],[107.0186,10.7045],[107.0174,10.702],[107.0176,10.7018],[107.0164,10.7003],[107.0136,10.6986],[107.0115,10.6931],[107.0111,10.6924],[107.0106,10.6925],[107.0102,10.6914],[107.0111,10.6889],[107.0124,10.6874],[107.0128,10.6861],[107.0136,10.6849],[107.0136,10.6841],[107.0142,10.6834],[107.0142,10.6831],[107.0138,10.683],[107.0134,10.6817],[107.0128,10.6814],[107.0127,10.6822],[107.0116,10.6823],[107.0112,10.683],[107.009,10.6825],[107.0087,10.6831],[107.0073,10.6817],[107.0064,10.6822],[107.0062,10.6819],[107.005,10.6816],[107.0045,10.682],[107.0018,10.6806],[106.9998,10.6802],[106.9997,10.6796],[107.0002,10.6785],[107.0001,10.6772],[106.9984,10.6729],[106.9982,10.6711],[106.9998,10.6696],[107.0023,10.6651],[107.007,10.6629],[107.0134,10.6613],[107.0152,10.6605],[107.0176,10.6586],[107.0178,10.6569],[107.0176,10.6558],[107.0148,10.6527],[107.0134,10.6503],[107.0134,10.6437]]]},"properties":{"code":"26422","name":"Phước Thái","nameEn":"Phuoc Thai","fullName":"Xã Phước Thái","fullNameEn":"Phuoc Thai Commune","codeName":"phuoc_thai","postalCode":"76214","postalCodePrefix":"","gisServerId":"diaphanhanhchinhcapxa_2025.3140","areaKm2":85.9},"id":"26422"},
{"type":"Feature","geometry":{"type":"Polygon","coordinates":[[[107.345,10.9946],[107.3447,10.9953],[107.3439,10.9957],[107.3444,10.9962],[107.3444,10.9971],[107.3441,10.9973],[107.3444,10.9976],[107.3444,10.9984],[107.3438,10.9986],[107.3435,10.999],[107.3436,10.9994],[107.3432,10.9997],[107.3435,11.0002],[107.3426,11.0008],[107.3428,11.0011],[107.3408,11.0017],[107.3407,11.0014],[107.3404,11.0016],[107.34,11.0019],[107.3402,11.0023],[107.3397,11.0022],[107.3394,11.0027],[107.3389,11.0026],[107.3385,11.0034],[107.3378,11.0031],[107.3373,11.0045],[107.336,11.0034],[107.3349,11.0017],[107.3346,11.0008],[107.335,10.9999],[107.3338,10.9994],[107.3327,10.9981],[107.3311,10.9971],[107.33,10.9968],[107.33,10.9963],[107.3306,10.9954],[107.3302,10.9945],[107.3297,10.9945],[107.3291,10.9944],[107.3274,10.9924],[107.3265,10.992],[107.3258,10.9923],[107.3249,10.9911],[107.3249,10.9899],[107.3244,10.9895],[107.3243,10.989],[107.3249,10.9858],[107.3246,10.9837],[107.325,10.9827],[107.3226,10.982],[107.322,10.9811],[107.3214,10.9809],[107.3212,10.9803],[107.3206,10.9797],[107.3208,10.9783],[107.3202,10.9779],[107.3202,10.9769],[107.3194,10.977],[107.3197,10.9757],[107.3187,10.9756],[107.3184,10.9732],[107.3165,10.9706],[107.3167,10.9694],[107.3161,10.9689],[107.3159,10.9674],[107.3148,10.966],[107.313,10.9654],[107.3124,10.9649],[107.3125,10.9645],[107.3131,10.9643],[107.3123,10.9616],[107.311,10.9618],[107.3101,10.9611],[107.3101,10.9603],[107.3105,10.9601],[107.3097,10.9584],[107.3101,10.9563],[107.3091,10.9561],[107.3082,10.9556],[107.3072,10.9555],[107.306,10.9544],[107.3056,10.9535],[107.305,10.953],[107.3051,10.9523],[107.3045,10.9496],[107.3047,10.9494],[107.3042,10.9478],[107.3043,10.9467],[107.3034,10.944],[107.3023,10.9439],[107.3022,10.9431],[107.3012,10.942],[107.3004,10.9419],[107.2992,10.942],[107.298,10.9411],[107.2958,10.9418],[107.2941,10.9412],[107.2935,10.94],[107.2935,10.9379],[107.2931,10.9376],[107.293,10.9368],[107.2903,10.9364],[107.2892,10.9356],[107.289,10.9349],[107.2871,10.9341],[107.2866,10.9329],[107.291,10.9322],[107.2926,10.9324],[107.3011,10.9349],[107.3042,10.9374],[107.3051,10.9367],[107.3051,10.9341],[107.3063,10.9339],[107.3072,10.9344],[107.3094,10.9322],[107.3096,10.9316],[107.3095,10.9311],[107.3104,10.9308],[107.3104,10.9311],[107.3118,10.9313],[107.3123,10.9313],[107.3131,10.9307],[107.3135,10.9309],[107.3138,10.9316],[107.3141,10.9316],[107.3143,10.9324],[107.3141,10.9329],[107.315,10.933],[107.3149,10.9341],[107.3163,10.9343],[107.3165,10.934],[107.329,10.9361],[107.332,10.9357],[107.3328,10.9359],[107.333,10.9356],[107.3334,10.9354],[107.3334,10.9332],[107.333,10.9328],[107.3336,10.9323],[107.3346,10.9321],[107.3355,10.9307],[107.3371,10.9303],[107.3379,10.9305],[107.3383,10.9297],[107.3392,10.9293],[107.3393,10.9285],[107.342,10.9274],[107.3429,10.9263],[107.3441,10.9262],[107.3451,10.9253],[107.3471,10.9249],[107.3487,10.9234],[107.3484,10.923],[107.3486,10.9224],[107.3482,10.9217],[107.3483,10.9211],[107.3489,10.9204],[107.3489,10.9198],[107.3498,10.9195],[107.3498,10.9184],[107.3502,10.9182],[107.3502,10.9174],[107.3509,10.9174],[107.3518,10.9169],[107.3521,10.9159],[107.352,10.9156],[107.3514,10.9155],[107.3516,10.9151],[107.3521,10.915],[107.3517,10.9146],[107.3519,10.9143],[107.3517,10.9138],[107.3523,10.9133],[107.3518,10.9128],[107.3517,10.912],[107.3512,10.9118],[107.3515,10.9111],[107.3512,10.9105],[107.3514,10.9096],[107.351,10.9085],[107.3516,10.9079],[107.3513,10.9074],[107.3514,10.9058],[107.3521,10.9056],[107.352,10.9049],[107.3526,10.9049],[107.3523,10.9043],[107.3526,10.9035],[107.3524,10.9032],[107.3515,10.9032],[107.3514,10.9028],[107.3517,10.9021],[107.3524,10.9019],[107.3522,10.9013],[107.3524,10.9009],[107.353,10.9006],[107.3532,10.9017],[107.3537,10.9013],[107.3532,10.8999],[107.3544,10.8991],[107.3549,10.8991],[107.3549,10.8979],[107.3563,10.8973],[107.3563,10.8965],[107.3557,10.8957],[107.3567,10.895],[107.3566,10.8943],[107.3571,10.8943],[107.3579,10.8933],[107.3576,10.8926],[107.3578,10.8923],[107.3572,10.8923],[107.3568,10.8916],[107.3571,10.8911],[107.357,10.8907],[107.3577,10.8907],[107.3575,10.8899],[107.3579,10.8896],[107.357,10.8892],[107.3575,10.8886],[107.3567,10.8882],[107.3571,10.8872],[107.3578,10.8871],[107.3572,10.8868],[107.3573,10.8864],[107.3568,10.8859],[107.3566,10.8851],[107.3568,10.8846],[107.3576,10.8845],[107.3575,10.8839],[107.3578,10.8838],[107.3585,10.8843],[107.3589,10.8837],[107.3594,10.884],[107.3601,10.8839],[107.3606,10.8836],[107.3613,10.8823],[107.3628,10.8823],[107.363,10.8828],[107.3638,10.8815],[107.3637,10.8805],[107.3642,10.8804],[107.3641,10.8797],[107.3648,10.8801],[107.3655,10.8798],[107.3662,10.8798],[107.367,10.8767],[107.3679,10.8767],[107.369,10.8761],[107.3696,10.8753],[107.3704,10.8757],[107.3709,10.8749],[107.3716,10.8756],[107.3727,10.8755],[107.3724,10.8761],[107.3733,10.8758],[107.3731,10.8766],[107.3744,10.8772],[107.3747,10.8766],[107.3749,10.8773],[107.3753,10.8776],[107.3757,10.8771],[107.3754,10.8765],[107.376,10.8764],[107.3757,10.8759],[107.3758,10.8754],[107.3753,10.8751],[107.3754,10.8749],[107.3762,10.875],[107.3765,10.8745],[107.3772,10.8746],[107.3775,10.8743],[107.3777,10.8748],[107.3788,10.8754],[107.3794,10.8753],[107.3801,10.8746],[107.3808,10.8749],[107.3803,10.874],[107.3805,10.8733],[107.3798,10.8733],[107.3802,10.8728],[107.3812,10.8727],[107.3813,10.8719],[107.3819,10.872],[107.3824,10.8717],[107.3829,10.8723],[107.3835,10.8717],[107.3842,10.8723],[107.3845,10.8712],[107.386,10.8709],[107.3865,10.8696],[107.387,10.8691],[107.387,10.8685],[107.3877,10.8685],[107.3883,10.8681],[107.389,10.8686],[107.3889,10.8692],[107.3892,10.8693],[107.3898,10.8678],[107.3904,10.8694],[107.3939,10.8698],[107.3948,10.8686],[107.3951,10.8671],[107.3961,10.8665],[107.3963,10.8657],[107.3977,10.8656],[107.3995,10.8663],[107.3995,10.8658],[107.3986,10.8648],[107.3988,10.8643],[107.3999,10.864],[107.4006,10.8629],[107.4011,10.8634],[107.4012,10.8639],[107.4015,10.8639],[107.4018,10.8627],[107.4024,10.8621],[107.4037,10.862],[107.4044,10.8594],[107.4053,10.8597],[107.407,10.8586],[107.4081,10.8584],[107.4091,10.8575],[107.4109,10.8578],[107.4122,10.8568],[107.4127,10.8556],[107.4127,10.8548],[107.4133,10.8546],[107.4146,10.8546],[107.416,10.853],[107.4164,10.8535],[107.4167,10.8546],[107.4161,10.8547],[107.4168,10.8567],[107.4172,10.8566],[107.4177,10.8577],[107.4174,10.8579],[107.4181,10.8594],[107.4168,10.86],[107.4179,10.8624],[107.4167,10.8631],[107.4163,10.8638],[107.4156,10.8639],[107.417,10.8656],[107.4167,10.8662],[107.4161,10.8665],[107.4157,10.8674],[107.4152,10.8678],[107.4147,10.8673],[107.4141,10.8686],[107.4137,10.8684],[107.4134,10.8687],[107.4124,10.869],[107.4121,10.8701],[107.4123,10.872],[107.4114,10.8721],[107.4115,10.873],[107.4117,10.873],[107.412,10.874],[107.4116,10.8742],[107.4116,10.8744],[107.4112,10.8744],[107.411,10.875],[107.4114,10.8749],[107.4122,10.8774],[107.4117,10.8792],[107.4117,10.881],[107.4105,10.8833],[107.413,10.8844],[107.4125,10.8861],[107.4124,10.8863],[107.4118,10.8864],[107.4114,10.8875],[107.4046,10.8939],[107.4068,10.9032],[107.407,10.9033],[107.4065,10.9045],[107.4064,10.907],[107.4056,10.9066],[107.406,10.9074],[107.4054,10.908],[107.4065,10.9103],[107.4068,10.9115],[107.4064,10.9118],[107.4067,10.9126],[107.4123,10.9104],[107.4182,10.9125],[107.4181,10.9128],[107.4196,10.9134],[107.4222,10.9141],[107.422,10.915],[107.4227,10.9153],[107.4229,10.9149],[107.425,10.9156],[107.4246,10.9161],[107.4253,10.9165],[107.4267,10.9158],[107.4286,10.9157],[107.4317,10.9187],[107.4326,10.9191],[107.4334,10.9202],[107.4339,10.9218],[107.4331,10.9233],[107.4366,10.9244],[107.4367,10.9289],[107.4373,10.9288],[107.4373,10.9282],[107.438,10.9276],[107.4381,10.927],[107.4397,10.9259],[107.4401,10.9263],[107.4406,10.9257],[107.4407,10.9264],[107.4415,10.9262],[107.4416,10.9267],[107.4425,10.9264],[107.4429,10.9268],[107.4427,10.9272],[107.4431,10.9271],[107.4442,10.9283],[107.4445,10.928],[107.4452,10.9286],[107.4457,10.9284],[107.447,10.9287],[107.4484,10.9296],[107.449,10.9296],[107.4493,10.9302],[107.4509,10.9315],[107.453,10.9317],[107.454,10.9313],[107.4552,10.9314],[107.4559,10.9318],[107.4566,10.9329],[107.4578,10.9334],[107.4593,10.9326],[107.4601,10.9304],[107.4621,10.9275],[107.463,10.9214],[107.4635,10.9204],[107.4641,10.9206],[107.4648,10.9214],[107.4655,10.925],[107.4648,10.9297],[107.4641,10.9311],[107.4642,10.9319],[107.4676,10.9381],[107.4678,10.9393],[107.4683,10.9397],[107.4682,10.9407],[107.469,10.9416],[107.47,10.9422],[107.4709,10.9434],[107.4709,10.9438],[107.4732,10.9452],[107.4744,10.9463],[107.4758,10.9471],[107.4759,10.9475],[107.4757,10.9477],[107.4808,10.9564],[107.4797,10.9619],[107.4801,10.9633],[107.4707,10.9608],[107.4691,10.9599],[107.4672,10.9585],[107.4652,10.9601],[107.4649,10.961],[107.4645,10.9611],[107.4642,10.9614],[107.4637,10.966],[107.4634,10.9666],[107.4636,10.9673],[107.4651,10.9688],[107.4648,10.9718],[107.4654,10.9728],[107.465,10.9737],[107.4655,10.9747],[107.4653,10.9759],[107.4656,10.9765],[107.4653,10.9767],[107.4655,10.9774],[107.4651,10.9779],[107.4647,10.9775],[107.4644,10.978],[107.4629,10.9783],[107.4621,10.9789],[107.4618,10.9788],[107.4615,10.9794],[107.4617,10.9797],[107.4616,10.9803],[107.4606,10.9815],[107.4606,10.9823],[107.4602,10.9825],[107.4601,10.9828],[107.4596,10.9833],[107.4597,10.9839],[107.4595,10.9839],[107.4593,10.9843],[107.4585,10.9842],[107.4576,10.9846],[107.4556,10.984],[107.4538,10.984],[107.453,10.9835],[107.4523,10.9819],[107.4506,10.9802],[107.4496,10.9799],[107.4479,10.9801],[107.4463,10.9794],[107.4449,10.9793],[107.4419,10.9771],[107.4385,10.9762],[107.4355,10.9737],[107.4339,10.9729],[107.4312,10.9721],[107.4305,10.9721],[107.428,10.9731],[107.4262,10.9732],[107.4237,10.9746],[107.4213,10.9752],[107.4191,10.9766],[107.4193,10.977],[107.4191,10.9773],[107.4154,10.9794],[107.4152,10.9796],[107.4154,10.9802],[107.4151,10.9805],[107.4153,10.9809],[107.4147,10.9814],[107.4151,10.9825],[107.4146,10.9829],[107.414,10.9829],[107.4137,10.9837],[107.4142,10.9844],[107.4143,10.9854],[107.4148,10.9859],[107.4142,10.9867],[107.4148,10.9867],[107.4147,10.9877],[107.4142,10.9876],[107.4116,10.9882],[107.4103,10.9824],[107.4062,10.9847],[107.4048,10.9785],[107.4046,10.9769],[107.4052,10.9741],[107.4069,10.9722],[107.4088,10.9707],[107.4085,10.9702],[107.4088,10.9689],[107.4084,10.9681],[107.4086,10.9675],[107.4044,10.9696],[107.4029,10.9712],[107.4019,10.9691],[107.4012,10.9685],[107.4011,10.9669],[107.4001,10.9662],[107.3938,10.9703],[107.3924,10.9707],[107.3789,10.9704],[107.3762,10.9699],[107.3684,10.9677],[107.3679,10.9687],[107.3671,10.9693],[107.3631,10.9699],[107.3613,10.9699],[107.3577,10.9724],[107.3576,10.973],[107.357,10.9733],[107.3564,10.9742],[107.3561,10.9738],[107.3558,10.974],[107.355,10.9752],[107.3544,10.9788],[107.3534,10.9793],[107.352,10.9819],[107.3523,10.9828],[107.352,10.9838],[107.3512,10.9838],[107.3505,10.9842],[107.3503,10.9846],[107.3506,10.9848],[107.35,10.9851],[107.35,10.9854],[107.3497,10.9854],[107.3498,10.9858],[107.3491,10.9862],[107.3495,10.9866],[107.3483,10.9871],[107.3482,10.9878],[107.3474,10.9878],[107.3469,10.9895],[107.3463,10.9897],[107.3463,10.9904],[107.3459,10.9906],[107.3452,10.9903],[107.3448,10.9908],[107.3446,10.9914],[107.3454,10.9919],[107.345,10.9923],[107.3453,10.9927],[107.3446,10.993],[107.3446,10.9938],[107.345,10.994],[107.345,10.9946]]]},"properties":{"code":"26425","name":"Xuân Lộc","nameEn":"Xuan Loc","fullName":"Phường Xuân Lộc","fullNameEn":"Xuan Loc Ward","codeName":"xuan_loc","postalCode":"76621","postalCodePrefix":"","gisServerId":"diaphanhanhchinhcapxa_2025.3141","areaKm2":140.5},"id":"26425"},
{"type":"Feature","geometry":{"type":"Polygon","coordinates":[[[107.2782,11.0983],[107.2767,11.0982],[107.2764,11.0969],[107.2757,11.0962],[107.2753,11.0965],[107.2749,11.098],[107.2746,11.0979],[107.2728,11.0966],[107.272,11.0948],[107.27,11.0944],[107.27,11.0929],[107.2696,11.0924],[107.2682,11.0929],[107.2673,11.0926],[107.267,11.0921],[107.2681,11.0911],[107.268,11.0906],[107.2659,11.0908],[107.2642,11.0894],[107.2633,11.0899],[107.2624,11.0898],[107.2623,11.089],[107.2637,11.0872],[107.2622,11.0863],[107.2622,11.0858],[107.2626,11.0849],[107.2621,11.0833],[107.2636,11.0826],[107.2641,11.0817],[107.2639,11.0814],[107.2627,11.0811],[107.2622,11.0804],[107.262,11.0798],[107.2632,11.0795],[107.2625,11.0791],[107.2623,11.078],[107.2616,11.0777],[107.2606,11.078],[107.2598,11.0779],[107.2591,11.0774],[107.2591,11.0766],[107.2574,11.0763],[107.2559,11.0765],[107.2549,11.0752],[107.2539,11.0751],[107.2522,11.0756],[107.2504,11.0748],[107.249,11.076],[107.2479,11.0758],[107.2486,11.0751],[107.248,11.0741],[107.2485,11.0729],[107.2481,11.0712],[107.2489,11.0712],[107.2491,11.0698],[107.2475,11.0695],[107.2474,11.0692],[107.2479,11.0685],[107.2478,11.0679],[107.2464,11.0683],[107.246,11.0677],[107.2452,11.0673],[107.245,11.0658],[107.2446,11.0652],[107.2436,11.0647],[107.2427,11.0647],[107.2431,11.0631],[107.242,11.0613],[107.242,11.0605],[107.2429,11.0602],[107.2427,11.0592],[107.2438,11.0598],[107.2439,11.0586],[107.2447,11.0587],[107.2455,11.0584],[107.2455,11.0572],[107.2477,11.0562],[107.2479,11.055],[107.2474,11.0544],[107.2478,11.0535],[107.2473,11.0529],[107.2473,11.052],[107.2475,11.0515],[107.2483,11.0513],[107.2483,11.0503],[107.2492,11.0486],[107.2489,11.0479],[107.2491,11.0474],[107.2499,11.0468],[107.2511,11.0468],[107.2514,11.0455],[107.2524,11.0449],[107.2535,11.0449],[107.2543,11.0443],[107.2555,11.044],[107.2558,11.0447],[107.257,11.0438],[107.2574,11.0442],[107.2585,11.0439],[107.2588,11.0426],[107.2583,11.0413],[107.2583,11.0401],[107.2574,11.0394],[107.2586,11.0376],[107.258,11.0364],[107.259,11.0349],[107.2594,11.0326],[107.2597,11.0323],[107.2611,11.0321],[107.2626,11.0294],[107.2626,11.029],[107.2619,11.0284],[107.2623,11.028],[107.2623,11.0272],[107.2617,11.0265],[107.262,11.0255],[107.2618,11.025],[107.2622,11.0246],[107.2619,11.0233],[107.2622,11.0226],[107.2619,11.0212],[107.2624,11.0203],[107.262,11.0199],[107.2623,11.0196],[107.2622,11.0189],[107.2628,11.0186],[107.263,11.0178],[107.2627,11.0173],[107.2631,11.0172],[107.263,11.0168],[107.2635,11.0163],[107.263,11.0159],[107.2636,11.0146],[107.2632,11.0142],[107.2633,11.0137],[107.2629,11.013],[107.264,11.012],[107.2638,11.0106],[107.2644,11.01],[107.2642,11.0096],[107.2651,11.0088],[107.2653,11.0079],[107.2646,11.0076],[107.2642,11.0063],[107.2683,11.0041],[107.2687,11.0049],[107.2704,11.0052],[107.2711,11.0057],[107.2723,11.0071],[107.2726,11.0069],[107.2729,11.0073],[107.2727,11.0083],[107.2729,11.0088],[107.2733,11.0089],[107.2737,11.0085],[107.2743,11.0073],[107.2764,11.0078],[107.2768,11.007],[107.2786,11.005],[107.2781,11.0037],[107.2782,11.0032],[107.2773,11.0012],[107.278,11.0009],[107.2785,11.0001],[107.2801,10.9947],[107.2797,10.9937],[107.2802,10.9936],[107.2805,10.9924],[107.2815,10.9925],[107.2822,10.9921],[107.2833,10.9924],[107.2843,10.9918],[107.285,10.9926],[107.2861,10.9927],[107.2868,10.993],[107.2871,10.992],[107.2879,10.9917],[107.2893,10.9926],[107.2894,10.992],[107.2944,10.9917],[107.2953,10.9921],[107.296,10.9918],[107.298,10.9919],[107.301,10.9925],[107.303,10.9924],[107.3035,10.9929],[107.306,10.9926],[107.3059,10.9922],[107.3128,10.9923],[107.3145,10.9918],[107.3151,10.9927],[107.3163,10.9937],[107.3168,10.9945],[107.3175,10.9939],[107.3182,10.9943],[107.319,10.9942],[107.3195,10.9944],[107.3243,10.9942],[107.3287,10.9948],[107.3297,10.9948],[107.3297,10.9945],[107.3302,10.9945],[107.3306,10.9954],[107.33,10.9963],[107.33,10.9968],[107.3311,10.9971],[107.3327,10.9981],[107.3338,10.9994],[107.335,10.9999],[107.3346,11.0008],[107.3349,11.0017],[107.336,11.0034],[107.3373,11.0045],[107.3378,11.0031],[107.3385,11.0034],[107.3389,11.0026],[107.3394,11.0027],[107.3397,11.0022],[107.3402,11.0023],[107.34,11.0019],[107.3404,11.0016],[107.3407,11.0014],[107.3408,11.0017],[107.3428,11.0011],[107.3426,11.0008],[107.3435,11.0002],[107.3432,10.9997],[107.3436,10.9994],[107.3435,10.999],[107.3438,10.9986],[107.3444,10.9984],[107.3444,10.9976],[107.3441,10.9973],[107.3444,10.9971],[107.3444,10.9962],[107.3439,10.9957],[107.3447,10.9953],[107.345,10.9946],[107.3455,10.9944],[107.3458,10.9948],[107.3459,10.9946],[107.3469,10.9946],[107.3469,10.9941],[107.3477,10.9935],[107.3477,10.993],[107.3487,10.9927],[107.35,10.9941],[107.351,10.9964],[107.3525,10.9988],[107.3533,10.9997],[107.3557,11.0009],[107.3577,11.0015],[107.3574,11.0021],[107.3578,11.0027],[107.3575,11.0031],[107.3579,11.0034],[107.3577,11.0037],[107.3571,11.0034],[107.3566,11.0037],[107.3572,11.0044],[107.3559,11.0055],[107.3562,11.0059],[107.3569,11.0056],[107.3569,11.0061],[107.3563,11.0063],[107.3568,11.0065],[107.3567,11.0069],[107.3572,11.0073],[107.3565,11.0077],[107.3563,11.0084],[107.3558,11.0084],[107.3562,11.009],[107.3558,11.0091],[107.3552,11.0088],[107.3553,11.0097],[107.3548,11.0092],[107.3546,11.0093],[107.3544,11.0104],[107.3539,11.0109],[107.3544,11.0113],[107.354,11.0118],[107.3541,11.0122],[107.3535,11.0124],[107.3537,11.013],[107.3531,11.0132],[107.3539,11.0136],[107.3531,11.0141],[107.3538,11.0144],[107.3533,11.0152],[107.3542,11.0159],[107.3533,11.0165],[107.3535,11.0168],[107.354,11.0165],[107.354,11.0168],[107.3531,11.0178],[107.3542,11.0176],[107.3542,11.0181],[107.3537,11.0184],[107.3547,11.0193],[107.3543,11.0196],[107.3535,11.0196],[107.3531,11.02],[107.3529,11.0203],[107.3535,11.0207],[107.3532,11.0211],[107.3531,11.0221],[107.3517,11.0221],[107.3522,11.0227],[107.3522,11.023],[107.351,11.0225],[107.3509,11.0237],[107.3513,11.0242],[107.3503,11.0249],[107.3499,11.0255],[107.3498,11.0247],[107.3492,11.0247],[107.3495,11.0258],[107.3484,11.0263],[107.349,11.0265],[107.3493,11.0269],[107.3492,11.0271],[107.3486,11.0272],[107.3487,11.0274],[107.3496,11.0278],[107.3498,11.0285],[107.351,11.0287],[107.3511,11.0299],[107.3503,11.0298],[107.3507,11.0305],[107.3505,11.0308],[107.3494,11.0304],[107.3493,11.0307],[107.3502,11.0316],[107.3485,11.0317],[107.3484,11.0321],[107.3488,11.0325],[107.3482,11.0328],[107.3481,11.0333],[107.3475,11.0334],[107.3471,11.0342],[107.3471,11.035],[107.3467,11.0352],[107.3457,11.035],[107.3453,11.0356],[107.3456,11.0361],[107.3463,11.0355],[107.3466,11.0356],[107.3466,11.036],[107.3459,11.037],[107.347,11.0381],[107.3474,11.0381],[107.3465,11.0392],[107.3475,11.0403],[107.3466,11.0408],[107.347,11.0415],[107.3468,11.042],[107.3472,11.0424],[107.347,11.0428],[107.3463,11.0428],[107.3461,11.0422],[107.3457,11.0422],[107.3457,11.0434],[107.3448,11.0448],[107.3451,11.0451],[107.3442,11.0453],[107.3439,11.0458],[107.3447,11.0461],[107.3441,11.0468],[107.3447,11.047],[107.3442,11.0481],[107.3443,11.0491],[107.3448,11.0492],[107.3446,11.05],[107.3453,11.0507],[107.3468,11.0514],[107.3461,11.0519],[107.3466,11.0529],[107.3466,11.0535],[107.3458,11.0538],[107.3464,11.0551],[107.3455,11.0553],[107.3458,11.0556],[107.3472,11.056],[107.3473,11.0565],[107.346,11.0576],[107.345,11.0592],[107.3437,11.0634],[107.3425,11.0639],[107.3403,11.0624],[107.3396,11.0623],[107.3391,11.0627],[107.3386,11.0639],[107.3396,11.0657],[107.3396,11.0664],[107.3392,11.0671],[107.3351,11.0707],[107.3346,11.0726],[107.333,11.074],[107.332,11.0755],[107.3291,11.0762],[107.3286,11.0777],[107.3289,11.079],[107.3287,11.08],[107.3279,11.0811],[107.3258,11.0826],[107.3252,11.0827],[107.3238,11.082],[107.3218,11.0823],[107.3198,11.0811],[107.3175,11.0829],[107.3163,11.083],[107.3103,11.0801],[107.3094,11.0803],[107.3057,11.082],[107.303,11.0813],[107.3019,11.0836],[107.3012,11.084],[107.2978,11.0834],[107.2959,11.0834],[107.2953,11.084],[107.295,11.0855],[107.2935,11.0882],[107.2925,11.089],[107.2917,11.0891],[107.2889,11.0879],[107.2853,11.0874],[107.2842,11.0878],[107.2835,11.0888],[107.2828,11.0893],[107.2795,11.0895],[107.2782,11.0899],[107.2777,11.0905],[107.2776,11.0912],[107.2786,11.0927],[107.2788,11.0938],[107.2783,11.095],[107.2784,11.0971],[107.2782,11.0983]]]},"properties":{"code":"26428","name":"Xuân Bắc","nameEn":"Xuan Bac","fullName":"Xã Xuân Bắc","fullNameEn":"Xuan Bac Commune","codeName":"xuan_bac","postalCode":"76610","postalCodePrefix":"","gisServerId":"diaphanhanhchinhcapxa_2025.3142","areaKm2":96.4},"id":"26428"},
{"type":"Feature","geometry":{"type":"Polygon","coordinates":[[[107.3947,11.0497],[107.3928,11.0487],[107.3892,11.0491],[107.3847,11.0486],[107.3802,11.0503],[107.3793,11.0503],[107.3784,11.0498],[107.378,11.0489],[107.3784,11.0461],[107.3779,11.0455],[107.3768,11.0451],[107.3756,11.0454],[107.3741,11.0465],[107.3726,11.0489],[107.3718,11.0495],[107.3701,11.05],[107.3665,11.0503],[107.3625,11.0519],[107.3604,11.0544],[107.3577,11.056],[107.3569,11.0592],[107.3559,11.0608],[107.3553,11.0612],[107.3542,11.0613],[107.3531,11.0606],[107.352,11.0594],[107.3513,11.0573],[107.3501,11.0565],[107.3491,11.0562],[107.3473,11.0565],[107.3472,11.056],[107.3458,11.0556],[107.3455,11.0553],[107.3464,11.0551],[107.3458,11.0538],[107.3466,11.0535],[107.3466,11.0529],[107.3461,11.0519],[107.3468,11.0514],[107.3453,11.0507],[107.3446,11.05],[107.3448,11.0492],[107.3443,11.0491],[107.3442,11.0481],[107.3447,11.047],[107.3441,11.0468],[107.3447,11.0461],[107.3439,11.0458],[107.3442,11.0453],[107.3451,11.0451],[107.3448,11.0448],[107.3457,11.0434],[107.3457,11.0422],[107.3461,11.0422],[107.3463,11.0428],[107.347,11.0428],[107.3472,11.0424],[107.3468,11.042],[107.347,11.0415],[107.3466,11.0408],[107.3475,11.0403],[107.3465,11.0392],[107.3474,11.0381],[107.347,11.0381],[107.3459,11.037],[107.3466,11.036],[107.3466,11.0356],[107.3463,11.0355],[107.3456,11.0361],[107.3453,11.0356],[107.3457,11.035],[107.3467,11.0352],[107.3471,11.035],[107.3471,11.0342],[107.3475,11.0334],[107.3481,11.0333],[107.3482,11.0328],[107.3488,11.0325],[107.3484,11.0321],[107.3485,11.0317],[107.3502,11.0316],[107.3493,11.0307],[107.3494,11.0304],[107.3505,11.0308],[107.3507,11.0305],[107.3503,11.0298],[107.3511,11.0299],[107.351,11.0287],[107.3498,11.0285],[107.3496,11.0278],[107.3487,11.0274],[107.3486,11.0272],[107.3492,11.0271],[107.3493,11.0269],[107.349,11.0265],[107.3484,11.0263],[107.3495,11.0258],[107.3492,11.0247],[107.3498,11.0247],[107.3499,11.0255],[107.3503,11.0249],[107.3513,11.0242],[107.3509,11.0237],[107.351,11.0225],[107.3522,11.023],[107.3522,11.0227],[107.3517,11.0221],[107.3531,11.0221],[107.3532,11.0211],[107.3535,11.0207],[107.3529,11.0203],[107.3531,11.02],[107.3535,11.0196],[107.3543,11.0196],[107.3547,11.0193],[107.3537,11.0184],[107.3542,11.0181],[107.3542,11.0176],[107.3531,11.0178],[107.354,11.0168],[107.354,11.0165],[107.3535,11.0168],[107.3533,11.0165],[107.3542,11.0159],[107.3533,11.0152],[107.3538,11.0144],[107.3531,11.0141],[107.3539,11.0136],[107.3531,11.0132],[107.3537,11.013],[107.3535,11.0124],[107.3541,11.0122],[107.354,11.0118],[107.3544,11.0113],[107.3539,11.0109],[107.3544,11.0104],[107.3546,11.0093],[107.3548,11.0092],[107.3553,11.0097],[107.3552,11.0088],[107.3558,11.0091],[107.3562,11.009],[107.3558,11.0084],[107.3563,11.0084],[107.3565,11.0077],[107.3572,11.0073],[107.3567,11.0069],[107.3568,11.0065],[107.3563,11.0063],[107.3569,11.0061],[107.3569,11.0056],[107.3562,11.0059],[107.3559,11.0055],[107.3572,11.0044],[107.3566,11.0037],[107.3571,11.0034],[107.3577,11.0037],[107.3579,11.0034],[107.3575,11.0031],[107.3578,11.0027],[107.3574,11.0021],[107.3577,11.0015],[107.3557,11.0009],[107.3533,10.9997],[107.3525,10.9988],[107.351,10.9964],[107.35,10.9941],[107.3487,10.9927],[107.3477,10.993],[107.3477,10.9935],[107.3469,10.9941],[107.3469,10.9946],[107.3459,10.9946],[107.3458,10.9948],[107.3455,10.9944],[107.345,10.9946],[107.345,10.994],[107.3446,10.9938],[107.3446,10.993],[107.3453,10.9927],[107.345,10.9923],[107.3454,10.9919],[107.3446,10.9914],[107.3448,10.9908],[107.3452,10.9903],[107.3459,10.9906],[107.3463,10.9904],[107.3463,10.9897],[107.3469,10.9895],[107.3474,10.9878],[107.3482,10.9878],[107.3483,10.9871],[107.3495,10.9866],[107.3491,10.9862],[107.3498,10.9858],[107.3497,10.9854],[107.35,10.9854],[107.35,10.9851],[107.3506,10.9848],[107.3503,10.9846],[107.3505,10.9842],[107.3512,10.9838],[107.352,10.9838],[107.3523,10.9828],[107.352,10.9819],[107.3534,10.9793],[107.3544,10.9788],[107.355,10.9752],[107.3558,10.974],[107.3561,10.9738],[107.3564,10.9742],[107.357,10.9733],[107.3576,10.973],[107.3577,10.9724],[107.3613,10.9699],[107.3631,10.9699],[107.3671,10.9693],[107.3679,10.9687],[107.3684,10.9677],[107.3762,10.9699],[107.3789,10.9704],[107.3924,10.9707],[107.3938,10.9703],[107.4001,10.9662],[107.4011,10.9669],[107.4012,10.9685],[107.4019,10.9691],[107.4029,10.9712],[107.4044,10.9696],[107.4086,10.9675],[107.4084,10.9681],[107.4088,10.9689],[107.4085,10.9702],[107.4088,10.9707],[107.4069,10.9722],[107.4052,10.9741],[107.4046,10.9769],[107.4048,10.9785],[107.4062,10.9847],[107.4103,10.9824],[107.4116,10.9882],[107.4142,10.9876],[107.4147,10.9877],[107.4148,10.9867],[107.4142,10.9867],[107.4148,10.9859],[107.4143,10.9854],[107.4142,10.9844],[107.4137,10.9837],[107.414,10.9829],[107.4146,10.9829],[107.4151,10.9825],[107.4147,10.9814],[107.4153,10.9809],[107.4151,10.9805],[107.4154,10.9802],[107.4152,10.9796],[107.4154,10.9794],[107.4191,10.9773],[107.4193,10.977],[107.4191,10.9766],[107.4213,10.9752],[107.4237,10.9746],[107.4262,10.9732],[107.428,10.9731],[107.4305,10.9721],[107.4312,10.9721],[107.4339,10.9729],[107.4355,10.9737],[107.4385,10.9762],[107.4419,10.9771],[107.4449,10.9793],[107.4463,10.9794],[107.4479,10.9801],[107.4496,10.9799],[107.4506,10.9802],[107.4523,10.9819],[107.453,10.9835],[107.4538,10.984],[107.4556,10.984],[107.4576,10.9846],[107.4585,10.9842],[107.4593,10.9843],[107.4595,10.9839],[107.4597,10.9839],[107.4596,10.9833],[107.4601,10.9828],[107.4602,10.9825],[107.4606,10.9823],[107.4606,10.9815],[107.4616,10.9803],[107.4617,10.9797],[107.4615,10.9794],[107.4618,10.9788],[107.4621,10.9789],[107.4629,10.9783],[107.4644,10.978],[107.4647,10.9775],[107.4651,10.9779],[107.4655,10.9774],[107.4653,10.9767],[107.4656,10.9765],[107.4653,10.9759],[107.4655,10.9747],[107.465,10.9737],[107.4654,10.9728],[107.4648,10.9718],[107.4651,10.9688],[107.4636,10.9673],[107.4634,10.9666],[107.4637,10.966],[107.4642,10.9614],[107.4645,10.9611],[107.4649,10.961],[107.4652,10.9601],[107.4672,10.9585],[107.4691,10.9599],[107.4707,10.9608],[107.4801,10.9633],[107.4898,10.9685],[107.4917,10.969],[107.4941,10.9691],[107.5057,10.9674],[107.5076,10.9675],[107.5094,10.968],[107.5242,10.9773],[107.5307,10.9829],[107.5325,10.9837],[107.5351,10.9842],[107.5344,10.9846],[107.5345,10.9849],[107.5353,10.9852],[107.535,10.9866],[107.5345,10.9868],[107.5346,10.9876],[107.5342,10.9876],[107.534,10.987],[107.5337,10.9877],[107.5338,10.9881],[107.5334,10.9878],[107.533,10.9879],[107.5336,10.9888],[107.5325,10.9887],[107.533,10.9892],[107.5324,10.9894],[107.5323,10.99],[107.5318,10.9898],[107.5321,10.9904],[107.5315,10.9906],[107.5314,10.9912],[107.531,10.9913],[107.5314,10.9918],[107.531,10.9919],[107.5306,10.9915],[107.5302,10.9919],[107.5305,10.9927],[107.5299,10.9927],[107.5309,10.9933],[107.5299,10.9933],[107.5302,10.9939],[107.5296,10.9937],[107.5296,10.9941],[107.5291,10.9946],[107.5278,10.9949],[107.528,10.9954],[107.5273,10.9951],[107.5271,10.9954],[107.5272,10.9959],[107.5265,10.9962],[107.5263,10.9962],[107.5264,10.9956],[107.5253,10.9957],[107.525,10.9961],[107.5242,10.9953],[107.5239,10.9958],[107.5233,10.9958],[107.5236,10.9965],[107.5231,10.997],[107.5232,10.9976],[107.5228,10.9977],[107.5227,10.9972],[107.5224,10.9976],[107.5231,10.9988],[107.5225,10.9991],[107.5222,10.9989],[107.5222,10.9993],[107.5216,10.9995],[107.5211,10.9992],[107.5206,10.9999],[107.5209,11.0004],[107.5203,11.0007],[107.5201,11.0012],[107.5192,11.0013],[107.5192,11.0019],[107.519,11.0019],[107.5186,11.0008],[107.5189,11.0004],[107.518,10.9999],[107.5181,11.0005],[107.5174,11.0016],[107.5158,11.0018],[107.5151,11.0022],[107.515,11.0026],[107.5146,11.0027],[107.5148,11.0035],[107.5137,11.003],[107.5141,11.0024],[107.5132,11.0027],[107.5131,11.0033],[107.5125,11.0035],[107.5129,11.0038],[107.5136,11.0036],[107.5137,11.0039],[107.5124,11.0044],[107.5114,11.0055],[107.5106,11.0057],[107.5104,11.0054],[107.5102,11.0055],[107.5102,11.006],[107.5107,11.0062],[107.5101,11.0067],[107.5101,11.0073],[107.5099,11.0073],[107.5098,11.0067],[107.5092,11.0069],[107.5097,11.0081],[107.5094,11.008],[107.509,11.0074],[107.5089,11.0084],[107.5083,11.0085],[107.5087,11.0091],[107.5078,11.0089],[107.5084,11.0097],[107.5077,11.0099],[107.5081,11.0111],[107.5073,11.0127],[107.5065,11.013],[107.5063,11.0137],[107.5051,11.0136],[107.5049,11.0141],[107.5044,11.0141],[107.5044,11.0146],[107.5037,11.0142],[107.5036,11.015],[107.5026,11.0144],[107.5025,11.015],[107.5018,11.0145],[107.5015,11.0151],[107.5008,11.0152],[107.5005,11.0157],[107.5005,11.0149],[107.5002,11.0147],[107.4994,11.0151],[107.4987,11.0147],[107.4989,11.0154],[107.4983,11.0148],[107.4979,11.0152],[107.4975,11.0142],[107.4968,11.0143],[107.4966,11.0146],[107.4961,11.014],[107.4957,11.0144],[107.4949,11.014],[107.4949,11.0133],[107.4941,11.0133],[107.4937,11.0137],[107.4933,11.0133],[107.4933,11.0122],[107.4928,11.0122],[107.4927,11.0128],[107.4921,11.0118],[107.4914,11.012],[107.4904,11.0108],[107.4898,11.0108],[107.4894,11.0105],[107.4887,11.0106],[107.4887,11.0098],[107.4881,11.0097],[107.4875,11.0091],[107.487,11.0094],[107.4865,11.009],[107.4862,11.0094],[107.4834,11.0084],[107.4826,11.0086],[107.4816,11.0083],[107.4816,11.0078],[107.4811,11.0068],[107.4804,11.0072],[107.4795,11.0066],[107.4792,11.0077],[107.4788,11.0075],[107.4781,11.0078],[107.4771,11.0074],[107.4762,11.0078],[107.4759,11.0077],[107.4759,11.007],[107.4749,11.0076],[107.4742,11.0067],[107.474,11.0072],[107.4734,11.0072],[107.473,11.008],[107.4724,11.0081],[107.4721,11.0077],[107.4717,11.0082],[107.4711,11.0083],[107.4709,11.0088],[107.4704,11.009],[107.47,11.0096],[107.4693,11.0097],[107.4699,11.0103],[107.4689,11.0104],[107.4686,11.0112],[107.4694,11.0121],[107.4688,11.0123],[107.4687,11.0126],[107.4678,11.0124],[107.4677,11.0128],[107.4682,11.013],[107.4681,11.0137],[107.467,11.0136],[107.4662,11.0138],[107.4663,11.0147],[107.4656,11.0153],[107.4652,11.0152],[107.4651,11.0161],[107.4646,11.0158],[107.4642,11.0161],[107.4628,11.0162],[107.4626,11.0156],[107.4628,11.0151],[107.4625,11.015],[107.4617,11.016],[107.4606,11.016],[107.4606,11.0166],[107.4599,11.0165],[107.4587,11.0168],[107.4585,11.0171],[107.4587,11.0176],[107.4566,11.0167],[107.4555,11.0174],[107.4544,11.0175],[107.4542,11.0182],[107.4545,11.0191],[107.4534,11.0192],[107.4527,11.0203],[107.4521,11.0199],[107.4518,11.0208],[107.4507,11.0211],[107.45,11.0208],[107.4496,11.021],[107.4495,11.0218],[107.4504,11.0229],[107.4502,11.0232],[107.449,11.0232],[107.4493,11.0249],[107.4489,11.026],[107.4481,11.0263],[107.4479,11.0268],[107.4473,11.0268],[107.4477,11.0283],[107.4452,11.0289],[107.4445,11.0295],[107.4443,11.0302],[107.4435,11.031],[107.4422,11.0308],[107.4416,11.0316],[107.4409,11.0315],[107.4402,11.0319],[107.4396,11.0313],[107.439,11.0317],[107.4395,11.0325],[107.4392,11.0329],[107.4382,11.0324],[107.4382,11.0319],[107.4376,11.0315],[107.4368,11.0313],[107.437,11.0321],[107.4378,11.0325],[107.4369,11.0335],[107.4361,11.0337],[107.4359,11.033],[107.4352,11.0325],[107.4348,11.0337],[107.4339,11.0334],[107.4323,11.0344],[107.4313,11.0335],[107.4311,11.0325],[107.4307,11.032],[107.4303,11.0331],[107.4307,11.0334],[107.4298,11.0335],[107.4298,11.0329],[107.4295,11.0329],[107.429,11.0335],[107.4281,11.0334],[107.4284,11.0343],[107.4269,11.0352],[107.4271,11.0367],[107.4266,11.0367],[107.4255,11.0359],[107.4239,11.0359],[107.4233,11.0367],[107.4227,11.0364],[107.4218,11.037],[107.4207,11.0371],[107.4209,11.0378],[107.4217,11.0388],[107.4211,11.0397],[107.4211,11.0403],[107.4223,11.0409],[107.4221,11.0414],[107.4196,11.0424],[107.4158,11.0416],[107.4141,11.0421],[107.4126,11.0418],[107.4124,11.0431],[107.4128,11.0454],[107.4124,11.0457],[107.4106,11.0449],[107.4092,11.0451],[107.4074,11.0434],[107.4061,11.0428],[107.4054,11.0436],[107.4049,11.0464],[107.4044,11.0467],[107.4033,11.0465],[107.4026,11.0468],[107.4026,11.0472],[107.4032,11.0482],[107.403,11.0485],[107.4009,11.0485],[107.3999,11.0499],[107.3993,11.0502],[107.3972,11.0488],[107.3947,11.0497]]]},"properties":{"code":"26434","name":"Xuân Thành","nameEn":"Xuan Thanh","fullName":"Xã Xuân Thành","fullNameEn":"Xuan Thanh Commune","codeName":"xuan_thanh","postalCode":"76608","postalCodePrefix":"","gisServerId":"diaphanhanhchinhcapxa_2025.3143","areaKm2":122.7},"id":"26434"},
{"type":"Feature","geometry":{"type":"Polygon","coordinates":[[[107.4173,10.8473],[107.419,10.847],[107.4192,10.8465],[107.4187,10.8457],[107.4196,10.8448],[107.4189,10.8442],[107.4192,10.8415],[107.4186,10.841],[107.4191,10.8397],[107.4187,10.8394],[107.4177,10.8394],[107.4175,10.8392],[107.418,10.8383],[107.4179,10.8376],[107.4183,10.8373],[107.4179,10.8364],[107.4187,10.8362],[107.418,10.8357],[107.4182,10.8348],[107.4175,10.8347],[107.4169,10.8337],[107.4175,10.8332],[107.4172,10.8323],[107.418,10.832],[107.4181,10.8316],[107.4176,10.8311],[107.4167,10.8309],[107.4174,10.8297],[107.4165,10.8285],[107.4169,10.8263],[107.4162,10.8246],[107.4164,10.8235],[107.416,10.823],[107.4151,10.8228],[107.4155,10.8214],[107.4146,10.8211],[107.4137,10.8212],[107.4133,10.8203],[107.4126,10.8197],[107.4108,10.8152],[107.4097,10.8151],[107.4086,10.8142],[107.4081,10.8134],[107.407,10.8126],[107.4058,10.8099],[107.406,10.8091],[107.4057,10.8085],[107.4059,10.8077],[107.4049,10.8069],[107.4052,10.8053],[107.4038,10.8039],[107.403,10.8022],[107.4031,10.8014],[107.4035,10.8012],[107.4041,10.8],[107.4068,10.7996],[107.408,10.7966],[107.4088,10.7957],[107.4102,10.7954],[107.4109,10.7956],[107.4125,10.7942],[107.4131,10.793],[107.4137,10.7925],[107.4138,10.7915],[107.4142,10.7911],[107.4149,10.791],[107.4153,10.7897],[107.4151,10.7885],[107.4155,10.7875],[107.4166,10.7875],[107.4169,10.7859],[107.4173,10.7855],[107.4183,10.7852],[107.4203,10.786],[107.4203,10.7842],[107.4182,10.7813],[107.4224,10.7792],[107.4229,10.7794],[107.423,10.7801],[107.4236,10.78],[107.4234,10.7812],[107.4241,10.7814],[107.4236,10.7817],[107.4236,10.7821],[107.4252,10.7832],[107.4252,10.7838],[107.4256,10.7838],[107.4251,10.7844],[107.4262,10.7845],[107.4255,10.7854],[107.426,10.7857],[107.426,10.7868],[107.4267,10.7866],[107.4269,10.7869],[107.4264,10.7871],[107.4262,10.7878],[107.4283,10.7874],[107.4282,10.7877],[107.4287,10.7876],[107.4297,10.789],[107.4306,10.7881],[107.4308,10.7894],[107.4312,10.79],[107.4319,10.7901],[107.432,10.7906],[107.4326,10.7902],[107.4329,10.7915],[107.4333,10.7917],[107.4338,10.7914],[107.4338,10.7918],[107.4342,10.7919],[107.434,10.7926],[107.4344,10.7932],[107.4348,10.7928],[107.4356,10.7927],[107.4357,10.7936],[107.4352,10.7936],[107.4349,10.7941],[107.4363,10.7948],[107.4362,10.7961],[107.4374,10.7973],[107.4377,10.7984],[107.4371,10.7987],[107.4381,10.7993],[107.4382,10.8002],[107.439,10.7999],[107.4396,10.8],[107.4398,10.8004],[107.4414,10.8012],[107.4417,10.8017],[107.4424,10.8014],[107.4424,10.802],[107.4428,10.8021],[107.4437,10.803],[107.4436,10.8036],[107.4443,10.8038],[107.4444,10.8045],[107.4454,10.8049],[107.4457,10.8048],[107.4454,10.8041],[107.4457,10.804],[107.4459,10.8044],[107.447,10.8044],[107.4473,10.8041],[107.4479,10.8043],[107.4484,10.8038],[107.4485,10.8045],[107.4489,10.8043],[107.4491,10.8044],[107.4494,10.8041],[107.4497,10.8043],[107.4507,10.8036],[107.4522,10.8039],[107.4523,10.8034],[107.4529,10.8032],[107.453,10.8028],[107.4537,10.803],[107.4541,10.8016],[107.4549,10.8008],[107.4555,10.7994],[107.4563,10.799],[107.4566,10.7978],[107.4578,10.7962],[107.4582,10.7938],[107.458,10.7922],[107.4575,10.7913],[107.4654,10.792],[107.4718,10.7938],[107.4729,10.7919],[107.4737,10.7913],[107.4743,10.7896],[107.4749,10.7887],[107.4752,10.7878],[107.4746,10.7867],[107.4753,10.7859],[107.4757,10.7846],[107.4756,10.7839],[107.4763,10.7836],[107.4769,10.7828],[107.4767,10.7813],[107.4778,10.7799],[107.4786,10.7776],[107.4799,10.7765],[107.4814,10.7747],[107.4836,10.7702],[107.4851,10.7684],[107.4908,10.7688],[107.4935,10.7678],[107.4952,10.7681],[107.4958,10.7674],[107.4969,10.7676],[107.4986,10.7682],[107.4998,10.7693],[107.5007,10.7696],[107.5012,10.7704],[107.5024,10.771],[107.5069,10.7719],[107.5155,10.7727],[107.5175,10.7726],[107.5206,10.7731],[107.5253,10.7745],[107.532,10.778],[107.5446,10.7866],[107.5613,10.7987],[107.5626,10.7999],[107.5656,10.8041],[107.5661,10.8061],[107.5669,10.8076],[107.5676,10.8077],[107.5677,10.8083],[107.5687,10.8096],[107.5686,10.8103],[107.5691,10.811],[107.57,10.811],[107.5702,10.8121],[107.5708,10.8124],[107.5713,10.8139],[107.5715,10.8141],[107.5732,10.8138],[107.5738,10.814],[107.5735,10.8164],[107.5728,10.8169],[107.5729,10.8189],[107.574,10.8217],[107.5745,10.8243],[107.5776,10.8323],[107.5777,10.8341],[107.574,10.8463],[107.5724,10.8498],[107.57,10.854],[107.5598,10.8685],[107.5597,10.8728],[107.5606,10.893],[107.561,10.9102],[107.5609,10.9172],[107.5603,10.9262],[107.5603,10.937],[107.5526,10.9541],[107.5425,10.9782],[107.5417,10.9789],[107.5416,10.9784],[107.5411,10.9784],[107.5411,10.9781],[107.5396,10.9778],[107.5393,10.9774],[107.5386,10.9777],[107.5381,10.9774],[107.537,10.9775],[107.5371,10.9782],[107.5365,10.9781],[107.5362,10.9783],[107.5363,10.9789],[107.5368,10.9797],[107.5359,10.9799],[107.5362,10.9803],[107.536,10.9807],[107.5363,10.9814],[107.5355,10.9816],[107.5349,10.9828],[107.5344,10.9828],[107.5339,10.9835],[107.5342,10.9838],[107.535,10.9838],[107.5351,10.9842],[107.5325,10.9837],[107.5307,10.9829],[107.5242,10.9773],[107.5094,10.968],[107.5076,10.9675],[107.5057,10.9674],[107.4941,10.9691],[107.4917,10.969],[107.4898,10.9685],[107.4801,10.9633],[107.4797,10.9619],[107.4808,10.9564],[107.4757,10.9477],[107.4759,10.9475],[107.4758,10.9471],[107.4744,10.9463],[107.4732,10.9452],[107.4709,10.9438],[107.4709,10.9434],[107.47,10.9422],[107.469,10.9416],[107.4682,10.9407],[107.4683,10.9397],[107.4678,10.9393],[107.4676,10.9381],[107.4642,10.9319],[107.4641,10.9311],[107.4648,10.9297],[107.4655,10.925],[107.4648,10.9214],[107.4641,10.9206],[107.4635,10.9204],[107.463,10.9214],[107.4621,10.9275],[107.4601,10.9304],[107.4593,10.9326],[107.4578,10.9334],[107.4566,10.9329],[107.4559,10.9318],[107.4552,10.9314],[107.454,10.9313],[107.453,10.9317],[107.4509,10.9315],[107.4493,10.9302],[107.449,10.9296],[107.4484,10.9296],[107.447,10.9287],[107.4457,10.9284],[107.4452,10.9286],[107.4445,10.928],[107.4442,10.9283],[107.4431,10.9271],[107.4427,10.9272],[107.4429,10.9268],[107.4425,10.9264],[107.4416,10.9267],[107.4415,10.9262],[107.4407,10.9264],[107.4406,10.9257],[107.4401,10.9263],[107.4397,10.9259],[107.4381,10.927],[107.438,10.9276],[107.4373,10.9282],[107.4373,10.9288],[107.4367,10.9289],[107.4366,10.9244],[107.4331,10.9233],[107.4339,10.9218],[107.4334,10.9202],[107.4326,10.9191],[107.4317,10.9187],[107.4286,10.9157],[107.4267,10.9158],[107.4253,10.9165],[107.4246,10.9161],[107.425,10.9156],[107.4229,10.9149],[107.4227,10.9153],[107.422,10.915],[107.4222,10.9141],[107.4196,10.9134],[107.4181,10.9128],[107.4182,10.9125],[107.4123,10.9104],[107.4067,10.9126],[107.4064,10.9118],[107.4068,10.9115],[107.4065,10.9103],[107.4054,10.908],[107.406,10.9074],[107.4056,10.9066],[107.4064,10.907],[107.4065,10.9045],[107.407,10.9033],[107.4068,10.9032],[107.4046,10.8939],[107.4114,10.8875],[107.4118,10.8864],[107.4124,10.8863],[107.4125,10.8861],[107.413,10.8844],[107.4105,10.8833],[107.4117,10.881],[107.4117,10.8792],[107.4122,10.8774],[107.4114,10.8749],[107.411,10.875],[107.4112,10.8744],[107.4116,10.8744],[107.4116,10.8742],[107.412,10.874],[107.4117,10.873],[107.4115,10.873],[107.4114,10.8721],[107.4123,10.872],[107.4121,10.8701],[107.4124,10.869],[107.4134,10.8687],[107.4137,10.8684],[107.4141,10.8686],[107.4147,10.8673],[107.4152,10.8678],[107.4157,10.8674],[107.4161,10.8665],[107.4167,10.8662],[107.417,10.8656],[107.4156,10.8639],[107.4163,10.8638],[107.4167,10.8631],[107.4179,10.8624],[107.4168,10.86],[107.4181,10.8594],[107.4174,10.8579],[107.4177,10.8577],[107.4172,10.8566],[107.4168,10.8567],[107.4161,10.8547],[107.4167,10.8546],[107.4164,10.8535],[107.416,10.853],[107.4164,10.8525],[107.4159,10.8518],[107.4162,10.8516],[107.4171,10.8517],[107.4167,10.8503],[107.4175,10.8499],[107.4163,10.8483],[107.417,10.8479],[107.4173,10.8473]]]},"properties":{"code":"26446","name":"Xuân Hoà","nameEn":"Xuan Hoa","fullName":"Xã Xuân Hoà","fullNameEn":"Xuan Hoa Commune","codeName":"xuan_hoa","postalCode":"76619","postalCodePrefix":"","gisServerId":"diaphanhanhchinhcapxa_2025.3144","areaKm2":306},"id":"26446"},
{"type":"Feature","geometry":{"type":"Polygon","coordinates":[[[107.416,10.853],[107.4146,10.8546],[107.4133,10.8546],[107.4127,10.8548],[107.4127,10.8556],[107.4122,10.8568],[107.4109,10.8578],[107.4091,10.8575],[107.4081,10.8584],[107.407,10.8586],[107.4053,10.8597],[107.4044,10.8594],[107.4037,10.862],[107.4024,10.8621],[107.4018,10.8627],[107.4015,10.8639],[107.4012,10.8639],[107.4011,10.8634],[107.4006,10.8629],[107.3999,10.864],[107.3988,10.8643],[107.3986,10.8648],[107.3995,10.8658],[107.3995,10.8663],[107.3977,10.8656],[107.3963,10.8657],[107.3961,10.8665],[107.3951,10.8671],[107.3948,10.8686],[107.3939,10.8698],[107.3904,10.8694],[107.3898,10.8678],[107.3892,10.8693],[107.3889,10.8692],[107.389,10.8686],[107.3883,10.8681],[107.3877,10.8685],[107.387,10.8685],[107.387,10.8691],[107.3865,10.8696],[107.386,10.8709],[107.3845,10.8712],[107.3842,10.8723],[107.3835,10.8717],[107.3829,10.8723],[107.3824,10.8717],[107.3819,10.872],[107.3813,10.8719],[107.3812,10.8727],[107.3802,10.8728],[107.3798,10.8733],[107.3805,10.8733],[107.3803,10.874],[107.3808,10.8749],[107.3801,10.8746],[107.3794,10.8753],[107.3788,10.8754],[107.3777,10.8748],[107.3775,10.8743],[107.3772,10.8746],[107.3765,10.8745],[107.3762,10.875],[107.3754,10.8749],[107.3753,10.8751],[107.3758,10.8754],[107.3757,10.8759],[107.376,10.8764],[107.3754,10.8765],[107.3757,10.8771],[107.3753,10.8776],[107.3749,10.8773],[107.3747,10.8766],[107.3744,10.8772],[107.3731,10.8766],[107.3733,10.8758],[107.3724,10.8761],[107.3727,10.8755],[107.3716,10.8756],[107.3709,10.8749],[107.3704,10.8757],[107.3696,10.8753],[107.369,10.8761],[107.3679,10.8767],[107.367,10.8767],[107.3662,10.8798],[107.3655,10.8798],[107.3648,10.8801],[107.3641,10.8797],[107.3642,10.8804],[107.3637,10.8805],[107.3638,10.8815],[107.363,10.8828],[107.3628,10.8823],[107.3613,10.8823],[107.3606,10.8836],[107.3601,10.8839],[107.3594,10.884],[107.3589,10.8837],[107.3585,10.8843],[107.3578,10.8838],[107.3575,10.8839],[107.3576,10.8845],[107.3568,10.8846],[107.3566,10.8851],[107.3568,10.8859],[107.3573,10.8864],[107.3572,10.8868],[107.3578,10.8871],[107.3571,10.8872],[107.3567,10.8882],[107.3575,10.8886],[107.357,10.8892],[107.3579,10.8896],[107.3575,10.8899],[107.3577,10.8907],[107.357,10.8907],[107.3571,10.8911],[107.3568,10.8916],[107.3572,10.8923],[107.3578,10.8923],[107.3576,10.8926],[107.3579,10.8933],[107.3571,10.8943],[107.3566,10.8943],[107.3567,10.895],[107.3557,10.8957],[107.3563,10.8965],[107.3563,10.8973],[107.3549,10.8979],[107.3549,10.8991],[107.3544,10.8991],[107.3532,10.8999],[107.3537,10.9013],[107.3532,10.9017],[107.353,10.9006],[107.3524,10.9009],[107.3522,10.9013],[107.3524,10.9019],[107.3517,10.9021],[107.3514,10.9028],[107.3515,10.9032],[107.3524,10.9032],[107.3526,10.9035],[107.3523,10.9043],[107.3526,10.9049],[107.352,10.9049],[107.3521,10.9056],[107.3514,10.9058],[107.3513,10.9074],[107.3516,10.9079],[107.351,10.9085],[107.3514,10.9096],[107.3512,10.9105],[107.3515,10.9111],[107.3512,10.9118],[107.3517,10.912],[107.3518,10.9128],[107.3523,10.9133],[107.3517,10.9138],[107.3519,10.9143],[107.3517,10.9146],[107.3521,10.915],[107.3516,10.9151],[107.3514,10.9155],[107.352,10.9156],[107.3521,10.9159],[107.3518,10.9169],[107.3509,10.9174],[107.3502,10.9174],[107.3502,10.9182],[107.3498,10.9184],[107.3498,10.9195],[107.3489,10.9198],[107.3489,10.9204],[107.3483,10.9211],[107.3482,10.9217],[107.3486,10.9224],[107.3484,10.923],[107.3487,10.9234],[107.3471,10.9249],[107.3451,10.9253],[107.3441,10.9262],[107.3429,10.9263],[107.342,10.9274],[107.3393,10.9285],[107.3392,10.9293],[107.3383,10.9297],[107.3379,10.9305],[107.3371,10.9303],[107.3355,10.9307],[107.3346,10.9321],[107.3336,10.9323],[107.333,10.9328],[107.3334,10.9332],[107.3334,10.9354],[107.333,10.9356],[107.3328,10.9359],[107.332,10.9357],[107.329,10.9361],[107.3165,10.934],[107.3163,10.9343],[107.3149,10.9341],[107.315,10.933],[107.3141,10.9329],[107.3143,10.9324],[107.3141,10.9316],[107.3138,10.9316],[107.3135,10.9309],[107.3131,10.9307],[107.3123,10.9313],[107.3118,10.9313],[107.3104,10.9311],[107.3104,10.9308],[107.3095,10.9311],[107.3092,10.9293],[107.3071,10.9299],[107.3064,10.9296],[107.3065,10.9289],[107.3071,10.9286],[107.3071,10.9276],[107.3051,10.9273],[107.3038,10.9267],[107.3029,10.9268],[107.3033,10.9258],[107.3032,10.9252],[107.3029,10.9252],[107.3024,10.9221],[107.302,10.922],[107.3024,10.9202],[107.3021,10.9197],[107.3021,10.9191],[107.3027,10.9189],[107.3026,10.9177],[107.3019,10.9177],[107.3019,10.9169],[107.301,10.9153],[107.3008,10.9127],[107.3004,10.9118],[107.3004,10.9093],[107.2994,10.9093],[107.2981,10.9072],[107.2989,10.907],[107.2988,10.9028],[107.299,10.9028],[107.2993,10.9016],[107.2995,10.8994],[107.2992,10.895],[107.2998,10.8932],[107.3011,10.8923],[107.3018,10.8909],[107.3023,10.8895],[107.302,10.8882],[107.3025,10.8858],[107.3067,10.8858],[107.3069,10.8828],[107.308,10.8829],[107.3121,10.8824],[107.3126,10.882],[107.3134,10.8829],[107.3143,10.8833],[107.3142,10.8836],[107.3152,10.8844],[107.3177,10.8847],[107.3182,10.8853],[107.3216,10.884],[107.3227,10.884],[107.3228,10.8836],[107.3233,10.8833],[107.3246,10.8833],[107.3249,10.8838],[107.3277,10.8787],[107.3305,10.8697],[107.3329,10.8711],[107.3336,10.8699],[107.3333,10.8694],[107.3328,10.8696],[107.3308,10.8684],[107.3315,10.8671],[107.3307,10.8659],[107.329,10.8674],[107.3276,10.8667],[107.3277,10.8644],[107.3299,10.864],[107.3304,10.8646],[107.3309,10.8645],[107.3323,10.8647],[107.3326,10.8642],[107.3322,10.8635],[107.3323,10.8634],[107.3332,10.8639],[107.3347,10.8638],[107.3349,10.8633],[107.3347,10.8633],[107.3346,10.8629],[107.3334,10.8624],[107.3335,10.8606],[107.3331,10.8599],[107.3341,10.8578],[107.3333,10.8576],[107.3346,10.8555],[107.3355,10.8552],[107.3357,10.8554],[107.3361,10.8553],[107.3366,10.8548],[107.3362,10.8542],[107.337,10.8542],[107.3369,10.8537],[107.3377,10.8535],[107.338,10.8528],[107.3376,10.8524],[107.3365,10.8526],[107.3364,10.8509],[107.3378,10.8509],[107.3385,10.8502],[107.3386,10.8508],[107.3513,10.8502],[107.3516,10.8497],[107.3523,10.8502],[107.3527,10.8496],[107.3541,10.8503],[107.3544,10.8502],[107.3546,10.8495],[107.355,10.8496],[107.3554,10.8492],[107.3556,10.8496],[107.3555,10.85],[107.3558,10.8501],[107.3563,10.8495],[107.3571,10.8499],[107.3697,10.8493],[107.3695,10.848],[107.3698,10.8479],[107.3707,10.8486],[107.3709,10.8494],[107.3716,10.8497],[107.3723,10.8491],[107.374,10.8485],[107.3753,10.8491],[107.3838,10.8485],[107.3903,10.847],[107.3908,10.8468],[107.3908,10.8464],[107.393,10.8467],[107.3931,10.8473],[107.3996,10.8472],[107.4012,10.8475],[107.4014,10.847],[107.4022,10.8468],[107.4023,10.8471],[107.4085,10.8468],[107.4087,10.8472],[107.4094,10.8469],[107.4093,10.8467],[107.4109,10.8466],[107.4121,10.8466],[107.4123,10.8471],[107.4127,10.847],[107.4132,10.8475],[107.4142,10.8469],[107.4146,10.8474],[107.416,10.8464],[107.4173,10.8473],[107.417,10.8479],[107.4163,10.8483],[107.4175,10.8499],[107.4167,10.8503],[107.4171,10.8517],[107.4162,10.8516],[107.4159,10.8518],[107.4164,10.8525],[107.416,10.853]]]},"properties":{"code":"26458","name":"Xuân Phú","nameEn":"Xuan Phu","fullName":"Xã Xuân Phú","fullNameEn":"Xuan Phu Commune","codeName":"xuan_phu","postalCode":"76615","postalCodePrefix":"","gisServerId":"diaphanhanhchinhcapxa_2025.3145","areaKm2":55.6},"id":"26458"},
{"type":"Feature","geometry":{"type":"Polygon","coordinates":[[[107.26,10.9181],[107.2581,10.9172],[107.2571,10.9151],[107.2569,10.9125],[107.2574,10.9092],[107.2532,10.9087],[107.2528,10.9079],[107.2522,10.9076],[107.2524,10.9067],[107.2506,10.906],[107.2504,10.9048],[107.2497,10.9045],[107.2492,10.9049],[107.2488,10.9046],[107.2487,10.9035],[107.2478,10.9033],[107.2472,10.9013],[107.2464,10.9005],[107.2459,10.9006],[107.2439,10.8995],[107.244,10.8985],[107.2421,10.895],[107.242,10.8926],[107.2411,10.8901],[107.241,10.8876],[107.2412,10.8869],[107.241,10.8846],[107.2377,10.882],[107.2384,10.881],[107.2476,10.8854],[107.2498,10.8809],[107.2511,10.8814],[107.259,10.8642],[107.2595,10.864],[107.2603,10.8626],[107.2614,10.8621],[107.2614,10.8612],[107.2607,10.8601],[107.2611,10.8596],[107.2611,10.8585],[107.2615,10.8577],[107.2631,10.8572],[107.2633,10.8567],[107.2641,10.8566],[107.266,10.8559],[107.2668,10.8549],[107.2674,10.8535],[107.2681,10.8528],[107.2707,10.8517],[107.271,10.8511],[107.2698,10.8503],[107.2693,10.8484],[107.2699,10.8473],[107.2705,10.8469],[107.2701,10.8469],[107.2719,10.8465],[107.2725,10.8467],[107.2743,10.8457],[107.2734,10.8455],[107.2734,10.8453],[107.2756,10.8442],[107.2763,10.8444],[107.2764,10.8434],[107.2786,10.8423],[107.2796,10.8421],[107.281,10.8413],[107.2815,10.8414],[107.2822,10.841],[107.2823,10.8401],[107.2806,10.8389],[107.2807,10.8384],[107.281,10.8383],[107.2809,10.838],[107.2804,10.8377],[107.2797,10.8378],[107.279,10.8376],[107.2787,10.8367],[107.2781,10.8364],[107.2788,10.8364],[107.2798,10.8369],[107.2834,10.8393],[107.2849,10.8394],[107.2854,10.839],[107.2855,10.8385],[107.2847,10.8379],[107.2838,10.8377],[107.2839,10.8372],[107.2834,10.836],[107.2834,10.835],[107.2837,10.8348],[107.2839,10.8351],[107.2837,10.836],[107.2841,10.8369],[107.2852,10.8376],[107.2855,10.8374],[107.2863,10.8378],[107.2865,10.8383],[107.2863,10.8386],[107.2875,10.8396],[107.2883,10.8393],[107.2886,10.8398],[107.2896,10.84],[107.2902,10.8412],[107.2907,10.8409],[107.2911,10.8412],[107.2913,10.8407],[107.2925,10.8403],[107.2934,10.8404],[107.2944,10.8411],[107.2976,10.8403],[107.3002,10.8409],[107.301,10.8418],[107.302,10.8416],[107.302,10.8424],[107.3014,10.8428],[107.3028,10.8438],[107.3029,10.8448],[107.3034,10.8455],[107.3034,10.8461],[107.304,10.8462],[107.3036,10.8471],[107.3044,10.8474],[107.3047,10.8479],[107.3055,10.8476],[107.3057,10.8479],[107.3066,10.8472],[107.3071,10.8479],[107.3097,10.8472],[107.31,10.8469],[107.3106,10.8474],[107.3107,10.848],[107.3111,10.8475],[107.3116,10.8476],[107.3126,10.849],[107.313,10.8488],[107.3133,10.8494],[107.3156,10.8497],[107.3158,10.8505],[107.3166,10.8498],[107.3176,10.8509],[107.3195,10.8501],[107.3194,10.8498],[107.3204,10.849],[107.3204,10.848],[107.3218,10.8482],[107.3224,10.8487],[107.3214,10.849],[107.3215,10.8496],[107.3209,10.8497],[107.321,10.8508],[107.3205,10.8511],[107.3204,10.8515],[107.3215,10.8529],[107.3232,10.8527],[107.3268,10.8511],[107.331,10.851],[107.3312,10.8519],[107.3336,10.8506],[107.3336,10.851],[107.3364,10.8509],[107.3365,10.8526],[107.3376,10.8524],[107.338,10.8528],[107.3377,10.8535],[107.3369,10.8537],[107.337,10.8542],[107.3362,10.8542],[107.3366,10.8548],[107.3361,10.8553],[107.3357,10.8554],[107.3355,10.8552],[107.3346,10.8555],[107.3333,10.8576],[107.3341,10.8578],[107.3331,10.8599],[107.3335,10.8606],[107.3334,10.8624],[107.3346,10.8629],[107.3347,10.8633],[107.3349,10.8633],[107.3347,10.8638],[107.3332,10.8639],[107.3323,10.8634],[107.3322,10.8635],[107.3326,10.8642],[107.3323,10.8647],[107.3309,10.8645],[107.3304,10.8646],[107.3299,10.864],[107.3277,10.8644],[107.3276,10.8667],[107.329,10.8674],[107.3307,10.8659],[107.3315,10.8671],[107.3308,10.8684],[107.3328,10.8696],[107.3333,10.8694],[107.3336,10.8699],[107.3329,10.8711],[107.3305,10.8697],[107.3277,10.8787],[107.3249,10.8838],[107.3246,10.8833],[107.3233,10.8833],[107.3228,10.8836],[107.3227,10.884],[107.3216,10.884],[107.3182,10.8853],[107.3177,10.8847],[107.3152,10.8844],[107.3142,10.8836],[107.3143,10.8833],[107.3134,10.8829],[107.3126,10.882],[107.3121,10.8824],[107.308,10.8829],[107.3069,10.8828],[107.3067,10.8858],[107.3025,10.8858],[107.302,10.8882],[107.3023,10.8895],[107.3018,10.8909],[107.3011,10.8923],[107.2998,10.8932],[107.2992,10.895],[107.2995,10.8994],[107.2993,10.9016],[107.299,10.9028],[107.2988,10.9028],[107.2989,10.907],[107.2981,10.9072],[107.2994,10.9093],[107.2987,10.9092],[107.2982,10.9086],[107.2975,10.9091],[107.2974,10.9085],[107.2964,10.9081],[107.2958,10.9088],[107.2951,10.9084],[107.2946,10.909],[107.2936,10.9089],[107.2932,10.9096],[107.2919,10.9097],[107.2895,10.9086],[107.2893,10.9091],[107.2888,10.9091],[107.2881,10.9099],[107.288,10.9108],[107.2873,10.9111],[107.2861,10.9111],[107.2849,10.9106],[107.2839,10.909],[107.2826,10.9092],[107.2818,10.9089],[107.2814,10.9105],[107.2804,10.9107],[107.2793,10.9102],[107.2779,10.9101],[107.2771,10.9113],[107.2764,10.9116],[107.2757,10.9134],[107.2758,10.9146],[107.2742,10.9134],[107.2736,10.9124],[107.2718,10.9115],[107.2708,10.9088],[107.2694,10.9086],[107.2689,10.9095],[107.2685,10.9094],[107.2683,10.9098],[107.2689,10.9103],[107.2686,10.9107],[107.2693,10.9125],[107.2699,10.9125],[107.2695,10.913],[107.27,10.9136],[107.2695,10.9145],[107.2696,10.9152],[107.2701,10.9156],[107.2701,10.916],[107.2683,10.9164],[107.2673,10.9173],[107.2668,10.9171],[107.2653,10.9173],[107.2652,10.9176],[107.2644,10.9177],[107.2639,10.9181],[107.2633,10.9178],[107.2623,10.918],[107.2619,10.9173],[107.2616,10.9177],[107.2612,10.9175],[107.2609,10.9179],[107.26,10.9181]]]},"properties":{"code":"26461","name":"Xuân Định","nameEn":"Xuan Dinh","fullName":"Xã Xuân Định","fullNameEn":"Xuan Dinh Commune","codeName":"xuan_dinh","postalCode":"76614","postalCodePrefix":"","gisServerId":"diaphanhanhchinhcapxa_2025.3146","areaKm2":52.3},"id":"26461"},
{"type":"Feature","geometry":{"type":"Polygon","coordinates":[[[106.9197,10.7803],[106.9187,10.7802],[106.9168,10.7788],[106.9154,10.7765],[106.9151,10.7749],[106.914,10.7744],[106.9127,10.7773],[106.9107,10.7756],[106.9088,10.7767],[106.9025,10.777],[106.9012,10.7766],[106.9003,10.7774],[106.8993,10.7766],[106.898,10.7776],[106.8976,10.7796],[106.896,10.7819],[106.8938,10.7832],[106.8928,10.7828],[106.8919,10.7828],[106.8912,10.7847],[106.8898,10.7853],[106.8868,10.7842],[106.884,10.7847],[106.8824,10.783],[106.8812,10.7821],[106.8802,10.7823],[106.8782,10.7839],[106.8774,10.7838],[106.8772,10.7832],[106.8774,10.7809],[106.877,10.7799],[106.8764,10.7794],[106.8713,10.7768],[106.8716,10.7757],[106.8716,10.7728],[106.8713,10.7687],[106.8703,10.7671],[106.8692,10.7661],[106.8675,10.7652],[106.8652,10.7647],[106.8639,10.7649],[106.8627,10.7654],[106.8606,10.7675],[106.8584,10.7707],[106.8554,10.7732],[106.8541,10.7739],[106.8498,10.7749],[106.8458,10.7749],[106.8422,10.7736],[106.8362,10.7698],[106.8323,10.7656],[106.8296,10.7612],[106.8282,10.76],[106.8291,10.7585],[106.8299,10.7553],[106.8308,10.7535],[106.8378,10.7474],[106.8418,10.7425],[106.8433,10.7388],[106.8437,10.7358],[106.8432,10.7327],[106.8418,10.7287],[106.8395,10.7257],[106.8375,10.7249],[106.8349,10.7251],[106.832,10.7265],[106.8304,10.7278],[106.8285,10.7263],[106.8281,10.7266],[106.8278,10.7261],[106.8267,10.7237],[106.8269,10.7184],[106.826,10.708],[106.8263,10.7063],[106.8257,10.7055],[106.8429,10.704],[106.843,10.6982],[106.8475,10.6982],[106.8475,10.6962],[106.8488,10.6965],[106.8505,10.6957],[106.8508,10.6962],[106.852,10.6957],[106.8544,10.6938],[106.8537,10.6933],[106.8544,10.693],[106.8546,10.692],[106.8553,10.6909],[106.8551,10.6906],[106.8556,10.6902],[106.857,10.6913],[106.8574,10.6909],[106.8584,10.6917],[106.8588,10.6914],[106.8609,10.694],[106.862,10.6967],[106.8661,10.6976],[106.8684,10.6984],[106.8688,10.7002],[106.8695,10.7001],[106.8696,10.7042],[106.8776,10.7041],[106.8781,10.7047],[106.8773,10.705],[106.8787,10.7068],[106.879,10.7075],[106.88,10.7074],[106.882,10.7078],[106.8823,10.7071],[106.8829,10.7072],[106.8834,10.705],[106.8839,10.7051],[106.8844,10.704],[106.8879,10.7055],[106.8979,10.6926],[106.8991,10.6905],[106.8987,10.6902],[106.9,10.6879],[106.9021,10.6902],[106.9075,10.6944],[106.9197,10.6915],[106.9206,10.6913],[106.9208,10.6917],[106.9218,10.6913],[106.9253,10.6964],[106.9252,10.6969],[106.9362,10.6994],[106.9341,10.7083],[106.9386,10.7094],[106.9378,10.7124],[106.9422,10.7135],[106.9413,10.7173],[106.9457,10.7185],[106.9453,10.7196],[106.9484,10.7203],[106.9508,10.7213],[106.9513,10.7217],[106.9516,10.7229],[106.9529,10.7246],[106.9536,10.7242],[106.9585,10.7291],[106.9588,10.7287],[106.9596,10.7292],[106.9591,10.7299],[106.9637,10.7318],[106.9619,10.7324],[106.9597,10.7336],[106.958,10.7372],[106.9571,10.7384],[106.9561,10.7421],[106.9562,10.7452],[106.9565,10.7461],[106.9579,10.7482],[106.9583,10.7497],[106.959,10.751],[106.9581,10.7516],[106.9559,10.7568],[106.9532,10.7611],[106.9529,10.7613],[106.9509,10.7608],[106.9496,10.7615],[106.9481,10.7618],[106.9478,10.7624],[106.9446,10.761],[106.9443,10.7625],[106.9435,10.7621],[106.9425,10.7628],[106.9419,10.7624],[106.9408,10.7629],[106.9418,10.7639],[106.9419,10.7653],[106.9423,10.7664],[106.9423,10.7682],[106.9417,10.7695],[106.9422,10.7707],[106.9419,10.7717],[106.9386,10.7713],[106.9383,10.7728],[106.9376,10.7728],[106.9376,10.7731],[106.9365,10.7733],[106.9366,10.7737],[106.9362,10.7739],[106.9243,10.7763],[106.924,10.7774],[106.9243,10.7777],[106.9232,10.7791],[106.9226,10.7794],[106.9205,10.7794],[106.9197,10.7803]]]},"properties":{"code":"26485","name":"Nhơn Trạch","nameEn":"Nhon Trach","fullName":"Phường Nhơn Trạch","fullNameEn":"Nhon Trach Ward","codeName":"nhon_trach","postalCode":"76268","postalCodePrefix":"","gisServerId":"diaphanhanhchinhcapxa_2025.3147","areaKm2":108},"id":"26485"},
{"type":"Feature","geometry":{"type":"Polygon","coordinates":[[[106.8282,10.76],[106.8264,10.7596],[106.8247,10.7597],[106.824,10.7601],[106.8233,10.761],[106.8229,10.7627],[106.8231,10.7649],[106.8238,10.7672],[106.8253,10.7698],[106.8257,10.771],[106.8262,10.7733],[106.8262,10.7748],[106.8252,10.7777],[106.8236,10.7798],[106.8214,10.7807],[106.8196,10.7807],[106.8168,10.78],[106.8143,10.7783],[106.8097,10.7744],[106.8061,10.7707],[106.8053,10.7692],[106.804,10.764],[106.8026,10.7618],[106.8009,10.7601],[106.7991,10.7589],[106.7818,10.7513],[106.7781,10.7501],[106.7737,10.7477],[106.77,10.7446],[106.7605,10.7327],[106.7563,10.7259],[106.7518,10.7167],[106.7514,10.7136],[106.7514,10.7085],[106.7528,10.7022],[106.755,10.6971],[106.7563,10.6948],[106.7579,10.6929],[106.7607,10.69],[106.7655,10.686],[106.7732,10.6768],[106.7776,10.6739],[106.7833,10.6726],[106.7884,10.6699],[106.7903,10.6687],[106.7967,10.6627],[106.8043,10.6591],[106.8071,10.6572],[106.8092,10.6542],[106.813,10.6424],[106.8146,10.6396],[106.8179,10.635],[106.8202,10.6323],[106.8247,10.6285],[106.8267,10.6277],[106.8294,10.6272],[106.8348,10.6269],[106.8363,10.6272],[106.8378,10.6281],[106.8388,10.6294],[106.8396,10.6316],[106.84,10.634],[106.8407,10.6357],[106.8416,10.6369],[106.8427,10.6378],[106.844,10.6384],[106.8475,10.6393],[106.8514,10.6397],[106.854,10.6391],[106.8578,10.6371],[106.8592,10.6367],[106.8601,10.6367],[106.8616,10.6375],[106.8635,10.6413],[106.8625,10.642],[106.862,10.6432],[106.8619,10.6475],[106.8591,10.652],[106.8588,10.6532],[106.8587,10.655],[106.8575,10.6565],[106.8571,10.6576],[106.8571,10.6597],[106.8593,10.6629],[106.8588,10.6642],[106.8577,10.6649],[106.8541,10.6654],[106.8511,10.6673],[106.8488,10.6682],[106.8468,10.6677],[106.845,10.6661],[106.8416,10.667],[106.8406,10.6677],[106.8396,10.6695],[106.8383,10.6708],[106.8375,10.6727],[106.8316,10.6755],[106.824,10.6832],[106.8235,10.6849],[106.82,10.6915],[106.819,10.6942],[106.8173,10.6955],[106.8167,10.6966],[106.8161,10.6992],[106.8191,10.7009],[106.8207,10.6993],[106.8257,10.7055],[106.8263,10.7063],[106.826,10.708],[106.8269,10.7184],[106.8267,10.7237],[106.8278,10.7261],[106.8281,10.7266],[106.8285,10.7263],[106.8304,10.7278],[106.832,10.7265],[106.8349,10.7251],[106.8375,10.7249],[106.8395,10.7257],[106.8418,10.7287],[106.8432,10.7327],[106.8437,10.7358],[106.8433,10.7388],[106.8418,10.7425],[106.8378,10.7474],[106.8308,10.7535],[106.8299,10.7553],[106.8291,10.7585],[106.8282,10.76]]]},"properties":{"code":"26491","name":"Đại Phước","nameEn":"Dai Phuoc","fullName":"Xã Đại Phước","fullNameEn":"Dai Phuoc Commune","codeName":"dai_phuoc","postalCode":"76259","postalCodePrefix":"","gisServerId":"diaphanhanhchinhcapxa_2025.3148","areaKm2":98},"id":"26491"},
{"type":"Feature","geometry":{"type":"Polygon","coordinates":[[[106.9652,10.7308],[106.9637,10.7318],[106.9591,10.7299],[106.9596,10.7292],[106.9588,10.7287],[106.9585,10.7291],[106.9536,10.7242],[106.9529,10.7246],[106.9516,10.7229],[106.9513,10.7217],[106.9508,10.7213],[106.9484,10.7203],[106.9453,10.7196],[106.9457,10.7185],[106.9413,10.7173],[106.9422,10.7135],[106.9378,10.7124],[106.9386,10.7094],[106.9341,10.7083],[106.9362,10.6994],[106.9252,10.6969],[106.9253,10.6964],[106.9218,10.6913],[106.9208,10.6917],[106.9206,10.6913],[106.9197,10.6915],[106.9075,10.6944],[106.9021,10.6902],[106.9,10.6879],[106.8987,10.6902],[106.8991,10.6905],[106.8979,10.6926],[106.8879,10.7055],[106.8844,10.704],[106.8839,10.7051],[106.8834,10.705],[106.8829,10.7072],[106.8823,10.7071],[106.882,10.7078],[106.88,10.7074],[106.879,10.7075],[106.8787,10.7068],[106.8773,10.705],[106.8781,10.7047],[106.8776,10.7041],[106.8696,10.7042],[106.8695,10.7001],[106.8688,10.7002],[106.8684,10.6984],[106.8661,10.6976],[106.862,10.6967],[106.8609,10.694],[106.8588,10.6914],[106.8584,10.6917],[106.8574,10.6909],[106.857,10.6913],[106.8556,10.6902],[106.8551,10.6906],[106.8553,10.6909],[106.8546,10.692],[106.8544,10.693],[106.8537,10.6933],[106.8544,10.6938],[106.852,10.6957],[106.8508,10.6962],[106.8505,10.6957],[106.8488,10.6965],[106.8475,10.6962],[106.8475,10.6982],[106.843,10.6982],[106.8429,10.704],[106.8257,10.7055],[106.8207,10.6993],[106.8191,10.7009],[106.8161,10.6992],[106.8167,10.6966],[106.8173,10.6955],[106.819,10.6942],[106.82,10.6915],[106.8235,10.6849],[106.824,10.6832],[106.8316,10.6755],[106.8375,10.6727],[106.8383,10.6708],[106.8396,10.6695],[106.8406,10.6677],[106.8416,10.667],[106.845,10.6661],[106.8468,10.6677],[106.8488,10.6682],[106.8511,10.6673],[106.8541,10.6654],[106.8577,10.6649],[106.8588,10.6642],[106.8593,10.6629],[106.8571,10.6597],[106.8571,10.6576],[106.8575,10.6565],[106.8587,10.655],[106.8588,10.6532],[106.8591,10.652],[106.8619,10.6475],[106.862,10.6432],[106.8625,10.642],[106.8635,10.6413],[106.8648,10.6422],[106.8696,10.6429],[106.8705,10.644],[106.8718,10.647],[106.8738,10.6483],[106.8752,10.6485],[106.8785,10.6483],[106.8825,10.6477],[106.8837,10.6465],[106.8839,10.6459],[106.8846,10.6421],[106.8853,10.6399],[106.8871,10.6388],[106.8895,10.6378],[106.8906,10.6366],[106.8915,10.6338],[106.8928,10.6322],[106.8985,10.629],[106.9012,10.6267],[106.9038,10.624],[106.9052,10.6218],[106.9064,10.619],[106.9072,10.6154],[106.9085,10.6124],[106.9102,10.6092],[106.9115,10.6081],[106.9126,10.6076],[106.9136,10.6076],[106.919,10.6098],[106.9214,10.6096],[106.9227,10.6088],[106.9261,10.6043],[106.9277,10.6032],[106.9326,10.6018],[106.9358,10.5997],[106.938,10.5993],[106.9401,10.5974],[106.9412,10.5968],[106.9429,10.5966],[106.9466,10.5973],[106.9556,10.5941],[106.9606,10.5935],[106.9639,10.5912],[106.9669,10.5904],[106.9681,10.5898],[106.9703,10.5876],[106.9744,10.5825],[106.976,10.5821],[106.9777,10.5827],[106.9789,10.5823],[106.9837,10.5791],[106.9863,10.5852],[106.9871,10.5887],[106.9869,10.5922],[106.9859,10.5961],[106.9878,10.5982],[106.9895,10.5993],[106.9906,10.6003],[106.9907,10.6018],[106.9903,10.6036],[106.9905,10.605],[106.9921,10.6056],[106.9962,10.6054],[106.9967,10.6057],[106.9973,10.6073],[106.9981,10.6077],[106.999,10.6076],[107,10.607],[107.0006,10.6071],[107.0025,10.6087],[107.0021,10.6103],[107.0022,10.6107],[107.0034,10.6109],[107.0062,10.6097],[107.0068,10.6102],[107.0072,10.6114],[107.0076,10.6133],[107.0041,10.6158],[107,10.6193],[106.9975,10.6229],[106.9967,10.6248],[106.9963,10.6273],[106.9967,10.6303],[106.9974,10.632],[106.9984,10.6333],[107.001,10.6356],[107.0034,10.637],[107.0057,10.6377],[107.007,10.6376],[107.0082,10.6371],[107.0133,10.6322],[107.015,10.6319],[107.0163,10.6324],[107.0169,10.633],[107.0169,10.6337],[107.015,10.6368],[107.0142,10.639],[107.0134,10.6414],[107.0134,10.6437],[107.0134,10.6503],[107.0148,10.6527],[107.0176,10.6558],[107.0178,10.6569],[107.0176,10.6586],[107.0152,10.6605],[107.0134,10.6613],[107.007,10.6629],[107.0023,10.6651],[106.9998,10.6696],[106.9982,10.6711],[106.9969,10.6704],[106.9944,10.6676],[106.9933,10.6674],[106.9927,10.6677],[106.9921,10.6684],[106.9907,10.6722],[106.9894,10.674],[106.9874,10.6759],[106.9871,10.6775],[106.9872,10.6812],[106.9863,10.6822],[106.9852,10.6828],[106.9832,10.6832],[106.9813,10.684],[106.98,10.6855],[106.9746,10.6891],[106.9736,10.6894],[106.9713,10.6894],[106.9708,10.6897],[106.9707,10.691],[106.9709,10.6915],[106.9716,10.6921],[106.9739,10.6927],[106.9743,10.6948],[106.975,10.697],[106.9759,10.6982],[106.9781,10.6997],[106.9783,10.7003],[106.9779,10.7015],[106.9746,10.7056],[106.974,10.7067],[106.9747,10.708],[106.9771,10.7093],[106.9772,10.71],[106.9769,10.7118],[106.9764,10.7122],[106.9752,10.7118],[106.9743,10.7103],[106.9736,10.7103],[106.9731,10.7108],[106.9732,10.7121],[106.9728,10.7128],[106.9716,10.7135],[106.9716,10.7139],[106.9722,10.7147],[106.9713,10.7151],[106.971,10.716],[106.9716,10.7175],[106.9735,10.7176],[106.9736,10.7197],[106.9718,10.7199],[106.9714,10.721],[106.9696,10.7227],[106.9671,10.7239],[106.9661,10.7238],[106.9651,10.7246],[106.9657,10.7254],[106.9655,10.7271],[106.9651,10.7277],[106.9653,10.7284],[106.965,10.7304],[106.9652,10.7308]]]},"properties":{"code":"26503","name":"Phước An","nameEn":"Phuoc An","fullName":"Xã Phước An","fullNameEn":"Phuoc An Commune","codeName":"phuoc_an","postalCode":"76267","postalCodePrefix":"","gisServerId":"diaphanhanhchinhcapxa_2025.3149","areaKm2":170.7},"id":"26503"}
]}