{"type":"FeatureCollection", "features": [
{"type":"Feature","geometry":{"type":"Polygon","coordinates":[[[105.8004,10.0468],[105.7938,10.0557],[105.791,10.0598],[105.7878,10.0637],[105.7843,10.0675],[105.7829,10.0687],[105.7794,10.0709],[105.774,10.0719],[105.7682,10.0734],[105.7585,10.0762],[105.7584,10.0757],[105.7599,10.0733],[105.7677,10.0652],[105.7744,10.0565],[105.7714,10.0541],[105.7717,10.0538],[105.7702,10.0522],[105.7699,10.0512],[105.7698,10.0511],[105.7665,10.0501],[105.7628,10.0484],[105.7591,10.0476],[105.76,10.047],[105.7591,10.0452],[105.7551,10.047],[105.755,10.047],[105.7548,10.0453],[105.7583,10.0437],[105.7608,10.045],[105.7613,10.045],[105.762,10.0449],[105.7627,10.0443],[105.7674,10.0393],[105.768,10.0389],[105.7692,10.0385],[105.7706,10.0395],[105.7717,10.0393],[105.7721,10.0394],[105.7725,10.0404],[105.773,10.0406],[105.7731,10.0424],[105.773,10.0426],[105.7726,10.0428],[105.7778,10.0476],[105.7833,10.0421],[105.7845,10.0428],[105.7851,10.0429],[105.7909,10.0373],[105.7922,10.036],[105.7949,10.0385],[105.7964,10.0402],[105.8004,10.0468]]]},"properties":{"code":"31120","name":"Cái Khế","nameEn":"Cai Khe","fullName":"Phường Cái Khế","fullNameEn":"Cai Khe Ward","codeName":"cai_khe","postalCode":"94107","postalCodePrefix":"","gisServerId":"diaphanhanhchinhcapxa_2025.202","areaKm2":10.04},"id":"31120"},
{"type":"Feature","geometry":{"type":"Polygon","coordinates":[[[105.7922,10.036],[105.7909,10.0373],[105.7851,10.0429],[105.7845,10.0428],[105.7833,10.0421],[105.7778,10.0476],[105.7726,10.0428],[105.773,10.0426],[105.7731,10.0424],[105.773,10.0406],[105.7725,10.0404],[105.7721,10.0394],[105.7717,10.0393],[105.7706,10.0395],[105.7692,10.0385],[105.7678,10.037],[105.7677,10.0363],[105.7679,10.0357],[105.7675,10.0348],[105.767,10.0344],[105.7642,10.0327],[105.7628,10.0311],[105.7622,10.03],[105.7622,10.0297],[105.7638,10.0276],[105.7664,10.0255],[105.7655,10.024],[105.7663,10.0232],[105.768,10.0252],[105.7708,10.0217],[105.7708,10.0218],[105.7714,10.0207],[105.7728,10.0201],[105.7742,10.0199],[105.7742,10.0209],[105.7745,10.022],[105.7754,10.0231],[105.7761,10.0236],[105.7776,10.024],[105.7805,10.0241],[105.7835,10.0245],[105.7858,10.0252],[105.787,10.0259],[105.7881,10.0273],[105.7887,10.0284],[105.7898,10.0337],[105.7902,10.0344],[105.7908,10.035],[105.7922,10.036]]]},"properties":{"code":"31135","name":"Ninh Kiều","nameEn":"Ninh Kieu","fullName":"Phường Ninh Kiều","fullNameEn":"Ninh Kieu Ward","codeName":"ninh_kieu","postalCode":"94119","postalCodePrefix":"","gisServerId":"diaphanhanhchinhcapxa_2025.203","areaKm2":5.42},"id":"31135"},
{"type":"Feature","geometry":{"type":"Polygon","coordinates":[[[105.7692,10.0385],[105.768,10.0389],[105.7674,10.0393],[105.7627,10.0443],[105.762,10.0449],[105.7613,10.045],[105.7608,10.045],[105.7583,10.0437],[105.7548,10.0453],[105.753,10.0462],[105.7525,10.0462],[105.7485,10.0395],[105.7438,10.0325],[105.7489,10.0303],[105.7494,10.0294],[105.7498,10.0284],[105.7504,10.0277],[105.7507,10.0268],[105.752,10.0248],[105.7521,10.0229],[105.7525,10.022],[105.7524,10.0218],[105.7515,10.021],[105.7515,10.0198],[105.751,10.0189],[105.751,10.0184],[105.7513,10.0177],[105.7524,10.0171],[105.7525,10.0169],[105.7524,10.0166],[105.7515,10.016],[105.7514,10.0152],[105.7518,10.0144],[105.7521,10.014],[105.7524,10.0139],[105.7535,10.0137],[105.7538,10.0134],[105.754,10.0121],[105.756,10.0094],[105.7561,10.0086],[105.7628,10.0062],[105.7638,10.0061],[105.7657,10.0064],[105.7673,10.0072],[105.768,10.0077],[105.7697,10.0095],[105.7715,10.0116],[105.7732,10.0147],[105.774,10.0169],[105.7742,10.0199],[105.7728,10.0201],[105.7714,10.0207],[105.7708,10.0218],[105.7708,10.0217],[105.768,10.0252],[105.7663,10.0232],[105.7655,10.024],[105.7664,10.0255],[105.7638,10.0276],[105.7622,10.0297],[105.7622,10.03],[105.7628,10.0311],[105.7642,10.0327],[105.767,10.0344],[105.7675,10.0348],[105.7679,10.0357],[105.7677,10.0363],[105.7678,10.037],[105.7692,10.0385]]]},"properties":{"code":"31147","name":"Tân An","nameEn":"Tan An","fullName":"Phường Tân An","fullNameEn":"Tan An Ward","codeName":"tan_an","postalCode":"94120","postalCodePrefix":"","gisServerId":"diaphanhanhchinhcapxa_2025.204","areaKm2":8.06},"id":"31147"},
{"type":"Feature","geometry":{"type":"Polygon","coordinates":[[[105.7438,10.0325],[105.7434,10.0322],[105.7432,10.0319],[105.743,10.0299],[105.7421,10.0266],[105.7416,10.0236],[105.741,10.022],[105.7405,10.0201],[105.7398,10.019],[105.7399,10.0187],[105.7372,10.0164],[105.7359,10.0178],[105.7353,10.0173],[105.7344,10.0174],[105.7344,10.0173],[105.7346,10.0169],[105.7343,10.0168],[105.7344,10.0166],[105.7342,10.0165],[105.734,10.0166],[105.7339,10.0163],[105.7334,10.0162],[105.7334,10.0157],[105.7276,10.0107],[105.7274,10.0106],[105.7275,10.0112],[105.7271,10.0113],[105.7267,10.0106],[105.7258,10.0098],[105.7254,10.0098],[105.7253,10.0099],[105.7245,10.011],[105.7239,10.0104],[105.724,10.0095],[105.7236,10.0094],[105.7225,10.0103],[105.7217,10.0105],[105.7211,10.011],[105.7202,10.011],[105.7201,10.0107],[105.7196,10.0106],[105.7188,10.0094],[105.718,10.0088],[105.7172,10.0077],[105.7164,10.0076],[105.7148,10.0067],[105.7143,10.0063],[105.7133,10.0086],[105.7126,10.0088],[105.7122,10.0087],[105.7118,10.0088],[105.7115,10.0083],[105.7099,10.0087],[105.7093,10.009],[105.7092,10.0099],[105.7088,10.0105],[105.7085,10.0106],[105.7074,10.0105],[105.7068,10.011],[105.7059,10.0115],[105.7054,10.0122],[105.7045,10.0122],[105.7037,10.0126],[105.7032,10.0127],[105.7012,10.0123],[105.7004,10.0127],[105.6997,10.0143],[105.6987,10.0144],[105.6984,10.0142],[105.6983,10.0138],[105.6986,10.0122],[105.6985,10.0118],[105.6982,10.0115],[105.6976,10.0114],[105.6968,10.0115],[105.6954,10.0129],[105.6951,10.013],[105.6944,10.0126],[105.6924,10.0107],[105.6909,10.0104],[105.6894,10.0096],[105.6891,10.0097],[105.6889,10.0101],[105.6886,10.0117],[105.6884,10.012],[105.6878,10.012],[105.6871,10.0115],[105.6866,10.0115],[105.686,10.0118],[105.6858,10.0125],[105.6855,10.0128],[105.6844,10.0123],[105.6829,10.0122],[105.6813,10.0117],[105.6809,10.0112],[105.6809,10.0107],[105.6813,10.0099],[105.6815,10.0094],[105.6813,10.0089],[105.6808,10.0087],[105.6809,10.0083],[105.6812,10.0081],[105.6816,10.0082],[105.682,10.0087],[105.6826,10.0085],[105.6829,10.0078],[105.6828,10.0076],[105.6823,10.0074],[105.6822,10.0069],[105.6825,10.0065],[105.683,10.0063],[105.6823,10.0058],[105.6819,10.0048],[105.682,10.0042],[105.6825,10.0029],[105.6821,10.0026],[105.6811,10.001],[105.6817,10.0012],[105.6823,9.9998],[105.6823,9.9991],[105.6828,9.9987],[105.683,9.9984],[105.6831,9.9966],[105.6837,9.996],[105.6836,9.9958],[105.6822,9.994],[105.6824,9.9937],[105.6828,9.9937],[105.6836,9.9932],[105.6842,9.9931],[105.6844,9.9925],[105.6856,9.9937],[105.6862,9.9941],[105.687,9.9944],[105.687,9.9948],[105.6877,9.9949],[105.6881,9.9942],[105.6887,9.9934],[105.6901,9.9927],[105.6912,9.9926],[105.6922,9.9881],[105.6926,9.9881],[105.693,9.9879],[105.6929,9.9874],[105.693,9.9865],[105.6962,9.988],[105.697,9.9883],[105.6977,9.9883],[105.6985,9.9881],[105.7016,9.9866],[105.7034,9.9866],[105.705,9.987],[105.7071,9.9871],[105.7116,9.9861],[105.7127,9.9861],[105.7137,9.9868],[105.7144,9.9879],[105.7149,9.9893],[105.7155,9.9919],[105.7165,9.9939],[105.7178,9.9947],[105.7197,9.9952],[105.7215,9.9953],[105.726,9.9951],[105.7305,9.9942],[105.7354,9.9935],[105.7382,9.9937],[105.7396,9.9943],[105.7408,9.9951],[105.7425,9.9969],[105.7435,9.999],[105.7445,10.0032],[105.7451,10.0042],[105.7461,10.0053],[105.7477,10.0061],[105.7495,10.0066],[105.7539,10.0083],[105.7552,10.0086],[105.7561,10.0086],[105.756,10.0094],[105.754,10.0121],[105.7538,10.0134],[105.7535,10.0137],[105.7524,10.0139],[105.7521,10.014],[105.7518,10.0144],[105.7514,10.0152],[105.7515,10.016],[105.7524,10.0166],[105.7525,10.0169],[105.7524,10.0171],[105.7513,10.0177],[105.751,10.0184],[105.751,10.0189],[105.7515,10.0198],[105.7515,10.021],[105.7524,10.0218],[105.7525,10.022],[105.7521,10.0229],[105.752,10.0248],[105.7507,10.0268],[105.7504,10.0277],[105.7498,10.0284],[105.7494,10.0294],[105.7489,10.0303],[105.7438,10.0325]]]},"properties":{"code":"31150","name":"An Bình","nameEn":"An Binh","fullName":"Phường An Bình","fullNameEn":"An Binh Ward","codeName":"an_binh","postalCode":"94118","postalCodePrefix":"","gisServerId":"diaphanhanhchinhcapxa_2025.205","areaKm2":18.39},"id":"31150"},
{"type":"Feature","geometry":{"type":"Polygon","coordinates":[[[105.6663,10.1447],[105.6603,10.1488],[105.6575,10.1515],[105.6543,10.1552],[105.6505,10.1609],[105.6493,10.1623],[105.6421,10.1698],[105.6366,10.1748],[105.6341,10.1723],[105.6332,10.1716],[105.6321,10.1712],[105.631,10.171],[105.6302,10.1705],[105.6301,10.1702],[105.6303,10.1691],[105.6299,10.1677],[105.6292,10.1668],[105.6294,10.1663],[105.6302,10.1659],[105.6301,10.1654],[105.6293,10.1652],[105.6283,10.1652],[105.628,10.1647],[105.6273,10.1647],[105.6265,10.1641],[105.6248,10.1641],[105.624,10.1637],[105.6225,10.1622],[105.6222,10.1608],[105.6215,10.1602],[105.6209,10.1592],[105.6198,10.1588],[105.6188,10.1576],[105.6179,10.1574],[105.6118,10.1531],[105.6105,10.1528],[105.6091,10.1525],[105.6085,10.1522],[105.6086,10.1514],[105.6085,10.1504],[105.6064,10.1489],[105.6078,10.1468],[105.603,10.1432],[105.6024,10.1433],[105.6003,10.1416],[105.5987,10.1411],[105.5984,10.1408],[105.5916,10.1329],[105.5965,10.1283],[105.5879,10.1225],[105.5815,10.1183],[105.5804,10.1175],[105.58,10.1169],[105.579,10.1161],[105.5818,10.1121],[105.5864,10.1153],[105.5901,10.1061],[105.5915,10.1035],[105.5926,10.102],[105.5929,10.1007],[105.5939,10.0991],[105.5946,10.0971],[105.5941,10.0959],[105.5948,10.0951],[105.5952,10.0939],[105.5933,10.0916],[105.5898,10.0888],[105.5902,10.088],[105.5915,10.0884],[105.5919,10.0877],[105.5931,10.088],[105.5933,10.0872],[105.5958,10.0878],[105.5995,10.0889],[105.5999,10.0879],[105.6011,10.0857],[105.6061,10.0785],[105.6124,10.0804],[105.6148,10.0789],[105.6169,10.0787],[105.6172,10.0794],[105.6178,10.0799],[105.6179,10.0804],[105.6184,10.0812],[105.6188,10.0815],[105.6192,10.0822],[105.6213,10.0837],[105.6218,10.0833],[105.6227,10.0834],[105.6231,10.0835],[105.6236,10.0838],[105.6259,10.0843],[105.626,10.083],[105.6279,10.0827],[105.6282,10.0818],[105.6288,10.0818],[105.6294,10.0814],[105.6309,10.0815],[105.629,10.0857],[105.628,10.0876],[105.6281,10.0901],[105.628,10.0905],[105.6277,10.0909],[105.6329,10.0914],[105.6321,10.0924],[105.6322,10.0937],[105.6318,10.0953],[105.6335,10.0952],[105.6337,10.0956],[105.6342,10.0961],[105.6345,10.096],[105.635,10.0962],[105.6353,10.0959],[105.6354,10.096],[105.6358,10.0971],[105.636,10.0975],[105.6372,10.098],[105.6373,10.0975],[105.6379,10.0976],[105.6386,10.0982],[105.6388,10.0986],[105.6394,10.0989],[105.6393,10.0996],[105.6395,10.0997],[105.6407,10.0997],[105.641,10.099],[105.642,10.0979],[105.6428,10.0979],[105.6433,10.0985],[105.6428,10.0988],[105.6428,10.099],[105.6433,10.0992],[105.6438,10.0987],[105.6442,10.0988],[105.6437,10.0992],[105.6437,10.0995],[105.6438,10.0997],[105.6443,10.0996],[105.6446,10.1002],[105.6448,10.1001],[105.6446,10.0995],[105.6448,10.0992],[105.6463,10.1002],[105.6468,10.1003],[105.6473,10.1002],[105.6473,10.1007],[105.6479,10.1009],[105.6479,10.1004],[105.6487,10.1004],[105.6496,10.1006],[105.6505,10.1011],[105.6507,10.1016],[105.6513,10.1014],[105.6519,10.1016],[105.6523,10.1022],[105.6524,10.1029],[105.6522,10.1034],[105.6526,10.107],[105.6528,10.107],[105.653,10.1105],[105.6464,10.1124],[105.6487,10.1137],[105.6494,10.1136],[105.6495,10.1141],[105.6494,10.1148],[105.6504,10.1152],[105.6506,10.1157],[105.6505,10.116],[105.6493,10.1171],[105.6512,10.1186],[105.6537,10.1211],[105.655,10.1227],[105.6564,10.124],[105.6578,10.1248],[105.658,10.1236],[105.6584,10.1234],[105.6585,10.1235],[105.6586,10.1241],[105.6593,10.1243],[105.6599,10.1243],[105.6606,10.127],[105.6611,10.1276],[105.6608,10.1281],[105.6607,10.129],[105.6605,10.1294],[105.6613,10.1299],[105.6613,10.1306],[105.6624,10.1312],[105.6633,10.132],[105.6637,10.132],[105.6646,10.1327],[105.6599,10.1358],[105.6641,10.1418],[105.6663,10.1447]]]},"properties":{"code":"31153","name":"Ô Môn","nameEn":"O Mon","fullName":"Phường Ô Môn","fullNameEn":"O Mon Ward","codeName":"o_mon","postalCode":"94313","postalCodePrefix":"","gisServerId":"diaphanhanhchinhcapxa_2025.206","areaKm2":54.69},"id":"31153"},
{"type":"Feature","geometry":{"type":"Polygon","coordinates":[[[105.6014,10.2031],[105.5964,10.2007],[105.5941,10.1988],[105.5943,10.1978],[105.5954,10.1969],[105.5955,10.1963],[105.5959,10.1962],[105.5973,10.1962],[105.5982,10.1951],[105.5983,10.1938],[105.5987,10.1931],[105.5986,10.1925],[105.5991,10.1917],[105.6001,10.1919],[105.5976,10.1889],[105.5946,10.187],[105.5941,10.1879],[105.5941,10.1887],[105.5938,10.1889],[105.5938,10.189],[105.5941,10.1892],[105.5939,10.1895],[105.594,10.19],[105.5937,10.1903],[105.5913,10.1896],[105.5907,10.1895],[105.5906,10.19],[105.5886,10.1892],[105.5882,10.1899],[105.5878,10.1901],[105.5876,10.1905],[105.5818,10.1907],[105.5817,10.1905],[105.5801,10.1907],[105.5773,10.1908],[105.5757,10.1907],[105.5755,10.1907],[105.5758,10.1914],[105.5752,10.1912],[105.5751,10.1914],[105.5749,10.1926],[105.5751,10.1934],[105.5746,10.1941],[105.5741,10.1946],[105.5735,10.1965],[105.5731,10.1967],[105.5727,10.1972],[105.5734,10.1986],[105.5729,10.1996],[105.5723,10.2016],[105.5703,10.2011],[105.5696,10.2023],[105.5673,10.2045],[105.5668,10.2048],[105.5657,10.2052],[105.5656,10.2056],[105.5651,10.2056],[105.5651,10.2059],[105.565,10.2061],[105.5643,10.2057],[105.5644,10.2061],[105.5622,10.2065],[105.5617,10.2065],[105.5613,10.2069],[105.5603,10.2065],[105.5588,10.2052],[105.558,10.2064],[105.5548,10.2035],[105.5551,10.2033],[105.5545,10.2025],[105.5544,10.2029],[105.5524,10.2053],[105.5524,10.2056],[105.5516,10.2054],[105.5517,10.2072],[105.5509,10.2078],[105.5503,10.208],[105.5501,10.2084],[105.5497,10.2088],[105.5467,10.2059],[105.5464,10.206],[105.546,10.2066],[105.5457,10.2052],[105.5457,10.203],[105.546,10.2014],[105.5458,10.2006],[105.5451,10.199],[105.5451,10.1954],[105.5435,10.1925],[105.5432,10.1912],[105.5427,10.1881],[105.5419,10.1863],[105.542,10.1847],[105.5419,10.1833],[105.5413,10.1816],[105.5415,10.1809],[105.5397,10.1784],[105.5385,10.1773],[105.5393,10.174],[105.5365,10.1719],[105.5393,10.1692],[105.5422,10.1659],[105.5567,10.1525],[105.5567,10.152],[105.561,10.148],[105.5612,10.1482],[105.5624,10.1468],[105.5686,10.141],[105.5739,10.1356],[105.5816,10.1286],[105.5817,10.1287],[105.5844,10.1259],[105.5847,10.1257],[105.5853,10.1259],[105.5858,10.1251],[105.5869,10.1243],[105.5876,10.1236],[105.5877,10.1228],[105.5879,10.1225],[105.5965,10.1283],[105.5916,10.1329],[105.5984,10.1408],[105.5987,10.1411],[105.6003,10.1416],[105.6024,10.1433],[105.603,10.1432],[105.6078,10.1468],[105.6064,10.1489],[105.6085,10.1504],[105.6086,10.1514],[105.6085,10.1522],[105.6091,10.1525],[105.6105,10.1528],[105.6118,10.1531],[105.6179,10.1574],[105.6188,10.1576],[105.6198,10.1588],[105.6209,10.1592],[105.6215,10.1602],[105.6222,10.1608],[105.6225,10.1622],[105.624,10.1637],[105.6248,10.1641],[105.6265,10.1641],[105.6273,10.1647],[105.628,10.1647],[105.6283,10.1652],[105.6293,10.1652],[105.6301,10.1654],[105.6302,10.1659],[105.6294,10.1663],[105.6292,10.1668],[105.6299,10.1677],[105.6303,10.1691],[105.6301,10.1702],[105.6302,10.1705],[105.631,10.171],[105.6321,10.1712],[105.6332,10.1716],[105.6341,10.1723],[105.6366,10.1748],[105.6268,10.1868],[105.6267,10.1871],[105.6252,10.1869],[105.623,10.1869],[105.619,10.1882],[105.6155,10.19],[105.6116,10.193],[105.6014,10.2031]]]},"properties":{"code":"31157","name":"Thới Long","nameEn":"Thoi Long","fullName":"Phường Thới Long","fullNameEn":"Thoi Long Ward","codeName":"thoi_long","postalCode":"94310","postalCodePrefix":"","gisServerId":"diaphanhanhchinhcapxa_2025.207","areaKm2":54.1},"id":"31157"},
{"type":"Feature","geometry":{"type":"Polygon","coordinates":[[[105.7097,10.1175],[105.7003,10.124],[105.6958,10.1259],[105.6874,10.1309],[105.6827,10.1342],[105.6663,10.1447],[105.6641,10.1418],[105.6599,10.1358],[105.6646,10.1327],[105.6637,10.132],[105.6633,10.132],[105.6624,10.1312],[105.6613,10.1306],[105.6613,10.1299],[105.6605,10.1294],[105.6607,10.129],[105.6608,10.1281],[105.6611,10.1276],[105.6606,10.127],[105.6599,10.1243],[105.6593,10.1243],[105.6586,10.1241],[105.6585,10.1235],[105.6584,10.1234],[105.658,10.1236],[105.6578,10.1248],[105.6564,10.124],[105.655,10.1227],[105.6537,10.1211],[105.6512,10.1186],[105.6493,10.1171],[105.6505,10.116],[105.6506,10.1157],[105.6504,10.1152],[105.6494,10.1148],[105.6495,10.1141],[105.6494,10.1136],[105.6487,10.1137],[105.6464,10.1124],[105.653,10.1105],[105.6528,10.107],[105.6526,10.107],[105.6522,10.1034],[105.6524,10.1029],[105.6523,10.1022],[105.6519,10.1016],[105.6513,10.1014],[105.6507,10.1016],[105.6505,10.1011],[105.6496,10.1006],[105.6487,10.1004],[105.6479,10.1004],[105.6479,10.1009],[105.6473,10.1007],[105.6473,10.1002],[105.6468,10.1003],[105.6463,10.1002],[105.6448,10.0992],[105.6446,10.0995],[105.6448,10.1001],[105.6446,10.1002],[105.6443,10.0996],[105.6438,10.0997],[105.6437,10.0995],[105.6437,10.0992],[105.6442,10.0988],[105.6438,10.0987],[105.6433,10.0992],[105.6428,10.099],[105.6428,10.0988],[105.6433,10.0985],[105.6428,10.0979],[105.642,10.0979],[105.641,10.099],[105.6407,10.0997],[105.6395,10.0997],[105.6393,10.0996],[105.6394,10.0989],[105.6388,10.0986],[105.6386,10.0982],[105.6379,10.0976],[105.6373,10.0975],[105.6372,10.098],[105.636,10.0975],[105.6358,10.0971],[105.6354,10.096],[105.6353,10.0959],[105.635,10.0962],[105.6345,10.096],[105.6342,10.0961],[105.6337,10.0956],[105.6335,10.0952],[105.6318,10.0953],[105.6322,10.0937],[105.6321,10.0924],[105.6329,10.0914],[105.6277,10.0909],[105.628,10.0905],[105.6281,10.0901],[105.628,10.0876],[105.629,10.0857],[105.6309,10.0815],[105.6294,10.0814],[105.6288,10.0818],[105.6282,10.0818],[105.6279,10.0827],[105.626,10.083],[105.6259,10.0843],[105.6236,10.0838],[105.6231,10.0835],[105.6227,10.0834],[105.6218,10.0833],[105.6213,10.0837],[105.6192,10.0822],[105.6188,10.0815],[105.6184,10.0812],[105.6179,10.0804],[105.6178,10.0799],[105.6172,10.0794],[105.6169,10.0787],[105.6176,10.0786],[105.618,10.0784],[105.6169,10.0742],[105.6179,10.0708],[105.6192,10.0712],[105.6242,10.0712],[105.6268,10.07],[105.627,10.0698],[105.6268,10.0696],[105.6257,10.0671],[105.6256,10.0664],[105.6257,10.0638],[105.6271,10.057],[105.6268,10.057],[105.6254,10.0493],[105.6267,10.0427],[105.6275,10.0431],[105.6276,10.044],[105.6283,10.044],[105.6289,10.0443],[105.6308,10.0446],[105.6311,10.0458],[105.6316,10.0462],[105.6327,10.0468],[105.6337,10.0466],[105.6343,10.0468],[105.6344,10.0472],[105.6337,10.0478],[105.6337,10.0481],[105.6351,10.0481],[105.6353,10.0483],[105.6354,10.0491],[105.6357,10.0495],[105.6372,10.0499],[105.6382,10.0505],[105.6387,10.0505],[105.6394,10.0502],[105.6396,10.0487],[105.6402,10.0479],[105.6408,10.0475],[105.6414,10.0474],[105.6422,10.048],[105.6431,10.0481],[105.6431,10.0489],[105.6439,10.0516],[105.6446,10.0525],[105.6464,10.0541],[105.6513,10.0521],[105.6523,10.0515],[105.6536,10.0515],[105.6544,10.0512],[105.6555,10.0511],[105.6593,10.0489],[105.6627,10.0481],[105.6637,10.0489],[105.6644,10.0491],[105.6648,10.0491],[105.669,10.0481],[105.6694,10.0493],[105.6734,10.0492],[105.674,10.0522],[105.6739,10.0527],[105.6733,10.0538],[105.6728,10.055],[105.6728,10.0566],[105.6711,10.0566],[105.671,10.0595],[105.6707,10.0613],[105.6706,10.064],[105.6726,10.0644],[105.6725,10.0667],[105.6727,10.0678],[105.6703,10.0702],[105.6697,10.0706],[105.6692,10.072],[105.6685,10.0719],[105.6669,10.0737],[105.6662,10.0742],[105.6655,10.0745],[105.6659,10.0771],[105.6659,10.0787],[105.6671,10.0833],[105.6673,10.0836],[105.6724,10.0808],[105.6725,10.0809],[105.6766,10.0806],[105.6769,10.0804],[105.6771,10.0797],[105.6779,10.0801],[105.6786,10.0802],[105.6793,10.081],[105.68,10.0812],[105.6805,10.0819],[105.6819,10.0821],[105.6845,10.0828],[105.687,10.0844],[105.693,10.0872],[105.6932,10.0875],[105.6931,10.0883],[105.6932,10.0885],[105.6941,10.0886],[105.6942,10.0895],[105.6945,10.0899],[105.6953,10.0898],[105.6954,10.091],[105.7045,10.0974],[105.702,10.0993],[105.7016,10.0998],[105.7021,10.1005],[105.7021,10.1012],[105.702,10.1017],[105.7014,10.1023],[105.7014,10.1028],[105.7018,10.1033],[105.7028,10.1042],[105.703,10.1049],[105.7026,10.1062],[105.7027,10.1075],[105.7026,10.1077],[105.7017,10.1081],[105.7018,10.1091],[105.7028,10.11],[105.7029,10.1112],[105.7032,10.1118],[105.7048,10.1124],[105.7057,10.1129],[105.7097,10.1175]]]},"properties":{"code":"31162","name":"Phước Thới","nameEn":"Phuoc Thoi","fullName":"Phường Phước Thới","fullNameEn":"Phuoc Thoi Ward","codeName":"phuoc_thoi","postalCode":"94308","postalCodePrefix":"","gisServerId":"diaphanhanhchinhcapxa_2025.208","areaKm2":53.11},"id":"31162"},
{"type":"Feature","geometry":{"type":"Polygon","coordinates":[[[105.7794,10.0709],[105.7735,10.0741],[105.7667,10.0773],[105.7651,10.0784],[105.764,10.0793],[105.7607,10.083],[105.7521,10.0899],[105.749,10.092],[105.7464,10.0934],[105.7402,10.096],[105.7375,10.0969],[105.7354,10.0979],[105.7297,10.089],[105.7335,10.0864],[105.7347,10.0856],[105.7339,10.0846],[105.7325,10.0836],[105.729,10.0786],[105.728,10.0771],[105.7279,10.0764],[105.7274,10.0755],[105.7272,10.0756],[105.7265,10.075],[105.7283,10.0733],[105.7285,10.0727],[105.7284,10.0716],[105.7286,10.0696],[105.7294,10.0674],[105.7286,10.0664],[105.7284,10.0644],[105.7271,10.0625],[105.7299,10.0621],[105.7322,10.0621],[105.7345,10.0623],[105.7376,10.0627],[105.7419,10.0628],[105.7439,10.0631],[105.7442,10.0625],[105.7456,10.0608],[105.7466,10.0606],[105.748,10.0596],[105.7488,10.0595],[105.7508,10.0602],[105.7518,10.0602],[105.7548,10.0586],[105.7556,10.058],[105.7558,10.0577],[105.7557,10.0574],[105.7548,10.0572],[105.7544,10.0569],[105.7543,10.0559],[105.7535,10.0552],[105.7533,10.0544],[105.7534,10.0527],[105.7528,10.0512],[105.7523,10.0505],[105.7521,10.0493],[105.7522,10.047],[105.7525,10.0462],[105.753,10.0462],[105.7548,10.0453],[105.755,10.047],[105.7551,10.047],[105.7591,10.0452],[105.76,10.047],[105.7591,10.0476],[105.7628,10.0484],[105.7665,10.0501],[105.7698,10.0511],[105.7699,10.0512],[105.7702,10.0522],[105.7717,10.0538],[105.7714,10.0541],[105.7744,10.0565],[105.7677,10.0652],[105.7599,10.0733],[105.7584,10.0757],[105.7585,10.0762],[105.7682,10.0734],[105.774,10.0719],[105.7794,10.0709]]]},"properties":{"code":"31168","name":"Bình Thuỷ","nameEn":"Binh Thuy","fullName":"Phường Bình Thuỷ","fullNameEn":"Binh Thuy Ward","codeName":"binh_thuy","postalCode":"94206","postalCodePrefix":"","gisServerId":"diaphanhanhchinhcapxa_2025.209","areaKm2":15.17},"id":"31168"},
{"type":"Feature","geometry":{"type":"Polygon","coordinates":[[[105.7354,10.0979],[105.7336,10.0987],[105.7241,10.1055],[105.7165,10.1122],[105.7097,10.1175],[105.7057,10.1129],[105.7048,10.1124],[105.7032,10.1118],[105.7029,10.1112],[105.7028,10.11],[105.7018,10.1091],[105.7017,10.1081],[105.7026,10.1077],[105.7027,10.1075],[105.7026,10.1062],[105.703,10.1049],[105.7028,10.1042],[105.7018,10.1033],[105.7014,10.1028],[105.7014,10.1023],[105.702,10.1017],[105.7021,10.1012],[105.7021,10.1005],[105.7016,10.0998],[105.702,10.0993],[105.7045,10.0974],[105.6954,10.091],[105.6953,10.0898],[105.6945,10.0899],[105.6942,10.0895],[105.6941,10.0886],[105.6932,10.0885],[105.6931,10.0883],[105.6932,10.0875],[105.693,10.0872],[105.687,10.0844],[105.6845,10.0828],[105.6819,10.0821],[105.6805,10.0819],[105.68,10.0812],[105.6793,10.081],[105.6786,10.0802],[105.6779,10.0801],[105.6771,10.0797],[105.6769,10.0804],[105.6766,10.0806],[105.6725,10.0809],[105.6724,10.0808],[105.6673,10.0836],[105.6671,10.0833],[105.6659,10.0787],[105.6659,10.0771],[105.6655,10.0745],[105.6662,10.0742],[105.6669,10.0737],[105.6685,10.0719],[105.6692,10.072],[105.6697,10.0706],[105.6703,10.0702],[105.6727,10.0678],[105.6725,10.0667],[105.6726,10.0644],[105.6706,10.064],[105.6707,10.0613],[105.671,10.0595],[105.6711,10.0566],[105.6728,10.0566],[105.6728,10.055],[105.6733,10.0538],[105.6739,10.0527],[105.6775,10.0529],[105.678,10.0528],[105.6811,10.0534],[105.6817,10.0539],[105.6821,10.0546],[105.6821,10.0552],[105.6818,10.0568],[105.6819,10.0571],[105.6822,10.0572],[105.6938,10.0559],[105.7073,10.0542],[105.7082,10.0541],[105.7086,10.0538],[105.7084,10.0545],[105.711,10.0554],[105.7078,10.0613],[105.7087,10.0619],[105.7064,10.0652],[105.7062,10.0653],[105.7041,10.0701],[105.7041,10.0704],[105.7061,10.0714],[105.7059,10.0719],[105.7051,10.0731],[105.7087,10.0752],[105.709,10.0752],[105.7089,10.076],[105.719,10.0818],[105.7195,10.0812],[105.7229,10.0827],[105.7243,10.083],[105.7245,10.0823],[105.7257,10.0825],[105.7261,10.0824],[105.7266,10.0819],[105.7265,10.0808],[105.7261,10.0799],[105.727,10.0798],[105.7273,10.0793],[105.7271,10.0789],[105.7262,10.0783],[105.726,10.0779],[105.7261,10.0776],[105.7272,10.0775],[105.7274,10.0772],[105.7275,10.0767],[105.7273,10.0765],[105.7264,10.0762],[105.726,10.0759],[105.7261,10.0755],[105.7265,10.075],[105.7272,10.0756],[105.7274,10.0755],[105.7279,10.0764],[105.728,10.0771],[105.729,10.0786],[105.7325,10.0836],[105.7339,10.0846],[105.7347,10.0856],[105.7335,10.0864],[105.7297,10.089],[105.7354,10.0979]]]},"properties":{"code":"31174","name":"Thới An Đông","nameEn":"Thoi An Dong","fullName":"Phường Thới An Đông","fullNameEn":"Thoi An Dong Ward","codeName":"thoi_an_dong","postalCode":"94210","postalCodePrefix":"","gisServerId":"diaphanhanhchinhcapxa_2025.210","areaKm2":25.04},"id":"31174"},
{"type":"Feature","geometry":{"type":"Polygon","coordinates":[[[105.7032,10.0127],[105.7037,10.0126],[105.7045,10.0122],[105.7054,10.0122],[105.7059,10.0115],[105.7068,10.011],[105.7074,10.0105],[105.7085,10.0106],[105.7088,10.0105],[105.7092,10.0099],[105.7093,10.009],[105.7099,10.0087],[105.7115,10.0083],[105.7118,10.0088],[105.7122,10.0087],[105.7126,10.0088],[105.7133,10.0086],[105.7143,10.0063],[105.7148,10.0067],[105.7164,10.0076],[105.7172,10.0077],[105.718,10.0088],[105.7188,10.0094],[105.7196,10.0106],[105.7201,10.0107],[105.7202,10.011],[105.7211,10.011],[105.7217,10.0105],[105.7225,10.0103],[105.7236,10.0094],[105.724,10.0095],[105.7239,10.0104],[105.7245,10.011],[105.7253,10.0099],[105.7254,10.0098],[105.7258,10.0098],[105.7267,10.0106],[105.7271,10.0113],[105.7275,10.0112],[105.7274,10.0106],[105.7276,10.0107],[105.7334,10.0157],[105.7334,10.0162],[105.7339,10.0163],[105.734,10.0166],[105.7342,10.0165],[105.7344,10.0166],[105.7343,10.0168],[105.7346,10.0169],[105.7344,10.0173],[105.7344,10.0174],[105.7353,10.0173],[105.7359,10.0178],[105.7372,10.0164],[105.7399,10.0187],[105.7398,10.019],[105.7405,10.0201],[105.741,10.022],[105.7416,10.0236],[105.7421,10.0266],[105.743,10.0299],[105.7432,10.0319],[105.7434,10.0322],[105.7438,10.0325],[105.7485,10.0395],[105.7525,10.0462],[105.7522,10.047],[105.7521,10.0493],[105.7523,10.0505],[105.7528,10.0512],[105.7534,10.0527],[105.7533,10.0544],[105.7535,10.0552],[105.7543,10.0559],[105.7544,10.0569],[105.7548,10.0572],[105.7557,10.0574],[105.7558,10.0577],[105.7556,10.058],[105.7548,10.0586],[105.7518,10.0602],[105.7508,10.0602],[105.7488,10.0595],[105.748,10.0596],[105.7466,10.0606],[105.7456,10.0608],[105.7442,10.0625],[105.7439,10.0631],[105.7419,10.0628],[105.7376,10.0627],[105.7345,10.0623],[105.7322,10.0621],[105.7299,10.0621],[105.7271,10.0625],[105.7284,10.0644],[105.7286,10.0664],[105.7294,10.0674],[105.7286,10.0696],[105.7284,10.0716],[105.7285,10.0727],[105.7283,10.0733],[105.7265,10.075],[105.7261,10.0755],[105.726,10.0759],[105.7264,10.0762],[105.7273,10.0765],[105.7275,10.0767],[105.7274,10.0772],[105.7272,10.0775],[105.7261,10.0776],[105.726,10.0779],[105.7262,10.0783],[105.7271,10.0789],[105.7273,10.0793],[105.727,10.0798],[105.7261,10.0799],[105.7265,10.0808],[105.7266,10.0819],[105.7261,10.0824],[105.7257,10.0825],[105.7245,10.0823],[105.7243,10.083],[105.7229,10.0827],[105.7195,10.0812],[105.719,10.0818],[105.7089,10.076],[105.709,10.0752],[105.7087,10.0752],[105.7051,10.0731],[105.7059,10.0719],[105.7061,10.0714],[105.7041,10.0704],[105.7041,10.0701],[105.7062,10.0653],[105.7064,10.0652],[105.7087,10.0619],[105.7078,10.0613],[105.711,10.0554],[105.7084,10.0545],[105.7086,10.0538],[105.7096,10.0519],[105.7086,10.0516],[105.7076,10.0519],[105.7071,10.0518],[105.7065,10.0512],[105.7055,10.0504],[105.7057,10.0497],[105.7055,10.0487],[105.7059,10.047],[105.7063,10.0444],[105.708,10.0429],[105.7098,10.041],[105.7074,10.0403],[105.7075,10.04],[105.7085,10.0402],[105.7104,10.0363],[105.7122,10.0345],[105.7131,10.0323],[105.7129,10.0318],[105.7132,10.031],[105.7126,10.0305],[105.7121,10.0308],[105.7118,10.0308],[105.7116,10.0291],[105.7111,10.0292],[105.71,10.0298],[105.7096,10.0297],[105.7086,10.0285],[105.7073,10.0287],[105.7067,10.028],[105.7064,10.028],[105.7063,10.0274],[105.7067,10.0268],[105.7067,10.0262],[105.7041,10.025],[105.7058,10.0225],[105.7054,10.0207],[105.7052,10.0186],[105.7046,10.0187],[105.7042,10.0171],[105.7044,10.0167],[105.7035,10.0169],[105.703,10.0167],[105.7028,10.0162],[105.7035,10.0138],[105.7032,10.0127]]]},"properties":{"code":"31183","name":"Long Tuyền","nameEn":"Long Tuyen","fullName":"Phường Long Tuyền","fullNameEn":"Long Tuyen Ward","codeName":"long_tuyen","postalCode":"94211","postalCodePrefix":"","gisServerId":"diaphanhanhchinhcapxa_2025.211","areaKm2":28.48},"id":"31183"},
{"type":"Feature","geometry":{"type":"Polygon","coordinates":[[[105.7733,9.9554],[105.7731,9.9595],[105.7726,9.9624],[105.7727,9.9637],[105.7721,9.9657],[105.7714,9.9667],[105.7705,9.9675],[105.7698,9.9703],[105.7698,9.9709],[105.7697,9.9712],[105.768,9.9731],[105.767,9.9745],[105.7692,9.977],[105.7694,9.9775],[105.769,9.9783],[105.769,9.9786],[105.7708,9.9792],[105.7711,9.9796],[105.7712,9.9805],[105.7717,9.9806],[105.7716,9.9814],[105.7721,9.982],[105.7721,9.9825],[105.772,9.9827],[105.7723,9.9835],[105.7722,9.9845],[105.7731,9.9852],[105.7734,9.9863],[105.7755,9.9862],[105.7768,9.9863],[105.778,9.9867],[105.7784,9.9874],[105.7804,9.9883],[105.7797,9.9854],[105.7798,9.9853],[105.7811,9.9851],[105.7819,9.9865],[105.7821,9.9866],[105.7859,9.9862],[105.7867,9.9858],[105.7878,9.9847],[105.7882,9.9857],[105.7884,9.987],[105.7904,9.9889],[105.7913,9.9904],[105.7918,9.9917],[105.7909,9.9924],[105.7924,9.9937],[105.7921,9.9958],[105.7916,9.9962],[105.7945,9.9982],[105.795,9.9995],[105.7931,10.0003],[105.7915,10.0021],[105.7937,10.0042],[105.7909,10.0072],[105.7924,10.0085],[105.7922,10.0086],[105.7942,10.0142],[105.7901,10.0167],[105.7869,10.0142],[105.7853,10.0132],[105.7835,10.0123],[105.7797,10.0138],[105.7772,10.0153],[105.774,10.0169],[105.7732,10.0147],[105.7715,10.0116],[105.7697,10.0095],[105.768,10.0077],[105.7673,10.0072],[105.7657,10.0064],[105.7638,10.0061],[105.7628,10.0062],[105.7561,10.0086],[105.7552,10.0086],[105.7539,10.0083],[105.7495,10.0066],[105.7477,10.0061],[105.7461,10.0053],[105.7451,10.0042],[105.7445,10.0032],[105.7435,9.999],[105.7425,9.9969],[105.7408,9.9951],[105.7396,9.9943],[105.7396,9.9939],[105.7383,9.9918],[105.7371,9.9906],[105.7365,9.9904],[105.7369,9.9884],[105.7365,9.9881],[105.736,9.9883],[105.7351,9.9879],[105.7347,9.988],[105.7337,9.9876],[105.7325,9.9831],[105.7313,9.9801],[105.7305,9.9798],[105.7287,9.98],[105.7285,9.978],[105.7285,9.9782],[105.7249,9.9801],[105.7243,9.9793],[105.7236,9.977],[105.7234,9.9755],[105.7273,9.9733],[105.7275,9.9728],[105.728,9.9725],[105.7283,9.9719],[105.729,9.9714],[105.7294,9.9703],[105.7295,9.9702],[105.7303,9.9706],[105.731,9.9704],[105.7321,9.9704],[105.7338,9.9694],[105.7348,9.9691],[105.7351,9.9692],[105.7356,9.9698],[105.7368,9.9705],[105.7368,9.9694],[105.7365,9.9686],[105.7375,9.9685],[105.7383,9.9693],[105.7417,9.9671],[105.7447,9.9652],[105.7475,9.9635],[105.7576,9.9589],[105.7594,9.958],[105.7615,9.9585],[105.7616,9.9585],[105.7617,9.9582],[105.7625,9.9586],[105.7634,9.9582],[105.7645,9.957],[105.7658,9.9571],[105.7708,9.9563],[105.7733,9.9554]]]},"properties":{"code":"31186","name":"Cái Răng","nameEn":"Cai Rang","fullName":"Phường Cái Răng","fullNameEn":"Cai Rang Ward","codeName":"cai_rang","postalCode":"94913","postalCodePrefix":"","gisServerId":"diaphanhanhchinhcapxa_2025.212","areaKm2":26.88},"id":"31186"},
{"type":"Feature","geometry":{"type":"Polygon","coordinates":[[[105.8441,9.9825],[105.8354,9.9937],[105.8336,9.9958],[105.8305,9.999],[105.8264,10.0052],[105.8205,10.012],[105.8184,10.0173],[105.8153,10.0271],[105.8135,10.0302],[105.8004,10.0468],[105.7964,10.0402],[105.7949,10.0385],[105.7922,10.036],[105.7908,10.035],[105.7902,10.0344],[105.7898,10.0337],[105.7887,10.0284],[105.7881,10.0273],[105.787,10.0259],[105.7858,10.0252],[105.7835,10.0245],[105.7805,10.0241],[105.7776,10.024],[105.7761,10.0236],[105.7754,10.0231],[105.7745,10.022],[105.7742,10.0209],[105.7742,10.0199],[105.774,10.0169],[105.7772,10.0153],[105.7797,10.0138],[105.7835,10.0123],[105.7853,10.0132],[105.7869,10.0142],[105.7901,10.0167],[105.7942,10.0142],[105.7922,10.0086],[105.7924,10.0085],[105.7909,10.0072],[105.7937,10.0042],[105.7915,10.0021],[105.7931,10.0003],[105.795,9.9995],[105.7945,9.9982],[105.7916,9.9962],[105.7921,9.9958],[105.7924,9.9937],[105.7909,9.9924],[105.7918,9.9917],[105.7913,9.9904],[105.7904,9.9889],[105.7884,9.987],[105.7882,9.9857],[105.7878,9.9847],[105.7867,9.9858],[105.7859,9.9862],[105.7821,9.9866],[105.7819,9.9865],[105.7811,9.9851],[105.7798,9.9853],[105.7797,9.9854],[105.7804,9.9883],[105.7784,9.9874],[105.778,9.9867],[105.7768,9.9863],[105.7755,9.9862],[105.7734,9.9863],[105.7731,9.9852],[105.7722,9.9845],[105.7723,9.9835],[105.772,9.9827],[105.7721,9.9825],[105.7721,9.982],[105.7716,9.9814],[105.7717,9.9806],[105.7712,9.9805],[105.7711,9.9796],[105.7708,9.9792],[105.769,9.9786],[105.769,9.9783],[105.7694,9.9775],[105.7692,9.977],[105.767,9.9745],[105.768,9.9731],[105.7697,9.9712],[105.7698,9.9709],[105.7698,9.9703],[105.7705,9.9675],[105.7714,9.9667],[105.7721,9.9657],[105.7727,9.9637],[105.7726,9.9624],[105.7731,9.9595],[105.7733,9.9554],[105.7755,9.9545],[105.7762,9.9544],[105.7767,9.9547],[105.777,9.9551],[105.7776,9.9564],[105.7778,9.9577],[105.7801,9.958],[105.8114,9.9638],[105.8186,9.9651],[105.819,9.9653],[105.822,9.9683],[105.8235,9.969],[105.8244,9.9699],[105.8261,9.9706],[105.8279,9.9721],[105.8291,9.9734],[105.8297,9.9744],[105.8309,9.9757],[105.8353,9.9781],[105.8368,9.9784],[105.8386,9.9785],[105.8393,9.979],[105.8402,9.9799],[105.8441,9.9825]]]},"properties":{"code":"31201","name":"Hưng Phú","nameEn":"Hung Phu","fullName":"Phường Hưng Phú","fullNameEn":"Hung Phu Ward","codeName":"hung_phu","postalCode":"94912","postalCodePrefix":"","gisServerId":"diaphanhanhchinhcapxa_2025.213","areaKm2":40.93},"id":"31201"},
{"type":"Feature","geometry":{"type":"Polygon","coordinates":[[[105.5162,10.3061],[105.5107,10.3103],[105.4965,10.325],[105.4896,10.3243],[105.4872,10.3238],[105.4867,10.3228],[105.4851,10.3177],[105.4843,10.3163],[105.4771,10.3107],[105.4706,10.3056],[105.471,10.3054],[105.4714,10.3053],[105.4715,10.3043],[105.4722,10.3037],[105.4732,10.3023],[105.4736,10.3014],[105.4744,10.3022],[105.4751,10.3022],[105.4761,10.3029],[105.4783,10.3036],[105.4784,10.3039],[105.4781,10.3045],[105.4782,10.3048],[105.4807,10.3036],[105.4818,10.3034],[105.4852,10.2999],[105.4855,10.2994],[105.4871,10.2983],[105.4875,10.2979],[105.4879,10.297],[105.4865,10.296],[105.488,10.2913],[105.485,10.29],[105.4844,10.29],[105.4836,10.2897],[105.485,10.2862],[105.4861,10.2823],[105.4864,10.2822],[105.487,10.2824],[105.4878,10.282],[105.4886,10.2824],[105.4892,10.282],[105.4895,10.2817],[105.4901,10.2817],[105.4907,10.2811],[105.4909,10.2804],[105.4907,10.2795],[105.4917,10.2775],[105.4909,10.2767],[105.4916,10.2762],[105.4926,10.2729],[105.4952,10.2658],[105.4957,10.2659],[105.4969,10.2692],[105.4984,10.2689],[105.4988,10.2691],[105.4994,10.269],[105.4996,10.2694],[105.4999,10.2692],[105.4998,10.2686],[105.5016,10.2671],[105.5025,10.2669],[105.5022,10.2659],[105.5026,10.2657],[105.5027,10.2651],[105.5044,10.2655],[105.5052,10.2653],[105.5058,10.2655],[105.5061,10.2659],[105.5064,10.2658],[105.5068,10.2668],[105.5069,10.2677],[105.5088,10.2691],[105.5092,10.2696],[105.51,10.2688],[105.5111,10.2683],[105.5129,10.2665],[105.5153,10.266],[105.517,10.265],[105.5175,10.2643],[105.5181,10.2642],[105.5188,10.2644],[105.5202,10.2633],[105.5206,10.2633],[105.5208,10.2636],[105.5205,10.2644],[105.5206,10.2648],[105.5219,10.2654],[105.5224,10.2661],[105.5228,10.2663],[105.5243,10.2658],[105.5258,10.2657],[105.5271,10.265],[105.5294,10.2644],[105.5324,10.2625],[105.5342,10.2699],[105.5367,10.2726],[105.5276,10.2821],[105.5238,10.2866],[105.5209,10.2907],[105.517,10.2971],[105.5154,10.3008],[105.5154,10.3031],[105.5162,10.3061]]]},"properties":{"code":"31207","name":"Thốt Nốt","nameEn":"Thot Not","fullName":"Phường Thốt Nốt","fullNameEn":"Thot Not Ward","codeName":"thot_not","postalCode":"94406","postalCodePrefix":"","gisServerId":"diaphanhanhchinhcapxa_2025.214","areaKm2":23.61},"id":"31207"},
{"type":"Feature","geometry":{"type":"Polygon","coordinates":[[[105.6014,10.2031],[105.6116,10.193],[105.6155,10.19],[105.619,10.1882],[105.623,10.1869],[105.6252,10.1869],[105.6267,10.1871],[105.626,10.1882],[105.6214,10.1998],[105.6168,10.213],[105.6155,10.216],[105.6126,10.2213],[105.6084,10.2277],[105.6011,10.2376],[105.5998,10.2392],[105.5929,10.2465],[105.5872,10.2512],[105.586,10.2528],[105.5792,10.2592],[105.5738,10.2645],[105.5711,10.2676],[105.5645,10.2735],[105.559,10.2779],[105.5449,10.2905],[105.5307,10.2991],[105.5209,10.3037],[105.5162,10.3061],[105.5154,10.3031],[105.5154,10.3008],[105.517,10.2971],[105.5209,10.2907],[105.5238,10.2866],[105.5276,10.2821],[105.5367,10.2726],[105.5521,10.2605],[105.5583,10.2548],[105.5602,10.2523],[105.5634,10.2476],[105.5646,10.2461],[105.5692,10.2418],[105.575,10.235],[105.5762,10.2331],[105.5778,10.2316],[105.5811,10.2264],[105.5874,10.2176],[105.5894,10.215],[105.5923,10.2119],[105.5988,10.2059],[105.6014,10.2031]]]},"properties":{"code":"31213","name":"Tân Lộc","nameEn":"Tan Loc","fullName":"Phường Tân Lộc","fullNameEn":"Tan Loc Ward","codeName":"tan_loc","postalCode":"94412","postalCodePrefix":"","gisServerId":"diaphanhanhchinhcapxa_2025.215","areaKm2":33.4},"id":"31213"},
{"type":"Feature","geometry":{"type":"Polygon","coordinates":[[[105.5324,10.2625],[105.5294,10.2644],[105.5271,10.265],[105.5258,10.2657],[105.5243,10.2658],[105.5228,10.2663],[105.5224,10.2661],[105.5219,10.2654],[105.5206,10.2648],[105.5205,10.2644],[105.5208,10.2636],[105.5206,10.2633],[105.5202,10.2633],[105.5188,10.2644],[105.5181,10.2642],[105.5175,10.2643],[105.517,10.265],[105.5153,10.266],[105.5129,10.2665],[105.5111,10.2683],[105.51,10.2688],[105.5092,10.2696],[105.5088,10.2691],[105.5069,10.2677],[105.5068,10.2668],[105.5064,10.2658],[105.5061,10.2659],[105.5058,10.2655],[105.5052,10.2653],[105.5044,10.2655],[105.5027,10.2651],[105.5026,10.2657],[105.5022,10.2659],[105.5025,10.2669],[105.5016,10.2671],[105.4998,10.2686],[105.4999,10.2692],[105.4996,10.2694],[105.4994,10.269],[105.4988,10.2691],[105.4984,10.2689],[105.4969,10.2692],[105.4957,10.2659],[105.494,10.2611],[105.4985,10.2615],[105.4972,10.2353],[105.4985,10.2349],[105.4984,10.2338],[105.4893,10.2337],[105.4882,10.2299],[105.4864,10.2304],[105.486,10.2303],[105.4861,10.229],[105.4863,10.2286],[105.4871,10.2281],[105.4872,10.2279],[105.4851,10.224],[105.4822,10.2176],[105.4821,10.2175],[105.4809,10.2175],[105.4792,10.2177],[105.4787,10.2177],[105.4779,10.2166],[105.4779,10.216],[105.4781,10.2157],[105.4791,10.2157],[105.4793,10.2154],[105.4791,10.2147],[105.4786,10.2143],[105.4773,10.2147],[105.4769,10.2141],[105.4772,10.2137],[105.4783,10.2137],[105.4787,10.2133],[105.4789,10.2125],[105.4787,10.2111],[105.4789,10.211],[105.4798,10.2111],[105.4786,10.2079],[105.4826,10.2059],[105.4827,10.2057],[105.4825,10.2051],[105.4811,10.203],[105.4802,10.2033],[105.4788,10.2025],[105.4791,10.2019],[105.4802,10.2008],[105.481,10.1993],[105.482,10.1979],[105.4825,10.1976],[105.4831,10.1975],[105.4841,10.198],[105.4846,10.1979],[105.485,10.198],[105.4853,10.1977],[105.4862,10.1979],[105.4864,10.1987],[105.4866,10.1987],[105.4874,10.1977],[105.4882,10.1976],[105.4888,10.197],[105.4892,10.197],[105.4897,10.1963],[105.4931,10.2013],[105.4936,10.2023],[105.4943,10.2028],[105.4975,10.2038],[105.5018,10.2038],[105.5031,10.2041],[105.5081,10.2062],[105.5112,10.2073],[105.5135,10.2079],[105.5155,10.2088],[105.5166,10.2098],[105.5214,10.2163],[105.5229,10.219],[105.5249,10.2221],[105.5257,10.2231],[105.5266,10.2235],[105.5273,10.2236],[105.5316,10.2222],[105.5334,10.222],[105.535,10.2221],[105.536,10.2224],[105.5376,10.2233],[105.5382,10.2241],[105.5384,10.2251],[105.538,10.2275],[105.538,10.2298],[105.5386,10.234],[105.5393,10.238],[105.5394,10.2388],[105.5392,10.2399],[105.5387,10.2406],[105.5382,10.2408],[105.5348,10.2407],[105.5339,10.2409],[105.5317,10.2422],[105.5313,10.2428],[105.5312,10.245],[105.5318,10.247],[105.5349,10.2512],[105.5354,10.2524],[105.5358,10.2541],[105.5358,10.2553],[105.5355,10.2563],[105.5326,10.2612],[105.5324,10.2625]]]},"properties":{"code":"31217","name":"Trung Nhứt","nameEn":"Trung Nhut","fullName":"Phường Trung Nhứt","fullNameEn":"Trung Nhut Ward","codeName":"trung_nhut","postalCode":"94409","postalCodePrefix":"","gisServerId":"diaphanhanhchinhcapxa_2025.216","areaKm2":30.84},"id":"31217"},
{"type":"Feature","geometry":{"type":"Polygon","coordinates":[[[105.6014,10.2031],[105.5988,10.2059],[105.5923,10.2119],[105.5894,10.215],[105.5874,10.2176],[105.5811,10.2264],[105.5778,10.2316],[105.5762,10.2331],[105.575,10.235],[105.5692,10.2418],[105.5646,10.2461],[105.5634,10.2476],[105.5602,10.2523],[105.5583,10.2548],[105.5521,10.2605],[105.5367,10.2726],[105.5342,10.2699],[105.5324,10.2625],[105.5326,10.2612],[105.5355,10.2563],[105.5358,10.2553],[105.5358,10.2541],[105.5354,10.2524],[105.5349,10.2512],[105.5318,10.247],[105.5312,10.245],[105.5313,10.2428],[105.5317,10.2422],[105.5339,10.2409],[105.5348,10.2407],[105.5382,10.2408],[105.5387,10.2406],[105.5392,10.2399],[105.5394,10.2388],[105.5393,10.238],[105.5386,10.234],[105.538,10.2298],[105.538,10.2275],[105.5384,10.2251],[105.5392,10.2251],[105.5406,10.2255],[105.5422,10.2252],[105.5426,10.2248],[105.5427,10.2238],[105.5436,10.2236],[105.5445,10.2225],[105.5441,10.2219],[105.5443,10.2213],[105.5443,10.2202],[105.5437,10.2195],[105.5436,10.2187],[105.5427,10.2156],[105.5433,10.2147],[105.5433,10.2142],[105.5435,10.2137],[105.5442,10.2128],[105.5447,10.2117],[105.5454,10.2097],[105.5455,10.2084],[105.546,10.2066],[105.5464,10.206],[105.5467,10.2059],[105.5497,10.2088],[105.5501,10.2084],[105.5503,10.208],[105.5509,10.2078],[105.5517,10.2072],[105.5516,10.2054],[105.5524,10.2056],[105.5524,10.2053],[105.5544,10.2029],[105.5545,10.2025],[105.5551,10.2033],[105.5548,10.2035],[105.558,10.2064],[105.5588,10.2052],[105.5603,10.2065],[105.5613,10.2069],[105.5617,10.2065],[105.5622,10.2065],[105.5644,10.2061],[105.5643,10.2057],[105.565,10.2061],[105.5651,10.2059],[105.5651,10.2056],[105.5656,10.2056],[105.5657,10.2052],[105.5668,10.2048],[105.5673,10.2045],[105.5696,10.2023],[105.5703,10.2011],[105.5723,10.2016],[105.5729,10.1996],[105.5734,10.1986],[105.5727,10.1972],[105.5731,10.1967],[105.5735,10.1965],[105.5741,10.1946],[105.5746,10.1941],[105.5751,10.1934],[105.5749,10.1926],[105.5751,10.1914],[105.5752,10.1912],[105.5758,10.1914],[105.5755,10.1907],[105.5757,10.1907],[105.5773,10.1908],[105.5801,10.1907],[105.5817,10.1905],[105.5818,10.1907],[105.5876,10.1905],[105.5878,10.1901],[105.5882,10.1899],[105.5886,10.1892],[105.5906,10.19],[105.5907,10.1895],[105.5913,10.1896],[105.5937,10.1903],[105.594,10.19],[105.5939,10.1895],[105.5941,10.1892],[105.5938,10.189],[105.5938,10.1889],[105.5941,10.1887],[105.5941,10.1879],[105.5946,10.187],[105.5976,10.1889],[105.6001,10.1919],[105.5991,10.1917],[105.5986,10.1925],[105.5987,10.1931],[105.5983,10.1938],[105.5982,10.1951],[105.5973,10.1962],[105.5959,10.1962],[105.5955,10.1963],[105.5954,10.1969],[105.5943,10.1978],[105.5941,10.1988],[105.5964,10.2007],[105.6014,10.2031]]]},"properties":{"code":"31228","name":"Thuận Hưng","nameEn":"Thuan Hung","fullName":"Phường Thuận Hưng","fullNameEn":"Thuan Hung Ward","codeName":"thuan_hung","postalCode":"94413","postalCodePrefix":"","gisServerId":"diaphanhanhchinhcapxa_2025.217","areaKm2":31.13},"id":"31228"},
{"type":"Feature","geometry":{"type":"Polygon","coordinates":[[[105.3566,10.1469],[105.3344,10.1684],[105.3355,10.1696],[105.3316,10.1735],[105.3258,10.1675],[105.323,10.1702],[105.2964,10.203],[105.3029,10.2096],[105.3086,10.2158],[105.3024,10.2243],[105.2971,10.2313],[105.2927,10.2372],[105.2893,10.2424],[105.2818,10.2533],[105.2747,10.2468],[105.2746,10.2465],[105.2671,10.239],[105.2609,10.2459],[105.2531,10.2386],[105.2428,10.2248],[105.2432,10.2243],[105.2391,10.2187],[105.2329,10.2109],[105.2258,10.201],[105.2339,10.1942],[105.2498,10.1819],[105.2695,10.1657],[105.2759,10.1608],[105.2886,10.1485],[105.2982,10.1386],[105.3033,10.1437],[105.3069,10.1396],[105.3066,10.1393],[105.3106,10.1347],[105.317,10.1414],[105.327,10.1299],[105.3318,10.125],[105.3339,10.1224],[105.3379,10.1181],[105.3526,10.1011],[105.3531,10.1007],[105.3459,10.1364],[105.3566,10.1469]]]},"properties":{"code":"31231","name":"Thạnh An","nameEn":"Thanh An","fullName":"Xã Thạnh An","fullNameEn":"Thanh An Commune","codeName":"thanh_an","postalCode":"94512","postalCodePrefix":"","gisServerId":"diaphanhanhchinhcapxa_2025.218","areaKm2":85.97},"id":"31231"},
{"type":"Feature","geometry":{"type":"Polygon","coordinates":[[[105.4447,10.185],[105.4454,10.185],[105.4473,10.1855],[105.4492,10.1852],[105.4502,10.1849],[105.4531,10.1846],[105.4534,10.1853],[105.4539,10.1855],[105.4541,10.1858],[105.4553,10.1867],[105.4555,10.1866],[105.4562,10.186],[105.4565,10.1861],[105.4575,10.1866],[105.4578,10.1869],[105.4578,10.1872],[105.4573,10.1878],[105.4575,10.1882],[105.4578,10.1882],[105.4584,10.1879],[105.4598,10.188],[105.4605,10.1875],[105.4609,10.1875],[105.4617,10.188],[105.463,10.1896],[105.464,10.1897],[105.4646,10.1904],[105.4674,10.1916],[105.468,10.1917],[105.4684,10.1921],[105.4683,10.1926],[105.4685,10.1931],[105.4702,10.1942],[105.4707,10.1951],[105.4708,10.1956],[105.4704,10.1967],[105.4705,10.1975],[105.4721,10.1988],[105.4725,10.1995],[105.4728,10.2004],[105.4723,10.2019],[105.4724,10.2028],[105.4726,10.2038],[105.4733,10.2045],[105.4736,10.2047],[105.4747,10.2049],[105.4752,10.2054],[105.4757,10.2053],[105.4763,10.2054],[105.4766,10.2052],[105.4769,10.2048],[105.4768,10.2036],[105.4779,10.2026],[105.4788,10.2025],[105.4802,10.2033],[105.4811,10.203],[105.4825,10.2051],[105.4827,10.2057],[105.4826,10.2059],[105.4786,10.2079],[105.4798,10.2111],[105.4789,10.211],[105.4787,10.2111],[105.4789,10.2125],[105.4787,10.2133],[105.4783,10.2137],[105.4772,10.2137],[105.4769,10.2141],[105.4773,10.2147],[105.4786,10.2143],[105.4791,10.2147],[105.4793,10.2154],[105.4791,10.2157],[105.4781,10.2157],[105.4779,10.216],[105.4779,10.2166],[105.4787,10.2177],[105.4792,10.2177],[105.4809,10.2175],[105.4821,10.2175],[105.4822,10.2176],[105.4851,10.224],[105.4872,10.2279],[105.4871,10.2281],[105.4863,10.2286],[105.4861,10.229],[105.486,10.2303],[105.4855,10.2308],[105.4853,10.2308],[105.4849,10.2305],[105.4846,10.2305],[105.4821,10.2315],[105.482,10.2311],[105.4728,10.2315],[105.4579,10.2316],[105.4545,10.2315],[105.4529,10.2295],[105.4519,10.2302],[105.4502,10.2318],[105.4396,10.2419],[105.4407,10.2431],[105.4369,10.2524],[105.4344,10.2581],[105.4351,10.2589],[105.4323,10.2616],[105.4309,10.2647],[105.4301,10.2653],[105.4264,10.2641],[105.3979,10.2532],[105.3839,10.249],[105.3841,10.2275],[105.3871,10.2225],[105.3837,10.219],[105.3842,10.2186],[105.3855,10.2186],[105.3957,10.2173],[105.3961,10.2172],[105.3964,10.2168],[105.3972,10.2133],[105.3982,10.2109],[105.3994,10.2048],[105.405,10.2051],[105.4117,10.1783],[105.4142,10.1664],[105.4149,10.1628],[105.4412,10.1853],[105.4414,10.1854],[105.4441,10.1851],[105.4447,10.185]]]},"properties":{"code":"31232","name":"Vĩnh Thạnh","nameEn":"Vinh Thanh","fullName":"Xã Vĩnh Thạnh","fullNameEn":"Vinh Thanh Commune","codeName":"vinh_thanh","postalCode":"94506","postalCodePrefix":"","gisServerId":"diaphanhanhchinhcapxa_2025.219","areaKm2":65.9},"id":"31232"},
{"type":"Feature","geometry":{"type":"Polygon","coordinates":[[[105.4771,10.3107],[105.4766,10.3113],[105.4762,10.311],[105.4763,10.3109],[105.4755,10.3104],[105.4752,10.3107],[105.4686,10.3106],[105.4679,10.3101],[105.4559,10.308],[105.456,10.3076],[105.4546,10.3071],[105.454,10.3067],[105.4541,10.3065],[105.4533,10.3062],[105.4532,10.3063],[105.4518,10.3055],[105.4511,10.3079],[105.4504,10.3073],[105.4493,10.3067],[105.4479,10.3055],[105.4477,10.3052],[105.4476,10.3047],[105.4433,10.3062],[105.443,10.3059],[105.4426,10.3058],[105.4299,10.3037],[105.4266,10.303],[105.4363,10.281],[105.4414,10.27],[105.436,10.2674],[105.4337,10.2668],[105.4301,10.2653],[105.4309,10.2647],[105.4323,10.2616],[105.4351,10.2589],[105.4344,10.2581],[105.4369,10.2524],[105.4407,10.2431],[105.4396,10.2419],[105.4502,10.2318],[105.4519,10.2302],[105.4529,10.2295],[105.4545,10.2315],[105.4579,10.2316],[105.4728,10.2315],[105.482,10.2311],[105.4821,10.2315],[105.4846,10.2305],[105.4849,10.2305],[105.4853,10.2308],[105.4855,10.2308],[105.486,10.2303],[105.4864,10.2304],[105.4882,10.2299],[105.4893,10.2337],[105.4984,10.2338],[105.4985,10.2349],[105.4972,10.2353],[105.4985,10.2615],[105.494,10.2611],[105.4957,10.2659],[105.4952,10.2658],[105.4926,10.2729],[105.4916,10.2762],[105.4909,10.2767],[105.4917,10.2775],[105.4907,10.2795],[105.4909,10.2804],[105.4907,10.2811],[105.4901,10.2817],[105.4895,10.2817],[105.4892,10.282],[105.4886,10.2824],[105.4878,10.282],[105.487,10.2824],[105.4864,10.2822],[105.4861,10.2823],[105.485,10.2862],[105.4836,10.2897],[105.4844,10.29],[105.485,10.29],[105.488,10.2913],[105.4865,10.296],[105.4879,10.297],[105.4875,10.2979],[105.4871,10.2983],[105.4855,10.2994],[105.4852,10.2999],[105.4818,10.3034],[105.4807,10.3036],[105.4782,10.3048],[105.4781,10.3045],[105.4784,10.3039],[105.4783,10.3036],[105.4761,10.3029],[105.4751,10.3022],[105.4744,10.3022],[105.4736,10.3014],[105.4732,10.3023],[105.4722,10.3037],[105.4715,10.3043],[105.4714,10.3053],[105.471,10.3054],[105.4706,10.3056],[105.4771,10.3107]]]},"properties":{"code":"31237","name":"Vĩnh Trinh","nameEn":"Vinh Trinh","fullName":"Xã Vĩnh Trinh","fullNameEn":"Vinh Trinh Commune","codeName":"vinh_trinh","postalCode":"94516","postalCodePrefix":"","gisServerId":"diaphanhanhchinhcapxa_2025.220","areaKm2":51.01},"id":"31237"},
{"type":"Feature","geometry":{"type":"Polygon","coordinates":[[[105.3839,10.249],[105.3362,10.2345],[105.3213,10.2585],[105.312,10.2739],[105.3066,10.2689],[105.3015,10.277],[105.2961,10.2716],[105.2915,10.2675],[105.2915,10.2673],[105.2921,10.2665],[105.2875,10.262],[105.2889,10.2599],[105.2818,10.2533],[105.2893,10.2424],[105.2927,10.2372],[105.2971,10.2313],[105.3024,10.2243],[105.3086,10.2158],[105.3029,10.2096],[105.2964,10.203],[105.323,10.1702],[105.3258,10.1675],[105.3316,10.1735],[105.3355,10.1696],[105.3344,10.1684],[105.3566,10.1469],[105.3718,10.1617],[105.3897,10.1627],[105.3911,10.1647],[105.3913,10.1648],[105.4142,10.1664],[105.4117,10.1783],[105.405,10.2051],[105.3994,10.2048],[105.3982,10.2109],[105.3972,10.2133],[105.3964,10.2168],[105.3961,10.2172],[105.3957,10.2173],[105.3855,10.2186],[105.3842,10.2186],[105.3837,10.219],[105.3871,10.2225],[105.3841,10.2275],[105.3839,10.249]]]},"properties":{"code":"31246","name":"Thạnh Quới","nameEn":"Thanh Quoi","fullName":"Xã Thạnh Quới","fullNameEn":"Thanh Quoi Commune","codeName":"thanh_quoi","postalCode":"94508","postalCodePrefix":"","gisServerId":"diaphanhanhchinhcapxa_2025.221","areaKm2":103.86},"id":"31246"},
{"type":"Feature","geometry":{"type":"Polygon","coordinates":[[[105.3645,10.0733],[105.4196,10.0932],[105.4179,10.1015],[105.4265,10.1047],[105.4262,10.1061],[105.4304,10.1075],[105.4296,10.1109],[105.4321,10.113],[105.4325,10.1126],[105.4386,10.1089],[105.4436,10.1062],[105.4654,10.1211],[105.4653,10.1246],[105.4653,10.1357],[105.4655,10.136],[105.4652,10.1378],[105.4607,10.1471],[105.4599,10.148],[105.4601,10.1483],[105.4559,10.1566],[105.4556,10.1568],[105.4545,10.1593],[105.4556,10.1645],[105.454,10.1654],[105.4545,10.1721],[105.4543,10.1735],[105.4545,10.1741],[105.4553,10.1743],[105.4572,10.176],[105.4581,10.1763],[105.4595,10.1832],[105.4593,10.1833],[105.4572,10.1835],[105.4563,10.1835],[105.4565,10.1861],[105.4562,10.186],[105.4555,10.1866],[105.4553,10.1867],[105.4541,10.1858],[105.4539,10.1855],[105.4534,10.1853],[105.4531,10.1846],[105.4502,10.1849],[105.4492,10.1852],[105.4473,10.1855],[105.4454,10.185],[105.4447,10.185],[105.4441,10.1851],[105.4414,10.1854],[105.4412,10.1853],[105.4149,10.1628],[105.4142,10.1664],[105.3913,10.1648],[105.3911,10.1647],[105.3897,10.1627],[105.3718,10.1617],[105.3566,10.1469],[105.3459,10.1364],[105.3531,10.1007],[105.3526,10.1011],[105.3525,10.101],[105.3527,10.1006],[105.3539,10.0954],[105.3558,10.0854],[105.3556,10.0853],[105.3557,10.0851],[105.3558,10.0851],[105.3567,10.0813],[105.357,10.0815],[105.3578,10.0808],[105.3578,10.0807],[105.3582,10.0805],[105.3607,10.0777],[105.3604,10.0775],[105.3613,10.0762],[105.3617,10.0758],[105.3618,10.0759],[105.3619,10.0756],[105.3625,10.0748],[105.3633,10.0739],[105.3636,10.0738],[105.3641,10.0732],[105.3645,10.0733]]]},"properties":{"code":"31249","name":"Thạnh Phú","nameEn":"Thanh Phu","fullName":"Xã Thạnh Phú","fullNameEn":"Thanh Phu Commune","codeName":"thanh_phu","postalCode":"94611","postalCodePrefix":"","gisServerId":"diaphanhanhchinhcapxa_2025.222","areaKm2":99.07},"id":"31249"},
{"type":"Feature","geometry":{"type":"Polygon","coordinates":[[[105.546,10.2066],[105.5455,10.2084],[105.5454,10.2097],[105.5447,10.2117],[105.5442,10.2128],[105.5435,10.2137],[105.5433,10.2142],[105.5433,10.2147],[105.5427,10.2156],[105.5436,10.2187],[105.5437,10.2195],[105.5443,10.2202],[105.5443,10.2213],[105.5441,10.2219],[105.5445,10.2225],[105.5436,10.2236],[105.5427,10.2238],[105.5426,10.2248],[105.5422,10.2252],[105.5406,10.2255],[105.5392,10.2251],[105.5384,10.2251],[105.5382,10.2241],[105.5376,10.2233],[105.536,10.2224],[105.535,10.2221],[105.5334,10.222],[105.5316,10.2222],[105.5273,10.2236],[105.5266,10.2235],[105.5257,10.2231],[105.5249,10.2221],[105.5229,10.219],[105.5214,10.2163],[105.5166,10.2098],[105.5155,10.2088],[105.5135,10.2079],[105.5112,10.2073],[105.5081,10.2062],[105.5031,10.2041],[105.5018,10.2038],[105.4975,10.2038],[105.4943,10.2028],[105.4936,10.2023],[105.4931,10.2013],[105.4897,10.1963],[105.4892,10.197],[105.4888,10.197],[105.4882,10.1976],[105.4874,10.1977],[105.4866,10.1987],[105.4864,10.1987],[105.4862,10.1979],[105.4853,10.1977],[105.485,10.198],[105.4846,10.1979],[105.4841,10.198],[105.4831,10.1975],[105.4825,10.1976],[105.482,10.1979],[105.481,10.1993],[105.4802,10.2008],[105.4791,10.2019],[105.4788,10.2025],[105.4779,10.2026],[105.4768,10.2036],[105.4769,10.2048],[105.4766,10.2052],[105.4763,10.2054],[105.4757,10.2053],[105.4752,10.2054],[105.4747,10.2049],[105.4736,10.2047],[105.4733,10.2045],[105.4726,10.2038],[105.4724,10.2028],[105.4723,10.2019],[105.4728,10.2004],[105.4725,10.1995],[105.4721,10.1988],[105.4705,10.1975],[105.4704,10.1967],[105.4708,10.1956],[105.4707,10.1951],[105.4702,10.1942],[105.4685,10.1931],[105.4683,10.1926],[105.4684,10.1921],[105.468,10.1917],[105.4674,10.1916],[105.4646,10.1904],[105.464,10.1897],[105.463,10.1896],[105.4617,10.188],[105.4609,10.1875],[105.4605,10.1875],[105.4598,10.188],[105.4584,10.1879],[105.4578,10.1882],[105.4575,10.1882],[105.4573,10.1878],[105.4578,10.1872],[105.4578,10.1869],[105.4575,10.1866],[105.4565,10.1861],[105.4563,10.1835],[105.4572,10.1835],[105.4593,10.1833],[105.4595,10.1832],[105.4581,10.1763],[105.4572,10.176],[105.4553,10.1743],[105.4545,10.1741],[105.4543,10.1735],[105.4545,10.1721],[105.454,10.1654],[105.4556,10.1645],[105.4545,10.1593],[105.4556,10.1568],[105.4559,10.1566],[105.4601,10.1483],[105.4599,10.148],[105.4607,10.1471],[105.4652,10.1378],[105.4655,10.136],[105.4653,10.1357],[105.4653,10.1246],[105.4654,10.1211],[105.489,10.1376],[105.5365,10.1719],[105.5393,10.174],[105.5385,10.1773],[105.5397,10.1784],[105.5415,10.1809],[105.5413,10.1816],[105.5419,10.1833],[105.542,10.1847],[105.5419,10.1863],[105.5427,10.1881],[105.5432,10.1912],[105.5435,10.1925],[105.5451,10.1954],[105.5451,10.199],[105.5458,10.2006],[105.546,10.2014],[105.5457,10.203],[105.5457,10.2052],[105.546,10.2066]]]},"properties":{"code":"31255","name":"Trung Hưng","nameEn":"Trung Hung","fullName":"Xã Trung Hưng","fullNameEn":"Trung Hung Commune","codeName":"trung_hung","postalCode":"94610","postalCodePrefix":"","gisServerId":"diaphanhanhchinhcapxa_2025.223","areaKm2":61.07},"id":"31255"},
{"type":"Feature","geometry":{"type":"Polygon","coordinates":[[[105.5712,9.9955],[105.5799,10.0131],[105.5843,10.0275],[105.5851,10.0299],[105.595,10.0393],[105.5944,10.0397],[105.5933,10.0411],[105.5926,10.0415],[105.5923,10.0419],[105.5907,10.0425],[105.5897,10.0433],[105.5896,10.0441],[105.5899,10.0446],[105.5903,10.0449],[105.5906,10.0454],[105.5906,10.0465],[105.5898,10.0474],[105.5893,10.0484],[105.5892,10.0493],[105.5887,10.0503],[105.5875,10.0508],[105.5874,10.0513],[105.5868,10.0511],[105.5861,10.0513],[105.5845,10.0512],[105.5837,10.0517],[105.5827,10.052],[105.5786,10.0525],[105.5769,10.0627],[105.5767,10.064],[105.5769,10.0658],[105.5767,10.0664],[105.5764,10.0666],[105.5776,10.0683],[105.5737,10.0714],[105.5724,10.0715],[105.5716,10.0722],[105.5708,10.0725],[105.57,10.073],[105.5698,10.0741],[105.5691,10.0745],[105.5683,10.0753],[105.5677,10.0755],[105.5661,10.0785],[105.5653,10.0796],[105.5643,10.0819],[105.5636,10.0814],[105.5628,10.0816],[105.5618,10.0809],[105.5611,10.0812],[105.5606,10.0809],[105.56,10.0812],[105.5597,10.0804],[105.5592,10.0805],[105.5589,10.0804],[105.5589,10.0801],[105.5594,10.0796],[105.5595,10.0791],[105.5592,10.0787],[105.5586,10.0783],[105.5584,10.0779],[105.5585,10.0775],[105.5591,10.0773],[105.5593,10.077],[105.5591,10.0766],[105.5586,10.076],[105.5589,10.075],[105.558,10.0749],[105.5578,10.0746],[105.558,10.074],[105.5585,10.0735],[105.5585,10.0731],[105.5582,10.0729],[105.5578,10.0734],[105.5572,10.0735],[105.5567,10.0742],[105.5557,10.075],[105.5539,10.0742],[105.5523,10.0744],[105.5519,10.0742],[105.551,10.0735],[105.5501,10.0739],[105.5498,10.0744],[105.5496,10.0745],[105.543,10.0744],[105.5422,10.0745],[105.5421,10.0701],[105.5452,10.0693],[105.543,10.0673],[105.5418,10.066],[105.5411,10.0655],[105.5401,10.0652],[105.5384,10.0642],[105.5361,10.0633],[105.5357,10.0629],[105.5354,10.0622],[105.5351,10.0621],[105.5342,10.0623],[105.5337,10.0631],[105.5334,10.0632],[105.533,10.0632],[105.5324,10.0628],[105.5321,10.0624],[105.5321,10.0619],[105.5243,10.0646],[105.518,10.0648],[105.5197,10.061],[105.5201,10.0611],[105.522,10.0565],[105.5195,10.0566],[105.5018,10.0588],[105.4944,10.0596],[105.4941,10.0596],[105.4963,10.0565],[105.4914,10.0531],[105.4912,10.0488],[105.4941,10.0486],[105.4944,10.0483],[105.4946,10.0486],[105.5073,10.0479],[105.5079,10.0482],[105.5101,10.0447],[105.5116,10.0416],[105.5129,10.0396],[105.5109,10.0356],[105.5079,10.0289],[105.52,10.0286],[105.5189,10.0262],[105.5362,10.0176],[105.5364,10.0176],[105.5378,10.0205],[105.5543,10.0131],[105.5546,10.0129],[105.555,10.0122],[105.5551,10.0109],[105.5556,10.01],[105.5557,10.0086],[105.5577,10.0076],[105.5589,10.0077],[105.5597,10.0076],[105.5609,10.0068],[105.5591,10.0008],[105.5679,9.9967],[105.5712,9.9955]]]},"properties":{"code":"31258","name":"Thới Lai","nameEn":"Thoi Lai","fullName":"Xã Thới Lai","fullNameEn":"Thoi Lai Commune","codeName":"thoi_lai","postalCode":"94706","postalCodePrefix":"","gisServerId":"diaphanhanhchinhcapxa_2025.224","areaKm2":50.78},"id":"31258"},
{"type":"Feature","geometry":{"type":"Polygon","coordinates":[[[105.4436,10.1062],[105.4386,10.1089],[105.4325,10.1126],[105.4321,10.113],[105.4296,10.1109],[105.4304,10.1075],[105.4262,10.1061],[105.4265,10.1047],[105.4179,10.1015],[105.4196,10.0932],[105.3645,10.0733],[105.3648,10.0729],[105.3677,10.0702],[105.3692,10.0692],[105.3982,10.0427],[105.3992,10.0417],[105.3991,10.0414],[105.4026,10.0398],[105.4179,10.0252],[105.4287,10.031],[105.4298,10.0317],[105.4393,10.0484],[105.4394,10.0489],[105.4399,10.0496],[105.4492,10.0659],[105.4415,10.0789],[105.4444,10.0832],[105.4453,10.0848],[105.4416,10.0857],[105.4439,10.094],[105.4429,10.0942],[105.4467,10.0988],[105.4506,10.104],[105.4433,10.106],[105.4436,10.1062]]]},"properties":{"code":"31261","name":"Cờ Đỏ","nameEn":"Co Do","fullName":"Xã Cờ Đỏ","fullNameEn":"Co Do Commune","codeName":"co_do","postalCode":"94606","postalCodePrefix":"","gisServerId":"diaphanhanhchinhcapxa_2025.225","areaKm2":44.59},"id":"31261"},
{"type":"Feature","geometry":{"type":"Polygon","coordinates":[[[105.5816,10.1286],[105.5739,10.1356],[105.5686,10.141],[105.5624,10.1468],[105.5612,10.1482],[105.561,10.148],[105.5567,10.152],[105.5567,10.1525],[105.5422,10.1659],[105.5393,10.1692],[105.5365,10.1719],[105.489,10.1376],[105.4654,10.1211],[105.4436,10.1062],[105.4433,10.106],[105.4506,10.104],[105.4963,10.0915],[105.5071,10.0896],[105.5172,10.0875],[105.5175,10.0893],[105.525,10.0876],[105.5551,10.1092],[105.5746,10.1236],[105.58,10.1279],[105.5816,10.1286]]]},"properties":{"code":"31264","name":"Thới Hưng","nameEn":"Thoi Hung","fullName":"Xã Thới Hưng","fullNameEn":"Thoi Hung Commune","codeName":"thoi_hung","postalCode":"94607","postalCodePrefix":"","gisServerId":"diaphanhanhchinhcapxa_2025.226","areaKm2":69.92},"id":"31264"},
{"type":"Feature","geometry":{"type":"Polygon","coordinates":[[[105.5643,10.0819],[105.5627,10.0849],[105.5592,10.0997],[105.5551,10.1092],[105.525,10.0876],[105.5175,10.0893],[105.5172,10.0875],[105.5071,10.0896],[105.4963,10.0915],[105.4506,10.104],[105.4467,10.0988],[105.4429,10.0942],[105.4439,10.094],[105.4416,10.0857],[105.4453,10.0848],[105.4444,10.0832],[105.4415,10.0789],[105.4492,10.0659],[105.4522,10.0609],[105.4911,10.0642],[105.4857,10.0549],[105.4849,10.0535],[105.485,10.0534],[105.4941,10.0596],[105.4944,10.0596],[105.5018,10.0588],[105.5195,10.0566],[105.522,10.0565],[105.5201,10.0611],[105.5197,10.061],[105.518,10.0648],[105.5243,10.0646],[105.5321,10.0619],[105.5321,10.0624],[105.5324,10.0628],[105.533,10.0632],[105.5334,10.0632],[105.5337,10.0631],[105.5342,10.0623],[105.5351,10.0621],[105.5354,10.0622],[105.5357,10.0629],[105.5361,10.0633],[105.5384,10.0642],[105.5401,10.0652],[105.5411,10.0655],[105.5418,10.066],[105.543,10.0673],[105.5452,10.0693],[105.5421,10.0701],[105.5422,10.0745],[105.543,10.0744],[105.5496,10.0745],[105.5498,10.0744],[105.5501,10.0739],[105.551,10.0735],[105.5519,10.0742],[105.5523,10.0744],[105.5539,10.0742],[105.5557,10.075],[105.5567,10.0742],[105.5572,10.0735],[105.5578,10.0734],[105.5582,10.0729],[105.5585,10.0731],[105.5585,10.0735],[105.558,10.074],[105.5578,10.0746],[105.558,10.0749],[105.5589,10.075],[105.5586,10.076],[105.5591,10.0766],[105.5593,10.077],[105.5591,10.0773],[105.5585,10.0775],[105.5584,10.0779],[105.5586,10.0783],[105.5592,10.0787],[105.5595,10.0791],[105.5594,10.0796],[105.5589,10.0801],[105.5589,10.0804],[105.5592,10.0805],[105.5597,10.0804],[105.56,10.0812],[105.5606,10.0809],[105.5611,10.0812],[105.5618,10.0809],[105.5628,10.0816],[105.5636,10.0814],[105.5643,10.0819]]]},"properties":{"code":"31273","name":"Đông Hiệp","nameEn":"Dong Hiep","fullName":"Xã Đông Hiệp","fullNameEn":"Dong Hiep Commune","codeName":"dong_hiep","postalCode":"94615","postalCodePrefix":"","gisServerId":"diaphanhanhchinhcapxa_2025.227","areaKm2":46.25},"id":"31273"},
{"type":"Feature","geometry":{"type":"Polygon","coordinates":[[[105.4941,10.0596],[105.485,10.0534],[105.4849,10.0535],[105.4857,10.0549],[105.4911,10.0642],[105.4522,10.0609],[105.4492,10.0659],[105.4399,10.0496],[105.4394,10.0489],[105.4393,10.0484],[105.4298,10.0317],[105.4287,10.031],[105.4179,10.0252],[105.4442,10.0005],[105.4443,10.0001],[105.4447,10],[105.448,9.9967],[105.4654,9.9808],[105.4769,9.9704],[105.479,9.9686],[105.4834,9.978],[105.4876,9.9874],[105.4924,9.9968],[105.4931,9.9981],[105.4952,10.0005],[105.5079,10.0289],[105.5109,10.0356],[105.5129,10.0396],[105.5116,10.0416],[105.5101,10.0447],[105.5079,10.0482],[105.5073,10.0479],[105.4946,10.0486],[105.4944,10.0483],[105.4941,10.0486],[105.4912,10.0488],[105.4914,10.0531],[105.4963,10.0565],[105.4941,10.0596]]]},"properties":{"code":"31282","name":"Đông Thuận","nameEn":"Dong Thuan","fullName":"Xã Đông Thuận","fullNameEn":"Dong Thuan Commune","codeName":"dong_thuan","postalCode":"94712","postalCodePrefix":"","gisServerId":"diaphanhanhchinhcapxa_2025.228","areaKm2":60.89},"id":"31282"},
{"type":"Feature","geometry":{"type":"Polygon","coordinates":[[[105.5879,10.1225],[105.5877,10.1228],[105.5876,10.1236],[105.5869,10.1243],[105.5858,10.1251],[105.5853,10.1259],[105.5847,10.1257],[105.5844,10.1259],[105.5817,10.1287],[105.5816,10.1286],[105.58,10.1279],[105.5746,10.1236],[105.5551,10.1092],[105.5592,10.0997],[105.5627,10.0849],[105.5643,10.0819],[105.5653,10.0796],[105.5661,10.0785],[105.5677,10.0755],[105.5683,10.0753],[105.5691,10.0745],[105.5698,10.0741],[105.57,10.073],[105.5708,10.0725],[105.5716,10.0722],[105.5724,10.0715],[105.5737,10.0714],[105.5776,10.0683],[105.5764,10.0666],[105.5767,10.0664],[105.5769,10.0658],[105.5767,10.064],[105.5769,10.0627],[105.5786,10.0525],[105.5827,10.052],[105.5837,10.0517],[105.5845,10.0512],[105.5861,10.0513],[105.5868,10.0511],[105.5874,10.0513],[105.5875,10.0508],[105.5887,10.0503],[105.5892,10.0493],[105.5893,10.0484],[105.5898,10.0474],[105.5906,10.0465],[105.5906,10.0454],[105.5903,10.0449],[105.5899,10.0446],[105.5896,10.0441],[105.5897,10.0433],[105.5907,10.0425],[105.5923,10.0419],[105.5926,10.0415],[105.5933,10.0411],[105.5944,10.0397],[105.595,10.0393],[105.5851,10.0299],[105.5843,10.0275],[105.5799,10.0131],[105.5712,9.9955],[105.5702,9.9933],[105.5732,9.9918],[105.5744,9.9942],[105.583,9.9903],[105.5833,9.9901],[105.5833,9.9898],[105.5858,9.9891],[105.5876,9.9923],[105.589,9.9959],[105.5929,9.9947],[105.5936,10.0049],[105.5942,10.0047],[105.6037,10.0036],[105.6048,10.0057],[105.6116,10.0047],[105.6118,10.0062],[105.6147,10.0057],[105.6162,10.005],[105.6167,10.0044],[105.6175,10.0043],[105.6182,10.0046],[105.6189,10.0058],[105.6198,10.0059],[105.6207,10.0063],[105.6224,10.0062],[105.6227,10.0063],[105.6242,10.0055],[105.6248,10.0054],[105.6262,10.0061],[105.6269,10.0061],[105.6269,10.0071],[105.6282,10.0139],[105.6282,10.0146],[105.628,10.0148],[105.6276,10.0149],[105.6279,10.0155],[105.6274,10.0159],[105.6275,10.0164],[105.627,10.0169],[105.6269,10.0176],[105.6265,10.0176],[105.6258,10.0182],[105.6253,10.0192],[105.6247,10.0211],[105.6243,10.0215],[105.6246,10.0243],[105.6251,10.0324],[105.6257,10.0328],[105.6277,10.0335],[105.6277,10.0345],[105.6272,10.0352],[105.6271,10.0362],[105.6264,10.0387],[105.6262,10.0412],[105.6265,10.0418],[105.6265,10.0423],[105.6267,10.0427],[105.6254,10.0493],[105.6268,10.057],[105.6271,10.057],[105.6257,10.0638],[105.6256,10.0664],[105.6257,10.0671],[105.6268,10.0696],[105.627,10.0698],[105.6268,10.07],[105.6242,10.0712],[105.6192,10.0712],[105.6179,10.0708],[105.6169,10.0742],[105.618,10.0784],[105.6176,10.0786],[105.6169,10.0787],[105.6148,10.0789],[105.6124,10.0804],[105.6061,10.0785],[105.6011,10.0857],[105.5999,10.0879],[105.5995,10.0889],[105.5958,10.0878],[105.5933,10.0872],[105.5931,10.088],[105.5919,10.0877],[105.5915,10.0884],[105.5902,10.088],[105.5898,10.0888],[105.5933,10.0916],[105.5952,10.0939],[105.5948,10.0951],[105.5941,10.0959],[105.5946,10.0971],[105.5939,10.0991],[105.5929,10.1007],[105.5926,10.102],[105.5915,10.1035],[105.5901,10.1061],[105.5864,10.1153],[105.5818,10.1121],[105.579,10.1161],[105.58,10.1169],[105.5804,10.1175],[105.5815,10.1183],[105.5879,10.1225]]]},"properties":{"code":"31288","name":"Trường Thành","nameEn":"Truong Thanh","fullName":"Xã Trường Thành","fullNameEn":"Truong Thanh Commune","codeName":"truong_thanh","postalCode":"94718","postalCodePrefix":"","gisServerId":"diaphanhanhchinhcapxa_2025.233","areaKm2":59.09},"id":"31288"},
{"type":"Feature","geometry":{"type":"Polygon","coordinates":[[[105.5712,9.9955],[105.5679,9.9967],[105.5591,10.0008],[105.5609,10.0068],[105.5597,10.0076],[105.5589,10.0077],[105.5577,10.0076],[105.5557,10.0086],[105.5556,10.01],[105.5551,10.0109],[105.555,10.0122],[105.5546,10.0129],[105.5543,10.0131],[105.5378,10.0205],[105.5364,10.0176],[105.5362,10.0176],[105.5189,10.0262],[105.52,10.0286],[105.5079,10.0289],[105.4952,10.0005],[105.4931,9.9981],[105.4924,9.9968],[105.4876,9.9874],[105.4834,9.978],[105.479,9.9686],[105.4852,9.9627],[105.5035,9.9459],[105.5042,9.9457],[105.5073,9.9429],[105.5324,9.9195],[105.535,9.9256],[105.5387,9.9334],[105.5384,9.9337],[105.5418,9.9409],[105.5455,9.94],[105.5508,9.9516],[105.5502,9.9522],[105.556,9.9589],[105.5512,9.961],[105.5601,9.9803],[105.56,9.9808],[105.5607,9.9817],[105.5608,9.9822],[105.5629,9.9868],[105.5695,9.9839],[105.5732,9.9918],[105.5702,9.9933],[105.5712,9.9955]]]},"properties":{"code":"31294","name":"Trường Xuân","nameEn":"Truong Xuan","fullName":"Xã Trường Xuân","fullNameEn":"Truong Xuan Commune","codeName":"truong_xuan","postalCode":"94716","postalCodePrefix":"","gisServerId":"diaphanhanhchinhcapxa_2025.232","areaKm2":67.94},"id":"31294"},
{"type":"Feature","geometry":{"type":"Polygon","coordinates":[[[105.7032,10.0127],[105.7035,10.0138],[105.7028,10.0162],[105.703,10.0167],[105.7035,10.0169],[105.7044,10.0167],[105.7042,10.0171],[105.7046,10.0187],[105.7052,10.0186],[105.7054,10.0207],[105.7058,10.0225],[105.7041,10.025],[105.7067,10.0262],[105.7067,10.0268],[105.7063,10.0274],[105.7064,10.028],[105.7067,10.028],[105.7073,10.0287],[105.7086,10.0285],[105.7096,10.0297],[105.71,10.0298],[105.7111,10.0292],[105.7116,10.0291],[105.7118,10.0308],[105.7121,10.0308],[105.7126,10.0305],[105.7132,10.031],[105.7129,10.0318],[105.7131,10.0323],[105.7122,10.0345],[105.7104,10.0363],[105.7085,10.0402],[105.7075,10.04],[105.7074,10.0403],[105.7098,10.041],[105.708,10.0429],[105.7063,10.0444],[105.7059,10.047],[105.7055,10.0487],[105.7057,10.0497],[105.7055,10.0504],[105.7065,10.0512],[105.7071,10.0518],[105.7076,10.0519],[105.7086,10.0516],[105.7096,10.0519],[105.7086,10.0538],[105.7082,10.0541],[105.7073,10.0542],[105.6938,10.0559],[105.6822,10.0572],[105.6819,10.0571],[105.6818,10.0568],[105.6821,10.0552],[105.6821,10.0546],[105.6817,10.0539],[105.6811,10.0534],[105.678,10.0528],[105.6775,10.0529],[105.6739,10.0527],[105.674,10.0522],[105.6734,10.0492],[105.6694,10.0493],[105.669,10.0481],[105.6648,10.0491],[105.6644,10.0491],[105.6637,10.0489],[105.6627,10.0481],[105.6593,10.0489],[105.6555,10.0511],[105.6544,10.0512],[105.6536,10.0515],[105.6523,10.0515],[105.6513,10.0521],[105.6464,10.0541],[105.6446,10.0525],[105.6439,10.0516],[105.6431,10.0489],[105.6431,10.0481],[105.6422,10.048],[105.6414,10.0474],[105.6408,10.0475],[105.6402,10.0479],[105.6396,10.0487],[105.6394,10.0502],[105.6387,10.0505],[105.6382,10.0505],[105.6372,10.0499],[105.6357,10.0495],[105.6354,10.0491],[105.6353,10.0483],[105.6351,10.0481],[105.6337,10.0481],[105.6337,10.0478],[105.6344,10.0472],[105.6343,10.0468],[105.6337,10.0466],[105.6327,10.0468],[105.6316,10.0462],[105.6311,10.0458],[105.6308,10.0446],[105.6289,10.0443],[105.6283,10.044],[105.6276,10.044],[105.6275,10.0431],[105.6267,10.0427],[105.6265,10.0423],[105.6265,10.0418],[105.6262,10.0412],[105.6264,10.0387],[105.6271,10.0362],[105.6272,10.0352],[105.6277,10.0345],[105.6277,10.0335],[105.6257,10.0328],[105.6251,10.0324],[105.6246,10.0243],[105.6243,10.0215],[105.6247,10.0211],[105.6253,10.0192],[105.6258,10.0182],[105.6265,10.0176],[105.6269,10.0176],[105.627,10.0169],[105.6275,10.0164],[105.6274,10.0159],[105.6279,10.0155],[105.6276,10.0149],[105.628,10.0148],[105.6282,10.0146],[105.6282,10.0139],[105.6269,10.0071],[105.6269,10.0061],[105.627,10.0057],[105.6297,10.006],[105.6304,10.0059],[105.631,10.0057],[105.6311,10.0077],[105.6342,10.0096],[105.6348,10.0096],[105.635,10.0093],[105.635,10.0101],[105.6356,10.0101],[105.6357,10.0106],[105.6419,10.0096],[105.6443,10.0119],[105.6438,10.0123],[105.6442,10.013],[105.6453,10.0129],[105.6457,10.0132],[105.6463,10.0142],[105.6463,10.0154],[105.6476,10.0153],[105.6493,10.0155],[105.6499,10.0144],[105.6506,10.0121],[105.6514,10.0101],[105.6527,10.0079],[105.6584,10.0027],[105.6614,9.999],[105.6628,9.9977],[105.6639,9.9969],[105.6676,9.9946],[105.668,9.9945],[105.6732,9.9963],[105.6742,9.9965],[105.6749,9.9965],[105.6756,9.9957],[105.6783,9.9913],[105.6791,9.9905],[105.6802,9.9898],[105.683,9.9885],[105.6897,9.9859],[105.692,9.9862],[105.693,9.9865],[105.6929,9.9874],[105.693,9.9879],[105.6926,9.9881],[105.6922,9.9881],[105.6912,9.9926],[105.6901,9.9927],[105.6887,9.9934],[105.6881,9.9942],[105.6877,9.9949],[105.687,9.9948],[105.687,9.9944],[105.6862,9.9941],[105.6856,9.9937],[105.6844,9.9925],[105.6842,9.9931],[105.6836,9.9932],[105.6828,9.9937],[105.6824,9.9937],[105.6822,9.994],[105.6836,9.9958],[105.6837,9.996],[105.6831,9.9966],[105.683,9.9984],[105.6828,9.9987],[105.6823,9.9991],[105.6823,9.9998],[105.6817,10.0012],[105.6811,10.001],[105.6821,10.0026],[105.6825,10.0029],[105.682,10.0042],[105.6819,10.0048],[105.6823,10.0058],[105.683,10.0063],[105.6825,10.0065],[105.6822,10.0069],[105.6823,10.0074],[105.6828,10.0076],[105.6829,10.0078],[105.6826,10.0085],[105.682,10.0087],[105.6816,10.0082],[105.6812,10.0081],[105.6809,10.0083],[105.6808,10.0087],[105.6813,10.0089],[105.6815,10.0094],[105.6813,10.0099],[105.6809,10.0107],[105.6809,10.0112],[105.6813,10.0117],[105.6829,10.0122],[105.6844,10.0123],[105.6855,10.0128],[105.6858,10.0125],[105.686,10.0118],[105.6866,10.0115],[105.6871,10.0115],[105.6878,10.012],[105.6884,10.012],[105.6886,10.0117],[105.6889,10.0101],[105.6891,10.0097],[105.6894,10.0096],[105.6909,10.0104],[105.6924,10.0107],[105.6944,10.0126],[105.6951,10.013],[105.6954,10.0129],[105.6968,10.0115],[105.6976,10.0114],[105.6982,10.0115],[105.6985,10.0118],[105.6986,10.0122],[105.6983,10.0138],[105.6984,10.0142],[105.6987,10.0144],[105.6997,10.0143],[105.7004,10.0127],[105.7012,10.0123],[105.7032,10.0127]]]},"properties":{"code":"31299","name":"Phong Điền","nameEn":"Phong Dien","fullName":"Xã Phong Điền","fullNameEn":"Phong Dien Commune","codeName":"phong_dien","postalCode":"94806","postalCodePrefix":"","gisServerId":"diaphanhanhchinhcapxa_2025.229","areaKm2":45.58},"id":"31299"},
{"type":"Feature","geometry":{"type":"Polygon","coordinates":[[[105.6269,10.0061],[105.6262,10.0061],[105.6248,10.0054],[105.6242,10.0055],[105.6227,10.0063],[105.6224,10.0062],[105.6207,10.0063],[105.6198,10.0059],[105.6189,10.0058],[105.6182,10.0046],[105.6175,10.0043],[105.6167,10.0044],[105.6162,10.005],[105.6147,10.0057],[105.6118,10.0062],[105.6116,10.0047],[105.6048,10.0057],[105.6037,10.0036],[105.5942,10.0047],[105.5936,10.0049],[105.5929,9.9947],[105.589,9.9959],[105.5876,9.9923],[105.5858,9.9891],[105.5831,9.9837],[105.5841,9.9831],[105.619,9.9457],[105.6202,9.9461],[105.6287,9.9499],[105.6289,9.9513],[105.6294,9.9521],[105.6291,9.9542],[105.6297,9.9564],[105.6308,9.9574],[105.6321,9.958],[105.6326,9.9592],[105.6331,9.9598],[105.6336,9.9599],[105.6345,9.9597],[105.6352,9.9588],[105.6358,9.9584],[105.6378,9.9585],[105.6384,9.9587],[105.6387,9.9599],[105.6392,9.9605],[105.6396,9.9606],[105.6413,9.9604],[105.6423,9.9611],[105.643,9.9622],[105.6437,9.9627],[105.6435,9.9637],[105.6449,9.9643],[105.6455,9.9648],[105.6459,9.9667],[105.6456,9.9677],[105.6461,9.9682],[105.6471,9.97],[105.6472,9.9713],[105.6471,9.9716],[105.6461,9.9728],[105.646,9.9734],[105.6466,9.9749],[105.6474,9.9759],[105.6476,9.9768],[105.6473,9.978],[105.6469,9.9785],[105.6462,9.9789],[105.6461,9.9793],[105.6463,9.9795],[105.6475,9.98],[105.648,9.9805],[105.6485,9.9814],[105.6485,9.9821],[105.648,9.9828],[105.6474,9.9825],[105.6459,9.9843],[105.6445,9.9848],[105.6443,9.9851],[105.6438,9.9853],[105.6435,9.9857],[105.6429,9.986],[105.6436,9.987],[105.6408,9.9892],[105.6442,9.9902],[105.644,9.9947],[105.6439,9.9955],[105.6436,9.9958],[105.644,9.9961],[105.6434,9.9978],[105.6436,9.998],[105.6432,10],[105.6394,9.9996],[105.6322,10.0003],[105.6304,10.0059],[105.6297,10.006],[105.627,10.0057],[105.6269,10.0061]]]},"properties":{"code":"31309","name":"Trường Long","nameEn":"Truong Long","fullName":"Xã Trường Long","fullNameEn":"Truong Long Commune","codeName":"truong_long","postalCode":"94810","postalCodePrefix":"","gisServerId":"diaphanhanhchinhcapxa_2025.231","areaKm2":31.01},"id":"31309"},
{"type":"Feature","geometry":{"type":"Polygon","coordinates":[[[105.693,9.9865],[105.692,9.9862],[105.6897,9.9859],[105.683,9.9885],[105.6802,9.9898],[105.6791,9.9905],[105.6783,9.9913],[105.6756,9.9957],[105.6749,9.9965],[105.6742,9.9965],[105.6732,9.9963],[105.668,9.9945],[105.6676,9.9946],[105.6639,9.9969],[105.6628,9.9977],[105.6614,9.999],[105.6584,10.0027],[105.6527,10.0079],[105.6514,10.0101],[105.6506,10.0121],[105.6499,10.0144],[105.6493,10.0155],[105.6476,10.0153],[105.6463,10.0154],[105.6463,10.0142],[105.6457,10.0132],[105.6453,10.0129],[105.6442,10.013],[105.6438,10.0123],[105.6443,10.0119],[105.6419,10.0096],[105.6357,10.0106],[105.6356,10.0101],[105.635,10.0101],[105.635,10.0093],[105.6348,10.0096],[105.6342,10.0096],[105.6311,10.0077],[105.631,10.0057],[105.6304,10.0059],[105.6322,10.0003],[105.6394,9.9996],[105.6432,10],[105.6436,9.998],[105.6434,9.9978],[105.644,9.9961],[105.6436,9.9958],[105.6439,9.9955],[105.644,9.9947],[105.6442,9.9902],[105.6408,9.9892],[105.6436,9.987],[105.6429,9.986],[105.6435,9.9857],[105.6438,9.9853],[105.6443,9.9851],[105.6445,9.9848],[105.6459,9.9843],[105.6474,9.9825],[105.648,9.9828],[105.6485,9.9821],[105.6485,9.9814],[105.648,9.9805],[105.6475,9.98],[105.6463,9.9795],[105.6461,9.9793],[105.6462,9.9789],[105.6469,9.9785],[105.6473,9.978],[105.6476,9.9768],[105.6474,9.9759],[105.6479,9.9755],[105.6494,9.975],[105.65,9.9741],[105.6507,9.9738],[105.6516,9.9738],[105.6526,9.9735],[105.6586,9.9711],[105.6586,9.9708],[105.659,9.9706],[105.658,9.9663],[105.6588,9.966],[105.6593,9.9664],[105.6597,9.9664],[105.6652,9.9667],[105.6683,9.9665],[105.6718,9.9651],[105.6736,9.9642],[105.6714,9.9614],[105.6586,9.9503],[105.6602,9.9492],[105.6704,9.9396],[105.6754,9.9441],[105.6759,9.9444],[105.6781,9.9432],[105.678,9.9434],[105.6781,9.9445],[105.6801,9.9448],[105.679,9.9476],[105.6872,9.9509],[105.6874,9.951],[105.694,9.9527],[105.6937,9.9544],[105.694,9.955],[105.696,9.9544],[105.7036,9.954],[105.7038,9.9583],[105.7106,9.9577],[105.7112,9.9585],[105.7126,9.9596],[105.7131,9.9597],[105.7135,9.9593],[105.7152,9.9619],[105.7161,9.9628],[105.7181,9.9681],[105.7186,9.9689],[105.7204,9.9703],[105.7228,9.9718],[105.7235,9.9741],[105.7234,9.9755],[105.7236,9.977],[105.7243,9.9793],[105.7249,9.9801],[105.7285,9.9782],[105.7285,9.978],[105.7287,9.98],[105.7305,9.9798],[105.7313,9.9801],[105.7325,9.9831],[105.7337,9.9876],[105.7347,9.988],[105.7351,9.9879],[105.736,9.9883],[105.7365,9.9881],[105.7369,9.9884],[105.7365,9.9904],[105.7371,9.9906],[105.7383,9.9918],[105.7396,9.9939],[105.7396,9.9943],[105.7382,9.9937],[105.7354,9.9935],[105.7305,9.9942],[105.726,9.9951],[105.7215,9.9953],[105.7197,9.9952],[105.7178,9.9947],[105.7165,9.9939],[105.7155,9.9919],[105.7149,9.9893],[105.7144,9.9879],[105.7137,9.9868],[105.7127,9.9861],[105.7116,9.9861],[105.7071,9.9871],[105.705,9.987],[105.7034,9.9866],[105.7016,9.9866],[105.6985,9.9881],[105.6977,9.9883],[105.697,9.9883],[105.6962,9.988],[105.693,9.9865]]]},"properties":{"code":"31315","name":"Nhơn Ái","nameEn":"Nhon Ai","fullName":"Xã Nhơn Ái","fullNameEn":"Nhon Ai Commune","codeName":"nhon_ai","postalCode":"94811","postalCodePrefix":"","gisServerId":"diaphanhanhchinhcapxa_2025.230","areaKm2":38.16},"id":"31315"},
{"type":"Feature","geometry":{"type":"Polygon","coordinates":[[[105.4892,9.7774],[105.4667,9.784],[105.4566,9.7753],[105.4375,9.7659],[105.4152,9.7548],[105.4131,9.7509],[105.4152,9.7498],[105.4156,9.7489],[105.4156,9.7477],[105.4154,9.7446],[105.4166,9.7442],[105.4234,9.7452],[105.4249,9.7456],[105.4328,9.7496],[105.439,9.7503],[105.44,9.7506],[105.4536,9.7574],[105.4533,9.7563],[105.4524,9.749],[105.4519,9.7462],[105.4518,9.7437],[105.4527,9.7426],[105.4542,9.7421],[105.4562,9.7403],[105.4572,9.7396],[105.4573,9.7398],[105.4575,9.7397],[105.4593,9.7384],[105.4594,9.7379],[105.4603,9.7374],[105.4608,9.7378],[105.4628,9.7382],[105.4638,9.7396],[105.4654,9.7403],[105.4662,9.741],[105.4684,9.7419],[105.469,9.7426],[105.4699,9.7432],[105.47,9.7445],[105.4702,9.7447],[105.4838,9.744],[105.4834,9.7496],[105.4881,9.7669],[105.4887,9.772],[105.4886,9.772],[105.489,9.7767],[105.4892,9.7774]]]},"properties":{"code":"31321","name":"Vị Thanh","nameEn":"Vi Thanh","fullName":"Phường Vị Thanh","fullNameEn":"Vi Thanh Ward","codeName":"vi_thanh","postalCode":"95115","postalCodePrefix":"","gisServerId":"diaphanhanhchinhcapxa_2025.234","areaKm2":22.11},"id":"31321"},
{"type":"Feature","geometry":{"type":"Polygon","coordinates":[[[105.4616,9.8254],[105.4608,9.8255],[105.4606,9.8257],[105.4555,9.8226],[105.4543,9.8222],[105.443,9.8193],[105.4386,9.8179],[105.437,9.8179],[105.435,9.8169],[105.4341,9.8168],[105.4331,9.8172],[105.4325,9.8172],[105.4309,9.8162],[105.4339,9.8008],[105.4342,9.7983],[105.434,9.7977],[105.4343,9.7969],[105.434,9.7961],[105.4354,9.7952],[105.4359,9.795],[105.4364,9.794],[105.4373,9.7932],[105.4374,9.7928],[105.4365,9.792],[105.4358,9.7932],[105.4354,9.7933],[105.4353,9.7933],[105.4351,9.7931],[105.4348,9.7921],[105.4341,9.7909],[105.4335,9.7902],[105.433,9.7901],[105.4317,9.791],[105.4313,9.791],[105.4311,9.7905],[105.4313,9.7893],[105.4311,9.7884],[105.4307,9.7883],[105.4297,9.7892],[105.4287,9.7895],[105.4282,9.7893],[105.4271,9.788],[105.4255,9.787],[105.4253,9.7866],[105.4255,9.7861],[105.427,9.7859],[105.4276,9.7855],[105.4278,9.7849],[105.4277,9.7839],[105.4267,9.7832],[105.426,9.7828],[105.4249,9.7829],[105.4235,9.7853],[105.4229,9.7855],[105.4223,9.7853],[105.4217,9.7828],[105.422,9.7808],[105.4221,9.7794],[105.4217,9.7783],[105.4212,9.7783],[105.4206,9.7785],[105.4195,9.78],[105.4189,9.7827],[105.4184,9.7831],[105.4178,9.783],[105.4175,9.7829],[105.417,9.7819],[105.4172,9.7807],[105.4177,9.7798],[105.4192,9.7786],[105.4193,9.7778],[105.4191,9.7773],[105.4185,9.7771],[105.4177,9.7773],[105.4173,9.7776],[105.4155,9.7793],[105.4148,9.7796],[105.4142,9.7796],[105.4138,9.7789],[105.4139,9.7781],[105.4142,9.7776],[105.4158,9.7765],[105.4169,9.7752],[105.417,9.7748],[105.4169,9.7742],[105.4165,9.7736],[105.416,9.7733],[105.4154,9.7733],[105.4146,9.7736],[105.4132,9.775],[105.4119,9.7772],[105.4114,9.7775],[105.4109,9.7773],[105.4105,9.7761],[105.4102,9.7742],[105.4093,9.7727],[105.4093,9.7721],[105.4096,9.7717],[105.4103,9.7717],[105.4129,9.7726],[105.4138,9.7725],[105.4143,9.7723],[105.4145,9.7719],[105.4145,9.7709],[105.4143,9.7707],[105.4126,9.77],[105.4115,9.7698],[105.4087,9.7704],[105.4064,9.7707],[105.4054,9.7703],[105.4049,9.7696],[105.4049,9.7689],[105.4051,9.768],[105.4063,9.7664],[105.4069,9.7652],[105.407,9.764],[105.4067,9.7625],[105.4066,9.7613],[105.4071,9.7597],[105.4076,9.7593],[105.4079,9.7593],[105.4084,9.7594],[105.4109,9.7609],[105.4119,9.7611],[105.4132,9.7608],[105.414,9.7601],[105.4146,9.7586],[105.4152,9.7561],[105.4152,9.7548],[105.4375,9.7659],[105.4566,9.7753],[105.4667,9.784],[105.4892,9.7774],[105.4898,9.7789],[105.4899,9.7804],[105.4906,9.7805],[105.4907,9.7821],[105.4914,9.7821],[105.4914,9.784],[105.4946,9.784],[105.4958,9.7917],[105.5011,9.7907],[105.503,9.7986],[105.5025,9.7989],[105.5006,9.7996],[105.4985,9.8017],[105.4941,9.8078],[105.4877,9.8023],[105.4871,9.8031],[105.4839,9.8041],[105.4838,9.8044],[105.4837,9.8052],[105.4833,9.8057],[105.4824,9.8063],[105.482,9.8069],[105.4815,9.8088],[105.4819,9.8094],[105.4825,9.8099],[105.4823,9.8109],[105.4826,9.8128],[105.4819,9.8149],[105.4813,9.8161],[105.4806,9.8171],[105.4806,9.8177],[105.4809,9.8188],[105.4771,9.818],[105.4729,9.8147],[105.473,9.8145],[105.4715,9.8125],[105.4692,9.8122],[105.4683,9.8117],[105.4667,9.8116],[105.4661,9.8111],[105.4659,9.8101],[105.4644,9.8104],[105.4616,9.8254]]]},"properties":{"code":"31333","name":"Vị Tân","nameEn":"Vi Tan","fullName":"Phường Vị Tân","fullNameEn":"Vi Tan Ward","codeName":"vi_tan","postalCode":"95109","postalCodePrefix":"","gisServerId":"diaphanhanhchinhcapxa_2025.235","areaKm2":37.07},"id":"31333"},
{"type":"Feature","geometry":{"type":"Polygon","coordinates":[[[105.4594,9.7379],[105.4593,9.7384],[105.4575,9.7397],[105.4573,9.7398],[105.4572,9.7396],[105.4562,9.7403],[105.4542,9.7421],[105.4527,9.7426],[105.4518,9.7437],[105.4519,9.7462],[105.4524,9.749],[105.4533,9.7563],[105.4536,9.7574],[105.44,9.7506],[105.439,9.7503],[105.4328,9.7496],[105.4249,9.7456],[105.4234,9.7452],[105.4166,9.7442],[105.4154,9.7446],[105.4156,9.7477],[105.4156,9.7489],[105.4152,9.7498],[105.4131,9.7509],[105.4117,9.749],[105.4103,9.7479],[105.4095,9.7478],[105.4085,9.748],[105.4066,9.7497],[105.4055,9.7506],[105.4048,9.7508],[105.4041,9.7507],[105.4033,9.7503],[105.4013,9.749],[105.3994,9.7472],[105.3983,9.7465],[105.396,9.7454],[105.3938,9.7449],[105.3933,9.7441],[105.3931,9.7433],[105.3927,9.7386],[105.3918,9.7368],[105.3909,9.736],[105.3894,9.7351],[105.3871,9.7344],[105.3781,9.7328],[105.3758,9.7319],[105.3737,9.7307],[105.3701,9.728],[105.3679,9.7255],[105.3654,9.7218],[105.3637,9.7196],[105.3586,9.714],[105.3568,9.7126],[105.354,9.7111],[105.3501,9.7098],[105.348,9.7089],[105.3435,9.706],[105.3392,9.7038],[105.3368,9.7032],[105.3313,9.7027],[105.3299,9.7022],[105.3284,9.7013],[105.328,9.7008],[105.3279,9.7001],[105.3279,9.6995],[105.3284,9.6983],[105.3296,9.697],[105.3306,9.6962],[105.3322,9.6953],[105.3334,9.6942],[105.3343,9.6926],[105.3345,9.6917],[105.3343,9.6899],[105.3364,9.6895],[105.3369,9.6892],[105.3377,9.688],[105.3381,9.6863],[105.3383,9.6825],[105.3388,9.6807],[105.3405,9.68],[105.3423,9.6797],[105.3443,9.68],[105.3451,9.6803],[105.3458,9.6809],[105.3465,9.6823],[105.3466,9.6831],[105.3464,9.6848],[105.3457,9.6873],[105.3459,9.6886],[105.3461,9.6893],[105.3471,9.6902],[105.3483,9.6902],[105.3492,9.6898],[105.3503,9.6883],[105.3514,9.6863],[105.3526,9.6852],[105.3533,9.6848],[105.3542,9.6845],[105.3558,9.6846],[105.3617,9.6854],[105.365,9.6865],[105.3667,9.6872],[105.3686,9.6885],[105.3725,9.6919],[105.374,9.6927],[105.3757,9.693],[105.3763,9.6929],[105.3771,9.6924],[105.3778,9.6916],[105.378,9.6911],[105.3782,9.6897],[105.3782,9.6873],[105.3783,9.686],[105.3785,9.6849],[105.3789,9.6842],[105.3801,9.6832],[105.3812,9.6831],[105.3824,9.6836],[105.3831,9.6844],[105.3883,9.6949],[105.3896,9.6969],[105.3909,9.6984],[105.3934,9.7004],[105.3947,9.7012],[105.3956,9.7016],[105.3966,9.7017],[105.3986,9.7014],[105.3993,9.701],[105.4003,9.7003],[105.4013,9.6988],[105.4014,9.6979],[105.4011,9.6961],[105.3999,9.6943],[105.3994,9.6925],[105.3994,9.692],[105.3996,9.691],[105.4003,9.6903],[105.4008,9.6898],[105.4015,9.6895],[105.4038,9.6891],[105.4051,9.6893],[105.4057,9.6895],[105.4067,9.6901],[105.4073,9.6909],[105.4076,9.6915],[105.4076,9.6927],[105.4073,9.6949],[105.4073,9.6959],[105.4074,9.6969],[105.4078,9.6978],[105.4082,9.6984],[105.4087,9.6989],[105.4107,9.6997],[105.4128,9.6998],[105.4154,9.6994],[105.4167,9.6988],[105.4177,9.6981],[105.4203,9.6956],[105.422,9.6948],[105.4238,9.6946],[105.4258,9.6952],[105.4275,9.696],[105.4281,9.6965],[105.4291,9.6982],[105.4294,9.6993],[105.4293,9.7001],[105.4288,9.7013],[105.4263,9.704],[105.4259,9.7051],[105.4258,9.7059],[105.4264,9.7074],[105.4269,9.7079],[105.4286,9.7092],[105.4304,9.7098],[105.4313,9.7099],[105.4327,9.7096],[105.4332,9.7093],[105.4337,9.7088],[105.4341,9.7081],[105.4343,9.7069],[105.4343,9.7043],[105.4349,9.7028],[105.4353,9.7024],[105.4367,9.7015],[105.438,9.7012],[105.4401,9.7012],[105.4421,9.702],[105.4426,9.7024],[105.4434,9.7037],[105.4434,9.7048],[105.4425,9.7072],[105.4422,9.7088],[105.4424,9.7101],[105.4429,9.711],[105.4438,9.7121],[105.4454,9.713],[105.4462,9.7132],[105.4474,9.7132],[105.4492,9.7127],[105.4508,9.7118],[105.4513,9.7123],[105.452,9.7124],[105.4523,9.7129],[105.4532,9.7132],[105.4536,9.7137],[105.4539,9.7143],[105.4543,9.7171],[105.4546,9.7179],[105.4556,9.72],[105.4563,9.721],[105.4572,9.722],[105.4573,9.7226],[105.4579,9.7229],[105.4593,9.7254],[105.4591,9.7263],[105.4593,9.7274],[105.4596,9.7279],[105.4597,9.7284],[105.4603,9.7287],[105.4599,9.7292],[105.4601,9.7309],[105.4594,9.7316],[105.4584,9.7319],[105.4577,9.7328],[105.4575,9.7334],[105.4579,9.7346],[105.4574,9.7356],[105.4578,9.7363],[105.4594,9.7379]]]},"properties":{"code":"31338","name":"Hoả Lựu","nameEn":"Hoa Luu","fullName":"Xã Hoả Lựu","fullNameEn":"Hoa Luu Commune","codeName":"hoa_luu","postalCode":"95112","postalCodePrefix":"","gisServerId":"diaphanhanhchinhcapxa_2025.236","areaKm2":59.68},"id":"31338"},
{"type":"Feature","geometry":{"type":"Polygon","coordinates":[[[105.8534,9.8013],[105.848,9.8028],[105.8443,9.8036],[105.8408,9.8046],[105.8325,9.8067],[105.8333,9.8093],[105.8335,9.8105],[105.8332,9.8121],[105.8326,9.8135],[105.8208,9.8282],[105.8197,9.8292],[105.8183,9.8299],[105.8166,9.8302],[105.8151,9.83],[105.8087,9.8277],[105.8078,9.8275],[105.807,9.8274],[105.8067,9.827],[105.8064,9.8268],[105.8097,9.8234],[105.8116,9.821],[105.8089,9.8182],[105.8083,9.8172],[105.8074,9.8167],[105.8052,9.8166],[105.8049,9.8168],[105.8028,9.8194],[105.8016,9.8197],[105.7991,9.8216],[105.7979,9.824],[105.7977,9.8241],[105.7926,9.8245],[105.7909,9.8242],[105.7902,9.8243],[105.7887,9.8238],[105.7883,9.8239],[105.7875,9.8248],[105.7871,9.8248],[105.7862,9.8245],[105.7822,9.8243],[105.782,9.824],[105.7843,9.8226],[105.7859,9.8195],[105.7887,9.817],[105.7875,9.8121],[105.7875,9.8117],[105.7879,9.8106],[105.788,9.8094],[105.7876,9.8085],[105.7872,9.8053],[105.7862,9.801],[105.7864,9.7991],[105.7882,9.7983],[105.7889,9.7976],[105.7992,9.8012],[105.7972,9.7959],[105.8059,9.7925],[105.8139,9.789],[105.8293,9.7834],[105.8291,9.7832],[105.831,9.7804],[105.8307,9.78],[105.8307,9.7798],[105.838,9.7729],[105.8382,9.7728],[105.8383,9.7733],[105.8386,9.7731],[105.8448,9.7641],[105.8474,9.7725],[105.848,9.7737],[105.8476,9.7743],[105.8483,9.7749],[105.8485,9.7766],[105.8534,9.8013]]]},"properties":{"code":"31340","name":"Ngã Bảy","nameEn":"Nga Bay","fullName":"Phường Ngã Bảy","fullNameEn":"Nga Bay Ward","codeName":"nga_bay","postalCode":"95606","postalCodePrefix":"","gisServerId":"diaphanhanhchinhcapxa_2025.237","areaKm2":25.17},"id":"31340"},
{"type":"Feature","geometry":{"type":"Polygon","coordinates":[[[105.6704,9.9396],[105.6602,9.9492],[105.6586,9.9503],[105.6714,9.9614],[105.6736,9.9642],[105.6718,9.9651],[105.6683,9.9665],[105.6652,9.9667],[105.6597,9.9664],[105.6593,9.9664],[105.6588,9.966],[105.658,9.9663],[105.659,9.9706],[105.6586,9.9708],[105.6586,9.9711],[105.6526,9.9735],[105.6516,9.9738],[105.6507,9.9738],[105.65,9.9741],[105.6494,9.975],[105.6479,9.9755],[105.6474,9.9759],[105.6466,9.9749],[105.646,9.9734],[105.6461,9.9728],[105.6471,9.9716],[105.6472,9.9713],[105.6471,9.97],[105.6461,9.9682],[105.6456,9.9677],[105.6459,9.9667],[105.6455,9.9648],[105.6449,9.9643],[105.6435,9.9637],[105.6437,9.9627],[105.643,9.9622],[105.6423,9.9611],[105.6413,9.9604],[105.6396,9.9606],[105.6392,9.9605],[105.6387,9.9599],[105.6384,9.9587],[105.6378,9.9585],[105.6358,9.9584],[105.6352,9.9588],[105.6345,9.9597],[105.6336,9.9599],[105.6331,9.9598],[105.6326,9.9592],[105.6321,9.958],[105.6308,9.9574],[105.6297,9.9564],[105.6291,9.9542],[105.6294,9.9521],[105.6289,9.9513],[105.6287,9.9499],[105.6202,9.9461],[105.619,9.9457],[105.6184,9.9454],[105.6176,9.9454],[105.618,9.9448],[105.6177,9.9445],[105.5959,9.9305],[105.56,9.8944],[105.5641,9.8907],[105.5634,9.8901],[105.5636,9.8898],[105.5759,9.8793],[105.578,9.8779],[105.5916,9.8653],[105.5962,9.8695],[105.6188,9.8909],[105.644,9.908],[105.6363,9.9195],[105.6439,9.9247],[105.6483,9.9276],[105.6501,9.9251],[105.6514,9.9262],[105.6521,9.9254],[105.6534,9.9251],[105.6547,9.9254],[105.661,9.9297],[105.6608,9.9308],[105.6639,9.9336],[105.6643,9.9333],[105.667,9.9347],[105.6672,9.9345],[105.6685,9.9349],[105.6688,9.9352],[105.6695,9.9371],[105.6688,9.9381],[105.6704,9.9396]]]},"properties":{"code":"31342","name":"Tân Hoà","nameEn":"Tan Hoa","fullName":"Xã Tân Hoà","fullNameEn":"Tan Hoa Commune","codeName":"tan_hoa","postalCode":"95811","postalCodePrefix":"","gisServerId":"diaphanhanhchinhcapxa_2025.238","areaKm2":58.6},"id":"31342"},
{"type":"Feature","geometry":{"type":"Polygon","coordinates":[[[105.619,9.9457],[105.5841,9.9831],[105.5831,9.9837],[105.5858,9.9891],[105.5833,9.9898],[105.5833,9.9901],[105.583,9.9903],[105.5744,9.9942],[105.5732,9.9918],[105.5695,9.9839],[105.5629,9.9868],[105.5608,9.9822],[105.5607,9.9817],[105.56,9.9808],[105.5601,9.9803],[105.5512,9.961],[105.556,9.9589],[105.5502,9.9522],[105.5508,9.9516],[105.5455,9.94],[105.5418,9.9409],[105.5384,9.9337],[105.5387,9.9334],[105.535,9.9256],[105.5324,9.9195],[105.5394,9.913],[105.56,9.8944],[105.5959,9.9305],[105.6177,9.9445],[105.618,9.9448],[105.6176,9.9454],[105.6184,9.9454],[105.619,9.9457]]]},"properties":{"code":"31348","name":"Trường Long Tây","nameEn":"Truong Long Tay","fullName":"Xã Trường Long Tây","fullNameEn":"Truong Long Tay Commune","codeName":"truong_long_tay","postalCode":"95810","postalCodePrefix":"","gisServerId":"diaphanhanhchinhcapxa_2025.239","areaKm2":50.59},"id":"31348"},
{"type":"Feature","geometry":{"type":"Polygon","coordinates":[[[105.6704,9.9396],[105.6688,9.9381],[105.6695,9.9371],[105.6688,9.9352],[105.6685,9.9349],[105.6672,9.9345],[105.667,9.9347],[105.6643,9.9333],[105.6639,9.9336],[105.6608,9.9308],[105.661,9.9297],[105.6547,9.9254],[105.6534,9.9251],[105.6521,9.9254],[105.6514,9.9262],[105.6501,9.9251],[105.6483,9.9276],[105.6439,9.9247],[105.6363,9.9195],[105.644,9.908],[105.6508,9.898],[105.6546,9.8967],[105.6625,9.8959],[105.6631,9.8959],[105.6638,9.8967],[105.6644,9.8971],[105.6651,9.8954],[105.6659,9.8959],[105.6662,9.8961],[105.6669,9.8971],[105.6693,9.8977],[105.6705,9.8983],[105.6974,9.9129],[105.699,9.9132],[105.7018,9.9129],[105.7026,9.913],[105.7217,9.9228],[105.7215,9.9232],[105.7217,9.9242],[105.7221,9.9251],[105.7239,9.9278],[105.7242,9.9288],[105.724,9.9297],[105.722,9.933],[105.7219,9.9336],[105.7221,9.9341],[105.7225,9.9344],[105.7252,9.9355],[105.7267,9.9366],[105.7272,9.9365],[105.7286,9.9405],[105.7288,9.9404],[105.7287,9.94],[105.7295,9.9402],[105.7305,9.9407],[105.7312,9.9415],[105.7321,9.9417],[105.7328,9.9425],[105.7327,9.9429],[105.7332,9.9435],[105.7333,9.9442],[105.7331,9.9447],[105.734,9.9452],[105.735,9.9449],[105.735,9.9458],[105.7347,9.9461],[105.7344,9.948],[105.7352,9.9501],[105.7367,9.9527],[105.7371,9.9533],[105.7391,9.955],[105.7413,9.9572],[105.7426,9.9594],[105.7428,9.9603],[105.7417,9.9651],[105.7416,9.9665],[105.7417,9.9671],[105.7383,9.9693],[105.7375,9.9685],[105.7365,9.9686],[105.7368,9.9694],[105.7368,9.9705],[105.7356,9.9698],[105.7351,9.9692],[105.7348,9.9691],[105.7338,9.9694],[105.7321,9.9704],[105.731,9.9704],[105.7303,9.9706],[105.7295,9.9702],[105.7294,9.9703],[105.729,9.9714],[105.7283,9.9719],[105.728,9.9725],[105.7275,9.9728],[105.7273,9.9733],[105.7234,9.9755],[105.7235,9.9741],[105.7228,9.9718],[105.7204,9.9703],[105.7186,9.9689],[105.7181,9.9681],[105.7161,9.9628],[105.7152,9.9619],[105.7135,9.9593],[105.7131,9.9597],[105.7126,9.9596],[105.7112,9.9585],[105.7106,9.9577],[105.7038,9.9583],[105.7036,9.954],[105.696,9.9544],[105.694,9.955],[105.6937,9.9544],[105.694,9.9527],[105.6874,9.951],[105.6872,9.9509],[105.679,9.9476],[105.6801,9.9448],[105.6781,9.9445],[105.678,9.9434],[105.6781,9.9432],[105.6759,9.9444],[105.6754,9.9441],[105.6704,9.9396]]]},"properties":{"code":"31360","name":"Thạnh Xuân","nameEn":"Thanh Xuan","fullName":"Xã Thạnh Xuân","fullNameEn":"Thanh Xuan Commune","codeName":"thanh_xuan","postalCode":"95813","postalCodePrefix":"","gisServerId":"diaphanhanhchinhcapxa_2025.240","areaKm2":43.95},"id":"31360"},
{"type":"Feature","geometry":{"type":"Polygon","coordinates":[[[105.8114,9.9638],[105.8103,9.9617],[105.8111,9.9612],[105.8069,9.9551],[105.8069,9.9548],[105.8058,9.9556],[105.8057,9.9546],[105.8055,9.9543],[105.8051,9.9542],[105.8046,9.9535],[105.804,9.9539],[105.8034,9.9531],[105.803,9.9519],[105.8023,9.9513],[105.805,9.9484],[105.8038,9.9475],[105.8032,9.9472],[105.8025,9.9485],[105.8021,9.9488],[105.7978,9.9463],[105.7985,9.9453],[105.7972,9.9445],[105.7976,9.9426],[105.7958,9.9419],[105.795,9.9434],[105.7878,9.9411],[105.7884,9.94],[105.7884,9.9397],[105.7865,9.9383],[105.7859,9.9369],[105.7954,9.934],[105.7954,9.9339],[105.7911,9.9257],[105.792,9.9254],[105.7917,9.9247],[105.7912,9.922],[105.7907,9.9219],[105.7886,9.9208],[105.7854,9.9197],[105.7876,9.9154],[105.7879,9.9151],[105.7878,9.915],[105.7881,9.9147],[105.7879,9.9144],[105.7884,9.9141],[105.7892,9.9131],[105.7898,9.9129],[105.7905,9.9045],[105.7981,9.9058],[105.8067,9.9078],[105.8075,9.905],[105.8081,9.9044],[105.8084,9.9046],[105.8088,9.9047],[105.8095,9.904],[105.814,9.9024],[105.8148,9.9049],[105.8149,9.906],[105.8155,9.9069],[105.8161,9.9073],[105.8165,9.9088],[105.8167,9.9089],[105.8174,9.9084],[105.8178,9.9082],[105.8182,9.9083],[105.8182,9.9085],[105.819,9.909],[105.8202,9.9089],[105.821,9.9086],[105.822,9.9112],[105.8234,9.9166],[105.8182,9.9188],[105.8173,9.919],[105.8168,9.9189],[105.8158,9.9218],[105.8172,9.9251],[105.8183,9.927],[105.8185,9.9274],[105.8183,9.9277],[105.8268,9.9339],[105.8308,9.9373],[105.8337,9.9406],[105.8379,9.9469],[105.8464,9.9388],[105.8504,9.9346],[105.8515,9.9338],[105.8522,9.9335],[105.8555,9.9312],[105.8594,9.9276],[105.8605,9.928],[105.8625,9.9293],[105.8664,9.9203],[105.8676,9.9202],[105.8684,9.9203],[105.869,9.9212],[105.8694,9.9225],[105.87,9.922],[105.8709,9.9228],[105.8715,9.9216],[105.8723,9.9212],[105.8734,9.9214],[105.8754,9.9233],[105.8785,9.9219],[105.8793,9.922],[105.8802,9.9216],[105.8805,9.9219],[105.8809,9.9231],[105.8828,9.9245],[105.8837,9.9245],[105.8836,9.9255],[105.8833,9.926],[105.8831,9.9278],[105.8841,9.9278],[105.8849,9.928],[105.8857,9.9278],[105.8875,9.9278],[105.8881,9.928],[105.8897,9.9297],[105.89,9.9298],[105.891,9.9295],[105.8929,9.9321],[105.8944,9.9339],[105.8968,9.938],[105.8851,9.9461],[105.8768,9.9523],[105.8694,9.9584],[105.8535,9.9724],[105.8516,9.9742],[105.8468,9.9799],[105.8441,9.9825],[105.8402,9.9799],[105.8393,9.979],[105.8386,9.9785],[105.8368,9.9784],[105.8353,9.9781],[105.8309,9.9757],[105.8297,9.9744],[105.8291,9.9734],[105.8279,9.9721],[105.8261,9.9706],[105.8244,9.9699],[105.8235,9.969],[105.822,9.9683],[105.819,9.9653],[105.8186,9.9651],[105.8114,9.9638]]]},"properties":{"code":"31366","name":"Châu Thành","nameEn":"Chau Thanh","fullName":"Xã Châu Thành","fullNameEn":"Chau Thanh Commune","codeName":"chau_thanh","postalCode":"95715","postalCodePrefix":"","gisServerId":"diaphanhanhchinhcapxa_2025.241","areaKm2":47.71},"id":"31366"},
{"type":"Feature","geometry":{"type":"Polygon","coordinates":[[[105.7879,9.9144],[105.7881,9.9147],[105.7878,9.915],[105.7879,9.9151],[105.7876,9.9154],[105.7854,9.9197],[105.7886,9.9208],[105.7907,9.9219],[105.7912,9.922],[105.7917,9.9247],[105.792,9.9254],[105.7911,9.9257],[105.7954,9.9339],[105.7954,9.934],[105.7859,9.9369],[105.7865,9.9383],[105.7884,9.9397],[105.7884,9.94],[105.7878,9.9411],[105.795,9.9434],[105.7958,9.9419],[105.7976,9.9426],[105.7972,9.9445],[105.7985,9.9453],[105.7978,9.9463],[105.8021,9.9488],[105.8025,9.9485],[105.8032,9.9472],[105.8038,9.9475],[105.805,9.9484],[105.8023,9.9513],[105.803,9.9519],[105.8034,9.9531],[105.804,9.9539],[105.8046,9.9535],[105.8051,9.9542],[105.8055,9.9543],[105.8057,9.9546],[105.8058,9.9556],[105.8069,9.9548],[105.8069,9.9551],[105.8111,9.9612],[105.8103,9.9617],[105.8114,9.9638],[105.7801,9.958],[105.7778,9.9577],[105.7776,9.9564],[105.777,9.9551],[105.7767,9.9547],[105.7762,9.9544],[105.7755,9.9545],[105.7733,9.9554],[105.7708,9.9563],[105.7658,9.9571],[105.7645,9.957],[105.7634,9.9582],[105.7625,9.9586],[105.7617,9.9582],[105.7616,9.9585],[105.7615,9.9585],[105.7594,9.958],[105.7576,9.9589],[105.7475,9.9635],[105.7447,9.9652],[105.7417,9.9671],[105.7416,9.9665],[105.7417,9.9651],[105.7428,9.9603],[105.7426,9.9594],[105.7413,9.9572],[105.7391,9.955],[105.7371,9.9533],[105.7367,9.9527],[105.7352,9.9501],[105.7344,9.948],[105.7347,9.9461],[105.735,9.9458],[105.735,9.9449],[105.734,9.9452],[105.7331,9.9447],[105.7333,9.9442],[105.7332,9.9435],[105.7327,9.9429],[105.7328,9.9425],[105.7321,9.9417],[105.7312,9.9415],[105.7305,9.9407],[105.7295,9.9402],[105.7287,9.94],[105.7288,9.9404],[105.7286,9.9405],[105.7272,9.9365],[105.7267,9.9366],[105.7252,9.9355],[105.7225,9.9344],[105.7221,9.9341],[105.7219,9.9336],[105.722,9.933],[105.724,9.9297],[105.7242,9.9288],[105.7239,9.9278],[105.7221,9.9251],[105.7217,9.9242],[105.7215,9.9232],[105.7217,9.9228],[105.7217,9.9226],[105.7223,9.9227],[105.7261,9.9209],[105.7333,9.9178],[105.7391,9.915],[105.7469,9.9116],[105.7497,9.9117],[105.7501,9.9123],[105.7505,9.9116],[105.7512,9.911],[105.7534,9.9096],[105.7543,9.9093],[105.7542,9.9089],[105.7539,9.9085],[105.7531,9.908],[105.7535,9.9073],[105.7532,9.9071],[105.7534,9.9067],[105.754,9.9069],[105.7541,9.9066],[105.7537,9.9065],[105.7539,9.9059],[105.7564,9.9063],[105.7568,9.9049],[105.7572,9.9042],[105.7548,9.9035],[105.7554,9.9022],[105.7567,9.9025],[105.7587,9.9003],[105.7595,9.9001],[105.7596,9.8977],[105.7602,9.8976],[105.761,9.8967],[105.7621,9.8961],[105.7647,9.8942],[105.7665,9.8944],[105.7697,9.893],[105.7703,9.8941],[105.7692,9.8951],[105.7689,9.896],[105.7693,9.8996],[105.7688,9.9],[105.7688,9.9014],[105.7686,9.9023],[105.767,9.9034],[105.7684,9.9035],[105.7697,9.9041],[105.7704,9.9042],[105.771,9.9039],[105.7713,9.9035],[105.7713,9.903],[105.7721,9.9024],[105.7726,9.9023],[105.7734,9.9026],[105.7749,9.9036],[105.7748,9.9049],[105.7751,9.9054],[105.7762,9.9056],[105.7783,9.9056],[105.7786,9.9058],[105.7797,9.9082],[105.7798,9.9096],[105.78,9.9099],[105.7815,9.9104],[105.7864,9.9147],[105.7872,9.9149],[105.7879,9.9144]]]},"properties":{"code":"31369","name":"Đông Phước","nameEn":"Dong Phuoc","fullName":"Xã Đông Phước","fullNameEn":"Dong Phuoc Commune","codeName":"dong_phuoc","postalCode":"95716","postalCodePrefix":"","gisServerId":"diaphanhanhchinhcapxa_2025.243","areaKm2":40},"id":"31369"},
{"type":"Feature","geometry":{"type":"Polygon","coordinates":[[[105.8802,9.9216],[105.8793,9.922],[105.8785,9.9219],[105.8754,9.9233],[105.8734,9.9214],[105.8723,9.9212],[105.8715,9.9216],[105.8709,9.9228],[105.87,9.922],[105.8694,9.9225],[105.869,9.9212],[105.8684,9.9203],[105.8676,9.9202],[105.8664,9.9203],[105.8625,9.9293],[105.8605,9.928],[105.8594,9.9276],[105.8555,9.9312],[105.8522,9.9335],[105.8515,9.9338],[105.8504,9.9346],[105.8464,9.9388],[105.8379,9.9469],[105.8337,9.9406],[105.8308,9.9373],[105.8268,9.9339],[105.8183,9.9277],[105.8185,9.9274],[105.8183,9.927],[105.8172,9.9251],[105.8158,9.9218],[105.8168,9.9189],[105.8173,9.919],[105.8182,9.9188],[105.8234,9.9166],[105.822,9.9112],[105.821,9.9086],[105.8202,9.9089],[105.819,9.909],[105.8182,9.9085],[105.8182,9.9083],[105.8178,9.9082],[105.8174,9.9084],[105.8167,9.9089],[105.8165,9.9088],[105.8161,9.9073],[105.8155,9.9069],[105.8149,9.906],[105.8148,9.9049],[105.814,9.9024],[105.8095,9.904],[105.8088,9.9047],[105.8084,9.9046],[105.8081,9.9044],[105.8075,9.905],[105.8067,9.9078],[105.7981,9.9058],[105.7905,9.9045],[105.7898,9.9129],[105.7892,9.9131],[105.7884,9.9141],[105.7879,9.9144],[105.7872,9.9149],[105.7864,9.9147],[105.7815,9.9104],[105.78,9.9099],[105.7798,9.9096],[105.7797,9.9082],[105.7786,9.9058],[105.7783,9.9056],[105.7762,9.9056],[105.7751,9.9054],[105.7748,9.9049],[105.7749,9.9036],[105.7734,9.9026],[105.7726,9.9023],[105.7721,9.9024],[105.7713,9.903],[105.7713,9.9035],[105.771,9.9039],[105.7704,9.9042],[105.7697,9.9041],[105.7684,9.9035],[105.767,9.9034],[105.7686,9.9023],[105.7688,9.9014],[105.7688,9.9],[105.7693,9.8996],[105.7689,9.896],[105.7692,9.8951],[105.7703,9.8941],[105.7697,9.893],[105.7721,9.8927],[105.7725,9.8923],[105.7761,9.8821],[105.7763,9.8809],[105.7758,9.875],[105.7763,9.8734],[105.7758,9.8725],[105.7755,9.8723],[105.775,9.8723],[105.7768,9.8706],[105.7759,9.87],[105.7763,9.8695],[105.7762,9.8694],[105.7789,9.8663],[105.7793,9.8666],[105.7811,9.8656],[105.7821,9.8663],[105.7824,9.8663],[105.7851,9.8648],[105.7862,9.8638],[105.7864,9.8635],[105.7853,9.8609],[105.7854,9.8607],[105.7886,9.8599],[105.789,9.8596],[105.7894,9.8596],[105.79,9.8599],[105.7897,9.8603],[105.7926,9.8629],[105.7941,9.8669],[105.7961,9.8688],[105.7976,9.8664],[105.7985,9.8666],[105.8009,9.8666],[105.8018,9.8662],[105.8024,9.8657],[105.8033,9.8656],[105.8045,9.8651],[105.805,9.8651],[105.806,9.8644],[105.8075,9.8643],[105.8091,9.8635],[105.8102,9.8627],[105.8112,9.8696],[105.8116,9.8714],[105.812,9.8762],[105.8119,9.8766],[105.8108,9.8765],[105.8106,9.8766],[105.8101,9.8783],[105.8103,9.8804],[105.811,9.8805],[105.811,9.8809],[105.8112,9.8811],[105.8165,9.8826],[105.8214,9.8828],[105.8214,9.8824],[105.8235,9.8817],[105.8251,9.8813],[105.8256,9.8826],[105.8294,9.8815],[105.8292,9.8808],[105.8302,9.8805],[105.8294,9.8791],[105.8283,9.8749],[105.8369,9.8733],[105.8368,9.873],[105.8383,9.8727],[105.8384,9.8735],[105.8452,9.8724],[105.8454,9.8726],[105.846,9.8727],[105.8463,9.8729],[105.8476,9.8726],[105.847,9.8699],[105.8479,9.8696],[105.848,9.8694],[105.8493,9.869],[105.8497,9.8693],[105.8499,9.8692],[105.85,9.8687],[105.852,9.8682],[105.8532,9.8688],[105.8541,9.8684],[105.8546,9.8689],[105.8553,9.8684],[105.8556,9.8683],[105.8564,9.8688],[105.8584,9.8693],[105.859,9.8691],[105.8577,9.8669],[105.8587,9.8664],[105.8598,9.8661],[105.86,9.8664],[105.8611,9.8665],[105.8619,9.8695],[105.8639,9.8707],[105.8644,9.8708],[105.8646,9.8712],[105.8653,9.8713],[105.8653,9.8709],[105.8671,9.8705],[105.8677,9.8732],[105.869,9.8742],[105.8695,9.8743],[105.8698,9.8752],[105.8694,9.8757],[105.8695,9.8759],[105.8691,9.8764],[105.8692,9.8767],[105.8685,9.8771],[105.8691,9.8805],[105.8699,9.8802],[105.87,9.8807],[105.871,9.8804],[105.8711,9.8809],[105.8714,9.8808],[105.8714,9.8813],[105.8711,9.8815],[105.8713,9.8832],[105.8706,9.8837],[105.8704,9.8842],[105.8696,9.8842],[105.8687,9.8848],[105.8719,9.8901],[105.8687,9.8911],[105.8691,9.8925],[105.8722,9.8962],[105.8727,9.8985],[105.8737,9.8997],[105.874,9.9008],[105.8714,9.902],[105.8731,9.9032],[105.8749,9.9053],[105.8734,9.9059],[105.8729,9.9068],[105.8727,9.9077],[105.8731,9.9078],[105.8729,9.9083],[105.8727,9.9082],[105.8727,9.9091],[105.8732,9.9092],[105.8738,9.9099],[105.8747,9.9101],[105.8744,9.9111],[105.8746,9.9112],[105.8746,9.9114],[105.8755,9.9115],[105.8755,9.9118],[105.8744,9.9116],[105.8749,9.9118],[105.8748,9.9125],[105.874,9.9124],[105.8739,9.913],[105.8734,9.9129],[105.8732,9.9133],[105.8744,9.9144],[105.8751,9.9144],[105.8754,9.9145],[105.8756,9.9154],[105.8759,9.9157],[105.8756,9.9166],[105.878,9.918],[105.8807,9.9186],[105.8802,9.9216]]]},"properties":{"code":"31378","name":"Phú Hữu","nameEn":"Phu Huu","fullName":"Xã Phú Hữu","fullNameEn":"Phu Huu Commune","codeName":"phu_huu","postalCode":"95707","postalCodePrefix":"","gisServerId":"diaphanhanhchinhcapxa_2025.242","areaKm2":60.54},"id":"31378"},
{"type":"Feature","geometry":{"type":"Polygon","coordinates":[[[105.6151,9.74],[105.6268,9.7473],[105.6375,9.7543],[105.6415,9.7546],[105.6415,9.7562],[105.6482,9.756],[105.6493,9.7558],[105.649,9.7551],[105.6489,9.7536],[105.6495,9.7495],[105.649,9.7481],[105.65,9.7478],[105.6512,9.7476],[105.6527,9.747],[105.6536,9.7476],[105.6552,9.7496],[105.6569,9.751],[105.6582,9.7509],[105.6588,9.751],[105.6595,9.7509],[105.661,9.751],[105.6621,9.7513],[105.6633,9.752],[105.6635,9.7523],[105.6635,9.753],[105.6629,9.7557],[105.6633,9.7566],[105.6644,9.7574],[105.6652,9.7574],[105.6663,9.7566],[105.6667,9.7564],[105.6711,9.7581],[105.6727,9.759],[105.6733,9.7591],[105.6739,9.7589],[105.6758,9.7578],[105.6772,9.7574],[105.6791,9.7571],[105.6907,9.7628],[105.6945,9.7644],[105.6943,9.7647],[105.6829,9.7769],[105.6492,9.8125],[105.6492,9.8127],[105.6473,9.814],[105.6473,9.8144],[105.626,9.8338],[105.607,9.8026],[105.5891,9.7767],[105.595,9.7685],[105.5937,9.7646],[105.5935,9.763],[105.5926,9.7615],[105.5925,9.7586],[105.5921,9.7579],[105.5915,9.7574],[105.5901,9.7557],[105.5901,9.7553],[105.591,9.7531],[105.5914,9.7528],[105.5919,9.7527],[105.5927,9.7516],[105.5928,9.752],[105.5944,9.7514],[105.5955,9.7515],[105.5961,9.7523],[105.5965,9.7524],[105.5983,9.7524],[105.6007,9.7532],[105.6026,9.7534],[105.6039,9.7528],[105.605,9.7531],[105.606,9.7524],[105.6087,9.7519],[105.6089,9.7517],[105.6098,9.7485],[105.6114,9.7466],[105.6118,9.7458],[105.6119,9.7452],[105.6117,9.7442],[105.6116,9.7423],[105.6119,9.742],[105.6135,9.7414],[105.6151,9.74]]]},"properties":{"code":"31393","name":"Hoà An","nameEn":"Hoa An","fullName":"Xã Hoà An","fullNameEn":"Hoa An Commune","codeName":"hoa_an","postalCode":"95518","postalCodePrefix":"","gisServerId":"diaphanhanhchinhcapxa_2025.248","areaKm2":61.62},"id":"31393"},
{"type":"Feature","geometry":{"type":"Polygon","coordinates":[[[105.7889,9.7976],[105.7794,9.7942],[105.7792,9.7948],[105.7789,9.7951],[105.776,9.7934],[105.7751,9.7951],[105.7738,9.7962],[105.7737,9.7973],[105.7672,9.7985],[105.7666,9.7993],[105.7679,9.8072],[105.761,9.8062],[105.7488,9.8048],[105.7398,9.8013],[105.7359,9.8001],[105.7254,9.7933],[105.7204,9.801],[105.7028,9.7895],[105.6829,9.7769],[105.6943,9.7647],[105.6945,9.7644],[105.6948,9.7643],[105.6954,9.7634],[105.7063,9.7518],[105.7065,9.7516],[105.7064,9.7513],[105.7067,9.7509],[105.7072,9.751],[105.7194,9.7278],[105.727,9.7146],[105.7365,9.72],[105.7375,9.7206],[105.7359,9.7234],[105.7604,9.7385],[105.7614,9.737],[105.7692,9.7421],[105.7695,9.7415],[105.7722,9.7436],[105.7726,9.7435],[105.7776,9.7544],[105.7778,9.7548],[105.7777,9.7549],[105.7835,9.7665],[105.7921,9.7846],[105.7921,9.785],[105.7957,9.7923],[105.7972,9.7959],[105.7992,9.8012],[105.7889,9.7976]]]},"properties":{"code":"31396","name":"Hiệp Hưng","nameEn":"Hiep Hung","fullName":"Xã Hiệp Hưng","fullNameEn":"Hiep Hung Commune","codeName":"hiep_hung","postalCode":"95509","postalCodePrefix":"","gisServerId":"diaphanhanhchinhcapxa_2025.250","areaKm2":69.25},"id":"31396"},
{"type":"Feature","geometry":{"type":"Polygon","coordinates":[[[105.644,9.908],[105.6188,9.8909],[105.5962,9.8695],[105.5916,9.8653],[105.5917,9.8653],[105.626,9.8338],[105.6473,9.8144],[105.6473,9.814],[105.6492,9.8127],[105.6495,9.8257],[105.6494,9.8274],[105.6984,9.8357],[105.6889,9.8529],[105.6703,9.8863],[105.6653,9.8949],[105.6651,9.8954],[105.6644,9.8971],[105.6638,9.8967],[105.6631,9.8959],[105.6625,9.8959],[105.6546,9.8967],[105.6508,9.898],[105.644,9.908]]]},"properties":{"code":"31399","name":"Tân Bình","nameEn":"Tan Binh","fullName":"Xã Tân Bình","fullNameEn":"Tan Binh Commune","codeName":"tan_binh","postalCode":"95516","postalCodePrefix":"","gisServerId":"diaphanhanhchinhcapxa_2025.244","areaKm2":61.85},"id":"31399"},
{"type":"Feature","geometry":{"type":"Polygon","coordinates":[[[105.7697,9.893],[105.7665,9.8944],[105.7647,9.8942],[105.7621,9.8961],[105.761,9.8967],[105.7602,9.8976],[105.7596,9.8977],[105.7595,9.9001],[105.7587,9.9003],[105.7567,9.9025],[105.7554,9.9022],[105.7548,9.9035],[105.7572,9.9042],[105.7568,9.9049],[105.7564,9.9063],[105.7539,9.9059],[105.7537,9.9065],[105.7541,9.9066],[105.754,9.9069],[105.7534,9.9067],[105.7532,9.9071],[105.7535,9.9073],[105.7531,9.908],[105.7539,9.9085],[105.7542,9.9089],[105.7543,9.9093],[105.7534,9.9096],[105.7512,9.911],[105.7505,9.9116],[105.7501,9.9123],[105.7497,9.9117],[105.7469,9.9116],[105.7391,9.915],[105.7333,9.9178],[105.7261,9.9209],[105.7223,9.9227],[105.7217,9.9226],[105.7217,9.9228],[105.7026,9.913],[105.7018,9.9129],[105.699,9.9132],[105.6974,9.9129],[105.6705,9.8983],[105.6693,9.8977],[105.6669,9.8971],[105.6662,9.8961],[105.6659,9.8959],[105.6651,9.8954],[105.6653,9.8949],[105.6703,9.8863],[105.6889,9.8529],[105.7095,9.8641],[105.711,9.8643],[105.709,9.8376],[105.7199,9.84],[105.7274,9.842],[105.7278,9.8414],[105.7183,9.825],[105.7215,9.8241],[105.7311,9.8302],[105.7349,9.8318],[105.7519,9.8406],[105.7519,9.839],[105.7539,9.839],[105.7555,9.8387],[105.7557,9.8363],[105.7609,9.8365],[105.7615,9.837],[105.764,9.8366],[105.765,9.8373],[105.7656,9.838],[105.7674,9.8378],[105.7681,9.8445],[105.7686,9.8504],[105.7746,9.8498],[105.7746,9.85],[105.7743,9.8513],[105.7774,9.8531],[105.7809,9.8549],[105.7808,9.8552],[105.7817,9.8557],[105.7855,9.8562],[105.7865,9.857],[105.789,9.8572],[105.7907,9.8589],[105.79,9.8599],[105.7894,9.8596],[105.789,9.8596],[105.7886,9.8599],[105.7854,9.8607],[105.7853,9.8609],[105.7864,9.8635],[105.7862,9.8638],[105.7851,9.8648],[105.7824,9.8663],[105.7821,9.8663],[105.7811,9.8656],[105.7793,9.8666],[105.7789,9.8663],[105.7762,9.8694],[105.7763,9.8695],[105.7759,9.87],[105.7768,9.8706],[105.775,9.8723],[105.7755,9.8723],[105.7758,9.8725],[105.7763,9.8734],[105.7758,9.875],[105.7763,9.8809],[105.7761,9.8821],[105.7725,9.8923],[105.7721,9.8927],[105.7697,9.893]]]},"properties":{"code":"31408","name":"Thạnh Hoà","nameEn":"Thanh Hoa","fullName":"Xã Thạnh Hoà","fullNameEn":"Thanh Hoa Commune","codeName":"thanh_hoa","postalCode":"95514","postalCodePrefix":"","gisServerId":"diaphanhanhchinhcapxa_2025.245","areaKm2":81.36},"id":"31408"},
{"type":"Feature","geometry":{"type":"Polygon","coordinates":[[[105.8671,9.8705],[105.8653,9.8709],[105.8653,9.8713],[105.8646,9.8712],[105.8644,9.8708],[105.8639,9.8707],[105.8619,9.8695],[105.8611,9.8665],[105.86,9.8664],[105.8598,9.8661],[105.8587,9.8664],[105.8577,9.8669],[105.859,9.8691],[105.8584,9.8693],[105.8564,9.8688],[105.8556,9.8683],[105.8553,9.8684],[105.8546,9.8689],[105.8541,9.8684],[105.8532,9.8688],[105.852,9.8682],[105.85,9.8687],[105.8499,9.8692],[105.8497,9.8693],[105.8493,9.869],[105.848,9.8694],[105.8479,9.8696],[105.847,9.8699],[105.8476,9.8726],[105.8463,9.8729],[105.846,9.8727],[105.8454,9.8726],[105.8452,9.8724],[105.8384,9.8735],[105.8383,9.8727],[105.8368,9.873],[105.8369,9.8733],[105.8283,9.8749],[105.8294,9.8791],[105.8302,9.8805],[105.8292,9.8808],[105.8294,9.8815],[105.8256,9.8826],[105.8251,9.8813],[105.8235,9.8817],[105.8214,9.8824],[105.8214,9.8828],[105.8165,9.8826],[105.8112,9.8811],[105.811,9.8809],[105.811,9.8805],[105.8103,9.8804],[105.8101,9.8783],[105.8106,9.8766],[105.8108,9.8765],[105.8119,9.8766],[105.812,9.8762],[105.8116,9.8714],[105.8112,9.8696],[105.8102,9.8627],[105.8091,9.8635],[105.8075,9.8643],[105.806,9.8644],[105.805,9.8651],[105.8045,9.8651],[105.8033,9.8656],[105.8024,9.8657],[105.8018,9.8662],[105.8009,9.8666],[105.7985,9.8666],[105.7976,9.8664],[105.7961,9.8688],[105.7941,9.8669],[105.7926,9.8629],[105.7897,9.8603],[105.79,9.8599],[105.7907,9.8589],[105.789,9.8572],[105.7865,9.857],[105.7855,9.8562],[105.7817,9.8557],[105.7808,9.8552],[105.7809,9.8549],[105.7774,9.8531],[105.7743,9.8513],[105.7746,9.85],[105.7746,9.8498],[105.7686,9.8504],[105.7681,9.8445],[105.7674,9.8378],[105.7666,9.8334],[105.7678,9.8298],[105.7694,9.8278],[105.7703,9.8255],[105.7792,9.8292],[105.7786,9.8273],[105.7789,9.8263],[105.7793,9.8255],[105.7798,9.825],[105.781,9.8243],[105.782,9.824],[105.7822,9.8243],[105.7862,9.8245],[105.7871,9.8248],[105.7875,9.8248],[105.7883,9.8239],[105.7887,9.8238],[105.7902,9.8243],[105.7909,9.8242],[105.7926,9.8245],[105.7977,9.8241],[105.7979,9.824],[105.7991,9.8216],[105.8016,9.8197],[105.8028,9.8194],[105.8049,9.8168],[105.8052,9.8166],[105.8074,9.8167],[105.8083,9.8172],[105.8089,9.8182],[105.8116,9.821],[105.8097,9.8234],[105.8064,9.8268],[105.8067,9.827],[105.807,9.8274],[105.8078,9.8275],[105.8087,9.8277],[105.8151,9.83],[105.8166,9.8302],[105.8183,9.8299],[105.8197,9.8292],[105.8208,9.8282],[105.8326,9.8135],[105.8332,9.8121],[105.8335,9.8105],[105.8333,9.8093],[105.8325,9.8067],[105.8408,9.8046],[105.8443,9.8036],[105.848,9.8028],[105.8534,9.8013],[105.8553,9.8055],[105.8485,9.8072],[105.8514,9.8196],[105.8531,9.8247],[105.855,9.8353],[105.8561,9.8405],[105.8561,9.841],[105.8564,9.8412],[105.8578,9.845],[105.861,9.8532],[105.8613,9.8533],[105.8634,9.8525],[105.8671,9.8705]]]},"properties":{"code":"31411","name":"Đại Thành","nameEn":"Dai Thanh","fullName":"Phường Đại Thành","fullNameEn":"Dai Thanh Ward","codeName":"dai_thanh","postalCode":"95607","postalCodePrefix":"","gisServerId":"diaphanhanhchinhcapxa_2025.246","areaKm2":53},"id":"31411"},
{"type":"Feature","geometry":{"type":"Polygon","coordinates":[[[105.7674,9.8378],[105.7656,9.838],[105.765,9.8373],[105.764,9.8366],[105.7615,9.837],[105.7609,9.8365],[105.7557,9.8363],[105.7555,9.8387],[105.7539,9.839],[105.7519,9.839],[105.7519,9.8406],[105.7349,9.8318],[105.7311,9.8302],[105.7215,9.8241],[105.7183,9.825],[105.7278,9.8414],[105.7274,9.842],[105.7199,9.84],[105.709,9.8376],[105.711,9.8643],[105.7095,9.8641],[105.6889,9.8529],[105.6984,9.8357],[105.6494,9.8274],[105.6495,9.8257],[105.6492,9.8127],[105.6492,9.8125],[105.6829,9.7769],[105.7028,9.7895],[105.7204,9.801],[105.7254,9.7933],[105.7359,9.8001],[105.7398,9.8013],[105.7488,9.8048],[105.761,9.8062],[105.7679,9.8072],[105.7666,9.7993],[105.7672,9.7985],[105.7737,9.7973],[105.7738,9.7962],[105.7751,9.7951],[105.776,9.7934],[105.7789,9.7951],[105.7792,9.7948],[105.7794,9.7942],[105.7889,9.7976],[105.7882,9.7983],[105.7864,9.7991],[105.7862,9.801],[105.7872,9.8053],[105.7876,9.8085],[105.788,9.8094],[105.7879,9.8106],[105.7875,9.8117],[105.7875,9.8121],[105.7887,9.817],[105.7859,9.8195],[105.7843,9.8226],[105.782,9.824],[105.781,9.8243],[105.7798,9.825],[105.7793,9.8255],[105.7789,9.8263],[105.7786,9.8273],[105.7792,9.8292],[105.7703,9.8255],[105.7694,9.8278],[105.7678,9.8298],[105.7666,9.8334],[105.7674,9.8378]]]},"properties":{"code":"31420","name":"Phụng Hiệp","nameEn":"Phung Hiep","fullName":"Xã Phụng Hiệp","fullNameEn":"Phung Hiep Commune","codeName":"phung_hiep","postalCode":"95507","postalCodePrefix":"","gisServerId":"diaphanhanhchinhcapxa_2025.247","areaKm2":66.78},"id":"31420"},
{"type":"Feature","geometry":{"type":"Polygon","coordinates":[[[105.7365,9.72],[105.727,9.7146],[105.7194,9.7278],[105.7072,9.751],[105.7067,9.7509],[105.7064,9.7513],[105.7065,9.7516],[105.7063,9.7518],[105.6954,9.7634],[105.6948,9.7643],[105.6945,9.7644],[105.6907,9.7628],[105.6791,9.7571],[105.6772,9.7574],[105.6758,9.7578],[105.6739,9.7589],[105.6733,9.7591],[105.6727,9.759],[105.6711,9.7581],[105.6667,9.7564],[105.6663,9.7566],[105.6652,9.7574],[105.6644,9.7574],[105.6633,9.7566],[105.6629,9.7557],[105.6635,9.753],[105.6635,9.7523],[105.6633,9.752],[105.6621,9.7513],[105.661,9.751],[105.6595,9.7509],[105.6588,9.751],[105.6582,9.7509],[105.6569,9.751],[105.6552,9.7496],[105.6536,9.7476],[105.6527,9.747],[105.6512,9.7476],[105.65,9.7478],[105.649,9.7481],[105.6495,9.7495],[105.6489,9.7536],[105.649,9.7551],[105.6493,9.7558],[105.6482,9.756],[105.6415,9.7562],[105.6415,9.7546],[105.6375,9.7543],[105.6268,9.7473],[105.6151,9.74],[105.6155,9.739],[105.6157,9.7372],[105.6155,9.7366],[105.616,9.7356],[105.6159,9.7333],[105.616,9.7323],[105.6168,9.7307],[105.6185,9.7287],[105.6189,9.7269],[105.6199,9.7274],[105.6203,9.7268],[105.6223,9.7257],[105.6227,9.7251],[105.6235,9.7244],[105.6271,9.7234],[105.6449,9.7145],[105.6514,9.7121],[105.6598,9.7086],[105.6655,9.7053],[105.6715,9.7021],[105.6752,9.696],[105.6744,9.6929],[105.6875,9.6569],[105.6877,9.656],[105.6875,9.6545],[105.6877,9.6536],[105.6879,9.6534],[105.6903,9.6551],[105.6909,9.654],[105.697,9.6597],[105.7045,9.6648],[105.7097,9.6682],[105.7413,9.6879],[105.7569,9.6979],[105.7403,9.7156],[105.7365,9.72]]]},"properties":{"code":"31426","name":"Phương Bình","nameEn":"Phuong Binh","fullName":"Xã Phương Bình","fullNameEn":"Phuong Binh Commune","codeName":"phuong_binh","postalCode":"95519","postalCodePrefix":"","gisServerId":"diaphanhanhchinhcapxa_2025.249","areaKm2":85.87},"id":"31426"},
{"type":"Feature","geometry":{"type":"Polygon","coordinates":[[[105.8448,9.7641],[105.8386,9.7731],[105.8383,9.7733],[105.8382,9.7728],[105.838,9.7729],[105.8307,9.7798],[105.8307,9.78],[105.831,9.7804],[105.8291,9.7832],[105.8293,9.7834],[105.8139,9.789],[105.8059,9.7925],[105.7972,9.7959],[105.7957,9.7923],[105.7921,9.785],[105.7921,9.7846],[105.7835,9.7665],[105.7777,9.7549],[105.7778,9.7548],[105.7776,9.7544],[105.7726,9.7435],[105.7722,9.7436],[105.7695,9.7415],[105.7692,9.7421],[105.7614,9.737],[105.7604,9.7385],[105.7359,9.7234],[105.7375,9.7206],[105.7365,9.72],[105.7403,9.7156],[105.7569,9.6979],[105.7695,9.7056],[105.7774,9.7101],[105.7777,9.7106],[105.7797,9.7097],[105.7903,9.7161],[105.7919,9.7168],[105.7935,9.718],[105.8,9.7218],[105.8001,9.722],[105.8056,9.7253],[105.8097,9.7277],[105.8105,9.728],[105.8342,9.7423],[105.8364,9.7434],[105.8379,9.7447],[105.8384,9.7449],[105.8387,9.7448],[105.8391,9.7456],[105.8434,9.7488],[105.8435,9.7522],[105.8439,9.7585],[105.8445,9.763],[105.8441,9.7639],[105.8448,9.7641]]]},"properties":{"code":"31432","name":"Tân Phước Hưng","nameEn":"Tan Phuoc Hung","fullName":"Xã Tân Phước Hưng","fullNameEn":"Tan Phuoc Hung Commune","codeName":"tan_phuoc_hung","postalCode":"95511","postalCodePrefix":"","gisServerId":"diaphanhanhchinhcapxa_2025.251","areaKm2":57.77},"id":"31432"},
{"type":"Feature","geometry":{"type":"Polygon","coordinates":[[[105.5811,9.765],[105.5688,9.7664],[105.569,9.7668],[105.5669,9.7671],[105.5667,9.7674],[105.562,9.7679],[105.5616,9.7627],[105.5531,9.7636],[105.5532,9.7642],[105.5528,9.7646],[105.5527,9.7653],[105.5463,9.7671],[105.5554,9.7804],[105.5525,9.7828],[105.5426,9.7854],[105.5405,9.7851],[105.5347,9.787],[105.526,9.7891],[105.528,9.7981],[105.5345,9.8098],[105.5266,9.8172],[105.5188,9.8101],[105.5189,9.81],[105.5148,9.806],[105.5133,9.8072],[105.5081,9.8027],[105.5076,9.8032],[105.5025,9.7989],[105.503,9.7986],[105.5011,9.7907],[105.4958,9.7917],[105.4946,9.784],[105.4914,9.784],[105.4914,9.7821],[105.4907,9.7821],[105.4906,9.7805],[105.4899,9.7804],[105.4898,9.7789],[105.4892,9.7774],[105.4926,9.7764],[105.4938,9.7759],[105.5198,9.7608],[105.5181,9.7553],[105.5172,9.7538],[105.5166,9.752],[105.5276,9.7455],[105.5304,9.744],[105.5217,9.7313],[105.5227,9.7305],[105.5245,9.7302],[105.5262,9.7293],[105.5265,9.728],[105.5275,9.727],[105.5286,9.7245],[105.5293,9.7242],[105.5309,9.7239],[105.5312,9.7232],[105.5319,9.7229],[105.5329,9.7229],[105.5347,9.7214],[105.5354,9.7199],[105.5351,9.7188],[105.5346,9.7184],[105.5346,9.7173],[105.5339,9.7161],[105.5341,9.7143],[105.5338,9.7124],[105.5341,9.7114],[105.534,9.7111],[105.5331,9.7103],[105.5334,9.7096],[105.5333,9.7089],[105.5334,9.7086],[105.5346,9.7083],[105.5358,9.7077],[105.5365,9.7071],[105.5379,9.7073],[105.5382,9.7073],[105.5385,9.7068],[105.5399,9.7065],[105.541,9.707],[105.5417,9.7077],[105.5426,9.708],[105.5431,9.7089],[105.5445,9.7087],[105.5452,9.7096],[105.5453,9.7102],[105.5455,9.7105],[105.5491,9.7117],[105.5496,9.7118],[105.551,9.7116],[105.5541,9.7092],[105.5547,9.7085],[105.5558,9.7062],[105.556,9.7055],[105.5569,9.706],[105.5571,9.708],[105.5565,9.709],[105.557,9.7103],[105.5575,9.7108],[105.5586,9.7113],[105.5594,9.7121],[105.5596,9.7124],[105.5594,9.7128],[105.558,9.7145],[105.5577,9.7147],[105.5567,9.7146],[105.5566,9.7152],[105.5566,9.7158],[105.5574,9.717],[105.5583,9.7174],[105.5612,9.7215],[105.5622,9.7223],[105.562,9.7236],[105.5621,9.7242],[105.5627,9.725],[105.563,9.7258],[105.5641,9.7277],[105.5649,9.7285],[105.5651,9.73],[105.5663,9.7308],[105.5663,9.7322],[105.5651,9.7347],[105.5657,9.7351],[105.5658,9.7355],[105.5653,9.7364],[105.565,9.7378],[105.5655,9.7384],[105.5668,9.7388],[105.5677,9.7398],[105.5686,9.7401],[105.569,9.7405],[105.5693,9.7423],[105.5709,9.7455],[105.5759,9.7574],[105.5811,9.765]]]},"properties":{"code":"31441","name":"Vị Thuỷ","nameEn":"Vi Thuy","fullName":"Xã Vị Thuỷ","fullNameEn":"Vi Thuy Commune","codeName":"vi_thuy","postalCode":"95216","postalCodePrefix":"","gisServerId":"diaphanhanhchinhcapxa_2025.252","areaKm2":49.84},"id":"31441"},
{"type":"Feature","geometry":{"type":"Polygon","coordinates":[[[105.556,9.7055],[105.5558,9.7062],[105.5547,9.7085],[105.5541,9.7092],[105.551,9.7116],[105.5496,9.7118],[105.5491,9.7117],[105.5455,9.7105],[105.5453,9.7102],[105.5452,9.7096],[105.5445,9.7087],[105.5431,9.7089],[105.5426,9.708],[105.5417,9.7077],[105.541,9.707],[105.5399,9.7065],[105.5385,9.7068],[105.5382,9.7073],[105.5379,9.7073],[105.5365,9.7071],[105.5358,9.7077],[105.5346,9.7083],[105.5334,9.7086],[105.5333,9.7089],[105.5334,9.7096],[105.5331,9.7103],[105.534,9.7111],[105.5341,9.7114],[105.5338,9.7124],[105.5341,9.7143],[105.5339,9.7161],[105.5346,9.7173],[105.5346,9.7184],[105.5351,9.7188],[105.5354,9.7199],[105.5347,9.7214],[105.5329,9.7229],[105.5319,9.7229],[105.5312,9.7232],[105.5309,9.7239],[105.5293,9.7242],[105.5286,9.7245],[105.5275,9.727],[105.5265,9.728],[105.5262,9.7293],[105.5245,9.7302],[105.5227,9.7305],[105.5217,9.7313],[105.5304,9.744],[105.5276,9.7455],[105.5166,9.752],[105.5172,9.7538],[105.5181,9.7553],[105.5198,9.7608],[105.4938,9.7759],[105.4926,9.7764],[105.4892,9.7774],[105.489,9.7767],[105.4886,9.772],[105.4887,9.772],[105.4881,9.7669],[105.4834,9.7496],[105.4838,9.744],[105.4702,9.7447],[105.47,9.7445],[105.4699,9.7432],[105.469,9.7426],[105.4684,9.7419],[105.4662,9.741],[105.4654,9.7403],[105.4638,9.7396],[105.4628,9.7382],[105.4608,9.7378],[105.4603,9.7374],[105.4594,9.7379],[105.4578,9.7363],[105.4574,9.7356],[105.4579,9.7346],[105.4575,9.7334],[105.4577,9.7328],[105.4584,9.7319],[105.4594,9.7316],[105.4601,9.7309],[105.4599,9.7292],[105.4603,9.7287],[105.4597,9.7284],[105.4596,9.7279],[105.4593,9.7274],[105.4591,9.7263],[105.4593,9.7254],[105.4579,9.7229],[105.4573,9.7226],[105.4572,9.722],[105.4563,9.721],[105.4556,9.72],[105.4546,9.7179],[105.4543,9.7171],[105.4539,9.7143],[105.4536,9.7137],[105.4532,9.7132],[105.4523,9.7129],[105.452,9.7124],[105.4513,9.7123],[105.4508,9.7118],[105.4517,9.7112],[105.4531,9.7099],[105.4546,9.7083],[105.4558,9.7062],[105.456,9.7051],[105.4559,9.7042],[105.4556,9.7032],[105.4549,9.7023],[105.4537,9.7015],[105.4521,9.7008],[105.4509,9.6999],[105.4506,9.699],[105.4503,9.6979],[105.4504,9.6972],[105.4509,9.6961],[105.4518,9.6951],[105.4525,9.6947],[105.4544,9.6942],[105.4564,9.6947],[105.4595,9.696],[105.4611,9.6959],[105.4624,9.6949],[105.4634,9.6931],[105.4645,9.6894],[105.4652,9.6886],[105.4659,9.6882],[105.4666,9.6882],[105.4682,9.6892],[105.4697,9.6907],[105.4725,9.6944],[105.4741,9.6968],[105.4753,9.698],[105.4776,9.6995],[105.4798,9.7005],[105.4813,9.7002],[105.4826,9.6994],[105.4831,9.6986],[105.4834,9.6973],[105.483,9.6947],[105.4834,9.6928],[105.4842,9.6911],[105.4859,9.6889],[105.4874,9.6864],[105.4877,9.6853],[105.4878,9.6823],[105.4883,9.6812],[105.4891,9.6803],[105.4897,9.6798],[105.4908,9.6795],[105.4913,9.6794],[105.4926,9.6795],[105.4942,9.6804],[105.4948,9.6811],[105.4953,9.6825],[105.4953,9.6833],[105.4948,9.6854],[105.4948,9.6863],[105.4949,9.6868],[105.4955,9.6874],[105.4961,9.6875],[105.4969,9.6874],[105.4991,9.6863],[105.5004,9.6859],[105.5018,9.6859],[105.5053,9.687],[105.5063,9.6869],[105.507,9.6867],[105.5076,9.6863],[105.5081,9.6855],[105.5083,9.6847],[105.508,9.6831],[105.5067,9.6806],[105.5067,9.6797],[105.507,9.6791],[105.5081,9.6785],[105.5114,9.6779],[105.5155,9.6766],[105.5168,9.6757],[105.5185,9.6737],[105.5192,9.6731],[105.5201,9.673],[105.5212,9.6736],[105.5254,9.678],[105.5278,9.6811],[105.5289,9.6819],[105.5297,9.6821],[105.5303,9.6821],[105.5311,9.6819],[105.5319,9.6814],[105.5347,9.6776],[105.538,9.6746],[105.539,9.6731],[105.54,9.6703],[105.5408,9.6693],[105.5418,9.6687],[105.5429,9.6685],[105.5436,9.6684],[105.5452,9.6687],[105.5459,9.669],[105.5465,9.6694],[105.5469,9.6701],[105.547,9.6706],[105.5469,9.6758],[105.5474,9.6774],[105.548,9.6784],[105.5513,9.6823],[105.554,9.6874],[105.5546,9.6879],[105.5552,9.6881],[105.5563,9.6881],[105.5566,9.6899],[105.5565,9.6911],[105.557,9.6922],[105.5581,9.6933],[105.5583,9.6945],[105.559,9.6965],[105.5587,9.6971],[105.5573,9.698],[105.5561,9.699],[105.5551,9.7002],[105.5548,9.701],[105.5542,9.7034],[105.5542,9.7041],[105.5547,9.7048],[105.556,9.7055]]]},"properties":{"code":"31453","name":"Vĩnh Thuận Đông","nameEn":"Vinh Thuan Dong","fullName":"Xã Vĩnh Thuận Đông","fullNameEn":"Vinh Thuan Dong Commune","codeName":"vinh_thuan_dong","postalCode":"95313","postalCodePrefix":"","gisServerId":"diaphanhanhchinhcapxa_2025.258","areaKm2":72.2},"id":"31453"},
{"type":"Feature","geometry":{"type":"Polygon","coordinates":[[[105.5891,9.7767],[105.607,9.8026],[105.626,9.8338],[105.5917,9.8653],[105.5578,9.8386],[105.5397,9.818],[105.5345,9.8098],[105.528,9.7981],[105.526,9.7891],[105.5347,9.787],[105.5405,9.7851],[105.5426,9.7854],[105.5525,9.7828],[105.5554,9.7804],[105.5463,9.7671],[105.5527,9.7653],[105.5528,9.7646],[105.5532,9.7642],[105.5531,9.7636],[105.5616,9.7627],[105.562,9.7679],[105.5667,9.7674],[105.5669,9.7671],[105.569,9.7668],[105.5688,9.7664],[105.5811,9.765],[105.5891,9.7767]]]},"properties":{"code":"31459","name":"Vĩnh Tường","nameEn":"Vinh Tuong","fullName":"Xã Vĩnh Tường","fullNameEn":"Vinh Tuong Commune","codeName":"vinh_tuong","postalCode":"95209","postalCodePrefix":"","gisServerId":"diaphanhanhchinhcapxa_2025.253","areaKm2":67.01},"id":"31459"},
{"type":"Feature","geometry":{"type":"Polygon","coordinates":[[[105.5345,9.8098],[105.5397,9.818],[105.5578,9.8386],[105.5917,9.8653],[105.5916,9.8653],[105.578,9.8779],[105.5759,9.8793],[105.5636,9.8898],[105.5634,9.8901],[105.5641,9.8907],[105.56,9.8944],[105.5394,9.913],[105.5165,9.8631],[105.519,9.8622],[105.5209,9.8591],[105.5008,9.8468],[105.4965,9.8444],[105.4804,9.835],[105.4771,9.833],[105.4766,9.8326],[105.475,9.8324],[105.4737,9.8319],[105.4733,9.8319],[105.473,9.8321],[105.4723,9.8314],[105.4712,9.8319],[105.4698,9.8313],[105.4688,9.8304],[105.4679,9.8303],[105.4626,9.8269],[105.4616,9.8254],[105.4644,9.8104],[105.4659,9.8101],[105.4661,9.8111],[105.4667,9.8116],[105.4683,9.8117],[105.4692,9.8122],[105.4715,9.8125],[105.473,9.8145],[105.4729,9.8147],[105.4771,9.818],[105.4809,9.8188],[105.4806,9.8177],[105.4806,9.8171],[105.4813,9.8161],[105.4819,9.8149],[105.4826,9.8128],[105.4823,9.8109],[105.4825,9.8099],[105.4819,9.8094],[105.4815,9.8088],[105.482,9.8069],[105.4824,9.8063],[105.4833,9.8057],[105.4837,9.8052],[105.4838,9.8044],[105.4839,9.8041],[105.4871,9.8031],[105.4877,9.8023],[105.4941,9.8078],[105.4985,9.8017],[105.5006,9.7996],[105.5025,9.7989],[105.5076,9.8032],[105.5081,9.8027],[105.5133,9.8072],[105.5148,9.806],[105.5189,9.81],[105.5188,9.8101],[105.5266,9.8172],[105.5345,9.8098]]]},"properties":{"code":"31465","name":"Vị Thanh 1","nameEn":"Vi Thanh 1","fullName":"Xã Vị Thanh 1","fullNameEn":"Commune Vi Thanh 1","codeName":"vi_thanh_1","postalCode":"95212","postalCodePrefix":"","gisServerId":"diaphanhanhchinhcapxa_2025.254","areaKm2":71.12},"id":"31465"},
{"type":"Feature","geometry":{"type":"Polygon","coordinates":[[[105.6655,9.7053],[105.6598,9.7086],[105.6514,9.7121],[105.6449,9.7145],[105.6271,9.7234],[105.6235,9.7244],[105.6227,9.7251],[105.6223,9.7257],[105.6203,9.7268],[105.6199,9.7274],[105.6189,9.7269],[105.6173,9.7254],[105.616,9.725],[105.6148,9.7251],[105.6112,9.7262],[105.6089,9.7263],[105.6083,9.7262],[105.6077,9.7257],[105.6072,9.7252],[105.6069,9.7246],[105.6065,9.7228],[105.6066,9.722],[105.6069,9.7215],[105.6077,9.721],[105.6108,9.7202],[105.6119,9.7196],[105.6136,9.7177],[105.6146,9.7156],[105.615,9.7138],[105.6147,9.7127],[105.6134,9.7108],[105.6118,9.7095],[105.6108,9.7091],[105.6099,9.7091],[105.6066,9.7108],[105.6049,9.7112],[105.6019,9.7113],[105.6005,9.7115],[105.5994,9.7119],[105.5971,9.713],[105.596,9.7134],[105.5951,9.7133],[105.5943,9.7128],[105.5929,9.7098],[105.5924,9.7081],[105.5923,9.707],[105.5926,9.7058],[105.5934,9.7051],[105.5942,9.7047],[105.5981,9.7052],[105.5997,9.7048],[105.6006,9.7043],[105.6017,9.7033],[105.6032,9.7011],[105.6037,9.6991],[105.6037,9.6977],[105.6034,9.6958],[105.6031,9.6952],[105.6026,9.6946],[105.6012,9.6944],[105.5985,9.6947],[105.5967,9.6944],[105.5956,9.6938],[105.5946,9.6929],[105.5933,9.6914],[105.5925,9.69],[105.5922,9.6887],[105.5922,9.688],[105.5932,9.6858],[105.5936,9.6846],[105.5935,9.6839],[105.593,9.6832],[105.5912,9.6826],[105.5897,9.6824],[105.5881,9.6826],[105.5875,9.6829],[105.587,9.6834],[105.5853,9.6863],[105.5829,9.6884],[105.5806,9.6915],[105.5798,9.6919],[105.5791,9.6917],[105.5782,9.6907],[105.5759,9.6866],[105.5754,9.686],[105.5731,9.6844],[105.5725,9.6838],[105.571,9.6813],[105.5704,9.6805],[105.5692,9.6801],[105.5685,9.68],[105.5674,9.6805],[105.5635,9.6839],[105.5563,9.6881],[105.5552,9.6881],[105.5546,9.6879],[105.554,9.6874],[105.5513,9.6823],[105.548,9.6784],[105.5474,9.6774],[105.5469,9.6758],[105.547,9.6706],[105.5477,9.6708],[105.5495,9.6706],[105.5501,9.6702],[105.5513,9.6699],[105.5523,9.6694],[105.5533,9.6693],[105.554,9.6684],[105.5548,9.6676],[105.5554,9.6674],[105.5557,9.6666],[105.5567,9.6666],[105.5574,9.6663],[105.5578,9.6668],[105.5591,9.6671],[105.5603,9.6571],[105.5766,9.6635],[105.5812,9.6508],[105.6051,9.6558],[105.6144,9.6589],[105.616,9.6596],[105.6363,9.6721],[105.6476,9.6848],[105.6604,9.6983],[105.6655,9.7053]]]},"properties":{"code":"31471","name":"Long Mỹ","nameEn":"Long My","fullName":"Phường Long Mỹ","fullNameEn":"Long My Ward","codeName":"long_my","postalCode":"95415","postalCodePrefix":"","gisServerId":"diaphanhanhchinhcapxa_2025.255","areaKm2":51.4},"id":"31471"},
{"type":"Feature","geometry":{"type":"Polygon","coordinates":[[[105.6151,9.74],[105.6135,9.7414],[105.6119,9.742],[105.6116,9.7423],[105.6117,9.7442],[105.6119,9.7452],[105.6118,9.7458],[105.6114,9.7466],[105.6098,9.7485],[105.6089,9.7517],[105.6087,9.7519],[105.606,9.7524],[105.605,9.7531],[105.6039,9.7528],[105.6026,9.7534],[105.6007,9.7532],[105.5983,9.7524],[105.5965,9.7524],[105.5961,9.7523],[105.5955,9.7515],[105.5944,9.7514],[105.5928,9.752],[105.5927,9.7516],[105.5919,9.7527],[105.5914,9.7528],[105.591,9.7531],[105.5901,9.7553],[105.5901,9.7557],[105.5915,9.7574],[105.5921,9.7579],[105.5925,9.7586],[105.5926,9.7615],[105.5935,9.763],[105.5937,9.7646],[105.595,9.7685],[105.5891,9.7767],[105.5811,9.765],[105.5759,9.7574],[105.5709,9.7455],[105.5693,9.7423],[105.569,9.7405],[105.5686,9.7401],[105.5677,9.7398],[105.5668,9.7388],[105.5655,9.7384],[105.565,9.7378],[105.5653,9.7364],[105.5658,9.7355],[105.5657,9.7351],[105.5651,9.7347],[105.5663,9.7322],[105.5663,9.7308],[105.5651,9.73],[105.5649,9.7285],[105.5641,9.7277],[105.563,9.7258],[105.5627,9.725],[105.5621,9.7242],[105.562,9.7236],[105.5622,9.7223],[105.5612,9.7215],[105.5583,9.7174],[105.5574,9.717],[105.5566,9.7158],[105.5566,9.7152],[105.5567,9.7146],[105.5577,9.7147],[105.558,9.7145],[105.5594,9.7128],[105.5596,9.7124],[105.5594,9.7121],[105.5586,9.7113],[105.5575,9.7108],[105.557,9.7103],[105.5565,9.709],[105.5571,9.708],[105.5569,9.706],[105.556,9.7055],[105.5547,9.7048],[105.5542,9.7041],[105.5542,9.7034],[105.5548,9.701],[105.5551,9.7002],[105.5561,9.699],[105.5573,9.698],[105.5587,9.6971],[105.559,9.6965],[105.5583,9.6945],[105.5581,9.6933],[105.557,9.6922],[105.5565,9.6911],[105.5566,9.6899],[105.5563,9.6881],[105.5635,9.6839],[105.5674,9.6805],[105.5685,9.68],[105.5692,9.6801],[105.5704,9.6805],[105.571,9.6813],[105.5725,9.6838],[105.5731,9.6844],[105.5754,9.686],[105.5759,9.6866],[105.5782,9.6907],[105.5791,9.6917],[105.5798,9.6919],[105.5806,9.6915],[105.5829,9.6884],[105.5853,9.6863],[105.587,9.6834],[105.5875,9.6829],[105.5881,9.6826],[105.5897,9.6824],[105.5912,9.6826],[105.593,9.6832],[105.5935,9.6839],[105.5936,9.6846],[105.5932,9.6858],[105.5922,9.688],[105.5922,9.6887],[105.5925,9.69],[105.5933,9.6914],[105.5946,9.6929],[105.5956,9.6938],[105.5967,9.6944],[105.5985,9.6947],[105.6012,9.6944],[105.6026,9.6946],[105.6031,9.6952],[105.6034,9.6958],[105.6037,9.6977],[105.6037,9.6991],[105.6032,9.7011],[105.6017,9.7033],[105.6006,9.7043],[105.5997,9.7048],[105.5981,9.7052],[105.5942,9.7047],[105.5934,9.7051],[105.5926,9.7058],[105.5923,9.707],[105.5924,9.7081],[105.5929,9.7098],[105.5943,9.7128],[105.5951,9.7133],[105.596,9.7134],[105.5971,9.713],[105.5994,9.7119],[105.6005,9.7115],[105.6019,9.7113],[105.6049,9.7112],[105.6066,9.7108],[105.6099,9.7091],[105.6108,9.7091],[105.6118,9.7095],[105.6134,9.7108],[105.6147,9.7127],[105.615,9.7138],[105.6146,9.7156],[105.6136,9.7177],[105.6119,9.7196],[105.6108,9.7202],[105.6077,9.721],[105.6069,9.7215],[105.6066,9.722],[105.6065,9.7228],[105.6069,9.7246],[105.6072,9.7252],[105.6077,9.7257],[105.6083,9.7262],[105.6089,9.7263],[105.6112,9.7262],[105.6148,9.7251],[105.616,9.725],[105.6173,9.7254],[105.6189,9.7269],[105.6185,9.7287],[105.6168,9.7307],[105.616,9.7323],[105.6159,9.7333],[105.616,9.7356],[105.6155,9.7366],[105.6157,9.7372],[105.6155,9.739],[105.6151,9.74]]]},"properties":{"code":"31473","name":"Long Bình","nameEn":"Long Binh","fullName":"Phường Long Bình","fullNameEn":"Long Binh Ward","codeName":"long_binh","postalCode":"95411","postalCodePrefix":"","gisServerId":"diaphanhanhchinhcapxa_2025.256","areaKm2":40.2},"id":"31473"},
{"type":"Feature","geometry":{"type":"Polygon","coordinates":[[[105.6909,9.654],[105.6903,9.6551],[105.6879,9.6534],[105.6877,9.6536],[105.6875,9.6545],[105.6877,9.656],[105.6875,9.6569],[105.6744,9.6929],[105.6752,9.696],[105.6715,9.7021],[105.6655,9.7053],[105.6604,9.6983],[105.6476,9.6848],[105.6363,9.6721],[105.616,9.6596],[105.6144,9.6589],[105.6051,9.6558],[105.5812,9.6508],[105.5962,9.6094],[105.5998,9.6116],[105.6039,9.616],[105.6059,9.6174],[105.6061,9.6178],[105.6065,9.6195],[105.6067,9.6199],[105.6072,9.6201],[105.6081,9.6201],[105.6106,9.6191],[105.6114,9.6191],[105.612,9.6194],[105.6142,9.6217],[105.6147,9.6219],[105.615,9.622],[105.6156,9.6218],[105.618,9.6199],[105.6178,9.6191],[105.6171,9.6178],[105.6169,9.6173],[105.617,9.616],[105.6173,9.6154],[105.6179,9.6154],[105.62,9.6166],[105.623,9.617],[105.6238,9.617],[105.625,9.6163],[105.6258,9.6162],[105.628,9.6173],[105.6295,9.6182],[105.6307,9.6187],[105.6324,9.6201],[105.6328,9.6201],[105.6335,9.6196],[105.6345,9.6188],[105.6349,9.6186],[105.6353,9.6187],[105.6359,9.6191],[105.6377,9.6211],[105.6388,9.623],[105.6398,9.6238],[105.6424,9.6248],[105.6438,9.6247],[105.6456,9.6254],[105.6466,9.6254],[105.6472,9.6261],[105.6479,9.6285],[105.6488,9.6302],[105.649,9.6315],[105.6489,9.6337],[105.6493,9.6344],[105.655,9.6353],[105.6588,9.6352],[105.6596,9.6354],[105.66,9.6359],[105.6609,9.6373],[105.6614,9.6383],[105.6614,9.639],[105.6616,9.6395],[105.6634,9.6404],[105.6672,9.6418],[105.6675,9.6404],[105.6666,9.6399],[105.669,9.6332],[105.6909,9.654]]]},"properties":{"code":"31480","name":"Long Phú 1","nameEn":"Long Phu 1","fullName":"Phường Long Phú 1","fullNameEn":"Ward Long Phu 1","codeName":"long_phu_1","postalCode":"95409","postalCodePrefix":"","gisServerId":"diaphanhanhchinhcapxa_2025.257","areaKm2":57.67},"id":"31480"},
{"type":"Feature","geometry":{"type":"Polygon","coordinates":[[[105.4891,9.6803],[105.4883,9.6812],[105.4878,9.6823],[105.4877,9.6853],[105.4874,9.6864],[105.4859,9.6889],[105.4842,9.6911],[105.4834,9.6928],[105.483,9.6947],[105.4834,9.6973],[105.4831,9.6986],[105.4826,9.6994],[105.4813,9.7002],[105.4798,9.7005],[105.4776,9.6995],[105.4753,9.698],[105.4741,9.6968],[105.4725,9.6944],[105.4697,9.6907],[105.4682,9.6892],[105.4666,9.6882],[105.4659,9.6882],[105.4652,9.6886],[105.4645,9.6894],[105.4634,9.6931],[105.4624,9.6949],[105.4611,9.6959],[105.4595,9.696],[105.4564,9.6947],[105.4544,9.6942],[105.4525,9.6947],[105.4518,9.6951],[105.4509,9.6961],[105.4504,9.6972],[105.4503,9.6979],[105.4506,9.699],[105.4509,9.6999],[105.4521,9.7008],[105.4537,9.7015],[105.4549,9.7023],[105.4556,9.7032],[105.4559,9.7042],[105.456,9.7051],[105.4558,9.7062],[105.4546,9.7083],[105.4531,9.7099],[105.4517,9.7112],[105.4508,9.7118],[105.4492,9.7127],[105.4474,9.7132],[105.4462,9.7132],[105.4454,9.713],[105.4438,9.7121],[105.4429,9.711],[105.4424,9.7101],[105.4422,9.7088],[105.4425,9.7072],[105.4434,9.7048],[105.4434,9.7037],[105.4426,9.7024],[105.4421,9.702],[105.4401,9.7012],[105.438,9.7012],[105.4367,9.7015],[105.4353,9.7024],[105.4349,9.7028],[105.4343,9.7043],[105.4343,9.7069],[105.4341,9.7081],[105.4337,9.7088],[105.4332,9.7093],[105.4327,9.7096],[105.4313,9.7099],[105.4304,9.7098],[105.4286,9.7092],[105.4269,9.7079],[105.4264,9.7074],[105.4258,9.7059],[105.4259,9.7051],[105.4263,9.704],[105.4288,9.7013],[105.4293,9.7001],[105.4294,9.6993],[105.4291,9.6982],[105.4281,9.6965],[105.4275,9.696],[105.4258,9.6952],[105.4238,9.6946],[105.422,9.6948],[105.4203,9.6956],[105.4177,9.6981],[105.4167,9.6988],[105.4154,9.6994],[105.4128,9.6998],[105.4107,9.6997],[105.4087,9.6989],[105.4082,9.6984],[105.4078,9.6978],[105.4074,9.6969],[105.4073,9.6959],[105.4073,9.6949],[105.4076,9.6927],[105.4076,9.6915],[105.4073,9.6909],[105.4067,9.6901],[105.4057,9.6895],[105.4051,9.6893],[105.4038,9.6891],[105.4015,9.6895],[105.4008,9.6898],[105.4003,9.6903],[105.3996,9.691],[105.3994,9.692],[105.3994,9.6925],[105.3999,9.6943],[105.4011,9.6961],[105.4014,9.6979],[105.4013,9.6988],[105.4003,9.7003],[105.3993,9.701],[105.3986,9.7014],[105.3966,9.7017],[105.3956,9.7016],[105.3947,9.7012],[105.3934,9.7004],[105.3909,9.6984],[105.3896,9.6969],[105.3883,9.6949],[105.3831,9.6844],[105.3824,9.6836],[105.3812,9.6831],[105.3801,9.6832],[105.3789,9.6842],[105.3785,9.6849],[105.3783,9.686],[105.3782,9.6873],[105.3782,9.6897],[105.378,9.6911],[105.3778,9.6916],[105.3771,9.6924],[105.3763,9.6929],[105.3757,9.693],[105.374,9.6927],[105.3725,9.6919],[105.3686,9.6885],[105.3667,9.6872],[105.365,9.6865],[105.3617,9.6854],[105.3558,9.6846],[105.3542,9.6845],[105.3533,9.6848],[105.3526,9.6852],[105.3514,9.6863],[105.3503,9.6883],[105.3492,9.6898],[105.3483,9.6902],[105.3471,9.6902],[105.3461,9.6893],[105.3459,9.6886],[105.3457,9.6873],[105.3464,9.6848],[105.3466,9.6831],[105.3465,9.6823],[105.3458,9.6809],[105.3451,9.6803],[105.3443,9.68],[105.3423,9.6797],[105.3405,9.68],[105.3388,9.6807],[105.3384,9.6801],[105.338,9.6785],[105.3381,9.6774],[105.3387,9.6765],[105.3397,9.676],[105.342,9.6756],[105.3435,9.6755],[105.349,9.6767],[105.3507,9.6768],[105.3515,9.6767],[105.3527,9.6762],[105.3535,9.6755],[105.3542,9.6743],[105.3544,9.6735],[105.3548,9.671],[105.3552,9.6698],[105.3557,9.6692],[105.3567,9.6688],[105.3584,9.6688],[105.361,9.6694],[105.367,9.6712],[105.3698,9.6724],[105.3709,9.6727],[105.3723,9.6727],[105.3729,9.6725],[105.3739,9.6714],[105.3738,9.6695],[105.3734,9.6687],[105.3727,9.6679],[105.3694,9.6647],[105.3689,9.6638],[105.3686,9.6628],[105.3687,9.6613],[105.3692,9.6603],[105.37,9.6595],[105.3706,9.6591],[105.3716,9.659],[105.3722,9.659],[105.373,9.6594],[105.3751,9.6611],[105.3757,9.6613],[105.3768,9.6613],[105.3786,9.6609],[105.3834,9.6587],[105.3854,9.6581],[105.387,9.658],[105.3887,9.6585],[105.3916,9.6602],[105.3929,9.6605],[105.3943,9.6601],[105.3971,9.6583],[105.4006,9.6555],[105.4023,9.6538],[105.4045,9.6523],[105.4055,9.6519],[105.4066,9.6518],[105.4071,9.6523],[105.4077,9.6537],[105.408,9.6553],[105.4086,9.6574],[105.4108,9.6607],[105.4114,9.6619],[105.4116,9.663],[105.4117,9.6655],[105.4119,9.6666],[105.4126,9.6677],[105.413,9.6679],[105.4143,9.6678],[105.415,9.6675],[105.4158,9.667],[105.4176,9.6654],[105.4201,9.664],[105.422,9.6634],[105.4278,9.6611],[105.4296,9.6607],[105.4312,9.6606],[105.433,9.6606],[105.4376,9.6611],[105.4384,9.661],[105.4397,9.6603],[105.4405,9.6595],[105.4428,9.656],[105.4444,9.654],[105.4467,9.6491],[105.4475,9.6479],[105.4493,9.6463],[105.4515,9.6449],[105.4547,9.6424],[105.4573,9.6408],[105.458,9.6403],[105.4581,9.6397],[105.4593,9.6394],[105.46,9.6386],[105.4604,9.6384],[105.4615,9.6386],[105.4621,9.6376],[105.463,9.6375],[105.4641,9.6366],[105.4645,9.6366],[105.465,9.6369],[105.4649,9.6384],[105.4653,9.639],[105.4655,9.6393],[105.4665,9.6394],[105.4672,9.6393],[105.4679,9.6407],[105.4681,9.6416],[105.469,9.6412],[105.4692,9.642],[105.4698,9.6416],[105.4708,9.6419],[105.4718,9.6414],[105.4727,9.6415],[105.4731,9.6413],[105.4735,9.6407],[105.4754,9.6401],[105.476,9.6398],[105.4768,9.6399],[105.4777,9.6397],[105.4806,9.6405],[105.4816,9.6403],[105.4828,9.6407],[105.4845,9.6424],[105.485,9.6431],[105.4923,9.6447],[105.4897,9.6546],[105.4971,9.6564],[105.4912,9.6662],[105.4898,9.669],[105.489,9.6717],[105.4891,9.6724],[105.4897,9.6727],[105.4897,9.6729],[105.4891,9.6755],[105.4892,9.6766],[105.4897,9.6778],[105.4891,9.6789],[105.4891,9.6803]]]},"properties":{"code":"31489","name":"Vĩnh Viễn","nameEn":"Vinh Vien","fullName":"Xã Vĩnh Viễn","fullNameEn":"Vinh Vien Commune","codeName":"vinh_vien","postalCode":"95306","postalCodePrefix":"","gisServerId":"diaphanhanhchinhcapxa_2025.261","areaKm2":68.86},"id":"31489"},
{"type":"Feature","geometry":{"type":"Polygon","coordinates":[[[105.4581,9.6397],[105.458,9.6403],[105.4573,9.6408],[105.4547,9.6424],[105.4515,9.6449],[105.4493,9.6463],[105.4475,9.6479],[105.4467,9.6491],[105.4444,9.654],[105.4428,9.656],[105.4405,9.6595],[105.4397,9.6603],[105.4384,9.661],[105.4376,9.6611],[105.433,9.6606],[105.4312,9.6606],[105.4296,9.6607],[105.4278,9.6611],[105.422,9.6634],[105.4201,9.664],[105.4176,9.6654],[105.4158,9.667],[105.415,9.6675],[105.4143,9.6678],[105.413,9.6679],[105.4126,9.6677],[105.4119,9.6666],[105.4117,9.6655],[105.4116,9.663],[105.4114,9.6619],[105.4108,9.6607],[105.4086,9.6574],[105.408,9.6553],[105.4077,9.6537],[105.4071,9.6523],[105.4066,9.6518],[105.4065,9.6509],[105.4061,9.6505],[105.4045,9.6497],[105.4032,9.6481],[105.4022,9.6476],[105.4011,9.6465],[105.4012,9.6454],[105.4015,9.6448],[105.4017,9.6447],[105.4033,9.645],[105.4039,9.6446],[105.4062,9.6451],[105.4067,9.645],[105.4069,9.6435],[105.4064,9.6423],[105.4057,9.6419],[105.4054,9.6412],[105.4047,9.6408],[105.4045,9.6402],[105.4044,9.6392],[105.4029,9.638],[105.4019,9.6359],[105.4008,9.6353],[105.3992,9.631],[105.399,9.6302],[105.399,9.628],[105.3994,9.6219],[105.3991,9.622],[105.3984,9.6228],[105.3978,9.6232],[105.3967,9.6233],[105.3957,9.6237],[105.3948,9.6235],[105.3935,9.6236],[105.3926,9.6238],[105.3923,9.624],[105.3916,9.625],[105.3907,9.6253],[105.3902,9.6258],[105.3896,9.625],[105.3896,9.6236],[105.3895,9.6231],[105.3883,9.6218],[105.3836,9.6207],[105.3828,9.62],[105.3815,9.6197],[105.3809,9.6192],[105.3802,9.6172],[105.3794,9.6174],[105.3787,9.6173],[105.3767,9.6161],[105.376,9.6146],[105.3752,9.6133],[105.3747,9.6116],[105.374,9.6108],[105.374,9.61],[105.3743,9.6094],[105.3745,9.6087],[105.3744,9.6072],[105.3747,9.6069],[105.3748,9.6051],[105.374,9.6041],[105.3738,9.603],[105.3744,9.6025],[105.3741,9.6021],[105.3744,9.6015],[105.3742,9.6003],[105.3749,9.6001],[105.3749,9.5989],[105.3745,9.5981],[105.3743,9.5968],[105.3737,9.5962],[105.3772,9.5919],[105.3774,9.5905],[105.3772,9.5882],[105.3776,9.587],[105.378,9.5865],[105.379,9.5859],[105.3803,9.5856],[105.3839,9.5861],[105.3853,9.5867],[105.3866,9.5876],[105.389,9.5901],[105.3902,9.5905],[105.3908,9.5905],[105.3919,9.59],[105.3939,9.5882],[105.3946,9.588],[105.3956,9.5882],[105.3961,9.5888],[105.3964,9.5903],[105.3969,9.5913],[105.3976,9.592],[105.3989,9.5929],[105.3996,9.5939],[105.3994,9.5955],[105.3987,9.5969],[105.3987,9.5975],[105.3989,9.5982],[105.3997,9.5985],[105.4004,9.5985],[105.4031,9.5981],[105.4063,9.598],[105.4084,9.5976],[105.4105,9.5978],[105.4115,9.5981],[105.4127,9.5989],[105.4138,9.6007],[105.4145,9.6013],[105.4155,9.6018],[105.4165,9.6017],[105.417,9.6013],[105.4175,9.6008],[105.418,9.5997],[105.4181,9.5986],[105.4168,9.5958],[105.4167,9.5948],[105.4168,9.5941],[105.4172,9.5933],[105.418,9.5927],[105.4192,9.593],[105.4212,9.5948],[105.4219,9.5953],[105.4229,9.5956],[105.4245,9.5955],[105.427,9.595],[105.4277,9.595],[105.4288,9.5953],[105.4294,9.5962],[105.4296,9.5971],[105.4292,9.5995],[105.4292,9.6],[105.4295,9.6006],[105.43,9.6008],[105.4308,9.6008],[105.4321,9.5998],[105.4339,9.5986],[105.4375,9.5972],[105.4401,9.5951],[105.4411,9.5947],[105.4416,9.5947],[105.4427,9.595],[105.4448,9.5967],[105.446,9.597],[105.4464,9.5968],[105.4474,9.596],[105.4479,9.595],[105.4482,9.594],[105.4486,9.5918],[105.4482,9.589],[105.4484,9.5879],[105.4489,9.5871],[105.4497,9.5869],[105.4506,9.5869],[105.451,9.5871],[105.4544,9.5896],[105.4552,9.5901],[105.4564,9.5903],[105.4574,9.5902],[105.4586,9.5898],[105.4594,9.589],[105.4605,9.5873],[105.461,9.5868],[105.4619,9.5867],[105.4622,9.5868],[105.4643,9.589],[105.4649,9.5894],[105.4671,9.5903],[105.4685,9.5915],[105.469,9.5931],[105.4689,9.5955],[105.469,9.596],[105.4695,9.5968],[105.4706,9.597],[105.4713,9.5965],[105.4738,9.5939],[105.4767,9.5919],[105.4771,9.5915],[105.4776,9.5907],[105.4777,9.5898],[105.4774,9.5891],[105.4758,9.5874],[105.4752,9.5863],[105.4751,9.5856],[105.4752,9.5849],[105.4757,9.5844],[105.4761,9.5843],[105.4795,9.5849],[105.4804,9.5849],[105.4804,9.5938],[105.4807,9.6003],[105.4811,9.6003],[105.4819,9.6042],[105.4796,9.6097],[105.4793,9.6102],[105.4794,9.6114],[105.4787,9.6127],[105.4785,9.6129],[105.4785,9.6141],[105.4778,9.6147],[105.4778,9.6149],[105.477,9.6152],[105.4766,9.6169],[105.4763,9.6172],[105.4749,9.6175],[105.4744,9.6179],[105.4726,9.6183],[105.4721,9.6175],[105.4717,9.6174],[105.4715,9.6176],[105.4713,9.6186],[105.4704,9.6188],[105.4697,9.6183],[105.469,9.6182],[105.4688,9.6195],[105.4679,9.6201],[105.4669,9.6217],[105.4664,9.6221],[105.4654,9.6221],[105.4649,9.6223],[105.4646,9.6249],[105.4639,9.626],[105.4632,9.6277],[105.463,9.6276],[105.4618,9.6258],[105.461,9.6262],[105.461,9.6289],[105.4606,9.6298],[105.4606,9.63],[105.4608,9.6302],[105.4623,9.631],[105.4628,9.6314],[105.4629,9.6319],[105.4627,9.6321],[105.462,9.6323],[105.461,9.6324],[105.4593,9.6321],[105.459,9.6323],[105.4591,9.6329],[105.4598,9.6348],[105.4597,9.6353],[105.4596,9.6356],[105.4585,9.6365],[105.4578,9.6378],[105.4581,9.6397]]]},"properties":{"code":"31492","name":"Lương Tâm","nameEn":"Luong Tam","fullName":"Xã Lương Tâm","fullNameEn":"Luong Tam Commune","codeName":"luong_tam","postalCode":"95309","postalCodePrefix":"","gisServerId":"diaphanhanhchinhcapxa_2025.259","areaKm2":60.53},"id":"31492"},
{"type":"Feature","geometry":{"type":"Polygon","coordinates":[[[105.547,9.6706],[105.5469,9.6701],[105.5465,9.6694],[105.5459,9.669],[105.5452,9.6687],[105.5436,9.6684],[105.5429,9.6685],[105.5418,9.6687],[105.5408,9.6693],[105.54,9.6703],[105.539,9.6731],[105.538,9.6746],[105.5347,9.6776],[105.5319,9.6814],[105.5311,9.6819],[105.5303,9.6821],[105.5297,9.6821],[105.5289,9.6819],[105.5278,9.6811],[105.5254,9.678],[105.5212,9.6736],[105.5201,9.673],[105.5192,9.6731],[105.5185,9.6737],[105.5168,9.6757],[105.5155,9.6766],[105.5114,9.6779],[105.5081,9.6785],[105.507,9.6791],[105.5067,9.6797],[105.5067,9.6806],[105.508,9.6831],[105.5083,9.6847],[105.5081,9.6855],[105.5076,9.6863],[105.507,9.6867],[105.5063,9.6869],[105.5053,9.687],[105.5018,9.6859],[105.5004,9.6859],[105.4991,9.6863],[105.4969,9.6874],[105.4961,9.6875],[105.4955,9.6874],[105.4949,9.6868],[105.4948,9.6863],[105.4948,9.6854],[105.4953,9.6833],[105.4953,9.6825],[105.4948,9.6811],[105.4942,9.6804],[105.4926,9.6795],[105.4913,9.6794],[105.4908,9.6795],[105.4897,9.6798],[105.4891,9.6803],[105.4891,9.6789],[105.4897,9.6778],[105.4892,9.6766],[105.4891,9.6755],[105.4897,9.6729],[105.4897,9.6727],[105.4891,9.6724],[105.489,9.6717],[105.4898,9.669],[105.4912,9.6662],[105.4971,9.6564],[105.4897,9.6546],[105.4923,9.6447],[105.485,9.6431],[105.4845,9.6424],[105.4828,9.6407],[105.4816,9.6403],[105.4806,9.6405],[105.4777,9.6397],[105.4768,9.6399],[105.476,9.6398],[105.4754,9.6401],[105.4735,9.6407],[105.4731,9.6413],[105.4727,9.6415],[105.4718,9.6414],[105.4708,9.6419],[105.4698,9.6416],[105.4692,9.642],[105.469,9.6412],[105.4681,9.6416],[105.4679,9.6407],[105.4672,9.6393],[105.4665,9.6394],[105.4655,9.6393],[105.4653,9.639],[105.4649,9.6384],[105.465,9.6369],[105.4645,9.6366],[105.4641,9.6366],[105.463,9.6375],[105.4621,9.6376],[105.4615,9.6386],[105.4604,9.6384],[105.46,9.6386],[105.4593,9.6394],[105.4581,9.6397],[105.4578,9.6378],[105.4585,9.6365],[105.4596,9.6356],[105.4597,9.6353],[105.4598,9.6348],[105.4591,9.6329],[105.459,9.6323],[105.4593,9.6321],[105.461,9.6324],[105.462,9.6323],[105.4627,9.6321],[105.4629,9.6319],[105.4628,9.6314],[105.4623,9.631],[105.4608,9.6302],[105.4606,9.63],[105.4606,9.6298],[105.461,9.6289],[105.461,9.6262],[105.4618,9.6258],[105.463,9.6276],[105.4632,9.6277],[105.4639,9.626],[105.4646,9.6249],[105.4649,9.6223],[105.4654,9.6221],[105.4664,9.6221],[105.4669,9.6217],[105.4679,9.6201],[105.4688,9.6195],[105.469,9.6182],[105.4697,9.6183],[105.4704,9.6188],[105.4713,9.6186],[105.4715,9.6176],[105.4717,9.6174],[105.4721,9.6175],[105.4726,9.6183],[105.4744,9.6179],[105.4749,9.6175],[105.4763,9.6172],[105.4766,9.6169],[105.477,9.6152],[105.4778,9.6149],[105.4778,9.6147],[105.4785,9.6141],[105.4785,9.6129],[105.4787,9.6127],[105.4794,9.6114],[105.4793,9.6102],[105.4796,9.6097],[105.4819,9.6042],[105.4811,9.6003],[105.4807,9.6003],[105.4804,9.5938],[105.4804,9.5849],[105.484,9.5849],[105.4858,9.5846],[105.4868,9.584],[105.4881,9.5824],[105.4887,9.5821],[105.4893,9.5821],[105.49,9.5825],[105.4912,9.5835],[105.493,9.586],[105.4932,9.5873],[105.4925,9.5894],[105.4925,9.5899],[105.4928,9.5906],[105.4931,9.5908],[105.4938,9.5908],[105.4961,9.5901],[105.4986,9.5899],[105.5004,9.5903],[105.503,9.5912],[105.5036,9.5913],[105.5047,9.5908],[105.5052,9.5899],[105.505,9.5889],[105.504,9.5871],[105.5039,9.5868],[105.5042,9.5862],[105.511,9.5839],[105.512,9.5839],[105.513,9.5844],[105.5136,9.5855],[105.5137,9.5863],[105.5137,9.5887],[105.5142,9.5896],[105.5148,9.5899],[105.516,9.5898],[105.5195,9.5881],[105.5202,9.5883],[105.5206,9.5886],[105.5212,9.5893],[105.5216,9.5903],[105.5215,9.5918],[105.521,9.5935],[105.521,9.594],[105.5213,9.5946],[105.5218,9.5949],[105.5231,9.595],[105.5302,9.595],[105.5312,9.5952],[105.5323,9.5955],[105.5342,9.5971],[105.535,9.5973],[105.5353,9.5972],[105.5359,9.5967],[105.5367,9.5955],[105.537,9.594],[105.5369,9.5923],[105.5371,9.5918],[105.5376,9.5914],[105.5406,9.5897],[105.5423,9.5883],[105.5431,9.5863],[105.544,9.585],[105.5443,9.5849],[105.545,9.585],[105.5453,9.5853],[105.546,9.5863],[105.547,9.5885],[105.5489,9.5913],[105.5491,9.5918],[105.5491,9.5922],[105.5488,9.5932],[105.5469,9.5958],[105.5469,9.5967],[105.5476,9.5971],[105.5517,9.5974],[105.5536,9.5971],[105.5561,9.5963],[105.557,9.5964],[105.5573,9.5966],[105.5578,9.5974],[105.5584,9.599],[105.5586,9.6005],[105.5581,9.6033],[105.5584,9.604],[105.5593,9.6049],[105.562,9.6063],[105.5638,9.6067],[105.5645,9.6067],[105.5655,9.6064],[105.5661,9.6059],[105.5678,9.6034],[105.5685,9.6031],[105.569,9.6032],[105.5696,9.6039],[105.5708,9.6067],[105.5722,9.6078],[105.5742,9.6086],[105.5752,9.6096],[105.5753,9.6102],[105.5749,9.6124],[105.5749,9.6135],[105.5752,9.6141],[105.5761,9.6148],[105.5769,9.6148],[105.5777,9.6146],[105.5815,9.613],[105.5836,9.6119],[105.5846,9.6118],[105.5865,9.6125],[105.5872,9.6124],[105.5875,9.6118],[105.587,9.6099],[105.5873,9.6088],[105.5882,9.6082],[105.5905,9.6081],[105.5922,9.6069],[105.5925,9.6066],[105.5927,9.6061],[105.5924,9.6043],[105.5926,9.6037],[105.5928,9.6035],[105.595,9.6027],[105.5954,9.6059],[105.5951,9.6078],[105.5954,9.6087],[105.5962,9.6094],[105.5812,9.6508],[105.5766,9.6635],[105.5603,9.6571],[105.5591,9.6671],[105.5578,9.6668],[105.5574,9.6663],[105.5567,9.6666],[105.5557,9.6666],[105.5554,9.6674],[105.5548,9.6676],[105.554,9.6684],[105.5533,9.6693],[105.5523,9.6694],[105.5513,9.6699],[105.5501,9.6702],[105.5495,9.6706],[105.5477,9.6708],[105.547,9.6706]]]},"properties":{"code":"31495","name":"Xà Phiên","nameEn":"Xa Phien","fullName":"Xã Xà Phiên","fullNameEn":"Xa Phien Commune","codeName":"xa_phien","postalCode":"95310","postalCodePrefix":"","gisServerId":"diaphanhanhchinhcapxa_2025.260","areaKm2":100.48},"id":"31495"},
{"type":"Feature","geometry":{"type":"Polygon","coordinates":[[[106.027,9.649],[106.0268,9.6492],[106.0267,9.6501],[106.0231,9.6499],[106.0228,9.6512],[106.022,9.6513],[106.0073,9.6509],[106.0086,9.6564],[106.0013,9.6586],[106.0007,9.6574],[105.9977,9.6579],[105.9962,9.6579],[105.9923,9.6573],[105.9923,9.6581],[105.991,9.6581],[105.9905,9.6594],[105.9906,9.6607],[105.99,9.6607],[105.9892,9.6606],[105.9881,9.6595],[105.9878,9.6588],[105.9878,9.6583],[105.9875,9.6578],[105.9859,9.6565],[105.9849,9.6564],[105.9827,9.6567],[105.9817,9.6567],[105.981,9.6557],[105.9799,9.6519],[105.9798,9.6504],[105.9799,9.6491],[105.9811,9.649],[105.9818,9.6486],[105.9814,9.6482],[105.9816,9.647],[105.981,9.6463],[105.981,9.646],[105.9809,9.6461],[105.9787,9.6436],[105.9778,9.6421],[105.9755,9.6379],[105.9739,9.6342],[105.9731,9.6331],[105.973,9.632],[105.9724,9.6311],[105.9671,9.6329],[105.966,9.6405],[105.9595,9.6427],[105.9547,9.6385],[105.9531,9.6369],[105.9539,9.6362],[105.9546,9.6361],[105.9529,9.633],[105.9537,9.6319],[105.9523,9.6301],[105.9511,9.6281],[105.9504,9.6259],[105.9491,9.6237],[105.948,9.6223],[105.9473,9.6219],[105.9463,9.6193],[105.9455,9.6185],[105.9445,9.6165],[105.9439,9.6161],[105.9442,9.6157],[105.9439,9.6154],[105.9399,9.6086],[105.9396,9.6083],[105.9393,9.6083],[105.9416,9.6038],[105.9402,9.6035],[105.9404,9.6027],[105.9413,9.6011],[105.9428,9.5992],[105.9508,9.599],[105.9509,9.5997],[105.9507,9.6001],[105.9506,9.601],[105.9514,9.6013],[105.9525,9.6022],[105.9531,9.6025],[105.9536,9.6037],[105.9546,9.6046],[105.955,9.6047],[105.9556,9.6041],[105.956,9.6045],[105.9567,9.6047],[105.9572,9.6043],[105.9577,9.6045],[105.9579,9.6039],[105.9581,9.6037],[105.9584,9.6043],[105.9591,9.6049],[105.9598,9.6059],[105.9607,9.6064],[105.9606,9.6069],[105.9618,9.6072],[105.9619,9.6077],[105.9607,9.6075],[105.9605,9.608],[105.9607,9.6087],[105.9603,9.61],[105.9609,9.6107],[105.9602,9.6107],[105.9597,9.6113],[105.9598,9.6114],[105.9608,9.612],[105.9606,9.6139],[105.9608,9.6145],[105.9614,9.6148],[105.9635,9.6145],[105.9638,9.6142],[105.9668,9.61],[105.9677,9.6084],[105.9683,9.6078],[105.9711,9.6071],[105.9792,9.6057],[105.9806,9.6056],[105.9957,9.6068],[106.0142,9.6083],[106.0201,9.6091],[106.021,9.6089],[106.0219,9.6081],[106.0237,9.6051],[106.0241,9.6056],[106.0248,9.6063],[106.0258,9.608],[106.0283,9.6108],[106.0314,9.615],[106.0351,9.6196],[106.0364,9.6218],[106.0372,9.624],[106.0381,9.6252],[106.0411,9.6307],[106.0408,9.631],[106.04,9.6315],[106.0235,9.633],[106.0193,9.6343],[106.0189,9.6353],[106.0193,9.6355],[106.0195,9.6357],[106.02,9.6374],[106.0203,9.6379],[106.0214,9.6386],[106.0221,9.6398],[106.0223,9.6424],[106.022,9.6429],[106.0223,9.6439],[106.0229,9.6437],[106.0236,9.6442],[106.0244,9.6445],[106.025,9.6459],[106.0258,9.6462],[106.0265,9.6467],[106.0266,9.6473],[106.0263,9.6481],[106.0267,9.6484],[106.027,9.649]]]},"properties":{"code":"31507","name":"Sóc Trăng","nameEn":"Soc Trang","fullName":"Phường Sóc Trăng","fullNameEn":"Soc Trang Ward","codeName":"soc_trang","postalCode":"96117","postalCodePrefix":"","gisServerId":"diaphanhanhchinhcapxa_2025.262","areaKm2":41.67},"id":"31507"},
{"type":"Feature","geometry":{"type":"Polygon","coordinates":[[[106.0241,9.6056],[106.0237,9.6051],[106.0219,9.6081],[106.021,9.6089],[106.0201,9.6091],[106.0142,9.6083],[105.9957,9.6068],[105.9806,9.6056],[105.9792,9.6057],[105.9711,9.6071],[105.9683,9.6078],[105.9677,9.6084],[105.9668,9.61],[105.9638,9.6142],[105.9635,9.6145],[105.9614,9.6148],[105.9608,9.6145],[105.9606,9.6139],[105.9608,9.612],[105.9598,9.6114],[105.9597,9.6113],[105.9602,9.6107],[105.9609,9.6107],[105.9603,9.61],[105.9607,9.6087],[105.9605,9.608],[105.9607,9.6075],[105.9619,9.6077],[105.9618,9.6072],[105.9606,9.6069],[105.9607,9.6064],[105.9598,9.6059],[105.9591,9.6049],[105.9584,9.6043],[105.9581,9.6037],[105.9579,9.6039],[105.9577,9.6045],[105.9572,9.6043],[105.9567,9.6047],[105.956,9.6045],[105.9556,9.6041],[105.955,9.6047],[105.9546,9.6046],[105.9536,9.6037],[105.9531,9.6025],[105.9525,9.6022],[105.9514,9.6013],[105.9506,9.601],[105.9507,9.6001],[105.9509,9.5997],[105.9508,9.599],[105.9428,9.5992],[105.9432,9.5981],[105.9432,9.5975],[105.9444,9.5968],[105.9454,9.5955],[105.945,9.5949],[105.9556,9.5864],[105.9531,9.5777],[105.9543,9.5769],[105.9567,9.5747],[105.9586,9.5772],[105.9611,9.5758],[105.965,9.5741],[105.9638,9.5722],[105.9675,9.5717],[105.9686,9.5714],[105.9704,9.5717],[105.9738,9.5731],[105.9888,9.5785],[105.9904,9.5742],[105.9972,9.5774],[105.9979,9.5767],[106.0015,9.5767],[105.9979,9.572],[106.0002,9.5714],[106.003,9.5714],[106.007,9.5697],[106.0077,9.5698],[106.0084,9.5706],[106.0085,9.5713],[106.0079,9.5721],[106.0067,9.5732],[106.0067,9.5736],[106.007,9.5737],[106.0102,9.5724],[106.0104,9.5725],[106.0107,9.5727],[106.011,9.5732],[106.0113,9.5742],[106.011,9.575],[106.0101,9.5757],[106.0099,9.5764],[106.0106,9.5768],[106.0112,9.5768],[106.0123,9.5762],[106.0128,9.5763],[106.013,9.5766],[106.0132,9.5783],[106.0116,9.5801],[106.0114,9.5808],[106.0116,9.5814],[106.0124,9.5819],[106.0132,9.5818],[106.0137,9.5814],[106.0145,9.5804],[106.0149,9.5809],[106.0154,9.5823],[106.0172,9.5891],[106.0177,9.5903],[106.0191,9.593],[106.0233,9.6005],[106.0236,9.6017],[106.0235,9.6018],[106.0254,9.6042],[106.0241,9.6056]]]},"properties":{"code":"31510","name":"Phú Lợi","nameEn":"Phu Loi","fullName":"Phường Phú Lợi","fullNameEn":"Phu Loi Ward","codeName":"phu_loi","postalCode":"96116","postalCodePrefix":"","gisServerId":"diaphanhanhchinhcapxa_2025.263","areaKm2":26.79},"id":"31510"},
{"type":"Feature","geometry":{"type":"Polygon","coordinates":[[[105.9984,9.78],[105.9931,9.7798],[105.9849,9.7791],[105.9822,9.7791],[105.9823,9.7801],[105.9809,9.78],[105.9808,9.7798],[105.98,9.7798],[105.98,9.7797],[105.9781,9.7799],[105.9781,9.7794],[105.9744,9.7797],[105.9744,9.7814],[105.9664,9.781],[105.9665,9.7828],[105.9652,9.7868],[105.9647,9.7871],[105.964,9.7868],[105.9637,9.787],[105.9635,9.7884],[105.9627,9.7888],[105.9617,9.7902],[105.9613,9.791],[105.9607,9.7927],[105.9607,9.7932],[105.9612,9.7947],[105.9621,9.7959],[105.9624,9.7973],[105.9623,9.7975],[105.9615,9.7982],[105.9611,9.7992],[105.9603,9.7999],[105.9588,9.8009],[105.9575,9.8024],[105.9557,9.8034],[105.9539,9.803],[105.9527,9.8021],[105.9515,9.802],[105.95,9.8013],[105.9471,9.8013],[105.9459,9.8018],[105.9449,9.8019],[105.942,9.8017],[105.9398,9.8095],[105.9396,9.8095],[105.938,9.814],[105.9376,9.8162],[105.9373,9.8161],[105.9302,9.8147],[105.9303,9.814],[105.9308,9.814],[105.9308,9.8132],[105.9294,9.8131],[105.9294,9.8123],[105.9271,9.812],[105.9272,9.8114],[105.9265,9.8115],[105.9264,9.8113],[105.9258,9.8111],[105.9256,9.8111],[105.9255,9.8116],[105.9257,9.8128],[105.9238,9.8132],[105.9243,9.8122],[105.9224,9.8118],[105.9223,9.812],[105.9204,9.8121],[105.9153,9.8119],[105.9153,9.8118],[105.9141,9.8117],[105.9111,9.8107],[105.9112,9.81],[105.9097,9.8095],[105.91,9.8069],[105.9099,9.8009],[105.9092,9.7958],[105.9091,9.7958],[105.9085,9.7891],[105.9095,9.7889],[105.9091,9.787],[105.9101,9.7867],[105.9097,9.786],[105.9019,9.7556],[105.9015,9.754],[105.9016,9.752],[105.9038,9.7496],[105.9049,9.7493],[105.9055,9.749],[105.9065,9.7481],[105.9098,9.744],[105.9126,9.7396],[105.9131,9.7385],[105.9137,9.7374],[105.9143,9.7369],[105.9159,9.7364],[105.9181,9.7364],[105.9196,9.7362],[105.921,9.7366],[105.9216,9.7366],[105.9227,9.7359],[105.9237,9.7355],[105.9243,9.7346],[105.9246,9.7364],[105.9246,9.7377],[105.9271,9.7381],[105.9273,9.7371],[105.9285,9.7373],[105.9292,9.7372],[105.9294,9.7374],[105.9312,9.7374],[105.9313,9.7364],[105.9325,9.7364],[105.9329,9.7368],[105.9329,9.7371],[105.9342,9.7371],[105.9343,9.7365],[105.9356,9.7365],[105.9361,9.7369],[105.9372,9.7371],[105.9405,9.7363],[105.941,9.7359],[105.942,9.7361],[105.9423,9.7365],[105.9444,9.7359],[105.9462,9.7358],[105.9469,9.7359],[105.9472,9.7363],[105.9472,9.7382],[105.9482,9.7382],[105.9485,9.7385],[105.9491,9.7387],[105.9494,9.739],[105.9496,9.7397],[105.95,9.74],[105.9508,9.7401],[105.9647,9.74],[105.9698,9.7399],[105.9702,9.7397],[105.9732,9.737],[105.9788,9.7485],[105.9819,9.7555],[105.9887,9.7562],[105.9888,9.7571],[105.9891,9.757],[105.9906,9.757],[105.9905,9.7574],[105.9909,9.7575],[105.9911,9.758],[105.9915,9.758],[105.9923,9.7595],[105.9925,9.7596],[105.9934,9.7594],[105.9939,9.7603],[105.9942,9.7603],[105.9952,9.7599],[105.9969,9.7582],[105.9969,9.7575],[105.9965,9.7567],[105.9979,9.7553],[105.9983,9.7552],[105.9982,9.7548],[105.9976,9.7544],[105.9975,9.7542],[105.9979,9.7538],[105.9986,9.7535],[105.9989,9.7528],[105.9993,9.7528],[106.0012,9.7539],[106.0016,9.754],[106.0016,9.7571],[106.0007,9.7618],[106.0002,9.7673],[105.9992,9.7675],[105.9997,9.7686],[106.0006,9.7695],[106.0009,9.7707],[105.9984,9.78]]]},"properties":{"code":"31528","name":"Kế Sách","nameEn":"Ke Sach","fullName":"Xã Kế Sách","fullNameEn":"Ke Sach Commune","codeName":"ke_sach","postalCode":"96306","postalCodePrefix":"","gisServerId":"diaphanhanhchinhcapxa_2025.264","areaKm2":61.58},"id":"31528"},
{"type":"Feature","geometry":{"type":"Polygon","coordinates":[[[105.9536,9.8854],[105.9524,9.8857],[105.952,9.8859],[105.9488,9.8885],[105.9309,9.904],[105.9274,9.9073],[105.9234,9.912],[105.9186,9.9169],[105.9178,9.9181],[105.9142,9.9217],[105.9059,9.933],[105.8968,9.938],[105.8944,9.9339],[105.8929,9.9321],[105.891,9.9295],[105.89,9.9298],[105.8897,9.9297],[105.8881,9.928],[105.8875,9.9278],[105.8857,9.9278],[105.8849,9.928],[105.8841,9.9278],[105.8831,9.9278],[105.8833,9.926],[105.8836,9.9255],[105.8837,9.9245],[105.8828,9.9245],[105.8809,9.9231],[105.8805,9.9219],[105.8802,9.9216],[105.8807,9.9186],[105.878,9.918],[105.8756,9.9166],[105.8759,9.9157],[105.8756,9.9154],[105.8754,9.9145],[105.8751,9.9144],[105.8744,9.9144],[105.8732,9.9133],[105.8734,9.9129],[105.8739,9.913],[105.874,9.9124],[105.8748,9.9125],[105.8749,9.9118],[105.8744,9.9116],[105.8755,9.9118],[105.8755,9.9115],[105.8746,9.9114],[105.8746,9.9112],[105.8744,9.9111],[105.8747,9.9101],[105.8738,9.9099],[105.8732,9.9092],[105.8727,9.9091],[105.8727,9.9082],[105.8729,9.9083],[105.8731,9.9078],[105.8727,9.9077],[105.8729,9.9068],[105.8734,9.9059],[105.8749,9.9053],[105.8731,9.9032],[105.8714,9.902],[105.874,9.9008],[105.8737,9.8997],[105.8727,9.8985],[105.8722,9.8962],[105.8691,9.8925],[105.8687,9.8911],[105.8719,9.8901],[105.8687,9.8848],[105.8696,9.8842],[105.8704,9.8842],[105.8706,9.8837],[105.8713,9.8832],[105.8711,9.8815],[105.8714,9.8813],[105.8714,9.8808],[105.8711,9.8809],[105.871,9.8804],[105.87,9.8807],[105.8699,9.8802],[105.8691,9.8805],[105.8685,9.8771],[105.8692,9.8767],[105.8691,9.8764],[105.8695,9.8759],[105.8694,9.8757],[105.8698,9.8752],[105.8695,9.8743],[105.869,9.8742],[105.8677,9.8732],[105.8671,9.8705],[105.8634,9.8525],[105.8613,9.8533],[105.861,9.8532],[105.8578,9.845],[105.8666,9.8416],[105.8668,9.8423],[105.8717,9.8407],[105.8728,9.843],[105.8733,9.8428],[105.8734,9.8432],[105.8729,9.8434],[105.873,9.8437],[105.8727,9.8438],[105.8729,9.8442],[105.8725,9.8444],[105.8733,9.8448],[105.8739,9.8462],[105.8754,9.8457],[105.8774,9.8493],[105.8785,9.8506],[105.8843,9.8511],[105.8848,9.8514],[105.883,9.8542],[105.8838,9.8545],[105.8894,9.855],[105.8911,9.8553],[105.895,9.8573],[105.896,9.8567],[105.8971,9.8559],[105.8979,9.8545],[105.8986,9.8537],[105.8985,9.8536],[105.8985,9.8535],[105.8997,9.8513],[105.8998,9.8504],[105.8993,9.849],[105.8991,9.8477],[105.8993,9.847],[105.8996,9.8463],[105.9014,9.8456],[105.903,9.8446],[105.9045,9.8445],[105.9055,9.8441],[105.9067,9.8433],[105.9085,9.843],[105.9088,9.8427],[105.9091,9.8418],[105.9096,9.8411],[105.9099,9.8409],[105.9108,9.8408],[105.9114,9.8403],[105.9122,9.8399],[105.9127,9.8392],[105.9127,9.8387],[105.9117,9.8377],[105.9118,9.8371],[105.9123,9.8363],[105.912,9.8353],[105.9123,9.8346],[105.913,9.8339],[105.913,9.8331],[105.9132,9.8325],[105.9131,9.8319],[105.9137,9.8308],[105.9143,9.8301],[105.9148,9.8286],[105.9155,9.8282],[105.9168,9.8213],[105.9167,9.8207],[105.9149,9.8203],[105.9147,9.8202],[105.9151,9.8149],[105.9154,9.8122],[105.9153,9.8119],[105.9204,9.8121],[105.9223,9.812],[105.9224,9.8118],[105.9243,9.8122],[105.9238,9.8132],[105.9257,9.8128],[105.9255,9.8116],[105.9256,9.8111],[105.9258,9.8111],[105.9264,9.8113],[105.9265,9.8115],[105.9272,9.8114],[105.9271,9.812],[105.9294,9.8123],[105.9294,9.8131],[105.9308,9.8132],[105.9308,9.814],[105.9303,9.814],[105.9302,9.8147],[105.9373,9.8161],[105.9368,9.818],[105.9366,9.818],[105.9361,9.82],[105.944,9.8212],[105.9475,9.8221],[105.9468,9.8241],[105.9461,9.8248],[105.9459,9.8262],[105.9454,9.827],[105.9457,9.8277],[105.9453,9.8292],[105.9451,9.8305],[105.9444,9.8308],[105.9439,9.8322],[105.9439,9.8332],[105.9441,9.8337],[105.944,9.834],[105.9451,9.8352],[105.9452,9.8356],[105.945,9.8362],[105.9453,9.8367],[105.9452,9.8372],[105.9467,9.8376],[105.9491,9.8376],[105.9528,9.8394],[105.9563,9.8396],[105.9628,9.8403],[105.9636,9.8407],[105.9644,9.8419],[105.9654,9.8428],[105.9656,9.8431],[105.9655,9.8452],[105.9648,9.8472],[105.9638,9.8474],[105.9634,9.8472],[105.9604,9.8484],[105.9582,9.8482],[105.9522,9.8525],[105.9521,9.8533],[105.9525,9.8534],[105.9526,9.8541],[105.9527,9.8568],[105.9536,9.8597],[105.9542,9.8629],[105.9543,9.8637],[105.9538,9.8645],[105.9546,9.8645],[105.9549,9.8649],[105.9555,9.8651],[105.9555,9.8657],[105.9559,9.8659],[105.9559,9.8663],[105.9566,9.8662],[105.9572,9.8663],[105.9573,9.8659],[105.9575,9.8659],[105.9576,9.8663],[105.9583,9.8669],[105.958,9.8673],[105.958,9.8675],[105.9586,9.8677],[105.9585,9.8681],[105.9591,9.8685],[105.9593,9.869],[105.9603,9.8691],[105.9604,9.8695],[105.9602,9.87],[105.9611,9.8703],[105.9625,9.8719],[105.9603,9.874],[105.9597,9.8749],[105.9571,9.8774],[105.9547,9.88],[105.9542,9.8808],[105.9537,9.8822],[105.9535,9.8836],[105.9536,9.8854]]]},"properties":{"code":"31531","name":"An Lạc Thôn","nameEn":"An Lac Thon","fullName":"Xã An Lạc Thôn","fullNameEn":"An Lac Thon Commune","codeName":"an_lac_thon","postalCode":"96313","postalCodePrefix":"","gisServerId":"diaphanhanhchinhcapxa_2025.265","areaKm2":84.99},"id":"31531"},
{"type":"Feature","geometry":{"type":"Polygon","coordinates":[[[105.985,9.8623],[105.9879,9.8603],[105.9906,9.8585],[105.9921,9.8582],[105.9944,9.8578],[105.9984,9.8583],[105.9964,9.8645],[105.9944,9.868],[105.9897,9.8727],[105.9889,9.8738],[105.9794,9.8846],[105.9758,9.8861],[105.9737,9.8872],[105.9705,9.8899],[105.9689,9.8917],[105.9642,9.8982],[105.961,9.9017],[105.9595,9.9029],[105.9514,9.9073],[105.9473,9.9104],[105.9393,9.9155],[105.932,9.9212],[105.9259,9.9264],[105.9216,9.9299],[105.9199,9.9309],[105.9178,9.9318],[105.9143,9.9327],[105.9059,9.933],[105.9142,9.9217],[105.9178,9.9181],[105.9186,9.9169],[105.9234,9.912],[105.9274,9.9073],[105.9309,9.904],[105.9488,9.8885],[105.952,9.8859],[105.9524,9.8857],[105.9536,9.8854],[105.9579,9.8848],[105.9593,9.8844],[105.9621,9.8831],[105.9642,9.8814],[105.9688,9.8782],[105.9726,9.8749],[105.9813,9.8654],[105.985,9.8623]]]},"properties":{"code":"31537","name":"Phong Nẫm","nameEn":"Phong Nam","fullName":"Xã Phong Nẫm","fullNameEn":"Phong Nam Commune","codeName":"phong_nam","postalCode":"96312","postalCodePrefix":"","gisServerId":"diaphanhanhchinhcapxa_2025.266","areaKm2":17.3},"id":"31537"},
{"type":"Feature","geometry":{"type":"Polygon","coordinates":[[[105.9984,9.8583],[105.9944,9.8578],[105.9921,9.8582],[105.9906,9.8585],[105.9879,9.8603],[105.985,9.8623],[105.9813,9.8654],[105.9726,9.8749],[105.9688,9.8782],[105.9642,9.8814],[105.9621,9.8831],[105.9593,9.8844],[105.9579,9.8848],[105.9536,9.8854],[105.9535,9.8836],[105.9537,9.8822],[105.9542,9.8808],[105.9547,9.88],[105.9571,9.8774],[105.9597,9.8749],[105.9603,9.874],[105.9625,9.8719],[105.9611,9.8703],[105.9602,9.87],[105.9604,9.8695],[105.9603,9.8691],[105.9593,9.869],[105.9591,9.8685],[105.9585,9.8681],[105.9586,9.8677],[105.958,9.8675],[105.958,9.8673],[105.9583,9.8669],[105.9576,9.8663],[105.9575,9.8659],[105.9573,9.8659],[105.9572,9.8663],[105.9566,9.8662],[105.9559,9.8663],[105.9559,9.8659],[105.9555,9.8657],[105.9555,9.8651],[105.9549,9.8649],[105.9546,9.8645],[105.9538,9.8645],[105.9543,9.8637],[105.9542,9.8629],[105.9536,9.8597],[105.9527,9.8568],[105.9526,9.8541],[105.9525,9.8534],[105.9521,9.8533],[105.9522,9.8525],[105.9582,9.8482],[105.9604,9.8484],[105.9634,9.8472],[105.9638,9.8474],[105.9648,9.8472],[105.9655,9.8452],[105.9656,9.8431],[105.9654,9.8428],[105.9644,9.8419],[105.9636,9.8407],[105.9628,9.8403],[105.9563,9.8396],[105.9528,9.8394],[105.9491,9.8376],[105.9467,9.8376],[105.9452,9.8372],[105.9453,9.8367],[105.945,9.8362],[105.9452,9.8356],[105.9451,9.8352],[105.944,9.834],[105.9441,9.8337],[105.9439,9.8332],[105.9439,9.8322],[105.9444,9.8308],[105.9451,9.8305],[105.9453,9.8292],[105.9457,9.8277],[105.9454,9.827],[105.9459,9.8262],[105.9461,9.8248],[105.9468,9.8241],[105.9475,9.8221],[105.944,9.8212],[105.9361,9.82],[105.9366,9.818],[105.9368,9.818],[105.9373,9.8161],[105.9376,9.8162],[105.938,9.814],[105.9396,9.8095],[105.9398,9.8095],[105.942,9.8017],[105.9449,9.8019],[105.9459,9.8018],[105.9471,9.8013],[105.95,9.8013],[105.9515,9.802],[105.9527,9.8021],[105.9539,9.803],[105.9557,9.8034],[105.9575,9.8024],[105.9588,9.8009],[105.9603,9.7999],[105.9611,9.7992],[105.9615,9.7982],[105.9623,9.7975],[105.9624,9.7973],[105.9621,9.7959],[105.9612,9.7947],[105.9607,9.7932],[105.9607,9.7927],[105.9613,9.791],[105.9617,9.7902],[105.9627,9.7888],[105.9635,9.7884],[105.9637,9.787],[105.964,9.7868],[105.9647,9.7871],[105.9652,9.7868],[105.9665,9.7828],[105.9664,9.781],[105.9744,9.7814],[105.9744,9.7797],[105.9781,9.7794],[105.9781,9.7799],[105.98,9.7797],[105.98,9.7798],[105.9808,9.7798],[105.9809,9.78],[105.9823,9.7801],[105.9822,9.7791],[105.9849,9.7791],[105.9931,9.7798],[105.9984,9.78],[105.9977,9.7827],[106.0009,9.7844],[106.0024,9.7849],[106.0023,9.7874],[106.001,9.793],[106.0003,9.7969],[105.9989,9.8005],[105.9958,9.8077],[105.9952,9.8105],[105.9961,9.8103],[105.9968,9.8094],[105.997,9.8086],[105.9974,9.8084],[105.9976,9.8078],[105.998,9.8077],[106.0018,9.8099],[106.0081,9.8133],[106.0091,9.8125],[106.0102,9.8122],[106.0106,9.8117],[106.0112,9.8116],[106.0114,9.8112],[106.0121,9.8108],[106.0137,9.8096],[106.0172,9.8079],[106.0189,9.8067],[106.0193,9.8066],[106.0196,9.8074],[106.0295,9.8203],[106.026,9.8229],[106.0238,9.825],[106.0172,9.8329],[106.0054,9.8462],[106.0023,9.8511],[105.9998,9.8546],[105.9991,9.856],[105.9984,9.8583]]]},"properties":{"code":"31540","name":"Thới An Hội","nameEn":"Thoi An Hoi","fullName":"Xã Thới An Hội","fullNameEn":"Thoi An Hoi Commune","codeName":"thoi_an_hoi","postalCode":"96307","postalCodePrefix":"","gisServerId":"diaphanhanhchinhcapxa_2025.267","areaKm2":60.32},"id":"31540"},
{"type":"Feature","geometry":{"type":"Polygon","coordinates":[[[106.0735,9.7744],[106.0714,9.7761],[106.0692,9.7784],[106.0608,9.7901],[106.0574,9.7938],[106.0533,9.7996],[106.0486,9.8051],[106.0421,9.8115],[106.0295,9.8203],[106.0196,9.8074],[106.0193,9.8066],[106.0189,9.8067],[106.0172,9.8079],[106.0137,9.8096],[106.0121,9.8108],[106.0114,9.8112],[106.0112,9.8116],[106.0106,9.8117],[106.0102,9.8122],[106.0091,9.8125],[106.0081,9.8133],[106.0018,9.8099],[105.998,9.8077],[105.9976,9.8078],[105.9974,9.8084],[105.997,9.8086],[105.9968,9.8094],[105.9961,9.8103],[105.9952,9.8105],[105.9958,9.8077],[105.9989,9.8005],[106.0003,9.7969],[106.001,9.793],[106.0023,9.7874],[106.0024,9.7849],[106.0009,9.7844],[105.9977,9.7827],[105.9984,9.78],[106.0009,9.7707],[106.0006,9.7695],[105.9997,9.7686],[105.9992,9.7675],[106.0002,9.7673],[106.0007,9.7618],[106.0016,9.7571],[106.0016,9.754],[106.0012,9.7539],[105.9993,9.7528],[105.9989,9.7528],[105.9986,9.7535],[105.9979,9.7538],[105.9975,9.7542],[105.9976,9.7544],[105.9982,9.7548],[105.9983,9.7552],[105.9979,9.7553],[105.9965,9.7567],[105.9969,9.7575],[105.9969,9.7582],[105.9952,9.7599],[105.9942,9.7603],[105.9939,9.7603],[105.9934,9.7594],[105.9925,9.7596],[105.9923,9.7595],[105.9915,9.758],[105.9911,9.758],[105.9909,9.7575],[105.9905,9.7574],[105.9906,9.757],[105.9891,9.757],[105.9888,9.7571],[105.9887,9.7562],[105.9819,9.7555],[105.9788,9.7485],[105.9732,9.737],[105.9728,9.7362],[105.968,9.7194],[105.9799,9.7176],[105.9831,9.7178],[105.9847,9.7175],[105.9871,9.718],[105.9882,9.7178],[105.9901,9.717],[105.9909,9.7173],[105.9912,9.717],[105.9916,9.717],[105.9919,9.7165],[105.9924,9.7164],[105.993,9.7144],[105.9938,9.7144],[105.9937,9.7136],[105.9947,9.7118],[105.9949,9.7118],[105.9949,9.7106],[105.9964,9.7106],[105.9975,9.7107],[105.9975,9.7112],[105.999,9.7111],[106.0001,9.7114],[106.0012,9.7114],[106.0018,9.7116],[106.0024,9.7115],[106.0027,9.7112],[106.0032,9.7113],[106.0046,9.7112],[106.0049,9.7117],[106.0057,9.7123],[106.0066,9.7127],[106.0078,9.7124],[106.0086,9.7124],[106.01,9.7122],[106.0105,9.7124],[106.0112,9.7123],[106.0117,9.7121],[106.015,9.712],[106.0211,9.7147],[106.0211,9.7149],[106.0222,9.7148],[106.0229,9.7203],[106.0235,9.7217],[106.0257,9.7299],[106.0275,9.7307],[106.0291,9.7322],[106.0312,9.7351],[106.0328,9.7377],[106.0342,9.7404],[106.0341,9.7418],[106.0401,9.7417],[106.0449,9.7418],[106.0465,9.742],[106.0472,9.7423],[106.0474,9.7419],[106.0506,9.7413],[106.0509,9.7418],[106.053,9.7427],[106.0531,9.7425],[106.0542,9.743],[106.056,9.7422],[106.0566,9.7423],[106.0571,9.7415],[106.0579,9.7415],[106.0588,9.7418],[106.0615,9.7387],[106.0628,9.7391],[106.0629,9.7385],[106.0681,9.7399],[106.0702,9.7358],[106.0725,9.7365],[106.0807,9.7404],[106.0778,9.7458],[106.0759,9.749],[106.0753,9.7539],[106.0753,9.7593],[106.0735,9.7744]]]},"properties":{"code":"31552","name":"Nhơn Mỹ","nameEn":"Nhon My","fullName":"Xã Nhơn Mỹ","fullNameEn":"Nhon My Commune","codeName":"nhon_my","postalCode":"96310","postalCodePrefix":"","gisServerId":"diaphanhanhchinhcapxa_2025.268","areaKm2":79.73},"id":"31552"},
{"type":"Feature","geometry":{"type":"Polygon","coordinates":[[[105.9153,9.8119],[105.9154,9.8122],[105.9151,9.8149],[105.9147,9.8202],[105.9149,9.8203],[105.9167,9.8207],[105.9168,9.8213],[105.9155,9.8282],[105.9148,9.8286],[105.9143,9.8301],[105.9137,9.8308],[105.9131,9.8319],[105.9132,9.8325],[105.913,9.8331],[105.913,9.8339],[105.9123,9.8346],[105.912,9.8353],[105.9123,9.8363],[105.9118,9.8371],[105.9117,9.8377],[105.9127,9.8387],[105.9127,9.8392],[105.9122,9.8399],[105.9114,9.8403],[105.9108,9.8408],[105.9099,9.8409],[105.9096,9.8411],[105.9091,9.8418],[105.9088,9.8427],[105.9085,9.843],[105.9067,9.8433],[105.9055,9.8441],[105.9045,9.8445],[105.903,9.8446],[105.9014,9.8456],[105.8996,9.8463],[105.8993,9.847],[105.8991,9.8477],[105.8993,9.849],[105.8998,9.8504],[105.8997,9.8513],[105.8985,9.8535],[105.8985,9.8536],[105.8986,9.8537],[105.8979,9.8545],[105.8971,9.8559],[105.896,9.8567],[105.895,9.8573],[105.8911,9.8553],[105.8894,9.855],[105.8838,9.8545],[105.883,9.8542],[105.8848,9.8514],[105.8843,9.8511],[105.8785,9.8506],[105.8774,9.8493],[105.8754,9.8457],[105.8739,9.8462],[105.8733,9.8448],[105.8725,9.8444],[105.8729,9.8442],[105.8727,9.8438],[105.873,9.8437],[105.8729,9.8434],[105.8734,9.8432],[105.8733,9.8428],[105.8728,9.843],[105.8717,9.8407],[105.8668,9.8423],[105.8666,9.8416],[105.8578,9.845],[105.8564,9.8412],[105.8561,9.841],[105.8561,9.8405],[105.855,9.8353],[105.8531,9.8247],[105.8514,9.8196],[105.8485,9.8072],[105.8553,9.8055],[105.8534,9.8013],[105.8485,9.7766],[105.8483,9.7749],[105.8476,9.7743],[105.848,9.7737],[105.8474,9.7725],[105.8448,9.7641],[105.8441,9.7639],[105.8445,9.763],[105.8439,9.7585],[105.8435,9.7522],[105.8554,9.7521],[105.8624,9.7523],[105.8631,9.7529],[105.8651,9.75],[105.8654,9.7506],[105.8663,9.7508],[105.8755,9.7512],[105.876,9.7459],[105.8884,9.7464],[105.8985,9.7447],[105.8991,9.7447],[105.9005,9.7497],[105.9013,9.751],[105.9013,9.7515],[105.9016,9.752],[105.9015,9.754],[105.9019,9.7556],[105.9097,9.786],[105.9101,9.7867],[105.9091,9.787],[105.9095,9.7889],[105.9085,9.7891],[105.9091,9.7958],[105.9092,9.7958],[105.9099,9.8009],[105.91,9.8069],[105.9097,9.8095],[105.9112,9.81],[105.9111,9.8107],[105.9141,9.8117],[105.9153,9.8118],[105.9153,9.8119]]]},"properties":{"code":"31561","name":"Đại Hải","nameEn":"Dai Hai","fullName":"Xã Đại Hải","fullNameEn":"Dai Hai Commune","codeName":"dai_hai","postalCode":"96317","postalCodePrefix":"","gisServerId":"diaphanhanhchinhcapxa_2025.269","areaKm2":70.52},"id":"31561"},
{"type":"Feature","geometry":{"type":"Polygon","coordinates":[[[105.8169,9.6496],[105.8167,9.6494],[105.8155,9.6489],[105.8148,9.6488],[105.8145,9.649],[105.8143,9.6499],[105.8135,9.6507],[105.8134,9.6501],[105.8119,9.6508],[105.8087,9.6517],[105.8055,9.6525],[105.7999,9.6533],[105.7986,9.6559],[105.7899,9.6559],[105.7768,9.6563],[105.7539,9.6572],[105.75,9.6569],[105.7382,9.6572],[105.7419,9.646],[105.7448,9.6371],[105.7423,9.6292],[105.7438,9.6282],[105.7457,9.6256],[105.7468,9.6245],[105.7489,9.624],[105.7501,9.6228],[105.7517,9.6218],[105.7521,9.6177],[105.7519,9.6157],[105.7515,9.6141],[105.7515,9.6134],[105.7518,9.613],[105.7535,9.6121],[105.7546,9.6108],[105.7555,9.6083],[105.7557,9.6075],[105.7557,9.6063],[105.756,9.6064],[105.7564,9.6061],[105.7579,9.6039],[105.759,9.6041],[105.7598,9.6046],[105.7609,9.6047],[105.7614,9.6038],[105.7669,9.5983],[105.7685,9.5961],[105.7731,9.5911],[105.7735,9.5905],[105.7763,9.5881],[105.7799,9.584],[105.7819,9.5822],[105.783,9.5807],[105.7854,9.5784],[105.7854,9.5782],[105.7838,9.5768],[105.7838,9.5764],[105.7832,9.5761],[105.7831,9.5763],[105.7799,9.5741],[105.7797,9.5742],[105.7794,9.5736],[105.7803,9.5732],[105.7771,9.5696],[105.7725,9.5641],[105.7732,9.5609],[105.7744,9.5571],[105.7696,9.5564],[105.7717,9.552],[105.7717,9.5518],[105.7722,9.5519],[105.7737,9.5489],[105.7749,9.548],[105.7748,9.5469],[105.775,9.5465],[105.7768,9.5444],[105.7775,9.544],[105.7784,9.5428],[105.7796,9.5428],[105.7799,9.5423],[105.7813,9.5426],[105.7818,9.5423],[105.783,9.5427],[105.7836,9.5432],[105.7836,9.5436],[105.7841,9.545],[105.7841,9.5459],[105.7843,9.5474],[105.7846,9.5472],[105.7847,9.5469],[105.7859,9.5469],[105.7867,9.5471],[105.7872,9.5478],[105.7876,9.5479],[105.7878,9.5476],[105.788,9.5466],[105.7885,9.5458],[105.7889,9.5459],[105.789,9.5464],[105.7894,9.5465],[105.7904,9.5455],[105.7907,9.5447],[105.7916,9.5442],[105.7921,9.5429],[105.7919,9.5422],[105.792,9.542],[105.7925,9.5417],[105.7939,9.5419],[105.7958,9.5408],[105.7974,9.5415],[105.7983,9.5384],[105.799,9.5388],[105.7994,9.5384],[105.8,9.5381],[105.8008,9.5383],[105.8014,9.5383],[105.804,9.5404],[105.805,9.5406],[105.8063,9.5416],[105.8079,9.542],[105.8094,9.542],[105.8104,9.5423],[105.8109,9.5419],[105.8121,9.5424],[105.8125,9.5429],[105.8135,9.5422],[105.8159,9.5408],[105.8184,9.5387],[105.82,9.5378],[105.8215,9.5375],[105.8241,9.5379],[105.8248,9.5378],[105.8256,9.5374],[105.827,9.5359],[105.8278,9.5354],[105.8287,9.5354],[105.8306,9.5358],[105.8312,9.5357],[105.8319,9.5349],[105.8321,9.5335],[105.8318,9.5322],[105.8311,9.53],[105.8311,9.529],[105.8327,9.5254],[105.8329,9.5242],[105.8328,9.5229],[105.8334,9.5228],[105.8357,9.5233],[105.8358,9.5238],[105.8355,9.5246],[105.8363,9.5247],[105.8368,9.5243],[105.8371,9.5244],[105.8376,9.5254],[105.8376,9.5268],[105.8378,9.5276],[105.8387,9.5281],[105.8402,9.5286],[105.8418,9.5288],[105.8429,9.5287],[105.8417,9.5341],[105.842,9.5378],[105.8427,9.5384],[105.8425,9.5401],[105.8429,9.5403],[105.844,9.54],[105.8448,9.54],[105.8455,9.541],[105.8464,9.5427],[105.847,9.5429],[105.8477,9.5427],[105.8482,9.5432],[105.8482,9.5439],[105.849,9.5446],[105.8451,9.5444],[105.8427,9.544],[105.8427,9.5439],[105.839,9.5436],[105.8323,9.542],[105.8318,9.5436],[105.8319,9.544],[105.8319,9.5448],[105.8334,9.5451],[105.8332,9.5458],[105.8326,9.5456],[105.8321,9.5484],[105.8332,9.5488],[105.8331,9.5493],[105.8314,9.5489],[105.831,9.5538],[105.8387,9.5539],[105.8387,9.5572],[105.8384,9.5587],[105.8387,9.5587],[105.8377,9.5641],[105.8369,9.5639],[105.8368,9.5643],[105.8366,9.5646],[105.8268,9.5888],[105.8259,9.5884],[105.8257,9.5881],[105.8253,9.5873],[105.8249,9.587],[105.8251,9.5861],[105.8244,9.5857],[105.8239,9.5859],[105.8223,9.5856],[105.8217,9.5854],[105.8211,9.5849],[105.8208,9.5852],[105.8187,9.5857],[105.8186,9.5861],[105.819,9.5868],[105.8191,9.5873],[105.8185,9.5879],[105.8184,9.5893],[105.8173,9.5922],[105.8168,9.5941],[105.8157,9.5949],[105.8145,9.5962],[105.814,9.5975],[105.8144,9.598],[105.8145,9.5985],[105.8136,9.5997],[105.8136,9.6003],[105.8128,9.6001],[105.8124,9.6024],[105.8126,9.6051],[105.8125,9.6054],[105.8126,9.6057],[105.8137,9.6123],[105.8144,9.6176],[105.8142,9.6334],[105.8145,9.6341],[105.8215,9.6322],[105.8212,9.636],[105.821,9.6358],[105.8205,9.6359],[105.8165,9.6365],[105.8164,9.6373],[105.8168,9.6383],[105.8169,9.6415],[105.8168,9.6425],[105.8171,9.643],[105.8179,9.6434],[105.8182,9.6439],[105.818,9.6455],[105.8169,9.6496]]]},"properties":{"code":"31567","name":"Mỹ Tú","nameEn":"My Tu","fullName":"Xã Mỹ Tú","fullNameEn":"My Tu Commune","codeName":"my_tu","postalCode":"96460","postalCodePrefix":"","gisServerId":"diaphanhanhchinhcapxa_2025.275","areaKm2":86.63},"id":"31567"},
{"type":"Feature","geometry":{"type":"Polygon","coordinates":[[[105.9732,9.737],[105.9702,9.7397],[105.9698,9.7399],[105.9647,9.74],[105.9508,9.7401],[105.95,9.74],[105.9496,9.7397],[105.9494,9.739],[105.9491,9.7387],[105.9485,9.7385],[105.9482,9.7382],[105.9472,9.7382],[105.9472,9.7363],[105.9469,9.7359],[105.9462,9.7358],[105.9444,9.7359],[105.9423,9.7365],[105.942,9.7361],[105.941,9.7359],[105.9405,9.7363],[105.9372,9.7371],[105.9361,9.7369],[105.9356,9.7365],[105.9343,9.7365],[105.9342,9.7371],[105.9329,9.7371],[105.9329,9.7368],[105.9325,9.7364],[105.9313,9.7364],[105.9312,9.7374],[105.9294,9.7374],[105.9292,9.7372],[105.9285,9.7373],[105.9273,9.7371],[105.9271,9.7381],[105.9246,9.7377],[105.9246,9.7364],[105.9243,9.7346],[105.9237,9.7355],[105.9227,9.7359],[105.9216,9.7366],[105.921,9.7366],[105.9196,9.7362],[105.9181,9.7364],[105.9159,9.7364],[105.9143,9.7369],[105.9137,9.7374],[105.9131,9.7385],[105.9126,9.7396],[105.9098,9.744],[105.9065,9.7481],[105.9055,9.749],[105.9049,9.7493],[105.9038,9.7496],[105.9016,9.752],[105.9013,9.7515],[105.9013,9.751],[105.9005,9.7497],[105.8991,9.7447],[105.8972,9.7371],[105.9026,9.7346],[105.9015,9.7302],[105.9012,9.727],[105.9016,9.726],[105.9023,9.7258],[105.9038,9.726],[105.9035,9.7255],[105.8929,9.711],[105.8912,9.7004],[105.8865,9.6964],[105.8941,9.6957],[105.9005,9.6934],[105.9042,9.6963],[105.9066,9.6929],[105.9087,9.6939],[105.9101,9.6938],[105.9102,9.694],[105.9095,9.6953],[105.9098,9.6959],[105.9097,9.6969],[105.9099,9.6982],[105.9105,9.6994],[105.9112,9.6997],[105.9234,9.7092],[105.9275,9.7036],[105.9292,9.7036],[105.9301,9.703],[105.9303,9.7024],[105.9311,9.7014],[105.9312,9.7004],[105.9315,9.6996],[105.9318,9.6992],[105.933,9.6984],[105.9339,9.6988],[105.9348,9.6988],[105.9362,9.6996],[105.938,9.699],[105.9383,9.6989],[105.9396,9.6963],[105.9405,9.6956],[105.9416,9.6944],[105.9427,9.6925],[105.944,9.6909],[105.9461,9.6897],[105.9475,9.6896],[105.9497,9.6892],[105.9507,9.6878],[105.9542,9.6872],[105.9562,9.6875],[105.9575,9.6874],[105.959,9.6877],[105.9602,9.6877],[105.9618,9.6873],[105.9641,9.6872],[105.9653,9.6875],[105.9683,9.689],[105.9705,9.6894],[105.9717,9.6894],[105.974,9.6888],[105.9756,9.6881],[105.977,9.6862],[105.9785,9.6849],[105.9791,9.6846],[105.9821,9.684],[105.9838,9.684],[105.9864,9.6843],[105.9872,9.6858],[105.99,9.6845],[105.9903,9.6846],[105.9905,9.6848],[105.9906,9.6858],[105.9908,9.6863],[105.9911,9.6863],[105.9922,9.6858],[105.9926,9.6858],[105.9928,9.6862],[105.9927,9.6872],[105.9937,9.6882],[105.9937,9.6885],[105.9924,9.6902],[105.9921,9.6914],[105.9922,9.6925],[105.9925,9.6932],[105.996,9.696],[105.9965,9.6972],[105.9968,9.699],[105.9966,9.6994],[105.9935,9.6997],[105.9934,9.7],[105.9934,9.7006],[105.9944,9.702],[105.9951,9.7043],[105.9962,9.7064],[105.9973,9.7076],[105.9974,9.7087],[105.9963,9.7089],[105.9964,9.7106],[105.9949,9.7106],[105.9949,9.7118],[105.9947,9.7118],[105.9937,9.7136],[105.9938,9.7144],[105.993,9.7144],[105.9924,9.7164],[105.9919,9.7165],[105.9916,9.717],[105.9912,9.717],[105.9909,9.7173],[105.9901,9.717],[105.9882,9.7178],[105.9871,9.718],[105.9847,9.7175],[105.9831,9.7178],[105.9799,9.7176],[105.968,9.7194],[105.9728,9.7362],[105.9732,9.737]]]},"properties":{"code":"31569","name":"Phú Tâm","nameEn":"Phu Tam","fullName":"Xã Phú Tâm","fullNameEn":"Phu Tam Commune","codeName":"phu_tam","postalCode":"96407","postalCodePrefix":"","gisServerId":"diaphanhanhchinhcapxa_2025.271","areaKm2":48.88},"id":"31569"},
{"type":"Feature","geometry":{"type":"Polygon","coordinates":[[[105.8991,9.7447],[105.8985,9.7447],[105.8884,9.7464],[105.876,9.7459],[105.8755,9.7512],[105.8663,9.7508],[105.8654,9.7506],[105.8651,9.75],[105.8631,9.7529],[105.8624,9.7523],[105.8554,9.7521],[105.8435,9.7522],[105.8434,9.7488],[105.8391,9.7456],[105.8387,9.7448],[105.8384,9.7449],[105.8379,9.7447],[105.8364,9.7434],[105.8342,9.7423],[105.8105,9.728],[105.8097,9.7277],[105.8056,9.7253],[105.8001,9.722],[105.8,9.7218],[105.7991,9.72],[105.7991,9.7196],[105.7992,9.7195],[105.806,9.7176],[105.84,9.7054],[105.8392,9.7046],[105.8415,9.7021],[105.8402,9.7018],[105.8354,9.7033],[105.8293,9.7054],[105.8293,9.7018],[105.8292,9.7004],[105.827,9.6917],[105.8313,9.69],[105.8287,9.6766],[105.8282,9.6711],[105.8271,9.6711],[105.8254,9.6742],[105.8251,9.6733],[105.824,9.6719],[105.8235,9.6715],[105.8242,9.6703],[105.8239,9.6696],[105.824,9.6688],[105.8239,9.6684],[105.8235,9.6676],[105.8281,9.6679],[105.8279,9.6615],[105.8292,9.6571],[105.8302,9.658],[105.831,9.6597],[105.8318,9.6603],[105.8332,9.6607],[105.8345,9.6614],[105.8355,9.6615],[105.8364,9.6621],[105.8377,9.6621],[105.8385,9.6622],[105.8416,9.654],[105.8473,9.6558],[105.8474,9.6562],[105.8509,9.6554],[105.851,9.6562],[105.8526,9.6552],[105.854,9.6548],[105.8594,9.6536],[105.8661,9.6532],[105.8671,9.6524],[105.8676,9.6523],[105.8677,9.6529],[105.8687,9.6546],[105.8723,9.6558],[105.8751,9.6576],[105.8763,9.6585],[105.8807,9.6621],[105.8827,9.664],[105.883,9.6644],[105.8833,9.6657],[105.8854,9.6712],[105.8863,9.6726],[105.8828,9.6749],[105.8818,9.6753],[105.8817,9.6751],[105.8791,9.6759],[105.8792,9.676],[105.8787,9.6762],[105.8789,9.6771],[105.8767,9.6776],[105.8769,9.6784],[105.8757,9.6787],[105.8756,9.6776],[105.8746,9.6778],[105.8747,9.6786],[105.8737,9.6788],[105.8737,9.6785],[105.8724,9.6788],[105.8724,9.6793],[105.87,9.6799],[105.8676,9.6806],[105.8865,9.6964],[105.8912,9.7004],[105.8929,9.711],[105.9035,9.7255],[105.9038,9.726],[105.9023,9.7258],[105.9016,9.726],[105.9012,9.727],[105.9015,9.7302],[105.9026,9.7346],[105.8972,9.7371],[105.8991,9.7447]]]},"properties":{"code":"31570","name":"Hồ Đắc Kiện","nameEn":"Ho Dac Kien","fullName":"Xã Hồ Đắc Kiện","fullNameEn":"Ho Dac Kien Commune","codeName":"ho_dac_kien","postalCode":"96408","postalCodePrefix":"","gisServerId":"diaphanhanhchinhcapxa_2025.270","areaKm2":72.61},"id":"31570"},
{"type":"Feature","geometry":{"type":"Polygon","coordinates":[[[105.8235,9.6715],[105.824,9.6719],[105.8251,9.6733],[105.8254,9.6742],[105.8271,9.6711],[105.8282,9.6711],[105.8287,9.6766],[105.8313,9.69],[105.827,9.6917],[105.8292,9.7004],[105.8293,9.7018],[105.8293,9.7054],[105.8354,9.7033],[105.8402,9.7018],[105.8415,9.7021],[105.8392,9.7046],[105.84,9.7054],[105.806,9.7176],[105.7992,9.7195],[105.7991,9.7196],[105.7991,9.72],[105.8,9.7218],[105.7935,9.718],[105.7919,9.7168],[105.7903,9.7161],[105.7797,9.7097],[105.7777,9.7106],[105.7774,9.7101],[105.7695,9.7056],[105.7569,9.6979],[105.7413,9.6879],[105.7097,9.6682],[105.7045,9.6648],[105.697,9.6597],[105.6909,9.654],[105.669,9.6332],[105.6689,9.633],[105.6693,9.6319],[105.6716,9.6309],[105.6724,9.6301],[105.6749,9.6246],[105.6753,9.6247],[105.6995,9.633],[105.7038,9.6345],[105.7039,9.6347],[105.726,9.6415],[105.7419,9.646],[105.7382,9.6572],[105.75,9.6569],[105.7539,9.6572],[105.7768,9.6563],[105.7899,9.6559],[105.7986,9.6559],[105.7999,9.6533],[105.8055,9.6525],[105.8087,9.6517],[105.8119,9.6508],[105.8134,9.6501],[105.8135,9.6507],[105.8143,9.6499],[105.8145,9.649],[105.8148,9.6488],[105.8155,9.6489],[105.8167,9.6494],[105.8169,9.6496],[105.8171,9.6501],[105.818,9.6512],[105.8194,9.6524],[105.8183,9.6541],[105.8183,9.6552],[105.8175,9.6577],[105.8167,9.6581],[105.8165,9.6583],[105.8165,9.6588],[105.8168,9.6599],[105.8161,9.6611],[105.8169,9.6617],[105.8174,9.6628],[105.8181,9.6631],[105.8186,9.6636],[105.8188,9.6642],[105.8187,9.6656],[105.8198,9.6666],[105.8209,9.6686],[105.8217,9.6692],[105.8219,9.6696],[105.8225,9.6702],[105.8235,9.6715]]]},"properties":{"code":"31579","name":"Long Hưng","nameEn":"Long Hung","fullName":"Xã Long Hưng","fullNameEn":"Long Hung Commune","codeName":"long_hung","postalCode":"96457","postalCodePrefix":"","gisServerId":"diaphanhanhchinhcapxa_2025.272","areaKm2":79.71},"id":"31579"},
{"type":"Feature","geometry":{"type":"Polygon","coordinates":[[[105.9864,9.6843],[105.9838,9.684],[105.9821,9.684],[105.9791,9.6846],[105.9785,9.6849],[105.977,9.6862],[105.9756,9.6881],[105.974,9.6888],[105.9717,9.6894],[105.9705,9.6894],[105.9683,9.689],[105.9653,9.6875],[105.9641,9.6872],[105.9618,9.6873],[105.9602,9.6877],[105.959,9.6877],[105.9575,9.6874],[105.9562,9.6875],[105.9542,9.6872],[105.9507,9.6878],[105.9497,9.6892],[105.9475,9.6896],[105.9461,9.6897],[105.944,9.6909],[105.9427,9.6925],[105.9416,9.6944],[105.9405,9.6956],[105.9396,9.6963],[105.9383,9.6989],[105.938,9.699],[105.9362,9.6996],[105.9348,9.6988],[105.9339,9.6988],[105.933,9.6984],[105.9318,9.6992],[105.9315,9.6996],[105.9312,9.7004],[105.9311,9.7014],[105.9303,9.7024],[105.9301,9.703],[105.9292,9.7036],[105.9275,9.7036],[105.9234,9.7092],[105.9112,9.6997],[105.9105,9.6994],[105.9099,9.6982],[105.9097,9.6969],[105.9098,9.6959],[105.9095,9.6953],[105.9102,9.694],[105.9101,9.6938],[105.9087,9.6939],[105.9066,9.6929],[105.9042,9.6963],[105.9005,9.6934],[105.8941,9.6957],[105.8865,9.6964],[105.8676,9.6806],[105.87,9.6799],[105.8724,9.6793],[105.8724,9.6788],[105.8737,9.6785],[105.8737,9.6788],[105.8747,9.6786],[105.8746,9.6778],[105.8756,9.6776],[105.8757,9.6787],[105.8769,9.6784],[105.8767,9.6776],[105.8789,9.6771],[105.8787,9.6762],[105.8792,9.676],[105.8791,9.6759],[105.8817,9.6751],[105.8818,9.6753],[105.8828,9.6749],[105.8863,9.6726],[105.888,9.6709],[105.8896,9.6701],[105.8909,9.6692],[105.8923,9.6679],[105.8941,9.6668],[105.8951,9.6659],[105.8971,9.6647],[105.9002,9.6642],[105.9014,9.6638],[105.9025,9.6632],[105.9034,9.663],[105.9104,9.6595],[105.9112,9.659],[105.9144,9.6549],[105.9165,9.6534],[105.9169,9.6528],[105.9173,9.6535],[105.9166,9.6553],[105.9165,9.6568],[105.9171,9.6577],[105.9173,9.6582],[105.9172,9.6597],[105.9173,9.6602],[105.9185,9.6608],[105.9187,9.6612],[105.9186,9.6624],[105.9191,9.6633],[105.9186,9.6641],[105.9186,9.6645],[105.9197,9.665],[105.9211,9.6673],[105.9219,9.6681],[105.9231,9.6675],[105.9238,9.6661],[105.9242,9.6657],[105.925,9.6656],[105.9261,9.6661],[105.925,9.6675],[105.926,9.6684],[105.929,9.6671],[105.9304,9.6663],[105.9303,9.6654],[105.9325,9.6635],[105.9328,9.6639],[105.9334,9.6638],[105.9335,9.6637],[105.9369,9.6628],[105.9381,9.6624],[105.9386,9.6622],[105.9385,9.6618],[105.9396,9.6613],[105.9398,9.6614],[105.9415,9.6604],[105.9415,9.6599],[105.9418,9.6597],[105.942,9.6597],[105.9423,9.6594],[105.9431,9.6595],[105.9452,9.6583],[105.9453,9.6585],[105.9461,9.6579],[105.9463,9.658],[105.9473,9.6578],[105.9472,9.6573],[105.9478,9.6571],[105.9482,9.6575],[105.9485,9.6573],[105.9482,9.6568],[105.9494,9.6563],[105.9493,9.6561],[105.9524,9.6548],[105.9584,9.6525],[105.9602,9.6544],[105.9648,9.6482],[105.968,9.6466],[105.9741,9.6428],[105.9778,9.6421],[105.9787,9.6436],[105.9809,9.6461],[105.981,9.646],[105.981,9.6463],[105.9816,9.647],[105.9814,9.6482],[105.9818,9.6486],[105.9811,9.649],[105.9799,9.6491],[105.9798,9.6504],[105.9799,9.6519],[105.981,9.6557],[105.9817,9.6567],[105.9827,9.6567],[105.9831,9.6581],[105.9833,9.6581],[105.9838,9.6602],[105.984,9.6602],[105.9841,9.6606],[105.9839,9.6607],[105.9846,9.6638],[105.9856,9.6636],[105.9871,9.6774],[105.9875,9.6812],[105.9874,9.6816],[105.9877,9.6827],[105.9875,9.6836],[105.9873,9.684],[105.987,9.6842],[105.9864,9.6843]]]},"properties":{"code":"31582","name":"Thuận Hoà","nameEn":"Thuan Hoa","fullName":"Xã Thuận Hoà","fullNameEn":"Thuan Hoa Commune","codeName":"thuan_hoa","postalCode":"96409","postalCodePrefix":"","gisServerId":"diaphanhanhchinhcapxa_2025.273","areaKm2":45.86},"id":"31582"},
{"type":"Feature","geometry":{"type":"Polygon","coordinates":[[[105.8676,9.6523],[105.8671,9.6524],[105.8661,9.6532],[105.8594,9.6536],[105.854,9.6548],[105.8526,9.6552],[105.851,9.6562],[105.8509,9.6554],[105.8474,9.6562],[105.8473,9.6558],[105.8416,9.654],[105.8385,9.6622],[105.8377,9.6621],[105.8364,9.6621],[105.8355,9.6615],[105.8345,9.6614],[105.8332,9.6607],[105.8318,9.6603],[105.831,9.6597],[105.8302,9.658],[105.8292,9.6571],[105.8279,9.6615],[105.8281,9.6679],[105.8235,9.6676],[105.8239,9.6684],[105.824,9.6688],[105.8239,9.6696],[105.8242,9.6703],[105.8235,9.6715],[105.8225,9.6702],[105.8219,9.6696],[105.8217,9.6692],[105.8209,9.6686],[105.8198,9.6666],[105.8187,9.6656],[105.8188,9.6642],[105.8186,9.6636],[105.8181,9.6631],[105.8174,9.6628],[105.8169,9.6617],[105.8161,9.6611],[105.8168,9.6599],[105.8165,9.6588],[105.8165,9.6583],[105.8167,9.6581],[105.8175,9.6577],[105.8183,9.6552],[105.8183,9.6541],[105.8194,9.6524],[105.818,9.6512],[105.8171,9.6501],[105.8169,9.6496],[105.818,9.6455],[105.8182,9.6439],[105.8179,9.6434],[105.8171,9.643],[105.8168,9.6425],[105.8169,9.6415],[105.8168,9.6383],[105.8164,9.6373],[105.8165,9.6365],[105.8205,9.6359],[105.821,9.6358],[105.8212,9.636],[105.8215,9.6322],[105.8145,9.6341],[105.8142,9.6334],[105.8144,9.6176],[105.8137,9.6123],[105.8126,9.6057],[105.8125,9.6054],[105.8126,9.6051],[105.8124,9.6024],[105.8128,9.6001],[105.8136,9.6003],[105.8136,9.5997],[105.8145,9.5985],[105.8144,9.598],[105.814,9.5975],[105.8145,9.5962],[105.8157,9.5949],[105.8168,9.5941],[105.8173,9.5922],[105.8184,9.5893],[105.8185,9.5879],[105.8191,9.5873],[105.819,9.5868],[105.8186,9.5861],[105.8187,9.5857],[105.8208,9.5852],[105.8211,9.5849],[105.8217,9.5854],[105.8223,9.5856],[105.8239,9.5859],[105.8244,9.5857],[105.8251,9.5861],[105.8249,9.587],[105.8253,9.5873],[105.8257,9.5881],[105.8259,9.5884],[105.8268,9.5888],[105.8366,9.5646],[105.8368,9.5643],[105.8369,9.5639],[105.8377,9.5641],[105.8387,9.5587],[105.8384,9.5587],[105.8387,9.5572],[105.8387,9.5539],[105.831,9.5538],[105.8314,9.5489],[105.8331,9.5493],[105.8332,9.5488],[105.8321,9.5484],[105.8326,9.5456],[105.8332,9.5458],[105.8334,9.5451],[105.8319,9.5448],[105.8319,9.544],[105.8318,9.5436],[105.8323,9.542],[105.839,9.5436],[105.8427,9.5439],[105.8427,9.544],[105.8451,9.5444],[105.849,9.5446],[105.8482,9.5439],[105.8482,9.5432],[105.8477,9.5427],[105.847,9.5429],[105.8464,9.5427],[105.8455,9.541],[105.8448,9.54],[105.844,9.54],[105.8429,9.5403],[105.8425,9.5401],[105.8427,9.5384],[105.842,9.5378],[105.8417,9.5341],[105.8429,9.5287],[105.8441,9.5288],[105.8444,9.5284],[105.8459,9.5279],[105.8466,9.528],[105.8471,9.5277],[105.8479,9.5283],[105.8492,9.5285],[105.8523,9.5277],[105.8534,9.5278],[105.8537,9.5273],[105.8542,9.5272],[105.8593,9.5276],[105.862,9.5283],[105.8624,9.5243],[105.8656,9.5252],[105.8658,9.5245],[105.8673,9.5249],[105.8676,9.5242],[105.8705,9.5255],[105.8702,9.5265],[105.8717,9.5268],[105.8719,9.5265],[105.8727,9.5267],[105.8732,9.5238],[105.8816,9.5254],[105.8875,9.5275],[105.8876,9.5275],[105.887,9.5281],[105.8876,9.5287],[105.8875,9.5289],[105.8882,9.5294],[105.8878,9.53],[105.8888,9.5307],[105.8882,9.5314],[105.8895,9.5321],[105.8891,9.5329],[105.8897,9.5335],[105.889,9.5342],[105.8898,9.5347],[105.8895,9.5353],[105.89,9.5356],[105.8896,9.5362],[105.89,9.5366],[105.8898,9.5368],[105.8908,9.5377],[105.8901,9.5382],[105.8909,9.5388],[105.8906,9.5395],[105.8916,9.54],[105.8915,9.5403],[105.8923,9.5408],[105.8918,9.5416],[105.8928,9.5422],[105.8932,9.543],[105.8928,9.5439],[105.8939,9.5443],[105.8936,9.5448],[105.8945,9.5454],[105.8944,9.5457],[105.8946,9.5459],[105.8944,9.5463],[105.8955,9.5469],[105.8953,9.5473],[105.8958,9.5476],[105.8955,9.5491],[105.8965,9.5494],[105.8961,9.5502],[105.8963,9.5504],[105.8959,9.5514],[105.9091,9.56],[105.911,9.561],[105.9121,9.5619],[105.9124,9.5625],[105.913,9.563],[105.915,9.5641],[105.9164,9.5654],[105.9166,9.5657],[105.9164,9.5666],[105.9176,9.5675],[105.918,9.5682],[105.9179,9.5691],[105.9183,9.5698],[105.9171,9.5714],[105.9193,9.5717],[105.9209,9.5723],[105.9217,9.5724],[105.9226,9.574],[105.9223,9.5741],[105.9227,9.5752],[105.9242,9.5748],[105.925,9.5764],[105.9257,9.5772],[105.9282,9.5792],[105.93,9.5802],[105.9301,9.5814],[105.9287,9.5824],[105.9275,9.5828],[105.9324,9.588],[105.9353,9.5852],[105.9369,9.584],[105.9375,9.585],[105.942,9.5901],[105.945,9.5949],[105.9454,9.5955],[105.9444,9.5968],[105.9432,9.5975],[105.9432,9.5981],[105.9428,9.5992],[105.935,9.5908],[105.932,9.5936],[105.9305,9.5941],[105.9292,9.595],[105.9274,9.5922],[105.9271,9.591],[105.9272,9.5909],[105.9264,9.589],[105.9175,9.592],[105.9171,9.5922],[105.9141,9.5933],[105.9138,9.5932],[105.911,9.5942],[105.9107,9.5941],[105.907,9.595],[105.9062,9.5954],[105.9042,9.5948],[105.9044,9.5942],[105.9031,9.5937],[105.903,9.5957],[105.9025,9.5956],[105.9017,9.597],[105.8982,9.5997],[105.8975,9.5989],[105.8965,9.5981],[105.8906,9.5949],[105.8879,9.597],[105.8813,9.5999],[105.879,9.6012],[105.8688,9.608],[105.8679,9.6087],[105.8687,9.6122],[105.8665,9.613],[105.8687,9.6182],[105.8607,9.6232],[105.8618,9.6244],[105.863,9.6253],[105.8632,9.6256],[105.8632,9.6269],[105.8634,9.6276],[105.8638,9.6282],[105.8643,9.6285],[105.8644,9.6294],[105.8648,9.6296],[105.8649,9.6301],[105.866,9.6312],[105.8664,9.6314],[105.8672,9.6327],[105.8678,9.6357],[105.8678,9.6365],[105.8676,9.6367],[105.8666,9.6369],[105.8662,9.6387],[105.8652,9.6394],[105.8652,9.6402],[105.8631,9.6411],[105.8623,9.6412],[105.8625,9.6422],[105.8633,9.6435],[105.8646,9.6445],[105.8662,9.6466],[105.8675,9.6497],[105.8676,9.6523]]]},"properties":{"code":"31591","name":"Mỹ Hương","nameEn":"My Huong","fullName":"Xã Mỹ Hương","fullNameEn":"My Huong Commune","codeName":"my_huong","postalCode":"96459","postalCodePrefix":"","gisServerId":"diaphanhanhchinhcapxa_2025.274","areaKm2":104.74},"id":"31591"},
{"type":"Feature","geometry":{"type":"Polygon","coordinates":[[[105.9778,9.6421],[105.9741,9.6428],[105.968,9.6466],[105.9648,9.6482],[105.9602,9.6544],[105.9584,9.6525],[105.9524,9.6548],[105.9493,9.6561],[105.9494,9.6563],[105.9482,9.6568],[105.9485,9.6573],[105.9482,9.6575],[105.9478,9.6571],[105.9472,9.6573],[105.9473,9.6578],[105.9463,9.658],[105.9461,9.6579],[105.9453,9.6585],[105.9452,9.6583],[105.9431,9.6595],[105.9423,9.6594],[105.942,9.6597],[105.9418,9.6597],[105.9415,9.6599],[105.9415,9.6604],[105.9398,9.6614],[105.9396,9.6613],[105.9385,9.6618],[105.9386,9.6622],[105.9381,9.6624],[105.9369,9.6628],[105.9335,9.6637],[105.9334,9.6638],[105.9328,9.6639],[105.9325,9.6635],[105.9303,9.6654],[105.9304,9.6663],[105.929,9.6671],[105.926,9.6684],[105.925,9.6675],[105.9261,9.6661],[105.925,9.6656],[105.9242,9.6657],[105.9238,9.6661],[105.9231,9.6675],[105.9219,9.6681],[105.9211,9.6673],[105.9197,9.665],[105.9186,9.6645],[105.9186,9.6641],[105.9191,9.6633],[105.9186,9.6624],[105.9187,9.6612],[105.9185,9.6608],[105.9173,9.6602],[105.9172,9.6597],[105.9173,9.6582],[105.9171,9.6577],[105.9165,9.6568],[105.9166,9.6553],[105.9173,9.6535],[105.9169,9.6528],[105.9165,9.6534],[105.9144,9.6549],[105.9112,9.659],[105.9104,9.6595],[105.9034,9.663],[105.9025,9.6632],[105.9014,9.6638],[105.9002,9.6642],[105.8971,9.6647],[105.8951,9.6659],[105.8941,9.6668],[105.8923,9.6679],[105.8909,9.6692],[105.8896,9.6701],[105.888,9.6709],[105.8863,9.6726],[105.8854,9.6712],[105.8833,9.6657],[105.883,9.6644],[105.8827,9.664],[105.8807,9.6621],[105.8763,9.6585],[105.8751,9.6576],[105.8723,9.6558],[105.8687,9.6546],[105.8677,9.6529],[105.8676,9.6523],[105.8675,9.6497],[105.8662,9.6466],[105.8646,9.6445],[105.8633,9.6435],[105.8625,9.6422],[105.8623,9.6412],[105.8631,9.6411],[105.8652,9.6402],[105.8652,9.6394],[105.8662,9.6387],[105.8666,9.6369],[105.8676,9.6367],[105.8678,9.6365],[105.8678,9.6357],[105.8672,9.6327],[105.8664,9.6314],[105.866,9.6312],[105.8649,9.6301],[105.8648,9.6296],[105.8644,9.6294],[105.8643,9.6285],[105.8638,9.6282],[105.8634,9.6276],[105.8632,9.6269],[105.8632,9.6256],[105.863,9.6253],[105.8618,9.6244],[105.8607,9.6232],[105.8687,9.6182],[105.8665,9.613],[105.8687,9.6122],[105.8679,9.6087],[105.8688,9.608],[105.879,9.6012],[105.8813,9.5999],[105.8879,9.597],[105.8906,9.5949],[105.8965,9.5981],[105.8975,9.5989],[105.8982,9.5997],[105.9017,9.597],[105.9025,9.5956],[105.903,9.5957],[105.9031,9.5937],[105.9044,9.5942],[105.9042,9.5948],[105.9062,9.5954],[105.907,9.595],[105.9107,9.5941],[105.911,9.5942],[105.9138,9.5932],[105.9141,9.5933],[105.9171,9.5922],[105.9175,9.592],[105.9264,9.589],[105.9272,9.5909],[105.9271,9.591],[105.9274,9.5922],[105.9292,9.595],[105.9305,9.5941],[105.932,9.5936],[105.935,9.5908],[105.9428,9.5992],[105.9413,9.6011],[105.9404,9.6027],[105.9402,9.6035],[105.9416,9.6038],[105.9393,9.6083],[105.9396,9.6083],[105.9399,9.6086],[105.9439,9.6154],[105.9442,9.6157],[105.9439,9.6161],[105.9445,9.6165],[105.9455,9.6185],[105.9463,9.6193],[105.9473,9.6219],[105.948,9.6223],[105.9491,9.6237],[105.9504,9.6259],[105.9511,9.6281],[105.9523,9.6301],[105.9537,9.6319],[105.9529,9.633],[105.9546,9.6361],[105.9539,9.6362],[105.9531,9.6369],[105.9547,9.6385],[105.9595,9.6427],[105.966,9.6405],[105.9671,9.6329],[105.9724,9.6311],[105.973,9.632],[105.9731,9.6331],[105.9739,9.6342],[105.9755,9.6379],[105.9778,9.6421]]]},"properties":{"code":"31594","name":"An Ninh","nameEn":"An Ninh","fullName":"Xã An Ninh","fullNameEn":"An Ninh Commune","codeName":"an_ninh","postalCode":"96411","postalCodePrefix":"","gisServerId":"diaphanhanhchinhcapxa_2025.276","areaKm2":68.81},"id":"31594"},
{"type":"Feature","geometry":{"type":"Polygon","coordinates":[[[105.7696,9.5564],[105.7744,9.5571],[105.7732,9.5609],[105.7725,9.5641],[105.7771,9.5696],[105.7803,9.5732],[105.7794,9.5736],[105.7797,9.5742],[105.7799,9.5741],[105.7831,9.5763],[105.7832,9.5761],[105.7838,9.5764],[105.7838,9.5768],[105.7854,9.5782],[105.7854,9.5784],[105.783,9.5807],[105.7819,9.5822],[105.7799,9.584],[105.7763,9.5881],[105.7735,9.5905],[105.7731,9.5911],[105.7685,9.5961],[105.7669,9.5983],[105.7614,9.6038],[105.7609,9.6047],[105.7598,9.6046],[105.759,9.6041],[105.7579,9.6039],[105.7564,9.6061],[105.756,9.6064],[105.7557,9.6063],[105.7557,9.6075],[105.7555,9.6083],[105.7546,9.6108],[105.7535,9.6121],[105.7518,9.613],[105.7515,9.6134],[105.7515,9.6141],[105.7519,9.6157],[105.7521,9.6177],[105.7517,9.6218],[105.7501,9.6228],[105.7489,9.624],[105.7468,9.6245],[105.7457,9.6256],[105.7438,9.6282],[105.7423,9.6292],[105.7448,9.6371],[105.7419,9.646],[105.726,9.6415],[105.7039,9.6347],[105.7038,9.6345],[105.6995,9.633],[105.6753,9.6247],[105.6749,9.6246],[105.6752,9.6237],[105.6745,9.6235],[105.6785,9.6159],[105.6777,9.6062],[105.6767,9.591],[105.6775,9.5907],[105.6768,9.5869],[105.6772,9.5864],[105.6771,9.5859],[105.6763,9.5848],[105.6759,9.5803],[105.675,9.5683],[105.6758,9.5671],[105.6761,9.5658],[105.6764,9.5649],[105.6767,9.5646],[105.6768,9.5636],[105.6772,9.5627],[105.6782,9.5616],[105.6788,9.5613],[105.6789,9.561],[105.6788,9.5603],[105.6764,9.5597],[105.6836,9.5356],[105.6891,9.5362],[105.7026,9.5387],[105.7306,9.5479],[105.7319,9.5482],[105.7402,9.5499],[105.7468,9.5511],[105.7488,9.5516],[105.7496,9.5522],[105.7514,9.5524],[105.7696,9.5564]]]},"properties":{"code":"31603","name":"Mỹ Phước","nameEn":"My Phuoc","fullName":"Xã Mỹ Phước","fullNameEn":"My Phuoc Commune","codeName":"my_phuoc","postalCode":"96461","postalCodePrefix":"","gisServerId":"diaphanhanhchinhcapxa_2025.277","areaKm2":97.36},"id":"31603"},
{"type":"Feature","geometry":{"type":"Polygon","coordinates":[[[106.2497,9.6151],[106.248,9.6162],[106.2457,9.618],[106.244,9.6196],[106.2401,9.624],[106.2223,9.6398],[106.216,9.6449],[106.1897,9.6694],[106.1713,9.6872],[106.1582,9.7016],[106.1513,9.7088],[106.1268,9.7325],[106.115,9.7468],[106.1134,9.749],[106.1102,9.752],[106.1066,9.7551],[106.1012,9.7594],[106.0947,9.7639],[106.0887,9.7671],[106.0848,9.769],[106.0781,9.7715],[106.0748,9.7735],[106.0735,9.7744],[106.0753,9.7593],[106.0753,9.7539],[106.0759,9.749],[106.0778,9.7458],[106.0807,9.7404],[106.0932,9.7177],[106.0955,9.7123],[106.0992,9.7021],[106.1054,9.6869],[106.1135,9.6696],[106.1214,9.6566],[106.1244,9.6526],[106.1337,9.6444],[106.1363,9.6415],[106.1376,9.6488],[106.1376,9.6517],[106.1373,9.6534],[106.1379,9.6544],[106.1386,9.6562],[106.1404,9.6582],[106.141,9.6582],[106.1425,9.6574],[106.1443,9.6569],[106.1455,9.6567],[106.1463,9.6562],[106.147,9.656],[106.1477,9.6564],[106.1488,9.6564],[106.1496,9.6567],[106.1498,9.6574],[106.1521,9.6564],[106.1546,9.6548],[106.1594,9.6581],[106.1647,9.6621],[106.1675,9.6589],[106.1703,9.6562],[106.1807,9.6483],[106.1842,9.6449],[106.1939,9.6306],[106.1957,9.6284],[106.1978,9.626],[106.1999,9.624],[106.2077,9.618],[106.2109,9.6153],[106.2145,9.6119],[106.2221,9.604],[106.2252,9.6011],[106.2265,9.6001],[106.2283,9.5995],[106.2299,9.5993],[106.2318,9.5997],[106.2326,9.6002],[106.2353,9.6024],[106.2406,9.6077],[106.2452,9.6111],[106.2497,9.6151]]]},"properties":{"code":"31615","name":"An Thạnh","nameEn":"An Thanh","fullName":"Xã An Thạnh","fullNameEn":"An Thanh Commune","codeName":"an_thanh","postalCode":"96914","postalCodePrefix":"","gisServerId":"diaphanhanhchinhcapxa_2025.278","areaKm2":94.92},"id":"31615"},
{"type":"Feature","geometry":{"type":"Polygon","coordinates":[[[106.2497,9.6151],[106.2452,9.6111],[106.2406,9.6077],[106.2353,9.6024],[106.2326,9.6002],[106.2318,9.5997],[106.2299,9.5993],[106.2283,9.5995],[106.2265,9.6001],[106.2252,9.6011],[106.2221,9.604],[106.2145,9.6119],[106.2109,9.6153],[106.2077,9.618],[106.1999,9.624],[106.1978,9.626],[106.1957,9.6284],[106.1939,9.6306],[106.1842,9.6449],[106.1807,9.6483],[106.1703,9.6562],[106.1675,9.6589],[106.1647,9.6621],[106.1594,9.6581],[106.1546,9.6548],[106.1521,9.6564],[106.1498,9.6574],[106.1496,9.6567],[106.1488,9.6564],[106.1477,9.6564],[106.147,9.656],[106.1463,9.6562],[106.1455,9.6567],[106.1443,9.6569],[106.1425,9.6574],[106.141,9.6582],[106.1404,9.6582],[106.1386,9.6562],[106.1379,9.6544],[106.1373,9.6534],[106.1376,9.6517],[106.1376,9.6488],[106.1363,9.6415],[106.1387,9.6386],[106.1414,9.6348],[106.143,9.6318],[106.1446,9.6294],[106.1482,9.624],[106.1535,9.6166],[106.1669,9.6013],[106.1744,9.5918],[106.1839,9.5791],[106.1893,9.5708],[106.1915,9.5665],[106.1932,9.5636],[106.1955,9.5589],[106.1982,9.5532],[106.2022,9.5431],[106.2038,9.5397],[106.2059,9.536],[106.2067,9.5342],[106.2095,9.5271],[106.2153,9.5157],[106.2177,9.5106],[106.2187,9.5081],[106.2195,9.5055],[106.2272,9.509],[106.2275,9.509],[106.2273,9.5086],[106.2274,9.5083],[106.2313,9.499],[106.2336,9.4931],[106.2345,9.4914],[106.2354,9.4912],[106.2366,9.49],[106.2369,9.49],[106.2373,9.4903],[106.2376,9.4903],[106.2378,9.49],[106.2382,9.4897],[106.2402,9.4898],[106.2444,9.491],[106.2485,9.4926],[106.2507,9.4941],[106.2512,9.4948],[106.2534,9.4962],[106.2586,9.4995],[106.2642,9.5038],[106.2659,9.5054],[106.2663,9.506],[106.2682,9.5079],[106.2688,9.5098],[106.27,9.5107],[106.2698,9.5117],[106.27,9.5125],[106.2705,9.513],[106.2713,9.5132],[106.2716,9.5135],[106.2725,9.5152],[106.2734,9.5161],[106.2737,9.517],[106.2733,9.5176],[106.2748,9.5185],[106.2753,9.5189],[106.2759,9.5206],[106.2771,9.521],[106.2778,9.522],[106.2782,9.5229],[106.2783,9.5238],[106.2789,9.5248],[106.2788,9.5261],[106.28,9.5273],[106.2807,9.5287],[106.2814,9.5312],[106.2827,9.5333],[106.2836,9.5352],[106.2859,9.5405],[106.288,9.5459],[106.2889,9.5489],[106.2894,9.5497],[106.2901,9.5545],[106.29,9.5557],[106.2923,9.5623],[106.2929,9.5649],[106.2931,9.5665],[106.2929,9.5716],[106.2933,9.5747],[106.2931,9.5758],[106.2926,9.5765],[106.2913,9.5779],[106.2895,9.5791],[106.2982,9.5885],[106.2827,9.5974],[106.2733,9.6037],[106.2607,9.61],[106.2518,9.614],[106.2497,9.6151]]]},"properties":{"code":"31633","name":"Cù Lao Dung","nameEn":"Cu Lao Dung","fullName":"Xã Cù Lao Dung","fullNameEn":"Cu Lao Dung Commune","codeName":"cu_lao_dung","postalCode":"96915","postalCodePrefix":"","gisServerId":"diaphanhanhchinhcapxa_2025.279","areaKm2":150.13},"id":"31633"},
{"type":"Feature","geometry":{"type":"Polygon","coordinates":[[[106.1363,9.6415],[106.1337,9.6444],[106.1244,9.6526],[106.1214,9.6566],[106.1179,9.6551],[106.1139,9.6542],[106.1115,9.6534],[106.11,9.6519],[106.1079,9.6508],[106.1058,9.6503],[106.1044,9.6501],[106.1011,9.6494],[106.0995,9.6501],[106.099,9.6501],[106.098,9.6502],[106.0975,9.6498],[106.0976,9.6495],[106.099,9.6131],[106.1007,9.6127],[106.0982,9.5883],[106.0821,9.5864],[106.0822,9.5816],[106.0809,9.582],[106.0789,9.5809],[106.0759,9.5813],[106.0701,9.5813],[106.07,9.5823],[106.0694,9.5822],[106.0691,9.5821],[106.0692,9.5811],[106.0686,9.5805],[106.0677,9.5804],[106.0664,9.5799],[106.0662,9.5801],[106.0663,9.5809],[106.0661,9.5814],[106.0653,9.5817],[106.0644,9.5817],[106.0639,9.5816],[106.0634,9.5811],[106.0632,9.5806],[106.0634,9.5799],[106.0638,9.5799],[106.0645,9.5795],[106.0652,9.5785],[106.0649,9.5745],[106.0651,9.5741],[106.0657,9.574],[106.067,9.5743],[106.068,9.5735],[106.0694,9.574],[106.0702,9.5739],[106.071,9.573],[106.0707,9.5717],[106.0737,9.571],[106.073,9.5704],[106.0739,9.5696],[106.0741,9.5692],[106.0741,9.5687],[106.0737,9.5679],[106.0733,9.5676],[106.0731,9.5676],[106.0725,9.5679],[106.0722,9.5679],[106.072,9.5676],[106.0718,9.567],[106.0732,9.5653],[106.0737,9.5643],[106.0747,9.5641],[106.0755,9.5643],[106.076,9.5642],[106.0765,9.5639],[106.0769,9.5633],[106.0772,9.5625],[106.078,9.562],[106.0783,9.5613],[106.079,9.561],[106.0797,9.5608],[106.0807,9.5598],[106.082,9.5589],[106.083,9.5588],[106.0845,9.5578],[106.0848,9.5574],[106.0848,9.5561],[106.0858,9.5554],[106.0862,9.5556],[106.0905,9.5566],[106.0905,9.5553],[106.0912,9.5538],[106.0954,9.554],[106.0917,9.5415],[106.1098,9.5475],[106.1113,9.548],[106.111,9.557],[106.1339,9.5527],[106.1327,9.5593],[106.1403,9.5605],[106.139,9.5675],[106.1563,9.5673],[106.1517,9.5759],[106.175,9.5744],[106.1763,9.5751],[106.1781,9.5755],[106.1839,9.5791],[106.1744,9.5918],[106.1669,9.6013],[106.1535,9.6166],[106.1482,9.624],[106.1446,9.6294],[106.143,9.6318],[106.1414,9.6348],[106.1387,9.6386],[106.1363,9.6415]]]},"properties":{"code":"31639","name":"Long Phú","nameEn":"Long Phu","fullName":"Xã Long Phú","fullNameEn":"Long Phu Commune","codeName":"long_phu","postalCode":"96216","postalCodePrefix":"","gisServerId":"diaphanhanhchinhcapxa_2025.283","areaKm2":76.77},"id":"31639"},
{"type":"Feature","geometry":{"type":"Polygon","coordinates":[[[106.0807,9.7404],[106.0725,9.7365],[106.0702,9.7358],[106.0681,9.7399],[106.0629,9.7385],[106.0628,9.7391],[106.0615,9.7387],[106.0588,9.7418],[106.0579,9.7415],[106.0571,9.7415],[106.0566,9.7423],[106.056,9.7422],[106.0542,9.743],[106.0531,9.7425],[106.053,9.7427],[106.0509,9.7418],[106.0506,9.7413],[106.0474,9.7419],[106.0472,9.7423],[106.0465,9.742],[106.0449,9.7418],[106.0401,9.7417],[106.0341,9.7418],[106.0342,9.7404],[106.0328,9.7377],[106.0312,9.7351],[106.0291,9.7322],[106.0275,9.7307],[106.0367,9.7334],[106.0396,9.734],[106.0479,9.7296],[106.0484,9.7287],[106.052,9.7257],[106.0541,9.725],[106.0536,9.7232],[106.0553,9.7218],[106.0566,9.7208],[106.0581,9.7199],[106.0615,9.7185],[106.0617,9.7179],[106.062,9.718],[106.0622,9.7176],[106.062,9.7175],[106.065,9.7161],[106.0632,9.7109],[106.0628,9.707],[106.0625,9.7062],[106.062,9.7055],[106.0614,9.705],[106.0585,9.7036],[106.0563,9.7019],[106.0553,9.7006],[106.0551,9.699],[106.0551,9.6984],[106.0564,9.698],[106.0588,9.6968],[106.0597,9.6965],[106.0629,9.697],[106.0662,9.6982],[106.0666,9.6981],[106.0676,9.697],[106.0687,9.6946],[106.0698,9.6928],[106.0698,9.6923],[106.0677,9.6893],[106.0655,9.6867],[106.0653,9.6862],[106.0654,9.6855],[106.0657,9.685],[106.0673,9.6828],[106.0692,9.6792],[106.0696,9.6788],[106.0697,9.6781],[106.0695,9.6767],[106.0688,9.6761],[106.0678,9.6756],[106.0657,9.6742],[106.0622,9.6724],[106.0616,9.672],[106.0618,9.6713],[106.063,9.6693],[106.0658,9.6655],[106.0657,9.6633],[106.0661,9.6632],[106.0668,9.6624],[106.0682,9.662],[106.0685,9.6627],[106.0695,9.6667],[106.0748,9.6668],[106.0747,9.6683],[106.0749,9.669],[106.0757,9.6698],[106.0757,9.6707],[106.0763,9.6718],[106.0764,9.6728],[106.0771,9.673],[106.0783,9.6723],[106.0818,9.6721],[106.0852,9.6722],[106.0891,9.6726],[106.0892,9.6724],[106.0922,9.6734],[106.096,9.6651],[106.1019,9.6544],[106.1029,9.6521],[106.1068,9.6528],[106.1079,9.6508],[106.11,9.6519],[106.1115,9.6534],[106.1139,9.6542],[106.1179,9.6551],[106.1214,9.6566],[106.1135,9.6696],[106.1054,9.6869],[106.0992,9.7021],[106.0955,9.7123],[106.0932,9.7177],[106.0807,9.7404]]]},"properties":{"code":"31645","name":"Đại Ngãi","nameEn":"Dai Ngai","fullName":"Xã Đại Ngãi","fullNameEn":"Dai Ngai Commune","codeName":"dai_ngai","postalCode":"96209","postalCodePrefix":"","gisServerId":"diaphanhanhchinhcapxa_2025.280","areaKm2":37.67},"id":"31645"},
{"type":"Feature","geometry":{"type":"Polygon","coordinates":[[[106.0657,9.6633],[106.0658,9.6655],[106.063,9.6693],[106.0618,9.6713],[106.0616,9.672],[106.0622,9.6724],[106.0657,9.6742],[106.0678,9.6756],[106.0688,9.6761],[106.0695,9.6767],[106.0697,9.6781],[106.0696,9.6788],[106.0692,9.6792],[106.0673,9.6828],[106.0657,9.685],[106.0654,9.6855],[106.0653,9.6862],[106.0655,9.6867],[106.0677,9.6893],[106.0698,9.6923],[106.0698,9.6928],[106.0687,9.6946],[106.0676,9.697],[106.0666,9.6981],[106.0662,9.6982],[106.0629,9.697],[106.0597,9.6965],[106.0588,9.6968],[106.0564,9.698],[106.0551,9.6984],[106.0551,9.699],[106.0553,9.7006],[106.0563,9.7019],[106.0585,9.7036],[106.0614,9.705],[106.062,9.7055],[106.0625,9.7062],[106.0628,9.707],[106.0632,9.7109],[106.065,9.7161],[106.062,9.7175],[106.0622,9.7176],[106.062,9.718],[106.0617,9.7179],[106.0615,9.7185],[106.0581,9.7199],[106.0566,9.7208],[106.0553,9.7218],[106.0536,9.7232],[106.0541,9.725],[106.052,9.7257],[106.0484,9.7287],[106.0479,9.7296],[106.0396,9.734],[106.0367,9.7334],[106.0275,9.7307],[106.0257,9.7299],[106.0235,9.7217],[106.0229,9.7203],[106.0222,9.7148],[106.0211,9.7149],[106.0211,9.7147],[106.015,9.712],[106.0117,9.7121],[106.0112,9.7123],[106.0105,9.7124],[106.01,9.7122],[106.0086,9.7124],[106.0078,9.7124],[106.0066,9.7127],[106.0057,9.7123],[106.0049,9.7117],[106.0046,9.7112],[106.0032,9.7113],[106.0027,9.7112],[106.0024,9.7115],[106.0018,9.7116],[106.0012,9.7114],[106.0001,9.7114],[105.999,9.7111],[105.9975,9.7112],[105.9975,9.7107],[105.9964,9.7106],[105.9963,9.7089],[105.9974,9.7087],[105.9973,9.7076],[105.9962,9.7064],[105.9951,9.7043],[105.9944,9.702],[105.9934,9.7006],[105.9934,9.7],[105.9935,9.6997],[105.9966,9.6994],[105.9968,9.699],[105.9965,9.6972],[105.996,9.696],[105.9925,9.6932],[105.9922,9.6925],[105.9921,9.6914],[105.9924,9.6902],[105.9937,9.6885],[105.9937,9.6882],[105.9927,9.6872],[105.9928,9.6862],[105.9926,9.6858],[105.9922,9.6858],[105.9911,9.6863],[105.9908,9.6863],[105.9906,9.6858],[105.9905,9.6848],[105.9903,9.6846],[105.99,9.6845],[105.9872,9.6858],[105.9864,9.6843],[105.987,9.6842],[105.9873,9.684],[105.9875,9.6836],[105.9877,9.6827],[105.9874,9.6816],[105.9875,9.6812],[105.9871,9.6774],[105.9856,9.6636],[105.9846,9.6638],[105.9839,9.6607],[105.9841,9.6606],[105.984,9.6602],[105.9838,9.6602],[105.9833,9.6581],[105.9831,9.6581],[105.9827,9.6567],[105.9849,9.6564],[105.9859,9.6565],[105.9875,9.6578],[105.9878,9.6583],[105.9878,9.6588],[105.9881,9.6595],[105.9892,9.6606],[105.99,9.6607],[105.9906,9.6607],[105.9905,9.6594],[105.991,9.6581],[105.9923,9.6581],[105.9923,9.6573],[105.9962,9.6579],[105.9977,9.6579],[106.0007,9.6574],[106.0013,9.6586],[106.0086,9.6564],[106.0073,9.6509],[106.022,9.6513],[106.0228,9.6512],[106.0231,9.6499],[106.0267,9.6501],[106.0268,9.6492],[106.027,9.649],[106.0274,9.649],[106.0277,9.6486],[106.0286,9.649],[106.0289,9.6493],[106.0288,9.6499],[106.0289,9.6502],[106.0293,9.6502],[106.03,9.6498],[106.0304,9.6498],[106.0309,9.6509],[106.0315,9.6511],[106.0317,9.6518],[106.0327,9.6523],[106.033,9.6529],[106.0335,9.6533],[106.0338,9.6555],[106.0336,9.657],[106.0337,9.6575],[106.0357,9.6592],[106.0368,9.6586],[106.0382,9.6584],[106.0397,9.6578],[106.0423,9.6574],[106.0444,9.6557],[106.0458,9.6554],[106.0463,9.6547],[106.0473,9.6563],[106.0477,9.6573],[106.0479,9.6587],[106.0479,9.6597],[106.0471,9.6637],[106.0472,9.664],[106.0487,9.6634],[106.0576,9.6608],[106.0602,9.6617],[106.0643,9.6619],[106.0651,9.6624],[106.0657,9.6633]]]},"properties":{"code":"31654","name":"Trường Khánh","nameEn":"Truong Khanh","fullName":"Xã Trường Khánh","fullNameEn":"Truong Khanh Commune","codeName":"truong_khanh","postalCode":"96211","postalCodePrefix":"","gisServerId":"diaphanhanhchinhcapxa_2025.281","areaKm2":58.33},"id":"31654"},
{"type":"Feature","geometry":{"type":"Polygon","coordinates":[[[106.1079,9.6508],[106.1068,9.6528],[106.1029,9.6521],[106.1019,9.6544],[106.096,9.6651],[106.0922,9.6734],[106.0892,9.6724],[106.0891,9.6726],[106.0852,9.6722],[106.0818,9.6721],[106.0783,9.6723],[106.0771,9.673],[106.0764,9.6728],[106.0763,9.6718],[106.0757,9.6707],[106.0757,9.6698],[106.0749,9.669],[106.0747,9.6683],[106.0748,9.6668],[106.0695,9.6667],[106.0685,9.6627],[106.0682,9.662],[106.0668,9.6624],[106.0661,9.6632],[106.0657,9.6633],[106.0651,9.6624],[106.0643,9.6619],[106.0602,9.6617],[106.0576,9.6608],[106.0487,9.6634],[106.0472,9.664],[106.0471,9.6637],[106.0479,9.6597],[106.0479,9.6587],[106.0477,9.6573],[106.0473,9.6563],[106.0463,9.6547],[106.0458,9.6554],[106.0444,9.6557],[106.0423,9.6574],[106.0397,9.6578],[106.0382,9.6584],[106.0368,9.6586],[106.0357,9.6592],[106.0337,9.6575],[106.0336,9.657],[106.0338,9.6555],[106.0335,9.6533],[106.033,9.6529],[106.0327,9.6523],[106.0317,9.6518],[106.0315,9.6511],[106.0309,9.6509],[106.0304,9.6498],[106.03,9.6498],[106.0293,9.6502],[106.0289,9.6502],[106.0288,9.6499],[106.0289,9.6493],[106.0286,9.649],[106.0277,9.6486],[106.0274,9.649],[106.027,9.649],[106.0267,9.6484],[106.0263,9.6481],[106.0266,9.6473],[106.0265,9.6467],[106.0258,9.6462],[106.025,9.6459],[106.0244,9.6445],[106.0236,9.6442],[106.0229,9.6437],[106.0223,9.6439],[106.022,9.6429],[106.0223,9.6424],[106.0221,9.6398],[106.0214,9.6386],[106.0203,9.6379],[106.02,9.6374],[106.0195,9.6357],[106.0193,9.6355],[106.0189,9.6353],[106.0193,9.6343],[106.0235,9.633],[106.04,9.6315],[106.0408,9.631],[106.0411,9.6307],[106.0381,9.6252],[106.0372,9.624],[106.0364,9.6218],[106.0351,9.6196],[106.0314,9.615],[106.0283,9.6108],[106.0258,9.608],[106.0248,9.6063],[106.0241,9.6056],[106.0254,9.6042],[106.0235,9.6018],[106.0236,9.6017],[106.0233,9.6005],[106.0191,9.593],[106.0177,9.5903],[106.0172,9.5891],[106.0154,9.5823],[106.0149,9.5809],[106.0145,9.5804],[106.0149,9.5801],[106.0153,9.58],[106.0165,9.5808],[106.0173,9.5835],[106.0181,9.5842],[106.0209,9.5836],[106.0209,9.5845],[106.0216,9.5847],[106.0219,9.5819],[106.0229,9.5815],[106.0238,9.5817],[106.0242,9.5821],[106.0245,9.5826],[106.0247,9.5845],[106.0247,9.5864],[106.025,9.5866],[106.0258,9.5857],[106.0262,9.585],[106.0262,9.5845],[106.0256,9.5833],[106.0257,9.5831],[106.0287,9.5847],[106.0318,9.5855],[106.0323,9.5853],[106.0326,9.5847],[106.0326,9.5842],[106.0303,9.5818],[106.0304,9.5814],[106.031,9.5812],[106.0323,9.5813],[106.0333,9.5817],[106.0352,9.5821],[106.0364,9.5827],[106.0377,9.5839],[106.0382,9.584],[106.0389,9.5838],[106.0394,9.5834],[106.0397,9.5823],[106.0394,9.5819],[106.0388,9.5813],[106.0386,9.5809],[106.0384,9.5796],[106.0392,9.5789],[106.0402,9.5785],[106.0405,9.5788],[106.0411,9.5812],[106.0418,9.5816],[106.0449,9.5826],[106.0463,9.5814],[106.0469,9.5813],[106.0473,9.5815],[106.0477,9.5823],[106.0478,9.583],[106.0472,9.5856],[106.0472,9.5863],[106.0478,9.5872],[106.0489,9.5875],[106.0496,9.5871],[106.0502,9.5861],[106.0501,9.5855],[106.0489,9.5844],[106.0487,9.5838],[106.0491,9.5827],[106.0498,9.5821],[106.0512,9.5818],[106.0532,9.5822],[106.0539,9.5828],[106.0548,9.5844],[106.0551,9.5846],[106.0556,9.5847],[106.0565,9.584],[106.0569,9.5832],[106.0579,9.5825],[106.0591,9.5824],[106.0607,9.5829],[106.0614,9.5828],[106.0616,9.5824],[106.0615,9.582],[106.0606,9.5813],[106.0604,9.5808],[106.0626,9.58],[106.0634,9.5799],[106.0632,9.5806],[106.0634,9.5811],[106.0639,9.5816],[106.0644,9.5817],[106.0653,9.5817],[106.0661,9.5814],[106.0663,9.5809],[106.0662,9.5801],[106.0664,9.5799],[106.0677,9.5804],[106.0686,9.5805],[106.0692,9.5811],[106.0691,9.5821],[106.0694,9.5822],[106.07,9.5823],[106.0701,9.5813],[106.0759,9.5813],[106.0789,9.5809],[106.0809,9.582],[106.0822,9.5816],[106.0821,9.5864],[106.0982,9.5883],[106.1007,9.6127],[106.099,9.6131],[106.0976,9.6495],[106.0975,9.6498],[106.098,9.6502],[106.099,9.6501],[106.0995,9.6501],[106.1011,9.6494],[106.1044,9.6501],[106.1058,9.6503],[106.1079,9.6508]]]},"properties":{"code":"31666","name":"Tân Thạnh","nameEn":"Tan Thanh","fullName":"Xã Tân Thạnh","fullNameEn":"Tan Thanh Commune","codeName":"tan_thanh","postalCode":"96214","postalCodePrefix":"","gisServerId":"diaphanhanhchinhcapxa_2025.282","areaKm2":70.8},"id":"31666"},
{"type":"Feature","geometry":{"type":"Polygon","coordinates":[[[106.1689,9.424],[106.1692,9.4243],[106.1716,9.4246],[106.1729,9.4249],[106.1736,9.4254],[106.1759,9.4288],[106.176,9.4292],[106.1757,9.4297],[106.1765,9.4297],[106.1777,9.4311],[106.178,9.4326],[106.1794,9.4334],[106.1827,9.4369],[106.1821,9.4385],[106.1816,9.4389],[106.1833,9.4381],[106.1839,9.438],[106.1853,9.4388],[106.1861,9.4387],[106.1863,9.4394],[106.1895,9.4422],[106.1903,9.4425],[106.1903,9.443],[106.1929,9.4451],[106.1937,9.4452],[106.196,9.4473],[106.196,9.4475],[106.1952,9.4481],[106.1898,9.4513],[106.1898,9.4515],[106.1958,9.4479],[106.1971,9.4478],[106.1974,9.4479],[106.1978,9.4484],[106.1984,9.4485],[106.1995,9.4491],[106.2025,9.4514],[106.206,9.4552],[106.2069,9.4567],[106.2082,9.463],[106.2074,9.4642],[106.2076,9.4651],[106.2074,9.4659],[106.2077,9.4661],[106.2074,9.4668],[106.2051,9.4673],[106.2026,9.467],[106.2005,9.4678],[106.2005,9.4679],[106.2026,9.4671],[106.2051,9.4674],[106.2072,9.467],[106.2074,9.4671],[106.2066,9.4674],[106.2074,9.4673],[106.2076,9.4678],[106.2087,9.468],[106.2089,9.4696],[106.2094,9.47],[106.2094,9.4711],[106.2098,9.4722],[106.21,9.4742],[106.2103,9.4745],[106.2104,9.4751],[106.21,9.4757],[106.2102,9.477],[106.2104,9.4772],[106.2102,9.479],[106.2092,9.4791],[106.2079,9.4795],[106.2061,9.4794],[106.2038,9.4797],[106.2039,9.4799],[106.2063,9.4795],[106.2083,9.4797],[106.2101,9.4804],[106.2102,9.4809],[106.2106,9.4814],[106.2107,9.4844],[106.2113,9.4854],[106.2114,9.4863],[106.2115,9.493],[106.212,9.4975],[106.212,9.499],[106.2116,9.5001],[106.2112,9.5003],[106.2049,9.499],[106.2058,9.4994],[106.21,9.5003],[106.2118,9.5013],[106.2121,9.5016],[106.2121,9.5022],[106.2195,9.5055],[106.2187,9.5081],[106.2177,9.5106],[106.2153,9.5157],[106.2095,9.5271],[106.2067,9.5342],[106.2059,9.536],[106.2038,9.5397],[106.2022,9.5431],[106.1982,9.5532],[106.1955,9.5589],[106.1932,9.5636],[106.1915,9.5665],[106.1893,9.5708],[106.1839,9.5791],[106.1781,9.5755],[106.1763,9.5751],[106.175,9.5744],[106.1517,9.5759],[106.1563,9.5673],[106.139,9.5675],[106.1403,9.5605],[106.1327,9.5593],[106.1339,9.5527],[106.111,9.557],[106.1113,9.548],[106.1098,9.5475],[106.1102,9.5418],[106.1229,9.54],[106.1279,9.5387],[106.1281,9.5393],[106.1309,9.5393],[106.1363,9.5397],[106.1374,9.5338],[106.1449,9.5341],[106.1446,9.528],[106.1456,9.5281],[106.1456,9.5256],[106.1459,9.5256],[106.1459,9.5239],[106.1461,9.5228],[106.1464,9.5219],[106.1471,9.5219],[106.1474,9.5154],[106.1482,9.512],[106.1481,9.5086],[106.1484,9.5086],[106.1488,9.5022],[106.1638,9.5046],[106.164,9.5038],[106.164,9.5016],[106.1647,9.4996],[106.1644,9.4968],[106.1647,9.4948],[106.1647,9.4923],[106.173,9.4939],[106.175,9.4727],[106.1633,9.438],[106.1598,9.4299],[106.16,9.4296],[106.1607,9.4292],[106.1687,9.4245],[106.1689,9.424]]]},"properties":{"code":"31673","name":"Trần Đề","nameEn":"Tran De","fullName":"Xã Trần Đề","fullNameEn":"Tran De Commune","codeName":"tran_de","postalCode":"96706","postalCodePrefix":"","gisServerId":"diaphanhanhchinhcapxa_2025.284","areaKm2":93.92},"id":"31673"},
{"type":"Feature","geometry":{"type":"Polygon","coordinates":[[[106.1374,9.5338],[106.1363,9.5397],[106.1309,9.5393],[106.1281,9.5393],[106.1279,9.5387],[106.1229,9.54],[106.1102,9.5418],[106.1098,9.5475],[106.0917,9.5415],[106.0819,9.5072],[106.0815,9.5074],[106.0814,9.5068],[106.0808,9.5072],[106.0801,9.506],[106.0814,9.5053],[106.0774,9.4942],[106.0766,9.4945],[106.0677,9.4944],[106.0678,9.4929],[106.0658,9.493],[106.0655,9.4946],[106.058,9.4937],[106.0556,9.4937],[106.0556,9.4934],[106.0544,9.4933],[106.0544,9.4938],[106.0532,9.4936],[106.0532,9.4931],[106.0503,9.4927],[106.0504,9.491],[106.0489,9.491],[106.0489,9.4915],[106.0462,9.4911],[106.0454,9.4898],[106.0455,9.4881],[106.0457,9.4873],[106.0466,9.4876],[106.0478,9.4873],[106.0479,9.4865],[106.0485,9.4858],[106.0488,9.4843],[106.0493,9.4841],[106.0503,9.4839],[106.0515,9.4839],[106.0517,9.4837],[106.0463,9.4799],[106.0462,9.4796],[106.0553,9.4769],[106.0565,9.4732],[106.0564,9.4724],[106.0557,9.4701],[106.0553,9.4672],[106.0548,9.466],[106.0543,9.4656],[106.0523,9.4648],[106.0506,9.4652],[106.0501,9.4651],[106.0494,9.462],[106.0483,9.4604],[106.048,9.4602],[106.0473,9.4583],[106.0464,9.4569],[106.0463,9.4564],[106.0477,9.4522],[106.0487,9.4485],[106.0516,9.4494],[106.0533,9.4503],[106.0556,9.4518],[106.0588,9.4533],[106.0607,9.4536],[106.0623,9.4535],[106.0647,9.453],[106.0654,9.4526],[106.07,9.4489],[106.0714,9.448],[106.0735,9.447],[106.0758,9.4465],[106.0801,9.4449],[106.0827,9.4435],[106.0872,9.4397],[106.0901,9.4378],[106.0985,9.4338],[106.1003,9.4331],[106.1059,9.4322],[106.1073,9.4316],[106.1081,9.4309],[106.1091,9.4298],[106.1116,9.4257],[106.1135,9.4236],[106.1159,9.422],[106.1191,9.4204],[106.1228,9.418],[106.1249,9.4164],[106.1268,9.4154],[106.1287,9.414],[106.1306,9.4128],[106.1316,9.4142],[106.1307,9.415],[106.1307,9.4155],[106.1318,9.4164],[106.1323,9.4174],[106.1333,9.4183],[106.1335,9.4187],[106.1333,9.4193],[106.1326,9.4199],[106.1325,9.4204],[106.1313,9.4209],[106.1308,9.4214],[106.1301,9.4215],[106.13,9.4217],[106.1279,9.422],[106.1284,9.4246],[106.129,9.4268],[106.1309,9.4313],[106.133,9.4315],[106.133,9.4316],[106.1326,9.4391],[106.1312,9.4557],[106.1311,9.4591],[106.1321,9.4893],[106.1292,9.4894],[106.1293,9.4906],[106.1284,9.4908],[106.1287,9.4926],[106.1273,9.4927],[106.1277,9.5008],[106.1282,9.5008],[106.128,9.5073],[106.1293,9.5073],[106.1286,9.5137],[106.1305,9.5138],[106.13,9.5178],[106.1294,9.5198],[106.1294,9.523],[106.1301,9.5231],[106.1324,9.5271],[106.1339,9.5289],[106.1353,9.531],[106.1367,9.5338],[106.1374,9.5338]]]},"properties":{"code":"31675","name":"Liêu Tú","nameEn":"Lieu Tu","fullName":"Xã Liêu Tú","fullNameEn":"Lieu Tu Commune","codeName":"lieu_tu","postalCode":"96711","postalCodePrefix":"","gisServerId":"diaphanhanhchinhcapxa_2025.285","areaKm2":83.15},"id":"31675"},
{"type":"Feature","geometry":{"type":"Polygon","coordinates":[[[106.1689,9.424],[106.1687,9.4245],[106.1607,9.4292],[106.16,9.4296],[106.1598,9.4299],[106.1633,9.438],[106.175,9.4727],[106.173,9.4939],[106.1647,9.4923],[106.1647,9.4948],[106.1644,9.4968],[106.1647,9.4996],[106.164,9.5016],[106.164,9.5038],[106.1638,9.5046],[106.1488,9.5022],[106.1484,9.5086],[106.1481,9.5086],[106.1482,9.512],[106.1474,9.5154],[106.1471,9.5219],[106.1464,9.5219],[106.1461,9.5228],[106.1459,9.5239],[106.1459,9.5256],[106.1456,9.5256],[106.1456,9.5281],[106.1446,9.528],[106.1449,9.5341],[106.1374,9.5338],[106.1367,9.5338],[106.1353,9.531],[106.1339,9.5289],[106.1324,9.5271],[106.1301,9.5231],[106.1294,9.523],[106.1294,9.5198],[106.13,9.5178],[106.1305,9.5138],[106.1286,9.5137],[106.1293,9.5073],[106.128,9.5073],[106.1282,9.5008],[106.1277,9.5008],[106.1273,9.4927],[106.1287,9.4926],[106.1284,9.4908],[106.1293,9.4906],[106.1292,9.4894],[106.1321,9.4893],[106.1311,9.4591],[106.1312,9.4557],[106.1326,9.4391],[106.133,9.4316],[106.133,9.4315],[106.1309,9.4313],[106.129,9.4268],[106.1284,9.4246],[106.1279,9.422],[106.13,9.4217],[106.1301,9.4215],[106.1308,9.4214],[106.1313,9.4209],[106.1325,9.4204],[106.1326,9.4199],[106.1333,9.4193],[106.1335,9.4187],[106.1333,9.4183],[106.1323,9.4174],[106.1318,9.4164],[106.1307,9.4155],[106.1307,9.415],[106.1316,9.4142],[106.1306,9.4128],[106.1325,9.4112],[106.1376,9.4038],[106.1386,9.4027],[106.1398,9.4019],[106.1406,9.4016],[106.1418,9.4015],[106.1432,9.4015],[106.1443,9.402],[106.1456,9.4028],[106.1504,9.4067],[106.156,9.4117],[106.1611,9.4171],[106.1666,9.4208],[106.1689,9.424]]]},"properties":{"code":"31679","name":"Lịch Hội Thượng","nameEn":"Lich Hoi Thuong","fullName":"Xã Lịch Hội Thượng","fullNameEn":"Lich Hoi Thuong Commune","codeName":"lich_hoi_thuong","postalCode":"96709","postalCodePrefix":"","gisServerId":"diaphanhanhchinhcapxa_2025.286","areaKm2":48.99},"id":"31679"},
{"type":"Feature","geometry":{"type":"Polygon","coordinates":[[[105.9979,9.572],[106.0015,9.5767],[105.9979,9.5767],[105.9972,9.5774],[105.9904,9.5742],[105.9888,9.5785],[105.9738,9.5731],[105.9704,9.5717],[105.9686,9.5714],[105.9675,9.5717],[105.9638,9.5722],[105.965,9.5741],[105.9611,9.5758],[105.9586,9.5772],[105.9567,9.5747],[105.9543,9.5769],[105.9531,9.5777],[105.9556,9.5864],[105.945,9.5949],[105.942,9.5901],[105.9375,9.585],[105.9369,9.584],[105.9353,9.5852],[105.9324,9.588],[105.9275,9.5828],[105.9287,9.5824],[105.9301,9.5814],[105.93,9.5802],[105.9282,9.5792],[105.9257,9.5772],[105.925,9.5764],[105.9242,9.5748],[105.9227,9.5752],[105.9223,9.5741],[105.9226,9.574],[105.9217,9.5724],[105.9209,9.5723],[105.9193,9.5717],[105.9171,9.5714],[105.9183,9.5698],[105.9179,9.5691],[105.918,9.5682],[105.9176,9.5675],[105.9164,9.5666],[105.9166,9.5657],[105.9164,9.5654],[105.915,9.5641],[105.913,9.563],[105.9124,9.5625],[105.9121,9.5619],[105.911,9.561],[105.9091,9.56],[105.8959,9.5514],[105.8963,9.5504],[105.8961,9.5502],[105.8965,9.5494],[105.8955,9.5491],[105.8958,9.5476],[105.8953,9.5473],[105.8955,9.5469],[105.8944,9.5463],[105.8946,9.5459],[105.8944,9.5457],[105.8945,9.5454],[105.8936,9.5448],[105.8939,9.5443],[105.8928,9.5439],[105.8932,9.543],[105.8928,9.5422],[105.8918,9.5416],[105.8923,9.5408],[105.8915,9.5403],[105.8916,9.54],[105.8906,9.5395],[105.8909,9.5388],[105.8901,9.5382],[105.8908,9.5377],[105.8898,9.5368],[105.89,9.5366],[105.8896,9.5362],[105.89,9.5356],[105.8895,9.5353],[105.8898,9.5347],[105.889,9.5342],[105.8897,9.5335],[105.8891,9.5329],[105.8895,9.5321],[105.8882,9.5314],[105.8888,9.5307],[105.8878,9.53],[105.8882,9.5294],[105.8875,9.5289],[105.8876,9.5287],[105.887,9.5281],[105.8876,9.5275],[105.8875,9.5275],[105.8911,9.5222],[105.892,9.5153],[105.8942,9.5158],[105.9073,9.5219],[105.9194,9.5285],[105.9376,9.5413],[105.9464,9.5513],[105.9525,9.5577],[105.9565,9.5623],[105.9616,9.5601],[105.9752,9.5583],[105.9749,9.5574],[105.9737,9.5463],[105.9739,9.5462],[105.9734,9.5461],[105.9724,9.5449],[105.9716,9.5451],[105.9703,9.5443],[105.9694,9.5442],[105.9691,9.544],[105.9688,9.5439],[105.9644,9.5395],[105.9712,9.5348],[105.9736,9.5335],[105.9737,9.5335],[105.9746,9.5331],[105.976,9.5323],[105.9773,9.5331],[105.978,9.5338],[105.9783,9.5347],[105.979,9.5349],[105.9799,9.5386],[105.9805,9.5395],[105.9815,9.5397],[105.984,9.5389],[105.985,9.5388],[105.9882,9.5398],[105.9902,9.5402],[105.9908,9.5401],[105.9916,9.5404],[105.9918,9.5403],[105.9919,9.5395],[105.9925,9.5387],[105.9929,9.5388],[105.9937,9.5385],[105.9939,9.5385],[105.9945,9.5398],[105.9953,9.5396],[105.9952,9.5384],[105.9962,9.5381],[105.9968,9.5382],[105.997,9.5399],[105.998,9.5398],[105.9983,9.5394],[105.9998,9.5385],[105.9998,9.5382],[105.9989,9.5366],[106,9.5361],[106.0002,9.5362],[106.0006,9.5368],[106.0013,9.5368],[106.0018,9.5371],[106.0019,9.5369],[106.0015,9.5357],[106.0018,9.5352],[106.0022,9.5351],[106.0024,9.5353],[106.0026,9.5365],[106.0031,9.5366],[106.0039,9.5363],[106.0037,9.5357],[106.0039,9.535],[106.0029,9.5343],[106.0035,9.5332],[106.0044,9.5336],[106.0046,9.5334],[106.0047,9.5328],[106.0051,9.5327],[106.0064,9.533],[106.0071,9.5337],[106.0064,9.5349],[106.0072,9.5357],[106.0077,9.5359],[106.0081,9.5373],[106.0091,9.5384],[106.008,9.5401],[106.0053,9.5461],[106.0044,9.5479],[106.0027,9.5531],[106.0025,9.5542],[106.001,9.555],[106.0005,9.5573],[106.0018,9.559],[106.0016,9.5608],[106.0018,9.5615],[106.0032,9.5628],[106.0035,9.5634],[106.0035,9.5644],[106.0033,9.5646],[106.0028,9.5657],[106.0021,9.5664],[106.0018,9.5667],[106.0009,9.5671],[105.9997,9.568],[105.9988,9.5683],[105.9975,9.5682],[105.9973,9.5685],[105.9961,9.5682],[105.9957,9.5694],[105.9957,9.5704],[105.9962,9.5709],[105.9979,9.572]]]},"properties":{"code":"31684","name":"Mỹ Xuyên","nameEn":"My Xuyen","fullName":"Phường Mỹ Xuyên","fullNameEn":"My Xuyen Ward","codeName":"my_xuyen","postalCode":"96118","postalCodePrefix":"","gisServerId":"diaphanhanhchinhcapxa_2025.287","areaKm2":48.34},"id":"31684"},
{"type":"Feature","geometry":{"type":"Polygon","coordinates":[[[106.0634,9.5799],[106.0626,9.58],[106.0604,9.5808],[106.0606,9.5813],[106.0615,9.582],[106.0616,9.5824],[106.0614,9.5828],[106.0607,9.5829],[106.0591,9.5824],[106.0579,9.5825],[106.0569,9.5832],[106.0565,9.584],[106.0556,9.5847],[106.0551,9.5846],[106.0548,9.5844],[106.0539,9.5828],[106.0532,9.5822],[106.0512,9.5818],[106.0498,9.5821],[106.0491,9.5827],[106.0487,9.5838],[106.0489,9.5844],[106.0501,9.5855],[106.0502,9.5861],[106.0496,9.5871],[106.0489,9.5875],[106.0478,9.5872],[106.0472,9.5863],[106.0472,9.5856],[106.0478,9.583],[106.0477,9.5823],[106.0473,9.5815],[106.0469,9.5813],[106.0463,9.5814],[106.0449,9.5826],[106.0418,9.5816],[106.0411,9.5812],[106.0405,9.5788],[106.0402,9.5785],[106.0392,9.5789],[106.0384,9.5796],[106.0386,9.5809],[106.0388,9.5813],[106.0394,9.5819],[106.0397,9.5823],[106.0394,9.5834],[106.0389,9.5838],[106.0382,9.584],[106.0377,9.5839],[106.0364,9.5827],[106.0352,9.5821],[106.0333,9.5817],[106.0323,9.5813],[106.031,9.5812],[106.0304,9.5814],[106.0303,9.5818],[106.0326,9.5842],[106.0326,9.5847],[106.0323,9.5853],[106.0318,9.5855],[106.0287,9.5847],[106.0257,9.5831],[106.0256,9.5833],[106.0262,9.5845],[106.0262,9.585],[106.0258,9.5857],[106.025,9.5866],[106.0247,9.5864],[106.0247,9.5845],[106.0245,9.5826],[106.0242,9.5821],[106.0238,9.5817],[106.0229,9.5815],[106.0219,9.5819],[106.0216,9.5847],[106.0209,9.5845],[106.0209,9.5836],[106.0181,9.5842],[106.0173,9.5835],[106.0165,9.5808],[106.0153,9.58],[106.0149,9.5801],[106.0145,9.5804],[106.0137,9.5814],[106.0132,9.5818],[106.0124,9.5819],[106.0116,9.5814],[106.0114,9.5808],[106.0116,9.5801],[106.0132,9.5783],[106.013,9.5766],[106.0128,9.5763],[106.0123,9.5762],[106.0112,9.5768],[106.0106,9.5768],[106.0099,9.5764],[106.0101,9.5757],[106.011,9.575],[106.0113,9.5742],[106.011,9.5732],[106.0107,9.5727],[106.0104,9.5725],[106.0102,9.5724],[106.007,9.5737],[106.0067,9.5736],[106.0067,9.5732],[106.0079,9.5721],[106.0085,9.5713],[106.0084,9.5706],[106.0077,9.5698],[106.007,9.5697],[106.003,9.5714],[106.0002,9.5714],[105.9979,9.572],[105.9962,9.5709],[105.9957,9.5704],[105.9957,9.5694],[105.9961,9.5682],[105.9973,9.5685],[105.9975,9.5682],[105.9988,9.5683],[105.9997,9.568],[106.0009,9.5671],[106.0018,9.5667],[106.0021,9.5664],[106.0028,9.5657],[106.0033,9.5646],[106.0035,9.5644],[106.0035,9.5634],[106.0032,9.5628],[106.0018,9.5615],[106.0016,9.5608],[106.0018,9.559],[106.0005,9.5573],[106.001,9.555],[106.0025,9.5542],[106.0027,9.5531],[106.0044,9.5479],[106.0053,9.5461],[106.008,9.5401],[106.0091,9.5384],[106.0081,9.5373],[106.0077,9.5359],[106.0072,9.5357],[106.0064,9.5349],[106.0071,9.5337],[106.0102,9.5336],[106.0112,9.5333],[106.0134,9.5334],[106.014,9.5343],[106.0141,9.5341],[106.0163,9.5337],[106.0209,9.535],[106.0222,9.5348],[106.0242,9.5355],[106.0247,9.5341],[106.0255,9.5343],[106.0316,9.5285],[106.0338,9.527],[106.0334,9.5175],[106.0422,9.5091],[106.0418,9.5087],[106.0415,9.5088],[106.041,9.5087],[106.0402,9.5082],[106.0396,9.5067],[106.0395,9.5059],[106.0383,9.5056],[106.0384,9.505],[106.039,9.5043],[106.0389,9.5037],[106.0392,9.5032],[106.0387,9.5024],[106.0387,9.5013],[106.0394,9.5011],[106.0409,9.4996],[106.0429,9.4983],[106.0452,9.4959],[106.0454,9.4949],[106.0459,9.495],[106.0466,9.4921],[106.0462,9.4911],[106.0489,9.4915],[106.0489,9.491],[106.0504,9.491],[106.0503,9.4927],[106.0532,9.4931],[106.0532,9.4936],[106.0544,9.4938],[106.0544,9.4933],[106.0556,9.4934],[106.0556,9.4937],[106.058,9.4937],[106.0655,9.4946],[106.0658,9.493],[106.0678,9.4929],[106.0677,9.4944],[106.0766,9.4945],[106.0774,9.4942],[106.0814,9.5053],[106.0801,9.506],[106.0808,9.5072],[106.0814,9.5068],[106.0815,9.5074],[106.0819,9.5072],[106.0917,9.5415],[106.0954,9.554],[106.0912,9.5538],[106.0905,9.5553],[106.0905,9.5566],[106.0862,9.5556],[106.0858,9.5554],[106.0848,9.5561],[106.0848,9.5574],[106.0845,9.5578],[106.083,9.5588],[106.082,9.5589],[106.0807,9.5598],[106.0797,9.5608],[106.079,9.561],[106.0783,9.5613],[106.078,9.562],[106.0772,9.5625],[106.0769,9.5633],[106.0765,9.5639],[106.076,9.5642],[106.0755,9.5643],[106.0747,9.5641],[106.0737,9.5643],[106.0732,9.5653],[106.0718,9.567],[106.072,9.5676],[106.0722,9.5679],[106.0725,9.5679],[106.0731,9.5676],[106.0733,9.5676],[106.0737,9.5679],[106.0741,9.5687],[106.0741,9.5692],[106.0739,9.5696],[106.073,9.5704],[106.0737,9.571],[106.0707,9.5717],[106.071,9.573],[106.0702,9.5739],[106.0694,9.574],[106.068,9.5735],[106.067,9.5743],[106.0657,9.574],[106.0651,9.5741],[106.0649,9.5745],[106.0652,9.5785],[106.0645,9.5795],[106.0638,9.5799],[106.0634,9.5799]]]},"properties":{"code":"31687","name":"Tài Văn","nameEn":"Tai Van","fullName":"Xã Tài Văn","fullNameEn":"Tai Van Commune","codeName":"tai_van","postalCode":"96714","postalCodePrefix":"","gisServerId":"diaphanhanhchinhcapxa_2025.288","areaKm2":68.07},"id":"31687"},
{"type":"Feature","geometry":{"type":"Polygon","coordinates":[[[106.0071,9.5337],[106.0064,9.533],[106.0051,9.5327],[106.0047,9.5328],[106.0046,9.5334],[106.0044,9.5336],[106.0035,9.5332],[106.0029,9.5343],[106.0039,9.535],[106.0037,9.5357],[106.0039,9.5363],[106.0031,9.5366],[106.0026,9.5365],[106.0024,9.5353],[106.0022,9.5351],[106.0018,9.5352],[106.0015,9.5357],[106.0019,9.5369],[106.0018,9.5371],[106.0013,9.5368],[106.0006,9.5368],[106.0002,9.5362],[106,9.5361],[105.9989,9.5366],[105.9998,9.5382],[105.9998,9.5385],[105.9983,9.5394],[105.998,9.5398],[105.997,9.5399],[105.9968,9.5382],[105.9962,9.5381],[105.9952,9.5384],[105.9953,9.5396],[105.9945,9.5398],[105.9939,9.5385],[105.9937,9.5385],[105.9929,9.5388],[105.9925,9.5387],[105.9919,9.5395],[105.9918,9.5403],[105.9916,9.5404],[105.9908,9.5401],[105.9902,9.5402],[105.9882,9.5398],[105.985,9.5388],[105.984,9.5389],[105.9815,9.5397],[105.9805,9.5395],[105.9799,9.5386],[105.979,9.5349],[105.979,9.5337],[105.9795,9.533],[105.98,9.5327],[105.9825,9.5318],[105.9837,9.5309],[105.9842,9.5297],[105.9841,9.5286],[105.9833,9.5278],[105.9803,9.5255],[105.977,9.5227],[105.975,9.5205],[105.9729,9.5177],[105.9722,9.5171],[105.9711,9.5167],[105.9686,9.5166],[105.9676,9.516],[105.9668,9.5143],[105.9657,9.5109],[105.9659,9.5093],[105.9669,9.5067],[105.9672,9.5044],[105.9686,9.5041],[105.9697,9.5037],[105.9716,9.5026],[105.9722,9.5022],[105.9727,9.5014],[105.9731,9.4999],[105.9725,9.4982],[105.9703,9.4951],[105.97,9.494],[105.97,9.493],[105.9701,9.492],[105.9707,9.4906],[105.9728,9.4877],[105.9737,9.4861],[105.9739,9.4851],[105.9737,9.4838],[105.9732,9.4828],[105.9719,9.4817],[105.9699,9.4807],[105.9664,9.4793],[105.9656,9.4788],[105.9647,9.4779],[105.9646,9.4769],[105.9647,9.4763],[105.965,9.4758],[105.9661,9.4751],[105.968,9.4749],[105.9714,9.4754],[105.9723,9.4749],[105.9726,9.4743],[105.9727,9.4738],[105.9725,9.4732],[105.9706,9.4693],[105.9701,9.4679],[105.9698,9.4664],[105.9698,9.4648],[105.9701,9.4625],[105.9709,9.4602],[105.9715,9.4589],[105.9734,9.4558],[105.9741,9.4543],[105.9748,9.4506],[105.9748,9.443],[105.9753,9.4383],[105.9753,9.4372],[105.9746,9.435],[105.9731,9.4324],[105.9723,9.4305],[105.9724,9.4295],[105.9726,9.429],[105.9734,9.4282],[105.9741,9.4281],[105.9757,9.4286],[105.9771,9.4286],[105.9782,9.4285],[105.9796,9.4279],[105.9825,9.4259],[105.9841,9.425],[105.9864,9.4244],[105.9892,9.4245],[105.9925,9.4255],[105.995,9.4267],[105.9975,9.4285],[106.0002,9.4315],[106.0019,9.4327],[106.0041,9.4338],[106.0055,9.4341],[106.0067,9.4342],[106.009,9.4342],[106.01,9.434],[106.0113,9.4335],[106.0143,9.4321],[106.0156,9.4318],[106.0168,9.4319],[106.0184,9.4327],[106.0245,9.4376],[106.0268,9.4402],[106.0295,9.4441],[106.0325,9.4467],[106.0366,9.45],[106.0384,9.4511],[106.0391,9.4513],[106.0407,9.4515],[106.0416,9.4512],[106.0441,9.4496],[106.0462,9.4485],[106.0472,9.4484],[106.0487,9.4485],[106.0477,9.4522],[106.0463,9.4564],[106.0464,9.4569],[106.0473,9.4583],[106.048,9.4602],[106.0483,9.4604],[106.0494,9.462],[106.0501,9.4651],[106.0506,9.4652],[106.0523,9.4648],[106.0543,9.4656],[106.0548,9.466],[106.0553,9.4672],[106.0557,9.4701],[106.0564,9.4724],[106.0565,9.4732],[106.0553,9.4769],[106.0462,9.4796],[106.0463,9.4799],[106.0517,9.4837],[106.0515,9.4839],[106.0503,9.4839],[106.0493,9.4841],[106.0488,9.4843],[106.0485,9.4858],[106.0479,9.4865],[106.0478,9.4873],[106.0466,9.4876],[106.0457,9.4873],[106.0455,9.4881],[106.0454,9.4898],[106.0462,9.4911],[106.0466,9.4921],[106.0459,9.495],[106.0454,9.4949],[106.0452,9.4959],[106.0429,9.4983],[106.0409,9.4996],[106.0394,9.5011],[106.0387,9.5013],[106.0387,9.5024],[106.0392,9.5032],[106.0389,9.5037],[106.039,9.5043],[106.0384,9.505],[106.0383,9.5056],[106.0395,9.5059],[106.0396,9.5067],[106.0402,9.5082],[106.041,9.5087],[106.0415,9.5088],[106.0418,9.5087],[106.0422,9.5091],[106.0334,9.5175],[106.0338,9.527],[106.0316,9.5285],[106.0255,9.5343],[106.0247,9.5341],[106.0242,9.5355],[106.0222,9.5348],[106.0209,9.535],[106.0163,9.5337],[106.0141,9.5341],[106.014,9.5343],[106.0134,9.5334],[106.0112,9.5333],[106.0102,9.5336],[106.0071,9.5337]]]},"properties":{"code":"31699","name":"Thạnh Thới An","nameEn":"Thanh Thoi An","fullName":"Xã Thạnh Thới An","fullNameEn":"Thanh Thoi An Commune","codeName":"thanh_thoi_an","postalCode":"96715","postalCodePrefix":"","gisServerId":"diaphanhanhchinhcapxa_2025.289","areaKm2":87.15},"id":"31699"},
{"type":"Feature","geometry":{"type":"Polygon","coordinates":[[[105.8875,9.5275],[105.8816,9.5254],[105.8732,9.5238],[105.8727,9.5267],[105.8719,9.5265],[105.8717,9.5268],[105.8702,9.5265],[105.8705,9.5255],[105.8676,9.5242],[105.8673,9.5249],[105.8658,9.5245],[105.8656,9.5252],[105.8624,9.5243],[105.862,9.5283],[105.8593,9.5276],[105.8542,9.5272],[105.8537,9.5273],[105.8534,9.5278],[105.8523,9.5277],[105.8492,9.5285],[105.8479,9.5283],[105.8471,9.5277],[105.8466,9.528],[105.8459,9.5279],[105.8444,9.5284],[105.8441,9.5288],[105.8429,9.5287],[105.8418,9.5288],[105.8402,9.5286],[105.8387,9.5281],[105.8378,9.5276],[105.8376,9.5268],[105.8376,9.5254],[105.8371,9.5244],[105.8368,9.5243],[105.8363,9.5247],[105.8355,9.5246],[105.8358,9.5238],[105.8357,9.5233],[105.8334,9.5228],[105.8328,9.5229],[105.8327,9.5215],[105.8328,9.5203],[105.8331,9.5194],[105.8337,9.5185],[105.8345,9.5179],[105.8374,9.5161],[105.8402,9.513],[105.8436,9.5117],[105.8444,9.5111],[105.8452,9.5103],[105.8471,9.5062],[105.8477,9.5055],[105.8485,9.5048],[105.8482,9.5044],[105.8472,9.5038],[105.8479,9.5029],[105.8466,9.5026],[105.8457,9.5028],[105.8439,9.5027],[105.8429,9.5036],[105.8425,9.5036],[105.8417,9.5032],[105.8412,9.5033],[105.8411,9.5035],[105.8408,9.5034],[105.8407,9.5037],[105.8385,9.5033],[105.8384,9.5039],[105.8284,9.5024],[105.8243,9.5019],[105.8227,9.5017],[105.8208,9.501],[105.8218,9.4968],[105.8219,9.4956],[105.8216,9.4956],[105.8216,9.4937],[105.8212,9.4937],[105.8213,9.4932],[105.822,9.4933],[105.8223,9.4913],[105.8215,9.4911],[105.8218,9.4895],[105.8195,9.489],[105.8202,9.486],[105.8202,9.4858],[105.8192,9.4857],[105.8194,9.4846],[105.8163,9.484],[105.8165,9.4831],[105.8163,9.4831],[105.8185,9.471],[105.8212,9.4674],[105.819,9.466],[105.8201,9.4645],[105.8194,9.4643],[105.8199,9.4632],[105.8192,9.4629],[105.8192,9.4624],[105.8189,9.4623],[105.8193,9.4612],[105.8196,9.4597],[105.8206,9.4597],[105.8215,9.4602],[105.8224,9.4585],[105.8228,9.4571],[105.8219,9.455],[105.821,9.4533],[105.8209,9.4524],[105.8216,9.4518],[105.8231,9.4516],[105.8247,9.4509],[105.8246,9.4502],[105.8237,9.449],[105.8233,9.4487],[105.8228,9.4486],[105.8217,9.4493],[105.8212,9.4493],[105.8205,9.4491],[105.82,9.4483],[105.8201,9.4479],[105.8215,9.4473],[105.8222,9.4467],[105.8227,9.4456],[105.8226,9.445],[105.8219,9.4443],[105.8216,9.4438],[105.8217,9.4423],[105.8206,9.441],[105.8208,9.4403],[105.8214,9.4399],[105.8222,9.4398],[105.8227,9.4401],[105.8236,9.4411],[105.8239,9.4413],[105.8242,9.4413],[105.8246,9.4411],[105.8248,9.4407],[105.8243,9.4388],[105.8244,9.4381],[105.8246,9.4379],[105.8252,9.4377],[105.8283,9.438],[105.8288,9.4386],[105.8295,9.4402],[105.831,9.4414],[105.832,9.4431],[105.8328,9.4438],[105.833,9.4449],[105.8334,9.445],[105.8343,9.445],[105.8345,9.4452],[105.8345,9.4455],[105.8341,9.4464],[105.8342,9.4469],[105.8348,9.4471],[105.8364,9.4461],[105.8368,9.4463],[105.8369,9.4466],[105.8368,9.4471],[105.836,9.4478],[105.8359,9.4481],[105.8361,9.4484],[105.8367,9.449],[105.8369,9.45],[105.8373,9.4501],[105.8381,9.4497],[105.8385,9.4497],[105.8399,9.4515],[105.8405,9.4512],[105.8426,9.4509],[105.8432,9.4502],[105.8432,9.4496],[105.843,9.4492],[105.8419,9.4483],[105.8413,9.4476],[105.8412,9.4466],[105.8414,9.4453],[105.8399,9.443],[105.8399,9.4399],[105.84,9.4393],[105.8405,9.439],[105.8427,9.4381],[105.8429,9.4375],[105.843,9.436],[105.8434,9.4356],[105.8438,9.4354],[105.8453,9.4352],[105.8461,9.4348],[105.8465,9.4342],[105.8465,9.4333],[105.8461,9.4328],[105.8452,9.4323],[105.8443,9.4321],[105.8425,9.4321],[105.8415,9.4314],[105.8403,9.4301],[105.8394,9.4294],[105.8377,9.4287],[105.8365,9.4286],[105.8358,9.4271],[105.8358,9.4266],[105.8362,9.4258],[105.8359,9.4255],[105.8382,9.4062],[105.8382,9.406],[105.8385,9.406],[105.8392,9.4032],[105.8403,9.4041],[105.8418,9.4047],[105.8424,9.4046],[105.843,9.4043],[105.8432,9.4039],[105.8432,9.4034],[105.8424,9.4012],[105.8423,9.4],[105.8426,9.3996],[105.8433,9.3992],[105.8455,9.3996],[105.8462,9.3995],[105.8466,9.3992],[105.8471,9.3985],[105.8483,9.3961],[105.8486,9.3949],[105.8485,9.3936],[105.848,9.3912],[105.8481,9.3902],[105.8485,9.3894],[105.8493,9.3885],[105.85,9.3882],[105.8508,9.3882],[105.8521,9.3886],[105.8528,9.3885],[105.8529,9.3883],[105.8532,9.3877],[105.8531,9.3872],[105.8523,9.3853],[105.8524,9.3847],[105.8528,9.3845],[105.8534,9.3844],[105.8553,9.3848],[105.8555,9.3859],[105.8561,9.3859],[105.8563,9.3862],[105.8563,9.3865],[105.8561,9.3866],[105.8563,9.3879],[105.8592,9.4011],[105.8654,9.411],[105.8659,9.4121],[105.8662,9.4121],[105.8656,9.4159],[105.8671,9.4179],[105.8694,9.4204],[105.8699,9.4204],[105.8718,9.4218],[105.8736,9.4238],[105.8734,9.4246],[105.8733,9.4271],[105.8746,9.4279],[105.8751,9.4285],[105.8766,9.4288],[105.8773,9.4295],[105.8774,9.4297],[105.8766,9.4308],[105.876,9.4312],[105.8801,9.4392],[105.883,9.4398],[105.8838,9.4397],[105.8841,9.4405],[105.8838,9.4409],[105.8828,9.4412],[105.882,9.4418],[105.8805,9.4456],[105.8799,9.4465],[105.879,9.4484],[105.8782,9.4491],[105.8779,9.4498],[105.8774,9.4499],[105.8756,9.452],[105.8752,9.4531],[105.8745,9.4544],[105.8734,9.4552],[105.873,9.4558],[105.8721,9.4559],[105.8711,9.4565],[105.8709,9.4567],[105.8706,9.4573],[105.8695,9.4584],[105.8698,9.4593],[105.8694,9.4598],[105.8694,9.4605],[105.8691,9.461],[105.8692,9.4617],[105.8681,9.4631],[105.8681,9.464],[105.8674,9.4643],[105.8671,9.465],[105.8666,9.4655],[105.8663,9.4663],[105.8653,9.4675],[105.8646,9.468],[105.8643,9.4696],[105.864,9.4701],[105.8618,9.4708],[105.8612,9.4713],[105.8612,9.4717],[105.8619,9.473],[105.8618,9.4749],[105.866,9.4767],[105.8673,9.4766],[105.8688,9.4768],[105.8697,9.4771],[105.8719,9.4787],[105.874,9.4815],[105.8744,9.4819],[105.8757,9.4828],[105.8775,9.4835],[105.882,9.4836],[105.8832,9.4838],[105.8868,9.4851],[105.8895,9.4852],[105.893,9.4847],[105.8974,9.4833],[105.8994,9.4829],[105.8997,9.4835],[105.8998,9.4847],[105.9008,9.4857],[105.9013,9.4865],[105.9012,9.487],[105.9007,9.4877],[105.9006,9.4881],[105.9013,9.4888],[105.9016,9.4894],[105.9017,9.4899],[105.9017,9.4909],[105.9034,9.4933],[105.9034,9.495],[105.9022,9.4943],[105.9004,9.4942],[105.8985,9.4934],[105.8966,9.4931],[105.895,9.4932],[105.8943,9.493],[105.8927,9.4943],[105.8921,9.4954],[105.8924,9.496],[105.8919,9.4972],[105.8916,9.4975],[105.8917,9.4977],[105.8923,9.4979],[105.8925,9.499],[105.893,9.5058],[105.8928,9.5085],[105.892,9.5153],[105.8911,9.5222],[105.8875,9.5275]]]},"properties":{"code":"31708","name":"Nhu Gia","nameEn":"Nhu Gia","fullName":"Xã Nhu Gia","fullNameEn":"Nhu Gia Commune","codeName":"nhu_gia","postalCode":"96619","postalCodePrefix":"","gisServerId":"diaphanhanhchinhcapxa_2025.290","areaKm2":75.59},"id":"31708"},
{"type":"Feature","geometry":{"type":"Polygon","coordinates":[[[105.8994,9.4829],[105.8974,9.4833],[105.893,9.4847],[105.8895,9.4852],[105.8868,9.4851],[105.8832,9.4838],[105.882,9.4836],[105.8775,9.4835],[105.8757,9.4828],[105.8744,9.4819],[105.874,9.4815],[105.8719,9.4787],[105.8697,9.4771],[105.8688,9.4768],[105.8673,9.4766],[105.866,9.4767],[105.8618,9.4749],[105.8619,9.473],[105.8612,9.4717],[105.8612,9.4713],[105.8618,9.4708],[105.864,9.4701],[105.8643,9.4696],[105.8646,9.468],[105.8653,9.4675],[105.8663,9.4663],[105.8666,9.4655],[105.8671,9.465],[105.8674,9.4643],[105.8681,9.464],[105.8681,9.4631],[105.8692,9.4617],[105.8691,9.461],[105.8694,9.4605],[105.8694,9.4598],[105.8698,9.4593],[105.8695,9.4584],[105.8706,9.4573],[105.8709,9.4567],[105.8711,9.4565],[105.8721,9.4559],[105.873,9.4558],[105.8734,9.4552],[105.8745,9.4544],[105.8752,9.4531],[105.8756,9.452],[105.8774,9.4499],[105.8779,9.4498],[105.8782,9.4491],[105.879,9.4484],[105.8799,9.4465],[105.8805,9.4456],[105.882,9.4418],[105.8828,9.4412],[105.8838,9.4409],[105.8841,9.4405],[105.8838,9.4397],[105.883,9.4398],[105.8801,9.4392],[105.876,9.4312],[105.8766,9.4308],[105.8774,9.4297],[105.8773,9.4295],[105.8766,9.4288],[105.8751,9.4285],[105.8746,9.4279],[105.8733,9.4271],[105.8734,9.4246],[105.8736,9.4238],[105.8718,9.4218],[105.8699,9.4204],[105.8694,9.4204],[105.8671,9.4179],[105.8656,9.4159],[105.8662,9.4121],[105.8659,9.4121],[105.8654,9.411],[105.8592,9.4011],[105.8563,9.3879],[105.8561,9.3866],[105.8563,9.3865],[105.8563,9.3862],[105.8561,9.3859],[105.8555,9.3859],[105.8553,9.3848],[105.8561,9.3847],[105.8567,9.3842],[105.8571,9.3835],[105.8571,9.3826],[105.8567,9.3821],[105.8562,9.3818],[105.8541,9.3815],[105.8534,9.3812],[105.853,9.3806],[105.8529,9.3797],[105.8541,9.3756],[105.8546,9.3749],[105.8568,9.3735],[105.8573,9.3727],[105.8573,9.371],[105.8567,9.3684],[105.8568,9.3673],[105.857,9.3666],[105.8577,9.3658],[105.8598,9.3652],[105.8604,9.3645],[105.8603,9.3635],[105.8589,9.3598],[105.8597,9.3589],[105.8603,9.3584],[105.8633,9.3577],[105.8642,9.3572],[105.865,9.3562],[105.8663,9.3536],[105.8673,9.3529],[105.8684,9.3528],[105.8697,9.3534],[105.8716,9.3552],[105.8727,9.3559],[105.8749,9.3566],[105.8795,9.3576],[105.8835,9.3596],[105.8852,9.3613],[105.8876,9.3644],[105.8888,9.3656],[105.8899,9.3665],[105.8912,9.3672],[105.8944,9.3677],[105.8966,9.3678],[105.8978,9.3681],[105.9023,9.3711],[105.9037,9.3715],[105.9067,9.3717],[105.9077,9.372],[105.9087,9.3725],[105.9099,9.3737],[105.9109,9.3743],[105.9122,9.3748],[105.9144,9.375],[105.9183,9.3751],[105.9232,9.3748],[105.924,9.3752],[105.9249,9.3759],[105.9283,9.381],[105.9314,9.384],[105.9322,9.385],[105.9323,9.386],[105.932,9.3868],[105.9314,9.3874],[105.9295,9.3884],[105.9276,9.3865],[105.9237,9.3895],[105.9228,9.389],[105.9221,9.39],[105.9199,9.3909],[105.9197,9.3915],[105.9193,9.3914],[105.9186,9.393],[105.9177,9.3937],[105.9168,9.394],[105.9146,9.3941],[105.9133,9.3945],[105.9124,9.3951],[105.9119,9.3956],[105.9117,9.3963],[105.911,9.3978],[105.9098,9.3989],[105.9093,9.3996],[105.9084,9.4005],[105.9086,9.4016],[105.9073,9.4027],[105.9072,9.4037],[105.9061,9.4055],[105.9059,9.4063],[105.9049,9.4069],[105.9043,9.4081],[105.9039,9.4084],[105.9035,9.4092],[105.903,9.4096],[105.9032,9.41],[105.9032,9.4108],[105.9036,9.4117],[105.9037,9.4128],[105.9039,9.4129],[105.9047,9.4127],[105.9049,9.4129],[105.9044,9.4139],[105.9047,9.4147],[105.9043,9.4159],[105.905,9.4161],[105.9072,9.4175],[105.9081,9.4197],[105.9084,9.4209],[105.9088,9.4214],[105.9083,9.4219],[105.9081,9.4233],[105.9071,9.4239],[105.9059,9.4252],[105.9045,9.4258],[105.906,9.4276],[105.9079,9.4273],[105.9166,9.4296],[105.9168,9.4328],[105.916,9.4326],[105.9164,9.4343],[105.9151,9.4341],[105.9149,9.4355],[105.9151,9.4356],[105.9152,9.4363],[105.9139,9.4364],[105.9143,9.4395],[105.9132,9.4394],[105.9112,9.4475],[105.9098,9.4469],[105.9094,9.4477],[105.9065,9.4464],[105.9061,9.4474],[105.9065,9.4477],[105.9046,9.45],[105.9033,9.4507],[105.91,9.464],[105.91,9.4643],[105.9107,9.4644],[105.9114,9.4639],[105.9117,9.4644],[105.9129,9.4638],[105.914,9.4654],[105.9128,9.4661],[105.9132,9.4665],[105.914,9.4665],[105.9145,9.4675],[105.9142,9.4678],[105.9155,9.4704],[105.9135,9.4718],[105.9141,9.4733],[105.9132,9.4737],[105.9142,9.4765],[105.9115,9.4778],[105.9122,9.4796],[105.913,9.4793],[105.9133,9.4801],[105.9105,9.4814],[105.9095,9.4794],[105.9083,9.4779],[105.9068,9.477],[105.9057,9.4768],[105.9051,9.4768],[105.904,9.4773],[105.9032,9.478],[105.9028,9.4787],[105.9018,9.4811],[105.9012,9.4819],[105.9006,9.4824],[105.8994,9.4829]]]},"properties":{"code":"31717","name":"Hoà Tú","nameEn":"Hoa Tu","fullName":"Xã Hoà Tú","fullNameEn":"Hoa Tu Commune","codeName":"hoa_tu","postalCode":"96617","postalCodePrefix":"","gisServerId":"diaphanhanhchinhcapxa_2025.291","areaKm2":67.15},"id":"31717"},
{"type":"Feature","geometry":{"type":"Polygon","coordinates":[[[105.979,9.5349],[105.9783,9.5347],[105.978,9.5338],[105.9773,9.5331],[105.976,9.5323],[105.9746,9.5331],[105.9737,9.5335],[105.9736,9.5335],[105.9712,9.5348],[105.9644,9.5395],[105.9688,9.5439],[105.9691,9.544],[105.9694,9.5442],[105.9703,9.5443],[105.9716,9.5451],[105.9724,9.5449],[105.9734,9.5461],[105.9739,9.5462],[105.9737,9.5463],[105.9749,9.5574],[105.9752,9.5583],[105.9616,9.5601],[105.9565,9.5623],[105.9525,9.5577],[105.9464,9.5513],[105.9376,9.5413],[105.9194,9.5285],[105.9073,9.5219],[105.8942,9.5158],[105.892,9.5153],[105.8928,9.5085],[105.893,9.5058],[105.8925,9.499],[105.8923,9.4979],[105.8917,9.4977],[105.8916,9.4975],[105.8919,9.4972],[105.8924,9.496],[105.8921,9.4954],[105.8927,9.4943],[105.8943,9.493],[105.895,9.4932],[105.8966,9.4931],[105.8985,9.4934],[105.9004,9.4942],[105.9022,9.4943],[105.9034,9.495],[105.9034,9.4933],[105.9017,9.4909],[105.9017,9.4899],[105.9016,9.4894],[105.9013,9.4888],[105.9006,9.4881],[105.9007,9.4877],[105.9012,9.487],[105.9013,9.4865],[105.9008,9.4857],[105.8998,9.4847],[105.8997,9.4835],[105.8994,9.4829],[105.9006,9.4824],[105.9012,9.4819],[105.9018,9.4811],[105.9028,9.4787],[105.9032,9.478],[105.904,9.4773],[105.9051,9.4768],[105.9057,9.4768],[105.9068,9.477],[105.9083,9.4779],[105.9095,9.4794],[105.9105,9.4814],[105.9133,9.4801],[105.913,9.4793],[105.9122,9.4796],[105.9115,9.4778],[105.9142,9.4765],[105.9132,9.4737],[105.9141,9.4733],[105.9135,9.4718],[105.9155,9.4704],[105.9142,9.4678],[105.9145,9.4675],[105.914,9.4665],[105.9132,9.4665],[105.9128,9.4661],[105.914,9.4654],[105.9129,9.4638],[105.9117,9.4644],[105.9114,9.4639],[105.9107,9.4644],[105.91,9.4643],[105.91,9.464],[105.9033,9.4507],[105.9046,9.45],[105.9065,9.4477],[105.9061,9.4474],[105.9065,9.4464],[105.9094,9.4477],[105.9098,9.4469],[105.9112,9.4475],[105.9132,9.4394],[105.9143,9.4395],[105.9139,9.4364],[105.9152,9.4363],[105.9151,9.4356],[105.9149,9.4355],[105.9151,9.4341],[105.9164,9.4343],[105.916,9.4326],[105.9168,9.4328],[105.9166,9.4296],[105.9079,9.4273],[105.906,9.4276],[105.9045,9.4258],[105.9059,9.4252],[105.9071,9.4239],[105.9081,9.4233],[105.9083,9.4219],[105.9088,9.4214],[105.9084,9.4209],[105.9081,9.4197],[105.9072,9.4175],[105.905,9.4161],[105.9043,9.4159],[105.9047,9.4147],[105.9044,9.4139],[105.9049,9.4129],[105.9047,9.4127],[105.9039,9.4129],[105.9037,9.4128],[105.9036,9.4117],[105.9032,9.4108],[105.9032,9.41],[105.903,9.4096],[105.9035,9.4092],[105.9039,9.4084],[105.9043,9.4081],[105.9049,9.4069],[105.9059,9.4063],[105.9061,9.4055],[105.9072,9.4037],[105.9073,9.4027],[105.9086,9.4016],[105.9084,9.4005],[105.9093,9.3996],[105.9098,9.3989],[105.911,9.3978],[105.9117,9.3963],[105.9119,9.3956],[105.9124,9.3951],[105.9133,9.3945],[105.9146,9.3941],[105.9168,9.394],[105.9177,9.3937],[105.9186,9.393],[105.9193,9.3914],[105.9197,9.3915],[105.9199,9.3909],[105.9221,9.39],[105.9228,9.389],[105.9237,9.3895],[105.9276,9.3865],[105.9295,9.3884],[105.9287,9.3889],[105.9282,9.3894],[105.928,9.39],[105.9281,9.3906],[105.9289,9.3914],[105.9309,9.3922],[105.9317,9.3928],[105.9323,9.3935],[105.9324,9.3942],[105.9319,9.3954],[105.9292,9.3971],[105.9287,9.3976],[105.9284,9.3985],[105.9285,9.399],[105.9288,9.3994],[105.93,9.4],[105.9329,9.4],[105.9345,9.4005],[105.9354,9.4016],[105.9362,9.4033],[105.9369,9.4046],[105.9375,9.4052],[105.9385,9.4057],[105.9402,9.406],[105.9443,9.4056],[105.9461,9.4056],[105.9477,9.4059],[105.9493,9.4067],[105.9505,9.4078],[105.9512,9.4094],[105.9515,9.4115],[105.9514,9.4143],[105.9515,9.4152],[105.9518,9.416],[105.9525,9.417],[105.9534,9.4175],[105.9582,9.4192],[105.9635,9.4222],[105.9653,9.4227],[105.9691,9.4234],[105.9707,9.424],[105.9721,9.425],[105.9741,9.4281],[105.9734,9.4282],[105.9726,9.429],[105.9724,9.4295],[105.9723,9.4305],[105.9731,9.4324],[105.9746,9.435],[105.9753,9.4372],[105.9753,9.4383],[105.9748,9.443],[105.9748,9.4506],[105.9741,9.4543],[105.9734,9.4558],[105.9715,9.4589],[105.9709,9.4602],[105.9701,9.4625],[105.9698,9.4648],[105.9698,9.4664],[105.9701,9.4679],[105.9706,9.4693],[105.9725,9.4732],[105.9727,9.4738],[105.9726,9.4743],[105.9723,9.4749],[105.9714,9.4754],[105.968,9.4749],[105.9661,9.4751],[105.965,9.4758],[105.9647,9.4763],[105.9646,9.4769],[105.9647,9.4779],[105.9656,9.4788],[105.9664,9.4793],[105.9699,9.4807],[105.9719,9.4817],[105.9732,9.4828],[105.9737,9.4838],[105.9739,9.4851],[105.9737,9.4861],[105.9728,9.4877],[105.9707,9.4906],[105.9701,9.492],[105.97,9.493],[105.97,9.494],[105.9703,9.4951],[105.9725,9.4982],[105.9731,9.4999],[105.9727,9.5014],[105.9722,9.5022],[105.9716,9.5026],[105.9697,9.5037],[105.9686,9.5041],[105.9672,9.5044],[105.9669,9.5067],[105.9659,9.5093],[105.9657,9.5109],[105.9668,9.5143],[105.9676,9.516],[105.9686,9.5166],[105.9711,9.5167],[105.9722,9.5171],[105.9729,9.5177],[105.975,9.5205],[105.977,9.5227],[105.9803,9.5255],[105.9833,9.5278],[105.9841,9.5286],[105.9842,9.5297],[105.9837,9.5309],[105.9825,9.5318],[105.98,9.5327],[105.9795,9.533],[105.979,9.5337],[105.979,9.5349]]]},"properties":{"code":"31723","name":"Ngọc Tố","nameEn":"Ngoc To","fullName":"Xã Ngọc Tố","fullNameEn":"Ngoc To Commune","codeName":"ngoc_to","postalCode":"96612","postalCodePrefix":"","gisServerId":"diaphanhanhchinhcapxa_2025.292","areaKm2":112.53},"id":"31723"},
{"type":"Feature","geometry":{"type":"Polygon","coordinates":[[[105.8163,9.484],[105.8159,9.486],[105.8153,9.4882],[105.8166,9.4885],[105.8162,9.4918],[105.8158,9.4918],[105.8157,9.493],[105.8137,9.4927],[105.8136,9.493],[105.8121,9.4926],[105.812,9.4922],[105.7978,9.4888],[105.7979,9.4884],[105.7921,9.4876],[105.792,9.4873],[105.7895,9.4866],[105.7866,9.4854],[105.7797,9.4835],[105.7783,9.4833],[105.7785,9.4765],[105.7768,9.4767],[105.7766,9.4746],[105.7773,9.4745],[105.7764,9.4712],[105.7764,9.4704],[105.7758,9.4705],[105.7759,9.4689],[105.7756,9.469],[105.7756,9.4675],[105.7747,9.4676],[105.7746,9.4666],[105.7752,9.4666],[105.7749,9.4656],[105.7731,9.4655],[105.7731,9.4651],[105.7751,9.4652],[105.7755,9.4645],[105.7733,9.4643],[105.7736,9.463],[105.774,9.463],[105.7745,9.4605],[105.7722,9.4602],[105.772,9.4617],[105.7703,9.4615],[105.7702,9.4619],[105.7699,9.4618],[105.7702,9.4603],[105.7644,9.46],[105.7648,9.4582],[105.7653,9.4582],[105.7657,9.4558],[105.7638,9.4556],[105.7636,9.4567],[105.7619,9.4565],[105.7622,9.4544],[105.7624,9.4544],[105.7625,9.4524],[105.7606,9.4524],[105.7609,9.4494],[105.7617,9.4494],[105.7618,9.4474],[105.7617,9.4474],[105.762,9.4461],[105.7629,9.4462],[105.763,9.4448],[105.7618,9.4445],[105.762,9.4426],[105.7608,9.4424],[105.7607,9.4428],[105.7582,9.4423],[105.7585,9.4414],[105.758,9.4414],[105.7582,9.4409],[105.7568,9.4408],[105.7576,9.4381],[105.7567,9.4379],[105.7567,9.4377],[105.7551,9.4374],[105.7554,9.4357],[105.7536,9.4353],[105.7534,9.4335],[105.754,9.4319],[105.7544,9.4303],[105.7551,9.4288],[105.7555,9.429],[105.756,9.4288],[105.7576,9.4272],[105.7583,9.427],[105.7593,9.4275],[105.7602,9.4276],[105.7607,9.4273],[105.7612,9.4259],[105.7617,9.4258],[105.7627,9.426],[105.7631,9.4259],[105.7635,9.4252],[105.7636,9.4232],[105.7641,9.4223],[105.7648,9.4221],[105.7655,9.4224],[105.766,9.4231],[105.766,9.4245],[105.7663,9.4247],[105.7667,9.4247],[105.7671,9.4244],[105.7682,9.4232],[105.7694,9.4228],[105.7697,9.4225],[105.7702,9.4211],[105.7717,9.4204],[105.7714,9.4196],[105.7708,9.4188],[105.7687,9.4177],[105.7677,9.4164],[105.7675,9.416],[105.7675,9.4147],[105.7668,9.4148],[105.7661,9.4142],[105.7661,9.4132],[105.7668,9.411],[105.7676,9.41],[105.769,9.4091],[105.7715,9.4112],[105.7719,9.4114],[105.7735,9.4087],[105.774,9.4084],[105.7763,9.4049],[105.7816,9.4075],[105.7823,9.4064],[105.784,9.4042],[105.7859,9.4029],[105.7864,9.4006],[105.7859,9.4005],[105.7853,9.4006],[105.785,9.4003],[105.7838,9.4],[105.7773,9.3936],[105.7772,9.3933],[105.7772,9.393],[105.7785,9.3931],[105.7786,9.3928],[105.7784,9.3915],[105.778,9.3905],[105.779,9.3903],[105.7798,9.3902],[105.7799,9.3892],[105.7811,9.3885],[105.7826,9.3868],[105.7827,9.3863],[105.7832,9.3861],[105.7844,9.3859],[105.7846,9.3856],[105.7845,9.3846],[105.7855,9.3827],[105.787,9.3831],[105.7896,9.3842],[105.7904,9.3841],[105.7908,9.3837],[105.7908,9.3832],[105.79,9.3811],[105.79,9.3804],[105.7911,9.3788],[105.7928,9.3773],[105.7938,9.377],[105.7957,9.3774],[105.7962,9.3773],[105.797,9.3766],[105.7981,9.3749],[105.7988,9.3745],[105.7997,9.3745],[105.8027,9.3751],[105.8051,9.376],[105.8057,9.3761],[105.8062,9.3754],[105.8073,9.3732],[105.8081,9.3722],[105.8095,9.3712],[105.8117,9.3705],[105.8163,9.3702],[105.817,9.3703],[105.8175,9.3707],[105.8178,9.3711],[105.818,9.3722],[105.8178,9.3733],[105.8174,9.3736],[105.8159,9.3738],[105.8146,9.3744],[105.8137,9.3754],[105.8135,9.3766],[105.8137,9.3773],[105.8144,9.3778],[105.818,9.3784],[105.8191,9.379],[105.8196,9.3799],[105.8198,9.3818],[105.8202,9.3832],[105.8207,9.3839],[105.8223,9.3856],[105.8223,9.3864],[105.8214,9.3889],[105.8208,9.391],[105.8206,9.3928],[105.8207,9.3937],[105.8209,9.3941],[105.8212,9.3943],[105.8216,9.3943],[105.8248,9.3928],[105.8269,9.3924],[105.8274,9.3919],[105.828,9.3906],[105.8285,9.3903],[105.8291,9.3903],[105.833,9.3919],[105.8335,9.3923],[105.834,9.393],[105.8343,9.3938],[105.8346,9.3965],[105.8353,9.3988],[105.8353,9.3992],[105.8349,9.3997],[105.8342,9.3998],[105.8336,9.3996],[105.8325,9.399],[105.8318,9.3988],[105.8313,9.399],[105.8309,9.3995],[105.8308,9.4003],[105.8309,9.4006],[105.8315,9.4012],[105.8323,9.4015],[105.8363,9.4009],[105.8372,9.401],[105.8378,9.4015],[105.8392,9.4032],[105.8385,9.406],[105.8382,9.406],[105.8382,9.4062],[105.8359,9.4255],[105.8362,9.4258],[105.8358,9.4266],[105.8358,9.4271],[105.8365,9.4286],[105.8377,9.4287],[105.8394,9.4294],[105.8403,9.4301],[105.8415,9.4314],[105.8425,9.4321],[105.8443,9.4321],[105.8452,9.4323],[105.8461,9.4328],[105.8465,9.4333],[105.8465,9.4342],[105.8461,9.4348],[105.8453,9.4352],[105.8438,9.4354],[105.8434,9.4356],[105.843,9.436],[105.8429,9.4375],[105.8427,9.4381],[105.8405,9.439],[105.84,9.4393],[105.8399,9.4399],[105.8399,9.443],[105.8414,9.4453],[105.8412,9.4466],[105.8413,9.4476],[105.8419,9.4483],[105.843,9.4492],[105.8432,9.4496],[105.8432,9.4502],[105.8426,9.4509],[105.8405,9.4512],[105.8399,9.4515],[105.8385,9.4497],[105.8381,9.4497],[105.8373,9.4501],[105.8369,9.45],[105.8367,9.449],[105.8361,9.4484],[105.8359,9.4481],[105.836,9.4478],[105.8368,9.4471],[105.8369,9.4466],[105.8368,9.4463],[105.8364,9.4461],[105.8348,9.4471],[105.8342,9.4469],[105.8341,9.4464],[105.8345,9.4455],[105.8345,9.4452],[105.8343,9.445],[105.8334,9.445],[105.833,9.4449],[105.8328,9.4438],[105.832,9.4431],[105.831,9.4414],[105.8295,9.4402],[105.8288,9.4386],[105.8283,9.438],[105.8252,9.4377],[105.8246,9.4379],[105.8244,9.4381],[105.8243,9.4388],[105.8248,9.4407],[105.8246,9.4411],[105.8242,9.4413],[105.8239,9.4413],[105.8236,9.4411],[105.8227,9.4401],[105.8222,9.4398],[105.8214,9.4399],[105.8208,9.4403],[105.8206,9.441],[105.8217,9.4423],[105.8216,9.4438],[105.8219,9.4443],[105.8226,9.445],[105.8227,9.4456],[105.8222,9.4467],[105.8215,9.4473],[105.8201,9.4479],[105.82,9.4483],[105.8205,9.4491],[105.8212,9.4493],[105.8217,9.4493],[105.8228,9.4486],[105.8233,9.4487],[105.8237,9.449],[105.8246,9.4502],[105.8247,9.4509],[105.8231,9.4516],[105.8216,9.4518],[105.8209,9.4524],[105.821,9.4533],[105.8219,9.455],[105.8228,9.4571],[105.8224,9.4585],[105.8215,9.4602],[105.8206,9.4597],[105.8196,9.4597],[105.8193,9.4612],[105.8189,9.4623],[105.8192,9.4624],[105.8192,9.4629],[105.8199,9.4632],[105.8194,9.4643],[105.8201,9.4645],[105.819,9.466],[105.8212,9.4674],[105.8185,9.471],[105.8163,9.4831],[105.8165,9.4831],[105.8163,9.484]]]},"properties":{"code":"31726","name":"Gia Hoà","nameEn":"Gia Hoa","fullName":"Xã Gia Hoà","fullNameEn":"Gia Hoa Commune","codeName":"gia_hoa","postalCode":"96618","postalCodePrefix":"","gisServerId":"diaphanhanhchinhcapxa_2025.293","areaKm2":77.06},"id":"31726"},
{"type":"Feature","geometry":{"type":"Polygon","coordinates":[[[105.669,9.6332],[105.6666,9.6399],[105.6675,9.6404],[105.6672,9.6418],[105.6634,9.6404],[105.6616,9.6395],[105.6614,9.639],[105.6614,9.6383],[105.6609,9.6373],[105.66,9.6359],[105.6596,9.6354],[105.6588,9.6352],[105.655,9.6353],[105.6493,9.6344],[105.6489,9.6337],[105.649,9.6315],[105.6488,9.6302],[105.6479,9.6285],[105.6472,9.6261],[105.6466,9.6254],[105.6456,9.6254],[105.6438,9.6247],[105.6424,9.6248],[105.6398,9.6238],[105.6388,9.623],[105.6377,9.6211],[105.6359,9.6191],[105.6353,9.6187],[105.6349,9.6186],[105.6345,9.6188],[105.6335,9.6196],[105.6328,9.6201],[105.6324,9.6201],[105.6307,9.6187],[105.6295,9.6182],[105.628,9.6173],[105.6258,9.6162],[105.625,9.6163],[105.6238,9.617],[105.623,9.617],[105.62,9.6166],[105.6179,9.6154],[105.6173,9.6154],[105.617,9.616],[105.6169,9.6173],[105.6171,9.6178],[105.6178,9.6191],[105.618,9.6199],[105.6156,9.6218],[105.615,9.622],[105.6147,9.6219],[105.6142,9.6217],[105.612,9.6194],[105.6114,9.6191],[105.6106,9.6191],[105.6081,9.6201],[105.6072,9.6201],[105.6067,9.6199],[105.6065,9.6195],[105.6061,9.6178],[105.6059,9.6174],[105.6039,9.616],[105.5998,9.6116],[105.5962,9.6094],[105.5954,9.6087],[105.5951,9.6078],[105.5954,9.6059],[105.595,9.6027],[105.5928,9.6035],[105.5926,9.6037],[105.5924,9.6043],[105.5927,9.6061],[105.5925,9.6066],[105.5922,9.6069],[105.5905,9.6081],[105.5882,9.6082],[105.5873,9.6088],[105.587,9.6099],[105.5875,9.6118],[105.5872,9.6124],[105.5865,9.6125],[105.5846,9.6118],[105.5836,9.6119],[105.5815,9.613],[105.5777,9.6146],[105.5769,9.6148],[105.5761,9.6148],[105.5752,9.6141],[105.5749,9.6135],[105.5749,9.6124],[105.5753,9.6102],[105.5752,9.6096],[105.5742,9.6086],[105.5722,9.6078],[105.5708,9.6067],[105.5696,9.6039],[105.569,9.6032],[105.5685,9.6031],[105.5678,9.6034],[105.5661,9.6059],[105.5655,9.6064],[105.5645,9.6067],[105.5638,9.6067],[105.562,9.6063],[105.5593,9.6049],[105.5584,9.604],[105.5581,9.6033],[105.5586,9.6005],[105.5584,9.599],[105.5578,9.5974],[105.5573,9.5966],[105.557,9.5964],[105.5561,9.5963],[105.5536,9.5971],[105.5517,9.5974],[105.5476,9.5971],[105.5469,9.5967],[105.5469,9.5958],[105.5488,9.5932],[105.5491,9.5922],[105.5491,9.5918],[105.5489,9.5913],[105.547,9.5885],[105.546,9.5863],[105.5471,9.585],[105.5479,9.5837],[105.5483,9.5825],[105.5484,9.581],[105.5491,9.5801],[105.5505,9.5778],[105.5508,9.5763],[105.5506,9.5739],[105.5507,9.5733],[105.5516,9.5725],[105.5527,9.5722],[105.5532,9.5717],[105.5543,9.5697],[105.555,9.5674],[105.5548,9.5664],[105.5549,9.5651],[105.5551,9.5646],[105.5547,9.5641],[105.5544,9.5632],[105.5545,9.5626],[105.5549,9.5619],[105.5555,9.5604],[105.5553,9.5581],[105.554,9.5489],[105.5532,9.5487],[105.5507,9.5243],[105.5518,9.524],[105.5525,9.5233],[105.5879,9.5568],[105.5889,9.5554],[105.5894,9.5532],[105.5952,9.5543],[105.5948,9.5535],[105.6058,9.5474],[105.6134,9.5436],[105.6139,9.5435],[105.6145,9.5431],[105.6149,9.5434],[105.6153,9.5432],[105.6151,9.5429],[105.6167,9.5421],[105.6166,9.5418],[105.6213,9.5396],[105.6218,9.5391],[105.6277,9.5484],[105.6178,9.554],[105.6225,9.5624],[105.6237,9.5673],[105.6293,9.5658],[105.6401,9.5683],[105.6611,9.5677],[105.662,9.5799],[105.6623,9.5798],[105.6626,9.5801],[105.6635,9.5803],[105.6648,9.5802],[105.6648,9.5806],[105.6658,9.5805],[105.6659,9.581],[105.6666,9.581],[105.6667,9.5819],[105.6671,9.582],[105.6685,9.5819],[105.6707,9.5803],[105.6751,9.5801],[105.6759,9.5803],[105.6763,9.5848],[105.6771,9.5859],[105.6772,9.5864],[105.6768,9.5869],[105.6775,9.5907],[105.6767,9.591],[105.6777,9.6062],[105.6785,9.6159],[105.6745,9.6235],[105.6752,9.6237],[105.6749,9.6246],[105.6724,9.6301],[105.6716,9.6309],[105.6693,9.6319],[105.6689,9.633],[105.669,9.6332]]]},"properties":{"code":"31732","name":"Ngã Năm","nameEn":"Nga Nam","fullName":"Phường Ngã Năm","fullNameEn":"Nga Nam Ward","codeName":"nga_nam","postalCode":"96514","postalCodePrefix":"","gisServerId":"diaphanhanhchinhcapxa_2025.294","areaKm2":95.3},"id":"31732"},
{"type":"Feature","geometry":{"type":"Polygon","coordinates":[[[105.6759,9.5803],[105.6751,9.5801],[105.6707,9.5803],[105.6685,9.5819],[105.6671,9.582],[105.6667,9.5819],[105.6666,9.581],[105.6659,9.581],[105.6658,9.5805],[105.6648,9.5806],[105.6648,9.5802],[105.6635,9.5803],[105.6626,9.5801],[105.6623,9.5798],[105.662,9.5799],[105.6611,9.5677],[105.6401,9.5683],[105.6293,9.5658],[105.6237,9.5673],[105.6225,9.5624],[105.6178,9.554],[105.6277,9.5484],[105.6218,9.5391],[105.6213,9.5396],[105.6166,9.5418],[105.6167,9.5421],[105.6151,9.5429],[105.6153,9.5432],[105.6149,9.5434],[105.6145,9.5431],[105.6139,9.5435],[105.6134,9.5436],[105.6087,9.5339],[105.6081,9.5319],[105.6079,9.5297],[105.607,9.525],[105.6059,9.5221],[105.6054,9.52],[105.6056,9.5184],[105.6038,9.5095],[105.5999,9.5034],[105.6015,9.5027],[105.6015,9.5025],[105.6049,9.501],[105.6089,9.4994],[105.609,9.4995],[105.6221,9.4906],[105.6229,9.4898],[105.624,9.4919],[105.6247,9.4916],[105.6259,9.4941],[105.6321,9.4907],[105.6319,9.4903],[105.633,9.4897],[105.6334,9.4899],[105.6345,9.4893],[105.6348,9.4904],[105.6353,9.4903],[105.6358,9.4915],[105.6359,9.4915],[105.6378,9.49],[105.6415,9.4948],[105.6428,9.494],[105.6439,9.4944],[105.6448,9.4943],[105.645,9.4946],[105.6465,9.4927],[105.6473,9.4932],[105.6477,9.4925],[105.6511,9.4941],[105.6516,9.4937],[105.6517,9.4934],[105.6527,9.4938],[105.6531,9.4936],[105.6538,9.4937],[105.6541,9.4943],[105.6541,9.4951],[105.6551,9.4957],[105.6555,9.4956],[105.6561,9.4944],[105.6573,9.4936],[105.6584,9.4925],[105.6603,9.4914],[105.661,9.4904],[105.6623,9.4902],[105.6626,9.4887],[105.6638,9.4868],[105.664,9.4862],[105.6645,9.4817],[105.6653,9.4803],[105.6657,9.4786],[105.6664,9.4772],[105.6672,9.4782],[105.6698,9.4765],[105.6699,9.4771],[105.6707,9.4766],[105.6712,9.4785],[105.6723,9.4782],[105.6722,9.4779],[105.6726,9.4778],[105.6727,9.478],[105.6748,9.4776],[105.6775,9.479],[105.6768,9.4835],[105.6772,9.4833],[105.6786,9.4833],[105.6795,9.4841],[105.6805,9.4829],[105.6818,9.4828],[105.6819,9.4824],[105.682,9.4826],[105.6823,9.4837],[105.6817,9.4853],[105.6814,9.4867],[105.6824,9.4863],[105.683,9.4868],[105.6836,9.4864],[105.685,9.4848],[105.6863,9.4837],[105.6889,9.4823],[105.6893,9.4815],[105.6894,9.4806],[105.691,9.4797],[105.6919,9.4797],[105.6937,9.4806],[105.6941,9.4805],[105.6944,9.48],[105.6946,9.4809],[105.6949,9.4809],[105.695,9.4821],[105.6964,9.4829],[105.6979,9.4806],[105.6997,9.4785],[105.7006,9.4785],[105.7013,9.4789],[105.7029,9.479],[105.7045,9.4802],[105.7049,9.4796],[105.709,9.4828],[105.7109,9.4788],[105.7139,9.4795],[105.7151,9.4774],[105.7177,9.4779],[105.7172,9.4786],[105.717,9.4792],[105.7183,9.4808],[105.7184,9.4816],[105.7179,9.4828],[105.7177,9.4838],[105.7172,9.4846],[105.7166,9.4852],[105.7162,9.4865],[105.7139,9.4881],[105.7133,9.4888],[105.713,9.4896],[105.7127,9.4938],[105.7165,9.4929],[105.7243,9.4925],[105.7255,9.4921],[105.726,9.4926],[105.7279,9.493],[105.7289,9.4946],[105.7291,9.495],[105.729,9.4955],[105.7283,9.4964],[105.7281,9.497],[105.7282,9.4976],[105.7288,9.4984],[105.7295,9.4987],[105.7306,9.4985],[105.731,9.4986],[105.7313,9.499],[105.7317,9.5001],[105.7321,9.5007],[105.7327,9.5009],[105.7338,9.5008],[105.7335,9.511],[105.7315,9.5217],[105.7346,9.522],[105.7346,9.5235],[105.7379,9.5239],[105.7379,9.5244],[105.7386,9.525],[105.7386,9.5257],[105.7385,9.5262],[105.7379,9.5269],[105.7379,9.5274],[105.7382,9.5279],[105.7377,9.5289],[105.7376,9.5309],[105.7375,9.5311],[105.7369,9.5314],[105.7361,9.5327],[105.7362,9.5335],[105.7358,9.5345],[105.7361,9.5361],[105.7354,9.537],[105.7349,9.5388],[105.7353,9.54],[105.734,9.5408],[105.7338,9.5421],[105.7329,9.5428],[105.7329,9.5433],[105.7319,9.5482],[105.7306,9.5479],[105.7026,9.5387],[105.6891,9.5362],[105.6836,9.5356],[105.6764,9.5597],[105.6788,9.5603],[105.6789,9.561],[105.6788,9.5613],[105.6782,9.5616],[105.6772,9.5627],[105.6768,9.5636],[105.6767,9.5646],[105.6764,9.5649],[105.6761,9.5658],[105.6758,9.5671],[105.675,9.5683],[105.6759,9.5803]]]},"properties":{"code":"31741","name":"Tân Long","nameEn":"Tan Long","fullName":"Xã Tân Long","fullNameEn":"Tan Long Commune","codeName":"tan_long","postalCode":"96513","postalCodePrefix":"","gisServerId":"diaphanhanhchinhcapxa_2025.295","areaKm2":102.12},"id":"31741"},
{"type":"Feature","geometry":{"type":"Polygon","coordinates":[[[105.6134,9.5436],[105.6058,9.5474],[105.5948,9.5535],[105.5952,9.5543],[105.5894,9.5532],[105.5889,9.5554],[105.5879,9.5568],[105.5525,9.5233],[105.5497,9.5206],[105.5503,9.5203],[105.5472,9.4916],[105.5472,9.4887],[105.5475,9.4886],[105.5465,9.4818],[105.544,9.4711],[105.5454,9.4704],[105.5452,9.4699],[105.5457,9.4698],[105.5456,9.4691],[105.5443,9.4692],[105.5449,9.4606],[105.5451,9.4606],[105.5452,9.4593],[105.5449,9.4593],[105.545,9.4578],[105.5453,9.4577],[105.545,9.4536],[105.5457,9.4535],[105.5456,9.4518],[105.5458,9.4517],[105.5458,9.4515],[105.5459,9.4515],[105.5459,9.451],[105.5457,9.451],[105.5453,9.4506],[105.5805,9.4114],[105.5811,9.412],[105.5876,9.4236],[105.5953,9.4369],[105.5971,9.4411],[105.6162,9.4772],[105.6165,9.4771],[105.6165,9.4773],[105.6163,9.4775],[105.6166,9.478],[105.6171,9.4779],[105.6173,9.4783],[105.6169,9.4785],[105.6229,9.4898],[105.6221,9.4906],[105.609,9.4995],[105.6089,9.4994],[105.6049,9.501],[105.6015,9.5025],[105.6015,9.5027],[105.5999,9.5034],[105.6038,9.5095],[105.6056,9.5184],[105.6054,9.52],[105.6059,9.5221],[105.607,9.525],[105.6079,9.5297],[105.6081,9.5319],[105.6087,9.5339],[105.6134,9.5436]]]},"properties":{"code":"31753","name":"Mỹ Quới","nameEn":"My Quoi","fullName":"Phường Mỹ Quới","fullNameEn":"My Quoi Ward","codeName":"my_quoi","postalCode":"96510","postalCodePrefix":"","gisServerId":"diaphanhanhchinhcapxa_2025.296","areaKm2":83.91},"id":"31753"},
{"type":"Feature","geometry":{"type":"Polygon","coordinates":[[[105.7177,9.4779],[105.7151,9.4774],[105.7139,9.4795],[105.7109,9.4788],[105.709,9.4828],[105.7049,9.4796],[105.7045,9.4802],[105.7029,9.479],[105.7013,9.4789],[105.7006,9.4785],[105.6997,9.4785],[105.6979,9.4806],[105.6964,9.4829],[105.695,9.4821],[105.6949,9.4809],[105.6946,9.4809],[105.6944,9.48],[105.6941,9.4805],[105.6937,9.4806],[105.6919,9.4797],[105.691,9.4797],[105.6894,9.4806],[105.6893,9.4815],[105.6889,9.4823],[105.6863,9.4837],[105.685,9.4848],[105.6836,9.4864],[105.683,9.4868],[105.6824,9.4863],[105.6814,9.4867],[105.6817,9.4853],[105.6823,9.4837],[105.682,9.4826],[105.6819,9.4824],[105.6818,9.4828],[105.6805,9.4829],[105.6795,9.4841],[105.6786,9.4833],[105.6772,9.4833],[105.6768,9.4835],[105.6775,9.479],[105.6748,9.4776],[105.6727,9.478],[105.6726,9.4778],[105.6722,9.4779],[105.6723,9.4782],[105.6712,9.4785],[105.6707,9.4766],[105.6699,9.4771],[105.6698,9.4765],[105.6672,9.4782],[105.6664,9.4772],[105.6665,9.4748],[105.6672,9.4733],[105.6658,9.4724],[105.6654,9.469],[105.6657,9.4664],[105.6653,9.4651],[105.6654,9.4639],[105.6667,9.4621],[105.6671,9.4601],[105.6669,9.4581],[105.6672,9.4577],[105.6675,9.4575],[105.6718,9.4562],[105.6726,9.4558],[105.6732,9.4549],[105.674,9.4545],[105.6747,9.4537],[105.6759,9.4515],[105.6755,9.4454],[105.6748,9.4391],[105.6705,9.4408],[105.6688,9.4413],[105.6688,9.4371],[105.6689,9.4349],[105.6688,9.4319],[105.6691,9.4297],[105.6689,9.4293],[105.669,9.4153],[105.6736,9.4159],[105.6732,9.4136],[105.6733,9.4122],[105.674,9.4102],[105.6735,9.408],[105.673,9.4072],[105.6725,9.4068],[105.6734,9.4062],[105.6747,9.4058],[105.6779,9.4036],[105.696,9.3925],[105.7012,9.3884],[105.7045,9.3855],[105.7059,9.3841],[105.7066,9.3837],[105.7072,9.3836],[105.707,9.385],[105.7071,9.3909],[105.7079,9.3946],[105.7051,9.3965],[105.7097,9.3974],[105.7097,9.3968],[105.7099,9.396],[105.7113,9.3943],[105.7119,9.3938],[105.713,9.3943],[105.7134,9.3943],[105.7145,9.3937],[105.7156,9.3914],[105.7162,9.3909],[105.7171,9.3911],[105.7203,9.3911],[105.7205,9.3922],[105.7236,9.3903],[105.7244,9.3931],[105.7269,9.3927],[105.7269,9.3942],[105.7282,9.3957],[105.7305,9.3946],[105.7306,9.3942],[105.732,9.3939],[105.7323,9.394],[105.7328,9.3945],[105.7336,9.3954],[105.734,9.3953],[105.7347,9.3955],[105.7361,9.3949],[105.7376,9.3953],[105.7372,9.3964],[105.7378,9.3987],[105.7375,9.4002],[105.737,9.4009],[105.737,9.4016],[105.7381,9.4016],[105.7394,9.4019],[105.7397,9.4018],[105.7402,9.4002],[105.7408,9.4],[105.7415,9.4001],[105.7422,9.4008],[105.7427,9.4025],[105.7441,9.4034],[105.7457,9.4032],[105.7465,9.4036],[105.7466,9.4039],[105.7463,9.4043],[105.7455,9.4046],[105.7454,9.4056],[105.7456,9.406],[105.7467,9.4062],[105.7475,9.407],[105.748,9.4071],[105.7495,9.4066],[105.7509,9.4064],[105.7514,9.4065],[105.7521,9.4081],[105.7513,9.4093],[105.7505,9.4102],[105.7507,9.4106],[105.7513,9.411],[105.7519,9.4112],[105.7519,9.41],[105.7522,9.4096],[105.7533,9.4086],[105.7545,9.4081],[105.7551,9.4076],[105.7555,9.4077],[105.7557,9.4083],[105.7551,9.4095],[105.7552,9.4104],[105.7556,9.4108],[105.7562,9.4109],[105.7564,9.4107],[105.7568,9.4097],[105.7573,9.4096],[105.7578,9.4097],[105.7585,9.4104],[105.7611,9.4116],[105.7612,9.412],[105.7607,9.4133],[105.7609,9.4137],[105.7612,9.4138],[105.762,9.4136],[105.7622,9.4124],[105.7625,9.4122],[105.7626,9.4116],[105.7633,9.411],[105.765,9.41],[105.7654,9.4098],[105.766,9.41],[105.7668,9.411],[105.7661,9.4132],[105.7661,9.4142],[105.7668,9.4148],[105.7675,9.4147],[105.7675,9.416],[105.7677,9.4164],[105.7687,9.4177],[105.7708,9.4188],[105.7714,9.4196],[105.7717,9.4204],[105.7702,9.4211],[105.7697,9.4225],[105.7694,9.4228],[105.7682,9.4232],[105.7671,9.4244],[105.7667,9.4247],[105.7663,9.4247],[105.766,9.4245],[105.766,9.4231],[105.7655,9.4224],[105.7648,9.4221],[105.7641,9.4223],[105.7636,9.4232],[105.7635,9.4252],[105.7631,9.4259],[105.7627,9.426],[105.7617,9.4258],[105.7612,9.4259],[105.7607,9.4273],[105.7602,9.4276],[105.7593,9.4275],[105.7583,9.427],[105.7576,9.4272],[105.756,9.4288],[105.7555,9.429],[105.7551,9.4288],[105.7544,9.4303],[105.754,9.4319],[105.7534,9.4335],[105.7536,9.4353],[105.7554,9.4357],[105.7551,9.4374],[105.7567,9.4377],[105.7567,9.4379],[105.7576,9.4381],[105.7568,9.4408],[105.7582,9.4409],[105.758,9.4414],[105.7585,9.4414],[105.7582,9.4423],[105.7607,9.4428],[105.7608,9.4424],[105.762,9.4426],[105.7618,9.4445],[105.763,9.4448],[105.7629,9.4462],[105.762,9.4461],[105.7617,9.4474],[105.7618,9.4474],[105.7617,9.4494],[105.7609,9.4494],[105.7606,9.4524],[105.7562,9.4525],[105.7554,9.4525],[105.7554,9.4523],[105.7542,9.4524],[105.7542,9.4525],[105.7485,9.4526],[105.7374,9.4525],[105.7249,9.4744],[105.7233,9.4737],[105.7228,9.4737],[105.7198,9.4762],[105.719,9.4767],[105.7177,9.4779]]]},"properties":{"code":"31756","name":"Phú Lộc","nameEn":"Phu Loc","fullName":"Xã Phú Lộc","fullNameEn":"Phu Loc Commune","codeName":"phu_loc","postalCode":"96556","postalCodePrefix":"","gisServerId":"diaphanhanhchinhcapxa_2025.297","areaKm2":80.15},"id":"31756"},
{"type":"Feature","geometry":{"type":"Polygon","coordinates":[[[105.8328,9.5229],[105.8329,9.5242],[105.8327,9.5254],[105.8311,9.529],[105.8311,9.53],[105.8318,9.5322],[105.8321,9.5335],[105.8319,9.5349],[105.8312,9.5357],[105.8306,9.5358],[105.8287,9.5354],[105.8278,9.5354],[105.827,9.5359],[105.8256,9.5374],[105.8248,9.5378],[105.8241,9.5379],[105.8215,9.5375],[105.82,9.5378],[105.8184,9.5387],[105.8159,9.5408],[105.8135,9.5422],[105.8125,9.5429],[105.8121,9.5424],[105.8109,9.5419],[105.8104,9.5423],[105.8094,9.542],[105.8079,9.542],[105.8063,9.5416],[105.805,9.5406],[105.804,9.5404],[105.8014,9.5383],[105.8008,9.5383],[105.8,9.5381],[105.7994,9.5384],[105.799,9.5388],[105.7983,9.5384],[105.7974,9.5415],[105.7958,9.5408],[105.7939,9.5419],[105.7925,9.5417],[105.792,9.542],[105.7919,9.5422],[105.7921,9.5429],[105.7916,9.5442],[105.7907,9.5447],[105.7904,9.5455],[105.7894,9.5465],[105.789,9.5464],[105.7889,9.5459],[105.7885,9.5458],[105.788,9.5466],[105.7878,9.5476],[105.7876,9.5479],[105.7872,9.5478],[105.7867,9.5471],[105.7859,9.5469],[105.7847,9.5469],[105.7846,9.5472],[105.7843,9.5474],[105.7841,9.5459],[105.7841,9.545],[105.7836,9.5436],[105.7836,9.5432],[105.783,9.5427],[105.7818,9.5423],[105.7813,9.5426],[105.7799,9.5423],[105.7796,9.5428],[105.7784,9.5428],[105.7775,9.544],[105.7768,9.5444],[105.775,9.5465],[105.7748,9.5469],[105.7749,9.548],[105.7737,9.5489],[105.7722,9.5519],[105.7717,9.5518],[105.7717,9.552],[105.7696,9.5564],[105.7514,9.5524],[105.7496,9.5522],[105.7488,9.5516],[105.7468,9.5511],[105.7402,9.5499],[105.7319,9.5482],[105.7329,9.5433],[105.7329,9.5428],[105.7338,9.5421],[105.734,9.5408],[105.7353,9.54],[105.7349,9.5388],[105.7354,9.537],[105.7361,9.5361],[105.7358,9.5345],[105.7362,9.5335],[105.7361,9.5327],[105.7369,9.5314],[105.7375,9.5311],[105.7376,9.5309],[105.7377,9.5289],[105.7382,9.5279],[105.7379,9.5274],[105.7379,9.5269],[105.7385,9.5262],[105.7386,9.5257],[105.7386,9.525],[105.7379,9.5244],[105.7379,9.5239],[105.7346,9.5235],[105.7346,9.522],[105.7315,9.5217],[105.7335,9.511],[105.7338,9.5008],[105.7327,9.5009],[105.7321,9.5007],[105.7317,9.5001],[105.7313,9.499],[105.731,9.4986],[105.7306,9.4985],[105.7295,9.4987],[105.7288,9.4984],[105.7282,9.4976],[105.7281,9.497],[105.7283,9.4964],[105.729,9.4955],[105.7291,9.495],[105.7289,9.4946],[105.7279,9.493],[105.726,9.4926],[105.7255,9.4921],[105.7243,9.4925],[105.7165,9.4929],[105.7127,9.4938],[105.713,9.4896],[105.7133,9.4888],[105.7139,9.4881],[105.7162,9.4865],[105.7166,9.4852],[105.7172,9.4846],[105.7177,9.4838],[105.7179,9.4828],[105.7184,9.4816],[105.7183,9.4808],[105.717,9.4792],[105.7172,9.4786],[105.7177,9.4779],[105.719,9.4767],[105.7198,9.4762],[105.7228,9.4737],[105.7233,9.4737],[105.7249,9.4744],[105.7374,9.4525],[105.7485,9.4526],[105.7542,9.4525],[105.7542,9.4524],[105.7554,9.4523],[105.7554,9.4525],[105.7562,9.4525],[105.7606,9.4524],[105.7625,9.4524],[105.7624,9.4544],[105.7622,9.4544],[105.7619,9.4565],[105.7636,9.4567],[105.7638,9.4556],[105.7657,9.4558],[105.7653,9.4582],[105.7648,9.4582],[105.7644,9.46],[105.7702,9.4603],[105.7699,9.4618],[105.7702,9.4619],[105.7703,9.4615],[105.772,9.4617],[105.7722,9.4602],[105.7745,9.4605],[105.774,9.463],[105.7736,9.463],[105.7733,9.4643],[105.7755,9.4645],[105.7751,9.4652],[105.7731,9.4651],[105.7731,9.4655],[105.7749,9.4656],[105.7752,9.4666],[105.7746,9.4666],[105.7747,9.4676],[105.7756,9.4675],[105.7756,9.469],[105.7759,9.4689],[105.7758,9.4705],[105.7764,9.4704],[105.7764,9.4712],[105.7773,9.4745],[105.7766,9.4746],[105.7768,9.4767],[105.7785,9.4765],[105.7783,9.4833],[105.7797,9.4835],[105.7866,9.4854],[105.7895,9.4866],[105.792,9.4873],[105.7921,9.4876],[105.7979,9.4884],[105.7978,9.4888],[105.812,9.4922],[105.8121,9.4926],[105.8136,9.493],[105.8137,9.4927],[105.8157,9.493],[105.8158,9.4918],[105.8162,9.4918],[105.8166,9.4885],[105.8153,9.4882],[105.8159,9.486],[105.8163,9.484],[105.8194,9.4846],[105.8192,9.4857],[105.8202,9.4858],[105.8202,9.486],[105.8195,9.489],[105.8218,9.4895],[105.8215,9.4911],[105.8223,9.4913],[105.822,9.4933],[105.8213,9.4932],[105.8212,9.4937],[105.8216,9.4937],[105.8216,9.4956],[105.8219,9.4956],[105.8218,9.4968],[105.8208,9.501],[105.8227,9.5017],[105.8243,9.5019],[105.8284,9.5024],[105.8384,9.5039],[105.8385,9.5033],[105.8407,9.5037],[105.8408,9.5034],[105.8411,9.5035],[105.8412,9.5033],[105.8417,9.5032],[105.8425,9.5036],[105.8429,9.5036],[105.8439,9.5027],[105.8457,9.5028],[105.8466,9.5026],[105.8479,9.5029],[105.8472,9.5038],[105.8482,9.5044],[105.8485,9.5048],[105.8477,9.5055],[105.8471,9.5062],[105.8452,9.5103],[105.8444,9.5111],[105.8436,9.5117],[105.8402,9.513],[105.8374,9.5161],[105.8345,9.5179],[105.8337,9.5185],[105.8331,9.5194],[105.8328,9.5203],[105.8327,9.5215],[105.8328,9.5229]]]},"properties":{"code":"31759","name":"Lâm Tân","nameEn":"Lam Tan","fullName":"Xã Lâm Tân","fullNameEn":"Lam Tan Commune","codeName":"lam_tan","postalCode":"96560","postalCodePrefix":"","gisServerId":"diaphanhanhchinhcapxa_2025.298","areaKm2":90.83},"id":"31759"},
{"type":"Feature","geometry":{"type":"Polygon","coordinates":[[[105.6664,9.4772],[105.6657,9.4786],[105.6653,9.4803],[105.6645,9.4817],[105.664,9.4862],[105.6638,9.4868],[105.6626,9.4887],[105.6623,9.4902],[105.661,9.4904],[105.6603,9.4914],[105.6584,9.4925],[105.6573,9.4936],[105.6561,9.4944],[105.6555,9.4956],[105.6551,9.4957],[105.6541,9.4951],[105.6541,9.4943],[105.6538,9.4937],[105.6531,9.4936],[105.6527,9.4938],[105.6517,9.4934],[105.6516,9.4937],[105.6511,9.4941],[105.6477,9.4925],[105.6473,9.4932],[105.6465,9.4927],[105.645,9.4946],[105.6448,9.4943],[105.6439,9.4944],[105.6428,9.494],[105.6415,9.4948],[105.6378,9.49],[105.6359,9.4915],[105.6358,9.4915],[105.6353,9.4903],[105.6348,9.4904],[105.6345,9.4893],[105.6334,9.4899],[105.633,9.4897],[105.6319,9.4903],[105.6321,9.4907],[105.6259,9.4941],[105.6247,9.4916],[105.624,9.4919],[105.6229,9.4898],[105.6169,9.4785],[105.6173,9.4783],[105.6171,9.4779],[105.6166,9.478],[105.6163,9.4775],[105.6165,9.4773],[105.6165,9.4771],[105.6162,9.4772],[105.5971,9.4411],[105.5953,9.4369],[105.5876,9.4236],[105.5928,9.4207],[105.5956,9.4194],[105.597,9.4202],[105.5969,9.4204],[105.5991,9.4241],[105.5997,9.4243],[105.6029,9.4212],[105.6019,9.4187],[105.6017,9.4175],[105.6018,9.4172],[105.6023,9.4168],[105.604,9.4158],[105.6066,9.4135],[105.6079,9.4127],[105.6105,9.4123],[105.6119,9.4123],[105.6137,9.4074],[105.6149,9.4078],[105.6154,9.4066],[105.6165,9.4071],[105.6164,9.4075],[105.6171,9.4075],[105.6172,9.408],[105.6167,9.4094],[105.6171,9.4096],[105.6168,9.4102],[105.6196,9.4152],[105.62,9.4146],[105.6204,9.4148],[105.6218,9.4144],[105.6227,9.4153],[105.6234,9.4178],[105.624,9.418],[105.6259,9.4181],[105.6277,9.4187],[105.6284,9.4187],[105.629,9.4186],[105.63,9.4178],[105.6308,9.4179],[105.6306,9.4173],[105.6308,9.4156],[105.6314,9.4154],[105.6315,9.4156],[105.6323,9.4154],[105.6314,9.4113],[105.6387,9.409],[105.6383,9.4075],[105.6407,9.4067],[105.6403,9.4051],[105.6407,9.4049],[105.6406,9.4046],[105.641,9.4035],[105.6408,9.4025],[105.6409,9.4025],[105.6406,9.4019],[105.6407,9.4015],[105.64,9.4013],[105.6367,9.3962],[105.6383,9.3962],[105.6384,9.3954],[105.6391,9.3947],[105.6394,9.3945],[105.6407,9.3945],[105.642,9.3938],[105.6429,9.3936],[105.6437,9.3937],[105.6439,9.3938],[105.6439,9.394],[105.6447,9.3944],[105.6453,9.3949],[105.6465,9.3952],[105.6466,9.3951],[105.6472,9.395],[105.6475,9.3946],[105.6478,9.3948],[105.6492,9.3926],[105.6499,9.3924],[105.6503,9.3919],[105.65,9.3916],[105.6499,9.3873],[105.6526,9.388],[105.6539,9.3859],[105.6549,9.3864],[105.6552,9.3858],[105.6557,9.386],[105.657,9.3861],[105.6576,9.3863],[105.6578,9.3865],[105.6582,9.3867],[105.6582,9.387],[105.6608,9.3874],[105.661,9.3876],[105.6631,9.3886],[105.6649,9.3889],[105.6663,9.3891],[105.6665,9.3888],[105.6669,9.389],[105.6677,9.3877],[105.6687,9.3884],[105.6684,9.3889],[105.6702,9.3896],[105.6704,9.3893],[105.6731,9.3908],[105.6763,9.3859],[105.6772,9.3847],[105.6774,9.3842],[105.679,9.3835],[105.6798,9.3834],[105.6825,9.3845],[105.6852,9.3784],[105.6861,9.3786],[105.687,9.3791],[105.6871,9.3788],[105.6914,9.3797],[105.6941,9.3798],[105.6951,9.3792],[105.6966,9.3792],[105.6986,9.3784],[105.6996,9.3778],[105.7015,9.3774],[105.7036,9.3775],[105.7045,9.3778],[105.7054,9.3779],[105.7066,9.3837],[105.7059,9.3841],[105.7045,9.3855],[105.7012,9.3884],[105.696,9.3925],[105.6779,9.4036],[105.6747,9.4058],[105.6734,9.4062],[105.6725,9.4068],[105.673,9.4072],[105.6735,9.408],[105.674,9.4102],[105.6733,9.4122],[105.6732,9.4136],[105.6736,9.4159],[105.669,9.4153],[105.6689,9.4293],[105.6691,9.4297],[105.6688,9.4319],[105.6689,9.4349],[105.6688,9.4371],[105.6688,9.4413],[105.6705,9.4408],[105.6748,9.4391],[105.6755,9.4454],[105.6759,9.4515],[105.6747,9.4537],[105.674,9.4545],[105.6732,9.4549],[105.6726,9.4558],[105.6718,9.4562],[105.6675,9.4575],[105.6672,9.4577],[105.6669,9.4581],[105.6671,9.4601],[105.6667,9.4621],[105.6654,9.4639],[105.6653,9.4651],[105.6657,9.4664],[105.6654,9.469],[105.6658,9.4724],[105.6672,9.4733],[105.6665,9.4748],[105.6664,9.4772]]]},"properties":{"code":"31777","name":"Vĩnh Lợi","nameEn":"Vinh Loi","fullName":"Xã Vĩnh Lợi","fullNameEn":"Vinh Loi Commune","codeName":"vinh_loi","postalCode":"96564","postalCodePrefix":"","gisServerId":"diaphanhanhchinhcapxa_2025.299","areaKm2":76.82},"id":"31777"},
{"type":"Feature","geometry":{"type":"Polygon","coordinates":[[[106.0952,9.4065],[106.0943,9.4068],[106.0935,9.4067],[106.0896,9.4053],[106.0877,9.405],[106.0863,9.4042],[106.086,9.4042],[106.0857,9.4043],[106.0856,9.4046],[106.0863,9.4062],[106.0863,9.4069],[106.0859,9.4077],[106.0854,9.408],[106.0849,9.408],[106.0836,9.4074],[106.0827,9.4066],[106.0826,9.4057],[106.0831,9.4044],[106.083,9.404],[106.0826,9.4038],[106.082,9.4038],[106.0794,9.4042],[106.0789,9.4041],[106.0782,9.4036],[106.0777,9.4037],[106.0775,9.4052],[106.0772,9.4055],[106.0768,9.4055],[106.075,9.405],[106.0739,9.4039],[106.0732,9.4037],[106.0728,9.4039],[106.0718,9.4052],[106.0713,9.4055],[106.0708,9.4056],[106.0702,9.4055],[106.0699,9.4052],[106.0692,9.4035],[106.0686,9.4031],[106.0661,9.4031],[106.0638,9.4038],[106.0631,9.4038],[106.0626,9.4034],[106.0621,9.4021],[106.0617,9.4019],[106.0603,9.4018],[106.0597,9.4015],[106.0595,9.401],[106.0595,9.3999],[106.0592,9.3988],[106.0593,9.3982],[106.0603,9.3975],[106.0606,9.3969],[106.0604,9.3964],[106.0596,9.3954],[106.0595,9.3948],[106.0601,9.3945],[106.0613,9.395],[106.0619,9.3947],[106.0627,9.3929],[106.0626,9.3924],[106.0624,9.3919],[106.0618,9.3917],[106.0605,9.3918],[106.0602,9.3916],[106.0595,9.3905],[106.059,9.3904],[106.0576,9.3906],[106.0561,9.3897],[106.0557,9.3898],[106.0555,9.39],[106.0552,9.3911],[106.0547,9.3912],[106.054,9.3907],[106.0532,9.3892],[106.0527,9.3889],[106.0521,9.3891],[106.0511,9.3901],[106.0506,9.3903],[106.0492,9.3897],[106.0471,9.3895],[106.0452,9.389],[106.0437,9.3879],[106.0444,9.3874],[106.0443,9.387],[106.0437,9.3868],[106.0424,9.3868],[106.0422,9.3866],[106.0426,9.386],[106.0426,9.3857],[106.0424,9.3855],[106.0415,9.3854],[106.0412,9.3853],[106.0413,9.3849],[106.0424,9.3847],[106.0429,9.3843],[106.0428,9.3839],[106.0426,9.3837],[106.0415,9.383],[106.0415,9.3828],[106.0419,9.3821],[106.0414,9.3817],[106.0406,9.3819],[106.0406,9.3833],[106.0401,9.3839],[106.0399,9.3839],[106.0396,9.3836],[106.04,9.3829],[106.0399,9.3826],[106.0388,9.3824],[106.0381,9.382],[106.0378,9.3816],[106.0372,9.3814],[106.0361,9.383],[106.035,9.3829],[106.0352,9.3844],[106.0337,9.3844],[106.0337,9.3832],[106.0332,9.382],[106.0322,9.3818],[106.0319,9.3814],[106.0317,9.3808],[106.0316,9.3808],[106.0309,9.3819],[106.0305,9.3823],[106.0302,9.3823],[106.0298,9.381],[106.0289,9.3798],[106.0287,9.3799],[106.0286,9.3801],[106.0286,9.381],[106.0282,9.3813],[106.027,9.3812],[106.0259,9.3806],[106.0246,9.3807],[106.024,9.3808],[106.0238,9.3811],[106.0239,9.3819],[106.0238,9.3822],[106.0225,9.382],[106.0219,9.3831],[106.015,9.3817],[106.0148,9.3814],[106.0148,9.3807],[106.0136,9.3802],[106.0136,9.3797],[106.013,9.3788],[106.0089,9.3714],[106.0052,9.3643],[106.005,9.3636],[106.0038,9.362],[106.0028,9.3627],[106.0027,9.3625],[105.9966,9.3607],[105.9921,9.3584],[105.9901,9.3576],[105.987,9.3559],[105.9841,9.355],[105.9825,9.355],[105.9817,9.3548],[105.9798,9.3547],[105.9788,9.3543],[105.9773,9.3542],[105.9755,9.3542],[105.9726,9.354],[105.9712,9.3415],[105.9702,9.332],[105.9697,9.3286],[105.9699,9.3273],[105.9695,9.327],[105.9695,9.3267],[105.9699,9.3267],[105.9699,9.3258],[105.9701,9.3257],[105.9706,9.3223],[105.9709,9.3216],[105.9712,9.3216],[105.971,9.3211],[105.9726,9.3127],[105.9764,9.2959],[105.9768,9.294],[105.9772,9.2936],[105.978,9.2935],[105.9781,9.2932],[105.9777,9.2929],[105.9777,9.2927],[105.9781,9.2923],[105.9787,9.2923],[105.9798,9.2929],[105.9807,9.2941],[105.9821,9.2942],[105.9823,9.2941],[105.9821,9.2935],[105.9822,9.2932],[105.9827,9.2933],[105.9834,9.2938],[105.9839,9.2938],[105.9842,9.2935],[105.9845,9.2934],[105.987,9.2939],[105.9882,9.2944],[105.9907,9.2951],[105.9915,9.2956],[105.9918,9.2964],[105.992,9.2964],[105.9927,9.296],[105.9936,9.2959],[105.9944,9.2964],[105.9976,9.2975],[105.9981,9.2981],[105.9981,9.2989],[105.9986,9.2988],[105.9993,9.299],[105.9993,9.2988],[105.9991,9.2985],[105.9996,9.2984],[105.9996,9.2979],[105.9999,9.2978],[106.0018,9.2978],[106.0036,9.2986],[106.0045,9.2987],[106.0049,9.2989],[106.005,9.2992],[106.0047,9.2999],[106.0043,9.3001],[106.0049,9.3003],[106.005,9.3006],[106.0054,9.3012],[106.0054,9.3004],[106.0059,9.3004],[106.0066,9.2998],[106.0068,9.2998],[106.0076,9.3002],[106.0078,9.2999],[106.0082,9.2999],[106.0089,9.3004],[106.0089,9.3008],[106.0092,9.3009],[106.0095,9.3012],[106.0099,9.3009],[106.0101,9.3012],[106.01,9.3021],[106.0101,9.3019],[106.0104,9.3021],[106.0107,9.302],[106.0111,9.3012],[106.0115,9.301],[106.0119,9.3014],[106.012,9.3017],[106.0118,9.3019],[106.0121,9.3023],[106.013,9.3028],[106.0127,9.3032],[106.0131,9.3041],[106.0133,9.304],[106.0135,9.3026],[106.0138,9.3024],[106.0144,9.3024],[106.0138,9.3059],[106.0131,9.3077],[106.0101,9.3067],[106.01,9.3068],[106.0099,9.3078],[106.0101,9.3078],[106.0104,9.307],[106.0112,9.3073],[106.0115,9.3082],[106.0122,9.308],[106.0122,9.3083],[106.0124,9.3081],[106.0125,9.3082],[106.0123,9.3085],[106.013,9.3085],[106.0131,9.3092],[106.0137,9.3102],[106.0137,9.3099],[106.014,9.31],[106.0135,9.3096],[106.0133,9.3088],[106.0133,9.3083],[106.014,9.3058],[106.0145,9.3028],[106.0151,9.3021],[106.0159,9.3021],[106.0166,9.3018],[106.0174,9.3019],[106.0174,9.3035],[106.0177,9.303],[106.0181,9.3029],[106.0192,9.3031],[106.0201,9.3038],[106.0203,9.3038],[106.0206,9.3035],[106.0209,9.3035],[106.0215,9.3038],[106.0217,9.304],[106.0217,9.3044],[106.0213,9.3056],[106.0214,9.3058],[106.0224,9.3051],[106.0237,9.3038],[106.024,9.304],[106.0237,9.3048],[106.0237,9.3052],[106.0246,9.3062],[106.025,9.3061],[106.0259,9.305],[106.0261,9.3049],[106.0269,9.3049],[106.0276,9.3053],[106.0272,9.3071],[106.0275,9.3079],[106.0285,9.3092],[106.0285,9.3101],[106.0282,9.3107],[106.0284,9.3112],[106.0278,9.3128],[106.0272,9.3134],[106.027,9.3134],[106.027,9.3131],[106.0268,9.313],[106.0264,9.3132],[106.0264,9.3134],[106.0277,9.3148],[106.0281,9.3147],[106.0282,9.314],[106.028,9.3137],[106.0285,9.3133],[106.0281,9.3131],[106.0281,9.3129],[106.0292,9.3103],[106.0291,9.3092],[106.0286,9.3077],[106.0289,9.3065],[106.0292,9.306],[106.0294,9.3059],[106.0299,9.3062],[106.0312,9.3073],[106.0322,9.3079],[106.0334,9.3083],[106.0367,9.3097],[106.037,9.3101],[106.0373,9.3109],[106.037,9.3136],[106.0372,9.314],[106.0374,9.3139],[106.0376,9.3135],[106.0381,9.3103],[106.0386,9.3101],[106.0423,9.3117],[106.0479,9.3137],[106.0494,9.3145],[106.0515,9.3153],[106.0517,9.3155],[106.0517,9.316],[106.0514,9.3173],[106.0508,9.318],[106.0501,9.3182],[106.0495,9.3188],[106.0502,9.3193],[106.0502,9.32],[106.0506,9.3207],[106.0508,9.3206],[106.0512,9.3208],[106.0514,9.3205],[106.0518,9.317],[106.0521,9.3156],[106.0523,9.3155],[106.053,9.3157],[106.0561,9.3173],[106.0567,9.3178],[106.0568,9.318],[106.0557,9.321],[106.0557,9.3214],[106.0559,9.3216],[106.0566,9.3215],[106.0565,9.3208],[106.0567,9.319],[106.0572,9.3179],[106.0576,9.3178],[106.0602,9.319],[106.0621,9.3202],[106.0647,9.3211],[106.0657,9.3212],[106.0688,9.3222],[106.0752,9.3252],[106.0754,9.3255],[106.0753,9.3259],[106.0745,9.3275],[106.0745,9.3283],[106.0751,9.3272],[106.0762,9.3245],[106.077,9.3246],[106.0786,9.3253],[106.0778,9.3326],[106.0773,9.3358],[106.0781,9.3362],[106.0778,9.3378],[106.0775,9.3403],[106.0789,9.3406],[106.0778,9.3448],[106.0772,9.3492],[106.0785,9.3494],[106.0836,9.3509],[106.0851,9.3487],[106.091,9.3507],[106.0931,9.3505],[106.0942,9.3506],[106.0958,9.351],[106.0946,9.3548],[106.0949,9.3549],[106.0943,9.3575],[106.0945,9.361],[106.0936,9.3609],[106.0929,9.3611],[106.0928,9.3619],[106.0926,9.3624],[106.0918,9.3629],[106.0928,9.3642],[106.0926,9.3646],[106.0955,9.3654],[106.098,9.3663],[106.0977,9.37],[106.0979,9.3735],[106.0974,9.3756],[106.0975,9.3771],[106.0968,9.3812],[106.0933,9.3805],[106.0915,9.3803],[106.0927,9.3838],[106.0936,9.3872],[106.0967,9.3953],[106.0957,9.4042],[106.0952,9.4065]]]},"properties":{"code":"31783","name":"Vĩnh Châu","nameEn":"Vinh Chau","fullName":"Phường Vĩnh Châu","fullNameEn":"Vinh Chau Ward","codeName":"vinh_chau","postalCode":"96816","postalCodePrefix":"","gisServerId":"diaphanhanhchinhcapxa_2025.300","areaKm2":98.26},"id":"31783"},
{"type":"Feature","geometry":{"type":"Polygon","coordinates":[[[106.1287,9.414],[106.1268,9.4154],[106.1249,9.4164],[106.1228,9.418],[106.1191,9.4204],[106.1159,9.422],[106.1135,9.4236],[106.1116,9.4257],[106.1091,9.4298],[106.1081,9.4309],[106.1073,9.4316],[106.1059,9.4322],[106.1003,9.4331],[106.0985,9.4338],[106.0901,9.4378],[106.0872,9.4397],[106.0827,9.4435],[106.0801,9.4449],[106.0758,9.4465],[106.0735,9.447],[106.0714,9.448],[106.07,9.4489],[106.0654,9.4526],[106.0647,9.453],[106.0623,9.4535],[106.0607,9.4536],[106.0588,9.4533],[106.0556,9.4518],[106.0533,9.4503],[106.0516,9.4494],[106.0487,9.4485],[106.0472,9.4484],[106.0462,9.4485],[106.0441,9.4496],[106.0416,9.4512],[106.0407,9.4515],[106.0391,9.4513],[106.0384,9.4511],[106.0366,9.45],[106.0325,9.4467],[106.0295,9.4441],[106.0268,9.4402],[106.0245,9.4376],[106.0184,9.4327],[106.0168,9.4319],[106.0156,9.4318],[106.0143,9.4321],[106.0113,9.4335],[106.01,9.434],[106.009,9.4342],[106.0067,9.4342],[106.0055,9.4341],[106.0041,9.4338],[106.0019,9.4327],[106.0002,9.4315],[105.9975,9.4285],[105.995,9.4267],[105.9925,9.4255],[105.9892,9.4245],[105.9864,9.4244],[105.9841,9.425],[105.9825,9.4259],[105.9796,9.4279],[105.9782,9.4285],[105.9771,9.4286],[105.9757,9.4286],[105.9741,9.4281],[105.9721,9.425],[105.9707,9.424],[105.9691,9.4234],[105.9653,9.4227],[105.9635,9.4222],[105.9582,9.4192],[105.9534,9.4175],[105.9525,9.417],[105.9518,9.416],[105.9515,9.4152],[105.9514,9.4143],[105.9515,9.4115],[105.9512,9.4094],[105.9505,9.4078],[105.9493,9.4067],[105.9477,9.4059],[105.9461,9.4056],[105.9443,9.4056],[105.9402,9.406],[105.9385,9.4057],[105.9375,9.4052],[105.9369,9.4046],[105.9362,9.4033],[105.9354,9.4016],[105.9345,9.4005],[105.9329,9.4],[105.93,9.4],[105.9288,9.3994],[105.9285,9.399],[105.9284,9.3985],[105.9287,9.3976],[105.9292,9.3971],[105.9319,9.3954],[105.9324,9.3942],[105.9323,9.3935],[105.9317,9.3928],[105.9309,9.3922],[105.9289,9.3914],[105.9281,9.3906],[105.928,9.39],[105.9282,9.3894],[105.9287,9.3889],[105.9295,9.3884],[105.9314,9.3874],[105.932,9.3868],[105.9323,9.386],[105.9322,9.385],[105.9314,9.384],[105.9283,9.381],[105.9249,9.3759],[105.924,9.3752],[105.9232,9.3748],[105.9238,9.3745],[105.9251,9.3744],[105.9255,9.374],[105.9253,9.3733],[105.9245,9.3725],[105.9244,9.3721],[105.9246,9.3716],[105.9252,9.3718],[105.926,9.3727],[105.9267,9.3729],[105.9268,9.3723],[105.926,9.3712],[105.9258,9.3703],[105.9261,9.3697],[105.9272,9.3693],[105.9276,9.369],[105.9276,9.3686],[105.9269,9.3677],[105.9268,9.3673],[105.927,9.3667],[105.9279,9.3657],[105.9277,9.3645],[105.9279,9.3632],[105.9282,9.3625],[105.929,9.3617],[105.9309,9.3605],[105.9309,9.3601],[105.9304,9.3583],[105.9305,9.3577],[105.931,9.3574],[105.9323,9.3576],[105.9326,9.3574],[105.9327,9.357],[105.9329,9.3554],[105.934,9.3535],[105.9336,9.3524],[105.9323,9.3503],[105.9325,9.349],[105.9316,9.3482],[105.9318,9.3466],[105.932,9.3463],[105.933,9.346],[105.9336,9.3455],[105.9358,9.3432],[105.9359,9.3428],[105.9385,9.3435],[105.9384,9.3425],[105.9385,9.3419],[105.9393,9.3413],[105.94,9.341],[105.9404,9.3411],[105.9404,9.3413],[105.94,9.3422],[105.94,9.3426],[105.9403,9.3427],[105.9409,9.3425],[105.9412,9.3429],[105.9413,9.3436],[105.9454,9.3433],[105.946,9.3429],[105.9473,9.3435],[105.9476,9.3432],[105.9476,9.3428],[105.9472,9.3426],[105.9463,9.3423],[105.9464,9.3414],[105.9467,9.3407],[105.9473,9.3405],[105.9492,9.3407],[105.9509,9.3397],[105.9509,9.3385],[105.951,9.3383],[105.9514,9.3383],[105.952,9.339],[105.9527,9.339],[105.9534,9.3383],[105.9533,9.3379],[105.9526,9.3371],[105.9526,9.3367],[105.9529,9.3366],[105.9547,9.3372],[105.955,9.3385],[105.9565,9.3384],[105.9572,9.3391],[105.9588,9.3395],[105.9622,9.3413],[105.9712,9.3415],[105.9726,9.354],[105.9755,9.3542],[105.9773,9.3542],[105.9788,9.3543],[105.9798,9.3547],[105.9817,9.3548],[105.9825,9.355],[105.9841,9.355],[105.987,9.3559],[105.9901,9.3576],[105.9921,9.3584],[105.9966,9.3607],[106.0027,9.3625],[106.0028,9.3627],[106.0038,9.362],[106.005,9.3636],[106.0052,9.3643],[106.0089,9.3714],[106.013,9.3788],[106.0136,9.3797],[106.0136,9.3802],[106.0148,9.3807],[106.0148,9.3814],[106.015,9.3817],[106.0219,9.3831],[106.0225,9.382],[106.0238,9.3822],[106.0239,9.3819],[106.0238,9.3811],[106.024,9.3808],[106.0246,9.3807],[106.0259,9.3806],[106.027,9.3812],[106.0282,9.3813],[106.0286,9.381],[106.0286,9.3801],[106.0287,9.3799],[106.0289,9.3798],[106.0298,9.381],[106.0302,9.3823],[106.0305,9.3823],[106.0309,9.3819],[106.0316,9.3808],[106.0317,9.3808],[106.0319,9.3814],[106.0322,9.3818],[106.0332,9.382],[106.0337,9.3832],[106.0337,9.3844],[106.0352,9.3844],[106.035,9.3829],[106.0361,9.383],[106.0372,9.3814],[106.0378,9.3816],[106.0381,9.382],[106.0388,9.3824],[106.0399,9.3826],[106.04,9.3829],[106.0396,9.3836],[106.0399,9.3839],[106.0401,9.3839],[106.0406,9.3833],[106.0406,9.3819],[106.0414,9.3817],[106.0419,9.3821],[106.0415,9.3828],[106.0415,9.383],[106.0426,9.3837],[106.0428,9.3839],[106.0429,9.3843],[106.0424,9.3847],[106.0413,9.3849],[106.0412,9.3853],[106.0415,9.3854],[106.0424,9.3855],[106.0426,9.3857],[106.0426,9.386],[106.0422,9.3866],[106.0424,9.3868],[106.0437,9.3868],[106.0443,9.387],[106.0444,9.3874],[106.0437,9.3879],[106.0452,9.389],[106.0471,9.3895],[106.0492,9.3897],[106.0506,9.3903],[106.0511,9.3901],[106.0521,9.3891],[106.0527,9.3889],[106.0532,9.3892],[106.054,9.3907],[106.0547,9.3912],[106.0552,9.3911],[106.0555,9.39],[106.0557,9.3898],[106.0561,9.3897],[106.0576,9.3906],[106.059,9.3904],[106.0595,9.3905],[106.0602,9.3916],[106.0605,9.3918],[106.0618,9.3917],[106.0624,9.3919],[106.0626,9.3924],[106.0627,9.3929],[106.0619,9.3947],[106.0613,9.395],[106.0601,9.3945],[106.0595,9.3948],[106.0596,9.3954],[106.0604,9.3964],[106.0606,9.3969],[106.0603,9.3975],[106.0593,9.3982],[106.0592,9.3988],[106.0595,9.3999],[106.0595,9.401],[106.0597,9.4015],[106.0603,9.4018],[106.0617,9.4019],[106.0621,9.4021],[106.0626,9.4034],[106.0631,9.4038],[106.0638,9.4038],[106.0661,9.4031],[106.0686,9.4031],[106.0692,9.4035],[106.0699,9.4052],[106.0702,9.4055],[106.0708,9.4056],[106.0713,9.4055],[106.0718,9.4052],[106.0728,9.4039],[106.0732,9.4037],[106.0739,9.4039],[106.075,9.405],[106.0768,9.4055],[106.0772,9.4055],[106.0775,9.4052],[106.0777,9.4037],[106.0782,9.4036],[106.0789,9.4041],[106.0794,9.4042],[106.082,9.4038],[106.0826,9.4038],[106.083,9.404],[106.0831,9.4044],[106.0826,9.4057],[106.0827,9.4066],[106.0836,9.4074],[106.0849,9.408],[106.0854,9.408],[106.0859,9.4077],[106.0863,9.4069],[106.0863,9.4062],[106.0856,9.4046],[106.0857,9.4043],[106.086,9.4042],[106.0863,9.4042],[106.0877,9.405],[106.0896,9.4053],[106.0935,9.4067],[106.0943,9.4068],[106.0952,9.4065],[106.0967,9.4055],[106.0978,9.4049],[106.0988,9.4048],[106.1007,9.4052],[106.1017,9.4051],[106.1063,9.4029],[106.1075,9.4027],[106.1077,9.4028],[106.1081,9.4034],[106.1085,9.4052],[106.1089,9.4059],[106.1094,9.4063],[106.11,9.4064],[106.1108,9.4059],[106.1125,9.4034],[106.1131,9.403],[106.1136,9.4029],[106.1142,9.4032],[106.1146,9.404],[106.1145,9.4072],[106.1146,9.4081],[106.115,9.4085],[106.1155,9.4086],[106.1162,9.4082],[106.117,9.4061],[106.1179,9.4051],[106.1197,9.4042],[106.1216,9.4038],[106.1221,9.4042],[106.1222,9.4047],[106.1219,9.4059],[106.1207,9.408],[106.1206,9.4089],[106.1208,9.4094],[106.1212,9.4098],[106.1217,9.4099],[106.1245,9.41],[106.1259,9.4104],[106.1287,9.414]]]},"properties":{"code":"31789","name":"Khánh Hoà","nameEn":"Khanh Hoa","fullName":"Phường Khánh Hoà","fullNameEn":"Khanh Hoa Ward","codeName":"khanh_hoa","postalCode":"96811","postalCodePrefix":"","gisServerId":"diaphanhanhchinhcapxa_2025.301","areaKm2":130.48},"id":"31789"},
{"type":"Feature","geometry":{"type":"Polygon","coordinates":[[[106.0786,9.3253],[106.0807,9.326],[106.0832,9.3262],[106.0853,9.3266],[106.0866,9.3266],[106.0879,9.3268],[106.0896,9.3274],[106.0912,9.3276],[106.0916,9.3278],[106.0917,9.3283],[106.0919,9.3284],[106.0953,9.3296],[106.0955,9.3304],[106.0949,9.3339],[106.0949,9.3348],[106.0954,9.3332],[106.096,9.3289],[106.0962,9.3286],[106.0965,9.3285],[106.1012,9.3289],[106.1042,9.3286],[106.1057,9.3287],[106.1081,9.3292],[106.1085,9.3288],[106.1107,9.3287],[106.1229,9.3315],[106.1269,9.3325],[106.1291,9.3333],[106.1295,9.3339],[106.1309,9.3344],[106.1315,9.3343],[106.1323,9.3354],[106.1317,9.3342],[106.1308,9.3332],[106.1292,9.3324],[106.1294,9.3323],[106.1302,9.3323],[106.131,9.3326],[106.1311,9.3325],[106.1308,9.3322],[106.1309,9.3318],[106.131,9.3317],[106.1336,9.3341],[106.1367,9.3364],[106.1384,9.3374],[106.1414,9.3396],[106.1498,9.3452],[106.1535,9.3478],[106.1578,9.3511],[106.1617,9.3542],[106.1657,9.358],[106.167,9.3593],[106.1678,9.3604],[106.171,9.3619],[106.1717,9.3626],[106.1733,9.3635],[106.1753,9.365],[106.1771,9.3673],[106.18,9.3701],[106.1806,9.371],[106.1811,9.3722],[106.1839,9.3754],[106.1865,9.3803],[106.1865,9.3809],[106.186,9.3817],[106.1862,9.3837],[106.1861,9.3842],[106.1853,9.3851],[106.1856,9.3867],[106.1859,9.3869],[106.1856,9.388],[106.1857,9.3894],[106.1837,9.3902],[106.1837,9.3904],[106.1837,9.3905],[106.1852,9.3899],[106.1857,9.3902],[106.1859,9.3908],[106.1872,9.3949],[106.1871,9.3954],[106.1875,9.3962],[106.1878,9.3998],[106.1881,9.4017],[106.1878,9.4038],[106.1874,9.4043],[106.187,9.409],[106.1866,9.4114],[106.1863,9.4147],[106.1858,9.4162],[106.1848,9.4172],[106.1836,9.4176],[106.1829,9.4175],[106.1834,9.4183],[106.1813,9.4183],[106.1802,9.4186],[106.1795,9.419],[106.179,9.4188],[106.1789,9.4185],[106.1788,9.4175],[106.1793,9.4162],[106.1787,9.415],[106.1788,9.4143],[106.1795,9.4125],[106.1798,9.4124],[106.1801,9.4127],[106.1805,9.4127],[106.1807,9.4121],[106.1808,9.4116],[106.1807,9.4109],[106.1801,9.4097],[106.18,9.4092],[106.1796,9.4087],[106.1798,9.4083],[106.1793,9.4081],[106.1794,9.4086],[106.1799,9.4093],[106.1801,9.41],[106.1806,9.4109],[106.1807,9.4119],[106.1803,9.4126],[106.1798,9.4123],[106.1794,9.4125],[106.179,9.4132],[106.1787,9.4144],[106.1786,9.415],[106.1791,9.4163],[106.1787,9.4175],[106.1788,9.4195],[106.1767,9.4198],[106.1742,9.42],[106.1738,9.4198],[106.173,9.4199],[106.1723,9.4197],[106.1683,9.4185],[106.1655,9.4172],[106.1634,9.4159],[106.1634,9.4155],[106.1641,9.4144],[106.164,9.414],[106.1639,9.414],[106.1639,9.4145],[106.1633,9.4157],[106.1625,9.4152],[106.1666,9.4208],[106.1611,9.4171],[106.156,9.4117],[106.1504,9.4067],[106.1456,9.4028],[106.1443,9.402],[106.1432,9.4015],[106.1418,9.4015],[106.1406,9.4016],[106.1398,9.4019],[106.1386,9.4027],[106.1376,9.4038],[106.1325,9.4112],[106.1306,9.4128],[106.1287,9.414],[106.1259,9.4104],[106.1245,9.41],[106.1217,9.4099],[106.1212,9.4098],[106.1208,9.4094],[106.1206,9.4089],[106.1207,9.408],[106.1219,9.4059],[106.1222,9.4047],[106.1221,9.4042],[106.1216,9.4038],[106.1197,9.4042],[106.1179,9.4051],[106.117,9.4061],[106.1162,9.4082],[106.1155,9.4086],[106.115,9.4085],[106.1146,9.4081],[106.1145,9.4072],[106.1146,9.404],[106.1142,9.4032],[106.1136,9.4029],[106.1131,9.403],[106.1125,9.4034],[106.1108,9.4059],[106.11,9.4064],[106.1094,9.4063],[106.1089,9.4059],[106.1085,9.4052],[106.1081,9.4034],[106.1077,9.4028],[106.1075,9.4027],[106.1063,9.4029],[106.1017,9.4051],[106.1007,9.4052],[106.0988,9.4048],[106.0978,9.4049],[106.0967,9.4055],[106.0952,9.4065],[106.0957,9.4042],[106.0967,9.3953],[106.0936,9.3872],[106.0927,9.3838],[106.0915,9.3803],[106.0933,9.3805],[106.0968,9.3812],[106.0975,9.3771],[106.0974,9.3756],[106.0979,9.3735],[106.0977,9.37],[106.098,9.3663],[106.0955,9.3654],[106.0926,9.3646],[106.0928,9.3642],[106.0918,9.3629],[106.0926,9.3624],[106.0928,9.3619],[106.0929,9.3611],[106.0936,9.3609],[106.0945,9.361],[106.0943,9.3575],[106.0949,9.3549],[106.0946,9.3548],[106.0958,9.351],[106.0942,9.3506],[106.0931,9.3505],[106.091,9.3507],[106.0851,9.3487],[106.0836,9.3509],[106.0785,9.3494],[106.0772,9.3492],[106.0778,9.3448],[106.0789,9.3406],[106.0775,9.3403],[106.0778,9.3378],[106.0781,9.3362],[106.0773,9.3358],[106.0778,9.3326],[106.0786,9.3253]]]},"properties":{"code":"31795","name":"Vĩnh Hải","nameEn":"Vinh Hai","fullName":"Xã Vĩnh Hải","fullNameEn":"Vinh Hai Commune","codeName":"vinh_hai","postalCode":"96809","postalCodePrefix":"","gisServerId":"diaphanhanhchinhcapxa_2025.302","areaKm2":83.75},"id":"31795"},
{"type":"Feature","geometry":{"type":"Polygon","coordinates":[[[105.9232,9.3748],[105.9183,9.3751],[105.9144,9.375],[105.9122,9.3748],[105.9109,9.3743],[105.9099,9.3737],[105.9087,9.3725],[105.9077,9.372],[105.9067,9.3717],[105.9037,9.3715],[105.9023,9.3711],[105.8978,9.3681],[105.8966,9.3678],[105.8944,9.3677],[105.8912,9.3672],[105.8899,9.3665],[105.8888,9.3656],[105.8876,9.3644],[105.8852,9.3613],[105.8835,9.3596],[105.8795,9.3576],[105.8749,9.3566],[105.8727,9.3559],[105.8716,9.3552],[105.8697,9.3534],[105.8684,9.3528],[105.8673,9.3529],[105.8663,9.3536],[105.865,9.3562],[105.8642,9.3572],[105.8633,9.3577],[105.8603,9.3584],[105.8597,9.3589],[105.8589,9.3598],[105.858,9.3603],[105.8573,9.3605],[105.856,9.3606],[105.8553,9.3604],[105.8541,9.3595],[105.8525,9.3575],[105.8514,9.3562],[105.8501,9.3554],[105.8487,9.3548],[105.8466,9.3541],[105.85,9.3484],[105.8565,9.3305],[105.8589,9.3269],[105.861,9.323],[105.8622,9.3199],[105.8646,9.3147],[105.8655,9.3065],[105.8677,9.3019],[105.87,9.2924],[105.8722,9.2923],[105.8741,9.2924],[105.8741,9.2907],[105.8755,9.2834],[105.8754,9.2833],[105.8759,9.281],[105.8766,9.2812],[105.8769,9.2797],[105.8812,9.2668],[105.8817,9.2665],[105.8823,9.2656],[105.8827,9.2654],[105.8833,9.2654],[105.8845,9.2657],[105.8869,9.267],[105.8877,9.267],[105.8879,9.2672],[105.8881,9.2678],[105.889,9.2682],[105.8893,9.2688],[105.8897,9.2684],[105.8897,9.2687],[105.8893,9.2694],[105.8896,9.27],[105.8901,9.2699],[105.8901,9.2691],[105.8909,9.2689],[105.8914,9.2699],[105.8911,9.2705],[105.8917,9.2707],[105.8922,9.2704],[105.8927,9.271],[105.8934,9.2712],[105.894,9.2711],[105.8943,9.2708],[105.8927,9.2702],[105.8927,9.2701],[105.8928,9.2699],[105.8939,9.2697],[105.8944,9.2702],[105.8952,9.2693],[105.8959,9.269],[105.8964,9.2689],[105.898,9.2692],[105.8989,9.2702],[105.8991,9.2707],[105.8997,9.2703],[105.9,9.2706],[105.9005,9.2706],[105.9001,9.2725],[105.9001,9.2727],[105.9004,9.2728],[105.9004,9.2734],[105.9007,9.2732],[105.9008,9.2729],[105.9011,9.2728],[105.9013,9.2729],[105.9012,9.2735],[105.9013,9.2736],[105.9015,9.2729],[105.9023,9.2729],[105.902,9.2726],[105.9008,9.2722],[105.9009,9.2718],[105.9026,9.2715],[105.905,9.2715],[105.9067,9.2722],[105.9072,9.2731],[105.9076,9.2727],[105.9077,9.2733],[105.9084,9.2733],[105.9092,9.2739],[105.9099,9.2742],[105.9102,9.2747],[105.9125,9.2758],[105.9129,9.2765],[105.9132,9.2764],[105.9134,9.2761],[105.9136,9.276],[105.9149,9.2766],[105.9155,9.277],[105.9163,9.277],[105.9166,9.2769],[105.917,9.2763],[105.9183,9.2761],[105.919,9.2762],[105.9196,9.2766],[105.9197,9.2765],[105.9193,9.2759],[105.9196,9.2759],[105.9203,9.2764],[105.9202,9.2768],[105.9204,9.2771],[105.9212,9.2767],[105.9225,9.2772],[105.9234,9.2772],[105.9236,9.2774],[105.9236,9.2784],[105.9242,9.2776],[105.925,9.2775],[105.9264,9.2784],[105.9297,9.2798],[105.9311,9.2811],[105.9313,9.2811],[105.9314,9.2808],[105.9318,9.2808],[105.9316,9.2822],[105.9317,9.2825],[105.932,9.2822],[105.9322,9.2814],[105.9336,9.2815],[105.9344,9.2814],[105.935,9.2817],[105.9359,9.2817],[105.9391,9.2825],[105.9396,9.2824],[105.94,9.2818],[105.9406,9.2817],[105.9411,9.2822],[105.9421,9.2828],[105.9423,9.2836],[105.9421,9.2849],[105.9423,9.2852],[105.9448,9.2856],[105.9453,9.2858],[105.9453,9.2854],[105.9456,9.2848],[105.9458,9.2846],[105.9465,9.2846],[105.9463,9.2841],[105.9466,9.2839],[105.9495,9.2849],[105.9498,9.2851],[105.9499,9.2856],[105.9514,9.2849],[105.9517,9.2849],[105.9528,9.2866],[105.9531,9.2867],[105.9539,9.2866],[105.9548,9.2872],[105.9551,9.2872],[105.9555,9.2863],[105.9558,9.2863],[105.9563,9.2871],[105.9575,9.2872],[105.9585,9.2877],[105.9593,9.2886],[105.9595,9.2885],[105.9596,9.2881],[105.961,9.2881],[105.9619,9.2876],[105.9626,9.2876],[105.9627,9.2869],[105.963,9.2866],[105.964,9.2867],[105.966,9.2876],[105.9664,9.288],[105.9667,9.2886],[105.9671,9.2889],[105.9675,9.2889],[105.9678,9.2885],[105.9688,9.2886],[105.9706,9.2896],[105.972,9.2897],[105.973,9.2901],[105.9745,9.2914],[105.9744,9.2922],[105.9752,9.2926],[105.9758,9.2926],[105.9762,9.293],[105.976,9.2959],[105.9747,9.2969],[105.9744,9.2976],[105.9748,9.2978],[105.9749,9.2972],[105.9761,9.2964],[105.9764,9.2959],[105.9726,9.3127],[105.971,9.3211],[105.9712,9.3216],[105.9709,9.3216],[105.9706,9.3223],[105.9701,9.3257],[105.9699,9.3258],[105.9699,9.3267],[105.9695,9.3267],[105.9695,9.327],[105.9699,9.3273],[105.9697,9.3286],[105.9702,9.332],[105.9712,9.3415],[105.9622,9.3413],[105.9588,9.3395],[105.9572,9.3391],[105.9565,9.3384],[105.955,9.3385],[105.9547,9.3372],[105.9529,9.3366],[105.9526,9.3367],[105.9526,9.3371],[105.9533,9.3379],[105.9534,9.3383],[105.9527,9.339],[105.952,9.339],[105.9514,9.3383],[105.951,9.3383],[105.9509,9.3385],[105.9509,9.3397],[105.9492,9.3407],[105.9473,9.3405],[105.9467,9.3407],[105.9464,9.3414],[105.9463,9.3423],[105.9472,9.3426],[105.9476,9.3428],[105.9476,9.3432],[105.9473,9.3435],[105.946,9.3429],[105.9454,9.3433],[105.9413,9.3436],[105.9412,9.3429],[105.9409,9.3425],[105.9403,9.3427],[105.94,9.3426],[105.94,9.3422],[105.9404,9.3413],[105.9404,9.3411],[105.94,9.341],[105.9393,9.3413],[105.9385,9.3419],[105.9384,9.3425],[105.9385,9.3435],[105.9359,9.3428],[105.9358,9.3432],[105.9336,9.3455],[105.933,9.346],[105.932,9.3463],[105.9318,9.3466],[105.9316,9.3482],[105.9325,9.349],[105.9323,9.3503],[105.9336,9.3524],[105.934,9.3535],[105.9329,9.3554],[105.9327,9.357],[105.9326,9.3574],[105.9323,9.3576],[105.931,9.3574],[105.9305,9.3577],[105.9304,9.3583],[105.9309,9.3601],[105.9309,9.3605],[105.929,9.3617],[105.9282,9.3625],[105.9279,9.3632],[105.9277,9.3645],[105.9279,9.3657],[105.927,9.3667],[105.9268,9.3673],[105.9269,9.3677],[105.9276,9.3686],[105.9276,9.369],[105.9272,9.3693],[105.9261,9.3697],[105.9258,9.3703],[105.926,9.3712],[105.9268,9.3723],[105.9267,9.3729],[105.926,9.3727],[105.9252,9.3718],[105.9246,9.3716],[105.9244,9.3721],[105.9245,9.3725],[105.9253,9.3733],[105.9255,9.374],[105.9251,9.3744],[105.9238,9.3745],[105.9232,9.3748]]]},"properties":{"code":"31804","name":"Vĩnh Phước","nameEn":"Vinh Phuoc","fullName":"Phường Vĩnh Phước","fullNameEn":"Vinh Phuoc Ward","codeName":"vinh_phuoc","postalCode":"96813","postalCodePrefix":"","gisServerId":"diaphanhanhchinhcapxa_2025.303","areaKm2":103.15},"id":"31804"},
{"type":"Feature","geometry":{"type":"Polygon","coordinates":[[[105.8812,9.2668],[105.8769,9.2797],[105.8766,9.2812],[105.8759,9.281],[105.8754,9.2833],[105.8755,9.2834],[105.8741,9.2907],[105.8741,9.2924],[105.8722,9.2923],[105.87,9.2924],[105.8677,9.3019],[105.8655,9.3065],[105.8646,9.3147],[105.8622,9.3199],[105.861,9.323],[105.8589,9.3269],[105.8565,9.3305],[105.85,9.3484],[105.8466,9.3541],[105.8419,9.3528],[105.835,9.3499],[105.831,9.3489],[105.8295,9.3483],[105.8216,9.3447],[105.812,9.3393],[105.8125,9.3381],[105.8147,9.3315],[105.8153,9.3283],[105.8194,9.3087],[105.8208,9.3012],[105.8257,9.278],[105.8259,9.2766],[105.8245,9.2759],[105.8247,9.2755],[105.8235,9.2751],[105.8237,9.2747],[105.8203,9.273],[105.8192,9.2726],[105.821,9.2659],[105.8226,9.2612],[105.8273,9.2452],[105.8283,9.2458],[105.8285,9.2454],[105.8288,9.2453],[105.8289,9.2457],[105.8298,9.246],[105.8299,9.2463],[105.8304,9.2463],[105.831,9.2472],[105.8315,9.247],[105.8324,9.2471],[105.8328,9.2469],[105.8342,9.2472],[105.8344,9.2475],[105.8346,9.2475],[105.8347,9.248],[105.8351,9.2481],[105.8359,9.2486],[105.8362,9.249],[105.8371,9.2492],[105.8379,9.2491],[105.8382,9.2496],[105.8388,9.2498],[105.8396,9.2506],[105.8401,9.2501],[105.8408,9.2504],[105.8415,9.2503],[105.8424,9.2514],[105.8426,9.2514],[105.8429,9.2512],[105.8432,9.2512],[105.844,9.2518],[105.8439,9.2521],[105.8464,9.2531],[105.8461,9.2527],[105.8463,9.2524],[105.8465,9.2526],[105.8468,9.2528],[105.8474,9.2527],[105.8479,9.2531],[105.8485,9.2528],[105.849,9.2534],[105.8495,9.2535],[105.8499,9.2534],[105.8499,9.2537],[105.8505,9.254],[105.8506,9.2542],[105.8509,9.2542],[105.8511,9.2545],[105.8514,9.2545],[105.8511,9.2544],[105.8513,9.2543],[105.8517,9.2548],[105.8533,9.2541],[105.8544,9.2552],[105.8548,9.2551],[105.8547,9.2554],[105.8551,9.2556],[105.8551,9.256],[105.8554,9.256],[105.8558,9.2564],[105.8563,9.2564],[105.8569,9.2561],[105.8584,9.2571],[105.8589,9.2571],[105.859,9.2575],[105.8589,9.2584],[105.8599,9.2588],[105.86,9.2578],[105.8604,9.2574],[105.8607,9.2579],[105.8612,9.2578],[105.8611,9.2582],[105.8614,9.2583],[105.8614,9.2585],[105.8622,9.2585],[105.8623,9.2586],[105.862,9.2586],[105.8618,9.2593],[105.8619,9.2595],[105.8621,9.2595],[105.8623,9.2587],[105.8631,9.2586],[105.863,9.2588],[105.8632,9.2589],[105.8633,9.2596],[105.8635,9.2596],[105.8637,9.26],[105.8643,9.2601],[105.8646,9.2608],[105.8651,9.2601],[105.8654,9.2601],[105.8658,9.2599],[105.8665,9.26],[105.8666,9.2605],[105.8669,9.2603],[105.8672,9.2609],[105.8681,9.2601],[105.8688,9.26],[105.8694,9.2605],[105.8698,9.2615],[105.8713,9.262],[105.872,9.2628],[105.8733,9.2631],[105.8749,9.2641],[105.8753,9.2641],[105.8758,9.2635],[105.8766,9.2634],[105.8768,9.2635],[105.877,9.2637],[105.878,9.264],[105.8785,9.2645],[105.8801,9.2645],[105.8802,9.2648],[105.8794,9.265],[105.8793,9.2652],[105.8799,9.2657],[105.8803,9.2666],[105.8812,9.2668]]]},"properties":{"code":"31810","name":"Lai Hoà","nameEn":"Lai Hoa","fullName":"Xã Lai Hoà","fullNameEn":"Lai Hoa Commune","codeName":"lai_hoa","postalCode":"96815","postalCodePrefix":"","gisServerId":"diaphanhanhchinhcapxa_2025.304","areaKm2":55.37},"id":"31810"}
]}